site_id,crop,stage,delta_mm,year,pulse_date,yield_minus,yield_baseline,yield_plus,irrigation_minus,irrigation_baseline,irrigation_plus,delta_irrigation_mm,marginal_response,status
beijing_plain,wheat,1,5.0,2011,2011-06-20,11.68609372337237,11.68609372337237,11.68609372337237,450.0,450.0,450.0,0.0,,undefined_no_actual_delta
beijing_plain,wheat,1,10.0,2011,2011-06-20,11.68609372337237,11.68609372337237,11.68609372337237,450.0,450.0,450.0,0.0,,undefined_no_actual_delta
beijing_plain,wheat,1,15.0,2011,2011-06-20,11.68609372337237,11.68609372337237,11.68609372337237,450.0,450.0,450.0,0.0,,undefined_no_actual_delta
beijing_plain,wheat,2,5.0,2011,2011-03-23,11.68609372337237,11.68609372337237,11.68609372337237,450.0,450.0,450.0,0.0,,undefined_no_actual_delta
beijing_plain,wheat,2,10.0,2011,2011-03-23,11.68609372337237,11.68609372337237,11.68609372337237,450.0,450.0,450.0,0.0,,undefined_no_actual_delta
beijing_plain,wheat,2,15.0,2011,2011-03-23,11.68609372337237,11.68609372337237,11.68609372337237,450.0,450.0,450.0,0.0,,undefined_no_actual_delta
beijing_plain,wheat,3,5.0,2011,2011-04-29,11.105981976837159,11.68609372337237,11.536136796191338,450.0,450.0,450.0,0.0,,undefined_no_actual_delta
beijing_plain,wheat,3,10.0,2011,2011-04-29,13.874532788719815,11.68609372337237,11.536136796191338,450.0,450.0,450.0,0.0,,undefined_no_actual_delta
beijing_plain,wheat,3,15.0,2011,2011-04-29,14.16475567858627,11.68609372337237,11.536136796191338,450.0,450.0,450.0,0.0,,undefined_no_actual_delta
beijing_plain,wheat,4,5.0,2011,2011-06-04,11.68609372337237,11.68609372337237,11.68609372337237,450.0,450.0,450.0,0.0,,undefined_no_actual_delta
beijing_plain,wheat,4,10.0,2011,2011-06-04,11.68609372337237,11.68609372337237,11.68609372337237,450.0,450.0,450.0,0.0,,undefined_no_actual_delta
beijing_plain,wheat,4,15.0,2011,2011-06-04,11.68609372337237,11.68609372337237,11.68609372337237,450.0,450.0,450.0,0.0,,undefined_no_actual_delta
beijing_plain,maize,1,5.0,2011,2011-06-29,11.68609372337237,11.68609372337237,11.68609372337237,450.0,450.0,450.0,0.0,,undefined_no_actual_delta
beijing_plain,maize,1,10.0,2011,2011-06-29,11.68609372337237,11.68609372337237,11.68609372337237,450.0,450.0,450.0,0.0,,undefined_no_actual_delta
beijing_plain,maize,1,15.0,2011,2011-06-29,11.68609372337237,11.68609372337237,11.68609372337237,450.0,450.0,450.0,0.0,,undefined_no_actual_delta
beijing_plain,maize,2,5.0,2011,2011-07-27,11.68609372337237,11.68609372337237,11.68609372337237,450.0,450.0,450.0,0.0,,undefined_no_actual_delta
beijing_plain,maize,2,10.0,2011,2011-07-27,11.68609372337237,11.68609372337237,11.68609372337237,450.0,450.0,450.0,0.0,,undefined_no_actual_delta
beijing_plain,maize,2,15.0,2011,2011-07-27,11.68609372337237,11.68609372337237,11.68609372337237,450.0,450.0,450.0,0.0,,undefined_no_actual_delta
beijing_plain,maize,3,5.0,2011,2011-08-19,11.68609372337237,11.68609372337237,11.68609372337237,450.0,450.0,450.0,0.0,,undefined_no_actual_delta
beijing_plain,maize,3,10.0,2011,2011-08-19,11.68609372337237,11.68609372337237,11.68609372337237,450.0,450.0,450.0,0.0,,undefined_no_actual_delta
beijing_plain,maize,3,15.0,2011,2011-08-19,11.68609372337237,11.68609372337237,11.68609372337237,450.0,450.0,450.0,0.0,,undefined_no_actual_delta
beijing_plain,maize,4,5.0,2011,2011-09-17,11.68609372337237,11.68609372337237,11.68609372337237,450.0,450.0,450.0,0.0,,undefined_no_actual_delta
beijing_plain,maize,4,10.0,2011,2011-09-17,11.68609372337237,11.68609372337237,11.68609372337237,450.0,450.0,450.0,0.0,,undefined_no_actual_delta
beijing_plain,maize,4,15.0,2011,2011-09-17,11.68609372337237,11.68609372337237,11.68609372337237,450.0,450.0,450.0,0.0,,undefined_no_actual_delta
beijing_plain,wheat,1,5.0,2012,2012-06-19,7.921297748602875,7.921297748602875,7.921297748602875,450.0,450.0,450.0,0.0,,undefined_no_actual_delta
beijing_plain,wheat,1,10.0,2012,2012-06-19,7.921297748602875,7.921297748602875,7.921297748602875,450.0,450.0,450.0,0.0,,undefined_no_actual_delta
beijing_plain,wheat,1,15.0,2012,2012-06-19,7.921297748602875,7.921297748602875,7.921297748602875,450.0,450.0,450.0,0.0,,undefined_no_actual_delta
beijing_plain,wheat,2,5.0,2012,2012-03-23,7.921297748602875,7.921297748602875,7.928321835303688,450.0,450.0,450.0,0.0,,undefined_no_actual_delta
beijing_plain,wheat,2,10.0,2012,2012-03-23,7.921297748602875,7.921297748602875,7.931829146574,450.0,450.0,450.0,0.0,,undefined_no_actual_delta
beijing_plain,wheat,2,15.0,2012,2012-03-23,7.921297748602875,7.921297748602875,8.032301790406933,450.0,450.0,450.0,0.0,,undefined_no_actual_delta
beijing_plain,wheat,3,5.0,2012,2012-04-29,7.921297748602875,7.921297748602875,7.921297748602875,450.0,450.0,450.0,0.0,,undefined_no_actual_delta
beijing_plain,wheat,3,10.0,2012,2012-04-29,7.921297748602875,7.921297748602875,7.921297748602875,450.0,450.0,450.0,0.0,,undefined_no_actual_delta
beijing_plain,wheat,3,15.0,2012,2012-04-29,7.921297748602875,7.921297748602875,7.921297748602875,450.0,450.0,450.0,0.0,,undefined_no_actual_delta
beijing_plain,wheat,4,5.0,2012,2012-06-04,7.921297748602875,7.921297748602875,7.921297748602875,450.0,450.0,450.0,0.0,,undefined_no_actual_delta
beijing_plain,wheat,4,10.0,2012,2012-06-04,7.921297748602875,7.921297748602875,7.921297748602875,450.0,450.0,450.0,0.0,,undefined_no_actual_delta
beijing_plain,wheat,4,15.0,2012,2012-06-04,7.921297748602875,7.921297748602875,7.921297748602875,450.0,450.0,450.0,0.0,,undefined_no_actual_delta
beijing_plain,maize,1,5.0,2012,2012-06-29,7.921297748602875,7.921297748602875,7.921297748602875,450.0,450.0,450.0,0.0,,undefined_no_actual_delta
beijing_plain,maize,1,10.0,2012,2012-06-29,7.921297748602875,7.921297748602875,7.921297748602875,450.0,450.0,450.0,0.0,,undefined_no_actual_delta
beijing_plain,maize,1,15.0,2012,2012-06-29,7.921297748602875,7.921297748602875,7.921297748602875,450.0,450.0,450.0,0.0,,undefined_no_actual_delta
beijing_plain,maize,2,5.0,2012,2012-07-27,7.921297748602875,7.921297748602875,7.921297748602875,450.0,450.0,450.0,0.0,,undefined_no_actual_delta
beijing_plain,maize,2,10.0,2012,2012-07-27,7.921297748602875,7.921297748602875,7.921297748602875,450.0,450.0,450.0,0.0,,undefined_no_actual_delta
beijing_plain,maize,2,15.0,2012,2012-07-27,7.921297748602875,7.921297748602875,7.921297748602875,450.0,450.0,450.0,0.0,,undefined_no_actual_delta
beijing_plain,maize,3,5.0,2012,2012-08-19,7.921297748602875,7.921297748602875,7.921297748602875,450.0,450.0,450.0,0.0,,undefined_no_actual_delta
beijing_plain,maize,3,10.0,2012,2012-08-19,7.921297748602875,7.921297748602875,7.921297748602875,450.0,450.0,450.0,0.0,,undefined_no_actual_delta
beijing_plain,maize,3,15.0,2012,2012-08-19,7.921297748602875,7.921297748602875,7.921297748602875,450.0,450.0,450.0,0.0,,undefined_no_actual_delta
beijing_plain,maize,4,5.0,2012,2012-09-17,7.921297748602875,7.921297748602875,7.921297748602875,450.0,450.0,450.0,0.0,,undefined_no_actual_delta
beijing_plain,maize,4,10.0,2012,2012-09-17,7.921297748602875,7.921297748602875,7.921297748602875,450.0,450.0,450.0,0.0,,undefined_no_actual_delta
beijing_plain,maize,4,15.0,2012,2012-09-17,7.921297748602875,7.921297748602875,7.921297748602875,450.0,450.0,450.0,0.0,,undefined_no_actual_delta
beijing_plain,wheat,1,5.0,2013,2013-06-20,13.879616098787075,13.879616098787075,13.879616098787075,450.0,450.0,450.0,0.0,,undefined_no_actual_delta
beijing_plain,wheat,1,10.0,2013,2013-06-20,13.879616098787075,13.879616098787075,13.879616098787075,450.0,450.0,450.0,0.0,,undefined_no_actual_delta
beijing_plain,wheat,1,15.0,2013,2013-06-20,13.879616098787075,13.879616098787075,13.879616098787075,450.0,450.0,450.0,0.0,,undefined_no_actual_delta
beijing_plain,wheat,2,5.0,2013,2013-03-23,13.879616098787075,13.879616098787075,13.879616098787075,450.0,450.0,450.0,0.0,,undefined_no_actual_delta
beijing_plain,wheat,2,10.0,2013,2013-03-23,13.879616098787075,13.879616098787075,13.879616098787075,450.0,450.0,450.0,0.0,,undefined_no_actual_delta
beijing_plain,wheat,2,15.0,2013,2013-03-23,13.879616098787075,13.879616098787075,13.879616098787075,450.0,450.0,450.0,0.0,,undefined_no_actual_delta
beijing_plain,wheat,3,5.0,2013,2013-04-29,13.887138790408045,13.879616098787075,13.865413476357617,450.0,450.0,450.0,0.0,,undefined_no_actual_delta
beijing_plain,wheat,3,10.0,2013,2013-04-29,13.891445139404135,13.879616098787075,13.865413476357617,450.0,450.0,450.0,0.0,,undefined_no_actual_delta
beijing_plain,wheat,3,15.0,2013,2013-04-29,13.890816255121443,13.879616098787075,13.865413476357617,445.0,450.0,450.0,5.0,-0.005080555752765292,success
beijing_plain,wheat,4,5.0,2013,2013-06-04,13.879616098787075,13.879616098787075,13.879616098787075,450.0,450.0,450.0,0.0,,undefined_no_actual_delta
beijing_plain,wheat,4,10.0,2013,2013-06-04,13.879616098787075,13.879616098787075,13.879616098787075,450.0,450.0,450.0,0.0,,undefined_no_actual_delta
beijing_plain,wheat,4,15.0,2013,2013-06-04,13.879616098787075,13.879616098787075,13.879616098787075,450.0,450.0,450.0,0.0,,undefined_no_actual_delta
beijing_plain,maize,1,5.0,2013,2013-06-29,13.879616098787075,13.879616098787075,13.879616098787075,450.0,450.0,450.0,0.0,,undefined_no_actual_delta
beijing_plain,maize,1,10.0,2013,2013-06-29,13.879616098787075,13.879616098787075,13.879616098787075,450.0,450.0,450.0,0.0,,undefined_no_actual_delta
beijing_plain,maize,1,15.0,2013,2013-06-29,13.879616098787075,13.879616098787075,13.879616098787075,450.0,450.0,450.0,0.0,,undefined_no_actual_delta
beijing_plain,maize,2,5.0,2013,2013-07-27,13.879616098787075,13.879616098787075,13.879616098787075,450.0,450.0,450.0,0.0,,undefined_no_actual_delta
beijing_plain,maize,2,10.0,2013,2013-07-27,13.879616098787075,13.879616098787075,13.879616098787075,450.0,450.0,450.0,0.0,,undefined_no_actual_delta
beijing_plain,maize,2,15.0,2013,2013-07-27,13.879616098787075,13.879616098787075,13.879616098787075,450.0,450.0,450.0,0.0,,undefined_no_actual_delta
beijing_plain,maize,3,5.0,2013,2013-08-19,13.879616098787075,13.879616098787075,13.879616098787075,450.0,450.0,450.0,0.0,,undefined_no_actual_delta
beijing_plain,maize,3,10.0,2013,2013-08-19,13.879616098787075,13.879616098787075,13.879616098787075,450.0,450.0,450.0,0.0,,undefined_no_actual_delta
beijing_plain,maize,3,15.0,2013,2013-08-19,13.879616098787075,13.879616098787075,13.879616098787075,450.0,450.0,450.0,0.0,,undefined_no_actual_delta
beijing_plain,maize,4,5.0,2013,2013-09-17,13.879616098787075,13.879616098787075,13.879616098787075,450.0,450.0,450.0,0.0,,undefined_no_actual_delta
beijing_plain,maize,4,10.0,2013,2013-09-17,13.879616098787075,13.879616098787075,13.879616098787075,450.0,450.0,450.0,0.0,,undefined_no_actual_delta
beijing_plain,maize,4,15.0,2013,2013-09-17,13.879616098787075,13.879616098787075,13.879616098787075,450.0,450.0,450.0,0.0,,undefined_no_actual_delta
beijing_plain,wheat,1,5.0,2014,2014-06-20,3.246215782688586,3.246215782688586,3.246215782688586,450.0,450.0,450.0,0.0,,undefined_no_actual_delta
beijing_plain,wheat,1,10.0,2014,2014-06-20,3.246215782688586,3.246215782688586,3.246215782688586,450.0,450.0,450.0,0.0,,undefined_no_actual_delta
beijing_plain,wheat,1,15.0,2014,2014-06-20,3.246215782688586,3.246215782688586,3.246215782688586,450.0,450.0,450.0,0.0,,undefined_no_actual_delta
beijing_plain,wheat,2,5.0,2014,2014-03-23,3.246215782688586,3.246215782688586,3.246215782688586,450.0,450.0,450.0,0.0,,undefined_no_actual_delta
beijing_plain,wheat,2,10.0,2014,2014-03-23,3.246215782688586,3.246215782688586,3.246215782688586,450.0,450.0,450.0,0.0,,undefined_no_actual_delta
beijing_plain,wheat,2,15.0,2014,2014-03-23,3.246215782688586,3.246215782688586,3.246215782688586,450.0,450.0,450.0,0.0,,undefined_no_actual_delta
beijing_plain,wheat,3,5.0,2014,2014-04-29,3.246215782688586,3.246215782688586,3.246215782688586,450.0,450.0,450.0,0.0,,undefined_no_actual_delta
beijing_plain,wheat,3,10.0,2014,2014-04-29,3.246215782688586,3.246215782688586,3.246215782688586,450.0,450.0,450.0,0.0,,undefined_no_actual_delta
beijing_plain,wheat,3,15.0,2014,2014-04-29,3.246215782688586,3.246215782688586,3.246215782688586,450.0,450.0,450.0,0.0,,undefined_no_actual_delta
beijing_plain,wheat,4,5.0,2014,2014-06-04,3.246215782688586,3.246215782688586,3.246215782688586,450.0,450.0,450.0,0.0,,undefined_no_actual_delta
beijing_plain,wheat,4,10.0,2014,2014-06-04,3.246215782688586,3.246215782688586,3.246215782688586,450.0,450.0,450.0,0.0,,undefined_no_actual_delta
beijing_plain,wheat,4,15.0,2014,2014-06-04,3.246215782688586,3.246215782688586,3.246215782688586,450.0,450.0,450.0,0.0,,undefined_no_actual_delta
beijing_plain,maize,1,5.0,2014,2014-06-29,3.246215782688586,3.246215782688586,3.246215782688586,450.0,450.0,450.0,0.0,,undefined_no_actual_delta
beijing_plain,maize,1,10.0,2014,2014-06-29,3.246215782688586,3.246215782688586,3.246215782688586,450.0,450.0,450.0,0.0,,undefined_no_actual_delta
beijing_plain,maize,1,15.0,2014,2014-06-29,3.246215782688586,3.246215782688586,3.246215782688586,450.0,450.0,450.0,0.0,,undefined_no_actual_delta
beijing_plain,maize,2,5.0,2014,2014-07-27,3.246215782688586,3.246215782688586,3.246215782688586,450.0,450.0,450.0,0.0,,undefined_no_actual_delta
beijing_plain,maize,2,10.0,2014,2014-07-27,3.246215782688586,3.246215782688586,3.246215782688586,450.0,450.0,450.0,0.0,,undefined_no_actual_delta
beijing_plain,maize,2,15.0,2014,2014-07-27,3.246215782688586,3.246215782688586,3.246215782688586,450.0,450.0,450.0,0.0,,undefined_no_actual_delta
beijing_plain,maize,3,5.0,2014,2014-08-19,3.246215782688586,3.246215782688586,3.246215782688586,450.0,450.0,450.0,0.0,,undefined_no_actual_delta
beijing_plain,maize,3,10.0,2014,2014-08-19,3.246215782688586,3.246215782688586,3.246215782688586,450.0,450.0,450.0,0.0,,undefined_no_actual_delta
beijing_plain,maize,3,15.0,2014,2014-08-19,3.246215782688586,3.246215782688586,3.246215782688586,450.0,450.0,450.0,0.0,,undefined_no_actual_delta
beijing_plain,maize,4,5.0,2014,2014-09-17,3.246215782688586,3.246215782688586,3.246215782688586,450.0,450.0,450.0,0.0,,undefined_no_actual_delta
beijing_plain,maize,4,10.0,2014,2014-09-17,3.246215782688586,3.246215782688586,3.246215782688586,450.0,450.0,450.0,0.0,,undefined_no_actual_delta
beijing_plain,maize,4,15.0,2014,2014-09-17,3.246215782688586,3.246215782688586,3.246215782688586,450.0,450.0,450.0,0.0,,undefined_no_actual_delta
beijing_plain,wheat,1,5.0,2015,2015-06-20,7.100964768195743,7.100964768195743,7.100964768195743,450.0,450.0,450.0,0.0,,undefined_no_actual_delta
beijing_plain,wheat,1,10.0,2015,2015-06-20,7.100964768195743,7.100964768195743,7.100964768195743,450.0,450.0,450.0,0.0,,undefined_no_actual_delta
beijing_plain,wheat,1,15.0,2015,2015-06-20,7.100964768195743,7.100964768195743,7.100964768195743,450.0,450.0,450.0,0.0,,undefined_no_actual_delta
beijing_plain,wheat,2,5.0,2015,2015-03-23,7.100964768195743,7.100964768195743,7.100964768195743,450.0,450.0,450.0,0.0,,undefined_no_actual_delta
beijing_plain,wheat,2,10.0,2015,2015-03-23,7.100964768195743,7.100964768195743,7.100964768195743,450.0,450.0,450.0,0.0,,undefined_no_actual_delta
beijing_plain,wheat,2,15.0,2015,2015-03-23,7.100964768195743,7.100964768195743,7.100964768195743,450.0,450.0,450.0,0.0,,undefined_no_actual_delta
beijing_plain,wheat,3,5.0,2015,2015-04-29,7.5367348726630805,7.100964768195743,5.013024008989348,450.0,450.0,450.0,0.0,,undefined_no_actual_delta
beijing_plain,wheat,3,10.0,2015,2015-04-29,8.016992277842787,7.100964768195743,5.013024008989348,450.0,450.0,450.0,0.0,,undefined_no_actual_delta
beijing_plain,wheat,3,15.0,2015,2015-04-29,9.012996643735299,7.100964768195743,5.013024008989348,450.0,450.0,450.0,0.0,,undefined_no_actual_delta
beijing_plain,wheat,4,5.0,2015,2015-06-04,7.100964768195743,7.100964768195743,7.100964768195743,450.0,450.0,450.0,0.0,,undefined_no_actual_delta
beijing_plain,wheat,4,10.0,2015,2015-06-04,7.100964768195743,7.100964768195743,7.100964768195743,450.0,450.0,450.0,0.0,,undefined_no_actual_delta
beijing_plain,wheat,4,15.0,2015,2015-06-04,7.100964768195743,7.100964768195743,7.100964768195743,450.0,450.0,450.0,0.0,,undefined_no_actual_delta
beijing_plain,maize,1,5.0,2015,2015-06-29,7.100964768195743,7.100964768195743,7.100964768195743,450.0,450.0,450.0,0.0,,undefined_no_actual_delta
beijing_plain,maize,1,10.0,2015,2015-06-29,7.100964768195743,7.100964768195743,7.100964768195743,450.0,450.0,450.0,0.0,,undefined_no_actual_delta
beijing_plain,maize,1,15.0,2015,2015-06-29,7.100964768195743,7.100964768195743,7.100964768195743,450.0,450.0,450.0,0.0,,undefined_no_actual_delta
beijing_plain,maize,2,5.0,2015,2015-07-27,7.100964768195743,7.100964768195743,7.100964768195743,450.0,450.0,450.0,0.0,,undefined_no_actual_delta
beijing_plain,maize,2,10.0,2015,2015-07-27,7.100964768195743,7.100964768195743,7.100964768195743,450.0,450.0,450.0,0.0,,undefined_no_actual_delta
beijing_plain,maize,2,15.0,2015,2015-07-27,7.100964768195743,7.100964768195743,7.100964768195743,450.0,450.0,450.0,0.0,,undefined_no_actual_delta
beijing_plain,maize,3,5.0,2015,2015-08-19,7.100964768195743,7.100964768195743,7.100964768195743,450.0,450.0,450.0,0.0,,undefined_no_actual_delta
beijing_plain,maize,3,10.0,2015,2015-08-19,7.100964768195743,7.100964768195743,7.100964768195743,450.0,450.0,450.0,0.0,,undefined_no_actual_delta
beijing_plain,maize,3,15.0,2015,2015-08-19,7.100964768195743,7.100964768195743,7.100964768195743,450.0,450.0,450.0,0.0,,undefined_no_actual_delta
beijing_plain,maize,4,5.0,2015,2015-09-17,7.100964768195743,7.100964768195743,7.100964768195743,450.0,450.0,450.0,0.0,,undefined_no_actual_delta
beijing_plain,maize,4,10.0,2015,2015-09-17,7.100964768195743,7.100964768195743,7.100964768195743,450.0,450.0,450.0,0.0,,undefined_no_actual_delta
beijing_plain,maize,4,15.0,2015,2015-09-17,7.100964768195743,7.100964768195743,7.100964768195743,450.0,450.0,450.0,0.0,,undefined_no_actual_delta
beijing_plain,wheat,1,5.0,2016,2016-06-19,14.393902292788496,14.393902292788496,14.393902292788496,450.0,450.0,450.0,0.0,,undefined_no_actual_delta
beijing_plain,wheat,1,10.0,2016,2016-06-19,14.393902292788496,14.393902292788496,14.393902292788496,450.0,450.0,450.0,0.0,,undefined_no_actual_delta
beijing_plain,wheat,1,15.0,2016,2016-06-19,14.393902292788496,14.393902292788496,14.393902292788496,450.0,450.0,450.0,0.0,,undefined_no_actual_delta
beijing_plain,wheat,2,5.0,2016,2016-03-23,14.393902292788496,14.393902292788496,14.297625803302338,450.0,450.0,450.0,0.0,,undefined_no_actual_delta
beijing_plain,wheat,2,10.0,2016,2016-03-23,14.393902292788496,14.393902292788496,14.281022339676202,450.0,450.0,450.0,0.0,,undefined_no_actual_delta
beijing_plain,wheat,2,15.0,2016,2016-03-23,14.393902292788496,14.393902292788496,13.992376772753955,450.0,450.0,450.0,0.0,,undefined_no_actual_delta
beijing_plain,wheat,3,5.0,2016,2016-04-29,14.393902292788496,14.393902292788496,14.393902292788496,450.0,450.0,450.0,0.0,,undefined_no_actual_delta
beijing_plain,wheat,3,10.0,2016,2016-04-29,14.393902292788496,14.393902292788496,14.393902292788496,450.0,450.0,450.0,0.0,,undefined_no_actual_delta
beijing_plain,wheat,3,15.0,2016,2016-04-29,14.393902292788496,14.393902292788496,14.393902292788496,450.0,450.0,450.0,0.0,,undefined_no_actual_delta
beijing_plain,wheat,4,5.0,2016,2016-06-04,14.393902292788496,14.393902292788496,14.393902292788496,450.0,450.0,450.0,0.0,,undefined_no_actual_delta
beijing_plain,wheat,4,10.0,2016,2016-06-04,14.393902292788496,14.393902292788496,14.393902292788496,450.0,450.0,450.0,0.0,,undefined_no_actual_delta
beijing_plain,wheat,4,15.0,2016,2016-06-04,14.393902292788496,14.393902292788496,14.393902292788496,450.0,450.0,450.0,0.0,,undefined_no_actual_delta
beijing_plain,maize,1,5.0,2016,2016-06-29,14.393902292788496,14.393902292788496,14.393902292788496,450.0,450.0,450.0,0.0,,undefined_no_actual_delta
beijing_plain,maize,1,10.0,2016,2016-06-29,14.393902292788496,14.393902292788496,14.393902292788496,450.0,450.0,450.0,0.0,,undefined_no_actual_delta
beijing_plain,maize,1,15.0,2016,2016-06-29,14.393902292788496,14.393902292788496,14.393902292788496,450.0,450.0,450.0,0.0,,undefined_no_actual_delta
beijing_plain,maize,2,5.0,2016,2016-07-27,14.393902292788496,14.393902292788496,14.393902292788496,450.0,450.0,450.0,0.0,,undefined_no_actual_delta
beijing_plain,maize,2,10.0,2016,2016-07-27,14.393902292788496,14.393902292788496,14.393902292788496,450.0,450.0,450.0,0.0,,undefined_no_actual_delta
beijing_plain,maize,2,15.0,2016,2016-07-27,14.393902292788496,14.393902292788496,14.393902292788496,450.0,450.0,450.0,0.0,,undefined_no_actual_delta
beijing_plain,maize,3,5.0,2016,2016-08-19,14.393902292788496,14.393902292788496,14.393902292788496,450.0,450.0,450.0,0.0,,undefined_no_actual_delta
beijing_plain,maize,3,10.0,2016,2016-08-19,14.393902292788496,14.393902292788496,14.393902292788496,450.0,450.0,450.0,0.0,,undefined_no_actual_delta
beijing_plain,maize,3,15.0,2016,2016-08-19,14.393902292788496,14.393902292788496,14.393902292788496,450.0,450.0,450.0,0.0,,undefined_no_actual_delta
beijing_plain,maize,4,5.0,2016,2016-09-17,14.393902292788496,14.393902292788496,14.393902292788496,450.0,450.0,450.0,0.0,,undefined_no_actual_delta
beijing_plain,maize,4,10.0,2016,2016-09-17,14.393902292788496,14.393902292788496,14.393902292788496,450.0,450.0,450.0,0.0,,undefined_no_actual_delta
beijing_plain,maize,4,15.0,2016,2016-09-17,14.393902292788496,14.393902292788496,14.393902292788496,450.0,450.0,450.0,0.0,,undefined_no_actual_delta
beijing_plain,wheat,1,5.0,2017,2017-06-20,14.510912330523075,14.510912330523075,14.510912330523075,320.0,320.0,320.0,0.0,,undefined_no_actual_delta
beijing_plain,wheat,1,10.0,2017,2017-06-20,14.510912330523075,14.510912330523075,14.510912330523075,320.0,320.0,320.0,0.0,,undefined_no_actual_delta
beijing_plain,wheat,1,15.0,2017,2017-06-20,14.510912330523075,14.510912330523075,14.510912330523075,320.0,320.0,320.0,0.0,,undefined_no_actual_delta
beijing_plain,wheat,2,5.0,2017,2017-03-23,14.510912330523075,14.510912330523075,14.510912330523075,320.0,320.0,320.0,0.0,,undefined_no_actual_delta
beijing_plain,wheat,2,10.0,2017,2017-03-23,14.510912330523075,14.510912330523075,14.510912330523075,320.0,320.0,320.0,0.0,,undefined_no_actual_delta
beijing_plain,wheat,2,15.0,2017,2017-03-23,14.510912330523075,14.510912330523075,14.510912330523075,320.0,320.0,320.0,0.0,,undefined_no_actual_delta
beijing_plain,wheat,3,5.0,2017,2017-04-29,14.510912330523075,14.510912330523075,14.510912330523075,315.0,320.0,325.0,10.0,0.0,success
beijing_plain,wheat,3,10.0,2017,2017-04-29,14.510912330523075,14.510912330523075,14.510912330523075,310.0,320.0,325.0,15.0,0.0,success
beijing_plain,wheat,3,15.0,2017,2017-04-29,14.510784107810146,14.510912330523075,14.510912330523075,305.0,320.0,325.0,20.0,6.41113564645579e-06,success
beijing_plain,wheat,4,5.0,2017,2017-06-04,14.510912330523075,14.510912330523075,14.510912330523075,320.0,320.0,320.0,0.0,,undefined_no_actual_delta
beijing_plain,wheat,4,10.0,2017,2017-06-04,14.510912330523075,14.510912330523075,14.510912330523075,320.0,320.0,320.0,0.0,,undefined_no_actual_delta
beijing_plain,wheat,4,15.0,2017,2017-06-04,14.510912330523075,14.510912330523075,14.510912330523075,320.0,320.0,320.0,0.0,,undefined_no_actual_delta
beijing_plain,maize,1,5.0,2017,2017-06-29,14.510912330523075,14.510912330523075,14.510912330523075,320.0,320.0,320.0,0.0,,undefined_no_actual_delta
beijing_plain,maize,1,10.0,2017,2017-06-29,14.510912330523075,14.510912330523075,14.510912330523075,320.0,320.0,320.0,0.0,,undefined_no_actual_delta
beijing_plain,maize,1,15.0,2017,2017-06-29,14.510912330523075,14.510912330523075,14.510912330523075,320.0,320.0,320.0,0.0,,undefined_no_actual_delta
beijing_plain,maize,2,5.0,2017,2017-07-27,14.510912330523075,14.510912330523075,14.510912330523075,320.0,320.0,325.0,5.0,0.0,success
beijing_plain,maize,2,10.0,2017,2017-07-27,14.510912330523075,14.510912330523075,14.510912330523075,320.0,320.0,330.0,10.0,0.0,success
beijing_plain,maize,2,15.0,2017,2017-07-27,14.510912330523075,14.510912330523075,14.510912330523075,320.0,320.0,335.0,15.0,0.0,success
beijing_plain,maize,3,5.0,2017,2017-08-19,14.510912330523075,14.510912330523075,14.510912330523075,320.0,320.0,320.0,0.0,,undefined_no_actual_delta
beijing_plain,maize,3,10.0,2017,2017-08-19,14.510912330523075,14.510912330523075,14.510912330523075,320.0,320.0,320.0,0.0,,undefined_no_actual_delta
beijing_plain,maize,3,15.0,2017,2017-08-19,14.510912330523075,14.510912330523075,14.510912330523075,320.0,320.0,320.0,0.0,,undefined_no_actual_delta
beijing_plain,maize,4,5.0,2017,2017-09-17,14.510912330523075,14.510912330523075,14.510912330523075,320.0,320.0,320.0,0.0,,undefined_no_actual_delta
beijing_plain,maize,4,10.0,2017,2017-09-17,14.510912330523075,14.510912330523075,14.510912330523075,320.0,320.0,320.0,0.0,,undefined_no_actual_delta
beijing_plain,maize,4,15.0,2017,2017-09-17,14.510912330523075,14.510912330523075,14.510912330523075,320.0,320.0,320.0,0.0,,undefined_no_actual_delta
hebei_central,wheat,1,5.0,2011,2011-06-20,10.426453737891523,10.426453737891523,10.426453737891523,450.0,450.0,450.0,0.0,,undefined_no_actual_delta
hebei_central,wheat,1,10.0,2011,2011-06-20,10.426453737891523,10.426453737891523,10.426453737891523,450.0,450.0,450.0,0.0,,undefined_no_actual_delta
hebei_central,wheat,1,15.0,2011,2011-06-20,10.426453737891523,10.426453737891523,10.426453737891523,450.0,450.0,450.0,0.0,,undefined_no_actual_delta
hebei_central,wheat,2,5.0,2011,2011-03-23,10.426453737891523,10.426453737891523,10.426453737891523,450.0,450.0,450.0,0.0,,undefined_no_actual_delta
hebei_central,wheat,2,10.0,2011,2011-03-23,10.426453737891523,10.426453737891523,10.426453737891523,450.0,450.0,450.0,0.0,,undefined_no_actual_delta
hebei_central,wheat,2,15.0,2011,2011-03-23,10.426453737891523,10.426453737891523,10.426453737891523,450.0,450.0,450.0,0.0,,undefined_no_actual_delta
hebei_central,wheat,3,5.0,2011,2011-04-29,10.425025513051818,10.426453737891523,10.446373884092148,450.0,450.0,450.0,0.0,,undefined_no_actual_delta
hebei_central,wheat,3,10.0,2011,2011-04-29,10.423433604695823,10.426453737891523,10.446373884092148,450.0,450.0,450.0,0.0,,undefined_no_actual_delta
hebei_central,wheat,3,15.0,2011,2011-04-29,10.42587651879407,10.426453737891523,10.446373884092148,450.0,450.0,450.0,0.0,,undefined_no_actual_delta
hebei_central,wheat,4,5.0,2011,2011-06-04,10.426453737891523,10.426453737891523,10.426453737891523,450.0,450.0,450.0,0.0,,undefined_no_actual_delta
hebei_central,wheat,4,10.0,2011,2011-06-04,10.426453737891523,10.426453737891523,10.426453737891523,450.0,450.0,450.0,0.0,,undefined_no_actual_delta
hebei_central,wheat,4,15.0,2011,2011-06-04,10.426453737891523,10.426453737891523,10.426453737891523,450.0,450.0,450.0,0.0,,undefined_no_actual_delta
hebei_central,maize,1,5.0,2011,2011-06-29,10.426453737891523,10.426453737891523,10.426453737891523,450.0,450.0,450.0,0.0,,undefined_no_actual_delta
hebei_central,maize,1,10.0,2011,2011-06-29,10.426453737891523,10.426453737891523,10.426453737891523,450.0,450.0,450.0,0.0,,undefined_no_actual_delta
hebei_central,maize,1,15.0,2011,2011-06-29,10.426453737891523,10.426453737891523,10.426453737891523,450.0,450.0,450.0,0.0,,undefined_no_actual_delta
hebei_central,maize,2,5.0,2011,2011-07-27,10.426453737891523,10.426453737891523,10.426453737891523,450.0,450.0,450.0,0.0,,undefined_no_actual_delta
hebei_central,maize,2,10.0,2011,2011-07-27,10.426453737891523,10.426453737891523,10.426453737891523,450.0,450.0,450.0,0.0,,undefined_no_actual_delta
hebei_central,maize,2,15.0,2011,2011-07-27,10.426453737891523,10.426453737891523,10.426453737891523,450.0,450.0,450.0,0.0,,undefined_no_actual_delta
hebei_central,maize,3,5.0,2011,2011-08-19,10.426453737891523,10.426453737891523,10.426453737891523,450.0,450.0,450.0,0.0,,undefined_no_actual_delta
hebei_central,maize,3,10.0,2011,2011-08-19,10.426453737891523,10.426453737891523,10.426453737891523,450.0,450.0,450.0,0.0,,undefined_no_actual_delta
hebei_central,maize,3,15.0,2011,2011-08-19,10.426453737891523,10.426453737891523,10.426453737891523,450.0,450.0,450.0,0.0,,undefined_no_actual_delta
hebei_central,maize,4,5.0,2011,2011-09-17,10.426453737891523,10.426453737891523,10.426453737891523,450.0,450.0,450.0,0.0,,undefined_no_actual_delta
hebei_central,maize,4,10.0,2011,2011-09-17,10.426453737891523,10.426453737891523,10.426453737891523,450.0,450.0,450.0,0.0,,undefined_no_actual_delta
hebei_central,maize,4,15.0,2011,2011-09-17,10.426453737891523,10.426453737891523,10.426453737891523,450.0,450.0,450.0,0.0,,undefined_no_actual_delta
hebei_central,wheat,1,5.0,2012,2012-06-19,15.355642833621769,15.355642833621769,15.355642833621769,420.0,420.0,420.0,0.0,,undefined_no_actual_delta
hebei_central,wheat,1,10.0,2012,2012-06-19,15.355642833621769,15.355642833621769,15.355642833621769,420.0,420.0,420.0,0.0,,undefined_no_actual_delta
hebei_central,wheat,1,15.0,2012,2012-06-19,15.355642833621769,15.355642833621769,15.355642833621769,420.0,420.0,420.0,0.0,,undefined_no_actual_delta
hebei_central,wheat,2,5.0,2012,2012-03-23,15.355642833621769,15.355642833621769,15.356968114461429,420.0,420.0,425.0,5.0,0.0002650561679320873,success
hebei_central,wheat,2,10.0,2012,2012-03-23,15.355642833621769,15.355642833621769,15.358606718816603,420.0,420.0,430.0,10.0,0.0002963885194834148,success
hebei_central,wheat,2,15.0,2012,2012-03-23,15.355642833621769,15.355642833621769,15.360078963935152,420.0,420.0,435.0,15.0,0.0002957420208922201,success
hebei_central,wheat,3,5.0,2012,2012-04-29,15.355642833621769,15.355642833621769,15.355642833621769,420.0,420.0,420.0,0.0,,undefined_no_actual_delta
hebei_central,wheat,3,10.0,2012,2012-04-29,15.355642833621769,15.355642833621769,15.355642833621769,420.0,420.0,420.0,0.0,,undefined_no_actual_delta
hebei_central,wheat,3,15.0,2012,2012-04-29,15.355642833621769,15.355642833621769,15.355642833621769,420.0,420.0,420.0,0.0,,undefined_no_actual_delta
hebei_central,wheat,4,5.0,2012,2012-06-04,15.355642833621769,15.355642833621769,15.355642833621769,420.0,420.0,420.0,0.0,,undefined_no_actual_delta
hebei_central,wheat,4,10.0,2012,2012-06-04,15.355642833621769,15.355642833621769,15.355642833621769,420.0,420.0,420.0,0.0,,undefined_no_actual_delta
hebei_central,wheat,4,15.0,2012,2012-06-04,15.355642833621769,15.355642833621769,15.355642833621769,420.0,420.0,420.0,0.0,,undefined_no_actual_delta
hebei_central,maize,1,5.0,2012,2012-06-29,15.355642833621769,15.355642833621769,15.355642833621769,420.0,420.0,420.0,0.0,,undefined_no_actual_delta
hebei_central,maize,1,10.0,2012,2012-06-29,15.355642833621769,15.355642833621769,15.355642833621769,420.0,420.0,420.0,0.0,,undefined_no_actual_delta
hebei_central,maize,1,15.0,2012,2012-06-29,15.355642833621769,15.355642833621769,15.355642833621769,420.0,420.0,420.0,0.0,,undefined_no_actual_delta
hebei_central,maize,2,5.0,2012,2012-07-27,15.355642833621769,15.355642833621769,15.355709751708204,420.0,420.0,425.0,5.0,1.3383617287132665e-05,success
hebei_central,maize,2,10.0,2012,2012-07-27,15.355642833621769,15.355642833621769,15.355750486859883,420.0,420.0,430.0,10.0,1.0765323811412486e-05,success
hebei_central,maize,2,15.0,2012,2012-07-27,15.355642833621769,15.355642833621769,15.355750486859883,420.0,420.0,435.0,15.0,7.176882540941657e-06,success
hebei_central,maize,3,5.0,2012,2012-08-19,15.355642833621769,15.355642833621769,15.355642833621769,420.0,420.0,420.0,0.0,,undefined_no_actual_delta
hebei_central,maize,3,10.0,2012,2012-08-19,15.355642833621769,15.355642833621769,15.355642833621769,420.0,420.0,420.0,0.0,,undefined_no_actual_delta
hebei_central,maize,3,15.0,2012,2012-08-19,15.355642833621769,15.355642833621769,15.355642833621769,420.0,420.0,420.0,0.0,,undefined_no_actual_delta
hebei_central,maize,4,5.0,2012,2012-09-17,15.355642833621769,15.355642833621769,15.355642833621769,420.0,420.0,420.0,0.0,,undefined_no_actual_delta
hebei_central,maize,4,10.0,2012,2012-09-17,15.355642833621769,15.355642833621769,15.355642833621769,420.0,420.0,420.0,0.0,,undefined_no_actual_delta
hebei_central,maize,4,15.0,2012,2012-09-17,15.355642833621769,15.355642833621769,15.355642833621769,420.0,420.0,420.0,0.0,,undefined_no_actual_delta
hebei_central,wheat,1,5.0,2013,2013-06-20,12.791951196839545,12.791951196839545,12.791951196839545,450.0,450.0,450.0,0.0,,undefined_no_actual_delta
hebei_central,wheat,1,10.0,2013,2013-06-20,12.791951196839545,12.791951196839545,12.791951196839545,450.0,450.0,450.0,0.0,,undefined_no_actual_delta
hebei_central,wheat,1,15.0,2013,2013-06-20,12.791951196839545,12.791951196839545,12.791951196839545,450.0,450.0,450.0,0.0,,undefined_no_actual_delta
hebei_central,wheat,2,5.0,2013,2013-03-23,12.791951196839545,12.791951196839545,12.791951196839545,450.0,450.0,450.0,0.0,,undefined_no_actual_delta
hebei_central,wheat,2,10.0,2013,2013-03-23,12.791951196839545,12.791951196839545,12.791951196839545,450.0,450.0,450.0,0.0,,undefined_no_actual_delta
hebei_central,wheat,2,15.0,2013,2013-03-23,12.791951196839545,12.791951196839545,12.791951196839545,450.0,450.0,450.0,0.0,,undefined_no_actual_delta
hebei_central,wheat,3,5.0,2013,2013-04-29,12.758795183536037,12.791951196839545,13.399045267052356,450.0,450.0,450.0,0.0,,undefined_no_actual_delta
hebei_central,wheat,3,10.0,2013,2013-04-29,13.199746889610907,12.791951196839545,13.399045267052356,450.0,450.0,450.0,0.0,,undefined_no_actual_delta
hebei_central,wheat,3,15.0,2013,2013-04-29,12.647098154605118,12.791951196839545,13.399045267052356,450.0,450.0,450.0,0.0,,undefined_no_actual_delta
hebei_central,wheat,4,5.0,2013,2013-06-04,12.791951196839545,12.791951196839545,12.791951196839545,450.0,450.0,450.0,0.0,,undefined_no_actual_delta
hebei_central,wheat,4,10.0,2013,2013-06-04,12.791951196839545,12.791951196839545,12.791951196839545,450.0,450.0,450.0,0.0,,undefined_no_actual_delta
hebei_central,wheat,4,15.0,2013,2013-06-04,12.791951196839545,12.791951196839545,12.791951196839545,450.0,450.0,450.0,0.0,,undefined_no_actual_delta
hebei_central,maize,1,5.0,2013,2013-06-29,12.791951196839545,12.791951196839545,12.791951196839545,450.0,450.0,450.0,0.0,,undefined_no_actual_delta
hebei_central,maize,1,10.0,2013,2013-06-29,12.791951196839545,12.791951196839545,12.791951196839545,450.0,450.0,450.0,0.0,,undefined_no_actual_delta
hebei_central,maize,1,15.0,2013,2013-06-29,12.791951196839545,12.791951196839545,12.791951196839545,450.0,450.0,450.0,0.0,,undefined_no_actual_delta
hebei_central,maize,2,5.0,2013,2013-07-27,12.791951196839545,12.791951196839545,12.791951196839545,450.0,450.0,450.0,0.0,,undefined_no_actual_delta
hebei_central,maize,2,10.0,2013,2013-07-27,12.791951196839545,12.791951196839545,12.791951196839545,450.0,450.0,450.0,0.0,,undefined_no_actual_delta
hebei_central,maize,2,15.0,2013,2013-07-27,12.791951196839545,12.791951196839545,12.791951196839545,450.0,450.0,450.0,0.0,,undefined_no_actual_delta
hebei_central,maize,3,5.0,2013,2013-08-19,12.791951196839545,12.791951196839545,12.791951196839545,450.0,450.0,450.0,0.0,,undefined_no_actual_delta
hebei_central,maize,3,10.0,2013,2013-08-19,12.791951196839545,12.791951196839545,12.791951196839545,450.0,450.0,450.0,0.0,,undefined_no_actual_delta
hebei_central,maize,3,15.0,2013,2013-08-19,12.791951196839545,12.791951196839545,12.791951196839545,450.0,450.0,450.0,0.0,,undefined_no_actual_delta
hebei_central,maize,4,5.0,2013,2013-09-17,12.791951196839545,12.791951196839545,12.791951196839545,450.0,450.0,450.0,0.0,,undefined_no_actual_delta
hebei_central,maize,4,10.0,2013,2013-09-17,12.791951196839545,12.791951196839545,12.791951196839545,450.0,450.0,450.0,0.0,,undefined_no_actual_delta
hebei_central,maize,4,15.0,2013,2013-09-17,12.791951196839545,12.791951196839545,12.791951196839545,450.0,450.0,450.0,0.0,,undefined_no_actual_delta
hebei_central,wheat,1,5.0,2014,2014-06-20,4.634323035413582,4.634323035413582,4.634323035413582,450.0,450.0,450.0,0.0,,undefined_no_actual_delta
hebei_central,wheat,1,10.0,2014,2014-06-20,4.634323035413582,4.634323035413582,4.634323035413582,450.0,450.0,450.0,0.0,,undefined_no_actual_delta
hebei_central,wheat,1,15.0,2014,2014-06-20,4.634323035413582,4.634323035413582,4.634323035413582,450.0,450.0,450.0,0.0,,undefined_no_actual_delta
hebei_central,wheat,2,5.0,2014,2014-03-23,4.634323035413582,4.634323035413582,4.634323035413582,450.0,450.0,450.0,0.0,,undefined_no_actual_delta
hebei_central,wheat,2,10.0,2014,2014-03-23,4.634323035413582,4.634323035413582,4.634323035413582,450.0,450.0,450.0,0.0,,undefined_no_actual_delta
hebei_central,wheat,2,15.0,2014,2014-03-23,4.634323035413582,4.634323035413582,4.634323035413582,450.0,450.0,450.0,0.0,,undefined_no_actual_delta
hebei_central,wheat,3,5.0,2014,2014-04-29,4.620220486049959,4.634323035413582,4.618916122196385,450.0,450.0,450.0,0.0,,undefined_no_actual_delta
hebei_central,wheat,3,10.0,2014,2014-04-29,4.583725692892256,4.634323035413582,4.618916122196385,450.0,450.0,450.0,0.0,,undefined_no_actual_delta
hebei_central,wheat,3,15.0,2014,2014-04-29,4.617347362293615,4.634323035413582,4.618916122196385,450.0,450.0,450.0,0.0,,undefined_no_actual_delta
hebei_central,wheat,4,5.0,2014,2014-06-04,4.634323035413582,4.634323035413582,4.634323035413582,450.0,450.0,450.0,0.0,,undefined_no_actual_delta
hebei_central,wheat,4,10.0,2014,2014-06-04,4.634323035413582,4.634323035413582,4.634323035413582,450.0,450.0,450.0,0.0,,undefined_no_actual_delta
hebei_central,wheat,4,15.0,2014,2014-06-04,4.634323035413582,4.634323035413582,4.634323035413582,450.0,450.0,450.0,0.0,,undefined_no_actual_delta
hebei_central,maize,1,5.0,2014,2014-06-29,4.634323035413582,4.634323035413582,4.634323035413582,450.0,450.0,450.0,0.0,,undefined_no_actual_delta
hebei_central,maize,1,10.0,2014,2014-06-29,4.634323035413582,4.634323035413582,4.634323035413582,450.0,450.0,450.0,0.0,,undefined_no_actual_delta
hebei_central,maize,1,15.0,2014,2014-06-29,4.634323035413582,4.634323035413582,4.634323035413582,450.0,450.0,450.0,0.0,,undefined_no_actual_delta
hebei_central,maize,2,5.0,2014,2014-07-27,4.634323035413582,4.634323035413582,4.634323035413582,450.0,450.0,450.0,0.0,,undefined_no_actual_delta
hebei_central,maize,2,10.0,2014,2014-07-27,4.634323035413582,4.634323035413582,4.634323035413582,450.0,450.0,450.0,0.0,,undefined_no_actual_delta
hebei_central,maize,2,15.0,2014,2014-07-27,4.634323035413582,4.634323035413582,4.634323035413582,450.0,450.0,450.0,0.0,,undefined_no_actual_delta
hebei_central,maize,3,5.0,2014,2014-08-19,4.634323035413582,4.634323035413582,4.634323035413582,450.0,450.0,450.0,0.0,,undefined_no_actual_delta
hebei_central,maize,3,10.0,2014,2014-08-19,4.634323035413582,4.634323035413582,4.634323035413582,450.0,450.0,450.0,0.0,,undefined_no_actual_delta
hebei_central,maize,3,15.0,2014,2014-08-19,4.634323035413582,4.634323035413582,4.634323035413582,450.0,450.0,450.0,0.0,,undefined_no_actual_delta
hebei_central,maize,4,5.0,2014,2014-09-17,4.634323035413582,4.634323035413582,4.634323035413582,450.0,450.0,450.0,0.0,,undefined_no_actual_delta
hebei_central,maize,4,10.0,2014,2014-09-17,4.634323035413582,4.634323035413582,4.634323035413582,450.0,450.0,450.0,0.0,,undefined_no_actual_delta
hebei_central,maize,4,15.0,2014,2014-09-17,4.634323035413582,4.634323035413582,4.634323035413582,450.0,450.0,450.0,0.0,,undefined_no_actual_delta
hebei_central,wheat,1,5.0,2015,2015-06-20,5.969712426287144,5.969712426287144,5.969712426287144,450.0,450.0,450.0,0.0,,undefined_no_actual_delta
hebei_central,wheat,1,10.0,2015,2015-06-20,5.969712426287144,5.969712426287144,5.969712426287144,450.0,450.0,450.0,0.0,,undefined_no_actual_delta
hebei_central,wheat,1,15.0,2015,2015-06-20,5.969712426287144,5.969712426287144,5.969712426287144,450.0,450.0,450.0,0.0,,undefined_no_actual_delta
hebei_central,wheat,2,5.0,2015,2015-03-23,5.969712426287144,5.969712426287144,5.969712426287144,450.0,450.0,450.0,0.0,,undefined_no_actual_delta
hebei_central,wheat,2,10.0,2015,2015-03-23,5.969712426287144,5.969712426287144,5.969712426287144,450.0,450.0,450.0,0.0,,undefined_no_actual_delta
hebei_central,wheat,2,15.0,2015,2015-03-23,5.969712426287144,5.969712426287144,5.969712426287144,450.0,450.0,450.0,0.0,,undefined_no_actual_delta
hebei_central,wheat,3,5.0,2015,2015-04-29,7.040280818931416,5.969712426287144,6.3854059290060325,450.0,450.0,450.0,0.0,,undefined_no_actual_delta
hebei_central,wheat,3,10.0,2015,2015-04-29,14.131077375581079,5.969712426287144,6.3854059290060325,450.0,450.0,450.0,0.0,,undefined_no_actual_delta
hebei_central,wheat,3,15.0,2015,2015-04-29,14.154684026941021,5.969712426287144,6.3854059290060325,450.0,450.0,450.0,0.0,,undefined_no_actual_delta
hebei_central,wheat,4,5.0,2015,2015-06-04,5.969712426287144,5.969712426287144,5.969712426287144,450.0,450.0,450.0,0.0,,undefined_no_actual_delta
hebei_central,wheat,4,10.0,2015,2015-06-04,5.969712426287144,5.969712426287144,5.969712426287144,450.0,450.0,450.0,0.0,,undefined_no_actual_delta
hebei_central,wheat,4,15.0,2015,2015-06-04,5.969712426287144,5.969712426287144,5.969712426287144,450.0,450.0,450.0,0.0,,undefined_no_actual_delta
hebei_central,maize,1,5.0,2015,2015-06-29,5.969712426287144,5.969712426287144,5.969712426287144,450.0,450.0,450.0,0.0,,undefined_no_actual_delta
hebei_central,maize,1,10.0,2015,2015-06-29,5.969712426287144,5.969712426287144,5.969712426287144,450.0,450.0,450.0,0.0,,undefined_no_actual_delta
hebei_central,maize,1,15.0,2015,2015-06-29,5.969712426287144,5.969712426287144,5.969712426287144,450.0,450.0,450.0,0.0,,undefined_no_actual_delta
hebei_central,maize,2,5.0,2015,2015-07-27,5.969712426287144,5.969712426287144,5.969712426287144,450.0,450.0,450.0,0.0,,undefined_no_actual_delta
hebei_central,maize,2,10.0,2015,2015-07-27,5.969712426287144,5.969712426287144,5.969712426287144,450.0,450.0,450.0,0.0,,undefined_no_actual_delta
hebei_central,maize,2,15.0,2015,2015-07-27,5.969712426287144,5.969712426287144,5.969712426287144,450.0,450.0,450.0,0.0,,undefined_no_actual_delta
hebei_central,maize,3,5.0,2015,2015-08-19,5.969712426287144,5.969712426287144,5.969712426287144,450.0,450.0,450.0,0.0,,undefined_no_actual_delta
hebei_central,maize,3,10.0,2015,2015-08-19,5.969712426287144,5.969712426287144,5.969712426287144,450.0,450.0,450.0,0.0,,undefined_no_actual_delta
hebei_central,maize,3,15.0,2015,2015-08-19,5.969712426287144,5.969712426287144,5.969712426287144,450.0,450.0,450.0,0.0,,undefined_no_actual_delta
hebei_central,maize,4,5.0,2015,2015-09-17,5.969712426287144,5.969712426287144,5.969712426287144,450.0,450.0,450.0,0.0,,undefined_no_actual_delta
hebei_central,maize,4,10.0,2015,2015-09-17,5.969712426287144,5.969712426287144,5.969712426287144,450.0,450.0,450.0,0.0,,undefined_no_actual_delta
hebei_central,maize,4,15.0,2015,2015-09-17,5.969712426287144,5.969712426287144,5.969712426287144,450.0,450.0,450.0,0.0,,undefined_no_actual_delta
hebei_central,wheat,1,5.0,2016,2016-06-19,15.703040596424788,15.703040596424788,15.703040596424788,450.0,450.0,450.0,0.0,,undefined_no_actual_delta
hebei_central,wheat,1,10.0,2016,2016-06-19,15.703040596424788,15.703040596424788,15.703040596424788,450.0,450.0,450.0,0.0,,undefined_no_actual_delta
hebei_central,wheat,1,15.0,2016,2016-06-19,15.703040596424788,15.703040596424788,15.703040596424788,450.0,450.0,450.0,0.0,,undefined_no_actual_delta
hebei_central,wheat,2,5.0,2016,2016-03-23,15.716671626684732,15.703040596424788,15.687521209408722,450.0,450.0,450.0,0.0,,undefined_no_actual_delta
hebei_central,wheat,2,10.0,2016,2016-03-23,15.723270883830386,15.703040596424788,15.687521209408722,450.0,450.0,450.0,0.0,,undefined_no_actual_delta
hebei_central,wheat,2,15.0,2016,2016-03-23,15.72103841295728,15.703040596424788,15.687521209408722,445.0,450.0,450.0,5.0,-0.006703440709711827,success
hebei_central,wheat,3,5.0,2016,2016-04-29,15.703040596424788,15.703040596424788,15.703040596424788,450.0,450.0,450.0,0.0,,undefined_no_actual_delta
hebei_central,wheat,3,10.0,2016,2016-04-29,15.703040596424788,15.703040596424788,15.703040596424788,450.0,450.0,450.0,0.0,,undefined_no_actual_delta
hebei_central,wheat,3,15.0,2016,2016-04-29,15.703040596424788,15.703040596424788,15.703040596424788,450.0,450.0,450.0,0.0,,undefined_no_actual_delta
hebei_central,wheat,4,5.0,2016,2016-06-04,15.703040596424788,15.703040596424788,15.703040596424788,450.0,450.0,450.0,0.0,,undefined_no_actual_delta
hebei_central,wheat,4,10.0,2016,2016-06-04,15.703040596424788,15.703040596424788,15.703040596424788,450.0,450.0,450.0,0.0,,undefined_no_actual_delta
hebei_central,wheat,4,15.0,2016,2016-06-04,15.703040596424788,15.703040596424788,15.703040596424788,450.0,450.0,450.0,0.0,,undefined_no_actual_delta
hebei_central,maize,1,5.0,2016,2016-06-29,15.703040596424788,15.703040596424788,15.703040596424788,450.0,450.0,450.0,0.0,,undefined_no_actual_delta
hebei_central,maize,1,10.0,2016,2016-06-29,15.703040596424788,15.703040596424788,15.703040596424788,450.0,450.0,450.0,0.0,,undefined_no_actual_delta
hebei_central,maize,1,15.0,2016,2016-06-29,15.703040596424788,15.703040596424788,15.703040596424788,450.0,450.0,450.0,0.0,,undefined_no_actual_delta
hebei_central,maize,2,5.0,2016,2016-07-27,15.703040596424788,15.703040596424788,15.703040596424788,450.0,450.0,450.0,0.0,,undefined_no_actual_delta
hebei_central,maize,2,10.0,2016,2016-07-27,15.703040596424788,15.703040596424788,15.703040596424788,450.0,450.0,450.0,0.0,,undefined_no_actual_delta
hebei_central,maize,2,15.0,2016,2016-07-27,15.703040596424788,15.703040596424788,15.703040596424788,450.0,450.0,450.0,0.0,,undefined_no_actual_delta
hebei_central,maize,3,5.0,2016,2016-08-19,15.703040596424788,15.703040596424788,15.703040596424788,450.0,450.0,450.0,0.0,,undefined_no_actual_delta
hebei_central,maize,3,10.0,2016,2016-08-19,15.703040596424788,15.703040596424788,15.703040596424788,450.0,450.0,450.0,0.0,,undefined_no_actual_delta
hebei_central,maize,3,15.0,2016,2016-08-19,15.703040596424788,15.703040596424788,15.703040596424788,450.0,450.0,450.0,0.0,,undefined_no_actual_delta
hebei_central,maize,4,5.0,2016,2016-09-17,15.703040596424788,15.703040596424788,15.703040596424788,450.0,450.0,450.0,0.0,,undefined_no_actual_delta
hebei_central,maize,4,10.0,2016,2016-09-17,15.703040596424788,15.703040596424788,15.703040596424788,450.0,450.0,450.0,0.0,,undefined_no_actual_delta
hebei_central,maize,4,15.0,2016,2016-09-17,15.703040596424788,15.703040596424788,15.703040596424788,450.0,450.0,450.0,0.0,,undefined_no_actual_delta
hebei_central,wheat,1,5.0,2017,2017-06-20,15.946357506344562,15.946357506344562,15.946357506344562,440.0,440.0,440.0,0.0,,undefined_no_actual_delta
hebei_central,wheat,1,10.0,2017,2017-06-20,15.946357506344562,15.946357506344562,15.946357506344562,440.0,440.0,440.0,0.0,,undefined_no_actual_delta
hebei_central,wheat,1,15.0,2017,2017-06-20,15.946357506344562,15.946357506344562,15.946357506344562,440.0,440.0,440.0,0.0,,undefined_no_actual_delta
hebei_central,wheat,2,5.0,2017,2017-03-23,15.946357506344562,15.946357506344562,15.946357506344562,440.0,440.0,440.0,0.0,,undefined_no_actual_delta
hebei_central,wheat,2,10.0,2017,2017-03-23,15.946357506344562,15.946357506344562,15.946357506344562,440.0,440.0,440.0,0.0,,undefined_no_actual_delta
hebei_central,wheat,2,15.0,2017,2017-03-23,15.946357506344562,15.946357506344562,15.946357506344562,440.0,440.0,440.0,0.0,,undefined_no_actual_delta
hebei_central,wheat,3,5.0,2017,2017-04-29,15.946410551297653,15.946357506344562,15.946357506344562,435.0,440.0,445.0,10.0,-5.304495309133017e-06,success
hebei_central,wheat,3,10.0,2017,2017-04-29,15.946357506344562,15.946357506344562,15.946357506344562,430.0,440.0,445.0,15.0,0.0,success
hebei_central,wheat,3,15.0,2017,2017-04-29,15.946357506344562,15.946357506344562,15.946357506344562,425.0,440.0,445.0,20.0,0.0,success
hebei_central,wheat,4,5.0,2017,2017-06-04,15.946357506344562,15.946357506344562,15.946357506344562,440.0,440.0,440.0,0.0,,undefined_no_actual_delta
hebei_central,wheat,4,10.0,2017,2017-06-04,15.946357506344562,15.946357506344562,15.946357506344562,440.0,440.0,440.0,0.0,,undefined_no_actual_delta
hebei_central,wheat,4,15.0,2017,2017-06-04,15.946357506344562,15.946357506344562,15.946357506344562,440.0,440.0,440.0,0.0,,undefined_no_actual_delta
hebei_central,maize,1,5.0,2017,2017-06-29,15.946357506344562,15.946357506344562,15.946357506344562,440.0,440.0,440.0,0.0,,undefined_no_actual_delta
hebei_central,maize,1,10.0,2017,2017-06-29,15.946357506344562,15.946357506344562,15.946357506344562,440.0,440.0,440.0,0.0,,undefined_no_actual_delta
hebei_central,maize,1,15.0,2017,2017-06-29,15.946357506344562,15.946357506344562,15.946357506344562,440.0,440.0,440.0,0.0,,undefined_no_actual_delta
hebei_central,maize,2,5.0,2017,2017-07-27,15.946357506344562,15.946357506344562,15.944117471956943,440.0,440.0,445.0,5.0,-0.00044800687752371003,success
hebei_central,maize,2,10.0,2017,2017-07-27,15.946357506344562,15.946357506344562,15.942049926821838,440.0,440.0,450.0,10.0,-0.000430757952272387,success
hebei_central,maize,2,15.0,2017,2017-07-27,15.946357506344562,15.946357506344562,15.94008999468262,440.0,440.0,450.0,10.0,-0.0006267511661942393,success
hebei_central,maize,3,5.0,2017,2017-08-19,15.946357506344562,15.946357506344562,15.946357506344562,440.0,440.0,440.0,0.0,,undefined_no_actual_delta
hebei_central,maize,3,10.0,2017,2017-08-19,15.946357506344562,15.946357506344562,15.946357506344562,440.0,440.0,440.0,0.0,,undefined_no_actual_delta
hebei_central,maize,3,15.0,2017,2017-08-19,15.946357506344562,15.946357506344562,15.946357506344562,440.0,440.0,440.0,0.0,,undefined_no_actual_delta
hebei_central,maize,4,5.0,2017,2017-09-17,15.946357506344562,15.946357506344562,15.946357506344562,440.0,440.0,440.0,0.0,,undefined_no_actual_delta
hebei_central,maize,4,10.0,2017,2017-09-17,15.946357506344562,15.946357506344562,15.946357506344562,440.0,440.0,440.0,0.0,,undefined_no_actual_delta
hebei_central,maize,4,15.0,2017,2017-09-17,15.946357506344562,15.946357506344562,15.946357506344562,440.0,440.0,440.0,0.0,,undefined_no_actual_delta
henan_north,wheat,1,5.0,2011,2011-06-20,6.674003905471453,6.674003905471453,6.674003905471453,450.0,450.0,450.0,0.0,,undefined_no_actual_delta
henan_north,wheat,1,10.0,2011,2011-06-20,6.674003905471453,6.674003905471453,6.674003905471453,450.0,450.0,450.0,0.0,,undefined_no_actual_delta
henan_north,wheat,1,15.0,2011,2011-06-20,6.674003905471453,6.674003905471453,6.674003905471453,450.0,450.0,450.0,0.0,,undefined_no_actual_delta
henan_north,wheat,2,5.0,2011,2011-03-23,6.674003905471453,6.674003905471453,6.674003905471453,450.0,450.0,450.0,0.0,,undefined_no_actual_delta
henan_north,wheat,2,10.0,2011,2011-03-23,6.674003905471453,6.674003905471453,6.674003905471453,450.0,450.0,450.0,0.0,,undefined_no_actual_delta
henan_north,wheat,2,15.0,2011,2011-03-23,6.674003905471453,6.674003905471453,6.674003905471453,450.0,450.0,450.0,0.0,,undefined_no_actual_delta
henan_north,wheat,3,5.0,2011,2011-04-29,6.674003905471453,6.674003905471453,6.674003905471453,450.0,450.0,450.0,0.0,,undefined_no_actual_delta
henan_north,wheat,3,10.0,2011,2011-04-29,6.674003905471453,6.674003905471453,6.674003905471453,450.0,450.0,450.0,0.0,,undefined_no_actual_delta
henan_north,wheat,3,15.0,2011,2011-04-29,6.674003905471453,6.674003905471453,6.674003905471453,450.0,450.0,450.0,0.0,,undefined_no_actual_delta
henan_north,wheat,4,5.0,2011,2011-06-04,6.674003905471453,6.674003905471453,6.674003905471453,450.0,450.0,450.0,0.0,,undefined_no_actual_delta
henan_north,wheat,4,10.0,2011,2011-06-04,6.674003905471453,6.674003905471453,6.674003905471453,450.0,450.0,450.0,0.0,,undefined_no_actual_delta
henan_north,wheat,4,15.0,2011,2011-06-04,6.674003905471453,6.674003905471453,6.674003905471453,450.0,450.0,450.0,0.0,,undefined_no_actual_delta
henan_north,maize,1,5.0,2011,2011-06-29,6.674003905471453,6.674003905471453,6.674003905471453,450.0,450.0,450.0,0.0,,undefined_no_actual_delta
henan_north,maize,1,10.0,2011,2011-06-29,6.674003905471453,6.674003905471453,6.674003905471453,450.0,450.0,450.0,0.0,,undefined_no_actual_delta
henan_north,maize,1,15.0,2011,2011-06-29,6.674003905471453,6.674003905471453,6.674003905471453,450.0,450.0,450.0,0.0,,undefined_no_actual_delta
henan_north,maize,2,5.0,2011,2011-07-27,6.674003905471453,6.674003905471453,6.674003905471453,450.0,450.0,450.0,0.0,,undefined_no_actual_delta
henan_north,maize,2,10.0,2011,2011-07-27,6.674003905471453,6.674003905471453,6.674003905471453,450.0,450.0,450.0,0.0,,undefined_no_actual_delta
henan_north,maize,2,15.0,2011,2011-07-27,6.674003905471453,6.674003905471453,6.674003905471453,450.0,450.0,450.0,0.0,,undefined_no_actual_delta
henan_north,maize,3,5.0,2011,2011-08-19,6.674003905471453,6.674003905471453,6.674003905471453,450.0,450.0,450.0,0.0,,undefined_no_actual_delta
henan_north,maize,3,10.0,2011,2011-08-19,6.674003905471453,6.674003905471453,6.674003905471453,450.0,450.0,450.0,0.0,,undefined_no_actual_delta
henan_north,maize,3,15.0,2011,2011-08-19,6.674003905471453,6.674003905471453,6.674003905471453,450.0,450.0,450.0,0.0,,undefined_no_actual_delta
henan_north,maize,4,5.0,2011,2011-09-17,6.674003905471453,6.674003905471453,6.674003905471453,450.0,450.0,450.0,0.0,,undefined_no_actual_delta
henan_north,maize,4,10.0,2011,2011-09-17,6.674003905471453,6.674003905471453,6.674003905471453,450.0,450.0,450.0,0.0,,undefined_no_actual_delta
henan_north,maize,4,15.0,2011,2011-09-17,6.674003905471453,6.674003905471453,6.674003905471453,450.0,450.0,450.0,0.0,,undefined_no_actual_delta
henan_north,wheat,1,5.0,2012,2012-06-19,17.341548701347605,17.341548701347605,17.341548701347605,440.0,440.0,440.0,0.0,,undefined_no_actual_delta
henan_north,wheat,1,10.0,2012,2012-06-19,17.341548701347605,17.341548701347605,17.341548701347605,440.0,440.0,440.0,0.0,,undefined_no_actual_delta
henan_north,wheat,1,15.0,2012,2012-06-19,17.341548701347605,17.341548701347605,17.341548701347605,440.0,440.0,440.0,0.0,,undefined_no_actual_delta
henan_north,wheat,2,5.0,2012,2012-03-23,17.341548701347605,17.341548701347605,17.34132351696472,440.0,440.0,445.0,5.0,-4.5036876576887154e-05,success
henan_north,wheat,2,10.0,2012,2012-03-23,17.341548701347605,17.341548701347605,17.341521127452296,440.0,440.0,450.0,10.0,-2.757389530927412e-06,success
henan_north,wheat,2,15.0,2012,2012-03-23,17.341548701347605,17.341548701347605,17.34123747169448,440.0,440.0,450.0,10.0,-3.1122965312491147e-05,success
henan_north,wheat,3,5.0,2012,2012-04-29,17.341548701347605,17.341548701347605,17.341548701347605,440.0,440.0,440.0,0.0,,undefined_no_actual_delta
henan_north,wheat,3,10.0,2012,2012-04-29,17.341548701347605,17.341548701347605,17.341548701347605,440.0,440.0,440.0,0.0,,undefined_no_actual_delta
henan_north,wheat,3,15.0,2012,2012-04-29,17.341548701347605,17.341548701347605,17.341548701347605,440.0,440.0,440.0,0.0,,undefined_no_actual_delta
henan_north,wheat,4,5.0,2012,2012-06-04,17.341548701347605,17.341548701347605,17.341548701347605,440.0,440.0,440.0,0.0,,undefined_no_actual_delta
henan_north,wheat,4,10.0,2012,2012-06-04,17.341548701347605,17.341548701347605,17.341548701347605,440.0,440.0,440.0,0.0,,undefined_no_actual_delta
henan_north,wheat,4,15.0,2012,2012-06-04,17.341548701347605,17.341548701347605,17.341548701347605,440.0,440.0,440.0,0.0,,undefined_no_actual_delta
henan_north,maize,1,5.0,2012,2012-06-29,17.341548701347605,17.341548701347605,17.341548701347605,440.0,440.0,440.0,0.0,,undefined_no_actual_delta
henan_north,maize,1,10.0,2012,2012-06-29,17.341548701347605,17.341548701347605,17.341548701347605,440.0,440.0,440.0,0.0,,undefined_no_actual_delta
henan_north,maize,1,15.0,2012,2012-06-29,17.341548701347605,17.341548701347605,17.341548701347605,440.0,440.0,440.0,0.0,,undefined_no_actual_delta
henan_north,maize,2,5.0,2012,2012-07-27,17.341548701347605,17.341548701347605,17.341089404719884,440.0,440.0,445.0,5.0,-9.185932554416354e-05,success
henan_north,maize,2,10.0,2012,2012-07-27,17.341548701347605,17.341548701347605,17.339690665393125,440.0,440.0,450.0,10.0,-0.00018580359544806413,success
henan_north,maize,2,15.0,2012,2012-07-27,17.341548701347605,17.341548701347605,17.38607565188,440.0,440.0,450.0,10.0,0.004452695053239353,success
henan_north,maize,3,5.0,2012,2012-08-19,17.341548701347605,17.341548701347605,17.341548701347605,440.0,440.0,440.0,0.0,,undefined_no_actual_delta
henan_north,maize,3,10.0,2012,2012-08-19,17.341548701347605,17.341548701347605,17.341548701347605,440.0,440.0,440.0,0.0,,undefined_no_actual_delta
henan_north,maize,3,15.0,2012,2012-08-19,17.341548701347605,17.341548701347605,17.341548701347605,440.0,440.0,440.0,0.0,,undefined_no_actual_delta
henan_north,maize,4,5.0,2012,2012-09-17,17.341548701347605,17.341548701347605,17.341548701347605,440.0,440.0,440.0,0.0,,undefined_no_actual_delta
henan_north,maize,4,10.0,2012,2012-09-17,17.341548701347605,17.341548701347605,17.341548701347605,440.0,440.0,440.0,0.0,,undefined_no_actual_delta
henan_north,maize,4,15.0,2012,2012-09-17,17.341548701347605,17.341548701347605,17.341548701347605,440.0,440.0,440.0,0.0,,undefined_no_actual_delta
henan_north,wheat,1,5.0,2013,2013-06-20,15.93194068570683,15.93194068570683,15.93194068570683,450.0,450.0,450.0,0.0,,undefined_no_actual_delta
henan_north,wheat,1,10.0,2013,2013-06-20,15.93194068570683,15.93194068570683,15.93194068570683,450.0,450.0,450.0,0.0,,undefined_no_actual_delta
henan_north,wheat,1,15.0,2013,2013-06-20,15.93194068570683,15.93194068570683,15.93194068570683,450.0,450.0,450.0,0.0,,undefined_no_actual_delta
henan_north,wheat,2,5.0,2013,2013-03-23,15.93194068570683,15.93194068570683,15.93194068570683,450.0,450.0,450.0,0.0,,undefined_no_actual_delta
henan_north,wheat,2,10.0,2013,2013-03-23,15.93194068570683,15.93194068570683,15.93194068570683,450.0,450.0,450.0,0.0,,undefined_no_actual_delta
henan_north,wheat,2,15.0,2013,2013-03-23,15.93194068570683,15.93194068570683,15.93194068570683,450.0,450.0,450.0,0.0,,undefined_no_actual_delta
henan_north,wheat,3,5.0,2013,2013-04-29,15.928756967620595,15.93194068570683,15.935769830308704,450.0,450.0,450.0,0.0,,undefined_no_actual_delta
henan_north,wheat,3,10.0,2013,2013-04-29,15.924335846894186,15.93194068570683,15.935769830308704,450.0,450.0,450.0,0.0,,undefined_no_actual_delta
henan_north,wheat,3,15.0,2013,2013-04-29,15.917649952388615,15.93194068570683,15.935769830308704,450.0,450.0,450.0,0.0,,undefined_no_actual_delta
henan_north,wheat,4,5.0,2013,2013-06-04,15.93194068570683,15.93194068570683,15.93194068570683,450.0,450.0,450.0,0.0,,undefined_no_actual_delta
henan_north,wheat,4,10.0,2013,2013-06-04,15.93194068570683,15.93194068570683,15.93194068570683,450.0,450.0,450.0,0.0,,undefined_no_actual_delta
henan_north,wheat,4,15.0,2013,2013-06-04,15.93194068570683,15.93194068570683,15.93194068570683,450.0,450.0,450.0,0.0,,undefined_no_actual_delta
henan_north,maize,1,5.0,2013,2013-06-29,15.93194068570683,15.93194068570683,15.93194068570683,450.0,450.0,450.0,0.0,,undefined_no_actual_delta
henan_north,maize,1,10.0,2013,2013-06-29,15.93194068570683,15.93194068570683,15.93194068570683,450.0,450.0,450.0,0.0,,undefined_no_actual_delta
henan_north,maize,1,15.0,2013,2013-06-29,15.93194068570683,15.93194068570683,15.93194068570683,450.0,450.0,450.0,0.0,,undefined_no_actual_delta
henan_north,maize,2,5.0,2013,2013-07-27,15.93194068570683,15.93194068570683,15.93194068570683,450.0,450.0,450.0,0.0,,undefined_no_actual_delta
henan_north,maize,2,10.0,2013,2013-07-27,15.93194068570683,15.93194068570683,15.93194068570683,450.0,450.0,450.0,0.0,,undefined_no_actual_delta
henan_north,maize,2,15.0,2013,2013-07-27,15.93194068570683,15.93194068570683,15.93194068570683,450.0,450.0,450.0,0.0,,undefined_no_actual_delta
henan_north,maize,3,5.0,2013,2013-08-19,15.93194068570683,15.93194068570683,15.93194068570683,450.0,450.0,450.0,0.0,,undefined_no_actual_delta
henan_north,maize,3,10.0,2013,2013-08-19,15.93194068570683,15.93194068570683,15.93194068570683,450.0,450.0,450.0,0.0,,undefined_no_actual_delta
henan_north,maize,3,15.0,2013,2013-08-19,15.93194068570683,15.93194068570683,15.93194068570683,450.0,450.0,450.0,0.0,,undefined_no_actual_delta
henan_north,maize,4,5.0,2013,2013-09-17,15.93194068570683,15.93194068570683,15.93194068570683,450.0,450.0,450.0,0.0,,undefined_no_actual_delta
henan_north,maize,4,10.0,2013,2013-09-17,15.93194068570683,15.93194068570683,15.93194068570683,450.0,450.0,450.0,0.0,,undefined_no_actual_delta
henan_north,maize,4,15.0,2013,2013-09-17,15.93194068570683,15.93194068570683,15.93194068570683,450.0,450.0,450.0,0.0,,undefined_no_actual_delta
henan_north,wheat,1,5.0,2014,2014-06-20,13.200189596553182,13.200189596553182,13.200189596553182,450.0,450.0,450.0,0.0,,undefined_no_actual_delta
henan_north,wheat,1,10.0,2014,2014-06-20,13.200189596553182,13.200189596553182,13.200189596553182,450.0,450.0,450.0,0.0,,undefined_no_actual_delta
henan_north,wheat,1,15.0,2014,2014-06-20,13.200189596553182,13.200189596553182,13.200189596553182,450.0,450.0,450.0,0.0,,undefined_no_actual_delta
henan_north,wheat,2,5.0,2014,2014-03-23,13.200189596553182,13.200189596553182,13.200189596553182,450.0,450.0,450.0,0.0,,undefined_no_actual_delta
henan_north,wheat,2,10.0,2014,2014-03-23,13.200189596553182,13.200189596553182,13.200189596553182,450.0,450.0,450.0,0.0,,undefined_no_actual_delta
henan_north,wheat,2,15.0,2014,2014-03-23,13.200189596553182,13.200189596553182,13.200189596553182,450.0,450.0,450.0,0.0,,undefined_no_actual_delta
henan_north,wheat,3,5.0,2014,2014-04-29,13.458852648270273,13.200189596553182,12.941116502046025,450.0,450.0,450.0,0.0,,undefined_no_actual_delta
henan_north,wheat,3,10.0,2014,2014-04-29,13.955585938601718,13.200189596553182,12.941116502046025,450.0,450.0,450.0,0.0,,undefined_no_actual_delta
henan_north,wheat,3,15.0,2014,2014-04-29,13.966024963980788,13.200189596553182,12.941116502046025,450.0,450.0,450.0,0.0,,undefined_no_actual_delta
henan_north,wheat,4,5.0,2014,2014-06-04,13.200189596553182,13.200189596553182,13.200189596553182,450.0,450.0,450.0,0.0,,undefined_no_actual_delta
henan_north,wheat,4,10.0,2014,2014-06-04,13.200189596553182,13.200189596553182,13.200189596553182,450.0,450.0,450.0,0.0,,undefined_no_actual_delta
henan_north,wheat,4,15.0,2014,2014-06-04,13.200189596553182,13.200189596553182,13.200189596553182,450.0,450.0,450.0,0.0,,undefined_no_actual_delta
henan_north,maize,1,5.0,2014,2014-06-29,13.200189596553182,13.200189596553182,13.200189596553182,450.0,450.0,450.0,0.0,,undefined_no_actual_delta
henan_north,maize,1,10.0,2014,2014-06-29,13.200189596553182,13.200189596553182,13.200189596553182,450.0,450.0,450.0,0.0,,undefined_no_actual_delta
henan_north,maize,1,15.0,2014,2014-06-29,13.200189596553182,13.200189596553182,13.200189596553182,450.0,450.0,450.0,0.0,,undefined_no_actual_delta
henan_north,maize,2,5.0,2014,2014-07-27,13.200189596553182,13.200189596553182,13.200189596553182,450.0,450.0,450.0,0.0,,undefined_no_actual_delta
henan_north,maize,2,10.0,2014,2014-07-27,13.200189596553182,13.200189596553182,13.200189596553182,450.0,450.0,450.0,0.0,,undefined_no_actual_delta
henan_north,maize,2,15.0,2014,2014-07-27,13.200189596553182,13.200189596553182,13.200189596553182,450.0,450.0,450.0,0.0,,undefined_no_actual_delta
henan_north,maize,3,5.0,2014,2014-08-19,13.200189596553182,13.200189596553182,13.200189596553182,450.0,450.0,450.0,0.0,,undefined_no_actual_delta
henan_north,maize,3,10.0,2014,2014-08-19,13.200189596553182,13.200189596553182,13.200189596553182,450.0,450.0,450.0,0.0,,undefined_no_actual_delta
henan_north,maize,3,15.0,2014,2014-08-19,13.200189596553182,13.200189596553182,13.200189596553182,450.0,450.0,450.0,0.0,,undefined_no_actual_delta
henan_north,maize,4,5.0,2014,2014-09-17,13.200189596553182,13.200189596553182,13.200189596553182,450.0,450.0,450.0,0.0,,undefined_no_actual_delta
henan_north,maize,4,10.0,2014,2014-09-17,13.200189596553182,13.200189596553182,13.200189596553182,450.0,450.0,450.0,0.0,,undefined_no_actual_delta
henan_north,maize,4,15.0,2014,2014-09-17,13.200189596553182,13.200189596553182,13.200189596553182,450.0,450.0,450.0,0.0,,undefined_no_actual_delta
henan_north,wheat,1,5.0,2015,2015-06-20,18.616162840056298,18.616162840056298,18.616162840056298,450.0,450.0,450.0,0.0,,undefined_no_actual_delta
henan_north,wheat,1,10.0,2015,2015-06-20,18.616162840056298,18.616162840056298,18.616162840056298,450.0,450.0,450.0,0.0,,undefined_no_actual_delta
henan_north,wheat,1,15.0,2015,2015-06-20,18.616162840056298,18.616162840056298,18.616162840056298,450.0,450.0,450.0,0.0,,undefined_no_actual_delta
henan_north,wheat,2,5.0,2015,2015-03-23,18.616162840056298,18.616162840056298,18.616162840056298,450.0,450.0,450.0,0.0,,undefined_no_actual_delta
henan_north,wheat,2,10.0,2015,2015-03-23,18.616162840056298,18.616162840056298,18.616162840056298,450.0,450.0,450.0,0.0,,undefined_no_actual_delta
henan_north,wheat,2,15.0,2015,2015-03-23,18.616162840056298,18.616162840056298,18.616162840056298,450.0,450.0,450.0,0.0,,undefined_no_actual_delta
henan_north,wheat,3,5.0,2015,2015-04-29,18.616162840056298,18.616162840056298,18.616162840056298,450.0,450.0,450.0,0.0,,undefined_no_actual_delta
henan_north,wheat,3,10.0,2015,2015-04-29,18.560818204414474,18.616162840056298,18.616162840056298,450.0,450.0,450.0,0.0,,undefined_no_actual_delta
henan_north,wheat,3,15.0,2015,2015-04-29,18.546684352010388,18.616162840056298,18.616162840056298,450.0,450.0,450.0,0.0,,undefined_no_actual_delta
henan_north,wheat,4,5.0,2015,2015-06-04,18.616162840056298,18.616162840056298,18.616162840056298,450.0,450.0,450.0,0.0,,undefined_no_actual_delta
henan_north,wheat,4,10.0,2015,2015-06-04,18.616162840056298,18.616162840056298,18.616162840056298,450.0,450.0,450.0,0.0,,undefined_no_actual_delta
henan_north,wheat,4,15.0,2015,2015-06-04,18.616162840056298,18.616162840056298,18.616162840056298,450.0,450.0,450.0,0.0,,undefined_no_actual_delta
henan_north,maize,1,5.0,2015,2015-06-29,18.616162840056298,18.616162840056298,18.616162840056298,450.0,450.0,450.0,0.0,,undefined_no_actual_delta
henan_north,maize,1,10.0,2015,2015-06-29,18.616162840056298,18.616162840056298,18.616162840056298,450.0,450.0,450.0,0.0,,undefined_no_actual_delta
henan_north,maize,1,15.0,2015,2015-06-29,18.616162840056298,18.616162840056298,18.616162840056298,450.0,450.0,450.0,0.0,,undefined_no_actual_delta
henan_north,maize,2,5.0,2015,2015-07-27,18.616162840056298,18.616162840056298,18.614578277739753,450.0,450.0,450.0,0.0,,undefined_no_actual_delta
henan_north,maize,2,10.0,2015,2015-07-27,18.616162840056298,18.616162840056298,18.61296873450004,450.0,450.0,450.0,0.0,,undefined_no_actual_delta
henan_north,maize,2,15.0,2015,2015-07-27,18.616162840056298,18.616162840056298,18.612986522733244,450.0,450.0,450.0,0.0,,undefined_no_actual_delta
henan_north,maize,3,5.0,2015,2015-08-19,18.616162840056298,18.616162840056298,18.616162840056298,450.0,450.0,450.0,0.0,,undefined_no_actual_delta
henan_north,maize,3,10.0,2015,2015-08-19,18.616162840056298,18.616162840056298,18.616162840056298,450.0,450.0,450.0,0.0,,undefined_no_actual_delta
henan_north,maize,3,15.0,2015,2015-08-19,18.616162840056298,18.616162840056298,18.616162840056298,450.0,450.0,450.0,0.0,,undefined_no_actual_delta
henan_north,maize,4,5.0,2015,2015-09-17,18.616162840056298,18.616162840056298,18.616162840056298,450.0,450.0,450.0,0.0,,undefined_no_actual_delta
henan_north,maize,4,10.0,2015,2015-09-17,18.616162840056298,18.616162840056298,18.616162840056298,450.0,450.0,450.0,0.0,,undefined_no_actual_delta
henan_north,maize,4,15.0,2015,2015-09-17,18.616162840056298,18.616162840056298,18.616162840056298,450.0,450.0,450.0,0.0,,undefined_no_actual_delta
henan_north,wheat,1,5.0,2016,2016-06-19,17.187099923677067,17.187099923677067,17.187099923677067,450.0,450.0,450.0,0.0,,undefined_no_actual_delta
henan_north,wheat,1,10.0,2016,2016-06-19,17.187099923677067,17.187099923677067,17.187099923677067,450.0,450.0,450.0,0.0,,undefined_no_actual_delta
henan_north,wheat,1,15.0,2016,2016-06-19,17.187099923677067,17.187099923677067,17.187099923677067,450.0,450.0,450.0,0.0,,undefined_no_actual_delta
henan_north,wheat,2,5.0,2016,2016-03-23,17.187099923677067,17.187099923677067,17.127458069711253,450.0,450.0,450.0,0.0,,undefined_no_actual_delta
henan_north,wheat,2,10.0,2016,2016-03-23,17.187099923677067,17.187099923677067,17.108399548227197,450.0,450.0,450.0,0.0,,undefined_no_actual_delta
henan_north,wheat,2,15.0,2016,2016-03-23,17.187099923677067,17.187099923677067,16.85007993222805,450.0,450.0,450.0,0.0,,undefined_no_actual_delta
henan_north,wheat,3,5.0,2016,2016-04-29,17.187099923677067,17.187099923677067,17.187099923677067,450.0,450.0,450.0,0.0,,undefined_no_actual_delta
henan_north,wheat,3,10.0,2016,2016-04-29,17.187099923677067,17.187099923677067,17.187099923677067,450.0,450.0,450.0,0.0,,undefined_no_actual_delta
henan_north,wheat,3,15.0,2016,2016-04-29,17.187099923677067,17.187099923677067,17.187099923677067,450.0,450.0,450.0,0.0,,undefined_no_actual_delta
henan_north,wheat,4,5.0,2016,2016-06-04,17.187099923677067,17.187099923677067,17.187099923677067,450.0,450.0,450.0,0.0,,undefined_no_actual_delta
henan_north,wheat,4,10.0,2016,2016-06-04,17.187099923677067,17.187099923677067,17.187099923677067,450.0,450.0,450.0,0.0,,undefined_no_actual_delta
henan_north,wheat,4,15.0,2016,2016-06-04,17.187099923677067,17.187099923677067,17.187099923677067,450.0,450.0,450.0,0.0,,undefined_no_actual_delta
henan_north,maize,1,5.0,2016,2016-06-29,17.187099923677067,17.187099923677067,17.187099923677067,450.0,450.0,450.0,0.0,,undefined_no_actual_delta
henan_north,maize,1,10.0,2016,2016-06-29,17.187099923677067,17.187099923677067,17.187099923677067,450.0,450.0,450.0,0.0,,undefined_no_actual_delta
henan_north,maize,1,15.0,2016,2016-06-29,17.187099923677067,17.187099923677067,17.187099923677067,450.0,450.0,450.0,0.0,,undefined_no_actual_delta
henan_north,maize,2,5.0,2016,2016-07-27,17.187099923677067,17.187099923677067,17.187099923677067,450.0,450.0,450.0,0.0,,undefined_no_actual_delta
henan_north,maize,2,10.0,2016,2016-07-27,17.187099923677067,17.187099923677067,17.187099923677067,450.0,450.0,450.0,0.0,,undefined_no_actual_delta
henan_north,maize,2,15.0,2016,2016-07-27,17.187099923677067,17.187099923677067,17.187099923677067,450.0,450.0,450.0,0.0,,undefined_no_actual_delta
henan_north,maize,3,5.0,2016,2016-08-19,17.187099923677067,17.187099923677067,17.187099923677067,450.0,450.0,450.0,0.0,,undefined_no_actual_delta
henan_north,maize,3,10.0,2016,2016-08-19,17.187099923677067,17.187099923677067,17.187099923677067,450.0,450.0,450.0,0.0,,undefined_no_actual_delta
henan_north,maize,3,15.0,2016,2016-08-19,17.187099923677067,17.187099923677067,17.187099923677067,450.0,450.0,450.0,0.0,,undefined_no_actual_delta
henan_north,maize,4,5.0,2016,2016-09-17,17.187099923677067,17.187099923677067,17.187099923677067,450.0,450.0,450.0,0.0,,undefined_no_actual_delta
henan_north,maize,4,10.0,2016,2016-09-17,17.187099923677067,17.187099923677067,17.187099923677067,450.0,450.0,450.0,0.0,,undefined_no_actual_delta
henan_north,maize,4,15.0,2016,2016-09-17,17.187099923677067,17.187099923677067,17.187099923677067,450.0,450.0,450.0,0.0,,undefined_no_actual_delta
henan_north,wheat,1,5.0,2017,2017-06-20,17.899951658476805,17.899951658476805,17.899951658476805,450.0,450.0,450.0,0.0,,undefined_no_actual_delta
henan_north,wheat,1,10.0,2017,2017-06-20,17.899951658476805,17.899951658476805,17.899951658476805,450.0,450.0,450.0,0.0,,undefined_no_actual_delta
henan_north,wheat,1,15.0,2017,2017-06-20,17.899951658476805,17.899951658476805,17.899951658476805,450.0,450.0,450.0,0.0,,undefined_no_actual_delta
henan_north,wheat,2,5.0,2017,2017-03-23,17.899951658476805,17.899951658476805,17.899951658476805,450.0,450.0,450.0,0.0,,undefined_no_actual_delta
henan_north,wheat,2,10.0,2017,2017-03-23,17.899951658476805,17.899951658476805,17.899951658476805,450.0,450.0,450.0,0.0,,undefined_no_actual_delta
henan_north,wheat,2,15.0,2017,2017-03-23,17.899951658476805,17.899951658476805,17.899951658476805,450.0,450.0,450.0,0.0,,undefined_no_actual_delta
henan_north,wheat,3,5.0,2017,2017-04-29,17.904800424207032,17.899951658476805,17.895177751025727,450.0,450.0,450.0,0.0,,undefined_no_actual_delta
henan_north,wheat,3,10.0,2017,2017-04-29,17.908413444603106,17.899951658476805,17.895177751025727,450.0,450.0,450.0,0.0,,undefined_no_actual_delta
henan_north,wheat,3,15.0,2017,2017-04-29,17.90975526133104,17.899951658476805,17.895177751025727,450.0,450.0,450.0,0.0,,undefined_no_actual_delta
henan_north,wheat,4,5.0,2017,2017-06-04,17.899951658476805,17.899951658476805,17.899951658476805,450.0,450.0,450.0,0.0,,undefined_no_actual_delta
henan_north,wheat,4,10.0,2017,2017-06-04,17.899951658476805,17.899951658476805,17.899951658476805,450.0,450.0,450.0,0.0,,undefined_no_actual_delta
henan_north,wheat,4,15.0,2017,2017-06-04,17.899951658476805,17.899951658476805,17.899951658476805,450.0,450.0,450.0,0.0,,undefined_no_actual_delta
henan_north,maize,1,5.0,2017,2017-06-29,17.899951658476805,17.899951658476805,17.899951658476805,450.0,450.0,450.0,0.0,,undefined_no_actual_delta
henan_north,maize,1,10.0,2017,2017-06-29,17.899951658476805,17.899951658476805,17.899951658476805,450.0,450.0,450.0,0.0,,undefined_no_actual_delta
henan_north,maize,1,15.0,2017,2017-06-29,17.899951658476805,17.899951658476805,17.899951658476805,450.0,450.0,450.0,0.0,,undefined_no_actual_delta
henan_north,maize,2,5.0,2017,2017-07-27,17.899951658476805,17.899951658476805,17.899951658476805,450.0,450.0,450.0,0.0,,undefined_no_actual_delta
henan_north,maize,2,10.0,2017,2017-07-27,17.899951658476805,17.899951658476805,17.899951658476805,450.0,450.0,450.0,0.0,,undefined_no_actual_delta
henan_north,maize,2,15.0,2017,2017-07-27,17.899951658476805,17.899951658476805,17.899951658476805,450.0,450.0,450.0,0.0,,undefined_no_actual_delta
henan_north,maize,3,5.0,2017,2017-08-19,17.899951658476805,17.899951658476805,17.899951658476805,450.0,450.0,450.0,0.0,,undefined_no_actual_delta
henan_north,maize,3,10.0,2017,2017-08-19,17.899951658476805,17.899951658476805,17.899951658476805,450.0,450.0,450.0,0.0,,undefined_no_actual_delta
henan_north,maize,3,15.0,2017,2017-08-19,17.899951658476805,17.899951658476805,17.899951658476805,450.0,450.0,450.0,0.0,,undefined_no_actual_delta
henan_north,maize,4,5.0,2017,2017-09-17,17.899951658476805,17.899951658476805,17.899951658476805,450.0,450.0,450.0,0.0,,undefined_no_actual_delta
henan_north,maize,4,10.0,2017,2017-09-17,17.899951658476805,17.899951658476805,17.899951658476805,450.0,450.0,450.0,0.0,,undefined_no_actual_delta
henan_north,maize,4,15.0,2017,2017-09-17,17.899951658476805,17.899951658476805,17.899951658476805,450.0,450.0,450.0,0.0,,undefined_no_actual_delta
shaanxi_guanzhong,wheat,1,5.0,2011,2011-06-20,15.177037497433805,15.177037497433805,15.177037497433805,180.0,180.0,180.0,0.0,,undefined_no_actual_delta
shaanxi_guanzhong,wheat,1,10.0,2011,2011-06-20,15.177037497433805,15.177037497433805,15.177037497433805,180.0,180.0,180.0,0.0,,undefined_no_actual_delta
shaanxi_guanzhong,wheat,1,15.0,2011,2011-06-20,15.177037497433805,15.177037497433805,15.177037497433805,180.0,180.0,180.0,0.0,,undefined_no_actual_delta
shaanxi_guanzhong,wheat,2,5.0,2011,2011-03-23,15.177037497433805,15.177037497433805,15.177037497433805,180.0,180.0,180.0,0.0,,undefined_no_actual_delta
shaanxi_guanzhong,wheat,2,10.0,2011,2011-03-23,15.177037497433805,15.177037497433805,15.177037497433805,180.0,180.0,180.0,0.0,,undefined_no_actual_delta
shaanxi_guanzhong,wheat,2,15.0,2011,2011-03-23,15.177037497433805,15.177037497433805,15.177037497433805,180.0,180.0,180.0,0.0,,undefined_no_actual_delta
shaanxi_guanzhong,wheat,3,5.0,2011,2011-04-29,15.177046952479277,15.177037497433805,15.177046952479277,175.0,180.0,185.0,10.0,0.0,success
shaanxi_guanzhong,wheat,3,10.0,2011,2011-04-29,15.177046952479277,15.177037497433805,15.177046952479277,170.0,180.0,185.0,15.0,0.0,success
shaanxi_guanzhong,wheat,3,15.0,2011,2011-04-29,15.177046952479277,15.177037497433805,15.177046952479277,165.0,180.0,185.0,20.0,0.0,success
shaanxi_guanzhong,wheat,4,5.0,2011,2011-06-04,15.177037497433805,15.177037497433805,15.177037497433805,180.0,180.0,180.0,0.0,,undefined_no_actual_delta
shaanxi_guanzhong,wheat,4,10.0,2011,2011-06-04,15.177037497433805,15.177037497433805,15.177037497433805,180.0,180.0,180.0,0.0,,undefined_no_actual_delta
shaanxi_guanzhong,wheat,4,15.0,2011,2011-06-04,15.177037497433805,15.177037497433805,15.177037497433805,180.0,180.0,180.0,0.0,,undefined_no_actual_delta
shaanxi_guanzhong,maize,1,5.0,2011,2011-06-29,15.177037497433805,15.177037497433805,15.177037497433805,180.0,180.0,180.0,0.0,,undefined_no_actual_delta
shaanxi_guanzhong,maize,1,10.0,2011,2011-06-29,15.177037497433805,15.177037497433805,15.177037497433805,180.0,180.0,180.0,0.0,,undefined_no_actual_delta
shaanxi_guanzhong,maize,1,15.0,2011,2011-06-29,15.177037497433805,15.177037497433805,15.177037497433805,180.0,180.0,180.0,0.0,,undefined_no_actual_delta
shaanxi_guanzhong,maize,2,5.0,2011,2011-07-27,15.177037497433805,15.177037497433805,15.177037497433805,180.0,180.0,185.0,5.0,0.0,success
shaanxi_guanzhong,maize,2,10.0,2011,2011-07-27,15.177037497433805,15.177037497433805,15.177037497433805,180.0,180.0,190.0,10.0,0.0,success
shaanxi_guanzhong,maize,2,15.0,2011,2011-07-27,15.177037497433805,15.177037497433805,15.177037497433805,180.0,180.0,195.0,15.0,0.0,success
shaanxi_guanzhong,maize,3,5.0,2011,2011-08-19,15.177037497433805,15.177037497433805,15.177037497433805,180.0,180.0,180.0,0.0,,undefined_no_actual_delta
shaanxi_guanzhong,maize,3,10.0,2011,2011-08-19,15.177037497433805,15.177037497433805,15.177037497433805,180.0,180.0,180.0,0.0,,undefined_no_actual_delta
shaanxi_guanzhong,maize,3,15.0,2011,2011-08-19,15.177037497433805,15.177037497433805,15.177037497433805,180.0,180.0,180.0,0.0,,undefined_no_actual_delta
shaanxi_guanzhong,maize,4,5.0,2011,2011-09-17,15.177037497433805,15.177037497433805,15.177037497433805,180.0,180.0,180.0,0.0,,undefined_no_actual_delta
shaanxi_guanzhong,maize,4,10.0,2011,2011-09-17,15.177037497433805,15.177037497433805,15.177037497433805,180.0,180.0,180.0,0.0,,undefined_no_actual_delta
shaanxi_guanzhong,maize,4,15.0,2011,2011-09-17,15.177037497433805,15.177037497433805,15.177037497433805,180.0,180.0,180.0,0.0,,undefined_no_actual_delta
shaanxi_guanzhong,wheat,1,5.0,2012,2012-06-19,15.670442938062482,15.670442938062482,15.670442938062482,120.0,120.0,120.0,0.0,,undefined_no_actual_delta
shaanxi_guanzhong,wheat,1,10.0,2012,2012-06-19,15.670442938062482,15.670442938062482,15.670442938062482,120.0,120.0,120.0,0.0,,undefined_no_actual_delta
shaanxi_guanzhong,wheat,1,15.0,2012,2012-06-19,15.670442938062482,15.670442938062482,15.670442938062482,120.0,120.0,120.0,0.0,,undefined_no_actual_delta
shaanxi_guanzhong,wheat,2,5.0,2012,2012-03-23,15.670442938062482,15.670442938062482,15.670352660152226,120.0,120.0,125.0,5.0,-1.8055582051346163e-05,success
shaanxi_guanzhong,wheat,2,10.0,2012,2012-03-23,15.670442938062482,15.670442938062482,15.670296356375799,120.0,120.0,130.0,10.0,-1.4658168668368888e-05,success
shaanxi_guanzhong,wheat,2,15.0,2012,2012-03-23,15.670442938062482,15.670442938062482,15.670275046960164,120.0,120.0,135.0,15.0,-1.1192740154560473e-05,success
shaanxi_guanzhong,wheat,3,5.0,2012,2012-04-29,15.670442938062482,15.670442938062482,15.670442938062482,120.0,120.0,120.0,0.0,,undefined_no_actual_delta
shaanxi_guanzhong,wheat,3,10.0,2012,2012-04-29,15.670442938062482,15.670442938062482,15.670442938062482,120.0,120.0,120.0,0.0,,undefined_no_actual_delta
shaanxi_guanzhong,wheat,3,15.0,2012,2012-04-29,15.670442938062482,15.670442938062482,15.670442938062482,120.0,120.0,120.0,0.0,,undefined_no_actual_delta
shaanxi_guanzhong,wheat,4,5.0,2012,2012-06-04,15.670442938062482,15.670442938062482,15.670442938062482,120.0,120.0,120.0,0.0,,undefined_no_actual_delta
shaanxi_guanzhong,wheat,4,10.0,2012,2012-06-04,15.670442938062482,15.670442938062482,15.670442938062482,120.0,120.0,120.0,0.0,,undefined_no_actual_delta
shaanxi_guanzhong,wheat,4,15.0,2012,2012-06-04,15.670442938062482,15.670442938062482,15.670442938062482,120.0,120.0,120.0,0.0,,undefined_no_actual_delta
shaanxi_guanzhong,maize,1,5.0,2012,2012-06-29,15.670442938062482,15.670442938062482,15.670442938062482,120.0,120.0,120.0,0.0,,undefined_no_actual_delta
shaanxi_guanzhong,maize,1,10.0,2012,2012-06-29,15.670442938062482,15.670442938062482,15.670442938062482,120.0,120.0,120.0,0.0,,undefined_no_actual_delta
shaanxi_guanzhong,maize,1,15.0,2012,2012-06-29,15.670442938062482,15.670442938062482,15.670442938062482,120.0,120.0,120.0,0.0,,undefined_no_actual_delta
shaanxi_guanzhong,maize,2,5.0,2012,2012-07-27,15.670442938062482,15.670442938062482,15.670442938062482,120.0,120.0,125.0,5.0,0.0,success
shaanxi_guanzhong,maize,2,10.0,2012,2012-07-27,15.670442938062482,15.670442938062482,15.670442938062482,120.0,120.0,130.0,10.0,0.0,success
shaanxi_guanzhong,maize,2,15.0,2012,2012-07-27,15.670442938062482,15.670442938062482,15.670442938062482,120.0,120.0,135.0,15.0,0.0,success
shaanxi_guanzhong,maize,3,5.0,2012,2012-08-19,15.670442938062482,15.670442938062482,15.670442938062482,120.0,120.0,120.0,0.0,,undefined_no_actual_delta
shaanxi_guanzhong,maize,3,10.0,2012,2012-08-19,15.670442938062482,15.670442938062482,15.670442938062482,120.0,120.0,120.0,0.0,,undefined_no_actual_delta
shaanxi_guanzhong,maize,3,15.0,2012,2012-08-19,15.670442938062482,15.670442938062482,15.670442938062482,120.0,120.0,120.0,0.0,,undefined_no_actual_delta
shaanxi_guanzhong,maize,4,5.0,2012,2012-09-17,15.670442938062482,15.670442938062482,15.670442938062482,120.0,120.0,120.0,0.0,,undefined_no_actual_delta
shaanxi_guanzhong,maize,4,10.0,2012,2012-09-17,15.670442938062482,15.670442938062482,15.670442938062482,120.0,120.0,120.0,0.0,,undefined_no_actual_delta
shaanxi_guanzhong,maize,4,15.0,2012,2012-09-17,15.670442938062482,15.670442938062482,15.670442938062482,120.0,120.0,120.0,0.0,,undefined_no_actual_delta
shaanxi_guanzhong,wheat,1,5.0,2013,2013-06-20,16.1769718822351,16.1769718822351,16.1769718822351,160.0,160.0,160.0,0.0,,undefined_no_actual_delta
shaanxi_guanzhong,wheat,1,10.0,2013,2013-06-20,16.1769718822351,16.1769718822351,16.1769718822351,160.0,160.0,160.0,0.0,,undefined_no_actual_delta
shaanxi_guanzhong,wheat,1,15.0,2013,2013-06-20,16.1769718822351,16.1769718822351,16.1769718822351,160.0,160.0,160.0,0.0,,undefined_no_actual_delta
shaanxi_guanzhong,wheat,2,5.0,2013,2013-03-23,16.1769718822351,16.1769718822351,16.1769718822351,160.0,160.0,160.0,0.0,,undefined_no_actual_delta
shaanxi_guanzhong,wheat,2,10.0,2013,2013-03-23,16.1769718822351,16.1769718822351,16.1769718822351,160.0,160.0,160.0,0.0,,undefined_no_actual_delta
shaanxi_guanzhong,wheat,2,15.0,2013,2013-03-23,16.1769718822351,16.1769718822351,16.1769718822351,160.0,160.0,160.0,0.0,,undefined_no_actual_delta
shaanxi_guanzhong,wheat,3,5.0,2013,2013-04-29,16.1769718822351,16.1769718822351,16.1769718822351,160.0,160.0,165.0,5.0,0.0,success
shaanxi_guanzhong,wheat,3,10.0,2013,2013-04-29,16.1769718822351,16.1769718822351,16.1769718822351,160.0,160.0,170.0,10.0,0.0,success
shaanxi_guanzhong,wheat,3,15.0,2013,2013-04-29,16.1769718822351,16.1769718822351,16.1769718822351,160.0,160.0,175.0,15.0,0.0,success
shaanxi_guanzhong,wheat,4,5.0,2013,2013-06-04,16.1769718822351,16.1769718822351,16.1769718822351,160.0,160.0,160.0,0.0,,undefined_no_actual_delta
shaanxi_guanzhong,wheat,4,10.0,2013,2013-06-04,16.1769718822351,16.1769718822351,16.1769718822351,160.0,160.0,160.0,0.0,,undefined_no_actual_delta
shaanxi_guanzhong,wheat,4,15.0,2013,2013-06-04,16.1769718822351,16.1769718822351,16.1769718822351,160.0,160.0,160.0,0.0,,undefined_no_actual_delta
shaanxi_guanzhong,maize,1,5.0,2013,2013-06-29,16.1769718822351,16.1769718822351,16.1769718822351,160.0,160.0,160.0,0.0,,undefined_no_actual_delta
shaanxi_guanzhong,maize,1,10.0,2013,2013-06-29,16.1769718822351,16.1769718822351,16.1769718822351,160.0,160.0,160.0,0.0,,undefined_no_actual_delta
shaanxi_guanzhong,maize,1,15.0,2013,2013-06-29,16.1769718822351,16.1769718822351,16.1769718822351,160.0,160.0,160.0,0.0,,undefined_no_actual_delta
shaanxi_guanzhong,maize,2,5.0,2013,2013-07-27,16.1769718822351,16.1769718822351,16.1769718822351,160.0,160.0,165.0,5.0,0.0,success
shaanxi_guanzhong,maize,2,10.0,2013,2013-07-27,16.1769718822351,16.1769718822351,16.1769718822351,160.0,160.0,170.0,10.0,0.0,success
shaanxi_guanzhong,maize,2,15.0,2013,2013-07-27,16.1769718822351,16.1769718822351,16.1769718822351,160.0,160.0,175.0,15.0,0.0,success
shaanxi_guanzhong,maize,3,5.0,2013,2013-08-19,16.1769718822351,16.1769718822351,16.1769718822351,160.0,160.0,160.0,0.0,,undefined_no_actual_delta
shaanxi_guanzhong,maize,3,10.0,2013,2013-08-19,16.1769718822351,16.1769718822351,16.1769718822351,160.0,160.0,160.0,0.0,,undefined_no_actual_delta
shaanxi_guanzhong,maize,3,15.0,2013,2013-08-19,16.1769718822351,16.1769718822351,16.1769718822351,160.0,160.0,160.0,0.0,,undefined_no_actual_delta
shaanxi_guanzhong,maize,4,5.0,2013,2013-09-17,16.1769718822351,16.1769718822351,16.1769718822351,160.0,160.0,160.0,0.0,,undefined_no_actual_delta
shaanxi_guanzhong,maize,4,10.0,2013,2013-09-17,16.1769718822351,16.1769718822351,16.1769718822351,160.0,160.0,160.0,0.0,,undefined_no_actual_delta
shaanxi_guanzhong,maize,4,15.0,2013,2013-09-17,16.1769718822351,16.1769718822351,16.1769718822351,160.0,160.0,160.0,0.0,,undefined_no_actual_delta
shaanxi_guanzhong,wheat,1,5.0,2014,2014-06-20,16.14391573671835,16.14391573671835,16.14391573671835,300.0,300.0,300.0,0.0,,undefined_no_actual_delta
shaanxi_guanzhong,wheat,1,10.0,2014,2014-06-20,16.14391573671835,16.14391573671835,16.14391573671835,300.0,300.0,300.0,0.0,,undefined_no_actual_delta
shaanxi_guanzhong,wheat,1,15.0,2014,2014-06-20,16.14391573671835,16.14391573671835,16.14391573671835,300.0,300.0,300.0,0.0,,undefined_no_actual_delta
shaanxi_guanzhong,wheat,2,5.0,2014,2014-03-23,16.14391573671835,16.14391573671835,16.14391573671835,300.0,300.0,300.0,0.0,,undefined_no_actual_delta
shaanxi_guanzhong,wheat,2,10.0,2014,2014-03-23,16.14391573671835,16.14391573671835,16.14391573671835,300.0,300.0,300.0,0.0,,undefined_no_actual_delta
shaanxi_guanzhong,wheat,2,15.0,2014,2014-03-23,16.14391573671835,16.14391573671835,16.14391573671835,300.0,300.0,300.0,0.0,,undefined_no_actual_delta
shaanxi_guanzhong,wheat,3,5.0,2014,2014-04-29,16.14391573671835,16.14391573671835,16.14308674444455,300.0,300.0,305.0,5.0,-0.00016579845475988008,success
shaanxi_guanzhong,wheat,3,10.0,2014,2014-04-29,16.14391573671835,16.14391573671835,16.14283159422488,300.0,300.0,310.0,10.0,-0.00010841424934682209,success
shaanxi_guanzhong,wheat,3,15.0,2014,2014-04-29,16.14391573671835,16.14391573671835,16.141735601624365,300.0,300.0,315.0,15.0,-0.0001453423395988788,success
shaanxi_guanzhong,wheat,4,5.0,2014,2014-06-04,16.14391573671835,16.14391573671835,16.14391573671835,300.0,300.0,300.0,0.0,,undefined_no_actual_delta
shaanxi_guanzhong,wheat,4,10.0,2014,2014-06-04,16.14391573671835,16.14391573671835,16.14391573671835,300.0,300.0,300.0,0.0,,undefined_no_actual_delta
shaanxi_guanzhong,wheat,4,15.0,2014,2014-06-04,16.14391573671835,16.14391573671835,16.14391573671835,300.0,300.0,300.0,0.0,,undefined_no_actual_delta
shaanxi_guanzhong,maize,1,5.0,2014,2014-06-29,16.14391573671835,16.14391573671835,16.14391573671835,300.0,300.0,300.0,0.0,,undefined_no_actual_delta
shaanxi_guanzhong,maize,1,10.0,2014,2014-06-29,16.14391573671835,16.14391573671835,16.14391573671835,300.0,300.0,300.0,0.0,,undefined_no_actual_delta
shaanxi_guanzhong,maize,1,15.0,2014,2014-06-29,16.14391573671835,16.14391573671835,16.14391573671835,300.0,300.0,300.0,0.0,,undefined_no_actual_delta
shaanxi_guanzhong,maize,2,5.0,2014,2014-07-27,16.118548484006762,16.14391573671835,16.154585328170878,295.0,300.0,305.0,10.0,0.0036036844164115678,success
shaanxi_guanzhong,maize,2,10.0,2014,2014-07-27,16.060402934262083,16.14391573671835,16.154585328170878,290.0,300.0,305.0,15.0,0.006278826260586357,success
shaanxi_guanzhong,maize,2,15.0,2014,2014-07-27,15.97717979280409,16.14391573671835,16.154585328170878,285.0,300.0,305.0,20.0,0.00887027676833938,success
shaanxi_guanzhong,maize,3,5.0,2014,2014-08-19,16.14391573671835,16.14391573671835,16.14391573671835,300.0,300.0,300.0,0.0,,undefined_no_actual_delta
shaanxi_guanzhong,maize,3,10.0,2014,2014-08-19,16.14391573671835,16.14391573671835,16.14391573671835,300.0,300.0,300.0,0.0,,undefined_no_actual_delta
shaanxi_guanzhong,maize,3,15.0,2014,2014-08-19,16.14391573671835,16.14391573671835,16.14391573671835,300.0,300.0,300.0,0.0,,undefined_no_actual_delta
shaanxi_guanzhong,maize,4,5.0,2014,2014-09-17,16.14391573671835,16.14391573671835,16.14391573671835,300.0,300.0,300.0,0.0,,undefined_no_actual_delta
shaanxi_guanzhong,maize,4,10.0,2014,2014-09-17,16.14391573671835,16.14391573671835,16.14391573671835,300.0,300.0,300.0,0.0,,undefined_no_actual_delta
shaanxi_guanzhong,maize,4,15.0,2014,2014-09-17,16.14391573671835,16.14391573671835,16.14391573671835,300.0,300.0,300.0,0.0,,undefined_no_actual_delta
shaanxi_guanzhong,wheat,1,5.0,2015,2015-06-20,16.179217479048333,16.179217479048333,16.179217479048333,80.0,80.0,80.0,0.0,,undefined_no_actual_delta
shaanxi_guanzhong,wheat,1,10.0,2015,2015-06-20,16.179217479048333,16.179217479048333,16.179217479048333,80.0,80.0,80.0,0.0,,undefined_no_actual_delta
shaanxi_guanzhong,wheat,1,15.0,2015,2015-06-20,16.179217479048333,16.179217479048333,16.179217479048333,80.0,80.0,80.0,0.0,,undefined_no_actual_delta
shaanxi_guanzhong,wheat,2,5.0,2015,2015-03-23,16.179217479048333,16.179217479048333,16.179217479048333,80.0,80.0,80.0,0.0,,undefined_no_actual_delta
shaanxi_guanzhong,wheat,2,10.0,2015,2015-03-23,16.179217479048333,16.179217479048333,16.179217479048333,80.0,80.0,80.0,0.0,,undefined_no_actual_delta
shaanxi_guanzhong,wheat,2,15.0,2015,2015-03-23,16.179217479048333,16.179217479048333,16.179217479048333,80.0,80.0,80.0,0.0,,undefined_no_actual_delta
shaanxi_guanzhong,wheat,3,5.0,2015,2015-04-29,16.179217479048333,16.179217479048333,16.179863807436966,80.0,80.0,85.0,5.0,0.0001292656777266643,success
shaanxi_guanzhong,wheat,3,10.0,2015,2015-04-29,16.179217479048333,16.179217479048333,16.18036162920989,80.0,80.0,90.0,10.0,0.00011441501615578886,success
shaanxi_guanzhong,wheat,3,15.0,2015,2015-04-29,16.179217479048333,16.179217479048333,16.17858007155975,80.0,80.0,95.0,15.0,-4.249383257217687e-05,success
shaanxi_guanzhong,wheat,4,5.0,2015,2015-06-04,16.179217479048333,16.179217479048333,16.179217479048333,80.0,80.0,80.0,0.0,,undefined_no_actual_delta
shaanxi_guanzhong,wheat,4,10.0,2015,2015-06-04,16.179217479048333,16.179217479048333,16.179217479048333,80.0,80.0,80.0,0.0,,undefined_no_actual_delta
shaanxi_guanzhong,wheat,4,15.0,2015,2015-06-04,16.179217479048333,16.179217479048333,16.179217479048333,80.0,80.0,80.0,0.0,,undefined_no_actual_delta
shaanxi_guanzhong,maize,1,5.0,2015,2015-06-29,16.179217479048333,16.179217479048333,16.179217479048333,80.0,80.0,80.0,0.0,,undefined_no_actual_delta
shaanxi_guanzhong,maize,1,10.0,2015,2015-06-29,16.179217479048333,16.179217479048333,16.179217479048333,80.0,80.0,80.0,0.0,,undefined_no_actual_delta
shaanxi_guanzhong,maize,1,15.0,2015,2015-06-29,16.179217479048333,16.179217479048333,16.179217479048333,80.0,80.0,80.0,0.0,,undefined_no_actual_delta
shaanxi_guanzhong,maize,2,5.0,2015,2015-07-27,16.179217479048333,16.179217479048333,16.183309208537203,80.0,80.0,85.0,5.0,0.0008183458977740088,success
shaanxi_guanzhong,maize,2,10.0,2015,2015-07-27,16.179217479048333,16.179217479048333,16.18556733366559,80.0,80.0,90.0,10.0,0.0006349854617255346,success
shaanxi_guanzhong,maize,2,15.0,2015,2015-07-27,16.179217479048333,16.179217479048333,16.187516905837192,80.0,80.0,95.0,15.0,0.0005532951192572948,success
shaanxi_guanzhong,maize,3,5.0,2015,2015-08-19,16.179217479048333,16.179217479048333,16.179217479048333,80.0,80.0,80.0,0.0,,undefined_no_actual_delta
shaanxi_guanzhong,maize,3,10.0,2015,2015-08-19,16.179217479048333,16.179217479048333,16.179217479048333,80.0,80.0,80.0,0.0,,undefined_no_actual_delta
shaanxi_guanzhong,maize,3,15.0,2015,2015-08-19,16.179217479048333,16.179217479048333,16.179217479048333,80.0,80.0,80.0,0.0,,undefined_no_actual_delta
shaanxi_guanzhong,maize,4,5.0,2015,2015-09-17,16.179217479048333,16.179217479048333,16.179217479048333,80.0,80.0,80.0,0.0,,undefined_no_actual_delta
shaanxi_guanzhong,maize,4,10.0,2015,2015-09-17,16.179217479048333,16.179217479048333,16.179217479048333,80.0,80.0,80.0,0.0,,undefined_no_actual_delta
shaanxi_guanzhong,maize,4,15.0,2015,2015-09-17,16.179217479048333,16.179217479048333,16.179217479048333,80.0,80.0,80.0,0.0,,undefined_no_actual_delta
shaanxi_guanzhong,wheat,1,5.0,2016,2016-06-19,16.402112948088348,16.402112948088348,16.402112948088348,220.0,220.0,220.0,0.0,,undefined_no_actual_delta
shaanxi_guanzhong,wheat,1,10.0,2016,2016-06-19,16.402112948088348,16.402112948088348,16.402112948088348,220.0,220.0,220.0,0.0,,undefined_no_actual_delta
shaanxi_guanzhong,wheat,1,15.0,2016,2016-06-19,16.402112948088348,16.402112948088348,16.402112948088348,220.0,220.0,220.0,0.0,,undefined_no_actual_delta
shaanxi_guanzhong,wheat,2,5.0,2016,2016-03-23,16.402112948088348,16.402112948088348,16.402013777262383,220.0,220.0,225.0,5.0,-1.9834165193088894e-05,success
shaanxi_guanzhong,wheat,2,10.0,2016,2016-03-23,16.402112948088348,16.402112948088348,16.40195077871246,220.0,220.0,230.0,10.0,-1.6216937588708903e-05,success
shaanxi_guanzhong,wheat,2,15.0,2016,2016-03-23,16.402112948088348,16.402112948088348,16.40187908258956,220.0,220.0,235.0,15.0,-1.5591033252585856e-05,success
shaanxi_guanzhong,wheat,3,5.0,2016,2016-04-29,16.402112948088348,16.402112948088348,16.402112948088348,220.0,220.0,220.0,0.0,,undefined_no_actual_delta
shaanxi_guanzhong,wheat,3,10.0,2016,2016-04-29,16.402112948088348,16.402112948088348,16.402112948088348,220.0,220.0,220.0,0.0,,undefined_no_actual_delta
shaanxi_guanzhong,wheat,3,15.0,2016,2016-04-29,16.402112948088348,16.402112948088348,16.402112948088348,220.0,220.0,220.0,0.0,,undefined_no_actual_delta
shaanxi_guanzhong,wheat,4,5.0,2016,2016-06-04,16.402112948088348,16.402112948088348,16.402112948088348,220.0,220.0,220.0,0.0,,undefined_no_actual_delta
shaanxi_guanzhong,wheat,4,10.0,2016,2016-06-04,16.402112948088348,16.402112948088348,16.402112948088348,220.0,220.0,220.0,0.0,,undefined_no_actual_delta
shaanxi_guanzhong,wheat,4,15.0,2016,2016-06-04,16.402112948088348,16.402112948088348,16.402112948088348,220.0,220.0,220.0,0.0,,undefined_no_actual_delta
shaanxi_guanzhong,maize,1,5.0,2016,2016-06-29,16.402112948088348,16.402112948088348,16.402112948088348,220.0,220.0,220.0,0.0,,undefined_no_actual_delta
shaanxi_guanzhong,maize,1,10.0,2016,2016-06-29,16.402112948088348,16.402112948088348,16.402112948088348,220.0,220.0,220.0,0.0,,undefined_no_actual_delta
shaanxi_guanzhong,maize,1,15.0,2016,2016-06-29,16.402112948088348,16.402112948088348,16.402112948088348,220.0,220.0,220.0,0.0,,undefined_no_actual_delta
shaanxi_guanzhong,maize,2,5.0,2016,2016-07-27,16.402112948088348,16.402112948088348,16.399409217833465,220.0,220.0,225.0,5.0,-0.0005407460509765372,success
shaanxi_guanzhong,maize,2,10.0,2016,2016-07-27,16.402112948088348,16.402112948088348,16.396798734125333,220.0,220.0,230.0,10.0,-0.000531421396301468,success
shaanxi_guanzhong,maize,2,15.0,2016,2016-07-27,16.402112948088348,16.402112948088348,16.395320986639657,220.0,220.0,235.0,15.0,-0.0004527974299127398,success
shaanxi_guanzhong,maize,3,5.0,2016,2016-08-19,16.402112948088348,16.402112948088348,16.402112948088348,220.0,220.0,220.0,0.0,,undefined_no_actual_delta
shaanxi_guanzhong,maize,3,10.0,2016,2016-08-19,16.402112948088348,16.402112948088348,16.402112948088348,220.0,220.0,220.0,0.0,,undefined_no_actual_delta
shaanxi_guanzhong,maize,3,15.0,2016,2016-08-19,16.402112948088348,16.402112948088348,16.402112948088348,220.0,220.0,220.0,0.0,,undefined_no_actual_delta
shaanxi_guanzhong,maize,4,5.0,2016,2016-09-17,16.402112948088348,16.402112948088348,16.402112948088348,220.0,220.0,220.0,0.0,,undefined_no_actual_delta
shaanxi_guanzhong,maize,4,10.0,2016,2016-09-17,16.402112948088348,16.402112948088348,16.402112948088348,220.0,220.0,220.0,0.0,,undefined_no_actual_delta
shaanxi_guanzhong,maize,4,15.0,2016,2016-09-17,16.402112948088348,16.402112948088348,16.402112948088348,220.0,220.0,220.0,0.0,,undefined_no_actual_delta
shaanxi_guanzhong,wheat,1,5.0,2017,2017-06-20,15.857332781643175,15.857332781643175,15.857332781643175,220.0,220.0,220.0,0.0,,undefined_no_actual_delta
shaanxi_guanzhong,wheat,1,10.0,2017,2017-06-20,15.857332781643175,15.857332781643175,15.857332781643175,220.0,220.0,220.0,0.0,,undefined_no_actual_delta
shaanxi_guanzhong,wheat,1,15.0,2017,2017-06-20,15.857332781643175,15.857332781643175,15.857332781643175,220.0,220.0,220.0,0.0,,undefined_no_actual_delta
shaanxi_guanzhong,wheat,2,5.0,2017,2017-03-23,15.857332781643175,15.857332781643175,15.857332781643175,220.0,220.0,220.0,0.0,,undefined_no_actual_delta
shaanxi_guanzhong,wheat,2,10.0,2017,2017-03-23,15.857332781643175,15.857332781643175,15.857332781643175,220.0,220.0,220.0,0.0,,undefined_no_actual_delta
shaanxi_guanzhong,wheat,2,15.0,2017,2017-03-23,15.857332781643175,15.857332781643175,15.857332781643175,220.0,220.0,220.0,0.0,,undefined_no_actual_delta
shaanxi_guanzhong,wheat,3,5.0,2017,2017-04-29,15.857332781643175,15.857332781643175,15.854129148952746,220.0,220.0,225.0,5.0,-0.0006407265380858007,success
shaanxi_guanzhong,wheat,3,10.0,2017,2017-04-29,15.857332781643175,15.857332781643175,15.85483790757627,220.0,220.0,230.0,10.0,-0.0002494874066904629,success
shaanxi_guanzhong,wheat,3,15.0,2017,2017-04-29,15.857332781643175,15.857332781643175,15.857644929464017,220.0,220.0,235.0,15.0,2.0809854722851164e-05,success
shaanxi_guanzhong,wheat,4,5.0,2017,2017-06-04,15.857332781643175,15.857332781643175,15.857332781643175,220.0,220.0,220.0,0.0,,undefined_no_actual_delta
shaanxi_guanzhong,wheat,4,10.0,2017,2017-06-04,15.857332781643175,15.857332781643175,15.857332781643175,220.0,220.0,220.0,0.0,,undefined_no_actual_delta
shaanxi_guanzhong,wheat,4,15.0,2017,2017-06-04,15.857332781643175,15.857332781643175,15.857332781643175,220.0,220.0,220.0,0.0,,undefined_no_actual_delta
shaanxi_guanzhong,maize,1,5.0,2017,2017-06-29,15.857332781643175,15.857332781643175,15.857332781643175,220.0,220.0,220.0,0.0,,undefined_no_actual_delta
shaanxi_guanzhong,maize,1,10.0,2017,2017-06-29,15.857332781643175,15.857332781643175,15.857332781643175,220.0,220.0,220.0,0.0,,undefined_no_actual_delta
shaanxi_guanzhong,maize,1,15.0,2017,2017-06-29,15.857332781643175,15.857332781643175,15.857332781643175,220.0,220.0,220.0,0.0,,undefined_no_actual_delta
shaanxi_guanzhong,maize,2,5.0,2017,2017-07-27,15.861190478124415,15.857332781643175,15.855961218475288,215.0,220.0,225.0,10.0,-0.0005229259649127016,success
shaanxi_guanzhong,maize,2,10.0,2017,2017-07-27,15.856948302715772,15.857332781643175,15.855961218475288,210.0,220.0,225.0,15.0,-6.580561603222179e-05,success
shaanxi_guanzhong,maize,2,15.0,2017,2017-07-27,15.857005335051563,15.857332781643175,15.855961218475288,205.0,220.0,225.0,20.0,-5.220582881371172e-05,success
shaanxi_guanzhong,maize,3,5.0,2017,2017-08-19,15.857332781643175,15.857332781643175,15.857332781643175,220.0,220.0,220.0,0.0,,undefined_no_actual_delta
shaanxi_guanzhong,maize,3,10.0,2017,2017-08-19,15.857332781643175,15.857332781643175,15.857332781643175,220.0,220.0,220.0,0.0,,undefined_no_actual_delta
shaanxi_guanzhong,maize,3,15.0,2017,2017-08-19,15.857332781643175,15.857332781643175,15.857332781643175,220.0,220.0,220.0,0.0,,undefined_no_actual_delta
shaanxi_guanzhong,maize,4,5.0,2017,2017-09-17,15.857332781643175,15.857332781643175,15.857332781643175,220.0,220.0,220.0,0.0,,undefined_no_actual_delta
shaanxi_guanzhong,maize,4,10.0,2017,2017-09-17,15.857332781643175,15.857332781643175,15.857332781643175,220.0,220.0,220.0,0.0,,undefined_no_actual_delta
shaanxi_guanzhong,maize,4,15.0,2017,2017-09-17,15.857332781643175,15.857332781643175,15.857332781643175,220.0,220.0,220.0,0.0,,undefined_no_actual_delta
ningxia_irrigation,maize,1,5.0,2011,2011-06-29,10.907839262436102,10.907839262436102,10.907839262436102,450.0,450.0,450.0,0.0,,undefined_no_actual_delta
ningxia_irrigation,maize,1,10.0,2011,2011-06-29,10.907839262436102,10.907839262436102,10.907839262436102,450.0,450.0,450.0,0.0,,undefined_no_actual_delta
ningxia_irrigation,maize,1,15.0,2011,2011-06-29,10.907839262436102,10.907839262436102,10.907839262436102,450.0,450.0,450.0,0.0,,undefined_no_actual_delta
ningxia_irrigation,maize,2,5.0,2011,2011-07-27,10.907839262436102,10.907839262436102,10.907839262436102,450.0,450.0,450.0,0.0,,undefined_no_actual_delta
ningxia_irrigation,maize,2,10.0,2011,2011-07-27,10.907839262436102,10.907839262436102,10.907839262436102,450.0,450.0,450.0,0.0,,undefined_no_actual_delta
ningxia_irrigation,maize,2,15.0,2011,2011-07-27,10.911644158560105,10.907839262436102,10.907839262436102,450.0,450.0,450.0,0.0,,undefined_no_actual_delta
ningxia_irrigation,maize,3,5.0,2011,2011-08-19,10.907839262436102,10.907839262436102,10.907839262436102,450.0,450.0,450.0,0.0,,undefined_no_actual_delta
ningxia_irrigation,maize,3,10.0,2011,2011-08-19,10.907839262436102,10.907839262436102,10.907839262436102,450.0,450.0,450.0,0.0,,undefined_no_actual_delta
ningxia_irrigation,maize,3,15.0,2011,2011-08-19,10.907839262436102,10.907839262436102,10.907839262436102,450.0,450.0,450.0,0.0,,undefined_no_actual_delta
ningxia_irrigation,maize,4,5.0,2011,2011-09-17,10.907839262436102,10.907839262436102,10.907839262436102,450.0,450.0,450.0,0.0,,undefined_no_actual_delta
ningxia_irrigation,maize,4,10.0,2011,2011-09-17,10.907839262436102,10.907839262436102,10.907839262436102,450.0,450.0,450.0,0.0,,undefined_no_actual_delta
ningxia_irrigation,maize,4,15.0,2011,2011-09-17,10.907839262436102,10.907839262436102,10.907839262436102,450.0,450.0,450.0,0.0,,undefined_no_actual_delta
ningxia_irrigation,spring_maize,1,5.0,2011,2011-05-13,10.790219881870847,10.907839262436102,10.979816559282387,450.0,450.0,450.0,0.0,,undefined_no_actual_delta
ningxia_irrigation,spring_maize,1,10.0,2011,2011-05-13,10.62291000286864,10.907839262436102,10.979816559282387,450.0,450.0,450.0,0.0,,undefined_no_actual_delta
ningxia_irrigation,spring_maize,1,15.0,2011,2011-05-13,10.639315489260497,10.907839262436102,10.979816559282387,450.0,450.0,450.0,0.0,,undefined_no_actual_delta
ningxia_irrigation,spring_maize,2,5.0,2011,2011-06-20,10.907839262436102,10.907839262436102,10.907839262436102,450.0,450.0,450.0,0.0,,undefined_no_actual_delta
ningxia_irrigation,spring_maize,2,10.0,2011,2011-06-20,10.907839262436102,10.907839262436102,10.907839262436102,450.0,450.0,450.0,0.0,,undefined_no_actual_delta
ningxia_irrigation,spring_maize,2,15.0,2011,2011-06-20,10.907839262436102,10.907839262436102,10.907839262436102,450.0,450.0,450.0,0.0,,undefined_no_actual_delta
ningxia_irrigation,spring_maize,3,5.0,2011,2011-07-25,10.907839262436102,10.907839262436102,10.907839262436102,450.0,450.0,450.0,0.0,,undefined_no_actual_delta
ningxia_irrigation,spring_maize,3,10.0,2011,2011-07-25,10.907839262436102,10.907839262436102,10.907839262436102,450.0,450.0,450.0,0.0,,undefined_no_actual_delta
ningxia_irrigation,spring_maize,3,15.0,2011,2011-07-25,10.907839262436102,10.907839262436102,10.907839262436102,450.0,450.0,450.0,0.0,,undefined_no_actual_delta
ningxia_irrigation,spring_maize,4,5.0,2011,2011-09-04,10.907839262436102,10.907839262436102,10.907839262436102,450.0,450.0,450.0,0.0,,undefined_no_actual_delta
ningxia_irrigation,spring_maize,4,10.0,2011,2011-09-04,10.907839262436102,10.907839262436102,10.907839262436102,450.0,450.0,450.0,0.0,,undefined_no_actual_delta
ningxia_irrigation,spring_maize,4,15.0,2011,2011-09-04,10.907839262436102,10.907839262436102,10.907839262436102,450.0,450.0,450.0,0.0,,undefined_no_actual_delta
ningxia_irrigation,maize,1,5.0,2012,2012-06-29,11.994138480802366,11.994138480802366,11.994138480802366,450.0,450.0,450.0,0.0,,undefined_no_actual_delta
ningxia_irrigation,maize,1,10.0,2012,2012-06-29,11.994138480802366,11.994138480802366,11.994138480802366,450.0,450.0,450.0,0.0,,undefined_no_actual_delta
ningxia_irrigation,maize,1,15.0,2012,2012-06-29,11.994138480802366,11.994138480802366,11.994138480802366,450.0,450.0,450.0,0.0,,undefined_no_actual_delta
ningxia_irrigation,maize,2,5.0,2012,2012-07-27,11.994138480802366,11.994138480802366,11.994138480802366,450.0,450.0,450.0,0.0,,undefined_no_actual_delta
ningxia_irrigation,maize,2,10.0,2012,2012-07-27,11.994138480802366,11.994138480802366,11.994138480802366,450.0,450.0,450.0,0.0,,undefined_no_actual_delta
ningxia_irrigation,maize,2,15.0,2012,2012-07-27,11.994138480802366,11.994138480802366,11.994138480802366,450.0,450.0,450.0,0.0,,undefined_no_actual_delta
ningxia_irrigation,maize,3,5.0,2012,2012-08-19,11.994138480802366,11.994138480802366,11.994138480802366,450.0,450.0,450.0,0.0,,undefined_no_actual_delta
ningxia_irrigation,maize,3,10.0,2012,2012-08-19,11.994138480802366,11.994138480802366,11.994138480802366,450.0,450.0,450.0,0.0,,undefined_no_actual_delta
ningxia_irrigation,maize,3,15.0,2012,2012-08-19,11.994138480802366,11.994138480802366,11.994138480802366,450.0,450.0,450.0,0.0,,undefined_no_actual_delta
ningxia_irrigation,maize,4,5.0,2012,2012-09-17,11.994138480802366,11.994138480802366,11.994138480802366,450.0,450.0,450.0,0.0,,undefined_no_actual_delta
ningxia_irrigation,maize,4,10.0,2012,2012-09-17,11.994138480802366,11.994138480802366,11.994138480802366,450.0,450.0,450.0,0.0,,undefined_no_actual_delta
ningxia_irrigation,maize,4,15.0,2012,2012-09-17,11.994138480802366,11.994138480802366,11.994138480802366,450.0,450.0,450.0,0.0,,undefined_no_actual_delta
ningxia_irrigation,spring_maize,1,5.0,2012,2012-05-13,11.974459803397615,11.994138480802366,12.005586023874969,450.0,450.0,450.0,0.0,,undefined_no_actual_delta
ningxia_irrigation,spring_maize,1,10.0,2012,2012-05-13,11.940911449010196,11.994138480802366,12.005586023874969,450.0,450.0,450.0,0.0,,undefined_no_actual_delta
ningxia_irrigation,spring_maize,1,15.0,2012,2012-05-13,11.903994081435279,11.994138480802366,12.005586023874969,450.0,450.0,450.0,0.0,,undefined_no_actual_delta
ningxia_irrigation,spring_maize,2,5.0,2012,2012-06-20,11.994138480802366,11.994138480802366,11.994138480802366,450.0,450.0,450.0,0.0,,undefined_no_actual_delta
ningxia_irrigation,spring_maize,2,10.0,2012,2012-06-20,11.994138480802366,11.994138480802366,11.994138480802366,450.0,450.0,450.0,0.0,,undefined_no_actual_delta
ningxia_irrigation,spring_maize,2,15.0,2012,2012-06-20,11.994138480802366,11.994138480802366,11.994138480802366,450.0,450.0,450.0,0.0,,undefined_no_actual_delta
ningxia_irrigation,spring_maize,3,5.0,2012,2012-07-25,11.994138480802366,11.994138480802366,11.994138480802366,450.0,450.0,450.0,0.0,,undefined_no_actual_delta
ningxia_irrigation,spring_maize,3,10.0,2012,2012-07-25,11.994138480802366,11.994138480802366,11.994138480802366,450.0,450.0,450.0,0.0,,undefined_no_actual_delta
ningxia_irrigation,spring_maize,3,15.0,2012,2012-07-25,11.994138480802366,11.994138480802366,11.994138480802366,450.0,450.0,450.0,0.0,,undefined_no_actual_delta
ningxia_irrigation,spring_maize,4,5.0,2012,2012-09-04,11.994138480802366,11.994138480802366,11.994138480802366,450.0,450.0,450.0,0.0,,undefined_no_actual_delta
ningxia_irrigation,spring_maize,4,10.0,2012,2012-09-04,11.994138480802366,11.994138480802366,11.994138480802366,450.0,450.0,450.0,0.0,,undefined_no_actual_delta
ningxia_irrigation,spring_maize,4,15.0,2012,2012-09-04,11.994138480802366,11.994138480802366,11.994138480802366,450.0,450.0,450.0,0.0,,undefined_no_actual_delta
ningxia_irrigation,maize,1,5.0,2013,2013-06-29,11.484964305034934,11.484964305034934,11.484964305034934,450.0,450.0,450.0,0.0,,undefined_no_actual_delta
ningxia_irrigation,maize,1,10.0,2013,2013-06-29,11.484964305034934,11.484964305034934,11.484964305034934,450.0,450.0,450.0,0.0,,undefined_no_actual_delta
ningxia_irrigation,maize,1,15.0,2013,2013-06-29,11.484964305034934,11.484964305034934,11.484964305034934,450.0,450.0,450.0,0.0,,undefined_no_actual_delta
ningxia_irrigation,maize,2,5.0,2013,2013-07-27,11.484964305034934,11.484964305034934,11.484964305034934,450.0,450.0,450.0,0.0,,undefined_no_actual_delta
ningxia_irrigation,maize,2,10.0,2013,2013-07-27,11.484964305034934,11.484964305034934,11.484964305034934,450.0,450.0,450.0,0.0,,undefined_no_actual_delta
ningxia_irrigation,maize,2,15.0,2013,2013-07-27,11.484964305034934,11.484964305034934,11.484964305034934,450.0,450.0,450.0,0.0,,undefined_no_actual_delta
ningxia_irrigation,maize,3,5.0,2013,2013-08-19,11.484964305034934,11.484964305034934,11.484964305034934,450.0,450.0,450.0,0.0,,undefined_no_actual_delta
ningxia_irrigation,maize,3,10.0,2013,2013-08-19,11.484964305034934,11.484964305034934,11.484964305034934,450.0,450.0,450.0,0.0,,undefined_no_actual_delta
ningxia_irrigation,maize,3,15.0,2013,2013-08-19,11.484964305034934,11.484964305034934,11.484964305034934,450.0,450.0,450.0,0.0,,undefined_no_actual_delta
ningxia_irrigation,maize,4,5.0,2013,2013-09-17,11.484964305034934,11.484964305034934,11.484964305034934,450.0,450.0,450.0,0.0,,undefined_no_actual_delta
ningxia_irrigation,maize,4,10.0,2013,2013-09-17,11.484964305034934,11.484964305034934,11.484964305034934,450.0,450.0,450.0,0.0,,undefined_no_actual_delta
ningxia_irrigation,maize,4,15.0,2013,2013-09-17,11.484964305034934,11.484964305034934,11.484964305034934,450.0,450.0,450.0,0.0,,undefined_no_actual_delta
ningxia_irrigation,spring_maize,1,5.0,2013,2013-05-13,11.48111558113932,11.484964305034934,11.516871300081753,450.0,450.0,450.0,0.0,,undefined_no_actual_delta
ningxia_irrigation,spring_maize,1,10.0,2013,2013-05-13,11.451571838688187,11.484964305034934,11.516871300081753,450.0,450.0,450.0,0.0,,undefined_no_actual_delta
ningxia_irrigation,spring_maize,1,15.0,2013,2013-05-13,11.417602307269252,11.484964305034934,11.516871300081753,450.0,450.0,450.0,0.0,,undefined_no_actual_delta
ningxia_irrigation,spring_maize,2,5.0,2013,2013-06-20,11.484964305034934,11.484964305034934,11.484964305034934,450.0,450.0,450.0,0.0,,undefined_no_actual_delta
ningxia_irrigation,spring_maize,2,10.0,2013,2013-06-20,11.484964305034934,11.484964305034934,11.484964305034934,450.0,450.0,450.0,0.0,,undefined_no_actual_delta
ningxia_irrigation,spring_maize,2,15.0,2013,2013-06-20,11.484964305034934,11.484964305034934,11.484964305034934,450.0,450.0,450.0,0.0,,undefined_no_actual_delta
ningxia_irrigation,spring_maize,3,5.0,2013,2013-07-25,11.484964305034934,11.484964305034934,11.484964305034934,450.0,450.0,450.0,0.0,,undefined_no_actual_delta
ningxia_irrigation,spring_maize,3,10.0,2013,2013-07-25,11.484964305034934,11.484964305034934,11.484964305034934,450.0,450.0,450.0,0.0,,undefined_no_actual_delta
ningxia_irrigation,spring_maize,3,15.0,2013,2013-07-25,11.484964305034934,11.484964305034934,11.484964305034934,450.0,450.0,450.0,0.0,,undefined_no_actual_delta
ningxia_irrigation,spring_maize,4,5.0,2013,2013-09-04,11.484964305034934,11.484964305034934,11.484964305034934,450.0,450.0,450.0,0.0,,undefined_no_actual_delta
ningxia_irrigation,spring_maize,4,10.0,2013,2013-09-04,11.484964305034934,11.484964305034934,11.484964305034934,450.0,450.0,450.0,0.0,,undefined_no_actual_delta
ningxia_irrigation,spring_maize,4,15.0,2013,2013-09-04,11.484964305034934,11.484964305034934,11.484964305034934,450.0,450.0,450.0,0.0,,undefined_no_actual_delta
ningxia_irrigation,maize,1,5.0,2014,2014-06-29,13.48976947791551,13.48976947791551,13.48976947791551,450.0,450.0,450.0,0.0,,undefined_no_actual_delta
ningxia_irrigation,maize,1,10.0,2014,2014-06-29,13.48976947791551,13.48976947791551,13.48976947791551,450.0,450.0,450.0,0.0,,undefined_no_actual_delta
ningxia_irrigation,maize,1,15.0,2014,2014-06-29,13.48976947791551,13.48976947791551,13.48976947791551,450.0,450.0,450.0,0.0,,undefined_no_actual_delta
ningxia_irrigation,maize,2,5.0,2014,2014-07-27,13.48976947791551,13.48976947791551,13.48976947791551,450.0,450.0,450.0,0.0,,undefined_no_actual_delta
ningxia_irrigation,maize,2,10.0,2014,2014-07-27,13.48976947791551,13.48976947791551,13.48976947791551,450.0,450.0,450.0,0.0,,undefined_no_actual_delta
ningxia_irrigation,maize,2,15.0,2014,2014-07-27,13.48976947791551,13.48976947791551,13.48976947791551,450.0,450.0,450.0,0.0,,undefined_no_actual_delta
ningxia_irrigation,maize,3,5.0,2014,2014-08-19,13.48976947791551,13.48976947791551,13.48976947791551,450.0,450.0,450.0,0.0,,undefined_no_actual_delta
ningxia_irrigation,maize,3,10.0,2014,2014-08-19,13.48976947791551,13.48976947791551,13.48976947791551,450.0,450.0,450.0,0.0,,undefined_no_actual_delta
ningxia_irrigation,maize,3,15.0,2014,2014-08-19,13.48976947791551,13.48976947791551,13.48976947791551,450.0,450.0,450.0,0.0,,undefined_no_actual_delta
ningxia_irrigation,maize,4,5.0,2014,2014-09-17,13.48976947791551,13.48976947791551,13.48976947791551,450.0,450.0,450.0,0.0,,undefined_no_actual_delta
ningxia_irrigation,maize,4,10.0,2014,2014-09-17,13.48976947791551,13.48976947791551,13.48976947791551,450.0,450.0,450.0,0.0,,undefined_no_actual_delta
ningxia_irrigation,maize,4,15.0,2014,2014-09-17,13.48976947791551,13.48976947791551,13.48976947791551,450.0,450.0,450.0,0.0,,undefined_no_actual_delta
ningxia_irrigation,spring_maize,1,5.0,2014,2014-05-13,13.481097784148732,13.48976947791551,13.49371983948946,450.0,450.0,450.0,0.0,,undefined_no_actual_delta
ningxia_irrigation,spring_maize,1,10.0,2014,2014-05-13,13.419295758108479,13.48976947791551,13.49371983948946,450.0,450.0,450.0,0.0,,undefined_no_actual_delta
ningxia_irrigation,spring_maize,1,15.0,2014,2014-05-13,13.433978031408799,13.48976947791551,13.49371983948946,450.0,450.0,450.0,0.0,,undefined_no_actual_delta
ningxia_irrigation,spring_maize,2,5.0,2014,2014-06-20,13.48976947791551,13.48976947791551,13.48976947791551,450.0,450.0,450.0,0.0,,undefined_no_actual_delta
ningxia_irrigation,spring_maize,2,10.0,2014,2014-06-20,13.48976947791551,13.48976947791551,13.48976947791551,450.0,450.0,450.0,0.0,,undefined_no_actual_delta
ningxia_irrigation,spring_maize,2,15.0,2014,2014-06-20,13.48976947791551,13.48976947791551,13.48976947791551,450.0,450.0,450.0,0.0,,undefined_no_actual_delta
ningxia_irrigation,spring_maize,3,5.0,2014,2014-07-25,13.48976947791551,13.48976947791551,13.48976947791551,450.0,450.0,450.0,0.0,,undefined_no_actual_delta
ningxia_irrigation,spring_maize,3,10.0,2014,2014-07-25,13.48976947791551,13.48976947791551,13.48976947791551,450.0,450.0,450.0,0.0,,undefined_no_actual_delta
ningxia_irrigation,spring_maize,3,15.0,2014,2014-07-25,13.48976947791551,13.48976947791551,13.48976947791551,450.0,450.0,450.0,0.0,,undefined_no_actual_delta
ningxia_irrigation,spring_maize,4,5.0,2014,2014-09-04,13.48976947791551,13.48976947791551,13.48976947791551,450.0,450.0,450.0,0.0,,undefined_no_actual_delta
ningxia_irrigation,spring_maize,4,10.0,2014,2014-09-04,13.48976947791551,13.48976947791551,13.48976947791551,450.0,450.0,450.0,0.0,,undefined_no_actual_delta
ningxia_irrigation,spring_maize,4,15.0,2014,2014-09-04,13.48976947791551,13.48976947791551,13.48976947791551,450.0,450.0,450.0,0.0,,undefined_no_actual_delta
ningxia_irrigation,maize,1,5.0,2015,2015-06-29,13.442320323972355,13.442320323972355,13.442320323972355,450.0,450.0,450.0,0.0,,undefined_no_actual_delta
ningxia_irrigation,maize,1,10.0,2015,2015-06-29,13.442320323972355,13.442320323972355,13.442320323972355,450.0,450.0,450.0,0.0,,undefined_no_actual_delta
ningxia_irrigation,maize,1,15.0,2015,2015-06-29,13.442320323972355,13.442320323972355,13.442320323972355,450.0,450.0,450.0,0.0,,undefined_no_actual_delta
ningxia_irrigation,maize,2,5.0,2015,2015-07-27,13.442320323972355,13.442320323972355,13.442320323972355,450.0,450.0,450.0,0.0,,undefined_no_actual_delta
ningxia_irrigation,maize,2,10.0,2015,2015-07-27,13.442320323972355,13.442320323972355,13.442320323972355,450.0,450.0,450.0,0.0,,undefined_no_actual_delta
ningxia_irrigation,maize,2,15.0,2015,2015-07-27,13.442320323972355,13.442320323972355,13.442320323972355,450.0,450.0,450.0,0.0,,undefined_no_actual_delta
ningxia_irrigation,maize,3,5.0,2015,2015-08-19,13.442320323972355,13.442320323972355,13.442320323972355,450.0,450.0,450.0,0.0,,undefined_no_actual_delta
ningxia_irrigation,maize,3,10.0,2015,2015-08-19,13.442320323972355,13.442320323972355,13.442320323972355,450.0,450.0,450.0,0.0,,undefined_no_actual_delta
ningxia_irrigation,maize,3,15.0,2015,2015-08-19,13.442320323972355,13.442320323972355,13.442320323972355,450.0,450.0,450.0,0.0,,undefined_no_actual_delta
ningxia_irrigation,maize,4,5.0,2015,2015-09-17,13.442320323972355,13.442320323972355,13.442320323972355,450.0,450.0,450.0,0.0,,undefined_no_actual_delta
ningxia_irrigation,maize,4,10.0,2015,2015-09-17,13.442320323972355,13.442320323972355,13.442320323972355,450.0,450.0,450.0,0.0,,undefined_no_actual_delta
ningxia_irrigation,maize,4,15.0,2015,2015-09-17,13.442320323972355,13.442320323972355,13.442320323972355,450.0,450.0,450.0,0.0,,undefined_no_actual_delta
ningxia_irrigation,spring_maize,1,5.0,2015,2015-05-13,13.426293941309313,13.442320323972355,13.45221044653061,450.0,450.0,450.0,0.0,,undefined_no_actual_delta
ningxia_irrigation,spring_maize,1,10.0,2015,2015-05-13,13.398507298635826,13.442320323972355,13.45221044653061,450.0,450.0,450.0,0.0,,undefined_no_actual_delta
ningxia_irrigation,spring_maize,1,15.0,2015,2015-05-13,13.40805652730446,13.442320323972355,13.45221044653061,450.0,450.0,450.0,0.0,,undefined_no_actual_delta
ningxia_irrigation,spring_maize,2,5.0,2015,2015-06-20,13.442320323972355,13.442320323972355,13.442320323972355,450.0,450.0,450.0,0.0,,undefined_no_actual_delta
ningxia_irrigation,spring_maize,2,10.0,2015,2015-06-20,13.442320323972355,13.442320323972355,13.442320323972355,450.0,450.0,450.0,0.0,,undefined_no_actual_delta
ningxia_irrigation,spring_maize,2,15.0,2015,2015-06-20,13.442320323972355,13.442320323972355,13.442320323972355,450.0,450.0,450.0,0.0,,undefined_no_actual_delta
ningxia_irrigation,spring_maize,3,5.0,2015,2015-07-25,13.442320323972355,13.442320323972355,13.442320323972355,450.0,450.0,450.0,0.0,,undefined_no_actual_delta
ningxia_irrigation,spring_maize,3,10.0,2015,2015-07-25,13.442320323972355,13.442320323972355,13.442320323972355,450.0,450.0,450.0,0.0,,undefined_no_actual_delta
ningxia_irrigation,spring_maize,3,15.0,2015,2015-07-25,13.442320323972355,13.442320323972355,13.442320323972355,450.0,450.0,450.0,0.0,,undefined_no_actual_delta
ningxia_irrigation,spring_maize,4,5.0,2015,2015-09-04,13.442320323972355,13.442320323972355,13.442320323972355,450.0,450.0,450.0,0.0,,undefined_no_actual_delta
ningxia_irrigation,spring_maize,4,10.0,2015,2015-09-04,13.442320323972355,13.442320323972355,13.442320323972355,450.0,450.0,450.0,0.0,,undefined_no_actual_delta
ningxia_irrigation,spring_maize,4,15.0,2015,2015-09-04,13.442320323972355,13.442320323972355,13.442320323972355,450.0,450.0,450.0,0.0,,undefined_no_actual_delta
ningxia_irrigation,maize,1,5.0,2016,2016-06-29,14.175999718880893,14.175999718880893,14.175999718880893,450.0,450.0,450.0,0.0,,undefined_no_actual_delta
ningxia_irrigation,maize,1,10.0,2016,2016-06-29,14.175999718880893,14.175999718880893,14.175999718880893,450.0,450.0,450.0,0.0,,undefined_no_actual_delta
ningxia_irrigation,maize,1,15.0,2016,2016-06-29,14.175999718880893,14.175999718880893,14.175999718880893,450.0,450.0,450.0,0.0,,undefined_no_actual_delta
ningxia_irrigation,maize,2,5.0,2016,2016-07-27,14.175999718880893,14.175999718880893,14.175999718880893,450.0,450.0,450.0,0.0,,undefined_no_actual_delta
ningxia_irrigation,maize,2,10.0,2016,2016-07-27,14.175999718880893,14.175999718880893,14.175999718880893,450.0,450.0,450.0,0.0,,undefined_no_actual_delta
ningxia_irrigation,maize,2,15.0,2016,2016-07-27,14.175999718880893,14.175999718880893,14.175999718880893,450.0,450.0,450.0,0.0,,undefined_no_actual_delta
ningxia_irrigation,maize,3,5.0,2016,2016-08-19,14.175999718880893,14.175999718880893,14.175999718880893,450.0,450.0,450.0,0.0,,undefined_no_actual_delta
ningxia_irrigation,maize,3,10.0,2016,2016-08-19,14.175999718880893,14.175999718880893,14.175999718880893,450.0,450.0,450.0,0.0,,undefined_no_actual_delta
ningxia_irrigation,maize,3,15.0,2016,2016-08-19,14.175999718880893,14.175999718880893,14.175999718880893,450.0,450.0,450.0,0.0,,undefined_no_actual_delta
ningxia_irrigation,maize,4,5.0,2016,2016-09-17,14.175999718880893,14.175999718880893,14.175999718880893,450.0,450.0,450.0,0.0,,undefined_no_actual_delta
ningxia_irrigation,maize,4,10.0,2016,2016-09-17,14.175999718880893,14.175999718880893,14.175999718880893,450.0,450.0,450.0,0.0,,undefined_no_actual_delta
ningxia_irrigation,maize,4,15.0,2016,2016-09-17,14.175999718880893,14.175999718880893,14.175999718880893,450.0,450.0,450.0,0.0,,undefined_no_actual_delta
ningxia_irrigation,spring_maize,1,5.0,2016,2016-05-13,14.14950644745724,14.175999718880893,14.194128333608637,450.0,450.0,450.0,0.0,,undefined_no_actual_delta
ningxia_irrigation,spring_maize,1,10.0,2016,2016-05-13,14.114895431264701,14.175999718880893,14.194128333608637,450.0,450.0,450.0,0.0,,undefined_no_actual_delta
ningxia_irrigation,spring_maize,1,15.0,2016,2016-05-13,14.01449492866449,14.175999718880893,14.194128333608637,450.0,450.0,450.0,0.0,,undefined_no_actual_delta
ningxia_irrigation,spring_maize,2,5.0,2016,2016-06-20,14.175999718880893,14.175999718880893,14.175999718880893,450.0,450.0,450.0,0.0,,undefined_no_actual_delta
ningxia_irrigation,spring_maize,2,10.0,2016,2016-06-20,14.175999718880893,14.175999718880893,14.175999718880893,450.0,450.0,450.0,0.0,,undefined_no_actual_delta
ningxia_irrigation,spring_maize,2,15.0,2016,2016-06-20,14.175999718880893,14.175999718880893,14.175999718880893,450.0,450.0,450.0,0.0,,undefined_no_actual_delta
ningxia_irrigation,spring_maize,3,5.0,2016,2016-07-25,14.175999718880893,14.175999718880893,14.175999718880893,450.0,450.0,450.0,0.0,,undefined_no_actual_delta
ningxia_irrigation,spring_maize,3,10.0,2016,2016-07-25,14.175999718880893,14.175999718880893,14.175999718880893,450.0,450.0,450.0,0.0,,undefined_no_actual_delta
ningxia_irrigation,spring_maize,3,15.0,2016,2016-07-25,14.175999718880893,14.175999718880893,14.175999718880893,450.0,450.0,450.0,0.0,,undefined_no_actual_delta
ningxia_irrigation,spring_maize,4,5.0,2016,2016-09-04,14.175999718880893,14.175999718880893,14.175999718880893,450.0,450.0,450.0,0.0,,undefined_no_actual_delta
ningxia_irrigation,spring_maize,4,10.0,2016,2016-09-04,14.175999718880893,14.175999718880893,14.175999718880893,450.0,450.0,450.0,0.0,,undefined_no_actual_delta
ningxia_irrigation,spring_maize,4,15.0,2016,2016-09-04,14.175999718880893,14.175999718880893,14.175999718880893,450.0,450.0,450.0,0.0,,undefined_no_actual_delta
ningxia_irrigation,maize,1,5.0,2017,2017-06-29,12.352527070053316,12.352527070053316,12.352527070053316,450.0,450.0,450.0,0.0,,undefined_no_actual_delta
ningxia_irrigation,maize,1,10.0,2017,2017-06-29,12.352527070053316,12.352527070053316,12.352527070053316,450.0,450.0,450.0,0.0,,undefined_no_actual_delta
ningxia_irrigation,maize,1,15.0,2017,2017-06-29,12.352527070053316,12.352527070053316,12.352527070053316,450.0,450.0,450.0,0.0,,undefined_no_actual_delta
ningxia_irrigation,maize,2,5.0,2017,2017-07-27,12.352527070053316,12.352527070053316,12.352527070053316,450.0,450.0,450.0,0.0,,undefined_no_actual_delta
ningxia_irrigation,maize,2,10.0,2017,2017-07-27,12.352527070053316,12.352527070053316,12.352527070053316,450.0,450.0,450.0,0.0,,undefined_no_actual_delta
ningxia_irrigation,maize,2,15.0,2017,2017-07-27,12.355837698192842,12.352527070053316,12.352527070053316,450.0,450.0,450.0,0.0,,undefined_no_actual_delta
ningxia_irrigation,maize,3,5.0,2017,2017-08-19,12.352527070053316,12.352527070053316,12.352527070053316,450.0,450.0,450.0,0.0,,undefined_no_actual_delta
ningxia_irrigation,maize,3,10.0,2017,2017-08-19,12.352527070053316,12.352527070053316,12.352527070053316,450.0,450.0,450.0,0.0,,undefined_no_actual_delta
ningxia_irrigation,maize,3,15.0,2017,2017-08-19,12.352527070053316,12.352527070053316,12.352527070053316,450.0,450.0,450.0,0.0,,undefined_no_actual_delta
ningxia_irrigation,maize,4,5.0,2017,2017-09-17,12.352527070053316,12.352527070053316,12.352527070053316,450.0,450.0,450.0,0.0,,undefined_no_actual_delta
ningxia_irrigation,maize,4,10.0,2017,2017-09-17,12.352527070053316,12.352527070053316,12.352527070053316,450.0,450.0,450.0,0.0,,undefined_no_actual_delta
ningxia_irrigation,maize,4,15.0,2017,2017-09-17,12.352527070053316,12.352527070053316,12.352527070053316,450.0,450.0,450.0,0.0,,undefined_no_actual_delta
ningxia_irrigation,spring_maize,1,5.0,2017,2017-05-13,12.448326941890766,12.352527070053316,12.336632528379829,450.0,450.0,450.0,0.0,,undefined_no_actual_delta
ningxia_irrigation,spring_maize,1,10.0,2017,2017-05-13,12.59766986601098,12.352527070053316,12.336632528379829,450.0,450.0,450.0,0.0,,undefined_no_actual_delta
ningxia_irrigation,spring_maize,1,15.0,2017,2017-05-13,12.64404778313959,12.352527070053316,12.336632528379829,450.0,450.0,450.0,0.0,,undefined_no_actual_delta
ningxia_irrigation,spring_maize,2,5.0,2017,2017-06-20,12.352527070053316,12.352527070053316,12.352527070053316,450.0,450.0,450.0,0.0,,undefined_no_actual_delta
ningxia_irrigation,spring_maize,2,10.0,2017,2017-06-20,12.352527070053316,12.352527070053316,12.352527070053316,450.0,450.0,450.0,0.0,,undefined_no_actual_delta
ningxia_irrigation,spring_maize,2,15.0,2017,2017-06-20,12.352527070053316,12.352527070053316,12.352527070053316,450.0,450.0,450.0,0.0,,undefined_no_actual_delta
ningxia_irrigation,spring_maize,3,5.0,2017,2017-07-25,12.352527070053316,12.352527070053316,12.352527070053316,450.0,450.0,450.0,0.0,,undefined_no_actual_delta
ningxia_irrigation,spring_maize,3,10.0,2017,2017-07-25,12.352527070053316,12.352527070053316,12.352527070053316,450.0,450.0,450.0,0.0,,undefined_no_actual_delta
ningxia_irrigation,spring_maize,3,15.0,2017,2017-07-25,12.352527070053316,12.352527070053316,12.352527070053316,450.0,450.0,450.0,0.0,,undefined_no_actual_delta
ningxia_irrigation,spring_maize,4,5.0,2017,2017-09-04,12.352527070053316,12.352527070053316,12.352527070053316,450.0,450.0,450.0,0.0,,undefined_no_actual_delta
ningxia_irrigation,spring_maize,4,10.0,2017,2017-09-04,12.352527070053316,12.352527070053316,12.352527070053316,450.0,450.0,450.0,0.0,,undefined_no_actual_delta
ningxia_irrigation,spring_maize,4,15.0,2017,2017-09-04,12.352527070053316,12.352527070053316,12.352527070053316,450.0,450.0,450.0,0.0,,undefined_no_actual_delta
