policy,site_id,year,preference,total_yield_t_ha,total_irrigation_mm,action_modified_rate,undiscounted_return,discounted_return,wheat_yield,wheat_irr,maize_yield,maize_irr,spring_maize_yield,spring_maize_irr,seed
ppo_direct_wq,beijing_plain,2018,balanced,13.458522701657007,190.0,0.09821428571428571,0.08411291514237679,-0.02977222379814559,2.889985611981872,90.0,10.568537089675134,100.0,,,0
ppo_direct_wq,beijing_plain,2018,yield_max,14.094372252614026,450.0,0.4642857142857143,0.3629351766798332,0.09031136636354387,2.932448563573644,250.0,11.161923689040382,200.0,,,0
ppo_direct_wq,beijing_plain,2018,water_min,12.988425488754205,195.0,0.0625,-0.28212020102897617,-0.20513173807505614,2.831728955864236,40.0,10.156696532889969,155.0,,,0
ppo_direct_wq,beijing_plain,2018,cost_min,13.701993198036755,215.0,0.125,-0.4065517608808604,-0.2931319380719687,2.808763683903799,45.0,10.893229514132956,170.0,,,0
ppo_direct_wq,beijing_plain,2018,risk_min,7.141825955373802,450.0,0.9464285714285714,-0.20085344257101445,-0.17691148091952755,2.962514901247754,445.0,4.179311054126049,5.0,,,0
ppo_direct_wq,beijing_plain,2018,yield_vs_water,13.172351083170842,350.0,0.21428571428571427,0.019479277727544098,-0.07868557831765388,2.8748641062032676,70.0,10.297486976967575,280.0,,,0
ppo_direct_wq,beijing_plain,2018,water_vs_cost,13.019183313239092,145.0,0.044642857142857144,-0.2486046540565525,-0.18704809631333275,2.8133997130577093,40.0,10.205783600181382,105.0,,,0
ppo_direct_wq,beijing_plain,2019,balanced,8.657514013968797,450.0,0.21818181818181817,-0.8883290655056997,-0.71060340135735,1.738095160996363,365.0,6.919418852972434,85.0,,,0
ppo_direct_wq,beijing_plain,2019,yield_max,5.4643392276385425,450.0,0.7363636363636363,-1.6731168434021937,-1.1595733622105113,2.7829728459500624,450.0,2.68136638168848,0.0,,,0
ppo_direct_wq,beijing_plain,2019,water_min,7.903858645725164,450.0,0.10909090909090909,-1.506356125019233,-1.113308077900349,1.6731794177864305,400.0,6.230679227938733,50.0,,,0
ppo_direct_wq,beijing_plain,2019,cost_min,10.753569412581333,450.0,0.2545454545454545,-1.6424201607632045,-1.2027858858409783,1.1753669811720577,350.0,9.578202431409276,100.0,,,0
ppo_direct_wq,beijing_plain,2019,risk_min,5.427269886187107,450.0,0.990909090909091,-4.564896532296954,-2.837021440866726,2.75793107870684,450.0,2.669338807480267,0.0,,,0
ppo_direct_wq,beijing_plain,2019,yield_vs_water,9.533799210770892,450.0,0.23636363636363636,-0.9537594216528431,-0.7446323498633397,1.8732149259104427,385.0,7.660584284860449,65.0,,,0
ppo_direct_wq,beijing_plain,2019,water_vs_cost,8.532720529264058,450.0,0.18181818181818182,-1.0930902823575266,-0.8547397743230839,1.5051808262839454,380.0,7.027539702980113,70.0,,,0
ppo_direct_wq,beijing_plain,2020,balanced,12.577399650966816,240.0,0.045454545454545456,-0.0162715070851982,-0.1049146978028686,2.1280310913860396,215.0,10.449368559580776,25.0,,,0
ppo_direct_wq,beijing_plain,2020,yield_max,14.656728487679064,450.0,0.45454545454545453,0.4201006803316786,0.1207287738333419,3.259800901410834,350.0,11.39692758626823,100.0,,,0
ppo_direct_wq,beijing_plain,2020,water_min,11.660855897466877,105.0,0.01818181818181818,-0.13809206927245765,-0.11650252079137584,0.716443401587554,85.0,10.944412495879323,20.0,,,0
ppo_direct_wq,beijing_plain,2020,cost_min,8.152439059991147,210.0,0.08181818181818182,-0.7287562016627224,-0.5325435582471691,0.9277818255695828,90.0,7.2246572344215645,120.0,,,0
ppo_direct_wq,beijing_plain,2020,risk_min,9.149275275304701,450.0,0.9545454545454546,-2.274777399761679,-1.5134931155067006,3.361744593192174,450.0,5.787530682112527,0.0,,,0
ppo_direct_wq,beijing_plain,2020,yield_vs_water,12.566041528143568,235.0,0.03636363636363636,0.04890530623247691,-0.07839356266407821,2.0280776865301577,210.0,10.537963841613411,25.0,,,0
ppo_direct_wq,beijing_plain,2020,water_vs_cost,7.7891846744624065,165.0,0.06363636363636363,-0.34655987610702077,-0.2506297112522957,0.6415118349671728,45.0,7.147672839495233,120.0,,,0
ppo_direct_wq,beijing_plain,2021,balanced,13.097389680566438,200.0,0.09090909090909091,0.03883395195370337,-0.06381602230158517,1.6100712680828286,150.0,11.48731841248361,50.0,,,0
ppo_direct_wq,beijing_plain,2021,yield_max,14.83262169061543,400.0,0.5545454545454546,0.45942725571749576,0.14264014228122912,3.344448162998939,325.0,11.48817352761649,75.0,,,0
ppo_direct_wq,beijing_plain,2021,water_min,12.387243092792042,105.0,0.045454545454545456,-0.13170843001613902,-0.1103149151491711,0.8517759908987572,45.0,11.535467101893286,60.0,,,0
ppo_direct_wq,beijing_plain,2021,cost_min,11.991789831214998,70.0,0.01818181818181818,-0.4043435129465329,-0.3107590585386774,0.8712340714798671,60.0,11.120555759735131,10.0,,,0
ppo_direct_wq,beijing_plain,2021,risk_min,10.68125358748981,450.0,0.9727272727272728,-0.16236604840574098,-0.16279005985083617,3.4943628542281964,450.0,7.186890733261613,0.0,,,0
ppo_direct_wq,beijing_plain,2021,yield_vs_water,11.819537809774513,200.0,0.045454545454545456,0.09131069425596638,-0.03999369131680508,1.6967928825950036,175.0,10.12274492717951,25.0,,,0
ppo_direct_wq,beijing_plain,2021,water_vs_cost,11.828285586647024,50.0,0.0,-0.05831650123964327,-0.06689832735136333,0.8597758373099861,50.0,10.968509749337038,0.0,,,0
ppo_direct_wq,beijing_plain,2022,balanced,14.5592215445607,165.0,0.07142857142857142,0.15646891116989775,0.014529506202812237,3.0949824907307444,115.0,11.464239053829955,50.0,,,0
ppo_direct_wq,beijing_plain,2022,yield_max,14.767852435092731,375.0,0.4375,0.45370035261629604,0.1457675491490928,3.212412416774908,275.0,11.555440018317823,100.0,,,0
ppo_direct_wq,beijing_plain,2022,water_min,14.542632617467309,90.0,0.0,-0.1768072438996404,-0.1445706572789393,3.012502912181979,90.0,11.53012970528533,0.0,,,0
ppo_direct_wq,beijing_plain,2022,cost_min,14.469302678584407,105.0,0.05357142857142857,-0.14302672184230156,-0.12950158683041335,3.0680137889962946,95.0,11.401288889588113,10.0,,,0
ppo_direct_wq,beijing_plain,2022,risk_min,14.48874798505603,450.0,0.9464285714285714,-0.13185258137761538,-0.139419594690179,3.319678554491367,450.0,11.169069430564662,0.0,,,0
ppo_direct_wq,beijing_plain,2022,yield_vs_water,14.657407448545445,155.0,0.044642857142857144,0.29013334230738536,0.08375386275186808,3.1284166811344387,130.0,11.528990767411006,25.0,,,0
ppo_direct_wq,beijing_plain,2022,water_vs_cost,14.356415432065539,80.0,0.0,-0.0970307808083681,-0.08968660632607542,3.0046284842661413,70.0,11.351786947799399,10.0,,,0
ppo_direct_wq,hebei_central,2018,balanced,12.437496624986814,245.0,0.09821428571428571,0.015882927407945724,-0.06760872728184464,4.226247002178121,45.0,8.211249622808692,200.0,,,0
ppo_direct_wq,hebei_central,2018,yield_max,15.304427563949178,450.0,0.6964285714285714,0.4886053999499773,0.16381102649975604,4.272346236806918,200.0,11.03208132714226,250.0,,,0
ppo_direct_wq,hebei_central,2018,water_min,11.402206675469145,180.0,0.044642857142857144,-0.26061393995199833,-0.18462408081935833,4.179595868429414,10.0,7.2226108070397315,170.0,,,0
ppo_direct_wq,hebei_central,2018,cost_min,11.189541497224756,180.0,0.08035714285714286,-0.3189061995461635,-0.23251571839936405,4.1760933765278185,20.0,7.013448120696937,160.0,,,0
ppo_direct_wq,hebei_central,2018,risk_min,10.048695541281306,450.0,0.9464285714285714,-1.6119508669612814,-0.9948403121156254,4.272081238519123,350.0,5.776614302762184,100.0,,,0
ppo_direct_wq,hebei_central,2018,yield_vs_water,12.473576268095947,245.0,0.09821428571428571,0.13767336178612433,-0.006114204580962568,4.25150732117178,50.0,8.222068946924168,195.0,,,0
ppo_direct_wq,hebei_central,2018,water_vs_cost,11.055803485810506,140.0,0.05357142857142857,-0.2827761757245401,-0.20100099830214452,4.170313294822402,10.0,6.885490190988103,130.0,,,0
ppo_direct_wq,hebei_central,2019,balanced,13.734075891767736,430.0,0.14414414414414414,-0.18196745537713943,-0.2701138987330727,2.883704479373467,405.0,10.850371412394269,25.0,,,0
ppo_direct_wq,hebei_central,2019,yield_max,6.045280422097979,450.0,0.7927927927927928,-1.4726686874745956,-1.0411616387770608,4.350789119482998,450.0,1.6944913026149802,0.0,,,0
ppo_direct_wq,hebei_central,2019,water_min,13.548968971000225,405.0,0.036036036036036036,-0.7579612628631879,-0.6362325384528973,2.8533002180705904,405.0,10.695668752929635,0.0,,,0
ppo_direct_wq,hebei_central,2019,cost_min,9.291743683714275,450.0,0.1891891891891892,-1.0635584036635168,-0.8305374441056549,2.5895764159495283,370.0,6.702167267764747,80.0,,,0
ppo_direct_wq,hebei_central,2019,risk_min,4.8816315067884455,450.0,1.0,-3.8473676589242407,-2.345546355264398,4.345298505063071,450.0,0.5363330017253741,0.0,,,0
ppo_direct_wq,hebei_central,2019,yield_vs_water,14.306751701526622,445.0,0.13513513513513514,-0.013127158761083946,-0.17047113942549746,2.9273037610013435,420.0,11.379447940525278,25.0,,,0
ppo_direct_wq,hebei_central,2019,water_vs_cost,13.208687117649193,370.0,0.10810810810810811,-0.7454249633175427,-0.6358098840794342,2.5754786487833345,370.0,10.633208468865858,0.0,,,0
ppo_direct_wq,hebei_central,2020,balanced,15.6714874313283,260.0,0.0990990990990991,0.1167178332619957,-0.022761940724684238,4.50180073079405,145.0,11.16968670053425,115.0,,,0
ppo_direct_wq,hebei_central,2020,yield_max,16.113829730012203,450.0,0.6666666666666666,0.5655169152427705,0.2082991852332745,4.882413597550132,250.0,11.231416132462071,200.0,,,0
ppo_direct_wq,hebei_central,2020,water_min,15.382996918525954,140.0,0.009009009009009009,-0.25375531423120995,-0.20669858342764355,4.249775875995068,130.0,11.133221042530886,10.0,,,0
ppo_direct_wq,hebei_central,2020,cost_min,15.761634551941683,215.0,0.10810810810810811,-0.46367397911291763,-0.35549485042792295,4.314323333107694,115.0,11.447311218833988,100.0,,,0
ppo_direct_wq,hebei_central,2020,risk_min,15.037274509564025,450.0,0.990990990990991,-1.5163191343435463,-1.0737802305136217,4.887098717039703,420.0,10.150175792524323,30.0,,,0
ppo_direct_wq,hebei_central,2020,yield_vs_water,15.837267258008092,185.0,0.06306306306306306,0.35421051129638653,0.11358579375077937,4.566552569245236,160.0,11.270714688762856,25.0,,,0
ppo_direct_wq,hebei_central,2020,water_vs_cost,15.411093059294132,190.0,0.04504504504504504,-0.3240887453581912,-0.2552617322183942,4.098398703125583,110.0,11.31269435616855,80.0,,,0
ppo_direct_wq,hebei_central,2021,balanced,14.561655172630058,195.0,0.07339449541284404,0.1583604092185183,0.008547052540653133,4.4108494286393904,170.0,10.150805743990666,25.0,,,0
ppo_direct_wq,hebei_central,2021,yield_max,16.20094115576735,425.0,0.5596330275229358,0.5846829634325323,0.2231275048250857,4.729571771323233,300.0,11.471369384444117,125.0,,,0
ppo_direct_wq,hebei_central,2021,water_min,14.154531495346225,150.0,0.0,-0.28089843724084074,-0.2240644369262459,4.300249981235165,150.0,9.85428151411106,0.0,,,0
ppo_direct_wq,hebei_central,2021,cost_min,12.879574250158498,150.0,0.045871559633027525,-0.34293877446641174,-0.2740728331360073,4.220546037619346,140.0,8.659028212539152,10.0,,,0
ppo_direct_wq,hebei_central,2021,risk_min,14.94667020762238,450.0,0.926605504587156,-0.11753323389368175,-0.12921546636766945,4.789918263401455,440.0,10.156751944220925,10.0,,,0
ppo_direct_wq,hebei_central,2021,yield_vs_water,15.325304123234208,200.0,0.045871559633027525,0.31842512175126886,0.09454107644622894,4.393370522697384,175.0,10.931933600536823,25.0,,,0
ppo_direct_wq,hebei_central,2021,water_vs_cost,13.993377968608302,130.0,0.01834862385321101,-0.20084353285829146,-0.167664436062862,4.179248800883329,130.0,9.814129167724973,0.0,,,0
ppo_direct_wq,hebei_central,2022,balanced,16.093018771922733,155.0,0.04504504504504504,0.2582731313163221,0.07209502510113086,4.628349966403964,130.0,11.464668805518768,25.0,,,0
ppo_direct_wq,hebei_central,2022,yield_max,16.16394491098391,450.0,0.7207207207207207,0.5692054136672522,0.21748498327886634,4.907421284503733,225.0,11.25652362648018,225.0,,,0
ppo_direct_wq,hebei_central,2022,water_min,16.023877490092545,110.0,0.0,-0.09118532351391595,-0.08990336206868167,4.616821823016949,110.0,11.407055667075596,0.0,,,0
ppo_direct_wq,hebei_central,2022,cost_min,12.922140610239378,115.0,0.036036036036036036,-0.17235997301237035,-0.15189544301287522,4.674609484599743,105.0,8.247531125639636,10.0,,,0
ppo_direct_wq,hebei_central,2022,risk_min,16.45580022348026,450.0,0.9279279279279279,-0.10690950262970633,-0.11904776249385357,4.914901446896087,410.0,11.540898776584172,40.0,,,0
ppo_direct_wq,hebei_central,2022,yield_vs_water,16.239919888755363,180.0,0.04504504504504504,0.37990978773161194,0.1308680672707624,4.746494010849685,155.0,11.493425877905677,25.0,,,0
ppo_direct_wq,hebei_central,2022,water_vs_cost,15.928860691472519,100.0,0.0,-0.1190644256687643,-0.11372406883367422,4.530000428849729,100.0,11.398860262622788,0.0,,,0
ppo_direct_wq,henan_north,2018,balanced,17.82590553121682,140.0,0.07272727272727272,0.3766338587968066,0.14053779379664527,6.355993146783596,115.0,11.469912384433222,25.0,,,0
ppo_direct_wq,henan_north,2018,yield_max,18.06380573778892,325.0,0.6181818181818182,0.8146172149719495,0.36689591261512966,6.593786215544489,225.0,11.470019522244428,100.0,,,0
ppo_direct_wq,henan_north,2018,water_min,17.652270828092657,80.0,0.01818181818181818,-0.013435516145641674,-0.0400561953912273,6.202841680346215,70.0,11.449429147746443,10.0,,,0
ppo_direct_wq,henan_north,2018,cost_min,17.68168503633831,80.0,0.06363636363636363,-0.044766578613170654,-0.06913600107494265,6.232258236206623,70.0,11.449426800131684,10.0,,,0
ppo_direct_wq,henan_north,2018,risk_min,18.062420302057305,450.0,0.9,-0.0852537574917179,-0.10449979489433162,6.593404792512113,350.0,11.46901550954519,100.0,,,0
ppo_direct_wq,henan_north,2018,yield_vs_water,17.832714733091137,140.0,0.07272727272727272,0.5381511404181932,0.22809030367487365,6.362802348657917,115.0,11.469912384433222,25.0,,,0
ppo_direct_wq,henan_north,2018,water_vs_cost,17.541300908656282,60.0,0.02727272727272727,-0.00633246853746619,-0.03781562507140192,6.091874108524598,50.0,11.449426800131684,10.0,,,0
ppo_direct_wq,henan_north,2019,balanced,13.990260933257785,375.0,0.04504504504504504,-0.1785370899627906,-0.26384253089819737,4.271741354507226,355.0,9.71851957875056,20.0,,,0
ppo_direct_wq,henan_north,2019,yield_max,7.062125339721041,450.0,0.6590909090909091,-0.29681401685169306,-0.3077008289899129,7.062125339721041,425.0,0.0,25.0,,,0
ppo_direct_wq,henan_north,2019,water_min,9.870638896288066,445.0,0.06306306306306306,-0.9585619675600658,-0.7269079631611505,3.2433788267091512,280.0,6.627260069578915,165.0,,,0
ppo_direct_wq,henan_north,2019,cost_min,8.864422588830017,260.0,0.06306306306306306,-0.81412492562068,-0.6409327760772013,2.4164151902232582,230.0,6.448007398606759,30.0,,,0
ppo_direct_wq,henan_north,2019,risk_min,7.2289601934261905,450.0,0.990990990990991,-0.22587447721931575,-0.20888162993914242,7.114999194441951,450.0,0.11396099898423949,0.0,,,0
ppo_direct_wq,henan_north,2019,yield_vs_water,13.126149968990589,400.0,0.04504504504504504,0.010628629079891372,-0.14418861014559692,3.919032228521891,375.0,9.207117740468698,25.0,,,0
ppo_direct_wq,henan_north,2019,water_vs_cost,8.108279042183641,405.0,0.12612612612612611,-0.8927176439825243,-0.6638095196412372,2.0450706123248126,220.0,6.063208429858829,185.0,,,0
ppo_direct_wq,henan_north,2020,balanced,18.732039038828674,170.0,0.08256880733944955,0.3920639817876837,0.14591504366250246,7.152479063907383,145.0,11.579559974921292,25.0,,,0
ppo_direct_wq,henan_north,2020,yield_max,18.606409423375652,450.0,0.7155963302752294,0.8163513316586337,0.36709129231568943,7.285058322630803,250.0,11.321351100744847,200.0,,,0
ppo_direct_wq,henan_north,2020,water_min,18.570318459733915,105.0,0.009174311926605505,-0.04609097695506703,-0.06720178656038911,7.00625771151321,105.0,11.564060748220706,0.0,,,0
ppo_direct_wq,henan_north,2020,cost_min,18.07864118392443,225.0,0.08256880733944955,-0.39949065446715837,-0.29971785032207315,6.993557272388622,105.0,11.085083911535806,120.0,,,0
ppo_direct_wq,henan_north,2020,risk_min,18.677468959606855,450.0,0.9174311926605505,-0.0990186665194008,-0.11355709249309737,7.285040158526805,345.0,11.392428801080051,105.0,,,0
ppo_direct_wq,henan_north,2020,yield_vs_water,18.732395039730164,165.0,0.07339449541284404,0.5753856240569564,0.2481775313954333,7.1544013012624115,140.0,11.577993738467752,25.0,,,0
ppo_direct_wq,henan_north,2020,water_vs_cost,18.39755000761361,90.0,0.0,-0.058818402934859404,-0.07736377181405597,6.834791498094605,90.0,11.562758509519007,0.0,,,0
ppo_direct_wq,henan_north,2021,balanced,15.373243703918568,245.0,0.06422018348623854,0.1630923079712603,-0.00045596498698008414,6.022824503310685,220.0,9.350419200607885,25.0,,,0
ppo_direct_wq,henan_north,2021,yield_max,18.875828707768072,450.0,0.6605504587155964,0.8422848746232741,0.36554129177417033,7.5006247279225695,325.0,11.375203979845502,125.0,,,0
ppo_direct_wq,henan_north,2021,water_min,10.213000863354846,135.0,0.01834862385321101,-0.19367726674969032,-0.15977449198075458,2.808973220861808,125.0,7.404027642493039,10.0,,,0
ppo_direct_wq,henan_north,2021,cost_min,12.308558190554304,135.0,0.027522935779816515,-0.42220932390836835,-0.3330535115550941,3.8284775950793093,125.0,8.480080595474995,10.0,,,0
ppo_direct_wq,henan_north,2021,risk_min,11.025824186138179,450.0,0.981651376146789,-0.1352308086663321,-0.14635827208474583,7.526531390910459,450.0,3.49929279522772,0.0,,,0
ppo_direct_wq,henan_north,2021,yield_vs_water,16.936822135236234,240.0,0.05504587155963303,0.40848489232635043,0.13760389201752,6.522724311691859,215.0,10.414097823544376,25.0,,,0
ppo_direct_wq,henan_north,2021,water_vs_cost,13.167281138561059,120.0,0.0,-0.19461003273136132,-0.16775649211814114,2.7110600660496043,110.0,10.456221072511454,10.0,,,0
ppo_direct_wq,henan_north,2022,balanced,18.48464497348303,210.0,0.0990990990990991,0.3281057837200691,0.10021058201960742,6.9685149834255125,185.0,11.516129990057516,25.0,,,0
ppo_direct_wq,henan_north,2022,yield_max,18.785542471766362,370.0,0.5945945945945946,0.8575198859709819,0.38866748786000116,7.220545360556437,245.0,11.564997111209925,125.0,,,0
ppo_direct_wq,henan_north,2022,water_min,17.49364577424236,210.0,0.018018018018018018,-0.2656870037014274,-0.20882318563023589,6.72952038314938,130.0,10.764125391092978,80.0,,,0
ppo_direct_wq,henan_north,2022,cost_min,17.911611649795507,200.0,0.08108108108108109,-0.32666657602592547,-0.26769518427890915,6.902853106470424,160.0,11.008758543325083,40.0,,,0
ppo_direct_wq,henan_north,2022,risk_min,18.78471314074921,450.0,0.9099099099099099,-0.07486271903086253,-0.0961979697602187,7.2215427270743024,395.0,11.563170413674907,55.0,,,0
ppo_direct_wq,henan_north,2022,yield_vs_water,18.44268007684095,205.0,0.09009009009009009,0.5129088958711995,0.2017924639463844,6.920145173113488,180.0,11.522534903727463,25.0,,,0
ppo_direct_wq,henan_north,2022,water_vs_cost,18.17320861672112,130.0,0.0,-0.1519463376083679,-0.14305435387803117,6.630795431053964,130.0,11.542413185667154,0.0,,,0
ppo_direct_wq,shaanxi_guanzhong,2018,balanced,15.66768023022924,265.0,0.14814814814814814,0.11612807371025569,0.0010965605421114355,4.651682800088853,45.0,11.015997430140388,220.0,,,0
ppo_direct_wq,shaanxi_guanzhong,2018,yield_max,16.020800314334668,450.0,0.7592592592592593,0.5593870369145337,0.22848199168589794,4.650807182123103,150.0,11.369993132211565,300.0,,,0
ppo_direct_wq,shaanxi_guanzhong,2018,water_min,14.817298506411932,120.0,0.05555555555555555,-0.11689291929355458,-0.09094359545185116,4.648332329724559,0.0,10.168966176687373,120.0,,,0
ppo_direct_wq,shaanxi_guanzhong,2018,cost_min,15.042861668390305,205.0,0.1111111111111111,-0.3729792133020147,-0.2594150310711729,4.6516827806016146,20.0,10.39117888778869,185.0,,,0
ppo_direct_wq,shaanxi_guanzhong,2018,risk_min,16.003740530516804,450.0,0.8611111111111112,-0.11850965041533487,-0.11097730148518167,4.650702908145166,225.0,11.35303762237164,225.0,,,0
ppo_direct_wq,shaanxi_guanzhong,2018,yield_vs_water,15.803799329046058,295.0,0.24074074074074073,0.24589240754740183,0.06567755865901692,4.651250960079181,50.0,11.152548368966876,245.0,,,0
ppo_direct_wq,shaanxi_guanzhong,2018,water_vs_cost,14.818827495999876,130.0,0.06481481481481481,-0.18657803693747504,-0.14156437605530556,4.64986120386478,10.0,10.168966292135098,120.0,,,0
ppo_direct_wq,shaanxi_guanzhong,2019,balanced,13.648091178630121,360.0,0.1559633027522936,-0.10834451191494876,-0.16829608709723898,2.661626807684658,185.0,10.986464370945463,175.0,,,0
ppo_direct_wq,shaanxi_guanzhong,2019,yield_max,15.75654898668147,450.0,0.6422018348623854,0.5397677646226505,0.1937242578085019,4.60770400393761,275.0,11.14884498274386,175.0,,,0
ppo_direct_wq,shaanxi_guanzhong,2019,water_min,11.956501028283906,170.0,0.027522935779816515,-0.3470880811681819,-0.2676201919789847,1.7699734725224805,105.0,10.186527555761426,65.0,,,0
ppo_direct_wq,shaanxi_guanzhong,2019,cost_min,12.462263580022691,205.0,0.09174311926605505,-0.5100109825141058,-0.3886433028832982,1.6485489703135656,95.0,10.813714609709125,110.0,,,0
ppo_direct_wq,shaanxi_guanzhong,2019,risk_min,15.998447403397403,450.0,1.0,-0.10756556014638965,-0.13077750552339046,4.740345288185812,450.0,11.258102115211592,0.0,,,0
ppo_direct_wq,shaanxi_guanzhong,2019,yield_vs_water,13.867609004897194,350.0,0.21100917431192662,0.06072896651948034,-0.07155166889805104,2.8627431308546902,175.0,11.004865874042503,175.0,,,0
ppo_direct_wq,shaanxi_guanzhong,2019,water_vs_cost,11.66778748869979,140.0,0.027522935779816515,-0.2535614854536331,-0.20126454659945353,1.2538457753181957,70.0,10.413941713381595,70.0,,,0
ppo_direct_wq,shaanxi_guanzhong,2020,balanced,16.27292075881348,95.0,0.09345794392523364,0.34877696308314565,0.1424153337417573,4.870024838617869,70.0,11.402895920195611,25.0,,,0
ppo_direct_wq,shaanxi_guanzhong,2020,yield_max,16.399469221802285,225.0,0.6448598130841121,0.709811252416027,0.325752406070502,4.994152288756218,150.0,11.405316933046066,75.0,,,0
ppo_direct_wq,shaanxi_guanzhong,2020,water_min,16.01594737537117,30.0,0.009345794392523364,0.057848636677169635,0.016166546683310537,4.815541762236597,30.0,11.200405613134572,0.0,,,0
ppo_direct_wq,shaanxi_guanzhong,2020,cost_min,16.130608328452947,50.0,0.07476635514018691,-0.004481792293536624,-0.03497760719593396,4.8225172861493295,40.0,11.308091042303618,10.0,,,0
ppo_direct_wq,shaanxi_guanzhong,2020,risk_min,16.394594440031593,405.0,0.9252336448598131,-0.08291079761728501,-0.09037286300262146,4.994152288756218,270.0,11.400442151275374,135.0,,,0
ppo_direct_wq,shaanxi_guanzhong,2020,yield_vs_water,16.30370739891483,100.0,0.11214953271028037,0.47799340329059026,0.20968370483094823,4.90080646825732,75.0,11.40290093065751,25.0,,,0
ppo_direct_wq,shaanxi_guanzhong,2020,water_vs_cost,15.984181106411283,30.0,0.009345794392523364,0.043377121855388445,0.0019546367119834124,4.783646112011782,30.0,11.2005349943995,0.0,,,0
ppo_direct_wq,shaanxi_guanzhong,2021,balanced,16.84041168199477,75.0,0.08333333333333333,0.3985337953733358,0.1725155473102592,5.292462890324205,50.0,11.547948791670564,25.0,,,0
ppo_direct_wq,shaanxi_guanzhong,2021,yield_max,16.83160545342036,250.0,0.6666666666666666,0.7321371738007901,0.3350683152311605,5.292409618767744,150.0,11.539195834652617,100.0,,,0
ppo_direct_wq,shaanxi_guanzhong,2021,water_min,16.826809753102594,10.0,0.0,0.10305319838217156,0.04691317192440094,5.292494400444067,10.0,11.53431535265853,0.0,,,0
ppo_direct_wq,shaanxi_guanzhong,2021,cost_min,16.833754372900128,30.0,0.05555555555555555,0.0460679567006006,-0.0011425925276694893,5.292413429137451,20.0,11.541340943762677,10.0,,,0
ppo_direct_wq,shaanxi_guanzhong,2021,risk_min,16.840782768140244,320.0,0.9166666666666666,-0.03809561234391812,-0.05842491694576704,5.292409618767744,200.0,11.548373149372502,120.0,,,0
ppo_direct_wq,shaanxi_guanzhong,2021,yield_vs_water,16.840358410438306,75.0,0.08333333333333333,0.5335572119992666,0.24294548650475523,5.292409618767744,50.0,11.547948791670564,25.0,,,0
ppo_direct_wq,shaanxi_guanzhong,2021,water_vs_cost,16.82676246016595,10.0,0.1111111111111111,0.09706961678588487,0.04003094635244596,5.292447107507418,10.0,11.53431535265853,0.0,,,0
ppo_direct_wq,shaanxi_guanzhong,2022,balanced,13.551909780805682,70.0,0.10091743119266056,0.2796450834913978,0.10399810809474816,4.929908637207731,45.0,8.62200114359795,25.0,,,0
ppo_direct_wq,shaanxi_guanzhong,2022,yield_max,16.04704902466301,425.0,0.7155963302752294,0.5816522352533339,0.24275786429197654,4.9298633072696285,100.0,11.117185717393383,325.0,,,0
ppo_direct_wq,shaanxi_guanzhong,2022,water_min,12.316851843131936,20.0,0.009174311926605505,0.043585438572525254,0.011137574599126288,4.929920927807669,0.0,7.3869309153242675,20.0,,,0
ppo_direct_wq,shaanxi_guanzhong,2022,cost_min,12.285626622793218,40.0,0.09174311926605505,-0.013582184542886427,-0.03692664192571703,4.929874431087245,20.0,7.355752191705974,20.0,,,0
ppo_direct_wq,shaanxi_guanzhong,2022,risk_min,14.677867690453876,450.0,0.8165137614678899,-0.1278795543901983,-0.11159834003301067,4.9298633072696285,175.0,9.748004383184249,275.0,,,0
ppo_direct_wq,shaanxi_guanzhong,2022,yield_vs_water,12.155943566091484,75.0,0.11009174311926606,0.317387308863579,0.1164913148041809,4.929908637207731,50.0,7.2260349288837515,25.0,,,0
ppo_direct_wq,shaanxi_guanzhong,2022,water_vs_cost,12.256162393805884,30.0,0.009174311926605505,0.010107837223912508,-0.01676510431694178,4.929900738458895,10.0,7.326261655346988,20.0,,,0
ppo_direct_wq,ningxia_irrigation,2018,balanced,10.448358363726785,290.0,0.29545454545454547,-0.1390164801877486,-0.17290541220818453,,,,,10.448358363726785,290.0,0
ppo_direct_wq,ningxia_irrigation,2018,yield_max,12.513638597345297,450.0,0.75,0.2337879530839082,0.1477726179549826,,,,,12.513638597345297,450.0,0
ppo_direct_wq,ningxia_irrigation,2018,water_min,10.987540141590365,300.0,0.25,-0.7910950817438329,-0.7563885199174303,,,,,10.987540141590365,300.0,0
ppo_direct_wq,ningxia_irrigation,2018,cost_min,11.791309822640198,320.0,0.36363636363636365,-0.8093421715947493,-0.7737188070675046,,,,,11.791309822640198,320.0,0
ppo_direct_wq,ningxia_irrigation,2018,risk_min,14.658088802124366,450.0,0.9545454545454546,-0.1417888532782633,-0.14826061748334443,,,,,14.658088802124366,450.0,0
ppo_direct_wq,ningxia_irrigation,2018,yield_vs_water,10.448358363726785,315.0,0.3181818181818182,-0.06155448301856864,-0.10807487485244938,,,,,10.448358363726785,315.0,0
ppo_direct_wq,ningxia_irrigation,2018,water_vs_cost,11.63371851569836,320.0,0.3181818181818182,-0.6449697609500777,-0.6160099243229247,,,,,11.63371851569836,320.0,0
ppo_direct_wq,ningxia_irrigation,2019,balanced,11.541588950687638,420.0,0.4772727272727273,-0.26795527832993443,-0.2752972720826837,,,,,11.541588950687638,420.0,0
ppo_direct_wq,ningxia_irrigation,2019,yield_max,12.854815182511315,450.0,0.8181818181818182,0.24944578573743714,0.16320255915563858,,,,,12.854815182511315,450.0,0
ppo_direct_wq,ningxia_irrigation,2019,water_min,8.675412600702385,320.0,0.22727272727272727,-0.5728920101486134,-0.5173162483197857,,,,,8.675412600702385,320.0,0
ppo_direct_wq,ningxia_irrigation,2019,cost_min,11.025454651056108,390.0,0.22727272727272727,-0.8389316875889163,-0.7513748000803739,,,,,11.025454651056108,390.0,0
ppo_direct_wq,ningxia_irrigation,2019,risk_min,14.334922209885216,450.0,0.9545454545454546,-0.18822346910038423,-0.1830036799705943,,,,,14.334922209885216,450.0,0
ppo_direct_wq,ningxia_irrigation,2019,yield_vs_water,11.78440670846131,450.0,0.6590909090909091,-0.15986657628415468,-0.18443510331251162,,,,,11.78440670846131,450.0,0
ppo_direct_wq,ningxia_irrigation,2019,water_vs_cost,9.501202601334185,350.0,0.36363636363636365,-0.7241489450637106,-0.6546388652060174,,,,,9.501202601334185,350.0,0
ppo_direct_wq,ningxia_irrigation,2020,balanced,10.632786307093463,450.0,0.7045454545454546,-0.3254216964314698,-0.3375214349169528,,,,,10.632786307093463,450.0,0
ppo_direct_wq,ningxia_irrigation,2020,yield_max,11.754305894805201,450.0,0.8409090909090909,0.10550998062810257,0.03252311270638275,,,,,11.754305894805201,450.0,0
ppo_direct_wq,ningxia_irrigation,2020,water_min,7.8052024003911225,425.0,0.36363636363636365,-0.740235190243102,-0.6794601106624714,,,,,7.8052024003911225,425.0,0
ppo_direct_wq,ningxia_irrigation,2020,cost_min,8.194351342412988,450.0,0.4090909090909091,-1.047020940960787,-0.9471082875007828,,,,,8.194351342412988,450.0,0
ppo_direct_wq,ningxia_irrigation,2020,risk_min,10.621079554515067,450.0,0.9772727272727273,-3.6655674002669123,-3.1351168981568733,,,,,10.621079554515067,450.0,0
ppo_direct_wq,ningxia_irrigation,2020,yield_vs_water,10.632786307093463,450.0,0.75,-0.19221668097889788,-0.22515276197900513,,,,,10.632786307093463,450.0,0
ppo_direct_wq,ningxia_irrigation,2020,water_vs_cost,7.0139983320603605,410.0,0.4090909090909091,-0.8747536626358831,-0.8018757559278766,,,,,7.0139983320603605,410.0,0
ppo_direct_wq,ningxia_irrigation,2021,balanced,0.0,25.0,0.045454545454545456,-0.11493454925391557,-0.10887378926550705,,,,,0.0,25.0,0
ppo_direct_wq,ningxia_irrigation,2021,yield_max,0.0,25.0,0.045454545454545456,-0.16104083359972465,-0.15063497675798285,,,,,0.0,25.0,0
ppo_direct_wq,ningxia_irrigation,2021,water_min,0.0,25.0,0.022727272727272728,-0.0667337886862647,-0.06482100378768317,,,,,0.0,25.0,0
ppo_direct_wq,ningxia_irrigation,2021,cost_min,0.0,10.0,0.022727272727272728,-0.046891400319581195,-0.04496504377547323,,,,,0.0,10.0,0
ppo_direct_wq,ningxia_irrigation,2021,risk_min,12.909951733940506,450.0,0.75,-2.9998902399746585,-2.4697558824239234,,,,,12.909951733940506,450.0,0
ppo_direct_wq,ningxia_irrigation,2021,yield_vs_water,0.0,25.0,0.045454545454545456,-0.13187026226947016,-0.12435330190544912,,,,,0.0,25.0,0
ppo_direct_wq,ningxia_irrigation,2021,water_vs_cost,0.0,25.0,0.022727272727272728,-0.07592182287429891,-0.07391738733469175,,,,,0.0,25.0,0
ppo_direct_wq,ningxia_irrigation,2022,balanced,11.99823226972861,430.0,0.5,-0.36925884906486933,-0.37638027946349306,,,,,11.99823226972861,430.0,0
ppo_direct_wq,ningxia_irrigation,2022,yield_max,13.49734106451796,450.0,0.8636363636363636,0.2790156031159107,0.18349608054502659,,,,,13.49734106451796,450.0,0
ppo_direct_wq,ningxia_irrigation,2022,water_min,10.265417864460229,330.0,0.3181818181818182,-0.8509528569984678,-0.7860738940271519,,,,,10.265417864460229,330.0,0
ppo_direct_wq,ningxia_irrigation,2022,cost_min,12.191121259811029,395.0,0.4318181818181818,-0.823974255589143,-0.7609705616453946,,,,,12.191121259811029,395.0,0
ppo_direct_wq,ningxia_irrigation,2022,risk_min,14.602234133597111,450.0,0.8863636363636364,-0.14317836084158359,-0.14832402555145302,,,,,14.602234133597111,450.0,0
ppo_direct_wq,ningxia_irrigation,2022,yield_vs_water,12.196755186353185,450.0,0.7272727272727273,-0.1444353262201759,-0.1799602546250778,,,,,12.196755186353185,450.0,0
ppo_direct_wq,ningxia_irrigation,2022,water_vs_cost,9.880619459638734,330.0,0.3181818181818182,-0.6816489826655822,-0.6375949314174955,,,,,9.880619459638734,330.0,0
ppo_direct_wq,beijing_plain,2018,balanced,12.897064131033385,310.0,0.32142857142857145,-0.08016912192962944,-0.16649475329525765,2.9205551224686213,200.0,9.976509008564765,110.0,,,1
ppo_direct_wq,beijing_plain,2018,yield_max,12.717535198852493,375.0,0.41964285714285715,0.3142091098506635,0.06904337292962504,2.9540451085133346,240.0,9.76349009033916,135.0,,,1
ppo_direct_wq,beijing_plain,2018,water_min,13.320419415241947,390.0,0.5535714285714286,-0.6357019808205251,-0.5342082811317519,2.888391288482201,275.0,10.432028126759745,115.0,,,1
ppo_direct_wq,beijing_plain,2018,cost_min,13.018183425882235,215.0,0.13392857142857142,-0.38126932948654507,-0.28603377305117694,2.8846791814771957,75.0,10.133504244405039,140.0,,,1
ppo_direct_wq,beijing_plain,2018,risk_min,13.884139658454469,410.0,0.5089285714285714,-0.13481463927193935,-0.12819392199091967,2.9433978493463018,235.0,10.940741809108168,175.0,,,1
ppo_direct_wq,beijing_plain,2018,yield_vs_water,12.906442713288705,345.0,0.4375,0.011827618385184868,-0.12316739844053887,2.9353400488149206,235.0,9.971102664473785,110.0,,,1
ppo_direct_wq,beijing_plain,2018,water_vs_cost,12.834907709643993,255.0,0.21428571428571427,-0.4892969822115576,-0.4205893012566062,2.8751918040664344,175.0,9.959715905577559,80.0,,,1
ppo_direct_wq,beijing_plain,2019,balanced,11.29245966115641,450.0,0.39090909090909093,-1.301421235246543,-0.9716769511150276,2.572434051283248,375.0,8.720025609873161,75.0,,,1
ppo_direct_wq,beijing_plain,2019,yield_max,8.792625529073668,450.0,0.5454545454545454,-1.1866127073521584,-0.8947550719807786,2.7453223955374924,420.0,6.047303133536175,30.0,,,1
ppo_direct_wq,beijing_plain,2019,water_min,9.544742413818799,450.0,0.7181818181818181,-1.5008930474172477,-1.1490710907893822,2.5582587830563916,405.0,6.986483630762407,45.0,,,1
ppo_direct_wq,beijing_plain,2019,cost_min,9.41135176937927,420.0,0.17272727272727273,-1.0048994065997616,-0.7713291506748549,1.6125762347306085,290.0,7.7987755346486605,130.0,,,1
ppo_direct_wq,beijing_plain,2019,risk_min,5.194430479950176,450.0,0.5818181818181818,-5.990197806105463,-3.838436013770377,2.5256926480136075,450.0,2.668737831936569,0.0,,,1
ppo_direct_wq,beijing_plain,2019,yield_vs_water,9.070399419871986,450.0,0.6,-1.0862514086824342,-0.8541645001170783,2.6403522528625176,410.0,6.4300471670094685,40.0,,,1
ppo_direct_wq,beijing_plain,2019,water_vs_cost,10.266208535667943,450.0,0.2545454545454545,-1.0498627566744467,-0.8470316626149057,2.3378579432817435,345.0,7.9283505923862,105.0,,,1
ppo_direct_wq,beijing_plain,2020,balanced,14.563992043615729,445.0,0.3090909090909091,-0.17961935227598047,-0.262298528083869,3.1448293362598965,330.0,11.419162707355833,115.0,,,1
ppo_direct_wq,beijing_plain,2020,yield_max,14.615599393209921,450.0,0.4090909090909091,0.41176709551570545,0.11360439426942848,3.182809462836141,360.0,11.43278993037378,90.0,,,1
ppo_direct_wq,beijing_plain,2020,water_min,14.429284449935945,410.0,0.509090909090909,-0.663267663088222,-0.5626415400328759,3.0021783970423455,310.0,11.4271060528936,100.0,,,1
ppo_direct_wq,beijing_plain,2020,cost_min,13.496283975410442,255.0,0.1,-0.6564756195513691,-0.5168447354732731,2.1705667926545353,225.0,11.325717182755907,30.0,,,1
ppo_direct_wq,beijing_plain,2020,risk_min,14.489687288146184,430.0,0.41818181818181815,-0.13801479987960724,-0.14321824125116525,3.087341994207321,340.0,11.402345293938863,90.0,,,1
ppo_direct_wq,beijing_plain,2020,yield_vs_water,14.529398531624032,445.0,0.44545454545454544,-0.006722721640734175,-0.1573114113866898,3.1036462695019353,330.0,11.425752262122097,115.0,,,1
ppo_direct_wq,beijing_plain,2020,water_vs_cost,14.128889056846344,320.0,0.12727272727272726,-0.6350151371850139,-0.5446513796669507,2.8433239873118454,270.0,11.285565069534497,50.0,,,1
ppo_direct_wq,beijing_plain,2021,balanced,14.625586555487308,390.0,0.3090909090909091,-0.10027486629844762,-0.21842680792518387,3.2964164064111614,320.0,11.329170149076147,70.0,,,1
ppo_direct_wq,beijing_plain,2021,yield_max,14.799270613846849,390.0,0.45454545454545453,0.46059254881930356,0.14167971294650838,3.305046216752317,320.0,11.494224397094532,70.0,,,1
ppo_direct_wq,beijing_plain,2021,water_min,14.652576960255086,365.0,0.6,-0.6741333016515785,-0.5959980474038611,3.156655679169925,310.0,11.495921281085161,55.0,,,1
ppo_direct_wq,beijing_plain,2021,cost_min,13.472715867338238,195.0,0.21818181818181817,-0.5286408925541657,-0.42338517939516956,2.140555253537462,195.0,11.332160613800776,0.0,,,1
ppo_direct_wq,beijing_plain,2021,risk_min,14.682734122195338,435.0,0.44545454545454544,-0.8355191723263535,-0.6403731968983266,3.244168070750519,360.0,11.43856605144482,75.0,,,1
ppo_direct_wq,beijing_plain,2021,yield_vs_water,14.773009251566728,380.0,0.44545454545454544,0.0755619066973201,-0.11294401285831457,3.277013549682198,310.0,11.49599570188453,70.0,,,1
ppo_direct_wq,beijing_plain,2021,water_vs_cost,14.408026348474621,270.0,0.2909090909090909,-0.5024612409064297,-0.4659322873056637,3.0606199796241484,270.0,11.347406368850473,0.0,,,1
ppo_direct_wq,beijing_plain,2022,balanced,14.79402772339828,330.0,0.41964285714285715,-0.034057599187262366,-0.1535319226467905,3.2412192667200506,295.0,11.552808456678228,35.0,,,1
ppo_direct_wq,beijing_plain,2022,yield_max,14.840439770733958,395.0,0.5089285714285714,0.44679357984571144,0.14047767676794692,3.286693581731021,315.0,11.553746189002938,80.0,,,1
ppo_direct_wq,beijing_plain,2022,water_min,14.768343033218532,355.0,0.5892857142857143,-0.5569061681229733,-0.4921757521861652,3.2181368094120275,335.0,11.550206223806505,20.0,,,1
ppo_direct_wq,beijing_plain,2022,cost_min,14.433488283498757,135.0,0.11607142857142858,-0.19608784718318514,-0.16243446552390522,3.1256707854424652,110.0,11.307817498056291,25.0,,,1
ppo_direct_wq,beijing_plain,2022,risk_min,14.7413886664772,275.0,0.5267857142857143,-0.05615805332365165,-0.07608366704709373,3.2114115315976983,245.0,11.5299771348795,30.0,,,1
ppo_direct_wq,beijing_plain,2022,yield_vs_water,14.805192381734818,360.0,0.5178571428571429,0.08775313125355644,-0.0869233148437914,3.2514461927318803,305.0,11.553746189002938,55.0,,,1
ppo_direct_wq,beijing_plain,2022,water_vs_cost,14.612670816818529,250.0,0.22321428571428573,-0.45749908916210547,-0.4078004699769656,3.063400907592791,225.0,11.549269909225737,25.0,,,1
ppo_direct_wq,hebei_central,2018,balanced,14.395985572838212,360.0,0.39285714285714285,-0.06033484648689713,-0.15379545854384952,4.266662041407486,135.0,10.129323531430726,225.0,,,1
ppo_direct_wq,hebei_central,2018,yield_max,14.65001044020876,450.0,0.4642857142857143,0.44746028905900437,0.14380417904469883,4.273013927219352,190.0,10.37699651298941,260.0,,,1
ppo_direct_wq,hebei_central,2018,water_min,14.529214409252777,405.0,0.5357142857142857,-0.6471611585463966,-0.5048177100721629,4.271108068205569,160.0,10.258106341047208,245.0,,,1
ppo_direct_wq,hebei_central,2018,cost_min,13.134737822351298,240.0,0.08035714285714286,-0.4517202710526587,-0.3338785783858485,4.261514168563444,60.0,8.873223653787853,180.0,,,1
ppo_direct_wq,hebei_central,2018,risk_min,13.672695399421704,350.0,0.44642857142857145,-0.0965105592053268,-0.09620275970407127,4.269724241452945,130.0,9.402971157968759,220.0,,,1
ppo_direct_wq,hebei_central,2018,yield_vs_water,15.626648808172247,250.0,0.4375,0.26201154213155853,0.03726661393338854,4.272926961517738,180.0,11.353721846654508,70.0,,,1
ppo_direct_wq,hebei_central,2018,water_vs_cost,13.249520236664125,330.0,0.23214285714285715,-0.6670993047774647,-0.5159835930839018,4.251277088359013,135.0,8.998243148305113,195.0,,,1
ppo_direct_wq,hebei_central,2019,balanced,15.318579606277323,450.0,0.27927927927927926,-0.13685392442124122,-0.2687481798943891,4.031740841365387,420.0,11.286838764911936,30.0,,,1
ppo_direct_wq,hebei_central,2019,yield_max,15.349204070133034,450.0,0.4864864864864865,0.49298816600559137,0.14443485991979826,4.089764810767114,430.0,11.25943925936592,20.0,,,1
ppo_direct_wq,hebei_central,2019,water_min,15.323197244853393,450.0,0.6486486486486487,-0.719088235697914,-0.6545096832537644,4.032905077309961,435.0,11.290292167543432,15.0,,,1
ppo_direct_wq,hebei_central,2019,cost_min,13.686626499268936,315.0,0.13513513513513514,-0.681142782304539,-0.5715614134042877,2.414285335865141,295.0,11.272341163403794,20.0,,,1
ppo_direct_wq,hebei_central,2019,risk_min,15.182108963645106,450.0,0.45045045045045046,-0.13340096750110847,-0.15342499822135502,3.957167745815748,435.0,11.22494121782936,15.0,,,1
ppo_direct_wq,hebei_central,2019,yield_vs_water,15.370258810531631,450.0,0.5315315315315315,0.051650232663012385,-0.15386871664047297,4.088608531091322,440.0,11.28165027944031,10.0,,,1
ppo_direct_wq,hebei_central,2019,water_vs_cost,9.205561427220049,450.0,0.3063063063063063,-1.0530052709241082,-0.8686137006315456,3.7717265285206634,365.0,5.433834898699385,85.0,,,1
ppo_direct_wq,hebei_central,2020,balanced,16.24086455945525,285.0,0.45045045045045046,0.11017719330097808,-0.0694993166213973,4.807728326576032,260.0,11.433136232879217,25.0,,,1
ppo_direct_wq,hebei_central,2020,yield_max,16.334802077597935,335.0,0.5135135135135135,0.6325151114623421,0.25093330506159256,4.883554378733021,265.0,11.451247698864915,70.0,,,1
ppo_direct_wq,hebei_central,2020,water_min,16.2249167039284,295.0,0.5495495495495496,-0.42522882392108174,-0.39232158122845506,4.791780471049183,260.0,11.433136232879217,35.0,,,1
ppo_direct_wq,hebei_central,2020,cost_min,14.96448421239631,230.0,0.0990990990990991,-0.38114107324440577,-0.3188858672828229,4.4388494499678535,150.0,10.525634762428457,80.0,,,1
ppo_direct_wq,hebei_central,2020,risk_min,16.16421026342424,395.0,0.4144144144144144,-0.09856355426371793,-0.11423884093767026,4.821210297155527,250.0,11.342999966268716,145.0,,,1
ppo_direct_wq,hebei_central,2020,yield_vs_water,16.288488363333652,305.0,0.5045045045045045,0.25507655656804773,0.01417751452730387,4.823822848208094,260.0,11.464665515125558,45.0,,,1
ppo_direct_wq,hebei_central,2020,water_vs_cost,15.10716689001131,275.0,0.11711711711711711,-0.5039509850702362,-0.44559264396170006,4.5491002715042805,195.0,10.558066618507029,80.0,,,1
ppo_direct_wq,hebei_central,2021,balanced,14.4906729229321,300.0,0.43119266055045874,0.03074747312755577,-0.11164835782126636,4.589064797680388,240.0,9.901608125251713,60.0,,,1
ppo_direct_wq,hebei_central,2021,yield_max,15.566129315348894,385.0,0.44036697247706424,0.5624262192200604,0.21126564487216876,4.7081403205366055,285.0,10.857988994812288,100.0,,,1
ppo_direct_wq,hebei_central,2021,water_min,15.68256440483177,335.0,0.4954128440366973,-0.5039157466787371,-0.450325617678886,4.669855936534074,260.0,11.012708468297694,75.0,,,1
ppo_direct_wq,hebei_central,2021,cost_min,14.429316589319368,195.0,0.10091743119266056,-0.4156619828818304,-0.3617582871378936,4.46782747341406,185.0,9.961489115905309,10.0,,,1
ppo_direct_wq,hebei_central,2021,risk_min,15.47077366303893,370.0,0.3944954128440367,-0.09004304694297885,-0.10848050329644561,4.635245328680746,280.0,10.835528334358184,90.0,,,1
ppo_direct_wq,hebei_central,2021,yield_vs_water,15.1431155105473,330.0,0.45871559633027525,0.18086879380650545,-0.027300014365308267,4.6876188848740155,285.0,10.455496625673286,45.0,,,1
ppo_direct_wq,hebei_central,2021,water_vs_cost,14.503664702960666,255.0,0.13761467889908258,-0.4637330457656199,-0.4203966833957919,4.551719446904674,225.0,9.951945256055993,30.0,,,1
ppo_direct_wq,hebei_central,2022,balanced,16.449024204022997,340.0,0.5315315315315315,0.0487870522259779,-0.10163285468120026,4.916275033962207,290.0,11.532749170060791,50.0,,,1
ppo_direct_wq,hebei_central,2022,yield_max,15.652786569792308,450.0,0.5495495495495496,0.5352724874257987,0.19332805234382028,4.915555880332744,295.0,10.737230689459563,155.0,,,1
ppo_direct_wq,hebei_central,2022,water_min,16.425263284105075,335.0,0.5945945945945946,-0.4987437797321258,-0.4324354069463818,4.88341717115446,275.0,11.541846112950614,60.0,,,1
ppo_direct_wq,hebei_central,2022,cost_min,16.27695223972144,170.0,0.12612612612612611,-0.24763249220386332,-0.21472829574723978,4.7583153248766035,160.0,11.518636914844837,10.0,,,1
ppo_direct_wq,hebei_central,2022,risk_min,15.638342076091579,330.0,0.45045045045045046,-0.06974333039600322,-0.07965264994351236,4.871275599981337,185.0,10.767066476110243,145.0,,,1
ppo_direct_wq,hebei_central,2022,yield_vs_water,15.868148637723088,450.0,0.5135135135135135,0.08915786280275317,-0.0832621875384113,4.9161435887137035,285.0,10.952005049009385,165.0,,,1
ppo_direct_wq,hebei_central,2022,water_vs_cost,16.311575333246974,255.0,0.2072072072072072,-0.45300603402134637,-0.402138664887537,4.7783017183138226,235.0,11.533273614933153,20.0,,,1
ppo_direct_wq,henan_north,2018,balanced,18.003149768870202,255.0,0.5545454545454546,0.2472572463102375,0.030997581351548675,6.560227108748206,190.0,11.442922660121997,65.0,,,1
ppo_direct_wq,henan_north,2018,yield_max,18.06553016026638,290.0,0.6363636363636364,0.8302597426897814,0.37671381755136113,6.5955106380219535,215.0,11.470019522244428,75.0,,,1
ppo_direct_wq,henan_north,2018,water_min,18.03063680545489,270.0,0.6,-0.3539071644592907,-0.33429879570937404,6.560758861563434,200.0,11.469877943891458,70.0,,,1
ppo_direct_wq,henan_north,2018,cost_min,17.8778406432341,135.0,0.14545454545454545,-0.14694516602215565,-0.15535318985947502,6.436808073539599,110.0,11.441032569694501,25.0,,,1
ppo_direct_wq,henan_north,2018,risk_min,17.982024186033858,205.0,0.5,0.026658785026298565,-0.01987566900458229,6.53192138573103,145.0,11.450102800302828,60.0,,,1
ppo_direct_wq,henan_north,2018,yield_vs_water,18.042730934820803,250.0,0.5727272727272728,0.4381687256581839,0.140304214210704,6.593485096902206,190.0,11.449245837918598,60.0,,,1
ppo_direct_wq,henan_north,2018,water_vs_cost,17.919207006688403,185.0,0.21818181818181817,-0.270092772059221,-0.2761097621726172,6.476301786431092,160.0,11.442905220257309,25.0,,,1
ppo_direct_wq,henan_north,2019,balanced,17.51808438960766,450.0,0.34234234234234234,-0.003991639458017837,-0.19525667865944712,6.71702474287769,405.0,10.801059646729971,45.0,,,1
ppo_direct_wq,henan_north,2019,yield_max,17.581031548462633,450.0,0.5135135135135135,0.7343603085409164,0.28390799405324857,6.899242640951471,435.0,10.681788907511164,15.0,,,1
ppo_direct_wq,henan_north,2019,water_min,17.46350436008877,450.0,0.4144144144144144,-0.6874371744070933,-0.6369649634859643,6.586108689570542,400.0,10.877395670518228,50.0,,,1
ppo_direct_wq,henan_north,2019,cost_min,13.501286224142731,400.0,0.14414414414414414,-0.8715124265251017,-0.6936472344236266,3.6569324828042253,320.0,9.844353741338505,80.0,,,1
ppo_direct_wq,henan_north,2019,risk_min,17.128460115819088,450.0,0.2972972972972973,-0.10367477536054095,-0.13650315999440973,6.791366192377154,405.0,10.337093923441934,45.0,,,1
ppo_direct_wq,henan_north,2019,yield_vs_water,17.603903981844148,450.0,0.5225225225225225,0.22337712153479283,-0.05731151740517282,6.8852612677738785,425.0,10.71864271407027,25.0,,,1
ppo_direct_wq,henan_north,2019,water_vs_cost,7.941162372638367,450.0,0.2972972972972973,-0.9562826436972462,-0.794352368685291,6.432526723289157,350.0,1.5086356493492095,100.0,,,1
ppo_direct_wq,henan_north,2020,balanced,18.84084672198798,275.0,0.5321100917431193,0.2675171196901087,0.03960326582034712,7.262351274008266,215.0,11.578495447979712,60.0,,,1
ppo_direct_wq,henan_north,2020,yield_max,18.865076265727915,340.0,0.5596330275229358,0.8851238937920457,0.4067406271591242,7.285358623086603,270.0,11.579717642641313,70.0,,,1
ppo_direct_wq,henan_north,2020,water_min,18.84260920177169,275.0,0.5321100917431193,-0.3524068447553823,-0.3327512896590168,7.264150515813955,225.0,11.578458685957735,50.0,,,1
ppo_direct_wq,henan_north,2020,cost_min,18.685672664345574,175.0,0.08256880733944955,-0.21367347940775921,-0.21199064243198898,7.109652268159207,150.0,11.576020396186369,25.0,,,1
ppo_direct_wq,henan_north,2020,risk_min,18.688295505501884,350.0,0.42201834862385323,-0.04111818393826153,-0.07114793542439371,7.269752468611595,230.0,11.41854303689029,120.0,,,1
ppo_direct_wq,henan_north,2020,yield_vs_water,18.86534493127953,310.0,0.5871559633027523,0.4346035868867637,0.13274122022549406,7.285627288638216,240.0,11.579717642641313,70.0,,,1
ppo_direct_wq,henan_north,2020,water_vs_cost,18.704111884604718,225.0,0.11926605504587157,-0.34845748211173055,-0.3363396422549374,7.12836114224227,195.0,11.575750742362448,30.0,,,1
ppo_direct_wq,henan_north,2021,balanced,17.82510346442361,370.0,0.3853211009174312,0.125121940375038,-0.08092312053157996,7.422812210443774,315.0,10.402291253979836,55.0,,,1
ppo_direct_wq,henan_north,2021,yield_max,18.324151415874002,420.0,0.41284403669724773,0.8204958287629025,0.35351017481069225,7.495385135115013,330.0,10.82876628075899,90.0,,,1
ppo_direct_wq,henan_north,2021,water_min,18.390339840071224,375.0,0.46788990825688076,-0.5382487839090255,-0.5006194054872889,7.404929591743813,310.0,10.98541024832741,65.0,,,1
ppo_direct_wq,henan_north,2021,cost_min,17.651404207138025,235.0,0.13761467889908258,-0.45173258583172354,-0.39089985851009623,6.907749428449882,225.0,10.743654778688144,10.0,,,1
ppo_direct_wq,henan_north,2021,risk_min,17.880213478074385,385.0,0.3486238532110092,-0.05917041898070896,-0.09522342532307485,7.389308949049609,295.0,10.490904529024776,90.0,,,1
ppo_direct_wq,henan_north,2021,yield_vs_water,17.73510373759231,385.0,0.44954128440366975,0.3140016082455801,0.033507628290635916,7.422812210443774,315.0,10.312291527148536,70.0,,,1
ppo_direct_wq,henan_north,2021,water_vs_cost,17.936201193520496,285.0,0.1926605504587156,-0.48365831805026527,-0.4579994070169297,7.159002288774666,275.0,10.777198904745832,10.0,,,1
ppo_direct_wq,henan_north,2022,balanced,18.658758383972298,330.0,0.5405405405405406,0.1891863925198799,-0.009194668906680525,7.095832974058718,260.0,11.562925409913579,70.0,,,1
ppo_direct_wq,henan_north,2022,yield_max,18.788281685181673,390.0,0.6126126126126126,0.8444565708104146,0.37776171158437194,7.2215427270743024,290.0,11.566738958107372,100.0,,,1
ppo_direct_wq,henan_north,2022,water_min,18.690648907812932,345.0,0.5855855855855856,-0.48396225711024765,-0.4072490395882993,7.12390994970556,260.0,11.566738958107372,85.0,,,1
ppo_direct_wq,henan_north,2022,cost_min,18.49924302096689,230.0,0.13513513513513514,-0.3445088659140873,-0.2923922713258667,6.93712076732652,185.0,11.56212225364037,45.0,,,1
ppo_direct_wq,henan_north,2022,risk_min,18.57432137757052,295.0,0.4954954954954955,-0.009711433649043394,-0.043010053143204524,7.044479103075831,205.0,11.52984227449469,90.0,,,1
ppo_direct_wq,henan_north,2022,yield_vs_water,18.761680216199338,365.0,0.5765765765765766,0.3660972004906846,0.08851179531066733,7.19397984060776,285.0,11.567700375591576,80.0,,,1
ppo_direct_wq,henan_north,2022,water_vs_cost,18.478610211042053,295.0,0.24324324324324326,-0.5062213801788157,-0.4249557369680491,6.916450570474958,220.0,11.562159640567096,75.0,,,1
ppo_direct_wq,shaanxi_guanzhong,2018,balanced,15.97266308026877,320.0,0.5277777777777778,0.0522187054508384,-0.06516879226796951,4.651250960079181,135.0,11.321412120189589,185.0,,,1
ppo_direct_wq,shaanxi_guanzhong,2018,yield_max,15.98028686549367,385.0,0.6018518518518519,0.586753093963412,0.2463232866290072,4.6508846981600165,175.0,11.329402167333653,210.0,,,1
ppo_direct_wq,shaanxi_guanzhong,2018,water_min,15.742443581401393,255.0,0.5740740740740741,-0.3623688276964121,-0.295667651193711,4.65134093175602,85.0,11.091102649645372,170.0,,,1
ppo_direct_wq,shaanxi_guanzhong,2018,cost_min,15.475148606105487,205.0,0.1111111111111111,-0.3617423343908196,-0.27961790751718324,4.650945989758423,60.0,10.824202616347064,145.0,,,1
ppo_direct_wq,shaanxi_guanzhong,2018,risk_min,15.87841124621827,295.0,0.6111111111111112,-0.045458973160685284,-0.05411089248386293,4.65134093175602,85.0,11.227070314462251,210.0,,,1
ppo_direct_wq,shaanxi_guanzhong,2018,yield_vs_water,15.978548698136592,325.0,0.5370370370370371,0.22132903404234017,0.033311048989198455,4.651250960079181,130.0,11.327297738057412,195.0,,,1
ppo_direct_wq,shaanxi_guanzhong,2018,water_vs_cost,15.599010109223785,230.0,0.3425925925925926,-0.4237660252065284,-0.33324395608549473,4.651682800088853,85.0,10.947327309134932,145.0,,,1
ppo_direct_wq,shaanxi_guanzhong,2019,balanced,15.960173523576987,330.0,0.3669724770642202,0.0451863660730506,-0.12413663674484127,4.698750795775612,280.0,11.261422727801374,50.0,,,1
ppo_direct_wq,shaanxi_guanzhong,2019,yield_max,16.012107537461254,355.0,0.44954128440366975,0.60454285167723,0.2327528721966598,4.748242022824265,290.0,11.263865514636988,65.0,,,1
ppo_direct_wq,shaanxi_guanzhong,2019,water_min,15.93120595163434,325.0,0.5137614678899083,-0.48299057052550765,-0.4588143052503465,4.66979545790037,285.0,11.261410493733969,40.0,,,1
ppo_direct_wq,shaanxi_guanzhong,2019,cost_min,12.825021964287403,235.0,0.12844036697247707,-0.4328105156629342,-0.34924263653945026,2.465477579896263,150.0,10.35954438439114,85.0,,,1
ppo_direct_wq,shaanxi_guanzhong,2019,risk_min,15.908667144864932,405.0,0.3577981651376147,-0.10821617688245933,-0.12622088299451145,4.685827745310303,275.0,11.222839399554628,130.0,,,1
ppo_direct_wq,shaanxi_guanzhong,2019,yield_vs_water,15.995824146662176,345.0,0.47706422018348627,0.20293437460973696,-0.02796737724818904,4.731958632025189,280.0,11.263865514636988,65.0,,,1
ppo_direct_wq,shaanxi_guanzhong,2019,water_vs_cost,15.377167420712784,310.0,0.1743119266055046,-0.5855212280449232,-0.5170841500662591,4.51338655279555,225.0,10.863780867917233,85.0,,,1
ppo_direct_wq,shaanxi_guanzhong,2020,balanced,16.402911230998715,215.0,0.5981308411214953,0.21058764253642903,0.03420058449785662,4.994159505955264,165.0,11.408751725043452,50.0,,,1
ppo_direct_wq,shaanxi_guanzhong,2020,yield_max,16.400563512986135,290.0,0.6261682242990654,0.6767520983188464,0.3036529305840029,4.994152288756218,200.0,11.406411224229918,90.0,,,1
ppo_direct_wq,shaanxi_guanzhong,2020,water_min,16.30867211492999,180.0,0.5981308411214953,-0.21321834748619092,-0.20107928880422232,4.994159505955264,135.0,11.314512608974725,45.0,,,1
ppo_direct_wq,shaanxi_guanzhong,2020,cost_min,16.146981659310445,85.0,0.09345794392523364,-0.06570114636473598,-0.0870362243814005,4.940935632971618,60.0,11.206046026338827,25.0,,,1
ppo_direct_wq,shaanxi_guanzhong,2020,risk_min,16.3954502494391,205.0,0.6074766355140186,0.007694934801940473,-0.020906325600572317,4.994152288756218,105.0,11.401297960682882,100.0,,,1
ppo_direct_wq,shaanxi_guanzhong,2020,yield_vs_water,16.400570730185184,210.0,0.5887850467289719,0.3704679571007648,0.1243551726077246,4.994159505955264,165.0,11.406411224229918,45.0,,,1
ppo_direct_wq,shaanxi_guanzhong,2020,water_vs_cost,16.197590905141322,135.0,0.2897196261682243,-0.18292011276837583,-0.18268500081268302,4.994235000189511,110.0,11.203355904951811,25.0,,,1
ppo_direct_wq,shaanxi_guanzhong,2021,balanced,16.83078770436983,225.0,0.5,0.21687917584159283,0.03751390386140274,5.292409618767744,115.0,11.538378085602085,110.0,,,1
ppo_direct_wq,shaanxi_guanzhong,2021,yield_max,16.834964970734482,305.0,0.6388888888888888,0.7036359274533027,0.3174937282421174,5.292409618767744,150.0,11.54255535196674,155.0,,,1
ppo_direct_wq,shaanxi_guanzhong,2021,water_min,16.82821426141271,150.0,0.5370370370370371,-0.15427327977514227,-0.16038418630098594,5.292409618767744,95.0,11.535804642644965,55.0,,,1
ppo_direct_wq,shaanxi_guanzhong,2021,cost_min,16.82333882219642,60.0,0.1574074074074074,-0.006843147426234764,-0.041090015259382995,5.292409618767744,35.0,11.530929203428677,25.0,,,1
ppo_direct_wq,shaanxi_guanzhong,2021,risk_min,16.838245809556867,205.0,0.5925925925925926,0.01161370687804092,-0.021791433669462346,5.292409618767744,100.0,11.545836190789124,105.0,,,1
ppo_direct_wq,shaanxi_guanzhong,2021,yield_vs_water,16.834964970734482,230.0,0.5092592592592593,0.37411636541449056,0.12567147680040225,5.292409618767744,115.0,11.54255535196674,115.0,,,1
ppo_direct_wq,shaanxi_guanzhong,2021,water_vs_cost,16.8207090718386,135.0,0.42592592592592593,-0.17633487928951502,-0.1770658977315402,5.292409618767744,75.0,11.528299453070854,60.0,,,1
ppo_direct_wq,shaanxi_guanzhong,2022,balanced,13.257867680202654,250.0,0.5045871559633027,0.05048452788082802,-0.05040980116143673,4.9298633072696285,70.0,8.328004372933025,180.0,,,1
ppo_direct_wq,shaanxi_guanzhong,2022,yield_max,14.71767591880613,345.0,0.6055045871559633,0.5371929687472292,0.21872014962331926,4.9298633072696285,120.0,9.787812611536502,225.0,,,1
ppo_direct_wq,shaanxi_guanzhong,2022,water_min,13.922461093313629,215.0,0.5504587155963303,-0.30295760635708785,-0.24645746996594842,4.9298633072696285,75.0,8.992597786044,140.0,,,1
ppo_direct_wq,shaanxi_guanzhong,2022,cost_min,12.589546285894052,170.0,0.08256880733944955,-0.29369113016836185,-0.2246418101497254,4.9298633072696285,50.0,7.659682978624424,120.0,,,1
ppo_direct_wq,shaanxi_guanzhong,2022,risk_min,13.257908489232886,190.0,0.5412844036697247,-0.013212318261445005,-0.029593573732381,4.929867644790675,50.0,8.328040844442212,140.0,,,1
ppo_direct_wq,shaanxi_guanzhong,2022,yield_vs_water,13.98815898264763,310.0,0.5229357798165137,0.1556087879208934,-0.0006388602098997276,4.9298633072696285,95.0,9.058295675378,215.0,,,1
ppo_direct_wq,shaanxi_guanzhong,2022,water_vs_cost,12.652555561362167,195.0,0.3577981651376147,-0.3591560496705132,-0.2832940693035445,4.929892144943741,75.0,7.722663416418425,120.0,,,1
ppo_direct_wq,ningxia_irrigation,2018,balanced,10.923569586583866,305.0,0.3181818181818182,-0.34238384882011963,-0.3717372126037492,,,,,10.923569586583866,305.0,1
ppo_direct_wq,ningxia_irrigation,2018,yield_max,12.786032229189011,325.0,0.3409090909090909,0.31134403180564857,0.21016504410542386,,,,,12.786032229189011,325.0,1
ppo_direct_wq,ningxia_irrigation,2018,water_min,11.073647498957394,295.0,0.3181818181818182,-0.5810863760052708,-0.5579670011434664,,,,,11.073647498957394,295.0,1
ppo_direct_wq,ningxia_irrigation,2018,cost_min,10.4536333290439,295.0,0.29545454545454547,-0.9664337825066392,-0.9164095505544815,,,,,10.4536333290439,295.0,1
ppo_direct_wq,ningxia_irrigation,2018,risk_min,12.235498090594957,350.0,0.36363636363636365,-0.1104075861918518,-0.11657878062571697,,,,,12.235498090594957,350.0,1
ppo_direct_wq,ningxia_irrigation,2018,yield_vs_water,12.071122303498836,320.0,0.3181818181818182,-0.06422705994820488,-0.1164190743345177,,,,,12.071122303498836,320.0,1
ppo_direct_wq,ningxia_irrigation,2018,water_vs_cost,10.922884473949724,300.0,0.29545454545454547,-0.6050798048044692,-0.578195996069117,,,,,10.922884473949724,300.0,1
ppo_direct_wq,ningxia_irrigation,2019,balanced,10.656864803535438,345.0,0.3409090909090909,-0.2691512257221776,-0.26430227756169267,,,,,10.656864803535438,345.0,1
ppo_direct_wq,ningxia_irrigation,2019,yield_max,12.204342867579305,390.0,0.36363636363636365,0.2505182432544478,0.1657643018045592,,,,,12.204342867579305,390.0,1
ppo_direct_wq,ningxia_irrigation,2019,water_min,13.340443468266514,375.0,0.36363636363636365,-0.7165624878917651,-0.6531104133547001,,,,,13.340443468266514,375.0,1
ppo_direct_wq,ningxia_irrigation,2019,cost_min,9.006522239279034,330.0,0.36363636363636365,-0.6532607193851805,-0.5925462950952703,,,,,9.006522239279034,330.0,1
ppo_direct_wq,ningxia_irrigation,2019,risk_min,12.697253066736561,395.0,0.2727272727272727,-0.8642556621143478,-0.7534947240471557,,,,,12.697253066736561,395.0,1
ppo_direct_wq,ningxia_irrigation,2019,yield_vs_water,13.126374142627512,390.0,0.3409090909090909,-0.19474000275049702,-0.20810225728838888,,,,,13.126374142627512,390.0,1
ppo_direct_wq,ningxia_irrigation,2019,water_vs_cost,10.719084597507072,355.0,0.36363636363636365,-0.7260500202182255,-0.6579564791030503,,,,,10.719084597507072,355.0,1
ppo_direct_wq,ningxia_irrigation,2020,balanced,9.918782791571536,415.0,0.36363636363636365,-0.3064101833154594,-0.31101331667083,,,,,9.918782791571536,415.0,1
ppo_direct_wq,ningxia_irrigation,2020,yield_max,10.698501734396997,450.0,0.4090909090909091,0.1555002473219826,0.07733995519613268,,,,,10.698501734396997,450.0,1
ppo_direct_wq,ningxia_irrigation,2020,water_min,11.267964164028305,430.0,0.38636363636363635,-0.8259474465697859,-0.7567372685690253,,,,,11.267964164028305,430.0,1
ppo_direct_wq,ningxia_irrigation,2020,cost_min,7.202130650491018,405.0,0.4090909090909091,-0.9202382749765771,-0.8382789383490827,,,,,7.202130650491018,405.0,1
ppo_direct_wq,ningxia_irrigation,2020,risk_min,11.466252253207482,450.0,0.4772727272727273,-0.8656186832325911,-0.7404483631312487,,,,,11.466252253207482,450.0,1
ppo_direct_wq,ningxia_irrigation,2020,yield_vs_water,11.9383754705631,445.0,0.38636363636363635,-0.1487071976215213,-0.1803335149557873,,,,,11.9383754705631,445.0,1
ppo_direct_wq,ningxia_irrigation,2020,water_vs_cost,8.59338936072768,415.0,0.4090909090909091,-0.8737278565409486,-0.8024952218975294,,,,,8.59338936072768,415.0,1
ppo_direct_wq,ningxia_irrigation,2021,balanced,8.911835876708807,355.0,0.25,-0.2955348429429522,-0.28689782886290305,,,,,8.911835876708807,355.0,1
ppo_direct_wq,ningxia_irrigation,2021,yield_max,10.691071874724466,405.0,0.20454545454545456,0.16527717542710785,0.0980602218517388,,,,,10.691071874724466,405.0,1
ppo_direct_wq,ningxia_irrigation,2021,water_min,7.896221440052713,365.0,0.29545454545454547,-0.6332728140056952,-0.5671858330182815,,,,,7.896221440052713,365.0,1
ppo_direct_wq,ningxia_irrigation,2021,cost_min,0.0,75.0,0.06818181818181818,-0.176803231046741,-0.15827402221594852,,,,,0.0,75.0,1
ppo_direct_wq,ningxia_irrigation,2021,risk_min,10.17132071134885,420.0,0.11363636363636363,-0.16365259671846027,-0.15719753134758133,,,,,10.17132071134885,420.0,1
ppo_direct_wq,ningxia_irrigation,2021,yield_vs_water,8.951638293208813,375.0,0.25,-0.18314983755834835,-0.19280170486033474,,,,,8.951638293208813,375.0,1
ppo_direct_wq,ningxia_irrigation,2021,water_vs_cost,0.0,75.0,0.06818181818181818,-0.1856860149295249,-0.16644476412095452,,,,,0.0,75.0,1
ppo_direct_wq,ningxia_irrigation,2022,balanced,11.258966025194056,325.0,0.29545454545454547,-0.16338700693888047,-0.19005316138155867,,,,,11.258966025194056,325.0,1
ppo_direct_wq,ningxia_irrigation,2022,yield_max,12.595450040561659,375.0,0.29545454545454547,0.27697331514002493,0.18208907423074217,,,,,12.595450040561659,375.0,1
ppo_direct_wq,ningxia_irrigation,2022,water_min,11.495687759576843,320.0,0.2727272727272727,-0.5264460895077683,-0.49776095386328656,,,,,11.495687759576843,320.0,1
ppo_direct_wq,ningxia_irrigation,2022,cost_min,11.111926963679133,330.0,0.3181818181818182,-0.8469711790963248,-0.7923755106065996,,,,,11.111926963679133,330.0,1
ppo_direct_wq,ningxia_irrigation,2022,risk_min,12.658873306222997,410.0,0.3181818181818182,-0.8419566970629916,-0.7668876901615448,,,,,12.658873306222997,410.0,1
ppo_direct_wq,ningxia_irrigation,2022,yield_vs_water,11.115833809339708,335.0,0.2727272727272727,-0.06422587298860172,-0.10607340357873157,,,,,11.115833809339708,335.0,1
ppo_direct_wq,ningxia_irrigation,2022,water_vs_cost,9.970096280051433,310.0,0.3409090909090909,-0.6319351417219139,-0.5937346561517496,,,,,9.970096280051433,310.0,1
ppo_direct_wq,beijing_plain,2018,balanced,12.829613311902648,310.0,0.10714285714285714,-0.08540840143437206,-0.11830214888631735,2.885880143501083,65.0,9.943733168401565,245.0,,,2
ppo_direct_wq,beijing_plain,2018,yield_max,13.693648080293027,450.0,0.6428571428571429,0.3387566755114284,0.08270988718753158,2.9621850600254698,350.0,10.731463020267556,100.0,,,2
ppo_direct_wq,beijing_plain,2018,water_min,11.468076195284574,285.0,0.11607142857142858,-0.461002344322838,-0.3016584348471748,2.7549101457258094,45.0,8.713166049558765,240.0,,,2
ppo_direct_wq,beijing_plain,2018,cost_min,10.500874490806758,85.0,0.026785714285714284,-0.22833561982243522,-0.16732930607905383,2.6813558362564787,25.0,7.81951865455028,60.0,,,2
ppo_direct_wq,beijing_plain,2018,risk_min,12.537880655858732,450.0,0.48214285714285715,-0.16431620963711663,-0.14473558152259228,2.9559905198575493,280.0,9.581890136001183,170.0,,,2
ppo_direct_wq,beijing_plain,2018,yield_vs_water,10.819040257966302,345.0,0.26785714285714285,-0.07623498583141042,-0.1396930014013832,2.9558571411645658,170.0,7.8631831168017365,175.0,,,2
ppo_direct_wq,beijing_plain,2018,water_vs_cost,12.13359079056917,110.0,0.03571428571428571,-0.18203124109680408,-0.1385969790702268,2.6813558362564787,20.0,9.45223495431269,90.0,,,2
ppo_direct_wq,beijing_plain,2019,balanced,8.714142040018325,450.0,0.22727272727272727,-0.4074650141760193,-0.3841978818849063,1.5909586403188454,380.0,7.123183399699481,70.0,,,2
ppo_direct_wq,beijing_plain,2019,yield_max,5.347288875539765,450.0,0.5909090909090909,-1.806263237611907,-1.2497620191186074,2.6871585593197667,450.0,2.6601303162199983,0.0,,,2
ppo_direct_wq,beijing_plain,2019,water_min,8.874580831762469,450.0,0.08181818181818182,-0.9866124446251769,-0.7827818343007249,1.7489350491345685,440.0,7.125645782627901,10.0,,,2
ppo_direct_wq,beijing_plain,2019,cost_min,9.834174517786007,450.0,0.20909090909090908,-1.7565023562898703,-1.2909338629560374,1.5196597028818943,385.0,8.314514814904113,65.0,,,2
ppo_direct_wq,beijing_plain,2019,risk_min,7.376288064980402,450.0,0.45454545454545453,-4.502888838923437,-3.013719653596803,2.190390717322821,450.0,5.185897347657581,0.0,,,2
ppo_direct_wq,beijing_plain,2019,yield_vs_water,9.60607484893798,450.0,0.2909090909090909,-0.30667577110642336,-0.3345708875572437,1.6425966183019185,410.0,7.9634782306360625,40.0,,,2
ppo_direct_wq,beijing_plain,2019,water_vs_cost,8.677022697640025,420.0,0.11818181818181818,-0.9035776462940436,-0.7317388051470753,1.580837684392076,420.0,7.09618501324795,0.0,,,2
ppo_direct_wq,beijing_plain,2020,balanced,10.830769975603967,450.0,0.2909090909090909,-0.352423785579615,-0.3026708639137762,0.9166464895935791,165.0,9.91412348601039,285.0,,,2
ppo_direct_wq,beijing_plain,2020,yield_max,13.895511406712549,450.0,0.41818181818181815,0.3419530533759352,0.08865159978240383,2.529246219313155,425.0,11.366265187399394,25.0,,,2
ppo_direct_wq,beijing_plain,2020,water_min,11.926850432226168,245.0,0.045454545454545456,-0.49619749413578396,-0.3572467935553528,0.7122033571748387,165.0,11.21464707505133,80.0,,,2
ppo_direct_wq,beijing_plain,2020,cost_min,10.114919966711982,180.0,0.045454545454545456,-0.4459024161075753,-0.3171475324375341,0.6669174721861961,100.0,9.448002494525786,80.0,,,2
ppo_direct_wq,beijing_plain,2020,risk_min,13.926809823620935,450.0,0.39090909090909093,-0.14559136747776236,-0.13452365797405072,2.537618372212825,355.0,11.389191451408111,95.0,,,2
ppo_direct_wq,beijing_plain,2020,yield_vs_water,12.695913288319502,420.0,0.2909090909090909,-0.10622322218101699,-0.16478617145468705,1.420134601926332,275.0,11.27577868639317,145.0,,,2
ppo_direct_wq,beijing_plain,2020,water_vs_cost,10.41110552384582,240.0,0.03636363636363636,-0.49387634007325326,-0.3353756659446331,0.6669174721861961,100.0,9.744188051659624,140.0,,,2
ppo_direct_wq,beijing_plain,2021,balanced,12.233438168874455,240.0,0.16363636363636364,-0.058151449280644474,-0.10581585046082892,0.9417515669311666,120.0,11.291686601943288,120.0,,,2
ppo_direct_wq,beijing_plain,2021,yield_max,13.577339202129039,420.0,0.4636363636363636,0.3292489449576115,0.0851847243855301,2.3116945734266166,325.0,11.265644628702423,95.0,,,2
ppo_direct_wq,beijing_plain,2021,water_min,12.187603030857032,275.0,0.09090909090909091,-0.44566151086296646,-0.3096274582054451,0.9066143410982205,125.0,11.28098868975881,150.0,,,2
ppo_direct_wq,beijing_plain,2021,cost_min,12.267800391853081,185.0,0.07272727272727272,-0.43573286367595165,-0.3041862284423593,0.827180645912583,45.0,11.440619745940499,140.0,,,2
ppo_direct_wq,beijing_plain,2021,risk_min,14.217194902577202,450.0,0.5545454545454546,-0.14251311362135624,-0.13781548567381202,2.778996560535934,320.0,11.438198342041268,130.0,,,2
ppo_direct_wq,beijing_plain,2021,yield_vs_water,12.710645806919146,355.0,0.2545454545454545,-0.040042788910555904,-0.11602831500724659,1.4312922552391547,195.0,11.279353551679991,160.0,,,2
ppo_direct_wq,beijing_plain,2021,water_vs_cost,12.366606406320498,115.0,0.10909090909090909,-0.19843595934554067,-0.15358246744156656,0.8319512669063308,45.0,11.534655139414168,70.0,,,2
ppo_direct_wq,beijing_plain,2022,balanced,14.67374806552733,185.0,0.10714285714285714,0.13224550353465436,0.011268554574076717,3.124478156301592,130.0,11.549269909225737,55.0,,,2
ppo_direct_wq,beijing_plain,2022,yield_max,14.837685291578975,450.0,0.6428571428571429,0.4221588111322322,0.1382944482827368,3.282245273261151,300.0,11.555440018317823,150.0,,,2
ppo_direct_wq,beijing_plain,2022,water_min,14.652108825806542,205.0,0.09821428571428571,-0.2888227865407887,-0.20668162954231434,3.102838916580805,125.0,11.549269909225737,80.0,,,2
ppo_direct_wq,beijing_plain,2022,cost_min,14.511787781918574,170.0,0.017857142857142856,-0.37279754005327714,-0.2599554178396305,2.9818631668298785,85.0,11.529924615088696,85.0,,,2
ppo_direct_wq,beijing_plain,2022,risk_min,14.809978091130247,410.0,0.5714285714285714,-0.11965388782970912,-0.10912118865639907,3.2567477532688547,270.0,11.553230337861393,140.0,,,2
ppo_direct_wq,beijing_plain,2022,yield_vs_water,14.846937495732977,305.0,0.33035714285714285,0.14530590217203343,-0.01347245972147959,3.29766758650724,240.0,11.549269909225737,65.0,,,2
ppo_direct_wq,beijing_plain,2022,water_vs_cost,14.622808683898402,145.0,0.008928571428571428,-0.23377003615284336,-0.1739140968837699,3.077099066530982,105.0,11.54570961736742,40.0,,,2
ppo_direct_wq,hebei_central,2018,balanced,15.036062845916625,410.0,0.16071428571428573,-0.09988055039312937,-0.1372264915008355,4.240126875792276,45.0,10.795935970124349,365.0,,,2
ppo_direct_wq,hebei_central,2018,yield_max,15.087315792842169,450.0,0.5089285714285714,0.2929060506299658,0.059417477540385066,4.272476427179413,225.0,10.814839365662756,225.0,,,2
ppo_direct_wq,hebei_central,2018,water_min,14.491227524030961,450.0,0.0625,-0.7300513430445856,-0.4721029554443374,4.112445803605742,0.0,10.378781720425218,450.0,,,2
ppo_direct_wq,hebei_central,2018,cost_min,12.185295176592856,180.0,0.044642857142857144,-0.31084234473032124,-0.21436978534849385,4.112445803605742,0.0,8.072849372987113,180.0,,,2
ppo_direct_wq,hebei_central,2018,risk_min,15.702924611981732,450.0,0.5535714285714286,-0.1329292022833071,-0.12213758021583174,4.272987323330852,260.0,11.42993728865088,190.0,,,2
ppo_direct_wq,hebei_central,2018,yield_vs_water,14.769840983299758,450.0,0.3125,0.02493821127221607,-0.0903136125482587,4.272924828816562,120.0,10.496916154483197,330.0,,,2
ppo_direct_wq,hebei_central,2018,water_vs_cost,14.153503492417101,240.0,0.05357142857142857,-0.4453208157865981,-0.30056320135239184,4.112445803605742,0.0,10.04105768881136,240.0,,,2
ppo_direct_wq,hebei_central,2019,balanced,7.7490896324962,450.0,0.23423423423423423,-0.4087893170360334,-0.40778084780830276,3.2106423562704824,450.0,4.5384472762257175,0.0,,,2
ppo_direct_wq,hebei_central,2019,yield_max,4.834117663693881,450.0,0.5945945945945946,-1.4537471745496056,-1.0058738840969144,4.305575539920882,450.0,0.528542123772999,0.0,,,2
ppo_direct_wq,hebei_central,2019,water_min,14.373178055356473,450.0,0.0990990990990991,-0.9326718751182717,-0.7660079627243009,3.1334321730165633,445.0,11.239745882339909,5.0,,,2
ppo_direct_wq,hebei_central,2019,cost_min,13.388866065959729,405.0,0.14414414414414414,-1.2847662407392444,-1.0205732288895666,2.79467701356079,380.0,10.594189052398939,25.0,,,2
ppo_direct_wq,hebei_central,2019,risk_min,5.728264391961908,450.0,0.45045045045045046,-5.208297543895723,-3.2506539102439818,4.136780378266886,450.0,1.5914840136950217,0.0,,,2
ppo_direct_wq,hebei_central,2019,yield_vs_water,5.076212754243333,450.0,0.2702702702702703,-1.1331803312086421,-0.834175754832505,3.322824770705185,450.0,1.7533879835381478,0.0,,,2
ppo_direct_wq,hebei_central,2019,water_vs_cost,14.188705713855969,435.0,0.10810810810810811,-0.8847810523435619,-0.7309717324835503,2.9489598315160594,425.0,11.239745882339909,10.0,,,2
ppo_direct_wq,hebei_central,2020,balanced,15.465797446217007,220.0,0.1891891891891892,-0.05386808549969191,-0.13281392484367233,4.0502150477413625,150.0,11.415582398475644,70.0,,,2
ppo_direct_wq,hebei_central,2020,yield_max,15.869634726159944,350.0,0.2882882882882883,0.5872295580056595,0.24157080966824224,4.453124827481948,275.0,11.416509898677997,75.0,,,2
ppo_direct_wq,hebei_central,2020,water_min,15.508624163975774,190.0,0.12612612612612611,-0.4464621840506834,-0.3330207463101177,4.1394735954653665,140.0,11.369150568510408,50.0,,,2
ppo_direct_wq,hebei_central,2020,cost_min,15.440110129048968,200.0,0.07207207207207207,-0.5257130891148218,-0.3841899246631086,4.090644404773994,120.0,11.349465724274973,80.0,,,2
ppo_direct_wq,hebei_central,2020,risk_min,16.27875877142175,385.0,0.45045045045045046,-0.07995232151533158,-0.08928303838161415,4.847313634185947,310.0,11.431445137235803,75.0,,,2
ppo_direct_wq,hebei_central,2020,yield_vs_water,15.561031655268895,235.0,0.17117117117117117,0.2847653253982504,0.08290997401477862,4.339609464079881,160.0,11.221422191189015,75.0,,,2
ppo_direct_wq,hebei_central,2020,water_vs_cost,15.440143636072893,190.0,0.036036036036036036,-0.3240156060522059,-0.24037262349062097,4.090644404773994,120.0,11.3494992312989,70.0,,,2
ppo_direct_wq,hebei_central,2021,balanced,15.470644400260543,200.0,0.12844036697247707,0.1795950794665147,0.03246619111044885,4.180481522739357,165.0,11.290162877521185,35.0,,,2
ppo_direct_wq,hebei_central,2021,yield_max,16.126480750141646,375.0,0.3944954128440367,0.6006122457192649,0.2538444328891234,4.558579822410492,250.0,11.567900927731152,125.0,,,2
ppo_direct_wq,hebei_central,2021,water_min,13.915870963653791,190.0,0.06422018348623854,-0.3570314537494692,-0.26487054386551406,4.095860107900229,120.0,9.820010855753562,70.0,,,2
ppo_direct_wq,hebei_central,2021,cost_min,13.915870963653791,165.0,0.06422018348623854,-0.36077992749794285,-0.2712709778855899,4.095860107900229,120.0,9.820010855753562,45.0,,,2
ppo_direct_wq,hebei_central,2021,risk_min,16.307638405884195,440.0,0.44036697247706424,-0.11565085025888128,-0.11652983160537532,4.774456436748571,320.0,11.533181969135624,120.0,,,2
ppo_direct_wq,hebei_central,2021,yield_vs_water,15.648552493783093,240.0,0.1926605504587156,0.2913844599544637,0.08678739654446227,4.359272465733604,190.0,11.28928002804949,50.0,,,2
ppo_direct_wq,hebei_central,2021,water_vs_cost,13.915870963653791,130.0,0.045871559633027525,-0.20191545863347407,-0.16450866662351196,4.095860107900229,120.0,9.820010855753562,10.0,,,2
ppo_direct_wq,hebei_central,2022,balanced,16.249222910447855,215.0,0.14414414414414414,0.18876652608390893,0.03840048929788503,4.728054022934307,170.0,11.52116888751355,45.0,,,2
ppo_direct_wq,hebei_central,2022,yield_max,16.470169213025372,450.0,0.6216216216216216,0.5876945320621305,0.23419455818136198,4.91545296540421,300.0,11.554716247621164,150.0,,,2
ppo_direct_wq,hebei_central,2022,water_min,16.11687751241189,205.0,0.15315315315315314,-0.2671418064931269,-0.19940293573392687,4.595708624898341,145.0,11.52116888751355,60.0,,,2
ppo_direct_wq,hebei_central,2022,cost_min,15.831020450191371,150.0,0.04504504504504504,-0.20958071568144448,-0.15564738223622213,4.4328698336841,85.0,11.398150616507271,65.0,,,2
ppo_direct_wq,hebei_central,2022,risk_min,16.458459674780492,410.0,0.5585585585585585,-0.09579011505071244,-0.09633006682640555,4.916613561829879,300.0,11.541846112950614,110.0,,,2
ppo_direct_wq,hebei_central,2022,yield_vs_water,16.43703233681408,295.0,0.3333333333333333,0.27112247650408594,0.06664774614981234,4.915863449300532,220.0,11.52116888751355,75.0,,,2
ppo_direct_wq,hebei_central,2022,water_vs_cost,15.994992515165146,115.0,0.018018018018018018,-0.1486723106245646,-0.1259198948750591,4.4738309068830695,105.0,11.521161608282076,10.0,,,2
ppo_direct_wq,henan_north,2018,balanced,17.666847123742464,205.0,0.18181818181818182,0.28580808146504066,0.09905489810930401,6.223492708159339,125.0,11.443354415583126,80.0,,,2
ppo_direct_wq,henan_north,2018,yield_max,18.000057263253815,450.0,0.41818181818181815,0.7483262360748709,0.33722921144257,6.503563128755407,250.0,11.496494134498407,200.0,,,2
ppo_direct_wq,henan_north,2018,water_min,17.49456236389144,160.0,0.13636363636363635,-0.16406269555790964,-0.1319150557258088,6.0512079483083125,100.0,11.443354415583126,60.0,,,2
ppo_direct_wq,henan_north,2018,cost_min,17.34967131114888,50.0,0.02727272727272727,0.019475054401502434,-0.011040400984227539,5.9075766056339445,40.0,11.442094705514938,10.0,,,2
ppo_direct_wq,henan_north,2018,risk_min,18.041630192472265,410.0,0.5545454545454546,-0.07432667085557598,-0.08703945894950676,6.597193500157275,290.0,11.44443669231499,120.0,,,2
ppo_direct_wq,henan_north,2018,yield_vs_water,17.88682734158393,230.0,0.22727272727272727,0.4487046868861504,0.18251045038841257,6.443472926000803,150.0,11.443354415583126,80.0,,,2
ppo_direct_wq,henan_north,2018,water_vs_cost,17.348609175328445,120.0,0.07272727272727272,-0.14271977374774567,-0.11030834491466858,5.9075766056339445,40.0,11.441032569694501,80.0,,,2
ppo_direct_wq,henan_north,2019,balanced,14.442266993541805,450.0,0.22522522522522523,-0.1559155894698233,-0.24360003054590623,4.166911295088523,390.0,10.275355698453282,60.0,,,2
ppo_direct_wq,henan_north,2019,yield_max,7.21093143231463,450.0,0.6486486486486487,-0.22323789705164776,-0.2685482086375168,7.1126408740679405,450.0,0.09829055824668934,0.0,,,2
ppo_direct_wq,henan_north,2019,water_min,14.189694997308068,450.0,0.0990990990990991,-0.830158783895538,-0.6536149207834416,3.9091181321527966,340.0,10.280576865155272,110.0,,,2
ppo_direct_wq,henan_north,2019,cost_min,10.937829986504415,300.0,0.06306306306306306,-0.7848778969101032,-0.6148926838539079,2.162599419470065,260.0,8.775230567034349,40.0,,,2
ppo_direct_wq,henan_north,2019,risk_min,7.170488013168121,450.0,0.4594594594594595,-0.23311633490188258,-0.20875059429604217,7.065850108911977,450.0,0.10463790425614297,0.0,,,2
ppo_direct_wq,henan_north,2019,yield_vs_water,15.499789786443253,450.0,0.17117117117117117,0.09082646847005105,-0.09861325919966152,5.147783810936142,420.0,10.352005975507112,30.0,,,2
ppo_direct_wq,henan_north,2019,water_vs_cost,10.678841763711539,360.0,0.036036036036036036,-0.7484032134293963,-0.5775384334313146,2.1646216726490275,280.0,8.514220091062512,80.0,,,2
ppo_direct_wq,henan_north,2020,balanced,18.733170860430658,215.0,0.03669724770642202,0.32912824341275104,0.12192583034948579,7.157336939610146,165.0,11.57583392082051,50.0,,,2
ppo_direct_wq,henan_north,2020,yield_max,18.816831910120612,425.0,0.3761467889908257,0.8421691242777009,0.3963659424099581,7.240799162584182,275.0,11.57603274753643,150.0,,,2
ppo_direct_wq,henan_north,2020,water_min,18.446527092130232,190.0,0.08256880733944955,-0.20430178183007236,-0.15458986269889755,6.8815278130811794,100.0,11.56499927904905,90.0,,,2
ppo_direct_wq,henan_north,2020,cost_min,18.367374389779656,185.0,0.027522935779816515,-0.25073361987772425,-0.18543195244956556,6.802618386592826,100.0,11.564756003186831,85.0,,,2
ppo_direct_wq,henan_north,2020,risk_min,18.83865788292031,450.0,0.5688073394495413,-0.09171614327352681,-0.10671528089360677,7.2857297999452095,320.0,11.5529280829751,130.0,,,2
ppo_direct_wq,henan_north,2020,yield_vs_water,18.731621142670605,205.0,0.10091743119266056,0.533307687625912,0.23796966886498166,7.171229577529978,130.0,11.560391565140627,75.0,,,2
ppo_direct_wq,henan_north,2020,water_vs_cost,18.446527092130232,130.0,0.027522935779816515,-0.1480868856151762,-0.12656652718468125,6.8815278130811794,100.0,11.56499927904905,30.0,,,2
ppo_direct_wq,henan_north,2021,balanced,14.23586623262983,250.0,0.13761467889908258,0.04863243274611684,-0.058558228061505124,3.053727734487234,250.0,11.182138498142596,0.0,,,2
ppo_direct_wq,henan_north,2021,yield_max,15.083930179291661,450.0,0.5688073394495413,0.5014086077063808,0.18068461055098578,4.5741059611839265,400.0,10.509824218107735,50.0,,,2
ppo_direct_wq,henan_north,2021,water_min,13.827371093417053,205.0,0.13761467889908258,-0.391605169670869,-0.30336388883882603,2.648987972257037,205.0,11.178383121160016,0.0,,,2
ppo_direct_wq,henan_north,2021,cost_min,12.842511956524069,120.0,0.05504587155963303,-0.2823830715654706,-0.225584250710533,2.5731117090915876,120.0,10.26940024743248,0.0,,,2
ppo_direct_wq,henan_north,2021,risk_min,17.902935756031173,450.0,0.5045871559633027,-0.09641997794100565,-0.11891986567053099,6.487038115970257,445.0,11.415897640060916,5.0,,,2
ppo_direct_wq,henan_north,2021,yield_vs_water,14.398814256865265,235.0,0.1926605504587156,0.20936790978960906,0.032118077643628784,3.202870038003323,235.0,11.195944218861943,0.0,,,2
ppo_direct_wq,henan_north,2021,water_vs_cost,13.20146947522157,225.0,0.10091743119266056,-0.42375212552711705,-0.3147393157743875,2.614273984254732,125.0,10.587195490966838,100.0,,,2
ppo_direct_wq,henan_north,2022,balanced,18.301491382103322,220.0,0.04504504504504504,0.29815587257610804,0.09730357312252208,6.746266102225901,170.0,11.555225279877423,50.0,,,2
ppo_direct_wq,henan_north,2022,yield_max,18.75738619514455,450.0,0.34234234234234234,0.8152826566659165,0.36899683605367023,7.168106478001758,320.0,11.589279717142794,130.0,,,2
ppo_direct_wq,henan_north,2022,water_min,18.079501368585618,230.0,0.05405405405405406,-0.4850075027769714,-0.3563988931018891,6.524967956873907,140.0,11.55453341171171,90.0,,,2
ppo_direct_wq,henan_north,2022,cost_min,18.082177334452307,160.0,0.018018018018018018,-0.41111365963798985,-0.31707483774479217,6.524967956873907,140.0,11.5572093775784,20.0,,,2
ppo_direct_wq,henan_north,2022,risk_min,18.654420925949886,450.0,0.5135135135135135,-0.09357811239414388,-0.10520834063958179,7.2215427270743024,360.0,11.432878198875585,90.0,,,2
ppo_direct_wq,henan_north,2022,yield_vs_water,18.6229754794604,325.0,0.14414414414414414,0.3985748852718417,0.14298877568474083,7.068491741259947,200.0,11.554483738200455,125.0,,,2
ppo_direct_wq,henan_north,2022,water_vs_cost,18.08019323675133,170.0,0.02702702702702703,-0.2477731593037251,-0.19766495050701355,6.524967956873907,140.0,11.555225279877423,30.0,,,2
ppo_direct_wq,shaanxi_guanzhong,2018,balanced,15.340404978272195,180.0,0.1111111111111111,0.19750264422463032,0.06380761837222854,4.648332329724559,0.0,10.692072648547637,180.0,,,2
ppo_direct_wq,shaanxi_guanzhong,2018,yield_max,16.02107652837906,450.0,0.5925925925925926,0.5594212151676907,0.236609800645257,4.651250960079181,150.0,11.369825568299877,300.0,,,2
ppo_direct_wq,shaanxi_guanzhong,2018,water_min,15.975050725796144,210.0,0.12037037037037036,-0.276188872470033,-0.19262581368078935,4.651803422569631,40.0,11.323247303226514,170.0,,,2
ppo_direct_wq,shaanxi_guanzhong,2018,cost_min,14.09736339031341,140.0,0.05555555555555555,-0.31227097928993364,-0.21064700280666027,4.648332329724559,0.0,9.449031060588851,140.0,,,2
ppo_direct_wq,shaanxi_guanzhong,2018,risk_min,16.009896948620806,415.0,0.5833333333333334,-0.10957587087657292,-0.0981792360784139,4.65134093175602,180.0,11.358556016864787,235.0,,,2
ppo_direct_wq,shaanxi_guanzhong,2018,yield_vs_water,15.986129352851723,440.0,0.42592592592592593,0.10295288901986799,-0.03355936356447592,4.651250960079181,175.0,11.334878392772541,265.0,,,2
ppo_direct_wq,shaanxi_guanzhong,2018,water_vs_cost,14.91518282633531,170.0,0.05555555555555555,-0.28525576790420437,-0.19326183068106173,4.648332329724559,0.0,10.26685049661075,170.0,,,2
ppo_direct_wq,shaanxi_guanzhong,2019,balanced,14.05297992713278,285.0,0.13761467889908258,-0.0026292140618718873,-0.10401912164790827,2.796159540026775,250.0,11.256820387106005,35.0,,,2
ppo_direct_wq,shaanxi_guanzhong,2019,yield_max,15.735213713131444,450.0,0.7522935779816514,0.5369948652822963,0.18637857169987304,4.476261944617084,425.0,11.25895176851436,25.0,,,2
ppo_direct_wq,shaanxi_guanzhong,2019,water_min,12.541597056434389,310.0,0.11926605504587157,-0.6026764492741566,-0.45389901401247756,1.2839804985474932,280.0,11.257616557886896,30.0,,,2
ppo_direct_wq,shaanxi_guanzhong,2019,cost_min,12.448952007928574,80.0,0.06422018348623854,-0.40571205919370323,-0.32296468345278395,1.1897286117165486,80.0,11.259223396212025,0.0,,,2
ppo_direct_wq,shaanxi_guanzhong,2019,risk_min,15.966123527053554,450.0,0.5229357798165137,-0.12071211942758608,-0.13208138642114792,4.7023457077913635,395.0,11.263777819262192,55.0,,,2
ppo_direct_wq,shaanxi_guanzhong,2019,yield_vs_water,14.217527353137095,450.0,0.26605504587155965,-0.017681989952111676,-0.13831032959420753,3.1692334585129625,365.0,11.048293894624132,85.0,,,2
ppo_direct_wq,shaanxi_guanzhong,2019,water_vs_cost,12.450552211462394,110.0,0.07339449541284404,-0.18254709147887932,-0.15207656871069442,1.1929356535754987,100.0,11.257616557886896,10.0,,,2
ppo_direct_wq,shaanxi_guanzhong,2020,balanced,16.40370064065751,120.0,0.11214953271028037,0.3219352537823356,0.13534608445282875,4.946747035984123,85.0,11.456953604673389,35.0,,,2
ppo_direct_wq,shaanxi_guanzhong,2020,yield_max,16.426798370305594,325.0,0.3925233644859813,0.6629037172241878,0.3020780063468463,4.99478606696464,200.0,11.432012303340954,125.0,,,2
ppo_direct_wq,shaanxi_guanzhong,2020,water_min,16.427101774368925,130.0,0.09345794392523364,-0.12344883791132502,-0.10393579801642355,4.970148169695537,90.0,11.456953604673389,40.0,,,2
ppo_direct_wq,shaanxi_guanzhong,2020,cost_min,15.962353251499461,85.0,0.037383177570093455,-0.06776393208300391,-0.052142389886290594,4.755989944168926,0.0,11.206363307330536,85.0,,,2
ppo_direct_wq,shaanxi_guanzhong,2020,risk_min,16.42657778663792,310.0,0.7102803738317757,-0.04503748545386688,-0.05830757065521877,4.994253989118909,190.0,11.432323797519011,120.0,,,2
ppo_direct_wq,shaanxi_guanzhong,2020,yield_vs_water,16.194703442587247,255.0,0.2897196261682243,0.3138248977737642,0.10399925102085056,4.994159505955264,180.0,11.200543936631982,75.0,,,2
ppo_direct_wq,shaanxi_guanzhong,2020,water_vs_cost,15.962353251499461,85.0,0.037383177570093455,-0.07618273550180729,-0.05717856444864809,4.755989944168926,0.0,11.206363307330536,85.0,,,2
ppo_direct_wq,shaanxi_guanzhong,2021,balanced,16.826809753102594,135.0,0.1111111111111111,0.32509435641024914,0.13523766020860023,5.292494400444067,85.0,11.53431535265853,50.0,,,2
ppo_direct_wq,shaanxi_guanzhong,2021,yield_max,16.838391293570687,250.0,0.4537037037037037,0.7325535424842314,0.34414765636827926,5.292494400444067,125.0,11.545896893126622,125.0,,,2
ppo_direct_wq,shaanxi_guanzhong,2021,water_min,16.82243668846042,80.0,0.10185185185185185,-0.02675283803490061,-0.03448676818826424,5.292494400444067,10.0,11.529942288016354,70.0,,,2
ppo_direct_wq,shaanxi_guanzhong,2021,cost_min,16.826809753102594,0.0,0.027777777777777776,0.12190545723443041,0.061080207899934603,5.292494400444067,0.0,11.53431535265853,0.0,,,2
ppo_direct_wq,shaanxi_guanzhong,2021,risk_min,16.84070147378759,270.0,0.7592592592592593,-0.02258960374461705,-0.04399995394064904,5.292409618767744,140.0,11.548291855019844,130.0,,,2
ppo_direct_wq,shaanxi_guanzhong,2021,yield_vs_water,16.831190858704915,205.0,0.2777777777777778,0.39947119910604334,0.15900463094093653,5.292409618767744,135.0,11.53878123993717,70.0,,,2
ppo_direct_wq,shaanxi_guanzhong,2021,water_vs_cost,16.826809753102594,0.0,0.027777777777777776,0.12190545723443041,0.061080207899934603,5.292494400444067,0.0,11.53431535265853,0.0,,,2
ppo_direct_wq,shaanxi_guanzhong,2022,balanced,12.885455522083205,250.0,0.1651376146788991,0.037550447319532054,-0.03429239152455066,4.929920927807669,0.0,7.9555345942755356,250.0,,,2
ppo_direct_wq,shaanxi_guanzhong,2022,yield_max,16.33193710102634,450.0,0.6513761467889908,0.5868442864482267,0.24497400136017033,4.9298633072696285,150.0,11.402073793756712,300.0,,,2
ppo_direct_wq,shaanxi_guanzhong,2022,water_min,16.067750577250727,140.0,0.12844036697247707,-0.14675788510634305,-0.11115658633444962,4.929920927807669,40.0,11.13782964944306,100.0,,,2
ppo_direct_wq,shaanxi_guanzhong,2022,cost_min,12.386546566430113,30.0,0.01834862385321101,0.012576745612546028,-0.008788356350503623,4.929920927807669,0.0,7.456625638622444,30.0,,,2
ppo_direct_wq,shaanxi_guanzhong,2022,risk_min,15.076377623483296,425.0,0.6422018348623854,-0.11775976972325641,-0.10053285892915467,4.929867644790675,140.0,10.14650997869262,285.0,,,2
ppo_direct_wq,shaanxi_guanzhong,2022,yield_vs_water,13.91957905849678,345.0,0.3577981651376147,0.11657088603208154,-0.014619133937985862,4.9298633072696285,115.0,8.98971575122715,230.0,,,2
ppo_direct_wq,shaanxi_guanzhong,2022,water_vs_cost,12.85662897118025,240.0,0.045871559633027525,-0.45183374980083846,-0.2954863795703325,4.929920927807669,0.0,7.92670804337258,240.0,,,2
ppo_direct_wq,ningxia_irrigation,2018,balanced,11.72962241784607,425.0,0.4318181818181818,-0.27897692695804,-0.2959892690506529,,,,,11.72962241784607,425.0,2
ppo_direct_wq,ningxia_irrigation,2018,yield_max,14.482423384136016,450.0,0.8409090909090909,0.3265078015139887,0.21691386279084707,,,,,14.482423384136016,450.0,2
ppo_direct_wq,ningxia_irrigation,2018,water_min,7.132710943442516,420.0,0.3181818181818182,-0.7384317778586196,-0.6747850184692682,,,,,7.132710943442516,420.0,2
ppo_direct_wq,ningxia_irrigation,2018,cost_min,6.346806283015375,240.0,0.29545454545454547,-0.48957040959832954,-0.4698377459275199,,,,,6.346806283015375,240.0,2
ppo_direct_wq,ningxia_irrigation,2018,risk_min,14.107954919676919,450.0,0.7045454545454546,-0.14997848444936732,-0.15175097853153538,,,,,14.107954919676919,450.0,2
ppo_direct_wq,ningxia_irrigation,2018,yield_vs_water,12.32469750161711,450.0,0.8636363636363636,-0.14100718203925705,-0.1835847245302244,,,,,12.32469750161711,450.0,2
ppo_direct_wq,ningxia_irrigation,2018,water_vs_cost,6.876061178171504,300.0,0.2727272727272727,-0.642353649122063,-0.6022454211284302,,,,,6.876061178171504,300.0,2
ppo_direct_wq,ningxia_irrigation,2019,balanced,11.678949976343256,395.0,0.36363636363636365,-0.23911644946187716,-0.24539507811563802,,,,,11.678949976343256,395.0,2
ppo_direct_wq,ningxia_irrigation,2019,yield_max,14.00545197722629,450.0,0.8863636363636364,0.04068817512622036,-0.010288598517373293,,,,,14.00545197722629,450.0,2
ppo_direct_wq,ningxia_irrigation,2019,water_min,9.5718405132805,360.0,0.18181818181818182,-0.6151540451103986,-0.5551567560844041,,,,,9.5718405132805,360.0,2
ppo_direct_wq,ningxia_irrigation,2019,cost_min,8.319116637830215,320.0,0.25,-0.8478697467927909,-0.7546112892240607,,,,,8.319116637830215,320.0,2
ppo_direct_wq,ningxia_irrigation,2019,risk_min,14.417473987319687,450.0,0.9090909090909091,-0.18255179897928553,-0.17807158391263606,,,,,14.417473987319687,450.0,2
ppo_direct_wq,ningxia_irrigation,2019,yield_vs_water,13.088089376213087,450.0,0.7272727272727273,-0.11593898562345178,-0.15145822868408787,,,,,13.088089376213087,450.0,2
ppo_direct_wq,ningxia_irrigation,2019,water_vs_cost,8.4480153339061,320.0,0.18181818181818182,-0.7061703460166739,-0.6365665735096504,,,,,8.4480153339061,320.0,2
ppo_direct_wq,ningxia_irrigation,2020,balanced,9.721867251528339,450.0,0.4318181818181818,-0.3620072169082659,-0.3611977312459435,,,,,9.721867251528339,450.0,2
ppo_direct_wq,ningxia_irrigation,2020,yield_max,11.2661506598428,450.0,0.9090909090909091,-0.310382721364458,-0.33112639725044873,,,,,11.2661506598428,450.0,2
ppo_direct_wq,ningxia_irrigation,2020,water_min,9.280046521618058,450.0,0.25,-0.7817460527845184,-0.715412004107483,,,,,9.280046521618058,450.0,2
ppo_direct_wq,ningxia_irrigation,2020,cost_min,6.770090088985384,400.0,0.29545454545454547,-1.3289397444213986,-1.1905336642693545,,,,,6.770090088985384,400.0,2
ppo_direct_wq,ningxia_irrigation,2020,risk_min,11.280435631865313,450.0,0.8636363636363636,-3.66450030564054,-3.1329986026453955,,,,,11.280435631865313,450.0,2
ppo_direct_wq,ningxia_irrigation,2020,yield_vs_water,10.839923551025073,450.0,0.75,-0.2348699473331326,-0.26324633243538437,,,,,10.839923551025073,450.0,2
ppo_direct_wq,ningxia_irrigation,2020,water_vs_cost,7.724663545059875,420.0,0.2727272727272727,-0.904540537851138,-0.8284372629571201,,,,,7.724663545059875,420.0,2
ppo_direct_wq,ningxia_irrigation,2021,balanced,1.693738974665571,450.0,0.045454545454545456,-0.5883279182419142,-0.5146000157493396,,,,,1.693738974665571,450.0,2
ppo_direct_wq,ningxia_irrigation,2021,yield_max,9.738777242122554,450.0,0.75,0.0993830407791278,0.04205763855283001,,,,,9.738777242122554,450.0,2
ppo_direct_wq,ningxia_irrigation,2021,water_min,1.5063325801585066,450.0,0.06818181818181818,-0.835462349541543,-0.7217459019335736,,,,,1.5063325801585066,450.0,2
ppo_direct_wq,ningxia_irrigation,2021,cost_min,0.0,0.0,0.0,-0.021517607603824766,-0.01979239420282364,,,,,0.0,0.0,2
ppo_direct_wq,ningxia_irrigation,2021,risk_min,12.905479223201526,450.0,0.6590909090909091,-0.1853264215975014,-0.1792523528852228,,,,,12.905479223201526,450.0,2
ppo_direct_wq,ningxia_irrigation,2021,yield_vs_water,2.4131930545883495,450.0,0.2727272727272727,-0.48615058697519553,-0.43262800030501103,,,,,2.4131930545883495,450.0,2
ppo_direct_wq,ningxia_irrigation,2021,water_vs_cost,0.0,300.0,0.0,-0.6925027154553797,-0.5857488154320694,,,,,0.0,300.0,2
ppo_direct_wq,ningxia_irrigation,2022,balanced,13.066923452362937,445.0,0.38636363636363635,-0.3705699639024037,-0.3814989891063868,,,,,13.066923452362937,445.0,2
ppo_direct_wq,ningxia_irrigation,2022,yield_max,14.683004330246115,450.0,0.8181818181818182,0.33505447202476496,0.22562386436709725,,,,,14.683004330246115,450.0,2
ppo_direct_wq,ningxia_irrigation,2022,water_min,11.936784320719543,395.0,0.36363636363636365,-0.7662834449147206,-0.7141911212445022,,,,,11.936784320719543,395.0,2
ppo_direct_wq,ningxia_irrigation,2022,cost_min,10.873687204478253,350.0,0.3409090909090909,-0.9064612960090824,-0.8425427566332093,,,,,10.873687204478253,350.0,2
ppo_direct_wq,ningxia_irrigation,2022,risk_min,14.626701448130495,450.0,0.8181818181818182,-0.14522923628318754,-0.14935553713324595,,,,,14.626701448130495,450.0,2
ppo_direct_wq,ningxia_irrigation,2022,yield_vs_water,13.628088432695444,450.0,0.7045454545454546,-0.14757578429306162,-0.19276184566411775,,,,,13.628088432695444,450.0,2
ppo_direct_wq,ningxia_irrigation,2022,water_vs_cost,11.186800216363263,360.0,0.38636363636363635,-0.7621182611946943,-0.7090099636548768,,,,,11.186800216363263,360.0,2
ppo_residual_wq,beijing_plain,2018,balanced,13.663436074554378,210.0,0.10714285714285714,0.06285727678875419,-0.03786882501829081,2.946883207079152,110.0,10.716552867475226,100.0,,,0
ppo_residual_wq,beijing_plain,2018,yield_max,14.432159498122232,450.0,0.36607142857142855,0.37490888911040254,0.10075919564643598,2.9619436489291697,265.0,11.470215849193062,185.0,,,0
ppo_residual_wq,beijing_plain,2018,water_min,12.853556733605345,140.0,0.044642857142857144,-0.1837370909663371,-0.14505382134387834,2.8955673789152967,65.0,9.957989354690048,75.0,,,0
ppo_residual_wq,beijing_plain,2018,cost_min,10.629332480312861,70.0,0.03571428571428571,-0.09276064375670243,-0.08176626828372444,2.8422984108643345,50.0,7.787034069448527,20.0,,,0
ppo_residual_wq,beijing_plain,2018,risk_min,12.230694792789219,450.0,0.6875,-0.1748130910596099,-0.15896457006578318,2.9625787023318564,370.0,9.268116090457362,80.0,,,0
ppo_residual_wq,beijing_plain,2018,yield_vs_water,13.99776360562056,300.0,0.125,0.10225187295681981,-0.0302198163776497,2.956239578127961,135.0,11.0415240274926,165.0,,,0
ppo_residual_wq,beijing_plain,2018,water_vs_cost,10.610807364298573,70.0,0.026785714285714284,-0.100643647671576,-0.0870250578165016,2.83776671490474,50.0,7.773040649393834,20.0,,,0
ppo_residual_wq,beijing_plain,2019,balanced,10.41013736217443,450.0,0.21818181818181817,-0.3530246232627927,-0.35513202230385055,1.378788744993251,365.0,9.031348617181179,85.0,,,0
ppo_residual_wq,beijing_plain,2019,yield_max,5.711068277499171,450.0,0.6454545454545455,-1.6515250823081686,-1.151439183174237,2.7789546792989923,450.0,2.932113598200179,0.0,,,0
ppo_residual_wq,beijing_plain,2019,water_min,8.627172986519888,410.0,0.15454545454545454,-0.913872060044166,-0.7174238756733237,1.4269644562534642,365.0,7.200208530266424,45.0,,,0
ppo_residual_wq,beijing_plain,2019,cost_min,8.131521982051602,450.0,0.2818181818181818,-1.4359349096458451,-1.1007716012070503,1.5133243282492348,385.0,6.618197653802366,65.0,,,0
ppo_residual_wq,beijing_plain,2019,risk_min,5.157967088284735,450.0,0.6818181818181818,-6.7120280147150115,-4.333965048918216,2.4879024949783286,450.0,2.6700645933064067,0.0,,,0
ppo_residual_wq,beijing_plain,2019,yield_vs_water,9.003988026938522,450.0,0.22727272727272727,-0.3759855227724407,-0.3819704194084129,1.8017157902251437,400.0,7.202272236713378,50.0,,,0
ppo_residual_wq,beijing_plain,2019,water_vs_cost,8.131521982051602,450.0,0.2818181818181818,-1.0782426019535374,-0.845585846415593,1.5133243282492348,385.0,6.618197653802366,65.0,,,0
ppo_residual_wq,beijing_plain,2020,balanced,13.221623926954784,290.0,0.11818181818181818,-0.06213410809131181,-0.13624232927758456,1.9351988052071514,225.0,11.286425121747632,65.0,,,0
ppo_residual_wq,beijing_plain,2020,yield_max,14.687006781503538,450.0,0.4727272727272727,0.41022239491970713,0.11399053740530096,3.192799340311745,345.0,11.494207441191792,105.0,,,0
ppo_residual_wq,beijing_plain,2020,water_min,11.652858066435536,170.0,0.09090909090909091,-0.25508160568476096,-0.20624181315861795,0.9985162149990432,150.0,10.654341851436493,20.0,,,0
ppo_residual_wq,beijing_plain,2020,cost_min,7.980445054461313,185.0,0.09090909090909091,-0.8713724731495179,-0.6131203886976619,0.8141865975821174,65.0,7.166258456879196,120.0,,,0
ppo_residual_wq,beijing_plain,2020,risk_min,8.912987196526784,450.0,0.6636363636363637,-2.2997115439214126,-1.533570968967196,3.3618546827530658,450.0,5.551132513773718,0.0,,,0
ppo_residual_wq,beijing_plain,2020,yield_vs_water,13.327812085029965,325.0,0.16363636363636364,0.03426091165575729,-0.08949917861853662,2.0227439569343457,250.0,11.30506812809562,75.0,,,0
ppo_residual_wq,beijing_plain,2020,water_vs_cost,4.468465786110508,125.0,0.05454545454545454,-0.2861630773695074,-0.21249489724225368,0.7443374160016221,65.0,3.7241283701088865,60.0,,,0
ppo_residual_wq,beijing_plain,2021,balanced,13.462603827963786,250.0,0.2909090909090909,-0.0031369696610961117,-0.09550530222035103,1.9863705737086903,200.0,11.476233254255096,50.0,,,0
ppo_residual_wq,beijing_plain,2021,yield_max,14.620929950018049,415.0,0.38181818181818183,0.4268345090446142,0.12740532787412034,3.2166106790393414,315.0,11.404319270978707,100.0,,,0
ppo_residual_wq,beijing_plain,2021,water_min,12.71132724339548,190.0,0.2,-0.2830770290612823,-0.22233394742676899,1.1763717804802267,125.0,11.534955462915255,65.0,,,0
ppo_residual_wq,beijing_plain,2021,cost_min,12.419498577119652,110.0,0.10909090909090909,-0.27174146974858326,-0.20970253284357243,0.8839614274608589,50.0,11.535537149658794,60.0,,,0
ppo_residual_wq,beijing_plain,2021,risk_min,10.680190314119017,450.0,0.6636363636363637,-0.18545151918753178,-0.18162182420997747,3.494487745600866,450.0,7.18570256851815,0.0,,,0
ppo_residual_wq,beijing_plain,2021,yield_vs_water,13.416447489218495,320.0,0.19090909090909092,0.04355393436311017,-0.07857848832762582,2.1277795933317583,225.0,11.288667895886737,95.0,,,0
ppo_residual_wq,beijing_plain,2021,water_vs_cost,12.416753982001488,110.0,0.06363636363636363,-0.18313452603045177,-0.14653698250532438,0.8809135736191317,50.0,11.535840408382356,60.0,,,0
ppo_residual_wq,beijing_plain,2022,balanced,14.719229646940672,140.0,0.10714285714285714,0.19140460386209984,0.04133418250858362,3.1699597377149344,135.0,11.549269909225737,5.0,,,0
ppo_residual_wq,beijing_plain,2022,yield_max,14.863220054154503,330.0,0.4375,0.4706390409847462,0.1651313467554782,3.3124694570558746,270.0,11.550750597098629,60.0,,,0
ppo_residual_wq,beijing_plain,2022,water_min,14.659174791765954,120.0,0.0625,-0.1298918994315393,-0.11360299520980281,3.1099048825402176,115.0,11.549269909225737,5.0,,,0
ppo_residual_wq,beijing_plain,2022,cost_min,14.647366541189571,125.0,0.05357142857142857,-0.17636947155881877,-0.14350338457976708,3.156573017403062,100.0,11.49079352378651,25.0,,,0
ppo_residual_wq,beijing_plain,2022,risk_min,14.854033714038259,450.0,0.6339285714285714,-0.15333178028824684,-0.14340102440790017,3.319758141983196,375.0,11.534275572055064,75.0,,,0
ppo_residual_wq,beijing_plain,2022,yield_vs_water,14.79333633705643,175.0,0.16071428571428573,0.27571977932057146,0.07590089668651134,3.2440664278306928,160.0,11.549269909225737,15.0,,,0
ppo_residual_wq,beijing_plain,2022,water_vs_cost,14.552537571642034,100.0,0.03571428571428571,-0.13029821277022374,-0.1128569359379131,3.003267662416298,100.0,11.549269909225737,0.0,,,0
ppo_residual_wq,hebei_central,2018,balanced,14.879735029175903,375.0,0.15178571428571427,-0.06285506367304006,-0.12373653586395811,4.272217105309062,110.0,10.60751792386684,265.0,,,0
ppo_residual_wq,hebei_central,2018,yield_max,15.589705756931092,450.0,0.45535714285714285,0.48453689771106034,0.16547474968399362,4.271834108378846,215.0,11.317871648552247,235.0,,,0
ppo_residual_wq,hebei_central,2018,water_min,13.825792970774206,225.0,0.09821428571428571,-0.33351071627810547,-0.2359831652185606,4.240092966166947,30.0,9.58570000460726,195.0,,,0
ppo_residual_wq,hebei_central,2018,cost_min,12.635655979222165,205.0,0.08928571428571429,-0.35796676936868543,-0.2518976643101095,4.210781720356706,30.0,8.424874258865458,175.0,,,0
ppo_residual_wq,hebei_central,2018,risk_min,15.711239391460229,450.0,0.6428571428571429,-0.13945542319203139,-0.13345083396602486,4.272071994401913,305.0,11.439167397058315,145.0,,,0
ppo_residual_wq,hebei_central,2018,yield_vs_water,15.28191574516387,450.0,0.14285714285714285,0.03936095766007375,-0.07581993552922972,4.265267548249934,135.0,11.016648196913936,315.0,,,0
ppo_residual_wq,hebei_central,2018,water_vs_cost,10.936128128511054,155.0,0.07142857142857142,-0.31073560909973763,-0.22024496224622275,4.243713848588754,25.0,6.692414279922302,130.0,,,0
ppo_residual_wq,hebei_central,2019,balanced,4.560361253464835,450.0,0.3783783783783784,-1.3528229992505088,-1.0256619335884127,2.8579226985633293,385.0,1.7024385549015064,65.0,,,0
ppo_residual_wq,hebei_central,2019,yield_max,4.867025027401017,450.0,0.7297297297297297,-1.538430804768435,-1.0668960855382263,4.360774101048168,450.0,0.5062509263528494,0.0,,,0
ppo_residual_wq,hebei_central,2019,water_min,7.5425558011134735,450.0,0.3063063063063063,-1.9954406882419136,-1.3951559665331388,2.6783499098757177,365.0,4.864205891237756,85.0,,,0
ppo_residual_wq,hebei_central,2019,cost_min,8.293008571267087,450.0,0.35135135135135137,-2.246460191394766,-1.6298700568962434,2.7909139279119266,365.0,5.502094643355162,85.0,,,0
ppo_residual_wq,hebei_central,2019,risk_min,4.841297977327903,450.0,0.6846846846846847,-4.579520514241671,-2.849362060743883,4.304967632726964,450.0,0.5363303446009395,0.0,,,0
ppo_residual_wq,hebei_central,2019,yield_vs_water,14.788745735716033,450.0,0.32432432432432434,0.01263040072414845,-0.15506806050610816,3.545185775681771,415.0,11.243559960034261,35.0,,,0
ppo_residual_wq,hebei_central,2019,water_vs_cost,8.365882191839546,450.0,0.3063063063063063,-1.0885470910333286,-0.8598998357262051,2.7909139279119266,365.0,5.57496826392762,85.0,,,0
ppo_residual_wq,hebei_central,2020,balanced,16.059910470614938,235.0,0.10810810810810811,0.1604955134564262,0.001500853757408105,4.780408006279621,225.0,11.279502464335318,10.0,,,0
ppo_residual_wq,hebei_central,2020,yield_max,16.044751488240774,450.0,0.5495495495495496,0.5453821157354345,0.19486380487255472,4.881755551313577,325.0,11.162995936927196,125.0,,,0
ppo_residual_wq,hebei_central,2020,water_min,15.031683931526564,230.0,0.14414414414414414,-0.31771740767055745,-0.25542938720153546,4.51887018037003,150.0,10.512813751156534,80.0,,,0
ppo_residual_wq,hebei_central,2020,cost_min,14.90547005670947,205.0,0.08108108108108109,-0.3301408569280991,-0.25648462287872204,4.382970014578184,125.0,10.522500042131286,80.0,,,0
ppo_residual_wq,hebei_central,2020,risk_min,15.791835464808273,450.0,0.6756756756756757,-0.13261887564387137,-0.14248137676062178,4.887075881868967,400.0,10.904759582939306,50.0,,,0
ppo_residual_wq,hebei_central,2020,yield_vs_water,16.03878852573895,255.0,0.1981981981981982,0.290784993402724,0.06876983887704213,4.754494158743776,220.0,11.284294366995175,35.0,,,0
ppo_residual_wq,hebei_central,2020,water_vs_cost,15.437903918553104,120.0,0.04504504504504504,-0.15948548077906563,-0.14107936403664462,4.184351243801811,120.0,11.253552674751292,0.0,,,0
ppo_residual_wq,hebei_central,2021,balanced,14.423335881684688,215.0,0.11926605504587157,0.12606660968988248,-0.011597570717811423,4.520149279101432,200.0,9.903186602583256,15.0,,,0
ppo_residual_wq,hebei_central,2021,yield_max,16.315690479582447,450.0,0.5412844036697247,0.5712566491309224,0.21626673325493306,4.781449322737672,325.0,11.534241156844773,125.0,,,0
ppo_residual_wq,hebei_central,2021,water_min,14.08443280126021,155.0,0.07339449541284404,-0.2893342402810414,-0.23488255119901408,4.323955249379236,150.0,9.760477551880973,5.0,,,0
ppo_residual_wq,hebei_central,2021,cost_min,14.163629345988086,150.0,0.08256880733944955,-0.21623966082783158,-0.18146314722613227,4.269251007954912,150.0,9.894378338033174,0.0,,,0
ppo_residual_wq,hebei_central,2021,risk_min,16.28200002396906,450.0,0.6330275229357798,-0.13119639554800105,-0.14276399668756976,4.789918263401455,415.0,11.492081760567608,35.0,,,0
ppo_residual_wq,hebei_central,2021,yield_vs_water,14.389787844635189,245.0,0.1743119266055046,0.17908040086936938,0.006384366484965265,4.4857762205302105,200.0,9.904011624104978,45.0,,,0
ppo_residual_wq,hebei_central,2021,water_vs_cost,14.112225785867967,150.0,0.045871559633027525,-0.23952247877739355,-0.19579705607923403,4.228602483537922,145.0,9.883623302330045,5.0,,,0
ppo_residual_wq,hebei_central,2022,balanced,16.33817851972475,195.0,0.11711711711711711,0.21801953717193018,0.048526697215985126,4.881912121824838,190.0,11.456266397899913,5.0,,,0
ppo_residual_wq,hebei_central,2022,yield_max,16.43165063263745,440.0,0.44144144144144143,0.5644830449309584,0.21660784228042623,4.915141774497853,270.0,11.516508858139595,170.0,,,0
ppo_residual_wq,hebei_central,2022,water_min,16.217421113313165,135.0,0.13513513513513514,-0.13486436923211031,-0.12066557657291288,4.696458846052758,130.0,11.520962267260405,5.0,,,0
ppo_residual_wq,hebei_central,2022,cost_min,16.157324910041787,105.0,0.08108108108108109,-0.11147380350567287,-0.10467046330865946,4.636163301759711,105.0,11.521161608282076,0.0,,,0
ppo_residual_wq,hebei_central,2022,risk_min,16.455085815091692,450.0,0.6306306306306306,-0.12889373685458533,-0.12373817475781522,4.914901446896087,340.0,11.540184368195607,110.0,,,0
ppo_residual_wq,hebei_central,2022,yield_vs_water,16.376344683295883,225.0,0.16216216216216217,0.33896445858300495,0.10831902584598241,4.916457190329997,200.0,11.459887492965885,25.0,,,0
ppo_residual_wq,hebei_central,2022,water_vs_cost,16.024311318380338,105.0,0.036036036036036036,-0.1233218660628207,-0.11224547018371286,4.5031497100982625,105.0,11.521161608282076,0.0,,,0
ppo_residual_wq,henan_north,2018,balanced,17.985794460344433,205.0,0.14545454545454545,0.29493407898892565,0.09208594613690424,6.542392128714078,180.0,11.443402331630354,25.0,,,0
ppo_residual_wq,henan_north,2018,yield_max,18.095686736937616,350.0,0.5,0.781356283812281,0.3455866251831662,6.594409043005383,255.0,11.501277693932233,95.0,,,0
ppo_residual_wq,henan_north,2018,water_min,17.902866148175907,120.0,0.09090909090909091,-0.08344348375128557,-0.08854026082023715,6.461800410304003,105.0,11.441065737871904,15.0,,,0
ppo_residual_wq,henan_north,2018,cost_min,17.66600441844271,85.0,0.05454545454545454,-0.05382371478285303,-0.0665447498603515,6.224547786143227,80.0,11.441456632299483,5.0,,,0
ppo_residual_wq,henan_north,2018,risk_min,18.09193289342814,445.0,0.6454545454545455,-0.10146848281549384,-0.10934724455483881,6.593395833437952,290.0,11.498537059990188,155.0,,,0
ppo_residual_wq,henan_north,2018,yield_vs_water,18.04162752452661,255.0,0.19090909090909092,0.42711371210740623,0.15726804936936795,6.597933757338273,210.0,11.44369376718834,45.0,,,0
ppo_residual_wq,henan_north,2018,water_vs_cost,17.589324566990637,60.0,0.05454545454545454,-0.005697453697404542,-0.03307828359101776,6.147247352896699,55.0,11.442077214093938,5.0,,,0
ppo_residual_wq,henan_north,2019,balanced,6.058157562929463,450.0,0.2972972972972973,-0.9152877892719915,-0.716784530544021,4.2666467069858225,345.0,1.7915108559436397,105.0,,,0
ppo_residual_wq,henan_north,2019,yield_max,7.216058208056687,450.0,0.6756756756756757,-0.2542506072601116,-0.28590868020732074,7.1083701984044305,450.0,0.10768800965225628,0.0,,,0
ppo_residual_wq,henan_north,2019,water_min,8.552323250883402,450.0,0.2702702702702703,-1.2118669325428404,-0.8774503734442607,3.998048240635925,320.0,4.554275010247478,130.0,,,0
ppo_residual_wq,henan_north,2019,cost_min,10.695977439212037,260.0,0.10810810810810811,-0.6935338537552922,-0.5574539846581071,2.042468147079027,240.0,8.653509292133009,20.0,,,0
ppo_residual_wq,henan_north,2019,risk_min,7.233688396400508,450.0,0.6846846846846847,-0.2493285576632409,-0.22619853681058105,7.114168179763011,450.0,0.11952021663749669,0.0,,,0
ppo_residual_wq,henan_north,2019,yield_vs_water,7.292252641120493,450.0,0.35135135135135137,-0.3705627953468,-0.3800159337763403,5.4357398761150755,370.0,1.8565127650054172,80.0,,,0
ppo_residual_wq,henan_north,2019,water_vs_cost,10.553014501976325,260.0,0.10810810810810811,-0.5211412451675861,-0.4277808964675569,2.0411028178449326,240.0,8.511911684131391,20.0,,,0
ppo_residual_wq,henan_north,2020,balanced,18.207802456399428,255.0,0.07339449541284404,0.2654183563762653,0.0670995998113661,7.275461669774588,220.0,10.932340786624842,35.0,,,0
ppo_residual_wq,henan_north,2020,yield_max,17.767139139846257,450.0,0.4036697247706422,0.7378132936983463,0.3212495899103139,7.28558238454488,295.0,10.481556755301376,155.0,,,0
ppo_residual_wq,henan_north,2020,water_min,18.37818440622541,300.0,0.11009174311926606,-0.4096701245168875,-0.3007061728643139,7.245333953389777,155.0,11.132850452835633,145.0,,,0
ppo_residual_wq,henan_north,2020,cost_min,18.15156784929576,220.0,0.045871559633027525,-0.34387880504097734,-0.25497885462807185,7.0837222318740505,105.0,11.06784561742171,115.0,,,0
ppo_residual_wq,henan_north,2020,risk_min,18.841485535188568,450.0,0.6330275229357798,-0.09542024137705002,-0.11264189142265923,7.285040158526805,330.0,11.556445376661763,120.0,,,0
ppo_residual_wq,henan_north,2020,yield_vs_water,18.300675080217598,365.0,0.11926605504587157,0.34690535092415,0.09760856752790309,7.2866015283190775,255.0,11.01407355189852,110.0,,,0
ppo_residual_wq,henan_north,2020,water_vs_cost,18.52803053877748,110.0,0.03669724770642202,-0.10204118568682591,-0.10381764625723375,6.9526547705439405,105.0,11.575375768233537,5.0,,,0
ppo_residual_wq,henan_north,2021,balanced,14.342263680858673,240.0,0.1743119266055046,0.08144832012209169,-0.04007730552814709,3.922358948168526,225.0,10.419904732690147,15.0,,,0
ppo_residual_wq,henan_north,2021,yield_max,19.05211509105313,450.0,0.5963302752293578,0.8378890683163495,0.36378913116921624,7.507226585909017,395.0,11.544888505144112,55.0,,,0
ppo_residual_wq,henan_north,2021,water_min,14.198996410411759,175.0,0.14678899082568808,-0.3261860183729801,-0.2634059921872334,3.7619852270435468,175.0,10.437011183368213,0.0,,,0
ppo_residual_wq,henan_north,2021,cost_min,13.244273426609196,125.0,0.11009174311926606,-0.2789051806546073,-0.22310891533734667,2.915933403777989,125.0,10.328340022831206,0.0,,,0
ppo_residual_wq,henan_north,2021,risk_min,16.26970586598612,450.0,0.6422018348623854,-0.11483926579462925,-0.13909489371820716,7.526067611144494,450.0,8.743638254841624,0.0,,,0
ppo_residual_wq,henan_north,2021,yield_vs_water,15.933555337103437,270.0,0.22018348623853212,0.2974308417930658,0.07172790719170469,5.313751176551007,250.0,10.61980416055243,20.0,,,0
ppo_residual_wq,henan_north,2021,water_vs_cost,13.100575162234708,125.0,0.09174311926605505,-0.1955446615947061,-0.16374785341292958,2.794064099731109,125.0,10.3065110625036,0.0,,,0
ppo_residual_wq,henan_north,2022,balanced,18.694444969487073,265.0,0.10810810810810811,0.25635528983031974,0.057929914802552884,7.138465902074636,235.0,11.555979067412435,30.0,,,0
ppo_residual_wq,henan_north,2022,yield_max,18.812333556240702,445.0,0.45045045045045046,0.7908412326650771,0.34465618432653894,7.2215427270743024,295.0,11.590790829166398,150.0,,,0
ppo_residual_wq,henan_north,2022,water_min,18.47257435569874,200.0,0.07207207207207207,-0.22344224712759908,-0.18755403975288892,6.916595288286305,180.0,11.555979067412435,20.0,,,0
ppo_residual_wq,henan_north,2022,cost_min,17.739244302972523,200.0,0.06306306306306306,-0.2846781669837259,-0.22871719349640318,6.89422521486404,155.0,10.845019088108483,45.0,,,0
ppo_residual_wq,henan_north,2022,risk_min,18.810215189701985,450.0,0.6936936936936937,-0.09112447856696362,-0.10548063184099074,7.2215427270743024,365.0,11.588672462627681,85.0,,,0
ppo_residual_wq,henan_north,2022,yield_vs_water,18.768319952049012,300.0,0.10810810810810811,0.42421184169556625,0.14556343983302245,7.212340884636578,235.0,11.555979067412435,65.0,,,0
ppo_residual_wq,henan_north,2022,water_vs_cost,18.30705744989325,160.0,0.05405405405405406,-0.21491549589440795,-0.18374815969751357,6.749737007342776,155.0,11.557320442550475,5.0,,,0
ppo_residual_wq,shaanxi_guanzhong,2018,balanced,15.938111705159738,305.0,0.07407407407407407,0.03903909327800581,-0.05195759008274847,4.651259759869722,105.0,11.286851945290016,200.0,,,0
ppo_residual_wq,shaanxi_guanzhong,2018,yield_max,15.944726186969357,450.0,0.4537037037037037,0.5338881087448121,0.21368292435540592,4.65108297170935,160.0,11.293643215260007,290.0,,,0
ppo_residual_wq,shaanxi_guanzhong,2018,water_min,15.853597413303568,270.0,0.10185185185185185,-0.3925593356199133,-0.27293543724287894,4.65126817311078,40.0,11.202329240192789,230.0,,,0
ppo_residual_wq,shaanxi_guanzhong,2018,cost_min,15.78920042441473,210.0,0.018518518518518517,-0.3758269400692404,-0.2597264509958904,4.651803422569631,25.0,11.1373970018451,185.0,,,0
ppo_residual_wq,shaanxi_guanzhong,2018,risk_min,16.05294131016396,405.0,0.6759259259259259,-0.10698291644993677,-0.09753043212810679,4.650702908145166,185.0,11.402238402018792,220.0,,,0
ppo_residual_wq,shaanxi_guanzhong,2018,yield_vs_water,15.785105860424782,350.0,0.06481481481481481,0.18135562624553936,0.019553291280701046,4.651252102372892,120.0,11.13385375805189,230.0,,,0
ppo_residual_wq,shaanxi_guanzhong,2018,water_vs_cost,15.527144477565749,185.0,0.037037037037037035,-0.3150527516140188,-0.22231731396082868,4.651803422569631,25.0,10.875341054996117,160.0,,,0
ppo_residual_wq,shaanxi_guanzhong,2019,balanced,14.453789248927048,235.0,0.1834862385321101,0.07966505471972507,-0.05244510519720125,3.1959401633596762,225.0,11.257849085567372,10.0,,,0
ppo_residual_wq,shaanxi_guanzhong,2019,yield_max,15.25042602380887,450.0,0.5412844036697247,0.49943643830527507,0.16307922970128702,4.618287495031276,395.0,10.632138528777594,55.0,,,0
ppo_residual_wq,shaanxi_guanzhong,2019,water_min,13.658440384380006,305.0,0.1926605504587156,-0.4788606607266829,-0.3674326756648709,2.8081955183628744,175.0,10.850244866017132,130.0,,,0
ppo_residual_wq,shaanxi_guanzhong,2019,cost_min,12.369789075200588,210.0,0.08256880733944955,-0.49569189508434114,-0.3660626332292221,1.5542947979321444,95.0,10.815494277268444,115.0,,,0
ppo_residual_wq,shaanxi_guanzhong,2019,risk_min,15.981126738523958,450.0,0.6788990825688074,-0.13079526371400507,-0.14811362937386968,4.7399578124317605,425.0,11.241168926092199,25.0,,,0
ppo_residual_wq,shaanxi_guanzhong,2019,yield_vs_water,15.540854208175976,270.0,0.22935779816513763,0.25066337467471755,0.032975671075393176,4.283005122608603,250.0,11.257849085567372,20.0,,,0
ppo_residual_wq,shaanxi_guanzhong,2019,water_vs_cost,12.399433167777469,180.0,0.05504587155963303,-0.33647528450984865,-0.2645625667571534,1.6015498414388056,100.0,10.797883326338663,80.0,,,0
ppo_residual_wq,shaanxi_guanzhong,2020,balanced,16.194883675111672,145.0,0.12149532710280374,0.2807918206358009,0.09884918360314388,4.994339367007159,140.0,11.200544308104513,5.0,,,0
ppo_residual_wq,shaanxi_guanzhong,2020,yield_max,16.453614198404473,230.0,0.5514018691588785,0.6922157724510286,0.3157782566460996,4.994154071047972,190.0,11.459460127356502,40.0,,,0
ppo_residual_wq,shaanxi_guanzhong,2020,water_min,16.19082485612395,90.0,0.028037383177570093,-0.050076786381950844,-0.062365466937649314,4.990288215474606,85.0,11.200536640649345,5.0,,,0
ppo_residual_wq,shaanxi_guanzhong,2020,cost_min,16.140537188665625,65.0,0.028037383177570093,-0.022831416491033985,-0.043222200473996705,4.939992880561111,65.0,11.200544308104513,0.0,,,0
ppo_residual_wq,shaanxi_guanzhong,2020,risk_min,16.394594440031593,325.0,0.719626168224299,-0.059638514345001725,-0.06888884444641025,4.994152288756218,205.0,11.400442151275374,120.0,,,0
ppo_residual_wq,shaanxi_guanzhong,2020,yield_vs_water,16.19474221379394,160.0,0.2336448598130841,0.4087143380633257,0.16601885227011237,4.9942936619214375,130.0,11.200448551872503,30.0,,,0
ppo_residual_wq,shaanxi_guanzhong,2020,water_vs_cost,15.985525156041255,35.0,0.028037383177570093,0.028503039568540306,-0.002668557494035939,4.785119914442103,30.0,11.200405241599153,5.0,,,0
ppo_residual_wq,shaanxi_guanzhong,2021,balanced,16.823114213747672,90.0,0.07407407407407407,0.3593598856821811,0.15100173461438493,5.292425768631937,70.0,11.530688445115736,20.0,,,0
ppo_residual_wq,shaanxi_guanzhong,2021,yield_max,16.8411142852039,205.0,0.6018518518518519,0.7383203678615751,0.3436461871894794,5.292409618767744,115.0,11.548704666436155,90.0,,,0
ppo_residual_wq,shaanxi_guanzhong,2021,water_min,16.82595702462136,20.0,0.046296296296296294,0.08199559996043018,0.03290994253439326,5.29247251492541,10.0,11.53348450969595,10.0,,,0
ppo_residual_wq,shaanxi_guanzhong,2021,cost_min,16.827595285339523,10.0,0.018518518518518517,0.08892058525381556,0.03731975017335494,5.292449731125455,5.0,11.535145554214068,5.0,,,0
ppo_residual_wq,shaanxi_guanzhong,2021,risk_min,16.841258537972323,275.0,0.7592592592592593,-0.028091475214943595,-0.04941072936772087,5.292409618767744,155.0,11.548848919204579,120.0,,,0
ppo_residual_wq,shaanxi_guanzhong,2021,yield_vs_water,16.82120891652659,135.0,0.1388888888888889,0.46510557768840505,0.19861392293619679,5.292409618767744,95.0,11.528799297758846,40.0,,,0
ppo_residual_wq,shaanxi_guanzhong,2021,water_vs_cost,16.826765083783982,5.0,0.037037037037037035,0.10701470921119746,0.0492559654541605,5.292449731125455,5.0,11.53431535265853,0.0,,,0
ppo_residual_wq,shaanxi_guanzhong,2022,balanced,14.683694060772225,215.0,0.06422018348623854,0.13216429227795973,0.00875021482117877,4.9298633072696285,65.0,9.753830753502598,150.0,,,0
ppo_residual_wq,shaanxi_guanzhong,2022,yield_max,16.355321175463715,395.0,0.5321100917431193,0.5895008761254518,0.2442229952155457,4.9298633072696285,135.0,11.425457868194087,260.0,,,0
ppo_residual_wq,shaanxi_guanzhong,2022,water_min,12.89261534386362,155.0,0.05504587155963303,-0.1987883524136799,-0.14764415546068996,4.929905476981416,30.0,7.962709866882204,125.0,,,0
ppo_residual_wq,shaanxi_guanzhong,2022,cost_min,12.285251794718981,25.0,0.027522935779816515,0.02051725939805274,-0.005995721142219801,4.929899334734257,5.0,7.355352459984725,20.0,,,0
ppo_residual_wq,shaanxi_guanzhong,2022,risk_min,16.141395304324764,450.0,0.7431192660550459,-0.12284553500536782,-0.108120894084166,4.9298633072696285,150.0,11.211531997055136,300.0,,,0
ppo_residual_wq,shaanxi_guanzhong,2022,yield_vs_water,15.14252232437266,180.0,0.07339449541284404,0.3301452627774409,0.11792716723196728,4.9298633072696285,95.0,10.21265901710303,85.0,,,0
ppo_residual_wq,shaanxi_guanzhong,2022,water_vs_cost,12.285251794718981,25.0,0.01834862385321101,0.020303584184377527,-0.006013905242770512,4.929899334734257,5.0,7.355352459984725,20.0,,,0
ppo_residual_wq,ningxia_irrigation,2018,balanced,12.002011695347242,355.0,0.3181818181818182,-0.27913185724517964,-0.31002580137378755,,,,,12.002011695347242,355.0,0
ppo_residual_wq,ningxia_irrigation,2018,yield_max,11.926582315708469,410.0,0.3409090909090909,0.021712408888266088,-0.061105261621737794,,,,,11.926582315708469,410.0,0
ppo_residual_wq,ningxia_irrigation,2018,water_min,11.312711016391178,355.0,0.3409090909090909,-0.7884182342110813,-0.7502114807556538,,,,,11.312711016391178,355.0,0
ppo_residual_wq,ningxia_irrigation,2018,cost_min,6.346806283015375,240.0,0.29545454545454547,-0.48957040959832954,-0.4698377459275199,,,,,6.346806283015375,240.0,0
ppo_residual_wq,ningxia_irrigation,2018,risk_min,14.515217586167207,450.0,0.7045454545454546,-0.1493675786024089,-0.15263238641607535,,,,,14.515217586167207,450.0,0
ppo_residual_wq,ningxia_irrigation,2018,yield_vs_water,12.16955220639246,395.0,0.3181818181818182,-0.13863538953661136,-0.18594877606690619,,,,,12.16955220639246,395.0,0
ppo_residual_wq,ningxia_irrigation,2018,water_vs_cost,6.346806283015375,240.0,0.29545454545454547,-0.5114019114298314,-0.49041660090769146,,,,,6.346806283015375,240.0,0
ppo_residual_wq,ningxia_irrigation,2019,balanced,10.5618082938531,405.0,0.22727272727272727,-0.29843788007530114,-0.2948901119120963,,,,,10.5618082938531,405.0,0
ppo_residual_wq,ningxia_irrigation,2019,yield_max,11.552530240060017,430.0,0.11363636363636363,0.18492370675278713,0.11053543323286213,,,,,11.552530240060017,430.0,0
ppo_residual_wq,ningxia_irrigation,2019,water_min,10.78928943447556,395.0,0.20454545454545456,-0.6726563584529258,-0.6081973716627604,,,,,10.78928943447556,395.0,0
ppo_residual_wq,ningxia_irrigation,2019,cost_min,9.546861072879047,345.0,0.18181818181818182,-0.7117864606056106,-0.6422070895739713,,,,,9.546861072879047,345.0,0
ppo_residual_wq,ningxia_irrigation,2019,risk_min,14.401536478903408,450.0,0.5,-0.1937653737262867,-0.1845284971823516,,,,,14.401536478903408,450.0,0
ppo_residual_wq,ningxia_irrigation,2019,yield_vs_water,11.012015284472948,410.0,0.18181818181818182,-0.1490529845555555,-0.17112465120739145,,,,,11.012015284472948,410.0,0
ppo_residual_wq,ningxia_irrigation,2019,water_vs_cost,9.318862263841075,335.0,0.18181818181818182,-0.7418372980896415,-0.6676925682060714,,,,,9.318862263841075,335.0,0
ppo_residual_wq,ningxia_irrigation,2020,balanced,9.519803933322105,450.0,0.38636363636363635,-0.36988455198658904,-0.3665516081911423,,,,,9.519803933322105,450.0,0
ppo_residual_wq,ningxia_irrigation,2020,yield_max,11.020140941013741,450.0,0.38636363636363635,-0.030206925782159777,-0.08138419398709212,,,,,11.020140941013741,450.0,0
ppo_residual_wq,ningxia_irrigation,2020,water_min,9.011108572932317,445.0,0.25,-0.7746383922454995,-0.709536087735619,,,,,9.011108572932317,445.0,0
ppo_residual_wq,ningxia_irrigation,2020,cost_min,9.458183140091112,450.0,0.2727272727272727,-0.9234762209219289,-0.8448480470886416,,,,,9.458183140091112,450.0,0
ppo_residual_wq,ningxia_irrigation,2020,risk_min,10.329151437428639,450.0,0.6590909090909091,-3.6761126239040034,-3.1426846768950187,,,,,10.329151437428639,450.0,0
ppo_residual_wq,ningxia_irrigation,2020,yield_vs_water,9.758132615483426,450.0,0.3409090909090909,-0.2303767790330976,-0.2476483913226578,,,,,9.758132615483426,450.0,0
ppo_residual_wq,ningxia_irrigation,2020,water_vs_cost,9.225878351240642,450.0,0.2727272727272727,-0.9596039566900043,-0.8769573178958613,,,,,9.225878351240642,450.0,0
ppo_residual_wq,ningxia_irrigation,2021,balanced,0.0,25.0,0.0,-0.1163168748023469,-0.10524420605161286,,,,,0.0,25.0,0
ppo_residual_wq,ningxia_irrigation,2021,yield_max,1.3511531458317119,225.0,0.18181818181818182,-0.19583775786819,-0.18308622360289561,,,,,1.3511531458317119,225.0,0
ppo_residual_wq,ningxia_irrigation,2021,water_min,0.0,0.0,0.0,-0.021517607603824766,-0.01979239420282364,,,,,0.0,0.0,0
ppo_residual_wq,ningxia_irrigation,2021,cost_min,0.0,25.0,0.0,-0.07333043173082182,-0.06518337973693514,,,,,0.0,25.0,0
ppo_residual_wq,ningxia_irrigation,2021,risk_min,12.570493747504953,450.0,0.7272727272727273,-2.259201510708071,-1.8717100432781724,,,,,12.570493747504953,450.0,0
ppo_residual_wq,ningxia_irrigation,2021,yield_vs_water,0.0,0.0,0.0,-0.10758803801912381,-0.0989619710141182,,,,,0.0,0.0,0
ppo_residual_wq,ningxia_irrigation,2021,water_vs_cost,0.0,0.0,0.0,-0.021517607603824766,-0.01979239420282364,,,,,0.0,0.0,0
ppo_residual_wq,ningxia_irrigation,2022,balanced,12.673271436992778,410.0,0.3409090909090909,-0.3471366130853607,-0.3608687612253019,,,,,12.673271436992778,410.0,0
ppo_residual_wq,ningxia_irrigation,2022,yield_max,12.521534194767003,420.0,0.3181818181818182,0.24218113923592466,0.1520656600793388,,,,,12.521534194767003,420.0,0
ppo_residual_wq,ningxia_irrigation,2022,water_min,12.504075023872666,400.0,0.25,-0.7733362034187787,-0.7217786231865635,,,,,12.504075023872666,400.0,0
ppo_residual_wq,ningxia_irrigation,2022,cost_min,11.757882176044212,350.0,0.25,-0.9012317043820811,-0.8431991631333431,,,,,11.757882176044212,350.0,0
ppo_residual_wq,ningxia_irrigation,2022,risk_min,14.597779218622701,450.0,0.5681818181818182,-0.15209489133045367,-0.15293976030580128,,,,,14.597779218622701,450.0,0
ppo_residual_wq,ningxia_irrigation,2022,yield_vs_water,12.673271436992778,410.0,0.3409090909090909,-0.14213810457403914,-0.18235705353110443,,,,,12.673271436992778,410.0,0
ppo_residual_wq,ningxia_irrigation,2022,water_vs_cost,11.757892519526747,365.0,0.25,-0.7538384706545562,-0.7025250570679333,,,,,11.757892519526747,365.0,0
ppo_residual_wq,beijing_plain,2018,balanced,13.495815085708042,315.0,0.22321428571428573,-0.07555612582612792,-0.11988487743175524,2.8899017626762142,65.0,10.605913323031828,250.0,,,1
ppo_residual_wq,beijing_plain,2018,yield_max,11.030310019203919,295.0,0.25892857142857145,0.22044771858129297,0.013542607727103695,2.9511181862093507,220.0,8.079191832994567,75.0,,,1
ppo_residual_wq,beijing_plain,2018,water_min,13.417099381312953,230.0,0.14285714285714285,-0.3441302989682712,-0.24657494053632492,2.8659869622757115,55.0,10.551112419037242,175.0,,,1
ppo_residual_wq,beijing_plain,2018,cost_min,13.30475363771286,205.0,0.14285714285714285,-0.361238902605853,-0.2625047944657063,2.886072768263841,60.0,10.41868086944902,145.0,,,1
ppo_residual_wq,beijing_plain,2018,risk_min,13.023705015696224,325.0,0.375,-0.09390916150527068,-0.09457594335649255,2.939189240942804,205.0,10.08451577475342,120.0,,,1
ppo_residual_wq,beijing_plain,2018,yield_vs_water,11.901189390100791,135.0,0.14285714285714285,0.18330048112012753,0.031008585029818958,2.898160107927674,85.0,9.003029282173117,50.0,,,1
ppo_residual_wq,beijing_plain,2018,water_vs_cost,13.44162851096151,225.0,0.13392857142857142,-0.42432266100642346,-0.30327878163741706,2.885905482134085,65.0,10.555723028827424,160.0,,,1
ppo_residual_wq,beijing_plain,2019,balanced,9.376343832231836,450.0,0.21818181818181817,-0.4822623528043619,-0.4478122112159262,1.7706660392645903,415.0,7.605677792967246,35.0,,,1
ppo_residual_wq,beijing_plain,2019,yield_max,9.687291129649267,450.0,0.34545454545454546,-0.11967949699442759,-0.2226913609588062,1.9850538765256767,425.0,7.70223725312359,25.0,,,1
ppo_residual_wq,beijing_plain,2019,water_min,10.501644783052885,435.0,0.18181818181818182,-0.7517371977013293,-0.6029274386170702,1.508030075979055,385.0,8.99361470707383,50.0,,,1
ppo_residual_wq,beijing_plain,2019,cost_min,9.228803816441015,415.0,0.19090909090909092,-0.8236418733681313,-0.6680951404268478,1.5571493921229638,390.0,7.671654424318051,25.0,,,1
ppo_residual_wq,beijing_plain,2019,risk_min,7.300096891998006,450.0,0.5,-5.148745869249553,-3.3713222493077053,2.2078730251129954,450.0,5.092223866885011,0.0,,,1
ppo_residual_wq,beijing_plain,2019,yield_vs_water,9.332473843368193,450.0,0.22727272727272727,-0.3659384506650272,-0.37748040624197,1.7349678762288936,415.0,7.5975059671393,35.0,,,1
ppo_residual_wq,beijing_plain,2019,water_vs_cost,8.995298306360548,415.0,0.18181818181818182,-0.8768154267341086,-0.7075479104222963,1.5540800820917249,390.0,7.441218224268822,25.0,,,1
ppo_residual_wq,beijing_plain,2020,balanced,13.579615346711785,285.0,0.12727272727272726,-0.033553219788780786,-0.12190456122095783,2.276305389908091,250.0,11.303309956803695,35.0,,,1
ppo_residual_wq,beijing_plain,2020,yield_max,14.567052655011022,440.0,0.23636363636363636,0.3970266612212161,0.10840547771197945,3.0844768297887724,320.0,11.48257582522225,120.0,,,1
ppo_residual_wq,beijing_plain,2020,water_min,12.286154939684815,220.0,0.09090909090909091,-0.3405521600297127,-0.26732276735578386,1.1615790452542742,200.0,11.12457589443054,20.0,,,1
ppo_residual_wq,beijing_plain,2020,cost_min,12.257924935813865,220.0,0.10909090909090909,-0.39689758952837584,-0.3065014490569355,1.1706222345386375,200.0,11.087302701275227,20.0,,,1
ppo_residual_wq,beijing_plain,2020,risk_min,14.100236281848334,450.0,0.3,-0.13987094760284996,-0.12515538802220638,2.581862674758769,300.0,11.518373607089565,150.0,,,1
ppo_residual_wq,beijing_plain,2020,yield_vs_water,13.462430605234404,275.0,0.12727272727272726,0.09802891125739421,-0.04815375969451269,2.176486943971572,250.0,11.285943661262833,25.0,,,1
ppo_residual_wq,beijing_plain,2020,water_vs_cost,11.282423981045037,195.0,0.09090909090909091,-0.37621290165627896,-0.2917761825782485,1.1609050877458862,175.0,10.12151889329915,20.0,,,1
ppo_residual_wq,beijing_plain,2021,balanced,13.479272634923538,265.0,0.35454545454545455,-0.018519563964607966,-0.10395176589258931,1.9928835843709656,200.0,11.486389050552573,65.0,,,1
ppo_residual_wq,beijing_plain,2021,yield_max,13.862443902713746,315.0,0.39090909090909093,0.4065241920806225,0.13075987594691807,2.3747005993836083,250.0,11.487743303330138,65.0,,,1
ppo_residual_wq,beijing_plain,2021,water_min,12.559845853382553,175.0,0.12727272727272726,-0.2554579287710047,-0.20540208317830216,1.2303785008152164,150.0,11.329467352567336,25.0,,,1
ppo_residual_wq,beijing_plain,2021,cost_min,12.753792504815252,200.0,0.2545454545454545,-0.3567817687081391,-0.2713558311256229,1.2212543521660375,125.0,11.532538152649215,75.0,,,1
ppo_residual_wq,beijing_plain,2021,risk_min,13.862443902713746,310.0,0.38181818181818183,-0.0723995616057859,-0.07917226439299438,2.3747005993836083,250.0,11.487743303330138,60.0,,,1
ppo_residual_wq,beijing_plain,2021,yield_vs_water,13.479272634923538,265.0,0.35454545454545455,0.1027876634813587,-0.03805076026675425,1.9928835843709656,200.0,11.486389050552573,65.0,,,1
ppo_residual_wq,beijing_plain,2021,water_vs_cost,12.753616326629178,200.0,0.16363636363636364,-0.3777234716325367,-0.2871581496834389,1.2212543521660375,125.0,11.532361974463141,75.0,,,1
ppo_residual_wq,beijing_plain,2022,balanced,14.703120996293464,165.0,0.19642857142857142,0.15790509752704823,0.0164417759998417,3.153314552913148,150.0,11.549806443380316,15.0,,,1
ppo_residual_wq,beijing_plain,2022,yield_max,14.745206847125473,270.0,0.45535714285714285,0.47805108430830634,0.16275514869022129,3.194450280214615,230.0,11.55075656691086,40.0,,,1
ppo_residual_wq,beijing_plain,2022,water_min,14.424694012442853,135.0,0.16964285714285715,-0.15971585209817132,-0.13214179200277992,3.1139373280661147,105.0,11.310756684376738,30.0,,,1
ppo_residual_wq,beijing_plain,2022,cost_min,14.580547518254395,120.0,0.125,-0.16872482344121434,-0.14186647606078656,3.031277609028659,110.0,11.549269909225737,10.0,,,1
ppo_residual_wq,beijing_plain,2022,risk_min,14.847549112109938,320.0,0.5714285714285714,-0.06955762440622296,-0.08035836085861348,3.295853673300175,275.0,11.551695438809762,45.0,,,1
ppo_residual_wq,beijing_plain,2022,yield_vs_water,14.70048833049243,145.0,0.21428571428571427,0.30049321743180424,0.09427142293733443,3.1506818871121136,140.0,11.549806443380316,5.0,,,1
ppo_residual_wq,beijing_plain,2022,water_vs_cost,14.60064911460106,135.0,0.10714285714285714,-0.20924454687284064,-0.1724501314469365,3.0491910110823963,120.0,11.551458103518664,15.0,,,1
ppo_residual_wq,hebei_central,2018,balanced,12.559661501527977,230.0,0.13392857142857142,0.03554426483001716,-0.049992263227516764,4.243609371565326,35.0,8.316052129962651,195.0,,,1
ppo_residual_wq,hebei_central,2018,yield_max,12.709930818802208,350.0,0.3482142857142857,0.34513351411302484,0.08367278419438012,4.271044423156322,155.0,8.438886395645886,195.0,,,1
ppo_residual_wq,hebei_central,2018,water_min,12.50513718083013,215.0,0.08928571428571429,-0.3306358392177612,-0.23285490121444485,4.231586657696257,30.0,8.273550523133874,185.0,,,1
ppo_residual_wq,hebei_central,2018,cost_min,12.746864899519881,220.0,0.09821428571428571,-0.40009563208104354,-0.28079044107533513,4.2519329361895775,35.0,8.494931963330304,185.0,,,1
ppo_residual_wq,hebei_central,2018,risk_min,13.6782217596146,385.0,0.4642857142857143,-0.10216104031050716,-0.09744055754267221,4.27224345149704,160.0,9.40597830811756,225.0,,,1
ppo_residual_wq,hebei_central,2018,yield_vs_water,12.10808915436827,230.0,0.14285714285714285,0.1378072993020174,0.0010086651796203938,4.243609371565326,35.0,7.8644797828029445,195.0,,,1
ppo_residual_wq,hebei_central,2018,water_vs_cost,12.789976429467288,225.0,0.09821428571428571,-0.4362813703824058,-0.30584625705523416,4.231932823323542,40.0,8.558043606143746,185.0,,,1
ppo_residual_wq,hebei_central,2019,balanced,9.150777591093284,450.0,0.43243243243243246,-0.35778027000702917,-0.3749710900238221,3.3452399007013094,450.0,5.805537690391975,0.0,,,1
ppo_residual_wq,hebei_central,2019,yield_max,5.044405931296714,450.0,0.43243243243243246,-1.390691996502563,-0.9666810706958829,3.343567336751824,450.0,1.7008385945448903,0.0,,,1
ppo_residual_wq,hebei_central,2019,water_min,5.040837699344596,450.0,0.36036036036036034,-1.5559128022880426,-1.1562479967020327,3.072065104299049,405.0,1.9687725950455468,45.0,,,1
ppo_residual_wq,hebei_central,2019,cost_min,14.284251161349813,425.0,0.1981981981981982,-0.7974960942968784,-0.670068884589644,3.037496865245029,415.0,11.246754296104784,10.0,,,1
ppo_residual_wq,hebei_central,2019,risk_min,5.069749710900842,450.0,0.5045045045045045,-4.5017394489326525,-2.7522694309864084,3.361729708384063,450.0,1.7080200025167789,0.0,,,1
ppo_residual_wq,hebei_central,2019,yield_vs_water,9.13062159149608,450.0,0.44144144144144143,-0.23437671960293477,-0.29814523843749796,3.337547359472256,450.0,5.793074232023824,0.0,,,1
ppo_residual_wq,hebei_central,2019,water_vs_cost,6.792060653094941,450.0,0.3063063063063063,-1.0486974608159718,-0.8371901408049169,2.934921041413186,390.0,3.857139611681755,60.0,,,1
ppo_residual_wq,hebei_central,2020,balanced,16.04885113037996,220.0,0.1891891891891892,0.17963672875909314,0.014439577713926288,4.597336798665931,175.0,11.451514331714028,45.0,,,1
ppo_residual_wq,hebei_central,2020,yield_max,16.266302767364138,335.0,0.36036036036036034,0.6134490335921843,0.24295103515120275,4.831296135114533,255.0,11.435006632249607,80.0,,,1
ppo_residual_wq,hebei_central,2020,water_min,15.016222370408475,230.0,0.10810810810810811,-0.31806990720395334,-0.25447644443358974,4.469212649002628,150.0,10.547009721405846,80.0,,,1
ppo_residual_wq,hebei_central,2020,cost_min,14.907943157367395,225.0,0.11711711711711711,-0.4731421973600374,-0.3624209253188107,4.377929512408025,145.0,10.53001364495937,80.0,,,1
ppo_residual_wq,hebei_central,2020,risk_min,16.27936295963875,330.0,0.45045045045045046,-0.05128778930130776,-0.07232124663994377,4.844339186746916,245.0,11.435023772891833,85.0,,,1
ppo_residual_wq,hebei_central,2020,yield_vs_water,16.04885113037996,220.0,0.1891891891891892,0.3288072052101605,0.09556651071499289,4.597336798665931,175.0,11.451514331714028,45.0,,,1
ppo_residual_wq,hebei_central,2020,water_vs_cost,14.866760107767691,225.0,0.10810810810810811,-0.39756426949126034,-0.3108856638465053,4.335634551279071,145.0,10.53112555648862,80.0,,,1
ppo_residual_wq,hebei_central,2021,balanced,15.318645189379474,215.0,0.1926605504587156,0.16097153970770256,0.009984330791385887,4.451402420302805,175.0,10.86724276907667,40.0,,,1
ppo_residual_wq,hebei_central,2021,yield_max,15.474742090644828,330.0,0.3394495412844037,0.5606975238071442,0.21057871510228787,4.611395556275131,255.0,10.863346534369697,75.0,,,1
ppo_residual_wq,hebei_central,2021,water_min,14.209611138882105,180.0,0.1559633027522936,-0.2332168119222658,-0.19692760779787535,4.47019972362501,175.0,9.739411415257095,5.0,,,1
ppo_residual_wq,hebei_central,2021,cost_min,14.165422862523695,170.0,0.1559633027522936,-0.35870298440367865,-0.2810793067121824,4.394645490926362,150.0,9.770777371597331,20.0,,,1
ppo_residual_wq,hebei_central,2021,risk_min,15.937956445162726,365.0,0.5045871559633027,-0.07277205840536988,-0.08668792078095446,4.648302256167374,250.0,11.289654188995351,115.0,,,1
ppo_residual_wq,hebei_central,2021,yield_vs_water,15.326528039574843,215.0,0.2018348623853211,0.30388481932692707,0.08562326167430173,4.454773879137858,175.0,10.871754160436986,40.0,,,1
ppo_residual_wq,hebei_central,2021,water_vs_cost,14.135090384080293,155.0,0.13761467889908258,-0.2488243649967576,-0.20652662223641297,4.359457966399437,150.0,9.775632417680855,5.0,,,1
ppo_residual_wq,hebei_central,2022,balanced,16.304892103575668,150.0,0.13513513513513514,0.26887791843680453,0.08412316315752383,4.7775698760448595,135.0,11.527322227530808,15.0,,,1
ppo_residual_wq,hebei_central,2022,yield_max,16.413882501609162,320.0,0.5585585585585585,0.6264069815047114,0.25604130015182774,4.873103736760641,250.0,11.54077876484852,70.0,,,1
ppo_residual_wq,hebei_central,2022,water_min,16.20704800009672,135.0,0.12612612612612611,-0.1349779899151914,-0.12166799904789824,4.6858611057771515,130.0,11.521186894319566,5.0,,,1
ppo_residual_wq,hebei_central,2022,cost_min,16.247716452178476,150.0,0.09009009009009009,-0.2051142958255272,-0.17382768684736655,4.7268056137589864,140.0,11.52091083841949,10.0,,,1
ppo_residual_wq,hebei_central,2022,risk_min,16.46029568924417,350.0,0.5855855855855856,-0.06156720889043407,-0.07576572991388136,4.915627276663813,265.0,11.544668412580357,85.0,,,1
ppo_residual_wq,hebei_central,2022,yield_vs_water,16.258094418084255,160.0,0.13513513513513514,0.39937570565645636,0.1517631202272856,4.73086856531142,140.0,11.527225852772833,20.0,,,1
ppo_residual_wq,hebei_central,2022,water_vs_cost,16.17335924390251,120.0,0.07207207207207207,-0.1563088561524849,-0.1398783545533044,4.651988819417673,115.0,11.521370424484836,5.0,,,1
ppo_residual_wq,henan_north,2018,balanced,17.88685502873774,125.0,0.11818181818181818,0.3946205545297535,0.16250072286336115,6.417175820911843,85.0,11.469679207825898,40.0,,,1
ppo_residual_wq,henan_north,2018,yield_max,18.025029828134784,245.0,0.45454545454545453,0.8243086525502654,0.3737282936952406,6.555495987127226,150.0,11.469533841007557,95.0,,,1
ppo_residual_wq,henan_north,2018,water_min,17.847548540905855,85.0,0.11818181818181818,-0.019713787286740503,-0.044954192926409675,6.4046560257153375,80.0,11.442892515190518,5.0,,,1
ppo_residual_wq,henan_north,2018,cost_min,17.91147388163768,110.0,0.11818181818181818,-0.09468105101799856,-0.10010590349730583,6.4685686613803695,90.0,11.442905220257309,20.0,,,1
ppo_residual_wq,henan_north,2018,risk_min,18.054053716148648,225.0,0.509090909090909,0.02074354950941526,-0.01910944675354198,6.5845198751410905,135.0,11.469533841007557,90.0,,,1
ppo_residual_wq,henan_north,2018,yield_vs_water,17.886193464039646,120.0,0.12727272727272726,0.5616260503587865,0.25266203465433373,6.417175820911843,85.0,11.469017643127803,35.0,,,1
ppo_residual_wq,henan_north,2018,water_vs_cost,17.720314146486707,105.0,0.09090909090909091,-0.09860172383960042,-0.10165161845934698,6.277398014194128,90.0,11.442916132292579,15.0,,,1
ppo_residual_wq,henan_north,2019,balanced,13.86359283478266,415.0,0.17117117117117117,-0.13925551345887643,-0.2295239171823094,3.6671681307908837,370.0,10.196424703991775,45.0,,,1
ppo_residual_wq,henan_north,2019,yield_max,5.672509374256744,450.0,0.2777777777777778,-0.33847029998481304,-0.32169329033688476,5.672509374256744,375.0,0.0,75.0,,,1
ppo_residual_wq,henan_north,2019,water_min,6.680383396958579,450.0,0.26126126126126126,-1.0960325768802175,-0.8170146470703323,4.186935962664473,345.0,2.4934474342941066,105.0,,,1
ppo_residual_wq,henan_north,2019,cost_min,7.499164575012985,450.0,0.25225225225225223,-1.121616866786916,-0.841283451467141,3.3444033818684993,345.0,4.154761193144486,105.0,,,1
ppo_residual_wq,henan_north,2019,risk_min,16.080498907669853,450.0,0.3963963963963964,-0.10177976574621006,-0.11525341749370947,5.54196187786299,425.0,10.538537029806863,25.0,,,1
ppo_residual_wq,henan_north,2019,yield_vs_water,7.450322869175443,450.0,0.3783783783783784,-0.40045245809029123,-0.3967232098308058,5.065430337817146,370.0,2.384892531358297,80.0,,,1
ppo_residual_wq,henan_north,2019,water_vs_cost,8.47481696639855,450.0,0.23423423423423423,-0.9752869120970203,-0.7480884451338911,2.9734563373784892,320.0,5.501360629020059,130.0,,,1
ppo_residual_wq,henan_north,2020,balanced,18.61312655188698,155.0,0.1559633027522936,0.39387342918280505,0.1583613322201038,7.0351692900320275,135.0,11.577957261854955,20.0,,,1
ppo_residual_wq,henan_north,2020,yield_max,17.084990863658035,395.0,0.3761467889908257,0.729020663043434,0.31288534985517813,7.28585356373439,260.0,9.799137299923645,135.0,,,1
ppo_residual_wq,henan_north,2020,water_min,17.823599121740383,185.0,0.13761467889908258,-0.19768465684752795,-0.16208805668761572,7.011766910066055,105.0,10.811832211674329,80.0,,,1
ppo_residual_wq,henan_north,2020,cost_min,17.787805824707384,195.0,0.12844036697247707,-0.2718098161666471,-0.21740833953115285,7.096743045201871,115.0,10.691062779505515,80.0,,,1
ppo_residual_wq,henan_north,2020,risk_min,18.625784646269317,425.0,0.44036697247706424,-0.06823230164545468,-0.08280284583075813,7.285575582579864,240.0,11.340209063689452,185.0,,,1
ppo_residual_wq,henan_north,2020,yield_vs_water,18.370093410586335,345.0,0.1926605504587156,0.3723053129633801,0.13425021711343627,7.145173742666765,135.0,11.224919667919572,210.0,,,1
ppo_residual_wq,henan_north,2020,water_vs_cost,17.787805824707384,195.0,0.12844036697247707,-0.2916083509651819,-0.23112754780405226,7.096743045201871,115.0,10.691062779505515,80.0,,,1
ppo_residual_wq,henan_north,2021,balanced,16.921139590591885,265.0,0.2018348623853211,0.19512739471941098,0.016792650405295928,6.066051528518347,225.0,10.855088062073536,40.0,,,1
ppo_residual_wq,henan_north,2021,yield_max,18.093965280360266,335.0,0.3211009174311927,0.8378135231032593,0.3832842833312834,7.170436853185136,275.0,10.92352842717513,60.0,,,1
ppo_residual_wq,henan_north,2021,water_min,14.970132960454896,205.0,0.21100917431192662,-0.2712455652781368,-0.23304426613412763,4.4523112598435866,200.0,10.517821700611309,5.0,,,1
ppo_residual_wq,henan_north,2021,cost_min,14.970132960454896,205.0,0.21100917431192662,-0.32758256161513327,-0.2748092147607266,4.4523112598435866,200.0,10.517821700611309,5.0,,,1
ppo_residual_wq,henan_north,2021,risk_min,17.63861062126127,360.0,0.3302752293577982,-0.040149200923676215,-0.06480295862619556,7.225367284842735,275.0,10.413243336418535,85.0,,,1
ppo_residual_wq,henan_north,2021,yield_vs_water,16.921139590591885,270.0,0.22018348623853212,0.36320411519413587,0.11056719352003785,6.066051528518347,225.0,10.855088062073536,45.0,,,1
ppo_residual_wq,henan_north,2021,water_vs_cost,14.970132960454896,205.0,0.1834862385321101,-0.34966436869694,-0.2916858064582084,4.4523112598435866,200.0,10.517821700611309,5.0,,,1
ppo_residual_wq,henan_north,2022,balanced,18.487906011218207,200.0,0.21621621621621623,0.3368757678010127,0.11486254672596607,6.931724306240653,185.0,11.556181704977556,15.0,,,1
ppo_residual_wq,henan_north,2022,yield_max,18.706242537803057,370.0,0.4864864864864865,0.8258239349469346,0.36549806730678713,7.119690990103756,255.0,11.5865515476993,115.0,,,1
ppo_residual_wq,henan_north,2022,water_min,17.743016372161037,200.0,0.09009009009009009,-0.22995125782122783,-0.18829914655789132,6.922932529695628,155.0,10.820083842465408,45.0,,,1
ppo_residual_wq,henan_north,2022,cost_min,18.405939974658683,175.0,0.13513513513513514,-0.22561747942262483,-0.19489741159334595,6.849702445744784,165.0,11.556237528913899,10.0,,,1
ppo_residual_wq,henan_north,2022,risk_min,18.73563436115568,310.0,0.5135135135135135,-0.01237568753688939,-0.04434245846377202,7.157464645655133,230.0,11.578169715500547,80.0,,,1
ppo_residual_wq,henan_north,2022,yield_vs_water,18.48791550409102,200.0,0.22522522522522523,0.5196947461613444,0.21455644659384943,6.9317337991134655,185.0,11.556181704977556,15.0,,,1
ppo_residual_wq,henan_north,2022,water_vs_cost,18.405047289801537,180.0,0.12612612612612611,-0.25354953982394146,-0.21404804522483717,6.849702445744784,165.0,11.555344844056751,15.0,,,1
ppo_residual_wq,shaanxi_guanzhong,2018,balanced,15.097336917974767,230.0,0.23148148148148148,0.1278697675753871,0.012904814666244768,4.651352494802447,20.0,10.44598442317232,210.0,,,1
ppo_residual_wq,shaanxi_guanzhong,2018,yield_max,15.30416843210742,355.0,0.5925925925925926,0.5473254389950662,0.22514325373850946,4.65134093175602,140.0,10.6528275003514,215.0,,,1
ppo_residual_wq,shaanxi_guanzhong,2018,water_min,15.094645835778842,205.0,0.14814814814814814,-0.2711546414757736,-0.1878045058449474,4.648522409021988,5.0,10.446123426756854,200.0,,,1
ppo_residual_wq,shaanxi_guanzhong,2018,cost_min,14.820306970636839,150.0,0.1388888888888889,-0.21626385987677096,-0.16811514186048004,4.65134093175602,30.0,10.16896603888082,120.0,,,1
ppo_residual_wq,shaanxi_guanzhong,2018,risk_min,15.404074367833559,360.0,0.6018518518518519,-0.07825354710131294,-0.0760162882786633,4.651250960079181,135.0,10.752823407754377,225.0,,,1
ppo_residual_wq,shaanxi_guanzhong,2018,yield_vs_water,15.097336917974767,230.0,0.25925925925925924,0.2811253657573899,0.0962171586303559,4.651352494802447,20.0,10.44598442317232,210.0,,,1
ppo_residual_wq,shaanxi_guanzhong,2018,water_vs_cost,14.818827495999876,135.0,0.08333333333333333,-0.19652309188252998,-0.15003203380097654,4.64986120386478,15.0,10.168966292135098,120.0,,,1
ppo_residual_wq,shaanxi_guanzhong,2019,balanced,14.409184394056155,355.0,0.22935779816513763,-0.0655373146773599,-0.1453478203655274,3.408643617439399,200.0,11.000540776616756,155.0,,,1
ppo_residual_wq,shaanxi_guanzhong,2019,yield_max,15.097758311472145,345.0,0.3302752293577982,0.520057886358708,0.19587803746461485,3.835472220052834,275.0,11.26228609141931,70.0,,,1
ppo_residual_wq,shaanxi_guanzhong,2019,water_min,13.589307123066112,325.0,0.22018348623853212,-0.5131279181929167,-0.38817652744240205,2.7444361302955413,175.0,10.84487099277057,150.0,,,1
ppo_residual_wq,shaanxi_guanzhong,2019,cost_min,13.165238123868965,275.0,0.1926605504587156,-0.4983027113175477,-0.38530027306326287,2.7444361302955413,175.0,10.420801993573424,100.0,,,1
ppo_residual_wq,shaanxi_guanzhong,2019,risk_min,15.054412897200734,350.0,0.3577981651376147,-0.07618723299002325,-0.08680005401988491,3.7905102373930633,275.0,11.263902659807671,75.0,,,1
ppo_residual_wq,shaanxi_guanzhong,2019,yield_vs_water,14.450578423385709,345.0,0.24770642201834864,0.1035502582310941,-0.04913516037800886,3.408643617439399,200.0,11.04193480594631,145.0,,,1
ppo_residual_wq,shaanxi_guanzhong,2019,water_vs_cost,13.33604958425856,285.0,0.1926605504587156,-0.5466375764031497,-0.41934774112581136,2.7444361302955413,175.0,10.591613453963019,110.0,,,1
ppo_residual_wq,shaanxi_guanzhong,2020,balanced,16.126023058399532,80.0,0.18691588785046728,0.3519535071353005,0.15016585559957585,4.916536870498713,65.0,11.20948618790082,15.0,,,1
ppo_residual_wq,shaanxi_guanzhong,2020,yield_max,16.440197416364867,195.0,0.6822429906542056,0.7101682993823362,0.33045995219972396,4.99421570731396,155.0,11.445981709050908,40.0,,,1
ppo_residual_wq,shaanxi_guanzhong,2020,water_min,16.100356944373587,60.0,0.09345794392523364,0.003297866375514824,-0.023492778982221837,4.890637283046143,55.0,11.209719661327442,5.0,,,1
ppo_residual_wq,shaanxi_guanzhong,2020,cost_min,16.136027890952604,75.0,0.08411214953271028,-0.048179896874783135,-0.06469773190343787,4.935578989861073,70.0,11.200448901091534,5.0,,,1
ppo_residual_wq,shaanxi_guanzhong,2020,risk_min,16.30768489843793,235.0,0.6074766355140186,-0.014020498277300536,-0.036873915019681666,4.994174620953065,165.0,11.313510277484864,70.0,,,1
ppo_residual_wq,shaanxi_guanzhong,2020,yield_vs_water,16.128814653935983,85.0,0.24299065420560748,0.482842831666813,0.21985977179498312,4.9182830759211065,65.0,11.210531578014878,20.0,,,1
ppo_residual_wq,shaanxi_guanzhong,2020,water_vs_cost,16.1301196778837,70.0,0.07476635514018691,-0.04443561246396513,-0.06074149281675523,4.929670776792169,65.0,11.200448901091534,5.0,,,1
ppo_residual_wq,shaanxi_guanzhong,2021,balanced,16.835238083449937,55.0,0.1574074074074074,0.4160829739621931,0.19149296058987283,5.292471482073681,25.0,11.542766601376258,30.0,,,1
ppo_residual_wq,shaanxi_guanzhong,2021,yield_max,16.819488716097425,180.0,0.6481481481481481,0.7436584855269419,0.34416588769663214,5.292409618767744,125.0,11.52707909732968,55.0,,,1
ppo_residual_wq,shaanxi_guanzhong,2021,water_min,16.826303531768485,25.0,0.08333333333333333,0.0742207852215091,0.02434608883490598,5.292463558536461,20.0,11.533839973232023,5.0,,,1
ppo_residual_wq,shaanxi_guanzhong,2021,cost_min,16.826248550498384,50.0,0.12962962962962962,0.010788995856159278,-0.02264359468154295,5.292410278925331,30.0,11.533838271573053,20.0,,,1
ppo_residual_wq,shaanxi_guanzhong,2021,risk_min,16.820839791841323,160.0,0.6203703703703703,0.0324513611912646,-0.006057281904202974,5.292409618767744,115.0,11.52843017307358,45.0,,,1
ppo_residual_wq,shaanxi_guanzhong,2021,yield_vs_water,16.83521149238775,60.0,0.1574074074074074,0.5466677521570906,0.25818059699045104,5.292444891011493,30.0,11.542766601376258,30.0,,,1
ppo_residual_wq,shaanxi_guanzhong,2021,water_vs_cost,16.826265148088684,20.0,0.07407407407407407,0.07223000489299422,0.021826287393694063,5.29242517485666,15.0,11.533839973232023,5.0,,,1
ppo_residual_wq,shaanxi_guanzhong,2022,balanced,12.294091178197455,45.0,0.1651376146788991,0.26140841966330436,0.099725978210528,4.9298633072696285,25.0,7.3642278709278255,20.0,,,1
ppo_residual_wq,shaanxi_guanzhong,2022,yield_max,13.734453033483241,200.0,0.5963302752293578,0.5447316765928927,0.22851862281511398,4.9298633072696285,120.0,8.804589726213614,80.0,,,1
ppo_residual_wq,shaanxi_guanzhong,2022,water_min,12.549465146767439,50.0,0.03669724770642202,-0.009839386733886374,-0.029544753862431314,4.929910417500646,30.0,7.619554729266792,20.0,,,1
ppo_residual_wq,shaanxi_guanzhong,2022,cost_min,12.27472368438454,40.0,0.045871559633027525,-0.005983883805552481,-0.03125434823299274,4.929889295916342,20.0,7.344834388468199,20.0,,,1
ppo_residual_wq,shaanxi_guanzhong,2022,risk_min,14.241800931232248,200.0,0.5779816513761468,-0.003588411169966943,-0.02764247468181283,4.9298633072696285,90.0,9.311937623962619,110.0,,,1
ppo_residual_wq,shaanxi_guanzhong,2022,yield_vs_water,12.304884333439468,50.0,0.1834862385321101,0.3477537970605278,0.14060504525420786,4.929889295916342,30.0,7.374995037523126,20.0,,,1
ppo_residual_wq,shaanxi_guanzhong,2022,water_vs_cost,12.27472368438454,35.0,0.027522935779816515,0.00032258750091884725,-0.02533483967624632,4.929889295916342,15.0,7.344834388468199,20.0,,,1
ppo_residual_wq,ningxia_irrigation,2018,balanced,10.95898489023673,305.0,0.4090909090909091,-0.3412733600404694,-0.3706856323239258,,,,,10.95898489023673,305.0,1
ppo_residual_wq,ningxia_irrigation,2018,yield_max,10.630888930536265,410.0,0.4090909090909091,0.1625248499553658,0.08409767475724372,,,,,10.630888930536265,410.0,1
ppo_residual_wq,ningxia_irrigation,2018,water_min,10.95898489023673,305.0,0.36363636363636365,-0.6995887917805684,-0.6717255314212275,,,,,10.95898489023673,305.0,1
ppo_residual_wq,ningxia_irrigation,2018,cost_min,10.95898489023673,305.0,0.3409090909090909,-0.7808342130259894,-0.7478471655626261,,,,,10.95898489023673,305.0,1
ppo_residual_wq,ningxia_irrigation,2018,risk_min,10.625208208706413,395.0,0.36363636363636365,-0.14891448663430842,-0.14485613391137486,,,,,10.625208208706413,395.0,1
ppo_residual_wq,ningxia_irrigation,2018,yield_vs_water,10.959003959580743,330.0,0.4318181818181818,-0.15641704981300653,-0.20368658065173434,,,,,10.959003959580743,330.0,1
ppo_residual_wq,ningxia_irrigation,2018,water_vs_cost,10.95898489023673,305.0,0.3409090909090909,-0.6147597319515085,-0.5869467199360203,,,,,10.95898489023673,305.0,1
ppo_residual_wq,ningxia_irrigation,2019,balanced,11.580199390384845,450.0,0.29545454545454547,-0.31972759112216076,-0.3144782117243511,,,,,11.580199390384845,450.0,1
ppo_residual_wq,ningxia_irrigation,2019,yield_max,12.080946640746856,450.0,0.38636363636363635,0.20701797556981494,0.1277613806671593,,,,,12.080946640746856,450.0,1
ppo_residual_wq,ningxia_irrigation,2019,water_min,9.69044727804872,340.0,0.36363636363636365,-0.5914689800690263,-0.5345459501932627,,,,,9.69044727804872,340.0,1
ppo_residual_wq,ningxia_irrigation,2019,cost_min,9.737354270236539,340.0,0.38636363636363635,-0.7602017051396952,-0.6841049487400234,,,,,9.737354270236539,340.0,1
ppo_residual_wq,ningxia_irrigation,2019,risk_min,12.225749976873683,425.0,0.22727272727272727,-0.16010137682975017,-0.15104989338247016,,,,,12.225749976873683,425.0,1
ppo_residual_wq,ningxia_irrigation,2019,yield_vs_water,11.580199390384845,450.0,0.29545454545454547,-0.16971443395764663,-0.18919478959475577,,,,,11.580199390384845,450.0,1
ppo_residual_wq,ningxia_irrigation,2019,water_vs_cost,8.59763518482688,335.0,0.3409090909090909,-0.6955733078785604,-0.626996098656266,,,,,8.59763518482688,335.0,1
ppo_residual_wq,ningxia_irrigation,2020,balanced,10.666699983455798,450.0,0.5909090909090909,-0.33288584029197527,-0.339052060493793,,,,,10.666699983455798,450.0,1
ppo_residual_wq,ningxia_irrigation,2020,yield_max,11.198365367992857,450.0,0.5227272727272727,0.17511770650750796,0.0908456497113378,,,,,11.198365367992857,450.0,1
ppo_residual_wq,ningxia_irrigation,2020,water_min,8.148819790548197,425.0,0.4318181818181818,-0.8367930352008921,-0.7644783736194113,,,,,8.148819790548197,425.0,1
ppo_residual_wq,ningxia_irrigation,2020,cost_min,7.907447772691801,430.0,0.4318181818181818,-0.9594796567430739,-0.8737891532998505,,,,,7.907447772691801,430.0,1
ppo_residual_wq,ningxia_irrigation,2020,risk_min,11.183062175802332,450.0,0.45454545454545453,-1.5691161721409315,-1.3286244236636855,,,,,11.183062175802332,450.0,1
ppo_residual_wq,ningxia_irrigation,2020,yield_vs_water,10.666699983455798,450.0,0.5909090909090909,-0.19495345421112303,-0.22265625822059126,,,,,10.666699983455798,450.0,1
ppo_residual_wq,ningxia_irrigation,2020,water_vs_cost,8.148819790548197,425.0,0.4318181818181818,-0.8968357702436272,-0.8213796174512947,,,,,8.148819790548197,425.0,1
ppo_residual_wq,ningxia_irrigation,2021,balanced,0.0,50.0,0.06818181818181818,-0.14575859587630882,-0.1346883240791531,,,,,0.0,50.0,1
ppo_residual_wq,ningxia_irrigation,2021,yield_max,0.0,75.0,0.06818181818181818,-0.18799316729567525,-0.17181219521745833,,,,,0.0,75.0,1
ppo_residual_wq,ningxia_irrigation,2021,water_min,0.0,25.0,0.022727272727272728,-0.06708763031788673,-0.060936155363055,,,,,0.0,25.0,1
ppo_residual_wq,ningxia_irrigation,2021,cost_min,0.3929618691590766,50.0,0.045454545454545456,-0.12193116306106333,-0.11297551935171564,,,,,0.3929618691590766,50.0,1
ppo_residual_wq,ningxia_irrigation,2021,risk_min,6.903437568215445,325.0,0.29545454545454547,-0.13126719233562417,-0.12104446728150997,,,,,6.903437568215445,325.0,1
ppo_residual_wq,ningxia_irrigation,2021,yield_vs_water,0.0,50.0,0.045454545454545456,-0.15860239624953737,-0.14641971407744103,,,,,0.0,50.0,1
ppo_residual_wq,ningxia_irrigation,2021,water_vs_cost,0.0,25.0,0.022727272727272728,-0.07623125519960042,-0.0670662509014333,,,,,0.0,25.0,1
ppo_residual_wq,ningxia_irrigation,2022,balanced,12.472319989343376,430.0,0.5454545454545454,-0.3622039135697985,-0.3706420821168563,,,,,12.472319989343376,430.0,1
ppo_residual_wq,ningxia_irrigation,2022,yield_max,11.995470734213917,425.0,0.5454545454545454,0.12214965711483139,0.0433702972102768,,,,,11.995470734213917,425.0,1
ppo_residual_wq,ningxia_irrigation,2022,water_min,12.202502033539492,390.0,0.5227272727272727,-0.7482369730770577,-0.6955543872070572,,,,,12.202502033539492,390.0,1
ppo_residual_wq,ningxia_irrigation,2022,cost_min,11.360271120985852,375.0,0.38636363636363635,-0.940165577996779,-0.8670598727608029,,,,,11.360271120985852,375.0,1
ppo_residual_wq,ningxia_irrigation,2022,risk_min,12.168671142135999,420.0,0.45454545454545453,-0.1502162794431333,-0.14678540047799557,,,,,12.168671142135999,420.0,1
ppo_residual_wq,ningxia_irrigation,2022,yield_vs_water,12.472319989343376,440.0,0.5,-0.17536783457519073,-0.20971239363681782,,,,,12.472319989343376,440.0,1
ppo_residual_wq,ningxia_irrigation,2022,water_vs_cost,11.90375003022169,385.0,0.45454545454545453,-0.7926166659265417,-0.7350514921837409,,,,,11.90375003022169,385.0,1
ppo_residual_wq,beijing_plain,2018,balanced,13.386853624137633,215.0,0.1875,0.041146049297135945,-0.0550795330011124,2.8163899062919495,65.0,10.570463717845684,150.0,,,2
ppo_residual_wq,beijing_plain,2018,yield_max,12.824574760463852,430.0,0.2767857142857143,0.2761611977869636,0.04231397512048274,2.962527791786506,325.0,9.862046968677346,105.0,,,2
ppo_residual_wq,beijing_plain,2018,water_min,13.61999025378523,200.0,0.09821428571428571,-0.2867700791225226,-0.21911789038654655,2.839998812036432,55.0,10.779991441748798,145.0,,,2
ppo_residual_wq,beijing_plain,2018,cost_min,13.6309711265814,200.0,0.14285714285714285,-0.35777220882126504,-0.27515456661423876,2.764941615688918,55.0,10.866029510892483,145.0,,,2
ppo_residual_wq,beijing_plain,2018,risk_min,13.372474910975491,450.0,0.49107142857142855,-0.16196418149797448,-0.14821544042124696,2.962515755276055,310.0,10.409959155699436,140.0,,,2
ppo_residual_wq,beijing_plain,2018,yield_vs_water,10.712290444364385,230.0,0.15178571428571427,0.03488020052254953,-0.07593780219944041,2.8993352956261775,145.0,7.812955148738206,85.0,,,2
ppo_residual_wq,beijing_plain,2018,water_vs_cost,13.59392284213661,195.0,0.125,-0.35832258257812344,-0.2716463198032061,2.8145285806508684,50.0,10.779394261485741,145.0,,,2
ppo_residual_wq,beijing_plain,2019,balanced,10.632653810935638,450.0,0.2636363636363636,-1.4709443828456754,-1.085782147745519,1.6682497341030906,360.0,8.964404076832547,90.0,,,2
ppo_residual_wq,beijing_plain,2019,yield_max,5.067016252890323,450.0,0.5,-1.5815367650581882,-1.0943320761684445,2.25808306707562,450.0,2.8089331858147033,0.0,,,2
ppo_residual_wq,beijing_plain,2019,water_min,10.451693707844164,450.0,0.23636363636363636,-1.798692531846186,-1.327601584716518,1.1599028798603657,340.0,9.2917908279838,110.0,,,2
ppo_residual_wq,beijing_plain,2019,cost_min,10.672581431304922,450.0,0.20909090909090908,-1.5272436883161664,-1.122290874700062,1.703097016434618,360.0,8.969484414870303,90.0,,,2
ppo_residual_wq,beijing_plain,2019,risk_min,5.09600574095167,450.0,0.5272727272727272,-5.999008814810741,-3.8277412847960943,2.484071510624159,450.0,2.611934230327511,0.0,,,2
ppo_residual_wq,beijing_plain,2019,yield_vs_water,9.983476412040025,450.0,0.35454545454545455,-1.2104372150814684,-0.9096673968653699,1.3093256368231228,370.0,8.674150775216901,80.0,,,2
ppo_residual_wq,beijing_plain,2019,water_vs_cost,10.4799943243834,450.0,0.20909090909090908,-1.064806720472391,-0.8284730600596591,1.1870822288528011,340.0,9.292912095530598,110.0,,,2
ppo_residual_wq,beijing_plain,2020,balanced,13.807497369207415,300.0,0.13636363636363635,-0.03872511087114039,-0.13181085404503723,2.4954456359631942,275.0,11.312051733244221,25.0,,,2
ppo_residual_wq,beijing_plain,2020,yield_max,14.601441938026447,435.0,0.24545454545454545,0.40800326701616607,0.11453814878494778,3.1688157880064654,335.0,11.432626150019981,100.0,,,2
ppo_residual_wq,beijing_plain,2020,water_min,8.440783723507906,250.0,0.10909090909090909,-0.528137755619359,-0.3859071259698171,1.0412353148019549,125.0,7.39954840870595,125.0,,,2
ppo_residual_wq,beijing_plain,2020,cost_min,12.880685415262498,250.0,0.1,-0.45599757205190933,-0.3691467481474404,1.8162939234062223,225.0,11.064391491856275,25.0,,,2
ppo_residual_wq,beijing_plain,2020,risk_min,14.845294334142391,450.0,0.38181818181818183,-0.14124301184914437,-0.14281109000817221,3.324404044711428,420.0,11.520890289430962,30.0,,,2
ppo_residual_wq,beijing_plain,2020,yield_vs_water,13.698134224424116,350.0,0.16363636363636364,0.03750689167153487,-0.0916008219381459,2.381225282182931,270.0,11.316908942241186,80.0,,,2
ppo_residual_wq,beijing_plain,2020,water_vs_cost,4.503488894384113,175.0,0.1,-0.39455297031900816,-0.30212114133505974,1.0041947365062114,115.0,3.4992941578779018,60.0,,,2
ppo_residual_wq,beijing_plain,2021,balanced,13.896170744176205,330.0,0.15454545454545454,-0.1707718838000999,-0.22217799460632176,2.5741012048328646,250.0,11.32206953934334,80.0,,,2
ppo_residual_wq,beijing_plain,2021,yield_max,13.787593617402994,410.0,0.4090909090909091,0.3617792486023246,0.0858100197249465,3.0491487191014994,330.0,10.738444898301495,80.0,,,2
ppo_residual_wq,beijing_plain,2021,water_min,12.37299072292587,120.0,0.2636363636363636,-0.356775469977965,-0.28144045220189556,1.2370691743767965,120.0,11.135921548549073,0.0,,,2
ppo_residual_wq,beijing_plain,2021,cost_min,13.884852211060018,275.0,0.17272727272727273,-0.4956006420338923,-0.4012150419950292,2.3891143091056346,225.0,11.495737901954383,50.0,,,2
ppo_residual_wq,beijing_plain,2021,risk_min,14.6576149926621,450.0,0.43636363636363634,-0.1492126211976875,-0.1490238619517137,3.1647245581694294,375.0,11.49289043449267,75.0,,,2
ppo_residual_wq,beijing_plain,2021,yield_vs_water,13.934297089782365,240.0,0.36363636363636365,0.11689985930724034,-0.04538715290259837,2.578572771124947,240.0,11.355724318657419,0.0,,,2
ppo_residual_wq,beijing_plain,2021,water_vs_cost,12.595824557906418,120.0,0.2545454545454545,-0.19866573200034443,-0.17580649599817805,1.406016833325004,120.0,11.189807724581414,0.0,,,2
ppo_residual_wq,beijing_plain,2022,balanced,14.640655720906116,180.0,0.17857142857142858,0.13434643692647708,-0.002638671175089091,3.0885879783623444,145.0,11.552067742543771,35.0,,,2
ppo_residual_wq,beijing_plain,2022,yield_max,14.872108282374318,425.0,0.4642857142857143,0.41468123458967376,0.12496388322882263,3.320506117752388,315.0,11.551602164621931,110.0,,,2
ppo_residual_wq,beijing_plain,2022,water_min,14.485192595615302,110.0,0.16964285714285715,-0.314051126856869,-0.24637707587430663,2.9527506970801745,95.0,11.532441898535128,15.0,,,2
ppo_residual_wq,beijing_plain,2022,cost_min,14.324931301957264,130.0,0.125,-0.30395616436572187,-0.24875865895978394,3.0019285049623843,105.0,11.32300279699488,25.0,,,2
ppo_residual_wq,beijing_plain,2022,risk_min,14.851036626502008,420.0,0.4642857142857143,-0.1291065106549504,-0.12045470344378478,3.3193075413506623,265.0,11.531729085151346,155.0,,,2
ppo_residual_wq,beijing_plain,2022,yield_vs_water,14.657333622754297,285.0,0.2767857142857143,0.15489130838361043,-0.012289447396375719,3.105265880210526,180.0,11.552067742543771,105.0,,,2
ppo_residual_wq,beijing_plain,2022,water_vs_cost,14.425438082000525,110.0,0.14285714285714285,-0.16149306810718647,-0.14480885164725044,2.8844082464920264,90.0,11.5410298355085,20.0,,,2
ppo_residual_wq,hebei_central,2018,balanced,11.584369167783557,255.0,0.125,-0.12644589492095099,-0.16388583722550015,4.267088764444437,85.0,7.3172804033391206,170.0,,,2
ppo_residual_wq,hebei_central,2018,yield_max,13.13741524412125,450.0,0.26785714285714285,0.20272745223856192,-0.0008791388119895327,4.272220491490326,260.0,8.865194752630925,190.0,,,2
ppo_residual_wq,hebei_central,2018,water_min,11.574555394958544,225.0,0.08928571428571429,-0.440547662996259,-0.31296036522192733,4.257282899554308,55.0,7.317272495404236,170.0,,,2
ppo_residual_wq,hebei_central,2018,cost_min,11.667550701411884,225.0,0.11607142857142858,-0.5397128065172014,-0.3850636433342367,4.148113622198307,55.0,7.519437079213578,170.0,,,2
ppo_residual_wq,hebei_central,2018,risk_min,12.631102925485301,450.0,0.375,-0.18379642617961361,-0.15531208042800815,4.272163644570566,270.0,8.358939280914734,180.0,,,2
ppo_residual_wq,hebei_central,2018,yield_vs_water,15.583491859074911,290.0,0.13392857142857142,0.21743858369353963,0.028826786325654497,4.2729929125410475,185.0,11.310498946533864,105.0,,,2
ppo_residual_wq,hebei_central,2018,water_vs_cost,11.50759960497695,220.0,0.10714285714285714,-0.42176242214596604,-0.3065136688735992,4.187550392843106,50.0,7.320049212133843,170.0,,,2
ppo_residual_wq,hebei_central,2019,balanced,14.283900332733783,430.0,0.17117117117117117,-0.260760320920545,-0.3276374383458309,3.0297181190213296,405.0,11.254182213712452,25.0,,,2
ppo_residual_wq,hebei_central,2019,yield_max,5.246941714331848,450.0,0.4864864864864865,-1.6168922312630012,-1.13207202512258,3.490976506671506,450.0,1.7559652076603425,0.0,,,2
ppo_residual_wq,hebei_central,2019,water_min,12.559744641295145,365.0,0.14414414414414414,-0.8930613295555008,-0.7232823350587702,2.5505284910571713,350.0,10.009216150237974,15.0,,,2
ppo_residual_wq,hebei_central,2019,cost_min,14.26182915197981,425.0,0.23423423423423423,-0.8978401592711631,-0.7420967426166094,3.022044838347935,405.0,11.239784313631876,20.0,,,2
ppo_residual_wq,hebei_central,2019,risk_min,4.416675022607023,450.0,0.5045045045045045,-4.578358740480197,-2.8433646256707186,3.8803446942698665,450.0,0.5363303283371563,0.0,,,2
ppo_residual_wq,hebei_central,2019,yield_vs_water,7.696619915627263,450.0,0.2882882882882883,-1.4054459851667296,-1.0442835103638886,2.7578801095868473,370.0,4.938739806040416,80.0,,,2
ppo_residual_wq,hebei_central,2019,water_vs_cost,13.426025967391478,390.0,0.1891891891891892,-0.7832115494666168,-0.6595890930439682,2.640988755063442,370.0,10.785037212328037,20.0,,,2
ppo_residual_wq,hebei_central,2020,balanced,15.836303045010474,210.0,0.26126126126126126,0.17928252368024167,0.011940557457143619,4.473714903372165,185.0,11.362588141638309,25.0,,,2
ppo_residual_wq,hebei_central,2020,yield_max,16.408027165767614,450.0,0.4144144144144144,0.5649010621300969,0.2056314613469442,4.878947034426095,375.0,11.529080131341518,75.0,,,2
ppo_residual_wq,hebei_central,2020,water_min,15.63848284908565,210.0,0.16216216216216217,-0.3780639152780154,-0.29843396492901236,4.215420534619682,115.0,11.423062314465968,95.0,,,2
ppo_residual_wq,hebei_central,2020,cost_min,14.919879095422594,260.0,0.12612612612612611,-0.549802884550765,-0.4277578804386717,4.409292333741352,155.0,10.510586761681243,105.0,,,2
ppo_residual_wq,hebei_central,2020,risk_min,15.87366103048484,450.0,0.36036036036036034,-0.12738458041663153,-0.12898707295971093,4.879185359330705,335.0,10.994475671154134,115.0,,,2
ppo_residual_wq,hebei_central,2020,yield_vs_water,15.903672279886031,260.0,0.2882882882882883,0.2778929544398312,0.05976843623473127,4.47326092499539,200.0,11.43041135489064,60.0,,,2
ppo_residual_wq,hebei_central,2020,water_vs_cost,15.639149055434345,220.0,0.18018018018018017,-0.38128201543598994,-0.29900654299769175,4.214826710750111,115.0,11.424322344684233,105.0,,,2
ppo_residual_wq,hebei_central,2021,balanced,14.176820525343722,215.0,0.1834862385321101,0.018433755100043303,-0.09059640029537169,4.396431605701308,185.0,9.780388919642412,30.0,,,2
ppo_residual_wq,hebei_central,2021,yield_max,16.225034201385096,440.0,0.29357798165137616,0.5580860570602612,0.20660417503367245,4.781845531862662,405.0,11.443188669522435,35.0,,,2
ppo_residual_wq,hebei_central,2021,water_min,14.200754565564157,165.0,0.14678899082568808,-0.20623324280588357,-0.17966879829676347,4.282859191303548,150.0,9.917895374260608,15.0,,,2
ppo_residual_wq,hebei_central,2021,cost_min,14.010669956639621,175.0,0.1651376146788991,-0.3771004072152246,-0.3046603349964026,4.244667383393848,155.0,9.766002573245773,20.0,,,2
ppo_residual_wq,hebei_central,2021,risk_min,16.15132992238384,435.0,0.3853211009174312,-0.11585763785148329,-0.12156491042366475,4.781845531862662,365.0,11.36948439052118,70.0,,,2
ppo_residual_wq,hebei_central,2021,yield_vs_water,14.253261467475092,250.0,0.1651376146788991,0.16771017425591372,-0.003589955652781196,4.310636125358768,175.0,9.942625342116324,75.0,,,2
ppo_residual_wq,hebei_central,2021,water_vs_cost,14.14530421777936,160.0,0.14678899082568808,-0.25900528467196243,-0.22023422635579704,4.325245455726444,140.0,9.820058762052916,20.0,,,2
ppo_residual_wq,hebei_central,2022,balanced,16.199148783048436,175.0,0.15315315315315314,0.23328745222042147,0.05551186732549401,4.6572590075499605,145.0,11.541889775498474,30.0,,,2
ppo_residual_wq,hebei_central,2022,yield_max,16.117170822308232,400.0,0.3153153153153153,0.5685059946576283,0.21413832909366487,4.914901446896087,340.0,11.202269375412147,60.0,,,2
ppo_residual_wq,hebei_central,2022,water_min,15.350775316051513,165.0,0.08108108108108109,-0.19696794633727585,-0.16277053542058634,4.4395012627462975,80.0,10.911274053305215,85.0,,,2
ppo_residual_wq,hebei_central,2022,cost_min,15.285301995606709,150.0,0.08108108108108109,-0.2668619554800352,-0.22315111340272997,4.615375534187719,105.0,10.66992646141899,45.0,,,2
ppo_residual_wq,hebei_central,2022,risk_min,14.940228053232289,450.0,0.3333333333333333,-0.13633224762591759,-0.1251834630765283,4.914901446896086,290.0,10.025326606336202,160.0,,,2
ppo_residual_wq,hebei_central,2022,yield_vs_water,16.40026486094051,285.0,0.3153153153153153,0.27948192774245006,0.06086753665314243,4.85836780280693,225.0,11.541897058133582,60.0,,,2
ppo_residual_wq,hebei_central,2022,water_vs_cost,15.301499396748637,115.0,0.06306306306306306,-0.1543899575590355,-0.1440601328335353,4.4966680646287465,95.0,10.80483133211989,20.0,,,2
ppo_residual_wq,henan_north,2018,balanced,17.835116012529898,190.0,0.15454545454545454,0.31331247852814637,0.10324645210725025,6.390279246633482,145.0,11.444836765896415,45.0,,,2
ppo_residual_wq,henan_north,2018,yield_max,18.063338990240315,360.0,0.24545454545454545,0.7804477995997577,0.34698679157026235,6.594051980533286,275.0,11.46928700970703,85.0,,,2
ppo_residual_wq,henan_north,2018,water_min,17.634059599922374,85.0,0.07272727272727272,-0.022392665571740245,-0.048430268348226474,6.191564584792046,55.0,11.442495015130328,30.0,,,2
ppo_residual_wq,henan_north,2018,cost_min,17.71660333351731,100.0,0.1,-0.08723146005874013,-0.10558764904967594,6.2741079437176595,75.0,11.44249538979965,25.0,,,2
ppo_residual_wq,henan_north,2018,risk_min,18.063851096171415,365.0,0.2727272727272727,-0.05756066652931191,-0.07741649960248469,6.593503466614216,275.0,11.4703476295572,90.0,,,2
ppo_residual_wq,henan_north,2018,yield_vs_water,18.042243313220983,300.0,0.14545454545454545,0.38434969145380227,0.12364539260088397,6.598428992188568,240.0,11.443814321032415,60.0,,,2
ppo_residual_wq,henan_north,2018,water_vs_cost,17.59114828340367,85.0,0.07272727272727272,-0.06026548166308804,-0.07733660165327648,6.148653268273339,50.0,11.442495015130328,35.0,,,2
ppo_residual_wq,henan_north,2019,balanced,6.253098360880315,450.0,0.22522522522522523,-1.0300375046830816,-0.7944193665168143,3.8758385726806677,345.0,2.377259788199647,105.0,,,2
ppo_residual_wq,henan_north,2019,yield_max,5.892663461163968,450.0,0.43243243243243246,-0.3700682784672586,-0.352966359406772,5.794372902917279,450.0,0.09829055824668934,0.0,,,2
ppo_residual_wq,henan_north,2019,water_min,10.460099045226315,285.0,0.11711711711711711,-0.6628943295718437,-0.5236144303075485,2.413012935663015,240.0,8.0470861095633,45.0,,,2
ppo_residual_wq,henan_north,2019,cost_min,13.64827483217077,390.0,0.15315315315315314,-0.7193520187838819,-0.5878899956253166,4.152563775148217,345.0,9.495711057022552,45.0,,,2
ppo_residual_wq,henan_north,2019,risk_min,6.125162226259485,450.0,0.36936936936936937,-0.25359765023166186,-0.22027794845561008,6.026871668012796,450.0,0.09829055824668934,0.0,,,2
ppo_residual_wq,henan_north,2019,yield_vs_water,12.877247743210873,375.0,0.16216216216216217,0.020179353249359266,-0.13209174125276668,3.566025897181149,340.0,9.311221846029724,35.0,,,2
ppo_residual_wq,henan_north,2019,water_vs_cost,10.460099045226315,260.0,0.10810810810810811,-0.5152752819527958,-0.4327439871444252,2.413012935663015,240.0,8.0470861095633,20.0,,,2
ppo_residual_wq,henan_north,2020,balanced,18.748209044562465,190.0,0.1743119266055046,0.36385163991772707,0.1333172640147171,7.169112079422482,160.0,11.579096965139982,30.0,,,2
ppo_residual_wq,henan_north,2020,yield_max,18.262974646554607,450.0,0.3394495412844037,0.7790537176530204,0.34749639854555353,7.286915981004993,290.0,10.976058665549614,160.0,,,2
ppo_residual_wq,henan_north,2020,water_min,17.706165763816507,145.0,0.08256880733944955,-0.2258827509287237,-0.18931684806729643,6.895525713344092,80.0,10.810640050472413,65.0,,,2
ppo_residual_wq,henan_north,2020,cost_min,18.352591356668622,120.0,0.07339449541284404,-0.22874460227644727,-0.20376174631916238,6.775374334442278,95.0,11.577217022226344,25.0,,,2
ppo_residual_wq,henan_north,2020,risk_min,18.524846092834636,450.0,0.3761467889908257,-0.08785464681822236,-0.09611201177435538,7.285173104262432,290.0,11.239672988572204,160.0,,,2
ppo_residual_wq,henan_north,2020,yield_vs_water,18.61317597210169,320.0,0.12844036697247707,0.40983364494919905,0.13439074471195545,7.286624404096416,275.0,11.326551568005273,45.0,,,2
ppo_residual_wq,henan_north,2020,water_vs_cost,17.67163781265943,140.0,0.08256880733944955,-0.17421909747804298,-0.1544773452857706,6.86449549357225,75.0,10.807142319087179,65.0,,,2
ppo_residual_wq,henan_north,2021,balanced,15.660642483265626,245.0,0.27522935779816515,-0.04558838660350062,-0.15056077209192348,5.038088149711476,225.0,10.622554333554149,20.0,,,2
ppo_residual_wq,henan_north,2021,yield_max,18.338047731442025,450.0,0.3761467889908257,0.795208648009967,0.3411526798403058,7.4991931538357095,430.0,10.838854577606314,20.0,,,2
ppo_residual_wq,henan_north,2021,water_min,14.864928387588055,190.0,0.1743119266055046,-0.34436525194647744,-0.2840692399533432,4.343184357468399,175.0,10.521744030119656,15.0,,,2
ppo_residual_wq,henan_north,2021,cost_min,15.325401329022142,220.0,0.2018348623853211,-0.5489231781270977,-0.4356438982575499,4.731450542252245,200.0,10.593950786769897,20.0,,,2
ppo_residual_wq,henan_north,2021,risk_min,18.80086769440493,450.0,0.3394495412844037,-0.08754861711513554,-0.11106286370090267,7.500295071782215,425.0,11.300572622622711,25.0,,,2
ppo_residual_wq,henan_north,2021,yield_vs_water,15.801441416025984,230.0,0.23853211009174313,0.28287582233410613,0.059653583162461554,5.196365114925916,215.0,10.605076301100068,15.0,,,2
ppo_residual_wq,henan_north,2021,water_vs_cost,14.705616563563503,170.0,0.14678899082568808,-0.2728244369505555,-0.2344608256327111,4.1509879441840996,150.0,10.554628619379402,20.0,,,2
ppo_residual_wq,henan_north,2022,balanced,17.8369029683865,215.0,0.12612612612612611,0.2911020168137313,0.08413445341522285,6.970224686138953,170.0,10.866678282247548,45.0,,,2
ppo_residual_wq,henan_north,2022,yield_max,18.727540125499218,385.0,0.2972972972972973,0.8242879520106108,0.3629866940737923,7.2215427270743024,350.0,11.505997398424913,35.0,,,2
ppo_residual_wq,henan_north,2022,water_min,18.271055128538578,170.0,0.07207207207207207,-0.16825324113134305,-0.1551029675513666,6.712231791452173,155.0,11.558823337086404,15.0,,,2
ppo_residual_wq,henan_north,2022,cost_min,18.145127744471054,160.0,0.17117117117117117,-0.31006913663065006,-0.26582034302153634,6.587670767855104,155.0,11.55745697661595,5.0,,,2
ppo_residual_wq,henan_north,2022,risk_min,18.77858204841752,450.0,0.3153153153153153,-0.09249845045964264,-0.09842476325469664,7.2215427270743024,310.0,11.557039321343218,140.0,,,2
ppo_residual_wq,henan_north,2022,yield_vs_water,18.723114079152573,325.0,0.1891891891891892,0.4038618044794162,0.12793708490770417,7.164177714235932,280.0,11.55893636491664,45.0,,,2
ppo_residual_wq,henan_north,2022,water_vs_cost,17.479841356416692,185.0,0.07207207207207207,-0.2973925365747932,-0.2408359151566017,6.515276772845311,120.0,10.964564583571383,65.0,,,2
ppo_residual_wq,shaanxi_guanzhong,2018,balanced,13.874230444727194,230.0,0.25925925925925924,-0.005167133219413755,-0.08083721669977811,4.651252102372892,90.0,9.222978342354303,140.0,,,2
ppo_residual_wq,shaanxi_guanzhong,2018,yield_max,14.884455893907134,410.0,0.5648148148148148,0.5013000405581304,0.1934867336071619,4.6507802825637485,190.0,10.233675611343385,220.0,,,2
ppo_residual_wq,shaanxi_guanzhong,2018,water_min,14.031105592987203,160.0,0.14814814814814814,-0.19758182256254683,-0.15790831183246823,4.651252102372892,55.0,9.37985349061431,105.0,,,2
ppo_residual_wq,shaanxi_guanzhong,2018,cost_min,14.323138267697297,160.0,0.26851851851851855,-0.36102113138101266,-0.26505735404843495,4.651352494802447,30.0,9.67178577289485,130.0,,,2
ppo_residual_wq,shaanxi_guanzhong,2018,risk_min,16.031151411003677,375.0,0.4722222222222222,-0.08402205099174428,-0.08352009943006601,4.650731475271735,190.0,11.38041993573194,185.0,,,2
ppo_residual_wq,shaanxi_guanzhong,2018,yield_vs_water,15.969478497059363,280.0,0.3333333333333333,0.26587976434628335,0.06582362739448627,4.651252102372892,190.0,11.318226394686471,90.0,,,2
ppo_residual_wq,shaanxi_guanzhong,2018,water_vs_cost,14.321647319991364,150.0,0.12037037037037036,-0.24032204183225056,-0.18628093325574438,4.64986120386478,25.0,9.671786116126585,125.0,,,2
ppo_residual_wq,shaanxi_guanzhong,2019,balanced,13.772609396618229,325.0,0.22018348623853212,-0.046893887520327415,-0.13629922334975747,3.356264081204848,225.0,10.41634531541338,100.0,,,2
ppo_residual_wq,shaanxi_guanzhong,2019,yield_max,15.236723410452651,450.0,0.47706422018348627,0.46822086062397483,0.1461619211070797,3.978625067877846,430.0,11.258098342574804,20.0,,,2
ppo_residual_wq,shaanxi_guanzhong,2019,water_min,13.19255192932009,230.0,0.14678899082568808,-0.5402257636818425,-0.41297208365514243,2.767973494237059,150.0,10.424578435083031,80.0,,,2
ppo_residual_wq,shaanxi_guanzhong,2019,cost_min,13.530391950587642,270.0,0.13761467889908258,-0.5846757822596492,-0.4526117473851328,3.20189045960108,200.0,10.328501490986563,70.0,,,2
ppo_residual_wq,shaanxi_guanzhong,2019,risk_min,15.754656556026976,450.0,0.3302752293577982,-0.1328327808557605,-0.14339132823253048,4.514595564216167,420.0,11.24006099181081,30.0,,,2
ppo_residual_wq,shaanxi_guanzhong,2019,yield_vs_water,14.45695603387049,270.0,0.22935779816513763,0.1773121270619873,-0.0035526621547777304,3.1995577930991455,225.0,11.257398240771344,45.0,,,2
ppo_residual_wq,shaanxi_guanzhong,2019,water_vs_cost,13.19255192932009,220.0,0.12844036697247707,-0.40794249139857,-0.3289514408444427,2.767973494237059,150.0,10.424578435083031,70.0,,,2
ppo_residual_wq,shaanxi_guanzhong,2020,balanced,16.385643082226025,140.0,0.308411214953271,0.2924095152565881,0.10459063458376605,4.92308910233819,100.0,11.462553979887833,40.0,,,2
ppo_residual_wq,shaanxi_guanzhong,2020,yield_max,16.303013915424827,295.0,0.5887850467289719,0.652120768034629,0.29100835769495764,4.994152288756218,205.0,11.308861626668609,90.0,,,2
ppo_residual_wq,shaanxi_guanzhong,2020,water_min,16.071874970749448,85.0,0.04672897196261682,-0.04247600927695663,-0.05854329260460449,4.868194483210965,55.0,11.203680487538485,30.0,,,2
ppo_residual_wq,shaanxi_guanzhong,2020,cost_min,16.183950363315343,80.0,0.2803738317757009,-0.07226129644510443,-0.08952523559264652,4.80826041179577,55.0,11.375689951519574,25.0,,,2
ppo_residual_wq,shaanxi_guanzhong,2020,risk_min,16.45494970833692,230.0,0.7009345794392523,-0.0028377396490091022,-0.031404432231090615,4.994152288756218,170.0,11.4607974195807,60.0,,,2
ppo_residual_wq,shaanxi_guanzhong,2020,yield_vs_water,16.455694573479207,230.0,0.5233644859813084,0.3501448346868845,0.12184230302597565,4.994267607440422,170.0,11.461426966038784,60.0,,,2
ppo_residual_wq,shaanxi_guanzhong,2020,water_vs_cost,16.16219409537504,75.0,0.11214953271028037,-0.05940702716737317,-0.07846094612336042,4.786504143855464,50.0,11.375689951519574,25.0,,,2
ppo_residual_wq,shaanxi_guanzhong,2021,balanced,16.83864932089618,150.0,0.32407407407407407,0.3001196563399771,0.10541535855986561,5.292409618767744,105.0,11.546239702128435,45.0,,,2
ppo_residual_wq,shaanxi_guanzhong,2021,yield_max,16.841462414719977,220.0,0.6666666666666666,0.7383049283172278,0.3409849398853564,5.292409618767744,155.0,11.549052795952232,65.0,,,2
ppo_residual_wq,shaanxi_guanzhong,2021,water_min,16.826248317842524,75.0,0.09259259259259259,-0.016744587390834592,-0.04211278423618681,5.292409618767744,45.0,11.53383869907478,30.0,,,2
ppo_residual_wq,shaanxi_guanzhong,2021,cost_min,16.82629001839928,55.0,0.3055555555555556,-0.013398445933290676,-0.04545805988875784,5.292451746826228,30.0,11.533838271573053,25.0,,,2
ppo_residual_wq,shaanxi_guanzhong,2021,risk_min,16.828890150661422,275.0,0.6759259259259259,-0.0194078176177426,-0.04295243886247356,5.292409618767744,155.0,11.53648053189368,120.0,,,2
ppo_residual_wq,shaanxi_guanzhong,2021,yield_vs_water,16.835176220144,210.0,0.48148148148148145,0.3924527784986541,0.1436742435668894,5.292409618767744,150.0,11.542766601376258,60.0,,,2
ppo_residual_wq,shaanxi_guanzhong,2021,water_vs_cost,16.82628810350283,45.0,0.16666666666666666,0.017560012669531666,-0.02426600871817418,5.292449831929776,25.0,11.533838271573053,20.0,,,2
ppo_residual_wq,shaanxi_guanzhong,2022,balanced,16.04004808678195,145.0,0.23853211009174313,0.2655689298445347,0.08665517722635369,4.9298633072696285,110.0,11.110184779512323,35.0,,,2
ppo_residual_wq,shaanxi_guanzhong,2022,yield_max,13.70724545097087,305.0,0.5963302752293578,0.48787409767328316,0.19292979053915654,4.9298633072696285,150.0,8.777382143701242,155.0,,,2
ppo_residual_wq,shaanxi_guanzhong,2022,water_min,13.65224295015875,100.0,0.12844036697247707,-0.09123220867689172,-0.08900905900110075,4.92986657267546,55.0,8.72237637748329,45.0,,,2
ppo_residual_wq,shaanxi_guanzhong,2022,cost_min,13.653079937593315,100.0,0.1651376146788991,-0.13041899125540732,-0.12364103583654878,4.929889295916342,55.0,8.723190641676974,45.0,,,2
ppo_residual_wq,shaanxi_guanzhong,2022,risk_min,13.785045516925557,340.0,0.5779816513761468,-0.08042955025068241,-0.07607830209649921,4.9298633072696285,145.0,8.855182209655927,195.0,,,2
ppo_residual_wq,shaanxi_guanzhong,2022,yield_vs_water,13.613504506198051,220.0,0.5045871559633027,0.23042707628061232,0.051503917407044186,4.9298633072696285,135.0,8.683641198928422,85.0,,,2
ppo_residual_wq,shaanxi_guanzhong,2022,water_vs_cost,13.652025274466872,95.0,0.10091743119266056,-0.12188708189777514,-0.11329782330366771,4.929894862850735,50.0,8.722130411616138,45.0,,,2
ppo_residual_wq,ningxia_irrigation,2018,balanced,10.61226370784444,385.0,0.4090909090909091,-0.2544787655400826,-0.2684356285936269,,,,,10.61226370784444,385.0,2
ppo_residual_wq,ningxia_irrigation,2018,yield_max,12.90816612638862,450.0,0.5227272727272727,0.15134925736329302,0.06723252886114328,,,,,12.90816612638862,450.0,2
ppo_residual_wq,ningxia_irrigation,2018,water_min,8.333726816594806,260.0,0.3181818181818182,-0.6366905016087245,-0.6011887760667486,,,,,8.333726816594806,260.0,2
ppo_residual_wq,ningxia_irrigation,2018,cost_min,9.169141366647656,265.0,0.36363636363636365,-0.615218615069499,-0.5849303868530882,,,,,9.169141366647656,265.0,2
ppo_residual_wq,ningxia_irrigation,2018,risk_min,14.295736930121159,450.0,0.5681818181818182,-0.14736651199908832,-0.1495443187016755,,,,,14.295736930121159,450.0,2
ppo_residual_wq,ningxia_irrigation,2018,yield_vs_water,7.837510802694091,365.0,0.4318181818181818,-0.30056984591328245,-0.31153877738170677,,,,,7.837510802694091,365.0,2
ppo_residual_wq,ningxia_irrigation,2018,water_vs_cost,7.837493186014328,240.0,0.3409090909090909,-0.4969834435463519,-0.4795713897925275,,,,,7.837493186014328,240.0,2
ppo_residual_wq,ningxia_irrigation,2019,balanced,12.168872121018115,370.0,0.36363636363636365,-0.21054510179713565,-0.2244107679111182,,,,,12.168872121018115,370.0,2
ppo_residual_wq,ningxia_irrigation,2019,yield_max,14.22514700453315,450.0,0.5,0.30536762041891535,0.2075914185088742,,,,,14.22514700453315,450.0,2
ppo_residual_wq,ningxia_irrigation,2019,water_min,9.28741040301397,335.0,0.36363636363636365,-0.5716362155619177,-0.5173226244292044,,,,,9.28741040301397,335.0,2
ppo_residual_wq,ningxia_irrigation,2019,cost_min,9.93646719113418,340.0,0.38636363636363635,-0.7587633685823978,-0.6832778360942916,,,,,9.93646719113418,340.0,2
ppo_residual_wq,ningxia_irrigation,2019,risk_min,14.145230598468997,450.0,0.5454545454545454,-0.19419768526075348,-0.18573942202443822,,,,,14.145230598468997,450.0,2
ppo_residual_wq,ningxia_irrigation,2019,yield_vs_water,12.57351166229915,450.0,0.3181818181818182,-0.13543674668296662,-0.16042974450292136,,,,,12.57351166229915,450.0,2
ppo_residual_wq,ningxia_irrigation,2019,water_vs_cost,10.337150922831162,350.0,0.38636363636363635,-0.7248662518033013,-0.6560378193966749,,,,,10.337150922831162,350.0,2
ppo_residual_wq,ningxia_irrigation,2020,balanced,11.468029195659337,450.0,0.5227272727272727,-0.30775981319796186,-0.3185658885298802,,,,,11.468029195659337,450.0,2
ppo_residual_wq,ningxia_irrigation,2020,yield_max,11.382413806928701,450.0,0.45454545454545453,-0.11033431201832011,-0.15725703678564112,,,,,11.382413806928701,450.0,2
ppo_residual_wq,ningxia_irrigation,2020,water_min,7.721244252999338,405.0,0.45454545454545453,-0.8040111029823879,-0.73762556221307,,,,,7.721244252999338,405.0,2
ppo_residual_wq,ningxia_irrigation,2020,cost_min,8.859029918317896,435.0,0.4318181818181818,-0.9697322627359222,-0.8829138493001888,,,,,8.859029918317896,435.0,2
ppo_residual_wq,ningxia_irrigation,2020,risk_min,11.40669335773,450.0,0.5454545454545454,-2.26564846618755,-1.9370277878760969,,,,,11.40669335773,450.0,2
ppo_residual_wq,ningxia_irrigation,2020,yield_vs_water,11.325074918431257,450.0,0.5454545454545454,-0.16945341950447257,-0.20522312651799512,,,,,11.325074918431257,450.0,2
ppo_residual_wq,ningxia_irrigation,2020,water_vs_cost,7.721244252999338,430.0,0.45454545454545453,-0.9144506634219479,-0.8350331188762696,,,,,7.721244252999338,430.0,2
ppo_residual_wq,ningxia_irrigation,2021,balanced,5.836755139871434,260.0,0.2727272727272727,-0.7219595645862221,-0.6656625614842151,,,,,5.836755139871434,260.0,2
ppo_residual_wq,ningxia_irrigation,2021,yield_max,9.348809516538827,420.0,0.36363636363636365,0.013576410000945338,-0.0456096581534865,,,,,9.348809516538827,420.0,2
ppo_residual_wq,ningxia_irrigation,2021,water_min,0.3701460591612519,50.0,0.045454545454545456,-0.10930155972461031,-0.09968525099665738,,,,,0.3701460591612519,50.0,2
ppo_residual_wq,ningxia_irrigation,2021,cost_min,0.3878026229865291,50.0,0.06818181818181818,-0.12193405265616811,-0.11277951038457891,,,,,0.3878026229865291,50.0,2
ppo_residual_wq,ningxia_irrigation,2021,risk_min,11.651826338717763,450.0,0.4318181818181818,-0.8659564703515287,-0.7731280215897707,,,,,11.651826338717763,450.0,2
ppo_residual_wq,ningxia_irrigation,2021,yield_vs_water,3.168696542277295,150.0,0.1590909090909091,-0.14160765044424822,-0.14793678107542402,,,,,3.168696542277295,150.0,2
ppo_residual_wq,ningxia_irrigation,2021,water_vs_cost,0.3701460591612519,50.0,0.045454545454545456,-0.1276776281006787,-0.1162403783528868,,,,,0.3701460591612519,50.0,2
ppo_residual_wq,ningxia_irrigation,2022,balanced,12.21979526302028,405.0,0.4772727272727273,-0.3395897040919792,-0.3469745860132999,,,,,12.21979526302028,405.0,2
ppo_residual_wq,ningxia_irrigation,2022,yield_max,13.380233900918181,450.0,0.5454545454545454,0.2686570349208763,0.1754212132733597,,,,,13.380233900918181,450.0,2
ppo_residual_wq,ningxia_irrigation,2022,water_min,11.149807334038252,365.0,0.4318181818181818,-0.8103136837994269,-0.744032343827717,,,,,11.149807334038252,365.0,2
ppo_residual_wq,ningxia_irrigation,2022,cost_min,11.195060895429513,340.0,0.4090909090909091,-0.8641832049965571,-0.7977935453709692,,,,,11.195060895429513,340.0,2
ppo_residual_wq,ningxia_irrigation,2022,risk_min,14.205101389159424,450.0,0.6136363636363636,-0.14879042869762404,-0.15010599609804642,,,,,14.205101389159424,450.0,2
ppo_residual_wq,ningxia_irrigation,2022,yield_vs_water,11.622744201465308,420.0,0.5,-0.2330033693105329,-0.25882054174969055,,,,,11.622744201465308,420.0,2
ppo_residual_wq,ningxia_irrigation,2022,water_vs_cost,10.820651831685957,325.0,0.36363636363636365,-0.6651742754292717,-0.6268120304700914,,,,,10.820651831685957,325.0,2
