policy,site_id,year,preference,total_yield_t_ha,total_irrigation_mm,action_modified_rate,undiscounted_return,discounted_return,wheat_yield,wheat_irr,maize_yield,maize_irr,spring_maize_yield,spring_maize_irr,seed
ppo_direct_gamma1,beijing_plain,2018,balanced,12.838435383865056,120.0,0.0625,-1.2760121685601469,-1.2760121685601469,2.783751619262182,40.0,10.054683764602874,80.0,,,0
ppo_direct_gamma1,beijing_plain,2018,yield_max,12.79450450544426,110.0,0.07142857142857142,-0.1815342718211036,-0.1815342718211036,2.717802187691998,30.0,10.076702317752263,80.0,,,0
ppo_direct_gamma1,beijing_plain,2018,water_min,12.073548733499218,80.0,0.0625,-1.7562991866777582,-1.7562991866777582,2.6813558362564787,20.0,9.392192897242738,60.0,,,0
ppo_direct_gamma1,beijing_plain,2018,cost_min,12.073548733499218,80.0,0.0625,-1.889632520011095,-1.889632520011095,2.6813558362564787,20.0,9.392192897242738,60.0,,,0
ppo_direct_gamma1,beijing_plain,2018,risk_min,7.2530595794797685,450.0,0.9285714285714286,-2.301368917743044,-2.301368917743044,2.9625787023318564,450.0,4.290480877147912,0.0,,,0
ppo_direct_gamma1,beijing_plain,2018,yield_vs_water,12.873847526799993,170.0,0.10714285714285714,-1.623197703756654,-1.623197703756654,2.798485221986166,30.0,10.075362304813828,140.0,,,0
ppo_direct_gamma1,beijing_plain,2018,water_vs_cost,12.073548733499218,80.0,0.0625,-1.834076964455536,-1.834076964455536,2.6813558362564787,20.0,9.392192897242738,60.0,,,0
ppo_direct_gamma1,beijing_plain,2019,balanced,8.408358782063805,450.0,0.2,-6.456378821477848,-6.456378821477848,1.4921635736723358,375.0,6.9161952083914695,75.0,,,0
ppo_direct_gamma1,beijing_plain,2019,yield_max,9.527934108096948,450.0,0.3181818181818182,-3.297929812267034,-3.297929812267034,1.2620561595611852,390.0,8.265877948535763,60.0,,,0
ppo_direct_gamma1,beijing_plain,2019,water_min,9.71834563542006,450.0,0.2636363636363636,-9.918751717073631,-9.918751717073631,1.5154446214911184,390.0,8.202901013928942,60.0,,,0
ppo_direct_gamma1,beijing_plain,2019,cost_min,8.755123606308743,425.0,0.18181818181818182,-9.341377422271078,-9.341377422271078,1.4745255231105423,380.0,7.280598083198202,45.0,,,0
ppo_direct_gamma1,beijing_plain,2019,risk_min,5.036939581129053,450.0,0.5545454545454546,-5.955782395323801,-5.955782395323801,2.4836005317152736,450.0,2.5533390494137795,0.0,,,0
ppo_direct_gamma1,beijing_plain,2019,yield_vs_water,7.454401445015214,450.0,0.22727272727272727,-5.850708577346549,-5.850708577346549,1.5087528927641267,400.0,5.945648552251087,50.0,,,0
ppo_direct_gamma1,beijing_plain,2019,water_vs_cost,9.435320819118681,450.0,0.2636363636363636,-10.757111956479386,-10.757111956479386,1.5031700806534585,385.0,7.932150738465222,65.0,,,0
ppo_direct_gamma1,beijing_plain,2020,balanced,7.8114157984347194,160.0,0.09090909090909091,-2.2030564661458203,-2.2030564661458203,0.6237055761999197,40.0,7.1877102222347995,120.0,,,0
ppo_direct_gamma1,beijing_plain,2020,yield_max,3.7677471933531033,110.0,0.07272727272727272,-0.8817023561398627,-0.8817023561398627,0.6277103468285454,50.0,3.140036846524558,60.0,,,0
ppo_direct_gamma1,beijing_plain,2020,water_min,7.8114157984347194,160.0,0.09090909090909091,-3.4229863387586805,-3.4229863387586805,0.6237055761999197,40.0,7.1877102222347995,120.0,,,0
ppo_direct_gamma1,beijing_plain,2020,cost_min,7.8114157984347194,160.0,0.09090909090909091,-3.6896530054253467,-3.6896530054253467,0.6237055761999197,40.0,7.1877102222347995,120.0,,,0
ppo_direct_gamma1,beijing_plain,2020,risk_min,12.597958907865625,340.0,0.2636363636363636,-1.7096334391669985,-1.7096334391669985,1.1568650823830435,175.0,11.44109382548258,165.0,,,0
ppo_direct_gamma1,beijing_plain,2020,yield_vs_water,7.8114157984347194,160.0,0.09090909090909091,-1.814931693793389,-1.814931693793389,0.6237055761999197,40.0,7.1877102222347995,120.0,,,0
ppo_direct_gamma1,beijing_plain,2020,water_vs_cost,7.8114157984347194,160.0,0.09090909090909091,-3.7785418943142353,-3.7785418943142353,0.6237055761999197,40.0,7.1877102222347995,120.0,,,0
ppo_direct_gamma1,beijing_plain,2021,balanced,11.833698099750963,40.0,0.06363636363636363,-0.499957172659909,-0.499957172659909,0.7961003518919771,40.0,11.037597747858985,0.0,,,0
ppo_direct_gamma1,beijing_plain,2021,yield_max,11.833698099750963,40.0,0.06363636363636363,-0.02214727437706121,-0.02214727437706121,0.7961003518919771,40.0,11.037597747858985,0.0,,,0
ppo_direct_gamma1,beijing_plain,2021,water_min,11.833698099750963,40.0,0.03636363636363636,-0.9555448487205309,-0.9555448487205309,0.7961003518919771,40.0,11.037597747858985,0.0,,,0
ppo_direct_gamma1,beijing_plain,2021,cost_min,11.833698099750963,40.0,0.08181818181818182,-1.0222115153871978,-1.0222115153871978,0.7961003518919771,40.0,11.037597747858985,0.0,,,0
ppo_direct_gamma1,beijing_plain,2021,risk_min,12.727805136923068,185.0,0.2818181818181818,-0.8983821587305246,-0.8983821587305246,1.1926263041551857,100.0,11.535178832767883,85.0,,,0
ppo_direct_gamma1,beijing_plain,2021,yield_vs_water,11.833698099750963,40.0,0.02727272727272727,-0.27772424360266235,-0.27772424360266235,0.7961003518919771,40.0,11.037597747858985,0.0,,,0
ppo_direct_gamma1,beijing_plain,2021,water_vs_cost,11.833698099750963,40.0,0.06363636363636363,-0.89443373760942,-0.89443373760942,0.7961003518919771,40.0,11.037597747858985,0.0,,,0
ppo_direct_gamma1,beijing_plain,2022,balanced,14.404102962647329,80.0,0.08035714285714286,-0.8975376133263833,-0.8975376133263833,2.8548330534215913,80.0,11.549269909225737,0.0,,,0
ppo_direct_gamma1,beijing_plain,2022,yield_max,14.42569840456763,80.0,0.09821428571428571,0.0656735927283858,0.0656735927283858,2.883621084181273,80.0,11.542077320386356,0.0,,,0
ppo_direct_gamma1,beijing_plain,2022,water_min,14.369969737433259,80.0,0.08035714285714286,-1.635739656052464,-1.635739656052464,2.882756122517194,60.0,11.487213614916065,20.0,,,0
ppo_direct_gamma1,beijing_plain,2022,cost_min,14.390525772823661,80.0,0.08035714285714286,-1.8684757348702954,-1.8684757348702954,2.9236212288129892,60.0,11.466904544010672,20.0,,,0
ppo_direct_gamma1,beijing_plain,2022,risk_min,14.593758637734197,450.0,0.9642857142857143,-2.2353243383011416,-2.2353243383011416,3.319678554491367,450.0,11.274080083242831,0.0,,,0
ppo_direct_gamma1,beijing_plain,2022,yield_vs_water,14.432367678230367,80.0,0.0625,-0.5758309452454784,-0.5758309452454784,2.8830977690046296,80.0,11.549269909225737,0.0,,,0
ppo_direct_gamma1,beijing_plain,2022,water_vs_cost,14.390525772823661,80.0,0.07142857142857142,-1.8129201793147351,-1.8129201793147351,2.9236212288129892,60.0,11.466904544010672,20.0,,,0
ppo_direct_gamma1,hebei_central,2018,balanced,10.54246765164859,140.0,0.0625,-1.7278019312871145,-1.7278019312871145,4.206065441144073,20.0,6.336402210504516,120.0,,,0
ppo_direct_gamma1,hebei_central,2018,yield_max,10.486205644184295,130.0,0.0625,-0.5199380974080887,-0.5199380974080887,4.121285854930992,10.0,6.364919789253304,120.0,,,0
ppo_direct_gamma1,hebei_central,2018,water_min,10.482769434637422,120.0,0.0625,-2.408772860073228,-2.408772860073228,4.112445803605742,0.0,6.370323631031681,120.0,,,0
ppo_direct_gamma1,hebei_central,2018,cost_min,10.554591773764455,140.0,0.0625,-3.047124457895613,-3.047124457895613,4.223763533438793,20.0,6.330828240325663,120.0,,,0
ppo_direct_gamma1,hebei_central,2018,risk_min,10.172438286836709,450.0,0.8571428571428571,-3.025920905509722,-3.025920905509722,4.272081238519123,350.0,5.900357048317587,100.0,,,0
ppo_direct_gamma1,hebei_central,2018,yield_vs_water,10.549538528473455,140.0,0.0625,-1.4691445918522072,-1.4691445918522072,4.215269259541292,20.0,6.334269268932164,120.0,,,0
ppo_direct_gamma1,hebei_central,2018,water_vs_cost,10.554591773764455,140.0,0.0625,-3.2999022356733896,-3.2999022356733896,4.223763533438793,20.0,6.330828240325663,120.0,,,0
ppo_direct_gamma1,hebei_central,2019,balanced,11.012403414686505,385.0,0.15315315315315314,-5.139236558063438,-5.139236558063438,2.8338355622519376,385.0,8.178567852434567,0.0,,,0
ppo_direct_gamma1,hebei_central,2019,yield_max,10.85293479174225,400.0,0.17117117117117117,-2.032759145384235,-2.032759145384235,2.8372732079368452,390.0,8.015661583805404,10.0,,,0
ppo_direct_gamma1,hebei_central,2019,water_min,13.388866065959729,380.0,0.1891891891891892,-8.123398719371748,-8.123398719371748,2.79467701356079,380.0,10.594189052398939,0.0,,,0
ppo_direct_gamma1,hebei_central,2019,cost_min,14.235739916957899,410.0,0.22522522522522523,-8.812835503459642,-8.812835503459642,2.995973930901576,410.0,11.239765986056323,0.0,,,0
ppo_direct_gamma1,hebei_central,2019,risk_min,4.543644492475427,450.0,0.5495495495495496,-5.965709485549644,-5.965709485549644,4.035634667425727,450.0,0.5080098250497004,0.0,,,0
ppo_direct_gamma1,hebei_central,2019,yield_vs_water,10.952337573019264,380.0,0.15315315315315314,-4.2387857269310825,-4.2387857269310825,2.7606562197231908,380.0,8.191681353296074,0.0,,,0
ppo_direct_gamma1,hebei_central,2019,water_vs_cost,13.304249453456064,370.0,0.17117117117117117,-8.681515781781746,-8.681515781781746,2.64791529687926,370.0,10.656334156576804,0.0,,,0
ppo_direct_gamma1,hebei_central,2020,balanced,15.318196303996341,170.0,0.12612612612612611,-2.02233636076659,-2.02233636076659,3.9975032442224654,90.0,11.320693059773875,80.0,,,0
ppo_direct_gamma1,hebei_central,2020,yield_max,14.558277776335935,180.0,0.09009009009009009,-0.49179685053349664,-0.49179685053349664,4.025778915579777,100.0,10.532498860756156,80.0,,,0
ppo_direct_gamma1,hebei_central,2020,water_min,14.827109888693297,120.0,0.08108108108108109,-2.535517046561318,-2.535517046561318,4.003192756960156,100.0,10.823917131733142,20.0,,,0
ppo_direct_gamma1,hebei_central,2020,cost_min,14.958162146585703,160.0,0.13513513513513514,-3.6122762833032143,-3.6122762833032143,3.981539363324065,80.0,10.976622783261638,80.0,,,0
ppo_direct_gamma1,hebei_central,2020,risk_min,15.745509061399128,440.0,0.34234234234234234,-2.9041050311632346,-2.9041050311632346,4.313324043455035,140.0,11.432185017944093,300.0,,,0
ppo_direct_gamma1,hebei_central,2020,yield_vs_water,15.318196303996341,170.0,0.12612612612612611,-1.5286148954026872,-1.5286148954026872,3.9975032442224654,90.0,11.320693059773875,80.0,,,0
ppo_direct_gamma1,hebei_central,2020,water_vs_cost,14.958162146585703,160.0,0.11711711711711711,-3.701165172192104,-3.701165172192104,3.981539363324065,80.0,10.976622783261638,80.0,,,0
ppo_direct_gamma1,hebei_central,2021,balanced,13.915870963653791,120.0,0.09174311926605505,-1.30158124845331,-1.30158124845331,4.095860107900229,120.0,9.820010855753562,0.0,,,0
ppo_direct_gamma1,hebei_central,2021,yield_max,13.915870963653791,120.0,0.11009174311926606,-0.09443385145996075,-0.09443385145996075,4.095860107900229,120.0,9.820010855753562,0.0,,,0
ppo_direct_gamma1,hebei_central,2021,water_min,13.915870963653791,120.0,0.09174311926605505,-2.44206197878,-2.44206197878,4.095860107900229,120.0,9.820010855753562,0.0,,,0
ppo_direct_gamma1,hebei_central,2021,cost_min,13.915870963653791,120.0,0.11009174311926606,-2.64206197878,-2.64206197878,4.095860107900229,120.0,9.820010855753562,0.0,,,0
ppo_direct_gamma1,hebei_central,2021,risk_min,14.02817654043169,175.0,0.1926605504587156,-1.5113032894918017,-1.5113032894918017,4.268300678499895,150.0,9.759875861931794,25.0,,,0
ppo_direct_gamma1,hebei_central,2021,yield_vs_water,13.915870963653791,120.0,0.09174311926605505,-0.9603098938999692,-0.9603098938999692,4.095860107900229,120.0,9.820010855753562,0.0,,,0
ppo_direct_gamma1,hebei_central,2021,water_vs_cost,13.915870963653791,120.0,0.09174311926605505,-2.7587286454466664,-2.7587286454466664,4.095860107900229,120.0,9.820010855753562,0.0,,,0
ppo_direct_gamma1,hebei_central,2022,balanced,14.74863927266562,110.0,0.05405405405405406,-1.0704919591397217,-1.0704919591397217,4.424570940467561,70.0,10.32406833219806,40.0,,,0
ppo_direct_gamma1,hebei_central,2022,yield_max,12.274736874079977,80.0,0.02702702702702703,0.07999411426904068,0.07999411426904068,4.419990802150571,80.0,7.854746071929406,0.0,,,0
ppo_direct_gamma1,hebei_central,2022,water_min,15.790136477511513,60.0,0.05405405405405406,-1.208822258643557,-1.208822258643557,4.353711038109714,60.0,11.436425439401798,0.0,,,0
ppo_direct_gamma1,hebei_central,2022,cost_min,14.777901006309495,80.0,0.05405405405405406,-1.8732029843402693,-1.8732029843402693,4.463019212417207,60.0,10.314881793892289,20.0,,,0
ppo_direct_gamma1,hebei_central,2022,risk_min,13.461885615014507,435.0,0.6936936936936937,-2.1984291803536937,-2.1984291803536937,4.914901446896087,385.0,8.54698416811842,50.0,,,0
ppo_direct_gamma1,hebei_central,2022,yield_vs_water,15.872977211028637,80.0,0.036036036036036036,-0.37700535289462245,-0.37700535289462245,4.395702621140517,80.0,11.47727458988812,0.0,,,0
ppo_direct_gamma1,hebei_central,2022,water_vs_cost,14.788563584329335,80.0,0.04504504504504504,-1.8176423393249364,-1.8176423393249364,4.474162066247317,60.0,10.314401518082018,20.0,,,0
ppo_direct_gamma1,henan_north,2018,balanced,17.52025768057593,40.0,0.03636363636363636,-0.013635872072043975,-0.013635872072043975,6.078180466481993,40.0,11.442077214093938,0.0,,,0
ppo_direct_gamma1,henan_north,2018,yield_max,17.45467420531703,40.0,0.045454545454545456,0.6902836606907374,0.6902836606907374,6.0125969912230905,40.0,11.442077214093938,0.0,,,0
ppo_direct_gamma1,henan_north,2018,water_min,17.34967131114888,40.0,0.05454545454545454,-0.6805249455984956,-0.6805249455984956,5.9075766056339445,40.0,11.442094705514938,0.0,,,0
ppo_direct_gamma1,henan_north,2018,cost_min,17.34967131114888,40.0,0.06363636363636363,-0.7471916122651623,-0.7471916122651623,5.9075766056339445,40.0,11.442094705514938,0.0,,,0
ppo_direct_gamma1,henan_north,2018,risk_min,18.06417841951919,450.0,0.8909090909090909,-2.2527293120046306,-2.2527293120046306,6.593404792512113,330.0,11.470773627007077,120.0,,,0
ppo_direct_gamma1,henan_north,2018,yield_vs_water,17.34967131114888,40.0,0.045454545454545456,0.19737527200751392,0.19737527200751392,5.9075766056339445,40.0,11.442094705514938,0.0,,,0
ppo_direct_gamma1,henan_north,2018,water_vs_cost,17.34967131114888,40.0,0.05454545454545454,-0.8194138344873847,-0.8194138344873847,5.9075766056339445,40.0,11.442094705514938,0.0,,,0
ppo_direct_gamma1,henan_north,2019,balanced,9.507052413018627,270.0,0.0990990990990991,-3.472144563208253,-3.472144563208253,2.06057347313031,250.0,7.446478939888318,20.0,,,0
ppo_direct_gamma1,henan_north,2019,yield_max,3.6865665035325486,270.0,0.10810810810810811,-1.5775730399601087,-1.5775730399601087,2.0390124234088134,250.0,1.6475540801237352,20.0,,,0
ppo_direct_gamma1,henan_north,2019,water_min,9.357276040304697,420.0,0.17117117117117117,-9.002344003276049,-9.002344003276049,2.0450706123248126,220.0,7.312205427979885,200.0,,,0
ppo_direct_gamma1,henan_north,2019,cost_min,3.972465018780337,240.0,0.10810810810810811,-5.668534497085316,-5.668534497085316,2.0148251533113863,220.0,1.9576398654689504,20.0,,,0
ppo_direct_gamma1,henan_north,2019,risk_min,4.244098468392892,450.0,0.42342342342342343,-2.3842308999805604,-2.3842308999805604,4.1201960430347455,450.0,0.12390242535814605,0.0,,,0
ppo_direct_gamma1,henan_north,2019,yield_vs_water,9.507052413018627,270.0,0.0990990990990991,-2.9005973706769868,-2.9005973706769868,2.06057347313031,250.0,7.446478939888318,20.0,,,0
ppo_direct_gamma1,henan_north,2019,water_vs_cost,3.972465018780337,240.0,0.0990990990990991,-5.70186783041865,-5.70186783041865,2.0148251533113863,220.0,1.9576398654689504,20.0,,,0
ppo_direct_gamma1,henan_north,2020,balanced,17.3769850129519,130.0,0.07339449541284404,-1.264134330699929,-1.264134330699929,6.715199503357786,70.0,10.661785509594115,60.0,,,0
ppo_direct_gamma1,henan_north,2020,yield_max,17.362606156669987,130.0,0.09174311926605505,0.05859963177008076,0.05859963177008076,6.698328750385713,70.0,10.664277406284274,60.0,,,0
ppo_direct_gamma1,henan_north,2020,water_min,17.34273259784442,120.0,0.08256880733944955,-2.297876390512764,-2.297876390512764,6.7211012528325345,60.0,10.621631345011886,60.0,,,0
ppo_direct_gamma1,henan_north,2020,cost_min,17.393069588209777,120.0,0.07339449541284404,-2.597184685775592,-2.597184685775592,6.764555722858578,60.0,10.628513865351199,60.0,,,0
ppo_direct_gamma1,henan_north,2020,risk_min,18.7545249450889,450.0,0.8807339449541285,-2.246428366239409,-2.246428366239409,7.285040158526805,345.0,11.469484786562093,105.0,,,0
ppo_direct_gamma1,henan_north,2020,yield_vs_water,17.376268541941002,130.0,0.07339449541284404,-0.8531309301934337,-0.8531309301934337,6.714508357068439,70.0,10.661760184872561,60.0,,,0
ppo_direct_gamma1,henan_north,2020,water_vs_cost,17.416715869363205,120.0,0.06422018348623854,-2.7136454426603267,-2.7136454426603267,6.767732103076097,60.0,10.64898376628711,60.0,,,0
ppo_direct_gamma1,henan_north,2021,balanced,10.747619332264772,80.0,0.11926605504587157,-1.1166491362988349,-1.1166491362988349,2.5123536188671447,80.0,8.235265713397627,0.0,,,0
ppo_direct_gamma1,henan_north,2021,yield_max,10.747619332264772,80.0,0.12844036697247707,-0.32358043296740535,-0.32358043296740535,2.5123536188671447,80.0,8.235265713397627,0.0,,,0
ppo_direct_gamma1,henan_north,2021,water_min,10.747619332264772,80.0,0.11009174311926606,-1.865273395185818,-1.865273395185818,2.5123536188671447,80.0,8.235265713397627,0.0,,,0
ppo_direct_gamma1,henan_north,2021,cost_min,10.747619332264772,80.0,0.11926605504587157,-1.998606728519158,-1.998606728519158,2.5123536188671447,80.0,8.235265713397627,0.0,,,0
ppo_direct_gamma1,henan_north,2021,risk_min,13.507895282782496,150.0,0.22018348623853212,-1.3919074840710428,-1.3919074840710428,3.110580299200412,125.0,10.397314983582083,25.0,,,0
ppo_direct_gamma1,henan_north,2021,yield_vs_water,10.747619332264772,80.0,0.11926605504587157,-0.7763669759290974,-0.7763669759290974,2.5123536188671447,80.0,8.235265713397627,0.0,,,0
ppo_direct_gamma1,henan_north,2021,water_vs_cost,10.747619332264772,80.0,0.11009174311926606,-1.843051172963596,-1.843051172963596,2.5123536188671447,80.0,8.235265713397627,0.0,,,0
ppo_direct_gamma1,henan_north,2022,balanced,16.915514987251186,170.0,0.07207207207207207,-1.8082148802869455,-1.8082148802869455,6.472001769760631,110.0,10.443513217490556,60.0,,,0
ppo_direct_gamma1,henan_north,2022,yield_max,17.887946140856094,110.0,0.0990990990990991,0.17729575347586835,0.17729575347586835,6.336704742964813,110.0,11.55124139789128,0.0,,,0
ppo_direct_gamma1,henan_north,2022,water_min,17.235932801866905,150.0,0.07207207207207207,-3.1464906519369533,-3.1464906519369533,6.467467452592989,110.0,10.768465349273917,40.0,,,0
ppo_direct_gamma1,henan_north,2022,cost_min,17.18786505968137,140.0,0.06306306306306306,-3.273598824104181,-3.273598824104181,6.447533110263951,100.0,10.740331949417422,40.0,,,0
ppo_direct_gamma1,henan_north,2022,risk_min,18.209740134324328,450.0,0.7927927927927928,-2.2262300056716455,-2.2262300056716455,7.2215427270743024,375.0,10.988197407250027,75.0,,,0
ppo_direct_gamma1,henan_north,2022,yield_vs_water,16.920090300896284,170.0,0.07207207207207207,-1.2856026062691064,-1.2856026062691064,6.4803426133861635,110.0,10.43974768751012,60.0,,,0
ppo_direct_gamma1,henan_north,2022,water_vs_cost,17.174549905149995,140.0,0.07207207207207207,-3.225630731675622,-3.225630731675622,6.430328071415084,100.0,10.74422183373491,40.0,,,0
ppo_direct_gamma1,shaanxi_guanzhong,2018,balanced,13.964820072643345,140.0,0.05555555555555555,-1.548891068611868,-1.548891068611868,4.651250960079181,40.0,9.313569112564165,100.0,,,0
ppo_direct_gamma1,shaanxi_guanzhong,2018,yield_max,13.964943193311134,120.0,0.21296296296296297,-0.08138037875735438,-0.08138037875735438,4.65137440223511,20.0,9.313568791076024,100.0,,,0
ppo_direct_gamma1,shaanxi_guanzhong,2018,water_min,13.964820072643345,120.0,0.08333333333333333,-2.438611656041857,-2.438611656041857,4.651250960079181,20.0,9.313569112564165,100.0,,,0
ppo_direct_gamma1,shaanxi_guanzhong,2018,cost_min,13.963430639100146,120.0,0.06481481481481481,-2.6386315068962265,-2.6386315068962265,4.64986120386478,20.0,9.313569435235365,100.0,,,0
ppo_direct_gamma1,shaanxi_guanzhong,2018,risk_min,13.982243819832327,325.0,0.7777777777777778,-1.6065300742207567,-1.6065300742207567,4.650702908145166,220.0,9.33154091168716,105.0,,,0
ppo_direct_gamma1,shaanxi_guanzhong,2018,yield_vs_water,13.964820072643345,120.0,0.16666666666666666,-0.9430582802092793,-0.9430582802092793,4.651250960079181,20.0,9.313569112564165,100.0,,,0
ppo_direct_gamma1,shaanxi_guanzhong,2018,water_vs_cost,13.964820072643345,120.0,0.17592592592592593,-2.755278322708522,-2.755278322708522,4.651250960079181,20.0,9.313569112564165,100.0,,,0
ppo_direct_gamma1,shaanxi_guanzhong,2019,balanced,11.35422431244915,110.0,0.07339449541284404,-1.618503177761847,-1.618503177761847,1.1641634810860761,50.0,10.190060831363073,60.0,,,0
ppo_direct_gamma1,shaanxi_guanzhong,2019,yield_max,11.35422431244915,110.0,0.10091743119266056,-0.5858527833054584,-0.5858527833054584,1.1641634810860761,50.0,10.190060831363073,60.0,,,0
ppo_direct_gamma1,shaanxi_guanzhong,2019,water_min,11.455971775015229,100.0,0.05504587155963303,-2.369666568275786,-2.369666568275786,1.1483374151742907,40.0,10.307634359840938,60.0,,,0
ppo_direct_gamma1,shaanxi_guanzhong,2019,cost_min,11.455971775015229,100.0,0.07339449541284404,-2.536333234942453,-2.536333234942453,1.1483374151742907,40.0,10.307634359840938,60.0,,,0
ppo_direct_gamma1,shaanxi_guanzhong,2019,risk_min,13.770448831739543,360.0,0.29357798165137616,-1.8069984974899969,-1.8069984974899969,2.525486187499069,175.0,11.244962644240474,185.0,,,0
ppo_direct_gamma1,shaanxi_guanzhong,2019,yield_vs_water,11.35422431244915,110.0,0.07339449541284404,-1.1696567499800887,-1.1696567499800887,1.1641634810860761,50.0,10.190060831363073,60.0,,,0
ppo_direct_gamma1,shaanxi_guanzhong,2019,water_vs_cost,11.455971775015229,100.0,0.07339449541284404,-2.316888790498009,-2.316888790498009,1.1483374151742907,40.0,10.307634359840938,60.0,,,0
ppo_direct_gamma1,shaanxi_guanzhong,2020,balanced,16.037835875527676,20.0,0.037383177570093455,0.19305729347178457,0.19305729347178457,4.832679861161359,20.0,11.205156014366317,0.0,,,0
ppo_direct_gamma1,shaanxi_guanzhong,2020,yield_max,16.03759224586316,20.0,0.18691588785046728,0.6781083424842683,0.6781083424842683,4.832436231496841,20.0,11.205156014366317,0.0,,,0
ppo_direct_gamma1,shaanxi_guanzhong,2020,water_min,16.068332378273944,20.0,0.018691588785046728,-0.29167800644867115,-0.29167800644867115,4.861952700378858,20.0,11.206379677895084,0.0,,,0
ppo_direct_gamma1,shaanxi_guanzhong,2020,cost_min,16.037835875527676,20.0,0.037383177570093455,-0.32534678774316494,-0.32534678774316494,4.832679861161359,20.0,11.205156014366317,0.0,,,0
ppo_direct_gamma1,shaanxi_guanzhong,2020,risk_min,16.40165462396144,235.0,0.822429906542056,-1.1037926281567674,-1.1037926281567674,4.994152288756218,185.0,11.407502335205223,50.0,,,0
ppo_direct_gamma1,shaanxi_guanzhong,2020,yield_vs_water,16.064169407279472,20.0,0.11214953271028037,0.34138306204770025,0.34138306204770025,4.857789729384388,20.0,11.206379677895084,0.0,,,0
ppo_direct_gamma1,shaanxi_guanzhong,2020,water_vs_cost,16.064169407279472,20.0,0.056074766355140186,-0.36116783203490166,-0.36116783203490166,4.857789729384388,20.0,11.206379677895084,0.0,,,0
ppo_direct_gamma1,shaanxi_guanzhong,2021,balanced,16.826724971426273,40.0,0.037037037037037035,-0.0346052379517191,-0.0346052379517191,5.292409618767744,40.0,11.53431535265853,0.0,,,0
ppo_direct_gamma1,shaanxi_guanzhong,2021,yield_max,16.826724971426273,50.0,0.19444444444444445,0.5616630558067162,0.5616630558067162,5.292409618767744,50.0,11.53431535265853,0.0,,,0
ppo_direct_gamma1,shaanxi_guanzhong,2021,water_min,16.826724971426273,20.0,0.046296296296296294,-0.28365130948792977,-0.28365130948792977,5.292409618767744,20.0,11.53431535265853,0.0,,,0
ppo_direct_gamma1,shaanxi_guanzhong,2021,cost_min,16.826724971426273,20.0,0.05555555555555555,-0.3169846428212631,-0.3169846428212631,5.292409618767744,20.0,11.53431535265853,0.0,,,0
ppo_direct_gamma1,shaanxi_guanzhong,2021,risk_min,16.838420180772353,200.0,0.7592592592592593,-0.9113273897931295,-0.9113273897931295,5.292409618767744,150.0,11.546010562004607,50.0,,,0
ppo_direct_gamma1,shaanxi_guanzhong,2021,yield_vs_water,16.826724971426273,20.0,0.027777777777777776,0.381743452560351,0.381743452560351,5.292409618767744,20.0,11.53431535265853,0.0,,,0
ppo_direct_gamma1,shaanxi_guanzhong,2021,water_vs_cost,16.826724971426273,20.0,0.046296296296296294,-0.353095753932371,-0.353095753932371,5.292409618767744,20.0,11.53431535265853,0.0,,,0
ppo_direct_gamma1,shaanxi_guanzhong,2022,balanced,12.27472368438454,40.0,0.03669724770642202,-0.2029098941965689,-0.2029098941965689,4.929889295916342,20.0,7.344834388468199,20.0,,,0
ppo_direct_gamma1,shaanxi_guanzhong,2022,yield_max,12.27472368438454,40.0,0.1926605504587156,0.33657435182267237,0.33657435182267237,4.929889295916342,20.0,7.344834388468199,20.0,,,0
ppo_direct_gamma1,shaanxi_guanzhong,2022,water_min,12.29409093015618,40.0,0.03669724770642202,-0.731116151209307,-0.731116151209307,4.9298633072696285,20.0,7.364227622886551,20.0,,,0
ppo_direct_gamma1,shaanxi_guanzhong,2022,cost_min,12.27472368438454,40.0,0.027522935779816515,-0.7979496957713628,-0.7979496957713628,4.929889295916342,20.0,7.344834388468199,20.0,,,0
ppo_direct_gamma1,shaanxi_guanzhong,2022,risk_min,13.694362466346252,165.0,0.6513761467889908,-0.7758949967255796,-0.7758949967255796,4.9298633072696285,145.0,8.764499159076623,20.0,,,0
ppo_direct_gamma1,shaanxi_guanzhong,2022,yield_vs_water,12.27472368438454,40.0,0.01834862385321101,-0.056415145523487364,-0.056415145523487364,4.929889295916342,20.0,7.344834388468199,20.0,,,0
ppo_direct_gamma1,shaanxi_guanzhong,2022,water_vs_cost,12.27568537282485,40.0,0.12844036697247707,-0.8701636522032473,-0.8701636522032473,4.9298633072696285,20.0,7.345822065555221,20.0,,,0
ppo_direct_gamma1,ningxia_irrigation,2018,balanced,6.346806283015375,240.0,0.3181818181818182,-3.0321277922394723,-3.0321277922394723,,,,,6.346806283015375,240.0,0
ppo_direct_gamma1,ningxia_irrigation,2018,yield_max,6.346806283015375,240.0,0.3181818181818182,-1.0895569697524161,-1.0895569697524161,,,,,6.346806283015375,240.0,0
ppo_direct_gamma1,ningxia_irrigation,2018,water_min,6.346806283015375,240.0,0.29545454545454547,-4.841365281393197,-4.841365281393197,,,,,6.346806283015375,240.0,0
ppo_direct_gamma1,ningxia_irrigation,2018,cost_min,6.346806283015375,240.0,0.3181818181818182,-5.241365281393197,-5.241365281393197,,,,,6.346806283015375,240.0,0
ppo_direct_gamma1,ningxia_irrigation,2018,risk_min,9.954613373753451,280.0,0.38636363636363635,-1.4177884434565489,-1.4177884434565489,,,,,9.954613373753451,280.0,0
ppo_direct_gamma1,ningxia_irrigation,2018,yield_vs_water,6.346806283015375,240.0,0.29545454545454547,-2.60682640696601,-2.60682640696601,,,,,6.346806283015375,240.0,0
ppo_direct_gamma1,ningxia_irrigation,2018,water_vs_cost,6.346806283015375,240.0,0.3181818181818182,-5.674698614726531,-5.674698614726531,,,,,6.346806283015375,240.0,0
ppo_direct_gamma1,ningxia_irrigation,2019,balanced,8.319116637830215,320.0,0.38636363636363635,-4.223273858966036,-4.223273858966036,,,,,8.319116637830215,320.0,0
ppo_direct_gamma1,ningxia_irrigation,2019,yield_max,8.319116637830215,320.0,0.38636363636363635,-1.61850703096834,-1.61850703096834,,,,,8.319116637830215,320.0,0
ppo_direct_gamma1,ningxia_irrigation,2019,water_min,8.319116637830215,320.0,0.38636363636363635,-6.650262909185954,-6.650262909185954,,,,,8.319116637830215,320.0,0
ppo_direct_gamma1,ningxia_irrigation,2019,cost_min,9.066358792466858,325.0,0.36363636363636365,-7.090833035720252,-7.090833035720252,,,,,9.066358792466858,325.0,0
ppo_direct_gamma1,ningxia_irrigation,2019,risk_min,10.633877509801362,450.0,0.5454545454545454,-2.327891142382764,-2.327891142382764,,,,,10.633877509801362,450.0,0
ppo_direct_gamma1,ningxia_irrigation,2019,yield_vs_water,8.319116637830215,320.0,0.38636363636363635,-3.5513145459297664,-3.5513145459297664,,,,,8.319116637830215,320.0,0
ppo_direct_gamma1,ningxia_irrigation,2019,water_vs_cost,8.319116637830215,320.0,0.38636363636363635,-7.561374020297067,-7.561374020297067,,,,,8.319116637830215,320.0,0
ppo_direct_gamma1,ningxia_irrigation,2020,balanced,7.047265381441438,395.0,0.45454545454545453,-5.538821131455713,-5.538821131455713,,,,,7.047265381441438,395.0,0
ppo_direct_gamma1,ningxia_irrigation,2020,yield_max,7.051109318087625,395.0,0.45454545454545453,-2.2711803553581156,-2.2711803553581156,,,,,7.051109318087625,395.0,0
ppo_direct_gamma1,ningxia_irrigation,2020,water_min,6.770090088985384,390.0,0.4318181818181818,-8.384708975190634,-8.384708975190634,,,,,6.770090088985384,390.0,0
ppo_direct_gamma1,ningxia_irrigation,2020,cost_min,8.28535576241132,425.0,0.45454545454545453,-9.312376378497902,-9.312376378497902,,,,,8.28535576241132,425.0,0
ppo_direct_gamma1,ningxia_irrigation,2020,risk_min,8.993356420616012,450.0,0.5681818181818182,-3.003817844567204,-3.003817844567204,,,,,8.993356420616012,450.0,0
ppo_direct_gamma1,ningxia_irrigation,2020,yield_vs_water,6.770090088985384,390.0,0.45454545454545453,-4.548544875953148,-4.548544875953148,,,,,6.770090088985384,390.0,0
ppo_direct_gamma1,ningxia_irrigation,2020,water_vs_cost,7.190543250478812,390.0,0.4318181818181818,-9.205419629898682,-9.205419629898682,,,,,7.190543250478812,390.0,0
ppo_direct_gamma1,ningxia_irrigation,2021,balanced,0.0,0.0,0.0,-0.08607043041529906,-0.08607043041529906,,,,,0.0,0.0,0
ppo_direct_gamma1,ningxia_irrigation,2021,yield_max,0.0,0.0,0.0,-0.15062325322677333,-0.15062325322677333,,,,,0.0,0.0,0
ppo_direct_gamma1,ningxia_irrigation,2021,water_min,0.0,0.0,0.0,-0.021517607603824766,-0.021517607603824766,,,,,0.0,0.0,0
ppo_direct_gamma1,ningxia_irrigation,2021,cost_min,0.0,0.0,0.0,-0.021517607603824766,-0.021517607603824766,,,,,0.0,0.0,0
ppo_direct_gamma1,ningxia_irrigation,2021,risk_min,0.0,0.0,0.022727272727272728,-0.021517607603824766,-0.021517607603824766,,,,,0.0,0.0,0
ppo_direct_gamma1,ningxia_irrigation,2021,yield_vs_water,0.0,0.0,0.0,-0.10758803801912381,-0.10758803801912381,,,,,0.0,0.0,0
ppo_direct_gamma1,ningxia_irrigation,2021,water_vs_cost,0.0,0.0,0.0,-0.021517607603824766,-0.021517607603824766,,,,,0.0,0.0,0
ppo_direct_gamma1,ningxia_irrigation,2022,balanced,10.574241730267536,320.0,0.36363636363636365,-4.261642288220827,-4.261642288220827,,,,,10.574241730267536,320.0,0
ppo_direct_gamma1,ningxia_irrigation,2022,yield_max,11.104327942272358,355.0,0.45454545454545453,-1.6867683650016283,-1.6867683650016283,,,,,11.104327942272358,355.0,0
ppo_direct_gamma1,ningxia_irrigation,2022,water_min,10.574241730267536,320.0,0.36363636363636365,-6.734855016499646,-6.734855016499646,,,,,10.574241730267536,320.0,0
ppo_direct_gamma1,ningxia_irrigation,2022,cost_min,10.548525868240295,320.0,0.3409090909090909,-7.190963439684932,-7.190963439684932,,,,,10.548525868240295,320.0,0
ppo_direct_gamma1,ningxia_irrigation,2022,risk_min,11.550151116672582,410.0,0.5454545454545454,-3.532110023898482,-3.532110023898482,,,,,11.550151116672582,410.0,0
ppo_direct_gamma1,ningxia_irrigation,2022,yield_vs_water,10.574241730267536,320.0,0.36363636363636365,-3.524275082498256,-3.524275082498256,,,,,10.574241730267536,320.0,0
ppo_direct_gamma1,ningxia_irrigation,2022,water_vs_cost,10.574241730267536,320.0,0.36363636363636365,-7.545966127610758,-7.545966127610758,,,,,10.574241730267536,320.0,0
ppo_direct_gamma1,beijing_plain,2018,balanced,12.09606781617762,90.0,0.044642857142857144,-1.12131126576709,-1.12131126576709,2.702596695667645,30.0,9.393471120509973,60.0,,,1
ppo_direct_gamma1,beijing_plain,2018,yield_max,12.394566134109603,105.0,0.08928571428571429,-0.18163996611747923,-0.18163996611747923,2.74137888482714,40.0,9.653187249282462,65.0,,,1
ppo_direct_gamma1,beijing_plain,2018,water_min,12.896497162652725,130.0,0.0625,-2.5684288757649365,-2.5684288757649365,2.749638914463489,30.0,10.146858248189236,100.0,,,1
ppo_direct_gamma1,beijing_plain,2018,cost_min,12.073548733499218,80.0,0.05357142857142857,-1.889632520011095,-1.889632520011095,2.6813558362564787,20.0,9.392192897242738,60.0,,,1
ppo_direct_gamma1,beijing_plain,2018,risk_min,12.523822054607908,140.0,0.07142857142857142,-0.6687584917881355,-0.6687584917881355,2.8440117763226214,60.0,9.679810278285288,80.0,,,1
ppo_direct_gamma1,beijing_plain,2018,yield_vs_water,12.798739823793222,110.0,0.05357142857142857,-0.9448969075701505,-0.9448969075701505,2.7218155037519227,30.0,10.076924320041298,80.0,,,1
ppo_direct_gamma1,beijing_plain,2018,water_vs_cost,12.073548733499218,80.0,0.044642857142857144,-1.834076964455536,-1.834076964455536,2.6813558362564787,20.0,9.392192897242738,60.0,,,1
ppo_direct_gamma1,beijing_plain,2019,balanced,8.82974006783027,410.0,0.17272727272727273,-5.353310578467703,-5.353310578467703,1.5196858725087623,390.0,7.3100541953215075,20.0,,,1
ppo_direct_gamma1,beijing_plain,2019,yield_max,7.690798407019551,450.0,0.20909090909090908,-3.2981578093096373,-3.2981578093096373,1.5790169410400625,395.0,6.1117814659794885,55.0,,,1
ppo_direct_gamma1,beijing_plain,2019,water_min,8.658450402591816,420.0,0.17272727272727273,-8.561359224279915,-8.561359224279915,1.5233137428447203,400.0,7.135136659747095,20.0,,,1
ppo_direct_gamma1,beijing_plain,2019,cost_min,8.420115502338277,435.0,0.18181818181818182,-9.888007258862492,-9.888007258862492,1.5244262808895657,395.0,6.895689221448712,40.0,,,1
ppo_direct_gamma1,beijing_plain,2019,risk_min,8.430926134338193,430.0,0.14545454545454545,-2.9556727030415333,-2.9556727030415333,1.5437801663818327,390.0,6.88714596795636,40.0,,,1
ppo_direct_gamma1,beijing_plain,2019,yield_vs_water,9.023447094435808,435.0,0.2,-4.750134533748107,-4.750134533748107,1.6338473021736026,415.0,7.389599792262205,20.0,,,1
ppo_direct_gamma1,beijing_plain,2019,water_vs_cost,8.634300241806967,420.0,0.18181818181818182,-9.89228035209677,-9.89228035209677,1.5272110631101106,400.0,7.107089178696857,20.0,,,1
ppo_direct_gamma1,beijing_plain,2020,balanced,4.572236005395781,110.0,0.06363636363636363,-1.7766559335078373,-1.7766559335078373,0.6174608481271741,50.0,3.9547751572686067,60.0,,,1
ppo_direct_gamma1,beijing_plain,2020,yield_max,7.8050520148304585,170.0,0.09090909090909091,-1.051847399977832,-1.051847399977832,0.6615212575346717,50.0,7.143530757295787,120.0,,,1
ppo_direct_gamma1,beijing_plain,2020,water_min,7.8114157984347194,160.0,0.07272727272727272,-3.4229863387586805,-3.4229863387586805,0.6237055761999197,40.0,7.1877102222347995,120.0,,,1
ppo_direct_gamma1,beijing_plain,2020,cost_min,7.8114157984347194,160.0,0.08181818181818182,-3.6896530054253467,-3.6896530054253467,0.6237055761999197,40.0,7.1877102222347995,120.0,,,1
ppo_direct_gamma1,beijing_plain,2020,risk_min,10.391711495814203,160.0,0.03636363636363636,-0.8016825299143551,-0.8016825299143551,0.8637550344231016,140.0,9.527956461391101,20.0,,,1
ppo_direct_gamma1,beijing_plain,2020,yield_vs_water,4.631028199895423,110.0,0.06363636363636363,-1.4400177437106012,-1.4400177437106012,0.6193659317800347,50.0,4.011662268115388,60.0,,,1
ppo_direct_gamma1,beijing_plain,2020,water_vs_cost,7.8114157984347194,160.0,0.08181818181818182,-3.7785418943142353,-3.7785418943142353,0.6237055761999197,40.0,7.1877102222347995,120.0,,,1
ppo_direct_gamma1,beijing_plain,2021,balanced,11.902927707253722,50.0,0.18181818181818182,-0.6393422084185544,-0.6393422084185544,0.8145535440800783,50.0,11.088374163173643,0.0,,,1
ppo_direct_gamma1,beijing_plain,2021,yield_max,11.875572213020407,50.0,0.23636363636363636,-0.07820237331646318,-0.07820237331646318,0.8246181308595981,50.0,11.050954082160809,0.0,,,1
ppo_direct_gamma1,beijing_plain,2021,water_min,11.860916845036963,50.0,0.045454545454545456,-1.1636415271844094,-1.1636415271844094,0.7996594871997932,50.0,11.06125735783717,0.0,,,1
ppo_direct_gamma1,beijing_plain,2021,cost_min,11.833698099750963,40.0,0.02727272727272727,-1.0222115153871978,-1.0222115153871978,0.7961003518919771,40.0,11.037597747858985,0.0,,,1
ppo_direct_gamma1,beijing_plain,2021,risk_min,12.213065190959941,120.0,0.08181818181818182,-0.5747719009165259,-0.5747719009165259,0.9177636302743167,80.0,11.295301560685624,40.0,,,1
ppo_direct_gamma1,beijing_plain,2021,yield_vs_water,11.877509772437673,50.0,0.19090909090909092,-0.3925311667190001,-0.3925311667190001,0.8107992837505159,50.0,11.066710488687157,0.0,,,1
ppo_direct_gamma1,beijing_plain,2021,water_vs_cost,11.833698099750963,40.0,0.03636363636363636,-0.89443373760942,-0.89443373760942,0.7961003518919771,40.0,11.037597747858985,0.0,,,1
ppo_direct_gamma1,beijing_plain,2022,balanced,14.379733179318187,70.0,0.08928571428571429,-0.7790482107725342,-0.7790482107725342,2.851446756399713,70.0,11.528286422918473,0.0,,,1
ppo_direct_gamma1,beijing_plain,2022,yield_max,14.459291546114407,110.0,0.125,-0.09278730069619046,-0.09278730069619046,2.992920553760425,80.0,11.466370992353983,30.0,,,1
ppo_direct_gamma1,beijing_plain,2022,water_min,14.384577325148113,70.0,0.08035714285714286,-1.5384488999895523,-1.5384488999895523,2.835307415922376,70.0,11.549269909225737,0.0,,,1
ppo_direct_gamma1,beijing_plain,2022,cost_min,14.420478827114344,70.0,0.07142857142857142,-1.6881580934682785,-1.6881580934682785,2.871208917888606,70.0,11.549269909225737,0.0,,,1
ppo_direct_gamma1,beijing_plain,2022,risk_min,14.863321537489526,340.0,0.22321428571428573,-1.702640960894582,-1.702640960894582,3.319678554491367,300.0,11.54364298299816,40.0,,,1
ppo_direct_gamma1,beijing_plain,2022,yield_vs_water,14.427449780627498,80.0,0.10714285714285714,-0.5816201878079852,-0.5816201878079852,2.8970943603849895,80.0,11.53035542024251,0.0,,,1
ppo_direct_gamma1,beijing_plain,2022,water_vs_cost,14.420478827114344,70.0,0.08035714285714286,-1.6006580934682784,-1.6006580934682784,2.871208917888606,70.0,11.549269909225737,0.0,,,1
ppo_direct_gamma1,hebei_central,2018,balanced,10.75082482889351,135.0,0.0625,-1.6574842033807675,-1.6574842033807675,4.161827821882556,10.0,6.588997007010954,125.0,,,1
ppo_direct_gamma1,hebei_central,2018,yield_max,10.499374922542593,140.0,0.09821428571428571,-0.5776197050850499,-0.5776197050850499,4.142422405371136,20.0,6.356952517171457,120.0,,,1
ppo_direct_gamma1,hebei_central,2018,water_min,10.552226395240364,130.0,0.0625,-2.616129612864029,-2.616129612864029,4.160672396274774,10.0,6.391553998965591,120.0,,,1
ppo_direct_gamma1,hebei_central,2018,cost_min,10.482769434637422,120.0,0.0625,-2.608772860073228,-2.608772860073228,4.112445803605742,0.0,6.370323631031681,120.0,,,1
ppo_direct_gamma1,hebei_central,2018,risk_min,11.688794490677964,320.0,0.14285714285714285,-1.6168906815890938,-1.6168906815890938,4.272081238519123,160.0,7.416713252158842,160.0,,,1
ppo_direct_gamma1,hebei_central,2018,yield_vs_water,10.753927623665149,135.0,0.0625,-1.40059599037719,-1.40059599037719,4.167560210683108,10.0,6.58636741298204,125.0,,,1
ppo_direct_gamma1,hebei_central,2018,water_vs_cost,10.482769434637422,120.0,0.0625,-2.825439526739895,-2.825439526739895,4.112445803605742,0.0,6.370323631031681,120.0,,,1
ppo_direct_gamma1,hebei_central,2019,balanced,14.261913380340097,410.0,0.21621621621621623,-4.935931604452622,-4.935931604452622,3.019634301474413,410.0,11.242279078865684,0.0,,,1
ppo_direct_gamma1,hebei_central,2019,yield_max,9.140453511811522,445.0,0.12612612612612611,-2.224405553507129,-2.224405553507129,2.970061932054392,405.0,6.17039157975713,40.0,,,1
ppo_direct_gamma1,hebei_central,2019,water_min,7.478559623053801,450.0,0.2702702702702703,-10.280693981438905,-10.280693981438905,2.9071977499421187,380.0,4.571361873111683,70.0,,,1
ppo_direct_gamma1,hebei_central,2019,cost_min,12.661988452583909,355.0,0.13513513513513514,-8.256936479434083,-8.256936479434083,2.5867683651051627,355.0,10.075220087478746,0.0,,,1
ppo_direct_gamma1,hebei_central,2019,risk_min,5.603504682663408,450.0,0.23423423423423423,-6.597696015730412,-6.597696015730412,3.166598553033999,420.0,2.436906129629408,30.0,,,1
ppo_direct_gamma1,hebei_central,2019,yield_vs_water,14.261356235121283,410.0,0.22522522522522523,-4.209910495332552,-4.209910495332552,3.0215719214894077,410.0,11.239784313631876,0.0,,,1
ppo_direct_gamma1,hebei_central,2019,water_vs_cost,13.842695578190144,365.0,0.17117117117117117,-8.520910166486617,-8.520910166486617,2.6029496958502354,365.0,11.239745882339909,0.0,,,1
ppo_direct_gamma1,hebei_central,2020,balanced,14.86772598688899,130.0,0.08108108108108109,-1.51469951848052,-1.51469951848052,4.053885524098419,110.0,10.813840462790571,20.0,,,1
ppo_direct_gamma1,hebei_central,2020,yield_max,15.241040173517284,140.0,0.0990990990990991,-0.14518963136498297,-0.14518963136498297,4.169178068276769,120.0,11.071862105240516,20.0,,,1
ppo_direct_gamma1,hebei_central,2020,water_min,14.97863334369182,170.0,0.12612612612612611,-3.553568102034925,-3.553568102034925,4.005401083626941,90.0,10.97323226006488,80.0,,,1
ppo_direct_gamma1,hebei_central,2020,cost_min,14.958162146585703,160.0,0.10810810810810811,-3.6122762833032143,-3.6122762833032143,3.981539363324065,80.0,10.976622783261638,80.0,,,1
ppo_direct_gamma1,hebei_central,2020,risk_min,15.589506303610687,200.0,0.14414414414414414,-0.9502017790970212,-0.9502017790970212,4.273575836135119,120.0,11.315930467475567,80.0,,,1
ppo_direct_gamma1,hebei_central,2020,yield_vs_water,14.911485659128523,130.0,0.09009009009009009,-1.088975872342627,-1.088975872342627,4.088377325172291,110.0,10.823108333956231,20.0,,,1
ppo_direct_gamma1,hebei_central,2020,water_vs_cost,14.958162146585703,160.0,0.10810810810810811,-3.701165172192104,-3.701165172192104,3.981539363324065,80.0,10.976622783261638,80.0,,,1
ppo_direct_gamma1,hebei_central,2021,balanced,13.9053804543856,130.0,0.13761467889908258,-1.5442320402921537,-1.5442320402921537,4.085539329649328,130.0,9.819841124736273,0.0,,,1
ppo_direct_gamma1,hebei_central,2021,yield_max,13.983705987238416,140.0,0.1559633027522936,-0.3079068299533818,-0.3079068299533818,4.15398799066464,130.0,9.829717996573775,10.0,,,1
ppo_direct_gamma1,hebei_central,2021,water_min,13.917441532626182,130.0,0.09174311926605505,-2.65021349890315,-2.65021349890315,4.131231722359792,130.0,9.78620981026639,0.0,,,1
ppo_direct_gamma1,hebei_central,2021,cost_min,13.915870963653791,120.0,0.06422018348623854,-2.64206197878,-2.64206197878,4.095860107900229,120.0,9.820010855753562,0.0,,,1
ppo_direct_gamma1,hebei_central,2021,risk_min,14.083702936460117,140.0,0.06422018348623854,-1.34553419448348,-1.34553419448348,4.223295689786652,140.0,9.860407246673466,0.0,,,1
ppo_direct_gamma1,hebei_central,2021,yield_vs_water,13.982483638984398,130.0,0.1559633027522936,-1.124536219675018,-1.124536219675018,4.157072702819008,130.0,9.82541093616539,0.0,,,1
ppo_direct_gamma1,hebei_central,2021,water_vs_cost,13.915870963653791,120.0,0.06422018348623854,-2.7587286454466664,-2.7587286454466664,4.095860107900229,120.0,9.820010855753562,0.0,,,1
ppo_direct_gamma1,hebei_central,2022,balanced,14.668488747772304,90.0,0.04504504504504504,-1.040310750096908,-1.040310750096908,4.407393866609358,70.0,10.261094881162947,20.0,,,1
ppo_direct_gamma1,hebei_central,2022,yield_max,15.980718384918617,120.0,0.05405405405405406,0.103283040502679,0.103283040502679,4.505269867031129,110.0,11.47544851788749,10.0,,,1
ppo_direct_gamma1,hebei_central,2022,water_min,14.695323111966417,70.0,0.04504504504504504,-1.5437225117949391,-1.5437225117949391,4.381395916832441,50.0,10.313927195133976,20.0,,,1
ppo_direct_gamma1,hebei_central,2022,cost_min,15.790136477511513,60.0,0.036036036036036036,-1.3088222586435572,-1.3088222586435572,4.353711038109714,60.0,11.436425439401798,0.0,,,1
ppo_direct_gamma1,hebei_central,2022,risk_min,16.434177971393744,320.0,0.3063063063063063,-1.5740083891239323,-1.5740083891239323,4.914901446896087,300.0,11.51927652449766,20.0,,,1
ppo_direct_gamma1,hebei_central,2022,yield_vs_water,14.648720758326862,90.0,0.05405405405405406,-0.6966922536418787,-0.6966922536418787,4.387641548531672,70.0,10.26107920979519,20.0,,,1
ppo_direct_gamma1,hebei_central,2022,water_vs_cost,14.678240843649695,70.0,0.04504504504504504,-1.605950055894841,-1.605950055894841,4.36167517984452,50.0,10.316565663805175,20.0,,,1
ppo_direct_gamma1,henan_north,2018,balanced,17.37313713159,30.0,0.05454545454545454,0.020238659566671813,0.020238659566671813,5.931042426075062,30.0,11.442094705514938,0.0,,,1
ppo_direct_gamma1,henan_north,2018,yield_max,17.459583586533867,60.0,0.09090909090909091,0.4844024531696861,0.4844024531696861,6.016617844704211,50.0,11.442965741829658,10.0,,,1
ppo_direct_gamma1,henan_north,2018,water_min,17.351105262474846,30.0,0.06363636363636363,-0.5834019854343271,-0.5834019854343271,5.90901055695991,30.0,11.442094705514938,0.0,,,1
ppo_direct_gamma1,henan_north,2018,cost_min,17.34967131114888,40.0,0.05454545454545454,-0.7471916122651623,-0.7471916122651623,5.9075766056339445,40.0,11.442094705514938,0.0,,,1
ppo_direct_gamma1,henan_north,2018,risk_min,17.67580078169606,80.0,0.1,-0.28771586525977577,-0.28771586525977577,6.234785701790003,60.0,11.441015079906059,20.0,,,1
ppo_direct_gamma1,henan_north,2018,yield_vs_water,17.44931076750767,50.0,0.05454545454545454,0.031074690432923102,0.031074690432923102,6.006345025678009,40.0,11.442965741829658,10.0,,,1
ppo_direct_gamma1,henan_north,2018,water_vs_cost,17.348839077822824,30.0,0.045454545454545456,-0.606983722732547,-0.606983722732547,5.906744372307885,30.0,11.442094705514938,0.0,,,1
ppo_direct_gamma1,henan_north,2019,balanced,3.972465018780337,240.0,0.0990990990990991,-3.5408046550079564,-3.5408046550079564,2.0148251533113863,220.0,1.9576398654689504,20.0,,,1
ppo_direct_gamma1,henan_north,2019,yield_max,3.972465018780337,240.0,0.10810810810810811,-1.6797414795972678,-1.6797414795972678,2.0148251533113863,220.0,1.9576398654689504,20.0,,,1
ppo_direct_gamma1,henan_north,2019,water_min,3.972465018780337,240.0,0.09009009009009009,-5.268534497085317,-5.268534497085317,2.0148251533113863,220.0,1.9576398654689504,20.0,,,1
ppo_direct_gamma1,henan_north,2019,cost_min,3.972465018780337,240.0,0.09009009009009009,-5.668534497085316,-5.668534497085316,2.0148251533113863,220.0,1.9576398654689504,20.0,,,1
ppo_direct_gamma1,henan_north,2019,risk_min,11.673063691376745,320.0,0.04504504504504504,-2.3206134855103495,-2.3206134855103495,2.8296721049310887,300.0,8.843391586445657,20.0,,,1
ppo_direct_gamma1,henan_north,2019,yield_vs_water,3.972465018780337,240.0,0.10810810810810811,-2.942672485426616,-2.942672485426616,2.0148251533113863,220.0,1.9576398654689504,20.0,,,1
ppo_direct_gamma1,henan_north,2019,water_vs_cost,3.972465018780337,240.0,0.09009009009009009,-5.70186783041865,-5.70186783041865,2.0148251533113863,220.0,1.9576398654689504,20.0,,,1
ppo_direct_gamma1,henan_north,2020,balanced,17.4575974650354,120.0,0.07339449541284404,-1.3561692497951805,-1.3561692497951805,6.704390665354254,70.0,10.753206799681145,50.0,,,1
ppo_direct_gamma1,henan_north,2020,yield_max,17.443125483710382,110.0,0.10091743119266056,0.04779150365902396,0.04779150365902396,6.76670409239792,60.0,10.676421391312463,50.0,,,1
ppo_direct_gamma1,henan_north,2020,water_min,17.306134598770512,110.0,0.07339449541284404,-2.3008006912861623,-2.3008006912861623,6.67159893449394,50.0,10.634535664276573,60.0,,,1
ppo_direct_gamma1,henan_north,2020,cost_min,17.34273259784442,120.0,0.07339449541284404,-2.4978763905127637,-2.4978763905127637,6.7211012528325345,60.0,10.621631345011886,60.0,,,1
ppo_direct_gamma1,henan_north,2020,risk_min,18.099634752120842,365.0,0.29357798165137616,-1.7798362757181578,-1.7798362757181578,7.284490831345478,280.0,10.815143920775364,85.0,,,1
ppo_direct_gamma1,henan_north,2020,yield_vs_water,17.435362537186652,110.0,0.08256880733944955,-0.7296398137813984,-0.7296398137813984,6.762667202501402,60.0,10.672695334685251,50.0,,,1
ppo_direct_gamma1,henan_north,2020,water_vs_cost,17.306134598770512,110.0,0.06422018348623854,-2.5021895801750507,-2.5021895801750507,6.67159893449394,50.0,10.634535664276573,60.0,,,1
ppo_direct_gamma1,henan_north,2021,balanced,10.763442881296235,90.0,0.11926605504587157,-1.2563126865474703,-1.2563126865474703,2.5493764234959992,90.0,8.214066457800236,0.0,,,1
ppo_direct_gamma1,henan_north,2021,yield_max,12.914042327766966,100.0,0.1743119266055046,-0.40630736050680005,-0.40630736050680005,2.5718293875280764,90.0,10.34221294023889,10.0,,,1
ppo_direct_gamma1,henan_north,2021,water_min,10.747619332264772,80.0,0.08256880733944955,-1.865273395185818,-1.865273395185818,2.5123536188671447,80.0,8.235265713397627,0.0,,,1
ppo_direct_gamma1,henan_north,2021,cost_min,10.747619332264772,80.0,0.06422018348623854,-1.998606728519158,-1.998606728519158,2.5123536188671447,80.0,8.235265713397627,0.0,,,1
ppo_direct_gamma1,henan_north,2021,risk_min,11.183311256390258,140.0,0.09174311926605505,-1.3774131413450308,-1.3774131413450308,2.830584505208268,120.0,8.35272675118199,20.0,,,1
ppo_direct_gamma1,henan_north,2021,yield_vs_water,12.914321039323921,90.0,0.14678899082568808,-0.847350282468216,-0.847350282468216,2.5718293875280764,90.0,10.342491651795845,0.0,,,1
ppo_direct_gamma1,henan_north,2021,water_vs_cost,10.747619332264772,80.0,0.06422018348623854,-1.843051172963596,-1.843051172963596,2.5123536188671447,80.0,8.235265713397627,0.0,,,1
ppo_direct_gamma1,henan_north,2022,balanced,17.913290704075045,110.0,0.08108108108108109,-1.0954331444636058,-1.0954331444636058,6.3625423652564805,110.0,11.550748338818565,0.0,,,1
ppo_direct_gamma1,henan_north,2022,yield_max,17.511295178726623,170.0,0.08108108108108109,-0.2512912067048745,-0.2512912067048745,6.569397467935404,120.0,10.94189771079122,50.0,,,1
ppo_direct_gamma1,henan_north,2022,water_min,17.94561083809242,110.0,0.08108108108108109,-2.297667531548252,-2.297667531548252,6.395944742523271,110.0,11.549666095569151,0.0,,,1
ppo_direct_gamma1,henan_north,2022,cost_min,17.174549905149995,140.0,0.06306306306306306,-3.2728529538978437,-3.2728529538978437,6.430328071415084,100.0,10.74422183373491,40.0,,,1
ppo_direct_gamma1,henan_north,2022,risk_min,18.78722428746684,450.0,0.26126126126126126,-2.2323195154510818,-2.2323195154510818,7.2215427270743024,260.0,11.565681560392541,190.0,,,1
ppo_direct_gamma1,henan_north,2022,yield_vs_water,18.002423817974208,120.0,0.0990990990990991,-0.776377610215228,-0.776377610215228,6.455791634045373,120.0,11.546632183928836,0.0,,,1
ppo_direct_gamma1,henan_north,2022,water_vs_cost,17.174549905149995,140.0,0.07207207207207207,-3.225630731675622,-3.225630731675622,6.430328071415084,100.0,10.74422183373491,40.0,,,1
ppo_direct_gamma1,shaanxi_guanzhong,2018,balanced,13.963430639100146,110.0,0.08333333333333333,-1.1684149164737896,-1.1684149164737896,4.64986120386478,10.0,9.313569435235365,100.0,,,1
ppo_direct_gamma1,shaanxi_guanzhong,2018,yield_max,14.111072912606485,155.0,0.14814814814814814,-0.16901564682935666,-0.16901564682935666,4.65134093175602,30.0,9.459731980850464,125.0,,,1
ppo_direct_gamma1,shaanxi_guanzhong,2018,water_min,13.833930057373705,105.0,0.07407407407407407,-2.1325193515588836,-2.1325193515588836,4.648332329724559,0.0,9.185597727649146,105.0,,,1
ppo_direct_gamma1,shaanxi_guanzhong,2018,cost_min,13.961901659507928,100.0,0.05555555555555555,-2.1997644599834567,-2.1997644599834567,4.648332329724559,0.0,9.31356932978337,100.0,,,1
ppo_direct_gamma1,shaanxi_guanzhong,2018,risk_min,14.299635674400953,160.0,0.35185185185185186,-1.4469004641190206,-1.4469004641190206,4.650867865534255,40.0,9.6487678088667,120.0,,,1
ppo_direct_gamma1,shaanxi_guanzhong,2018,yield_vs_water,14.063901948226263,120.0,0.10185185185185185,-0.8875723244287563,-0.8875723244287563,4.64986120386478,10.0,9.414040744361484,110.0,,,1
ppo_direct_gamma1,shaanxi_guanzhong,2018,water_vs_cost,13.965195190731592,110.0,0.05555555555555555,-2.542774326128353,-2.542774326128353,4.6514138525628,10.0,9.313781338168791,100.0,,,1
ppo_direct_gamma1,shaanxi_guanzhong,2019,balanced,11.580441441568476,105.0,0.11009174311926606,-1.5294399319875818,-1.5294399319875818,1.1483374151742907,40.0,10.432104026394185,65.0,,,1
ppo_direct_gamma1,shaanxi_guanzhong,2019,yield_max,11.502009406709467,120.0,0.11926605504587157,-0.6453146386704434,-0.6453146386704434,1.1980960905523814,50.0,10.303913316157086,70.0,,,1
ppo_direct_gamma1,shaanxi_guanzhong,2019,water_min,11.580441441568476,105.0,0.06422018348623854,-2.46742942744134,-2.46742942744134,1.1483374151742907,40.0,10.432104026394185,65.0,,,1
ppo_direct_gamma1,shaanxi_guanzhong,2019,cost_min,11.455971775015229,100.0,0.06422018348623854,-2.536333234942453,-2.536333234942453,1.1483374151742907,40.0,10.307634359840938,60.0,,,1
ppo_direct_gamma1,shaanxi_guanzhong,2019,risk_min,12.854683123285175,260.0,0.12844036697247707,-1.2994219229746482,-1.2994219229746482,2.2172264174492287,160.0,10.637456705835946,100.0,,,1
ppo_direct_gamma1,shaanxi_guanzhong,2019,yield_vs_water,11.498888405123537,110.0,0.11009174311926606,-1.1617674976719865,-1.1617674976719865,1.2070962143990553,50.0,10.291792190724482,60.0,,,1
ppo_direct_gamma1,shaanxi_guanzhong,2019,water_vs_cost,11.580441441568476,105.0,0.06422018348623854,-2.4222905385524522,-2.4222905385524522,1.1483374151742907,40.0,10.432104026394185,65.0,,,1
ppo_direct_gamma1,shaanxi_guanzhong,2020,balanced,16.009054000482216,10.0,0.07476635514018691,0.31117822253801053,0.31117822253801053,4.802674656539925,10.0,11.20637934394229,0.0,,,1
ppo_direct_gamma1,shaanxi_guanzhong,2020,yield_max,16.125660339017006,40.0,0.205607476635514,0.5665013905835576,0.5665013905835576,4.816289952520413,30.0,11.309370386496592,10.0,,,1
ppo_direct_gamma1,shaanxi_guanzhong,2020,water_min,16.046599096217584,20.0,0.028037383177570093,-0.2918347107723448,-0.2918347107723448,4.8428968843395666,20.0,11.203702211878017,0.0,,,1
ppo_direct_gamma1,shaanxi_guanzhong,2020,cost_min,15.962353251499461,0.0,0.018691588785046728,0.11266341834434652,0.11266341834434652,4.755989944168926,0.0,11.206363307330536,0.0,,,1
ppo_direct_gamma1,shaanxi_guanzhong,2020,risk_min,16.122901500816962,60.0,0.2803738317757009,-0.20218788400335166,-0.20218788400335166,4.922357564184982,60.0,11.20054393663198,0.0,,,1
ppo_direct_gamma1,shaanxi_guanzhong,2020,yield_vs_water,16.00465265721307,30.0,0.06542056074766354,0.21586474875501493,0.21586474875501493,4.802674656539925,20.0,11.201978000673146,10.0,,,1
ppo_direct_gamma1,shaanxi_guanzhong,2020,water_vs_cost,16.018412371232664,10.0,0.009345794392523364,-0.14918197882242157,-0.14918197882242157,4.812033027290372,10.0,11.20637934394229,0.0,,,1
ppo_direct_gamma1,shaanxi_guanzhong,2021,balanced,16.82675308548887,10.0,0.08333333333333333,0.34595192412169923,0.34595192412169923,5.292437732830342,10.0,11.53431535265853,0.0,,,1
ppo_direct_gamma1,shaanxi_guanzhong,2021,yield_max,16.826249571039625,40.0,0.1111111111111111,0.6199674517252082,0.6199674517252082,5.292409618767744,30.0,11.53383995227188,10.0,,,1
ppo_direct_gamma1,shaanxi_guanzhong,2021,water_min,16.826809753102594,0.0,0.05555555555555555,0.12190545723443041,0.12190545723443041,5.292494400444067,0.0,11.53431535265853,0.0,,,1
ppo_direct_gamma1,shaanxi_guanzhong,2021,cost_min,16.826809753102594,10.0,0.046296296296296294,-0.1364278760989029,-0.1364278760989029,5.292494400444067,10.0,11.53431535265853,0.0,,,1
ppo_direct_gamma1,shaanxi_guanzhong,2021,risk_min,16.826724971426273,80.0,0.4351851851851852,-0.3003179761545965,-0.3003179761545965,5.292409618767744,80.0,11.53431535265853,0.0,,,1
ppo_direct_gamma1,shaanxi_guanzhong,2021,yield_vs_water,16.82677802087391,10.0,0.12037037037037036,0.4928583529177218,0.4928583529177218,5.2924626682153795,10.0,11.53431535265853,0.0,,,1
ppo_direct_gamma1,shaanxi_guanzhong,2021,water_vs_cost,16.82673645905472,10.0,0.05555555555555555,-0.14059558982339637,-0.14059558982339637,5.292421106396194,10.0,11.53431535265853,0.0,,,1
ppo_direct_gamma1,shaanxi_guanzhong,2022,balanced,12.27472368438454,30.0,0.01834862385321101,-0.08346544975212444,-0.08346544975212444,4.929889295916342,10.0,7.344834388468199,20.0,,,1
ppo_direct_gamma1,shaanxi_guanzhong,2022,yield_max,12.264904061497907,40.0,0.1559633027522936,0.3359828144239,0.3359828144239,4.929876805709852,20.0,7.335027255788055,20.0,,,1
ppo_direct_gamma1,shaanxi_guanzhong,2022,water_min,12.28392233151687,30.0,0.01834862385321101,-0.5339814403437756,-0.5339814403437756,4.929881986427207,10.0,7.354040345089662,20.0,,,1
ppo_direct_gamma1,shaanxi_guanzhong,2022,cost_min,12.28392233151687,30.0,0.01834862385321101,-0.6173147736771089,-0.6173147736771089,4.929881986427207,10.0,7.354040345089662,20.0,,,1
ppo_direct_gamma1,shaanxi_guanzhong,2022,risk_min,13.595083449379747,180.0,0.30275229357798167,-0.8586993863083939,-0.8586993863083939,4.9298633072696285,160.0,8.665220142110117,20.0,,,1
ppo_direct_gamma1,shaanxi_guanzhong,2022,yield_vs_water,12.27472368438454,30.0,0.027522935779816515,0.054695965587623796,0.054695965587623796,4.929889295916342,10.0,7.344834388468199,20.0,,,1
ppo_direct_gamma1,shaanxi_guanzhong,2022,water_vs_cost,12.28392233151687,30.0,0.01834862385321101,-0.6575925514548867,-0.6575925514548867,4.929881986427207,10.0,7.354040345089662,20.0,,,1
ppo_direct_gamma1,ningxia_irrigation,2018,balanced,6.346806283015375,240.0,0.3409090909090909,-3.0321277922394723,-3.0321277922394723,,,,,6.346806283015375,240.0,1
ppo_direct_gamma1,ningxia_irrigation,2018,yield_max,7.215550084508166,230.0,0.3181818181818182,-0.9955754796317169,-0.9955754796317169,,,,,7.215550084508166,230.0,1
ppo_direct_gamma1,ningxia_irrigation,2018,water_min,6.346806283015375,240.0,0.3181818181818182,-4.841365281393197,-4.841365281393197,,,,,6.346806283015375,240.0,1
ppo_direct_gamma1,ningxia_irrigation,2018,cost_min,6.346806283015375,240.0,0.2727272727272727,-5.241365281393197,-5.241365281393197,,,,,6.346806283015375,240.0,1
ppo_direct_gamma1,ningxia_irrigation,2018,risk_min,10.631081259646583,285.0,0.29545454545454547,-3.536045921477511,-3.536045921477511,,,,,10.631081259646583,285.0,1
ppo_direct_gamma1,ningxia_irrigation,2018,yield_vs_water,5.646594030840249,225.0,0.3181818181818182,-2.560425533764394,-2.560425533764394,,,,,5.646594030840249,225.0,1
ppo_direct_gamma1,ningxia_irrigation,2018,water_vs_cost,6.346806283015375,240.0,0.29545454545454547,-5.674698614726531,-5.674698614726531,,,,,6.346806283015375,240.0,1
ppo_direct_gamma1,ningxia_irrigation,2019,balanced,8.359148224963162,305.0,0.38636363636363635,-4.21005312022226,-4.21005312022226,,,,,8.359148224963162,305.0,1
ppo_direct_gamma1,ningxia_irrigation,2019,yield_max,9.050052846161156,330.0,0.3409090909090909,-1.82821929468545,-1.82821929468545,,,,,9.050052846161156,330.0,1
ppo_direct_gamma1,ningxia_irrigation,2019,water_min,8.571851517481253,315.0,0.38636363636363635,-6.470660364806543,-6.470660364806543,,,,,8.571851517481253,315.0,1
ppo_direct_gamma1,ningxia_irrigation,2019,cost_min,8.359148224963162,305.0,0.3409090909090909,-6.882027168944454,-6.882027168944454,,,,,8.359148224963162,305.0,1
ppo_direct_gamma1,ningxia_irrigation,2019,risk_min,10.633877509801362,450.0,0.4318181818181818,-2.3056689201605427,-2.3056689201605427,,,,,10.633877509801362,450.0,1
ppo_direct_gamma1,ningxia_irrigation,2019,yield_vs_water,8.359148224963162,305.0,0.38636363636363635,-3.6143025113889347,-3.6143025113889347,,,,,8.359148224963162,305.0,1
ppo_direct_gamma1,ningxia_irrigation,2019,water_vs_cost,8.359148224963162,305.0,0.36363636363636365,-7.239666057833344,-7.239666057833344,,,,,8.359148224963162,305.0,1
ppo_direct_gamma1,ningxia_irrigation,2020,balanced,7.743083313725631,410.0,0.4318181818181818,-5.376781751155995,-5.376781751155995,,,,,7.743083313725631,410.0,1
ppo_direct_gamma1,ningxia_irrigation,2020,yield_max,7.533953501415896,425.0,0.4318181818181818,-2.1436560324354987,-2.1436560324354987,,,,,7.533953501415896,425.0,1
ppo_direct_gamma1,ningxia_irrigation,2020,water_min,7.776583287970161,415.0,0.4090909090909091,-8.459863293466812,-8.459863293466812,,,,,7.776583287970161,415.0,1
ppo_direct_gamma1,ningxia_irrigation,2020,cost_min,7.5724343201608475,410.0,0.4318181818181818,-9.023814103532448,-9.023814103532448,,,,,7.5724343201608475,410.0,1
ppo_direct_gamma1,ningxia_irrigation,2020,risk_min,9.309383116725318,450.0,0.38636363636363635,-3.024974578796648,-3.024974578796648,,,,,9.309383116725318,450.0,1
ppo_direct_gamma1,ningxia_irrigation,2020,yield_vs_water,6.720369888801228,400.0,0.4090909090909091,-4.454757428232102,-4.454757428232102,,,,,6.720369888801228,400.0,1
ppo_direct_gamma1,ningxia_irrigation,2020,water_vs_cost,7.639754921266238,410.0,0.4318181818181818,-9.62776899624994,-9.62776899624994,,,,,7.639754921266238,410.0,1
ppo_direct_gamma1,ningxia_irrigation,2021,balanced,0.0,0.0,0.022727272727272728,-0.08607043041529906,-0.08607043041529906,,,,,0.0,0.0,1
ppo_direct_gamma1,ningxia_irrigation,2021,yield_max,0.0,0.0,0.022727272727272728,-0.15062325322677333,-0.15062325322677333,,,,,0.0,0.0,1
ppo_direct_gamma1,ningxia_irrigation,2021,water_min,0.0,0.0,0.0,-0.021517607603824766,-0.021517607603824766,,,,,0.0,0.0,1
ppo_direct_gamma1,ningxia_irrigation,2021,cost_min,0.0,0.0,0.0,-0.021517607603824766,-0.021517607603824766,,,,,0.0,0.0,1
ppo_direct_gamma1,ningxia_irrigation,2021,risk_min,0.0,0.0,0.022727272727272728,-0.021517607603824766,-0.021517607603824766,,,,,0.0,0.0,1
ppo_direct_gamma1,ningxia_irrigation,2021,yield_vs_water,0.0,0.0,0.0,-0.10758803801912381,-0.10758803801912381,,,,,0.0,0.0,1
ppo_direct_gamma1,ningxia_irrigation,2021,water_vs_cost,0.0,0.0,0.0,-0.021517607603824766,-0.021517607603824766,,,,,0.0,0.0,1
ppo_direct_gamma1,ningxia_irrigation,2022,balanced,10.985728237731713,365.0,0.36363636363636365,-4.900951265124449,-4.900951265124449,,,,,10.985728237731713,365.0,1
ppo_direct_gamma1,ningxia_irrigation,2022,yield_max,12.124204081728198,395.0,0.4090909090909091,-1.8208321217053811,-1.8208321217053811,,,,,12.124204081728198,395.0,1
ppo_direct_gamma1,ningxia_irrigation,2022,water_min,10.735985170219015,330.0,0.36363636363636365,-6.931166779962958,-6.931166779962958,,,,,10.735985170219015,330.0,1
ppo_direct_gamma1,ningxia_irrigation,2022,cost_min,10.721961241388763,325.0,0.36363636363636365,-7.357528941650814,-7.357528941650814,,,,,10.721961241388763,325.0,1
ppo_direct_gamma1,ningxia_irrigation,2022,risk_min,12.64596163833974,450.0,0.45454545454545453,-2.3027779165442808,-2.3027779165442808,,,,,12.64596163833974,450.0,1
ppo_direct_gamma1,ningxia_irrigation,2022,yield_vs_water,10.985728237731713,365.0,0.36363636363636365,-4.040425192516678,-4.040425192516678,,,,,10.985728237731713,365.0,1
ppo_direct_gamma1,ningxia_irrigation,2022,water_vs_cost,10.721961241388763,325.0,0.36363636363636365,-7.651278941650815,-7.651278941650815,,,,,10.721961241388763,325.0,1
ppo_direct_gamma1,beijing_plain,2018,balanced,10.612340096423985,105.0,0.09821428571428571,-1.1519921004939246,-1.1519921004939246,2.8234095406607436,80.0,7.7889305557632404,25.0,,,2
ppo_direct_gamma1,beijing_plain,2018,yield_max,10.677137907357753,175.0,0.09821428571428571,-0.5374065269638335,-0.5374065269638335,2.881627480661568,130.0,7.795510426696185,45.0,,,2
ppo_direct_gamma1,beijing_plain,2018,water_min,13.435753193967084,140.0,0.125,-2.786478054409961,-2.786478054409961,2.716414740807711,20.0,10.719338453159374,120.0,,,2
ppo_direct_gamma1,beijing_plain,2018,cost_min,10.543207215805609,75.0,0.08035714285714286,-1.6905106494722815,-1.6905106494722815,2.758022485377558,55.0,7.78518473042805,20.0,,,2
ppo_direct_gamma1,beijing_plain,2018,risk_min,12.924769235220825,340.0,0.3125,-1.6984706873760451,-1.6984706873760451,2.9625013079535356,225.0,9.96226792726729,115.0,,,2
ppo_direct_gamma1,beijing_plain,2018,yield_vs_water,13.11458908525203,190.0,0.14285714285714285,-1.784534046913015,-1.784534046913015,2.7981049425091116,65.0,10.316484142742919,125.0,,,2
ppo_direct_gamma1,beijing_plain,2018,water_vs_cost,11.957595899301584,210.0,0.125,-4.997306722456103,-4.997306722456103,2.7481528804354403,30.0,9.209443018866144,180.0,,,2
ppo_direct_gamma1,beijing_plain,2019,balanced,9.845815087235607,450.0,0.2909090909090909,-6.993126961335168,-6.993126961335168,1.4827465108225644,375.0,8.363068576413044,75.0,,,2
ppo_direct_gamma1,beijing_plain,2019,yield_max,10.15413277277031,450.0,0.33636363636363636,-3.9352348918305085,-3.9352348918305085,1.816457549891739,375.0,8.337675222878572,75.0,,,2
ppo_direct_gamma1,beijing_plain,2019,water_min,9.71834563542006,450.0,0.2727272727272727,-9.918751717073631,-9.918751717073631,1.5154446214911184,390.0,8.202901013928942,60.0,,,2
ppo_direct_gamma1,beijing_plain,2019,cost_min,9.839401659838355,450.0,0.32727272727272727,-10.683387733128598,-10.683387733128598,1.4781669712180314,385.0,8.361234688620323,65.0,,,2
ppo_direct_gamma1,beijing_plain,2019,risk_min,8.723937944842266,440.0,0.19090909090909092,-2.244453915948419,-2.244453915948419,1.5571493921229638,390.0,7.166788552719302,50.0,,,2
ppo_direct_gamma1,beijing_plain,2019,yield_vs_water,10.037044991474366,450.0,0.2727272727272727,-6.055990010060839,-6.055990010060839,1.4318125773346304,370.0,8.605232414139735,80.0,,,2
ppo_direct_gamma1,beijing_plain,2019,water_vs_cost,9.71834563542006,450.0,0.2727272727272727,-10.800696161518072,-10.800696161518072,1.5154446214911184,390.0,8.202901013928942,60.0,,,2
ppo_direct_gamma1,beijing_plain,2020,balanced,8.068202535504577,220.0,0.1,-3.1736158172927977,-3.1736158172927977,0.9345747189053754,100.0,7.133627816599201,120.0,,,2
ppo_direct_gamma1,beijing_plain,2020,yield_max,13.279006084706003,260.0,0.1,-0.8319678761728058,-0.8319678761728058,2.0319284417353427,220.0,11.24707764297066,40.0,,,2
ppo_direct_gamma1,beijing_plain,2020,water_min,7.866964107613768,175.0,0.09090909090909091,-3.829249350864598,-3.829249350864598,0.7290387806573464,55.0,7.137925326956422,120.0,,,2
ppo_direct_gamma1,beijing_plain,2020,cost_min,5.273192671854641,155.0,0.07272727272727272,-3.799032847257042,-3.799032847257042,0.847316738556171,95.0,4.42587593329847,60.0,,,2
ppo_direct_gamma1,beijing_plain,2020,risk_min,12.54153448093927,260.0,0.11818181818181818,-1.2860686519901663,-1.2860686519901663,1.420157016374679,210.0,11.12137746456459,50.0,,,2
ppo_direct_gamma1,beijing_plain,2020,yield_vs_water,4.948887911992216,155.0,0.07272727272727272,-1.881849183136557,-1.881849183136557,0.9790412858602796,95.0,3.969846626131936,60.0,,,2
ppo_direct_gamma1,beijing_plain,2020,water_vs_cost,11.06501590781341,175.0,0.10909090909090909,-4.11898375524684,-4.11898375524684,0.791229874874557,55.0,10.273786032938853,120.0,,,2
ppo_direct_gamma1,beijing_plain,2021,balanced,12.434865914599682,125.0,0.09090909090909091,-1.5777224044327691,-1.5777224044327691,1.1635132244066473,80.0,11.271352690193034,45.0,,,2
ppo_direct_gamma1,beijing_plain,2021,yield_max,13.092659052827267,190.0,0.2909090909090909,-0.7917868323769005,-0.7917868323769005,1.6814357590730744,165.0,11.411223293754192,25.0,,,2
ppo_direct_gamma1,beijing_plain,2021,water_min,12.371714698545887,110.0,0.05454545454545454,-2.3751461505357727,-2.3751461505357727,0.9316913384587215,50.0,11.440023360087165,60.0,,,2
ppo_direct_gamma1,beijing_plain,2021,cost_min,11.869740362725555,65.0,0.2909090909090909,-1.628465559129427,-1.628465559129427,0.9037081369166142,65.0,10.96603222580894,0.0,,,2
ppo_direct_gamma1,beijing_plain,2021,risk_min,13.38523657867604,270.0,0.3090909090909091,-2.0231013649355534,-2.0231013649355534,1.9581782423230818,200.0,11.427058336352957,70.0,,,2
ppo_direct_gamma1,beijing_plain,2021,yield_vs_water,11.29201603405715,125.0,0.045454545454545456,-1.2605873989737417,-1.2605873989737417,1.142814775801665,100.0,10.149201258255486,25.0,,,2
ppo_direct_gamma1,beijing_plain,2021,water_vs_cost,11.956198159205476,60.0,0.2727272727272727,-1.4178048338229707,-1.4178048338229707,0.8794442308416988,60.0,11.076753928363777,0.0,,,2
ppo_direct_gamma1,beijing_plain,2022,balanced,14.604456816297999,150.0,0.14285714285714285,-1.5912803379025164,-1.5912803379025164,3.0519430055798704,130.0,11.552513810718128,20.0,,,2
ppo_direct_gamma1,beijing_plain,2022,yield_max,14.764626871881276,255.0,0.3125,-0.7014046149157105,-0.7014046149157105,3.2127990244481377,215.0,11.551827847433138,40.0,,,2
ppo_direct_gamma1,beijing_plain,2022,water_min,14.403582535633113,90.0,0.10714285714285714,-1.9548957090136758,-1.9548957090136758,2.854312626407375,80.0,11.549269909225737,10.0,,,2
ppo_direct_gamma1,beijing_plain,2022,cost_min,14.465096001386367,105.0,0.125,-2.5304568356158192,-2.5304568356158192,2.913980652630813,95.0,11.551115348755555,10.0,,,2
ppo_direct_gamma1,beijing_plain,2022,risk_min,14.834301049404914,320.0,0.5892857142857143,-1.6084557100021808,-1.6084557100021808,3.282399578432689,270.0,11.551901470972224,50.0,,,2
ppo_direct_gamma1,beijing_plain,2022,yield_vs_water,14.553185847540309,135.0,0.10714285714285714,-1.0909415899389556,-1.0909415899389556,3.035233772530509,115.0,11.5179520750098,20.0,,,2
ppo_direct_gamma1,beijing_plain,2022,water_vs_cost,14.408989728792958,90.0,0.0625,-2.1252536481279503,-2.1252536481279503,2.9403153298941227,70.0,11.468674398898836,20.0,,,2
ppo_direct_gamma1,hebei_central,2018,balanced,11.38616711733281,195.0,0.09821428571428571,-2.5238744583648622,-2.5238744583648622,4.197145766565567,55.0,7.189021350767244,140.0,,,2
ppo_direct_gamma1,hebei_central,2018,yield_max,10.57290928900803,280.0,0.23214285714285715,-1.040446369323012,-1.040446369323012,4.272635399031358,140.0,6.300273889976671,140.0,,,2
ppo_direct_gamma1,hebei_central,2018,water_min,10.523618242569501,140.0,0.07142857142857142,-2.825172717683916,-2.825172717683916,4.178875658917509,20.0,6.344742583651992,120.0,,,2
ppo_direct_gamma1,hebei_central,2018,cost_min,10.49633064221479,140.0,0.08035714285714286,-3.12539979591496,-3.12539979591496,4.139001631317656,20.0,6.357329010897134,120.0,,,2
ppo_direct_gamma1,hebei_central,2018,risk_min,9.77248346708615,330.0,0.48214285714285715,-1.7469164656241387,-1.7469164656241387,4.272016232937576,215.0,5.500467234148575,115.0,,,2
ppo_direct_gamma1,hebei_central,2018,yield_vs_water,11.381221759902864,195.0,0.09821428571428571,-2.113001296019135,-2.113001296019135,4.19225938569836,55.0,7.188962374204503,140.0,,,2
ppo_direct_gamma1,hebei_central,2018,water_vs_cost,10.523618242569501,140.0,0.0625,-3.3501727176839156,-3.3501727176839156,4.178875658917509,20.0,6.344742583651992,120.0,,,2
ppo_direct_gamma1,hebei_central,2019,balanced,7.4097067904462195,450.0,0.3063063063063063,-7.331619967216348,-7.331619967216348,2.8435175545479474,380.0,4.566189235898272,70.0,,,2
ppo_direct_gamma1,hebei_central,2019,yield_max,5.832305943583409,450.0,0.2972972972972973,-3.244787364287136,-3.244787364287136,2.581793222373154,395.0,3.2505127212102547,55.0,,,2
ppo_direct_gamma1,hebei_central,2019,water_min,13.391490909047576,390.0,0.1891891891891892,-8.331709227982577,-8.331709227982577,2.79467701356079,380.0,10.596813895486786,10.0,,,2
ppo_direct_gamma1,hebei_central,2019,cost_min,10.950790465250954,390.0,0.18018018018018017,-9.16943726516393,-9.16943726516393,2.7606562197231908,380.0,8.190134245527764,10.0,,,2
ppo_direct_gamma1,hebei_central,2019,risk_min,13.929118460661321,450.0,0.25225225225225223,-2.241106427614604,-2.241106427614604,2.550793029561563,400.0,11.378325431099759,50.0,,,2
ppo_direct_gamma1,hebei_central,2019,yield_vs_water,8.002885140397868,450.0,0.24324324324324326,-6.095759477480779,-6.095759477480779,2.7618225906200866,370.0,5.241062549777783,80.0,,,2
ppo_direct_gamma1,hebei_central,2019,water_vs_cost,13.391490909047576,390.0,0.18018018018018017,-9.205320339093689,-9.205320339093689,2.79467701356079,380.0,10.596813895486786,10.0,,,2
ppo_direct_gamma1,hebei_central,2020,balanced,15.658468634111795,150.0,0.08108108108108109,-1.7225699305313515,-1.7225699305313515,4.242311896819655,125.0,11.416156737292141,25.0,,,2
ppo_direct_gamma1,hebei_central,2020,yield_max,14.855530717661427,225.0,0.08108108108108109,-0.4726770200938928,-0.4726770200938928,4.494187329442147,160.0,10.36134338821928,65.0,,,2
ppo_direct_gamma1,hebei_central,2020,water_min,15.035173267553994,170.0,0.09009009009009009,-3.5529592804955716,-3.5529592804955716,4.061021445804517,90.0,10.974151821749476,80.0,,,2
ppo_direct_gamma1,hebei_central,2020,cost_min,15.138999703872587,185.0,0.16216216216216217,-4.116933409108248,-4.116933409108248,4.15635249784496,105.0,10.982647206027627,80.0,,,2
ppo_direct_gamma1,hebei_central,2020,risk_min,15.93540051855781,220.0,0.2072072072072072,-1.0407118882276758,-1.0407118882276758,4.485013252188964,170.0,11.450387266368844,50.0,,,2
ppo_direct_gamma1,hebei_central,2020,yield_vs_water,15.63747108139929,145.0,0.07207207207207207,-1.1203182348547807,-1.1203182348547807,4.235078286024483,125.0,11.402392795374809,20.0,,,2
ppo_direct_gamma1,hebei_central,2020,water_vs_cost,15.02699821484304,180.0,0.0990990990990991,-4.225203636622654,-4.225203636622654,4.0533346687303675,100.0,10.973663546112673,80.0,,,2
ppo_direct_gamma1,hebei_central,2021,balanced,14.909787856680946,170.0,0.09174311926605505,-1.90741065905515,-1.90741065905515,4.178344009285677,150.0,10.73144384739527,20.0,,,2
ppo_direct_gamma1,hebei_central,2021,yield_max,14.986772390089197,205.0,0.1559633027522936,-0.459308878072781,-0.459308878072781,4.309563351052297,165.0,10.6772090390369,40.0,,,2
ppo_direct_gamma1,hebei_central,2021,water_min,13.821668724050395,130.0,0.13761467889908258,-2.862605097486542,-2.862605097486542,4.045088426767034,120.0,9.776580297283362,10.0,,,2
ppo_direct_gamma1,hebei_central,2021,cost_min,13.991338663718789,145.0,0.13761467889908258,-3.425976088338011,-3.425976088338011,4.167189878622664,135.0,9.824148785096126,10.0,,,2
ppo_direct_gamma1,hebei_central,2021,risk_min,15.430721551821534,250.0,0.2018348623853211,-1.185735140629507,-1.185735140629507,4.569199913060096,200.0,10.861521638761438,50.0,,,2
ppo_direct_gamma1,hebei_central,2021,yield_vs_water,14.953979748004457,170.0,0.10091743119266056,-1.4796265269776256,-1.4796265269776256,4.212916137897165,150.0,10.741063610107293,20.0,,,2
ppo_direct_gamma1,hebei_central,2021,water_vs_cost,13.814606949400593,130.0,0.11926605504587157,-3.07237968660657,-3.07237968660657,4.028400640188801,120.0,9.786206309211792,10.0,,,2
ppo_direct_gamma1,hebei_central,2022,balanced,15.987878465410192,125.0,0.06306306306306306,-1.1870121657728694,-1.1870121657728694,4.454716693194806,105.0,11.533161772215387,20.0,,,2
ppo_direct_gamma1,hebei_central,2022,yield_max,16.158649488223045,195.0,0.38738738738738737,-0.23751406909135286,-0.23751406909135286,4.640916731016267,155.0,11.517732757206778,40.0,,,2
ppo_direct_gamma1,hebei_central,2022,water_min,14.71265588817063,80.0,0.06306306306306306,-1.7509682615958224,-1.7509682615958224,4.393456828850819,60.0,10.31919905931981,20.0,,,2
ppo_direct_gamma1,hebei_central,2022,cost_min,16.008595346391104,105.0,0.05405405405405406,-2.5077504345983117,-2.5077504345983117,4.474348859769141,95.0,11.534246486621964,10.0,,,2
ppo_direct_gamma1,hebei_central,2022,risk_min,16.344148502723517,235.0,0.5315315315315315,-1.1402247523000781,-1.1402247523000781,4.81496994402249,185.0,11.529178558701027,50.0,,,2
ppo_direct_gamma1,hebei_central,2022,yield_vs_water,16.031570714867435,135.0,0.07207207207207207,-0.9814416559054351,-0.9814416559054351,4.486913996072546,115.0,11.544656718794888,20.0,,,2
ppo_direct_gamma1,hebei_central,2022,water_vs_cost,14.70375277049885,90.0,0.04504504504504504,-2.1310821726807703,-2.1310821726807703,4.389846636424677,70.0,10.313906134074173,20.0,,,2
ppo_direct_gamma1,henan_north,2018,balanced,17.6141078177391,80.0,0.07272727272727272,-0.5096135410756303,-0.5096135410756303,6.1442204294247444,55.0,11.469887388314357,25.0,,,2
ppo_direct_gamma1,henan_north,2018,yield_max,17.984766213901697,165.0,0.24545454545454545,0.09879004636167665,0.09879004636167665,6.518260588968994,125.0,11.466505624932703,40.0,,,2
ppo_direct_gamma1,henan_north,2018,water_min,17.41838991948347,50.0,0.06363636363636363,-0.9991979734356256,-0.9991979734356256,5.975424177653813,40.0,11.442965741829658,10.0,,,2
ppo_direct_gamma1,henan_north,2018,cost_min,17.467123557190124,60.0,0.09090909090909091,-1.440285075066278,-1.440285075066278,6.024157815360467,50.0,11.442965741829658,10.0,,,2
ppo_direct_gamma1,henan_north,2018,risk_min,18.06309657982655,220.0,0.36363636363636365,-1.0110718983298588,-1.0110718983298588,6.5934323968166275,170.0,11.469664183009922,50.0,,,2
ppo_direct_gamma1,henan_north,2018,yield_vs_water,17.607320601224544,85.0,0.06363636363636363,-0.2984872664576701,-0.2984872664576701,6.140639129557426,65.0,11.466681471667117,20.0,,,2
ppo_direct_gamma1,henan_north,2018,water_vs_cost,17.41838991948347,50.0,0.06363636363636363,-1.1311424178800702,-1.1311424178800702,5.975424177653813,40.0,11.442965741829658,10.0,,,2
ppo_direct_gamma1,henan_north,2019,balanced,10.772926685553138,240.0,0.11711711711711711,-3.180395071789512,-3.180395071789512,2.0358897523870385,220.0,8.737036933166099,20.0,,,2
ppo_direct_gamma1,henan_north,2019,yield_max,8.280601033122624,235.0,0.09009009009009009,-1.104579667506718,-1.104579667506718,1.08111744243972,215.0,7.199483590682903,20.0,,,2
ppo_direct_gamma1,henan_north,2019,water_min,3.972465018780337,240.0,0.11711711711711711,-5.268534497085317,-5.268534497085317,2.0148251533113863,220.0,1.9576398654689504,20.0,,,2
ppo_direct_gamma1,henan_north,2019,cost_min,8.4753154230342,390.0,0.18018018018018017,-9.110791256303253,-9.110791256303253,2.044755675616488,210.0,6.430559747417712,180.0,,,2
ppo_direct_gamma1,henan_north,2019,risk_min,7.81361680605976,450.0,0.27927927927927926,-3.726847805682887,-3.726847805682887,3.6213114531739334,325.0,4.1923053528858265,125.0,,,2
ppo_direct_gamma1,henan_north,2019,yield_vs_water,10.707815636130348,250.0,0.12612612612612611,-2.76138698012305,-2.76138698012305,2.0225737913985746,230.0,8.685241844731774,20.0,,,2
ppo_direct_gamma1,henan_north,2019,water_vs_cost,3.972465018780337,240.0,0.10810810810810811,-5.70186783041865,-5.70186783041865,2.0148251533113863,220.0,1.9576398654689504,20.0,,,2
ppo_direct_gamma1,henan_north,2020,balanced,18.468813556763013,115.0,0.07339449541284404,-1.0238836900442398,-1.0238836900442398,6.889300324080588,95.0,11.579513232682425,20.0,,,2
ppo_direct_gamma1,henan_north,2020,yield_max,17.791364407680348,190.0,0.22935779816513763,-0.18772016850355944,-0.18772016850355944,7.13853269481227,130.0,10.65283171286808,60.0,,,2
ppo_direct_gamma1,henan_north,2020,water_min,17.338528540316464,120.0,0.07339449541284404,-2.5088257334888375,-2.5088257334888375,6.6997895626381405,60.0,10.638738977678324,60.0,,,2
ppo_direct_gamma1,henan_north,2020,cost_min,17.357406956844716,120.0,0.08256880733944955,-2.752974996840122,-2.752974996840122,6.702712881187227,60.0,10.65469407565749,60.0,,,2
ppo_direct_gamma1,henan_north,2020,risk_min,18.32785048741915,195.0,0.3761467889908257,-0.9142071815447639,-0.9142071815447639,7.156206098526451,125.0,11.171644388892696,70.0,,,2
ppo_direct_gamma1,henan_north,2020,yield_vs_water,17.48498519217498,145.0,0.09174311926605505,-1.0629937495487125,-1.0629937495487125,6.823797490248734,85.0,10.661187701926249,60.0,,,2
ppo_direct_gamma1,henan_north,2020,water_vs_cost,17.285337777823777,130.0,0.07339449541284404,-3.0273930343633086,-3.0273930343633086,6.666226146003492,70.0,10.619111631820283,60.0,,,2
ppo_direct_gamma1,henan_north,2021,balanced,14.59748546236613,155.0,0.13761467889908258,-1.9207328652309812,-1.9207328652309812,3.7924379959441143,130.0,10.805047466422016,25.0,,,2
ppo_direct_gamma1,henan_north,2021,yield_max,16.917618818117457,235.0,0.2018348623853211,-0.5162018998876703,-0.5162018998876703,6.133522852853512,195.0,10.784095965263946,40.0,,,2
ppo_direct_gamma1,henan_north,2021,water_min,10.831618471034982,110.0,0.10091743119266056,-2.4886815119399985,-2.4886815119399985,2.632852776586996,100.0,8.198765694447987,10.0,,,2
ppo_direct_gamma1,henan_north,2021,cost_min,14.540426639698666,210.0,0.13761467889908258,-5.00654063053977,-5.00654063053977,3.561090670141601,110.0,10.979335969557065,100.0,,,2
ppo_direct_gamma1,henan_north,2021,risk_min,15.38261751417281,300.0,0.23853211009174313,-1.4529298594498001,-1.4529298594498001,4.750140675914234,185.0,10.632476838258578,115.0,,,2
ppo_direct_gamma1,henan_north,2021,yield_vs_water,11.28595251938291,140.0,0.11926605504587157,-1.4029421246546496,-1.4029421246546496,3.7689386900077753,120.0,7.517013829375134,20.0,,,2
ppo_direct_gamma1,henan_north,2021,water_vs_cost,13.018254065393233,110.0,0.11926605504587157,-2.6096529847126093,-2.6096529847126093,2.645021503671884,100.0,10.373232561721348,10.0,,,2
ppo_direct_gamma1,henan_north,2022,balanced,18.232481355634654,170.0,0.0990990990990991,-1.6407193171898498,-1.6407193171898498,6.673544990718014,150.0,11.55893636491664,20.0,,,2
ppo_direct_gamma1,henan_north,2022,yield_max,17.797862154579754,220.0,0.2702702702702703,-0.21816322585437486,-0.21816322585437486,6.967063120089083,180.0,10.830799034490669,40.0,,,2
ppo_direct_gamma1,henan_north,2022,water_min,17.975356544552966,130.0,0.15315315315315314,-2.713969953688591,-2.713969953688591,6.428852886070326,120.0,11.546503658482639,10.0,,,2
ppo_direct_gamma1,henan_north,2022,cost_min,16.846683605434208,250.0,0.10810810810810811,-5.882645798407356,-5.882645798407356,6.479627779623949,110.0,10.36705582581026,140.0,,,2
ppo_direct_gamma1,henan_north,2022,risk_min,17.867124097403075,235.0,0.36936936936936937,-1.1046056519837446,-1.1046056519837446,7.007444980773081,190.0,10.859679116629993,45.0,,,2
ppo_direct_gamma1,henan_north,2022,yield_vs_water,18.203143109479278,175.0,0.0990990990990991,-1.3313291598758554,-1.3313291598758554,6.644206744562636,155.0,11.55893636491664,20.0,,,2
ppo_direct_gamma1,henan_north,2022,water_vs_cost,17.975356544552966,130.0,0.14414414414414414,-3.0236921759108126,-3.0236921759108126,6.428852886070326,120.0,11.546503658482639,10.0,,,2
ppo_direct_gamma1,shaanxi_guanzhong,2018,balanced,13.964820072643345,140.0,0.10185185185185185,-1.5711132908340901,-1.5711132908340901,4.651250960079181,40.0,9.313569112564165,100.0,,,2
ppo_direct_gamma1,shaanxi_guanzhong,2018,yield_max,14.14788884141872,195.0,0.3888888888888889,-0.3454190789850018,-0.3454190789850018,4.651250960079181,80.0,9.496637881339538,115.0,,,2
ppo_direct_gamma1,shaanxi_guanzhong,2018,water_min,13.964910098980042,120.0,0.2037037037037037,-2.449721481579604,-2.449721481579604,4.651340893901701,20.0,9.31356920507834,100.0,,,2
ppo_direct_gamma1,shaanxi_guanzhong,2018,cost_min,14.200212175081898,140.0,0.09259259259259259,-3.2310556552691843,-3.2310556552691843,4.65134093175602,30.0,9.548871243325877,110.0,,,2
ppo_direct_gamma1,shaanxi_guanzhong,2018,risk_min,14.42061202496897,235.0,0.4351851851851852,-1.122132598324638,-1.122132598324638,4.650807182123103,100.0,9.769804842845867,135.0,,,2
ppo_direct_gamma1,shaanxi_guanzhong,2018,yield_vs_water,13.964820072643345,160.0,0.09259259259259259,-1.3986138357648328,-1.3986138357648328,4.651250960079181,60.0,9.313569112564165,100.0,,,2
ppo_direct_gamma1,shaanxi_guanzhong,2018,water_vs_cost,13.964910098980042,120.0,0.12037037037037036,-2.8052770371351583,-2.8052770371351583,4.651340893901701,20.0,9.31356920507834,100.0,,,2
ppo_direct_gamma1,shaanxi_guanzhong,2019,balanced,11.794180828773554,165.0,0.09174311926605505,-2.099071337239681,-2.099071337239681,1.6123018659410762,105.0,10.181878962832478,60.0,,,2
ppo_direct_gamma1,shaanxi_guanzhong,2019,yield_max,11.738046530833307,185.0,0.12844036697247707,-0.6445803083986205,-0.6445803083986205,1.5519680114586387,120.0,10.186078519374668,65.0,,,2
ppo_direct_gamma1,shaanxi_guanzhong,2019,water_min,11.692778845092516,140.0,0.08256880733944955,-3.188449324927237,-3.188449324927237,1.4859454695230803,80.0,10.206833375569435,60.0,,,2
ppo_direct_gamma1,shaanxi_guanzhong,2019,cost_min,11.48744854451595,130.0,0.07339449541284404,-3.31073366855353,-3.31073366855353,1.2902941293379095,70.0,10.19715441517804,60.0,,,2
ppo_direct_gamma1,shaanxi_guanzhong,2019,risk_min,12.290338834128413,270.0,0.24770642201834864,-1.3339755064929828,-1.3339755064929828,1.559984533899205,150.0,10.730354300229207,120.0,,,2
ppo_direct_gamma1,shaanxi_guanzhong,2019,yield_vs_water,11.767132674720019,130.0,0.07339449541284404,-1.322704263173177,-1.322704263173177,1.5354695430452636,70.0,10.231663131674756,60.0,,,2
ppo_direct_gamma1,shaanxi_guanzhong,2019,water_vs_cost,11.560837085929814,120.0,0.07339449541284404,-2.840649195882738,-2.840649195882738,1.2705257757360724,60.0,10.290311310193742,60.0,,,2
ppo_direct_gamma1,shaanxi_guanzhong,2020,balanced,16.244513264662736,75.0,0.205607476635514,-0.5230237724222262,-0.5230237724222262,4.868819029628004,55.0,11.375694235034732,20.0,,,2
ppo_direct_gamma1,shaanxi_guanzhong,2020,yield_max,16.297954768731255,125.0,0.4392523364485981,0.15506138145732296,0.15506138145732296,4.922260533696522,85.0,11.375694235034732,40.0,,,2
ppo_direct_gamma1,shaanxi_guanzhong,2020,water_min,16.021212855546068,30.0,0.14018691588785046,-0.5116461355700042,-0.5116461355700042,4.816289952520413,20.0,11.204922903025656,10.0,,,2
ppo_direct_gamma1,shaanxi_guanzhong,2020,cost_min,16.020673536860244,40.0,0.205607476635514,-0.9199841586310382,-0.9199841586310382,4.816289952520413,30.0,11.204383584339832,10.0,,,2
ppo_direct_gamma1,shaanxi_guanzhong,2020,risk_min,16.342441578703585,145.0,0.5233644859813084,-0.6460784267686435,-0.6460784267686435,4.939531999083766,95.0,11.402909579619818,50.0,,,2
ppo_direct_gamma1,shaanxi_guanzhong,2020,yield_vs_water,16.245075351512018,85.0,0.205607476635514,-0.3895129295506756,-0.3895129295506756,4.869381116477284,65.0,11.375694235034732,20.0,,,2
ppo_direct_gamma1,shaanxi_guanzhong,2020,water_vs_cost,16.023596811063086,30.0,0.06542056074766354,-0.6741254055220285,-0.6741254055220285,4.816289952520413,20.0,11.207306858542673,10.0,,,2
ppo_direct_gamma1,shaanxi_guanzhong,2021,balanced,16.839807591551235,75.0,0.12962962962962962,-0.49665019029519886,-0.49665019029519886,5.292409618767744,55.0,11.547397972783491,20.0,,,2
ppo_direct_gamma1,shaanxi_guanzhong,2021,yield_max,16.837865967855556,140.0,0.4722222222222222,0.11511898119323027,0.11511898119323027,5.292409618767744,100.0,11.54545634908781,40.0,,,2
ppo_direct_gamma1,shaanxi_guanzhong,2021,water_min,16.826251365160697,30.0,0.10185185185185185,-0.5030998622184778,-0.5030998622184778,5.292411412888818,20.0,11.53383995227188,10.0,,,2
ppo_direct_gamma1,shaanxi_guanzhong,2021,cost_min,16.831073081493862,40.0,0.10185185185185185,-0.9113911373072153,-0.9113911373072153,5.292434717903275,30.0,11.53863836359059,10.0,,,2
ppo_direct_gamma1,shaanxi_guanzhong,2021,risk_min,16.838420180772353,175.0,0.5555555555555556,-0.7821607231264633,-0.7821607231264633,5.292409618767744,125.0,11.546010562004607,50.0,,,2
ppo_direct_gamma1,shaanxi_guanzhong,2021,yield_vs_water,16.839807591551235,80.0,0.12962962962962962,-0.301021071202328,-0.301021071202328,5.292409618767744,60.0,11.547397972783491,20.0,,,2
ppo_direct_gamma1,shaanxi_guanzhong,2021,water_vs_cost,16.826251365160697,30.0,0.09259259259259259,-0.6655998622184759,-0.6655998622184759,5.292411412888818,20.0,11.53383995227188,10.0,,,2
ppo_direct_gamma1,shaanxi_guanzhong,2022,balanced,12.27472368438454,50.0,0.11926605504587157,-0.3445765608632356,-0.3445765608632356,4.929889295916342,30.0,7.344834388468199,20.0,,,2
ppo_direct_gamma1,shaanxi_guanzhong,2022,yield_max,11.752311041696908,105.0,0.4036697247706422,-0.02444231793716034,-0.02444231793716034,4.9298633072696285,85.0,6.822447734427279,20.0,,,2
ppo_direct_gamma1,shaanxi_guanzhong,2022,water_min,12.285626622793218,40.0,0.13761467889908258,-0.7423001332608338,-0.7423001332608338,4.929874431087245,20.0,7.355752191705974,20.0,,,2
ppo_direct_gamma1,shaanxi_guanzhong,2022,cost_min,12.32634909284321,40.0,0.22018348623853212,-0.8752830414443133,-0.8752830414443133,4.9298812316727005,20.0,7.396467861170509,20.0,,,2
ppo_direct_gamma1,shaanxi_guanzhong,2022,risk_min,12.264898722442304,100.0,0.5596330275229358,-0.45914538554853634,-0.45914538554853634,4.9298633072696285,80.0,7.335035415172676,20.0,,,2
ppo_direct_gamma1,shaanxi_guanzhong,2022,yield_vs_water,12.31819661624185,80.0,0.11926605504587157,-0.5101006349076691,-0.5101006349076691,4.9298633072696285,60.0,7.388333308972222,20.0,,,2
ppo_direct_gamma1,shaanxi_guanzhong,2022,water_vs_cost,12.285626622793218,40.0,0.10091743119266056,-0.9200779110386107,-0.9200779110386107,4.929874431087245,20.0,7.355752191705974,20.0,,,2
ppo_direct_gamma1,ningxia_irrigation,2018,balanced,11.294398074952637,305.0,0.36363636363636365,-4.019615094112993,-4.019615094112993,,,,,11.294398074952637,305.0,2
ppo_direct_gamma1,ningxia_irrigation,2018,yield_max,11.600222663050518,315.0,0.36363636363636365,-1.4194045070731502,-1.4194045070731502,,,,,11.600222663050518,315.0,2
ppo_direct_gamma1,ningxia_irrigation,2018,water_min,6.346806283015375,240.0,0.29545454545454547,-4.841365281393197,-4.841365281393197,,,,,6.346806283015375,240.0,2
ppo_direct_gamma1,ningxia_irrigation,2018,cost_min,11.628797841598038,305.0,0.36363636363636365,-6.8124676203751795,-6.8124676203751795,,,,,11.628797841598038,305.0,2
ppo_direct_gamma1,ningxia_irrigation,2018,risk_min,11.614217506223538,310.0,0.38636363636363635,-2.9698161503373504,-2.9698161503373504,,,,,11.614217506223538,310.0,2
ppo_direct_gamma1,ningxia_irrigation,2018,yield_vs_water,11.288168611640234,295.0,0.36363636363636365,-3.2122844994882565,-3.2122844994882565,,,,,11.288168611640234,295.0,2
ppo_direct_gamma1,ningxia_irrigation,2018,water_vs_cost,6.346806283015375,240.0,0.29545454545454547,-5.674698614726531,-5.674698614726531,,,,,6.346806283015375,240.0,2
ppo_direct_gamma1,ningxia_irrigation,2019,balanced,8.460085744347435,315.0,0.38636363636363635,-4.261758682201895,-4.261758682201895,,,,,8.460085744347435,315.0,2
ppo_direct_gamma1,ningxia_irrigation,2019,yield_max,8.91538361557169,335.0,0.36363636363636365,-1.5512866302625725,-1.5512866302625725,,,,,8.91538361557169,335.0,2
ppo_direct_gamma1,ningxia_irrigation,2019,water_min,8.319116637830215,320.0,0.38636363636363635,-6.650262909185954,-6.650262909185954,,,,,8.319116637830215,320.0,2
ppo_direct_gamma1,ningxia_irrigation,2019,cost_min,8.319116637830215,320.0,0.38636363636363635,-7.183596242519289,-7.183596242519289,,,,,8.319116637830215,320.0,2
ppo_direct_gamma1,ningxia_irrigation,2019,risk_min,9.73012195679632,365.0,0.3181818181818182,-1.915090398855903,-1.915090398855903,,,,,9.73012195679632,365.0,2
ppo_direct_gamma1,ningxia_irrigation,2019,yield_vs_water,8.460085744347435,315.0,0.38636363636363635,-3.6407400194190362,-3.6407400194190362,,,,,8.460085744347435,315.0,2
ppo_direct_gamma1,ningxia_irrigation,2019,water_vs_cost,8.319116637830215,320.0,0.38636363636363635,-7.561374020297067,-7.561374020297067,,,,,8.319116637830215,320.0,2
ppo_direct_gamma1,ningxia_irrigation,2020,balanced,7.769887385827292,410.0,0.45454545454545453,-5.300533551721223,-5.300533551721223,,,,,7.769887385827292,410.0,2
ppo_direct_gamma1,ningxia_irrigation,2020,yield_max,8.49123408249887,430.0,0.5,-2.0615685108714574,-2.0615685108714574,,,,,8.49123408249887,430.0,2
ppo_direct_gamma1,ningxia_irrigation,2020,water_min,6.770090088985384,380.0,0.4318181818181818,-8.1763756418573,-8.1763756418573,,,,,6.770090088985384,380.0,2
ppo_direct_gamma1,ningxia_irrigation,2020,cost_min,7.17020700353894,395.0,0.4318181818181818,-9.055929534374105,-9.055929534374105,,,,,7.17020700353894,395.0,2
ppo_direct_gamma1,ningxia_irrigation,2020,risk_min,8.318352743006978,410.0,0.45454545454545453,-2.7862782769343926,-2.7862782769343926,,,,,8.318352743006978,410.0,2
ppo_direct_gamma1,ningxia_irrigation,2020,yield_vs_water,7.828050344375305,400.0,0.45454545454545453,-4.471432232360033,-4.471432232360033,,,,,7.828050344375305,400.0,2
ppo_direct_gamma1,ningxia_irrigation,2020,water_vs_cost,6.770090088985384,390.0,0.4318181818181818,-9.258320086301746,-9.258320086301746,,,,,6.770090088985384,390.0,2
ppo_direct_gamma1,ningxia_irrigation,2021,balanced,0.0,25.0,0.045454545454545456,-0.4059144027337689,-0.4059144027337689,,,,,0.0,25.0,2
ppo_direct_gamma1,ningxia_irrigation,2021,yield_max,0.0,25.0,0.045454545454545456,-0.2780585381174291,-0.2780585381174291,,,,,0.0,25.0,2
ppo_direct_gamma1,ningxia_irrigation,2021,water_min,0.0,10.0,0.0,-0.22986930229855873,-0.22986930229855873,,,,,0.0,10.0,2
ppo_direct_gamma1,ningxia_irrigation,2021,cost_min,0.0,25.0,0.022727272727272728,-0.5502809069770749,-0.5502809069770749,,,,,0.0,25.0,2
ppo_direct_gamma1,ningxia_irrigation,2021,risk_min,0.0,25.0,0.045454545454545456,-0.1504369340167756,-0.1504369340167756,,,,,0.0,25.0,2
ppo_direct_gamma1,ningxia_irrigation,2021,yield_vs_water,0.0,25.0,0.045454545454545456,-0.38968467008387797,-0.38968467008387797,,,,,0.0,25.0,2
ppo_direct_gamma1,ningxia_irrigation,2021,water_vs_cost,0.0,10.0,0.0,-0.2840686238276984,-0.2840686238276984,,,,,0.0,10.0,2
ppo_direct_gamma1,ningxia_irrigation,2022,balanced,9.361624035725427,300.0,0.3409090909090909,-4.012056622934185,-4.012056622934185,,,,,9.361624035725427,300.0,2
ppo_direct_gamma1,ningxia_irrigation,2022,yield_max,9.615010351769058,325.0,0.36363636363636365,-1.5706442686915136,-1.5706442686915136,,,,,9.615010351769058,325.0,2
ppo_direct_gamma1,ningxia_irrigation,2022,water_min,10.574241730267536,320.0,0.36363636363636365,-6.734855016499646,-6.734855016499646,,,,,10.574241730267536,320.0,2
ppo_direct_gamma1,ningxia_irrigation,2022,cost_min,9.687184785366389,305.0,0.3409090909090909,-6.925777109636243,-6.925777109636243,,,,,9.687184785366389,305.0,2
ppo_direct_gamma1,ningxia_irrigation,2022,risk_min,11.318275473629921,335.0,0.3409090909090909,-2.4239924787062233,-2.4239924787062233,,,,,11.318275473629921,335.0,2
ppo_direct_gamma1,ningxia_irrigation,2022,yield_vs_water,9.819526499971158,310.0,0.36363636363636365,-3.4345043137941946,-3.4345043137941946,,,,,9.819526499971158,310.0,2
ppo_direct_gamma1,ningxia_irrigation,2022,water_vs_cost,10.574241730267536,320.0,0.36363636363636365,-7.545966127610758,-7.545966127610758,,,,,10.574241730267536,320.0,2
ppo_residual_gamma1,beijing_plain,2018,balanced,10.510231162000462,60.0,0.05357142857142857,-0.6749151785192253,-0.6749151785192253,2.691568480274157,35.0,7.8186626817263045,25.0,,,0
ppo_residual_gamma1,beijing_plain,2018,yield_max,12.464368321479292,115.0,0.125,-0.3807288005972582,-0.3807288005972582,2.6921002952588795,20.0,9.772268026220413,95.0,,,0
ppo_residual_gamma1,beijing_plain,2018,water_min,10.512766391258507,55.0,0.03571428571428571,-1.1657278935389834,-1.1657278935389834,2.7304304918040057,35.0,7.782335899454502,20.0,,,0
ppo_residual_gamma1,beijing_plain,2018,cost_min,10.489507868740091,55.0,0.03571428571428571,-1.2743404000222178,-1.2743404000222178,2.702596695667645,35.0,7.786911173072447,20.0,,,0
ppo_residual_gamma1,beijing_plain,2018,risk_min,13.407574724889745,390.0,0.21428571428571427,-2.063826149449587,-2.063826149449587,2.961548128405934,245.0,10.446026596483811,145.0,,,0
ppo_residual_gamma1,beijing_plain,2018,yield_vs_water,10.478952824084635,55.0,0.03571428571428571,-0.4181317773737985,-0.4181317773737985,2.6912906625119017,35.0,7.787662161572733,20.0,,,0
ppo_residual_gamma1,beijing_plain,2018,water_vs_cost,10.478737604551677,55.0,0.03571428571428571,-1.266822928147431,-1.266822928147431,2.6911120509708018,35.0,7.787625553580875,20.0,,,0
ppo_residual_gamma1,beijing_plain,2019,balanced,8.321768668352647,410.0,0.17272727272727273,-5.37457400301218,-5.37457400301218,1.3383357794790967,385.0,6.98343288887355,25.0,,,0
ppo_residual_gamma1,beijing_plain,2019,yield_max,8.321768668352647,410.0,0.18181818181818182,-2.1214767274935413,-2.1214767274935413,1.3383357794790967,385.0,6.98343288887355,25.0,,,0
ppo_residual_gamma1,beijing_plain,2019,water_min,8.277518485405682,410.0,0.16363636363636364,-8.55523206330952,-8.55523206330952,1.4106746696069925,385.0,6.86684381579869,25.0,,,0
ppo_residual_gamma1,beijing_plain,2019,cost_min,8.479634668235935,450.0,0.15454545454545454,-10.323751799732745,-10.323751799732745,1.4357688634752765,370.0,7.043865804760658,80.0,,,0
ppo_residual_gamma1,beijing_plain,2019,risk_min,4.805802705465787,450.0,0.4909090909090909,-6.690425612060825,-6.690425612060825,2.5951726859131723,450.0,2.210630019552615,0.0,,,0
ppo_residual_gamma1,beijing_plain,2019,yield_vs_water,8.261908303858766,415.0,0.16363636363636364,-4.611203575320854,-4.611203575320854,1.2708295196018526,390.0,6.9910787842569135,25.0,,,0
ppo_residual_gamma1,beijing_plain,2019,water_vs_cost,10.15111792940864,450.0,0.23636363636363636,-10.749593095622732,-10.749593095622732,1.45699470140937,370.0,8.69412322799927,80.0,,,0
ppo_residual_gamma1,beijing_plain,2020,balanced,7.980445054461313,185.0,0.1,-2.815383054991235,-2.815383054991235,0.8141865975821174,65.0,7.166258456879196,120.0,,,0
ppo_residual_gamma1,beijing_plain,2020,yield_max,5.933496900586383,170.0,0.09090909090909091,-1.146758708735512,-1.146758708735512,0.830250551461866,65.0,5.103246349124517,105.0,,,0
ppo_residual_gamma1,beijing_plain,2020,water_min,8.09489151892413,190.0,0.1,-4.023129477854012,-4.023129477854012,0.7902269166897449,70.0,7.304664602234387,120.0,,,0
ppo_residual_gamma1,beijing_plain,2020,cost_min,7.980445054461313,185.0,0.1,-4.516692985970026,-4.516692985970026,0.8141865975821174,65.0,7.166258456879196,120.0,,,0
ppo_residual_gamma1,beijing_plain,2020,risk_min,9.062750877849936,450.0,0.6272727272727273,-4.480667266708523,-4.480667266708523,3.361580012954616,450.0,5.701170864895319,0.0,,,0
ppo_residual_gamma1,beijing_plain,2020,yield_vs_water,7.980445054461313,185.0,0.1,-2.2376315965168234,-2.2376315965168234,0.8141865975821174,65.0,7.166258456879196,120.0,,,0
ppo_residual_gamma1,beijing_plain,2020,water_vs_cost,4.516265554657336,125.0,0.06363636363636363,-2.9637906270393506,-2.9637906270393506,0.7427674649568478,65.0,3.7734980897004884,60.0,,,0
ppo_residual_gamma1,beijing_plain,2021,balanced,11.348835498727807,45.0,0.09090909090909091,-0.676834799380776,-0.676834799380776,0.8509977899091568,45.0,10.49783770881865,0.0,,,0
ppo_residual_gamma1,beijing_plain,2021,yield_max,12.368064618263016,90.0,0.08181818181818182,-0.3407517163928715,-0.3407517163928715,1.018800832512212,65.0,11.349263785750804,25.0,,,0
ppo_residual_gamma1,beijing_plain,2021,water_min,11.348835498727807,45.0,0.06363636363636363,-1.1584448109563035,-1.1584448109563035,0.8509977899091568,45.0,10.49783770881865,0.0,,,0
ppo_residual_gamma1,beijing_plain,2021,cost_min,11.348835498727807,45.0,0.07272727272727272,-1.2167781442896368,-1.2167781442896368,0.8509977899091568,45.0,10.49783770881865,0.0,,,0
ppo_residual_gamma1,beijing_plain,2021,risk_min,13.491223825779894,295.0,0.16363636363636364,-1.4509385894517277,-1.4509385894517277,2.113039409681954,225.0,11.37818441609794,70.0,,,0
ppo_residual_gamma1,beijing_plain,2021,yield_vs_water,11.348835498727807,45.0,0.07272727272727272,-0.40472405478152385,-0.40472405478152385,0.8509977899091568,45.0,10.49783770881865,0.0,,,0
ppo_residual_gamma1,beijing_plain,2021,water_vs_cost,11.348835498727807,45.0,0.06363636363636363,-1.0049725887340815,-1.0049725887340815,0.8509977899091568,45.0,10.49783770881865,0.0,,,0
ppo_residual_gamma1,beijing_plain,2022,balanced,14.170274337404148,60.0,0.13392857142857142,-0.543943492448902,-0.543943492448902,2.861565035257863,60.0,11.308709302146285,0.0,,,0
ppo_residual_gamma1,beijing_plain,2022,yield_max,14.415884685148619,100.0,0.11607142857142858,-0.1306515145345224,-0.1306515145345224,2.866614775922881,85.0,11.549269909225737,15.0,,,0
ppo_residual_gamma1,beijing_plain,2022,water_min,14.320502831328469,85.0,0.11607142857142858,-1.6342002663672008,-1.6342002663672008,3.015101292485393,85.0,11.305401538843077,0.0,,,0
ppo_residual_gamma1,beijing_plain,2022,cost_min,14.41379958468962,75.0,0.13392857142857142,-1.7784124643122459,-1.7784124643122459,2.8645296754638827,75.0,11.549269909225737,0.0,,,0
ppo_residual_gamma1,beijing_plain,2022,risk_min,14.870702552082395,450.0,0.25,-2.433132249986076,-2.433132249986076,3.319693532586209,395.0,11.551009019496187,55.0,,,0
ppo_residual_gamma1,beijing_plain,2022,yield_vs_water,14.170274337404148,60.0,0.125,-0.3090960322277929,-0.3090960322277929,2.861565035257863,60.0,11.308709302146285,0.0,,,0
ppo_residual_gamma1,beijing_plain,2022,water_vs_cost,14.414914432240197,70.0,0.10714285714285714,-1.6006489407799371,-1.6006489407799371,2.8656445230144603,70.0,11.549269909225737,0.0,,,0
ppo_residual_gamma1,hebei_central,2018,balanced,10.792458370736579,135.0,0.05357142857142857,-1.6604629433149976,-1.6604629433149976,4.156227849282114,10.0,6.636230521454466,125.0,,,0
ppo_residual_gamma1,hebei_central,2018,yield_max,9.604794494204269,160.0,0.0625,-0.7187444521411479,-0.7187444521411479,4.224613827250101,50.0,5.380180666954168,110.0,,,0
ppo_residual_gamma1,hebei_central,2018,water_min,10.796375552505292,135.0,0.05357142857142857,-2.713348551295099,-2.713348551295099,4.161827821882556,10.0,6.634547730622735,125.0,,,0
ppo_residual_gamma1,hebei_central,2018,cost_min,10.783546316772206,135.0,0.05357142857142857,-2.9551226941605186,-2.9551226941605186,4.142038507572846,10.0,6.64150780919936,125.0,,,0
ppo_residual_gamma1,hebei_central,2018,risk_min,12.004226810656192,425.0,0.17857142857142858,-2.254535714254052,-2.254535714254052,4.272081238519123,255.0,7.732145572137068,170.0,,,0
ppo_residual_gamma1,hebei_central,2018,yield_vs_water,10.791217789188366,135.0,0.05357142857142857,-1.4044734419781917,-1.4044734419781917,4.154967157230548,10.0,6.636250631957818,125.0,,,0
ppo_residual_gamma1,hebei_central,2018,water_vs_cost,10.523236779854674,130.0,0.0625,-3.0876772335078875,-3.0876772335078875,4.178453213527807,10.0,6.344783566326868,120.0,,,0
ppo_residual_gamma1,hebei_central,2019,balanced,14.210589943718448,415.0,0.18018018018018017,-5.100157737585487,-5.100157737585487,2.8322645126186896,390.0,11.378325431099759,25.0,,,0
ppo_residual_gamma1,hebei_central,2019,yield_max,8.740415125323496,450.0,0.3153153153153153,-3.594320996715332,-3.594320996715332,2.7828030065266702,365.0,5.957612118796826,85.0,,,0
ppo_residual_gamma1,hebei_central,2019,water_min,8.150265172353942,450.0,0.27927927927927926,-9.969422424605039,-9.969422424605039,2.9071977499421187,380.0,5.243067422411824,70.0,,,0
ppo_residual_gamma1,hebei_central,2019,cost_min,14.095733835046671,400.0,0.12612612612612611,-9.133971407466383,-9.133971407466383,2.7174084039469117,375.0,11.378325431099759,25.0,,,0
ppo_residual_gamma1,hebei_central,2019,risk_min,3.9795286000174244,450.0,0.5405405405405406,-5.958813226564922,-5.958813226564922,3.493785738960872,450.0,0.4857428610565525,0.0,,,0
ppo_residual_gamma1,hebei_central,2019,yield_vs_water,8.740415125323496,450.0,0.27927927927927926,-5.851895950034765,-5.851895950034765,2.7828030065266702,365.0,5.957612118796826,85.0,,,0
ppo_residual_gamma1,hebei_central,2019,water_vs_cost,13.994694693117406,390.0,0.15315315315315314,-9.100760795825831,-9.100760795825831,2.616369262017647,365.0,11.378325431099759,25.0,,,0
ppo_residual_gamma1,hebei_central,2020,balanced,15.500055022594976,190.0,0.13513513513513514,-2.2517173110787327,-2.2517173110787327,4.21623314245188,105.0,11.283821880143096,85.0,,,0
ppo_residual_gamma1,hebei_central,2020,yield_max,15.387251385435789,190.0,0.15315315315315314,-0.4759722010175529,-0.4759722010175529,4.103329169520276,105.0,11.283922215915513,85.0,,,0
ppo_residual_gamma1,hebei_central,2020,water_min,15.381497509512098,115.0,0.0990990990990991,-2.420433199964414,-2.420433199964414,4.12875013600278,115.0,11.252747373509319,0.0,,,0
ppo_residual_gamma1,hebei_central,2020,cost_min,15.291732254122572,170.0,0.11711711711711711,-3.7898543345426208,-3.7898543345426208,4.013913566795582,85.0,11.27781868732699,85.0,,,0
ppo_residual_gamma1,hebei_central,2020,risk_min,15.265983390450607,450.0,0.3153153153153153,-2.409320591580248,-2.409320591580248,4.878119752639971,365.0,10.387863637810636,85.0,,,0
ppo_residual_gamma1,hebei_central,2020,yield_vs_water,15.461810194369358,190.0,0.12612612612612611,-1.7412337866770966,-1.7412337866770966,4.184783406666689,105.0,11.277026787702669,85.0,,,0
ppo_residual_gamma1,hebei_central,2020,water_vs_cost,14.987837601315858,165.0,0.11711711711711711,-3.807080230074275,-3.807080230074275,4.013913566795582,85.0,10.973924034520277,80.0,,,0
ppo_residual_gamma1,hebei_central,2021,balanced,15.149670493614323,150.0,0.11009174311926606,-1.737540685767091,-1.737540685767091,4.249836434097285,125.0,10.899834059517037,25.0,,,0
ppo_residual_gamma1,hebei_central,2021,yield_max,14.956547320893684,150.0,0.11926605504587157,-0.38590879024354385,-0.38590879024354385,4.067294886126701,125.0,10.889252434766982,25.0,,,0
ppo_residual_gamma1,hebei_central,2021,water_min,14.097259833942093,130.0,0.10091743119266056,-2.5372689827785564,-2.5372689827785564,4.281724824934205,130.0,9.815535009007888,0.0,,,0
ppo_residual_gamma1,hebei_central,2021,cost_min,15.058019033850613,150.0,0.10091743119266056,-3.3512531291823673,-3.3512531291823673,4.166772877172021,125.0,10.89124615667859,25.0,,,0
ppo_residual_gamma1,hebei_central,2021,risk_min,15.87566161258875,450.0,0.24770642201834864,-2.336930578866125,-2.336930578866125,4.783920358564887,400.0,11.091741254023862,50.0,,,0
ppo_residual_gamma1,hebei_central,2021,yield_vs_water,15.149670493614323,150.0,0.10091743119266056,-1.2934536349866483,-1.2934536349866483,4.249836434097285,125.0,10.899834059517037,25.0,,,0
ppo_residual_gamma1,hebei_central,2021,water_vs_cost,13.985862988163738,125.0,0.09174311926605505,-2.8640484474540413,-2.8640484474540413,4.166772877172021,125.0,9.819090110991718,0.0,,,0
ppo_residual_gamma1,hebei_central,2022,balanced,15.857505327382267,80.0,0.09009009009009009,-0.7106732763162362,-0.7106732763162362,4.3739925034643905,80.0,11.483512823917877,0.0,,,0
ppo_residual_gamma1,hebei_central,2022,yield_max,15.123761890649462,85.0,0.08108108108108109,-0.08900354628338703,-0.08900354628338703,4.3773238812765385,60.0,10.746438009372923,25.0,,,0
ppo_residual_gamma1,hebei_central,2022,water_min,13.878285951379404,105.0,0.036036036036036036,-2.050322422403899,-2.050322422403899,4.49178931047874,80.0,9.386496640900663,25.0,,,0
ppo_residual_gamma1,hebei_central,2022,cost_min,15.134565674149208,75.0,0.05405405405405406,-1.7841642873870787,-1.7841642873870787,4.388985428836471,50.0,10.745580245312736,25.0,,,0
ppo_residual_gamma1,hebei_central,2022,risk_min,16.42860249541305,450.0,0.4954954954954955,-2.3879457604126606,-2.3879457604126606,4.914901446896087,375.0,11.513701048516962,75.0,,,0
ppo_residual_gamma1,hebei_central,2022,yield_vs_water,15.843423339657164,80.0,0.06306306306306306,-0.4197177836607604,-0.4197177836607604,4.359992994122536,80.0,11.483430345534629,0.0,,,0
ppo_residual_gamma1,hebei_central,2022,water_vs_cost,15.894216556083881,75.0,0.05405405405405406,-1.684937585183182,-1.684937585183182,4.375068161159527,75.0,11.519148394924354,0.0,,,0
ppo_residual_gamma1,henan_north,2018,balanced,17.455996108763816,60.0,0.07272727272727272,-0.2565433914066618,-0.2565433914066618,5.986108720449459,35.0,11.469887388314357,25.0,,,0
ppo_residual_gamma1,henan_north,2018,yield_max,17.515225034845272,85.0,0.07272727272727272,0.38117396878321574,0.38117396878321574,6.045312650412051,60.0,11.469912384433222,25.0,,,0
ppo_residual_gamma1,henan_north,2018,water_min,17.44383009177989,35.0,0.06363636363636363,-0.5808046534901116,-0.5808046534901116,6.001752877685952,35.0,11.442077214093938,0.0,,,0
ppo_residual_gamma1,henan_north,2018,cost_min,17.612977639677165,70.0,0.08181818181818182,-1.4636128000599067,-1.4636128000599067,6.143065255243942,45.0,11.469912384433222,25.0,,,0
ppo_residual_gamma1,henan_north,2018,risk_min,18.063447312174908,370.0,0.37272727272727274,-1.9749578293526757,-1.9749578293526757,6.5934159425399415,295.0,11.470031369634965,75.0,,,0
ppo_residual_gamma1,henan_north,2018,yield_vs_water,17.455996108763816,60.0,0.045454545454545456,-0.02484590592499214,-0.02484590592499214,5.986108720449459,35.0,11.469887388314357,25.0,,,0
ppo_residual_gamma1,henan_north,2018,water_vs_cost,17.351270029959245,25.0,0.07272727272727272,-0.45075659722963646,-0.45075659722963646,5.909192815865307,25.0,11.442077214093938,0.0,,,0
ppo_residual_gamma1,henan_north,2019,balanced,10.707815636130348,250.0,0.12612612612612611,-3.4263318063206576,-3.4263318063206576,2.0225737913985746,230.0,8.685241844731774,20.0,,,0
ppo_residual_gamma1,henan_north,2019,yield_max,10.782299214074994,245.0,0.12612612612612611,-1.2896779085931174,-1.2896779085931174,2.0148251533113863,225.0,8.767474060763607,20.0,,,0
ppo_residual_gamma1,henan_north,2019,water_min,10.553014501976325,260.0,0.11711711711711711,-5.5057688397951745,-5.5057688397951745,2.0411028178449326,240.0,8.511911684131391,20.0,,,0
ppo_residual_gamma1,henan_north,2019,cost_min,10.782299214074994,245.0,0.11711711711711711,-5.699715891703769,-5.699715891703769,2.0148251533113863,225.0,8.767474060763607,20.0,,,0
ppo_residual_gamma1,henan_north,2019,risk_min,14.573846280884151,450.0,0.14414414414414414,-2.2277723359580555,-2.2277723359580555,4.0401714636721096,375.0,10.533674817212042,75.0,,,0
ppo_residual_gamma1,henan_north,2019,yield_vs_water,10.707815636130348,250.0,0.10810810810810811,-2.76138698012305,-2.76138698012305,2.0225737913985746,230.0,8.685241844731774,20.0,,,0
ppo_residual_gamma1,henan_north,2019,water_vs_cost,10.707815636130348,250.0,0.11711711711711711,-5.855888507135713,-5.855888507135713,2.0225737913985746,230.0,8.685241844731774,20.0,,,0
ppo_residual_gamma1,henan_north,2020,balanced,17.355227962930318,120.0,0.09174311926605505,-1.123895958077219,-1.123895958077219,6.71272196838999,60.0,10.642505994540327,60.0,,,0
ppo_residual_gamma1,henan_north,2020,yield_max,17.326630082766215,120.0,0.09174311926605505,0.10467655573338819,0.10467655573338819,6.713532990751283,60.0,10.61309709201493,60.0,,,0
ppo_residual_gamma1,henan_north,2020,water_min,17.363319252571223,120.0,0.08256880733944955,-2.397548921850345,-2.397548921850345,6.718774122867152,60.0,10.64454512970407,60.0,,,0
ppo_residual_gamma1,henan_north,2020,cost_min,17.368166857342615,120.0,0.08256880733944955,-2.59749302934267,-2.59749302934267,6.722487618550823,60.0,10.645679238791793,60.0,,,0
ppo_residual_gamma1,henan_north,2020,risk_min,18.858776313282274,450.0,0.5045871559633027,-2.3414534804476066,-2.3414534804476066,7.285040158526805,310.0,11.573736154755467,140.0,,,0
ppo_residual_gamma1,henan_north,2020,yield_vs_water,17.355227962930318,120.0,0.08256880733944955,-0.7382032809298558,-0.7382032809298558,6.71272196838999,60.0,10.642505994540327,60.0,,,0
ppo_residual_gamma1,henan_north,2020,water_vs_cost,17.286708474646492,115.0,0.06422018348623854,-2.6088220881686897,-2.6088220881686897,6.671014067197542,55.0,10.615694407448949,60.0,,,0
ppo_residual_gamma1,henan_north,2021,balanced,13.404060041324039,155.0,0.1743119266055046,-1.8844719112280361,-1.8844719112280361,2.6487428146291876,70.0,10.755317226694851,85.0,,,0
ppo_residual_gamma1,henan_north,2021,yield_max,13.192796585591093,155.0,0.11926605504587157,-0.5540823738815894,-0.5540823738815894,2.5999787987561906,65.0,10.592817786834903,90.0,,,0
ppo_residual_gamma1,henan_north,2021,water_min,13.060621967010324,155.0,0.10091743119266056,-3.257142965862109,-3.257142965862109,2.583956549206063,75.0,10.476665417804261,80.0,,,0
ppo_residual_gamma1,henan_north,2021,cost_min,13.262571706951558,110.0,0.11926605504587157,-2.5960751143024674,-2.5960751143024674,2.551977736516435,85.0,10.710593970435124,25.0,,,0
ppo_residual_gamma1,henan_north,2021,risk_min,16.273266062732237,295.0,0.22935779816513763,-1.4005469177906806,-1.4005469177906806,6.746529827878548,250.0,9.52673623485369,45.0,,,0
ppo_residual_gamma1,henan_north,2021,yield_vs_water,13.192796585591093,155.0,0.10091743119266056,-1.5142255051535143,-1.5142255051535143,2.5999787987561906,65.0,10.592817786834903,90.0,,,0
ppo_residual_gamma1,henan_north,2021,water_vs_cost,12.90511183527334,85.0,0.13761467889908258,-1.9305265112670198,-1.9305265112670198,2.5312059872933563,85.0,10.373905847979984,0.0,,,0
ppo_residual_gamma1,henan_north,2022,balanced,17.928560635169497,120.0,0.09009009009009009,-1.2141958464345177,-1.2141958464345177,6.369624270252857,120.0,11.55893636491664,0.0,,,0
ppo_residual_gamma1,henan_north,2022,yield_max,18.013611779043416,125.0,0.13513513513513514,0.10595667297809519,0.10595667297809519,6.454939097475193,125.0,11.558672681568222,0.0,,,0
ppo_residual_gamma1,henan_north,2022,water_min,17.961145094808774,125.0,0.09009009009009009,-2.5934482449298106,-2.5934482449298106,6.402208729892133,125.0,11.55893636491664,0.0,,,0
ppo_residual_gamma1,henan_north,2022,cost_min,17.940569201996798,115.0,0.09009009009009009,-2.6048022937219173,-2.6048022937219173,6.381745864910394,115.0,11.558823337086404,0.0,,,0
ppo_residual_gamma1,henan_north,2022,risk_min,18.7983161418343,385.0,0.3333333333333333,-2.0475008423213215,-2.0475008423213215,7.2215427270743024,355.0,11.576773414759996,30.0,,,0
ppo_residual_gamma1,henan_north,2022,yield_vs_water,17.928560635169497,120.0,0.09009009009009009,-0.7760781413764781,-0.7760781413764781,6.369624270252857,120.0,11.55893636491664,0.0,,,0
ppo_residual_gamma1,henan_north,2022,water_vs_cost,17.210313181594156,145.0,0.07207207207207207,-3.333275112621809,-3.333275112621809,6.5179404207341705,105.0,10.692372760859985,40.0,,,0
ppo_residual_gamma1,shaanxi_guanzhong,2018,balanced,14.146499442555964,125.0,0.08333333333333333,-1.2405172886153293,-1.2405172886153293,4.64986120386478,10.0,9.496638238691185,115.0,,,0
ppo_residual_gamma1,shaanxi_guanzhong,2018,yield_max,14.147978914257454,155.0,0.1388888888888889,-0.14541007565963837,-0.14541007565963837,4.65134093175602,40.0,9.496637982501433,115.0,,,0
ppo_residual_gamma1,shaanxi_guanzhong,2018,water_min,14.065448179514984,120.0,0.1574074074074074,-2.3374921757569402,-2.3374921757569402,4.6514138525628,10.0,9.414034326952184,110.0,,,0
ppo_residual_gamma1,shaanxi_guanzhong,2018,cost_min,14.063901948226263,120.0,0.06481481481481481,-2.537514464885751,-2.537514464885751,4.64986120386478,10.0,9.414040744361484,110.0,,,0
ppo_residual_gamma1,shaanxi_guanzhong,2018,risk_min,15.025881570852835,315.0,0.46296296296296297,-1.6176717874987507,-1.6176717874987507,4.650702908145166,185.0,10.37517866270767,130.0,,,0
ppo_residual_gamma1,shaanxi_guanzhong,2018,yield_vs_water,14.146499442555964,125.0,0.06481481481481481,-0.9398827218802719,-0.9398827218802719,4.64986120386478,10.0,9.496638238691185,115.0,,,0
ppo_residual_gamma1,shaanxi_guanzhong,2018,water_vs_cost,14.065448179514984,120.0,0.07407407407407407,-2.754158842423607,-2.754158842423607,4.6514138525628,10.0,9.414034326952184,110.0,,,0
ppo_residual_gamma1,shaanxi_guanzhong,2019,balanced,11.703674972221712,130.0,0.08256880733944955,-1.642372467006046,-1.642372467006046,1.377835522374331,65.0,10.325839449847381,65.0,,,0
ppo_residual_gamma1,shaanxi_guanzhong,2019,yield_max,11.831513653908035,130.0,0.09174311926605505,-0.5455416387739251,-0.5455416387739251,1.4949762386742533,65.0,10.336537415233781,65.0,,,0
ppo_residual_gamma1,shaanxi_guanzhong,2019,water_min,11.606878570741026,135.0,0.08256880733944955,-2.869736007474594,-2.869736007474594,1.2945436737131943,70.0,10.312334897027831,65.0,,,0
ppo_residual_gamma1,shaanxi_guanzhong,2019,cost_min,11.716765327092434,110.0,0.07339449541284404,-2.5144612228775243,-2.5144612228775243,1.2667883761809038,45.0,10.44997695091153,65.0,,,0
ppo_residual_gamma1,shaanxi_guanzhong,2019,risk_min,13.082280008248619,240.0,0.23853211009174313,-1.173205231978016,-1.173205231978016,1.8190877269576071,200.0,11.263192281291012,40.0,,,0
ppo_residual_gamma1,shaanxi_guanzhong,2019,yield_vs_water,11.716765327092434,110.0,0.06422018348623854,-1.0473061143876197,-1.0473061143876197,1.2667883761809038,45.0,10.44997695091153,65.0,,,0
ppo_residual_gamma1,shaanxi_guanzhong,2019,water_vs_cost,11.716765327092434,110.0,0.05504587155963303,-2.5269612228775244,-2.5269612228775244,1.2667883761809038,45.0,10.44997695091153,65.0,,,0
ppo_residual_gamma1,shaanxi_guanzhong,2020,balanced,16.00008634398575,35.0,0.06542056074766354,-0.010004612170791183,-0.010004612170791183,4.799549703336404,35.0,11.200536640649345,0.0,,,0
ppo_residual_gamma1,shaanxi_guanzhong,2020,yield_max,16.090865791461077,60.0,0.17757009345794392,0.4711153537042848,0.4711153537042848,4.884711862364947,50.0,11.20615392909613,10.0,,,0
ppo_residual_gamma1,shaanxi_guanzhong,2020,water_min,16.00538909960799,35.0,0.09345794392523364,-0.5993145845801742,-0.5993145845801742,4.804844791503474,35.0,11.200544308104513,0.0,,,0
ppo_residual_gamma1,shaanxi_guanzhong,2020,cost_min,16.011224135445765,10.0,0.09345794392523364,-0.14509717847144174,-0.14509717847144174,4.804844791503474,10.0,11.20637934394229,0.0,,,0
ppo_residual_gamma1,shaanxi_guanzhong,2020,risk_min,16.36984652379095,250.0,0.4672897196261682,-1.2637914425543864,-1.2637914425543864,4.994152288756218,215.0,11.375694235034732,35.0,,,0
ppo_residual_gamma1,shaanxi_guanzhong,2020,yield_vs_water,16.00008634398575,35.0,0.06542056074766354,0.16561923478651264,0.16561923478651264,4.799549703336404,35.0,11.200536640649345,0.0,,,0
ppo_residual_gamma1,shaanxi_guanzhong,2020,water_vs_cost,16.018412371232664,10.0,0.04672897196261682,-0.14918197882242157,-0.14918197882242157,4.812033027290372,10.0,11.20637934394229,0.0,,,0
ppo_residual_gamma1,shaanxi_guanzhong,2021,balanced,16.82677802087391,20.0,0.12962962962962962,0.20428668233417746,0.20428668233417746,5.2924626682153795,20.0,11.53431535265853,0.0,,,0
ppo_residual_gamma1,shaanxi_guanzhong,2021,yield_max,16.826724971426273,40.0,0.2222222222222222,0.6311075002511595,0.6311075002511595,5.292409618767744,40.0,11.53431535265853,0.0,,,0
ppo_residual_gamma1,shaanxi_guanzhong,2021,water_min,16.826752278818056,10.0,0.05555555555555555,-0.08642869716011065,-0.08642869716011065,5.292436926159528,10.0,11.53431535265853,0.0,,,0
ppo_residual_gamma1,shaanxi_guanzhong,2021,cost_min,16.82673918325129,10.0,0.09259259259259259,-0.13642888423963584,-0.13642888423963584,5.292423830592762,10.0,11.53431535265853,0.0,,,0
ppo_residual_gamma1,shaanxi_guanzhong,2021,risk_min,16.837252497311756,185.0,0.6296296296296297,-0.8849486546734652,-0.8849486546734652,5.292409618767744,145.0,11.544842878544012,40.0,,,0
ppo_residual_gamma1,shaanxi_guanzhong,2021,yield_vs_water,16.82677802087391,10.0,0.12037037037037036,0.4928583529177218,0.4928583529177218,5.2924626682153795,10.0,11.53431535265853,0.0,,,0
ppo_residual_gamma1,shaanxi_guanzhong,2021,water_vs_cost,16.826735079023123,10.0,0.06481481481481481,-0.14059560953813355,-0.14059560953813355,5.292419726364594,10.0,11.53431535265853,0.0,,,0
ppo_residual_gamma1,shaanxi_guanzhong,2022,balanced,12.267119767374949,45.0,0.03669724770642202,-0.2851162315965413,-0.2851162315965413,4.929894088247259,25.0,7.337225679127689,20.0,,,0
ppo_residual_gamma1,shaanxi_guanzhong,2022,yield_max,12.272909364783645,55.0,0.11009174311926606,0.25452235608639573,0.25452235608639573,4.9298633072696285,35.0,7.343046057514017,20.0,,,0
ppo_residual_gamma1,shaanxi_guanzhong,2022,water_min,12.325537033861785,30.0,0.09174311926605505,-0.5336231436621767,-0.5336231436621767,4.929893129954295,10.0,7.39564390390749,20.0,,,0
ppo_residual_gamma1,shaanxi_guanzhong,2022,cost_min,12.325537033861785,30.0,0.12844036697247707,-0.6169564769955099,-0.6169564769955099,4.929893129954295,10.0,7.39564390390749,20.0,,,0
ppo_residual_gamma1,shaanxi_guanzhong,2022,risk_min,13.4345324915726,150.0,0.44954128440366975,-0.7517655960422982,-0.7517655960422982,4.9298633072696285,125.0,8.504669184302973,25.0,,,0
ppo_residual_gamma1,shaanxi_guanzhong,2022,yield_vs_water,12.306418603208186,45.0,0.03669724770642202,-0.11616111310898658,-0.11616111310898658,4.9298986410566705,25.0,7.376519962151516,20.0,,,0
ppo_residual_gamma1,shaanxi_guanzhong,2022,water_vs_cost,12.325537033861785,30.0,0.03669724770642202,-0.6572342547732878,-0.6572342547732878,4.929893129954295,10.0,7.39564390390749,20.0,,,0
ppo_residual_gamma1,ningxia_irrigation,2018,balanced,6.632208418985701,245.0,0.29545454545454547,-3.084388053632364,-3.084388053632364,,,,,6.632208418985701,245.0,0
ppo_residual_gamma1,ningxia_irrigation,2018,yield_max,6.346806283015375,240.0,0.3181818181818182,-1.0895569697524161,-1.0895569697524161,,,,,6.346806283015375,240.0,0
ppo_residual_gamma1,ningxia_irrigation,2018,water_min,6.346806283015375,240.0,0.3181818181818182,-4.841365281393197,-4.841365281393197,,,,,6.346806283015375,240.0,0
ppo_residual_gamma1,ningxia_irrigation,2018,cost_min,6.346806283015375,240.0,0.3181818181818182,-5.241365281393197,-5.241365281393197,,,,,6.346806283015375,240.0,0
ppo_residual_gamma1,ningxia_irrigation,2018,risk_min,10.046901033041545,285.0,0.25,-1.4295522132871044,-1.4295522132871044,,,,,10.046901033041545,285.0,0
ppo_residual_gamma1,ningxia_irrigation,2018,yield_vs_water,6.346806283015375,240.0,0.3181818181818182,-2.60682640696601,-2.60682640696601,,,,,6.346806283015375,240.0,0
ppo_residual_gamma1,ningxia_irrigation,2018,water_vs_cost,6.346806283015375,240.0,0.3181818181818182,-5.674698614726531,-5.674698614726531,,,,,6.346806283015375,240.0,0
ppo_residual_gamma1,ningxia_irrigation,2019,balanced,7.8127354491608205,310.0,0.3409090909090909,-3.9722353143779423,-3.9722353143779423,,,,,7.8127354491608205,310.0,0
ppo_residual_gamma1,ningxia_irrigation,2019,yield_max,9.086148860475925,325.0,0.3409090909090909,-1.481692864749002,-1.481692864749002,,,,,9.086148860475925,325.0,0
ppo_residual_gamma1,ningxia_irrigation,2019,water_min,8.608287938424558,315.0,0.38636363636363635,-6.463947748996952,-6.463947748996952,,,,,8.608287938424558,315.0,0
ppo_residual_gamma1,ningxia_irrigation,2019,cost_min,9.110329893158875,315.0,0.3409090909090909,-6.9548895287303365,-6.9548895287303365,,,,,9.110329893158875,315.0,0
ppo_residual_gamma1,ningxia_irrigation,2019,risk_min,11.448573633601915,400.0,0.36363636363636365,-2.052908065845033,-2.052908065845033,,,,,11.448573633601915,400.0,0
ppo_residual_gamma1,ningxia_irrigation,2019,yield_vs_water,9.109610539497028,315.0,0.36363636363636365,-3.4986695086924957,-3.4986695086924957,,,,,9.109610539497028,315.0,0
ppo_residual_gamma1,ningxia_irrigation,2019,water_vs_cost,8.359148224963162,305.0,0.36363636363636365,-7.239666057833344,-7.239666057833344,,,,,8.359148224963162,305.0,0
ppo_residual_gamma1,ningxia_irrigation,2020,balanced,8.564307600336427,430.0,0.38636363636363635,-5.495355686921712,-5.495355686921712,,,,,8.564307600336427,430.0,0
ppo_residual_gamma1,ningxia_irrigation,2020,yield_max,8.564307600336427,430.0,0.4318181818181818,-2.0564557854463357,-2.0564557854463357,,,,,8.564307600336427,430.0,0
ppo_residual_gamma1,ningxia_irrigation,2020,water_min,7.9433529034380035,415.0,0.38636363636363635,-8.459155581180836,-8.459155581180836,,,,,7.9433529034380035,415.0,0
ppo_residual_gamma1,ningxia_irrigation,2020,cost_min,7.891696966055619,415.0,0.38636363636363635,-9.134487506086597,-9.134487506086597,,,,,7.891696966055619,415.0,0
ppo_residual_gamma1,ningxia_irrigation,2020,risk_min,11.155101613275058,450.0,0.4772727272727273,-2.3235514173023324,-2.3235514173023324,,,,,11.155101613275058,450.0,0
ppo_residual_gamma1,ningxia_irrigation,2020,yield_vs_water,7.891797716480928,420.0,0.4090909090909091,-4.69048961183591,-4.69048961183591,,,,,7.891797716480928,420.0,0
ppo_residual_gamma1,ningxia_irrigation,2020,water_vs_cost,7.639754921266238,410.0,0.3181818181818182,-9.62776899624994,-9.62776899624994,,,,,7.639754921266238,410.0,0
ppo_residual_gamma1,ningxia_irrigation,2021,balanced,0.0,0.0,0.0,-0.08607043041529906,-0.08607043041529906,,,,,0.0,0.0,0
ppo_residual_gamma1,ningxia_irrigation,2021,yield_max,0.0,0.0,0.0,-0.15062325322677333,-0.15062325322677333,,,,,0.0,0.0,0
ppo_residual_gamma1,ningxia_irrigation,2021,water_min,0.0,0.0,0.0,-0.021517607603824766,-0.021517607603824766,,,,,0.0,0.0,0
ppo_residual_gamma1,ningxia_irrigation,2021,cost_min,0.0,0.0,0.0,-0.021517607603824766,-0.021517607603824766,,,,,0.0,0.0,0
ppo_residual_gamma1,ningxia_irrigation,2021,risk_min,0.0,25.0,0.045454545454545456,-0.1504369340167756,-0.1504369340167756,,,,,0.0,25.0,0
ppo_residual_gamma1,ningxia_irrigation,2021,yield_vs_water,0.0,0.0,0.0,-0.10758803801912381,-0.10758803801912381,,,,,0.0,0.0,0
ppo_residual_gamma1,ningxia_irrigation,2021,water_vs_cost,0.0,0.0,0.0,-0.021517607603824766,-0.021517607603824766,,,,,0.0,0.0,0
ppo_residual_gamma1,ningxia_irrigation,2022,balanced,10.678889092967944,325.0,0.29545454545454547,-4.397698403317376,-4.397698403317376,,,,,10.678889092967944,325.0,0
ppo_residual_gamma1,ningxia_irrigation,2022,yield_max,10.81802727493037,340.0,0.36363636363636365,-1.8082085905553082,-1.8082085905553082,,,,,10.81802727493037,340.0,0
ppo_residual_gamma1,ningxia_irrigation,2022,water_min,10.869786214713821,330.0,0.36363636363636365,-6.930339536215147,-6.930339536215147,,,,,10.869786214713821,330.0,0
ppo_residual_gamma1,ningxia_irrigation,2022,cost_min,10.641265646200962,320.0,0.25,-7.190261264036702,-7.190261264036702,,,,,10.641265646200962,320.0,0
ppo_residual_gamma1,ningxia_irrigation,2022,risk_min,11.895603951340826,405.0,0.45454545454545453,-2.79576031640755,-2.79576031640755,,,,,11.895603951340826,405.0,0
ppo_residual_gamma1,ningxia_irrigation,2022,yield_vs_water,10.678889092967944,325.0,0.3181818181818182,-3.622470226368944,-3.622470226368944,,,,,10.678889092967944,325.0,0
ppo_residual_gamma1,ningxia_irrigation,2022,water_vs_cost,10.508684109361386,315.0,0.2727272727272727,-7.390398471499563,-7.390398471499563,,,,,10.508684109361386,315.0,0
ppo_residual_gamma1,beijing_plain,2018,balanced,10.564187497620155,70.0,0.08928571428571429,-0.6906372408297388,-0.6906372408297388,2.830654333912069,50.0,7.733533163708087,20.0,,,1
ppo_residual_gamma1,beijing_plain,2018,yield_max,13.152035179125926,180.0,0.20535714285714285,-0.42542867648672844,-0.42542867648672844,2.733116054633616,35.0,10.41891912449231,145.0,,,1
ppo_residual_gamma1,beijing_plain,2018,water_min,12.918358106488487,165.0,0.10714285714285714,-3.3698276674946808,-3.3698276674946808,2.722804224255608,25.0,10.195553882232879,140.0,,,1
ppo_residual_gamma1,beijing_plain,2018,cost_min,10.470782560847267,45.0,0.017857142857142856,-1.0162254939068085,-1.0162254939068085,2.6813558362564787,25.0,7.789426724590789,20.0,,,1
ppo_residual_gamma1,beijing_plain,2018,risk_min,10.564187497620155,70.0,0.08035714285714286,-0.31085375465187914,-0.31085375465187914,2.830654333912069,50.0,7.733533163708087,20.0,,,1
ppo_residual_gamma1,beijing_plain,2018,yield_vs_water,10.564187497620155,70.0,0.08928571428571429,-0.5292687732593939,-0.5292687732593939,2.830654333912069,50.0,7.733533163708087,20.0,,,1
ppo_residual_gamma1,beijing_plain,2018,water_vs_cost,10.470782560847267,45.0,0.026785714285714284,-1.004419938351253,-1.004419938351253,2.6813558362564787,25.0,7.789426724590789,20.0,,,1
ppo_residual_gamma1,beijing_plain,2019,balanced,8.586390477124066,410.0,0.19090909090909092,-5.264204819784698,-5.264204819784698,1.3461290821523355,390.0,7.24026139497173,20.0,,,1
ppo_residual_gamma1,beijing_plain,2019,yield_max,10.395970970445404,445.0,0.20909090909090908,-2.22981990278699,-2.22981990278699,1.3972096061083679,395.0,8.998761364337037,50.0,,,1
ppo_residual_gamma1,beijing_plain,2019,water_min,8.593937502380681,415.0,0.17272727272727273,-8.663458900202112,-8.663458900202112,1.4726036070996378,395.0,7.121333895281043,20.0,,,1
ppo_residual_gamma1,beijing_plain,2019,cost_min,8.679005201475304,425.0,0.18181818181818182,-9.39572401421085,-9.39572401421085,1.552179769728762,405.0,7.126825431746543,20.0,,,1
ppo_residual_gamma1,beijing_plain,2019,risk_min,9.850572602106059,440.0,0.20909090909090908,-3.644334903985965,-3.644334903985965,1.5140041915083657,415.0,8.336568410597692,25.0,,,1
ppo_residual_gamma1,beijing_plain,2019,yield_vs_water,8.724719369320074,410.0,0.2,-4.580638017739171,-4.580638017739171,1.4899621411888164,390.0,7.234757228131256,20.0,,,1
ppo_residual_gamma1,beijing_plain,2019,water_vs_cost,8.564407092553221,450.0,0.16363636363636364,-10.67645959861258,-10.67645959861258,1.4286847843155106,370.0,7.13572230823771,80.0,,,1
ppo_residual_gamma1,beijing_plain,2020,balanced,10.964669527062005,180.0,0.13636363636363635,-2.134621594308531,-2.134621594308531,0.7057447990895921,50.0,10.258924727972413,130.0,,,1
ppo_residual_gamma1,beijing_plain,2020,yield_max,4.139513424172795,130.0,0.07272727272727272,-0.855284157979075,-0.855284157979075,0.7728956573073931,70.0,3.3666177668654016,60.0,,,1
ppo_residual_gamma1,beijing_plain,2020,water_min,4.603182516543708,105.0,0.06363636363636363,-2.3336416637297925,-2.3336416637297925,0.6333911127198273,45.0,3.9697914038238804,60.0,,,1
ppo_residual_gamma1,beijing_plain,2020,cost_min,7.8114157984347194,160.0,0.08181818181818182,-3.6896530054253467,-3.6896530054253467,0.6237055761999197,40.0,7.1877102222347995,120.0,,,1
ppo_residual_gamma1,beijing_plain,2020,risk_min,11.375705376724914,120.0,0.07272727272727272,-0.5706279715232968,-0.5706279715232968,0.7949441072493324,100.0,10.580761269475582,20.0,,,1
ppo_residual_gamma1,beijing_plain,2020,yield_vs_water,4.139513424172795,130.0,0.07272727272727272,-1.581155350937432,-1.581155350937432,0.7728956573073931,70.0,3.3666177668654016,60.0,,,1
ppo_residual_gamma1,beijing_plain,2020,water_vs_cost,7.8114157984347194,160.0,0.09090909090909091,-3.7785418943142353,-3.7785418943142353,0.6237055761999197,40.0,7.1877102222347995,120.0,,,1
ppo_residual_gamma1,beijing_plain,2021,balanced,11.735429359859502,45.0,0.15454545454545454,-0.46368619882717593,-0.46368619882717593,0.8294751365942061,45.0,10.905954223265296,0.0,,,1
ppo_residual_gamma1,beijing_plain,2021,yield_max,11.43022024951206,45.0,0.24545454545454545,-0.07104606546161918,-0.07104606546161918,0.8483201915648232,45.0,10.581900057947236,0.0,,,1
ppo_residual_gamma1,beijing_plain,2021,water_min,11.812070249244208,45.0,0.06363636363636363,-0.9543302660411758,-0.9543302660411758,0.8118311503120889,45.0,11.000239098932118,0.0,,,1
ppo_residual_gamma1,beijing_plain,2021,cost_min,11.833698099750963,40.0,0.06363636363636363,-1.0222115153871978,-1.0222115153871978,0.7961003518919771,40.0,11.037597747858985,0.0,,,1
ppo_residual_gamma1,beijing_plain,2021,risk_min,12.416753982001488,110.0,0.17272727272727273,-1.2146180425139668,-1.2146180425139668,0.8809135736191317,50.0,11.535840408382356,60.0,,,1
ppo_residual_gamma1,beijing_plain,2021,yield_vs_water,11.43022024951206,45.0,0.10909090909090909,-0.3513424277106798,-0.3513424277106798,0.8483201915648232,45.0,10.581900057947236,0.0,,,1
ppo_residual_gamma1,beijing_plain,2021,water_vs_cost,12.339709301073912,85.0,0.06363636363636363,-1.9462770939333893,-1.9462770939333893,0.8042149444473441,25.0,11.535494356626568,60.0,,,1
ppo_residual_gamma1,beijing_plain,2022,balanced,14.308919009070337,75.0,0.14285714285714285,-0.6165369617155795,-0.6165369617155795,3.0027563482576216,75.0,11.306162660812715,0.0,,,1
ppo_residual_gamma1,beijing_plain,2022,yield_max,14.561042917343368,115.0,0.16964285714285715,0.012634920634690183,0.012634920634690183,3.070018919532991,95.0,11.491023997810377,20.0,,,1
ppo_residual_gamma1,beijing_plain,2022,water_min,14.455629772013495,75.0,0.10714285714285714,-1.5250498538613202,-1.5250498538613202,2.906359862787758,75.0,11.549269909225737,0.0,,,1
ppo_residual_gamma1,beijing_plain,2022,cost_min,14.455629772013495,75.0,0.0625,-1.6000498538613201,-1.6000498538613201,2.906359862787758,75.0,11.549269909225737,0.0,,,1
ppo_residual_gamma1,beijing_plain,2022,risk_min,14.552537571642034,100.0,0.15178571428571427,-0.42828356075557017,-0.42828356075557017,3.003267662416298,100.0,11.549269909225737,0.0,,,1
ppo_residual_gamma1,beijing_plain,2022,yield_vs_water,14.294602652043757,75.0,0.15178571428571427,-0.4689760129934786,-0.4689760129934786,2.9879090811922984,75.0,11.30669357085146,0.0,,,1
ppo_residual_gamma1,beijing_plain,2022,water_vs_cost,14.436233342177132,70.0,0.0625,-1.5503100890382815,-1.5503100890382815,2.8869634329513953,70.0,11.549269909225737,0.0,,,1
ppo_residual_gamma1,hebei_central,2018,balanced,11.39090348018959,165.0,0.10714285714285714,-2.1204114633854143,-2.1204114633854143,4.197351628180243,25.0,7.193551852009346,140.0,,,1
ppo_residual_gamma1,hebei_central,2018,yield_max,11.012458495748097,145.0,0.08928571428571429,-0.5667469966321111,-0.5667469966321111,4.152038247942742,15.0,6.860420247805355,130.0,,,1
ppo_residual_gamma1,hebei_central,2018,water_min,10.988632860951233,130.0,0.0625,-2.601149403377139,-2.601149403377139,4.112445803605742,0.0,6.876187057345491,130.0,,,1
ppo_residual_gamma1,hebei_central,2018,cost_min,10.76496776547406,125.0,0.05357142857142857,-2.6969626862948166,-2.6969626862948166,4.112445803605742,0.0,6.652521961868318,125.0,,,1
ppo_residual_gamma1,hebei_central,2018,risk_min,11.0317998930246,140.0,0.10714285714285714,-0.7090931698754412,-0.7090931698754412,4.177771657112478,10.0,6.854028235912121,130.0,,,1
ppo_residual_gamma1,hebei_central,2018,yield_vs_water,11.009056215604513,135.0,0.09821428571428571,-1.3912652162809587,-1.3912652162809587,4.146802727721984,5.0,6.862253487882529,130.0,,,1
ppo_residual_gamma1,hebei_central,2018,water_vs_cost,10.482769434637422,120.0,0.05357142857142857,-2.825439526739895,-2.825439526739895,4.112445803605742,0.0,6.370323631031681,120.0,,,1
ppo_residual_gamma1,hebei_central,2019,balanced,6.799724240720499,450.0,0.34234234234234234,-6.891226414056561,-6.891226414056561,3.0166358604394055,390.0,3.783088380281094,60.0,,,1
ppo_residual_gamma1,hebei_central,2019,yield_max,6.383755316609691,450.0,0.3063063063063063,-3.5268591571153913,-3.5268591571153913,2.8370554200311644,395.0,3.546699896578527,55.0,,,1
ppo_residual_gamma1,hebei_central,2019,water_min,7.182470546441975,450.0,0.32432432432432434,-10.066600656855586,-10.066600656855586,2.936456028952254,385.0,4.246014517489721,65.0,,,1
ppo_residual_gamma1,hebei_central,2019,cost_min,13.856115144357556,365.0,0.18018018018018017,-8.526965835380262,-8.526965835380262,2.616369262017647,365.0,11.239745882339909,0.0,,,1
ppo_residual_gamma1,hebei_central,2019,risk_min,14.313805639917236,445.0,0.2702702702702703,-2.222542075455311,-2.222542075455311,3.066258661678736,445.0,11.2475469782385,0.0,,,1
ppo_residual_gamma1,hebei_central,2019,yield_vs_water,6.799724240720499,450.0,0.34234234234234234,-5.850838573126263,-5.850838573126263,3.0166358604394055,390.0,3.783088380281094,60.0,,,1
ppo_residual_gamma1,hebei_central,2019,water_vs_cost,13.912674071643888,370.0,0.15315315315315314,-8.626339989279414,-8.626339989279414,2.6729281893039794,370.0,11.239745882339909,0.0,,,1
ppo_residual_gamma1,hebei_central,2020,balanced,15.030493244200741,170.0,0.16216216216216217,-1.9088644193510536,-1.9088644193510536,4.056745854464496,90.0,10.973747389736246,80.0,,,1
ppo_residual_gamma1,hebei_central,2020,yield_max,15.25328315456908,105.0,0.18018018018018017,0.06105995601986636,0.06105995601986636,4.0134154183459945,100.0,11.239867736223086,5.0,,,1
ppo_residual_gamma1,hebei_central,2020,water_min,14.967942645070142,170.0,0.14414414414414414,-3.542586544727243,-3.542586544727243,3.995550625578801,90.0,10.972392019491341,80.0,,,1
ppo_residual_gamma1,hebei_central,2020,cost_min,14.91286822884461,165.0,0.10810810810810811,-3.8030172104618996,-3.8030172104618996,3.9427454515906786,85.0,10.970122777253932,80.0,,,1
ppo_residual_gamma1,hebei_central,2020,risk_min,15.331053860071892,120.0,0.12612612612612611,-1.2196063170306544,-1.2196063170306544,4.091353495481037,120.0,11.239700364590854,0.0,,,1
ppo_residual_gamma1,hebei_central,2020,yield_vs_water,15.030493244200741,170.0,0.17117117117117117,-1.4839971908554908,-1.4839971908554908,4.056745854464496,90.0,10.973747389736246,80.0,,,1
ppo_residual_gamma1,hebei_central,2020,water_vs_cost,14.958162146585703,160.0,0.12612612612612611,-3.701165172192104,-3.701165172192104,3.981539363324065,80.0,10.976622783261638,80.0,,,1
ppo_residual_gamma1,hebei_central,2021,balanced,13.995393818413392,140.0,0.13761467889908258,-1.6364904269111755,-1.6364904269111755,4.130654500188069,140.0,9.864739318225324,0.0,,,1
ppo_residual_gamma1,hebei_central,2021,yield_max,14.06209531591659,150.0,0.1743119266055046,-0.2356485695543975,-0.2356485695543975,4.197624602057071,145.0,9.86447071385952,5.0,,,1
ppo_residual_gamma1,hebei_central,2021,water_min,13.963783401509264,130.0,0.10091743119266056,-2.7390288854407165,-2.7390288854407165,4.123861997625744,130.0,9.83992140388352,0.0,,,1
ppo_residual_gamma1,hebei_central,2021,cost_min,13.912623758016382,125.0,0.06422018348623854,-2.8324918318913994,-2.8324918318913994,4.098494590291409,125.0,9.814129167724973,0.0,,,1
ppo_residual_gamma1,hebei_central,2021,risk_min,14.018619496428126,145.0,0.12844036697247707,-1.3589276136094872,-1.3589276136094872,4.173890317113309,145.0,9.844729179314816,0.0,,,1
ppo_residual_gamma1,hebei_central,2021,yield_vs_water,13.995393818413392,140.0,0.13761467889908258,-1.2275574780834213,-1.2275574780834213,4.130654500188069,140.0,9.864739318225324,0.0,,,1
ppo_residual_gamma1,hebei_central,2021,water_vs_cost,13.912623758016382,125.0,0.07339449541284404,-2.8651307207802885,-2.8651307207802885,4.098494590291409,125.0,9.814129167724973,0.0,,,1
ppo_residual_gamma1,hebei_central,2022,balanced,13.10806182478056,95.0,0.04504504504504504,-0.9552534600684754,-0.9552534600684754,4.438938556494327,75.0,8.669123268286231,20.0,,,1
ppo_residual_gamma1,hebei_central,2022,yield_max,16.374343293662186,195.0,0.3153153153153153,-0.34254539814908314,-0.34254539814908314,4.899549650916082,175.0,11.474793642746105,20.0,,,1
ppo_residual_gamma1,hebei_central,2022,water_min,15.804931877653836,70.0,0.06306306306306306,-1.4060620090039149,-1.4060620090039149,4.320924420349766,70.0,11.48400745730407,0.0,,,1
ppo_residual_gamma1,hebei_central,2022,cost_min,14.588512684735258,65.0,0.036036036036036036,-1.5220816423209218,-1.5220816423209218,4.320531429071913,45.0,10.267981255663345,20.0,,,1
ppo_residual_gamma1,hebei_central,2022,risk_min,16.034394282355024,110.0,0.10810810810810811,-0.46463801382419534,-0.46463801382419534,4.513232674072947,110.0,11.521161608282076,0.0,,,1
ppo_residual_gamma1,hebei_central,2022,yield_vs_water,13.83236383966965,100.0,0.04504504504504504,-0.7605863236652313,-0.7605863236652313,4.438938556494327,75.0,9.393425283175322,25.0,,,1
ppo_residual_gamma1,hebei_central,2022,water_vs_cost,15.804931877653836,70.0,0.05405405405405406,-1.5296731201150262,-1.5296731201150262,4.320924420349766,70.0,11.48400745730407,0.0,,,1
ppo_residual_gamma1,henan_north,2018,balanced,17.3759171939993,25.0,0.08181818181818182,0.20249201945803086,0.20249201945803086,5.933839979905361,25.0,11.442077214093938,0.0,,,1
ppo_residual_gamma1,henan_north,2018,yield_max,17.429437278680076,45.0,0.1,0.6747417534611715,0.6747417534611715,5.986488981153234,35.0,11.442948297526842,10.0,,,1
ppo_residual_gamma1,henan_north,2018,water_min,17.34696708774545,25.0,0.06363636363636363,-0.3736865130998285,-0.3736865130998285,5.904889873651512,25.0,11.442077214093938,0.0,,,1
ppo_residual_gamma1,henan_north,2018,cost_min,17.34057467619982,25.0,0.03636363636363636,-0.39881800263161016,-0.39881800263161016,5.898497462105881,25.0,11.442077214093938,0.0,,,1
ppo_residual_gamma1,henan_north,2018,risk_min,17.751250786247592,90.0,0.10909090909090909,-0.3339413025590535,-0.3339413025590535,6.310175041479201,75.0,11.441075744768392,15.0,,,1
ppo_residual_gamma1,henan_north,2018,yield_vs_water,17.59749858795756,45.0,0.08181818181818182,0.10698560333249074,0.10698560333249074,6.155403882442622,45.0,11.442094705514938,0.0,,,1
ppo_residual_gamma1,henan_north,2018,water_vs_cost,17.34696708774545,25.0,0.05454545454545454,-0.45076984643316187,-0.45076984643316187,5.904889873651512,25.0,11.442077214093938,0.0,,,1
ppo_residual_gamma1,henan_north,2019,balanced,8.525647532754833,400.0,0.2072072072072072,-5.222635604960008,-5.222635604960008,2.069969891581809,240.0,6.455677641173024,160.0,,,1
ppo_residual_gamma1,henan_north,2019,yield_max,10.624199267022348,255.0,0.11711711711711711,-1.3320409194170053,-1.3320409194170053,2.0752934387987674,235.0,8.548905828223582,20.0,,,1
ppo_residual_gamma1,henan_north,2019,water_min,10.553014501976325,260.0,0.10810810810810811,-5.5057688397951745,-5.5057688397951745,2.0411028178449326,240.0,8.511911684131391,20.0,,,1
ppo_residual_gamma1,henan_north,2019,cost_min,10.707815636130348,250.0,0.10810810810810811,-5.790610729357935,-5.790610729357935,2.0225737913985746,230.0,8.685241844731774,20.0,,,1
ppo_residual_gamma1,henan_north,2019,risk_min,10.60242384931304,305.0,0.13513513513513514,-1.5282623450617192,-1.5282623450617192,2.303521476378061,285.0,8.298902372934979,20.0,,,1
ppo_residual_gamma1,henan_north,2019,yield_vs_water,10.1629914725592,450.0,0.23423423423423423,-5.057428032819955,-5.057428032819955,2.104281165491555,235.0,8.058710307067646,215.0,,,1
ppo_residual_gamma1,henan_north,2019,water_vs_cost,10.707815636130348,250.0,0.10810810810810811,-5.855888507135713,-5.855888507135713,2.0225737913985746,230.0,8.685241844731774,20.0,,,1
ppo_residual_gamma1,henan_north,2020,balanced,17.400424629159108,120.0,0.10091743119266056,-1.1838455709284894,-1.1838455709284894,6.736831824008606,75.0,10.663592805150502,45.0,,,1
ppo_residual_gamma1,henan_north,2020,yield_max,17.414449843611045,115.0,0.11009174311926606,0.05390139854527498,0.05390139854527498,6.835502371989603,70.0,10.578947471621442,45.0,,,1
ppo_residual_gamma1,henan_north,2020,water_min,17.406030889038583,130.0,0.09174311926605505,-2.5940775589322316,-2.5940775589322316,6.738417177332044,70.0,10.667613711706537,60.0,,,1
ppo_residual_gamma1,henan_north,2020,cost_min,17.253269738599325,125.0,0.09174311926605505,-2.5890160126920696,-2.5890160126920696,6.635590225349969,65.0,10.617679513249357,60.0,,,1
ppo_residual_gamma1,henan_north,2020,risk_min,18.477878505997392,100.0,0.09174311926605505,-0.3708429707166535,-0.3708429707166535,6.902545683643964,100.0,11.57533282235343,0.0,,,1
ppo_residual_gamma1,henan_north,2020,yield_vs_water,17.400424629159108,120.0,0.10091743119266056,-0.8659180747717217,-0.8659180747717217,6.736831824008606,75.0,10.663592805150502,45.0,,,1
ppo_residual_gamma1,henan_north,2020,water_vs_cost,17.34273259784442,120.0,0.09174311926605505,-2.7145430571794305,-2.7145430571794305,6.7211012528325345,60.0,10.621631345011886,60.0,,,1
ppo_residual_gamma1,henan_north,2021,balanced,12.990452828085266,160.0,0.12844036697247707,-1.8592823180071196,-1.8592823180071196,2.5633663797978454,75.0,10.42708644828742,85.0,,,1
ppo_residual_gamma1,henan_north,2021,yield_max,11.196026741270334,120.0,0.1559633027522936,-0.39085241694245876,-0.39085241694245876,2.699795382070964,95.0,8.496231359199369,25.0,,,1
ppo_residual_gamma1,henan_north,2021,water_min,13.012724718026686,155.0,0.11926605504587157,-3.2577729677766394,-3.2577729677766394,2.5412566466284607,75.0,10.471468071398224,80.0,,,1
ppo_residual_gamma1,henan_north,2021,cost_min,10.747619332264772,80.0,0.09174311926605505,-1.998606728519158,-1.998606728519158,2.5123536188671447,80.0,8.235265713397627,0.0,,,1
ppo_residual_gamma1,henan_north,2021,risk_min,13.100575162234708,125.0,0.1651376146788991,-1.2680263465763892,-1.2680263465763892,2.794064099731109,125.0,10.3065110625036,0.0,,,1
ppo_residual_gamma1,henan_north,2021,yield_vs_water,10.744835550409924,115.0,0.13761467889908258,-1.1165812495752703,-1.1165812495752703,2.699795382070964,95.0,8.045040168338959,20.0,,,1
ppo_residual_gamma1,henan_north,2021,water_vs_cost,12.889199666382453,85.0,0.11009174311926606,-1.930914790685273,-1.930914790685273,2.509316879721151,85.0,10.379882786661302,0.0,,,1
ppo_residual_gamma1,henan_north,2022,balanced,17.967434053169992,125.0,0.0990990990990991,-1.071717596375577,-1.071717596375577,6.408497688253352,125.0,11.55893636491664,0.0,,,1
ppo_residual_gamma1,henan_north,2022,yield_max,17.92627567156846,340.0,0.24324324324324326,-0.9348415457982382,-0.9348415457982382,7.2215427270743024,195.0,10.704732944494161,145.0,,,1
ppo_residual_gamma1,henan_north,2022,water_min,17.157823608577743,135.0,0.05405405405405406,-2.618452568065411,-2.618452568065411,6.485882147095729,115.0,10.671941461482014,20.0,,,1
ppo_residual_gamma1,henan_north,2022,cost_min,17.150925123522377,125.0,0.06306306306306306,-2.9100979503045474,-2.9100979503045474,6.430328071415084,105.0,10.720597052107292,20.0,,,1
ppo_residual_gamma1,henan_north,2022,risk_min,18.291656494588555,150.0,0.15315315315315314,-0.6322783023591123,-0.6322783023591123,6.73283315750215,150.0,11.558823337086404,0.0,,,1
ppo_residual_gamma1,henan_north,2022,yield_vs_water,17.977705200069334,130.0,0.10810810810810811,-0.783946717804088,-0.783946717804088,6.418768835152693,130.0,11.55893636491664,0.0,,,1
ppo_residual_gamma1,henan_north,2022,water_vs_cost,17.174549905149995,140.0,0.07207207207207207,-3.225630731675622,-3.225630731675622,6.430328071415084,100.0,10.74422183373491,40.0,,,1
ppo_residual_gamma1,shaanxi_guanzhong,2018,balanced,14.14799035618186,125.0,0.1574074074074074,-1.26265430733643,-1.26265430733643,4.651352494802447,10.0,9.496637861379412,115.0,,,1
ppo_residual_gamma1,shaanxi_guanzhong,2018,yield_max,14.421150298646447,155.0,0.3611111111111111,-0.15209658704413487,-0.15209658704413487,4.651345355694838,20.0,9.769804942951609,135.0,,,1
ppo_residual_gamma1,shaanxi_guanzhong,2018,water_min,14.147283552058585,120.0,0.09259259259259259,-2.3368542290440555,-2.3368542290440555,4.650645788597278,5.0,9.496637763461308,115.0,,,1
ppo_residual_gamma1,shaanxi_guanzhong,2018,cost_min,14.147283552058585,120.0,0.05555555555555555,-2.5368542290440557,-2.5368542290440557,4.650645788597278,5.0,9.496637763461308,115.0,,,1
ppo_residual_gamma1,shaanxi_guanzhong,2018,risk_min,14.649450809246058,140.0,0.2962962962962963,-0.6385528042852628,-0.6385528042852628,4.651128339556457,20.0,9.998322469689601,120.0,,,1
ppo_residual_gamma1,shaanxi_guanzhong,2018,yield_vs_water,14.147983355312373,130.0,0.25,-1.0064433880964412,-1.0064433880964412,4.651345355694838,15.0,9.496637999617535,115.0,,,1
ppo_residual_gamma1,shaanxi_guanzhong,2018,water_vs_cost,14.147283552058585,120.0,0.09259259259259259,-2.7535208957107224,-2.7535208957107224,4.650645788597278,5.0,9.496637763461308,115.0,,,1
ppo_residual_gamma1,shaanxi_guanzhong,2019,balanced,11.713538812953258,110.0,0.11926605504587157,-1.38274102643845,-1.38274102643845,1.2613944153483605,45.0,10.452144397604897,65.0,,,1
ppo_residual_gamma1,shaanxi_guanzhong,2019,yield_max,12.034991439211419,145.0,0.13761467889908258,-0.5183740714622526,-0.5183740714622526,1.6028873995611577,75.0,10.43210403965026,70.0,,,1
ppo_residual_gamma1,shaanxi_guanzhong,2019,water_min,11.580441441568476,105.0,0.11009174311926606,-2.46742942744134,-2.46742942744134,1.1483374151742907,40.0,10.432104026394185,65.0,,,1
ppo_residual_gamma1,shaanxi_guanzhong,2019,cost_min,11.580441441568476,105.0,0.06422018348623854,-2.6257627607746734,-2.6257627607746734,1.1483374151742907,40.0,10.432104026394185,65.0,,,1
ppo_residual_gamma1,shaanxi_guanzhong,2019,risk_min,11.784391344867021,180.0,0.13761467889908258,-0.8776357578026038,-0.8776357578026038,1.4059844697382418,100.0,10.37840687512878,80.0,,,1
ppo_residual_gamma1,shaanxi_guanzhong,2019,yield_vs_water,11.63341194382719,115.0,0.11926605504587157,-1.1061168372096446,-1.1061168372096446,1.2644232019689026,50.0,10.368988741858287,65.0,,,1
ppo_residual_gamma1,shaanxi_guanzhong,2019,water_vs_cost,11.580441441568476,105.0,0.08256880733944955,-2.4222905385524522,-2.4222905385524522,1.1483374151742907,40.0,10.432104026394185,65.0,,,1
ppo_residual_gamma1,shaanxi_guanzhong,2020,balanced,16.004198247012955,10.0,0.056074766355140186,0.2887284078745841,0.2887284078745841,4.797818903070665,10.0,11.20637934394229,0.0,,,1
ppo_residual_gamma1,shaanxi_guanzhong,2020,yield_max,16.200537140626277,90.0,0.3644859813084112,0.24870966913438097,0.24870966913438097,4.994152288756218,90.0,11.206384851870059,0.0,,,1
ppo_residual_gamma1,shaanxi_guanzhong,2020,water_min,15.98907753140781,5.0,0.028037383177570093,0.0032551231972648975,0.0032551231972648975,4.782708270245784,5.0,11.206369261162026,0.0,,,1
ppo_residual_gamma1,shaanxi_guanzhong,2020,cost_min,15.98907753140781,5.0,0.009345794392523364,-0.05507821013606842,-0.05507821013606842,4.782708270245784,5.0,11.206369261162026,0.0,,,1
ppo_residual_gamma1,shaanxi_guanzhong,2020,risk_min,16.11011484237859,35.0,0.18691588785046728,-0.07315439658660461,-0.07315439658660461,4.906403069249422,35.0,11.203711773129168,0.0,,,1
ppo_residual_gamma1,shaanxi_guanzhong,2020,yield_vs_water,15.998320812459843,35.0,0.17757009345794392,0.15996039349409008,0.15996039349409008,4.797784171810498,35.0,11.200536640649345,0.0,,,1
ppo_residual_gamma1,shaanxi_guanzhong,2020,water_vs_cost,15.98907753140781,5.0,0.018691588785046728,-0.04327265458051288,-0.04327265458051288,4.782708270245784,5.0,11.206369261162026,0.0,,,1
ppo_residual_gamma1,shaanxi_guanzhong,2021,balanced,16.826789861823677,5.0,0.19444444444444445,0.4056762478487675,0.4056762478487675,5.292474509165149,5.0,11.53431535265853,0.0,,,1
ppo_residual_gamma1,shaanxi_guanzhong,2021,yield_max,16.826724971426273,80.0,0.5462962962962963,0.3533297224733828,0.3533297224733828,5.292409618767744,80.0,11.53431535265853,0.0,,,1
ppo_residual_gamma1,shaanxi_guanzhong,2021,water_min,16.826809753102594,5.0,0.07407407407407407,0.012183235012208193,0.012183235012208193,5.292494400444067,5.0,11.53431535265853,0.0,,,1
ppo_residual_gamma1,shaanxi_guanzhong,2021,cost_min,16.826809753102594,0.0,0.05555555555555555,0.12190545723443041,0.12190545723443041,5.292494400444067,0.0,11.53431535265853,0.0,,,1
ppo_residual_gamma1,shaanxi_guanzhong,2021,risk_min,16.826777173530495,20.0,0.08333333333333333,0.005238325145305117,0.005238325145305117,5.2924618208719645,20.0,11.53431535265853,0.0,,,1
ppo_residual_gamma1,shaanxi_guanzhong,2021,yield_vs_water,16.82675854814417,15.0,0.2037037037037037,0.42619029534178804,0.42619029534178804,5.29244319548564,15.0,11.53431535265853,0.0,,,1
ppo_residual_gamma1,shaanxi_guanzhong,2021,water_vs_cost,16.826765083783982,5.0,0.07407407407407407,-0.03434518089869265,-0.03434518089869265,5.292449731125455,5.0,11.53431535265853,0.0,,,1
ppo_residual_gamma1,shaanxi_guanzhong,2022,balanced,12.285239406598919,30.0,0.09174311926605505,-0.1053248353643238,-0.1053248353643238,4.929886827170211,10.0,7.3553525794287085,20.0,,,1
ppo_residual_gamma1,shaanxi_guanzhong,2022,yield_max,12.325165922794383,120.0,0.42201834862385323,-0.12705208872368723,-0.12705208872368723,4.9298633072696285,100.0,7.395302615524754,20.0,,,1
ppo_residual_gamma1,shaanxi_guanzhong,2022,water_min,12.285251794718981,25.0,0.03669724770642202,-0.43535880897801427,-0.43535880897801427,4.929899334734257,5.0,7.355352459984725,20.0,,,1
ppo_residual_gamma1,shaanxi_guanzhong,2022,cost_min,12.285251794718981,25.0,0.01834862385321101,-0.527025475644681,-0.527025475644681,4.929899334734257,5.0,7.355352459984725,20.0,,,1
ppo_residual_gamma1,shaanxi_guanzhong,2022,risk_min,12.325537033861785,30.0,0.1926605504587156,-0.08362314366217832,-0.08362314366217832,4.929893129954295,10.0,7.39564390390749,20.0,,,1
ppo_residual_gamma1,shaanxi_guanzhong,2022,yield_vs_water,12.28382283539415,35.0,0.2018348623853211,-0.011578567307785281,-0.011578567307785281,4.929877328077935,15.0,7.353945507316214,20.0,,,1
ppo_residual_gamma1,shaanxi_guanzhong,2022,water_vs_cost,12.285251794718981,25.0,0.045871559633027525,-0.5513310312002366,-0.5513310312002366,4.929899334734257,5.0,7.355352459984725,20.0,,,1
ppo_residual_gamma1,ningxia_irrigation,2018,balanced,6.824687334312073,225.0,0.29545454545454547,-2.799808956114031,-2.799808956114031,,,,,6.824687334312073,225.0,1
ppo_residual_gamma1,ningxia_irrigation,2018,yield_max,6.824687334312073,225.0,0.3181818181818182,-0.9812628954217864,-0.9812628954217864,,,,,6.824687334312073,225.0,1
ppo_residual_gamma1,ningxia_irrigation,2018,water_min,5.862938886224423,230.0,0.2727272727272727,-4.7367203586483395,-4.7367203586483395,,,,,5.862938886224423,230.0,1
ppo_residual_gamma1,ningxia_irrigation,2018,cost_min,5.862938886224423,230.0,0.25,-5.08672035864834,-5.08672035864834,,,,,5.862938886224423,230.0,1
ppo_residual_gamma1,ningxia_irrigation,2018,risk_min,6.824687334312073,225.0,0.29545454545454547,-1.1461327945840634,-1.1461327945840634,,,,,6.824687334312073,225.0,1
ppo_residual_gamma1,ningxia_irrigation,2018,yield_vs_water,6.824687334312073,225.0,0.29545454545454547,-2.418163972920322,-2.418163972920322,,,,,6.824687334312073,225.0,1
ppo_residual_gamma1,ningxia_irrigation,2018,water_vs_cost,5.862938886224423,230.0,0.25,-5.415887025315007,-5.415887025315007,,,,,5.862938886224423,230.0,1
ppo_residual_gamma1,ningxia_irrigation,2019,balanced,8.069462541511117,325.0,0.36363636363636365,-4.045877423833133,-4.045877423833133,,,,,8.069462541511117,325.0,1
ppo_residual_gamma1,ningxia_irrigation,2019,yield_max,8.069462541511117,325.0,0.36363636363636365,-1.4327160472635392,-1.4327160472635392,,,,,8.069462541511117,325.0,1
ppo_residual_gamma1,ningxia_irrigation,2019,water_min,8.599610342662404,325.0,0.3409090909090909,-6.635662022918223,-6.635662022918223,,,,,8.599610342662404,325.0,1
ppo_residual_gamma1,ningxia_irrigation,2019,cost_min,8.52614394554293,315.0,0.3181818181818182,-6.945279975763088,-6.945279975763088,,,,,8.52614394554293,315.0,1
ppo_residual_gamma1,ningxia_irrigation,2019,risk_min,7.98057004430903,325.0,0.36363636363636365,-1.654058936351298,-1.654058936351298,,,,,7.98057004430903,325.0,1
ppo_residual_gamma1,ningxia_irrigation,2019,yield_vs_water,8.069462541511117,325.0,0.3409090909090909,-3.504916224235861,-3.504916224235861,,,,,8.069462541511117,325.0,1
ppo_residual_gamma1,ningxia_irrigation,2019,water_vs_cost,8.502989939695363,320.0,0.29545454545454547,-7.509921579178205,-7.509921579178205,,,,,8.502989939695363,320.0,1
ppo_residual_gamma1,ningxia_irrigation,2020,balanced,7.470087935908814,415.0,0.4318181818181818,-5.324653600034616,-5.324653600034616,,,,,7.470087935908814,415.0,1
ppo_residual_gamma1,ningxia_irrigation,2020,yield_max,8.185656439830252,450.0,0.5,-2.0988161573551434,-2.0988161573551434,,,,,8.185656439830252,450.0,1
ppo_residual_gamma1,ningxia_irrigation,2020,water_min,6.798590726489624,405.0,0.4090909090909091,-8.259028209107374,-8.259028209107374,,,,,6.798590726489624,405.0,1
ppo_residual_gamma1,ningxia_irrigation,2020,cost_min,6.325936916721812,380.0,0.38636363636363635,-8.357710558903767,-8.357710558903767,,,,,6.325936916721812,380.0,1
ppo_residual_gamma1,ningxia_irrigation,2020,risk_min,8.250427535974797,440.0,0.4090909090909091,-2.2625330877507155,-2.2625330877507155,,,,,8.250427535974797,440.0,1
ppo_residual_gamma1,ningxia_irrigation,2020,yield_vs_water,7.470087935908814,415.0,0.45454545454545453,-4.59574755559883,-4.59574755559883,,,,,7.470087935908814,415.0,1
ppo_residual_gamma1,ningxia_irrigation,2020,water_vs_cost,6.325936916721812,380.0,0.38636363636363635,-8.899377225570436,-8.899377225570436,,,,,6.325936916721812,380.0,1
ppo_residual_gamma1,ningxia_irrigation,2021,balanced,0.0,0.0,0.022727272727272728,-0.08607043041529906,-0.08607043041529906,,,,,0.0,0.0,1
ppo_residual_gamma1,ningxia_irrigation,2021,yield_max,0.0,0.0,0.022727272727272728,-0.15062325322677333,-0.15062325322677333,,,,,0.0,0.0,1
ppo_residual_gamma1,ningxia_irrigation,2021,water_min,0.0,0.0,0.0,-0.021517607603824766,-0.021517607603824766,,,,,0.0,0.0,1
ppo_residual_gamma1,ningxia_irrigation,2021,cost_min,0.0,0.0,0.0,-0.021517607603824766,-0.021517607603824766,,,,,0.0,0.0,1
ppo_residual_gamma1,ningxia_irrigation,2021,risk_min,0.0,0.0,0.0,-0.021517607603824766,-0.021517607603824766,,,,,0.0,0.0,1
ppo_residual_gamma1,ningxia_irrigation,2021,yield_vs_water,0.0,0.0,0.0,-0.10758803801912381,-0.10758803801912381,,,,,0.0,0.0,1
ppo_residual_gamma1,ningxia_irrigation,2021,water_vs_cost,0.0,0.0,0.0,-0.021517607603824766,-0.021517607603824766,,,,,0.0,0.0,1
ppo_residual_gamma1,ningxia_irrigation,2022,balanced,10.865395104489865,330.0,0.4090909090909091,-4.253166785425513,-4.253166785425513,,,,,10.865395104489865,330.0,1
ppo_residual_gamma1,ningxia_irrigation,2022,yield_max,11.447947818545957,390.0,0.4772727272727273,-1.7629604115131212,-1.7629604115131212,,,,,11.447947818545957,390.0,1
ppo_residual_gamma1,ningxia_irrigation,2022,water_min,10.678889092967944,325.0,0.3409090909090909,-6.9219940452737845,-6.9219940452737845,,,,,10.678889092967944,325.0,1
ppo_residual_gamma1,ningxia_irrigation,2022,cost_min,10.678889092967944,325.0,0.3409090909090909,-7.380327378607117,-7.380327378607117,,,,,10.678889092967944,325.0,1
ppo_residual_gamma1,ningxia_irrigation,2022,risk_min,11.447947818545957,395.0,0.4318181818181818,-2.739748312755845,-2.739748312755845,,,,,11.447947818545957,395.0,1
ppo_residual_gamma1,ningxia_irrigation,2022,yield_vs_water,11.262128094859436,365.0,0.4318181818181818,-3.91614343953614,-3.91614343953614,,,,,11.262128094859436,365.0,1
ppo_residual_gamma1,ningxia_irrigation,2022,water_vs_cost,10.678889092967944,325.0,0.3181818181818182,-7.601855156384896,-7.601855156384896,,,,,10.678889092967944,325.0,1
ppo_residual_gamma1,beijing_plain,2018,balanced,13.107209042448922,165.0,0.14285714285714285,-1.869474380317421,-1.869474380317421,2.8227801799679964,40.0,10.284428862480926,125.0,,,2
ppo_residual_gamma1,beijing_plain,2018,yield_max,10.638192583032087,140.0,0.09821428571428571,-0.36218994806264804,-0.36218994806264804,2.8908602176365235,120.0,7.747332365395563,20.0,,,2
ppo_residual_gamma1,beijing_plain,2018,water_min,12.103518209945815,100.0,0.08928571428571429,-2.1725991319218854,-2.1725991319218854,2.7097381380310974,40.0,9.393780071914717,60.0,,,2
ppo_residual_gamma1,beijing_plain,2018,cost_min,10.50698809905904,60.0,0.0625,-1.4423825969665949,-1.4423825969665949,2.6869203236531405,35.0,7.8200677754059,25.0,,,2
ppo_residual_gamma1,beijing_plain,2018,risk_min,10.740787231078768,265.0,0.44642857142857145,-1.3412110476452983,-1.3412110476452983,2.9310408847473006,245.0,7.809746346331467,20.0,,,2
ppo_residual_gamma1,beijing_plain,2018,yield_vs_water,13.507983486535252,165.0,0.15178571428571427,-1.5868879514354086,-1.5868879514354086,2.8199317422189454,45.0,10.688051744316308,120.0,,,2
ppo_residual_gamma1,beijing_plain,2018,water_vs_cost,12.261081041901857,95.0,0.08928571428571429,-2.2512398525455914,-2.2512398525455914,2.6869203236531405,30.0,9.574160718248717,65.0,,,2
ppo_residual_gamma1,beijing_plain,2019,balanced,8.97801927039076,415.0,0.14545454545454545,-5.50000743669903,-5.50000743669903,1.5265587105279446,390.0,7.451460559862816,25.0,,,2
ppo_residual_gamma1,beijing_plain,2019,yield_max,9.20106460751022,395.0,0.16363636363636364,-1.9663944221212986,-1.9663944221212986,1.8537531175165018,375.0,7.347311489993718,20.0,,,2
ppo_residual_gamma1,beijing_plain,2019,water_min,8.087381913233624,450.0,0.20909090909090908,-9.789801238265962,-9.789801238265962,1.4838415621977044,380.0,6.603540351035919,70.0,,,2
ppo_residual_gamma1,beijing_plain,2019,cost_min,10.51047830571775,450.0,0.16363636363636364,-10.648264860843897,-10.648264860843897,1.5053230264960713,365.0,9.005155279221679,85.0,,,2
ppo_residual_gamma1,beijing_plain,2019,risk_min,8.641201912872,400.0,0.17272727272727273,-3.433302873241714,-3.433302873241714,1.5989520661909078,375.0,7.042249846681092,25.0,,,2
ppo_residual_gamma1,beijing_plain,2019,yield_vs_water,8.684374922683276,410.0,0.15454545454545454,-4.634614203067067,-4.634614203067067,1.5265587105279446,390.0,7.157816212155331,20.0,,,2
ppo_residual_gamma1,beijing_plain,2019,water_vs_cost,8.473310625942993,450.0,0.18181818181818182,-10.740537613959937,-10.740537613959937,1.6834328413102422,375.0,6.7898777846327505,75.0,,,2
ppo_residual_gamma1,beijing_plain,2020,balanced,13.146983439902963,210.0,0.1,-2.6174535887176336,-2.6174535887176336,1.8608147341977463,190.0,11.286168705705217,20.0,,,2
ppo_residual_gamma1,beijing_plain,2020,yield_max,13.29608911092874,245.0,0.10909090909090909,-0.7487805151417973,-0.7487805151417973,2.0161911674111272,225.0,11.279897943517613,20.0,,,2
ppo_residual_gamma1,beijing_plain,2020,water_min,12.300886985405352,170.0,0.1,-3.6777596700110347,-3.6777596700110347,1.5202479905187614,150.0,10.78063899488659,20.0,,,2
ppo_residual_gamma1,beijing_plain,2020,cost_min,8.402506315724786,260.0,0.09090909090909091,-5.995380848127315,-5.995380848127315,1.7721172545741868,150.0,6.630389061150599,110.0,,,2
ppo_residual_gamma1,beijing_plain,2020,risk_min,13.348446038836729,245.0,0.11818181818181818,-2.593158153108663,-2.593158153108663,2.053485924910096,225.0,11.294960113926633,20.0,,,2
ppo_residual_gamma1,beijing_plain,2020,yield_vs_water,12.956041960900741,215.0,0.1,-2.0832661205805048,-2.0832661205805048,1.8742195249295985,195.0,11.081822435971143,20.0,,,2
ppo_residual_gamma1,beijing_plain,2020,water_vs_cost,8.953380500236928,270.0,0.11818181818181818,-6.3509464550304,-6.3509464550304,1.7167140317210514,150.0,7.236666468515876,120.0,,,2
ppo_residual_gamma1,beijing_plain,2021,balanced,13.174628675739159,180.0,0.08181818181818182,-2.238987317866055,-2.238987317866055,1.7518479837540986,155.0,11.42278069198506,25.0,,,2
ppo_residual_gamma1,beijing_plain,2021,yield_max,13.145765928648775,195.0,0.11818181818181818,-0.8098729480805098,-0.8098729480805098,1.7314376493523755,170.0,11.414328279296399,25.0,,,2
ppo_residual_gamma1,beijing_plain,2021,water_min,12.881194664851314,155.0,0.06363636363636363,-3.2668043064109966,-3.2668043064109966,1.431152533107845,130.0,11.45004213174347,25.0,,,2
ppo_residual_gamma1,beijing_plain,2021,cost_min,13.109622220163395,175.0,0.06363636363636363,-4.010852187413176,-4.010852187413176,1.675101973773108,150.0,11.434520246390287,25.0,,,2
ppo_residual_gamma1,beijing_plain,2021,risk_min,13.163078696647956,195.0,0.15454545454545454,-3.0381619719826847,-3.0381619719826847,1.7459943504455195,170.0,11.417084346202437,25.0,,,2
ppo_residual_gamma1,beijing_plain,2021,yield_vs_water,13.190774328349747,190.0,0.09090909090909091,-1.9458543254927418,-1.9458543254927418,1.7397304138312009,165.0,11.451043914518547,25.0,,,2
ppo_residual_gamma1,beijing_plain,2021,water_vs_cost,13.096441348650867,175.0,0.05454545454545454,-4.048286978242033,-4.048286978242033,1.6222905105371932,150.0,11.474150838113674,25.0,,,2
ppo_residual_gamma1,beijing_plain,2022,balanced,14.482044862473753,105.0,0.10714285714285714,-1.137047416347475,-1.137047416347475,2.9647732295953344,80.0,11.517271632878419,25.0,,,2
ppo_residual_gamma1,beijing_plain,2022,yield_max,14.67105291466476,210.0,0.20535714285714285,-0.4730201737301578,-0.4730201737301578,3.1634071667425196,185.0,11.50764574792224,25.0,,,2
ppo_residual_gamma1,beijing_plain,2022,water_min,14.453292690762673,95.0,0.13392857142857142,-2.0528419539564315,-2.0528419539564315,2.917101241285358,85.0,11.536191449477315,10.0,,,2
ppo_residual_gamma1,beijing_plain,2022,cost_min,14.412322227920585,100.0,0.08928571428571429,-2.3632434373667044,-2.3632434373667044,2.8978372543148834,75.0,11.514484973605702,25.0,,,2
ppo_residual_gamma1,beijing_plain,2022,risk_min,14.6864605174073,240.0,0.5357142857142857,-1.165423620728899,-1.165423620728899,3.178786493423287,215.0,11.507674023984013,25.0,,,2
ppo_residual_gamma1,beijing_plain,2022,yield_vs_water,14.516563466908465,110.0,0.125,-0.8702233373415804,-0.8702233373415804,2.967299536380615,105.0,11.54926393052785,5.0,,,2
ppo_residual_gamma1,beijing_plain,2022,water_vs_cost,14.38062872628223,75.0,0.10714285714285714,-1.807275104300507,-1.807275104300507,2.835748805419143,70.0,11.544879920863087,5.0,,,2
ppo_residual_gamma1,hebei_central,2018,balanced,11.396083724993858,180.0,0.09821428571428571,-2.3439439654380263,-2.3439439654380263,4.2036630469075495,40.0,7.192420678086307,140.0,,,2
ppo_residual_gamma1,hebei_central,2018,yield_max,10.825005771843484,220.0,0.15178571428571427,-0.9656305599494623,-0.9656305599494623,4.251924337334773,90.0,6.573081434508711,130.0,,,2
ppo_residual_gamma1,hebei_central,2018,water_min,10.487592993493987,135.0,0.07142857142857142,-2.726840393583152,-2.726840393583152,4.122649548543152,15.0,6.364943444950835,120.0,,,2
ppo_residual_gamma1,hebei_central,2018,cost_min,10.725028695484255,145.0,0.05357142857142857,-3.290098522914881,-3.290098522914881,4.143518678374966,15.0,6.581510017109289,130.0,,,2
ppo_residual_gamma1,hebei_central,2018,risk_min,12.244770220992812,310.0,0.48214285714285715,-1.5890202695128106,-1.5890202695128106,4.272926825248325,150.0,7.971843395744487,160.0,,,2
ppo_residual_gamma1,hebei_central,2018,yield_vs_water,10.759378239454923,155.0,0.08928571428571429,-1.6335997842250327,-1.6335997842250327,4.173373423354238,30.0,6.586004816100686,125.0,,,2
ppo_residual_gamma1,hebei_central,2018,water_vs_cost,10.490810108980552,135.0,0.07142857142857142,-3.243682403492203,-3.243682403492203,4.132122737083542,10.0,6.358687371897011,125.0,,,2
ppo_residual_gamma1,hebei_central,2019,balanced,13.83324134991779,395.0,0.15315315315315314,-4.758056506579981,-4.758056506579981,2.5887501944960616,390.0,11.244491155421729,5.0,,,2
ppo_residual_gamma1,hebei_central,2019,yield_max,7.458810796262684,450.0,0.2702702702702703,-3.688308296458134,-3.688308296458134,2.7175109912531816,375.0,4.741299805009502,75.0,,,2
ppo_residual_gamma1,hebei_central,2019,water_min,13.860860417439376,370.0,0.16216216216216217,-8.111646794358295,-8.111646794358295,2.616369262017647,365.0,11.244491155421729,5.0,,,2
ppo_residual_gamma1,hebei_central,2019,cost_min,13.866747489319055,395.0,0.12612612612612611,-9.046618443043183,-9.046618443043183,2.4884220582192964,370.0,11.378325431099759,25.0,,,2
ppo_residual_gamma1,hebei_central,2019,risk_min,14.196712069280954,425.0,0.2072072072072072,-2.108597725140432,-2.108597725140432,2.818543536562462,400.0,11.378168532718492,25.0,,,2
ppo_residual_gamma1,hebei_central,2019,yield_vs_water,13.844169110826506,400.0,0.16216216216216217,-4.117229316534698,-4.117229316534698,2.590180478122504,390.0,11.253988632704003,10.0,,,2
ppo_residual_gamma1,hebei_central,2019,water_vs_cost,13.650421618402856,385.0,0.13513513513513514,-8.998955663619238,-8.998955663619238,2.272096187303097,360.0,11.378325431099759,25.0,,,2
ppo_residual_gamma1,hebei_central,2020,balanced,15.557195106620423,205.0,0.12612612612612611,-2.3274369286590284,-2.3274369286590284,4.270972329317935,120.0,11.286222777302488,85.0,,,2
ppo_residual_gamma1,hebei_central,2020,yield_max,15.801682098284028,175.0,0.0990990990990991,-0.14899149378288645,-0.14899149378288645,4.379631589182653,150.0,11.422050509101375,25.0,,,2
ppo_residual_gamma1,hebei_central,2020,water_min,15.123824473973151,170.0,0.11711711711711711,-3.540607636256957,-3.540607636256957,4.147125976185929,90.0,10.976698497787222,80.0,,,2
ppo_residual_gamma1,hebei_central,2020,cost_min,15.517609240430096,200.0,0.09009009009009009,-4.306290331707906,-4.306290331707906,4.2386375645272665,115.0,11.27897167590283,85.0,,,2
ppo_residual_gamma1,hebei_central,2020,risk_min,16.153972056816844,225.0,0.2882882882882883,-1.0616349363435482,-1.0616349363435482,4.72200528339632,200.0,11.431966773420523,25.0,,,2
ppo_residual_gamma1,hebei_central,2020,yield_vs_water,15.808493542686271,205.0,0.15315315315315314,-1.7881647971701555,-1.7881647971701555,4.382778281454835,125.0,11.425715261231437,80.0,,,2
ppo_residual_gamma1,hebei_central,2020,water_vs_cost,15.530835255378026,195.0,0.09009009009009009,-4.488855656122973,-4.488855656122973,4.244608695837494,110.0,11.286226559540532,85.0,,,2
ppo_residual_gamma1,hebei_central,2021,balanced,15.20455876070054,180.0,0.10091743119266056,-1.9152132295071733,-1.9152132295071733,4.30786977769221,155.0,10.89668898300833,25.0,,,2
ppo_residual_gamma1,hebei_central,2021,yield_max,15.194754303871356,195.0,0.11926605504587157,-0.3880310861443419,-0.3880310861443419,4.316035110788708,170.0,10.878719193082649,25.0,,,2
ppo_residual_gamma1,hebei_central,2021,water_min,15.059150602387,175.0,0.09174311926605505,-3.4388653697251184,-3.4388653697251184,4.161333051248546,150.0,10.897817551138454,25.0,,,2
ppo_residual_gamma1,hebei_central,2021,cost_min,15.09477561469545,175.0,0.08256880733944955,-3.780392762939409,-3.780392762939409,4.190270954469415,150.0,10.904504660226035,25.0,,,2
ppo_residual_gamma1,hebei_central,2021,risk_min,15.5595083888573,270.0,0.4036697247706422,-1.301109704155913,-1.301109704155913,4.618098572686782,245.0,10.941409816170516,25.0,,,2
ppo_residual_gamma1,hebei_central,2021,yield_vs_water,15.152367063841044,195.0,0.10091743119266056,-1.748644453244193,-1.748644453244193,4.222661127193147,170.0,10.929705936647897,25.0,,,2
ppo_residual_gamma1,hebei_central,2021,water_vs_cost,14.996223435066156,155.0,0.07339449541284404,-3.5433067440804713,-3.5433067440804713,4.098479720780355,130.0,10.8977437142858,25.0,,,2
ppo_residual_gamma1,hebei_central,2022,balanced,13.573693495003319,100.0,0.02702702702702703,-1.1217289942115767,-1.1217289942115767,4.432636925241637,75.0,9.141056569761682,25.0,,,2
ppo_residual_gamma1,hebei_central,2022,yield_max,16.23426689976582,170.0,0.35135135135135137,-0.11313160275659184,-0.11313160275659184,4.712345196104287,165.0,11.521921703661533,5.0,,,2
ppo_residual_gamma1,hebei_central,2022,water_min,15.162130465461786,90.0,0.036036036036036036,-1.9467913140079802,-1.9467913140079802,4.384426460014127,65.0,10.777704005447658,25.0,,,2
ppo_residual_gamma1,hebei_central,2022,cost_min,15.799780639120641,80.0,0.07207207207207207,-1.980869107973282,-1.980869107973282,4.382049225811225,75.0,11.417731413309417,5.0,,,2
ppo_residual_gamma1,hebei_central,2022,risk_min,16.308157173025833,245.0,0.4774774774774775,-1.1766323073611522,-1.1766323073611522,4.788714329345384,215.0,11.51944284368045,30.0,,,2
ppo_residual_gamma1,hebei_central,2022,yield_vs_water,15.978909431083705,110.0,0.08108108108108109,-0.7116598185555347,-0.7116598185555347,4.456987727422172,105.0,11.521921703661533,5.0,,,2
ppo_residual_gamma1,hebei_central,2022,water_vs_cost,15.110482619824941,80.0,0.04504504504504504,-1.8667260731308055,-1.8667260731308055,4.333233666167331,55.0,10.77724895365761,25.0,,,2
ppo_residual_gamma1,henan_north,2018,balanced,17.56564904377175,75.0,0.06363636363636363,-0.4522608639212613,-0.4522608639212613,6.095761655457395,50.0,11.469887388314357,25.0,,,2
ppo_residual_gamma1,henan_north,2018,yield_max,17.970270076843544,135.0,0.21818181818181817,0.25076563535831875,0.25076563535831875,6.5003826885291875,110.0,11.469887388314357,25.0,,,2
ppo_residual_gamma1,henan_north,2018,water_min,17.412285956834946,70.0,0.045454545454545456,-1.39385686886996,-1.39385686886996,5.942373572401724,45.0,11.469912384433222,25.0,,,2
ppo_residual_gamma1,henan_north,2018,cost_min,17.43570060051025,60.0,0.045454545454545456,-1.263003790606081,-1.263003790606081,5.965813212195891,35.0,11.469887388314357,25.0,,,2
ppo_residual_gamma1,henan_north,2018,risk_min,17.965654828593568,175.0,0.44545454545454544,-0.7884762551695127,-0.7884762551695127,6.496809967272601,135.0,11.468844861320967,40.0,,,2
ppo_residual_gamma1,henan_north,2018,yield_vs_water,17.618005914588316,90.0,0.05454545454545454,-0.4582496452338949,-0.4582496452338949,6.148093530155096,65.0,11.469912384433222,25.0,,,2
ppo_residual_gamma1,henan_north,2018,water_vs_cost,17.40704897295708,55.0,0.05454545454545454,-1.2376047519577955,-1.2376047519577955,5.937161584642725,30.0,11.469887388314357,25.0,,,2
ppo_residual_gamma1,henan_north,2019,balanced,9.323276472520982,190.0,0.08108108108108109,-2.5875103528691494,-2.5875103528691494,1.050127362285721,170.0,8.273149110235261,20.0,,,2
ppo_residual_gamma1,henan_north,2019,yield_max,7.507451911096458,450.0,0.22522522522522523,-2.716763035047145,-2.716763035047145,3.9133626666276844,325.0,3.5940892444687744,125.0,,,2
ppo_residual_gamma1,henan_north,2019,water_min,10.782299214074994,245.0,0.11711711711711711,-5.308049225037103,-5.308049225037103,2.0148251533113863,225.0,8.767474060763607,20.0,,,2
ppo_residual_gamma1,henan_north,2019,cost_min,3.3307903040774334,195.0,0.06306306306306306,-4.630441752183242,-4.630441752183242,1.050318047177278,145.0,2.2804722569001554,50.0,,,2
ppo_residual_gamma1,henan_north,2019,risk_min,8.841205957726093,450.0,0.23423423423423423,-3.717119878186373,-3.717119878186373,3.4327879649767175,325.0,5.408417992749374,125.0,,,2
ppo_residual_gamma1,henan_north,2019,yield_vs_water,9.191882086217715,215.0,0.09009009009009009,-2.294556747055568,-2.294556747055568,1.0939737810418588,195.0,8.097908305175856,20.0,,,2
ppo_residual_gamma1,henan_north,2019,water_vs_cost,1.050318047177278,185.0,0.08108108108108109,-4.410571831668801,-4.410571831668801,1.050318047177278,145.0,0.0,40.0,,,2
ppo_residual_gamma1,henan_north,2020,balanced,17.518011434789788,135.0,0.08256880733944955,-1.2178513965695839,-1.2178513965695839,6.834889735522125,75.0,10.683121699267662,60.0,,,2
ppo_residual_gamma1,henan_north,2020,yield_max,17.579307045180833,155.0,0.26605504587155965,0.14356227741278893,0.14356227741278893,7.127293567843857,110.0,10.452013477336978,45.0,,,2
ppo_residual_gamma1,henan_north,2020,water_min,17.34824057913581,125.0,0.07339449541284404,-2.5070978601397838,-2.5070978601397838,6.749813050919794,65.0,10.598427528216014,60.0,,,2
ppo_residual_gamma1,henan_north,2020,cost_min,17.258496338376524,115.0,0.07339449541284404,-2.5860317068243512,-2.5860317068243512,6.657261217613836,55.0,10.601235120762686,60.0,,,2
ppo_residual_gamma1,henan_north,2020,risk_min,17.733227127363705,230.0,0.48623853211009177,-1.0676472568375202,-1.0676472568375202,7.161948796194874,170.0,10.571278331168829,60.0,,,2
ppo_residual_gamma1,henan_north,2020,yield_vs_water,17.48235642346639,130.0,0.08256880733944955,-0.8469893990697517,-0.8469893990697517,6.822481896849621,70.0,10.659874526616768,60.0,,,2
ppo_residual_gamma1,henan_north,2020,water_vs_cost,17.31908880736907,130.0,0.08256880733944955,-3.0272809679813037,-3.0272809679813037,6.660024302260787,70.0,10.659064505108281,60.0,,,2
ppo_residual_gamma1,henan_north,2021,balanced,15.756754750704516,190.0,0.11926605504587157,-2.182769950148732,-2.182769950148732,5.552554776716067,165.0,10.204199973988448,25.0,,,2
ppo_residual_gamma1,henan_north,2021,yield_max,17.14619646389947,225.0,0.1559633027522936,-0.44030164779318426,-0.44030164779318426,6.255808816269101,200.0,10.89038764763037,25.0,,,2
ppo_residual_gamma1,henan_north,2021,water_min,15.72336835663419,195.0,0.11009174311926606,-3.9297658624582885,-3.9297658624582885,5.557281392149399,170.0,10.16608696448479,25.0,,,2
ppo_residual_gamma1,henan_north,2021,cost_min,15.763775743495653,195.0,0.10091743119266056,-4.203965940950519,-4.203965940950519,5.643023398363674,170.0,10.12075234513198,25.0,,,2
ppo_residual_gamma1,henan_north,2021,risk_min,17.13670844032825,225.0,0.21100917431192662,-2.430938086162821,-2.430938086162821,6.2345056658434235,200.0,10.902202774484826,25.0,,,2
ppo_residual_gamma1,henan_north,2021,yield_vs_water,15.813520817793489,190.0,0.12844036697247707,-1.6724277933373624,-1.6724277933373624,5.552554776716067,165.0,10.260966041077422,25.0,,,2
ppo_residual_gamma1,henan_north,2021,water_vs_cost,15.653542589578558,195.0,0.10091743119266056,-4.4783237451115605,-4.4783237451115605,5.557281392149399,170.0,10.09626119742916,25.0,,,2
ppo_residual_gamma1,henan_north,2022,balanced,17.225696080005925,135.0,0.08108108108108109,-1.6129565861505029,-1.6129565861505029,6.516081438562204,115.0,10.70961464144372,20.0,,,2
ppo_residual_gamma1,henan_north,2022,yield_max,18.42752977163979,195.0,0.3333333333333333,-0.02286956382549099,-0.02286956382549099,6.868706434553388,190.0,11.558823337086404,5.0,,,2
ppo_residual_gamma1,henan_north,2022,water_min,17.200639995411038,145.0,0.09009009009009009,-3.149639472362802,-3.149639472362802,6.451827802151834,105.0,10.748812193259205,40.0,,,2
ppo_residual_gamma1,henan_north,2022,cost_min,17.969169539684813,140.0,0.07207207207207207,-3.211358386036532,-3.211358386036532,6.396200373975102,115.0,11.572969165709713,25.0,,,2
ppo_residual_gamma1,henan_north,2022,risk_min,18.49750150544548,225.0,0.4594594594594595,-1.0285810241904412,-1.0285810241904412,6.905878095538519,200.0,11.591623409906962,25.0,,,2
ppo_residual_gamma1,henan_north,2022,yield_vs_water,17.132319240339825,135.0,0.08108108108108109,-1.0378384784189343,-1.0378384784189343,6.463153779135711,115.0,10.669165461204114,20.0,,,2
ppo_residual_gamma1,henan_north,2022,water_vs_cost,17.869622825034103,115.0,0.09009009009009009,-2.706350352497728,-2.706350352497728,6.317859357562207,110.0,11.551763467471897,5.0,,,2
ppo_residual_gamma1,shaanxi_guanzhong,2018,balanced,14.065291348149646,145.0,0.06481481481481481,-1.5263673461838034,-1.5263673461838034,4.651250960079181,35.0,9.414040388070466,110.0,,,2
ppo_residual_gamma1,shaanxi_guanzhong,2018,yield_max,14.14788884141872,185.0,0.4166666666666667,-0.29819685676277974,-0.29819685676277974,4.651250960079181,70.0,9.496637881339538,115.0,,,2
ppo_residual_gamma1,shaanxi_guanzhong,2018,water_min,13.963430639100146,120.0,0.08333333333333333,-2.4497426180073374,-2.4497426180073374,4.64986120386478,20.0,9.313569435235365,100.0,,,2
ppo_residual_gamma1,shaanxi_guanzhong,2018,cost_min,14.369233146563761,125.0,0.12962962962962962,-2.7811276111021273,-2.7811276111021273,4.651244474306335,15.0,9.717988672257427,110.0,,,2
ppo_residual_gamma1,shaanxi_guanzhong,2018,risk_min,14.64957353475641,190.0,0.5370370370370371,-0.8968843849839067,-0.8968843849839067,4.651250960079181,70.0,9.99832257467723,120.0,,,2
ppo_residual_gamma1,shaanxi_guanzhong,2018,yield_vs_water,13.877430567234324,145.0,0.19444444444444445,-1.1842022819766262,-1.1842022819766262,4.651250960079181,40.0,9.226179607155142,105.0,,,2
ppo_residual_gamma1,shaanxi_guanzhong,2018,water_vs_cost,13.963430639100146,110.0,0.08333333333333333,-2.592798173562892,-2.592798173562892,4.64986120386478,10.0,9.313569435235365,100.0,,,2
ppo_residual_gamma1,shaanxi_guanzhong,2019,balanced,11.699574312739399,145.0,0.045871559633027525,-1.8298687543936965,-1.8298687543936965,1.3666049874334767,75.0,10.332969325305923,70.0,,,2
ppo_residual_gamma1,shaanxi_guanzhong,2019,yield_max,13.073581981311984,240.0,0.11009174311926606,-0.8079328828818492,-0.8079328828818492,2.7339353175456815,175.0,10.339646663766302,65.0,,,2
ppo_residual_gamma1,shaanxi_guanzhong,2019,water_min,11.95782111574398,160.0,0.06422018348623854,-3.4698988524929124,-3.4698988524929124,1.713968401780452,90.0,10.243852713963529,70.0,,,2
ppo_residual_gamma1,shaanxi_guanzhong,2019,cost_min,11.412314786846327,140.0,0.045871559633027525,-3.238830700547764,-3.238830700547764,1.1623518349062454,70.0,10.249962951940082,70.0,,,2
ppo_residual_gamma1,shaanxi_guanzhong,2019,risk_min,13.745628050181127,270.0,0.14678899082568808,-1.312864704379442,-1.312864704379442,3.07204750181806,175.0,10.673580548363066,95.0,,,2
ppo_residual_gamma1,shaanxi_guanzhong,2019,yield_vs_water,11.660499144807714,165.0,0.07339449541284404,-1.6830035360340483,-1.6830035360340483,1.347500110012809,100.0,10.312999034794904,65.0,,,2
ppo_residual_gamma1,shaanxi_guanzhong,2019,water_vs_cost,11.413671285143877,120.0,0.03669724770642202,-2.7444328607332786,-2.7444328607332786,1.0972540119923293,50.0,10.316417273151549,70.0,,,2
ppo_residual_gamma1,shaanxi_guanzhong,2020,balanced,16.14111867655806,55.0,0.12149532710280374,-0.28715084678953373,-0.28715084678953373,4.928204948245124,50.0,11.212913728312937,5.0,,,2
ppo_residual_gamma1,shaanxi_guanzhong,2020,yield_max,16.11193692234711,80.0,0.4672897196261682,0.36710989490438206,0.36710989490438206,4.902189230200995,75.0,11.209747692146115,5.0,,,2
ppo_residual_gamma1,shaanxi_guanzhong,2020,water_min,16.0586051487833,30.0,0.18691588785046728,-0.5112499442278085,-0.5112499442278085,4.843150662797112,25.0,11.215454485986188,5.0,,,2
ppo_residual_gamma1,shaanxi_guanzhong,2020,cost_min,16.01002537032972,20.0,0.14018691588785046,-0.5590269787866669,-0.5590269787866669,4.794570849949588,15.0,11.215454520380131,5.0,,,2
ppo_residual_gamma1,shaanxi_guanzhong,2020,risk_min,16.23022240529309,125.0,0.5233644859813084,-0.5526435476359246,-0.5526435476359246,4.922357564184982,95.0,11.30786484110811,30.0,,,2
ppo_residual_gamma1,shaanxi_guanzhong,2020,yield_vs_water,16.12081561646806,45.0,0.22429906542056074,0.049937304120186043,0.049937304120186043,4.905356650176815,40.0,11.215458966291246,5.0,,,2
ppo_residual_gamma1,shaanxi_guanzhong,2020,water_vs_cost,15.997722914250883,15.0,0.07476635514018691,-0.3556952261436954,-0.3556952261436954,4.783469655607766,10.0,11.214253258643117,5.0,,,2
ppo_residual_gamma1,shaanxi_guanzhong,2021,balanced,16.82573486974421,30.0,0.14814814814814814,0.06258254595112689,0.06258254595112689,5.292409618767743,25.0,11.533325250976466,5.0,,,2
ppo_residual_gamma1,shaanxi_guanzhong,2021,yield_max,16.82573486974421,75.0,0.32407407407407407,0.4435472331922524,0.4435472331922524,5.292409618767744,70.0,11.533325250976466,5.0,,,2
ppo_residual_gamma1,shaanxi_guanzhong,2021,water_min,16.825756311519815,25.0,0.07407407407407407,-0.4044929460900253,-0.4044929460900253,5.292431060543348,20.0,11.533325250976466,5.0,,,2
ppo_residual_gamma1,shaanxi_guanzhong,2021,cost_min,16.825804261104878,15.0,0.2037037037037037,-0.3822700388737308,-0.3822700388737308,5.292479010128413,10.0,11.533325250976466,5.0,,,2
ppo_residual_gamma1,shaanxi_guanzhong,2021,risk_min,16.83375056253042,120.0,0.5092592592592593,-0.5224791062802577,-0.5224791062802577,5.292409618767744,110.0,11.541340943762677,10.0,,,2
ppo_residual_gamma1,shaanxi_guanzhong,2021,yield_vs_water,16.833786624353763,45.0,0.23148148148148148,0.08760704444322198,0.08760704444322198,5.292445680591085,35.0,11.541340943762677,10.0,,,2
ppo_residual_gamma1,shaanxi_guanzhong,2021,water_vs_cost,16.825796733050147,15.0,0.08333333333333333,-0.34685347975070313,-0.34685347975070313,5.292471482073681,10.0,11.533325250976466,5.0,,,2
ppo_residual_gamma1,shaanxi_guanzhong,2022,balanced,12.27472368438454,45.0,0.09174311926605505,-0.2848543386410134,-0.2848543386410134,4.929889295916342,25.0,7.344834388468199,20.0,,,2
ppo_residual_gamma1,shaanxi_guanzhong,2022,yield_max,12.317093620640975,70.0,0.3761467889908257,0.18634984842214353,0.18634984842214353,4.9298633072696285,50.0,7.387230313371346,20.0,,,2
ppo_residual_gamma1,shaanxi_guanzhong,2022,water_min,12.334826049123764,45.0,0.2018348623853211,-0.8404878173207914,-0.8404878173207914,4.929866676384781,25.0,7.4049593727389835,20.0,,,2
ppo_residual_gamma1,shaanxi_guanzhong,2022,cost_min,12.194636888028908,40.0,0.10091743119266056,-0.9542111886472825,-0.9542111886472825,4.929889041879702,15.0,7.2647478461492065,25.0,,,2
ppo_residual_gamma1,shaanxi_guanzhong,2022,risk_min,12.334944636570848,80.0,0.47706422018348627,-0.34187569384805383,-0.34187569384805383,4.9298633072696285,60.0,7.405081329301219,20.0,,,2
ppo_residual_gamma1,shaanxi_guanzhong,2022,yield_vs_water,12.318291535026479,60.0,0.22935779816513763,-0.28787428578176844,-0.28787428578176844,4.9298633072696285,40.0,7.38842822775685,20.0,,,2
ppo_residual_gamma1,shaanxi_guanzhong,2022,water_vs_cost,12.306887419427847,30.0,0.2018348623853211,-0.707394756746578,-0.707394756746578,4.929908637207731,10.0,7.376978782220116,20.0,,,2
ppo_residual_gamma1,ningxia_irrigation,2018,balanced,11.63371851569836,320.0,0.29545454545454547,-4.090355234276502,-4.090355234276502,,,,,11.63371851569836,320.0,2
ppo_residual_gamma1,ningxia_irrigation,2018,yield_max,11.791309822640198,320.0,0.3181818181818182,-1.4342840900521405,-1.4342840900521405,,,,,11.791309822640198,320.0,2
ppo_residual_gamma1,ningxia_irrigation,2018,water_min,11.709258708562126,310.0,0.3181818181818182,-6.408089266743809,-6.408089266743809,,,,,11.709258708562126,310.0,2
ppo_residual_gamma1,ningxia_irrigation,2018,cost_min,11.791309822640198,320.0,0.20454545454545456,-7.0048977271503015,-7.0048977271503015,,,,,11.791309822640198,320.0,2
ppo_residual_gamma1,ningxia_irrigation,2018,risk_min,11.791309822640198,320.0,0.38636363636363635,-3.004897727150307,-3.004897727150307,,,,,11.791309822640198,320.0,2
ppo_residual_gamma1,ningxia_irrigation,2018,yield_vs_water,11.63371851569836,320.0,0.2727272727272727,-3.429610709512297,-3.429610709512297,,,,,11.63371851569836,320.0,2
ppo_residual_gamma1,ningxia_irrigation,2018,water_vs_cost,11.63371851569836,320.0,0.18181818181818182,-7.439255475235792,-7.439255475235792,,,,,11.63371851569836,320.0,2
ppo_residual_gamma1,ningxia_irrigation,2019,balanced,8.554801765186303,315.0,0.3181818181818182,-4.1118644936153785,-4.1118644936153785,,,,,8.554801765186303,315.0,2
ppo_residual_gamma1,ningxia_irrigation,2019,yield_max,8.653672890652837,320.0,0.3409090909090909,-1.4801088185500841,-1.4801088185500841,,,,,8.653672890652837,320.0,2
ppo_residual_gamma1,ningxia_irrigation,2019,water_min,8.430183074296297,325.0,0.38636363636363635,-6.748404688489719,-6.748404688489719,,,,,8.430183074296297,325.0,2
ppo_residual_gamma1,ningxia_irrigation,2019,cost_min,8.554801765186303,315.0,0.20454545454545456,-6.935952234514957,-6.935952234514957,,,,,8.554801765186303,315.0,2
ppo_residual_gamma1,ningxia_irrigation,2019,risk_min,9.0521662369757,315.0,0.3409090909090909,-1.6397365642757329,-1.6397365642757329,,,,,9.0521662369757,315.0,2
ppo_residual_gamma1,ningxia_irrigation,2019,yield_vs_water,8.707723130551043,310.0,0.3181818181818182,-3.6014432461927397,-3.6014432461927397,,,,,8.707723130551043,310.0,2
ppo_residual_gamma1,ningxia_irrigation,2019,water_vs_cost,8.537905468685263,305.0,0.25,-7.1882582987132935,-7.1882582987132935,,,,,8.537905468685263,305.0,2
ppo_residual_gamma1,ningxia_irrigation,2020,balanced,8.784817639644674,430.0,0.3181818181818182,-5.490106018822352,-5.490106018822352,,,,,8.784817639644674,430.0,2
ppo_residual_gamma1,ningxia_irrigation,2020,yield_max,8.454648386397979,420.0,0.36363636363636365,-2.004878690039926,-2.004878690039926,,,,,8.454648386397979,420.0,2
ppo_residual_gamma1,ningxia_irrigation,2020,water_min,8.086607382330115,410.0,0.3409090909090909,-8.359833238984828,-8.359833238984828,,,,,8.086607382330115,410.0,2
ppo_residual_gamma1,ningxia_irrigation,2020,cost_min,7.806283762637903,415.0,0.18181818181818182,-8.957847089458596,-8.957847089458596,,,,,7.806283762637903,415.0,2
ppo_residual_gamma1,ningxia_irrigation,2020,risk_min,8.029382495965276,425.0,0.45454545454545453,-2.87037364963561,-2.87037364963561,,,,,8.029382495965276,425.0,2
ppo_residual_gamma1,ningxia_irrigation,2020,yield_vs_water,8.784817639644674,430.0,0.36363636363636365,-4.723049190194612,-4.723049190194612,,,,,8.784817639644674,430.0,2
ppo_residual_gamma1,ningxia_irrigation,2020,water_vs_cost,8.784817639644674,430.0,0.22727272727272727,-10.045443171372257,-10.045443171372257,,,,,8.784817639644674,430.0,2
ppo_residual_gamma1,ningxia_irrigation,2021,balanced,0.0,25.0,0.022727272727272728,-0.4059144027337689,-0.4059144027337689,,,,,0.0,25.0,2
ppo_residual_gamma1,ningxia_irrigation,2021,yield_max,0.0,25.0,0.022727272727272728,-0.2780585381174291,-0.2780585381174291,,,,,0.0,25.0,2
ppo_residual_gamma1,ningxia_irrigation,2021,water_min,0.0,25.0,0.022727272727272728,-0.5254369340167753,-0.5254369340167753,,,,,0.0,25.0,2
ppo_residual_gamma1,ningxia_irrigation,2021,cost_min,0.0,25.0,0.022727272727272728,-0.5504369340167752,-0.5504369340167752,,,,,0.0,25.0,2
ppo_residual_gamma1,ningxia_irrigation,2021,risk_min,0.0,25.0,0.045454545454545456,-0.1504369340167756,-0.1504369340167756,,,,,0.0,25.0,2
ppo_residual_gamma1,ningxia_irrigation,2021,yield_vs_water,0.0,25.0,0.022727272727272728,-0.38968467008387797,-0.38968467008387797,,,,,0.0,25.0,2
ppo_residual_gamma1,ningxia_irrigation,2021,water_vs_cost,0.0,25.0,0.022727272727272728,-0.6025202673501084,-0.6025202673501084,,,,,0.0,25.0,2
ppo_residual_gamma1,ningxia_irrigation,2022,balanced,10.764581947199817,335.0,0.2727272727272727,-4.33974229161762,-4.33974229161762,,,,,10.764581947199817,335.0,2
ppo_residual_gamma1,ningxia_irrigation,2022,yield_max,10.39012767393309,315.0,0.20454545454545456,-1.5918396313804506,-1.5918396313804506,,,,,10.39012767393309,315.0,2
ppo_residual_gamma1,ningxia_irrigation,2022,water_min,9.874176179019797,315.0,0.3181818181818182,-6.629959392267137,-6.629959392267137,,,,,9.874176179019797,315.0,2
ppo_residual_gamma1,ningxia_irrigation,2022,cost_min,10.269211279103397,325.0,0.18181818181818182,-7.261589453061663,-7.261589453061663,,,,,10.269211279103397,325.0,2
ppo_residual_gamma1,ningxia_irrigation,2022,risk_min,9.592427848699465,320.0,0.3409090909090909,-2.3314308056295476,-2.3314308056295476,,,,,9.592427848699465,320.0,2
ppo_residual_gamma1,ningxia_irrigation,2022,yield_vs_water,10.036864317702786,320.0,0.3181818181818182,-3.538488301072638,-3.538488301072638,,,,,10.036864317702786,320.0,2
ppo_residual_gamma1,ningxia_irrigation,2022,water_vs_cost,10.264939699131803,325.0,0.25,-7.604861832346063,-7.604861832346063,,,,,10.264939699131803,325.0,2
