policy,site_id,year,preference,total_yield_t_ha,total_irrigation_mm,action_modified_rate,undiscounted_return,discounted_return,wheat_yield,wheat_irr,maize_yield,maize_irr,spring_maize_yield,spring_maize_irr,seed
threshold_rule,beijing_plain,2018,balanced,14.30935931792004,400.0,0.017857142857142856,-4.88238614314973,-3.302788757537769,2.9569990417550898,140.0,11.35236027616495,260.0,,,
threshold_rule,beijing_plain,2019,balanced,5.52263700534334,450.0,0.2818181818181818,-7.053916048241423,-5.6202448703204695,2.861569065767968,450.0,2.661067939575371,0.0,,,
threshold_rule,beijing_plain,2020,balanced,7.812589862746316,450.0,0.3090909090909091,-6.346970315088523,-4.971891294438499,3.3553801143953756,420.0,4.457209748350941,30.0,,,
threshold_rule,beijing_plain,2021,balanced,13.66155215882757,450.0,0.10909090909090909,-5.748595448921017,-4.6876823444557285,3.4890625772905683,440.0,10.172489581537002,10.0,,,
threshold_rule,beijing_plain,2022,balanced,14.857393127695167,220.0,0.0,-2.505281679296897,-1.873464069255963,3.3166738599676897,220.0,11.540719267727477,0.0,,,
threshold_rule,hebei_central,2018,balanced,15.632386959385766,450.0,0.08928571428571429,-5.470951593701037,-3.71762817393361,4.267587591794669,120.0,11.364799367591097,330.0,,,
threshold_rule,hebei_central,2019,balanced,4.844081343473745,450.0,0.3153153153153153,-6.895828170924807,-5.61849350952371,4.358338482417192,450.0,0.4857428610565525,0.0,,,
threshold_rule,hebei_central,2020,balanced,16.422176212630745,380.0,0.009009009009009009,-4.502844961146921,-3.5522763722394264,4.877406487083702,300.0,11.544769725547042,80.0,,,
threshold_rule,hebei_central,2021,balanced,16.055910765379544,420.0,0.009174311926605505,-5.035978440133494,-3.948955885239486,4.780288199735418,340.0,11.275622565644126,80.0,,,
threshold_rule,hebei_central,2022,balanced,16.43331414906173,220.0,0.0,-2.412739620399103,-1.8372195912113927,4.914483238548729,220.0,11.518830910513001,0.0,,,
threshold_rule,henan_north,2018,balanced,18.09529749386151,220.0,0.01818181818181818,-2.3153724577174852,-1.8015138270948954,6.594207255454749,180.0,11.50109023840676,40.0,,,
threshold_rule,henan_north,2019,balanced,7.204691437621834,450.0,0.3153153153153153,-5.8894596755918105,-4.999487784210442,7.106400879375145,450.0,0.09829055824668934,0.0,,,
threshold_rule,henan_north,2020,balanced,18.676622888330606,340.0,0.01834862385321101,-3.844358753372462,-2.767743897139507,7.285628789859043,200.0,11.390994098471563,140.0,,,
threshold_rule,henan_north,2021,balanced,18.630754777062005,450.0,0.05504587155963303,-5.288165756939131,-4.385971270556953,7.509715352816607,400.0,11.1210394242454,50.0,,,
threshold_rule,henan_north,2022,balanced,18.785620225819983,340.0,0.0,-3.8459686905854156,-2.8232692270787565,7.22296629507398,260.0,11.562653930746002,80.0,,,
threshold_rule,shaanxi_guanzhong,2018,balanced,15.938375238812597,280.0,0.018518518518518517,-3.213161806123249,-2.2151484138856823,4.651803422569631,80.0,11.286571816242965,200.0,,,
threshold_rule,shaanxi_guanzhong,2019,balanced,15.856213048897539,450.0,0.045871559633027525,-5.446723841308353,-4.450104353972488,4.734599267893373,340.0,11.121613781004166,110.0,,,
threshold_rule,shaanxi_guanzhong,2020,balanced,16.31845393006625,140.0,0.018691588785046728,-1.3624947228122846,-1.0765290649660304,4.99478606696464,120.0,11.323667863101612,20.0,,,
threshold_rule,shaanxi_guanzhong,2021,balanced,16.826809753102594,20.0,0.018518518518518517,0.22651071782661053,0.062314219159359086,5.292494400444067,20.0,11.53431535265853,0.0,,,
threshold_rule,shaanxi_guanzhong,2022,balanced,16.13596803844044,260.0,0.027522935779816515,-2.940959125466963,-2.051121207493961,4.929920927807669,40.0,11.206047110632769,220.0,,,
threshold_rule,ningxia_irrigation,2018,balanced,14.553502662349741,440.0,0.045454545454545456,-5.430968508931344,-5.145768083686516,,,,,14.553502662349741,440.0,
threshold_rule,ningxia_irrigation,2019,balanced,14.350457563918383,450.0,0.022727272727272728,-5.57823641969267,-5.069438905202652,,,,,14.350457563918383,450.0,
threshold_rule,ningxia_irrigation,2020,balanced,11.48959701964236,450.0,0.2727272727272727,-6.0460961021065,-5.606864039076567,,,,,11.48959701964236,450.0,
threshold_rule,ningxia_irrigation,2021,balanced,12.724911912858378,450.0,0.38636363636363635,-6.19083206298235,-5.7555756734006644,,,,,12.724911912858378,450.0,
threshold_rule,ningxia_irrigation,2022,balanced,14.20102573271984,420.0,0.06818181818181818,-5.1795808993272665,-4.839011237006502,,,,,14.20102573271984,420.0,
quota_reserving_rule,beijing_plain,2018,balanced,14.30935931792004,400.0,0.017857142857142856,-4.88238614314973,-3.302788757537769,2.9569990417550898,140.0,11.35236027616495,260.0,,,
quota_reserving_rule,beijing_plain,2019,balanced,10.02490968435192,450.0,0.23636363636363636,-6.745995677601883,-5.4140018482587795,2.5292308948530557,400.0,7.495678789498864,50.0,,,
quota_reserving_rule,beijing_plain,2020,balanced,13.956535659870578,450.0,0.05454545454545454,-5.5479863684251205,-4.3718140100277205,3.1230423043952005,280.0,10.833493355475378,170.0,,,
quota_reserving_rule,beijing_plain,2021,balanced,14.727738297136916,380.0,0.00909090909090909,-4.593388177117097,-3.852790290161658,3.1847004347517283,300.0,11.543037862385187,80.0,,,
quota_reserving_rule,beijing_plain,2022,balanced,14.857393127695167,220.0,0.0,-2.505281679296897,-1.873464069255963,3.3166738599676897,220.0,11.540719267727477,0.0,,,
quota_reserving_rule,hebei_central,2018,balanced,15.632386959385766,450.0,0.08928571428571429,-5.470951593701037,-3.71762817393361,4.267587591794669,120.0,11.364799367591097,330.0,,,
quota_reserving_rule,hebei_central,2019,balanced,14.91044760341023,440.0,0.05405405405405406,-5.552227508506584,-4.740907187359628,3.7918792945546853,400.0,11.118568308855544,40.0,,,
quota_reserving_rule,hebei_central,2020,balanced,16.317065895584026,400.0,0.04504504504504504,-4.767612083285743,-3.682082306146102,4.877406487083702,280.0,11.439659408500324,120.0,,,
quota_reserving_rule,hebei_central,2021,balanced,16.070069244337667,420.0,0.009174311926605505,-5.035485971300169,-3.8963407707879383,4.780288199735418,280.0,11.28978104460225,140.0,,,
quota_reserving_rule,hebei_central,2022,balanced,16.43331414906173,220.0,0.0,-2.412739620399103,-1.8372195912113927,4.914483238548729,220.0,11.518830910513001,0.0,,,
quota_reserving_rule,henan_north,2018,balanced,18.09529749386151,220.0,0.01818181818181818,-2.3153724577174852,-1.8015138270948954,6.594207255454749,180.0,11.50109023840676,40.0,,,
quota_reserving_rule,henan_north,2019,balanced,16.256784612164573,450.0,0.27927927927927926,-5.391881256693207,-4.614932093270795,6.450204808381854,360.0,9.80657980378272,90.0,,,
quota_reserving_rule,henan_north,2020,balanced,18.676622888330606,340.0,0.01834862385321101,-3.844358753372462,-2.767743897139507,7.285628789859043,200.0,11.390994098471563,140.0,,,
quota_reserving_rule,henan_north,2021,balanced,18.823314847686945,420.0,0.01834862385321101,-4.880019459742312,-4.051702038578859,7.366526597037117,280.0,11.456788250649826,140.0,,,
quota_reserving_rule,henan_north,2022,balanced,18.785620225819983,340.0,0.0,-3.8459686905854156,-2.8232692270787565,7.22296629507398,260.0,11.562653930746002,80.0,,,
quota_reserving_rule,shaanxi_guanzhong,2018,balanced,15.938375238812597,280.0,0.018518518518518517,-3.213161806123249,-2.2151484138856823,4.651803422569631,80.0,11.286571816242965,200.0,,,
quota_reserving_rule,shaanxi_guanzhong,2019,balanced,15.863768168781787,420.0,0.01834862385321101,-5.043683276751993,-4.11611721179092,4.734599267893373,280.0,11.129168900888414,140.0,,,
quota_reserving_rule,shaanxi_guanzhong,2020,balanced,16.31845393006625,140.0,0.018691588785046728,-1.3624947228122846,-1.0765290649660304,4.99478606696464,120.0,11.323667863101612,20.0,,,
quota_reserving_rule,shaanxi_guanzhong,2021,balanced,16.826809753102594,20.0,0.018518518518518517,0.22651071782661053,0.062314219159359086,5.292494400444067,20.0,11.53431535265853,0.0,,,
quota_reserving_rule,shaanxi_guanzhong,2022,balanced,16.13596803844044,260.0,0.027522935779816515,-2.940959125466963,-2.051121207493961,4.929920927807669,40.0,11.206047110632769,220.0,,,
quota_reserving_rule,ningxia_irrigation,2018,balanced,14.553502662349741,440.0,0.045454545454545456,-5.430968508931344,-5.145768083686516,,,,,14.553502662349741,440.0,
quota_reserving_rule,ningxia_irrigation,2019,balanced,14.350457563918383,450.0,0.022727272727272728,-5.57823641969267,-5.069438905202652,,,,,14.350457563918383,450.0,
quota_reserving_rule,ningxia_irrigation,2020,balanced,11.48959701964236,450.0,0.2727272727272727,-6.0460961021065,-5.606864039076567,,,,,11.48959701964236,450.0,
quota_reserving_rule,ningxia_irrigation,2021,balanced,12.724911912858378,450.0,0.38636363636363635,-6.19083206298235,-5.7555756734006644,,,,,12.724911912858378,450.0,
quota_reserving_rule,ningxia_irrigation,2022,balanced,14.20102573271984,420.0,0.06818181818181818,-5.1795808993272665,-4.839011237006502,,,,,14.20102573271984,420.0,
ppo_direct,beijing_plain,2018,balanced,12.073548733499218,80.0,0.0625,-0.9807523022665936,-0.7367491970660287,2.6813558362564787,20.0,9.392192897242738,60.0,,,0
ppo_direct,beijing_plain,2018,yield_max,12.073548733499218,80.0,0.0625,-0.16076097341098217,-0.23944716840470898,2.6813558362564787,20.0,9.392192897242738,60.0,,,0
ppo_direct,beijing_plain,2018,water_min,12.073548733499218,80.0,0.0625,-1.7562991866777582,-1.2040625071227897,2.6813558362564787,20.0,9.392192897242738,60.0,,,0
ppo_direct,beijing_plain,2018,cost_min,12.073548733499218,80.0,0.0625,-1.889632520011095,-1.2940286629364672,2.6813558362564787,20.0,9.392192897242738,60.0,,,0
ppo_direct,beijing_plain,2018,risk_min,13.419008490709373,450.0,0.23214285714285715,-2.4807656298304503,-1.6867015125406626,2.959787949870427,190.0,10.459220540838945,260.0,,,0
ppo_direct,beijing_plain,2018,yield_vs_water,12.073548733499218,80.0,0.0625,-0.681495933388796,-0.5533159181254168,2.6813558362564787,20.0,9.392192897242738,60.0,,,0
ppo_direct,beijing_plain,2018,water_vs_cost,12.073548733499218,80.0,0.0625,-1.834076964455536,-1.2561977309457437,2.6813558362564787,20.0,9.392192897242738,60.0,,,0
ppo_direct,beijing_plain,2019,balanced,8.654858900616539,405.0,0.15454545454545454,-5.2993011719930045,-4.2525153073830815,1.5429989543051423,405.0,7.111859946311395,0.0,,,0
ppo_direct,beijing_plain,2019,yield_max,8.631567170861173,400.0,0.17272727272727273,-2.047958871802901,-1.7495510339401859,1.500942186416575,400.0,7.130624984444597,0.0,,,0
ppo_direct,beijing_plain,2019,water_min,8.631567170861173,400.0,0.15454545454545454,-8.25447031501948,-6.521585368530882,1.500942186416575,400.0,7.130624984444597,0.0,,,0
ppo_direct,beijing_plain,2019,cost_min,8.597489132334044,400.0,0.13636363636363635,-8.965469615273845,-7.09278057610624,1.4905209464418543,400.0,7.10696818589219,0.0,,,0
ppo_direct,beijing_plain,2019,risk_min,7.437024447208223,450.0,0.32727272727272727,-6.769874398263122,-4.796352579364645,1.8110996507671628,450.0,5.625924796441061,0.0,,,0
ppo_direct,beijing_plain,2019,yield_vs_water,8.654858900616539,405.0,0.15454545454545454,-4.527251464991278,-3.6707564038946643,1.5429989543051423,405.0,7.111859946311395,0.0,,,0
ppo_direct,beijing_plain,2019,water_vs_cost,8.67923657588977,415.0,0.15454545454545454,-9.78339379727598,-7.724345174855525,1.5731558555217469,415.0,7.1060807203680225,0.0,,,0
ppo_direct,beijing_plain,2020,balanced,7.8114157984347194,160.0,0.09090909090909091,-2.2030564661458203,-1.560377561135663,0.6237055761999197,40.0,7.1877102222347995,120.0,,,0
ppo_direct,beijing_plain,2020,yield_max,7.8114157984347194,160.0,0.1,-0.8942377046440795,-0.7210983074573855,0.6237055761999197,40.0,7.1877102222347995,120.0,,,0
ppo_direct,beijing_plain,2020,water_min,7.8114157984347194,160.0,0.09090909090909091,-3.4229863387586805,-2.3394868280862373,0.6237055761999197,40.0,7.1877102222347995,120.0,,,0
ppo_direct,beijing_plain,2020,cost_min,7.8114157984347194,160.0,0.08181818181818182,-3.6896530054253467,-2.5199967882693484,0.6237055761999197,40.0,7.1877102222347995,120.0,,,0
ppo_direct,beijing_plain,2020,risk_min,8.993840222161955,320.0,0.08181818181818182,-1.7680373813692136,-1.23657699623694,0.8389480306573895,160.0,8.154892191504565,160.0,,,0
ppo_direct,beijing_plain,2020,yield_vs_water,7.8114157984347194,160.0,0.09090909090909091,-1.814931693793389,-1.3097767249448165,0.6237055761999197,40.0,7.1877102222347995,120.0,,,0
ppo_direct,beijing_plain,2020,water_vs_cost,7.8114157984347194,160.0,0.08181818181818182,-3.7785418943142353,-2.573300452779198,0.6237055761999197,40.0,7.1877102222347995,120.0,,,0
ppo_direct,beijing_plain,2021,balanced,11.833698099750963,40.0,0.05454545454545454,-0.499957172659909,-0.4250381794393747,0.7961003518919771,40.0,11.037597747858985,0.0,,,0
ppo_direct,beijing_plain,2021,yield_max,11.833698099750963,40.0,0.06363636363636363,-0.02214727437706121,-0.14883565350397726,0.7961003518919771,40.0,11.037597747858985,0.0,,,0
ppo_direct,beijing_plain,2021,water_min,11.833698099750963,40.0,0.05454545454545454,-0.9555448487205309,-0.6857500025187082,0.7961003518919771,40.0,11.037597747858985,0.0,,,0
ppo_direct,beijing_plain,2021,cost_min,11.833698099750963,40.0,0.01818181818181818,-1.0222115153871978,-0.7322221110869012,0.7961003518919771,40.0,11.037597747858985,0.0,,,0
ppo_direct,beijing_plain,2021,risk_min,12.518028469630611,190.0,0.2909090909090909,-1.012799702456392,-0.7287115301120621,0.9835039825413041,120.0,11.534524487089307,70.0,,,0
ppo_direct,beijing_plain,2021,yield_vs_water,11.833698099750963,40.0,0.05454545454545454,-0.27772424360266235,-0.2887300537597536,0.7961003518919771,40.0,11.037597747858985,0.0,,,0
ppo_direct,beijing_plain,2021,water_vs_cost,11.833698099750963,40.0,0.045454545454545456,-0.89443373760942,-0.6424499851132519,0.7961003518919771,40.0,11.037597747858985,0.0,,,0
ppo_direct,beijing_plain,2022,balanced,14.420478827114344,70.0,0.08035714285714286,-0.7776323738731216,-0.6252275849082887,2.871208917888606,70.0,11.549269909225737,0.0,,,0
ppo_direct,beijing_plain,2022,yield_max,14.369969737433259,80.0,0.125,0.08315574096607481,-0.09390448343899938,2.882756122517194,60.0,11.487213614916065,20.0,,,0
ppo_direct,beijing_plain,2022,water_min,14.369969737433259,80.0,0.11607142857142858,-1.635739656052464,-1.1454215361749764,2.882756122517194,60.0,11.487213614916065,20.0,,,0
ppo_direct,beijing_plain,2022,cost_min,14.420478827114344,70.0,0.05357142857142857,-1.6881580934682785,-1.1889944896762674,2.871208917888606,70.0,11.549269909225737,0.0,,,0
ppo_direct,beijing_plain,2022,risk_min,14.862628098387095,320.0,0.48214285714285715,-1.7637567798154663,-1.363661511440015,3.319915062679972,310.0,11.542713035707123,10.0,,,0
ppo_direct,beijing_plain,2022,yield_vs_water,14.369969737433259,80.0,0.10714285714285714,-0.5286982802623268,-0.4707720135129793,2.882756122517194,60.0,11.487213614916065,20.0,,,0
ppo_direct,beijing_plain,2022,water_vs_cost,14.369969737433259,80.0,0.09821428571428571,-1.8135174338302416,-1.2668151313300322,2.882756122517194,60.0,11.487213614916065,20.0,,,0
ppo_direct,hebei_central,2018,balanced,10.71665597634472,125.0,0.07142857142857142,-1.5170089895903605,-1.0508368968079853,4.112445803605742,0.0,6.604210172738978,125.0,,,0
ppo_direct,hebei_central,2018,yield_max,10.482769434637422,120.0,0.07142857142857142,-0.4614100205125866,-0.40352153368523136,4.112445803605742,0.0,6.370323631031681,120.0,,,0
ppo_direct,hebei_central,2018,water_min,10.71665597634472,125.0,0.0625,-2.5045994696198135,-1.6526496768372638,4.112445803605742,0.0,6.604210172738978,125.0,,,0
ppo_direct,hebei_central,2018,cost_min,10.482769434637422,120.0,0.05357142857142857,-2.608772860073228,-1.72038344029065,4.112445803605742,0.0,6.370323631031681,120.0,,,0
ppo_direct,hebei_central,2018,risk_min,14.143911191085973,270.0,0.375,-1.484128325556683,-1.168934743044315,4.272071019836863,260.0,9.87184017124911,10.0,,,0
ppo_direct,hebei_central,2018,yield_vs_water,10.71665597634472,125.0,0.07142857142857142,-1.2854973480990608,-0.9141292884432147,4.112445803605742,0.0,6.604210172738978,125.0,,,0
ppo_direct,hebei_central,2018,water_vs_cost,10.482769434637422,120.0,0.0625,-2.825439526739895,-1.862058639849209,4.112445803605742,0.0,6.370323631031681,120.0,,,0
ppo_direct,hebei_central,2019,balanced,14.261757331401906,420.0,0.16216216216216217,-5.17845101217821,-4.26281262011268,3.0220114490619974,420.0,11.239745882339909,0.0,,,0
ppo_direct,hebei_central,2019,yield_max,14.261757331401906,420.0,0.1891891891891892,-1.663678160200766,-1.558946838343458,3.0220114490619974,420.0,11.239745882339909,0.0,,,0
ppo_direct,hebei_central,2019,water_min,14.210010898549635,410.0,0.14414414414414414,-8.307768166578837,-6.671744537176469,2.970265016209727,410.0,11.239745882339909,0.0,,,0
ppo_direct,hebei_central,2019,cost_min,13.973221292087981,400.0,0.14414414414414414,-8.81287981807181,-7.089865995760774,2.851901439756528,400.0,11.121319852331453,0.0,,,0
ppo_direct,hebei_central,2019,risk_min,4.1738487634289445,450.0,0.27927927927927926,-6.1520788628306695,-4.1713158098426835,3.639274655509686,450.0,0.5345741079192582,0.0,,,0
ppo_direct,hebei_central,2019,yield_vs_water,14.261757331401906,420.0,0.16216216216216217,-4.371674876333896,-3.6520336586847364,3.0220114490619974,420.0,11.239745882339909,0.0,,,0
ppo_direct,hebei_central,2019,water_vs_cost,14.01575291795049,395.0,0.13513513513513514,-9.256454950838236,-7.45074855564381,2.776007035610582,395.0,11.239745882339909,0.0,,,0
ppo_direct,hebei_central,2020,balanced,14.827109888693297,120.0,0.08108108108108109,-1.3754015195785843,-1.0732226554862687,4.003192756960156,100.0,10.823917131733142,20.0,,,0
ppo_direct,hebei_central,2020,yield_max,14.958162146585703,160.0,0.17117117117117117,-0.3526006497891334,-0.418705341185844,3.981539363324065,80.0,10.976622783261638,80.0,,,0
ppo_direct,hebei_central,2020,water_min,14.827109888693297,120.0,0.09009009009009009,-2.535517046561318,-1.8186379450330654,4.003192756960156,100.0,10.823917131733142,20.0,,,0
ppo_direct,hebei_central,2020,cost_min,14.827109888693297,120.0,0.08108108108108109,-2.735517046561318,-1.9598457118267305,4.003192756960156,100.0,10.823917131733142,20.0,,,0
ppo_direct,hebei_central,2020,risk_min,15.195322039853874,240.0,0.10810810810810811,-1.2525018432377824,-0.9081773504607391,4.4522297820239585,150.0,10.743092257829915,90.0,,,0
ppo_direct,hebei_central,2020,yield_vs_water,14.827109888693297,120.0,0.08108108108108109,-0.977585232806562,-0.8149523474504052,4.003192756960156,100.0,10.823917131733142,20.0,,,0
ppo_direct,hebei_central,2020,water_vs_cost,14.827109888693297,120.0,0.08108108108108109,-2.752183713227985,-1.9677056878849695,4.003192756960156,100.0,10.823917131733142,20.0,,,0
ppo_direct,hebei_central,2021,balanced,13.915870963653791,120.0,0.09174311926605505,-1.30158124845331,-1.0237467677033414,4.095860107900229,120.0,9.820010855753562,0.0,,,0
ppo_direct,hebei_central,2021,yield_max,13.915870963653791,120.0,0.09174311926605505,-0.09443385145996075,-0.2333089807204174,4.095860107900229,120.0,9.820010855753562,0.0,,,0
ppo_direct,hebei_central,2021,water_min,13.97534544943124,125.0,0.09174311926605505,-2.540193777084637,-1.8360439783450366,4.121366718807938,125.0,9.853978730623302,0.0,,,0
ppo_direct,hebei_central,2021,cost_min,13.915870963653791,120.0,0.07339449541284404,-2.64206197878,-1.9092537783170724,4.095860107900229,120.0,9.820010855753562,0.0,,,0
ppo_direct,hebei_central,2021,risk_min,14.282585641774872,160.0,0.13761467889908258,-0.8264995188867111,-0.6203945112743937,4.350190576840021,150.0,9.932395064934852,10.0,,,0
ppo_direct,hebei_central,2021,yield_vs_water,13.915870963653791,120.0,0.09174311926605505,-0.9603098938999692,-0.8028480156691896,4.095860107900229,120.0,9.820010855753562,0.0,,,0
ppo_direct,hebei_central,2021,water_vs_cost,13.915870963653791,120.0,0.08256880733944955,-2.7587286454466664,-1.9904535812527684,4.095860107900229,120.0,9.820010855753562,0.0,,,0
ppo_direct,hebei_central,2022,balanced,15.790136477511513,60.0,0.05405405405405406,-0.451955701240903,-0.4144324501660114,4.353711038109714,60.0,11.436425439401798,0.0,,,0
ppo_direct,hebei_central,2022,yield_max,15.790136477511513,60.0,0.05405405405405406,0.33824418949508817,0.06171448631799081,4.353711038109714,60.0,11.436425439401798,0.0,,,0
ppo_direct,hebei_central,2022,water_min,15.790136477511513,60.0,0.05405405405405406,-1.208822258643557,-0.8673814733639498,4.353711038109714,60.0,11.436425439401798,0.0,,,0
ppo_direct,hebei_central,2022,cost_min,14.326071741255817,80.0,0.036036036036036036,-1.7456691999389742,-1.2331380945444077,4.419850459885224,60.0,9.906221281370591,20.0,,,0
ppo_direct,hebei_central,2022,risk_min,12.49690515964273,280.0,0.40540540540540543,-1.5522196731658484,-1.2039475475059234,4.914901446896087,280.0,7.582003712746642,0.0,,,0
ppo_direct,hebei_central,2022,yield_vs_water,15.790136477511513,60.0,0.05405405405405406,-0.19411129321779397,-0.2588218158569656,4.353711038109714,60.0,11.436425439401798,0.0,,,0
ppo_direct,hebei_central,2022,water_vs_cost,15.790136477511513,60.0,0.04504504504504504,-1.3171555919768905,-0.9412520761528793,4.353711038109714,60.0,11.436425439401798,0.0,,,0
ppo_direct,henan_north,2018,balanced,17.34967131114888,40.0,0.07272727272727272,0.00012243982823201272,-0.10945852558753394,5.9075766056339445,40.0,11.442094705514938,0.0,,,0
ppo_direct,henan_north,2018,yield_max,17.34967131114888,40.0,0.06363636363636363,0.7029920474771847,0.30078427898979954,5.9075766056339445,40.0,11.442094705514938,0.0,,,0
ppo_direct,henan_north,2018,water_min,17.34967131114888,40.0,0.05454545454545454,-0.6805249455984956,-0.5041333713105443,5.9075766056339445,40.0,11.442094705514938,0.0,,,0
ppo_direct,henan_north,2018,cost_min,17.34967131114888,40.0,0.06363636363636363,-0.7471916122651623,-0.550837247873515,5.9075766056339445,40.0,11.442094705514938,0.0,,,0
ppo_direct,henan_north,2018,risk_min,18.03755657758132,300.0,0.44545454545454544,-1.60018229013654,-1.2667932748997202,6.59353687834877,280.0,11.444019699232548,20.0,,,0
ppo_direct,henan_north,2018,yield_vs_water,17.34967131114888,40.0,0.05454545454545454,0.19737527200751392,0.0013424778477045818,5.9075766056339445,40.0,11.442094705514938,0.0,,,0
ppo_direct,henan_north,2018,water_vs_cost,17.34967131114888,40.0,0.05454545454545454,-0.8194138344873847,-0.6014331141500667,5.9075766056339445,40.0,11.442094705514938,0.0,,,0
ppo_direct,henan_north,2019,balanced,10.658936485990013,280.0,0.0990990990990991,-3.731742076735418,-2.9469765703937125,2.0773820549265873,260.0,8.581554431063426,20.0,,,0
ppo_direct,henan_north,2019,yield_max,10.796361451492775,260.0,0.0990990990990991,-1.3718354292866173,-1.2214331208731408,2.0405320635885005,240.0,8.755829387904274,20.0,,,0
ppo_direct,henan_north,2019,water_min,10.796361451492775,260.0,0.0990990990990991,-5.6150241089457,-4.3321437316850995,2.0405320635885005,240.0,8.755829387904274,20.0,,,0
ppo_direct,henan_north,2019,cost_min,10.863735649733478,260.0,0.09009009009009009,-5.94765691442347,-4.597211461482257,2.059521549786584,240.0,8.804214099946893,20.0,,,0
ppo_direct,henan_north,2019,risk_min,14.715683035709702,450.0,0.08108108108108109,-2.4215115941018275,-1.885551616927078,4.4320532716507985,380.0,10.283629764058903,70.0,,,0
ppo_direct,henan_north,2019,yield_vs_water,10.796361451492775,260.0,0.0990990990990991,-2.875120544728537,-2.3353499126841295,2.0405320635885005,240.0,8.755829387904274,20.0,,,0
ppo_direct,henan_north,2019,water_vs_cost,10.796361451492775,260.0,0.0990990990990991,-6.117801886723478,-4.736401341927488,2.0405320635885005,240.0,8.755829387904274,20.0,,,0
ppo_direct,henan_north,2020,balanced,18.299452296422245,80.0,0.05504587155963303,-0.47096700347376974,-0.4522165914827972,6.736934886269699,80.0,11.562517410152545,0.0,,,0
ppo_direct,henan_north,2020,yield_max,17.374091659774315,125.0,0.10091743119266056,0.11181129380025046,-0.07947268886218506,6.7211012528325345,60.0,10.652990406941779,65.0,,,0
ppo_direct,henan_north,2020,water_min,17.34273259784442,120.0,0.09174311926605505,-2.297876390512764,-1.5802091059834376,6.7211012528325345,60.0,10.621631345011886,60.0,,,0
ppo_direct,henan_north,2020,cost_min,18.299452296422245,80.0,0.045871559633027525,-1.6121861953128847,-1.1746330335795054,6.736934886269699,80.0,11.562517410152545,0.0,,,0
ppo_direct,henan_north,2020,risk_min,18.860702234864227,300.0,0.3853211009174312,-1.5886607476504353,-1.2536975268081432,7.284719567311864,290.0,11.575982667552362,10.0,,,0
ppo_direct,henan_north,2020,yield_vs_water,18.299452296422245,80.0,0.05504587155963303,-0.19426430989776566,-0.2850770557649265,6.736934886269699,80.0,11.562517410152545,0.0,,,0
ppo_direct,henan_north,2020,water_vs_cost,18.299452296422245,80.0,0.045871559633027525,-1.7566306397573292,-1.2772391712316578,6.736934886269699,80.0,11.562517410152545,0.0,,,0
ppo_direct,henan_north,2021,balanced,10.364479955856387,80.0,0.08256880733944955,-1.1295789492613897,-0.8858796802449328,2.531844054928376,80.0,7.832635900928011,0.0,,,0
ppo_direct,henan_north,2021,yield_max,10.747619332264772,80.0,0.11009174311926606,-0.32358043296740535,-0.37329715023741117,2.5123536188671447,80.0,8.235265713397627,0.0,,,0
ppo_direct,henan_north,2021,water_min,10.747619332264772,80.0,0.09174311926605505,-1.865273395185818,-1.3506675939589634,2.5123536188671447,80.0,8.235265713397627,0.0,,,0
ppo_direct,henan_north,2021,cost_min,10.364479955856387,80.0,0.07339449541284404,-2.0018391817597965,-1.4486943649213238,2.531844054928376,80.0,7.832635900928011,0.0,,,0
ppo_direct,henan_north,2021,risk_min,10.935087714528951,170.0,0.1559633027522936,-0.920101652799204,-0.6801004190820816,2.8870516743842414,140.0,8.048036040144709,30.0,,,0
ppo_direct,henan_north,2021,yield_vs_water,10.747619332264772,80.0,0.09174311926605505,-0.7763669759290974,-0.654448152358463,2.5123536188671447,80.0,8.235265713397627,0.0,,,0
ppo_direct,henan_north,2021,water_vs_cost,10.747619332264772,80.0,0.09174311926605505,-1.843051172963596,-1.3326035212037137,2.5123536188671447,80.0,8.235265713397627,0.0,,,0
ppo_direct,henan_north,2022,balanced,18.026895899954145,130.0,0.05405405405405406,-1.3511144684918355,-1.0727764455121533,6.467467452592989,130.0,11.559428447361155,0.0,,,0
ppo_direct,henan_north,2022,yield_max,17.989739672695677,120.0,0.07207207207207207,0.03823111556314762,-0.18224073783917216,6.430328071415084,120.0,11.559411601280594,0.0,,,0
ppo_direct,henan_north,2022,water_min,17.989739672695677,120.0,0.05405405405405406,-2.5945384120624126,-1.8609358757472432,6.430328071415084,120.0,11.559411601280594,0.0,,,0
ppo_direct,henan_north,2022,cost_min,18.016887654592775,120.0,0.04504504504504504,-2.694086332929392,-1.9339163426363553,6.469556645349994,120.0,11.54733100924278,0.0,,,0
ppo_direct,henan_north,2022,risk_min,18.777499172088746,330.0,0.44144144144144143,-1.7657374150050902,-1.3871203097359084,7.2215427270743024,320.0,11.555956445014441,10.0,,,0
ppo_direct,henan_north,2022,yield_vs_water,18.026895899954145,130.0,0.05405405405405406,-0.886809752281468,-0.7742325011409568,6.467467452592989,130.0,11.559428447361155,0.0,,,0
ppo_direct,henan_north,2022,water_vs_cost,17.989739672695677,120.0,0.04504504504504504,-2.71120507872908,-1.9421798994560031,6.430328071415084,120.0,11.559411601280594,0.0,,,0
ppo_direct,shaanxi_guanzhong,2018,balanced,14.04503790037792,105.0,0.07407407407407407,-1.0839429744404958,-0.7542866683325803,4.648332329724559,0.0,9.396705570653362,105.0,,,0
ppo_direct,shaanxi_guanzhong,2018,yield_max,14.04838123422433,115.0,0.12037037037037036,-0.04206475784289121,-0.1467271945354799,4.6514138525628,10.0,9.39696738166153,105.0,,,0
ppo_direct,shaanxi_guanzhong,2018,water_min,14.048116177221559,115.0,0.05555555555555555,-2.3393445444768544,-1.5342124883417083,4.651410879832803,10.0,9.396705297388756,105.0,,,0
ppo_direct,shaanxi_guanzhong,2018,cost_min,14.297246250416263,120.0,0.046296296296296294,-2.6358243257951135,-1.6862861624754693,4.648332329724559,0.0,9.648913920691705,120.0,,,0
ppo_direct,shaanxi_guanzhong,2018,risk_min,14.378856097848784,230.0,0.5648148148148148,-1.23229509815564,-0.9548542660331252,4.650731475271735,180.0,9.728124622577049,50.0,,,0
ppo_direct,shaanxi_guanzhong,2018,yield_vs_water,14.04503790037792,105.0,0.06481481481481481,-0.7677759402728419,-0.5687769521193047,4.648332329724559,0.0,9.396705570653362,105.0,,,0
ppo_direct,shaanxi_guanzhong,2018,water_vs_cost,13.961901659507928,100.0,0.037037037037037035,-2.280320015539012,-1.4728412805964837,4.648332329724559,0.0,9.31356932978337,100.0,,,0
ppo_direct,shaanxi_guanzhong,2019,balanced,12.406439530385883,60.0,0.045871559633027525,-0.8203015953870141,-0.695755654813147,1.1483374151742907,60.0,11.258102115211592,0.0,,,0
ppo_direct,shaanxi_guanzhong,2019,yield_max,11.580441441568476,105.0,0.10091743119266056,-0.5386726587560451,-0.5193380475249045,1.1483374151742907,40.0,10.432104026394185,65.0,,,0
ppo_direct,shaanxi_guanzhong,2019,water_min,11.580441441568476,105.0,0.08256880733944955,-2.46742942744134,-1.7136907641808725,1.1483374151742907,40.0,10.432104026394185,65.0,,,0
ppo_direct,shaanxi_guanzhong,2019,cost_min,12.406439530385883,60.0,0.045871559633027525,-1.5509087321800847,-1.157524447470081,1.1483374151742907,60.0,11.258102115211592,0.0,,,0
ppo_direct,shaanxi_guanzhong,2019,risk_min,13.648067785223922,180.0,0.09174311926605505,-0.9558377890678368,-0.7436818686522958,2.5389646135652284,170.0,11.109103171658694,10.0,,,0
ppo_direct,shaanxi_guanzhong,2019,yield_vs_water,11.580441441568476,105.0,0.09174311926605505,-1.099647137206698,-0.8551560572747527,1.1483374151742907,40.0,10.432104026394185,65.0,,,0
ppo_direct,shaanxi_guanzhong,2019,water_vs_cost,11.580441441568476,105.0,0.08256880733944955,-2.4222905385524522,-1.6707348537820703,1.1483374151742907,40.0,10.432104026394185,65.0,,,0
ppo_direct,shaanxi_guanzhong,2020,balanced,15.962353251499461,0.0,0.037383177570093455,0.4506536733773861,0.22283218903180338,4.755989944168926,0.0,11.206363307330536,0.0,,,0
ppo_direct,shaanxi_guanzhong,2020,yield_max,16.018412371232664,10.0,0.04672897196261682,0.7348928149097156,0.34693018376675416,4.812033027290372,10.0,11.20637934394229,0.0,,,0
ppo_direct,shaanxi_guanzhong,2020,water_min,15.962353251499461,0.0,0.037383177570093455,0.11266341834434652,0.055708047257950845,4.755989944168926,0.0,11.206363307330536,0.0,,,0
ppo_direct,shaanxi_guanzhong,2020,cost_min,15.958191743713634,10.0,0.018691588785046728,-0.14570610201321132,-0.12619789578693474,4.755989944168926,10.0,11.202201799544708,0.0,,,0
ppo_direct,shaanxi_guanzhong,2020,risk_min,16.196136309032802,200.0,0.5700934579439252,-1.0514130772720895,-0.8338027164230739,4.994152288756218,190.0,11.201984020276585,10.0,,,0
ppo_direct,shaanxi_guanzhong,2020,yield_vs_water,15.962353251499461,0.0,0.037383177570093455,0.5633170917217325,0.27854023628975416,4.755989944168926,0.0,11.206363307330536,0.0,,,0
ppo_direct,shaanxi_guanzhong,2020,water_vs_cost,15.962353251499461,0.0,0.028037383177570093,0.11266341834434652,0.055708047257950845,4.755989944168926,0.0,11.206363307330536,0.0,,,0
ppo_direct,shaanxi_guanzhong,2021,balanced,16.826809753102594,0.0,0.05555555555555555,0.48762182893772166,0.24432083159973841,5.292494400444067,0.0,11.53431535265853,0.0,,,0
ppo_direct,shaanxi_guanzhong,2021,yield_max,16.826809753102594,10.0,0.08333333333333333,0.7950048673076793,0.3837253060941586,5.292494400444067,10.0,11.53431535265853,0.0,,,0
ppo_direct,shaanxi_guanzhong,2021,water_min,16.826809753102594,10.0,0.037037037037037035,-0.0864278760989029,-0.0954774678335776,5.292494400444067,10.0,11.53431535265853,0.0,,,0
ppo_direct,shaanxi_guanzhong,2021,cost_min,16.826809753102594,0.0,0.046296296296296294,0.12190545723443041,0.061080207899934603,5.292494400444067,0.0,11.53431535265853,0.0,,,0
ppo_direct,shaanxi_guanzhong,2021,risk_min,16.826249571039625,120.0,0.6018518518518519,-0.578099887848778,-0.4716619869372801,5.292409618767744,110.0,11.53383995227188,10.0,,,0
ppo_direct,shaanxi_guanzhong,2021,yield_vs_water,16.826809753102594,0.0,0.05555555555555555,0.6095272861721519,0.3054010394996729,5.292494400444067,0.0,11.53431535265853,0.0,,,0
ppo_direct,shaanxi_guanzhong,2021,water_vs_cost,16.826809753102594,0.0,0.037037037037037035,0.12190545723443041,0.061080207899934603,5.292494400444067,0.0,11.53431535265853,0.0,,,0
ppo_direct,shaanxi_guanzhong,2022,balanced,12.316851843131936,20.0,0.045871559633027525,0.05965310960145631,-0.034199867345953594,4.929920927807669,0.0,7.3869309153242675,20.0,,,0
ppo_direct,shaanxi_guanzhong,2022,yield_max,12.28392233151687,30.0,0.03669724770642202,0.39546325092689405,0.1359837960205884,4.929881986427207,10.0,7.354040345089662,20.0,,,0
ppo_direct,shaanxi_guanzhong,2022,water_min,12.28392233151687,30.0,0.027522935779816515,-0.5339814403437756,-0.40050119283421415,4.929881986427207,10.0,7.354040345089662,20.0,,,0
ppo_direct,shaanxi_guanzhong,2022,cost_min,12.316851843131936,20.0,0.009174311926605505,-0.35869783371074704,-0.2650874558189284,4.929920927807669,0.0,7.3869309153242675,20.0,,,0
ppo_direct,shaanxi_guanzhong,2022,risk_min,13.531442244772162,160.0,0.6055045871559633,-0.8314728736562049,-0.668790472513411,4.9298633072696285,140.0,8.601578937502534,20.0,,,0
ppo_direct,shaanxi_guanzhong,2022,yield_vs_water,12.316851843131936,20.0,0.03669724770642202,0.17317749811293143,0.02496080417351798,4.929920927807669,0.0,7.3869309153242675,20.0,,,0
ppo_direct,shaanxi_guanzhong,2022,water_vs_cost,12.316851843131936,20.0,0.01834862385321101,-0.3948089448218568,-0.2898829008506884,4.929920927807669,0.0,7.3869309153242675,20.0,,,0
ppo_direct,ningxia_irrigation,2018,balanced,6.346806283015375,240.0,0.3181818181818182,-3.0321277922394723,-2.8915820451173047,,,,,6.346806283015375,240.0,0
ppo_direct,ningxia_irrigation,2018,yield_max,6.346806283015375,240.0,0.3181818181818182,-1.0895569697524161,-1.085545607407573,,,,,6.346806283015375,240.0,0
ppo_direct,ningxia_irrigation,2018,water_min,6.346806283015375,240.0,0.3181818181818182,-4.841365281393197,-4.571935543015253,,,,,6.346806283015375,240.0,0
ppo_direct,ningxia_irrigation,2018,cost_min,6.346806283015375,240.0,0.29545454545454547,-5.241365281393197,-4.948984362450609,,,,,6.346806283015375,240.0,0
ppo_direct,ningxia_irrigation,2018,risk_min,9.250938780395336,275.0,0.36363636363636365,-2.120636098087554,-1.9811116941877585,,,,,9.250938780395336,275.0,0
ppo_direct,ningxia_irrigation,2018,yield_vs_water,6.346806283015375,240.0,0.3181818181818182,-2.60682640696601,-2.4990414655670374,,,,,6.346806283015375,240.0,0
ppo_direct,ningxia_irrigation,2018,water_vs_cost,6.346806283015375,240.0,0.3181818181818182,-5.674698614726531,-5.357453916838911,,,,,6.346806283015375,240.0,0
ppo_direct,ningxia_irrigation,2019,balanced,9.109610539497028,315.0,0.36363636363636365,-4.070324495842886,-3.6721821053173294,,,,,9.109610539497028,315.0,0
ppo_direct,ningxia_irrigation,2019,yield_max,8.547914270054894,320.0,0.38636363636363635,-1.4951572075048793,-1.3879517150723295,,,,,8.547914270054894,320.0,0
ppo_direct,ningxia_irrigation,2019,water_min,8.502989939695363,320.0,0.36363636363636365,-6.537699356955982,-5.842788788656879,,,,,8.502989939695363,320.0,0
ppo_direct,ningxia_irrigation,2019,cost_min,9.276739930588487,330.0,0.3409090909090909,-7.1798127123123585,-6.420651013765415,,,,,9.276739930588487,330.0,0
ppo_direct,ningxia_irrigation,2019,risk_min,10.603762268307008,345.0,0.3409090909090909,-1.8498910216676874,-1.6584644227899301,,,,,10.603762268307008,345.0,0
ppo_direct,ningxia_irrigation,2019,yield_vs_water,9.066358792466858,325.0,0.38636363636363635,-3.524998511934582,-3.1906434120684866,,,,,9.066358792466858,325.0,0
ppo_direct,ningxia_irrigation,2019,water_vs_cost,8.52614394554293,315.0,0.36363636363636365,-7.434863309096423,-6.658495584835654,,,,,8.52614394554293,315.0,0
ppo_direct,ningxia_irrigation,2020,balanced,8.137979732923556,410.0,0.45454545454545453,-5.245751342981657,-4.790324677430863,,,,,8.137979732923556,410.0,0
ppo_direct,ningxia_irrigation,2020,yield_max,7.891696966055619,415.0,0.4772727272727273,-2.116412542606127,-1.9776098170512104,,,,,7.891696966055619,415.0,0
ppo_direct,ningxia_irrigation,2020,water_min,7.932891424341184,410.0,0.45454545454545453,-8.260593493503922,-7.522180860591812,,,,,7.932891424341184,410.0,0
ppo_direct,ningxia_irrigation,2020,cost_min,7.639110659276589,405.0,0.4090909090909091,-8.855414662601913,-8.066867471589616,,,,,7.639110659276589,405.0,0
ppo_direct,ningxia_irrigation,2020,risk_min,8.196288016976045,450.0,0.45454545454545453,-2.3545884095915937,-2.1330207198118893,,,,,8.196288016976045,450.0,0
ppo_direct,ningxia_irrigation,2020,yield_vs_water,8.28530549681685,420.0,0.4772727272727273,-4.677161403563633,-4.292962217478987,,,,,8.28530549681685,420.0,0
ppo_direct,ningxia_irrigation,2020,water_vs_cost,7.700324603419488,405.0,0.38636363636363635,-9.520989727779119,-8.672489095021863,,,,,7.700324603419488,405.0,0
ppo_direct,ningxia_irrigation,2021,balanced,0.0,0.0,0.0,-0.08607043041529906,-0.07916957681129456,,,,,0.0,0.0,0
ppo_direct,ningxia_irrigation,2021,yield_max,0.0,0.0,0.0,-0.15062325322677333,-0.13854675941976538,,,,,0.0,0.0,0
ppo_direct,ningxia_irrigation,2021,water_min,0.0,0.0,0.0,-0.021517607603824766,-0.01979239420282364,,,,,0.0,0.0,0
ppo_direct,ningxia_irrigation,2021,cost_min,0.0,0.0,0.0,-0.021517607603824766,-0.01979239420282364,,,,,0.0,0.0,0
ppo_direct,ningxia_irrigation,2021,risk_min,0.0,0.0,0.0,-0.021517607603824766,-0.01979239420282364,,,,,0.0,0.0,0
ppo_direct,ningxia_irrigation,2021,yield_vs_water,0.0,0.0,0.0,-0.10758803801912381,-0.0989619710141182,,,,,0.0,0.0,0
ppo_direct,ningxia_irrigation,2021,water_vs_cost,0.0,0.0,0.0,-0.021517607603824766,-0.01979239420282364,,,,,0.0,0.0,0
ppo_direct,ningxia_irrigation,2022,balanced,11.228264834998145,365.0,0.38636363636363635,-4.70613872796157,-4.348596445818972,,,,,11.228264834998145,365.0,0
ppo_direct,ningxia_irrigation,2022,yield_max,11.013278383699543,345.0,0.38636363636363635,-1.6121016976400282,-1.5549279157747733,,,,,11.013278383699543,345.0,0
ppo_direct,ningxia_irrigation,2022,water_min,10.735985170219015,330.0,0.3409090909090909,-6.931166779962958,-6.414670713354407,,,,,10.735985170219015,330.0,0
ppo_direct,ningxia_irrigation,2022,cost_min,11.500207055697627,365.0,0.3181818181818182,-8.030849997248819,-7.388581724850591,,,,,11.500207055697627,365.0,0
ppo_direct,ningxia_irrigation,2022,risk_min,12.268545257755935,430.0,0.4772727272727273,-2.255046468793883,-2.0597198037945814,,,,,12.268545257755935,430.0,0
ppo_direct,ningxia_irrigation,2022,yield_vs_water,10.699728576412257,350.0,0.45454545454545453,-3.8555422431506368,-3.5822018878913826,,,,,10.699728576412257,350.0,0
ppo_direct,ningxia_irrigation,2022,water_vs_cost,10.735985170219015,330.0,0.3409090909090909,-7.757555668851847,-7.187843872970752,,,,,10.735985170219015,330.0,0
ppo_direct,beijing_plain,2018,balanced,10.551067038302829,55.0,0.03571428571428571,-0.5128516186488312,-0.4221100026170488,2.7524222140843353,35.0,7.798644824218494,20.0,,,1
ppo_direct,beijing_plain,2018,yield_max,13.13046062065441,185.0,0.16964285714285715,-0.5700877582910586,-0.5100851164218466,2.731308475615899,35.0,10.399152145038512,150.0,,,1
ppo_direct,beijing_plain,2018,water_min,10.487974880783444,55.0,0.026785714285714284,-1.0657637048104978,-0.747229107207889,2.749638914463489,35.0,7.738335966319956,20.0,,,1
ppo_direct,beijing_plain,2018,cost_min,12.073548733499218,80.0,0.03571428571428571,-1.889632520011095,-1.2940286629364672,2.6813558362564787,20.0,9.392192897242738,60.0,,,1
ppo_direct,beijing_plain,2018,risk_min,11.462596012822324,140.0,0.07142857142857142,-0.7116898256297434,-0.5113757206913764,2.831939784511708,70.0,8.630656228310617,70.0,,,1
ppo_direct,beijing_plain,2018,yield_vs_water,10.551067038302829,55.0,0.03571428571428571,-0.3643284121999264,-0.33785792609362086,2.7524222140843353,35.0,7.798644824218494,20.0,,,1
ppo_direct,beijing_plain,2018,water_vs_cost,12.073548733499218,80.0,0.03571428571428571,-1.834076964455536,-1.2561977309457437,2.6813558362564787,20.0,9.392192897242738,60.0,,,1
ppo_direct,beijing_plain,2019,balanced,10.143645682628243,450.0,0.3181818181818182,-6.903596264441577,-5.272659107229751,1.446464203142026,370.0,8.697181479486217,80.0,,,1
ppo_direct,beijing_plain,2019,yield_max,7.897028089225309,450.0,0.2727272727272727,-2.995710343047766,-2.3682196323887506,1.634720673735224,395.0,6.262307415490085,55.0,,,1
ppo_direct,beijing_plain,2019,water_min,9.597297992200865,450.0,0.2636363636363636,-10.128358630728034,-7.764702821213367,1.4704561743486253,380.0,8.12684181785224,70.0,,,1
ppo_direct,beijing_plain,2019,cost_min,9.722533670801717,450.0,0.20909090909090908,-11.03654736085469,-8.44652972586148,1.4749703707238826,375.0,8.247563300077834,75.0,,,1
ppo_direct,beijing_plain,2019,risk_min,8.589663296912892,450.0,0.3181818181818182,-3.8317407585076073,-2.852052904670344,1.7722278057398495,380.0,6.817435491173043,70.0,,,1
ppo_direct,beijing_plain,2019,yield_vs_water,8.216925534107336,450.0,0.2,-5.598005736648303,-4.374216429539103,1.4874114645104892,380.0,6.729514069596847,70.0,,,1
ppo_direct,beijing_plain,2019,water_vs_cost,9.597297992200865,450.0,0.22727272727272727,-10.810303075172481,-8.399151790753542,1.4704561743486253,380.0,8.12684181785224,70.0,,,1
ppo_direct,beijing_plain,2020,balanced,4.631028199895423,110.0,0.05454545454545454,-1.774791972746259,-1.289745429718365,0.6193659317800347,50.0,4.011662268115388,60.0,,,1
ppo_direct,beijing_plain,2020,yield_max,4.5159277038644445,115.0,0.05454545454545454,-0.8643299156015585,-0.6912592952991626,0.661886085116734,55.0,3.8540416187477105,60.0,,,1
ppo_direct,beijing_plain,2020,water_min,7.8114157984347194,160.0,0.08181818181818182,-3.4229863387586805,-2.3394868280862373,0.6237055761999197,40.0,7.1877102222347995,120.0,,,1
ppo_direct,beijing_plain,2020,cost_min,7.8114157984347194,160.0,0.07272727272727272,-3.6896530054253467,-2.5199967882693484,0.6237055761999197,40.0,7.1877102222347995,120.0,,,1
ppo_direct,beijing_plain,2020,risk_min,11.68198492081635,200.0,0.07272727272727272,-1.0014083751101646,-0.7335335669083508,1.025863451611802,160.0,10.656121469204548,40.0,,,1
ppo_direct,beijing_plain,2020,yield_vs_water,4.631028199895423,110.0,0.05454545454545454,-1.4400177437106012,-1.0660150204035017,0.6193659317800347,50.0,4.011662268115388,60.0,,,1
ppo_direct,beijing_plain,2020,water_vs_cost,7.8114157984347194,160.0,0.07272727272727272,-3.7785418943142353,-2.573300452779198,0.6237055761999197,40.0,7.1877102222347995,120.0,,,1
ppo_direct,beijing_plain,2021,balanced,11.877509772437673,50.0,0.05454545454545454,-0.6401360444863129,-0.5267540319899792,0.8107992837505159,50.0,11.066710488687157,0.0,,,1
ppo_direct,beijing_plain,2021,yield_max,11.875572213020407,50.0,0.16363636363636364,-0.07820237331646318,-0.18946471833297768,0.8246181308595981,50.0,11.050954082160809,0.0,,,1
ppo_direct,beijing_plain,2021,water_min,11.833698099750963,40.0,0.02727272727272727,-0.9555448487205309,-0.6857500025187082,0.7961003518919771,40.0,11.037597747858985,0.0,,,1
ppo_direct,beijing_plain,2021,cost_min,11.833698099750963,40.0,0.01818181818181818,-1.0222115153871978,-0.7322221110869012,0.7961003518919771,40.0,11.037597747858985,0.0,,,1
ppo_direct,beijing_plain,2021,risk_min,12.610819740495447,170.0,0.20909090909090908,-0.8291091604199974,-0.6064542925621463,1.0777534945720888,110.0,11.533066245923358,60.0,,,1
ppo_direct,beijing_plain,2021,yield_vs_water,11.877509772437673,50.0,0.06363636363636363,-0.3925311667190001,-0.3720385656302182,0.8107992837505159,50.0,11.066710488687157,0.0,,,1
ppo_direct,beijing_plain,2021,water_vs_cost,11.833698099750963,40.0,0.02727272727272727,-0.89443373760942,-0.6424499851132519,0.7961003518919771,40.0,11.037597747858985,0.0,,,1
ppo_direct,beijing_plain,2022,balanced,14.472102041121753,85.0,0.10714285714285714,-0.7538490925882736,-0.6197445754874009,2.922832131896016,85.0,11.549269909225737,0.0,,,1
ppo_direct,beijing_plain,2022,yield_max,14.693216391881656,145.0,0.1875,-0.13170298765447042,-0.2800700728191736,3.1421010431260994,135.0,11.551115348755555,10.0,,,1
ppo_direct,beijing_plain,2022,water_min,14.219225825565726,60.0,0.0625,-1.231301229025592,-0.8757278414207098,2.9097796774251683,60.0,11.309446148140557,0.0,,,1
ppo_direct,beijing_plain,2022,cost_min,14.219225825565726,60.0,0.03571428571428571,-1.331301229025592,-0.9456133396825358,2.9097796774251683,60.0,11.309446148140557,0.0,,,1
ppo_direct,beijing_plain,2022,risk_min,14.682408885979402,150.0,0.16964285714285715,-0.7072237702240871,-0.5298774134388095,3.1322026621728973,130.0,11.550206223806505,20.0,,,1
ppo_direct,beijing_plain,2022,yield_vs_water,14.434674346622378,85.0,0.11607142857142858,-0.5310329574501278,-0.49037213668209023,2.885404437396641,85.0,11.549269909225737,0.0,,,1
ppo_direct,beijing_plain,2022,water_vs_cost,14.18808408593459,55.0,0.05357142857142857,-1.2338095594923577,-0.87730447254171,2.8793760600658893,55.0,11.3087080258687,0.0,,,1
ppo_direct,hebei_central,2018,balanced,10.804784896331446,135.0,0.0625,-1.659906790263169,-1.1632586861068597,4.171959654214908,10.0,6.632825242116538,125.0,,,1
ppo_direct,hebei_central,2018,yield_max,10.769265855384067,135.0,0.08928571428571429,-0.5286508195636573,-0.46197853328306365,4.121067075903512,10.0,6.648198779480555,125.0,,,1
ppo_direct,hebei_central,2018,water_min,10.482769434637422,120.0,0.07142857142857142,-2.408772860073228,-1.589606333005826,4.112445803605742,0.0,6.370323631031681,120.0,,,1
ppo_direct,hebei_central,2018,cost_min,10.482769434637422,120.0,0.05357142857142857,-2.608772860073228,-1.72038344029065,4.112445803605742,0.0,6.370323631031681,120.0,,,1
ppo_direct,hebei_central,2018,risk_min,13.75954503906172,195.0,0.11607142857142858,-1.0089889725825403,-0.6918295376042832,4.199675367511832,20.0,9.559869671549889,175.0,,,1
ppo_direct,hebei_central,2018,yield_vs_water,10.503683649977017,130.0,0.0625,-1.360001225038057,-0.9786173166462223,4.151511965972512,10.0,6.352171684004504,120.0,,,1
ppo_direct,hebei_central,2018,water_vs_cost,10.482769434637422,120.0,0.05357142857142857,-2.825439526739895,-1.862058639849209,4.112445803605742,0.0,6.370323631031681,120.0,,,1
ppo_direct,hebei_central,2019,balanced,7.478559623053801,450.0,0.3333333333333333,-7.231109259088913,-5.567967016189653,2.9071977499421187,380.0,4.571361873111683,70.0,,,1
ppo_direct,hebei_central,2019,yield_max,6.357980526476222,450.0,0.3963963963963964,-3.4292099717325,-2.698114611134102,3.100910560366627,395.0,3.257069966109595,55.0,,,1
ppo_direct,hebei_central,2019,water_min,8.052934457127936,450.0,0.2972972972972973,-10.399951761900713,-8.030776236623362,2.808400131690811,370.0,5.244534325437125,80.0,,,1
ppo_direct,hebei_central,2019,cost_min,13.825048053949088,360.0,0.15315315315315314,-8.4368591248527,-6.824254346554465,2.5853021716091784,360.0,11.239745882339909,0.0,,,1
ppo_direct,hebei_central,2019,risk_min,14.261012977690605,450.0,0.2882882882882883,-2.3021160317610043,-1.8562253845135557,3.1550472470359057,425.0,11.105965730654699,25.0,,,1
ppo_direct,hebei_central,2019,yield_vs_water,8.370527338738508,450.0,0.25225225225225223,-5.383753462614499,-4.282490727437319,2.8565520493098933,385.0,5.513975289428616,65.0,,,1
ppo_direct,hebei_central,2019,water_vs_cost,8.052934457127936,450.0,0.22522522522522523,-10.74300731745627,-8.444668081293113,2.808400131690811,370.0,5.244534325437125,80.0,,,1
ppo_direct,hebei_central,2020,balanced,15.025366772456374,175.0,0.11711711711711711,-2.0910234202125313,-1.5634965556739795,4.051101687005012,95.0,10.974265085451362,80.0,,,1
ppo_direct,hebei_central,2020,yield_max,15.12554747301944,180.0,0.18018018018018017,-0.24298699510411415,-0.34463859699917343,4.144766553906775,100.0,10.980780919112664,80.0,,,1
ppo_direct,hebei_central,2020,water_min,14.91286822884461,165.0,0.11711711711711711,-3.5446838771285667,-2.503687948409256,3.9427454515906786,85.0,10.970122777253932,80.0,,,1
ppo_direct,hebei_central,2020,cost_min,14.91286822884461,165.0,0.09009009009009009,-3.8030172104618996,-2.6835378086659065,3.9427454515906786,85.0,10.970122777253932,80.0,,,1
ppo_direct,hebei_central,2020,risk_min,14.868039436372191,215.0,0.09009009009009009,-1.0268080173751881,-0.7529749803998618,4.353031447713484,135.0,10.515007988658708,80.0,,,1
ppo_direct,hebei_central,2020,yield_vs_water,15.025366772456374,175.0,0.14414414414414414,-1.5953764974878926,-1.238859306629973,4.051101687005012,95.0,10.974265085451362,80.0,,,1
ppo_direct,hebei_central,2020,water_vs_cost,14.958162146585703,160.0,0.08108108108108109,-3.701165172192104,-2.60645675208125,3.981539363324065,80.0,10.976622783261638,80.0,,,1
ppo_direct,hebei_central,2021,balanced,13.76540045769133,115.0,0.09174311926605505,-1.448487765451209,-1.131122260103117,3.988850294557015,115.0,9.776550163134315,0.0,,,1
ppo_direct,hebei_central,2021,yield_max,13.90817190289036,135.0,0.13761467889908258,-0.27876597793301205,-0.365769618088701,4.024621489042733,125.0,9.883550413847626,10.0,,,1
ppo_direct,hebei_central,2021,water_min,13.915870963653791,120.0,0.07339449541284404,-2.44206197878,-1.7666499428708604,4.095860107900229,120.0,9.820010855753562,0.0,,,1
ppo_direct,hebei_central,2021,cost_min,13.915870963653791,120.0,0.05504587155963303,-2.64206197878,-1.9092537783170724,4.095860107900229,120.0,9.820010855753562,0.0,,,1
ppo_direct,hebei_central,2021,risk_min,14.512849427400502,170.0,0.11009174311926606,-0.7946167871610976,-0.5997304429367079,4.246652740945091,160.0,10.26619668645541,10.0,,,1
ppo_direct,hebei_central,2021,yield_vs_water,13.76540045769133,115.0,0.11009174311926606,-1.0130402623695658,-0.8425725061816023,3.988850294557015,115.0,9.776550163134315,0.0,,,1
ppo_direct,hebei_central,2021,water_vs_cost,13.915870963653791,120.0,0.07339449541284404,-2.7587286454466664,-1.9904535812527684,4.095860107900229,120.0,9.820010855753562,0.0,,,1
ppo_direct,hebei_central,2022,balanced,13.02303862419958,75.0,0.036036036036036036,-0.9010516038133202,-0.7225724979425387,4.395511941312922,55.0,8.627526682886659,20.0,,,1
ppo_direct,hebei_central,2022,yield_max,15.771568234209806,215.0,0.36036036036036034,-0.5960195663921044,-0.6042801268069474,4.8846469638443715,135.0,10.886921270365434,80.0,,,1
ppo_direct,hebei_central,2022,water_min,12.999500701268882,75.0,0.036036036036036036,-1.5531411459303623,-1.0967640021929104,4.37977478333655,55.0,8.619725917932332,20.0,,,1
ppo_direct,hebei_central,2022,cost_min,15.872919325603764,65.0,0.02702702702702703,-1.3983801855683589,-0.9985490805660602,4.353711038109714,65.0,11.51920828749405,0.0,,,1
ppo_direct,hebei_central,2022,risk_min,16.311477884886678,165.0,0.3153153153153153,-0.7654344002604351,-0.6003398392770075,4.792180057657406,145.0,11.519297827229272,20.0,,,1
ppo_direct,hebei_central,2022,yield_vs_water,13.009139800152195,85.0,0.036036036036036036,-0.670866828239147,-0.5836738249085138,4.446562356967381,65.0,8.562577443184813,20.0,,,1
ppo_direct,hebei_central,2022,water_vs_cost,14.678240843649695,70.0,0.036036036036036036,-1.605950055894841,-1.1367050508853416,4.36167517984452,50.0,10.316565663805175,20.0,,,1
ppo_direct,henan_north,2018,balanced,17.40098718726077,30.0,0.045454545454545456,0.021802210353149776,-0.10011201499232192,5.958892481745834,30.0,11.442094705514938,0.0,,,1
ppo_direct,henan_north,2018,yield_max,17.379759901401577,40.0,0.06363636363636363,0.5936152013252577,0.2160161352138158,5.936794159571921,30.0,11.442965741829658,10.0,,,1
ppo_direct,henan_north,2018,water_min,17.348839077822824,30.0,0.05454545454545454,-0.5833726116214359,-0.43784668499924095,5.906744372307885,30.0,11.442094705514938,0.0,,,1
ppo_direct,henan_north,2018,cost_min,17.348839077822824,30.0,0.02727272727272727,-0.6667059449547692,-0.4965787166547163,5.906744372307885,30.0,11.442094705514938,0.0,,,1
ppo_direct,henan_north,2018,risk_min,17.67090436664106,100.0,0.13636363636363635,-0.41554237838809427,-0.32565055029875906,6.222549939182125,70.0,11.448354427458936,30.0,,,1
ppo_direct,henan_north,2018,yield_vs_water,17.40098718726077,30.0,0.045454545454545456,0.26128054071921714,0.04147125754350217,5.958892481745834,30.0,11.442094705514938,0.0,,,1
ppo_direct,henan_north,2018,water_vs_cost,17.348839077822824,30.0,0.03636363636363636,-0.606983722732547,-0.454417727939755,5.906744372307885,30.0,11.442094705514938,0.0,,,1
ppo_direct,henan_north,2019,balanced,10.707815636130348,250.0,0.11711711711711711,-3.4263318063206576,-2.7366389458613254,2.0225737913985746,230.0,8.685241844731774,20.0,,,1
ppo_direct,henan_north,2019,yield_max,10.605933042163688,240.0,0.11711711711711711,-1.2675824513260705,-1.1451292130820212,1.9229974917001267,220.0,8.682935550463561,20.0,,,1
ppo_direct,henan_north,2019,water_min,10.707815636130348,250.0,0.11711711711711711,-5.407277396024601,-4.188877406460489,2.0225737913985746,230.0,8.685241844731774,20.0,,,1
ppo_direct,henan_north,2019,cost_min,10.782299214074994,245.0,0.10810810810810811,-5.699715891703769,-4.4250526629706775,2.0148251533113863,225.0,8.767474060763607,20.0,,,1
ppo_direct,henan_north,2019,risk_min,7.091580194853518,450.0,0.38738738738738737,-5.878155423621252,-3.9765390480191494,2.3291451208330916,320.0,4.762435074020426,130.0,,,1
ppo_direct,henan_north,2019,yield_vs_water,10.707815636130348,250.0,0.11711711711711711,-2.76138698012305,-2.257347244651366,2.0225737913985746,230.0,8.685241844731774,20.0,,,1
ppo_direct,henan_north,2019,water_vs_cost,10.782299214074994,245.0,0.11711711711711711,-5.7490214472593255,-4.481715976700016,2.0148251533113863,225.0,8.767474060763607,20.0,,,1
ppo_direct,henan_north,2020,balanced,17.302901893341573,115.0,0.09174311926605505,-1.0649777309088022,-0.8233426963952002,6.7086850091378425,55.0,10.594216884203732,60.0,,,1
ppo_direct,henan_north,2020,yield_max,17.363266800651797,130.0,0.11009174311926606,0.058666128928019035,-0.1501030099225541,6.699517695483581,70.0,10.663749105168217,60.0,,,1
ppo_direct,henan_north,2020,water_min,17.253269738599325,125.0,0.10091743119266056,-2.3973493460254036,-1.648792954976487,6.635590225349969,65.0,10.617679513249357,60.0,,,1
ppo_direct,henan_north,2020,cost_min,17.34273259784442,120.0,0.07339449541284404,-2.4978763905127637,-1.7156399781354297,6.7211012528325345,60.0,10.621631345011886,60.0,,,1
ppo_direct,henan_north,2020,risk_min,17.58437711338877,145.0,0.09174311926605505,-0.6756373480165092,-0.5025669270079682,6.906245959632435,95.0,10.678131153756333,50.0,,,1
ppo_direct,henan_north,2020,yield_vs_water,17.302901893341573,115.0,0.09174311926605505,-0.6836527191915568,-0.5870664973323008,6.7086850091378425,55.0,10.594216884203732,60.0,,,1
ppo_direct,henan_north,2020,water_vs_cost,17.34273259784442,120.0,0.08256880733944955,-2.7145430571794305,-1.8623567563000885,6.7211012528325345,60.0,10.621631345011886,60.0,,,1
ppo_direct,henan_north,2021,balanced,12.914321039323921,90.0,0.10091743119266056,-1.2817691148634633,-1.0098474661648096,2.5718293875280764,90.0,10.342491651795845,0.0,,,1
ppo_direct,henan_north,2021,yield_max,12.914321039323921,90.0,0.1743119266055046,-0.3479570621221738,-0.4091533551317561,2.5718293875280764,90.0,10.342491651795845,0.0,,,1
ppo_direct,henan_north,2021,water_min,10.747619332264772,80.0,0.05504587155963303,-1.865273395185818,-1.3506675939589634,2.5123536188671447,80.0,8.235265713397627,0.0,,,1
ppo_direct,henan_north,2021,cost_min,10.747619332264772,80.0,0.045871559633027525,-1.998606728519158,-1.445619885714983,2.5123536188671447,80.0,8.235265713397627,0.0,,,1
ppo_direct,henan_north,2021,risk_min,13.440225987450484,180.0,0.13761467889908258,-0.8689801609304058,-0.6530844581954722,2.923649847789116,160.0,10.516576139661368,20.0,,,1
ppo_direct,henan_north,2021,yield_vs_water,12.914321039323921,90.0,0.11009174311926606,-0.847350282468216,-0.721442829976937,2.5718293875280764,90.0,10.342491651795845,0.0,,,1
ppo_direct,henan_north,2021,water_vs_cost,10.747619332264772,80.0,0.045871559633027525,-1.843051172963596,-1.3326035212037137,2.5123536188671447,80.0,8.235265713397627,0.0,,,1
ppo_direct,henan_north,2022,balanced,17.954768079609675,115.0,0.09009009009009009,-1.15285161344456,-0.9350510951103101,6.395944742523271,115.0,11.558823337086404,0.0,,,1
ppo_direct,henan_north,2022,yield_max,18.007536527363943,135.0,0.15315315315315314,0.15875926608412572,-0.10324558999093048,6.451186000500319,125.0,11.556350526863623,10.0,,,1
ppo_direct,henan_north,2022,water_min,17.150925123522377,125.0,0.06306306306306306,-2.718431283637881,-1.9408970341356613,6.430328071415084,105.0,10.720597052107292,20.0,,,1
ppo_direct,henan_north,2022,cost_min,17.174549905149995,140.0,0.06306306306306306,-3.2728529538978437,-2.3219507174005596,6.430328071415084,100.0,10.74422183373491,40.0,,,1
ppo_direct,henan_north,2022,risk_min,18.105891151524453,225.0,0.11711711711711711,-1.076841206698183,-0.7803779960265812,6.7722341466654825,145.0,11.333657004858969,80.0,,,1
ppo_direct,henan_north,2022,yield_vs_water,17.947680934166577,120.0,0.09009009009009009,-0.7748818274068972,-0.7053981706102987,6.388744569249937,120.0,11.55893636491664,0.0,,,1
ppo_direct,henan_north,2022,water_vs_cost,17.174549905149995,140.0,0.07207207207207207,-3.225630731675622,-2.2865418951491456,6.430328071415084,100.0,10.74422183373491,40.0,,,1
ppo_direct,shaanxi_guanzhong,2018,balanced,14.11563295529415,120.0,0.21296296296296297,-1.2040343197357197,-0.8541354195808974,4.6514138525628,10.0,9.464219102731349,110.0,,,1
ppo_direct,shaanxi_guanzhong,2018,yield_max,15.286411687249917,175.0,0.32407407407407407,-0.2318330572125047,-0.2950471785002178,4.651250960079181,35.0,10.635160727170737,140.0,,,1
ppo_direct,shaanxi_guanzhong,2018,water_min,13.961901659507928,100.0,0.07407407407407407,-2.03309779331679,-1.314394321785055,4.648332329724559,0.0,9.31356932978337,100.0,,,1
ppo_direct,shaanxi_guanzhong,2018,cost_min,13.833930057373705,105.0,0.05555555555555555,-2.290852684892217,-1.4756969305272303,4.648332329724559,0.0,9.185597727649146,105.0,,,1
ppo_direct,shaanxi_guanzhong,2018,risk_min,15.724176617050926,215.0,0.35185185185185186,-1.0951968467170048,-0.7737341397732856,4.651250960079181,55.0,11.072925656971746,160.0,,,1
ppo_direct,shaanxi_guanzhong,2018,yield_vs_water,14.51387919267486,130.0,0.08333333333333333,-0.9915872858154349,-0.7404425267393219,4.64986120386478,10.0,9.864017988810081,120.0,,,1
ppo_direct,shaanxi_guanzhong,2018,water_vs_cost,13.961901659507928,100.0,0.05555555555555555,-2.280320015539012,-1.4728412805964837,4.648332329724559,0.0,9.31356932978337,100.0,,,1
ppo_direct,shaanxi_guanzhong,2019,balanced,11.898398605138068,120.0,0.07339449541284404,-1.6412264479666367,-1.2244437744112182,1.2070962143990553,50.0,10.691302390739013,70.0,,,1
ppo_direct,shaanxi_guanzhong,2019,yield_max,12.167780721732786,145.0,0.11009174311926606,-0.425765726093966,-0.4592714044437677,1.5718456898767919,75.0,10.595935031855994,70.0,,,1
ppo_direct,shaanxi_guanzhong,2019,water_min,11.580441441568476,105.0,0.06422018348623854,-2.46742942744134,-1.7136907641808725,1.1483374151742907,40.0,10.432104026394185,65.0,,,1
ppo_direct,shaanxi_guanzhong,2019,cost_min,11.580441441568476,105.0,0.05504587155963303,-2.6257627607746734,-1.8225483835659562,1.1483374151742907,40.0,10.432104026394185,65.0,,,1
ppo_direct,shaanxi_guanzhong,2019,risk_min,13.541668455625121,280.0,0.1926605504587156,-1.4402954620784842,-1.0494568106852515,2.6893393703057686,170.0,10.852329085319353,110.0,,,1
ppo_direct,shaanxi_guanzhong,2019,yield_vs_water,11.898398605138068,120.0,0.07339449541284404,-1.2126441710694085,-0.9422654904921913,1.2070962143990553,50.0,10.691302390739013,70.0,,,1
ppo_direct,shaanxi_guanzhong,2019,water_vs_cost,11.580441441568476,105.0,0.05504587155963303,-2.4222905385524522,-1.6707348537820703,1.1483374151742907,40.0,10.432104026394185,65.0,,,1
ppo_direct,shaanxi_guanzhong,2020,balanced,16.011224135445765,10.0,0.1308411214953271,0.3112779527808996,0.11027511188073963,4.804844791503474,10.0,11.20637934394229,0.0,,,1
ppo_direct,shaanxi_guanzhong,2020,yield_max,16.081898005104982,45.0,0.2523364485981308,0.5523459937315961,0.20288823066013179,4.8757440760088535,35.0,11.20615392909613,10.0,,,1
ppo_direct,shaanxi_guanzhong,2020,water_min,15.958191743713634,10.0,0.037383177570093455,-0.09570610201321134,-0.09099441098425327,4.755989944168926,10.0,11.202201799544708,0.0,,,1
ppo_direct,shaanxi_guanzhong,2020,cost_min,15.958191743713634,10.0,0.018691588785046728,-0.14570610201321132,-0.12619789578693474,4.755989944168926,10.0,11.202201799544708,0.0,,,1
ppo_direct,shaanxi_guanzhong,2020,risk_min,16.128511493281113,60.0,0.308411214953271,-0.21325021257129625,-0.20893075755978163,4.922357564184982,50.0,11.20615392909613,10.0,,,1
ppo_direct,shaanxi_guanzhong,2020,yield_vs_water,16.00832974259969,10.0,0.037383177570093455,0.44934689079636764,0.1795878355262226,4.801950398657402,10.0,11.20637934394229,0.0,,,1
ppo_direct,shaanxi_guanzhong,2020,water_vs_cost,15.958191743713634,10.0,0.018691588785046728,-0.14987276867987803,-0.12913151952049157,4.755989944168926,10.0,11.202201799544708,0.0,,,1
ppo_direct,shaanxi_guanzhong,2021,balanced,16.826760769560504,10.0,0.046296296296296294,0.34595236321150674,0.12722247084522287,5.292445416901974,10.0,11.53431535265853,0.0,,,1
ppo_direct,shaanxi_guanzhong,2021,yield_max,16.825894194181117,95.0,0.3425925925925926,0.3491124867570111,0.027517922552163232,5.292409618767744,85.0,11.533484575413372,10.0,,,1
ppo_direct,shaanxi_guanzhong,2021,water_min,16.826809753102594,0.0,0.027777777777777776,0.12190545723443041,0.061080207899934603,5.292494400444067,0.0,11.53431535265853,0.0,,,1
ppo_direct,shaanxi_guanzhong,2021,cost_min,16.826809753102594,0.0,0.018518518518518517,0.12190545723443041,0.061080207899934603,5.292494400444067,0.0,11.53431535265853,0.0,,,1
ppo_direct,shaanxi_guanzhong,2021,risk_min,16.828919886321103,90.0,0.39814814814814814,-0.3697433343825633,-0.3210607544814025,5.292409618767744,70.0,11.53651026755336,20.0,,,1
ppo_direct,shaanxi_guanzhong,2021,yield_vs_water,16.826769215390733,10.0,0.06481481481481481,0.4928577239546377,0.20602246231866528,5.292453862732204,10.0,11.53431535265853,0.0,,,1
ppo_direct,shaanxi_guanzhong,2021,water_vs_cost,16.826809753102594,0.0,0.018518518518518517,0.12190545723443041,0.061080207899934603,5.292494400444067,0.0,11.53431535265853,0.0,,,1
ppo_direct,shaanxi_guanzhong,2022,balanced,12.27472368438454,30.0,0.01834862385321101,-0.08346544975212444,-0.1545212676097541,4.929889295916342,10.0,7.344834388468199,20.0,,,1
ppo_direct,shaanxi_guanzhong,2022,yield_max,12.317995352343905,75.0,0.24770642201834864,0.16279164464990825,-0.06135353076339112,4.9298633072696285,55.0,7.3881320450742765,20.0,,,1
ppo_direct,shaanxi_guanzhong,2022,water_min,12.316851843131936,20.0,0.027522935779816515,-0.3253645003774137,-0.2421993527126884,4.929920927807669,0.0,7.3869309153242675,20.0,,,1
ppo_direct,shaanxi_guanzhong,2022,cost_min,12.316851843131936,20.0,0.009174311926605505,-0.35869783371074704,-0.2650874558189284,4.929920927807669,0.0,7.3869309153242675,20.0,,,1
ppo_direct,shaanxi_guanzhong,2022,risk_min,13.757157361916558,170.0,0.30275229357798167,-0.8656476359219913,-0.6357647255200617,4.9298633072696285,50.0,8.82729405464693,120.0,,,1
ppo_direct,shaanxi_guanzhong,2022,yield_vs_water,12.296242703217622,30.0,0.027522935779816515,0.05562303686770931,-0.07493802493385104,4.929891357908331,10.0,7.36635134530929,20.0,,,1
ppo_direct,shaanxi_guanzhong,2022,water_vs_cost,12.316851843131936,20.0,0.009174311926605505,-0.3948089448218568,-0.2898829008506884,4.929920927807669,0.0,7.3869309153242675,20.0,,,1
ppo_direct,ningxia_irrigation,2018,balanced,5.646594030840249,225.0,0.2727272727272727,-3.0513959825670676,-2.9063434890325586,,,,,5.646594030840249,225.0,1
ppo_direct,ningxia_irrigation,2018,yield_max,7.270166197539524,265.0,0.29545454545454547,-1.1807697601173783,-1.1647923726575424,,,,,7.270166197539524,265.0,1
ppo_direct,ningxia_irrigation,2018,water_min,6.346806283015375,240.0,0.29545454545454547,-4.841365281393197,-4.571935543015253,,,,,6.346806283015375,240.0,1
ppo_direct,ningxia_irrigation,2018,cost_min,6.346806283015375,240.0,0.29545454545454547,-5.241365281393197,-4.948984362450609,,,,,6.346806283015375,240.0,1
ppo_direct,ningxia_irrigation,2018,risk_min,11.639906612779237,320.0,0.3181818181818182,-3.0506995024900756,-2.8995480395400977,,,,,11.639906612779237,320.0,1
ppo_direct,ningxia_irrigation,2018,yield_vs_water,5.646594030840249,225.0,0.2727272727272727,-2.560425533764394,-2.453656654941042,,,,,5.646594030840249,225.0,1
ppo_direct,ningxia_irrigation,2018,water_vs_cost,6.346806283015375,240.0,0.29545454545454547,-5.674698614726531,-5.357453916838911,,,,,6.346806283015375,240.0,1
ppo_direct,ningxia_irrigation,2019,balanced,8.66181926625198,320.0,0.36363636363636365,-4.242107640873098,-3.8090637206886164,,,,,8.66181926625198,320.0,1
ppo_direct,ningxia_irrigation,2019,yield_max,10.271837751660792,350.0,0.3409090909090909,-1.889849022934016,-1.7323637644732117,,,,,10.271837751660792,350.0,1
ppo_direct,ningxia_irrigation,2019,water_min,8.359148224963162,305.0,0.36363636363636365,-6.390360502277787,-5.723609987845809,,,,,8.359148224963162,305.0,1
ppo_direct,ningxia_irrigation,2019,cost_min,8.359148224963162,305.0,0.36363636363636365,-6.882027168944454,-6.165308144786004,,,,,8.359148224963162,305.0,1
ppo_direct,ningxia_irrigation,2019,risk_min,11.198148074262244,365.0,0.25,-1.9720016625778256,-1.785346328905896,,,,,11.198148074262244,365.0,1
ppo_direct,ningxia_irrigation,2019,yield_vs_water,8.66181926625198,320.0,0.36363636363636365,-3.649856773313595,-3.2883001166369628,,,,,8.66181926625198,320.0,1
ppo_direct,ningxia_irrigation,2019,water_vs_cost,8.359148224963162,305.0,0.36363636363636365,-7.239666057833344,-6.4963335500368675,,,,,8.359148224963162,305.0,1
ppo_direct,ningxia_irrigation,2020,balanced,6.7016642512167905,395.0,0.4090909090909091,-5.150089921159497,-4.706902753347443,,,,,6.7016642512167905,395.0,1
ppo_direct,ningxia_irrigation,2020,yield_max,8.652429228101498,445.0,0.4318181818181818,-2.1091323494313485,-1.9607961941142413,,,,,8.652429228101498,445.0,1
ppo_direct,ningxia_irrigation,2020,water_min,7.647561340640461,405.0,0.4318181818181818,-8.374718024640913,-7.620923734842409,,,,,7.647561340640461,405.0,1
ppo_direct,ningxia_irrigation,2020,cost_min,7.639754921266238,410.0,0.45454545454545453,-9.045824551805497,-8.221467093677791,,,,,7.639754921266238,410.0,1
ppo_direct,ningxia_irrigation,2020,risk_min,10.475394893281953,450.0,0.4318181818181818,-2.3722066214136492,-2.166238746790475,,,,,10.475394893281953,450.0,1
ppo_direct,ningxia_irrigation,2020,yield_vs_water,6.742878947302215,415.0,0.38636363636363635,-4.6407584998842015,-4.232337404169328,,,,,6.742878947302215,415.0,1
ppo_direct,ningxia_irrigation,2020,water_vs_cost,7.5724343201608475,400.0,0.4318181818181818,-9.415480770199112,-8.583538731547293,,,,,7.5724343201608475,400.0,1
ppo_direct,ningxia_irrigation,2021,balanced,0.0,0.0,0.022727272727272728,-0.08607043041529906,-0.07916957681129456,,,,,0.0,0.0,1
ppo_direct,ningxia_irrigation,2021,yield_max,0.0,0.0,0.022727272727272728,-0.15062325322677333,-0.13854675941976538,,,,,0.0,0.0,1
ppo_direct,ningxia_irrigation,2021,water_min,0.0,0.0,0.022727272727272728,-0.021517607603824766,-0.01979239420282364,,,,,0.0,0.0,1
ppo_direct,ningxia_irrigation,2021,cost_min,0.0,0.0,0.022727272727272728,-0.021517607603824766,-0.01979239420282364,,,,,0.0,0.0,1
ppo_direct,ningxia_irrigation,2021,risk_min,0.0,10.0,0.022727272727272728,-0.07986137657479994,-0.07256133888550963,,,,,0.0,10.0,1
ppo_direct,ningxia_irrigation,2021,yield_vs_water,0.0,0.0,0.022727272727272728,-0.10758803801912381,-0.0989619710141182,,,,,0.0,0.0,1
ppo_direct,ningxia_irrigation,2021,water_vs_cost,0.0,0.0,0.022727272727272728,-0.021517607603824766,-0.01979239420282364,,,,,0.0,0.0,1
ppo_direct,ningxia_irrigation,2022,balanced,11.322710896785342,355.0,0.3409090909090909,-4.649749548944316,-4.314741464819897,,,,,11.322710896785342,355.0,1
ppo_direct,ningxia_irrigation,2022,yield_max,12.32780919890029,415.0,0.36363636363636365,-1.8285524763971324,-1.7378869869474203,,,,,12.32780919890029,415.0,1
ppo_direct,ningxia_irrigation,2022,water_min,10.549890702086083,315.0,0.36363636363636365,-6.636489696288487,-6.141429065964942,,,,,10.549890702086083,315.0,1
ppo_direct,ningxia_irrigation,2022,cost_min,10.378972538511391,310.0,0.36363636363636365,-7.111320662435616,-6.587912107445795,,,,,10.378972538511391,310.0,1
ppo_direct,ningxia_irrigation,2022,risk_min,12.559860984302054,390.0,0.3409090909090909,-2.0532068700599706,-1.8963497394816313,,,,,12.559860984302054,390.0,1
ppo_direct,ningxia_irrigation,2022,yield_vs_water,11.322710896785342,355.0,0.36363636363636365,-3.861839713958179,-3.602964102305511,,,,,11.322710896785342,355.0,1
ppo_direct,ningxia_irrigation,2022,water_vs_cost,10.574241730267536,320.0,0.38636363636363635,-7.545966127610758,-6.998591717491094,,,,,10.574241730267536,320.0,1
ppo_direct,beijing_plain,2018,balanced,10.523360781704444,65.0,0.08035714285714286,-0.6559375012134293,-0.5482070589574326,2.740641805116913,45.0,7.782718976587531,20.0,,,2
ppo_direct,beijing_plain,2018,yield_max,12.947615618066616,185.0,0.17857142857142858,-0.5699043031799242,-0.520129435254823,2.7494393814016775,45.0,10.198176236664938,140.0,,,2
ppo_direct,beijing_plain,2018,water_min,10.427621395625149,65.0,0.044642857142857144,-1.2746643770728243,-0.9168101366665105,2.716091681850605,45.0,7.711529713774543,20.0,,,2
ppo_direct,beijing_plain,2018,cost_min,10.479357094229371,55.0,0.044642857142857144,-1.2744550339583058,-0.9178469291198363,2.691731540648497,35.0,7.787625553580875,20.0,,,2
ppo_direct,beijing_plain,2018,risk_min,11.694052572873012,105.0,0.11607142857142858,-0.4888203437793437,-0.36255059227893865,2.836695495921789,60.0,8.857357076951223,45.0,,,2
ppo_direct,beijing_plain,2018,yield_vs_water,10.499404349839546,65.0,0.08035714285714286,-0.4824194290208348,-0.44365952790179314,2.7578914013701286,45.0,7.741512948469417,20.0,,,2
ppo_direct,beijing_plain,2018,water_vs_cost,10.478781429021893,55.0,0.05357142857142857,-1.2668227377608545,-0.9180049303187636,2.6911105428263125,35.0,7.78767088619558,20.0,,,2
ppo_direct,beijing_plain,2019,balanced,9.093615546209236,415.0,0.18181818181818182,-5.406756489734754,-4.323740224825571,1.5196858725087623,390.0,7.573929673700474,25.0,,,2
ppo_direct,beijing_plain,2019,yield_max,9.016179469583111,415.0,0.19090909090909092,-2.1097864821153376,-1.7932606044061867,1.4899621411888164,390.0,7.526217328394295,25.0,,,2
ppo_direct,beijing_plain,2019,water_min,8.854339224539972,410.0,0.18181818181818182,-8.452619586638038,-6.651184281420668,1.3383357794790967,385.0,7.516003445060875,25.0,,,2
ppo_direct,beijing_plain,2019,cost_min,8.537516145885357,450.0,0.21818181818181817,-10.322543361696663,-7.9966916841195514,1.4357688634752765,370.0,7.101747282410081,80.0,,,2
ppo_direct,beijing_plain,2019,risk_min,9.899251297076969,450.0,0.22727272727272727,-2.2925112182559646,-1.7935362067151241,1.596690705053627,410.0,8.302560592023342,40.0,,,2
ppo_direct,beijing_plain,2019,yield_vs_water,8.876653145335016,415.0,0.18181818181818182,-4.591044401919667,-3.709070567003104,1.3461290821523355,390.0,7.53052406318268,25.0,,,2
ppo_direct,beijing_plain,2019,water_vs_cost,8.955813551632348,425.0,0.19090909090909092,-9.947551462359954,-7.8224686184045975,1.5233137428447203,400.0,7.432499808787627,25.0,,,2
ppo_direct,beijing_plain,2020,balanced,8.046063917284048,180.0,0.09090909090909091,-2.455815751550762,-1.7397464617058134,0.6666409107086585,55.0,7.379423006575389,125.0,,,2
ppo_direct,beijing_plain,2020,yield_max,8.046063917284048,180.0,0.09090909090909091,-0.9851775652138427,-0.7821079506045665,0.6666409107086585,55.0,7.379423006575389,125.0,,,2
ppo_direct,beijing_plain,2020,water_min,4.474746478127316,125.0,0.06363636363636363,-2.751177782585486,-1.9425812548344306,0.6662813366989657,65.0,3.8084651414283504,60.0,,,2
ppo_direct,beijing_plain,2020,cost_min,4.5159277038644445,115.0,0.07272727272727272,-2.75085665460975,-1.939412584183225,0.661886085116734,55.0,3.8540416187477105,60.0,,,2
ppo_direct,beijing_plain,2020,risk_min,11.463927197213952,155.0,0.08181818181818182,-0.7575321322791881,-0.5624503916796062,0.8960600817431718,135.0,10.56786711547078,20.0,,,2
ppo_direct,beijing_plain,2020,yield_vs_water,8.046063917284048,180.0,0.09090909090909091,-2.0322696894384573,-1.4664246821497886,0.6666409107086585,55.0,7.379423006575389,125.0,,,2
ppo_direct,beijing_plain,2020,water_vs_cost,4.5159277038644445,115.0,0.06363636363636363,-2.751551099054195,-1.9366929032930675,0.661886085116734,55.0,3.8540416187477105,60.0,,,2
ppo_direct,beijing_plain,2021,balanced,11.874500697678695,55.0,0.18181818181818182,-0.7980561002470508,-0.6470128227092746,0.9271603178020794,55.0,10.947340379876616,0.0,,,2
ppo_direct,beijing_plain,2021,yield_max,11.84457200768483,55.0,0.2,-0.19954674057693178,-0.28043958777027683,0.9274136671022912,55.0,10.917158340582539,0.0,,,2
ppo_direct,beijing_plain,2021,water_min,11.86463448848603,50.0,0.14545454545454545,-1.1635399335115066,-0.8405211333362477,0.8174511045502145,50.0,11.047183383935817,0.0,,,2
ppo_direct,beijing_plain,2021,cost_min,11.873620732707563,50.0,0.09090909090909091,-1.280063783641798,-0.9260579122853587,0.8253558156156402,50.0,11.048264917091922,0.0,,,2
ppo_direct,beijing_plain,2021,risk_min,12.272112894787751,110.0,0.08181818181818182,-0.5157189286222722,-0.3847941872324475,0.9468056142596464,85.0,11.325307280528104,25.0,,,2
ppo_direct,beijing_plain,2021,yield_vs_water,11.874500697678695,55.0,0.2,-0.4958340141977007,-0.4523704711150104,0.9271603178020794,55.0,10.947340379876616,0.0,,,2
ppo_direct,beijing_plain,2021,water_vs_cost,11.86463448848603,50.0,0.11818181818181818,-1.1565954890670622,-0.8375200792894899,0.8174511045502145,50.0,11.047183383935817,0.0,,,2
ppo_direct,beijing_plain,2022,balanced,14.469136523245295,105.0,0.13392857142857142,-1.0373488215039068,-0.8391656127797704,2.9198666140195573,95.0,11.549269909225737,10.0,,,2
ppo_direct,beijing_plain,2022,yield_max,14.34247445606652,105.0,0.13392857142857142,0.04575696621984071,-0.14016682217322218,3.0358517308088024,95.0,11.306622725257718,10.0,,,2
ppo_direct,beijing_plain,2022,water_min,14.192974992070475,70.0,0.16071428571428573,-1.4398022273903668,-1.057731017946726,2.8851860317898925,70.0,11.307788960280583,0.0,,,2
ppo_direct,beijing_plain,2022,cost_min,14.41206433189437,80.0,0.16964285714285715,-1.768725889951176,-1.2784678504387865,2.8627944226686344,80.0,11.549269909225737,0.0,,,2
ppo_direct,beijing_plain,2022,risk_min,14.572372759813446,120.0,0.17857142857142858,-0.5447230372572169,-0.410474446513367,3.0212574110578903,110.0,11.551115348755555,10.0,,,2
ppo_direct,beijing_plain,2022,yield_vs_water,14.473555823718192,105.0,0.13392857142857142,-0.7620145534705394,-0.6652938538135433,2.924285914492454,95.0,11.549269909225737,10.0,,,2
ppo_direct,beijing_plain,2022,water_vs_cost,14.23526572126122,80.0,0.10714285714285714,-1.8644430104436338,-1.3416913258835954,2.9240183304718586,70.0,11.311247390789362,10.0,,,2
ppo_direct,hebei_central,2018,balanced,11.041727528490489,150.0,0.09821428571428571,-1.8499333067118748,-1.3221053478237788,4.189897155004508,20.0,6.8518303734859805,130.0,,,2
ppo_direct,hebei_central,2018,yield_max,11.004007947487462,150.0,0.09821428571428571,-0.5908247793404857,-0.5186711931695448,4.139001631317656,20.0,6.865006316169805,130.0,,,2
ppo_direct,hebei_central,2018,water_min,10.993176953872636,140.0,0.07142857142857142,-2.809467361895524,-1.8972306499291645,4.121298051903212,10.0,6.871878901969424,130.0,,,2
ppo_direct,hebei_central,2018,cost_min,10.770042088043358,135.0,0.07142857142857142,-2.955274644321449,-1.9938462800816377,4.1218313061416,10.0,6.648210781901756,125.0,,,2
ppo_direct,hebei_central,2018,risk_min,11.085555142115709,155.0,0.10714285714285714,-0.791703872576716,-0.5489949364537745,4.168354536303478,20.0,6.917200605812231,135.0,,,2
ppo_direct,hebei_central,2018,yield_vs_water,11.037201660353979,150.0,0.10714285714285714,-1.5619917999296509,-1.1402651055678585,4.185190663356478,20.0,6.852010996997501,130.0,,,2
ppo_direct,hebei_central,2018,water_vs_cost,11.00376114545123,140.0,0.09821428571428571,-3.295517512721778,-2.2231778442394496,4.138738758633399,10.0,6.865022386817832,130.0,,,2
ppo_direct,hebei_central,2019,balanced,6.799724240720499,450.0,0.3063063063063063,-6.891226414056561,-5.358566017600097,3.0166358604394055,390.0,3.783088380281094,60.0,,,2
ppo_direct,hebei_central,2019,yield_max,14.177607949711838,420.0,0.24324324324324326,-1.6647419035744422,-1.5493422255551814,2.79928251861208,395.0,11.378325431099759,25.0,,,2
ppo_direct,hebei_central,2019,water_min,6.799724240720499,450.0,0.3063063063063063,-9.96516771462526,-7.762842099337548,3.0166358604394055,390.0,3.783088380281094,60.0,,,2
ppo_direct,hebei_central,2019,cost_min,13.990491087525728,380.0,0.2072072072072072,-8.696099660320892,-7.006725799758653,2.7507251014694045,380.0,11.239765986056323,0.0,,,2
ppo_direct,hebei_central,2019,risk_min,3.7898631368927838,450.0,0.40540540540540543,-5.931801147038199,-3.9965479877483556,3.2552898037924285,450.0,0.534573333100355,0.0,,,2
ppo_direct,hebei_central,2019,yield_vs_water,6.799724240720499,450.0,0.2972972972972973,-5.850838573126263,-4.5998390382386285,3.0166358604394055,390.0,3.783088380281094,60.0,,,2
ppo_direct,hebei_central,2019,water_vs_cost,14.063706126452699,390.0,0.1891891891891892,-9.09952615425183,-7.347783110009467,2.8169518303479144,380.0,11.246754296104784,10.0,,,2
ppo_direct,hebei_central,2020,balanced,14.979543875383918,170.0,0.14414414414414414,-2.033446212450955,-1.5356709408654563,4.006224705356227,90.0,10.973319170027692,80.0,,,2
ppo_direct,hebei_central,2020,yield_max,15.147420528848517,180.0,0.15315315315315314,-0.34086337319273907,-0.41795301481445823,4.166923534205236,100.0,10.98049699464328,80.0,,,2
ppo_direct,hebei_central,2020,water_min,15.302639428884639,115.0,0.10810810810810811,-2.43244429941325,-1.7532545955269974,4.056791636931807,105.0,11.245847791952832,10.0,,,2
ppo_direct,hebei_central,2020,cost_min,15.0799138677983,175.0,0.15315315315315314,-3.959348027529164,-2.810332675226089,4.10142289312605,95.0,10.97849097467225,80.0,,,2
ppo_direct,hebei_central,2020,risk_min,15.486079894114079,155.0,0.18018018018018017,-1.4052272496477127,-1.0228097836554375,4.237746738256028,130.0,11.24833315585805,25.0,,,2
ppo_direct,hebei_central,2020,yield_vs_water,15.134627871457253,185.0,0.15315315315315314,-1.6555047054956278,-1.2915548962791572,4.154114075902463,105.0,10.98051379555479,80.0,,,2
ppo_direct,hebei_central,2020,water_vs_cost,15.0799138677983,175.0,0.15315315315315314,-4.068375805306943,-2.8827036334365475,4.10142289312605,95.0,10.97849097467225,80.0,,,2
ppo_direct,hebei_central,2021,balanced,13.814031227398885,135.0,0.13761467889908258,-1.729769748190813,-1.3349610543175727,4.037361574294836,125.0,9.77666965310405,10.0,,,2
ppo_direct,hebei_central,2021,yield_max,13.846334283687852,140.0,0.13761467889908258,-0.40730718362982665,-0.4580176882482263,3.977225545553881,130.0,9.869108738133972,10.0,,,2
ppo_direct,hebei_central,2021,water_min,13.876534679615915,125.0,0.14678899082568808,-2.7414080784071935,-1.990204536180366,3.987455669259121,125.0,9.889079010356793,0.0,,,2
ppo_direct,hebei_central,2021,cost_min,13.985537266179318,130.0,0.11926605504587157,-2.999889761401814,-2.176086238772443,4.155639511156451,130.0,9.829897755022866,0.0,,,2
ppo_direct,hebei_central,2021,risk_min,15.130208826717539,160.0,0.13761467889908258,-1.4309272420952557,-1.044462293886986,4.256499362117992,135.0,10.873709464599546,25.0,,,2
ppo_direct,hebei_central,2021,yield_vs_water,13.828315336517594,135.0,0.13761467889908258,-1.2429198199238563,-1.008645601871974,4.053439969015594,125.0,9.774875367502,10.0,,,2
ppo_direct,hebei_central,2021,water_vs_cost,13.983705987238416,130.0,0.14678899082568808,-3.020772404279061,-2.1928746374119137,4.15398799066464,130.0,9.829717996573775,0.0,,,2
ppo_direct,hebei_central,2022,balanced,15.990017147082288,105.0,0.09009009009009009,-0.9474082373365725,-0.8056557633895689,4.468855538800211,95.0,11.521161608282076,10.0,,,2
ppo_direct,hebei_central,2022,yield_max,13.879206481878903,115.0,0.06306306306306306,-0.07718219286482253,-0.2208777010863855,4.492703846125576,90.0,9.386502635753326,25.0,,,2
ppo_direct,hebei_central,2022,water_min,13.770364272938757,90.0,0.036036036036036036,-1.9565007442666618,-1.4220130265613145,4.455803077779065,65.0,9.31456119515969,25.0,,,2
ppo_direct,hebei_central,2022,cost_min,15.161175071971714,85.0,0.06306306306306306,-1.9443778510026604,-1.4127861366658834,4.409526919519287,60.0,10.751648152452427,25.0,,,2
ppo_direct,hebei_central,2022,risk_min,16.18400151620771,160.0,0.12612612612612611,-0.721243241084956,-0.5321557067661555,4.635651536543042,110.0,11.54834997966467,50.0,,,2
ppo_direct,hebei_central,2022,yield_vs_water,15.95975462981237,100.0,0.09009009009009009,-0.6462631271642394,-0.6127817696503437,4.440587899845988,90.0,11.519166729966383,10.0,,,2
ppo_direct,hebei_central,2022,water_vs_cost,15.163970470454192,85.0,0.07207207207207207,-1.9765267061841236,-1.443458452448991,4.410455866496568,60.0,10.753514603957624,25.0,,,2
ppo_direct,henan_north,2018,balanced,17.42159261146966,50.0,0.08181818181818182,-0.2606478189526198,-0.3164078383195404,5.978626869640001,40.0,11.442965741829658,10.0,,,2
ppo_direct,henan_north,2018,yield_max,17.466401423144,55.0,0.07272727272727272,0.6196574622803813,0.22124499544920195,6.023453125617157,45.0,11.442948297526842,10.0,,,2
ppo_direct,henan_north,2018,water_min,17.43667799999757,50.0,0.07272727272727272,-0.9989437033778712,-0.752201846789978,5.993712258167913,40.0,11.442965741829658,10.0,,,2
ppo_direct,henan_north,2018,cost_min,17.409760133623998,50.0,0.06363636363636363,-1.0826178261903645,-0.8101615231042616,5.968494902169555,40.0,11.441265231454445,10.0,,,2
ppo_direct,henan_north,2018,risk_min,17.58844669097137,110.0,0.13636363636363635,-0.44159489325770296,-0.3384155249381917,6.146996676824505,60.0,11.441450014146865,50.0,,,2
ppo_direct,henan_north,2018,yield_vs_water,17.42159261146966,50.0,0.07272727272727272,0.029051337420338053,-0.1363687551085503,5.978626869640001,40.0,11.442965741829658,10.0,,,2
ppo_direct,henan_north,2018,water_vs_cost,17.43667799999757,50.0,0.08181818181818182,-1.1308881478223154,-0.8506934188059847,5.993712258167913,40.0,11.442965741829658,10.0,,,2
ppo_direct,henan_north,2019,balanced,10.772926685553138,240.0,0.11711711711711711,-3.180395071789512,-2.564112154455823,2.0358897523870385,220.0,8.737036933166099,20.0,,,2
ppo_direct,henan_north,2019,yield_max,10.661819286117964,250.0,0.11711711711711711,-1.4055440091457103,-1.2558584797819363,2.052048532319738,230.0,8.609770753798227,20.0,,,2
ppo_direct,henan_north,2019,water_min,10.553014501976325,260.0,0.11711711711711711,-5.5057688397951745,-4.258737987305526,2.0411028178449326,240.0,8.511911684131391,20.0,,,2
ppo_direct,henan_north,2019,cost_min,10.707815636130348,250.0,0.12612612612612611,-5.790610729357935,-4.488014051245669,2.0225737913985746,230.0,8.685241844731774,20.0,,,2
ppo_direct,henan_north,2019,risk_min,8.50139914127883,450.0,0.3063063063063063,-4.42242822077805,-3.000490896144848,2.679676525712371,320.0,5.8217226155664585,130.0,,,2
ppo_direct,henan_north,2019,yield_vs_water,10.772926685553138,240.0,0.10810810810810811,-2.5893827286257864,-2.1362289470213973,2.0358897523870385,220.0,8.737036933166099,20.0,,,2
ppo_direct,henan_north,2019,water_vs_cost,10.707815636130348,250.0,0.12612612612612611,-5.855888507135713,-4.555755081266757,2.0225737913985746,230.0,8.685241844731774,20.0,,,2
ppo_direct,henan_north,2020,balanced,17.452292177246317,125.0,0.09174311926605505,-1.1011151881494983,-0.8727840827095761,6.787154241105996,65.0,10.66513793614032,60.0,,,2
ppo_direct,henan_north,2020,yield_max,17.443499307430372,125.0,0.09174311926605505,0.2887731928128676,0.011477116292849976,6.765579200892391,65.0,10.677920106537979,60.0,,,2
ppo_direct,henan_north,2020,water_min,17.384424576109485,130.0,0.09174311926605505,-2.505135172047972,-1.7596394595722544,6.802090952695494,70.0,10.58233362341399,60.0,,,2
ppo_direct,henan_north,2020,cost_min,17.31781835299913,115.0,0.09174311926605505,-2.507540287033965,-1.7585599806156258,6.707884630443401,55.0,10.609933722555727,60.0,,,2
ppo_direct,henan_north,2020,risk_min,18.575761709481466,135.0,0.13761467889908258,-0.5571845998341519,-0.43514633011444687,6.996201734560174,110.0,11.579559974921292,25.0,,,2
ppo_direct,henan_north,2020,yield_vs_water,17.452292177246317,125.0,0.09174311926605505,-0.7434078740757606,-0.6494519383134595,6.787154241105996,65.0,10.66513793614032,60.0,,,2
ppo_direct,henan_north,2020,water_vs_cost,17.315886822084767,115.0,0.09174311926605505,-2.6082817914702003,-1.8244019536358076,6.701311337876107,55.0,10.61457548420866,60.0,,,2
ppo_direct,henan_north,2021,balanced,12.88938240156126,115.0,0.13761467889908258,-1.5262514940183443,-1.1819767761191649,2.554321349510639,105.0,10.335061052050621,10.0,,,2
ppo_direct,henan_north,2021,yield_max,12.892684391737793,105.0,0.1651376146788991,-0.33381523966629945,-0.3957027907767309,2.529889442621583,95.0,10.36279494911621,10.0,,,2
ppo_direct,henan_north,2021,water_min,12.941070332102536,95.0,0.1834862385321101,-2.252886830450105,-1.63654752000207,2.5955214750597215,95.0,10.345548857042814,0.0,,,2
ppo_direct,henan_north,2021,cost_min,12.914321039323921,90.0,0.14678899082568808,-2.337803389826983,-1.6990668779128213,2.5718293875280764,90.0,10.342491651795845,0.0,,,2
ppo_direct,henan_north,2021,risk_min,13.069324873074377,145.0,0.2018348623853211,-1.3852386851746301,-1.0101834718904343,2.7378550645947954,135.0,10.331469808479582,10.0,,,2
ppo_direct,henan_north,2021,yield_vs_water,12.88938240156126,115.0,0.14678899082568808,-1.088022700856265,-0.8917742475328121,2.554321349510639,105.0,10.335061052050621,10.0,,,2
ppo_direct,henan_north,2021,water_vs_cost,12.914321039323921,90.0,0.1651376146788991,-2.086414500938094,-1.5190317920293217,2.5718293875280764,90.0,10.342491651795845,0.0,,,2
ppo_direct,henan_north,2022,balanced,18.066782142127288,140.0,0.0990990990990991,-1.4903113320535244,-1.19600375972692,6.507845777210646,130.0,11.55893636491664,10.0,,,2
ppo_direct,henan_north,2022,yield_max,18.085676118939592,145.0,0.11711711711711711,0.10696696798613692,-0.15343045506926956,6.526739754022951,135.0,11.55893636491664,10.0,,,2
ppo_direct,henan_north,2022,water_min,17.13615254659513,135.0,0.05405405405405406,-2.8265115154650884,-2.046004469004952,6.411153318565576,115.0,10.724999228029555,20.0,,,2
ppo_direct,henan_north,2022,cost_min,17.921365702342882,115.0,0.13513513513513514,-2.605038068739665,-1.8992910455171552,6.3625423652564805,115.0,11.558823337086404,0.0,,,2
ppo_direct,henan_north,2022,risk_min,17.398035912241333,155.0,0.10810810810810811,-0.6951785454578189,-0.5282270420926107,6.7105492014047154,135.0,10.687486710836618,20.0,,,2
ppo_direct,henan_north,2022,yield_vs_water,18.066782142127288,140.0,0.0990990990990991,-1.0003891650669123,-0.874743285994047,6.507845777210646,130.0,11.55893636491664,10.0,,,2
ppo_direct,henan_north,2022,water_vs_cost,18.003525426719285,135.0,0.0990990990990991,-3.1296109678698047,-2.266393191519604,6.444852745151064,125.0,11.558672681568222,10.0,,,2
ppo_direct,shaanxi_guanzhong,2018,balanced,14.065381420641714,130.0,0.24074074074074073,-1.324973312549621,-0.9717825586432034,4.65134093175602,20.0,9.414040488885695,110.0,,,2
ppo_direct,shaanxi_guanzhong,2018,yield_max,14.065381420688134,140.0,0.1574074074074074,-0.07911996362567764,-0.20558407538051604,4.65134093175602,30.0,9.414040488932113,110.0,,,2
ppo_direct,shaanxi_guanzhong,2018,water_min,14.147978914234585,135.0,0.09259259259259259,-2.6437887409674494,-1.780751006867127,4.65134093175602,20.0,9.496637982478564,115.0,,,2
ppo_direct,shaanxi_guanzhong,2018,cost_min,14.063901948226263,120.0,0.09259259259259259,-2.537514464885751,-1.6931539495056123,4.64986120386478,10.0,9.414040744361484,110.0,,,2
ppo_direct,shaanxi_guanzhong,2018,risk_min,14.649573534754065,155.0,0.2777777777777778,-0.7093843849839275,-0.5043817072999633,4.651250960079181,35.0,9.998322574674884,120.0,,,2
ppo_direct,shaanxi_guanzhong,2018,yield_vs_water,14.065381420688134,140.0,0.1388888888888889,-1.1207999740183396,-0.8742737421803085,4.65134093175602,30.0,9.414040488932113,110.0,,,2
ppo_direct,shaanxi_guanzhong,2018,water_vs_cost,14.063901948226263,120.0,0.10185185185185185,-2.7541811315524183,-1.8355957160175174,4.64986120386478,10.0,9.414040744361484,110.0,,,2
ppo_direct,shaanxi_guanzhong,2019,balanced,11.910479662318394,145.0,0.08256880733944955,-1.8552381670520925,-1.4091273304082907,1.5783782310942995,80.0,10.332101431224094,65.0,,,2
ppo_direct,shaanxi_guanzhong,2019,yield_max,12.044703743042668,150.0,0.10091743119266056,-0.44279013981441473,-0.4654390668194885,1.6128839509663373,85.0,10.43181979207633,65.0,,,2
ppo_direct,shaanxi_guanzhong,2019,water_min,11.83393506798955,145.0,0.08256880733944955,-3.185966689595122,-2.2916665571101906,1.5121445155755062,80.0,10.321790552414043,65.0,,,2
ppo_direct,shaanxi_guanzhong,2019,cost_min,11.851527279135887,135.0,0.08256880733944955,-3.31907232554782,-2.3435247592876123,1.52672187994623,70.0,10.324805399189657,65.0,,,2
ppo_direct,shaanxi_guanzhong,2019,risk_min,13.136077712140183,295.0,0.22935779816513763,-1.450048524835565,-1.0698204938755091,2.445895083065208,175.0,10.690182629074975,120.0,,,2
ppo_direct,shaanxi_guanzhong,2019,yield_vs_water,11.910479662318394,145.0,0.09174311926605505,-1.4374504865928945,-1.1338021079975131,1.5783782310942995,80.0,10.332101431224094,65.0,,,2
ppo_direct,shaanxi_guanzhong,2019,water_vs_cost,11.851527279135887,135.0,0.08256880733944955,-3.1558778811033754,-2.221220885970899,1.52672187994623,70.0,10.324805399189657,65.0,,,2
ppo_direct,shaanxi_guanzhong,2020,balanced,16.038670596766753,30.0,0.17757009345794392,0.029208617647860646,-0.1107411586131255,4.833747693741097,20.0,11.204922903025656,10.0,,,2
ppo_direct,shaanxi_guanzhong,2020,yield_max,16.012750649966165,55.0,0.1308411214953271,0.48872255564113565,0.1565298175267914,4.8124487458225405,45.0,11.200301904143625,10.0,,,2
ppo_direct,shaanxi_guanzhong,2020,water_min,16.042863011065094,20.0,0.07476635514018691,-0.3030676747702707,-0.2975047883962756,4.837706996698779,20.0,11.205156014366317,0.0,,,2
ppo_direct,shaanxi_guanzhong,2020,cost_min,16.003348447981438,10.0,0.056074766355140186,-0.14518520288056008,-0.17071109258430778,4.798192028551899,10.0,11.205156419429539,0.0,,,2
ppo_direct,shaanxi_guanzhong,2020,risk_min,16.30059050906566,85.0,0.22429906542056074,-0.32990099988474136,-0.2783001376263014,4.878130093436136,60.0,11.422460415629525,25.0,,,2
ppo_direct,shaanxi_guanzhong,2020,yield_vs_water,16.050068830266625,40.0,0.11214953271028037,0.10179471141412755,-0.0918705941980999,4.84659394388016,30.0,11.203474886386465,10.0,,,2
ppo_direct,shaanxi_guanzhong,2020,water_vs_cost,16.04915366214973,20.0,0.07476635514018691,-0.41133312596990573,-0.38828083050226725,4.842774318207441,20.0,11.20637934394229,0.0,,,2
ppo_direct,shaanxi_guanzhong,2021,balanced,16.826249571039625,30.0,0.08333333333333333,0.06260044860488034,-0.09742089983471725,5.292409618767744,20.0,11.53383995227188,10.0,,,2
ppo_direct,shaanxi_guanzhong,2021,yield_max,16.826267057697756,40.0,0.12037037037037036,0.6199692003910217,0.23958072523806284,5.292427105425876,30.0,11.53383995227188,10.0,,,2
ppo_direct,shaanxi_guanzhong,2021,water_min,16.826724971426273,20.0,0.1111111111111111,-0.29476242059904084,-0.29856747313967325,5.292409618767744,20.0,11.53431535265853,0.0,,,2
ppo_direct,shaanxi_guanzhong,2021,cost_min,16.82677802087391,10.0,0.19444444444444445,-0.1364283294164556,-0.1600746439015937,5.2924626682153795,10.0,11.53431535265853,0.0,,,2
ppo_direct,shaanxi_guanzhong,2021,risk_min,16.831544854473087,30.0,0.10185185185185185,-0.053053841905880195,-0.07901252151593416,5.292409618767744,20.0,11.539135235705343,10.0,,,2
ppo_direct,shaanxi_guanzhong,2021,yield_vs_water,16.82672618294967,30.0,0.12962962962962962,0.25952131687551705,0.012398574817636288,5.292410830291143,30.0,11.53431535265853,0.0,,,2
ppo_direct,shaanxi_guanzhong,2021,water_vs_cost,16.82677802087391,10.0,0.25925925925925924,-0.14059499608312231,-0.16364165336390674,5.2924626682153795,10.0,11.53431535265853,0.0,,,2
ppo_direct,shaanxi_guanzhong,2022,balanced,12.272954423468658,40.0,0.1651376146788991,-0.22519169766535052,-0.27665260822593074,4.9298771432464115,20.0,7.343077280222247,20.0,,,2
ppo_direct,shaanxi_guanzhong,2022,yield_max,12.27472368438454,40.0,0.11926605504587157,0.33657435182267237,0.07498290856665668,4.929889295916342,20.0,7.344834388468199,20.0,,,2
ppo_direct,shaanxi_guanzhong,2022,water_min,12.287260027850902,40.0,0.045871559633027525,-0.7422863309450733,-0.5905381463922648,4.929870650827498,20.0,7.357389377023405,20.0,,,2
ppo_direct,shaanxi_guanzhong,2022,cost_min,12.276773354100754,30.0,0.03669724770642202,-0.617376502099555,-0.49092387271369586,4.929898114243096,10.0,7.346875239857659,20.0,,,2
ppo_direct,shaanxi_guanzhong,2022,risk_min,12.307834753624775,40.0,0.1834862385321101,-0.14210921600160276,-0.13442272287972462,4.929872828057149,20.0,7.377961925567627,20.0,,,2
ppo_direct,shaanxi_guanzhong,2022,yield_vs_water,12.27472368438454,40.0,0.12844036697247707,-0.0619707010790429,-0.18379797502247158,4.929889295916342,20.0,7.344834388468199,20.0,,,2
ppo_direct,shaanxi_guanzhong,2022,water_vs_cost,12.284009991066224,40.0,0.045871559633027525,-0.9200918411972536,-0.7255723964505697,4.929872684326903,20.0,7.35413730673932,20.0,,,2
ppo_direct,ningxia_irrigation,2018,balanced,6.711577790652774,240.0,0.3181818181818182,-3.001841230871294,-2.866567460865049,,,,,6.711577790652774,240.0,2
ppo_direct,ningxia_irrigation,2018,yield_max,5.527592821092973,235.0,0.3181818181818182,-1.1954022960234405,-1.1775747239488363,,,,,5.527592821092973,235.0,2
ppo_direct,ningxia_irrigation,2018,water_min,6.711577790652774,240.0,0.29545454545454547,-4.828238085495598,-4.565257272934211,,,,,6.711577790652774,240.0,2
ppo_direct,ningxia_irrigation,2018,cost_min,5.862938886224423,230.0,0.29545454545454547,-5.08672035864834,-4.809367208597681,,,,,5.862938886224423,230.0,2
ppo_direct,ningxia_irrigation,2018,risk_min,10.964251993470397,450.0,0.6818181818181818,-3.6799004522786687,-3.42810046053024,,,,,10.964251993470397,450.0,2
ppo_direct,ningxia_irrigation,2018,yield_vs_water,5.862938886224423,230.0,0.3181818181818182,-2.5586017932417153,-2.4528947312080622,,,,,5.862938886224423,230.0,2
ppo_direct,ningxia_irrigation,2018,water_vs_cost,6.711577790652774,240.0,0.3181818181818182,-5.622682529940043,-5.315839252359601,,,,,6.711577790652774,240.0,2
ppo_direct,ningxia_irrigation,2019,balanced,7.8127354491608205,310.0,0.36363636363636365,-3.9722353143779423,-3.570235539034366,,,,,7.8127354491608205,310.0,2
ppo_direct,ningxia_irrigation,2019,yield_max,7.634533025155116,300.0,0.36363636363636365,-1.8218217285364768,-1.6515779372211332,,,,,7.634533025155116,300.0,2
ppo_direct,ningxia_irrigation,2019,water_min,7.9293756596433305,315.0,0.36363636363636365,-6.332053053821716,-5.6523288233012,,,,,7.9293756596433305,315.0,2
ppo_direct,ningxia_irrigation,2019,cost_min,7.634533025155116,300.0,0.36363636363636365,-6.79835548502902,-6.066842219948572,,,,,7.634533025155116,300.0,2
ppo_direct,ningxia_irrigation,2019,risk_min,11.578667958061926,450.0,0.6818181818181818,-2.277317306757615,-2.050482159209045,,,,,11.578667958061926,450.0,2
ppo_direct,ningxia_irrigation,2019,yield_vs_water,8.547914270054894,320.0,0.36363636363636365,-3.487017052979676,-3.153838276638242,,,,,8.547914270054894,320.0,2
ppo_direct,ningxia_irrigation,2019,water_vs_cost,7.653766457348325,305.0,0.36363636363636365,-7.14676722649665,-6.3882369990361285,,,,,7.653766457348325,305.0,2
ppo_direct,ningxia_irrigation,2020,balanced,7.050308586601328,405.0,0.45454545454545453,-5.216521111701642,-4.764167723563205,,,,,7.050308586601328,405.0,2
ppo_direct,ningxia_irrigation,2020,yield_max,7.050308586601328,405.0,0.45454545454545453,-2.0007869454778744,-1.867976651368949,,,,,7.050308586601328,405.0,2
ppo_direct,ningxia_irrigation,2020,water_min,7.140296845747268,410.0,0.4318181818181818,-8.355248043323153,-7.580662157012105,,,,,7.140296845747268,410.0,2
ppo_direct,ningxia_irrigation,2020,cost_min,6.325936916721812,380.0,0.38636363636363635,-8.357710558903767,-7.610212445203923,,,,,6.325936916721812,380.0,2
ppo_direct,ningxia_irrigation,2020,risk_min,10.64803584181657,450.0,0.7045454545454546,-2.2826508977453024,-2.094160322915283,,,,,10.64803584181657,450.0,2
ppo_direct,ningxia_irrigation,2020,yield_vs_water,7.140162423571979,405.0,0.45454545454545453,-4.4956892963076065,-4.1196406200331905,,,,,7.140162423571979,405.0,2
ppo_direct,ningxia_irrigation,2020,water_vs_cost,7.140162423571979,405.0,0.45454545454545453,-9.475387859261527,-8.612856252947573,,,,,7.140162423571979,405.0,2
ppo_direct,ningxia_irrigation,2021,balanced,0.0,0.0,0.022727272727272728,-0.08607043041529906,-0.07916957681129456,,,,,0.0,0.0,2
ppo_direct,ningxia_irrigation,2021,yield_max,0.0,0.0,0.022727272727272728,-0.15062325322677333,-0.13854675941976538,,,,,0.0,0.0,2
ppo_direct,ningxia_irrigation,2021,water_min,0.0,0.0,0.0,-0.021517607603824766,-0.01979239420282364,,,,,0.0,0.0,2
ppo_direct,ningxia_irrigation,2021,cost_min,0.0,0.0,0.0,-0.021517607603824766,-0.01979239420282364,,,,,0.0,0.0,2
ppo_direct,ningxia_irrigation,2021,risk_min,0.0,0.0,0.022727272727272728,-0.021517607603824766,-0.01979239420282364,,,,,0.0,0.0,2
ppo_direct,ningxia_irrigation,2021,yield_vs_water,0.0,0.0,0.022727272727272728,-0.10758803801912381,-0.0989619710141182,,,,,0.0,0.0,2
ppo_direct,ningxia_irrigation,2021,water_vs_cost,0.0,0.0,0.022727272727272728,-0.021517607603824766,-0.01979239420282364,,,,,0.0,0.0,2
ppo_direct,ningxia_irrigation,2022,balanced,11.146951001135802,350.0,0.4318181818181818,-4.407611844198503,-4.103597207635817,,,,,11.146951001135802,350.0,2
ppo_direct,ningxia_irrigation,2022,yield_max,11.146951001135802,350.0,0.4318181818181818,-1.5306818384584933,-1.48177159517331,,,,,11.146951001135802,350.0,2
ppo_direct,ningxia_irrigation,2022,water_min,10.865395104489865,330.0,0.36363636363636365,-6.8195416963563735,-6.303892817163544,,,,,10.865395104489865,330.0,2
ppo_direct,ningxia_irrigation,2022,cost_min,10.67840530350603,320.0,0.36363636363636365,-7.290052937308387,-6.748581021614243,,,,,10.67840530350603,320.0,2
ppo_direct,ningxia_irrigation,2022,risk_min,12.921782465185297,450.0,0.8409090909090909,-2.2682225876446642,-2.089204828952198,,,,,12.921782465185297,450.0,2
ppo_direct,ningxia_irrigation,2022,yield_vs_water,10.981680710255494,345.0,0.4318181818181818,-3.741650750904492,-3.5006155624944273,,,,,10.981680710255494,345.0,2
ppo_direct,ningxia_irrigation,2022,water_vs_cost,10.865395104489865,330.0,0.38636363636363635,-7.707041696356376,-7.135921708210314,,,,,10.865395104489865,330.0,2
ppo_residual,beijing_plain,2018,balanced,10.521164025690151,75.0,0.07142857142857142,-0.7746197402341702,-0.6133480192790566,2.7740646601698695,55.0,7.747099365520281,20.0,,,0
ppo_residual,beijing_plain,2018,yield_max,12.90347737061011,200.0,0.1875,-0.652980830461914,-0.5794131363078856,2.789071245145744,55.0,10.114406125464367,145.0,,,0
ppo_residual,beijing_plain,2018,water_min,13.37566516933887,155.0,0.125,-3.093149137827752,-2.140522666462701,2.745863744546635,35.0,10.629801424792234,120.0,,,0
ppo_residual,beijing_plain,2018,cost_min,13.367072836996105,145.0,0.11607142857142858,-3.1099752369358353,-2.1088325634330305,2.737855232439039,25.0,10.629217604557066,120.0,,,0
ppo_residual,beijing_plain,2018,risk_min,10.598000722187932,95.0,0.13392857142857142,-0.4619429192143672,-0.35561663126063425,2.8420605983259426,75.0,7.755940123861989,20.0,,,0
ppo_residual,beijing_plain,2018,yield_vs_water,13.44447317733137,160.0,0.13392857142857142,-1.5307012209563702,-1.1383304071562703,2.7458595074135412,35.0,10.698613669917828,125.0,,,0
ppo_residual,beijing_plain,2018,water_vs_cost,10.479538483379319,55.0,0.03571428571428571,-1.266814039532313,-0.9084756534322901,2.6919129297984448,35.0,7.787625553580875,20.0,,,0
ppo_residual,beijing_plain,2019,balanced,8.658450402591816,420.0,0.15454545454545454,-5.406548008230698,-4.325352642051023,1.5233137428447203,400.0,7.135136659747095,20.0,,,0
ppo_residual,beijing_plain,2019,yield_max,10.605030554299434,450.0,0.2818181818181818,-3.5448616237852066,-2.71203543986194,1.278840102367966,355.0,9.326190451931469,95.0,,,0
ppo_residual,beijing_plain,2019,water_min,8.537516145885357,450.0,0.16363636363636364,-9.672543361696665,-7.486923691968039,1.4357688634752765,370.0,7.101747282410081,80.0,,,0
ppo_residual,beijing_plain,2019,cost_min,8.658450402591816,420.0,0.16363636363636364,-9.12802589094658,-7.1901693081287075,1.5233137428447203,400.0,7.135136659747095,20.0,,,0
ppo_residual,beijing_plain,2019,risk_min,10.179322618794831,450.0,0.2,-2.288954099448594,-1.813357055536999,1.6606920853726748,425.0,8.518630533422156,25.0,,,0
ppo_residual,beijing_plain,2019,yield_vs_water,9.910478854332686,450.0,0.2,-6.051640556095112,-4.660674666002325,1.5150070499073247,375.0,8.39547180442536,75.0,,,0
ppo_residual,beijing_plain,2019,water_vs_cost,9.883004863277973,450.0,0.20909090909090908,-10.757242467177802,-8.365121193500995,1.48344552035056,375.0,8.399559342927413,75.0,,,0
ppo_residual,beijing_plain,2020,balanced,8.226437268865924,190.0,0.1,-2.468272169777676,-1.7660105362530305,0.8263947560277651,70.0,7.4000425128381595,120.0,,,0
ppo_residual,beijing_plain,2020,yield_max,8.041496457995839,190.0,0.10909090909090909,-1.0312475899326592,-0.8183067670624289,0.8046556604653358,70.0,7.236840797530504,120.0,,,0
ppo_residual,beijing_plain,2020,water_min,4.174658346788936,130.0,0.08181818181818182,-2.740908025930058,-1.954409438689734,0.8376237967722068,70.0,3.3370345500167296,60.0,,,0
ppo_residual,beijing_plain,2020,cost_min,11.103275221174478,170.0,0.1,-3.642173122516659,-2.4962199252926,0.6896620416887695,45.0,10.413613179485708,125.0,,,0
ppo_residual,beijing_plain,2020,risk_min,11.621567250429791,195.0,0.1,-0.9556964870383537,-0.7132758528474037,1.1629520235564565,175.0,10.458615226873334,20.0,,,0
ppo_residual,beijing_plain,2020,yield_vs_water,7.998067244187348,190.0,0.1,-2.1450264022436407,-1.5590351729567282,0.7857483967391387,70.0,7.21231884744821,120.0,,,0
ppo_residual,beijing_plain,2020,water_vs_cost,11.103275221174478,170.0,0.1,-3.963006455849986,-2.714660117715461,0.6896620416887695,45.0,10.413613179485708,125.0,,,0
ppo_residual,beijing_plain,2021,balanced,12.314675952383535,95.0,0.07272727272727272,-1.080988999390597,-0.852891999898735,1.0624707265369147,70.0,11.25220522584662,25.0,,,0
ppo_residual,beijing_plain,2021,yield_max,12.314675952383535,95.0,0.16363636363636364,-0.16846686004465417,-0.26081129402017517,1.0624707265369147,70.0,11.25220522584662,25.0,,,0
ppo_residual,beijing_plain,2021,water_min,12.517066195106105,115.0,0.09090909090909091,-2.560881592968948,-1.8492373543897886,1.0987068869596641,90.0,11.41835930814644,25.0,,,0
ppo_residual,beijing_plain,2021,cost_min,11.735429359859502,45.0,0.06363636363636363,-1.0134909941512367,-0.7310548656912478,0.8294751365942061,45.0,10.905954223265296,0.0,,,0
ppo_residual,beijing_plain,2021,risk_min,12.770337386206746,190.0,0.2545454545454545,-0.9323294400041963,-0.6850090195805336,1.2379013978314124,125.0,11.532435988375333,65.0,,,0
ppo_residual,beijing_plain,2021,yield_vs_water,12.314675952383535,95.0,0.09090909090909091,-0.8245001381271337,-0.6908463358502503,1.0624707265369147,70.0,11.25220522584662,25.0,,,0
ppo_residual,beijing_plain,2021,water_vs_cost,11.89008670466135,70.0,0.05454545454545454,-1.581608705403851,-1.1326512216465556,0.8509977899091568,45.0,11.039088914752194,25.0,,,0
ppo_residual,beijing_plain,2022,balanced,14.305614873207624,90.0,0.125,-0.9408745956803561,-0.7502243664056656,2.9904901932808583,80.0,11.315124679926766,10.0,,,0
ppo_residual,beijing_plain,2022,yield_max,14.416059897179904,105.0,0.14285714285714285,-0.15103109149558713,-0.2952815689145386,2.947519727937952,85.0,11.468540169241953,20.0,,,0
ppo_residual,beijing_plain,2022,water_min,14.409221877111076,95.0,0.11607142857142858,-1.9422364493674698,-1.414054264948032,2.898102716074517,70.0,11.511119161036559,25.0,,,0
ppo_residual,beijing_plain,2022,cost_min,14.294602652043757,75.0,0.125,-1.6012952025986942,-1.1385125925878021,2.9879090811922984,75.0,11.30669357085146,0.0,,,0
ppo_residual,beijing_plain,2022,risk_min,14.770527887922594,185.0,0.16964285714285715,-0.9049489417556812,-0.6760848399910734,3.2212639573947444,175.0,11.54926393052785,10.0,,,0
ppo_residual,beijing_plain,2022,yield_vs_water,14.467617977859968,100.0,0.13392857142857142,-0.7068250367390199,-0.6249085657599175,2.9178115344796516,95.0,11.549806443380316,5.0,,,0
ppo_residual,beijing_plain,2022,water_vs_cost,14.407159333621884,85.0,0.11607142857142858,-1.919456601946848,-1.3759171895809195,2.8578894243961472,85.0,11.549269909225737,0.0,,,0
ppo_residual,hebei_central,2018,balanced,10.76950139534325,135.0,0.0625,-1.66140074246097,-1.1755047404545755,4.121298051903212,10.0,6.648203343440038,125.0,,,0
ppo_residual,hebei_central,2018,yield_max,10.56740319865509,165.0,0.0625,-0.7026133739694034,-0.613393127042817,4.239444990495212,45.0,6.327958208159878,120.0,,,0
ppo_residual,hebei_central,2018,water_min,10.571381655258875,155.0,0.0625,-3.1206037711056767,-2.146953386766437,4.243405699452317,35.0,6.327975955806559,120.0,,,0
ppo_residual,hebei_central,2018,cost_min,10.785357833943962,130.0,0.05357142857142857,-2.864831466935384,-1.9086104173749248,4.146802727721984,5.0,6.638555106221977,125.0,,,0
ppo_residual,hebei_central,2018,risk_min,11.132259900283044,205.0,0.10714285714285714,-1.023080730607635,-0.7194720356938511,4.25929891188948,50.0,6.872960988393564,155.0,,,0
ppo_residual,hebei_central,2018,yield_vs_water,10.813661496701695,145.0,0.05357142857142857,-1.5200372638898068,-1.1084620769930376,4.185018016644464,20.0,6.628643480057231,125.0,,,0
ppo_residual,hebei_central,2018,water_vs_cost,10.51418932753056,130.0,0.0625,-3.087759507940812,-2.0724315645101137,4.167560210683108,10.0,6.34662911684745,120.0,,,0
ppo_residual,hebei_central,2019,balanced,14.056717816404237,380.0,0.15315315315315314,-4.865014355327758,-4.041247768376413,2.8169518303479144,380.0,11.239765986056323,0.0,,,0
ppo_residual,hebei_central,2019,yield_max,14.031136983058769,390.0,0.18018018018018017,-1.7272246927648633,-1.600027286554515,2.7832932024488275,375.0,11.24784378060994,15.0,,,0
ppo_residual,hebei_central,2019,water_min,13.944687528778053,375.0,0.16216216216216217,-8.009207869819454,-6.452283593244414,2.7007912292991474,370.0,11.243896299478905,5.0,,,0
ppo_residual,hebei_central,2019,cost_min,13.940537111639056,370.0,0.16216216216216217,-8.416188404847714,-6.806520400055249,2.7007912292991474,370.0,11.239745882339909,0.0,,,0
ppo_residual,hebei_central,2019,risk_min,5.277654781936668,450.0,0.32432432432432434,-3.083366891798327,-2.362569309501275,3.3333256910096947,450.0,1.9443290909269737,0.0,,,0
ppo_residual,hebei_central,2019,yield_vs_water,7.5931415780868825,450.0,0.2072072072072072,-6.15669582134825,-4.792410343423502,2.790029069430999,375.0,4.803112508655883,75.0,,,0
ppo_residual,hebei_central,2019,water_vs_cost,13.856115144357556,365.0,0.16216216216216217,-8.520715835380265,-6.934805821323069,2.616369262017647,365.0,11.239745882339909,0.0,,,0
ppo_residual,hebei_central,2020,balanced,15.215969982750174,175.0,0.17117117117117117,-1.859153335896865,-1.4218712836027163,4.235373104327468,95.0,10.980596878422707,80.0,,,0
ppo_residual,hebei_central,2020,yield_max,15.29340135733595,190.0,0.17117117117117117,-0.277023114967627,-0.3744500461737771,4.232557929262731,95.0,11.06084342807322,95.0,,,0
ppo_residual,hebei_central,2020,water_min,15.615385125339525,190.0,0.14414414414414414,-3.841859295159462,-2.767399462786257,4.193514254779003,110.0,11.421870870560522,80.0,,,0
ppo_residual,hebei_central,2020,cost_min,15.030493244200741,170.0,0.12612612612612611,-3.691799438171104,-2.6075573340234923,4.056745854464496,90.0,10.973747389736246,80.0,,,0
ppo_residual,hebei_central,2020,risk_min,15.962968525908298,205.0,0.15315315315315314,-0.9584271137649796,-0.7305597250483697,4.512985239997467,175.0,11.44998328591083,30.0,,,0
ppo_residual,hebei_central,2020,yield_vs_water,15.184176062907419,175.0,0.17117117117117117,-1.5795686533810365,-1.2577267903722271,4.207281549291291,95.0,10.976894513616129,80.0,,,0
ppo_residual,hebei_central,2020,water_vs_cost,15.030493244200741,170.0,0.11711711711711711,-3.9126327715044247,-2.760128707448719,4.056745854464496,90.0,10.973747389736246,80.0,,,0
ppo_residual,hebei_central,2021,balanced,14.682040841096367,145.0,0.10091743119266056,-1.6720759306072153,-1.313024168506467,4.216064183203405,120.0,10.465976657892961,25.0,,,0
ppo_residual,hebei_central,2021,yield_max,15.10918139035818,160.0,0.1559633027522936,-0.32001220919537077,-0.41320392406634177,4.215957609334128,135.0,10.893223781024053,25.0,,,0
ppo_residual,hebei_central,2021,water_min,15.125058545034971,160.0,0.11926605504587157,-3.231241243036913,-2.375670663053043,4.219805009615205,135.0,10.905253535419767,25.0,,,0
ppo_residual,hebei_central,2021,cost_min,14.024696383667509,135.0,0.10091743119266056,-3.0116455795903265,-2.178236930000093,4.130654500188069,135.0,9.89404188347944,0.0,,,0
ppo_residual,hebei_central,2021,risk_min,15.346103334946193,205.0,0.1651376146788991,-0.9633028458746726,-0.747083737304699,4.4128496077791715,175.0,10.933253727167022,30.0,,,0
ppo_residual,hebei_central,2021,yield_vs_water,15.106582190376365,165.0,0.12844036697247707,-1.4126713785342946,-1.1560529297872133,4.214256416433531,140.0,10.892325773942835,25.0,,,0
ppo_residual,hebei_central,2021,water_vs_cost,15.07040553615815,155.0,0.10091743119266056,-3.542137971471201,-2.544099833451189,4.183160669394535,130.0,10.887244866763615,25.0,,,0
ppo_residual,hebei_central,2022,balanced,15.93131345422962,90.0,0.06306306306306306,-0.8491551250340661,-0.7202537945755492,4.424507273169973,80.0,11.506806181059646,10.0,,,0
ppo_residual,hebei_central,2022,yield_max,15.28999229518247,90.0,0.06306306306306306,-0.0667654481306148,-0.2566723585227344,4.381343727711087,85.0,10.908648567471383,5.0,,,0
ppo_residual,hebei_central,2022,water_min,15.869857065943947,90.0,0.08108108108108109,-1.8220354698295864,-1.3399139798129585,4.363366830016448,80.0,11.5064902359275,10.0,,,0
ppo_residual,hebei_central,2022,cost_min,15.86929272590513,70.0,0.07207207207207207,-1.4886446312065844,-1.070526375993868,4.384881369871092,70.0,11.484411356034038,0.0,,,0
ppo_residual,hebei_central,2022,risk_min,16.201222473020337,155.0,0.08108108108108109,-0.730687907041322,-0.5697583230344305,4.679393804062272,145.0,11.521828668958063,10.0,,,0
ppo_residual,hebei_central,2022,yield_vs_water,15.210266711500344,90.0,0.08108108108108109,-0.6695124466175155,-0.6070383748502339,4.431691354011429,60.0,10.778575357488915,30.0,,,0
ppo_residual,hebei_central,2022,water_vs_cost,14.712284766071509,70.0,0.06306306306306306,-1.6040329458921219,-1.1625530919762816,4.388985428836471,50.0,10.323299337235039,20.0,,,0
ppo_residual,henan_north,2018,balanced,17.427089011983952,55.0,0.08181818181818182,-0.1982719012978541,-0.2610867345004309,5.9572016236695955,30.0,11.469887388314357,25.0,,,0
ppo_residual,henan_north,2018,yield_max,17.546344983353528,65.0,0.07272727272727272,0.47894543095115527,0.11374254068333522,6.103832102915342,50.0,11.442512880438185,15.0,,,0
ppo_residual,henan_north,2018,water_min,17.44101294733305,60.0,0.07272727272727272,-1.0851151320013073,-0.8238197576738596,5.971125559018692,35.0,11.469887388314357,25.0,,,0
ppo_residual,henan_north,2018,cost_min,17.346346505950994,30.0,0.08181818181818182,-0.5667474650188141,-0.4179446735286454,5.904889873651512,25.0,11.441456632299483,5.0,,,0
ppo_residual,henan_north,2018,risk_min,17.772605849758513,115.0,0.15454545454545454,-0.5074551992596493,-0.4022906831592583,6.30339695281294,75.0,11.469208896945574,40.0,,,0
ppo_residual,henan_north,2018,yield_vs_water,17.418732541045877,40.0,0.09090909090909091,0.19556564301667456,-0.02196671345290191,5.97584002585536,35.0,11.442892515190518,5.0,,,0
ppo_residual,henan_north,2018,water_vs_cost,17.351270029959245,25.0,0.08181818181818182,-0.45075659722963646,-0.34925340657165915,5.909192815865307,25.0,11.442077214093938,0.0,,,0
ppo_residual,henan_north,2019,balanced,10.707815636130348,250.0,0.11711711711711711,-3.4263318063206576,-2.7366389458613254,2.0225737913985746,230.0,8.685241844731774,20.0,,,0
ppo_residual,henan_north,2019,yield_max,3.972465018780337,240.0,0.13513513513513514,-1.6797414795972678,-1.3884853534231756,2.0148251533113863,220.0,1.9576398654689504,20.0,,,0
ppo_residual,henan_north,2019,water_min,10.707815636130348,250.0,0.12612612612612611,-5.407277396024601,-4.188877406460489,2.0225737913985746,230.0,8.685241844731774,20.0,,,0
ppo_residual,henan_north,2019,cost_min,10.782299214074994,245.0,0.10810810810810811,-5.699715891703769,-4.4250526629706775,2.0148251533113863,225.0,8.767474060763607,20.0,,,0
ppo_residual,henan_north,2019,risk_min,8.768203278914168,450.0,0.24324324324324326,-3.7311677125682854,-2.576705091286395,2.9918563951605037,315.0,5.776346883753664,135.0,,,0
ppo_residual,henan_north,2019,yield_vs_water,10.782299214074994,245.0,0.12612612612612611,-2.7027461251855573,-2.217075011376305,2.0148251533113863,225.0,8.767474060763607,20.0,,,0
ppo_residual,henan_north,2019,water_vs_cost,10.782299214074994,245.0,0.11711711711711711,-5.7490214472593255,-4.481715976700016,2.0148251533113863,225.0,8.767474060763607,20.0,,,0
ppo_residual,henan_north,2020,balanced,17.341068783433702,130.0,0.09174311926605505,-1.2661227054846405,-0.9748856928913436,6.693789455904451,70.0,10.647279327529251,60.0,,,0
ppo_residual,henan_north,2020,yield_max,17.56145675361657,135.0,0.11009174311926606,0.2514399381856176,-0.028527524580473584,6.8807873007086355,75.0,10.680669452907935,60.0,,,0
ppo_residual,henan_north,2020,water_min,17.315886822084767,115.0,0.09174311926605505,-2.2992540136924227,-1.6119755107236162,6.701311337876107,55.0,10.61457548420866,60.0,,,0
ppo_residual,henan_north,2020,cost_min,17.436935250835354,130.0,0.07339449541284404,-2.7769582544965643,-1.9245646999125439,6.772400877946793,70.0,10.66453437288856,60.0,,,0
ppo_residual,henan_north,2020,risk_min,18.605707088828417,140.0,0.11926605504587157,-0.60276417906781,-0.48795565493853804,7.028629611394127,135.0,11.577077477434289,5.0,,,0
ppo_residual,henan_north,2020,yield_vs_water,17.341068783433702,130.0,0.09174311926605505,-0.8555700485224657,-0.7155634012216342,6.693789455904451,70.0,10.647279327529251,60.0,,,0
ppo_residual,henan_north,2020,water_vs_cost,17.31525161708811,125.0,0.07339449541284404,-2.8207045389170644,-1.9468402672846086,6.7005990472485015,65.0,10.614652569839606,60.0,,,0
ppo_residual,henan_north,2021,balanced,13.23202529818479,150.0,0.2018348623853211,-1.8307222450548486,-1.381407800961273,2.6343584543108753,70.0,10.597666843873915,80.0,,,0
ppo_residual,henan_north,2021,yield_max,13.111476840521187,90.0,0.1651376146788991,-0.33101626621551106,-0.39874836350560894,2.7309764459857777,85.0,10.380500394535408,5.0,,,0
ppo_residual,henan_north,2021,water_min,13.111476840521187,90.0,0.13761467889908258,-2.1520499427926976,-1.5706347425098013,2.7309764459857777,85.0,10.380500394535408,5.0,,,0
ppo_residual,henan_north,2021,cost_min,12.90511183527334,85.0,0.12844036697247707,-1.9701098446003527,-1.4277571379052802,2.5312059872933563,85.0,10.373905847979984,0.0,,,0
ppo_residual,henan_north,2021,risk_min,11.612159669407117,180.0,0.21100917431192662,-0.8702652158141839,-0.6625944049917951,3.572619675917072,175.0,8.039539993490044,5.0,,,0
ppo_residual,henan_north,2021,yield_vs_water,13.111476840521187,90.0,0.14678899082568808,-0.8352497139634572,-0.7172735761093787,2.7309764459857777,85.0,10.380500394535408,5.0,,,0
ppo_residual,henan_north,2021,water_vs_cost,12.90511183527334,85.0,0.13761467889908258,-1.9305265112670198,-1.4017097337154079,2.5312059872933563,85.0,10.373905847979984,0.0,,,0
ppo_residual,henan_north,2022,balanced,17.987522866114112,125.0,0.09009009009009009,-1.1929226310383294,-0.9717274501156637,6.428586501197473,120.0,11.55893636491664,5.0,,,0
ppo_residual,henan_north,2022,yield_max,17.219370312125925,170.0,0.09009009009009009,-0.41444630653136527,-0.48784749257735416,6.505103210145261,115.0,10.714267101980662,55.0,,,0
ppo_residual,henan_north,2022,water_min,17.982002345024412,125.0,0.0990990990990991,-2.504247710907479,-1.8299337079583582,6.423179007938009,120.0,11.558823337086404,5.0,,,0
ppo_residual,henan_north,2022,cost_min,17.223827756612994,130.0,0.07207207207207207,-2.9003707705010493,-2.0711830919380425,6.5179404207341705,110.0,10.705887335878824,20.0,,,0
ppo_residual,henan_north,2022,risk_min,18.477456859327816,205.0,0.17117117117117117,-0.9454788812677564,-0.7173616808917825,6.900643081261968,175.0,11.576813778065848,30.0,,,0
ppo_residual,henan_north,2022,yield_vs_water,18.01139527126682,125.0,0.09009009009009009,-0.7818529030396393,-0.7210731807081365,6.452571934180419,120.0,11.558823337086404,5.0,,,0
ppo_residual,henan_north,2022,water_vs_cost,17.935932454617376,115.0,0.0990990990990991,-2.605551613564909,-1.8854757310679768,6.377109117530972,115.0,11.558823337086404,0.0,,,0
ppo_residual,shaanxi_guanzhong,2018,balanced,14.063901948226263,120.0,0.1111111111111111,-1.1833911928763394,-0.8533753962273116,4.64986120386478,10.0,9.414040744361484,110.0,,,0
ppo_residual,shaanxi_guanzhong,2018,yield_max,13.877431661340902,150.0,0.2037037037037037,-0.1373275279154822,-0.2588118412697721,4.651252102372892,45.0,9.22617955896801,105.0,,,0
ppo_residual,shaanxi_guanzhong,2018,water_min,13.875803443134327,115.0,0.1111111111111111,-2.2404761328667293,-1.4983053257173728,4.6493302744139715,10.0,9.226473168720355,105.0,,,0
ppo_residual,shaanxi_guanzhong,2018,cost_min,14.56955052015886,120.0,0.09259259259259259,-2.5336229262826726,-1.6626516883203695,4.650645788597278,5.0,9.918904731561582,115.0,,,0
ppo_residual,shaanxi_guanzhong,2018,risk_min,14.819562759361423,175.0,0.25,-0.8247121069947647,-0.6018712481566826,4.651027454928279,55.0,10.168535304433144,120.0,,,0
ppo_residual,shaanxi_guanzhong,2018,yield_vs_water,13.877289488442699,120.0,0.1111111111111111,-0.9008790295159659,-0.6946685016962375,4.651109744755,15.0,9.226179743687698,105.0,,,0
ppo_residual,shaanxi_guanzhong,2018,water_vs_cost,13.876825268232796,110.0,0.18518518518518517,-2.5432379916999652,-1.6608018925645662,4.650645788597278,5.0,9.226179479635519,105.0,,,0
ppo_residual,shaanxi_guanzhong,2019,balanced,11.677759537452843,130.0,0.11009174311926606,-1.6449426314501105,-1.2229765892650557,1.3368686515731505,65.0,10.340890885879693,65.0,,,0
ppo_residual,shaanxi_guanzhong,2019,yield_max,11.558030791516408,135.0,0.14678899082568808,-0.49375501126883126,-0.48432039479836286,1.4549088322052128,65.0,10.103121959311196,70.0,,,0
ppo_residual,shaanxi_guanzhong,2019,water_min,11.752317398926264,130.0,0.09174311926605505,-2.7692524968735537,-1.947481165971902,1.3905703866950838,65.0,10.36174701223118,65.0,,,0
ppo_residual,shaanxi_guanzhong,2019,cost_min,11.202614967307287,115.0,0.08256880733944955,-2.809247688852208,-1.933265657070062,1.192260449420717,45.0,10.01035451788657,70.0,,,0
ppo_residual,shaanxi_guanzhong,2019,risk_min,13.054229061502637,260.0,0.1743119266055046,-1.294838727159758,-0.9714633864582295,2.735031038804651,175.0,10.319198022697986,85.0,,,0
ppo_residual,shaanxi_guanzhong,2019,yield_vs_water,11.721067582799332,130.0,0.11926605504587157,-1.2732626650920078,-0.9880855565184774,1.3953552256315784,65.0,10.325712357167754,65.0,,,0
ppo_residual,shaanxi_guanzhong,2019,water_vs_cost,11.716765327092434,110.0,0.05504587155963303,-2.5269612228775244,-1.7561220638984998,1.2667883761809038,45.0,10.44997695091153,65.0,,,0
ppo_residual,shaanxi_guanzhong,2020,balanced,15.970056767278995,35.0,0.09345794392523364,-0.03363219306064158,-0.12835674295398647,4.769746931222498,30.0,11.200309836056498,5.0,,,0
ppo_residual,shaanxi_guanzhong,2020,yield_max,16.20637176980949,50.0,0.21495327102803738,0.5249533527873966,0.1650210750410427,4.859609708191202,35.0,11.346762061618287,15.0,,,0
ppo_residual,shaanxi_guanzhong,2020,water_min,16.130355884872298,20.0,0.056074766355140186,-0.3024415671513681,-0.2731781150592336,4.789069051994006,10.0,11.341286832878291,10.0,,,0
ppo_residual,shaanxi_guanzhong,2020,cost_min,15.98907753140781,5.0,0.04672897196261682,-0.05507821013606842,-0.07751632991584191,4.782708270245784,5.0,11.206369261162026,0.0,,,0
ppo_residual,shaanxi_guanzhong,2020,risk_min,16.238515578547954,75.0,0.2616822429906542,-0.3054740205661365,-0.2594351808631928,4.862821343513222,50.0,11.375694235034732,25.0,,,0
ppo_residual,shaanxi_guanzhong,2020,yield_vs_water,16.14589806664003,25.0,0.056074766355140186,0.27758825662244635,0.049727149990915764,4.804611233761737,15.0,11.341286832878291,10.0,,,0
ppo_residual,shaanxi_guanzhong,2020,water_vs_cost,16.011224135445765,10.0,0.09345794392523364,-0.1492638451381084,-0.15548459371935086,4.804844791503474,10.0,11.20637934394229,0.0,,,0
ppo_residual,shaanxi_guanzhong,2021,balanced,16.833821983460393,15.0,0.17592592592592593,0.26425432274162164,0.07703768788996035,5.292481039697716,5.0,11.541340943762677,10.0,,,0
ppo_residual,shaanxi_guanzhong,2021,yield_max,16.83864932089618,75.0,0.19444444444444445,0.4443333302188941,0.09639015290289521,5.292409618767744,60.0,11.546239702128435,15.0,,,0
ppo_residual,shaanxi_guanzhong,2021,water_min,16.833803611978055,20.0,0.18518518518518517,-0.29470057065323113,-0.26028544298636397,5.2924626682153795,10.0,11.541340943762677,10.0,,,0
ppo_residual,shaanxi_guanzhong,2021,cost_min,16.826765083783982,5.0,0.07407407407407407,-0.04615073645424819,-0.07236893931232209,5.292449731125455,5.0,11.53431535265853,0.0,,,0
ppo_residual,shaanxi_guanzhong,2021,risk_min,16.83311185059717,50.0,0.21296296296296297,-0.18081799363040513,-0.17571244891027243,5.292409618767744,35.0,11.540702231829426,15.0,,,0
ppo_residual,shaanxi_guanzhong,2021,yield_vs_water,16.833821983460393,15.0,0.21296296296296297,0.432054014538138,0.17315464057711455,5.292481039697716,5.0,11.541340943762677,10.0,,,0
ppo_residual,shaanxi_guanzhong,2021,water_vs_cost,16.826760769560504,10.0,0.07407407407407407,-0.14059524253045666,-0.1558935422246208,5.292445416901974,10.0,11.53431535265853,0.0,,,0
ppo_residual,shaanxi_guanzhong,2022,balanced,12.283914594206337,35.0,0.027522935779816515,-0.16509286940103574,-0.21469208972062753,4.929874283676668,15.0,7.354040310529668,20.0,,,0
ppo_residual,shaanxi_guanzhong,2022,yield_max,12.283235040603858,55.0,0.1834862385321101,0.2551434221850093,0.004731376423615541,4.929876469875806,35.0,7.3533585707280515,20.0,,,0
ppo_residual,shaanxi_guanzhong,2022,water_min,12.284009991066224,40.0,0.045871559633027525,-0.7423140634194765,-0.5880189936333365,4.929872684326903,20.0,7.35413730673932,20.0,,,0
ppo_residual,shaanxi_guanzhong,2022,cost_min,12.29804628224333,25.0,0.06422018348623854,-0.5269155321978873,-0.3959824296850057,4.929902843028258,5.0,7.368143439215072,20.0,,,0
ppo_residual,shaanxi_guanzhong,2022,risk_min,12.308021527628837,55.0,0.24770642201834864,-0.23516333793022473,-0.20862672386033984,4.9298633072696285,35.0,7.378158220359208,20.0,,,0
ppo_residual,shaanxi_guanzhong,2022,yield_vs_water,12.283656810982768,30.0,0.03669724770642202,0.04952594367198704,-0.07801501145690959,4.929890763341306,10.0,7.353766047641462,20.0,,,0
ppo_residual,shaanxi_guanzhong,2022,water_vs_cost,12.325537033861785,30.0,0.11009174311926606,-0.6572342547732878,-0.496204582244967,4.929893129954295,10.0,7.39564390390749,20.0,,,0
ppo_residual,ningxia_irrigation,2018,balanced,6.439523974460411,230.0,0.29545454545454547,-3.090013843456191,-2.945513180879419,,,,,6.439523974460411,230.0,0
ppo_residual,ningxia_irrigation,2018,yield_max,5.646594030840249,225.0,0.3181818181818182,-1.2437624139368202,-1.2197563406047427,,,,,5.646594030840249,225.0,0
ppo_residual,ningxia_irrigation,2018,water_min,5.646594030840249,225.0,0.3181818181818182,-4.739585106752875,-4.4799397234416665,,,,,5.646594030840249,225.0,0
ppo_residual,ningxia_irrigation,2018,cost_min,6.439523974460411,230.0,0.29545454545454547,-5.182920127530711,-4.900368394817524,,,,,6.439523974460411,230.0,0
ppo_residual,ningxia_irrigation,2018,risk_min,10.477004081694194,310.0,0.3181818181818182,-1.5676116537185143,-1.4741581244771327,,,,,10.477004081694194,310.0,0
ppo_residual,ningxia_irrigation,2018,yield_vs_water,5.646594030840249,225.0,0.29545454545454547,-2.560425533764394,-2.453656654941042,,,,,5.646594030840249,225.0,0
ppo_residual,ningxia_irrigation,2018,water_vs_cost,5.646594030840249,225.0,0.3181818181818182,-5.311112884530654,-5.028514320098412,,,,,5.646594030840249,225.0,0
ppo_residual,ningxia_irrigation,2019,balanced,7.974051540461798,320.0,0.36363636363636365,-4.111314843282381,-3.6830029735044274,,,,,7.974051540461798,320.0,0
ppo_residual,ningxia_irrigation,2019,yield_max,9.110329893158875,315.0,0.38636363636363635,-1.759226701112353,-1.6023190197123698,,,,,9.110329893158875,315.0,0
ppo_residual,ningxia_irrigation,2019,water_min,9.110329893158875,315.0,0.3409090909090909,-6.479889528730337,-5.808213677596643,,,,,9.110329893158875,315.0,0
ppo_residual,ningxia_irrigation,2019,cost_min,7.7971406848043685,305.0,0.3181818181818182,-6.790942464995772,-6.061360084393913,,,,,7.7971406848043685,305.0,0
ppo_residual,ningxia_irrigation,2019,risk_min,10.099233520304269,345.0,0.29545454545454547,-2.44535941693549,-2.1664571896265254,,,,,10.099233520304269,345.0,0
ppo_residual,ningxia_irrigation,2019,yield_vs_water,9.110329893158875,315.0,0.36363636363636365,-3.63694764365168,-3.280089267328607,,,,,9.110329893158875,315.0,0
ppo_residual,ningxia_irrigation,2019,water_vs_cost,9.110329893158875,315.0,0.36363636363636365,-7.44447286206367,-6.679237300468668,,,,,9.110329893158875,315.0,0
ppo_residual,ningxia_irrigation,2020,balanced,7.849563611413326,405.0,0.29545454545454547,-5.293221110847114,-4.831648438445261,,,,,7.849563611413326,405.0,0
ppo_residual,ningxia_irrigation,2020,yield_max,7.849563611413326,405.0,0.4090909090909091,-2.0600119439824485,-1.9241569483104408,,,,,7.849563611413326,405.0,0
ppo_residual,ningxia_irrigation,2020,water_min,7.639754921266238,410.0,0.38636363636363635,-8.462491218472161,-7.687749258565601,,,,,7.639754921266238,410.0,0
ppo_residual,ningxia_irrigation,2020,cost_min,7.772026886317837,405.0,0.36363636363636365,-8.777164002046359,-7.970939857899122,,,,,7.772026886317837,405.0,0
ppo_residual,ningxia_irrigation,2020,risk_min,9.670522188702911,450.0,0.36363636363636365,-2.3110034115341316,-2.1014821850318106,,,,,9.670522188702911,450.0,0
ppo_residual,ningxia_irrigation,2020,yield_vs_water,8.28530549681685,420.0,0.29545454545454547,-4.677161403563633,-4.292962217478987,,,,,8.28530549681685,420.0,0
ppo_residual,ningxia_irrigation,2020,water_vs_cost,8.28530549681685,420.0,0.3181818181818182,-9.835987836268288,-8.950765209361231,,,,,8.28530549681685,420.0,0
ppo_residual,ningxia_irrigation,2021,balanced,0.0,25.0,0.045454545454545456,-0.4052902945749677,-0.3952144325404613,,,,,0.0,25.0,0
ppo_residual,ningxia_irrigation,2021,yield_max,0.0,0.0,0.022727272727272728,-0.15062325322677333,-0.13854675941976538,,,,,0.0,0.0,0
ppo_residual,ningxia_irrigation,2021,water_min,0.0,25.0,0.045454545454545456,-0.525280906977075,-0.5164343103486567,,,,,0.0,25.0,0
ppo_residual,ningxia_irrigation,2021,cost_min,0.0,0.0,0.0,-0.021517607603824766,-0.01979239420282364,,,,,0.0,0.0,0
ppo_residual,ningxia_irrigation,2021,risk_min,0.0,25.0,0.045454545454545456,-0.15041815987063586,-0.14767062336949024,,,,,0.0,25.0,0
ppo_residual,ningxia_irrigation,2021,yield_vs_water,0.0,25.0,0.045454545454545456,-0.3895096400720251,-0.3766709961912016,,,,,0.0,25.0,0
ppo_residual,ningxia_irrigation,2021,water_vs_cost,0.0,0.0,0.022727272727272728,-0.021517607603824766,-0.01979239420282364,,,,,0.0,0.0,0
ppo_residual,ningxia_irrigation,2022,balanced,10.876807277656889,325.0,0.3409090909090909,-4.215297309316357,-3.9352962364571438,,,,,10.876807277656889,325.0,0
ppo_residual,ningxia_irrigation,2022,yield_max,10.982779669265913,330.0,0.36363636363636365,-1.554686004895661,-1.5062757508788072,,,,,10.982779669265913,330.0,0
ppo_residual,ningxia_irrigation,2022,water_min,10.876807277656889,325.0,0.36363636363636365,-6.731949327329084,-6.230319228681596,,,,,10.876807277656889,325.0,0
ppo_residual,ningxia_irrigation,2022,cost_min,10.665525063827717,320.0,0.29545454545454547,-7.190180417026285,-6.655246124082491,,,,,10.665525063827717,320.0,0
ppo_residual,ningxia_irrigation,2022,risk_min,11.550151116672582,350.0,0.3181818181818182,-3.215443357231815,-2.949484658723519,,,,,11.550151116672582,350.0,0
ppo_residual,ningxia_irrigation,2022,yield_vs_water,10.876807277656889,325.0,0.3409090909090909,-3.5222466366454497,-3.3077115856328176,,,,,10.876807277656889,325.0,0
ppo_residual,ningxia_irrigation,2022,water_vs_cost,10.69924653010255,320.0,0.3181818181818182,-7.495556217531877,-6.947697030427031,,,,,10.69924653010255,320.0,0
ppo_residual,beijing_plain,2018,balanced,12.971880310723403,150.0,0.13392857142857142,-1.7689768177829581,-1.2969557119713997,2.798611573568795,35.0,10.173268737154608,115.0,,,1
ppo_residual,beijing_plain,2018,yield_max,13.04228705332272,190.0,0.16071428571428573,-0.48492387996909225,-0.480350675566932,2.8109510504987685,50.0,10.231336002823952,140.0,,,1
ppo_residual,beijing_plain,2018,water_min,10.500240075567941,55.0,0.0625,-1.1769918534850583,-0.8581751049299676,2.7152962204179616,35.0,7.78494385514998,20.0,,,1
ppo_residual,beijing_plain,2018,cost_min,12.955314284454017,150.0,0.13392857142857142,-3.278547779745507,-2.296449008321569,2.7428212395089098,35.0,10.212493044945107,115.0,,,1
ppo_residual,beijing_plain,2018,risk_min,12.867255189220256,180.0,0.14285714285714285,-0.910750381235451,-0.6789411422371452,2.9061983611515627,95.0,9.961056828068694,85.0,,,1
ppo_residual,beijing_plain,2018,yield_vs_water,12.971880310723403,150.0,0.13392857142857142,-1.4605265777842584,-1.0958157938549358,2.798611573568795,35.0,10.173268737154608,115.0,,,1
ppo_residual,beijing_plain,2018,water_vs_cost,10.49951481486541,55.0,0.05357142857142857,-1.3165833373435052,-0.9651620164424948,2.7145672954979947,35.0,7.784947519367416,20.0,,,1
ppo_residual,beijing_plain,2019,balanced,10.171821862578527,450.0,0.3181818181818182,-6.9060824190607715,-5.277058098054926,1.816457549891739,375.0,8.355364312686788,75.0,,,1
ppo_residual,beijing_plain,2019,yield_max,10.584292436151463,450.0,0.3,-3.446061721448311,-2.638695816549887,1.8213354115844822,365.0,8.762957024566981,85.0,,,1
ppo_residual,beijing_plain,2019,water_min,8.33721918919707,450.0,0.20909090909090908,-9.572843444511816,-7.399296484041452,1.4792546633722268,375.0,6.857964525824843,75.0,,,1
ppo_residual,beijing_plain,2019,cost_min,10.598605521749338,450.0,0.21818181818181817,-10.183892630119507,-7.8145592063492755,1.787886500728308,360.0,8.81071902102103,90.0,,,1
ppo_residual,beijing_plain,2019,risk_min,9.293385130906387,450.0,0.4818181818181818,-2.2846731479546207,-1.8185788938887895,2.0570370550840376,450.0,7.23634807582235,0.0,,,1
ppo_residual,beijing_plain,2019,yield_vs_water,10.35106686363001,450.0,0.2818181818181818,-5.778450738625526,-4.471732115928362,1.4724643589199746,365.0,8.878602504710035,85.0,,,1
ppo_residual,beijing_plain,2019,water_vs_cost,8.825984764130105,410.0,0.14545454545454545,-9.578687816353321,-7.5548946164720485,1.2654516645233935,385.0,7.560533099606712,25.0,,,1
ppo_residual,beijing_plain,2020,balanced,13.000309135942441,220.0,0.08181818181818182,-2.6459063028307757,-2.0615220816015882,1.7516166859828362,195.0,11.248692449959606,25.0,,,1
ppo_residual,beijing_plain,2020,yield_max,13.371367614894659,250.0,0.10909090909090909,-0.7660342756991405,-0.7465466505192335,2.1012869984954157,225.0,11.270080616399243,25.0,,,1
ppo_residual,beijing_plain,2020,water_min,8.514058314465721,215.0,0.10909090909090909,-4.722466412342242,-3.3856639324905164,0.9929147556153428,90.0,7.521143558850379,125.0,,,1
ppo_residual,beijing_plain,2020,cost_min,13.151160390073493,220.0,0.08181818181818182,-4.799610284985113,-3.624237350218483,1.884429402830929,195.0,11.266730987242564,25.0,,,1
ppo_residual,beijing_plain,2020,risk_min,13.61299802066895,335.0,0.12727272727272726,-1.6928851442328814,-1.2636243809008467,2.2823960759599387,250.0,11.330601944709011,85.0,,,1
ppo_residual,beijing_plain,2020,yield_vs_water,12.521259707678215,190.0,0.09090909090909091,-1.9266208186704314,-1.5538228681535724,1.5697881841857046,165.0,10.951471523492511,25.0,,,1
ppo_residual,beijing_plain,2020,water_vs_cost,4.896788698510274,150.0,0.07272727272727272,-3.540974647928563,-2.630959108395764,0.9606495919901291,90.0,3.9361391065201454,60.0,,,1
ppo_residual,beijing_plain,2021,balanced,13.003854976185316,165.0,0.08181818181818182,-2.148742395521475,-1.6917793414758246,1.5717535592176899,140.0,11.432101416967626,25.0,,,1
ppo_residual,beijing_plain,2021,yield_max,13.221638918509935,195.0,0.18181818181818182,-0.8034671327683616,-0.7623339383064508,1.786896369103848,150.0,11.434742549406087,45.0,,,1
ppo_residual,beijing_plain,2021,water_min,11.897867217083125,70.0,0.12727272727272726,-1.6570785748432706,-1.277123536289656,0.9625515797841079,70.0,10.935315637299016,0.0,,,1
ppo_residual,beijing_plain,2021,cost_min,13.08178916052851,170.0,0.07272727272727272,-3.7432885180714326,-2.8387142064108106,1.662542481888893,145.0,11.419246678639617,25.0,,,1
ppo_residual,beijing_plain,2021,risk_min,13.354350672313648,255.0,0.2909090909090909,-1.2527577599664226,-0.9585928043665014,1.9267203568636015,200.0,11.427630315450047,55.0,,,1
ppo_residual,beijing_plain,2021,yield_vs_water,13.043941200091504,165.0,0.09090909090909091,-1.623317631556755,-1.3303486260236457,1.574537584885926,140.0,11.469403615205579,25.0,,,1
ppo_residual,beijing_plain,2021,water_vs_cost,11.913946334480386,70.0,0.13636363636363635,-1.5805550190965223,-1.2404672808480501,0.9640654696330536,70.0,10.949880864847332,0.0,,,1
ppo_residual,beijing_plain,2022,balanced,14.503320626944054,110.0,0.08035714285714286,-1.1955852886987635,-0.9544039887741206,2.992422563556008,85.0,11.510898063388046,25.0,,,1
ppo_residual,beijing_plain,2022,yield_max,14.550434357084143,135.0,0.08928571428571429,-0.10625389618556036,-0.2664115970300086,3.0417091820564064,110.0,11.508725175027736,25.0,,,1
ppo_residual,beijing_plain,2022,water_min,14.479167322862907,90.0,0.08035714285714286,-1.8539357428355954,-1.3448968191495594,2.9299033923350573,85.0,11.54926393052785,5.0,,,1
ppo_residual,beijing_plain,2022,cost_min,14.441033650206288,85.0,0.08928571428571429,-2.1141416678213365,-1.5576744948068075,2.8917697196784373,80.0,11.54926393052785,5.0,,,1
ppo_residual,beijing_plain,2022,risk_min,14.662681345802397,175.0,0.1875,-0.903389524310539,-0.6993426019532858,3.111571964524631,150.0,11.551109381277767,25.0,,,1
ppo_residual,beijing_plain,2022,yield_vs_water,14.52176643437625,110.0,0.08928571428571429,-0.8149147270722785,-0.7020965521521072,3.0112038094989737,85.0,11.510562624877275,25.0,,,1
ppo_residual,beijing_plain,2022,water_vs_cost,14.470890900445548,85.0,0.0625,-2.018646821216924,-1.4738597346643358,2.921626969917698,80.0,11.54926393052785,5.0,,,1
ppo_residual,hebei_central,2018,balanced,9.53947729276939,120.0,0.07142857142857142,-1.5188841167901121,-1.0927096793396256,4.136293367149501,10.0,5.403183925619889,110.0,,,1
ppo_residual,hebei_central,2018,yield_max,9.601770193824908,145.0,0.08035714285714286,-0.6591133210335025,-0.5726659678668867,4.219095655031738,35.0,5.38267453879317,110.0,,,1
ppo_residual,hebei_central,2018,water_min,10.782302445460287,135.0,0.08035714285714286,-2.7245708791970698,-1.84966235016604,4.140723973649164,10.0,6.641578471811123,125.0,,,1
ppo_residual,hebei_central,2018,cost_min,10.480553292483624,135.0,0.08035714285714286,-3.0347247441503886,-2.085368387829208,4.114450746262653,10.0,6.36610254622097,125.0,,,1
ppo_residual,hebei_central,2018,risk_min,12.374992370700273,260.0,0.125,-1.317095817512267,-0.9484561080184875,4.270474169428414,85.0,8.10451820127186,175.0,,,1
ppo_residual,hebei_central,2018,yield_vs_water,11.015468166178444,145.0,0.08928571428571429,-1.507607243786032,-1.1029787885868187,4.15530213087536,15.0,6.860166035303084,130.0,,,1
ppo_residual,hebei_central,2018,water_vs_cost,10.736915072683614,135.0,0.0625,-3.2412778114605465,-2.2075279704615274,4.142132233953604,10.0,6.594782838730009,125.0,,,1
ppo_residual,hebei_central,2019,balanced,14.184137789001273,420.0,0.18018018018018017,-5.163450196824354,-4.249607058217979,2.8058123579015146,395.0,11.378325431099759,25.0,,,1
ppo_residual,hebei_central,2019,yield_max,13.969353250315471,415.0,0.1891891891891892,-1.549116644684211,-1.4633799197357118,2.5910278192157126,390.0,11.378325431099759,25.0,,,1
ppo_residual,hebei_central,2019,water_min,7.427958494036668,450.0,0.3063063063063063,-10.38280922875318,-8.025207400435361,2.8435175545479474,380.0,4.5844409394887204,70.0,,,1
ppo_residual,hebei_central,2019,cost_min,14.19041236622922,430.0,0.1981981981981982,-9.175413083298013,-7.326869707856842,2.812086935129461,405.0,11.378325431099759,25.0,,,1
ppo_residual,hebei_central,2019,risk_min,14.075267632876706,450.0,0.32432432432432434,-2.239376203304723,-1.80238271220141,2.6947777677223796,425.0,11.380489865154326,25.0,,,1
ppo_residual,hebei_central,2019,yield_vs_water,14.210589943718448,415.0,0.18018018018018017,-4.315127727537437,-3.6040624065128406,2.8322645126186896,390.0,11.378325431099759,25.0,,,1
ppo_residual,hebei_central,2019,water_vs_cost,14.222183048618778,415.0,0.16216216216216217,-9.629382802481471,-7.712894262641211,2.843857617519019,390.0,11.378325431099759,25.0,,,1
ppo_residual,hebei_central,2020,balanced,15.605197072963154,205.0,0.10810810810810811,-2.225020690082682,-1.7713881196525592,4.324301762590319,120.0,11.280895310372834,85.0,,,1
ppo_residual,hebei_central,2020,yield_max,15.856735269192667,175.0,0.0990990990990991,-0.14436264738297333,-0.3396856076564577,4.43295746896133,150.0,11.423777800231337,25.0,,,1
ppo_residual,hebei_central,2020,water_min,15.170649974972532,195.0,0.11711711711711711,-3.9442542891054475,-2.8885203733196816,4.1880778005808,115.0,10.982572174391732,80.0,,,1
ppo_residual,hebei_central,2020,cost_min,15.562649113898924,200.0,0.0990990990990991,-4.305763343087751,-3.234184282401718,4.281818006636774,115.0,11.28083110726215,85.0,,,1
ppo_residual,hebei_central,2020,risk_min,16.028365610140135,220.0,0.1891891891891892,-1.0396323274146142,-0.8268114537807771,4.574844310207643,185.0,11.45352129993249,35.0,,,1
ppo_residual,hebei_central,2020,yield_vs_water,15.440663253118673,130.0,0.10810810810810811,-1.0074676538842327,-0.9084210119873154,4.189934966648478,120.0,11.250728286470196,10.0,,,1
ppo_residual,hebei_central,2020,water_vs_cost,15.170649974972532,195.0,0.11711711711711711,-4.492170955772115,-3.284808372621532,4.1880778005808,115.0,10.982572174391732,80.0,,,1
ppo_residual,hebei_central,2021,balanced,15.181539483153891,175.0,0.09174311926605505,-1.9343742898709788,-1.5823663096321363,4.292321419259517,150.0,10.889218063894374,25.0,,,1
ppo_residual,hebei_central,2021,yield_max,15.171174348365657,195.0,0.11009174311926606,-0.3906738528220033,-0.501353272241332,4.240891395688723,170.0,10.930282952676935,25.0,,,1
ppo_residual,hebei_central,2021,water_min,15.036900919093249,160.0,0.08256880733944955,-3.2321858701177666,-2.4374647426930967,4.160113048975784,135.0,10.876787870117465,25.0,,,1
ppo_residual,hebei_central,2021,cost_min,15.131491920826239,175.0,0.07339449541284404,-3.7019299684839533,-2.8454497891116644,4.193750754992211,150.0,10.937741165834028,25.0,,,1
ppo_residual,hebei_central,2021,risk_min,15.291404812548837,215.0,0.1651376146788991,-1.7332564378520168,-1.329577026615498,4.417011818819618,180.0,10.874392993729218,35.0,,,1
ppo_residual,hebei_central,2021,yield_vs_water,15.025013036602227,170.0,0.09174311926605505,-1.4728095325515773,-1.2325365133836073,4.095307099954329,145.0,10.929705936647897,25.0,,,1
ppo_residual,hebei_central,2021,water_vs_cost,15.066204914230767,160.0,0.05504587155963303,-3.6486280362040318,-2.7425594621625597,4.172491591047249,135.0,10.893713323183517,25.0,,,1
ppo_residual,hebei_central,2022,balanced,15.876398364221727,85.0,0.07207207207207207,-0.8138332536147177,-0.7068112157453464,4.402463095190214,80.0,11.473935269031513,5.0,,,1
ppo_residual,hebei_central,2022,yield_max,16.03552673059547,115.0,0.09009009009009009,0.14203314434311665,-0.11449043860904695,4.520302676370689,110.0,11.515224054224783,5.0,,,1
ppo_residual,hebei_central,2022,water_min,15.86039344478337,80.0,0.07207207207207207,-1.8247268496853066,-1.3369682169672328,4.3868440435607745,75.0,11.473549401222595,5.0,,,1
ppo_residual,hebei_central,2022,cost_min,15.299610724639766,80.0,0.06306306306306306,-1.9074410921151126,-1.431591371800147,4.399576042168998,75.0,10.900034682470768,5.0,,,1
ppo_residual,hebei_central,2022,risk_min,16.255229234072377,180.0,0.3063063063063063,-0.9036461741517252,-0.7140527083933952,4.7402917648514125,155.0,11.514937469220964,25.0,,,1
ppo_residual,hebei_central,2022,yield_vs_water,15.962648308896423,95.0,0.07207207207207207,-0.5405530812445665,-0.5381856753506621,4.447424254671639,90.0,11.515224054224783,5.0,,,1
ppo_residual,hebei_central,2022,water_vs_cost,15.282400554579464,75.0,0.05405405405405406,-1.7401661087640559,-1.2882792774621228,4.394212395450613,70.0,10.888188159128852,5.0,,,1
ppo_residual,henan_north,2018,balanced,17.449909514469223,60.0,0.06363636363636363,-0.2790642867227132,-0.3386594775988487,5.980022126154867,35.0,11.469887388314357,25.0,,,1
ppo_residual,henan_north,2018,yield_max,17.584602119500143,75.0,0.07272727272727272,0.5237318023603103,0.1469467684111636,6.114714731185787,50.0,11.469887388314357,25.0,,,1
ppo_residual,henan_north,2018,water_min,17.611524931508765,60.0,0.1,-1.1939887590562623,-0.9041271459633505,6.168559189679106,50.0,11.442965741829658,10.0,,,1
ppo_residual,henan_north,2018,cost_min,17.452273819369143,60.0,0.06363636363636363,-1.2627511859428653,-0.9747850492961193,5.9823864310547865,35.0,11.469887388314357,25.0,,,1
ppo_residual,henan_north,2018,risk_min,17.966605274978182,140.0,0.2727272727272727,-0.6565222651097167,-0.5473136541274131,6.497177837807602,95.0,11.46942743717058,45.0,,,1
ppo_residual,henan_north,2018,yield_vs_water,17.49258584169491,65.0,0.06363636363636363,-0.08365025509327695,-0.22849355137801508,6.022698453380556,40.0,11.469887388314357,25.0,,,1
ppo_residual,henan_north,2018,water_vs_cost,17.415937200085615,55.0,0.05454545454545454,-1.1875252236287952,-0.8949296446273355,5.946049811771259,30.0,11.469887388314357,25.0,,,1
ppo_residual,henan_north,2019,balanced,10.710027383761634,260.0,0.10810810810810811,-3.4203120223402896,-2.739066897121304,2.1311969868726695,235.0,8.578830396888964,25.0,,,1
ppo_residual,henan_north,2019,yield_max,7.372723594731568,325.0,0.16216216216216217,-1.6239398035098613,-1.3130828124037157,0.9352126819251522,170.0,6.437510912806416,155.0,,,1
ppo_residual,henan_north,2019,water_min,10.782299214074994,245.0,0.11711711711711711,-5.308049225037103,-4.120136340120236,2.0148251533113863,225.0,8.767474060763607,20.0,,,1
ppo_residual,henan_north,2019,cost_min,6.900371179729433,380.0,0.15315315315315314,-8.976417177933012,-6.516780881501688,1.8983579959520893,205.0,5.002013183777343,175.0,,,1
ppo_residual,henan_north,2019,risk_min,7.57486378023742,450.0,0.2882882882882883,-4.432245427834152,-3.089984581103803,3.9026930383928473,325.0,3.6721707418445733,125.0,,,1
ppo_residual,henan_north,2019,yield_vs_water,10.623397249881618,260.0,0.11711711711711711,-2.826031677470812,-2.3022181585275185,2.0375169695229385,235.0,8.58588028035868,25.0,,,1
ppo_residual,henan_north,2019,water_vs_cost,10.782299214074994,245.0,0.11711711711711711,-5.7490214472593255,-4.481715976700016,2.0148251533113863,225.0,8.767474060763607,20.0,,,1
ppo_residual,henan_north,2020,balanced,17.432967104520106,135.0,0.08256880733944955,-1.4430620343578964,-1.1287638912440778,6.774649798744453,75.0,10.658317305775654,60.0,,,1
ppo_residual,henan_north,2020,yield_max,17.433109728606116,130.0,0.08256880733944955,0.15605120866086808,-0.0980810469966813,6.837248446676919,70.0,10.595861281929196,60.0,,,1
ppo_residual,henan_north,2020,water_min,17.382716991801825,130.0,0.07339449541284404,-2.7054094117101015,-1.9029732091208116,6.742545482838071,70.0,10.640171508963755,60.0,,,1
ppo_residual,henan_north,2020,cost_min,17.333568357084342,115.0,0.07339449541284404,-2.5854003013209934,-1.8429470438093403,6.673120201938851,55.0,10.66044815514549,60.0,,,1
ppo_residual,henan_north,2020,risk_min,18.000256918287448,215.0,0.24770642201834864,-1.0504065330611194,-0.8074798799569137,7.185112997512085,135.0,10.815143920775364,80.0,,,1
ppo_residual,henan_north,2020,yield_vs_water,17.356940997195686,120.0,0.07339449541284404,-0.742703043952129,-0.6582977472912308,6.733248525868067,60.0,10.623692471327619,60.0,,,1
ppo_residual,henan_north,2020,water_vs_cost,17.318137351931036,130.0,0.06422018348623854,-2.976924159249527,-2.091028372789913,6.702221856434346,70.0,10.615915495496688,60.0,,,1
ppo_residual,henan_north,2021,balanced,16.36281377403969,200.0,0.11926605504587157,-2.381204643188371,-1.9138093429716787,5.5117428495890675,175.0,10.851070924450623,25.0,,,1
ppo_residual,henan_north,2021,yield_max,16.36281377403969,200.0,0.1559633027522936,-0.48377479224632935,-0.5814847190934136,5.5117428495890675,175.0,10.851070924450623,25.0,,,1
ppo_residual,henan_north,2021,water_min,12.471561576443852,160.0,0.12844036697247707,-3.4534731457214227,-2.621654370540813,3.9724123482084672,135.0,8.499149228235385,25.0,,,1
ppo_residual,henan_north,2021,cost_min,15.756754750704516,190.0,0.11926605504587157,-4.136664709759395,-3.1516846876693205,5.552554776716067,165.0,10.204199973988448,25.0,,,1
ppo_residual,henan_north,2021,risk_min,17.495838520863316,260.0,0.22018348623853212,-1.9139877690522846,-1.457120711888724,6.59788015231697,225.0,10.897958368546348,35.0,,,1
ppo_residual,henan_north,2021,yield_vs_water,15.756754750704516,190.0,0.12844036697247707,-1.6749902154637009,-1.4233885680570562,5.552554776716067,165.0,10.204199973988448,25.0,,,1
ppo_residual,henan_north,2021,water_vs_cost,14.784100092754716,230.0,0.13761467889908258,-5.338138593939161,-3.9080949736119424,3.8056742386641864,130.0,10.97842585409053,100.0,,,1
ppo_residual,henan_north,2022,balanced,18.018761990528603,155.0,0.08108108108108109,-1.5723716473436455,-1.2547554629692497,6.4404629436697105,130.0,11.578299046858891,25.0,,,1
ppo_residual,henan_north,2022,yield_max,17.56029515652967,150.0,0.07207207207207207,-0.03971111049281384,-0.24872402188090392,6.529035796148885,125.0,11.031259360380785,25.0,,,1
ppo_residual,henan_north,2022,water_min,18.047748471645885,145.0,0.06306306306306306,-2.897950131250832,-2.0892757559879143,6.456105087984276,120.0,11.59164338366161,25.0,,,1
ppo_residual,henan_north,2022,cost_min,17.37966236160033,145.0,0.08108108108108109,-3.3374604319264276,-2.4234430101164506,6.353627310828132,100.0,11.0260350507722,45.0,,,1
ppo_residual,henan_north,2022,risk_min,18.508941797598286,260.0,0.2972972972972973,-1.282499623161039,-0.9842693497175816,6.958520704118546,170.0,11.55042109347974,90.0,,,1
ppo_residual,henan_north,2022,yield_vs_water,18.04911716197632,160.0,0.08108108108108109,-1.1744519883274422,-1.0026751575112935,6.470818115117428,135.0,11.578299046858891,25.0,,,1
ppo_residual,henan_north,2022,water_vs_cost,17.998523070633137,135.0,0.05405405405405406,-3.079820891509796,-2.2281876440606196,6.408947550651139,110.0,11.589575519981999,25.0,,,1
ppo_residual,shaanxi_guanzhong,2018,balanced,14.649675049737233,135.0,0.10185185185185185,-1.388920627527026,-1.0107681272200235,4.651352494802447,15.0,9.998322554934786,120.0,,,1
ppo_residual,shaanxi_guanzhong,2018,yield_max,14.447993493925072,150.0,0.23148148148148148,-0.11776326016002603,-0.23790658613135074,4.65134093175602,35.0,9.79665256216905,115.0,,,1
ppo_residual,shaanxi_guanzhong,2018,water_min,14.065166284589978,120.0,0.1574074074074074,-2.348607512920449,-1.5667383316057302,4.651125742079513,10.0,9.414040542510465,110.0,,,1
ppo_residual,shaanxi_guanzhong,2018,cost_min,13.877305516803817,115.0,0.18518518518518517,-2.526564465988992,-1.7095055048929586,4.651125742079513,10.0,9.226179774724304,105.0,,,1
ppo_residual,shaanxi_guanzhong,2018,risk_min,15.817065776311843,230.0,0.37962962962962965,-1.1876820791736917,-0.8419609933741304,4.651189937751872,45.0,11.165875838559971,185.0,,,1
ppo_residual,shaanxi_guanzhong,2018,yield_vs_water,14.447993493925072,140.0,0.10185185185185185,-1.1067356620190651,-0.8525795421850323,4.65134093175602,25.0,9.79665256216905,115.0,,,1
ppo_residual,shaanxi_guanzhong,2018,water_vs_cost,13.877302277603683,115.0,0.09259259259259259,-2.699481178926518,-1.8124186124702264,4.651122503492572,10.0,9.22617977411111,105.0,,,1
ppo_residual,shaanxi_guanzhong,2019,balanced,12.090879532506317,185.0,0.10091743119266056,-2.228716826668176,-1.7253115672117283,1.783512651492062,120.0,10.307366881014255,65.0,,,1
ppo_residual,shaanxi_guanzhong,2019,yield_max,11.660499144807714,165.0,0.11009174311926606,-0.6520382837810033,-0.628680649275964,1.347500110012809,100.0,10.312999034794904,65.0,,,1
ppo_residual,shaanxi_guanzhong,2019,water_min,12.189512473593423,155.0,0.09174311926605505,-3.2683823228525197,-2.4257731628313914,1.827774121314022,90.0,10.361738352279401,65.0,,,1
ppo_residual,shaanxi_guanzhong,2019,cost_min,11.903214228522545,140.0,0.06422018348623854,-3.1329882279569263,-2.3525620959904434,1.457893528360318,75.0,10.445320700162227,65.0,,,1
ppo_residual,shaanxi_guanzhong,2019,risk_min,12.426750473678068,290.0,0.21100917431192662,-1.4717629979350664,-1.094653051512398,1.612447040702026,175.0,10.814303432976041,115.0,,,1
ppo_residual,shaanxi_guanzhong,2019,yield_vs_water,12.254711197062235,160.0,0.10091743119266056,-1.5337452216490168,-1.2483754327233538,1.8010219067442899,95.0,10.453689290317945,65.0,,,1
ppo_residual,shaanxi_guanzhong,2019,water_vs_cost,12.04665443821404,155.0,0.07339449541284404,-3.5797521410954776,-2.6673538341840097,1.713968401780452,90.0,10.332686036433588,65.0,,,1
ppo_residual,shaanxi_guanzhong,2020,balanced,16.11219292151975,40.0,0.08411214953271028,-0.10930225208638489,-0.2089031920698758,4.899278789143297,35.0,11.21291413237645,5.0,,,1
ppo_residual,shaanxi_guanzhong,2020,yield_max,16.091717568972452,65.0,0.2523364485981308,0.4252789771560127,0.09937599489544835,4.881969876826337,60.0,11.209747692146115,5.0,,,1
ppo_residual,shaanxi_guanzhong,2020,water_min,15.990980001632586,35.0,0.102803738317757,-0.6105939137038963,-0.49367277921559655,4.790443360983241,35.0,11.200536640649345,0.0,,,1
ppo_residual,shaanxi_guanzhong,2020,cost_min,15.99558429923614,40.0,0.12149532710280374,-0.9202900418003988,-0.7327585090613735,4.78584837329519,35.0,11.20973592594095,5.0,,,1
ppo_residual,shaanxi_guanzhong,2020,risk_min,16.104314177648632,80.0,0.4205607476635514,-0.36350871727591405,-0.3190791688134692,4.894807698670894,65.0,11.209506478977737,15.0,,,1
ppo_residual,shaanxi_guanzhong,2020,yield_vs_water,16.021152917606724,45.0,0.09345794392523364,0.044478271880366904,-0.1209814245242753,4.811410125391399,40.0,11.209742792215325,5.0,,,1
ppo_residual,shaanxi_guanzhong,2020,water_vs_cost,15.996822704925531,10.0,0.07476635514018691,-0.19943199647719617,-0.2212251819978484,4.790443360983241,10.0,11.20637934394229,0.0,,,1
ppo_residual,shaanxi_guanzhong,2021,balanced,16.825796733050147,15.0,0.09259259259259259,0.2417527476638473,0.03826410209121495,5.292471482073681,10.0,11.533325250976466,5.0,,,1
ppo_residual,shaanxi_guanzhong,2021,yield_max,16.82573486974421,30.0,0.24074074074074073,0.667158344303362,0.27363700063299284,5.292409618767744,25.0,11.533325250976466,5.0,,,1
ppo_residual,shaanxi_guanzhong,2021,water_min,16.829373130321432,15.0,0.09259259259259259,-0.20723919172118335,-0.2061489573779656,5.292445648636451,10.0,11.536927481684982,5.0,,,1
ppo_residual,shaanxi_guanzhong,2021,cost_min,16.825775491118343,15.0,0.08333333333333333,-0.3822704498735384,-0.3558745783820231,5.292450240141877,10.0,11.533325250976466,5.0,,,1
ppo_residual,shaanxi_guanzhong,2021,risk_min,16.826528594652324,95.0,0.49074074074074076,-0.448930794889828,-0.3762348730768983,5.292409618767744,60.0,11.534118975884581,35.0,,,1
ppo_residual,shaanxi_guanzhong,2021,yield_vs_water,16.825787402156543,15.0,0.08333333333333333,0.4261486014207419,0.15197965291763826,5.292462151180076,10.0,11.533325250976466,5.0,,,1
ppo_residual,shaanxi_guanzhong,2021,water_vs_cost,16.82940199085013,15.0,0.09259259259259259,-0.3468221127612483,-0.3075628031217653,5.292474509165149,10.0,11.536927481684982,5.0,,,1
ppo_residual,shaanxi_guanzhong,2022,balanced,12.183357243097294,35.0,0.09174311926605505,-0.1686219744538291,-0.2264512831865812,4.92989623566216,10.0,7.253461007435134,25.0,,,1
ppo_residual,shaanxi_guanzhong,2022,yield_max,12.175189513964614,50.0,0.24770642201834864,0.27212520460770684,0.028162350029219407,4.929873406293186,25.0,7.245316107671428,25.0,,,1
ppo_residual,shaanxi_guanzhong,2022,water_min,12.283660097566997,30.0,0.11009174311926606,-0.5450947632373431,-0.4313733404346313,4.929894242598742,10.0,7.353765854968256,20.0,,,1
ppo_residual,shaanxi_guanzhong,2022,cost_min,12.17546789366284,35.0,0.12844036697247707,-0.7863207658327103,-0.6223776333941806,4.929908637207731,10.0,7.245559256455111,25.0,,,1
ppo_residual,shaanxi_guanzhong,2022,risk_min,12.443434254876992,105.0,0.4036697247706422,-0.5145546054446539,-0.4077191002518539,4.92986628845617,45.0,7.513567966420823,60.0,,,1
ppo_residual,shaanxi_guanzhong,2022,yield_vs_water,12.142722826207827,40.0,0.10091743119266056,-0.06773664733997253,-0.17537116901417327,4.929889295916342,15.0,7.212833530291484,25.0,,,1
ppo_residual,shaanxi_guanzhong,2022,water_vs_cost,12.283660097566997,30.0,0.10091743119266056,-0.7075947632373432,-0.5592049743059184,4.929894242598742,10.0,7.353765854968256,20.0,,,1
ppo_residual,ningxia_irrigation,2018,balanced,11.600222663050518,315.0,0.3409090909090909,-4.03152479769259,-3.8305184812737108,,,,,11.600222663050518,315.0,1
ppo_residual,ningxia_irrigation,2018,yield_max,11.600222663050518,315.0,0.3409090909090909,-1.4194045070731502,-1.4180327331929632,,,,,11.600222663050518,315.0,1
ppo_residual,ningxia_irrigation,2018,water_min,5.646594030840249,225.0,0.29545454545454547,-4.739585106752875,-4.4799397234416665,,,,,5.646594030840249,225.0,1
ppo_residual,ningxia_irrigation,2018,cost_min,11.608566196492434,310.0,0.36363636363636365,-6.825550921350299,-6.416778183791802,,,,,11.608566196492434,310.0,1
ppo_residual,ningxia_irrigation,2018,risk_min,11.739515602109476,320.0,0.4090909090909091,-3.005286440579108,-2.851574005710682,,,,,11.739515602109476,320.0,1
ppo_residual,ningxia_irrigation,2018,yield_vs_water,11.600222663050518,315.0,0.3181818181818182,-3.3751698860046293,-3.2256984003804168,,,,,11.600222663050518,315.0,1
ppo_residual,ningxia_irrigation,2018,water_vs_cost,5.646594030840249,225.0,0.29545454545454547,-5.311112884530654,-5.028514320098412,,,,,5.646594030840249,225.0,1
ppo_residual,ningxia_irrigation,2019,balanced,8.653672890652837,320.0,0.36363636363636365,-4.0695859915524295,-3.664867373237393,,,,,8.653672890652837,320.0,1
ppo_residual,ningxia_irrigation,2019,yield_max,8.685906158410303,310.0,0.3409090909090909,-1.5002606274771042,-1.387588221761083,,,,,8.685906158410303,310.0,1
ppo_residual,ningxia_irrigation,2019,water_min,8.290595646436135,310.0,0.36363636363636365,-6.471118610936972,-5.78800232335877,,,,,8.290595646436135,310.0,1
ppo_residual,ningxia_irrigation,2019,cost_min,8.707723130551043,310.0,0.36363636363636365,-6.7919553159052155,-6.086712871143501,,,,,8.707723130551043,310.0,1
ppo_residual,ningxia_irrigation,2019,risk_min,9.51485755122269,345.0,0.36363636363636365,-1.7384155027460548,-1.5593677797472478,,,,,9.51485755122269,345.0,1
ppo_residual,ningxia_irrigation,2019,yield_vs_water,7.771115985425174,310.0,0.36363636363636365,-3.4466564610407158,-3.108692562836977,,,,,7.771115985425174,310.0,1
ppo_residual,ningxia_irrigation,2019,water_vs_cost,7.692168538931614,295.0,0.3409090909090909,-6.98299640373473,-6.256591046341544,,,,,7.692168538931614,295.0,1
ppo_residual,ningxia_irrigation,2020,balanced,7.0139983320603605,410.0,0.4090909090909091,-5.278214894743776,-4.816675236411996,,,,,7.0139983320603605,410.0,1
ppo_residual,ningxia_irrigation,2020,yield_max,8.029382495965276,425.0,0.4318181818181818,-2.0509488807825917,-1.9158192224550918,,,,,8.029382495965276,425.0,1
ppo_residual,ningxia_irrigation,2020,water_min,6.325936916721812,380.0,0.36363636363636365,-7.857710558903764,-7.1500260312747885,,,,,6.325936916721812,380.0,1
ppo_residual,ningxia_irrigation,2020,cost_min,7.734154019658088,415.0,0.4318181818181818,-8.958340990750827,-8.14881623242624,,,,,7.734154019658088,415.0,1
ppo_residual,ningxia_irrigation,2020,risk_min,8.967576419779885,440.0,0.45454545454545453,-2.9459211813607293,-2.6408623862252587,,,,,8.967576419779885,440.0,1
ppo_residual,ningxia_irrigation,2020,yield_vs_water,7.013861589873263,405.0,0.4318181818181818,-4.501245555899779,-4.125853899738406,,,,,7.013861589873263,405.0,1
ppo_residual,ningxia_irrigation,2020,water_vs_cost,8.28530549681685,420.0,0.4090909090909091,-9.835987836268288,-8.950765209361231,,,,,8.28530549681685,420.0,1
ppo_residual,ningxia_irrigation,2021,balanced,0.0,25.0,0.045454545454545456,-0.4059144027337689,-0.39839874347796134,,,,,0.0,25.0,1
ppo_residual,ningxia_irrigation,2021,yield_max,0.0,25.0,0.045454545454545456,-0.2780585381174291,-0.2670675927530989,,,,,0.0,25.0,1
ppo_residual,ningxia_irrigation,2021,water_min,0.36865117249997903,25.0,0.022727272727272728,-0.5224153252365281,-0.5094308442012749,,,,,0.36865117249997903,25.0,1
ppo_residual,ningxia_irrigation,2021,cost_min,0.0,25.0,0.045454545454545456,-0.5504369340167752,-0.5463132275361565,,,,,0.0,25.0,1
ppo_residual,ningxia_irrigation,2021,risk_min,0.0,50.0,0.06818181818181818,-0.27991010001459776,-0.26112998993943604,,,,,0.0,50.0,1
ppo_residual,ningxia_irrigation,2021,yield_vs_water,0.0,25.0,0.022727272727272728,-0.38959079935317953,-0.3794690543474516,,,,,0.0,25.0,1
ppo_residual,ningxia_irrigation,2021,water_vs_cost,0.36865117249997903,25.0,0.022727272727272728,-0.5994986585698613,-0.5846062689210859,,,,,0.36865117249997903,25.0,1
ppo_residual,ningxia_irrigation,2022,balanced,10.264939699131803,325.0,0.36363636363636365,-4.30972510716204,-4.018879347639295,,,,,10.264939699131803,325.0,1
ppo_residual,ningxia_irrigation,2022,yield_max,9.71795546747169,315.0,0.3181818181818182,-1.6089821191274472,-1.545763959439729,,,,,9.71795546747169,315.0,1
ppo_residual,ningxia_irrigation,2022,water_min,10.67840530350603,320.0,0.3409090909090909,-6.823386270641721,-6.31584677328833,,,,,10.67840530350603,320.0,1
ppo_residual,ningxia_irrigation,2022,cost_min,9.717474200594141,310.0,0.3409090909090909,-6.938389653560433,-6.4218929973232495,,,,,9.717474200594141,310.0,1
ppo_residual,ningxia_irrigation,2022,risk_min,12.219082217159766,395.0,0.5227272727272727,-2.068698174485952,-1.9037276683197495,,,,,12.219082217159766,395.0,1
ppo_residual,ningxia_irrigation,2022,yield_vs_water,8.957682137190309,295.0,0.3181818181818182,-3.2857544278016295,-3.0887149563187237,,,,,8.957682137190309,295.0,1
ppo_residual,ningxia_irrigation,2022,water_vs_cost,10.69924653010255,320.0,0.3409090909090909,-7.495556217531877,-6.947697030427031,,,,,10.69924653010255,320.0,1
ppo_residual,beijing_plain,2018,balanced,10.574580161212733,75.0,0.07142857142857142,-0.8956536950927825,-0.7484025606473277,2.755896172680119,50.0,7.818683988532613,25.0,,,2
ppo_residual,beijing_plain,2018,yield_max,13.317226567041441,250.0,0.19642857142857142,-0.8313021586706014,-0.7655218576242805,2.8821840509625605,105.0,10.43504251607888,145.0,,,2
ppo_residual,beijing_plain,2018,water_min,10.50698879305794,60.0,0.0625,-1.2757159203856587,-0.9323888033237291,2.68692101765204,35.0,7.8200677754059,25.0,,,2
ppo_residual,beijing_plain,2018,cost_min,13.46699345999972,175.0,0.125,-3.781666025710861,-2.592626423210953,2.799569083002206,35.0,10.667424376997515,140.0,,,2
ppo_residual,beijing_plain,2018,risk_min,11.827949156902452,135.0,0.08035714285714286,-0.6514883594830568,-0.5030475954340365,2.86633873891846,85.0,8.961610417983993,50.0,,,2
ppo_residual,beijing_plain,2018,yield_vs_water,13.404056543056328,195.0,0.16071428571428573,-1.8409299366808825,-1.3535466028966685,2.7358248588839564,45.0,10.66823168417237,150.0,,,2
ppo_residual,beijing_plain,2018,water_vs_cost,10.47539058543606,55.0,0.05357142857142857,-1.3168678982027997,-0.9725403063411926,2.6861081388094905,35.0,7.7892824466265695,20.0,,,2
ppo_residual,beijing_plain,2019,balanced,10.397884494353605,450.0,0.16363636363636364,-6.632833168867659,-5.100864161140796,1.521100205613949,365.0,8.876784288739655,85.0,,,2
ppo_residual,beijing_plain,2019,yield_max,8.798894309571743,435.0,0.19090909090909092,-2.1102252803812185,-1.7866742982238653,1.7267985494530882,400.0,7.072095760118655,35.0,,,2
ppo_residual,beijing_plain,2019,water_min,8.331869925694217,420.0,0.06363636363636363,-8.652469091716036,-6.808649101015371,1.3252272186474274,395.0,7.006642707046789,25.0,,,2
ppo_residual,beijing_plain,2019,cost_min,10.314851506312818,450.0,0.24545454545454545,-10.748578488382133,-8.212478385269012,1.3668356551501082,360.0,8.94801585116271,90.0,,,2
ppo_residual,beijing_plain,2019,risk_min,10.549595453377034,450.0,0.24545454545454545,-7.314464019428346,-4.997903101572327,1.7232179315530054,375.0,8.826377521824028,75.0,,,2
ppo_residual,beijing_plain,2019,yield_vs_water,10.669535092584791,450.0,0.10909090909090909,-5.592581974934191,-4.345675704404584,1.521820620533287,350.0,9.147714472051504,100.0,,,2
ppo_residual,beijing_plain,2019,water_vs_cost,8.275062159268318,450.0,0.11818181818181818,-10.676691703545883,-8.300485277076815,1.4866880720821427,375.0,6.788374087186176,75.0,,,2
ppo_residual,beijing_plain,2020,balanced,12.297382805562059,275.0,0.08181818181818182,-3.4903163197558476,-2.6093195297791256,1.7317494499570174,140.0,10.56563335560504,135.0,,,2
ppo_residual,beijing_plain,2020,yield_max,13.335464475133714,300.0,0.11818181818181818,-1.1598701065592616,-1.0093931060169137,2.0459106952371893,225.0,11.289553779896524,75.0,,,2
ppo_residual,beijing_plain,2020,water_min,6.858789046261117,240.0,0.08181818181818182,-5.0376365633335976,-3.664279383610585,1.5342053040162456,135.0,5.324583742244871,105.0,,,2
ppo_residual,beijing_plain,2020,cost_min,7.941245511127752,190.0,0.1,-4.4074039965957,-3.1058936097168073,0.7871263383417408,70.0,7.154119172786011,120.0,,,2
ppo_residual,beijing_plain,2020,risk_min,13.373796976183424,250.0,0.03636363636363636,-1.9165202531401015,-1.435304609828024,2.100137278879914,225.0,11.27365969730351,25.0,,,2
ppo_residual,beijing_plain,2020,yield_vs_water,6.978769945377596,275.0,0.07272727272727272,-3.168392022314425,-2.3986862444933448,1.8900886086471904,170.0,5.0886813367304065,105.0,,,2
ppo_residual,beijing_plain,2020,water_vs_cost,7.885776408158366,190.0,0.08181818181818182,-4.465083015989659,-3.164239121459198,0.7400835263656202,70.0,7.145692881792745,120.0,,,2
ppo_residual,beijing_plain,2021,balanced,13.119823396105165,180.0,0.10909090909090909,-2.1447245406442943,-1.6965617917095104,1.6454457626235588,155.0,11.474377633481605,25.0,,,2
ppo_residual,beijing_plain,2021,yield_max,11.880993328635405,210.0,0.1,-0.7668581850134142,-0.7284491752540521,1.7679739558789496,175.0,10.113019372756456,35.0,,,2
ppo_residual,beijing_plain,2021,water_min,12.901490606373592,155.0,0.07272727272727272,-3.266627819962977,-2.4602897082847637,1.431152533107845,130.0,11.470338073265747,25.0,,,2
ppo_residual,beijing_plain,2021,cost_min,11.970888019316858,70.0,0.10909090909090909,-1.7396161168946218,-1.324844705177228,0.9375135677080506,70.0,11.033374451608807,0.0,,,2
ppo_residual,beijing_plain,2021,risk_min,13.401112935280967,240.0,0.2,-1.1702989333920393,-0.8882746669800494,1.9154549546542614,175.0,11.485657980626705,65.0,,,2
ppo_residual,beijing_plain,2021,yield_vs_water,13.241537805760286,185.0,0.13636363636363635,-1.836327263560109,-1.5004368413262243,1.7670552125892818,160.0,11.474482593171004,25.0,,,2
ppo_residual,beijing_plain,2021,water_vs_cost,13.0699843333998,170.0,0.05454545454545454,-3.94197002699035,-2.949479128304727,1.6004919746439714,130.0,11.46949235875583,40.0,,,2
ppo_residual,beijing_plain,2022,balanced,14.550749535882414,115.0,0.10714285714285714,-1.2748126600645955,-1.049693696623394,3.0005433120759095,105.0,11.550206223806505,10.0,,,2
ppo_residual,beijing_plain,2022,yield_max,14.787761632201239,265.0,0.5,-0.8580932673701613,-0.8823314214161246,3.2357070147954383,235.0,11.5520546174058,30.0,,,2
ppo_residual,beijing_plain,2022,water_min,14.460304029162774,85.0,0.08035714285714286,-1.8555780317760142,-1.3551790730364435,2.911040098634923,80.0,11.54926393052785,5.0,,,2
ppo_residual,beijing_plain,2022,cost_min,14.463095358848465,100.0,0.03571428571428571,-2.1065414749267997,-1.549507269727677,2.9969677042205287,80.0,11.466127654627936,20.0,,,2
ppo_residual,beijing_plain,2022,risk_min,14.618344832360268,175.0,0.10714285714285714,-0.8372342601573848,-0.6481726948617951,3.066742667738337,145.0,11.551602164621931,30.0,,,2
ppo_residual,beijing_plain,2022,yield_vs_water,14.51180563378265,120.0,0.09821428571428571,-0.9321717137132888,-0.802737007188186,3.0010800095486934,95.0,11.510725624233958,25.0,,,2
ppo_residual,beijing_plain,2022,water_vs_cost,14.406347487566459,85.0,0.10714285714285714,-2.019473279898195,-1.4850102600781523,2.857077578340722,80.0,11.549269909225737,5.0,,,2
ppo_residual,hebei_central,2018,balanced,10.530061739716233,155.0,0.08035714285714286,-1.9494683478387755,-1.4276285777824143,4.186220667871261,30.0,6.343841071844972,125.0,,,2
ppo_residual,hebei_central,2018,yield_max,10.089163227478187,280.0,0.32142857142857145,-1.3977060661086522,-1.1685353934187186,4.272260897130302,160.0,5.816902330347885,120.0,,,2
ppo_residual,hebei_central,2018,water_min,9.523964047236145,120.0,0.05357142857142857,-2.4270409743281456,-1.6586681175782003,4.114462730789411,10.0,5.409501316446733,110.0,,,2
ppo_residual,hebei_central,2018,cost_min,10.523618242569501,140.0,0.07142857142857142,-3.1251727176839155,-2.174961657242777,4.178875658917509,20.0,6.344742583651992,120.0,,,2
ppo_residual,hebei_central,2018,risk_min,10.080526518554699,165.0,0.044642857142857144,-0.8451928176002945,-0.6245800663995886,4.20287887316451,45.0,5.87764764539019,120.0,,,2
ppo_residual,hebei_central,2018,yield_vs_water,10.499284086925517,145.0,0.08035714285714286,-1.5351604646527515,-1.1393166083172659,4.142247939995703,20.0,6.357036146929815,125.0,,,2
ppo_residual,hebei_central,2018,water_vs_cost,10.48110317226967,135.0,0.08035714285714286,-3.2442402432050987,-2.244190819534732,4.1139872443002545,15.0,6.367115927969415,120.0,,,2
ppo_residual,hebei_central,2019,balanced,13.968505909222262,415.0,0.09009009009009009,-4.993069806133783,-4.116768555910433,2.590180478122504,390.0,11.378325431099759,25.0,,,2
ppo_residual,hebei_central,2019,yield_max,14.193035074884172,450.0,0.3153153153153153,-1.737816704806817,-1.5805606819251523,2.8103121954657277,400.0,11.382722879418443,50.0,,,2
ppo_residual,hebei_central,2019,water_min,14.177607949711838,420.0,0.07207207207207207,-8.494963129082086,-6.794033603919469,2.79928251861208,395.0,11.378325431099759,25.0,,,2
ppo_residual,hebei_central,2019,cost_min,13.886594575934353,385.0,0.15315315315315314,-8.388770936529188,-6.766491591956618,2.5082691448345935,360.0,11.378325431099759,25.0,,,2
ppo_residual,hebei_central,2019,risk_min,14.196712069280954,425.0,0.07207207207207207,-2.108597725140432,-1.7062753009899296,2.818543536562462,400.0,11.378168532718492,25.0,,,2
ppo_residual,hebei_central,2019,yield_vs_water,13.993637288800544,415.0,0.09009009009009009,-4.278769366263216,-3.5781054237120786,2.6153118577007852,390.0,11.378325431099759,25.0,,,2
ppo_residual,hebei_central,2019,water_vs_cost,8.154716360951,450.0,0.2072072072072072,-10.695393096845113,-8.395943937858824,2.7073032882943417,360.0,5.447413072656658,90.0,,,2
ppo_residual,hebei_central,2020,balanced,15.566925640307499,205.0,0.0990990990990991,-2.326960832115681,-1.85297871203321,4.280545922055302,120.0,11.286379718252197,85.0,,,2
ppo_residual,hebei_central,2020,yield_max,15.985143329181597,210.0,0.1891891891891892,-0.3326479996303886,-0.48375944931016324,4.555845250357544,170.0,11.429298078824052,40.0,,,2
ppo_residual,hebei_central,2020,water_min,15.498707372205036,180.0,0.08108108108108109,-3.6342602254141125,-2.7245678767090897,4.221676293334144,95.0,11.277031078870893,85.0,,,2
ppo_residual,hebei_central,2020,cost_min,15.63076186523856,195.0,0.10810810810810811,-4.215194450979957,-3.080354022476898,4.209570013601168,115.0,11.421191851637392,80.0,,,2
ppo_residual,hebei_central,2020,risk_min,15.87632727997546,175.0,0.08108108108108109,-0.7953893098642094,-0.6424858631266364,4.452049642754495,150.0,11.424277637220964,25.0,,,2
ppo_residual,hebei_central,2020,yield_vs_water,15.718230133965196,210.0,0.12612612612612611,-1.8468848736680854,-1.5367904189731645,4.43185182102111,125.0,11.286378312944086,85.0,,,2
ppo_residual,hebei_central,2020,water_vs_cost,15.608097712581174,195.0,0.08108108108108109,-4.4883518257814,-3.295956915342801,4.189459112954618,115.0,11.418638599626556,80.0,,,2
ppo_residual,hebei_central,2021,balanced,15.189109788267881,190.0,0.07339449541284404,-2.13559215692436,-1.7380934072378995,4.249436596349396,165.0,10.939673191918486,25.0,,,2
ppo_residual,hebei_central,2021,yield_max,15.257657798760379,210.0,0.1834862385321101,-0.46487723037080486,-0.5662751075616329,4.380400006107436,175.0,10.877257792652943,35.0,,,2
ppo_residual,hebei_central,2021,water_min,15.120511539697372,175.0,0.09174311926605505,-3.5380306451614314,-2.679677295519675,4.23499786981028,150.0,10.885513669887093,25.0,,,2
ppo_residual,hebei_central,2021,cost_min,14.039774787056652,150.0,0.09174311926605505,-3.260139769133958,-2.432191327541033,4.215491605565097,140.0,9.824283181491555,10.0,,,2
ppo_residual,hebei_central,2021,risk_min,15.295970030209983,200.0,0.08256880733944955,-1.6289774521186593,-1.2311921968813262,4.417304163319541,175.0,10.878665866890442,25.0,,,2
ppo_residual,hebei_central,2021,yield_vs_water,15.185251573089339,195.0,0.07339449541284404,-1.7466739390890016,-1.475640211487931,4.253435428022462,170.0,10.931816145066877,25.0,,,2
ppo_residual,hebei_central,2021,water_vs_cost,13.95075833849614,135.0,0.11926605504587157,-3.126986738947432,-2.364960606947262,4.175015161060461,130.0,9.775743177435679,5.0,,,2
ppo_residual,hebei_central,2022,balanced,16.006502043038854,115.0,0.07207207207207207,-1.0882842270223012,-0.9413133346412235,4.4869969710361515,105.0,11.519505072002703,10.0,,,2
ppo_residual,hebei_central,2022,yield_max,16.188016957817343,200.0,0.5315315315315315,-0.34565602792863315,-0.5215953828221108,4.758120405399402,170.0,11.42989655241794,30.0,,,2
ppo_residual,hebei_central,2022,water_min,15.302236400696337,80.0,0.04504504504504504,-1.640742692796652,-1.2250749624090302,4.402463095190214,75.0,10.899773305506123,5.0,,,2
ppo_residual,hebei_central,2022,cost_min,15.869886487209378,90.0,0.05405405405405406,-2.0053035561373584,-1.4819943579595414,4.385491281398932,80.0,11.484395205810447,10.0,,,2
ppo_residual,hebei_central,2022,risk_min,13.197996600733628,160.0,0.0990990990990991,-0.7618948599692668,-0.613667559056135,4.631269280025117,135.0,8.56672732070851,25.0,,,2
ppo_residual,hebei_central,2022,yield_vs_water,15.967833988217972,110.0,0.04504504504504504,-0.7672974983632683,-0.7146939459352468,4.490961327272501,95.0,11.476872660945471,15.0,,,2
ppo_residual,hebei_central,2022,water_vs_cost,15.32806045340083,85.0,0.036036036036036036,-1.952268946094024,-1.4622047007353327,4.394254651445706,75.0,10.933805801955124,10.0,,,2
ppo_residual,henan_north,2018,balanced,17.482930228617626,70.0,0.05454545454545454,-0.4189073069371799,-0.46385171857878627,6.01304284030327,45.0,11.469887388314357,25.0,,,2
ppo_residual,henan_north,2018,yield_max,18.026257217496195,165.0,0.42727272727272725,0.02403226167568895,-0.2744803052939636,6.556829780325613,120.0,11.46942743717058,45.0,,,2
ppo_residual,henan_north,2018,water_min,17.42822321783998,60.0,0.05454545454545454,-1.0964286782571624,-0.8426295531430112,5.958335829525624,35.0,11.469887388314357,25.0,,,2
ppo_residual,henan_north,2018,cost_min,17.424536328421553,45.0,0.08181818181818182,-0.9144185306153878,-0.7202190307700105,5.983288587111215,35.0,11.441247741310336,10.0,,,2
ppo_residual,henan_north,2018,risk_min,17.695095911874265,110.0,0.07272727272727272,-0.45147854139508603,-0.38530704603872523,6.225183527441044,85.0,11.469912384433222,25.0,,,2
ppo_residual,henan_north,2018,yield_vs_water,17.45244678837635,70.0,0.07272727272727272,-0.1471474932780461,-0.2935166206371562,5.9825594000619935,45.0,11.469887388314357,25.0,,,2
ppo_residual,henan_north,2018,water_vs_cost,17.35465787451499,40.0,0.09090909090909091,-0.9194825175851598,-0.7518630855040465,5.911747908879192,35.0,11.4429099656358,5.0,,,2
ppo_residual,henan_north,2019,balanced,6.230877120488742,330.0,0.09009009009009009,-4.682305275138139,-3.4243155788301314,1.1406849619945092,155.0,5.090192158494233,175.0,,,2
ppo_residual,henan_north,2019,yield_max,12.466429710397712,350.0,0.13513513513513514,-1.2751723156536403,-1.1996771146679874,3.390709771997228,325.0,9.075719938400484,25.0,,,2
ppo_residual,henan_north,2019,water_min,10.709711606829142,250.0,0.10810810810810811,-5.407291532732962,-4.18925748978088,2.0148251533113863,225.0,8.694886453517755,25.0,,,2
ppo_residual,henan_north,2019,cost_min,10.782299214074994,245.0,0.11711711711711711,-5.699715891703769,-4.4250526629706775,2.0148251533113863,225.0,8.767474060763607,20.0,,,2
ppo_residual,henan_north,2019,risk_min,12.14011672053963,350.0,0.05405405405405406,-1.7351240827735894,-1.377906055124313,3.1939177455050674,325.0,8.946198975034562,25.0,,,2
ppo_residual,henan_north,2019,yield_vs_water,8.444796078046418,190.0,0.036036036036036036,-2.0927619758664,-1.7315497835491955,0.9852635303612202,165.0,7.459532547685198,25.0,,,2
ppo_residual,henan_north,2019,water_vs_cost,3.972465018780337,240.0,0.10810810810810811,-5.70186783041865,-4.442877677851336,2.0148251533113863,220.0,1.9576398654689504,20.0,,,2
ppo_residual,henan_north,2020,balanced,17.427442631428832,130.0,0.07339449541284404,-1.2844317499845361,-1.0367379973947457,6.767914965711123,70.0,10.659527665717707,60.0,,,2
ppo_residual,henan_north,2020,yield_max,18.3808530569172,220.0,0.3853211009174312,-0.195957061566846,-0.40145561099419247,7.170738154990648,130.0,11.210114901926552,90.0,,,2
ppo_residual,henan_north,2020,water_min,17.33007761915919,115.0,0.06422018348623854,-2.3104461019671945,-1.6365826997885515,6.669367569460125,55.0,10.660710049699064,60.0,,,2
ppo_residual,henan_north,2020,cost_min,17.31933714385351,120.0,0.05504587155963303,-2.5980773247173494,-1.8450578404559612,6.689622376659105,60.0,10.629714767194406,60.0,,,2
ppo_residual,henan_north,2020,risk_min,17.769607207619117,175.0,0.08256880733944955,-0.8119661617670191,-0.6399717606180948,7.129962906337348,120.0,10.63964430128177,55.0,,,2
ppo_residual,henan_north,2020,yield_vs_water,17.519705410873364,145.0,0.08256880733944955,-1.0208193665045382,-0.8675162565711714,6.888498561881805,85.0,10.631206848991557,60.0,,,2
ppo_residual,henan_north,2020,water_vs_cost,17.347173336838974,130.0,0.06422018348623854,-2.976622193066061,-2.0952248730739145,6.720521555497388,70.0,10.626651781341586,60.0,,,2
ppo_residual,henan_north,2021,balanced,15.90989815386311,190.0,0.10091743119266056,-2.274809388582162,-1.8458154265281266,5.653912587469057,165.0,10.255985566394054,25.0,,,2
ppo_residual,henan_north,2021,yield_max,17.165953145257696,235.0,0.22935779816513763,-0.4965931849973273,-0.6080652203137326,6.271832643735402,200.0,10.894120501522293,35.0,,,2
ppo_residual,henan_north,2021,water_min,15.653542589578558,195.0,0.12844036697247707,-3.9304070784448952,-2.9962271796838036,5.557281392149399,170.0,10.09626119742916,25.0,,,2
ppo_residual,henan_north,2021,cost_min,14.214821946581372,205.0,0.14678899082568808,-4.588042262419329,-3.2966974244271654,3.236648302961495,105.0,10.978173643619877,100.0,,,2
ppo_residual,henan_north,2021,risk_min,17.366817833170277,250.0,0.11926605504587157,-1.1572302419585654,-0.91184513651522,6.474634591737913,225.0,10.892183241432363,25.0,,,2
ppo_residual,henan_north,2021,yield_vs_water,14.421305556173483,195.0,0.09174311926605505,-1.7739810536465481,-1.5164269151384815,6.070845494603183,170.0,8.3504600615703,25.0,,,2
ppo_residual,henan_north,2021,water_vs_cost,14.28127446787244,150.0,0.1651376146788991,-3.4928900810807173,-2.6570314132518833,3.8001496207128813,145.0,10.481124847159558,5.0,,,2
ppo_residual,henan_north,2022,balanced,18.104122136114963,160.0,0.05405405405405406,-1.5280222551429534,-1.2565284022757828,6.525823089256073,135.0,11.578299046858891,25.0,,,2
ppo_residual,henan_north,2022,yield_max,18.5894068910409,245.0,0.4594594594594595,-0.35622544536316103,-0.5429284140685281,7.016267896459252,180.0,11.573138994581647,65.0,,,2
ppo_residual,henan_north,2022,water_min,17.958065104803552,145.0,0.06306306306306306,-2.9101699759522788,-2.11520315074905,6.379766057944662,120.0,11.578299046858891,25.0,,,2
ppo_residual,henan_north,2022,cost_min,17.11928775980862,125.0,0.04504504504504504,-2.8112347194451637,-2.068372077862562,6.410419797958706,105.0,10.708867961849913,20.0,,,2
ppo_residual,henan_north,2022,risk_min,18.438266382599313,200.0,0.06306306306306306,-0.9112511029320983,-0.721486323970771,6.859967335740421,175.0,11.578299046858891,25.0,,,2
ppo_residual,henan_north,2022,yield_vs_water,17.469198185196703,140.0,0.04504504504504504,-1.0590694362260855,-0.9246304316022462,6.485995903456074,115.0,10.983202281740628,25.0,,,2
ppo_residual,henan_north,2022,water_vs_cost,18.00788012836167,120.0,0.13513513513513514,-2.7608142031220506,-2.034415364703683,6.460443888240164,115.0,11.547436240121504,5.0,,,2
ppo_residual,shaanxi_guanzhong,2018,balanced,14.64966360599777,150.0,0.06481481481481481,-1.568087950789396,-1.1687765568560304,4.65134093175602,30.0,9.99832267424175,120.0,,,2
ppo_residual,shaanxi_guanzhong,2018,yield_max,15.122413072010747,205.0,0.5370370370370371,-0.3830896983081722,-0.4590078436820034,4.65111503742709,70.0,10.471298034583658,135.0,,,2
ppo_residual,shaanxi_guanzhong,2018,water_min,14.570257322372335,130.0,0.05555555555555555,-2.553057274089331,-1.7287629914214706,4.651352494802447,15.0,9.918904827569888,115.0,,,2
ppo_residual,shaanxi_guanzhong,2018,cost_min,14.065381420669848,130.0,0.08333333333333333,-2.795826661470492,-1.9224056936820502,4.65134093175602,20.0,9.414040488913827,110.0,,,2
ppo_residual,shaanxi_guanzhong,2018,risk_min,14.820217997217503,180.0,0.2222222222222222,-0.848316412171729,-0.6380357369873604,4.651252102372892,60.0,10.16896589484461,120.0,,,2
ppo_residual,shaanxi_guanzhong,2018,yield_vs_water,14.649663605970531,145.0,0.2037037037037037,-1.1538599384879276,-0.8896347227623465,4.65134093175602,25.0,9.99832267421451,120.0,,,2
ppo_residual,shaanxi_guanzhong,2018,water_vs_cost,14.065392567090406,125.0,0.07407407407407407,-2.9104098348043084,-1.9841263224838723,4.651352215015757,15.0,9.414040352074649,110.0,,,2
ppo_residual,shaanxi_guanzhong,2019,balanced,11.688052114979987,145.0,0.03669724770642202,-1.830051751939408,-1.4342388620804607,1.362330848489822,70.0,10.325721266490165,75.0,,,2
ppo_residual,shaanxi_guanzhong,2019,yield_max,13.89360325835054,275.0,0.1834862385321101,-0.8485903542079899,-0.8158258281489063,3.0012214646829385,175.0,10.892381793667601,100.0,,,2
ppo_residual,shaanxi_guanzhong,2019,water_min,12.16257246088865,155.0,0.05504587155963303,-3.2697871301066614,-2.4407870601043054,1.713968401780452,90.0,10.448604059108199,65.0,,,2
ppo_residual,shaanxi_guanzhong,2019,cost_min,12.189512473593423,155.0,0.05504587155963303,-3.4767156561858537,-2.5773438832749727,1.827774121314022,90.0,10.361738352279401,65.0,,,2
ppo_residual,shaanxi_guanzhong,2019,risk_min,12.53143569264666,225.0,0.11009174311926606,-1.1072202951063126,-0.8384708127889023,1.6733534096598577,125.0,10.858082282986803,100.0,,,2
ppo_residual,shaanxi_guanzhong,2019,yield_vs_water,12.180724625861663,160.0,0.09174311926605505,-1.5643604648735274,-1.2541994244684094,1.362330848489822,70.0,10.81839377737184,90.0,,,2
ppo_residual,shaanxi_guanzhong,2019,water_vs_cost,12.034340008776969,135.0,0.045871559633027525,-3.1051673119587733,-2.316604994523018,1.5753674954417909,70.0,10.458972513335178,65.0,,,2
ppo_residual,shaanxi_guanzhong,2020,balanced,16.05692329750037,30.0,0.14018691588785046,0.00770214748119169,-0.1579552525835357,4.841468811514181,25.0,11.215454485986188,5.0,,,2
ppo_residual,shaanxi_guanzhong,2020,yield_max,16.22963433189898,95.0,0.514018691588785,0.2703433684279748,-0.019172466837539814,4.921769490790867,75.0,11.30786484110811,20.0,,,2
ppo_residual,shaanxi_guanzhong,2020,water_min,15.993205581548716,40.0,0.08411214953271028,-0.7203178406309603,-0.5766784711387407,4.783469655607766,35.0,11.20973592594095,5.0,,,2
ppo_residual,shaanxi_guanzhong,2020,cost_min,16.030087364947807,20.0,0.07476635514018691,-0.40321582486060736,-0.40206462973843565,4.823708021005518,20.0,11.20637934394229,0.0,,,2
ppo_residual,shaanxi_guanzhong,2020,risk_min,16.195422455198308,75.0,0.29906542056074764,-0.29476132707432046,-0.2712410007441004,4.852118540213589,60.0,11.343303914984718,15.0,,,2
ppo_residual,shaanxi_guanzhong,2020,yield_vs_water,16.04367218784392,55.0,0.19626168224299065,-0.07090824697241249,-0.22120936333726715,4.833924495697807,50.0,11.209747692146115,5.0,,,2
ppo_residual,shaanxi_guanzhong,2020,water_vs_cost,16.001384552138166,20.0,0.07476635514018691,-0.46187829572281525,-0.4263523068201164,4.795085437828523,15.0,11.206299114309644,5.0,,,2
ppo_residual,shaanxi_guanzhong,2021,balanced,16.82577093156755,35.0,0.1574074074074074,-0.019359837817698122,-0.17795318812953798,5.292445680591085,30.0,11.533325250976466,5.0,,,2
ppo_residual,shaanxi_guanzhong,2021,yield_max,16.83278458718148,125.0,0.5462962962962963,0.13008745753867368,-0.1261084164874945,5.292409618767744,80.0,11.540374968413735,45.0,,,2
ppo_residual,shaanxi_guanzhong,2021,water_min,16.825787402156543,20.0,0.08333333333333333,-0.3169925019380738,-0.29679230729776784,5.292462151180076,15.0,11.533325250976466,5.0,,,2
ppo_residual,shaanxi_guanzhong,2021,cost_min,16.823500254882703,40.0,0.08333333333333333,-0.8336790844284159,-0.660088293878198,5.292457216259215,20.0,11.531043038623487,20.0,,,2
ppo_residual,shaanxi_guanzhong,2021,risk_min,16.83864932089618,75.0,0.24074074074074073,-0.2877142861592061,-0.27154509080186606,5.292409618767744,60.0,11.546239702128435,15.0,,,2
ppo_residual,shaanxi_guanzhong,2021,yield_vs_water,16.825737920842975,35.0,0.24074074074074073,0.19281173370787075,-0.028856080995845468,5.2924126698665095,30.0,11.533325250976466,5.0,,,2
ppo_residual,shaanxi_guanzhong,2021,water_vs_cost,16.827583693205213,20.0,0.10185185185185185,-0.45308812735664905,-0.4200179228455263,5.2924381389911455,15.0,11.535145554214068,5.0,,,2
ppo_residual,shaanxi_guanzhong,2022,balanced,12.164127614042823,50.0,0.13761467889908258,-0.3706745736135285,-0.39768213858637813,4.929876652847474,25.0,7.234250961195349,25.0,,,2
ppo_residual,shaanxi_guanzhong,2022,yield_max,12.214632706086427,95.0,0.45871559633027525,0.01755882726538649,-0.1699500752517128,4.9298633072696285,70.0,7.284769398816799,25.0,,,2
ppo_residual,shaanxi_guanzhong,2022,water_min,12.17546789366284,35.0,0.2018348623853211,-0.6446540991660439,-0.5035060595169352,4.929908637207731,10.0,7.245559256455111,25.0,,,2
ppo_residual,shaanxi_guanzhong,2022,cost_min,12.285626622793218,40.0,0.10091743119266056,-0.8756334665941662,-0.710246934669605,4.929874431087245,20.0,7.355752191705974,20.0,,,2
ppo_residual,shaanxi_guanzhong,2022,risk_min,12.196020993349446,70.0,0.24770642201834864,-0.29586628657998487,-0.2681979432075605,4.9298633072696285,45.0,7.266157686079818,25.0,,,2
ppo_residual,shaanxi_guanzhong,2022,yield_vs_water,12.186295170891128,50.0,0.1743119266055046,-0.18252751354265873,-0.27818026928275286,4.929880581819876,25.0,7.2564145890712535,25.0,,,2
ppo_residual,shaanxi_guanzhong,2022,water_vs_cost,12.285243011782931,35.0,0.10091743119266056,-0.8138311561086831,-0.6607602433220287,4.929890652346026,15.0,7.355352359436905,20.0,,,2
ppo_residual,ningxia_irrigation,2018,balanced,11.791309822640198,320.0,0.22727272727272727,-4.086257575267887,-3.879839936471265,,,,,11.791309822640198,320.0,2
ppo_residual,ningxia_irrigation,2018,yield_max,11.791309822640198,320.0,0.3409090909090909,-1.4342840900521405,-1.4317858199688187,,,,,11.791309822640198,320.0,2
ppo_residual,ningxia_irrigation,2018,water_min,11.791309822640198,320.0,0.20454545454545456,-6.604897727150302,-6.202744528574966,,,,,11.791309822640198,320.0,2
ppo_residual,ningxia_irrigation,2018,cost_min,5.646594030840249,225.0,0.2727272727272727,-5.097918440086209,-4.818912465497796,,,,,5.646594030840249,225.0,2
ppo_residual,ningxia_irrigation,2018,risk_min,9.997323340058017,245.0,0.1590909090909091,-1.2190902927176637,-1.1623822900485623,,,,,9.997323340058017,245.0,2
ppo_residual,ningxia_irrigation,2018,yield_vs_water,11.791309822640198,320.0,0.20454545454545456,-3.4244886357515276,-3.2701536944549163,,,,,11.791309822640198,320.0,2
ppo_residual,ningxia_irrigation,2018,water_vs_cost,5.646594030840249,225.0,0.22727272727272727,-5.311112884530654,-5.028514320098412,,,,,5.646594030840249,225.0,2
ppo_residual,ningxia_irrigation,2019,balanced,8.883765552244935,315.0,0.09090909090909091,-3.9927623632523286,-3.603235214457367,,,,,8.883765552244935,315.0,2
ppo_residual,ningxia_irrigation,2019,yield_max,9.568882756553137,335.0,0.22727272727272727,-1.5918539468399564,-1.4672307615137756,,,,,9.568882756553137,335.0,2
ppo_residual,ningxia_irrigation,2019,water_min,7.9293756596433305,315.0,0.20454545454545456,-6.332053053821716,-5.6523288233012,,,,,7.9293756596433305,315.0,2
ppo_residual,ningxia_irrigation,2019,cost_min,7.771115985425174,310.0,0.3181818181818182,-6.85099795887481,-6.109582763602062,,,,,7.771115985425174,310.0,2
ppo_residual,ningxia_irrigation,2019,risk_min,11.542967383424584,425.0,0.1590909090909091,-2.2150959187664223,-1.9884048902410134,,,,,11.542967383424584,425.0,2
ppo_residual,ningxia_irrigation,2019,yield_vs_water,8.883765552244935,315.0,0.09090909090909091,-3.498939065176521,-3.165869555010191,,,,,8.883765552244935,315.0,2
ppo_residual,ningxia_irrigation,2019,water_vs_cost,7.771115985425174,310.0,0.20454545454545456,-7.252386847763699,-6.479496193639947,,,,,7.771115985425174,310.0,2
ppo_residual,ningxia_irrigation,2020,balanced,7.806407968156018,420.0,0.1590909090909091,-5.3758293759197,-4.910444227097867,,,,,7.806407968156018,420.0,2
ppo_residual,ningxia_irrigation,2020,yield_max,8.029382495965276,440.0,0.4318181818181818,-2.1328933252270366,-1.9832129789323922,,,,,8.029382495965276,440.0,2
ppo_residual,ningxia_irrigation,2020,water_min,7.806407968156018,420.0,0.1590909090909091,-8.548124010646596,-7.765679240164572,,,,,7.806407968156018,420.0,2
ppo_residual,ningxia_irrigation,2020,cost_min,6.798590726489624,405.0,0.4090909090909091,-8.784028209107374,-7.968793562744493,,,,,6.798590726489624,405.0,2
ppo_residual,ningxia_irrigation,2020,risk_min,8.638597769769158,450.0,0.29545454545454547,-3.0066696399719532,-2.7122164802732116,,,,,8.638597769769158,450.0,2
ppo_residual,ningxia_irrigation,2020,yield_vs_water,7.0139983320603605,410.0,0.20454545454545456,-4.5567963962075035,-4.171770382522426,,,,,7.0139983320603605,410.0,2
ppo_residual,ningxia_irrigation,2020,water_vs_cost,7.050308586601328,405.0,0.20454545454545456,-9.476005277925415,-8.614368875992556,,,,,7.050308586601328,405.0,2
ppo_residual,ningxia_irrigation,2021,balanced,0.0,25.0,0.022727272727272728,-0.4059144027337689,-0.39839874347796134,,,,,0.0,25.0,2
ppo_residual,ningxia_irrigation,2021,yield_max,0.0,25.0,0.045454545454545456,-0.2780585381174291,-0.2670675927530989,,,,,0.0,25.0,2
ppo_residual,ningxia_irrigation,2021,water_min,0.0,25.0,0.022727272727272728,-0.5254181598706358,-0.5189299983694903,,,,,0.0,25.0,2
ppo_residual,ningxia_irrigation,2021,cost_min,0.0,0.0,0.0,-0.021517607603824766,-0.01979239420282364,,,,,0.0,0.0,2
ppo_residual,ningxia_irrigation,2021,risk_min,0.0,25.0,0.022727272727272728,-0.15041815987063586,-0.14767062336949024,,,,,0.0,25.0,2
ppo_residual,ningxia_irrigation,2021,yield_vs_water,0.0,25.0,0.022727272727272728,-0.38968467008387797,-0.380878637680785,,,,,0.0,25.0,2
ppo_residual,ningxia_irrigation,2021,water_vs_cost,0.0,0.0,0.0,-0.021517607603824766,-0.01979239420282364,,,,,0.0,0.0,2
ppo_residual,ningxia_irrigation,2022,balanced,10.265417864460229,330.0,0.22727272727272727,-4.369434138616582,-4.069232771210898,,,,,10.265417864460229,330.0,2
ppo_residual,ningxia_irrigation,2022,yield_max,11.214333132058616,405.0,0.4318181818181818,-1.846593866866971,-1.7485664425493386,,,,,11.214333132058616,405.0,2
ppo_residual,ningxia_irrigation,2022,water_min,10.20047598790156,345.0,0.1590909090909091,-7.120020254717507,-6.551181860703284,,,,,10.20047598790156,345.0,2
ppo_residual,ningxia_irrigation,2022,cost_min,11.111965319322122,345.0,0.36363636363636365,-7.716517777143412,-7.109468369819824,,,,,11.111965319322122,345.0,2
ppo_residual,ningxia_irrigation,2022,risk_min,11.735371964084184,430.0,0.3181818181818182,-2.9259127055898646,-2.6966640514076747,,,,,11.735371964084184,430.0,2
ppo_residual,ningxia_irrigation,2022,yield_vs_water,10.689439540734679,350.0,0.25,-3.8076269836465344,-3.5521928028556475,,,,,10.689439540734679,350.0,2
ppo_residual,ningxia_irrigation,2022,water_vs_cost,10.665525063827717,320.0,0.25,-7.495735972581844,-6.948877483237665,,,,,10.665525063827717,320.0,2
