site_id,date,temperature_2m_max,temperature_2m_min,precipitation_sum,et0_fao_evapotranspiration,shortwave_radiation_sum,wind_speed_10m_max,relative_humidity_2m_mean
shaanxi_guanzhong,1981-01-01,3.9,-4.3,0.0,1.27,11.91,8.3,49
shaanxi_guanzhong,1981-01-02,3.6,-6.1,0.0,1.38,11.53,8.9,37
shaanxi_guanzhong,1981-01-03,6.0,-4.1,0.0,1.31,11.26,7.9,47
shaanxi_guanzhong,1981-01-04,4.9,-3.4,0.0,1.19,9.17,8.7,52
shaanxi_guanzhong,1981-01-05,-0.4,-3.3,1.4,0.69,5.45,10.3,69
shaanxi_guanzhong,1981-01-06,-0.5,-4.0,1.4,0.55,5.26,6.1,78
shaanxi_guanzhong,1981-01-07,1.5,-4.7,0.2,0.86,9.16,5.9,78
shaanxi_guanzhong,1981-01-08,4.3,-2.9,0.0,0.82,7.26,4.0,74
shaanxi_guanzhong,1981-01-09,5.5,-3.7,0.4,1.26,11.25,7.9,65
shaanxi_guanzhong,1981-01-10,4.4,-6.4,0.0,1.31,12.95,7.9,51
shaanxi_guanzhong,1981-01-11,6.4,-6.4,0.0,1.38,13.06,4.7,53
shaanxi_guanzhong,1981-01-12,8.0,-6.0,0.0,1.45,12.94,3.9,56
shaanxi_guanzhong,1981-01-13,10.6,-5.6,0.0,1.48,11.87,4.8,53
shaanxi_guanzhong,1981-01-14,13.0,-2.7,0.0,1.7,13.28,7.0,60
shaanxi_guanzhong,1981-01-15,6.5,-2.7,0.0,1.48,13.15,7.4,48
shaanxi_guanzhong,1981-01-16,5.1,-2.8,0.0,1.44,11.8,9.4,43
shaanxi_guanzhong,1981-01-17,8.8,-3.1,0.0,1.47,12.5,5.5,54
shaanxi_guanzhong,1981-01-18,6.7,-4.5,0.0,1.27,10.66,8.7,65
shaanxi_guanzhong,1981-01-19,7.0,-5.8,0.0,1.56,12.97,10.5,59
shaanxi_guanzhong,1981-01-20,1.5,-1.2,3.9,0.62,4.76,7.7,77
shaanxi_guanzhong,1981-01-21,2.0,-2.2,0.0,0.8,7.64,13.7,80
shaanxi_guanzhong,1981-01-22,-0.6,-3.5,3.7,0.64,5.32,13.6,79
shaanxi_guanzhong,1981-01-23,0.1,-4.2,2.2,0.85,9.1,9.2,76
shaanxi_guanzhong,1981-01-24,-2.3,-6.7,0.0,1.02,12.09,7.4,63
shaanxi_guanzhong,1981-01-25,-5.5,-7.3,0.2,0.59,7.54,5.2,68
shaanxi_guanzhong,1981-01-26,-5.4,-10.9,0.0,0.78,12.24,9.5,67
shaanxi_guanzhong,1981-01-27,-3.1,-8.7,0.0,0.96,13.71,7.8,57
shaanxi_guanzhong,1981-01-28,-0.5,-8.1,0.0,1.19,14.8,5.8,61
shaanxi_guanzhong,1981-01-29,-0.2,-7.7,0.0,0.9,9.71,3.3,65
shaanxi_guanzhong,1981-01-30,1.8,-8.3,0.0,1.17,12.52,4.5,68
shaanxi_guanzhong,1981-01-31,5.9,-5.5,0.0,1.63,15.31,6.6,57
shaanxi_guanzhong,1981-02-01,5.5,-6.2,0.0,1.68,15.24,8.2,50
shaanxi_guanzhong,1981-02-02,6.4,-5.9,0.0,1.73,15.1,6.9,51
shaanxi_guanzhong,1981-02-03,6.8,-6.0,0.0,1.73,15.1,11.9,52
shaanxi_guanzhong,1981-02-04,6.2,-2.7,0.0,1.46,13.17,10.2,64
shaanxi_guanzhong,1981-02-05,6.4,-1.7,0.0,1.29,11.16,4.9,66
shaanxi_guanzhong,1981-02-06,9.9,-3.1,0.0,2.04,15.91,8.9,57
shaanxi_guanzhong,1981-02-07,6.8,-2.0,0.0,1.19,8.7,7.4,58
shaanxi_guanzhong,1981-02-08,10.0,-2.4,0.0,2.1,16.23,12.0,50
shaanxi_guanzhong,1981-02-09,4.6,-4.0,0.0,1.24,9.12,7.8,44
shaanxi_guanzhong,1981-02-10,9.2,-4.1,0.0,1.99,16.4,4.4,52
shaanxi_guanzhong,1981-02-11,12.5,-2.1,0.0,2.06,15.76,8.4,57
shaanxi_guanzhong,1981-02-12,10.2,-1.2,0.0,1.1,7.46,3.6,71
shaanxi_guanzhong,1981-02-13,14.1,-2.8,0.0,2.32,16.6,8.6,66
shaanxi_guanzhong,1981-02-14,14.6,-0.6,0.0,2.17,15.38,7.3,62
shaanxi_guanzhong,1981-02-15,6.2,2.0,12.8,0.43,2.31,10.2,86
shaanxi_guanzhong,1981-02-16,5.3,0.4,2.9,0.81,6.1,12.1,83
shaanxi_guanzhong,1981-02-17,8.8,-1.0,1.0,1.77,15.43,11.0,72
shaanxi_guanzhong,1981-02-18,7.1,-0.7,1.9,1.0,7.57,6.1,81
shaanxi_guanzhong,1981-02-19,8.3,-0.4,0.6,1.43,9.35,12.3,68
shaanxi_guanzhong,1981-02-20,8.4,-4.5,0.0,2.27,17.53,9.9,42
shaanxi_guanzhong,1981-02-21,10.1,-0.7,0.0,1.73,12.84,7.9,58
shaanxi_guanzhong,1981-02-22,9.9,-1.5,0.0,1.36,9.76,6.7,74
shaanxi_guanzhong,1981-02-23,5.5,-2.3,0.3,1.22,6.72,16.2,53
shaanxi_guanzhong,1981-02-24,3.4,-3.1,0.0,1.54,12.94,4.9,31
shaanxi_guanzhong,1981-02-25,3.3,-5.4,0.0,2.09,19.37,8.6,29
shaanxi_guanzhong,1981-02-26,4.3,-5.5,0.5,1.91,13.6,15.1,36
shaanxi_guanzhong,1981-02-27,7.9,-3.3,0.0,2.09,16.91,13.2,52
shaanxi_guanzhong,1981-02-28,7.3,-1.3,0.2,1.46,11.8,6.2,59
shaanxi_guanzhong,1981-03-01,10.4,-1.5,0.1,2.08,15.15,14.1,62
shaanxi_guanzhong,1981-03-02,7.7,-0.2,0.1,1.38,10.67,9.3,69
shaanxi_guanzhong,1981-03-03,10.7,-0.4,0.0,2.01,13.1,10.5,57
shaanxi_guanzhong,1981-03-04,12.7,-1.9,0.0,2.7,20.02,5.8,49
shaanxi_guanzhong,1981-03-05,10.6,-1.0,0.0,1.72,11.5,8.3,56
shaanxi_guanzhong,1981-03-06,13.4,-2.0,0.0,2.83,20.45,6.9,48
shaanxi_guanzhong,1981-03-07,17.0,-0.2,0.0,3.05,16.72,13.0,53
shaanxi_guanzhong,1981-03-08,14.3,1.4,0.0,2.84,15.18,14.9,35
shaanxi_guanzhong,1981-03-09,15.6,-0.2,0.0,2.65,16.88,9.1,39
shaanxi_guanzhong,1981-03-10,16.8,4.5,0.0,2.73,17.32,9.0,49
shaanxi_guanzhong,1981-03-11,16.3,5.1,0.0,2.61,16.53,9.2,60
shaanxi_guanzhong,1981-03-12,16.3,7.1,0.3,2.3,14.34,5.8,56
shaanxi_guanzhong,1981-03-13,18.7,5.3,0.0,2.72,15.36,7.9,54
shaanxi_guanzhong,1981-03-14,14.3,4.3,0.0,2.7,16.63,7.2,32
shaanxi_guanzhong,1981-03-15,16.2,3.4,0.0,3.03,18.07,11.2,33
shaanxi_guanzhong,1981-03-16,17.5,4.4,0.0,2.94,18.41,6.6,54
shaanxi_guanzhong,1981-03-17,18.9,4.2,0.0,2.84,16.82,5.8,61
shaanxi_guanzhong,1981-03-18,21.2,4.0,0.0,3.67,21.49,5.4,55
shaanxi_guanzhong,1981-03-19,18.8,5.8,2.7,2.11,11.35,11.2,66
shaanxi_guanzhong,1981-03-20,21.0,3.0,0.0,3.96,22.64,14.1,61
shaanxi_guanzhong,1981-03-21,18.9,8.7,0.0,2.74,15.79,8.8,62
shaanxi_guanzhong,1981-03-22,22.0,8.0,0.0,3.85,20.43,15.1,64
shaanxi_guanzhong,1981-03-23,14.4,6.8,12.4,0.82,3.26,15.8,84
shaanxi_guanzhong,1981-03-24,15.5,5.3,0.2,3.67,21.33,18.5,49
shaanxi_guanzhong,1981-03-25,15.4,2.8,0.0,3.63,23.67,7.9,33
shaanxi_guanzhong,1981-03-26,18.6,4.3,0.0,3.76,22.87,12.2,42
shaanxi_guanzhong,1981-03-27,12.5,6.8,3.3,1.04,5.17,8.7,68
shaanxi_guanzhong,1981-03-28,15.1,3.5,0.0,2.21,12.11,5.9,54
shaanxi_guanzhong,1981-03-29,14.8,2.0,0.0,2.54,15.79,10.2,57
shaanxi_guanzhong,1981-03-30,17.6,4.4,0.0,3.19,19.68,10.1,64
shaanxi_guanzhong,1981-03-31,14.4,4.9,0.6,1.7,10.78,10.2,77
shaanxi_guanzhong,1981-04-01,13.7,8.3,0.9,1.76,11.16,5.5,75
shaanxi_guanzhong,1981-04-02,9.8,6.6,7.3,0.91,5.29,16.5,84
shaanxi_guanzhong,1981-04-03,9.9,5.1,2.5,1.02,6.34,6.9,85
shaanxi_guanzhong,1981-04-04,16.8,2.2,0.0,3.15,20.86,6.6,73
shaanxi_guanzhong,1981-04-05,20.4,5.2,0.0,3.02,17.47,4.8,68
shaanxi_guanzhong,1981-04-06,21.0,5.7,0.0,3.53,18.62,12.9,66
shaanxi_guanzhong,1981-04-07,14.2,10.0,6.2,1.33,5.56,9.7,74
shaanxi_guanzhong,1981-04-08,17.8,7.1,0.0,2.55,15.82,6.4,76
shaanxi_guanzhong,1981-04-09,19.5,5.0,0.0,2.98,17.83,7.3,73
shaanxi_guanzhong,1981-04-10,21.1,9.7,0.6,3.49,20.04,6.5,68
shaanxi_guanzhong,1981-04-11,22.6,7.6,0.0,3.59,19.37,10.1,67
shaanxi_guanzhong,1981-04-12,22.6,7.7,0.0,4.42,25.14,7.4,54
shaanxi_guanzhong,1981-04-13,19.4,8.3,2.4,2.58,14.69,14.4,71
shaanxi_guanzhong,1981-04-14,14.5,7.7,12.0,2.1,13.22,11.1,76
shaanxi_guanzhong,1981-04-15,22.0,5.6,0.0,4.09,24.05,8.0,74
shaanxi_guanzhong,1981-04-16,20.4,12.7,0.0,2.46,12.73,7.7,63
shaanxi_guanzhong,1981-04-17,15.2,12.4,10.4,1.03,4.81,9.4,85
shaanxi_guanzhong,1981-04-18,19.2,11.0,1.2,2.74,15.2,9.7,75
shaanxi_guanzhong,1981-04-19,15.5,10.5,7.2,1.37,6.89,5.9,74
shaanxi_guanzhong,1981-04-20,17.5,9.8,4.6,2.7,16.35,10.8,77
shaanxi_guanzhong,1981-04-21,21.6,7.0,0.0,4.29,25.07,9.4,65
shaanxi_guanzhong,1981-04-22,24.1,7.7,0.0,4.59,26.19,9.3,66
shaanxi_guanzhong,1981-04-23,24.3,10.4,3.2,4.07,19.39,20.7,65
shaanxi_guanzhong,1981-04-24,17.3,7.5,0.0,4.04,23.96,10.3,49
shaanxi_guanzhong,1981-04-25,19.2,5.4,0.0,3.22,19.59,3.8,54
shaanxi_guanzhong,1981-04-26,23.1,7.4,0.0,4.2,23.9,4.7,61
shaanxi_guanzhong,1981-04-27,26.8,9.4,0.0,5.09,25.07,12.5,55
shaanxi_guanzhong,1981-04-28,21.5,9.5,0.0,3.36,15.38,12.4,47
shaanxi_guanzhong,1981-04-29,23.6,7.3,0.0,4.81,27.42,6.0,43
shaanxi_guanzhong,1981-04-30,22.9,11.8,2.2,3.51,18.96,10.1,63
shaanxi_guanzhong,1981-05-01,29.3,10.2,0.0,5.88,26.62,16.6,53
shaanxi_guanzhong,1981-05-02,16.9,6.8,0.0,5.51,26.87,20.6,18
shaanxi_guanzhong,1981-05-03,20.0,3.6,0.0,3.78,21.5,9.4,36
shaanxi_guanzhong,1981-05-04,24.0,5.9,0.0,4.88,27.13,6.8,45
shaanxi_guanzhong,1981-05-05,27.2,7.9,0.0,5.6,28.16,10.1,46
shaanxi_guanzhong,1981-05-06,32.4,10.5,0.0,6.02,27.9,10.5,46
shaanxi_guanzhong,1981-05-07,34.3,16.1,0.0,6.08,27.59,10.7,51
shaanxi_guanzhong,1981-05-08,34.2,17.4,0.0,5.62,25.41,15.5,56
shaanxi_guanzhong,1981-05-09,30.8,20.1,8.5,4.76,21.4,14.3,65
shaanxi_guanzhong,1981-05-10,25.5,13.9,8.9,3.44,16.79,9.4,73
shaanxi_guanzhong,1981-05-11,17.8,10.1,0.0,4.26,22.68,12.1,35
shaanxi_guanzhong,1981-05-12,21.0,12.7,0.2,3.64,18.72,9.3,42
shaanxi_guanzhong,1981-05-13,16.0,13.2,4.7,1.05,4.85,6.4,74
shaanxi_guanzhong,1981-05-14,23.6,9.0,0.0,4.69,25.37,8.8,63
shaanxi_guanzhong,1981-05-15,23.1,11.9,0.0,5.81,29.67,16.2,37
shaanxi_guanzhong,1981-05-16,24.5,7.5,0.0,5.32,29.39,6.0,40
shaanxi_guanzhong,1981-05-17,27.3,9.3,0.0,4.83,23.74,9.0,49
shaanxi_guanzhong,1981-05-18,22.6,14.2,0.0,4.26,22.0,8.0,35
shaanxi_guanzhong,1981-05-19,23.8,10.8,0.0,4.37,23.0,7.9,50
shaanxi_guanzhong,1981-05-20,23.0,12.7,0.3,3.83,20.76,7.4,58
shaanxi_guanzhong,1981-05-21,20.3,12.7,3.2,2.86,15.94,6.1,74
shaanxi_guanzhong,1981-05-22,24.2,11.7,1.0,4.68,25.84,6.2,66
shaanxi_guanzhong,1981-05-23,26.9,9.8,0.0,5.17,27.63,6.6,62
shaanxi_guanzhong,1981-05-24,28.5,13.2,0.0,5.1,24.65,10.0,57
shaanxi_guanzhong,1981-05-25,28.9,16.6,0.0,5.03,25.65,5.4,59
shaanxi_guanzhong,1981-05-26,29.1,16.4,0.8,4.31,20.57,7.9,61
shaanxi_guanzhong,1981-05-27,28.4,16.0,0.0,5.95,28.08,13.3,43
shaanxi_guanzhong,1981-05-28,21.2,15.2,0.4,2.17,8.5,10.4,49
shaanxi_guanzhong,1981-05-29,25.7,14.5,0.0,3.79,18.68,7.0,55
shaanxi_guanzhong,1981-05-30,30.4,12.0,0.0,5.87,29.17,6.9,42
shaanxi_guanzhong,1981-05-31,29.3,15.7,0.0,5.11,22.59,8.5,41
shaanxi_guanzhong,1981-06-01,28.9,14.7,0.0,5.32,26.04,7.2,47
shaanxi_guanzhong,1981-06-02,23.3,17.6,0.6,2.78,9.99,15.4,53
shaanxi_guanzhong,1981-06-03,20.6,14.8,5.0,1.95,9.58,7.1,74
shaanxi_guanzhong,1981-06-04,27.5,11.7,0.0,5.61,28.81,9.0,63
shaanxi_guanzhong,1981-06-05,30.2,13.6,0.0,5.77,28.12,8.8,51
shaanxi_guanzhong,1981-06-06,28.8,14.7,0.0,3.94,18.49,7.1,46
shaanxi_guanzhong,1981-06-07,22.7,18.1,3.9,1.54,6.14,7.3,70
shaanxi_guanzhong,1981-06-08,26.9,17.5,1.6,3.75,18.65,7.4,69
shaanxi_guanzhong,1981-06-09,30.8,17.3,0.0,5.36,25.93,5.9,54
shaanxi_guanzhong,1981-06-10,30.4,18.9,0.8,5.32,24.93,15.5,54
shaanxi_guanzhong,1981-06-11,26.0,17.9,3.4,4.57,23.27,9.7,62
shaanxi_guanzhong,1981-06-12,31.7,16.0,0.0,6.28,29.44,11.4,52
shaanxi_guanzhong,1981-06-13,33.2,19.4,0.0,6.13,28.19,9.0,47
shaanxi_guanzhong,1981-06-14,35.7,20.8,0.0,6.79,29.44,9.8,41
shaanxi_guanzhong,1981-06-15,34.3,21.1,0.0,5.37,22.99,8.3,43
shaanxi_guanzhong,1981-06-16,34.3,22.4,0.0,6.05,22.18,16.1,43
shaanxi_guanzhong,1981-06-17,32.6,23.3,0.0,4.76,19.1,10.3,51
shaanxi_guanzhong,1981-06-18,34.4,23.4,0.0,5.63,24.97,6.3,46
shaanxi_guanzhong,1981-06-19,34.3,24.2,0.0,5.07,21.91,8.6,50
shaanxi_guanzhong,1981-06-20,31.7,23.0,8.6,3.98,17.03,13.8,70
shaanxi_guanzhong,1981-06-21,32.5,20.1,0.0,5.63,26.38,7.1,59
shaanxi_guanzhong,1981-06-22,26.7,19.0,2.4,2.06,5.97,8.4,58
shaanxi_guanzhong,1981-06-23,25.9,18.6,5.0,2.8,13.63,4.1,72
shaanxi_guanzhong,1981-06-24,24.8,19.0,16.9,2.81,14.12,6.5,79
shaanxi_guanzhong,1981-06-25,30.1,13.9,0.0,5.69,28.71,6.1,65
shaanxi_guanzhong,1981-06-26,33.4,18.3,3.7,5.5,25.97,8.7,65
shaanxi_guanzhong,1981-06-27,30.4,20.7,0.3,4.96,23.85,6.8,59
shaanxi_guanzhong,1981-06-28,31.5,16.5,0.0,5.96,27.82,9.0,53
shaanxi_guanzhong,1981-06-29,30.4,19.2,8.6,4.38,19.91,7.7,62
shaanxi_guanzhong,1981-06-30,31.5,21.2,2.4,4.88,22.02,9.6,65
shaanxi_guanzhong,1981-07-01,32.0,20.6,0.0,5.34,24.05,10.4,61
shaanxi_guanzhong,1981-07-02,32.3,20.4,14.7,3.94,17.43,12.6,74
shaanxi_guanzhong,1981-07-03,23.5,21.4,100.7,0.85,3.22,13.0,93
shaanxi_guanzhong,1981-07-04,23.9,19.4,23.7,1.92,7.96,12.4,82
shaanxi_guanzhong,1981-07-05,21.6,19.0,41.0,1.06,4.74,4.8,93
shaanxi_guanzhong,1981-07-06,28.7,19.0,3.6,3.03,14.85,8.8,87
shaanxi_guanzhong,1981-07-07,29.8,22.8,7.2,3.92,19.04,9.0,86
shaanxi_guanzhong,1981-07-08,27.5,22.6,0.0,3.01,13.28,8.3,74
shaanxi_guanzhong,1981-07-09,24.7,21.2,2.7,2.07,9.61,4.7,79
shaanxi_guanzhong,1981-07-10,21.8,19.7,15.4,1.04,4.62,4.9,93
shaanxi_guanzhong,1981-07-11,24.9,20.1,3.4,2.38,11.24,12.3,85
shaanxi_guanzhong,1981-07-12,26.3,20.2,1.4,2.87,13.64,14.0,81
shaanxi_guanzhong,1981-07-13,22.9,18.9,19.8,0.96,3.6,17.2,90
shaanxi_guanzhong,1981-07-14,18.8,17.6,28.7,0.86,2.73,10.5,87
shaanxi_guanzhong,1981-07-15,24.2,16.7,6.0,3.49,18.25,6.8,80
shaanxi_guanzhong,1981-07-16,27.7,15.0,0.0,5.28,27.84,8.1,78
shaanxi_guanzhong,1981-07-17,28.4,18.2,0.0,4.93,25.53,6.8,80
shaanxi_guanzhong,1981-07-18,28.1,21.3,3.9,3.81,18.93,9.5,81
shaanxi_guanzhong,1981-07-19,29.8,22.4,0.8,3.47,16.44,10.4,81
shaanxi_guanzhong,1981-07-20,30.1,22.0,2.5,4.34,21.19,9.3,81
shaanxi_guanzhong,1981-07-21,31.2,22.1,0.0,5.76,28.53,8.4,75
shaanxi_guanzhong,1981-07-22,31.5,19.9,0.0,5.58,27.42,5.9,76
shaanxi_guanzhong,1981-07-23,31.8,21.4,0.0,5.27,24.96,7.6,74
shaanxi_guanzhong,1981-07-24,31.0,22.5,13.4,4.82,23.27,8.7,75
shaanxi_guanzhong,1981-07-25,29.1,22.3,1.7,3.63,17.32,7.4,77
shaanxi_guanzhong,1981-07-26,31.2,20.6,0.0,5.03,24.35,7.4,73
shaanxi_guanzhong,1981-07-27,32.5,21.6,0.0,4.83,22.69,7.4,70
shaanxi_guanzhong,1981-07-28,32.3,22.9,1.2,4.17,18.96,6.1,73
shaanxi_guanzhong,1981-07-29,30.8,25.1,2.3,3.45,15.85,8.3,77
shaanxi_guanzhong,1981-07-30,31.8,23.7,4.2,4.59,20.99,10.5,73
shaanxi_guanzhong,1981-07-31,33.2,22.5,0.0,5.05,22.84,10.9,72
shaanxi_guanzhong,1981-08-01,33.6,22.7,0.0,5.25,23.52,10.7,70
shaanxi_guanzhong,1981-08-02,34.4,23.6,0.0,5.24,23.36,8.3,67
shaanxi_guanzhong,1981-08-03,34.4,25.5,0.0,5.21,23.12,7.7,64
shaanxi_guanzhong,1981-08-04,34.8,25.4,0.0,5.44,24.11,7.7,61
shaanxi_guanzhong,1981-08-05,32.3,23.9,0.0,4.53,19.79,10.9,69
shaanxi_guanzhong,1981-08-06,30.8,24.4,2.9,3.6,14.32,12.6,63
shaanxi_guanzhong,1981-08-07,32.4,22.5,0.3,4.56,18.19,10.5,56
shaanxi_guanzhong,1981-08-08,31.0,23.2,0.8,3.23,14.63,6.4,63
shaanxi_guanzhong,1981-08-09,25.6,20.4,52.4,1.03,3.73,15.2,80
shaanxi_guanzhong,1981-08-10,27.2,19.4,1.5,4.24,21.67,5.3,73
shaanxi_guanzhong,1981-08-11,28.9,16.4,0.0,4.87,24.95,6.4,74
shaanxi_guanzhong,1981-08-12,29.1,20.5,3.6,3.76,17.53,10.5,71
shaanxi_guanzhong,1981-08-13,28.6,18.5,0.0,4.42,21.0,12.7,68
shaanxi_guanzhong,1981-08-14,26.4,22.2,8.9,2.06,9.27,9.6,82
shaanxi_guanzhong,1981-08-15,24.1,22.3,97.2,0.67,2.58,7.4,96
shaanxi_guanzhong,1981-08-16,23.7,21.9,90.1,0.57,1.56,5.8,92
shaanxi_guanzhong,1981-08-17,22.4,21.3,37.2,0.48,1.34,5.4,92
shaanxi_guanzhong,1981-08-18,21.4,20.3,61.4,0.54,1.81,10.7,96
shaanxi_guanzhong,1981-08-19,21.8,20.3,20.6,0.73,2.97,5.7,96
shaanxi_guanzhong,1981-08-20,23.5,20.0,11.1,1.72,8.32,6.6,87
shaanxi_guanzhong,1981-08-21,22.0,18.8,28.6,0.91,3.8,10.3,91
shaanxi_guanzhong,1981-08-22,20.3,18.5,9.8,0.92,3.97,7.0,92
shaanxi_guanzhong,1981-08-23,21.5,19.2,28.7,0.75,3.16,9.0,95
shaanxi_guanzhong,1981-08-24,21.4,18.8,9.0,1.04,3.72,11.9,86
shaanxi_guanzhong,1981-08-25,24.6,17.6,0.0,2.6,11.76,11.5,70
shaanxi_guanzhong,1981-08-26,26.7,13.7,0.0,4.77,25.34,6.4,71
shaanxi_guanzhong,1981-08-27,25.4,17.9,0.0,3.2,16.42,9.0,78
shaanxi_guanzhong,1981-08-28,24.9,17.1,4.6,2.58,13.38,5.3,83
shaanxi_guanzhong,1981-08-29,24.4,18.1,0.0,1.95,8.96,7.5,77
shaanxi_guanzhong,1981-08-30,24.7,16.2,1.5,2.76,14.64,6.0,78
shaanxi_guanzhong,1981-08-31,20.9,19.4,25.4,0.64,2.46,6.4,94
shaanxi_guanzhong,1981-09-01,20.2,18.4,46.9,0.51,1.52,6.1,94
shaanxi_guanzhong,1981-09-02,19.1,17.6,34.2,0.56,1.8,5.6,92
shaanxi_guanzhong,1981-09-03,21.5,18.5,5.4,1.37,6.35,7.0,85
shaanxi_guanzhong,1981-09-04,21.5,16.4,6.9,1.4,6.65,4.6,86
shaanxi_guanzhong,1981-09-05,18.1,17.3,22.9,0.54,1.81,4.0,91
shaanxi_guanzhong,1981-09-06,18.1,16.9,36.0,0.53,1.84,8.3,94
shaanxi_guanzhong,1981-09-07,18.0,16.1,36.9,0.5,1.48,5.4,92
shaanxi_guanzhong,1981-09-08,21.6,13.7,0.7,1.93,9.54,7.5,84
shaanxi_guanzhong,1981-09-09,18.7,15.3,2.5,1.05,5.0,5.5,79
shaanxi_guanzhong,1981-09-10,19.5,10.2,0.8,2.0,11.45,5.5,83
shaanxi_guanzhong,1981-09-11,20.6,13.9,0.0,1.93,10.33,6.0,80
shaanxi_guanzhong,1981-09-12,23.1,14.3,0.2,3.13,17.13,11.3,79
shaanxi_guanzhong,1981-09-13,17.8,15.1,3.3,1.1,5.13,7.1,81
shaanxi_guanzhong,1981-09-14,19.1,15.0,0.8,1.63,8.74,4.8,83
shaanxi_guanzhong,1981-09-15,21.4,14.0,0.0,2.67,15.12,5.8,78
shaanxi_guanzhong,1981-09-16,22.7,13.6,0.0,2.93,16.4,5.2,78
shaanxi_guanzhong,1981-09-17,25.2,13.2,0.0,3.57,19.2,8.6,75
shaanxi_guanzhong,1981-09-18,26.9,13.4,0.0,4.07,21.41,7.8,71
shaanxi_guanzhong,1981-09-19,25.4,13.6,0.0,3.4,18.28,6.8,75
shaanxi_guanzhong,1981-09-20,25.6,16.9,0.0,2.4,12.1,9.0,76
shaanxi_guanzhong,1981-09-21,25.2,15.1,0.7,3.33,18.07,7.6,80
shaanxi_guanzhong,1981-09-22,21.4,17.9,46.6,1.21,5.99,8.7,88
shaanxi_guanzhong,1981-09-23,23.3,14.7,1.6,2.65,14.54,7.3,78
shaanxi_guanzhong,1981-09-24,24.9,11.7,0.0,3.93,21.7,10.2,72
shaanxi_guanzhong,1981-09-25,25.8,13.7,0.0,3.71,20.49,12.1,75
shaanxi_guanzhong,1981-09-26,24.5,15.2,0.0,2.84,15.47,5.4,78
shaanxi_guanzhong,1981-09-27,19.3,16.7,8.2,0.79,2.56,11.2,87
shaanxi_guanzhong,1981-09-28,16.6,11.6,28.0,0.64,2.62,10.1,89
shaanxi_guanzhong,1981-09-29,15.3,10.8,4.4,1.23,6.85,7.9,86
shaanxi_guanzhong,1981-09-30,16.6,10.7,0.3,1.44,8.23,5.5,83
shaanxi_guanzhong,1981-10-01,19.1,12.8,0.0,2.02,11.25,8.7,72
shaanxi_guanzhong,1981-10-02,15.7,12.8,9.0,0.98,5.22,14.5,87
shaanxi_guanzhong,1981-10-03,12.6,10.8,13.1,0.54,2.38,11.4,93
shaanxi_guanzhong,1981-10-04,14.4,10.6,9.6,1.16,5.83,11.5,81
shaanxi_guanzhong,1981-10-05,12.8,10.1,1.8,0.81,3.78,5.6,77
shaanxi_guanzhong,1981-10-06,16.7,9.8,4.6,1.73,10.43,5.8,73
shaanxi_guanzhong,1981-10-07,18.8,10.1,2.7,2.25,11.96,12.9,70
shaanxi_guanzhong,1981-10-08,9.9,3.2,0.0,3.14,16.55,13.1,32
shaanxi_guanzhong,1981-10-09,13.2,-1.4,0.0,2.78,20.13,8.7,51
shaanxi_guanzhong,1981-10-10,17.1,3.1,0.0,2.71,17.81,5.6,65
shaanxi_guanzhong,1981-10-11,19.3,5.8,0.0,2.95,18.6,10.3,73
shaanxi_guanzhong,1981-10-12,19.0,9.9,0.0,3.21,17.94,11.6,52
shaanxi_guanzhong,1981-10-13,15.7,7.7,0.0,2.06,10.28,13.1,57
shaanxi_guanzhong,1981-10-14,13.5,9.7,2.8,0.85,4.35,7.0,85
shaanxi_guanzhong,1981-10-15,15.3,10.5,2.3,1.29,7.8,7.2,87
shaanxi_guanzhong,1981-10-16,17.7,9.8,0.7,1.88,11.75,9.4,83
shaanxi_guanzhong,1981-10-17,16.9,7.5,1.8,1.97,10.54,13.1,73
shaanxi_guanzhong,1981-10-18,14.6,7.0,2.6,1.26,6.54,10.7,80
shaanxi_guanzhong,1981-10-19,13.8,10.0,11.0,0.81,4.67,11.8,92
shaanxi_guanzhong,1981-10-20,13.8,10.0,9.1,0.96,6.13,12.6,91
shaanxi_guanzhong,1981-10-21,12.4,6.5,5.6,0.9,2.72,15.3,78
shaanxi_guanzhong,1981-10-22,8.2,0.3,0.0,2.49,15.28,13.1,42
shaanxi_guanzhong,1981-10-23,10.2,-1.6,0.0,2.27,17.81,8.0,47
shaanxi_guanzhong,1981-10-24,14.0,-1.6,0.0,2.34,17.17,4.7,60
shaanxi_guanzhong,1981-10-25,14.6,0.1,0.0,2.39,16.67,10.5,61
shaanxi_guanzhong,1981-10-26,13.7,4.1,0.0,1.43,8.65,7.1,65
shaanxi_guanzhong,1981-10-27,9.4,2.4,3.6,0.73,3.7,10.8,74
shaanxi_guanzhong,1981-10-28,16.7,1.9,0.0,2.38,16.41,6.4,65
shaanxi_guanzhong,1981-10-29,17.8,3.3,0.0,2.36,15.93,5.3,69
shaanxi_guanzhong,1981-10-30,17.9,5.0,0.0,2.39,15.49,7.3,66
shaanxi_guanzhong,1981-10-31,14.5,3.6,8.3,1.36,8.25,10.6,74
shaanxi_guanzhong,1981-11-01,13.8,5.7,10.4,1.16,7.39,7.6,81
shaanxi_guanzhong,1981-11-02,13.5,2.8,0.0,1.49,10.17,8.1,75
shaanxi_guanzhong,1981-11-03,12.6,7.4,0.6,1.65,10.47,8.0,70
shaanxi_guanzhong,1981-11-04,8.1,5.2,7.6,0.7,3.45,7.7,77
shaanxi_guanzhong,1981-11-05,5.1,2.4,22.9,0.3,1.55,6.8,94
shaanxi_guanzhong,1981-11-06,7.0,3.0,5.1,0.78,5.55,10.0,86
shaanxi_guanzhong,1981-11-07,4.6,1.1,4.6,0.57,3.84,7.7,81
shaanxi_guanzhong,1981-11-08,7.6,-3.1,0.0,1.65,14.55,6.5,68
shaanxi_guanzhong,1981-11-09,9.0,-4.7,0.0,1.76,14.93,4.0,60
shaanxi_guanzhong,1981-11-10,10.9,-3.0,0.0,1.78,14.2,7.1,68
shaanxi_guanzhong,1981-11-11,11.4,0.3,0.0,1.63,12.63,7.8,71
shaanxi_guanzhong,1981-11-12,12.9,0.8,0.0,1.6,11.78,4.3,73
shaanxi_guanzhong,1981-11-13,14.0,1.2,0.0,1.72,12.59,8.8,79
shaanxi_guanzhong,1981-11-14,12.1,5.8,0.2,0.96,6.27,5.1,81
shaanxi_guanzhong,1981-11-15,16.1,2.3,0.0,1.91,13.48,4.2,64
shaanxi_guanzhong,1981-11-16,10.7,1.7,0.0,1.83,12.98,11.1,55
shaanxi_guanzhong,1981-11-17,9.6,-1.3,0.0,1.58,11.75,13.2,61
shaanxi_guanzhong,1981-11-18,9.6,1.1,0.0,1.31,10.72,8.0,74
shaanxi_guanzhong,1981-11-19,11.0,3.0,0.0,1.08,7.74,6.5,79
shaanxi_guanzhong,1981-11-20,11.8,4.9,0.0,1.41,9.39,10.3,72
shaanxi_guanzhong,1981-11-21,8.0,4.7,0.6,0.79,3.79,12.6,79
shaanxi_guanzhong,1981-11-22,6.4,3.8,3.2,0.52,3.43,5.2,89
shaanxi_guanzhong,1981-11-23,9.1,2.3,0.0,1.32,9.76,10.2,73
shaanxi_guanzhong,1981-11-24,9.9,2.9,0.0,1.17,8.15,11.3,68
shaanxi_guanzhong,1981-11-25,7.0,1.0,1.4,0.73,5.76,9.7,84
shaanxi_guanzhong,1981-11-26,5.9,0.9,0.2,1.0,8.38,5.9,72
shaanxi_guanzhong,1981-11-27,7.4,-4.2,0.0,1.39,12.33,7.9,69
shaanxi_guanzhong,1981-11-28,5.4,-0.7,1.4,0.63,4.27,6.6,76
shaanxi_guanzhong,1981-11-29,7.6,-2.7,0.6,1.13,8.12,16.5,76
shaanxi_guanzhong,1981-11-30,5.4,-3.7,0.2,1.62,12.61,13.9,44
shaanxi_guanzhong,1981-12-01,1.7,-5.6,0.0,1.09,10.5,9.0,55
shaanxi_guanzhong,1981-12-02,1.1,-6.5,0.0,1.26,9.57,11.3,40
shaanxi_guanzhong,1981-12-03,4.4,-3.9,0.0,1.17,11.18,7.7,62
shaanxi_guanzhong,1981-12-04,5.3,-3.6,0.0,1.33,10.13,11.5,55
shaanxi_guanzhong,1981-12-05,4.6,-4.3,0.0,1.19,11.24,5.4,54
shaanxi_guanzhong,1981-12-06,7.8,-4.6,0.0,1.44,11.97,10.0,53
shaanxi_guanzhong,1981-12-07,7.9,-5.2,0.0,1.45,11.85,11.1,55
shaanxi_guanzhong,1981-12-08,5.5,-3.6,0.0,0.79,6.15,4.8,59
shaanxi_guanzhong,1981-12-09,6.5,-4.1,0.0,1.22,10.95,4.7,60
shaanxi_guanzhong,1981-12-10,8.6,-4.0,0.0,1.25,10.74,4.3,68
shaanxi_guanzhong,1981-12-11,10.0,-3.2,0.0,1.43,11.61,7.3,60
shaanxi_guanzhong,1981-12-12,5.7,-0.7,2.5,0.63,4.2,5.7,71
shaanxi_guanzhong,1981-12-13,5.0,-0.0,4.0,0.69,5.87,5.6,86
shaanxi_guanzhong,1981-12-14,5.0,-4.2,0.1,0.94,8.71,6.2,79
shaanxi_guanzhong,1981-12-15,5.7,-5.1,0.6,1.07,8.82,9.4,66
shaanxi_guanzhong,1981-12-16,6.3,-5.7,0.0,1.3,11.73,10.5,58
shaanxi_guanzhong,1981-12-17,-0.1,-5.5,2.7,0.9,5.69,14.0,55
shaanxi_guanzhong,1981-12-18,2.7,-10.1,0.0,1.17,11.87,9.3,41
shaanxi_guanzhong,1981-12-19,3.0,-8.3,0.0,1.11,11.64,3.8,47
shaanxi_guanzhong,1981-12-20,4.7,-7.9,0.0,1.06,10.22,3.4,61
shaanxi_guanzhong,1981-12-21,6.5,-6.0,0.0,1.31,11.57,8.6,59
shaanxi_guanzhong,1981-12-22,8.4,-5.6,0.0,1.36,11.82,5.7,54
shaanxi_guanzhong,1981-12-23,6.9,-6.0,0.0,1.31,11.75,7.4,63
shaanxi_guanzhong,1981-12-24,7.9,-4.6,0.0,1.25,11.16,4.8,67
shaanxi_guanzhong,1981-12-25,6.6,-3.6,0.0,0.99,6.44,8.6,60
shaanxi_guanzhong,1981-12-26,11.0,-3.9,0.0,1.48,11.75,8.7,62
shaanxi_guanzhong,1981-12-27,10.4,-3.2,0.0,1.37,11.3,7.6,69
shaanxi_guanzhong,1981-12-28,5.8,-3.5,0.0,1.21,9.0,15.8,56
shaanxi_guanzhong,1981-12-29,-0.1,-4.4,1.6,0.68,4.72,6.6,53
shaanxi_guanzhong,1981-12-30,5.4,-6.8,0.4,1.21,11.76,5.9,69
shaanxi_guanzhong,1981-12-31,6.1,-4.6,0.0,1.34,11.82,9.5,53
shaanxi_guanzhong,1982-01-01,8.3,-4.9,0.0,1.35,11.72,7.4,64
shaanxi_guanzhong,1982-01-02,7.6,-2.6,0.0,1.13,9.63,12.4,68
shaanxi_guanzhong,1982-01-03,6.4,-4.3,0.0,1.16,9.91,7.7,58
shaanxi_guanzhong,1982-01-04,7.8,-4.5,0.0,1.42,11.99,9.7,51
shaanxi_guanzhong,1982-01-05,7.4,-4.0,0.0,1.33,11.83,6.4,58
shaanxi_guanzhong,1982-01-06,9.6,-3.1,0.0,1.45,11.65,8.8,63
shaanxi_guanzhong,1982-01-07,9.2,-3.1,0.0,1.41,12.16,5.6,65
shaanxi_guanzhong,1982-01-08,14.2,-1.4,0.0,1.7,12.55,6.6,63
shaanxi_guanzhong,1982-01-09,14.8,-1.1,0.0,1.73,12.32,4.9,59
shaanxi_guanzhong,1982-01-10,12.4,-2.1,0.0,1.57,12.31,4.2,71
shaanxi_guanzhong,1982-01-11,13.1,-2.0,0.0,1.71,12.63,8.2,66
shaanxi_guanzhong,1982-01-12,6.3,-0.7,0.0,1.02,6.79,9.8,52
shaanxi_guanzhong,1982-01-13,10.9,-2.0,0.0,1.54,12.39,7.8,72
shaanxi_guanzhong,1982-01-14,12.3,-2.2,0.0,1.6,12.75,3.1,73
shaanxi_guanzhong,1982-01-15,4.0,-3.0,0.0,1.19,10.53,7.3,59
shaanxi_guanzhong,1982-01-16,2.8,-5.9,0.0,1.3,9.67,9.5,40
shaanxi_guanzhong,1982-01-17,7.6,-4.2,1.1,1.26,9.33,15.9,57
shaanxi_guanzhong,1982-01-18,3.2,-7.1,0.0,1.62,13.6,13.2,28
shaanxi_guanzhong,1982-01-19,5.9,-4.5,0.0,1.45,12.7,6.9,41
shaanxi_guanzhong,1982-01-20,6.2,-5.9,0.0,1.49,13.24,9.3,56
shaanxi_guanzhong,1982-01-21,8.3,-3.3,0.0,1.58,13.35,6.6,53
shaanxi_guanzhong,1982-01-22,8.1,-3.8,0.0,1.31,8.77,11.0,64
shaanxi_guanzhong,1982-01-23,3.0,-1.8,0.6,0.71,4.59,7.9,73
shaanxi_guanzhong,1982-01-24,3.9,-1.9,0.6,0.8,7.23,7.6,87
shaanxi_guanzhong,1982-01-25,6.9,-1.7,0.1,1.33,11.8,5.0,76
shaanxi_guanzhong,1982-01-26,7.9,-4.3,0.0,1.6,13.54,8.3,66
shaanxi_guanzhong,1982-01-27,5.1,-2.3,0.9,1.08,8.89,11.3,69
shaanxi_guanzhong,1982-01-28,-0.6,-4.0,6.2,0.62,5.33,15.2,78
shaanxi_guanzhong,1982-01-29,-0.7,-7.8,0.9,0.91,11.08,9.2,76
shaanxi_guanzhong,1982-01-30,0.5,-4.6,0.0,0.94,10.27,8.2,71
shaanxi_guanzhong,1982-01-31,4.7,-4.9,0.0,1.47,15.19,6.9,72
shaanxi_guanzhong,1982-02-01,4.8,-3.9,0.0,1.15,10.75,6.6,74
shaanxi_guanzhong,1982-02-02,1.4,-1.5,4.9,0.6,5.8,8.9,87
shaanxi_guanzhong,1982-02-03,2.9,-2.6,2.0,1.0,10.3,9.0,86
shaanxi_guanzhong,1982-02-04,1.3,-4.3,0.1,0.82,8.7,6.7,82
shaanxi_guanzhong,1982-02-05,3.4,-3.3,0.0,1.19,11.97,5.1,77
shaanxi_guanzhong,1982-02-06,3.9,-6.7,0.0,1.24,12.7,9.2,76
shaanxi_guanzhong,1982-02-07,2.6,-2.6,1.9,1.0,9.96,6.4,76
shaanxi_guanzhong,1982-02-08,3.1,-3.1,0.0,1.2,12.38,9.3,72
shaanxi_guanzhong,1982-02-09,2.8,-2.4,0.0,1.08,9.99,6.1,74
shaanxi_guanzhong,1982-02-10,3.9,-5.6,0.0,1.13,10.79,4.6,78
shaanxi_guanzhong,1982-02-11,4.6,-1.9,0.5,1.14,10.37,5.4,74
shaanxi_guanzhong,1982-02-12,6.8,-3.3,0.0,1.58,14.25,9.0,69
shaanxi_guanzhong,1982-02-13,3.3,0.1,8.1,0.65,5.68,8.5,84
shaanxi_guanzhong,1982-02-14,4.7,-1.1,0.0,1.17,10.48,6.7,78
shaanxi_guanzhong,1982-02-15,7.7,-5.0,0.0,1.74,14.88,7.0,71
shaanxi_guanzhong,1982-02-16,10.0,-1.6,0.0,2.04,16.23,8.5,69
shaanxi_guanzhong,1982-02-17,8.1,-1.6,0.1,1.26,9.25,14.8,75
shaanxi_guanzhong,1982-02-18,11.4,2.1,0.6,1.88,14.04,9.0,70
shaanxi_guanzhong,1982-02-19,11.1,0.7,0.0,1.78,12.81,6.3,70
shaanxi_guanzhong,1982-02-20,13.8,1.6,0.0,2.3,16.98,8.7,69
shaanxi_guanzhong,1982-02-21,13.3,1.9,0.5,2.01,14.07,14.3,70
shaanxi_guanzhong,1982-02-22,7.7,4.0,6.7,0.54,3.2,9.4,90
shaanxi_guanzhong,1982-02-23,9.6,-0.1,1.3,1.9,14.06,11.9,60
shaanxi_guanzhong,1982-02-24,10.4,-3.2,0.0,2.34,16.77,16.3,60
shaanxi_guanzhong,1982-02-25,5.9,2.2,2.0,0.8,5.78,14.3,83
shaanxi_guanzhong,1982-02-26,9.8,1.3,0.3,1.37,10.9,6.2,83
shaanxi_guanzhong,1982-02-27,10.5,-2.0,0.0,1.71,12.99,9.4,80
shaanxi_guanzhong,1982-02-28,9.8,-2.5,0.0,2.47,19.48,7.6,53
shaanxi_guanzhong,1982-03-01,9.8,-3.1,0.0,2.01,14.6,11.8,52
shaanxi_guanzhong,1982-03-02,12.3,1.6,0.0,1.94,14.21,10.6,69
shaanxi_guanzhong,1982-03-03,12.5,-0.8,2.5,1.6,11.26,9.8,81
shaanxi_guanzhong,1982-03-04,10.1,3.9,1.7,1.5,10.8,7.3,74
shaanxi_guanzhong,1982-03-05,9.2,2.0,0.0,1.74,13.25,5.8,68
shaanxi_guanzhong,1982-03-06,6.4,0.6,1.2,1.07,7.94,7.0,76
shaanxi_guanzhong,1982-03-07,7.5,1.2,3.1,1.26,9.8,7.0,79
shaanxi_guanzhong,1982-03-08,11.9,-3.1,0.0,2.05,14.91,6.1,64
shaanxi_guanzhong,1982-03-09,14.9,-1.7,0.0,2.98,21.03,4.9,59
shaanxi_guanzhong,1982-03-10,16.1,0.5,0.0,2.77,18.88,5.4,67
shaanxi_guanzhong,1982-03-11,16.9,2.9,0.0,2.69,17.07,6.6,67
shaanxi_guanzhong,1982-03-12,15.8,4.6,0.9,2.22,13.81,11.8,70
shaanxi_guanzhong,1982-03-13,12.2,8.1,0.0,1.03,5.84,6.9,77
shaanxi_guanzhong,1982-03-14,17.4,6.4,1.0,2.98,19.4,6.9,69
shaanxi_guanzhong,1982-03-15,19.2,4.2,2.9,2.81,17.16,9.6,67
shaanxi_guanzhong,1982-03-16,10.3,3.2,7.1,0.88,5.71,10.7,82
shaanxi_guanzhong,1982-03-17,8.0,1.6,0.6,1.35,10.32,8.4,80
shaanxi_guanzhong,1982-03-18,5.9,3.0,4.6,0.67,4.41,14.1,86
shaanxi_guanzhong,1982-03-19,8.8,2.0,0.5,1.49,11.6,8.1,81
shaanxi_guanzhong,1982-03-20,15.9,2.8,0.3,3.22,22.04,6.2,68
shaanxi_guanzhong,1982-03-21,20.6,3.3,0.0,3.54,22.09,9.4,71
shaanxi_guanzhong,1982-03-22,22.3,7.7,0.0,3.75,22.28,6.0,70
shaanxi_guanzhong,1982-03-23,13.8,4.3,12.8,0.65,3.03,14.0,86
shaanxi_guanzhong,1982-03-24,3.4,0.5,7.3,0.88,7.46,11.8,85
shaanxi_guanzhong,1982-03-25,3.3,-0.8,4.6,1.06,9.87,12.1,81
shaanxi_guanzhong,1982-03-26,2.7,-0.9,3.4,1.07,10.08,5.2,89
shaanxi_guanzhong,1982-03-27,8.2,0.2,0.0,1.88,16.03,7.3,79
shaanxi_guanzhong,1982-03-28,8.8,2.2,6.2,1.04,7.26,8.5,84
shaanxi_guanzhong,1982-03-29,16.4,2.5,0.7,3.29,22.77,9.1,77
shaanxi_guanzhong,1982-03-30,17.4,2.9,0.0,2.93,18.97,8.9,75
shaanxi_guanzhong,1982-03-31,18.8,5.7,0.0,3.21,19.98,5.9,75
shaanxi_guanzhong,1982-04-01,13.4,8.8,11.4,0.88,3.87,19.4,85
shaanxi_guanzhong,1982-04-02,15.2,7.1,0.0,3.5,20.14,11.2,48
shaanxi_guanzhong,1982-04-03,14.7,4.6,0.0,2.94,18.68,10.6,57
shaanxi_guanzhong,1982-04-04,15.7,2.9,0.0,3.51,23.62,14.4,61
shaanxi_guanzhong,1982-04-05,16.1,3.2,0.0,3.07,20.47,13.1,60
shaanxi_guanzhong,1982-04-06,15.5,5.0,0.0,2.88,19.18,7.6,68
shaanxi_guanzhong,1982-04-07,19.4,4.2,0.0,3.67,22.35,6.7,71
shaanxi_guanzhong,1982-04-08,15.6,9.4,0.0,4.05,22.27,18.2,44
shaanxi_guanzhong,1982-04-09,14.5,3.8,0.0,2.26,13.22,9.0,56
shaanxi_guanzhong,1982-04-10,18.0,7.8,1.2,3.28,20.78,5.8,72
shaanxi_guanzhong,1982-04-11,18.9,5.4,0.0,3.41,20.62,6.6,70
shaanxi_guanzhong,1982-04-12,20.2,5.2,0.0,4.0,22.62,9.5,59
shaanxi_guanzhong,1982-04-13,19.6,4.5,0.0,4.34,25.57,9.8,49
shaanxi_guanzhong,1982-04-14,21.4,4.0,0.0,4.16,24.04,8.7,52
shaanxi_guanzhong,1982-04-15,22.7,6.7,0.0,4.31,24.86,6.1,60
shaanxi_guanzhong,1982-04-16,18.2,10.5,9.3,2.02,9.77,9.7,62
shaanxi_guanzhong,1982-04-17,15.1,10.3,15.9,1.5,9.1,5.8,82
shaanxi_guanzhong,1982-04-18,15.4,7.7,0.8,1.76,10.19,7.1,75
shaanxi_guanzhong,1982-04-19,14.7,8.0,2.5,1.45,8.59,4.2,81
shaanxi_guanzhong,1982-04-20,22.4,6.0,0.0,4.4,25.97,5.9,67
shaanxi_guanzhong,1982-04-21,22.4,8.0,0.0,3.7,21.0,5.5,68
shaanxi_guanzhong,1982-04-22,24.5,9.6,0.0,4.23,22.99,7.9,67
shaanxi_guanzhong,1982-04-23,22.5,9.1,0.0,3.0,16.42,6.6,67
shaanxi_guanzhong,1982-04-24,18.8,12.1,1.8,1.66,8.24,6.2,72
shaanxi_guanzhong,1982-04-25,22.7,7.8,0.0,4.23,24.48,5.2,73
shaanxi_guanzhong,1982-04-26,24.1,10.4,0.1,4.23,23.38,8.4,70
shaanxi_guanzhong,1982-04-27,16.2,7.2,13.1,1.15,5.03,19.1,82
shaanxi_guanzhong,1982-04-28,17.1,1.9,0.0,2.99,18.6,5.9,73
shaanxi_guanzhong,1982-04-29,14.2,10.1,4.8,1.44,8.61,6.9,79
shaanxi_guanzhong,1982-04-30,21.4,8.4,0.0,3.62,19.63,10.2,66
shaanxi_guanzhong,1982-05-01,25.7,7.4,0.0,5.52,27.41,13.5,49
shaanxi_guanzhong,1982-05-02,20.5,8.1,0.0,4.99,25.51,21.7,45
shaanxi_guanzhong,1982-05-03,21.8,3.9,0.0,4.9,28.61,8.6,40
shaanxi_guanzhong,1982-05-04,26.9,8.2,0.0,4.86,25.69,5.5,58
shaanxi_guanzhong,1982-05-05,18.0,6.9,0.0,3.8,19.9,17.7,51
shaanxi_guanzhong,1982-05-06,22.8,4.1,0.0,5.04,28.95,6.9,47
shaanxi_guanzhong,1982-05-07,27.5,9.4,0.0,5.41,27.36,12.1,52
shaanxi_guanzhong,1982-05-08,25.1,11.8,0.2,4.15,19.5,8.6,48
shaanxi_guanzhong,1982-05-09,26.3,11.0,0.0,5.06,27.15,8.0,63
shaanxi_guanzhong,1982-05-10,28.7,14.3,0.0,5.15,25.12,11.4,64
shaanxi_guanzhong,1982-05-11,24.5,11.2,8.1,2.68,11.81,23.1,75
shaanxi_guanzhong,1982-05-12,12.9,7.5,8.2,1.92,8.45,20.0,67
shaanxi_guanzhong,1982-05-13,18.6,5.6,0.0,4.63,26.75,11.2,47
shaanxi_guanzhong,1982-05-14,21.6,6.5,0.0,4.47,26.41,5.2,53
shaanxi_guanzhong,1982-05-15,23.9,9.1,0.0,4.42,23.99,8.2,58
shaanxi_guanzhong,1982-05-16,25.7,10.8,0.0,4.54,23.93,5.1,60
shaanxi_guanzhong,1982-05-17,26.3,14.7,0.0,3.84,16.55,10.0,56
shaanxi_guanzhong,1982-05-18,28.8,12.8,0.0,6.14,27.69,13.4,42
shaanxi_guanzhong,1982-05-19,28.2,11.6,0.0,4.85,25.13,5.2,42
shaanxi_guanzhong,1982-05-20,28.2,12.8,0.0,4.23,20.86,8.2,52
shaanxi_guanzhong,1982-05-21,30.8,14.4,0.0,5.51,25.18,16.1,51
shaanxi_guanzhong,1982-05-22,33.3,14.0,0.0,6.65,28.92,10.9,42
shaanxi_guanzhong,1982-05-23,33.2,16.1,0.0,5.52,24.56,10.0,43
shaanxi_guanzhong,1982-05-24,30.8,15.8,0.6,4.52,22.11,6.9,61
shaanxi_guanzhong,1982-05-25,30.6,17.0,0.0,4.52,21.32,8.9,63
shaanxi_guanzhong,1982-05-26,28.1,18.7,1.1,3.34,15.84,8.0,71
shaanxi_guanzhong,1982-05-27,26.5,18.7,0.0,3.43,16.28,8.4,72
shaanxi_guanzhong,1982-05-28,27.6,15.8,0.5,4.26,21.38,5.9,66
shaanxi_guanzhong,1982-05-29,23.4,17.5,10.2,2.92,15.35,6.6,80
shaanxi_guanzhong,1982-05-30,26.4,15.5,0.0,4.83,24.83,10.8,69
shaanxi_guanzhong,1982-05-31,27.2,19.0,0.2,4.05,20.22,8.4,65
shaanxi_guanzhong,1982-06-01,23.0,15.5,6.6,2.36,10.54,10.3,74
shaanxi_guanzhong,1982-06-02,25.1,12.3,0.0,4.75,25.61,5.8,52
shaanxi_guanzhong,1982-06-03,27.4,12.9,0.0,4.68,22.98,9.4,55
shaanxi_guanzhong,1982-06-04,25.7,16.4,0.0,3.51,17.1,6.6,58
shaanxi_guanzhong,1982-06-05,27.8,14.4,0.0,4.1,20.16,6.4,61
shaanxi_guanzhong,1982-06-06,30.0,13.2,0.0,5.28,24.96,7.6,54
shaanxi_guanzhong,1982-06-07,32.9,14.2,0.8,5.93,27.67,10.1,52
shaanxi_guanzhong,1982-06-08,32.3,16.5,0.0,4.94,23.06,9.7,54
shaanxi_guanzhong,1982-06-09,30.9,16.8,0.0,5.52,27.07,6.8,57
shaanxi_guanzhong,1982-06-10,29.8,18.9,0.0,4.83,22.13,8.1,57
shaanxi_guanzhong,1982-06-11,23.3,18.5,4.6,2.06,8.19,10.9,68
shaanxi_guanzhong,1982-06-12,31.5,12.5,0.0,5.9,28.63,9.0,53
shaanxi_guanzhong,1982-06-13,32.4,17.0,0.0,5.67,26.34,13.4,51
shaanxi_guanzhong,1982-06-14,31.4,20.0,3.4,4.77,21.77,8.0,58
shaanxi_guanzhong,1982-06-15,29.6,16.9,0.0,5.23,26.16,6.6,64
shaanxi_guanzhong,1982-06-16,33.4,17.7,0.0,6.01,27.18,9.4,44
shaanxi_guanzhong,1982-06-17,36.0,17.5,0.0,6.64,29.64,8.7,37
shaanxi_guanzhong,1982-06-18,34.8,18.7,0.0,6.04,26.97,8.8,36
shaanxi_guanzhong,1982-06-19,32.8,22.0,0.1,4.29,17.99,13.2,51
shaanxi_guanzhong,1982-06-20,30.7,20.6,0.9,3.97,15.01,19.9,61
shaanxi_guanzhong,1982-06-21,26.5,14.5,2.6,4.04,15.85,19.1,49
shaanxi_guanzhong,1982-06-22,28.7,11.4,0.0,5.77,30.78,5.5,38
shaanxi_guanzhong,1982-06-23,31.9,14.2,0.0,6.87,30.5,17.8,38
shaanxi_guanzhong,1982-06-24,32.8,15.8,0.0,6.41,30.22,7.7,36
shaanxi_guanzhong,1982-06-25,33.1,18.2,0.0,5.4,24.31,7.1,47
shaanxi_guanzhong,1982-06-26,28.9,19.6,4.9,2.76,11.55,7.7,66
shaanxi_guanzhong,1982-06-27,19.3,17.9,28.3,0.77,2.84,8.1,89
shaanxi_guanzhong,1982-06-28,24.1,17.6,0.3,3.64,18.89,5.8,70
shaanxi_guanzhong,1982-06-29,27.0,14.2,0.0,4.73,24.27,6.3,65
shaanxi_guanzhong,1982-06-30,28.5,16.1,0.0,4.73,23.81,6.2,63
shaanxi_guanzhong,1982-07-01,30.1,18.7,0.0,5.17,25.0,6.8,60
shaanxi_guanzhong,1982-07-02,30.4,19.1,0.0,4.92,23.97,7.0,59
shaanxi_guanzhong,1982-07-03,33.0,19.9,0.0,5.67,27.31,8.7,56
shaanxi_guanzhong,1982-07-04,32.2,19.3,0.1,5.79,27.49,7.4,53
shaanxi_guanzhong,1982-07-05,32.2,19.2,0.0,5.33,23.86,9.2,54
shaanxi_guanzhong,1982-07-06,32.5,20.7,0.0,5.34,24.46,7.2,59
shaanxi_guanzhong,1982-07-07,32.6,21.9,0.0,5.02,19.66,11.4,57
shaanxi_guanzhong,1982-07-08,27.1,22.6,26.8,2.56,11.21,10.4,83
shaanxi_guanzhong,1982-07-09,32.1,22.9,15.0,4.26,19.71,7.3,78
shaanxi_guanzhong,1982-07-10,24.8,19.2,2.9,2.6,6.22,19.1,65
shaanxi_guanzhong,1982-07-11,27.0,14.9,2.9,3.82,18.33,7.3,59
shaanxi_guanzhong,1982-07-12,21.6,17.4,9.4,1.56,7.54,7.7,85
shaanxi_guanzhong,1982-07-13,27.0,16.0,0.0,4.22,22.27,6.6,75
shaanxi_guanzhong,1982-07-14,29.3,15.9,0.0,5.42,27.51,7.8,72
shaanxi_guanzhong,1982-07-15,30.2,18.9,0.0,3.69,17.3,8.2,72
shaanxi_guanzhong,1982-07-16,29.2,18.0,0.0,5.06,25.19,6.9,58
shaanxi_guanzhong,1982-07-17,29.9,17.5,0.0,4.57,21.98,7.8,64
shaanxi_guanzhong,1982-07-18,31.5,16.5,0.0,5.68,28.63,4.0,58
shaanxi_guanzhong,1982-07-19,31.1,18.0,0.0,5.15,24.37,6.7,60
shaanxi_guanzhong,1982-07-20,31.9,21.1,0.0,5.25,24.48,9.0,64
shaanxi_guanzhong,1982-07-21,25.9,22.2,34.9,1.84,7.79,9.5,81
shaanxi_guanzhong,1982-07-22,26.1,21.0,23.6,1.97,8.97,11.7,89
shaanxi_guanzhong,1982-07-23,25.8,18.8,5.9,2.3,10.1,10.5,78
shaanxi_guanzhong,1982-07-24,29.3,15.1,0.0,5.83,29.2,8.1,65
shaanxi_guanzhong,1982-07-25,32.4,16.1,0.0,5.61,27.07,7.1,60
shaanxi_guanzhong,1982-07-26,31.2,20.2,0.0,3.7,17.13,5.6,69
shaanxi_guanzhong,1982-07-27,28.5,22.2,0.0,2.7,12.11,5.9,68
shaanxi_guanzhong,1982-07-28,27.6,21.1,7.6,2.91,13.24,10.1,73
shaanxi_guanzhong,1982-07-29,22.2,20.8,61.6,0.83,3.48,10.5,94
shaanxi_guanzhong,1982-07-30,23.3,20.2,75.0,1.26,5.77,6.2,92
shaanxi_guanzhong,1982-07-31,23.2,20.1,33.6,1.17,5.16,5.7,90
shaanxi_guanzhong,1982-08-01,25.0,20.4,7.9,1.87,8.2,13.3,85
shaanxi_guanzhong,1982-08-02,25.2,19.9,0.9,2.74,13.77,6.5,82
shaanxi_guanzhong,1982-08-03,28.5,19.1,0.0,3.88,19.66,9.0,84
shaanxi_guanzhong,1982-08-04,27.4,21.1,21.1,2.58,12.65,7.3,85
shaanxi_guanzhong,1982-08-05,30.6,18.8,0.0,5.57,27.68,6.3,74
shaanxi_guanzhong,1982-08-06,30.1,18.7,0.0,4.74,23.37,7.9,79
shaanxi_guanzhong,1982-08-07,28.6,20.8,3.9,4.31,21.27,9.0,79
shaanxi_guanzhong,1982-08-08,29.5,21.2,1.2,4.69,23.57,8.7,79
shaanxi_guanzhong,1982-08-09,26.4,21.0,3.1,2.71,13.48,7.4,84
shaanxi_guanzhong,1982-08-10,28.5,19.2,0.0,4.85,24.72,6.1,77
shaanxi_guanzhong,1982-08-11,28.5,18.0,0.7,4.0,19.9,8.7,78
shaanxi_guanzhong,1982-08-12,26.7,17.9,10.1,3.99,20.61,10.1,83
shaanxi_guanzhong,1982-08-13,24.5,18.1,5.3,3.44,18.31,10.7,85
shaanxi_guanzhong,1982-08-14,25.6,18.7,2.6,3.11,16.03,9.9,84
shaanxi_guanzhong,1982-08-15,25.4,19.4,4.9,3.17,16.66,5.7,83
shaanxi_guanzhong,1982-08-16,23.0,20.1,11.8,1.17,5.41,7.5,89
shaanxi_guanzhong,1982-08-17,28.0,14.5,0.0,5.07,26.56,5.6,78
shaanxi_guanzhong,1982-08-18,28.6,15.1,0.0,4.98,25.69,5.8,71
shaanxi_guanzhong,1982-08-19,25.1,18.4,0.0,2.81,14.2,5.7,74
shaanxi_guanzhong,1982-08-20,25.3,18.8,4.1,3.38,17.12,8.1,73
shaanxi_guanzhong,1982-08-21,23.4,18.9,8.0,1.53,7.01,9.8,84
shaanxi_guanzhong,1982-08-22,24.3,16.8,0.0,3.39,18.18,8.6,76
shaanxi_guanzhong,1982-08-23,21.4,17.1,11.0,1.27,5.5,13.3,85
shaanxi_guanzhong,1982-08-24,21.3,17.1,2.2,1.83,9.21,9.7,87
shaanxi_guanzhong,1982-08-25,23.4,14.9,0.0,2.82,15.1,8.4,82
shaanxi_guanzhong,1982-08-26,25.7,17.5,0.0,3.83,20.24,8.8,79
shaanxi_guanzhong,1982-08-27,24.6,20.1,1.0,2.11,9.65,6.4,78
shaanxi_guanzhong,1982-08-28,22.8,19.1,9.7,1.29,6.08,4.1,92
shaanxi_guanzhong,1982-08-29,19.4,18.1,36.1,0.44,1.18,4.7,96
shaanxi_guanzhong,1982-08-30,19.4,17.9,38.0,0.66,2.58,4.7,95
shaanxi_guanzhong,1982-08-31,20.4,18.1,13.1,0.91,4.06,5.8,94
shaanxi_guanzhong,1982-09-01,23.2,18.8,9.3,1.32,6.46,10.1,93
shaanxi_guanzhong,1982-09-02,21.6,19.2,15.0,0.77,3.14,6.7,95
shaanxi_guanzhong,1982-09-03,19.2,17.7,12.6,0.56,2.05,7.5,97
shaanxi_guanzhong,1982-09-04,19.5,17.2,9.6,0.95,4.31,5.8,93
shaanxi_guanzhong,1982-09-05,24.2,16.3,5.8,3.5,18.89,4.8,82
shaanxi_guanzhong,1982-09-06,24.7,14.5,0.3,3.37,18.23,10.6,81
shaanxi_guanzhong,1982-09-07,18.8,15.1,24.3,0.55,1.88,4.8,89
shaanxi_guanzhong,1982-09-08,23.3,12.8,0.1,3.61,20.33,4.4,80
shaanxi_guanzhong,1982-09-09,24.5,12.4,0.0,3.82,21.26,8.3,77
shaanxi_guanzhong,1982-09-10,22.7,17.5,3.5,2.31,12.28,7.4,82
shaanxi_guanzhong,1982-09-11,22.1,15.4,9.9,2.26,12.47,6.5,86
shaanxi_guanzhong,1982-09-12,21.0,16.6,7.7,1.67,8.89,4.1,90
shaanxi_guanzhong,1982-09-13,22.2,12.4,2.2,3.02,17.41,5.1,84
shaanxi_guanzhong,1982-09-14,22.8,15.1,0.0,2.86,16.12,8.3,78
shaanxi_guanzhong,1982-09-15,21.7,14.9,6.2,2.24,12.07,8.8,82
shaanxi_guanzhong,1982-09-16,20.0,17.0,7.2,1.17,5.49,7.3,85
shaanxi_guanzhong,1982-09-17,18.5,15.8,12.7,0.99,4.64,7.9,89
shaanxi_guanzhong,1982-09-18,22.1,15.4,2.6,2.05,11.16,7.2,85
shaanxi_guanzhong,1982-09-19,23.8,14.8,0.1,3.32,18.44,5.1,78
shaanxi_guanzhong,1982-09-20,24.7,12.1,0.2,3.62,19.86,7.4,77
shaanxi_guanzhong,1982-09-21,21.0,16.6,13.3,1.57,8.1,8.9,85
shaanxi_guanzhong,1982-09-22,20.7,16.2,10.0,1.47,7.83,5.7,87
shaanxi_guanzhong,1982-09-23,21.1,15.1,0.2,1.52,6.91,13.0,81
shaanxi_guanzhong,1982-09-24,18.2,16.3,3.6,0.92,4.09,10.0,85
shaanxi_guanzhong,1982-09-25,16.9,12.9,15.2,0.61,2.21,9.5,91
shaanxi_guanzhong,1982-09-26,13.6,10.3,3.3,1.36,6.56,10.0,73
shaanxi_guanzhong,1982-09-27,15.3,9.6,0.0,2.36,15.03,6.7,62
shaanxi_guanzhong,1982-09-28,16.4,9.2,0.0,2.03,12.06,8.0,71
shaanxi_guanzhong,1982-09-29,15.2,9.4,1.6,1.21,7.08,5.5,81
shaanxi_guanzhong,1982-09-30,16.7,12.3,5.7,1.36,7.67,3.4,79
shaanxi_guanzhong,1982-10-01,14.2,12.1,8.5,0.57,2.44,4.3,89
shaanxi_guanzhong,1982-10-02,20.3,7.8,0.0,2.72,16.27,4.0,78
shaanxi_guanzhong,1982-10-03,20.5,12.4,0.0,2.55,14.88,4.5,72
shaanxi_guanzhong,1982-10-04,22.1,12.1,0.0,2.9,16.52,5.6,71
shaanxi_guanzhong,1982-10-05,24.0,10.0,0.0,3.23,18.26,4.3,69
shaanxi_guanzhong,1982-10-06,23.2,11.8,0.0,3.16,18.13,6.0,77
shaanxi_guanzhong,1982-10-07,24.2,11.6,0.0,3.4,19.24,5.2,75
shaanxi_guanzhong,1982-10-08,23.4,11.0,1.2,2.85,16.29,9.1,80
shaanxi_guanzhong,1982-10-09,22.3,12.2,0.0,2.73,15.82,10.3,75
shaanxi_guanzhong,1982-10-10,20.2,13.5,0.1,1.69,9.0,8.7,78
shaanxi_guanzhong,1982-10-11,21.8,15.4,0.2,2.16,12.09,4.0,76
shaanxi_guanzhong,1982-10-12,20.6,11.9,8.6,1.6,8.95,6.2,87
shaanxi_guanzhong,1982-10-13,17.3,11.0,21.1,0.7,3.2,10.4,90
shaanxi_guanzhong,1982-10-14,21.1,7.9,0.0,2.89,17.21,7.3,76
shaanxi_guanzhong,1982-10-15,20.8,7.5,0.0,2.91,17.61,8.3,76
shaanxi_guanzhong,1982-10-16,16.5,13.3,12.0,0.75,3.66,6.4,87
shaanxi_guanzhong,1982-10-17,22.1,8.8,0.0,2.93,17.8,5.5,80
shaanxi_guanzhong,1982-10-18,23.6,9.2,0.0,3.07,16.73,11.2,66
shaanxi_guanzhong,1982-10-19,17.3,7.7,0.0,2.8,17.36,11.8,53
shaanxi_guanzhong,1982-10-20,21.5,7.7,0.0,2.87,17.27,6.6,65
shaanxi_guanzhong,1982-10-21,21.3,6.7,0.0,2.81,16.87,5.2,68
shaanxi_guanzhong,1982-10-22,19.8,9.1,11.2,2.02,11.3,9.4,78
shaanxi_guanzhong,1982-10-23,13.9,11.7,9.5,0.62,2.56,11.3,86
shaanxi_guanzhong,1982-10-24,15.1,8.5,0.2,1.25,7.67,10.2,86
shaanxi_guanzhong,1982-10-25,13.9,10.4,2.9,0.84,4.68,10.6,86
shaanxi_guanzhong,1982-10-26,15.5,9.6,0.0,1.43,7.87,13.4,78
shaanxi_guanzhong,1982-10-27,16.3,9.3,0.0,1.49,8.93,10.8,78
shaanxi_guanzhong,1982-10-28,13.7,10.6,2.2,0.53,2.57,6.8,91
shaanxi_guanzhong,1982-10-29,15.3,11.9,4.7,0.79,4.26,4.8,91
shaanxi_guanzhong,1982-10-30,13.1,7.9,15.4,0.6,2.89,12.9,86
shaanxi_guanzhong,1982-10-31,17.1,3.6,0.0,2.31,15.74,5.3,70
shaanxi_guanzhong,1982-11-01,15.9,3.6,0.2,2.12,14.31,12.2,72
shaanxi_guanzhong,1982-11-02,15.4,7.3,0.0,1.67,10.58,10.5,72
shaanxi_guanzhong,1982-11-03,14.1,7.8,0.5,1.23,7.8,7.9,79
shaanxi_guanzhong,1982-11-04,17.1,5.6,0.0,2.02,13.89,8.6,84
shaanxi_guanzhong,1982-11-05,15.6,9.4,0.0,1.12,6.6,8.3,84
shaanxi_guanzhong,1982-11-06,13.8,9.4,6.3,0.98,5.32,13.0,80
shaanxi_guanzhong,1982-11-07,11.6,7.6,8.2,0.58,3.28,7.2,91
shaanxi_guanzhong,1982-11-08,15.4,6.4,0.5,2.19,11.79,17.8,65
shaanxi_guanzhong,1982-11-09,10.0,0.2,0.0,2.11,14.71,10.6,40
shaanxi_guanzhong,1982-11-10,10.5,-2.1,0.0,1.79,14.34,4.9,59
shaanxi_guanzhong,1982-11-11,13.4,-1.1,0.0,1.88,14.08,6.2,70
shaanxi_guanzhong,1982-11-12,14.5,2.0,0.0,1.83,13.33,7.9,76
shaanxi_guanzhong,1982-11-13,10.5,2.3,0.1,1.26,5.34,13.6,69
shaanxi_guanzhong,1982-11-14,9.8,-1.4,0.1,1.61,13.09,5.4,66
shaanxi_guanzhong,1982-11-15,6.5,-1.1,0.2,0.76,4.92,9.8,72
shaanxi_guanzhong,1982-11-16,11.5,-3.1,0.0,1.76,13.55,10.2,67
shaanxi_guanzhong,1982-11-17,12.2,0.3,0.0,1.44,10.59,6.2,71
shaanxi_guanzhong,1982-11-18,11.2,0.1,0.0,1.72,12.51,9.2,60
shaanxi_guanzhong,1982-11-19,11.5,-2.0,0.0,1.71,13.04,7.9,59
shaanxi_guanzhong,1982-11-20,9.0,2.6,0.3,1.14,6.98,8.4,63
shaanxi_guanzhong,1982-11-21,10.2,2.4,0.9,1.21,7.33,10.5,70
shaanxi_guanzhong,1982-11-22,9.0,-1.5,0.0,1.46,11.7,6.9,60
shaanxi_guanzhong,1982-11-23,10.1,1.4,0.0,1.22,8.98,6.4,65
shaanxi_guanzhong,1982-11-24,6.8,1.7,0.0,1.17,7.2,11.1,61
shaanxi_guanzhong,1982-11-25,7.2,1.6,0.4,0.98,7.6,6.3,73
shaanxi_guanzhong,1982-11-26,5.3,1.5,4.8,0.53,3.94,7.2,87
shaanxi_guanzhong,1982-11-27,4.2,2.1,12.1,0.42,3.16,7.6,93
shaanxi_guanzhong,1982-11-28,7.6,-2.8,2.7,1.06,8.08,10.0,75
shaanxi_guanzhong,1982-11-29,10.1,-3.8,0.0,1.47,12.29,4.1,61
shaanxi_guanzhong,1982-11-30,10.2,-3.4,0.0,1.45,11.95,5.6,64
shaanxi_guanzhong,1982-12-01,11.0,-3.1,0.0,1.44,11.09,7.1,71
shaanxi_guanzhong,1982-12-02,9.0,-3.4,0.0,1.43,11.65,11.6,63
shaanxi_guanzhong,1982-12-03,10.5,-2.5,0.0,1.4,11.51,7.9,73
shaanxi_guanzhong,1982-12-04,8.4,-1.5,0.3,1.64,11.52,11.8,56
shaanxi_guanzhong,1982-12-05,0.1,-4.9,0.0,1.07,8.28,10.3,48
shaanxi_guanzhong,1982-12-06,1.7,-6.7,0.0,1.27,10.92,9.5,43
shaanxi_guanzhong,1982-12-07,3.3,-4.1,0.2,1.04,8.56,5.9,51
shaanxi_guanzhong,1982-12-08,4.9,-3.3,0.0,0.97,9.17,11.2,76
shaanxi_guanzhong,1982-12-09,3.4,-2.4,0.0,0.7,6.31,11.8,81
shaanxi_guanzhong,1982-12-10,5.3,-1.7,0.0,1.36,7.74,14.6,56
shaanxi_guanzhong,1982-12-11,2.5,-5.5,0.0,1.32,11.0,11.6,35
shaanxi_guanzhong,1982-12-12,4.0,-6.4,0.0,1.07,10.22,5.5,50
shaanxi_guanzhong,1982-12-13,7.5,-5.3,0.0,1.27,10.89,8.2,53
shaanxi_guanzhong,1982-12-14,5.2,-3.9,0.0,1.0,8.28,7.4,61
shaanxi_guanzhong,1982-12-15,5.3,-2.5,0.9,1.05,7.68,11.3,61
shaanxi_guanzhong,1982-12-16,7.2,-4.9,0.0,1.4,11.46,13.9,47
shaanxi_guanzhong,1982-12-17,5.8,-5.7,0.0,1.18,11.11,3.9,52
shaanxi_guanzhong,1982-12-18,7.7,-4.6,0.0,1.28,11.35,5.2,59
shaanxi_guanzhong,1982-12-19,9.2,-4.9,0.0,1.31,11.32,3.9,65
shaanxi_guanzhong,1982-12-20,9.5,-4.2,0.0,1.4,11.26,7.6,59
shaanxi_guanzhong,1982-12-21,8.0,-2.7,0.0,1.4,11.23,8.2,48
shaanxi_guanzhong,1982-12-22,8.7,-4.3,0.0,1.3,11.29,5.6,57
shaanxi_guanzhong,1982-12-23,10.2,-2.6,0.0,1.59,10.58,10.3,58
shaanxi_guanzhong,1982-12-24,1.7,-2.0,0.5,0.96,4.09,8.6,47
shaanxi_guanzhong,1982-12-25,2.7,-5.2,0.0,1.51,11.22,12.1,37
shaanxi_guanzhong,1982-12-26,10.9,-5.1,0.0,1.74,11.6,12.8,34
shaanxi_guanzhong,1982-12-27,10.8,-4.0,0.0,1.45,11.71,5.5,46
shaanxi_guanzhong,1982-12-28,10.8,-4.2,0.0,1.51,11.71,8.4,56
shaanxi_guanzhong,1982-12-29,8.1,-3.4,0.0,1.29,11.06,4.6,60
shaanxi_guanzhong,1982-12-30,5.9,-2.2,0.0,1.2,10.48,10.3,68
shaanxi_guanzhong,1982-12-31,1.9,-1.1,3.4,0.53,4.39,5.9,83
shaanxi_guanzhong,1983-01-01,5.1,-2.9,0.0,0.89,8.09,5.9,80
shaanxi_guanzhong,1983-01-02,5.5,-3.6,0.0,1.01,9.67,6.5,79
shaanxi_guanzhong,1983-01-03,3.9,-1.0,4.9,0.6,5.12,5.2,82
shaanxi_guanzhong,1983-01-04,6.0,-3.9,0.0,1.24,11.47,8.3,67
shaanxi_guanzhong,1983-01-05,7.3,-3.7,0.0,1.29,11.91,6.3,71
shaanxi_guanzhong,1983-01-06,7.2,-4.0,0.0,1.35,10.03,18.2,68
shaanxi_guanzhong,1983-01-07,-0.3,-7.1,0.0,1.5,12.53,11.0,30
shaanxi_guanzhong,1983-01-08,-1.4,-8.8,0.0,1.19,10.47,9.7,32
shaanxi_guanzhong,1983-01-09,0.6,-5.6,0.0,1.03,8.88,4.5,32
shaanxi_guanzhong,1983-01-10,-0.2,-4.4,0.6,0.71,5.39,5.6,51
shaanxi_guanzhong,1983-01-11,2.5,-5.7,0.0,1.13,10.81,7.1,54
shaanxi_guanzhong,1983-01-12,4.3,-7.5,0.0,1.27,11.83,6.1,48
shaanxi_guanzhong,1983-01-13,4.4,-6.8,0.0,1.3,12.39,7.6,49
shaanxi_guanzhong,1983-01-14,4.0,-3.0,0.0,1.04,8.86,7.1,55
shaanxi_guanzhong,1983-01-15,5.5,-4.3,0.0,1.15,10.58,6.1,62
shaanxi_guanzhong,1983-01-16,1.7,-3.9,2.9,0.54,3.54,9.4,74
shaanxi_guanzhong,1983-01-17,4.1,-6.8,0.0,1.34,13.12,9.7,61
shaanxi_guanzhong,1983-01-18,3.3,-5.4,0.0,1.22,8.01,16.0,52
shaanxi_guanzhong,1983-01-19,1.4,-9.1,0.0,1.27,13.66,6.8,45
shaanxi_guanzhong,1983-01-20,3.2,-9.3,0.0,1.09,10.7,4.3,52
shaanxi_guanzhong,1983-01-21,2.1,-8.5,0.0,1.3,13.4,6.3,46
shaanxi_guanzhong,1983-01-22,2.3,-7.3,0.0,1.1,10.54,6.0,46
shaanxi_guanzhong,1983-01-23,6.1,-8.3,0.0,1.49,13.86,4.6,58
shaanxi_guanzhong,1983-01-24,7.4,-7.1,0.0,1.57,13.8,5.7,59
shaanxi_guanzhong,1983-01-25,10.3,-5.7,0.0,1.69,13.85,5.1,63
shaanxi_guanzhong,1983-01-26,10.2,-4.3,0.0,1.72,13.67,7.0,66
shaanxi_guanzhong,1983-01-27,9.9,-2.3,0.0,1.65,13.81,9.1,65
shaanxi_guanzhong,1983-01-28,10.0,-2.1,0.0,1.28,10.31,5.6,78
shaanxi_guanzhong,1983-01-29,10.3,-2.6,0.0,1.77,13.98,9.4,63
shaanxi_guanzhong,1983-01-30,6.4,-1.7,0.0,1.18,6.01,15.6,62
shaanxi_guanzhong,1983-01-31,2.9,-2.2,0.4,0.91,6.44,10.0,66
shaanxi_guanzhong,1983-02-01,6.6,-3.2,0.0,1.47,10.95,12.4,54
shaanxi_guanzhong,1983-02-02,4.6,-4.7,0.0,1.41,12.34,7.5,48
shaanxi_guanzhong,1983-02-03,7.9,-5.6,0.0,1.73,15.03,4.6,57
shaanxi_guanzhong,1983-02-04,9.6,-4.2,0.0,1.7,13.73,5.8,62
shaanxi_guanzhong,1983-02-05,11.3,-3.1,0.0,1.84,13.9,6.4,65
shaanxi_guanzhong,1983-02-06,4.2,-1.7,1.3,1.0,6.42,7.8,54
shaanxi_guanzhong,1983-02-07,6.1,-5.1,1.6,1.59,13.66,12.2,63
shaanxi_guanzhong,1983-02-08,12.2,-5.0,0.0,2.22,16.31,11.8,45
shaanxi_guanzhong,1983-02-09,9.0,-4.9,0.0,1.81,14.66,5.2,45
shaanxi_guanzhong,1983-02-10,9.8,-4.0,0.0,1.79,13.86,6.6,53
shaanxi_guanzhong,1983-02-11,10.0,-4.6,0.0,2.07,16.63,5.3,43
shaanxi_guanzhong,1983-02-12,10.5,-3.6,0.0,2.12,15.9,8.7,49
shaanxi_guanzhong,1983-02-13,9.6,-4.3,0.5,1.83,14.24,9.9,55
shaanxi_guanzhong,1983-02-14,10.0,-4.7,0.0,2.13,16.8,9.8,56
shaanxi_guanzhong,1983-02-15,5.0,-1.7,1.1,0.64,3.92,9.7,66
shaanxi_guanzhong,1983-02-16,12.1,-3.4,0.0,2.37,17.25,9.5,47
shaanxi_guanzhong,1983-02-17,10.5,-2.4,0.0,2.02,13.65,13.7,44
shaanxi_guanzhong,1983-02-18,5.7,-4.8,0.0,2.16,17.43,11.8,31
shaanxi_guanzhong,1983-02-19,9.5,-3.3,0.0,2.43,17.5,14.1,35
shaanxi_guanzhong,1983-02-20,2.7,-6.9,0.0,2.2,16.17,14.7,21
shaanxi_guanzhong,1983-02-21,6.3,-4.0,0.0,2.23,16.69,10.1,33
shaanxi_guanzhong,1983-02-22,6.5,-3.5,0.0,1.71,13.93,8.6,48
shaanxi_guanzhong,1983-02-23,7.6,-2.7,0.0,1.7,13.79,7.0,54
shaanxi_guanzhong,1983-02-24,9.2,-1.5,0.0,2.07,16.98,11.4,54
shaanxi_guanzhong,1983-02-25,9.9,-0.6,0.0,1.96,14.98,13.5,55
shaanxi_guanzhong,1983-02-26,8.0,0.4,0.0,1.4,10.63,7.6,63
shaanxi_guanzhong,1983-02-27,8.3,-0.9,0.0,1.62,11.2,14.2,65
shaanxi_guanzhong,1983-02-28,5.7,0.9,1.8,0.94,7.16,6.8,75
shaanxi_guanzhong,1983-03-01,8.1,0.1,0.0,1.48,11.42,7.5,74
shaanxi_guanzhong,1983-03-02,9.3,-1.4,0.0,1.73,13.76,7.0,71
shaanxi_guanzhong,1983-03-03,10.7,-2.2,0.0,2.35,16.16,10.5,56
shaanxi_guanzhong,1983-03-04,6.8,-4.8,0.0,2.39,20.29,9.5,34
shaanxi_guanzhong,1983-03-05,8.4,-6.3,0.0,2.45,20.42,4.8,39
shaanxi_guanzhong,1983-03-06,11.6,-4.9,0.0,2.67,19.99,5.5,48
shaanxi_guanzhong,1983-03-07,11.3,-1.3,0.0,1.96,11.55,11.5,46
shaanxi_guanzhong,1983-03-08,8.9,0.6,0.1,1.57,9.69,12.5,60
shaanxi_guanzhong,1983-03-09,12.9,-3.4,0.0,2.68,20.01,4.7,62
shaanxi_guanzhong,1983-03-10,13.9,-1.2,0.0,2.78,19.24,10.6,47
shaanxi_guanzhong,1983-03-11,17.0,2.0,0.0,2.8,17.51,7.9,52
shaanxi_guanzhong,1983-03-12,18.0,1.5,0.0,3.45,21.1,8.6,35
shaanxi_guanzhong,1983-03-13,13.7,1.2,0.0,3.11,19.02,16.0,31
shaanxi_guanzhong,1983-03-14,9.7,4.9,0.0,1.7,9.94,5.7,45
shaanxi_guanzhong,1983-03-15,17.7,-0.6,0.0,3.63,19.09,18.4,50
shaanxi_guanzhong,1983-03-16,12.4,-1.6,0.0,3.64,22.35,17.6,27
shaanxi_guanzhong,1983-03-17,14.0,-1.2,0.0,3.44,22.27,14.8,30
shaanxi_guanzhong,1983-03-18,15.0,1.7,0.0,2.56,16.73,7.0,44
shaanxi_guanzhong,1983-03-19,16.2,2.4,0.0,2.72,17.68,4.8,65
shaanxi_guanzhong,1983-03-20,18.2,5.9,0.0,2.95,16.85,11.2,59
shaanxi_guanzhong,1983-03-21,16.8,8.0,0.3,1.93,8.89,13.3,69
shaanxi_guanzhong,1983-03-22,10.7,3.7,13.6,1.25,7.8,18.8,79
shaanxi_guanzhong,1983-03-23,5.4,2.2,8.0,0.91,6.39,12.7,81
shaanxi_guanzhong,1983-03-24,9.8,-0.5,0.3,2.05,15.16,6.9,68
shaanxi_guanzhong,1983-03-25,11.3,-1.5,0.0,2.08,15.52,7.0,67
shaanxi_guanzhong,1983-03-26,12.1,3.4,0.4,1.96,13.44,10.1,67
shaanxi_guanzhong,1983-03-27,13.3,2.3,0.0,2.49,17.54,10.3,66
shaanxi_guanzhong,1983-03-28,12.9,5.8,0.0,2.18,12.81,13.4,58
shaanxi_guanzhong,1983-03-29,13.4,4.3,0.0,2.24,14.05,8.8,58
shaanxi_guanzhong,1983-03-30,13.7,5.7,0.2,2.31,15.27,7.4,71
shaanxi_guanzhong,1983-03-31,20.8,2.8,0.0,3.96,22.91,12.4,56
shaanxi_guanzhong,1983-04-01,18.3,6.5,0.0,2.96,15.22,15.1,51
shaanxi_guanzhong,1983-04-02,17.0,3.9,0.4,2.59,15.44,8.4,60
shaanxi_guanzhong,1983-04-03,18.7,5.0,0.0,3.92,23.32,9.4,52
shaanxi_guanzhong,1983-04-04,22.6,5.5,0.3,3.85,20.52,12.6,54
shaanxi_guanzhong,1983-04-05,24.2,7.8,0.0,3.95,22.04,8.4,66
shaanxi_guanzhong,1983-04-06,24.0,9.2,0.0,4.31,23.59,12.5,54
shaanxi_guanzhong,1983-04-07,24.2,10.1,0.3,3.63,19.06,10.2,55
shaanxi_guanzhong,1983-04-08,19.6,11.6,9.6,2.06,11.35,7.8,79
shaanxi_guanzhong,1983-04-09,20.7,12.2,0.0,2.28,12.37,10.2,77
shaanxi_guanzhong,1983-04-10,15.0,12.3,24.5,0.88,4.01,15.6,88
shaanxi_guanzhong,1983-04-11,17.6,10.4,2.5,2.65,15.93,5.8,76
shaanxi_guanzhong,1983-04-12,18.3,10.9,1.5,2.2,12.94,5.7,75
shaanxi_guanzhong,1983-04-13,15.6,11.2,2.7,1.39,7.7,6.9,84
shaanxi_guanzhong,1983-04-14,13.3,3.8,4.4,2.47,12.46,13.7,61
shaanxi_guanzhong,1983-04-15,11.3,2.7,1.1,3.16,23.26,9.0,59
shaanxi_guanzhong,1983-04-16,17.9,-0.6,0.0,4.08,26.35,9.0,55
shaanxi_guanzhong,1983-04-17,18.9,6.2,0.3,3.59,22.2,5.2,62
shaanxi_guanzhong,1983-04-18,20.0,8.6,0.0,3.43,20.13,5.2,70
shaanxi_guanzhong,1983-04-19,20.7,8.6,4.1,2.76,14.85,13.2,73
shaanxi_guanzhong,1983-04-20,14.4,9.6,6.3,1.4,5.69,16.1,79
shaanxi_guanzhong,1983-04-21,20.7,5.7,0.0,4.39,26.2,13.0,65
shaanxi_guanzhong,1983-04-22,22.8,5.1,0.0,4.5,25.73,5.5,55
shaanxi_guanzhong,1983-04-23,23.5,9.4,0.0,4.07,22.8,5.7,61
shaanxi_guanzhong,1983-04-24,23.6,10.1,5.1,4.11,22.79,8.3,70
shaanxi_guanzhong,1983-04-25,14.8,6.1,21.1,0.9,2.81,18.8,85
shaanxi_guanzhong,1983-04-26,23.4,5.6,0.0,4.2,23.5,7.1,63
shaanxi_guanzhong,1983-04-27,23.9,8.7,0.0,4.4,24.62,7.0,65
shaanxi_guanzhong,1983-04-28,15.1,6.7,0.2,4.69,24.08,26.0,33
shaanxi_guanzhong,1983-04-29,13.3,1.9,0.0,1.92,11.44,5.4,49
shaanxi_guanzhong,1983-04-30,17.5,7.0,0.5,4.05,25.89,8.6,65
shaanxi_guanzhong,1983-05-01,20.7,6.8,0.0,3.88,22.85,5.9,67
shaanxi_guanzhong,1983-05-02,17.6,10.4,2.3,1.38,6.61,13.6,76
shaanxi_guanzhong,1983-05-03,18.6,8.9,0.1,2.45,14.1,6.3,78
shaanxi_guanzhong,1983-05-04,20.4,12.4,0.0,3.48,19.54,7.3,68
shaanxi_guanzhong,1983-05-05,23.8,8.5,0.0,4.51,25.02,7.8,66
shaanxi_guanzhong,1983-05-06,25.7,10.5,0.4,4.79,24.27,11.6,61
shaanxi_guanzhong,1983-05-07,27.1,11.0,0.0,4.63,24.21,7.2,52
shaanxi_guanzhong,1983-05-08,27.6,13.0,0.0,4.82,24.8,7.1,58
shaanxi_guanzhong,1983-05-09,29.6,13.1,0.0,5.26,26.75,8.0,60
shaanxi_guanzhong,1983-05-10,29.5,15.1,0.0,4.95,24.81,6.0,65
shaanxi_guanzhong,1983-05-11,29.5,15.7,0.0,5.1,24.63,9.4,62
shaanxi_guanzhong,1983-05-12,29.5,14.0,0.0,5.01,24.35,10.3,52
shaanxi_guanzhong,1983-05-13,22.2,17.1,5.3,2.63,12.99,7.9,67
shaanxi_guanzhong,1983-05-14,18.5,12.3,32.3,1.06,4.06,21.6,84
shaanxi_guanzhong,1983-05-15,21.5,6.6,0.0,4.79,28.36,7.6,65
shaanxi_guanzhong,1983-05-16,21.0,10.9,0.0,2.68,14.21,6.0,69
shaanxi_guanzhong,1983-05-17,24.6,9.6,0.0,5.06,28.22,9.4,67
shaanxi_guanzhong,1983-05-18,26.5,12.1,0.0,4.84,24.77,11.7,63
shaanxi_guanzhong,1983-05-19,25.3,14.3,0.0,3.95,20.98,9.2,71
shaanxi_guanzhong,1983-05-20,28.0,15.3,0.0,5.3,27.54,6.4,71
shaanxi_guanzhong,1983-05-21,18.4,11.0,4.1,2.26,7.87,22.9,70
shaanxi_guanzhong,1983-05-22,20.8,9.4,0.0,4.08,23.68,6.9,69
shaanxi_guanzhong,1983-05-23,19.4,12.0,9.2,1.9,10.17,12.0,83
shaanxi_guanzhong,1983-05-24,16.5,15.4,20.8,0.54,1.84,8.7,95
shaanxi_guanzhong,1983-05-25,17.2,15.4,41.5,0.64,2.39,7.6,95
shaanxi_guanzhong,1983-05-26,19.6,11.4,10.7,2.17,11.28,10.4,79
shaanxi_guanzhong,1983-05-27,26.3,10.1,0.0,5.47,29.82,4.7,63
shaanxi_guanzhong,1983-05-28,25.5,11.3,0.0,4.13,21.95,4.3,73
shaanxi_guanzhong,1983-05-29,26.9,14.3,0.0,4.37,22.83,4.2,74
shaanxi_guanzhong,1983-05-30,28.4,11.6,0.0,5.74,29.75,9.0,66
shaanxi_guanzhong,1983-05-31,28.0,14.5,2.9,3.65,18.37,6.4,76
shaanxi_guanzhong,1983-06-01,25.2,17.3,1.6,2.52,12.79,5.2,83
shaanxi_guanzhong,1983-06-02,26.6,13.9,0.0,5.03,27.08,6.0,78
shaanxi_guanzhong,1983-06-03,28.1,16.4,0.3,4.73,24.42,9.3,76
shaanxi_guanzhong,1983-06-04,19.8,12.9,13.2,1.34,5.89,15.6,85
shaanxi_guanzhong,1983-06-05,19.9,12.3,1.0,2.62,12.66,10.8,70
shaanxi_guanzhong,1983-06-06,22.9,11.5,0.0,3.79,20.66,5.0,60
shaanxi_guanzhong,1983-06-07,26.3,13.2,0.0,4.74,24.34,8.7,63
shaanxi_guanzhong,1983-06-08,25.7,11.5,0.0,5.27,28.23,8.9,63
shaanxi_guanzhong,1983-06-09,26.2,15.0,0.0,3.57,18.29,7.0,69
shaanxi_guanzhong,1983-06-10,27.6,14.6,0.0,5.18,26.09,10.4,67
shaanxi_guanzhong,1983-06-11,21.2,16.2,7.8,1.27,3.76,18.4,80
shaanxi_guanzhong,1983-06-12,25.3,12.5,0.0,5.68,30.34,10.2,55
shaanxi_guanzhong,1983-06-13,25.2,11.4,0.0,3.55,18.57,4.3,68
shaanxi_guanzhong,1983-06-14,26.2,16.5,0.0,3.82,19.51,5.9,68
shaanxi_guanzhong,1983-06-15,29.7,13.7,0.0,5.73,29.26,6.5,64
shaanxi_guanzhong,1983-06-16,30.0,16.6,0.0,5.13,25.66,5.7,67
shaanxi_guanzhong,1983-06-17,30.2,17.6,0.0,5.38,26.38,8.4,67
shaanxi_guanzhong,1983-06-18,28.1,19.4,12.9,3.02,13.59,9.0,73
shaanxi_guanzhong,1983-06-19,25.6,18.5,6.1,4.56,22.45,15.4,67
shaanxi_guanzhong,1983-06-20,24.4,17.1,0.1,2.92,14.82,6.9,76
shaanxi_guanzhong,1983-06-21,21.4,19.3,20.5,1.08,4.55,9.3,89
shaanxi_guanzhong,1983-06-22,24.4,18.9,17.5,1.61,7.82,8.1,93
shaanxi_guanzhong,1983-06-23,20.8,18.9,29.1,0.84,3.68,8.2,96
shaanxi_guanzhong,1983-06-24,24.6,19.2,23.6,2.19,10.51,6.5,87
shaanxi_guanzhong,1983-06-25,21.9,19.0,10.0,1.14,5.1,6.2,92
shaanxi_guanzhong,1983-06-26,26.9,18.1,0.1,2.96,14.1,7.0,80
shaanxi_guanzhong,1983-06-27,29.3,16.2,0.0,5.4,27.45,5.0,69
shaanxi_guanzhong,1983-06-28,30.5,18.8,0.0,5.51,26.96,5.8,72
shaanxi_guanzhong,1983-06-29,30.7,19.2,0.0,5.31,25.98,7.7,72
shaanxi_guanzhong,1983-06-30,25.7,21.2,10.9,1.59,7.61,6.9,86
shaanxi_guanzhong,1983-07-01,28.9,18.7,1.0,5.32,26.56,10.7,72
shaanxi_guanzhong,1983-07-02,28.2,16.2,4.3,5.7,29.08,11.5,62
shaanxi_guanzhong,1983-07-03,27.3,16.9,0.0,3.66,18.2,5.7,69
shaanxi_guanzhong,1983-07-04,28.8,15.6,0.4,5.37,27.5,6.9,70
shaanxi_guanzhong,1983-07-05,26.8,18.5,0.0,3.04,14.79,5.6,77
shaanxi_guanzhong,1983-07-06,27.0,21.0,0.0,3.5,17.44,4.7,73
shaanxi_guanzhong,1983-07-07,27.9,19.3,0.0,4.75,24.3,5.5,73
shaanxi_guanzhong,1983-07-08,28.6,18.3,0.0,4.08,20.09,6.0,74
shaanxi_guanzhong,1983-07-09,27.8,22.3,0.0,3.31,15.85,6.2,72
shaanxi_guanzhong,1983-07-10,25.0,20.4,2.9,2.03,9.57,5.9,83
shaanxi_guanzhong,1983-07-11,24.5,20.5,1.8,1.83,8.55,6.6,85
shaanxi_guanzhong,1983-07-12,25.6,19.7,0.0,2.46,12.24,4.6,84
shaanxi_guanzhong,1983-07-13,23.1,15.1,4.0,1.19,5.17,11.4,88
shaanxi_guanzhong,1983-07-14,28.6,13.0,0.0,5.84,29.97,7.6,66
shaanxi_guanzhong,1983-07-15,29.1,16.7,0.0,4.78,23.82,5.5,61
shaanxi_guanzhong,1983-07-16,30.2,15.5,0.0,5.46,27.64,6.1,67
shaanxi_guanzhong,1983-07-17,28.9,16.6,0.0,4.87,24.57,5.6,68
shaanxi_guanzhong,1983-07-18,24.6,18.9,14.3,1.82,7.77,9.2,80
shaanxi_guanzhong,1983-07-19,21.4,18.3,25.4,1.11,5.16,5.8,93
shaanxi_guanzhong,1983-07-20,23.8,18.3,16.8,1.77,8.69,4.6,89
shaanxi_guanzhong,1983-07-21,28.1,16.9,0.0,4.13,20.56,7.7,78
shaanxi_guanzhong,1983-07-22,30.0,16.6,0.0,4.97,24.95,3.6,73
shaanxi_guanzhong,1983-07-23,30.1,18.4,0.0,5.0,24.71,5.9,70
shaanxi_guanzhong,1983-07-24,30.3,16.7,0.0,5.39,26.43,8.0,71
shaanxi_guanzhong,1983-07-25,29.9,19.0,0.2,4.93,24.42,7.2,78
shaanxi_guanzhong,1983-07-26,30.8,21.4,0.6,4.89,23.72,10.4,78
shaanxi_guanzhong,1983-07-27,31.1,20.6,0.1,4.99,24.26,7.2,81
shaanxi_guanzhong,1983-07-28,26.5,22.3,15.7,1.76,8.24,6.1,91
shaanxi_guanzhong,1983-07-29,23.1,20.7,24.9,0.87,3.33,7.7,91
shaanxi_guanzhong,1983-07-30,21.1,17.8,53.6,0.86,2.81,16.3,90
shaanxi_guanzhong,1983-07-31,22.0,18.2,16.7,1.41,6.67,5.9,86
shaanxi_guanzhong,1983-08-01,27.3,18.4,0.0,3.21,15.8,7.6,81
shaanxi_guanzhong,1983-08-02,27.7,20.2,1.2,3.84,19.44,5.5,81
shaanxi_guanzhong,1983-08-03,27.0,21.7,6.3,2.8,13.86,6.2,84
shaanxi_guanzhong,1983-08-04,28.0,20.7,5.0,4.14,21.17,5.8,84
shaanxi_guanzhong,1983-08-05,24.0,19.8,18.1,1.87,7.94,12.9,84
shaanxi_guanzhong,1983-08-06,24.6,17.9,2.7,2.11,10.51,5.9,86
shaanxi_guanzhong,1983-08-07,27.0,19.2,0.0,3.16,15.76,10.2,82
shaanxi_guanzhong,1983-08-08,28.9,20.0,0.5,4.2,21.16,10.0,81
shaanxi_guanzhong,1983-08-09,27.6,20.4,9.1,3.7,18.95,9.3,84
shaanxi_guanzhong,1983-08-10,26.1,21.1,19.2,2.22,11.11,8.1,89
shaanxi_guanzhong,1983-08-11,26.4,21.2,14.1,2.47,12.32,8.1,89
shaanxi_guanzhong,1983-08-12,27.1,21.0,1.0,2.96,14.7,11.5,87
shaanxi_guanzhong,1983-08-13,27.4,21.4,1.0,3.24,16.18,10.2,86
shaanxi_guanzhong,1983-08-14,27.8,21.5,1.8,3.23,16.21,5.6,84
shaanxi_guanzhong,1983-08-15,28.5,22.0,1.0,3.88,19.38,6.8,81
shaanxi_guanzhong,1983-08-16,24.0,21.0,35.5,1.56,7.45,6.9,91
shaanxi_guanzhong,1983-08-17,20.9,17.6,65.7,0.49,1.29,7.1,93
shaanxi_guanzhong,1983-08-18,17.7,16.7,33.1,0.5,1.56,3.9,95
shaanxi_guanzhong,1983-08-19,23.8,16.7,0.5,3.11,16.66,6.9,82
shaanxi_guanzhong,1983-08-20,26.8,14.8,0.0,4.76,25.6,8.0,81
shaanxi_guanzhong,1983-08-21,24.3,18.9,11.1,1.85,9.13,7.6,87
shaanxi_guanzhong,1983-08-22,23.2,17.7,1.4,2.94,16.0,9.0,87
shaanxi_guanzhong,1983-08-23,25.2,16.6,0.0,4.1,22.6,7.7,80
shaanxi_guanzhong,1983-08-24,27.6,16.3,1.3,4.4,22.58,10.6,76
shaanxi_guanzhong,1983-08-25,26.8,14.0,0.0,4.54,24.04,6.6,69
shaanxi_guanzhong,1983-08-26,26.9,13.5,0.0,4.67,24.76,7.2,72
shaanxi_guanzhong,1983-08-27,28.2,15.6,0.0,4.56,23.79,8.0,77
shaanxi_guanzhong,1983-08-28,26.8,18.2,9.9,2.67,13.21,8.0,81
shaanxi_guanzhong,1983-08-29,29.3,14.9,0.0,4.95,25.52,4.7,74
shaanxi_guanzhong,1983-08-30,28.4,17.2,8.6,4.08,20.7,8.9,82
shaanxi_guanzhong,1983-08-31,27.9,19.9,23.4,2.19,10.56,9.2,85
shaanxi_guanzhong,1983-09-01,26.2,15.7,0.1,4.67,23.78,11.9,66
shaanxi_guanzhong,1983-09-02,26.9,13.9,0.0,4.51,23.77,7.8,67
shaanxi_guanzhong,1983-09-03,26.6,15.5,0.0,4.22,22.46,9.8,74
shaanxi_guanzhong,1983-09-04,24.7,17.6,17.4,2.75,14.43,8.5,83
shaanxi_guanzhong,1983-09-05,25.6,15.1,0.3,3.36,18.18,9.8,84
shaanxi_guanzhong,1983-09-06,23.6,19.2,7.9,1.42,6.6,10.1,88
shaanxi_guanzhong,1983-09-07,21.5,16.2,55.6,0.58,1.51,20.3,91
shaanxi_guanzhong,1983-09-08,24.8,12.4,0.0,4.26,23.59,4.8,78
shaanxi_guanzhong,1983-09-09,22.9,17.3,1.4,2.18,11.3,5.8,77
shaanxi_guanzhong,1983-09-10,23.9,17.1,0.0,3.41,18.3,6.2,72
shaanxi_guanzhong,1983-09-11,25.9,13.0,0.0,4.36,23.54,7.5,73
shaanxi_guanzhong,1983-09-12,20.0,17.0,6.9,0.93,3.93,7.4,84
shaanxi_guanzhong,1983-09-13,23.9,15.7,0.0,3.43,19.33,5.6,80
shaanxi_guanzhong,1983-09-14,26.2,14.0,0.0,4.1,22.35,10.2,80
shaanxi_guanzhong,1983-09-15,23.6,18.0,1.0,2.03,10.35,10.0,82
shaanxi_guanzhong,1983-09-16,23.4,16.8,0.3,2.23,11.81,8.4,84
shaanxi_guanzhong,1983-09-17,24.0,16.9,1.5,2.64,14.03,12.6,79
shaanxi_guanzhong,1983-09-18,20.2,14.7,0.8,2.13,8.11,13.4,69
shaanxi_guanzhong,1983-09-19,19.2,12.8,2.6,1.2,5.73,5.2,82
shaanxi_guanzhong,1983-09-20,19.0,16.4,15.0,0.62,2.62,12.6,94
shaanxi_guanzhong,1983-09-21,18.8,17.0,32.4,0.5,1.58,4.2,92
shaanxi_guanzhong,1983-09-22,18.1,16.5,19.6,0.43,1.28,6.7,94
shaanxi_guanzhong,1983-09-23,19.4,13.7,1.4,1.1,4.83,7.1,83
shaanxi_guanzhong,1983-09-24,22.1,11.3,0.0,2.11,11.06,5.9,78
shaanxi_guanzhong,1983-09-25,18.1,14.7,19.8,0.55,1.84,6.9,89
shaanxi_guanzhong,1983-09-26,14.9,14.1,23.2,0.48,1.63,6.8,93
shaanxi_guanzhong,1983-09-27,16.1,13.8,24.0,0.53,1.75,7.7,91
shaanxi_guanzhong,1983-09-28,19.9,12.1,0.0,2.36,13.97,6.6,83
shaanxi_guanzhong,1983-09-29,22.5,10.4,0.0,3.36,20.12,8.2,81
shaanxi_guanzhong,1983-09-30,23.6,11.1,0.0,3.23,18.69,7.0,82
shaanxi_guanzhong,1983-10-01,24.3,12.8,0.0,3.12,17.33,7.4,81
shaanxi_guanzhong,1983-10-02,24.1,14.2,1.3,2.58,13.67,6.9,79
shaanxi_guanzhong,1983-10-03,18.0,16.1,24.0,0.54,1.96,5.4,93
shaanxi_guanzhong,1983-10-04,16.3,14.9,28.8,0.37,0.93,3.4,94
shaanxi_guanzhong,1983-10-05,15.1,14.2,26.7,0.4,1.05,9.4,93
shaanxi_guanzhong,1983-10-06,14.9,13.2,27.7,0.4,1.23,12.2,95
shaanxi_guanzhong,1983-10-07,22.7,9.0,0.1,3.27,19.3,7.4,79
shaanxi_guanzhong,1983-10-08,22.4,11.0,0.0,3.18,18.99,11.0,81
shaanxi_guanzhong,1983-10-09,20.8,12.6,0.0,2.19,13.02,8.0,85
shaanxi_guanzhong,1983-10-10,17.4,13.6,3.3,1.15,3.55,13.1,77
shaanxi_guanzhong,1983-10-11,13.4,11.2,8.2,0.65,3.29,5.5,89
shaanxi_guanzhong,1983-10-12,11.6,10.0,25.9,0.38,1.22,6.4,91
shaanxi_guanzhong,1983-10-13,14.0,10.8,0.0,1.16,6.4,3.5,73
shaanxi_guanzhong,1983-10-14,14.0,10.1,2.8,0.93,5.12,9.0,87
shaanxi_guanzhong,1983-10-15,14.1,9.9,3.7,0.99,5.8,7.1,91
shaanxi_guanzhong,1983-10-16,12.6,11.7,13.3,0.43,1.51,3.3,93
shaanxi_guanzhong,1983-10-17,13.3,11.4,13.3,0.52,2.15,3.3,94
shaanxi_guanzhong,1983-10-18,12.2,10.8,13.3,0.38,1.31,8.9,95
shaanxi_guanzhong,1983-10-19,13.5,10.4,2.0,0.94,5.35,4.1,88
shaanxi_guanzhong,1983-10-20,13.9,8.5,2.9,0.85,4.8,7.1,89
shaanxi_guanzhong,1983-10-21,13.1,11.1,6.6,0.6,2.92,4.8,91
shaanxi_guanzhong,1983-10-22,13.5,11.6,5.8,0.57,2.57,5.5,89
shaanxi_guanzhong,1983-10-23,13.6,11.0,5.8,0.7,3.81,14.7,91
shaanxi_guanzhong,1983-10-24,12.1,9.6,16.3,0.45,2.12,10.0,94
shaanxi_guanzhong,1983-10-25,14.0,4.9,14.7,1.42,9.0,6.9,78
shaanxi_guanzhong,1983-10-26,14.0,2.3,0.0,2.25,16.0,7.6,66
shaanxi_guanzhong,1983-10-27,14.2,5.0,0.0,2.09,15.14,8.4,72
shaanxi_guanzhong,1983-10-28,17.8,3.9,0.0,2.35,15.48,7.0,74
shaanxi_guanzhong,1983-10-29,16.5,4.4,0.0,1.76,11.34,6.0,80
shaanxi_guanzhong,1983-10-30,18.7,7.8,0.5,2.18,13.75,6.9,78
shaanxi_guanzhong,1983-10-31,17.8,4.4,0.6,2.16,12.68,10.9,68
shaanxi_guanzhong,1983-11-01,16.7,3.8,0.0,2.25,14.82,8.4,66
shaanxi_guanzhong,1983-11-02,18.1,7.4,0.0,1.79,9.49,9.3,67
shaanxi_guanzhong,1983-11-03,17.4,5.9,0.0,1.88,11.72,8.0,64
shaanxi_guanzhong,1983-11-04,17.5,4.3,0.0,2.15,14.24,6.3,77
shaanxi_guanzhong,1983-11-05,17.5,5.3,0.0,2.02,13.52,6.4,81
shaanxi_guanzhong,1983-11-06,15.7,9.3,0.7,1.19,6.86,10.9,82
shaanxi_guanzhong,1983-11-07,15.4,11.7,5.2,0.84,4.57,10.2,90
shaanxi_guanzhong,1983-11-08,12.8,11.1,7.5,0.47,1.94,6.7,91
shaanxi_guanzhong,1983-11-09,13.0,5.3,7.0,0.61,3.18,9.4,88
shaanxi_guanzhong,1983-11-10,13.3,0.3,0.0,1.95,13.98,7.5,62
shaanxi_guanzhong,1983-11-11,13.9,4.9,0.0,1.83,11.28,9.6,54
shaanxi_guanzhong,1983-11-12,12.8,0.9,0.0,1.83,13.35,6.3,59
shaanxi_guanzhong,1983-11-13,12.0,4.9,0.0,1.26,8.48,6.0,66
shaanxi_guanzhong,1983-11-14,15.7,1.0,0.0,1.88,13.06,7.1,74
shaanxi_guanzhong,1983-11-15,15.8,2.0,0.0,2.07,13.61,9.8,55
shaanxi_guanzhong,1983-11-16,15.5,1.0,0.0,1.93,13.68,6.0,57
shaanxi_guanzhong,1983-11-17,11.2,-0.1,0.0,1.73,13.33,9.2,64
shaanxi_guanzhong,1983-11-18,13.7,1.8,0.0,1.72,12.95,6.1,68
shaanxi_guanzhong,1983-11-19,15.5,1.6,0.0,1.83,12.97,5.5,77
shaanxi_guanzhong,1983-11-20,8.2,5.1,15.9,0.3,1.06,6.6,90
shaanxi_guanzhong,1983-11-21,12.9,-0.9,0.0,1.68,12.92,5.9,78
shaanxi_guanzhong,1983-11-22,11.6,-0.1,0.0,1.54,12.37,6.4,77
shaanxi_guanzhong,1983-11-23,14.3,-0.8,0.0,1.72,12.42,8.7,72
shaanxi_guanzhong,1983-11-24,8.9,-0.0,0.0,1.03,7.57,5.5,72
shaanxi_guanzhong,1983-11-25,12.3,-0.4,0.0,1.66,12.28,9.8,69
shaanxi_guanzhong,1983-11-26,10.6,-2.1,0.0,1.55,12.45,8.7,69
shaanxi_guanzhong,1983-11-27,10.9,-0.9,0.0,1.5,11.94,8.9,68
shaanxi_guanzhong,1983-11-28,12.0,0.3,0.0,1.27,9.69,4.4,76
shaanxi_guanzhong,1983-11-29,12.0,0.6,0.0,1.61,10.59,10.4,56
shaanxi_guanzhong,1983-11-30,7.7,-4.0,0.0,1.42,12.27,6.1,56
shaanxi_guanzhong,1983-12-01,7.9,-1.7,0.0,1.16,9.21,7.0,64
shaanxi_guanzhong,1983-12-02,11.7,-1.0,0.0,1.43,11.44,5.4,73
shaanxi_guanzhong,1983-12-03,11.8,-1.4,0.0,1.52,11.76,9.0,73
shaanxi_guanzhong,1983-12-04,10.8,3.6,0.0,1.09,7.88,7.4,73
shaanxi_guanzhong,1983-12-05,13.0,-0.5,0.3,1.51,11.38,6.7,71
shaanxi_guanzhong,1983-12-06,13.0,-1.5,0.0,1.56,11.76,5.4,65
shaanxi_guanzhong,1983-12-07,8.0,-0.3,0.0,1.13,8.84,6.8,60
shaanxi_guanzhong,1983-12-08,11.1,-1.7,0.0,1.4,11.24,5.9,69
shaanxi_guanzhong,1983-12-09,11.5,-1.6,0.0,1.34,10.09,7.6,74
shaanxi_guanzhong,1983-12-10,9.5,-2.7,0.0,1.38,11.6,5.0,56
shaanxi_guanzhong,1983-12-11,6.3,-2.4,0.0,0.91,6.51,7.9,59
shaanxi_guanzhong,1983-12-12,11.9,-2.5,0.0,1.44,11.24,7.8,69
shaanxi_guanzhong,1983-12-13,10.5,-1.1,0.1,1.16,9.06,7.6,73
shaanxi_guanzhong,1983-12-14,7.2,0.0,0.4,1.06,7.96,12.0,71
shaanxi_guanzhong,1983-12-15,6.4,-2.3,0.0,1.0,9.49,7.8,80
shaanxi_guanzhong,1983-12-16,6.8,-2.0,0.8,0.67,5.23,7.4,79
shaanxi_guanzhong,1983-12-17,5.5,-2.6,0.0,1.2,10.49,11.4,66
shaanxi_guanzhong,1983-12-18,4.4,-2.5,0.0,0.92,6.9,10.8,67
shaanxi_guanzhong,1983-12-19,5.3,-3.0,0.0,1.06,10.28,8.5,75
shaanxi_guanzhong,1983-12-20,3.4,-1.9,1.7,0.62,3.78,10.1,74
shaanxi_guanzhong,1983-12-21,3.6,-4.9,0.1,1.32,11.44,9.7,47
shaanxi_guanzhong,1983-12-22,3.1,-4.7,0.0,1.03,8.76,8.4,43
shaanxi_guanzhong,1983-12-23,4.3,-6.8,0.0,1.16,11.23,5.7,52
shaanxi_guanzhong,1983-12-24,4.2,-6.2,0.0,1.17,11.47,4.7,47
shaanxi_guanzhong,1983-12-25,6.0,-5.7,0.0,1.24,11.52,3.8,50
shaanxi_guanzhong,1983-12-26,6.6,-5.4,0.0,1.27,11.35,5.1,47
shaanxi_guanzhong,1983-12-27,3.5,-5.4,0.0,0.85,7.24,4.4,53
shaanxi_guanzhong,1983-12-28,2.0,-4.7,0.0,1.03,7.6,9.5,50
shaanxi_guanzhong,1983-12-29,2.0,-6.0,0.0,0.94,9.53,9.2,69
shaanxi_guanzhong,1983-12-30,0.6,-5.4,0.0,0.73,7.6,10.2,75
shaanxi_guanzhong,1983-12-31,2.4,-5.3,0.2,0.96,10.48,7.9,75
shaanxi_guanzhong,1984-01-01,6.7,-5.1,0.0,1.24,11.84,4.7,68
shaanxi_guanzhong,1984-01-02,2.3,-5.6,0.0,1.3,12.07,12.4,50
shaanxi_guanzhong,1984-01-03,0.6,-7.8,0.0,1.18,10.94,9.0,41
shaanxi_guanzhong,1984-01-04,2.9,-5.3,0.0,1.26,11.82,9.9,47
shaanxi_guanzhong,1984-01-05,4.8,-5.4,0.0,1.12,10.5,3.6,53
shaanxi_guanzhong,1984-01-06,6.2,-6.3,0.0,1.27,11.65,6.2,52
shaanxi_guanzhong,1984-01-07,6.3,-5.8,0.0,1.25,10.1,7.6,46
shaanxi_guanzhong,1984-01-08,8.8,-4.8,0.0,1.49,12.61,5.2,44
shaanxi_guanzhong,1984-01-09,7.6,-5.4,0.0,1.0,7.97,4.7,59
shaanxi_guanzhong,1984-01-10,10.3,-3.5,0.0,1.52,12.59,4.7,47
shaanxi_guanzhong,1984-01-11,9.5,-4.4,0.0,1.43,11.04,7.8,58
shaanxi_guanzhong,1984-01-12,7.5,-4.7,0.0,1.51,12.71,7.2,48
shaanxi_guanzhong,1984-01-13,11.7,-4.1,0.0,1.63,12.66,7.6,64
shaanxi_guanzhong,1984-01-14,7.0,-2.2,0.0,1.06,6.43,9.2,56
shaanxi_guanzhong,1984-01-15,4.0,-4.1,0.0,1.42,10.31,9.7,45
shaanxi_guanzhong,1984-01-16,2.6,-4.8,0.1,1.18,8.55,9.6,49
shaanxi_guanzhong,1984-01-17,0.6,-3.5,3.5,0.65,5.63,6.6,71
shaanxi_guanzhong,1984-01-18,-0.3,-5.3,3.4,0.64,6.57,4.0,80
shaanxi_guanzhong,1984-01-19,0.1,-7.4,0.1,0.82,8.79,7.4,72
shaanxi_guanzhong,1984-01-20,0.5,-4.1,0.6,0.95,10.05,4.4,73
shaanxi_guanzhong,1984-01-21,0.3,-9.3,0.0,1.32,13.87,6.8,50
shaanxi_guanzhong,1984-01-22,-0.8,-10.1,0.0,0.95,10.02,6.6,51
shaanxi_guanzhong,1984-01-23,-0.9,-5.6,0.2,0.61,5.91,3.6,69
shaanxi_guanzhong,1984-01-24,-0.4,-6.7,0.0,0.87,9.56,3.7,74
shaanxi_guanzhong,1984-01-25,1.5,-8.7,0.1,1.09,11.91,5.3,72
shaanxi_guanzhong,1984-01-26,-0.8,-4.8,2.9,0.64,6.42,8.2,75
shaanxi_guanzhong,1984-01-27,-1.1,-6.0,1.2,0.79,10.08,8.5,77
shaanxi_guanzhong,1984-01-28,-1.1,-7.3,1.9,0.73,8.72,11.8,76
shaanxi_guanzhong,1984-01-29,-2.4,-5.7,3.3,0.62,7.45,8.7,83
shaanxi_guanzhong,1984-01-30,-1.7,-7.5,0.0,0.99,11.75,5.4,77
shaanxi_guanzhong,1984-01-31,0.0,-12.8,0.0,1.3,15.46,4.1,68
shaanxi_guanzhong,1984-02-01,-0.1,-10.9,0.1,1.2,13.95,4.0,63
shaanxi_guanzhong,1984-02-02,-0.5,-5.6,0.0,1.12,12.42,8.2,52
shaanxi_guanzhong,1984-02-03,-0.5,-7.0,0.0,0.96,12.24,10.1,67
shaanxi_guanzhong,1984-02-04,1.2,-5.7,0.0,1.07,10.94,5.8,70
shaanxi_guanzhong,1984-02-05,1.2,-7.0,0.0,1.1,11.41,5.7,65
shaanxi_guanzhong,1984-02-06,-0.9,-7.8,0.0,1.31,13.92,7.6,47
shaanxi_guanzhong,1984-02-07,1.4,-10.9,0.0,1.17,12.36,4.5,56
shaanxi_guanzhong,1984-02-08,2.7,-7.4,0.0,1.23,11.61,10.1,53
shaanxi_guanzhong,1984-02-09,0.7,-3.2,3.2,0.9,8.92,11.2,67
shaanxi_guanzhong,1984-02-10,0.8,-6.9,0.0,1.13,13.95,10.6,75
shaanxi_guanzhong,1984-02-11,1.6,-7.0,0.0,1.23,13.59,4.8,71
shaanxi_guanzhong,1984-02-12,5.5,-7.6,0.0,1.66,16.28,6.1,70
shaanxi_guanzhong,1984-02-13,5.8,-6.1,0.0,1.49,13.5,5.4,72
shaanxi_guanzhong,1984-02-14,10.7,-6.3,0.0,2.12,17.32,7.1,68
shaanxi_guanzhong,1984-02-15,10.6,-1.7,0.0,2.07,16.91,10.6,69
shaanxi_guanzhong,1984-02-16,8.7,-1.1,0.0,1.71,12.29,9.7,62
shaanxi_guanzhong,1984-02-17,2.9,-4.5,0.0,2.02,17.61,9.5,38
shaanxi_guanzhong,1984-02-18,5.4,-4.7,0.0,1.76,12.81,12.1,42
shaanxi_guanzhong,1984-02-19,7.5,-2.0,0.0,1.82,15.72,12.0,56
shaanxi_guanzhong,1984-02-20,8.8,-2.2,0.0,1.92,15.8,11.9,62
shaanxi_guanzhong,1984-02-21,3.6,-1.3,0.2,0.96,7.37,9.7,73
shaanxi_guanzhong,1984-02-22,6.4,-2.0,0.9,1.68,12.09,14.6,57
shaanxi_guanzhong,1984-02-23,6.3,-5.1,0.0,1.84,15.6,11.8,48
shaanxi_guanzhong,1984-02-24,4.2,-1.9,0.0,1.18,8.98,6.4,50
shaanxi_guanzhong,1984-02-25,6.4,-2.6,0.0,1.8,13.89,11.3,52
shaanxi_guanzhong,1984-02-26,7.9,-3.7,0.0,2.06,15.73,12.9,47
shaanxi_guanzhong,1984-02-27,6.4,-1.7,0.3,1.54,11.64,8.0,46
shaanxi_guanzhong,1984-02-28,4.7,-4.3,0.9,2.25,19.19,14.1,39
shaanxi_guanzhong,1984-02-29,9.6,-6.5,0.0,2.43,18.24,12.1,35
shaanxi_guanzhong,1984-03-01,12.2,-4.1,0.0,2.9,20.17,13.0,35
shaanxi_guanzhong,1984-03-02,12.9,-3.1,0.0,2.98,20.13,12.4,36
shaanxi_guanzhong,1984-03-03,11.5,-3.6,0.0,2.67,20.05,7.6,41
shaanxi_guanzhong,1984-03-04,15.5,-1.9,0.0,3.0,20.33,8.4,46
shaanxi_guanzhong,1984-03-05,14.6,0.1,0.0,2.78,18.29,8.8,45
shaanxi_guanzhong,1984-03-06,10.4,-0.6,2.3,1.75,12.24,11.3,57
shaanxi_guanzhong,1984-03-07,10.3,-0.1,0.0,2.02,15.23,10.8,63
shaanxi_guanzhong,1984-03-08,12.1,4.7,0.0,1.99,14.01,6.5,58
shaanxi_guanzhong,1984-03-09,8.0,-0.1,0.0,1.69,12.25,6.7,48
shaanxi_guanzhong,1984-03-10,7.7,-0.9,0.5,1.31,8.33,8.5,55
shaanxi_guanzhong,1984-03-11,15.3,-2.3,0.0,3.01,21.04,6.4,62
shaanxi_guanzhong,1984-03-12,13.3,1.9,0.8,1.95,10.94,14.6,62
shaanxi_guanzhong,1984-03-13,8.8,1.7,3.5,1.4,10.96,11.6,81
shaanxi_guanzhong,1984-03-14,9.1,0.8,1.0,1.42,11.09,10.8,78
shaanxi_guanzhong,1984-03-15,15.1,-1.8,0.0,2.79,19.56,7.2,69
shaanxi_guanzhong,1984-03-16,15.1,3.9,0.0,3.05,19.62,10.5,50
shaanxi_guanzhong,1984-03-17,18.4,4.4,0.0,3.26,20.12,12.6,51
shaanxi_guanzhong,1984-03-18,13.8,7.0,0.0,1.72,9.68,8.0,60
shaanxi_guanzhong,1984-03-19,11.8,1.7,0.0,2.16,12.69,9.5,42
shaanxi_guanzhong,1984-03-20,14.9,0.1,0.0,3.12,16.95,13.4,40
shaanxi_guanzhong,1984-03-21,10.0,2.8,0.0,2.14,12.0,10.9,47
shaanxi_guanzhong,1984-03-22,18.3,1.1,0.0,3.44,22.3,6.1,59
shaanxi_guanzhong,1984-03-23,14.0,5.6,0.2,2.47,12.89,13.4,49
shaanxi_guanzhong,1984-03-24,11.2,2.0,0.5,1.3,7.91,5.7,52
shaanxi_guanzhong,1984-03-25,13.4,0.7,0.0,2.35,16.23,4.2,67
shaanxi_guanzhong,1984-03-26,15.1,2.8,0.0,2.21,13.87,6.8,65
shaanxi_guanzhong,1984-03-27,16.4,4.2,2.3,2.55,15.36,9.0,67
shaanxi_guanzhong,1984-03-28,22.5,2.7,0.0,4.23,23.78,10.5,57
shaanxi_guanzhong,1984-03-29,25.5,5.0,0.0,4.19,23.54,8.6,58
shaanxi_guanzhong,1984-03-30,21.4,8.4,0.0,2.79,12.14,12.1,51
shaanxi_guanzhong,1984-03-31,18.6,7.4,0.0,2.25,12.14,6.4,54
shaanxi_guanzhong,1984-04-01,22.6,6.8,0.0,4.07,22.75,9.7,56
shaanxi_guanzhong,1984-04-02,16.0,9.8,4.3,1.34,7.08,6.8,75
shaanxi_guanzhong,1984-04-03,13.8,8.7,8.1,1.16,6.1,11.3,82
shaanxi_guanzhong,1984-04-04,13.6,6.6,10.6,1.53,8.36,11.4,76
shaanxi_guanzhong,1984-04-05,14.3,3.4,0.1,3.04,19.47,11.6,56
shaanxi_guanzhong,1984-04-06,14.2,6.9,0.0,2.27,13.34,10.8,60
shaanxi_guanzhong,1984-04-07,15.9,5.6,1.7,1.96,12.29,12.7,81
shaanxi_guanzhong,1984-04-08,17.9,9.8,3.5,2.72,15.22,14.1,69
shaanxi_guanzhong,1984-04-09,16.2,6.4,0.0,2.09,12.63,12.1,74
shaanxi_guanzhong,1984-04-10,17.2,8.5,0.0,2.35,13.51,10.3,67
shaanxi_guanzhong,1984-04-11,14.7,10.5,3.2,1.27,7.2,6.6,78
shaanxi_guanzhong,1984-04-12,24.9,6.6,0.0,4.16,23.05,11.0,68
shaanxi_guanzhong,1984-04-13,24.8,9.1,0.0,4.33,23.95,7.3,67
shaanxi_guanzhong,1984-04-14,27.7,11.6,0.0,4.79,25.36,8.8,65
shaanxi_guanzhong,1984-04-15,28.3,11.6,0.0,4.8,25.35,6.6,66
shaanxi_guanzhong,1984-04-16,21.7,8.2,1.5,3.84,16.01,23.1,60
shaanxi_guanzhong,1984-04-17,16.4,6.6,3.4,1.88,9.99,10.3,79
shaanxi_guanzhong,1984-04-18,17.0,6.6,0.0,3.11,19.92,10.6,72
shaanxi_guanzhong,1984-04-19,21.9,7.3,2.8,2.71,15.47,12.6,73
shaanxi_guanzhong,1984-04-20,18.2,10.0,0.0,3.72,21.14,17.4,53
shaanxi_guanzhong,1984-04-21,19.0,5.5,0.0,4.04,25.41,5.5,47
shaanxi_guanzhong,1984-04-22,21.2,4.1,0.0,4.01,23.31,9.6,56
shaanxi_guanzhong,1984-04-23,18.0,12.3,4.1,1.62,8.91,6.4,81
shaanxi_guanzhong,1984-04-24,26.2,10.1,0.0,5.01,26.67,8.6,62
shaanxi_guanzhong,1984-04-25,28.8,11.8,0.0,5.34,26.49,11.1,58
shaanxi_guanzhong,1984-04-26,19.2,8.5,0.0,4.89,20.48,19.5,33
shaanxi_guanzhong,1984-04-27,17.8,5.5,0.0,4.27,26.74,9.9,37
shaanxi_guanzhong,1984-04-28,20.8,7.8,0.0,4.23,24.6,8.5,52
shaanxi_guanzhong,1984-04-29,24.4,9.1,0.0,4.78,26.48,12.7,61
shaanxi_guanzhong,1984-04-30,25.8,12.1,0.0,4.53,23.79,10.0,61
shaanxi_guanzhong,1984-05-01,24.5,14.1,0.8,2.89,11.35,19.6,67
shaanxi_guanzhong,1984-05-02,14.3,10.5,12.6,0.86,4.3,8.0,90
shaanxi_guanzhong,1984-05-03,13.4,10.0,3.4,1.06,5.86,4.9,89
shaanxi_guanzhong,1984-05-04,20.4,7.4,0.0,3.2,18.49,4.4,73
shaanxi_guanzhong,1984-05-05,24.0,7.2,0.0,4.7,26.63,5.7,66
shaanxi_guanzhong,1984-05-06,26.3,10.0,0.0,4.9,26.13,5.8,59
shaanxi_guanzhong,1984-05-07,26.4,11.3,0.0,5.16,27.81,6.0,58
shaanxi_guanzhong,1984-05-08,27.7,11.9,0.0,5.28,27.76,7.1,61
shaanxi_guanzhong,1984-05-09,29.2,13.7,0.0,5.17,25.91,10.6,65
shaanxi_guanzhong,1984-05-10,29.8,17.1,0.4,4.71,22.95,10.3,66
shaanxi_guanzhong,1984-05-11,22.4,18.2,24.1,1.66,8.18,8.7,89
shaanxi_guanzhong,1984-05-12,22.6,16.6,5.3,3.18,17.12,9.8,80
shaanxi_guanzhong,1984-05-13,24.4,11.7,0.1,3.98,21.78,10.4,75
shaanxi_guanzhong,1984-05-14,21.3,14.2,7.0,2.14,11.12,4.4,76
shaanxi_guanzhong,1984-05-15,17.9,12.5,1.1,2.38,13.5,9.6,79
shaanxi_guanzhong,1984-05-16,19.0,11.6,1.3,2.35,13.21,10.2,79
shaanxi_guanzhong,1984-05-17,23.2,9.6,0.0,4.43,25.29,5.8,76
shaanxi_guanzhong,1984-05-18,25.1,11.4,0.2,4.29,22.9,8.7,74
shaanxi_guanzhong,1984-05-19,24.2,14.5,4.8,3.36,17.27,8.3,74
shaanxi_guanzhong,1984-05-20,24.1,15.8,8.8,4.19,22.91,8.7,80
shaanxi_guanzhong,1984-05-21,22.0,16.6,4.4,3.18,17.31,8.4,78
shaanxi_guanzhong,1984-05-22,18.1,15.4,13.3,1.1,5.09,10.7,87
shaanxi_guanzhong,1984-05-23,19.0,13.9,2.6,1.98,10.4,7.1,78
shaanxi_guanzhong,1984-05-24,21.5,11.7,0.0,3.74,21.44,5.9,75
shaanxi_guanzhong,1984-05-25,25.2,12.7,0.0,4.63,25.62,8.6,73
shaanxi_guanzhong,1984-05-26,24.7,14.5,5.1,4.23,22.73,5.8,76
shaanxi_guanzhong,1984-05-27,27.2,15.5,0.0,4.3,21.97,10.1,74
shaanxi_guanzhong,1984-05-28,28.3,12.9,0.0,4.74,23.98,8.5,68
shaanxi_guanzhong,1984-05-29,28.6,14.8,0.0,4.96,24.96,9.9,67
shaanxi_guanzhong,1984-05-30,25.1,18.0,0.0,3.25,15.98,7.0,72
shaanxi_guanzhong,1984-05-31,24.4,17.1,0.0,2.77,13.19,7.6,68
shaanxi_guanzhong,1984-06-01,28.4,12.9,0.0,5.14,26.27,8.5,63
shaanxi_guanzhong,1984-06-02,32.5,14.9,0.0,5.79,27.66,11.7,63
shaanxi_guanzhong,1984-06-03,32.2,17.6,0.0,5.43,25.16,11.4,66
shaanxi_guanzhong,1984-06-04,32.5,17.9,2.4,5.55,26.66,7.6,70
shaanxi_guanzhong,1984-06-05,22.3,16.6,54.0,0.81,2.78,10.6,90
shaanxi_guanzhong,1984-06-06,22.1,14.9,18.1,4.41,24.91,6.0,74
shaanxi_guanzhong,1984-06-07,24.0,10.2,0.0,4.52,25.34,6.4,73
shaanxi_guanzhong,1984-06-08,26.3,15.6,0.0,4.58,21.65,15.6,65
shaanxi_guanzhong,1984-06-09,28.8,13.5,0.0,5.96,30.85,6.8,56
shaanxi_guanzhong,1984-06-10,29.4,14.2,0.0,5.68,28.84,7.7,66
shaanxi_guanzhong,1984-06-11,30.8,16.3,0.0,5.83,28.7,8.4,67
shaanxi_guanzhong,1984-06-12,26.2,20.8,7.8,2.24,10.34,10.0,76
shaanxi_guanzhong,1984-06-13,21.7,20.2,14.0,0.94,3.51,10.8,90
shaanxi_guanzhong,1984-06-14,20.2,14.9,32.1,0.8,2.72,15.9,90
shaanxi_guanzhong,1984-06-15,27.4,12.1,0.0,5.8,30.43,10.8,67
shaanxi_guanzhong,1984-06-16,27.7,13.6,0.0,4.14,21.06,3.2,63
shaanxi_guanzhong,1984-06-17,27.0,15.8,0.0,3.49,16.15,16.8,72
shaanxi_guanzhong,1984-06-18,27.6,13.7,0.0,5.71,29.76,8.4,64
shaanxi_guanzhong,1984-06-19,25.3,14.6,0.0,2.9,14.05,5.8,71
shaanxi_guanzhong,1984-06-20,24.5,19.7,10.2,2.34,10.99,9.2,77
shaanxi_guanzhong,1984-06-21,21.8,19.9,16.8,0.93,3.89,10.9,93
shaanxi_guanzhong,1984-06-22,21.5,19.9,22.0,1.09,5.01,8.7,93
shaanxi_guanzhong,1984-06-23,20.9,18.4,19.1,1.17,5.45,6.4,94
shaanxi_guanzhong,1984-06-24,24.5,19.0,5.7,1.92,7.37,12.7,80
shaanxi_guanzhong,1984-06-25,22.4,17.3,1.2,1.63,7.19,7.6,82
shaanxi_guanzhong,1984-06-26,19.2,16.6,1.5,1.17,4.46,10.0,83
shaanxi_guanzhong,1984-06-27,22.6,16.9,0.0,2.8,14.8,5.0,79
shaanxi_guanzhong,1984-06-28,24.6,15.2,0.0,3.71,19.93,6.7,82
shaanxi_guanzhong,1984-06-29,27.9,17.2,0.0,4.87,25.2,8.7,77
shaanxi_guanzhong,1984-06-30,30.0,20.3,0.4,5.02,25.12,8.5,76
shaanxi_guanzhong,1984-07-01,28.2,20.6,10.6,3.4,15.67,14.5,79
shaanxi_guanzhong,1984-07-02,22.9,19.3,7.8,1.58,7.39,10.5,83
shaanxi_guanzhong,1984-07-03,27.9,14.9,0.0,5.27,27.48,6.4,76
shaanxi_guanzhong,1984-07-04,25.2,19.0,7.0,2.65,12.92,10.7,81
shaanxi_guanzhong,1984-07-05,20.2,17.2,36.6,0.7,2.53,8.9,92
shaanxi_guanzhong,1984-07-06,19.4,17.7,35.2,0.75,2.79,4.7,90
shaanxi_guanzhong,1984-07-07,26.5,13.8,0.0,4.53,24.02,5.4,81
shaanxi_guanzhong,1984-07-08,27.7,20.4,0.0,4.52,23.11,7.2,77
shaanxi_guanzhong,1984-07-09,27.2,19.3,12.3,3.31,16.67,8.0,85
shaanxi_guanzhong,1984-07-10,26.2,21.2,15.9,1.84,8.91,11.6,92
shaanxi_guanzhong,1984-07-11,24.3,22.0,38.3,1.69,7.21,11.0,85
shaanxi_guanzhong,1984-07-12,21.7,19.4,4.5,1.53,6.04,10.2,83
shaanxi_guanzhong,1984-07-13,22.5,19.2,4.2,1.44,4.83,12.6,80
shaanxi_guanzhong,1984-07-14,25.3,16.8,0.0,2.32,10.13,7.3,75
shaanxi_guanzhong,1984-07-15,30.8,16.0,0.0,5.71,28.54,5.2,65
shaanxi_guanzhong,1984-07-16,28.8,17.8,0.6,4.71,23.66,10.0,76
shaanxi_guanzhong,1984-07-17,26.4,21.8,28.9,2.02,9.66,6.1,90
shaanxi_guanzhong,1984-07-18,23.9,19.7,8.8,2.0,9.82,13.8,89
shaanxi_guanzhong,1984-07-19,22.8,18.2,0.4,2.44,12.44,6.5,82
shaanxi_guanzhong,1984-07-20,25.6,18.6,0.0,3.98,21.0,7.2,78
shaanxi_guanzhong,1984-07-21,27.6,19.3,0.0,4.43,22.99,13.1,78
shaanxi_guanzhong,1984-07-22,25.7,21.1,4.9,2.06,9.99,6.9,85
shaanxi_guanzhong,1984-07-23,24.8,21.7,39.2,1.86,8.94,7.6,88
shaanxi_guanzhong,1984-07-24,24.0,21.8,31.1,1.26,5.49,5.6,91
shaanxi_guanzhong,1984-07-25,21.9,18.4,51.7,0.81,3.07,5.6,92
shaanxi_guanzhong,1984-07-26,28.6,15.4,0.0,5.54,28.87,4.5,74
shaanxi_guanzhong,1984-07-27,29.8,14.7,0.0,5.7,28.75,8.2,70
shaanxi_guanzhong,1984-07-28,30.3,19.0,0.0,5.46,27.08,15.3,73
shaanxi_guanzhong,1984-07-29,27.4,20.3,1.2,3.3,16.27,8.2,82
shaanxi_guanzhong,1984-07-30,28.4,22.2,2.9,3.66,18.23,6.3,83
shaanxi_guanzhong,1984-07-31,28.2,22.9,16.9,2.97,14.57,9.4,85
shaanxi_guanzhong,1984-08-01,28.7,22.4,3.4,3.04,14.3,14.0,83
shaanxi_guanzhong,1984-08-02,28.0,22.6,16.2,2.96,14.24,10.2,84
shaanxi_guanzhong,1984-08-03,24.0,20.3,23.5,1.74,6.84,18.1,85
shaanxi_guanzhong,1984-08-04,27.7,19.2,0.0,4.47,22.13,7.4,68
shaanxi_guanzhong,1984-08-05,26.3,17.9,0.0,2.48,11.86,4.6,78
shaanxi_guanzhong,1984-08-06,29.7,17.1,0.0,5.14,26.0,5.8,79
shaanxi_guanzhong,1984-08-07,30.4,17.1,0.0,5.36,27.01,5.0,76
shaanxi_guanzhong,1984-08-08,29.0,20.2,0.0,4.09,20.48,9.5,80
shaanxi_guanzhong,1984-08-09,29.6,21.2,0.4,4.73,23.71,5.5,79
shaanxi_guanzhong,1984-08-10,30.5,19.1,0.0,4.78,23.49,4.8,78
shaanxi_guanzhong,1984-08-11,30.9,20.6,0.0,4.05,19.28,7.0,79
shaanxi_guanzhong,1984-08-12,30.7,21.0,11.2,4.72,22.99,6.6,80
shaanxi_guanzhong,1984-08-13,29.7,21.0,9.5,4.27,21.14,8.1,82
shaanxi_guanzhong,1984-08-14,26.7,18.5,0.7,4.82,25.4,4.7,73
shaanxi_guanzhong,1984-08-15,27.5,15.3,0.0,4.8,24.83,13.6,70
shaanxi_guanzhong,1984-08-16,27.1,16.9,0.0,4.61,24.04,10.2,70
shaanxi_guanzhong,1984-08-17,26.0,18.1,0.0,3.84,19.63,10.0,73
shaanxi_guanzhong,1984-08-18,22.4,18.1,0.0,2.37,11.44,9.7,77
shaanxi_guanzhong,1984-08-19,22.5,18.4,2.7,1.79,8.94,5.4,86
shaanxi_guanzhong,1984-08-20,26.7,16.5,0.0,4.45,23.82,5.1,78
shaanxi_guanzhong,1984-08-21,27.8,15.9,1.2,4.55,23.46,6.9,79
shaanxi_guanzhong,1984-08-22,28.5,16.6,0.0,4.36,21.84,11.5,79
shaanxi_guanzhong,1984-08-23,28.4,17.4,0.0,4.51,22.89,6.7,76
shaanxi_guanzhong,1984-08-24,27.5,18.9,5.2,3.41,17.02,8.8,81
shaanxi_guanzhong,1984-08-25,27.7,19.1,0.0,3.72,18.73,11.6,77
shaanxi_guanzhong,1984-08-26,29.1,19.4,4.2,4.0,19.72,10.9,74
shaanxi_guanzhong,1984-08-27,22.2,18.3,18.6,1.6,6.62,17.8,81
shaanxi_guanzhong,1984-08-28,22.6,17.4,6.3,1.88,9.63,5.4,85
shaanxi_guanzhong,1984-08-29,25.5,18.6,0.1,2.94,15.02,5.9,83
shaanxi_guanzhong,1984-08-30,26.9,14.3,0.0,4.46,23.4,6.2,76
shaanxi_guanzhong,1984-08-31,25.5,14.7,0.0,2.98,14.57,9.3,76
shaanxi_guanzhong,1984-09-01,25.3,14.3,0.1,4.25,22.94,8.0,70
shaanxi_guanzhong,1984-09-02,25.2,12.8,0.0,4.28,23.44,7.3,71
shaanxi_guanzhong,1984-09-03,26.6,16.5,0.0,4.03,20.92,8.6,67
shaanxi_guanzhong,1984-09-04,19.6,17.4,24.1,0.59,1.84,14.3,88
shaanxi_guanzhong,1984-09-05,19.2,17.2,28.3,0.74,3.16,7.2,94
shaanxi_guanzhong,1984-09-06,21.5,16.9,3.7,1.46,7.4,7.3,89
shaanxi_guanzhong,1984-09-07,21.8,16.7,3.4,1.32,6.48,5.1,92
shaanxi_guanzhong,1984-09-08,20.0,18.2,47.3,0.47,1.35,6.4,94
shaanxi_guanzhong,1984-09-09,18.3,16.2,31.9,0.51,1.52,8.2,92
shaanxi_guanzhong,1984-09-10,19.9,14.9,2.1,2.18,12.01,6.2,82
shaanxi_guanzhong,1984-09-11,22.6,11.6,0.0,3.14,17.19,6.8,70
shaanxi_guanzhong,1984-09-12,24.6,11.3,0.0,3.94,21.89,6.1,66
shaanxi_guanzhong,1984-09-13,23.5,12.6,4.7,3.23,17.91,9.7,78
shaanxi_guanzhong,1984-09-14,24.5,11.0,0.0,3.95,22.1,8.5,77
shaanxi_guanzhong,1984-09-15,23.5,14.4,5.0,3.05,17.01,7.9,79
shaanxi_guanzhong,1984-09-16,20.5,16.1,16.8,1.91,10.83,5.9,89
shaanxi_guanzhong,1984-09-17,23.4,12.7,0.7,3.53,20.07,5.8,78
shaanxi_guanzhong,1984-09-18,22.8,10.8,0.8,3.48,19.81,7.4,79
shaanxi_guanzhong,1984-09-19,21.5,14.1,4.4,2.68,15.31,11.2,79
shaanxi_guanzhong,1984-09-20,21.6,16.0,3.9,1.95,10.56,15.0,86
shaanxi_guanzhong,1984-09-21,19.3,16.5,11.1,0.96,4.98,10.9,93
shaanxi_guanzhong,1984-09-22,20.0,16.2,19.2,1.15,4.58,12.4,87
shaanxi_guanzhong,1984-09-23,16.4,13.7,21.2,0.48,1.5,7.9,91
shaanxi_guanzhong,1984-09-24,16.6,12.3,4.6,1.19,6.18,6.1,86
shaanxi_guanzhong,1984-09-25,13.8,11.7,15.2,0.53,2.18,11.6,92
shaanxi_guanzhong,1984-09-26,13.0,10.9,15.5,0.53,2.32,14.3,94
shaanxi_guanzhong,1984-09-27,12.2,10.7,8.4,0.55,2.46,8.9,93
shaanxi_guanzhong,1984-09-28,19.1,11.7,0.0,2.08,12.28,6.8,81
shaanxi_guanzhong,1984-09-29,18.6,9.7,0.4,1.34,7.3,5.1,86
shaanxi_guanzhong,1984-09-30,15.2,13.5,16.4,0.62,2.79,5.5,94
shaanxi_guanzhong,1984-10-01,17.0,13.2,8.8,1.15,6.18,6.0,91
shaanxi_guanzhong,1984-10-02,14.6,10.0,5.4,0.81,2.54,17.0,82
shaanxi_guanzhong,1984-10-03,11.9,7.8,3.5,1.17,6.4,9.4,73
shaanxi_guanzhong,1984-10-04,15.9,4.2,0.0,1.91,11.66,4.6,69
shaanxi_guanzhong,1984-10-05,18.4,7.5,0.0,2.43,15.0,4.2,74
shaanxi_guanzhong,1984-10-06,19.6,7.4,0.0,2.77,17.27,8.4,78
shaanxi_guanzhong,1984-10-07,18.7,12.0,0.0,2.29,13.44,9.2,77
shaanxi_guanzhong,1984-10-08,17.7,10.3,0.7,1.99,11.97,8.7,78
shaanxi_guanzhong,1984-10-09,19.7,9.3,0.0,2.47,15.16,8.9,82
shaanxi_guanzhong,1984-10-10,19.4,11.0,1.3,1.78,9.04,12.5,80
shaanxi_guanzhong,1984-10-11,15.3,7.9,21.5,0.72,2.1,19.1,86
shaanxi_guanzhong,1984-10-12,16.5,6.9,0.0,2.33,14.79,4.7,69
shaanxi_guanzhong,1984-10-13,17.0,4.3,0.0,2.35,15.15,6.6,74
shaanxi_guanzhong,1984-10-14,18.1,5.8,0.0,2.54,16.49,7.9,76
shaanxi_guanzhong,1984-10-15,16.8,7.1,0.3,1.51,8.79,6.9,82
shaanxi_guanzhong,1984-10-16,17.2,7.6,0.0,1.65,7.98,8.0,65
shaanxi_guanzhong,1984-10-17,19.9,5.6,0.0,2.54,14.3,7.2,60
shaanxi_guanzhong,1984-10-18,21.2,6.2,0.0,2.97,17.22,8.2,62
shaanxi_guanzhong,1984-10-19,19.1,4.3,0.0,2.92,18.23,7.6,54
shaanxi_guanzhong,1984-10-20,18.1,3.1,0.0,2.67,17.37,6.3,67
shaanxi_guanzhong,1984-10-21,21.2,5.3,0.0,2.66,15.77,7.6,71
shaanxi_guanzhong,1984-10-22,22.8,9.0,0.0,2.78,16.13,4.8,67
shaanxi_guanzhong,1984-10-23,21.2,7.6,0.0,2.7,16.47,6.8,74
shaanxi_guanzhong,1984-10-24,21.1,7.7,0.0,2.61,16.05,6.3,77
shaanxi_guanzhong,1984-10-25,18.0,9.5,0.0,1.58,6.59,11.3,71
shaanxi_guanzhong,1984-10-26,17.0,7.0,0.0,2.04,10.84,12.4,61
shaanxi_guanzhong,1984-10-27,16.1,3.8,0.7,1.42,7.93,9.7,73
shaanxi_guanzhong,1984-10-28,14.1,3.5,1.2,1.42,8.91,9.2,79
shaanxi_guanzhong,1984-10-29,9.1,7.6,11.1,0.45,2.22,4.7,91
shaanxi_guanzhong,1984-10-30,10.1,6.9,5.0,0.64,3.97,6.3,91
shaanxi_guanzhong,1984-10-31,13.0,6.1,3.7,1.16,7.02,9.3,81
shaanxi_guanzhong,1984-11-01,13.9,2.9,0.0,1.55,9.62,6.7,63
shaanxi_guanzhong,1984-11-02,16.6,1.8,0.0,2.26,15.52,4.3,66
shaanxi_guanzhong,1984-11-03,18.2,3.4,0.0,2.27,15.24,4.2,71
shaanxi_guanzhong,1984-11-04,19.1,5.9,0.0,2.29,14.6,7.1,74
shaanxi_guanzhong,1984-11-05,18.2,7.7,0.1,2.44,11.08,15.0,63
shaanxi_guanzhong,1984-11-06,13.9,8.9,0.2,1.83,8.19,12.6,41
shaanxi_guanzhong,1984-11-07,16.3,2.3,0.0,2.19,14.75,9.7,65
shaanxi_guanzhong,1984-11-08,13.9,4.2,0.2,1.68,11.21,6.8,63
shaanxi_guanzhong,1984-11-09,10.8,7.3,2.7,0.78,4.5,7.1,76
shaanxi_guanzhong,1984-11-10,11.5,6.3,1.8,0.76,4.45,4.3,85
shaanxi_guanzhong,1984-11-11,10.8,2.5,0.8,0.73,4.68,2.6,87
shaanxi_guanzhong,1984-11-12,9.3,5.4,4.3,0.58,3.43,6.1,88
shaanxi_guanzhong,1984-11-13,8.7,7.1,7.3,0.38,1.82,6.8,93
shaanxi_guanzhong,1984-11-14,11.6,5.7,0.3,1.09,7.67,8.0,87
shaanxi_guanzhong,1984-11-15,12.9,4.1,0.0,1.56,12.32,10.0,82
shaanxi_guanzhong,1984-11-16,13.1,3.9,0.0,1.3,9.43,7.2,84
shaanxi_guanzhong,1984-11-17,14.1,5.7,0.0,1.49,11.3,10.1,84
shaanxi_guanzhong,1984-11-18,11.8,5.1,0.7,1.6,11.06,11.2,67
shaanxi_guanzhong,1984-11-19,8.9,1.0,0.0,1.41,10.04,15.8,67
shaanxi_guanzhong,1984-11-20,6.0,2.0,0.7,0.75,5.75,6.9,82
shaanxi_guanzhong,1984-11-21,6.5,1.6,0.0,0.61,4.48,9.4,88
shaanxi_guanzhong,1984-11-22,6.6,4.1,2.9,0.5,3.24,6.7,91
shaanxi_guanzhong,1984-11-23,9.9,-0.7,1.2,1.41,11.65,6.5,73
shaanxi_guanzhong,1984-11-24,7.2,3.4,5.9,0.59,4.1,8.9,83
shaanxi_guanzhong,1984-11-25,5.1,3.3,7.7,0.39,2.56,9.1,94
shaanxi_guanzhong,1984-11-26,6.5,-1.2,3.5,0.85,5.22,11.3,76
shaanxi_guanzhong,1984-11-27,7.0,-2.8,0.0,1.24,10.75,9.4,68
shaanxi_guanzhong,1984-11-28,8.6,-3.6,0.0,1.35,11.91,6.9,70
shaanxi_guanzhong,1984-11-29,10.8,-2.8,0.0,1.53,11.85,9.6,69
shaanxi_guanzhong,1984-11-30,12.5,-1.6,0.0,1.53,12.25,4.1,62
shaanxi_guanzhong,1984-12-01,11.4,-1.3,0.0,1.57,11.93,10.5,66
shaanxi_guanzhong,1984-12-02,12.3,-0.3,0.0,1.44,11.65,6.2,75
shaanxi_guanzhong,1984-12-03,8.7,0.6,0.6,0.96,4.11,12.4,72
shaanxi_guanzhong,1984-12-04,2.6,-2.0,0.0,1.02,5.55,10.9,44
shaanxi_guanzhong,1984-12-05,6.0,-4.2,0.0,1.33,11.78,11.5,56
shaanxi_guanzhong,1984-12-06,6.3,-2.1,0.0,1.1,9.7,10.1,67
shaanxi_guanzhong,1984-12-07,5.8,0.6,0.0,0.71,5.84,5.7,85
shaanxi_guanzhong,1984-12-08,4.4,1.5,2.5,0.44,3.27,4.6,91
shaanxi_guanzhong,1984-12-09,5.0,-0.5,0.2,0.59,4.95,8.5,91
shaanxi_guanzhong,1984-12-10,4.3,0.7,2.6,0.44,3.33,6.3,92
shaanxi_guanzhong,1984-12-11,8.2,-0.8,0.0,1.3,11.25,6.3,73
shaanxi_guanzhong,1984-12-12,5.4,-0.9,0.9,0.72,5.41,10.0,80
shaanxi_guanzhong,1984-12-13,3.6,0.2,4.2,0.44,3.49,5.4,93
shaanxi_guanzhong,1984-12-14,1.6,-0.6,12.7,0.31,2.75,11.4,96
shaanxi_guanzhong,1984-12-15,-0.8,-3.4,8.3,0.44,4.63,9.4,90
shaanxi_guanzhong,1984-12-16,-0.8,-5.2,0.1,0.57,6.66,7.7,85
shaanxi_guanzhong,1984-12-17,-1.9,-9.9,0.0,0.75,7.08,14.6,60
shaanxi_guanzhong,1984-12-18,-4.6,-10.2,0.0,0.63,7.89,4.3,47
shaanxi_guanzhong,1984-12-19,-0.1,-10.5,0.0,0.7,7.68,6.6,62
shaanxi_guanzhong,1984-12-20,0.1,-9.3,0.0,0.78,8.41,7.2,65
shaanxi_guanzhong,1984-12-21,-3.7,-7.2,0.0,0.73,7.65,8.0,58
shaanxi_guanzhong,1984-12-22,-4.8,-6.9,0.0,0.54,5.35,8.2,53
shaanxi_guanzhong,1984-12-23,-3.8,-6.1,0.0,0.86,9.28,7.2,44
shaanxi_guanzhong,1984-12-24,-2.9,-8.8,0.0,0.96,11.2,9.8,47
shaanxi_guanzhong,1984-12-25,-1.5,-6.5,0.0,0.91,10.29,7.1,49
shaanxi_guanzhong,1984-12-26,-2.0,-6.6,0.0,0.83,9.99,6.6,57
shaanxi_guanzhong,1984-12-27,-0.4,-5.7,0.0,0.84,8.68,7.3,53
shaanxi_guanzhong,1984-12-28,-0.3,-5.3,0.0,0.92,9.34,6.4,48
shaanxi_guanzhong,1984-12-29,1.8,-8.6,0.0,1.07,11.9,7.2,56
shaanxi_guanzhong,1984-12-30,2.8,-5.5,0.0,1.06,11.24,7.2,65
shaanxi_guanzhong,1984-12-31,2.9,-5.2,0.0,0.96,9.93,8.9,62
shaanxi_guanzhong,1985-01-01,3.2,-2.2,0.6,0.93,8.83,6.4,64
shaanxi_guanzhong,1985-01-02,3.5,-5.1,0.0,0.88,8.39,6.2,76
shaanxi_guanzhong,1985-01-03,2.1,-1.6,0.6,0.65,6.13,8.2,80
shaanxi_guanzhong,1985-01-04,0.4,-3.3,6.1,0.55,6.0,12.8,85
shaanxi_guanzhong,1985-01-05,1.0,-5.0,0.0,1.0,11.97,8.4,78
shaanxi_guanzhong,1985-01-06,-0.0,-6.6,3.6,0.5,4.82,3.6,85
shaanxi_guanzhong,1985-01-07,-0.6,-4.1,0.5,0.7,8.27,5.5,85
shaanxi_guanzhong,1985-01-08,0.8,-7.8,0.0,0.89,10.08,5.9,79
shaanxi_guanzhong,1985-01-09,1.7,-9.5,0.0,1.12,12.16,10.7,59
shaanxi_guanzhong,1985-01-10,5.6,-8.9,0.0,1.31,13.06,5.9,53
shaanxi_guanzhong,1985-01-11,2.0,-7.0,0.0,0.93,9.42,5.5,53
shaanxi_guanzhong,1985-01-12,0.8,-8.6,0.0,1.02,11.92,7.5,61
shaanxi_guanzhong,1985-01-13,1.5,-8.5,0.0,1.16,13.18,4.8,62
shaanxi_guanzhong,1985-01-14,3.0,-7.7,0.0,1.04,10.43,3.2,66
shaanxi_guanzhong,1985-01-15,7.6,-6.8,0.0,1.45,12.9,4.7,56
shaanxi_guanzhong,1985-01-16,7.5,-6.7,0.0,1.45,13.12,4.6,64
shaanxi_guanzhong,1985-01-17,9.5,-5.5,0.0,1.58,13.32,7.6,69
shaanxi_guanzhong,1985-01-18,9.0,-3.7,0.0,1.45,13.07,7.7,73
shaanxi_guanzhong,1985-01-19,7.8,-3.7,0.0,1.46,12.9,10.5,67
shaanxi_guanzhong,1985-01-20,6.0,-1.8,0.0,1.11,8.79,10.8,64
shaanxi_guanzhong,1985-01-21,5.2,-1.7,0.6,0.82,6.77,6.8,80
shaanxi_guanzhong,1985-01-22,6.7,-0.7,1.0,1.13,9.23,8.3,75
shaanxi_guanzhong,1985-01-23,3.0,-2.8,8.5,0.48,3.96,5.8,90
shaanxi_guanzhong,1985-01-24,7.4,-5.3,0.0,1.52,13.72,5.6,72
shaanxi_guanzhong,1985-01-25,9.1,-5.1,0.0,1.67,13.93,7.0,68
shaanxi_guanzhong,1985-01-26,8.7,-0.6,0.1,1.16,8.45,10.4,65
shaanxi_guanzhong,1985-01-27,5.3,-3.0,0.0,1.1,8.97,6.0,66
shaanxi_guanzhong,1985-01-28,8.1,-3.1,0.0,1.45,11.59,8.4,60
shaanxi_guanzhong,1985-01-29,6.0,-5.1,0.0,1.5,13.29,8.4,54
shaanxi_guanzhong,1985-01-30,6.4,-2.4,0.0,1.51,13.74,8.7,60
shaanxi_guanzhong,1985-01-31,7.7,-2.6,0.0,1.51,11.09,11.9,61
shaanxi_guanzhong,1985-02-01,10.5,-3.9,0.0,2.01,15.29,8.4,46
shaanxi_guanzhong,1985-02-02,12.1,-2.5,0.0,2.02,15.35,5.9,51
shaanxi_guanzhong,1985-02-03,10.3,-2.8,0.0,1.79,14.22,7.0,61
shaanxi_guanzhong,1985-02-04,12.3,-1.8,0.0,1.91,14.62,4.1,70
shaanxi_guanzhong,1985-02-05,11.4,-2.1,0.0,1.6,12.12,5.1,77
shaanxi_guanzhong,1985-02-06,10.6,-2.3,0.0,1.42,10.65,6.6,76
shaanxi_guanzhong,1985-02-07,8.2,0.0,4.4,1.06,7.31,7.3,77
shaanxi_guanzhong,1985-02-08,10.2,1.0,2.0,1.53,11.85,9.9,77
shaanxi_guanzhong,1985-02-09,12.4,-3.3,0.0,2.08,15.95,9.4,72
shaanxi_guanzhong,1985-02-10,10.5,-0.5,0.2,1.79,13.54,9.3,67
shaanxi_guanzhong,1985-02-11,12.1,0.9,2.4,2.25,16.61,9.5,62
shaanxi_guanzhong,1985-02-12,13.9,-1.6,0.0,2.29,16.52,9.0,58
shaanxi_guanzhong,1985-02-13,12.8,-0.9,0.0,2.18,16.5,12.0,66
shaanxi_guanzhong,1985-02-14,10.3,2.0,0.0,1.26,9.06,8.3,76
shaanxi_guanzhong,1985-02-15,8.0,-0.5,0.1,1.93,14.02,13.2,58
shaanxi_guanzhong,1985-02-16,7.3,-2.8,0.0,2.16,11.63,18.8,42
shaanxi_guanzhong,1985-02-17,-0.4,-5.1,2.8,0.94,8.4,13.3,68
shaanxi_guanzhong,1985-02-18,0.1,-7.3,0.0,1.15,12.9,15.3,66
shaanxi_guanzhong,1985-02-19,5.3,-5.0,0.0,1.73,15.4,6.8,53
shaanxi_guanzhong,1985-02-20,7.3,-5.4,0.0,1.91,16.57,8.2,55
shaanxi_guanzhong,1985-02-21,4.1,-4.5,0.0,1.7,13.95,12.6,52
shaanxi_guanzhong,1985-02-22,6.2,-4.1,0.0,1.9,15.21,8.6,48
shaanxi_guanzhong,1985-02-23,3.0,-3.7,0.0,1.25,8.97,13.7,57
shaanxi_guanzhong,1985-02-24,3.6,-2.8,0.0,1.12,9.2,10.8,67
shaanxi_guanzhong,1985-02-25,4.3,-3.0,0.0,1.22,11.09,9.5,73
shaanxi_guanzhong,1985-02-26,5.1,-2.1,0.3,1.18,10.44,12.4,76
shaanxi_guanzhong,1985-02-27,8.3,-2.7,0.0,1.78,16.28,14.5,73
shaanxi_guanzhong,1985-02-28,9.6,-1.8,0.0,2.02,17.56,14.5,72
shaanxi_guanzhong,1985-03-01,4.7,-1.1,0.0,0.87,7.1,7.1,80
shaanxi_guanzhong,1985-03-02,7.3,-0.4,0.3,1.31,10.73,8.8,76
shaanxi_guanzhong,1985-03-03,8.1,0.4,0.2,1.17,8.69,4.9,76
shaanxi_guanzhong,1985-03-04,10.8,-1.3,0.0,1.9,14.51,5.4,72
shaanxi_guanzhong,1985-03-05,15.7,0.1,0.0,2.9,19.98,12.2,67
shaanxi_guanzhong,1985-03-06,5.8,1.5,3.5,0.75,5.43,9.9,83
shaanxi_guanzhong,1985-03-07,6.4,-0.5,6.9,0.96,7.39,10.0,83
shaanxi_guanzhong,1985-03-08,5.0,-0.6,1.5,1.16,8.66,11.5,64
shaanxi_guanzhong,1985-03-09,8.0,-4.1,0.0,2.0,15.93,15.6,55
shaanxi_guanzhong,1985-03-10,3.2,-0.9,2.1,0.84,6.61,10.4,77
shaanxi_guanzhong,1985-03-11,9.2,-5.4,0.0,2.3,19.27,8.9,68
shaanxi_guanzhong,1985-03-12,10.8,-2.1,0.1,2.07,15.57,7.1,72
shaanxi_guanzhong,1985-03-13,8.2,-2.4,0.0,1.93,14.52,8.6,64
shaanxi_guanzhong,1985-03-14,8.2,-0.3,0.0,1.75,11.92,14.3,58
shaanxi_guanzhong,1985-03-15,7.8,0.7,0.0,1.48,11.34,8.3,68
shaanxi_guanzhong,1985-03-16,10.8,1.6,0.0,2.27,17.53,7.9,66
shaanxi_guanzhong,1985-03-17,10.3,0.9,1.5,1.66,11.56,8.0,74
shaanxi_guanzhong,1985-03-18,11.5,4.0,1.2,2.02,14.75,9.9,73
shaanxi_guanzhong,1985-03-19,9.5,3.0,0.7,1.15,7.61,7.0,75
shaanxi_guanzhong,1985-03-20,11.0,4.0,0.0,2.06,14.03,9.8,65
shaanxi_guanzhong,1985-03-21,12.8,0.7,0.0,2.4,17.35,11.9,70
shaanxi_guanzhong,1985-03-22,14.7,2.9,0.0,2.63,18.27,9.4,75
shaanxi_guanzhong,1985-03-23,16.8,3.2,0.0,2.79,18.23,8.7,71
shaanxi_guanzhong,1985-03-24,11.5,4.1,5.1,1.5,7.2,18.1,68
shaanxi_guanzhong,1985-03-25,13.4,1.3,0.0,2.9,20.65,14.1,61
shaanxi_guanzhong,1985-03-26,13.8,5.9,0.4,2.26,15.51,10.3,77
shaanxi_guanzhong,1985-03-27,16.5,4.1,2.5,2.69,18.21,8.8,79
shaanxi_guanzhong,1985-03-28,8.8,1.3,0.0,1.55,8.88,10.5,56
shaanxi_guanzhong,1985-03-29,10.2,-3.1,0.0,1.89,13.38,6.0,63
shaanxi_guanzhong,1985-03-30,14.9,-0.5,0.0,3.45,23.94,11.8,56
shaanxi_guanzhong,1985-03-31,15.7,4.1,0.0,2.64,16.94,11.4,56
shaanxi_guanzhong,1985-04-01,18.0,3.3,0.0,3.74,24.18,6.9,62
shaanxi_guanzhong,1985-04-02,18.0,7.0,0.0,3.55,19.67,14.9,54
shaanxi_guanzhong,1985-04-03,16.4,1.7,0.0,3.85,24.87,13.0,41
shaanxi_guanzhong,1985-04-04,15.2,4.0,0.0,2.32,13.81,7.1,56
shaanxi_guanzhong,1985-04-05,14.1,9.4,0.5,1.64,9.68,6.2,71
shaanxi_guanzhong,1985-04-06,21.3,5.8,0.0,4.0,23.71,7.9,63
shaanxi_guanzhong,1985-04-07,23.3,4.5,0.0,4.27,24.44,5.6,58
shaanxi_guanzhong,1985-04-08,24.1,9.0,0.0,4.14,23.57,8.2,69
shaanxi_guanzhong,1985-04-09,18.8,12.7,11.8,1.48,7.67,6.2,81
shaanxi_guanzhong,1985-04-10,18.0,11.6,3.4,2.47,12.96,12.1,72
shaanxi_guanzhong,1985-04-11,18.3,8.1,0.2,3.11,14.89,18.2,58
shaanxi_guanzhong,1985-04-12,10.9,5.5,15.5,0.65,3.5,12.6,88
shaanxi_guanzhong,1985-04-13,15.3,4.9,0.4,2.68,17.99,6.6,78
shaanxi_guanzhong,1985-04-14,18.3,4.9,0.0,3.59,23.15,9.9,72
shaanxi_guanzhong,1985-04-15,21.1,4.9,0.0,3.99,23.89,8.3,69
shaanxi_guanzhong,1985-04-16,21.4,6.3,0.0,3.74,21.65,6.5,65
shaanxi_guanzhong,1985-04-17,22.2,8.0,0.0,2.92,16.06,5.9,71
shaanxi_guanzhong,1985-04-18,26.8,9.9,0.0,4.72,25.65,7.1,63
shaanxi_guanzhong,1985-04-19,24.0,10.4,0.0,4.71,25.79,11.3,55
shaanxi_guanzhong,1985-04-20,23.1,10.2,1.3,3.85,18.51,24.3,63
shaanxi_guanzhong,1985-04-21,23.9,7.3,0.0,4.77,26.34,7.2,52
shaanxi_guanzhong,1985-04-22,23.6,8.9,0.0,2.99,15.2,7.9,59
shaanxi_guanzhong,1985-04-23,25.6,9.1,0.0,4.89,26.47,6.8,56
shaanxi_guanzhong,1985-04-24,18.7,14.0,19.7,1.05,5.04,8.7,79
shaanxi_guanzhong,1985-04-25,15.7,7.8,2.6,2.61,12.0,15.6,59
shaanxi_guanzhong,1985-04-26,19.7,5.8,0.0,4.3,25.28,10.1,48
shaanxi_guanzhong,1985-04-27,22.2,5.6,0.0,4.28,24.7,10.0,60
shaanxi_guanzhong,1985-04-28,26.3,9.7,0.0,4.9,26.07,9.3,59
shaanxi_guanzhong,1985-04-29,28.2,11.4,0.0,5.03,26.72,7.9,66
shaanxi_guanzhong,1985-04-30,28.0,13.5,0.0,4.88,25.55,7.3,68
shaanxi_guanzhong,1985-05-01,29.2,14.6,0.0,5.02,24.8,9.0,65
shaanxi_guanzhong,1985-05-02,26.5,16.7,1.4,3.35,16.54,7.7,72
shaanxi_guanzhong,1985-05-03,23.2,17.7,40.5,2.1,11.17,11.2,88
shaanxi_guanzhong,1985-05-04,20.5,13.0,17.8,1.35,5.51,15.4,88
shaanxi_guanzhong,1985-05-05,16.3,10.8,9.9,1.79,7.94,16.3,76
shaanxi_guanzhong,1985-05-06,19.3,8.4,0.0,2.98,16.8,4.5,63
shaanxi_guanzhong,1985-05-07,20.8,6.0,0.0,3.5,19.86,6.8,70
shaanxi_guanzhong,1985-05-08,24.8,9.5,0.0,4.74,26.06,6.7,70
shaanxi_guanzhong,1985-05-09,25.7,12.3,0.0,4.87,26.31,4.4,67
shaanxi_guanzhong,1985-05-10,28.1,15.3,0.0,4.79,24.59,9.9,71
shaanxi_guanzhong,1985-05-11,22.8,18.5,19.0,1.33,6.15,8.0,90
shaanxi_guanzhong,1985-05-12,26.3,16.4,3.7,3.84,19.95,10.1,83
shaanxi_guanzhong,1985-05-13,21.8,16.7,6.9,1.81,8.24,17.2,86
shaanxi_guanzhong,1985-05-14,16.3,12.1,13.7,1.19,5.44,12.7,86
shaanxi_guanzhong,1985-05-15,17.3,9.8,0.6,2.76,16.78,6.2,74
shaanxi_guanzhong,1985-05-16,17.1,12.4,11.0,1.59,8.24,11.5,83
shaanxi_guanzhong,1985-05-17,16.3,13.9,10.1,1.03,4.82,7.3,90
shaanxi_guanzhong,1985-05-18,19.7,12.4,0.1,2.21,12.51,6.1,84
shaanxi_guanzhong,1985-05-19,23.8,11.0,0.0,4.92,25.98,10.6,62
shaanxi_guanzhong,1985-05-20,24.6,8.9,0.0,5.23,29.25,4.4,55
shaanxi_guanzhong,1985-05-21,24.5,11.9,0.0,4.63,25.06,9.4,68
shaanxi_guanzhong,1985-05-22,25.2,14.1,1.0,4.6,24.8,8.1,72
shaanxi_guanzhong,1985-05-23,26.2,14.1,0.0,4.83,26.21,6.8,72
shaanxi_guanzhong,1985-05-24,28.1,15.1,0.0,5.09,26.51,6.8,72
shaanxi_guanzhong,1985-05-25,24.9,18.1,30.6,2.37,11.73,6.6,82
shaanxi_guanzhong,1985-05-26,19.8,16.5,12.6,2.0,11.43,11.4,89
shaanxi_guanzhong,1985-05-27,18.9,14.8,3.3,1.46,7.24,6.4,87
shaanxi_guanzhong,1985-05-28,23.0,11.9,0.0,3.94,21.88,4.0,79
shaanxi_guanzhong,1985-05-29,20.5,17.2,3.0,2.05,10.59,8.7,82
shaanxi_guanzhong,1985-05-30,23.5,13.9,0.0,3.63,19.41,6.2,71
shaanxi_guanzhong,1985-05-31,26.9,12.1,0.0,5.29,27.99,6.6,65
shaanxi_guanzhong,1985-06-01,26.1,12.7,0.1,4.0,20.81,5.5,73
shaanxi_guanzhong,1985-06-02,26.4,15.2,0.5,4.06,20.71,11.3,73
shaanxi_guanzhong,1985-06-03,21.6,16.5,0.5,2.08,8.67,11.5,75
shaanxi_guanzhong,1985-06-04,21.7,17.0,0.1,2.61,10.92,16.4,73
shaanxi_guanzhong,1985-06-05,18.3,15.9,12.8,0.81,2.98,9.7,90
shaanxi_guanzhong,1985-06-06,26.2,12.3,0.0,5.44,29.6,6.1,67
shaanxi_guanzhong,1985-06-07,29.6,13.0,0.0,5.66,29.03,5.8,69
shaanxi_guanzhong,1985-06-08,29.9,16.8,2.4,4.58,22.27,8.3,72
shaanxi_guanzhong,1985-06-09,24.0,17.5,0.0,2.95,11.83,12.2,65
shaanxi_guanzhong,1985-06-10,25.7,15.0,1.3,3.24,16.27,7.3,75
shaanxi_guanzhong,1985-06-11,18.4,16.6,20.9,0.9,3.69,7.0,90
shaanxi_guanzhong,1985-06-12,21.9,16.3,1.0,3.08,16.59,4.9,77
shaanxi_guanzhong,1985-06-13,25.4,12.4,0.0,4.84,26.53,7.3,78
shaanxi_guanzhong,1985-06-14,22.6,15.5,2.9,1.91,8.92,8.9,82
shaanxi_guanzhong,1985-06-15,28.7,12.6,0.0,5.58,29.36,5.2,70
shaanxi_guanzhong,1985-06-16,28.8,14.1,0.0,5.15,25.89,7.6,68
shaanxi_guanzhong,1985-06-17,29.1,16.6,0.0,5.26,26.4,7.8,68
shaanxi_guanzhong,1985-06-18,28.8,17.3,0.0,5.22,26.59,9.7,70
shaanxi_guanzhong,1985-06-19,26.7,18.5,0.4,2.69,12.86,5.4,75
shaanxi_guanzhong,1985-06-20,23.3,20.1,16.0,1.33,6.1,4.6,86
shaanxi_guanzhong,1985-06-21,27.9,18.7,0.0,5.11,26.35,4.0,78
shaanxi_guanzhong,1985-06-22,28.3,17.0,0.5,4.52,22.47,7.9,76
shaanxi_guanzhong,1985-06-23,28.4,20.9,0.1,3.99,19.46,7.4,71
shaanxi_guanzhong,1985-06-24,29.4,17.9,0.0,5.7,29.15,8.0,64
shaanxi_guanzhong,1985-06-25,30.0,18.9,0.0,5.48,26.78,9.2,64
shaanxi_guanzhong,1985-06-26,31.2,19.2,0.0,5.24,25.47,6.6,67
shaanxi_guanzhong,1985-06-27,32.0,19.2,0.0,4.96,23.55,8.4,71
shaanxi_guanzhong,1985-06-28,31.1,22.5,0.0,4.7,21.54,7.6,64
shaanxi_guanzhong,1985-06-29,22.7,19.4,17.9,1.04,4.01,8.0,86
shaanxi_guanzhong,1985-06-30,20.0,18.1,10.4,0.89,3.64,4.7,92
shaanxi_guanzhong,1985-07-01,23.9,18.7,7.4,2.19,10.76,5.2,81
shaanxi_guanzhong,1985-07-02,29.6,17.1,0.0,4.59,22.34,6.9,75
shaanxi_guanzhong,1985-07-03,31.8,16.8,0.0,6.27,30.42,8.7,63
shaanxi_guanzhong,1985-07-04,30.0,16.5,0.0,5.8,29.03,6.0,60
shaanxi_guanzhong,1985-07-05,26.2,18.5,0.8,2.54,10.82,8.4,72
shaanxi_guanzhong,1985-07-06,27.6,19.8,0.0,4.08,20.38,5.2,68
shaanxi_guanzhong,1985-07-07,29.6,19.1,0.0,5.1,25.67,6.0,68
shaanxi_guanzhong,1985-07-08,30.0,20.2,0.0,3.99,19.29,5.7,72
shaanxi_guanzhong,1985-07-09,32.8,19.2,0.0,5.7,27.86,7.4,65
shaanxi_guanzhong,1985-07-10,26.5,20.6,8.6,1.84,8.32,8.0,80
shaanxi_guanzhong,1985-07-11,20.5,17.2,24.5,1.03,4.28,9.5,90
shaanxi_guanzhong,1985-07-12,30.2,14.9,0.0,5.7,28.87,5.2,73
shaanxi_guanzhong,1985-07-13,31.8,17.8,0.0,5.9,28.85,6.2,72
shaanxi_guanzhong,1985-07-14,30.8,20.2,3.3,5.12,25.05,5.2,73
shaanxi_guanzhong,1985-07-15,26.6,21.0,12.8,3.04,12.52,17.9,74
shaanxi_guanzhong,1985-07-16,25.3,18.0,10.4,2.49,11.93,8.6,76
shaanxi_guanzhong,1985-07-17,30.9,15.3,0.0,5.81,29.56,5.7,63
shaanxi_guanzhong,1985-07-18,32.5,17.9,0.0,5.84,28.55,6.6,70
shaanxi_guanzhong,1985-07-19,32.7,21.9,0.1,5.42,25.57,7.1,69
shaanxi_guanzhong,1985-07-20,31.6,22.3,0.0,5.32,24.57,10.8,69
shaanxi_guanzhong,1985-07-21,29.0,22.4,1.7,4.03,18.99,8.7,73
shaanxi_guanzhong,1985-07-22,29.9,20.3,0.4,4.22,19.99,8.4,65
shaanxi_guanzhong,1985-07-23,31.1,21.6,0.0,4.46,20.86,7.2,66
shaanxi_guanzhong,1985-07-24,31.4,21.7,4.8,4.99,24.12,5.3,72
shaanxi_guanzhong,1985-07-25,33.2,18.1,0.0,5.7,26.46,7.2,62
shaanxi_guanzhong,1985-07-26,31.7,20.0,0.0,5.15,24.17,7.2,62
shaanxi_guanzhong,1985-07-27,31.3,19.6,0.0,4.93,23.49,6.9,70
shaanxi_guanzhong,1985-07-28,28.1,21.0,21.7,2.85,13.19,14.5,80
shaanxi_guanzhong,1985-07-29,23.2,20.2,6.0,1.62,7.5,7.2,85
shaanxi_guanzhong,1985-07-30,29.2,20.7,1.7,4.02,19.63,5.2,76
shaanxi_guanzhong,1985-07-31,30.2,23.5,0.0,4.3,20.54,7.6,70
shaanxi_guanzhong,1985-08-01,31.8,21.8,0.0,4.88,23.11,8.6,69
shaanxi_guanzhong,1985-08-02,34.2,21.0,0.0,5.67,25.68,10.2,64
shaanxi_guanzhong,1985-08-03,34.3,21.5,0.0,5.6,26.37,6.9,67
shaanxi_guanzhong,1985-08-04,33.7,24.0,0.0,4.74,21.3,9.9,68
shaanxi_guanzhong,1985-08-05,34.8,24.6,0.1,5.54,24.66,11.9,63
shaanxi_guanzhong,1985-08-06,29.1,23.2,0.0,4.19,13.75,17.1,52
shaanxi_guanzhong,1985-08-07,25.9,19.7,10.9,2.56,12.53,5.0,75
shaanxi_guanzhong,1985-08-08,28.1,21.4,0.0,3.6,17.41,5.8,71
shaanxi_guanzhong,1985-08-09,26.9,22.6,10.5,2.1,9.92,5.8,84
shaanxi_guanzhong,1985-08-10,28.7,21.4,14.5,3.64,17.91,6.8,82
shaanxi_guanzhong,1985-08-11,29.4,21.5,11.3,3.32,16.02,8.2,80
shaanxi_guanzhong,1985-08-12,30.4,22.9,3.5,4.07,19.47,10.2,77
shaanxi_guanzhong,1985-08-13,29.5,21.8,0.4,4.45,22.17,6.9,76
shaanxi_guanzhong,1985-08-14,30.3,21.1,0.0,4.53,21.74,9.5,71
shaanxi_guanzhong,1985-08-15,32.4,23.0,2.9,4.86,22.54,19.3,69
shaanxi_guanzhong,1985-08-16,30.1,23.2,4.2,3.49,15.88,12.4,76
shaanxi_guanzhong,1985-08-17,26.5,18.9,8.8,2.26,9.25,15.3,76
shaanxi_guanzhong,1985-08-18,28.4,16.9,0.0,4.67,23.43,7.7,68
shaanxi_guanzhong,1985-08-19,28.4,19.4,0.0,3.77,18.14,6.8,65
shaanxi_guanzhong,1985-08-20,29.3,17.4,0.0,4.87,24.07,8.3,67
shaanxi_guanzhong,1985-08-21,29.2,17.7,0.0,4.4,20.48,13.1,65
shaanxi_guanzhong,1985-08-22,28.2,20.1,0.0,3.68,17.0,7.4,65
shaanxi_guanzhong,1985-08-23,26.5,21.0,6.9,2.01,9.32,8.3,82
shaanxi_guanzhong,1985-08-24,30.9,21.8,0.1,3.7,17.18,13.7,76
shaanxi_guanzhong,1985-08-25,25.7,20.5,6.8,2.58,9.41,13.8,72
shaanxi_guanzhong,1985-08-26,23.7,20.3,4.4,1.72,7.59,8.1,81
shaanxi_guanzhong,1985-08-27,26.9,20.8,0.4,2.44,11.14,7.2,79
shaanxi_guanzhong,1985-08-28,26.3,20.9,0.3,2.65,12.35,10.1,78
shaanxi_guanzhong,1985-08-29,22.4,19.2,14.2,1.15,5.4,6.0,92
shaanxi_guanzhong,1985-08-30,26.1,18.8,1.4,3.52,18.37,9.2,81
shaanxi_guanzhong,1985-08-31,22.0,15.8,7.1,2.76,15.21,6.9,85
shaanxi_guanzhong,1985-09-01,23.6,13.0,0.0,4.05,22.54,5.6,76
shaanxi_guanzhong,1985-09-02,24.6,15.4,0.0,4.18,23.2,8.9,68
shaanxi_guanzhong,1985-09-03,25.2,16.0,0.0,3.3,17.15,7.1,71
shaanxi_guanzhong,1985-09-04,21.4,19.4,16.1,1.03,4.45,4.7,85
shaanxi_guanzhong,1985-09-05,24.1,18.1,8.5,2.59,13.68,7.2,84
shaanxi_guanzhong,1985-09-06,23.2,18.0,2.7,1.81,8.65,10.4,83
shaanxi_guanzhong,1985-09-07,25.4,17.2,28.9,1.63,7.34,17.9,89
shaanxi_guanzhong,1985-09-08,19.7,15.7,3.1,1.47,6.18,12.1,81
shaanxi_guanzhong,1985-09-09,20.7,15.8,2.2,1.72,9.21,7.9,85
shaanxi_guanzhong,1985-09-10,20.7,17.4,2.9,1.24,5.88,9.1,89
shaanxi_guanzhong,1985-09-11,20.8,16.8,5.6,1.66,8.51,8.9,83
shaanxi_guanzhong,1985-09-12,17.0,14.6,7.5,1.16,6.14,5.8,90
shaanxi_guanzhong,1985-09-13,14.7,13.0,14.5,0.56,2.28,4.5,94
shaanxi_guanzhong,1985-09-14,13.2,11.9,38.7,0.43,1.39,4.7,94
shaanxi_guanzhong,1985-09-15,13.1,11.7,22.6,0.57,2.55,4.5,95
shaanxi_guanzhong,1985-09-16,14.3,12.5,13.0,0.62,2.75,4.6,93
shaanxi_guanzhong,1985-09-17,17.8,13.6,0.9,1.2,6.21,4.8,85
shaanxi_guanzhong,1985-09-18,15.9,12.8,3.5,0.79,3.71,5.5,88
shaanxi_guanzhong,1985-09-19,19.4,8.9,0.0,3.19,20.12,8.1,81
shaanxi_guanzhong,1985-09-20,19.4,9.5,3.2,1.97,11.35,5.9,86
shaanxi_guanzhong,1985-09-21,17.3,13.1,2.8,1.52,8.57,5.2,84
shaanxi_guanzhong,1985-09-22,18.6,10.5,0.2,1.78,10.41,6.2,84
shaanxi_guanzhong,1985-09-23,21.4,11.0,1.4,3.05,17.83,7.7,79
shaanxi_guanzhong,1985-09-24,21.0,8.5,0.0,3.14,18.88,7.4,79
shaanxi_guanzhong,1985-09-25,17.1,13.8,36.0,0.57,2.28,6.3,90
shaanxi_guanzhong,1985-09-26,18.4,13.1,1.2,1.66,9.51,6.0,87
shaanxi_guanzhong,1985-09-27,23.1,11.1,0.0,3.47,20.06,3.5,75
shaanxi_guanzhong,1985-09-28,23.6,10.7,0.0,3.61,20.49,6.6,70
shaanxi_guanzhong,1985-09-29,22.4,11.5,0.0,3.03,17.41,6.8,76
shaanxi_guanzhong,1985-09-30,22.2,11.6,4.0,2.9,16.59,5.8,81
shaanxi_guanzhong,1985-10-01,21.5,9.9,0.0,3.34,19.6,8.0,72
shaanxi_guanzhong,1985-10-02,21.1,10.9,0.3,2.36,12.97,6.1,72
shaanxi_guanzhong,1985-10-03,23.6,9.0,0.0,3.58,20.4,7.9,69
shaanxi_guanzhong,1985-10-04,23.2,8.5,0.0,3.51,20.41,7.0,67
shaanxi_guanzhong,1985-10-05,22.9,10.3,0.0,3.4,19.6,8.1,68
shaanxi_guanzhong,1985-10-06,23.5,10.0,0.0,3.33,19.14,7.5,72
shaanxi_guanzhong,1985-10-07,22.8,10.9,0.0,2.36,13.13,6.1,77
shaanxi_guanzhong,1985-10-08,20.5,12.0,0.2,1.44,7.75,5.0,83
shaanxi_guanzhong,1985-10-09,21.7,15.7,24.0,2.21,12.0,6.7,84
shaanxi_guanzhong,1985-10-10,20.8,13.7,0.7,1.99,11.34,10.3,85
shaanxi_guanzhong,1985-10-11,21.1,13.0,6.3,1.43,6.88,21.2,87
shaanxi_guanzhong,1985-10-12,17.0,10.2,4.0,2.13,11.9,15.4,72
shaanxi_guanzhong,1985-10-13,12.9,11.0,13.0,0.53,2.16,9.4,89
shaanxi_guanzhong,1985-10-14,11.6,9.1,16.1,0.59,2.94,8.9,93
shaanxi_guanzhong,1985-10-15,10.8,7.7,10.7,0.45,1.4,15.6,90
shaanxi_guanzhong,1985-10-16,8.6,4.9,0.7,0.74,3.07,9.4,74
shaanxi_guanzhong,1985-10-17,5.8,3.9,8.9,0.49,2.97,4.7,90
shaanxi_guanzhong,1985-10-18,7.1,4.7,4.1,0.59,3.41,5.0,90
shaanxi_guanzhong,1985-10-19,8.4,5.3,3.7,0.81,5.16,4.0,86
shaanxi_guanzhong,1985-10-20,13.4,2.5,0.0,1.96,13.63,6.0,75
shaanxi_guanzhong,1985-10-21,17.4,2.8,0.0,2.13,13.65,6.6,75
shaanxi_guanzhong,1985-10-22,17.9,4.4,0.0,2.27,14.66,6.4,76
shaanxi_guanzhong,1985-10-23,19.5,5.8,0.0,2.52,16.0,6.3,77
shaanxi_guanzhong,1985-10-24,19.5,7.1,0.0,2.43,15.43,6.8,80
shaanxi_guanzhong,1985-10-25,17.1,8.8,0.0,1.78,11.67,12.4,84
shaanxi_guanzhong,1985-10-26,13.3,10.5,9.8,0.81,5.2,9.7,91
shaanxi_guanzhong,1985-10-27,14.6,9.4,0.3,1.14,7.15,8.7,85
shaanxi_guanzhong,1985-10-28,14.9,8.2,0.0,1.14,6.94,6.5,86
shaanxi_guanzhong,1985-10-29,18.3,7.0,0.5,2.04,13.0,6.3,76
shaanxi_guanzhong,1985-10-30,17.6,7.8,2.6,1.58,9.77,5.0,80
shaanxi_guanzhong,1985-10-31,15.4,4.2,0.0,2.07,14.38,10.9,79
shaanxi_guanzhong,1985-11-01,14.3,5.4,0.0,1.73,11.63,11.8,71
shaanxi_guanzhong,1985-11-02,14.4,5.5,0.0,1.85,13.32,8.6,77
shaanxi_guanzhong,1985-11-03,11.1,6.9,3.3,0.77,3.69,13.7,82
shaanxi_guanzhong,1985-11-04,13.3,3.3,0.0,1.71,12.02,7.8,75
shaanxi_guanzhong,1985-11-05,14.5,3.0,0.0,1.99,14.66,9.0,78
shaanxi_guanzhong,1985-11-06,14.5,4.5,0.8,1.73,12.44,8.1,78
shaanxi_guanzhong,1985-11-07,9.6,2.2,7.4,0.7,3.57,16.9,80
shaanxi_guanzhong,1985-11-08,7.0,-1.4,0.0,1.62,14.47,6.9,58
shaanxi_guanzhong,1985-11-09,10.4,-3.0,0.0,1.77,14.56,4.1,65
shaanxi_guanzhong,1985-11-10,12.2,-2.0,0.0,1.84,14.09,5.4,70
shaanxi_guanzhong,1985-11-11,11.5,-0.0,0.0,1.79,13.89,5.8,62
shaanxi_guanzhong,1985-11-12,11.6,-1.1,0.0,1.24,8.69,4.9,61
shaanxi_guanzhong,1985-11-13,13.8,-0.7,0.0,1.9,13.95,5.6,65
shaanxi_guanzhong,1985-11-14,14.5,0.3,0.0,1.73,12.07,7.7,71
shaanxi_guanzhong,1985-11-15,12.5,-0.1,0.0,1.52,10.54,8.0,64
shaanxi_guanzhong,1985-11-16,11.3,0.1,0.0,1.75,13.28,7.6,60
shaanxi_guanzhong,1985-11-17,12.0,-0.8,0.0,1.69,13.11,5.6,68
shaanxi_guanzhong,1985-11-18,15.6,0.5,0.0,1.84,13.15,7.1,73
shaanxi_guanzhong,1985-11-19,14.3,-0.2,0.0,1.85,13.19,7.2,64
shaanxi_guanzhong,1985-11-20,14.2,1.8,0.0,1.48,10.08,5.7,67
shaanxi_guanzhong,1985-11-21,15.0,2.5,0.0,1.78,12.27,13.5,77
shaanxi_guanzhong,1985-11-22,9.5,3.1,2.1,1.66,6.58,13.9,49
shaanxi_guanzhong,1985-11-23,9.3,-0.4,0.9,1.06,6.55,8.7,69
shaanxi_guanzhong,1985-11-24,9.7,-2.8,0.0,1.58,12.71,8.4,56
shaanxi_guanzhong,1985-11-25,10.5,-0.9,0.0,1.41,11.43,7.1,68
shaanxi_guanzhong,1985-11-26,11.4,0.8,0.0,1.17,8.39,4.6,75
shaanxi_guanzhong,1985-11-27,6.8,2.1,0.3,1.11,5.43,11.8,61
shaanxi_guanzhong,1985-11-28,5.5,-0.6,0.0,0.93,6.25,7.3,50
shaanxi_guanzhong,1985-11-29,6.8,-4.4,0.0,1.25,9.18,14.7,52
shaanxi_guanzhong,1985-11-30,10.4,-5.1,0.0,1.47,12.27,5.4,56
shaanxi_guanzhong,1985-12-01,9.9,-2.9,0.0,1.48,12.14,5.8,57
shaanxi_guanzhong,1985-12-02,10.6,-2.9,0.0,1.43,11.71,5.6,69
shaanxi_guanzhong,1985-12-03,12.1,-1.2,0.0,1.34,10.0,4.6,54
shaanxi_guanzhong,1985-12-04,11.3,-2.2,0.0,1.42,11.38,5.4,67
shaanxi_guanzhong,1985-12-05,10.7,-2.3,0.0,1.51,11.35,9.8,66
shaanxi_guanzhong,1985-12-06,8.4,-0.6,2.2,1.12,9.72,12.4,74
shaanxi_guanzhong,1985-12-07,1.2,-4.8,0.7,1.28,10.27,12.8,46
shaanxi_guanzhong,1985-12-08,-0.2,-5.6,0.0,1.28,10.29,11.0,31
shaanxi_guanzhong,1985-12-09,-0.0,-5.7,0.0,1.04,8.68,8.7,37
shaanxi_guanzhong,1985-12-10,1.4,-4.6,0.0,0.83,7.94,5.1,46
shaanxi_guanzhong,1985-12-11,2.9,-5.7,0.0,1.21,11.75,5.5,40
shaanxi_guanzhong,1985-12-12,8.6,-5.4,0.0,1.35,11.68,6.5,59
shaanxi_guanzhong,1985-12-13,4.7,-4.5,0.0,1.16,6.9,18.4,58
shaanxi_guanzhong,1985-12-14,3.0,-5.1,0.0,1.42,11.86,12.7,38
shaanxi_guanzhong,1985-12-15,4.9,-5.5,0.0,1.25,11.7,5.9,43
shaanxi_guanzhong,1985-12-16,6.3,-5.2,0.0,1.41,11.61,9.8,50
shaanxi_guanzhong,1985-12-17,7.0,-3.8,0.0,1.32,10.91,9.4,47
shaanxi_guanzhong,1985-12-18,3.4,-5.4,0.0,1.28,11.47,6.6,41
shaanxi_guanzhong,1985-12-19,3.4,-3.9,0.0,1.15,10.18,8.7,48
shaanxi_guanzhong,1985-12-20,1.8,-2.1,1.0,0.68,4.97,6.9,60
shaanxi_guanzhong,1985-12-21,6.3,-4.4,0.0,1.11,10.34,4.9,72
shaanxi_guanzhong,1985-12-22,8.0,-4.5,0.0,1.3,11.34,7.1,68
shaanxi_guanzhong,1985-12-23,6.8,-2.7,0.0,1.33,11.35,13.4,63
shaanxi_guanzhong,1985-12-24,7.7,-3.3,0.0,1.13,9.33,5.2,66
shaanxi_guanzhong,1985-12-25,7.2,-2.5,0.0,1.16,9.66,8.8,68
shaanxi_guanzhong,1985-12-26,7.0,-1.6,0.0,1.16,10.81,9.7,75
shaanxi_guanzhong,1985-12-27,6.1,-1.1,0.0,0.99,8.94,9.5,78
shaanxi_guanzhong,1985-12-28,4.7,-0.8,1.2,0.5,3.77,8.7,85
shaanxi_guanzhong,1985-12-29,4.0,-4.2,0.2,0.78,5.26,9.9,69
shaanxi_guanzhong,1985-12-30,6.4,-5.1,0.0,1.27,11.81,4.3,63
shaanxi_guanzhong,1985-12-31,7.4,-4.5,0.0,1.37,11.54,12.6,57
shaanxi_guanzhong,1986-01-01,5.9,-4.4,0.0,1.35,11.89,10.2,53
shaanxi_guanzhong,1986-01-02,6.4,-5.3,0.0,1.05,7.53,10.2,62
shaanxi_guanzhong,1986-01-03,7.2,-4.6,0.0,1.46,12.28,13.0,46
shaanxi_guanzhong,1986-01-04,5.8,-5.3,0.0,1.35,12.21,7.6,50
shaanxi_guanzhong,1986-01-05,5.3,-5.7,0.0,1.31,11.75,5.7,49
shaanxi_guanzhong,1986-01-06,9.8,-5.3,0.0,1.59,12.39,10.5,47
shaanxi_guanzhong,1986-01-07,8.0,-4.2,0.0,1.51,12.39,7.5,44
shaanxi_guanzhong,1986-01-08,8.7,-4.8,0.0,1.39,12.08,3.7,52
shaanxi_guanzhong,1986-01-09,9.4,-4.7,0.0,1.51,12.42,6.7,53
shaanxi_guanzhong,1986-01-10,7.9,-3.1,0.0,1.47,12.45,8.7,54
shaanxi_guanzhong,1986-01-11,7.7,-4.0,0.0,1.32,11.62,5.9,69
shaanxi_guanzhong,1986-01-12,7.5,-4.8,0.0,1.54,11.71,12.0,57
shaanxi_guanzhong,1986-01-13,1.7,-3.0,0.3,1.15,5.87,10.9,45
shaanxi_guanzhong,1986-01-14,6.6,-4.9,0.0,1.37,12.74,6.2,68
shaanxi_guanzhong,1986-01-15,11.3,-4.5,0.0,1.64,13.2,5.8,56
shaanxi_guanzhong,1986-01-16,9.0,-4.1,0.3,1.24,9.03,8.4,61
shaanxi_guanzhong,1986-01-17,7.8,-0.3,2.5,0.81,6.23,4.3,73
shaanxi_guanzhong,1986-01-18,9.5,-3.4,0.0,1.51,12.64,9.2,72
shaanxi_guanzhong,1986-01-19,9.0,-1.7,0.0,1.41,12.24,7.4,75
shaanxi_guanzhong,1986-01-20,10.1,-2.5,0.0,1.65,12.88,7.1,65
shaanxi_guanzhong,1986-01-21,3.9,-1.7,1.4,0.79,6.51,6.1,72
shaanxi_guanzhong,1986-01-22,3.0,-3.2,0.0,1.24,11.0,9.0,56
shaanxi_guanzhong,1986-01-23,5.1,-4.4,0.0,1.43,13.32,6.0,52
shaanxi_guanzhong,1986-01-24,4.1,-2.1,0.0,1.14,7.48,8.1,50
shaanxi_guanzhong,1986-01-25,6.3,-5.6,0.0,1.63,14.47,6.9,48
shaanxi_guanzhong,1986-01-26,8.5,-4.9,0.0,1.75,14.55,5.8,47
shaanxi_guanzhong,1986-01-27,7.2,-4.4,0.0,1.56,13.11,9.5,49
shaanxi_guanzhong,1986-01-28,10.0,-2.4,0.0,1.69,13.89,4.7,66
shaanxi_guanzhong,1986-01-29,9.2,-3.6,0.0,1.56,11.99,7.7,61
shaanxi_guanzhong,1986-01-30,4.5,-4.1,0.0,0.97,7.55,6.3,57
shaanxi_guanzhong,1986-01-31,5.0,-2.4,0.0,1.1,9.48,6.1,55
shaanxi_guanzhong,1986-02-01,7.1,-5.3,0.0,1.49,13.02,5.2,59
shaanxi_guanzhong,1986-02-02,6.4,-4.0,0.0,1.4,11.21,6.2,55
shaanxi_guanzhong,1986-02-03,3.6,-5.6,0.0,1.62,12.53,13.9,40
shaanxi_guanzhong,1986-02-04,2.8,-3.7,0.0,1.24,9.09,8.9,49
shaanxi_guanzhong,1986-02-05,4.1,-3.7,0.0,1.32,11.91,8.0,63
shaanxi_guanzhong,1986-02-06,3.2,-5.3,0.0,1.51,11.67,9.3,37
shaanxi_guanzhong,1986-02-07,7.5,-5.1,0.0,1.9,15.94,11.4,45
shaanxi_guanzhong,1986-02-08,5.4,-4.3,0.0,1.49,11.46,8.5,44
shaanxi_guanzhong,1986-02-09,9.7,-4.5,0.0,2.08,16.36,12.2,48
shaanxi_guanzhong,1986-02-10,10.5,-3.1,0.0,2.15,16.34,10.2,48
shaanxi_guanzhong,1986-02-11,9.3,-1.3,0.0,2.17,15.97,11.8,43
shaanxi_guanzhong,1986-02-12,10.0,-1.5,0.0,1.24,8.79,6.0,59
shaanxi_guanzhong,1986-02-13,13.5,-2.4,0.0,2.18,15.86,5.6,51
shaanxi_guanzhong,1986-02-14,13.6,-2.0,0.0,2.51,16.97,10.2,52
shaanxi_guanzhong,1986-02-15,5.2,0.2,1.5,1.5,8.26,21.4,56
shaanxi_guanzhong,1986-02-16,2.2,-1.4,2.9,0.87,6.97,10.5,75
shaanxi_guanzhong,1986-02-17,9.0,-2.5,0.0,2.06,17.25,6.4,65
shaanxi_guanzhong,1986-02-18,10.7,-4.2,0.0,2.11,15.99,10.1,59
shaanxi_guanzhong,1986-02-19,11.4,-1.5,0.0,2.29,15.05,13.2,52
shaanxi_guanzhong,1986-02-20,5.4,-2.9,0.0,1.55,13.1,8.6,45
shaanxi_guanzhong,1986-02-21,7.8,-2.1,0.0,2.1,17.67,9.5,41
shaanxi_guanzhong,1986-02-22,9.6,-3.5,0.0,2.08,16.32,4.9,50
shaanxi_guanzhong,1986-02-23,12.9,-2.6,0.0,2.51,17.29,10.0,53
shaanxi_guanzhong,1986-02-24,11.7,2.2,0.0,2.13,14.16,11.1,42
shaanxi_guanzhong,1986-02-25,7.2,1.2,3.7,0.86,5.3,13.4,67
shaanxi_guanzhong,1986-02-26,1.3,-2.0,0.9,1.04,8.44,7.1,54
shaanxi_guanzhong,1986-02-27,1.9,-6.4,0.0,1.91,17.86,12.4,37
shaanxi_guanzhong,1986-02-28,0.6,-4.7,0.0,1.7,13.94,8.1,29
shaanxi_guanzhong,1986-03-01,6.6,-6.4,0.0,2.64,18.27,22.5,26
shaanxi_guanzhong,1986-03-02,9.7,-4.8,0.0,2.79,20.14,16.5,31
shaanxi_guanzhong,1986-03-03,12.7,-3.7,0.0,2.94,20.53,8.7,35
shaanxi_guanzhong,1986-03-04,13.9,-2.5,0.0,2.98,20.42,7.1,35
shaanxi_guanzhong,1986-03-05,14.7,-2.7,0.0,2.89,20.25,7.6,46
shaanxi_guanzhong,1986-03-06,16.2,-0.4,0.0,2.79,18.72,8.2,48
shaanxi_guanzhong,1986-03-07,10.7,4.1,7.6,0.89,5.08,14.3,72
shaanxi_guanzhong,1986-03-08,7.7,-2.3,5.2,1.52,10.69,14.8,63
shaanxi_guanzhong,1986-03-09,9.5,-4.5,0.0,2.58,21.01,10.9,46
shaanxi_guanzhong,1986-03-10,13.8,0.5,0.0,2.59,18.43,8.7,50
shaanxi_guanzhong,1986-03-11,18.3,-0.4,0.0,3.19,20.64,9.9,64
shaanxi_guanzhong,1986-03-12,19.1,4.2,0.0,3.1,19.71,8.3,66
shaanxi_guanzhong,1986-03-13,17.1,9.5,0.0,2.08,12.75,7.1,69
shaanxi_guanzhong,1986-03-14,19.1,6.0,0.0,3.11,19.54,12.0,72
shaanxi_guanzhong,1986-03-15,12.8,4.8,0.5,2.28,12.03,19.0,59
shaanxi_guanzhong,1986-03-16,8.1,1.8,5.0,1.73,9.93,21.3,67
shaanxi_guanzhong,1986-03-17,6.0,-0.7,6.0,1.28,10.58,12.4,76
shaanxi_guanzhong,1986-03-18,13.3,-2.9,0.0,3.03,22.06,5.9,57
shaanxi_guanzhong,1986-03-19,11.9,0.8,0.1,2.18,14.89,13.9,58
shaanxi_guanzhong,1986-03-20,9.9,2.8,4.6,1.35,9.28,5.9,79
shaanxi_guanzhong,1986-03-21,11.1,1.8,2.5,1.91,13.47,9.3,71
shaanxi_guanzhong,1986-03-22,13.5,-1.2,0.0,2.79,20.31,10.9,64
shaanxi_guanzhong,1986-03-23,14.5,2.5,0.0,2.46,16.52,6.5,64
shaanxi_guanzhong,1986-03-24,15.9,3.2,1.4,2.28,14.52,11.8,72
shaanxi_guanzhong,1986-03-25,13.1,7.5,4.5,1.15,6.84,5.6,84
shaanxi_guanzhong,1986-03-26,14.8,6.9,0.4,1.57,9.29,12.0,80
shaanxi_guanzhong,1986-03-27,16.8,5.1,0.0,2.45,14.92,7.0,71
shaanxi_guanzhong,1986-03-28,19.7,4.6,0.0,3.2,19.57,6.5,68
shaanxi_guanzhong,1986-03-29,14.2,7.7,0.0,2.58,14.0,9.4,51
shaanxi_guanzhong,1986-03-30,15.3,4.9,0.0,3.33,21.12,8.3,51
shaanxi_guanzhong,1986-03-31,16.2,3.9,0.2,2.59,16.15,6.1,64
shaanxi_guanzhong,1986-04-01,13.9,4.2,2.1,1.46,8.79,6.1,78
shaanxi_guanzhong,1986-04-02,14.4,8.6,2.3,1.37,6.38,11.2,80
shaanxi_guanzhong,1986-04-03,15.9,2.3,0.0,2.78,16.32,9.7,61
shaanxi_guanzhong,1986-04-04,16.2,5.2,0.0,2.82,16.7,8.1,57
shaanxi_guanzhong,1986-04-05,19.2,6.9,0.0,3.88,21.91,8.6,47
shaanxi_guanzhong,1986-04-06,18.2,5.2,0.0,2.91,16.85,7.1,47
shaanxi_guanzhong,1986-04-07,18.6,6.1,0.0,3.28,19.45,8.3,56
shaanxi_guanzhong,1986-04-08,20.8,5.4,0.0,3.83,22.55,9.8,63
shaanxi_guanzhong,1986-04-09,24.4,7.7,0.0,4.31,24.36,5.3,54
shaanxi_guanzhong,1986-04-10,19.1,11.3,0.0,3.26,16.74,9.0,41
shaanxi_guanzhong,1986-04-11,17.8,7.5,0.0,3.34,16.84,12.1,38
shaanxi_guanzhong,1986-04-12,19.2,8.1,0.4,3.05,17.4,7.2,60
shaanxi_guanzhong,1986-04-13,19.5,8.4,3.6,2.28,12.09,16.5,74
shaanxi_guanzhong,1986-04-14,21.5,4.8,0.0,4.26,23.53,12.2,55
shaanxi_guanzhong,1986-04-15,22.1,4.8,0.0,4.06,23.43,7.5,46
shaanxi_guanzhong,1986-04-16,21.0,8.4,0.0,3.24,17.78,7.8,56
shaanxi_guanzhong,1986-04-17,24.7,9.5,0.0,4.68,25.41,9.0,54
shaanxi_guanzhong,1986-04-18,26.2,10.0,0.0,4.38,22.8,10.4,56
shaanxi_guanzhong,1986-04-19,23.5,10.4,0.0,5.16,25.6,11.4,44
shaanxi_guanzhong,1986-04-20,20.3,8.1,8.8,3.3,15.96,8.7,46
shaanxi_guanzhong,1986-04-21,22.9,4.1,0.7,4.09,23.68,8.9,68
shaanxi_guanzhong,1986-04-22,24.0,6.5,0.0,4.58,25.51,10.0,65
shaanxi_guanzhong,1986-04-23,25.3,11.8,0.0,4.2,22.11,8.7,66
shaanxi_guanzhong,1986-04-24,17.2,13.8,0.3,1.53,5.74,5.9,53
shaanxi_guanzhong,1986-04-25,12.8,8.4,2.2,1.48,7.29,8.1,64
shaanxi_guanzhong,1986-04-26,9.2,7.3,11.0,0.78,4.42,8.0,90
shaanxi_guanzhong,1986-04-27,12.6,6.8,0.0,2.04,13.07,7.6,69
shaanxi_guanzhong,1986-04-28,14.3,7.0,0.2,1.96,12.04,5.4,70
shaanxi_guanzhong,1986-04-29,11.8,8.6,6.2,1.09,6.04,7.6,85
shaanxi_guanzhong,1986-04-30,12.3,7.8,3.9,1.21,7.1,5.1,85
shaanxi_guanzhong,1986-05-01,19.5,4.3,0.0,3.97,24.6,5.2,75
shaanxi_guanzhong,1986-05-02,21.7,5.8,0.0,4.21,24.22,13.8,69
shaanxi_guanzhong,1986-05-03,20.9,10.7,1.6,2.81,16.15,6.0,73
shaanxi_guanzhong,1986-05-04,22.2,8.2,0.0,3.82,21.6,7.7,75
shaanxi_guanzhong,1986-05-05,24.4,8.6,0.0,4.52,23.57,8.4,59
shaanxi_guanzhong,1986-05-06,27.4,9.5,0.0,4.76,24.33,8.9,50
shaanxi_guanzhong,1986-05-07,29.6,10.6,0.0,6.08,26.56,15.1,48
shaanxi_guanzhong,1986-05-08,33.3,12.2,0.1,6.03,25.97,14.1,51
shaanxi_guanzhong,1986-05-09,31.2,14.9,0.0,5.6,25.47,11.1,52
shaanxi_guanzhong,1986-05-10,27.8,17.1,0.0,3.9,17.92,10.7,57
shaanxi_guanzhong,1986-05-11,27.5,12.8,1.6,4.22,20.75,8.7,59
shaanxi_guanzhong,1986-05-12,25.3,16.4,0.4,3.14,13.92,11.3,62
shaanxi_guanzhong,1986-05-13,30.0,13.5,0.0,5.56,27.01,7.2,44
shaanxi_guanzhong,1986-05-14,30.0,11.5,0.0,5.59,27.59,7.4,47
shaanxi_guanzhong,1986-05-15,30.5,14.8,0.0,5.44,27.24,6.8,56
shaanxi_guanzhong,1986-05-16,30.9,15.5,0.0,5.38,26.5,5.8,55
shaanxi_guanzhong,1986-05-17,24.3,18.6,8.9,2.41,11.52,7.4,72
shaanxi_guanzhong,1986-05-18,26.9,18.3,18.3,3.37,16.52,10.5,78
shaanxi_guanzhong,1986-05-19,18.7,15.8,23.9,1.02,4.71,6.9,92
shaanxi_guanzhong,1986-05-20,21.2,14.9,2.3,2.33,12.25,6.1,81
shaanxi_guanzhong,1986-05-21,23.4,11.0,0.1,4.0,22.6,11.2,75
shaanxi_guanzhong,1986-05-22,25.5,12.5,0.0,4.63,24.7,9.0,64
shaanxi_guanzhong,1986-05-23,23.7,15.5,0.0,2.8,11.96,12.8,70
shaanxi_guanzhong,1986-05-24,18.9,14.9,1.4,1.66,3.23,13.7,69
shaanxi_guanzhong,1986-05-25,16.1,14.0,9.5,0.79,3.05,10.5,89
shaanxi_guanzhong,1986-05-26,22.3,9.4,0.0,4.36,25.01,3.6,74
shaanxi_guanzhong,1986-05-27,21.7,11.6,0.9,2.19,11.51,5.2,81
shaanxi_guanzhong,1986-05-28,29.4,13.0,0.0,5.7,29.23,7.9,67
shaanxi_guanzhong,1986-05-29,29.6,13.9,0.0,5.36,26.56,10.5,63
shaanxi_guanzhong,1986-05-30,23.8,18.1,10.3,1.89,8.65,11.7,73
shaanxi_guanzhong,1986-05-31,28.1,14.1,0.0,4.79,24.5,5.7,66
shaanxi_guanzhong,1986-06-01,28.8,14.7,0.0,4.28,19.84,11.2,65
shaanxi_guanzhong,1986-06-02,29.8,13.7,0.0,5.62,28.06,9.2,58
shaanxi_guanzhong,1986-06-03,24.1,16.1,3.7,1.77,7.61,6.6,74
shaanxi_guanzhong,1986-06-04,20.3,17.8,6.9,1.29,5.79,5.4,85
shaanxi_guanzhong,1986-06-05,22.7,15.8,3.0,2.68,12.0,12.3,72
shaanxi_guanzhong,1986-06-06,21.4,17.5,6.2,1.91,9.53,8.3,82
shaanxi_guanzhong,1986-06-07,22.6,15.8,1.7,1.7,7.69,7.6,81
shaanxi_guanzhong,1986-06-08,23.8,18.3,6.0,2.25,10.64,6.5,78
shaanxi_guanzhong,1986-06-09,23.5,18.1,11.2,2.86,14.81,7.1,82
shaanxi_guanzhong,1986-06-10,26.1,13.7,0.0,4.89,25.99,6.7,77
shaanxi_guanzhong,1986-06-11,27.4,17.1,0.0,4.73,23.95,7.1,70
shaanxi_guanzhong,1986-06-12,27.5,15.7,0.0,5.08,26.48,7.6,66
shaanxi_guanzhong,1986-06-13,23.9,18.7,5.0,2.39,10.35,11.4,71
shaanxi_guanzhong,1986-06-14,21.5,18.2,29.1,1.29,5.36,10.0,84
shaanxi_guanzhong,1986-06-15,19.9,14.1,9.0,1.11,5.22,6.1,91
shaanxi_guanzhong,1986-06-16,27.8,12.5,0.0,5.57,29.12,5.9,69
shaanxi_guanzhong,1986-06-17,27.9,13.9,0.0,4.86,25.07,5.8,71
shaanxi_guanzhong,1986-06-18,28.2,17.5,1.2,3.58,17.41,6.4,73
shaanxi_guanzhong,1986-06-19,26.9,18.6,16.7,3.04,15.12,6.8,79
shaanxi_guanzhong,1986-06-20,27.5,15.5,0.0,3.84,19.25,7.2,74
shaanxi_guanzhong,1986-06-21,29.7,15.6,0.0,5.31,26.2,9.0,61
shaanxi_guanzhong,1986-06-22,29.8,16.1,0.1,5.2,25.73,6.6,65
shaanxi_guanzhong,1986-06-23,29.6,17.1,2.0,4.97,24.93,7.9,73
shaanxi_guanzhong,1986-06-24,29.6,19.0,0.0,5.19,25.56,7.6,70
shaanxi_guanzhong,1986-06-25,26.7,20.3,10.3,3.03,14.97,6.6,81
shaanxi_guanzhong,1986-06-26,23.7,19.1,13.2,1.21,4.51,16.6,86
shaanxi_guanzhong,1986-06-27,28.8,16.3,0.1,4.74,23.03,10.6,74
shaanxi_guanzhong,1986-06-28,30.5,17.4,0.0,5.5,27.55,6.3,66
shaanxi_guanzhong,1986-06-29,27.6,20.0,0.0,2.86,13.07,7.6,71
shaanxi_guanzhong,1986-06-30,27.2,20.7,0.0,2.59,11.61,6.6,75
shaanxi_guanzhong,1986-07-01,24.2,21.2,14.3,1.34,5.8,9.2,87
shaanxi_guanzhong,1986-07-02,21.3,19.8,26.7,0.67,2.37,6.7,94
shaanxi_guanzhong,1986-07-03,22.7,19.7,9.8,1.41,6.47,5.3,90
shaanxi_guanzhong,1986-07-04,27.2,16.2,0.8,4.46,22.77,10.9,77
shaanxi_guanzhong,1986-07-05,27.9,14.5,0.0,5.48,28.45,5.8,70
shaanxi_guanzhong,1986-07-06,28.8,17.2,0.2,4.96,24.8,10.1,72
shaanxi_guanzhong,1986-07-07,29.0,19.5,0.4,5.25,26.1,9.8,66
shaanxi_guanzhong,1986-07-08,29.2,15.9,0.0,4.99,24.76,6.5,73
shaanxi_guanzhong,1986-07-09,23.0,19.1,94.9,0.66,1.84,13.0,87
shaanxi_guanzhong,1986-07-10,22.4,18.2,6.2,2.12,10.95,5.4,86
shaanxi_guanzhong,1986-07-11,26.6,17.9,0.0,3.89,20.22,11.1,81
shaanxi_guanzhong,1986-07-12,28.4,20.3,0.0,4.71,23.71,7.2,75
shaanxi_guanzhong,1986-07-13,27.5,21.3,0.0,1.87,8.19,6.7,82
shaanxi_guanzhong,1986-07-14,31.3,18.4,0.3,4.99,23.99,7.4,72
shaanxi_guanzhong,1986-07-15,28.2,20.2,0.0,2.99,12.82,10.8,75
shaanxi_guanzhong,1986-07-16,30.4,16.1,0.0,5.55,28.22,4.0,66
shaanxi_guanzhong,1986-07-17,30.2,17.4,0.2,5.2,24.75,12.3,69
shaanxi_guanzhong,1986-07-18,29.7,16.2,0.0,5.3,26.38,7.3,68
shaanxi_guanzhong,1986-07-19,26.6,20.0,0.0,3.2,14.95,9.8,72
shaanxi_guanzhong,1986-07-20,27.7,19.4,0.0,4.42,22.26,6.1,70
shaanxi_guanzhong,1986-07-21,29.8,16.7,0.0,5.29,26.64,5.6,70
shaanxi_guanzhong,1986-07-22,30.5,18.1,0.0,4.99,24.34,6.4,68
shaanxi_guanzhong,1986-07-23,31.0,18.4,0.0,4.74,22.71,6.2,71
shaanxi_guanzhong,1986-07-24,31.3,19.7,0.0,4.96,23.28,8.3,69
shaanxi_guanzhong,1986-07-25,33.1,20.4,0.1,5.01,23.19,14.1,67
shaanxi_guanzhong,1986-07-26,32.4,19.2,0.0,5.52,26.28,6.9,65
shaanxi_guanzhong,1986-07-27,31.7,20.4,0.0,5.25,25.04,7.2,64
shaanxi_guanzhong,1986-07-28,32.5,22.7,0.0,5.28,24.56,7.6,64
shaanxi_guanzhong,1986-07-29,31.1,22.8,3.3,4.01,17.51,12.7,69
shaanxi_guanzhong,1986-07-30,24.3,19.8,37.6,1.56,5.8,10.5,80
shaanxi_guanzhong,1986-07-31,30.4,16.5,0.0,5.33,26.42,6.3,65
shaanxi_guanzhong,1986-08-01,30.2,15.9,0.0,5.21,25.87,7.3,61
shaanxi_guanzhong,1986-08-02,29.5,17.8,0.6,4.43,21.52,10.8,69
shaanxi_guanzhong,1986-08-03,23.9,19.7,16.1,1.45,7.09,9.3,86
shaanxi_guanzhong,1986-08-04,27.9,14.6,0.0,5.24,27.36,6.9,74
shaanxi_guanzhong,1986-08-05,30.0,17.0,1.2,5.12,25.39,8.5,69
shaanxi_guanzhong,1986-08-06,27.7,18.2,0.0,4.59,23.44,8.3,71
shaanxi_guanzhong,1986-08-07,28.6,19.2,0.0,4.34,21.69,8.1,72
shaanxi_guanzhong,1986-08-08,31.3,18.6,0.0,5.06,25.06,5.2,73
shaanxi_guanzhong,1986-08-09,31.7,21.0,0.2,4.9,23.6,7.6,69
shaanxi_guanzhong,1986-08-10,33.1,22.3,0.0,4.86,23.14,4.9,69
shaanxi_guanzhong,1986-08-11,35.0,21.9,0.0,5.8,26.71,8.7,65
shaanxi_guanzhong,1986-08-12,33.8,21.7,0.0,5.03,21.88,8.2,61
shaanxi_guanzhong,1986-08-13,32.0,22.1,0.0,4.47,20.2,6.9,55
shaanxi_guanzhong,1986-08-14,28.5,22.9,3.9,2.41,9.42,10.4,70
shaanxi_guanzhong,1986-08-15,22.7,19.7,7.1,1.73,7.63,6.9,75
shaanxi_guanzhong,1986-08-16,28.2,19.6,4.8,3.2,15.76,5.1,71
shaanxi_guanzhong,1986-08-17,26.1,21.0,8.5,2.29,10.75,6.5,80
shaanxi_guanzhong,1986-08-18,23.2,17.4,15.6,1.8,6.19,20.2,81
shaanxi_guanzhong,1986-08-19,29.7,16.5,0.0,4.97,24.43,8.9,64
shaanxi_guanzhong,1986-08-20,31.9,16.2,0.0,5.54,26.49,9.5,54
shaanxi_guanzhong,1986-08-21,29.1,19.7,0.0,4.79,22.9,9.6,54
shaanxi_guanzhong,1986-08-22,28.8,19.3,2.1,3.73,17.81,10.2,71
shaanxi_guanzhong,1986-08-23,23.8,16.7,23.4,1.21,4.05,15.9,82
shaanxi_guanzhong,1986-08-24,26.3,13.9,0.0,4.53,23.9,6.8,67
shaanxi_guanzhong,1986-08-25,27.6,16.6,0.0,4.86,25.0,11.2,60
shaanxi_guanzhong,1986-08-26,26.2,17.5,0.0,3.25,15.6,7.2,62
shaanxi_guanzhong,1986-08-27,26.9,15.8,0.0,4.36,22.59,6.5,65
shaanxi_guanzhong,1986-08-28,28.4,16.5,0.0,4.55,22.5,12.1,65
shaanxi_guanzhong,1986-08-29,28.8,18.2,0.0,3.79,18.63,4.7,64
shaanxi_guanzhong,1986-08-30,29.4,20.4,0.0,3.34,15.33,7.1,62
shaanxi_guanzhong,1986-08-31,29.9,17.5,0.0,3.96,16.54,15.6,60
shaanxi_guanzhong,1986-09-01,29.3,14.7,0.0,4.92,24.51,7.1,55
shaanxi_guanzhong,1986-09-02,27.9,16.1,0.0,4.79,24.42,8.3,50
shaanxi_guanzhong,1986-09-03,27.1,17.3,0.0,2.71,11.49,7.6,54
shaanxi_guanzhong,1986-09-04,29.0,14.4,0.0,4.95,24.26,9.1,50
shaanxi_guanzhong,1986-09-05,27.4,18.1,0.0,3.51,16.68,10.4,56
shaanxi_guanzhong,1986-09-06,25.1,17.2,3.0,2.52,11.5,10.1,70
shaanxi_guanzhong,1986-09-07,21.0,18.8,8.2,0.94,3.93,6.0,85
shaanxi_guanzhong,1986-09-08,19.5,17.7,43.8,0.49,1.25,8.4,91
shaanxi_guanzhong,1986-09-09,17.4,14.7,22.2,0.75,3.32,5.3,91
shaanxi_guanzhong,1986-09-10,21.4,13.7,0.4,2.09,11.46,5.7,76
shaanxi_guanzhong,1986-09-11,24.3,11.8,0.0,3.27,17.5,5.0,73
shaanxi_guanzhong,1986-09-12,23.6,12.1,0.1,2.93,16.14,7.7,81
shaanxi_guanzhong,1986-09-13,23.3,13.7,0.0,3.35,18.4,11.3,76
shaanxi_guanzhong,1986-09-14,23.6,17.9,1.2,3.22,17.77,5.4,76
shaanxi_guanzhong,1986-09-15,23.9,18.6,1.6,2.8,14.71,6.9,77
shaanxi_guanzhong,1986-09-16,24.8,15.9,2.9,3.8,20.8,7.5,71
shaanxi_guanzhong,1986-09-17,19.0,15.7,0.4,1.32,3.99,10.1,63
shaanxi_guanzhong,1986-09-18,23.9,12.7,0.0,3.53,17.9,9.2,62
shaanxi_guanzhong,1986-09-19,27.4,11.7,0.0,4.44,22.42,9.8,51
shaanxi_guanzhong,1986-09-20,24.7,10.4,0.0,4.14,22.68,8.9,55
shaanxi_guanzhong,1986-09-21,23.8,9.4,0.0,3.45,18.76,5.9,57
shaanxi_guanzhong,1986-09-22,26.9,11.2,0.0,4.02,21.6,7.9,65
shaanxi_guanzhong,1986-09-23,27.7,12.0,0.0,4.07,21.87,4.7,63
shaanxi_guanzhong,1986-09-24,23.6,13.5,8.0,1.71,8.22,8.4,78
shaanxi_guanzhong,1986-09-25,24.5,14.4,0.4,3.54,19.4,7.4,73
shaanxi_guanzhong,1986-09-26,25.8,14.8,1.5,3.25,17.09,5.1,70
shaanxi_guanzhong,1986-09-27,23.3,13.6,11.0,2.72,14.28,9.3,77
shaanxi_guanzhong,1986-09-28,22.1,15.1,8.5,2.71,15.34,7.2,81
shaanxi_guanzhong,1986-09-29,23.2,8.8,0.0,3.67,20.54,8.9,60
shaanxi_guanzhong,1986-09-30,21.9,6.9,0.0,3.65,21.37,7.1,57
shaanxi_guanzhong,1986-10-01,21.8,8.5,0.0,3.39,19.92,10.1,66
shaanxi_guanzhong,1986-10-02,19.4,11.9,3.5,1.7,8.46,9.3,72
shaanxi_guanzhong,1986-10-03,18.9,14.2,4.9,1.62,9.01,5.1,81
shaanxi_guanzhong,1986-10-04,20.7,10.3,0.0,2.57,14.82,5.5,75
shaanxi_guanzhong,1986-10-05,23.6,9.5,0.0,3.38,19.21,6.3,73
shaanxi_guanzhong,1986-10-06,24.1,10.5,0.0,3.31,18.73,6.8,75
shaanxi_guanzhong,1986-10-07,19.9,12.4,2.4,1.28,6.7,6.3,82
shaanxi_guanzhong,1986-10-08,21.4,8.9,0.0,2.77,16.2,7.9,76
shaanxi_guanzhong,1986-10-09,19.6,7.0,0.0,3.18,19.26,8.3,54
shaanxi_guanzhong,1986-10-10,17.9,7.0,0.0,3.04,18.77,9.1,50
shaanxi_guanzhong,1986-10-11,16.5,9.5,0.0,1.94,9.67,8.5,58
shaanxi_guanzhong,1986-10-12,17.2,10.7,4.2,1.52,9.0,6.8,76
shaanxi_guanzhong,1986-10-13,23.6,8.1,0.0,3.17,18.27,5.1,65
shaanxi_guanzhong,1986-10-14,21.8,8.6,0.0,3.15,18.04,9.0,58
shaanxi_guanzhong,1986-10-15,22.5,9.2,0.0,2.81,16.19,6.4,61
shaanxi_guanzhong,1986-10-16,18.8,13.0,10.6,1.12,5.27,9.4,83
shaanxi_guanzhong,1986-10-17,12.8,8.2,10.6,0.42,1.69,11.5,94
shaanxi_guanzhong,1986-10-18,10.2,7.4,7.3,0.66,4.14,15.6,92
shaanxi_guanzhong,1986-10-19,8.9,7.5,8.2,0.45,2.04,8.1,93
shaanxi_guanzhong,1986-10-20,10.4,7.6,3.2,0.61,3.32,3.3,90
shaanxi_guanzhong,1986-10-21,16.0,7.6,1.0,1.48,9.04,4.9,79
shaanxi_guanzhong,1986-10-22,13.0,8.7,2.2,0.91,4.95,11.3,84
shaanxi_guanzhong,1986-10-23,15.5,7.4,6.7,1.52,9.73,5.1,79
shaanxi_guanzhong,1986-10-24,17.9,5.2,0.0,2.42,16.07,7.4,77
shaanxi_guanzhong,1986-10-25,16.6,10.4,0.8,1.42,8.34,6.4,74
shaanxi_guanzhong,1986-10-26,17.0,7.8,0.0,2.38,15.48,5.7,67
shaanxi_guanzhong,1986-10-27,16.6,5.9,1.3,2.17,11.95,12.9,64
shaanxi_guanzhong,1986-10-28,7.2,-1.2,0.2,1.99,14.43,11.2,47
shaanxi_guanzhong,1986-10-29,14.4,-2.5,0.0,2.32,16.62,8.0,50
shaanxi_guanzhong,1986-10-30,14.7,0.7,0.0,2.14,15.45,6.8,63
shaanxi_guanzhong,1986-10-31,16.4,3.5,0.0,2.23,14.81,10.1,63
shaanxi_guanzhong,1986-11-01,16.4,1.9,0.0,2.24,15.25,7.7,69
shaanxi_guanzhong,1986-11-02,16.4,4.1,0.0,2.28,13.4,9.2,61
shaanxi_guanzhong,1986-11-03,14.6,1.8,0.0,2.15,15.18,5.4,56
shaanxi_guanzhong,1986-11-04,18.9,2.8,0.0,2.23,14.73,6.9,67
shaanxi_guanzhong,1986-11-05,16.4,4.5,1.5,1.79,11.58,6.9,74
shaanxi_guanzhong,1986-11-06,15.5,5.1,0.0,2.01,13.2,9.1,70
shaanxi_guanzhong,1986-11-07,10.8,1.5,6.3,0.61,3.28,8.0,76
shaanxi_guanzhong,1986-11-08,11.7,-2.9,0.0,1.95,15.27,6.6,58
shaanxi_guanzhong,1986-11-09,14.6,-1.9,0.0,2.02,14.81,4.0,54
shaanxi_guanzhong,1986-11-10,14.3,1.3,0.0,1.7,11.62,5.4,65
shaanxi_guanzhong,1986-11-11,8.8,5.6,7.7,0.65,4.07,6.1,86
shaanxi_guanzhong,1986-11-12,15.1,4.2,0.0,1.89,13.56,8.0,78
shaanxi_guanzhong,1986-11-13,15.5,2.8,0.0,1.85,12.71,5.9,72
shaanxi_guanzhong,1986-11-14,8.3,3.2,0.0,1.4,8.86,7.3,49
shaanxi_guanzhong,1986-11-15,7.0,2.0,0.0,1.17,5.31,10.6,55
shaanxi_guanzhong,1986-11-16,9.8,0.8,0.0,1.41,10.61,12.1,68
shaanxi_guanzhong,1986-11-17,6.3,2.5,0.3,0.63,4.36,4.3,73
shaanxi_guanzhong,1986-11-18,7.6,4.4,3.5,0.58,3.79,3.5,85
shaanxi_guanzhong,1986-11-19,11.8,-0.9,0.0,1.63,12.77,7.8,72
shaanxi_guanzhong,1986-11-20,11.7,1.0,0.0,1.46,10.85,8.2,70
shaanxi_guanzhong,1986-11-21,10.2,1.0,0.6,0.93,6.55,6.7,81
shaanxi_guanzhong,1986-11-22,10.7,5.3,0.9,0.73,4.6,12.7,86
shaanxi_guanzhong,1986-11-23,7.0,2.5,9.4,0.46,2.08,13.9,87
shaanxi_guanzhong,1986-11-24,4.2,-0.4,0.4,0.81,6.25,10.2,69
shaanxi_guanzhong,1986-11-25,1.1,-1.6,0.0,0.74,5.2,9.5,56
shaanxi_guanzhong,1986-11-26,0.1,-3.2,0.0,0.61,5.37,5.0,68
shaanxi_guanzhong,1986-11-27,2.8,-4.0,0.0,0.87,8.55,6.6,77
shaanxi_guanzhong,1986-11-28,5.7,-2.8,1.2,1.16,9.91,7.6,71
shaanxi_guanzhong,1986-11-29,1.3,-4.4,0.0,0.93,8.33,8.1,49
shaanxi_guanzhong,1986-11-30,7.0,-3.6,0.0,1.34,12.15,6.2,59
shaanxi_guanzhong,1986-12-01,3.6,-3.3,0.7,0.51,3.93,5.4,83
shaanxi_guanzhong,1986-12-02,8.3,-4.5,0.0,1.19,9.91,9.0,74
shaanxi_guanzhong,1986-12-03,9.9,-3.2,0.0,1.44,12.06,4.4,61
shaanxi_guanzhong,1986-12-04,12.9,-3.4,0.0,1.56,11.85,7.6,68
shaanxi_guanzhong,1986-12-05,10.9,-0.9,0.0,1.64,11.61,12.0,64
shaanxi_guanzhong,1986-12-06,7.7,-1.9,0.0,1.36,11.03,7.8,54
shaanxi_guanzhong,1986-12-07,7.0,-2.8,0.0,1.61,10.11,15.0,49
shaanxi_guanzhong,1986-12-08,6.4,-0.6,0.0,0.84,5.3,10.1,64
shaanxi_guanzhong,1986-12-09,10.8,-2.9,0.0,1.41,11.74,3.7,61
shaanxi_guanzhong,1986-12-10,10.6,-2.8,0.0,1.46,11.4,8.1,63
shaanxi_guanzhong,1986-12-11,10.7,-1.7,0.0,1.19,9.11,5.9,69
shaanxi_guanzhong,1986-12-12,8.7,4.4,0.3,0.71,4.58,7.4,74
shaanxi_guanzhong,1986-12-13,7.5,3.7,2.2,0.56,4.04,5.2,84
shaanxi_guanzhong,1986-12-14,6.2,1.5,3.2,0.54,3.83,11.6,86
shaanxi_guanzhong,1986-12-15,3.4,-1.6,8.2,0.58,4.46,14.0,82
shaanxi_guanzhong,1986-12-16,1.2,-2.5,1.5,0.46,3.66,9.0,78
shaanxi_guanzhong,1986-12-17,3.5,-3.0,0.0,0.98,5.31,11.2,57
shaanxi_guanzhong,1986-12-18,5.8,-5.5,0.0,1.28,11.78,7.7,52
shaanxi_guanzhong,1986-12-19,2.1,-5.8,0.0,1.09,8.59,11.1,48
shaanxi_guanzhong,1986-12-20,4.9,-4.0,0.0,1.04,8.43,5.4,46
shaanxi_guanzhong,1986-12-21,6.4,-3.9,0.0,1.3,11.4,8.7,56
shaanxi_guanzhong,1986-12-22,5.2,-3.6,0.0,1.14,8.79,12.4,62
shaanxi_guanzhong,1986-12-23,7.5,-2.9,0.0,1.07,8.4,8.8,67
shaanxi_guanzhong,1986-12-24,8.8,-2.9,0.0,1.28,10.43,6.9,54
shaanxi_guanzhong,1986-12-25,8.0,-3.8,0.0,1.4,11.23,9.7,61
shaanxi_guanzhong,1986-12-26,6.1,-4.2,0.7,0.66,4.82,8.5,73
shaanxi_guanzhong,1986-12-27,10.3,-3.7,0.0,1.35,11.34,4.3,62
shaanxi_guanzhong,1986-12-28,7.2,-3.0,0.0,1.27,10.85,8.4,64
shaanxi_guanzhong,1986-12-29,8.3,-1.6,0.0,1.22,10.99,7.7,76
shaanxi_guanzhong,1986-12-30,11.5,-2.2,0.0,1.38,11.35,4.0,74
shaanxi_guanzhong,1986-12-31,7.8,-3.0,0.1,1.34,9.15,12.6,63
shaanxi_guanzhong,1987-01-01,1.0,-3.3,3.5,0.75,6.79,13.1,76
shaanxi_guanzhong,1987-01-02,7.7,-4.6,0.0,1.3,11.27,6.7,63
shaanxi_guanzhong,1987-01-03,6.6,-5.3,0.0,1.33,12.18,6.4,63
shaanxi_guanzhong,1987-01-04,9.3,-3.6,0.0,1.42,12.07,5.9,67
shaanxi_guanzhong,1987-01-05,9.9,-3.8,0.0,1.39,11.17,6.6,65
shaanxi_guanzhong,1987-01-06,9.7,-1.3,0.0,1.47,9.55,14.7,58
shaanxi_guanzhong,1987-01-07,12.5,-3.0,0.0,1.6,12.51,7.1,51
shaanxi_guanzhong,1987-01-08,14.1,-1.2,0.0,1.63,12.42,5.1,63
shaanxi_guanzhong,1987-01-09,12.9,-0.4,0.0,1.67,12.34,8.9,58
shaanxi_guanzhong,1987-01-10,9.1,-1.9,0.0,1.34,11.16,6.9,68
shaanxi_guanzhong,1987-01-11,9.8,-3.0,0.0,1.65,11.86,11.9,58
shaanxi_guanzhong,1987-01-12,10.2,-4.8,0.0,1.63,12.87,8.3,43
shaanxi_guanzhong,1987-01-13,7.1,-2.3,0.0,1.39,10.89,7.3,42
shaanxi_guanzhong,1987-01-14,8.9,-2.3,0.0,1.35,11.33,5.9,64
shaanxi_guanzhong,1987-01-15,9.3,-2.6,0.0,1.15,7.85,9.4,64
shaanxi_guanzhong,1987-01-16,8.0,-3.6,0.0,1.56,13.04,6.1,46
shaanxi_guanzhong,1987-01-17,7.6,-3.6,0.0,1.38,9.72,8.6,46
shaanxi_guanzhong,1987-01-18,6.8,-0.1,0.0,0.94,6.9,6.1,55
shaanxi_guanzhong,1987-01-19,8.8,-4.1,0.0,1.69,13.39,11.3,50
shaanxi_guanzhong,1987-01-20,5.9,-0.3,0.0,0.87,6.71,5.7,66
shaanxi_guanzhong,1987-01-21,7.1,-1.9,0.0,1.12,9.55,10.0,79
shaanxi_guanzhong,1987-01-22,4.0,-0.3,2.4,0.9,4.02,15.1,70
shaanxi_guanzhong,1987-01-23,4.2,-4.3,0.0,1.93,13.55,10.5,28
shaanxi_guanzhong,1987-01-24,2.1,-5.1,0.0,1.02,8.47,4.3,30
shaanxi_guanzhong,1987-01-25,3.6,-5.6,0.0,1.57,13.14,6.4,30
shaanxi_guanzhong,1987-01-26,7.7,-5.9,0.0,1.69,14.5,5.8,36
shaanxi_guanzhong,1987-01-27,10.1,-4.7,0.0,1.82,14.71,5.8,45
shaanxi_guanzhong,1987-01-28,11.4,-3.8,0.0,1.53,12.06,4.1,60
shaanxi_guanzhong,1987-01-29,11.7,-3.2,0.0,1.66,12.56,4.7,62
shaanxi_guanzhong,1987-01-30,9.2,-2.7,0.0,1.64,12.45,7.7,57
shaanxi_guanzhong,1987-01-31,9.3,-0.2,0.0,1.34,10.2,6.4,55
shaanxi_guanzhong,1987-02-01,11.2,-3.6,0.0,2.04,12.56,15.2,58
shaanxi_guanzhong,1987-02-02,6.8,-5.5,0.0,1.82,15.55,7.8,36
shaanxi_guanzhong,1987-02-03,8.3,-5.4,0.0,1.95,14.13,12.6,43
shaanxi_guanzhong,1987-02-04,7.0,-2.8,0.0,1.56,10.93,9.9,48
shaanxi_guanzhong,1987-02-05,12.1,-2.7,0.0,1.76,12.6,8.4,56
shaanxi_guanzhong,1987-02-06,14.0,-2.1,0.0,2.17,15.62,4.0,39
shaanxi_guanzhong,1987-02-07,15.7,-0.7,0.0,2.29,15.69,6.9,57
shaanxi_guanzhong,1987-02-08,15.6,1.5,0.0,1.94,13.4,5.4,68
shaanxi_guanzhong,1987-02-09,13.0,2.3,0.5,1.26,7.97,6.2,75
shaanxi_guanzhong,1987-02-10,13.1,5.4,2.0,1.5,8.52,7.3,64
shaanxi_guanzhong,1987-02-11,13.7,2.4,0.7,2.0,12.91,6.7,56
shaanxi_guanzhong,1987-02-12,14.0,-0.3,0.0,2.05,13.82,9.8,56
shaanxi_guanzhong,1987-02-13,15.3,1.4,0.0,2.26,15.21,9.2,68
shaanxi_guanzhong,1987-02-14,8.8,5.1,0.0,0.88,4.71,7.9,66
shaanxi_guanzhong,1987-02-15,9.6,1.1,0.2,1.31,9.5,11.9,78
shaanxi_guanzhong,1987-02-16,10.7,3.1,2.6,1.24,8.83,8.1,80
shaanxi_guanzhong,1987-02-17,5.2,2.8,9.9,0.46,2.93,6.8,94
shaanxi_guanzhong,1987-02-18,2.5,-3.3,11.2,0.69,5.36,15.7,82
shaanxi_guanzhong,1987-02-19,-0.7,-5.2,1.0,0.87,9.49,6.9,81
shaanxi_guanzhong,1987-02-20,1.3,-2.4,0.2,1.16,12.45,5.8,78
shaanxi_guanzhong,1987-02-21,5.8,-6.2,0.3,1.85,17.56,8.6,71
shaanxi_guanzhong,1987-02-22,12.5,-3.8,0.0,2.33,17.37,5.4,56
shaanxi_guanzhong,1987-02-23,16.6,-1.2,0.0,2.63,18.22,5.9,63
shaanxi_guanzhong,1987-02-24,14.2,-0.2,0.0,2.51,16.22,12.9,49
shaanxi_guanzhong,1987-02-25,12.1,0.2,0.0,2.5,18.75,9.2,52
shaanxi_guanzhong,1987-02-26,10.8,2.0,0.5,1.39,9.22,5.4,61
shaanxi_guanzhong,1987-02-27,8.6,-2.5,0.0,2.36,19.22,8.4,52
shaanxi_guanzhong,1987-02-28,11.3,-4.4,0.0,2.31,17.1,9.7,48
shaanxi_guanzhong,1987-03-01,13.5,-1.8,0.0,2.54,17.99,5.4,43
shaanxi_guanzhong,1987-03-02,15.0,-1.2,0.0,2.69,18.91,6.3,56
shaanxi_guanzhong,1987-03-03,15.3,1.1,0.0,2.64,16.08,14.5,53
shaanxi_guanzhong,1987-03-04,19.5,0.1,0.0,3.19,19.37,7.2,47
shaanxi_guanzhong,1987-03-05,20.8,3.8,0.0,3.08,19.12,6.7,61
shaanxi_guanzhong,1987-03-06,12.7,5.0,0.0,2.12,13.29,17.0,64
shaanxi_guanzhong,1987-03-07,11.0,1.2,0.0,1.77,12.79,15.6,73
shaanxi_guanzhong,1987-03-08,4.8,2.4,8.1,0.5,3.38,8.4,93
shaanxi_guanzhong,1987-03-09,2.6,0.9,12.2,0.43,3.58,11.5,96
shaanxi_guanzhong,1987-03-10,9.4,-2.8,0.6,2.62,21.4,9.2,67
shaanxi_guanzhong,1987-03-11,9.3,1.6,0.0,1.75,13.15,7.5,62
shaanxi_guanzhong,1987-03-12,12.8,2.4,1.0,2.03,14.29,8.2,71
shaanxi_guanzhong,1987-03-13,7.7,2.1,0.8,1.21,8.17,10.2,70
shaanxi_guanzhong,1987-03-14,8.0,-0.7,1.0,1.42,11.19,11.1,74
shaanxi_guanzhong,1987-03-15,13.8,-2.0,0.0,2.55,18.1,8.0,66
shaanxi_guanzhong,1987-03-16,19.2,1.0,0.0,3.43,22.06,8.4,63
shaanxi_guanzhong,1987-03-17,15.1,2.6,0.8,2.81,17.04,11.5,55
shaanxi_guanzhong,1987-03-18,9.8,5.6,5.6,0.9,5.16,8.0,76
shaanxi_guanzhong,1987-03-19,17.0,0.6,0.0,3.15,21.09,9.0,72
shaanxi_guanzhong,1987-03-20,11.4,2.8,0.0,2.36,14.71,16.4,59
shaanxi_guanzhong,1987-03-21,4.4,0.7,8.8,0.59,4.7,11.3,89
shaanxi_guanzhong,1987-03-22,9.8,-0.1,1.7,2.2,19.33,13.7,77
shaanxi_guanzhong,1987-03-23,12.7,1.7,0.1,2.14,15.38,7.9,74
shaanxi_guanzhong,1987-03-24,4.2,-0.3,10.3,0.63,5.13,9.8,88
shaanxi_guanzhong,1987-03-25,5.7,-3.5,0.0,2.59,23.55,12.6,52
shaanxi_guanzhong,1987-03-26,12.4,-3.3,0.0,3.04,22.97,6.9,51
shaanxi_guanzhong,1987-03-27,14.1,0.7,0.0,2.52,17.49,12.7,65
shaanxi_guanzhong,1987-03-28,17.7,4.2,0.0,3.52,22.87,9.4,56
shaanxi_guanzhong,1987-03-29,18.6,5.6,0.0,2.9,17.99,7.0,66
shaanxi_guanzhong,1987-03-30,15.0,4.7,0.0,2.64,16.01,9.2,57
shaanxi_guanzhong,1987-03-31,8.2,2.6,16.3,0.65,2.81,11.2,80
shaanxi_guanzhong,1987-04-01,13.7,1.9,3.1,1.92,12.93,11.4,77
shaanxi_guanzhong,1987-04-02,19.9,2.4,0.0,4.09,24.99,8.9,52
shaanxi_guanzhong,1987-04-03,21.8,4.7,0.0,4.12,24.33,8.4,63
shaanxi_guanzhong,1987-04-04,17.3,8.4,0.0,1.93,10.97,6.7,71
shaanxi_guanzhong,1987-04-05,19.4,9.0,0.6,2.77,16.55,8.9,72
shaanxi_guanzhong,1987-04-06,22.3,7.6,0.0,3.1,16.03,7.9,63
shaanxi_guanzhong,1987-04-07,23.3,5.8,0.0,4.24,23.41,9.4,58
shaanxi_guanzhong,1987-04-08,22.5,10.9,0.0,3.68,21.13,9.1,69
shaanxi_guanzhong,1987-04-09,16.7,9.9,0.7,2.49,11.77,22.3,63
shaanxi_guanzhong,1987-04-10,16.3,7.5,0.0,2.49,14.53,9.5,64
shaanxi_guanzhong,1987-04-11,9.8,5.8,14.3,0.65,2.97,12.4,84
shaanxi_guanzhong,1987-04-12,12.4,3.5,1.0,2.27,15.24,12.4,73
shaanxi_guanzhong,1987-04-13,11.4,4.4,0.0,2.03,13.99,5.5,64
shaanxi_guanzhong,1987-04-14,15.2,3.0,0.0,3.09,21.64,7.8,69
shaanxi_guanzhong,1987-04-15,18.4,3.3,0.0,3.8,24.24,5.5,69
shaanxi_guanzhong,1987-04-16,20.6,6.0,0.0,3.79,22.53,7.3,68
shaanxi_guanzhong,1987-04-17,25.2,7.9,0.0,4.63,25.78,7.2,67
shaanxi_guanzhong,1987-04-18,26.9,10.2,0.0,4.7,25.57,8.3,68
shaanxi_guanzhong,1987-04-19,26.2,13.8,22.1,4.04,21.02,24.6,73
shaanxi_guanzhong,1987-04-20,22.0,10.9,4.5,4.23,22.77,24.8,61
shaanxi_guanzhong,1987-04-21,24.3,8.2,0.5,3.63,19.33,8.5,60
shaanxi_guanzhong,1987-04-22,23.6,6.9,0.0,4.73,26.54,9.4,55
shaanxi_guanzhong,1987-04-23,25.1,12.8,0.0,4.04,20.94,11.8,59
shaanxi_guanzhong,1987-04-24,24.2,13.9,3.9,3.09,13.91,19.1,72
shaanxi_guanzhong,1987-04-25,14.9,8.8,9.3,1.41,6.72,14.1,79
shaanxi_guanzhong,1987-04-26,16.5,5.7,2.1,2.38,14.39,7.1,72
shaanxi_guanzhong,1987-04-27,17.0,9.5,3.1,2.5,14.64,7.7,74
shaanxi_guanzhong,1987-04-28,22.8,6.5,0.0,4.66,26.87,6.2,62
shaanxi_guanzhong,1987-04-29,24.2,9.3,0.0,4.55,25.55,5.5,65
shaanxi_guanzhong,1987-04-30,25.8,11.2,0.0,4.66,25.39,5.0,71
shaanxi_guanzhong,1987-05-01,18.1,11.4,0.0,2.41,6.77,14.1,51
shaanxi_guanzhong,1987-05-02,17.9,7.3,2.6,4.25,26.04,16.2,62
shaanxi_guanzhong,1987-05-03,17.7,6.8,3.6,2.15,11.95,6.9,69
shaanxi_guanzhong,1987-05-04,17.3,9.5,0.3,2.47,13.63,6.8,72
shaanxi_guanzhong,1987-05-05,16.2,9.8,1.4,2.42,14.32,8.3,73
shaanxi_guanzhong,1987-05-06,18.9,11.3,0.0,3.08,17.92,4.7,67
shaanxi_guanzhong,1987-05-07,21.7,5.9,0.0,4.15,24.06,8.7,71
shaanxi_guanzhong,1987-05-08,23.6,11.0,0.0,3.97,21.01,6.4,64
shaanxi_guanzhong,1987-05-09,20.2,13.3,0.0,2.77,12.51,15.6,62
shaanxi_guanzhong,1987-05-10,23.0,14.0,0.0,3.8,20.22,8.0,66
shaanxi_guanzhong,1987-05-11,17.7,15.1,5.5,0.86,3.57,6.6,87
shaanxi_guanzhong,1987-05-12,20.1,11.8,11.5,1.69,8.5,9.7,86
shaanxi_guanzhong,1987-05-13,24.1,10.6,0.0,3.73,19.65,8.8,70
shaanxi_guanzhong,1987-05-14,24.0,12.7,0.8,3.49,18.77,5.8,71
shaanxi_guanzhong,1987-05-15,27.6,12.9,0.0,5.36,26.65,11.4,63
shaanxi_guanzhong,1987-05-16,24.6,11.7,0.0,5.31,27.15,12.0,47
shaanxi_guanzhong,1987-05-17,27.7,9.5,0.0,5.23,26.96,7.8,56
shaanxi_guanzhong,1987-05-18,29.1,13.8,4.7,4.72,23.43,8.1,67
shaanxi_guanzhong,1987-05-19,28.7,16.6,0.0,4.45,21.54,9.0,69
shaanxi_guanzhong,1987-05-20,24.5,17.8,7.1,2.73,13.62,8.7,77
shaanxi_guanzhong,1987-05-21,28.7,16.8,0.2,5.04,25.55,8.7,67
shaanxi_guanzhong,1987-05-22,29.9,15.7,0.0,4.63,22.68,5.9,61
shaanxi_guanzhong,1987-05-23,30.6,17.4,0.0,5.0,24.23,6.6,69
shaanxi_guanzhong,1987-05-24,21.5,16.9,20.7,1.74,5.65,13.6,77
shaanxi_guanzhong,1987-05-25,18.4,14.8,10.4,1.0,3.83,12.2,86
shaanxi_guanzhong,1987-05-26,16.1,13.6,7.7,0.87,3.97,7.0,88
shaanxi_guanzhong,1987-05-27,15.6,13.7,13.2,0.71,2.79,7.3,92
shaanxi_guanzhong,1987-05-28,22.0,11.9,0.5,3.99,22.69,4.7,78
shaanxi_guanzhong,1987-05-29,26.9,12.0,0.0,5.29,28.13,10.5,71
shaanxi_guanzhong,1987-05-30,29.0,14.8,0.2,5.23,26.5,10.4,72
shaanxi_guanzhong,1987-05-31,19.8,10.5,48.0,0.6,1.47,23.5,88
shaanxi_guanzhong,1987-06-01,27.4,9.3,0.0,5.44,28.98,5.9,68
shaanxi_guanzhong,1987-06-02,31.4,12.9,0.7,5.34,26.27,8.8,68
shaanxi_guanzhong,1987-06-03,30.2,16.4,0.0,5.57,27.61,8.4,71
shaanxi_guanzhong,1987-06-04,28.8,20.7,1.9,3.54,16.89,8.4,76
shaanxi_guanzhong,1987-06-05,21.8,14.9,10.4,2.52,8.44,19.5,71
shaanxi_guanzhong,1987-06-06,19.1,12.0,0.0,2.5,11.37,8.0,59
shaanxi_guanzhong,1987-06-07,22.7,8.5,0.0,5.21,29.95,6.2,56
shaanxi_guanzhong,1987-06-08,25.8,11.8,0.0,5.34,28.96,12.2,59
shaanxi_guanzhong,1987-06-09,26.0,16.1,0.0,3.96,19.45,10.8,66
shaanxi_guanzhong,1987-06-10,27.4,16.6,0.0,5.33,25.95,15.1,66
shaanxi_guanzhong,1987-06-11,21.6,18.3,26.2,1.16,3.92,12.6,86
shaanxi_guanzhong,1987-06-12,18.7,16.4,24.1,0.74,2.87,4.6,93
shaanxi_guanzhong,1987-06-13,18.3,15.8,4.9,1.02,4.53,6.6,90
shaanxi_guanzhong,1987-06-14,19.9,14.9,11.0,1.95,10.35,6.2,82
shaanxi_guanzhong,1987-06-15,25.3,11.4,0.0,4.79,25.86,5.4,69
shaanxi_guanzhong,1987-06-16,24.9,14.0,0.3,3.29,17.05,5.0,76
shaanxi_guanzhong,1987-06-17,27.1,13.9,0.0,4.73,24.91,8.4,77
shaanxi_guanzhong,1987-06-18,25.0,19.3,0.2,1.86,8.39,7.1,81
shaanxi_guanzhong,1987-06-19,24.7,19.2,1.3,2.32,11.27,5.2,80
shaanxi_guanzhong,1987-06-20,22.9,18.4,5.8,2.02,9.66,13.4,83
shaanxi_guanzhong,1987-06-21,24.3,18.1,4.8,2.23,10.94,12.1,88
shaanxi_guanzhong,1987-06-22,22.4,18.4,4.2,1.49,7.18,8.0,91
shaanxi_guanzhong,1987-06-23,29.0,18.5,0.0,5.17,26.14,5.1,77
shaanxi_guanzhong,1987-06-24,29.3,18.4,0.0,5.48,27.67,10.1,75
shaanxi_guanzhong,1987-06-25,26.4,21.4,5.2,2.6,12.64,7.7,84
shaanxi_guanzhong,1987-06-26,22.0,20.1,29.8,0.85,3.19,6.8,91
shaanxi_guanzhong,1987-06-27,25.1,19.5,0.9,2.37,11.21,6.2,81
shaanxi_guanzhong,1987-06-28,27.7,16.4,0.0,4.84,25.02,6.2,72
shaanxi_guanzhong,1987-06-29,30.1,16.3,0.0,5.13,25.24,7.4,71
shaanxi_guanzhong,1987-06-30,29.3,18.0,0.1,4.29,21.01,5.2,74
shaanxi_guanzhong,1987-07-01,26.6,19.2,0.4,3.21,15.66,6.6,76
shaanxi_guanzhong,1987-07-02,29.4,17.9,0.0,5.37,27.11,4.5,72
shaanxi_guanzhong,1987-07-03,27.4,21.2,0.0,3.49,17.04,7.3,76
shaanxi_guanzhong,1987-07-04,30.0,18.7,0.2,5.18,25.73,7.9,74
shaanxi_guanzhong,1987-07-05,28.7,22.0,3.6,4.58,20.24,10.2,64
shaanxi_guanzhong,1987-07-06,32.2,16.7,0.0,5.95,29.34,6.5,62
shaanxi_guanzhong,1987-07-07,32.0,19.2,0.0,5.64,27.34,6.9,70
shaanxi_guanzhong,1987-07-08,31.2,21.6,2.0,4.44,21.04,9.0,72
shaanxi_guanzhong,1987-07-09,26.5,22.2,10.6,2.46,11.18,13.5,82
shaanxi_guanzhong,1987-07-10,22.2,19.1,16.5,1.19,4.19,11.2,86
shaanxi_guanzhong,1987-07-11,26.7,18.5,2.3,3.0,14.4,4.2,76
shaanxi_guanzhong,1987-07-12,30.5,17.5,0.0,4.82,23.5,6.8,69
shaanxi_guanzhong,1987-07-13,30.4,17.5,0.0,5.42,26.68,9.0,67
shaanxi_guanzhong,1987-07-14,30.1,18.8,0.0,5.28,26.34,6.2,69
shaanxi_guanzhong,1987-07-15,30.0,20.4,0.0,5.21,26.04,5.6,70
shaanxi_guanzhong,1987-07-16,29.6,21.5,2.5,3.62,17.27,5.0,73
shaanxi_guanzhong,1987-07-17,24.0,21.2,33.0,1.06,4.59,10.5,92
shaanxi_guanzhong,1987-07-18,23.6,20.6,21.9,1.41,6.34,4.7,89
shaanxi_guanzhong,1987-07-19,26.8,20.5,1.7,2.97,14.78,3.9,85
shaanxi_guanzhong,1987-07-20,29.0,19.7,0.0,4.05,18.19,14.0,75
shaanxi_guanzhong,1987-07-21,29.7,18.0,0.0,3.63,15.71,10.9,69
shaanxi_guanzhong,1987-07-22,31.0,16.4,0.0,6.09,28.95,10.1,58
shaanxi_guanzhong,1987-07-23,31.6,15.2,0.0,6.02,29.7,8.0,56
shaanxi_guanzhong,1987-07-24,31.7,17.4,0.0,5.43,25.59,13.0,63
shaanxi_guanzhong,1987-07-25,30.4,18.7,0.0,4.9,23.76,7.0,69
shaanxi_guanzhong,1987-07-26,30.6,19.9,0.0,5.0,24.01,9.0,70
shaanxi_guanzhong,1987-07-27,27.1,20.8,6.4,2.6,11.76,9.4,77
shaanxi_guanzhong,1987-07-28,24.8,19.9,18.0,2.29,11.21,5.5,86
shaanxi_guanzhong,1987-07-29,29.0,17.3,0.0,5.03,25.28,5.6,75
shaanxi_guanzhong,1987-07-30,31.8,18.6,0.0,5.59,26.71,6.8,65
shaanxi_guanzhong,1987-07-31,33.4,19.7,0.0,5.48,26.28,7.6,63
shaanxi_guanzhong,1987-08-01,32.7,20.5,0.0,5.28,23.62,10.5,63
shaanxi_guanzhong,1987-08-02,30.1,23.0,6.5,3.47,16.25,8.8,74
shaanxi_guanzhong,1987-08-03,25.2,19.9,50.7,1.93,7.55,14.8,83
shaanxi_guanzhong,1987-08-04,24.0,20.0,33.6,1.4,5.9,7.7,85
shaanxi_guanzhong,1987-08-05,25.1,21.4,21.7,2.07,10.15,4.8,86
shaanxi_guanzhong,1987-08-06,22.2,16.9,37.2,1.09,3.6,16.7,85
shaanxi_guanzhong,1987-08-07,28.8,13.5,0.0,5.66,28.02,12.3,62
shaanxi_guanzhong,1987-08-08,29.7,14.0,0.0,5.57,27.71,8.3,60
shaanxi_guanzhong,1987-08-09,29.6,14.7,0.0,5.41,26.77,10.0,65
shaanxi_guanzhong,1987-08-10,28.9,17.2,0.0,5.03,25.74,9.7,75
shaanxi_guanzhong,1987-08-11,26.7,18.8,6.8,3.42,17.34,11.4,82
shaanxi_guanzhong,1987-08-12,22.4,20.4,17.6,1.37,6.73,7.0,90
shaanxi_guanzhong,1987-08-13,25.7,19.6,31.5,2.54,12.25,6.6,85
shaanxi_guanzhong,1987-08-14,27.7,15.6,0.0,4.82,25.3,3.6,75
shaanxi_guanzhong,1987-08-15,30.1,16.3,0.0,4.74,23.73,6.2,71
shaanxi_guanzhong,1987-08-16,30.4,17.5,0.0,5.0,25.02,5.7,74
shaanxi_guanzhong,1987-08-17,28.6,20.3,0.0,3.75,18.32,7.8,77
shaanxi_guanzhong,1987-08-18,28.8,19.5,0.0,3.96,19.76,5.9,78
shaanxi_guanzhong,1987-08-19,29.8,19.7,0.3,3.84,18.55,5.8,78
shaanxi_guanzhong,1987-08-20,30.2,18.8,0.0,4.94,24.83,9.2,79
shaanxi_guanzhong,1987-08-21,29.9,18.9,0.0,4.59,22.86,5.4,77
shaanxi_guanzhong,1987-08-22,30.1,21.0,0.0,3.02,14.01,8.0,76
shaanxi_guanzhong,1987-08-23,29.9,19.9,0.0,4.34,21.4,5.4,75
shaanxi_guanzhong,1987-08-24,30.6,20.1,1.2,4.63,22.73,7.4,75
shaanxi_guanzhong,1987-08-25,30.7,21.1,0.0,4.46,21.42,9.1,72
shaanxi_guanzhong,1987-08-26,26.9,20.6,35.3,1.86,7.93,19.5,82
shaanxi_guanzhong,1987-08-27,29.0,16.4,0.0,4.7,24.06,6.6,75
shaanxi_guanzhong,1987-08-28,29.2,19.1,0.0,4.41,22.05,6.6,74
shaanxi_guanzhong,1987-08-29,30.3,16.9,0.0,5.07,24.81,9.0,66
shaanxi_guanzhong,1987-08-30,30.1,16.5,0.0,3.99,19.27,6.6,72
shaanxi_guanzhong,1987-08-31,29.7,17.5,0.0,4.24,21.13,5.8,70
shaanxi_guanzhong,1987-09-01,29.4,19.5,0.0,4.44,21.99,9.5,72
shaanxi_guanzhong,1987-09-02,22.9,20.5,22.8,0.87,3.67,19.5,91
shaanxi_guanzhong,1987-09-03,25.3,18.0,10.3,2.67,11.22,11.6,75
shaanxi_guanzhong,1987-09-04,27.5,15.2,0.0,4.73,23.79,10.4,66
shaanxi_guanzhong,1987-09-05,27.5,13.5,0.0,3.88,19.57,8.1,67
shaanxi_guanzhong,1987-09-06,25.3,14.4,0.0,4.05,21.34,5.1,58
shaanxi_guanzhong,1987-09-07,25.0,15.8,0.0,3.77,19.33,7.6,61
shaanxi_guanzhong,1987-09-08,25.3,15.1,0.3,3.94,21.01,8.6,69
shaanxi_guanzhong,1987-09-09,25.4,15.1,0.7,3.74,20.03,9.0,76
shaanxi_guanzhong,1987-09-10,24.1,16.7,0.0,2.51,11.14,13.0,73
shaanxi_guanzhong,1987-09-11,25.2,17.6,0.0,4.2,18.31,15.8,60
shaanxi_guanzhong,1987-09-12,24.3,15.8,0.0,3.95,20.67,8.0,65
shaanxi_guanzhong,1987-09-13,23.9,17.0,0.0,2.86,11.9,10.4,66
shaanxi_guanzhong,1987-09-14,19.5,16.3,1.7,1.17,4.06,9.4,78
shaanxi_guanzhong,1987-09-15,23.6,12.4,0.0,3.42,18.49,7.8,70
shaanxi_guanzhong,1987-09-16,25.9,15.4,0.0,3.7,19.49,8.8,66
shaanxi_guanzhong,1987-09-17,27.7,14.3,0.0,4.09,21.77,5.9,68
shaanxi_guanzhong,1987-09-18,30.4,15.2,0.0,4.4,22.62,6.4,63
shaanxi_guanzhong,1987-09-19,29.9,16.3,0.0,3.72,17.62,10.5,64
shaanxi_guanzhong,1987-09-20,31.2,16.8,0.5,4.21,20.43,9.4,61
shaanxi_guanzhong,1987-09-21,28.8,14.4,0.0,4.05,19.21,14.8,61
shaanxi_guanzhong,1987-09-22,27.3,15.5,0.0,3.5,16.01,9.8,63
shaanxi_guanzhong,1987-09-23,25.0,17.5,7.6,2.03,9.72,9.1,67
shaanxi_guanzhong,1987-09-24,25.6,15.3,0.4,3.71,18.13,10.1,61
shaanxi_guanzhong,1987-09-25,22.5,15.0,0.0,4.14,21.47,11.2,43
shaanxi_guanzhong,1987-09-26,22.6,12.7,0.1,3.45,17.02,9.7,44
shaanxi_guanzhong,1987-09-27,22.7,14.1,2.3,2.56,13.13,8.6,66
shaanxi_guanzhong,1987-09-28,22.8,15.9,5.1,1.64,7.7,8.0,74
shaanxi_guanzhong,1987-09-29,27.1,11.4,0.0,3.76,20.02,4.8,57
shaanxi_guanzhong,1987-09-30,27.0,12.6,0.0,3.73,20.07,5.5,58
shaanxi_guanzhong,1987-10-01,28.3,14.5,0.0,3.42,15.8,9.2,59
shaanxi_guanzhong,1987-10-02,29.3,14.3,0.0,3.81,19.36,7.9,48
shaanxi_guanzhong,1987-10-03,27.2,14.3,0.9,3.53,17.86,7.4,62
shaanxi_guanzhong,1987-10-04,27.1,14.1,0.0,3.46,18.24,6.3,64
shaanxi_guanzhong,1987-10-05,26.4,14.7,0.0,2.8,13.55,9.2,66
shaanxi_guanzhong,1987-10-06,29.6,13.6,0.0,3.82,18.68,8.3,60
shaanxi_guanzhong,1987-10-07,28.4,12.9,0.0,3.71,18.72,8.0,56
shaanxi_guanzhong,1987-10-08,26.9,15.2,0.0,3.09,15.68,7.3,61
shaanxi_guanzhong,1987-10-09,26.7,16.0,0.0,3.2,15.77,7.7,64
shaanxi_guanzhong,1987-10-10,26.8,16.4,0.0,3.21,16.19,9.6,66
shaanxi_guanzhong,1987-10-11,26.0,16.6,0.4,2.7,11.61,11.5,67
shaanxi_guanzhong,1987-10-12,19.3,15.4,63.3,0.44,0.99,14.5,93
shaanxi_guanzhong,1987-10-13,16.3,13.8,7.8,0.9,3.64,11.8,86
shaanxi_guanzhong,1987-10-14,17.5,12.1,4.4,1.57,7.81,10.2,76
shaanxi_guanzhong,1987-10-15,15.4,11.7,9.7,0.98,5.86,17.2,91
shaanxi_guanzhong,1987-10-16,12.7,11.1,11.9,0.54,2.44,11.0,93
shaanxi_guanzhong,1987-10-17,12.2,7.5,8.0,1.0,5.21,13.0,82
shaanxi_guanzhong,1987-10-18,14.1,3.3,0.0,2.83,18.41,12.3,51
shaanxi_guanzhong,1987-10-19,13.4,1.9,0.3,1.94,11.84,8.4,57
shaanxi_guanzhong,1987-10-20,8.5,5.9,7.6,0.63,3.11,6.4,79
shaanxi_guanzhong,1987-10-21,11.1,6.3,4.7,1.27,8.53,4.9,76
shaanxi_guanzhong,1987-10-22,15.2,1.4,0.4,2.41,16.39,10.2,69
shaanxi_guanzhong,1987-10-23,14.8,7.3,0.0,1.33,7.73,8.4,74
shaanxi_guanzhong,1987-10-24,17.2,3.0,0.0,2.59,16.86,9.8,69
shaanxi_guanzhong,1987-10-25,17.7,7.3,0.0,2.43,16.12,7.5,66
shaanxi_guanzhong,1987-10-26,18.4,6.8,0.0,2.38,15.8,6.2,76
shaanxi_guanzhong,1987-10-27,20.6,6.5,0.0,2.45,15.29,5.8,78
shaanxi_guanzhong,1987-10-28,21.7,10.8,0.0,2.37,13.76,7.8,75
shaanxi_guanzhong,1987-10-29,17.1,10.4,0.0,2.24,8.47,17.2,59
shaanxi_guanzhong,1987-10-30,12.2,6.7,7.2,0.74,3.87,9.6,77
shaanxi_guanzhong,1987-10-31,6.2,0.8,19.1,0.28,1.59,9.5,95
shaanxi_guanzhong,1987-11-01,5.4,1.3,4.8,0.73,5.72,8.4,86
shaanxi_guanzhong,1987-11-02,9.9,-0.8,0.0,1.74,13.63,8.0,67
shaanxi_guanzhong,1987-11-03,12.5,-2.9,0.0,2.01,14.85,9.2,66
shaanxi_guanzhong,1987-11-04,10.6,-1.2,0.0,1.9,15.07,8.4,64
shaanxi_guanzhong,1987-11-05,13.3,2.8,0.0,2.01,15.14,9.5,59
shaanxi_guanzhong,1987-11-06,13.8,2.9,0.0,1.84,12.42,8.2,64
shaanxi_guanzhong,1987-11-07,11.4,1.8,0.0,1.57,10.81,7.2,61
shaanxi_guanzhong,1987-11-08,18.4,2.0,0.0,2.17,14.3,6.3,68
shaanxi_guanzhong,1987-11-09,21.1,5.6,0.0,2.41,14.38,10.0,67
shaanxi_guanzhong,1987-11-10,19.0,5.7,0.0,1.89,12.15,5.4,76
shaanxi_guanzhong,1987-11-11,13.4,8.1,6.0,0.95,1.92,14.8,74
shaanxi_guanzhong,1987-11-12,14.4,5.1,0.0,1.49,9.88,5.0,72
shaanxi_guanzhong,1987-11-13,13.1,7.8,6.9,1.13,6.04,13.9,77
shaanxi_guanzhong,1987-11-14,8.2,6.6,16.4,0.37,1.95,10.5,93
shaanxi_guanzhong,1987-11-15,14.0,5.6,0.2,1.43,9.86,5.4,74
shaanxi_guanzhong,1987-11-16,11.3,5.5,2.2,0.81,4.68,6.6,81
shaanxi_guanzhong,1987-11-17,12.8,4.9,8.6,1.24,8.37,18.5,81
shaanxi_guanzhong,1987-11-18,12.9,4.6,1.1,1.81,11.11,14.1,54
shaanxi_guanzhong,1987-11-19,15.0,-0.1,0.0,1.86,13.13,7.1,64
shaanxi_guanzhong,1987-11-20,14.7,2.1,0.0,1.3,8.6,6.1,70
shaanxi_guanzhong,1987-11-21,15.3,2.0,0.0,1.76,12.59,7.6,76
shaanxi_guanzhong,1987-11-22,17.0,5.7,0.0,1.79,11.82,7.9,74
shaanxi_guanzhong,1987-11-23,15.1,5.0,0.0,1.47,9.99,5.4,79
shaanxi_guanzhong,1987-11-24,13.5,7.0,2.4,0.86,5.5,9.7,88
shaanxi_guanzhong,1987-11-25,12.1,9.7,6.2,0.51,2.87,9.8,94
shaanxi_guanzhong,1987-11-26,10.7,2.5,14.7,0.4,1.22,16.2,90
shaanxi_guanzhong,1987-11-27,2.0,-5.6,9.2,0.78,3.16,17.6,66
shaanxi_guanzhong,1987-11-28,-5.8,-11.0,0.5,0.64,6.91,9.8,59
shaanxi_guanzhong,1987-11-29,-3.1,-11.2,0.0,0.9,11.48,6.8,53
shaanxi_guanzhong,1987-11-30,0.7,-5.3,0.0,1.05,11.93,8.7,56
shaanxi_guanzhong,1987-12-01,-1.4,-7.1,0.0,0.98,10.61,9.8,49
shaanxi_guanzhong,1987-12-02,0.0,-4.4,0.0,0.86,7.96,8.9,49
shaanxi_guanzhong,1987-12-03,0.8,-4.8,0.0,0.66,5.49,8.6,64
shaanxi_guanzhong,1987-12-04,0.8,-7.3,0.0,1.04,7.89,16.2,55
shaanxi_guanzhong,1987-12-05,1.3,-7.3,0.0,1.3,12.19,13.5,46
shaanxi_guanzhong,1987-12-06,2.5,-6.6,0.0,1.04,10.84,5.0,59
shaanxi_guanzhong,1987-12-07,8.7,-5.1,0.0,1.37,11.84,4.4,57
shaanxi_guanzhong,1987-12-08,7.6,-4.8,0.0,1.26,10.68,9.0,57
shaanxi_guanzhong,1987-12-09,10.8,-3.8,0.0,1.39,11.69,4.4,67
shaanxi_guanzhong,1987-12-10,6.3,-2.5,0.0,1.39,11.14,9.3,59
shaanxi_guanzhong,1987-12-11,3.9,-3.8,0.0,1.36,11.53,9.6,45
shaanxi_guanzhong,1987-12-12,5.6,-2.9,0.0,1.32,11.17,8.4,46
shaanxi_guanzhong,1987-12-13,3.4,-1.9,0.0,0.61,4.8,5.2,68
shaanxi_guanzhong,1987-12-14,7.8,-4.9,0.0,1.26,11.46,6.8,67
shaanxi_guanzhong,1987-12-15,10.1,-2.0,0.0,1.46,11.41,9.4,57
shaanxi_guanzhong,1987-12-16,8.8,-2.6,0.0,1.3,11.28,5.9,64
shaanxi_guanzhong,1987-12-17,8.5,-3.2,0.0,1.27,11.08,8.7,71
shaanxi_guanzhong,1987-12-18,7.8,-0.1,0.0,0.96,6.56,9.2,69
shaanxi_guanzhong,1987-12-19,8.9,-2.1,0.0,1.31,11.17,6.8,60
shaanxi_guanzhong,1987-12-20,10.4,-3.1,0.0,1.38,11.36,4.8,67
shaanxi_guanzhong,1987-12-21,12.2,-2.2,0.0,1.53,11.17,8.7,66
shaanxi_guanzhong,1987-12-22,10.1,-3.0,0.0,1.38,11.3,7.6,67
shaanxi_guanzhong,1987-12-23,12.9,-0.5,0.0,1.39,10.74,5.2,71
shaanxi_guanzhong,1987-12-24,11.8,-0.6,0.0,1.55,9.32,13.9,65
shaanxi_guanzhong,1987-12-25,12.0,-1.1,0.0,1.5,11.43,8.2,69
shaanxi_guanzhong,1987-12-26,15.2,-0.4,0.0,1.55,11.54,6.8,73
shaanxi_guanzhong,1987-12-27,15.3,-0.4,0.0,1.61,11.59,7.8,66
shaanxi_guanzhong,1987-12-28,14.1,-0.4,0.0,1.51,11.41,4.3,68
shaanxi_guanzhong,1987-12-29,7.0,-1.6,0.0,1.44,8.47,15.7,53
shaanxi_guanzhong,1987-12-30,6.8,-4.9,0.0,1.53,11.47,12.2,47
shaanxi_guanzhong,1987-12-31,8.3,-2.8,0.0,1.05,7.95,8.9,65
shaanxi_guanzhong,1988-01-01,8.7,-2.6,0.0,1.37,11.28,7.6,59
shaanxi_guanzhong,1988-01-02,9.2,-0.7,0.0,1.43,11.02,12.4,62
shaanxi_guanzhong,1988-01-03,10.3,-0.9,0.0,1.48,11.59,8.4,61
shaanxi_guanzhong,1988-01-04,5.9,-2.1,0.0,1.24,11.49,6.1,57
shaanxi_guanzhong,1988-01-05,5.7,-4.1,0.0,1.41,11.93,11.3,56
shaanxi_guanzhong,1988-01-06,2.9,-1.6,2.7,0.67,4.02,7.1,59
shaanxi_guanzhong,1988-01-07,9.3,-3.6,0.0,1.43,12.21,5.8,57
shaanxi_guanzhong,1988-01-08,7.6,-4.4,0.0,1.59,12.24,10.1,55
shaanxi_guanzhong,1988-01-09,1.6,-4.0,0.0,1.25,8.02,9.2,35
shaanxi_guanzhong,1988-01-10,3.7,-4.6,0.0,1.18,10.36,5.7,43
shaanxi_guanzhong,1988-01-11,8.0,-3.5,0.0,1.43,12.45,7.4,58
shaanxi_guanzhong,1988-01-12,10.5,-3.7,0.0,1.53,12.53,7.9,65
shaanxi_guanzhong,1988-01-13,8.1,-1.5,1.4,0.8,5.59,7.5,72
shaanxi_guanzhong,1988-01-14,5.5,-1.2,0.4,0.98,7.32,8.1,60
shaanxi_guanzhong,1988-01-15,2.0,-1.7,4.6,0.56,4.39,6.2,72
shaanxi_guanzhong,1988-01-16,-0.6,-5.7,0.7,0.63,5.53,7.8,68
shaanxi_guanzhong,1988-01-17,3.5,-7.9,0.0,1.35,13.49,5.3,45
shaanxi_guanzhong,1988-01-18,4.9,-8.6,0.0,1.46,13.73,7.6,45
shaanxi_guanzhong,1988-01-19,7.1,-7.4,0.0,1.33,11.75,4.1,52
shaanxi_guanzhong,1988-01-20,8.5,-5.0,0.0,1.47,12.32,9.3,62
shaanxi_guanzhong,1988-01-21,7.1,-3.1,0.0,1.72,13.13,11.5,48
shaanxi_guanzhong,1988-01-22,-0.6,-5.4,0.0,1.65,13.69,13.0,25
shaanxi_guanzhong,1988-01-23,-2.1,-8.9,0.0,1.48,11.78,15.3,21
shaanxi_guanzhong,1988-01-24,1.3,-6.1,0.0,1.11,10.02,5.7,31
shaanxi_guanzhong,1988-01-25,4.4,-5.4,0.0,1.25,10.65,6.6,41
shaanxi_guanzhong,1988-01-26,6.9,-3.9,0.0,1.41,11.6,6.5,48
shaanxi_guanzhong,1988-01-27,7.2,-4.3,0.0,1.21,9.11,7.6,55
shaanxi_guanzhong,1988-01-28,10.5,-3.5,0.0,1.72,14.02,7.6,61
shaanxi_guanzhong,1988-01-29,4.9,-4.5,0.5,1.17,8.99,7.9,52
shaanxi_guanzhong,1988-01-30,6.0,-0.9,3.4,1.26,11.44,8.6,69
shaanxi_guanzhong,1988-01-31,7.2,-2.4,0.0,1.54,13.63,7.6,50
shaanxi_guanzhong,1988-02-01,10.5,-4.2,0.0,1.8,14.16,7.0,57
shaanxi_guanzhong,1988-02-02,8.8,-0.8,0.0,1.68,12.92,9.5,43
shaanxi_guanzhong,1988-02-03,12.4,-2.2,0.0,1.89,14.84,6.6,61
shaanxi_guanzhong,1988-02-04,19.6,0.5,0.0,2.38,15.13,13.0,65
shaanxi_guanzhong,1988-02-05,6.5,-2.8,0.0,1.71,11.19,12.6,51
shaanxi_guanzhong,1988-02-06,3.4,-4.1,0.0,1.6,9.52,11.5,30
shaanxi_guanzhong,1988-02-07,6.0,-2.3,0.0,1.87,15.0,8.1,39
shaanxi_guanzhong,1988-02-08,6.1,-3.6,0.0,1.82,12.75,14.7,39
shaanxi_guanzhong,1988-02-09,5.1,-2.2,0.0,1.44,10.23,10.5,48
shaanxi_guanzhong,1988-02-10,3.7,-3.2,0.0,1.02,8.31,6.6,62
shaanxi_guanzhong,1988-02-11,9.4,-4.3,0.0,2.07,16.35,13.5,56
shaanxi_guanzhong,1988-02-12,8.4,-1.8,0.1,1.73,13.93,10.6,50
shaanxi_guanzhong,1988-02-13,5.7,-1.3,0.0,1.33,8.23,11.5,54
shaanxi_guanzhong,1988-02-14,3.0,-3.3,0.0,1.47,9.73,12.3,42
shaanxi_guanzhong,1988-02-15,1.0,-3.2,2.6,0.69,5.5,8.2,74
shaanxi_guanzhong,1988-02-16,-1.4,-12.1,4.7,0.87,10.17,7.3,79
shaanxi_guanzhong,1988-02-17,-0.5,-15.9,0.0,1.46,18.57,5.2,60
shaanxi_guanzhong,1988-02-18,3.6,-8.1,0.0,1.64,16.81,7.6,46
shaanxi_guanzhong,1988-02-19,7.9,-3.5,0.0,1.94,16.7,7.9,51
shaanxi_guanzhong,1988-02-20,11.4,-4.1,0.0,2.28,17.61,13.4,58
shaanxi_guanzhong,1988-02-21,7.1,-0.3,0.0,1.15,8.43,8.9,70
shaanxi_guanzhong,1988-02-22,7.9,1.2,1.2,1.27,9.21,8.2,71
shaanxi_guanzhong,1988-02-23,5.2,0.4,5.5,0.99,7.85,11.3,78
shaanxi_guanzhong,1988-02-24,5.4,-0.3,5.1,1.01,8.4,8.7,81
shaanxi_guanzhong,1988-02-25,1.9,0.1,12.3,0.75,7.28,7.6,89
shaanxi_guanzhong,1988-02-26,2.1,-1.7,2.5,0.89,8.81,11.0,82
shaanxi_guanzhong,1988-02-27,1.0,-2.1,5.8,0.73,6.91,12.8,83
shaanxi_guanzhong,1988-02-28,-0.0,-3.6,5.0,0.91,8.98,9.5,82
shaanxi_guanzhong,1988-02-29,-0.0,-5.7,0.3,1.39,14.88,7.2,68
shaanxi_guanzhong,1988-03-01,4.2,-7.8,0.0,1.95,18.75,6.0,60
shaanxi_guanzhong,1988-03-02,0.2,-7.5,0.0,1.24,13.24,8.8,55
shaanxi_guanzhong,1988-03-03,0.9,-8.2,0.4,1.28,13.69,7.6,62
shaanxi_guanzhong,1988-03-04,2.7,-5.2,0.3,1.69,16.71,9.0,67
shaanxi_guanzhong,1988-03-05,6.3,-10.4,0.0,1.99,18.21,4.2,51
shaanxi_guanzhong,1988-03-06,1.1,-7.1,0.0,1.83,17.8,12.3,40
shaanxi_guanzhong,1988-03-07,3.7,-11.1,0.0,2.13,21.34,4.9,41
shaanxi_guanzhong,1988-03-08,7.7,-9.2,0.0,2.57,22.2,3.7,41
shaanxi_guanzhong,1988-03-09,12.1,-7.7,0.0,2.6,19.9,8.8,46
shaanxi_guanzhong,1988-03-10,11.4,0.4,0.0,1.85,12.97,7.0,55
shaanxi_guanzhong,1988-03-11,16.9,-1.8,0.0,3.07,20.94,6.6,59
shaanxi_guanzhong,1988-03-12,18.3,4.3,0.0,3.07,19.65,8.0,54
shaanxi_guanzhong,1988-03-13,12.0,5.4,5.1,0.87,4.85,6.8,79
shaanxi_guanzhong,1988-03-14,10.5,4.6,15.5,0.5,2.83,11.0,89
shaanxi_guanzhong,1988-03-15,4.4,-0.1,26.6,0.42,3.92,15.0,95
shaanxi_guanzhong,1988-03-16,2.8,-1.0,2.8,1.36,14.41,9.2,83
shaanxi_guanzhong,1988-03-17,8.7,-3.7,0.0,2.07,17.32,4.3,69
shaanxi_guanzhong,1988-03-18,10.5,-3.4,1.3,2.11,16.06,7.1,73
shaanxi_guanzhong,1988-03-19,6.8,3.4,6.6,0.76,5.77,11.4,89
shaanxi_guanzhong,1988-03-20,6.1,2.3,7.8,0.82,6.16,11.6,89
shaanxi_guanzhong,1988-03-21,6.9,1.5,8.1,1.3,9.95,7.0,84
shaanxi_guanzhong,1988-03-22,8.7,-3.0,0.3,1.64,12.89,6.7,79
shaanxi_guanzhong,1988-03-23,13.1,-0.1,0.0,2.59,18.61,14.0,70
shaanxi_guanzhong,1988-03-24,8.5,1.9,3.7,0.86,5.73,8.4,86
shaanxi_guanzhong,1988-03-25,7.1,-0.7,5.0,0.9,6.54,8.5,85
shaanxi_guanzhong,1988-03-26,9.1,1.7,1.3,1.16,8.63,9.2,84
shaanxi_guanzhong,1988-03-27,9.4,2.7,5.3,1.12,7.57,6.4,87
shaanxi_guanzhong,1988-03-28,8.7,5.2,10.9,0.81,4.82,8.0,89
shaanxi_guanzhong,1988-03-29,10.5,4.5,3.3,1.46,9.81,9.6,78
shaanxi_guanzhong,1988-03-30,12.6,4.3,0.0,2.26,16.05,8.0,71
shaanxi_guanzhong,1988-03-31,11.7,4.6,1.5,1.78,12.26,5.6,78
shaanxi_guanzhong,1988-04-01,12.5,4.7,3.8,1.55,10.09,4.2,82
shaanxi_guanzhong,1988-04-02,11.2,8.1,13.2,0.94,5.91,7.9,88
shaanxi_guanzhong,1988-04-03,18.4,4.7,0.0,3.55,23.21,9.6,76
shaanxi_guanzhong,1988-04-04,12.7,7.9,6.0,1.05,6.13,7.6,83
shaanxi_guanzhong,1988-04-05,9.4,1.5,14.1,0.74,4.62,12.6,89
shaanxi_guanzhong,1988-04-06,10.6,1.3,4.4,1.95,13.63,6.5,80
shaanxi_guanzhong,1988-04-07,17.3,0.5,0.0,3.68,23.97,6.1,65
shaanxi_guanzhong,1988-04-08,16.2,1.7,0.0,3.65,23.72,12.8,56
shaanxi_guanzhong,1988-04-09,18.1,4.4,0.0,3.22,20.53,7.9,63
shaanxi_guanzhong,1988-04-10,20.0,6.8,0.0,3.27,19.57,5.6,79
shaanxi_guanzhong,1988-04-11,15.8,4.8,0.2,3.16,14.18,23.9,49
shaanxi_guanzhong,1988-04-12,18.4,1.4,0.0,4.16,26.63,5.4,48
shaanxi_guanzhong,1988-04-13,20.2,4.6,0.0,3.67,21.69,5.2,57
shaanxi_guanzhong,1988-04-14,20.1,4.2,0.0,4.12,24.91,8.0,62
shaanxi_guanzhong,1988-04-15,17.4,8.2,0.1,1.81,10.15,5.4,70
shaanxi_guanzhong,1988-04-16,21.2,6.1,0.2,4.47,23.78,20.7,62
shaanxi_guanzhong,1988-04-17,17.8,6.4,0.0,4.47,25.4,12.7,41
shaanxi_guanzhong,1988-04-18,26.9,5.5,0.0,4.92,26.45,9.2,55
shaanxi_guanzhong,1988-04-19,26.3,9.3,0.0,4.78,23.3,15.9,55
shaanxi_guanzhong,1988-04-20,19.3,8.3,0.0,3.85,17.95,13.4,39
shaanxi_guanzhong,1988-04-21,18.5,8.5,0.0,2.76,14.07,8.7,39
shaanxi_guanzhong,1988-04-22,21.5,5.6,0.0,4.26,24.51,7.4,38
shaanxi_guanzhong,1988-04-23,25.5,6.8,0.0,4.74,24.33,10.3,45
shaanxi_guanzhong,1988-04-24,22.0,10.8,0.0,4.29,24.06,12.9,47
shaanxi_guanzhong,1988-04-25,17.8,11.5,15.6,1.97,9.45,9.1,70
shaanxi_guanzhong,1988-04-26,21.4,7.0,0.1,4.33,25.62,7.7,67
shaanxi_guanzhong,1988-04-27,24.0,7.3,0.0,4.59,25.79,7.9,50
shaanxi_guanzhong,1988-04-28,27.0,9.6,0.0,5.28,25.48,10.8,49
shaanxi_guanzhong,1988-04-29,27.0,10.2,0.0,5.19,26.9,8.9,47
shaanxi_guanzhong,1988-04-30,28.8,12.0,0.0,4.53,21.22,10.7,60
shaanxi_guanzhong,1988-05-01,28.9,11.5,0.0,5.19,26.43,7.9,53
shaanxi_guanzhong,1988-05-02,29.7,15.8,0.0,4.83,23.73,11.0,60
shaanxi_guanzhong,1988-05-03,30.3,19.4,7.3,3.89,18.46,10.5,75
shaanxi_guanzhong,1988-05-04,28.5,16.5,0.1,4.68,22.83,12.3,76
shaanxi_guanzhong,1988-05-05,26.2,18.4,2.9,3.34,14.9,15.8,74
shaanxi_guanzhong,1988-05-06,26.0,17.7,20.1,3.14,12.77,16.3,74
shaanxi_guanzhong,1988-05-07,17.5,15.0,5.1,1.65,6.11,18.1,77
shaanxi_guanzhong,1988-05-08,14.5,11.3,5.0,0.8,2.88,11.8,84
shaanxi_guanzhong,1988-05-09,21.5,10.8,0.2,4.27,24.44,8.2,73
shaanxi_guanzhong,1988-05-10,18.1,12.0,2.4,1.54,6.92,10.1,75
shaanxi_guanzhong,1988-05-11,20.0,11.3,0.0,3.29,18.75,6.6,69
shaanxi_guanzhong,1988-05-12,17.0,13.2,8.1,1.31,6.14,7.6,76
shaanxi_guanzhong,1988-05-13,18.8,9.4,4.3,2.29,11.09,13.1,75
shaanxi_guanzhong,1988-05-14,24.9,8.0,0.0,5.21,28.95,7.7,58
shaanxi_guanzhong,1988-05-15,25.7,11.3,0.0,4.47,23.8,5.7,67
shaanxi_guanzhong,1988-05-16,28.0,14.4,0.0,4.47,22.63,6.6,66
shaanxi_guanzhong,1988-05-17,27.9,16.3,0.0,4.39,21.94,8.0,65
shaanxi_guanzhong,1988-05-18,27.8,19.2,0.0,4.36,22.24,5.1,66
shaanxi_guanzhong,1988-05-19,28.3,15.1,0.0,4.71,23.6,13.7,73
shaanxi_guanzhong,1988-05-20,25.0,15.2,11.8,4.1,18.46,24.1,61
shaanxi_guanzhong,1988-05-21,25.4,13.6,3.3,5.05,25.59,11.3,61
shaanxi_guanzhong,1988-05-22,27.5,11.5,0.0,5.52,27.66,11.5,55
shaanxi_guanzhong,1988-05-23,22.8,17.1,2.2,2.21,10.15,10.0,70
shaanxi_guanzhong,1988-05-24,25.3,13.4,0.0,3.36,16.18,7.9,68
shaanxi_guanzhong,1988-05-25,26.1,15.1,1.1,4.5,23.37,9.7,65
shaanxi_guanzhong,1988-05-26,26.4,16.1,0.0,3.65,17.69,8.1,62
shaanxi_guanzhong,1988-05-27,24.2,15.9,1.9,2.9,13.34,8.0,62
shaanxi_guanzhong,1988-05-28,25.2,16.9,3.3,3.9,20.11,6.1,73
shaanxi_guanzhong,1988-05-29,23.4,15.2,7.6,2.66,11.91,14.0,72
shaanxi_guanzhong,1988-05-30,19.6,12.2,9.3,2.69,14.85,13.4,72
shaanxi_guanzhong,1988-05-31,26.5,9.3,0.0,5.39,28.73,7.6,56
shaanxi_guanzhong,1988-06-01,29.4,12.9,0.0,5.58,27.64,7.6,53
shaanxi_guanzhong,1988-06-02,29.5,11.6,0.0,5.98,30.08,7.9,48
shaanxi_guanzhong,1988-06-03,29.4,15.3,0.0,5.56,25.41,10.4,44
shaanxi_guanzhong,1988-06-04,30.2,18.9,0.0,5.04,22.06,15.9,50
shaanxi_guanzhong,1988-06-05,21.2,16.8,6.8,1.92,7.75,13.3,76
shaanxi_guanzhong,1988-06-06,27.6,14.3,0.0,4.39,22.19,13.1,73
shaanxi_guanzhong,1988-06-07,23.6,18.0,1.1,2.02,8.19,12.1,75
shaanxi_guanzhong,1988-06-08,24.6,18.7,3.5,2.72,13.61,8.7,80
shaanxi_guanzhong,1988-06-09,22.7,18.1,14.0,1.15,5.26,7.9,90
shaanxi_guanzhong,1988-06-10,27.6,14.7,3.6,4.83,24.35,14.8,78
shaanxi_guanzhong,1988-06-11,21.9,17.7,0.5,2.51,9.65,15.5,67
shaanxi_guanzhong,1988-06-12,26.1,15.6,0.0,4.3,21.9,6.2,63
shaanxi_guanzhong,1988-06-13,26.9,13.9,0.0,3.67,18.08,6.6,63
shaanxi_guanzhong,1988-06-14,30.1,15.7,0.0,4.72,23.19,7.3,61
shaanxi_guanzhong,1988-06-15,28.2,16.8,0.0,4.16,18.48,8.2,56
shaanxi_guanzhong,1988-06-16,29.3,16.9,0.0,5.1,25.4,6.9,52
shaanxi_guanzhong,1988-06-17,29.1,16.3,0.0,4.91,24.19,6.9,60
shaanxi_guanzhong,1988-06-18,30.5,17.5,0.0,5.38,26.33,5.9,57
shaanxi_guanzhong,1988-06-19,32.8,17.4,0.0,6.26,29.62,7.1,51
shaanxi_guanzhong,1988-06-20,32.0,19.8,0.2,4.91,20.64,10.2,54
shaanxi_guanzhong,1988-06-21,29.9,20.1,0.0,4.69,21.64,8.7,60
shaanxi_guanzhong,1988-06-22,33.7,18.4,0.0,5.9,28.07,9.2,52
shaanxi_guanzhong,1988-06-23,35.3,20.1,0.0,6.11,26.08,12.7,48
shaanxi_guanzhong,1988-06-24,32.8,21.8,0.6,5.66,24.6,15.3,59
shaanxi_guanzhong,1988-06-25,32.9,20.4,0.3,5.13,22.73,10.4,62
shaanxi_guanzhong,1988-06-26,30.5,22.5,2.6,4.43,19.86,10.7,65
shaanxi_guanzhong,1988-06-27,31.4,20.9,0.0,5.06,23.79,6.5,65
shaanxi_guanzhong,1988-06-28,32.5,20.1,0.0,5.83,25.92,10.5,59
shaanxi_guanzhong,1988-06-29,35.3,22.9,0.0,6.41,28.45,10.0,54
shaanxi_guanzhong,1988-06-30,35.7,23.3,0.0,5.98,26.92,8.2,53
shaanxi_guanzhong,1988-07-01,26.9,17.4,2.8,2.23,5.87,22.7,69
shaanxi_guanzhong,1988-07-02,26.7,16.6,0.0,2.73,12.55,6.6,60
shaanxi_guanzhong,1988-07-03,23.5,18.1,20.1,1.07,4.65,6.2,75
shaanxi_guanzhong,1988-07-04,18.7,16.1,48.1,0.75,3.16,5.0,95
shaanxi_guanzhong,1988-07-05,22.2,16.2,10.2,1.41,7.17,7.7,94
shaanxi_guanzhong,1988-07-06,27.7,18.7,7.5,3.47,17.54,9.3,88
shaanxi_guanzhong,1988-07-07,23.6,19.6,14.1,1.25,4.95,17.6,87
shaanxi_guanzhong,1988-07-08,21.6,18.7,5.4,1.37,6.51,6.6,91
shaanxi_guanzhong,1988-07-09,21.4,19.3,12.2,1.19,5.32,6.7,90
shaanxi_guanzhong,1988-07-10,21.8,18.7,20.2,1.04,4.41,5.5,90
shaanxi_guanzhong,1988-07-11,27.2,17.5,1.0,3.92,20.14,8.1,83
shaanxi_guanzhong,1988-07-12,28.8,18.3,0.0,4.61,23.34,8.4,82
shaanxi_guanzhong,1988-07-13,30.5,22.1,3.0,4.81,23.7,8.2,80
shaanxi_guanzhong,1988-07-14,31.0,20.3,4.5,5.06,24.72,10.0,82
shaanxi_guanzhong,1988-07-15,31.6,22.3,4.8,4.69,22.49,9.0,79
shaanxi_guanzhong,1988-07-16,30.3,21.4,7.3,4.07,19.79,7.2,82
shaanxi_guanzhong,1988-07-17,31.0,23.0,1.9,3.95,18.83,9.7,81
shaanxi_guanzhong,1988-07-18,31.4,23.9,11.7,4.21,19.64,7.3,80
shaanxi_guanzhong,1988-07-19,27.9,23.8,21.7,1.9,8.81,7.1,89
shaanxi_guanzhong,1988-07-20,29.2,23.1,11.6,3.49,16.82,7.2,86
shaanxi_guanzhong,1988-07-21,32.2,20.3,1.0,5.48,26.05,8.7,79
shaanxi_guanzhong,1988-07-22,33.1,23.2,8.8,5.39,25.48,9.4,77
shaanxi_guanzhong,1988-07-23,30.0,23.0,9.0,3.06,14.32,8.7,84
shaanxi_guanzhong,1988-07-24,26.0,22.9,36.0,1.48,6.94,10.5,92
shaanxi_guanzhong,1988-07-25,28.0,22.6,8.9,2.89,13.96,10.0,85
shaanxi_guanzhong,1988-07-26,28.8,22.2,1.9,3.96,19.14,9.8,78
shaanxi_guanzhong,1988-07-27,29.2,22.0,0.0,4.01,19.29,10.2,79
shaanxi_guanzhong,1988-07-28,24.4,20.0,15.5,1.0,3.47,13.5,88
shaanxi_guanzhong,1988-07-29,24.7,17.9,0.0,2.85,14.63,6.4,85
shaanxi_guanzhong,1988-07-30,24.2,19.7,16.6,1.61,7.69,7.6,90
shaanxi_guanzhong,1988-07-31,24.2,19.2,18.3,1.76,8.61,6.8,91
shaanxi_guanzhong,1988-08-01,26.5,20.6,1.9,3.22,16.5,9.6,84
shaanxi_guanzhong,1988-08-02,30.7,18.5,0.0,5.04,25.01,12.0,77
shaanxi_guanzhong,1988-08-03,29.1,21.6,1.0,3.1,14.75,9.4,82
shaanxi_guanzhong,1988-08-04,27.4,22.7,17.1,2.14,10.2,4.3,87
shaanxi_guanzhong,1988-08-05,29.4,23.1,4.3,3.82,18.62,6.2,83
shaanxi_guanzhong,1988-08-06,29.8,22.4,2.5,4.05,19.61,8.2,81
shaanxi_guanzhong,1988-08-07,28.3,22.7,4.9,2.81,13.51,10.3,86
shaanxi_guanzhong,1988-08-08,25.6,22.0,20.1,1.58,7.23,8.2,89
shaanxi_guanzhong,1988-08-09,28.2,21.4,5.6,3.61,17.83,9.9,81
shaanxi_guanzhong,1988-08-10,26.3,21.7,6.7,2.83,14.04,9.6,87
shaanxi_guanzhong,1988-08-11,28.1,22.2,23.4,3.17,15.22,11.2,86
shaanxi_guanzhong,1988-08-12,27.7,20.5,8.8,3.23,15.12,11.3,72
shaanxi_guanzhong,1988-08-13,28.4,23.3,8.4,3.58,17.71,6.6,76
shaanxi_guanzhong,1988-08-14,24.1,19.0,18.9,1.26,5.65,12.7,89
shaanxi_guanzhong,1988-08-15,25.5,18.7,0.9,2.87,14.73,5.4,81
shaanxi_guanzhong,1988-08-16,27.2,19.3,0.0,3.3,16.69,8.6,83
shaanxi_guanzhong,1988-08-17,28.0,20.0,2.1,3.05,14.28,15.1,81
shaanxi_guanzhong,1988-08-18,27.6,20.2,31.7,3.09,14.43,12.6,78
shaanxi_guanzhong,1988-08-19,22.2,19.0,21.7,0.77,2.94,7.1,91
shaanxi_guanzhong,1988-08-20,28.1,15.4,0.0,5.01,26.08,7.0,74
shaanxi_guanzhong,1988-08-21,24.2,15.9,1.8,2.08,10.22,8.6,81
shaanxi_guanzhong,1988-08-22,26.0,13.1,0.0,4.77,25.3,10.1,67
shaanxi_guanzhong,1988-08-23,26.8,13.1,0.0,4.81,25.42,7.7,64
shaanxi_guanzhong,1988-08-24,25.4,16.5,0.2,3.47,17.96,10.5,70
shaanxi_guanzhong,1988-08-25,20.6,18.5,61.5,0.67,2.43,10.0,92
shaanxi_guanzhong,1988-08-26,22.8,17.4,5.5,2.23,11.85,8.9,86
shaanxi_guanzhong,1988-08-27,24.3,16.6,0.0,2.98,16.12,8.4,82
shaanxi_guanzhong,1988-08-28,25.6,19.0,0.0,3.47,18.5,10.4,79
shaanxi_guanzhong,1988-08-29,26.0,19.5,0.1,3.6,18.75,9.5,76
shaanxi_guanzhong,1988-08-30,23.7,18.2,0.5,2.19,10.28,10.9,78
shaanxi_guanzhong,1988-08-31,24.1,18.6,2.5,2.07,10.22,9.5,84
shaanxi_guanzhong,1988-09-01,20.7,18.7,35.2,0.53,1.62,5.7,93
shaanxi_guanzhong,1988-09-02,25.4,16.1,0.0,3.56,18.83,5.8,80
shaanxi_guanzhong,1988-09-03,26.6,14.5,0.0,3.94,20.76,5.2,79
shaanxi_guanzhong,1988-09-04,26.1,16.8,0.0,2.53,12.56,7.6,81
shaanxi_guanzhong,1988-09-05,27.2,16.7,5.0,3.83,20.03,7.0,84
shaanxi_guanzhong,1988-09-06,27.7,16.0,0.2,4.25,22.15,6.8,81
shaanxi_guanzhong,1988-09-07,26.3,19.8,10.5,2.7,13.76,7.1,83
shaanxi_guanzhong,1988-09-08,23.6,19.9,7.4,1.44,6.8,7.8,85
shaanxi_guanzhong,1988-09-09,24.2,19.4,0.4,3.12,16.21,5.9,74
shaanxi_guanzhong,1988-09-10,25.4,19.6,0.0,3.09,16.31,3.0,70
shaanxi_guanzhong,1988-09-11,25.6,15.0,0.6,3.3,17.28,9.8,80
shaanxi_guanzhong,1988-09-12,20.6,18.4,6.4,1.07,4.63,4.9,84
shaanxi_guanzhong,1988-09-13,18.6,16.2,21.8,0.81,3.56,5.2,90
shaanxi_guanzhong,1988-09-14,26.8,13.4,0.0,4.2,22.5,6.5,71
shaanxi_guanzhong,1988-09-15,27.6,13.6,0.0,4.23,22.05,6.1,69
shaanxi_guanzhong,1988-09-16,27.0,15.5,0.2,3.88,20.7,6.1,79
shaanxi_guanzhong,1988-09-17,24.7,16.1,2.1,2.86,15.47,8.6,86
shaanxi_guanzhong,1988-09-18,18.5,15.8,7.1,1.14,5.22,10.6,86
shaanxi_guanzhong,1988-09-19,22.4,13.5,0.0,3.39,19.4,5.6,77
shaanxi_guanzhong,1988-09-20,16.7,14.1,3.8,0.73,2.97,5.1,85
shaanxi_guanzhong,1988-09-21,18.7,14.0,2.6,1.21,5.84,7.0,85
shaanxi_guanzhong,1988-09-22,19.4,14.6,2.6,1.33,6.29,8.4,83
shaanxi_guanzhong,1988-09-23,18.3,15.1,1.7,1.1,5.39,4.7,86
shaanxi_guanzhong,1988-09-24,20.3,12.6,0.2,2.28,13.16,7.0,82
shaanxi_guanzhong,1988-09-25,20.4,13.7,1.6,1.76,9.85,6.3,84
shaanxi_guanzhong,1988-09-26,20.6,10.3,2.2,2.45,14.38,7.3,85
shaanxi_guanzhong,1988-09-27,17.9,14.1,12.9,0.89,4.46,7.0,90
shaanxi_guanzhong,1988-09-28,17.8,14.9,13.5,1.14,5.09,9.0,81
shaanxi_guanzhong,1988-09-29,19.5,13.5,0.2,1.85,9.62,9.3,71
shaanxi_guanzhong,1988-09-30,17.7,10.7,2.2,1.26,6.63,8.4,75
shaanxi_guanzhong,1988-10-01,16.2,12.6,4.8,1.07,5.78,4.5,85
shaanxi_guanzhong,1988-10-02,17.9,13.8,3.8,1.16,6.19,5.4,86
shaanxi_guanzhong,1988-10-03,16.7,12.9,6.0,0.96,5.15,4.5,90
shaanxi_guanzhong,1988-10-04,15.0,10.7,11.6,0.7,2.42,15.1,86
shaanxi_guanzhong,1988-10-05,17.6,5.8,0.0,2.9,18.53,4.8,73
shaanxi_guanzhong,1988-10-06,16.0,11.2,2.4,1.29,6.78,5.1,73
shaanxi_guanzhong,1988-10-07,16.3,10.4,1.3,1.48,8.63,5.1,80
shaanxi_guanzhong,1988-10-08,19.8,7.1,0.0,2.91,17.93,8.6,76
shaanxi_guanzhong,1988-10-09,19.8,10.1,0.0,2.31,13.37,10.2,73
shaanxi_guanzhong,1988-10-10,17.4,14.4,5.1,1.17,6.26,3.7,83
shaanxi_guanzhong,1988-10-11,15.9,14.2,8.6,0.64,2.75,5.9,93
shaanxi_guanzhong,1988-10-12,14.2,10.1,19.1,0.49,1.79,6.0,89
shaanxi_guanzhong,1988-10-13,11.8,9.3,13.8,0.57,2.87,10.2,92
shaanxi_guanzhong,1988-10-14,13.6,10.0,2.2,1.03,6.03,5.0,86
shaanxi_guanzhong,1988-10-15,12.1,10.7,13.3,0.51,2.17,3.8,90
shaanxi_guanzhong,1988-10-16,16.6,10.1,8.7,1.12,5.77,6.9,81
shaanxi_guanzhong,1988-10-17,19.7,7.4,0.0,2.73,16.35,8.8,74
shaanxi_guanzhong,1988-10-18,19.5,8.5,0.0,2.22,12.83,10.8,73
shaanxi_guanzhong,1988-10-19,15.6,13.1,9.3,0.48,1.8,7.0,89
shaanxi_guanzhong,1988-10-20,14.1,11.1,7.0,1.11,5.27,9.4,77
shaanxi_guanzhong,1988-10-21,13.6,9.6,4.3,0.96,5.15,6.2,76
shaanxi_guanzhong,1988-10-22,11.5,9.4,10.2,0.52,2.48,3.9,90
shaanxi_guanzhong,1988-10-23,19.6,9.7,1.6,2.57,16.29,7.3,80
shaanxi_guanzhong,1988-10-24,20.8,7.0,0.0,2.67,16.53,8.1,79
shaanxi_guanzhong,1988-10-25,19.8,10.5,0.0,2.46,15.63,8.7,77
shaanxi_guanzhong,1988-10-26,16.6,11.6,0.5,1.18,4.51,9.4,73
shaanxi_guanzhong,1988-10-27,16.1,8.5,0.0,2.23,13.44,8.0,58
shaanxi_guanzhong,1988-10-28,14.7,9.1,0.0,1.52,9.43,7.9,69
shaanxi_guanzhong,1988-10-29,14.6,9.1,0.3,1.27,7.7,5.2,76
shaanxi_guanzhong,1988-10-30,18.3,5.3,0.0,2.33,15.44,7.9,77
shaanxi_guanzhong,1988-10-31,17.0,6.9,1.2,1.38,8.22,4.8,79
shaanxi_guanzhong,1988-11-01,12.8,7.8,10.6,0.65,3.17,6.6,84
shaanxi_guanzhong,1988-11-02,12.7,6.3,1.2,1.37,9.17,6.4,72
shaanxi_guanzhong,1988-11-03,15.7,3.2,0.0,2.18,15.27,5.1,61
shaanxi_guanzhong,1988-11-04,16.7,3.2,0.0,2.25,15.25,5.6,64
shaanxi_guanzhong,1988-11-05,15.7,2.8,0.0,1.72,11.45,3.4,62
shaanxi_guanzhong,1988-11-06,17.2,3.4,0.0,1.81,11.56,4.9,71
shaanxi_guanzhong,1988-11-07,17.6,3.5,0.0,2.18,14.16,6.6,71
shaanxi_guanzhong,1988-11-08,17.7,5.1,0.0,2.5,13.18,16.0,63
shaanxi_guanzhong,1988-11-09,9.1,2.2,0.0,2.05,13.94,8.9,40
shaanxi_guanzhong,1988-11-10,11.2,1.9,0.0,1.82,13.46,5.0,48
shaanxi_guanzhong,1988-11-11,13.7,-0.3,0.0,1.5,10.48,5.9,69
shaanxi_guanzhong,1988-11-12,18.9,3.0,0.0,2.24,14.1,7.6,59
shaanxi_guanzhong,1988-11-13,19.0,3.8,0.0,2.18,14.09,7.1,60
shaanxi_guanzhong,1988-11-14,19.7,4.8,0.0,2.14,13.66,4.7,67
shaanxi_guanzhong,1988-11-15,14.3,4.6,0.0,1.76,11.2,6.9,63
shaanxi_guanzhong,1988-11-16,12.3,2.5,0.0,1.57,11.73,10.3,70
shaanxi_guanzhong,1988-11-17,13.2,1.0,0.0,1.84,11.8,15.3,62
shaanxi_guanzhong,1988-11-18,11.7,-0.9,0.0,1.66,12.43,7.9,62
shaanxi_guanzhong,1988-11-19,17.6,0.9,0.0,1.89,13.01,6.6,68
shaanxi_guanzhong,1988-11-20,16.7,3.5,0.0,1.87,12.87,5.1,69
shaanxi_guanzhong,1988-11-21,16.2,3.0,0.0,1.68,11.59,4.8,77
shaanxi_guanzhong,1988-11-22,13.6,2.9,0.0,1.78,12.69,7.6,61
shaanxi_guanzhong,1988-11-23,12.9,0.5,0.0,1.7,12.79,4.7,56
shaanxi_guanzhong,1988-11-24,8.9,-0.3,0.0,1.09,6.53,8.2,57
shaanxi_guanzhong,1988-11-25,7.5,3.2,0.0,0.68,4.23,6.4,68
shaanxi_guanzhong,1988-11-26,9.6,-1.3,0.0,1.56,12.43,7.4,57
shaanxi_guanzhong,1988-11-27,9.8,-3.4,0.0,1.47,12.2,3.6,56
shaanxi_guanzhong,1988-11-28,10.4,-2.4,0.0,1.56,12.14,8.5,63
shaanxi_guanzhong,1988-11-29,8.2,1.4,0.0,0.89,5.88,5.4,61
shaanxi_guanzhong,1988-11-30,12.9,1.0,0.0,1.46,11.15,3.9,72
shaanxi_guanzhong,1988-12-01,12.6,-0.8,0.0,1.58,11.71,5.9,64
shaanxi_guanzhong,1988-12-02,10.6,2.2,0.0,1.42,10.75,9.2,61
shaanxi_guanzhong,1988-12-03,11.1,0.9,0.0,1.42,9.28,10.8,64
shaanxi_guanzhong,1988-12-04,9.1,-1.0,0.0,1.47,12.07,5.5,49
shaanxi_guanzhong,1988-12-05,10.7,-3.1,0.0,1.49,11.83,7.5,62
shaanxi_guanzhong,1988-12-06,14.2,-0.9,0.0,1.54,11.66,6.6,72
shaanxi_guanzhong,1988-12-07,8.7,-0.9,0.0,1.65,7.7,16.0,51
shaanxi_guanzhong,1988-12-08,6.0,-2.0,0.0,1.35,9.2,8.0,42
shaanxi_guanzhong,1988-12-09,5.9,-4.9,0.0,1.14,9.82,5.2,49
shaanxi_guanzhong,1988-12-10,9.2,-4.0,0.0,1.37,11.63,3.1,57
shaanxi_guanzhong,1988-12-11,12.4,-3.3,0.0,1.51,11.76,8.1,53
shaanxi_guanzhong,1988-12-12,13.2,-1.8,0.0,1.5,11.53,5.7,63
shaanxi_guanzhong,1988-12-13,10.6,-1.7,0.0,1.52,11.38,7.0,56
shaanxi_guanzhong,1988-12-14,7.4,-2.0,0.0,0.93,7.48,4.7,57
shaanxi_guanzhong,1988-12-15,3.9,-3.5,0.0,1.38,10.64,11.5,51
shaanxi_guanzhong,1988-12-16,3.9,-3.6,0.0,1.49,10.95,8.0,32
shaanxi_guanzhong,1988-12-17,3.7,-2.3,0.0,1.24,7.68,8.0,38
shaanxi_guanzhong,1988-12-18,8.9,-2.7,0.0,1.3,11.17,5.4,61
shaanxi_guanzhong,1988-12-19,7.4,-3.4,0.0,1.08,8.34,7.4,66
shaanxi_guanzhong,1988-12-20,9.3,-3.7,0.0,1.33,11.15,8.0,70
shaanxi_guanzhong,1988-12-21,7.5,-2.0,0.5,1.04,8.56,9.0,76
shaanxi_guanzhong,1988-12-22,4.8,0.3,0.6,0.54,4.59,9.2,91
shaanxi_guanzhong,1988-12-23,7.3,-0.3,0.6,0.88,8.28,8.7,89
shaanxi_guanzhong,1988-12-24,4.3,0.1,3.1,0.5,3.74,5.6,88
shaanxi_guanzhong,1988-12-25,1.8,-1.0,4.9,0.49,4.12,10.5,86
shaanxi_guanzhong,1988-12-26,4.6,-3.1,0.2,0.91,8.62,6.8,76
shaanxi_guanzhong,1988-12-27,2.3,-2.5,1.8,0.54,4.5,6.4,82
shaanxi_guanzhong,1988-12-28,1.5,-2.9,3.6,0.55,5.57,7.4,88
shaanxi_guanzhong,1988-12-29,3.6,-2.9,0.0,0.89,9.47,7.4,81
shaanxi_guanzhong,1988-12-30,4.8,-2.3,0.0,0.81,7.98,7.6,81
shaanxi_guanzhong,1988-12-31,4.5,-3.4,0.0,0.89,8.76,12.7,79
shaanxi_guanzhong,1989-01-01,6.4,-1.2,0.0,1.04,9.84,7.8,79
shaanxi_guanzhong,1989-01-02,8.0,-1.6,0.0,1.24,11.5,7.7,77
shaanxi_guanzhong,1989-01-03,3.7,-0.8,6.4,0.44,3.35,8.1,90
shaanxi_guanzhong,1989-01-04,1.9,-0.1,6.0,0.45,4.77,10.8,95
shaanxi_guanzhong,1989-01-05,1.2,-1.8,1.8,0.47,4.58,10.8,90
shaanxi_guanzhong,1989-01-06,1.5,-3.0,0.0,0.66,7.07,8.1,88
shaanxi_guanzhong,1989-01-07,1.4,-1.4,0.4,0.53,5.39,6.3,90
shaanxi_guanzhong,1989-01-08,2.7,-0.1,0.8,0.84,8.83,6.2,89
shaanxi_guanzhong,1989-01-09,1.5,-1.1,8.3,0.38,3.33,7.1,94
shaanxi_guanzhong,1989-01-10,1.3,-1.7,14.5,0.47,4.35,7.2,94
shaanxi_guanzhong,1989-01-11,-1.7,-3.6,5.8,0.48,4.84,10.0,82
shaanxi_guanzhong,1989-01-12,-1.7,-6.0,0.1,0.74,7.93,10.3,68
shaanxi_guanzhong,1989-01-13,-1.4,-12.4,0.0,0.99,12.72,7.6,60
shaanxi_guanzhong,1989-01-14,-2.5,-12.5,0.0,0.9,13.26,8.7,67
shaanxi_guanzhong,1989-01-15,-0.6,-8.2,0.0,1.05,13.19,6.7,64
shaanxi_guanzhong,1989-01-16,-0.4,-11.1,0.0,0.91,11.24,8.4,65
shaanxi_guanzhong,1989-01-17,0.4,-4.4,0.0,0.63,6.11,5.6,66
shaanxi_guanzhong,1989-01-18,2.3,-8.4,0.0,1.11,11.92,5.8,66
shaanxi_guanzhong,1989-01-19,2.4,-10.4,0.0,1.19,13.74,8.7,72
shaanxi_guanzhong,1989-01-20,1.9,-5.1,0.0,1.05,11.13,5.2,68
shaanxi_guanzhong,1989-01-21,2.0,-4.3,1.0,0.63,5.52,5.5,74
shaanxi_guanzhong,1989-01-22,7.4,-7.9,0.0,1.54,14.13,6.2,70
shaanxi_guanzhong,1989-01-23,3.9,-6.0,0.0,1.2,11.34,7.7,70
shaanxi_guanzhong,1989-01-24,5.1,-2.1,0.4,1.29,11.61,6.1,69
shaanxi_guanzhong,1989-01-25,4.6,-4.9,0.0,1.3,12.26,9.4,68
shaanxi_guanzhong,1989-01-26,2.1,-4.2,0.0,1.35,12.11,8.9,55
shaanxi_guanzhong,1989-01-27,0.2,-5.5,0.0,1.34,9.85,14.0,41
shaanxi_guanzhong,1989-01-28,0.6,-5.6,0.1,1.07,8.58,14.3,60
shaanxi_guanzhong,1989-01-29,2.2,-5.3,0.0,1.19,12.52,7.1,64
shaanxi_guanzhong,1989-01-30,3.1,-5.7,0.2,1.1,10.63,10.2,70
shaanxi_guanzhong,1989-01-31,3.9,-4.9,0.0,1.18,10.38,8.6,55
shaanxi_guanzhong,1989-02-01,2.4,-6.5,0.0,1.22,11.43,9.4,51
shaanxi_guanzhong,1989-02-02,3.5,-4.1,0.0,1.37,11.97,8.1,48
shaanxi_guanzhong,1989-02-03,5.4,-4.7,0.0,1.53,14.3,8.9,49
shaanxi_guanzhong,1989-02-04,6.2,-2.5,0.5,1.28,11.46,9.3,65
shaanxi_guanzhong,1989-02-05,2.5,-1.3,6.0,0.73,6.32,8.9,81
shaanxi_guanzhong,1989-02-06,1.7,-2.1,7.6,0.88,9.34,6.8,89
shaanxi_guanzhong,1989-02-07,2.5,-3.7,0.7,1.15,11.61,5.8,83
shaanxi_guanzhong,1989-02-08,3.0,-6.9,0.0,1.23,11.93,6.6,70
shaanxi_guanzhong,1989-02-09,2.8,-8.1,0.0,1.43,14.4,7.1,60
shaanxi_guanzhong,1989-02-10,3.2,-9.7,0.0,1.26,12.29,6.5,61
shaanxi_guanzhong,1989-02-11,9.3,-6.6,0.0,2.06,17.24,5.4,56
shaanxi_guanzhong,1989-02-12,9.4,-5.4,0.0,1.95,15.53,9.7,61
shaanxi_guanzhong,1989-02-13,8.5,2.5,0.0,1.38,9.01,13.8,58
shaanxi_guanzhong,1989-02-14,9.3,0.1,0.0,1.69,12.91,11.6,67
shaanxi_guanzhong,1989-02-15,4.2,0.5,4.2,0.63,4.91,9.5,84
shaanxi_guanzhong,1989-02-16,4.7,0.4,9.7,0.66,5.16,5.1,91
shaanxi_guanzhong,1989-02-17,4.2,-0.0,2.9,0.94,8.38,8.9,85
shaanxi_guanzhong,1989-02-18,4.9,-1.5,0.6,0.93,7.96,8.8,80
shaanxi_guanzhong,1989-02-19,5.0,-0.1,3.9,0.9,7.11,5.2,85
shaanxi_guanzhong,1989-02-20,1.8,-1.8,8.1,0.52,3.93,7.4,85
shaanxi_guanzhong,1989-02-21,0.6,-3.5,0.8,1.09,12.62,8.8,82
shaanxi_guanzhong,1989-02-22,0.6,-3.3,10.7,0.8,8.85,12.1,83
shaanxi_guanzhong,1989-02-23,1.0,-4.1,1.5,1.04,11.13,9.1,81
shaanxi_guanzhong,1989-02-24,5.1,-5.9,0.0,1.84,18.55,6.7,74
shaanxi_guanzhong,1989-02-25,8.0,-4.5,0.0,2.02,19.03,8.9,69
shaanxi_guanzhong,1989-02-26,9.8,-0.7,0.0,2.1,17.25,6.4,69
shaanxi_guanzhong,1989-02-27,12.9,-2.1,0.0,2.4,17.88,9.7,68
shaanxi_guanzhong,1989-02-28,10.9,-0.8,0.0,1.94,12.88,12.0,62
shaanxi_guanzhong,1989-03-01,8.5,3.0,1.7,1.12,7.96,14.1,79
shaanxi_guanzhong,1989-03-02,2.5,0.6,11.9,0.51,4.1,6.5,94
shaanxi_guanzhong,1989-03-03,5.0,1.2,11.0,0.71,5.22,7.3,88
shaanxi_guanzhong,1989-03-04,5.7,-1.4,0.6,1.68,13.01,9.2,64
shaanxi_guanzhong,1989-03-05,6.9,-5.6,0.0,2.16,18.3,8.2,49
shaanxi_guanzhong,1989-03-06,5.8,-3.2,0.0,1.52,12.37,5.9,58
shaanxi_guanzhong,1989-03-07,6.6,-4.6,0.0,2.09,18.3,5.7,59
shaanxi_guanzhong,1989-03-08,9.1,-5.0,0.0,2.33,19.22,8.2,65
shaanxi_guanzhong,1989-03-09,11.0,-0.8,0.0,2.35,17.82,6.6,66
shaanxi_guanzhong,1989-03-10,10.5,-1.8,0.0,1.57,11.36,6.2,76
shaanxi_guanzhong,1989-03-11,12.4,-0.0,0.6,2.19,15.65,7.1,76
shaanxi_guanzhong,1989-03-12,14.2,2.0,0.0,2.13,13.98,5.6,68
shaanxi_guanzhong,1989-03-13,15.3,2.0,0.0,3.1,21.43,7.0,54
shaanxi_guanzhong,1989-03-14,16.4,0.4,0.0,3.13,20.92,6.9,59
shaanxi_guanzhong,1989-03-15,14.7,3.7,0.0,1.83,11.11,5.9,64
shaanxi_guanzhong,1989-03-16,13.9,4.2,0.0,2.47,13.43,15.2,53
shaanxi_guanzhong,1989-03-17,11.0,3.2,0.0,1.96,11.43,9.4,60
shaanxi_guanzhong,1989-03-18,13.0,1.6,0.0,2.39,18.78,11.1,77
shaanxi_guanzhong,1989-03-19,13.9,5.0,0.1,2.09,12.55,15.2,67
shaanxi_guanzhong,1989-03-20,11.1,3.1,0.0,2.09,11.84,12.2,52
shaanxi_guanzhong,1989-03-21,12.3,3.3,0.0,1.77,10.86,9.3,65
shaanxi_guanzhong,1989-03-22,8.1,5.2,9.1,0.67,4.35,9.3,90
shaanxi_guanzhong,1989-03-23,8.9,3.8,2.0,1.07,7.24,8.2,83
shaanxi_guanzhong,1989-03-24,8.6,4.3,3.8,1.08,7.63,10.2,85
shaanxi_guanzhong,1989-03-25,13.2,3.9,0.8,2.21,15.54,8.2,79
shaanxi_guanzhong,1989-03-26,17.6,2.3,0.0,3.61,22.51,16.7,53
shaanxi_guanzhong,1989-03-27,14.0,1.4,0.0,3.35,23.55,7.5,44
shaanxi_guanzhong,1989-03-28,15.8,1.6,0.0,3.39,22.85,9.5,49
shaanxi_guanzhong,1989-03-29,20.4,3.7,0.4,3.65,22.26,6.2,67
shaanxi_guanzhong,1989-03-30,17.3,5.0,0.1,4.09,23.74,13.8,43
shaanxi_guanzhong,1989-03-31,15.1,2.2,0.9,1.66,8.78,8.2,61
shaanxi_guanzhong,1989-04-01,16.6,7.1,0.6,2.33,14.22,7.4,75
shaanxi_guanzhong,1989-04-02,14.1,8.3,4.5,1.03,5.51,8.8,87
shaanxi_guanzhong,1989-04-03,19.7,5.2,0.0,3.11,18.76,5.7,75
shaanxi_guanzhong,1989-04-04,15.0,9.1,1.0,1.53,7.95,10.4,76
shaanxi_guanzhong,1989-04-05,17.6,10.1,0.0,2.79,16.92,5.4,68
shaanxi_guanzhong,1989-04-06,14.8,9.5,2.6,1.25,6.22,13.6,80
shaanxi_guanzhong,1989-04-07,18.2,6.9,0.0,3.25,19.41,8.6,63
shaanxi_guanzhong,1989-04-08,18.2,5.9,0.0,2.52,14.39,7.2,62
shaanxi_guanzhong,1989-04-09,20.0,5.5,0.0,3.81,22.54,12.7,66
shaanxi_guanzhong,1989-04-10,16.7,8.9,2.0,2.08,10.22,17.4,72
shaanxi_guanzhong,1989-04-11,14.4,9.2,5.6,1.56,7.32,16.9,78
shaanxi_guanzhong,1989-04-12,9.5,7.4,10.4,0.74,4.12,11.1,88
shaanxi_guanzhong,1989-04-13,14.7,5.3,0.0,2.62,17.27,6.3,74
shaanxi_guanzhong,1989-04-14,17.7,6.1,0.0,2.96,17.85,5.6,67
shaanxi_guanzhong,1989-04-15,19.1,6.5,0.0,3.73,22.81,10.0,64
shaanxi_guanzhong,1989-04-16,22.4,6.0,0.0,3.92,22.79,6.0,70
shaanxi_guanzhong,1989-04-17,23.2,8.5,0.0,4.26,24.7,8.0,71
shaanxi_guanzhong,1989-04-18,24.2,11.1,0.0,3.65,19.74,9.3,74
shaanxi_guanzhong,1989-04-19,23.8,12.8,3.4,3.29,17.83,11.4,75
shaanxi_guanzhong,1989-04-20,18.2,12.6,10.5,1.53,6.91,18.4,83
shaanxi_guanzhong,1989-04-21,16.6,9.3,3.9,2.04,9.41,15.5,68
shaanxi_guanzhong,1989-04-22,16.3,7.0,0.0,2.71,15.17,6.8,55
shaanxi_guanzhong,1989-04-23,20.4,6.2,0.0,4.33,25.62,5.7,52
shaanxi_guanzhong,1989-04-24,21.4,7.9,0.0,4.06,23.57,5.9,64
shaanxi_guanzhong,1989-04-25,24.8,9.2,0.0,4.77,26.64,6.7,63
shaanxi_guanzhong,1989-04-26,25.2,10.5,0.0,4.77,25.88,14.0,65
shaanxi_guanzhong,1989-04-27,16.7,8.5,36.1,0.54,1.62,9.3,86
shaanxi_guanzhong,1989-04-28,9.9,7.7,5.7,0.89,4.92,8.1,87
shaanxi_guanzhong,1989-04-29,9.6,8.0,15.3,0.98,5.84,4.8,87
shaanxi_guanzhong,1989-04-30,15.5,6.3,0.0,2.89,18.79,6.1,75
shaanxi_guanzhong,1989-05-01,19.4,3.7,0.0,4.16,25.61,5.8,73
shaanxi_guanzhong,1989-05-02,21.0,6.6,0.0,4.26,25.31,6.5,72
shaanxi_guanzhong,1989-05-03,22.1,8.3,0.0,4.17,24.15,6.1,73
shaanxi_guanzhong,1989-05-04,23.8,7.9,0.0,5.0,27.98,6.8,62
shaanxi_guanzhong,1989-05-05,25.1,11.2,0.0,4.66,25.35,15.2,67
shaanxi_guanzhong,1989-05-06,19.1,15.5,4.8,1.37,7.06,4.9,85
shaanxi_guanzhong,1989-05-07,24.8,11.8,0.0,4.49,24.54,5.0,77
shaanxi_guanzhong,1989-05-08,26.7,14.6,0.0,4.88,25.75,4.3,69
shaanxi_guanzhong,1989-05-09,23.6,15.4,10.9,2.02,9.69,6.8,81
shaanxi_guanzhong,1989-05-10,19.5,14.3,7.9,2.01,10.76,7.2,84
shaanxi_guanzhong,1989-05-11,23.0,12.7,6.8,3.6,19.72,14.3,80
shaanxi_guanzhong,1989-05-12,17.2,9.8,3.4,1.63,7.34,9.0,76
shaanxi_guanzhong,1989-05-13,21.7,6.8,0.0,4.9,28.33,9.4,54
shaanxi_guanzhong,1989-05-14,20.5,9.1,0.0,3.92,22.11,11.1,55
shaanxi_guanzhong,1989-05-15,16.9,12.2,12.4,1.47,8.09,5.6,85
shaanxi_guanzhong,1989-05-16,26.4,9.1,0.0,5.27,28.56,5.4,63
shaanxi_guanzhong,1989-05-17,27.5,11.8,0.0,4.92,25.44,7.8,65
shaanxi_guanzhong,1989-05-18,26.0,12.9,0.1,3.77,18.62,10.8,71
shaanxi_guanzhong,1989-05-19,25.9,11.7,0.0,4.89,26.06,6.5,63
shaanxi_guanzhong,1989-05-20,21.1,15.6,0.3,1.84,8.6,7.0,72
shaanxi_guanzhong,1989-05-21,16.4,14.1,10.4,0.94,4.26,5.5,89
shaanxi_guanzhong,1989-05-22,24.3,12.6,0.3,4.58,25.4,7.8,71
shaanxi_guanzhong,1989-05-23,26.7,11.2,0.0,5.21,26.31,13.4,62
shaanxi_guanzhong,1989-05-24,24.8,11.1,0.0,5.14,27.41,9.2,60
shaanxi_guanzhong,1989-05-25,25.7,11.4,0.0,4.93,26.65,11.0,63
shaanxi_guanzhong,1989-05-26,22.2,16.2,0.2,1.81,7.23,7.9,67
shaanxi_guanzhong,1989-05-27,25.0,13.1,0.0,4.22,22.43,5.6,68
shaanxi_guanzhong,1989-05-28,27.7,14.3,0.0,5.07,26.15,6.1,63
shaanxi_guanzhong,1989-05-29,26.6,16.5,0.0,3.74,18.59,8.3,72
shaanxi_guanzhong,1989-05-30,27.8,15.6,0.0,4.71,24.03,7.3,69
shaanxi_guanzhong,1989-05-31,30.4,16.2,0.0,5.37,26.58,6.5,59
shaanxi_guanzhong,1989-06-01,31.5,16.5,0.0,5.83,29.1,7.3,55
shaanxi_guanzhong,1989-06-02,31.4,16.7,1.7,4.79,22.25,8.7,63
shaanxi_guanzhong,1989-06-03,25.0,18.9,44.1,2.8,14.16,8.3,80
shaanxi_guanzhong,1989-06-04,28.3,14.9,0.0,5.45,28.21,8.1,72
shaanxi_guanzhong,1989-06-05,31.1,17.1,0.0,5.57,26.96,11.2,70
shaanxi_guanzhong,1989-06-06,22.0,17.6,13.4,1.73,7.08,14.7,78
shaanxi_guanzhong,1989-06-07,21.4,15.0,8.1,1.29,5.0,13.1,84
shaanxi_guanzhong,1989-06-08,27.1,12.7,0.0,5.06,26.47,6.3,68
shaanxi_guanzhong,1989-06-09,26.1,16.6,0.0,2.87,13.68,4.8,67
shaanxi_guanzhong,1989-06-10,28.5,15.5,0.0,5.73,29.02,11.0,66
shaanxi_guanzhong,1989-06-11,27.0,16.2,0.0,3.37,15.82,15.4,74
shaanxi_guanzhong,1989-06-12,22.2,19.1,16.5,1.29,6.52,10.0,93
shaanxi_guanzhong,1989-06-13,20.6,16.8,15.8,1.04,4.55,15.3,92
shaanxi_guanzhong,1989-06-14,28.1,13.8,0.0,5.39,27.94,4.7,67
shaanxi_guanzhong,1989-06-15,26.3,17.0,0.0,3.4,16.61,6.2,69
shaanxi_guanzhong,1989-06-16,27.0,18.4,0.0,3.93,19.32,6.8,67
shaanxi_guanzhong,1989-06-17,27.7,16.4,0.0,3.87,17.89,8.2,63
shaanxi_guanzhong,1989-06-18,28.4,15.5,0.0,5.8,28.42,13.4,56
shaanxi_guanzhong,1989-06-19,25.8,17.7,0.0,2.77,9.67,12.2,64
shaanxi_guanzhong,1989-06-20,22.5,18.1,1.7,2.24,10.76,11.6,76
shaanxi_guanzhong,1989-06-21,22.7,16.5,0.4,2.65,12.78,9.2,77
shaanxi_guanzhong,1989-06-22,25.9,16.4,0.0,3.93,20.15,10.5,69
shaanxi_guanzhong,1989-06-23,28.1,17.3,0.0,4.71,24.21,6.9,65
shaanxi_guanzhong,1989-06-24,28.0,18.3,0.6,3.31,14.88,9.7,72
shaanxi_guanzhong,1989-06-25,25.6,19.3,0.8,1.76,6.53,8.0,75
shaanxi_guanzhong,1989-06-26,26.1,17.7,1.9,2.95,13.0,9.7,68
shaanxi_guanzhong,1989-06-27,31.2,16.9,0.0,5.41,26.59,4.7,54
shaanxi_guanzhong,1989-06-28,30.7,18.4,0.7,4.73,21.93,11.6,64
shaanxi_guanzhong,1989-06-29,32.1,18.4,0.9,5.8,27.58,8.7,59
shaanxi_guanzhong,1989-06-30,32.1,18.6,0.4,5.18,24.07,10.5,60
shaanxi_guanzhong,1989-07-01,30.3,19.2,0.1,5.16,24.89,9.7,66
shaanxi_guanzhong,1989-07-02,29.8,21.0,0.2,4.52,21.62,9.1,66
shaanxi_guanzhong,1989-07-03,28.5,20.8,0.0,2.74,10.29,9.7,69
shaanxi_guanzhong,1989-07-04,26.5,21.3,0.0,3.44,12.96,15.5,67
shaanxi_guanzhong,1989-07-05,23.0,20.3,25.7,1.12,5.17,7.4,94
shaanxi_guanzhong,1989-07-06,22.6,20.6,18.2,1.09,5.0,8.2,95
shaanxi_guanzhong,1989-07-07,25.3,19.8,20.9,1.65,7.56,3.8,91
shaanxi_guanzhong,1989-07-08,30.4,17.6,0.0,5.75,28.98,5.4,73
shaanxi_guanzhong,1989-07-09,30.2,19.2,0.9,4.05,19.69,5.8,78
shaanxi_guanzhong,1989-07-10,22.4,19.4,14.1,0.86,3.21,5.8,89
shaanxi_guanzhong,1989-07-11,27.9,16.8,0.0,5.15,25.95,10.6,68
shaanxi_guanzhong,1989-07-12,28.9,15.2,0.0,5.12,25.55,5.9,64
shaanxi_guanzhong,1989-07-13,28.8,18.4,0.2,5.04,25.33,8.1,75
shaanxi_guanzhong,1989-07-14,29.2,20.8,1.2,4.62,22.83,8.8,76
shaanxi_guanzhong,1989-07-15,29.3,21.4,4.4,3.85,18.37,11.2,77
shaanxi_guanzhong,1989-07-16,27.7,22.9,9.2,2.44,11.59,6.5,85
shaanxi_guanzhong,1989-07-17,32.8,20.9,4.2,5.38,25.82,5.0,74
shaanxi_guanzhong,1989-07-18,31.4,23.8,4.4,3.85,17.93,6.1,76
shaanxi_guanzhong,1989-07-19,31.9,23.2,0.1,4.57,21.53,9.0,79
shaanxi_guanzhong,1989-07-20,33.7,24.3,0.0,5.01,22.58,8.7,72
shaanxi_guanzhong,1989-07-21,33.9,24.4,0.8,4.86,22.35,6.1,72
shaanxi_guanzhong,1989-07-22,32.4,25.6,7.2,3.13,13.76,8.0,75
shaanxi_guanzhong,1989-07-23,26.9,23.4,42.2,1.78,6.92,12.2,83
shaanxi_guanzhong,1989-07-24,31.1,22.9,0.1,4.02,18.25,8.4,71
shaanxi_guanzhong,1989-07-25,26.1,22.0,2.6,2.56,12.11,8.4,78
shaanxi_guanzhong,1989-07-26,21.5,17.5,49.8,1.32,5.61,8.4,85
shaanxi_guanzhong,1989-07-27,25.1,15.7,0.0,3.75,19.26,6.9,69
shaanxi_guanzhong,1989-07-28,26.7,15.2,0.0,4.91,25.64,8.0,64
shaanxi_guanzhong,1989-07-29,28.0,14.2,0.0,5.3,27.3,8.4,65
shaanxi_guanzhong,1989-07-30,26.1,16.0,0.0,4.72,24.43,12.7,67
shaanxi_guanzhong,1989-07-31,24.5,15.2,0.0,3.76,20.04,13.4,76
shaanxi_guanzhong,1989-08-01,28.0,16.9,0.0,4.73,23.66,17.0,72
shaanxi_guanzhong,1989-08-02,29.2,19.2,0.0,5.02,25.34,13.7,72
shaanxi_guanzhong,1989-08-03,26.9,20.6,18.9,3.25,16.24,10.4,81
shaanxi_guanzhong,1989-08-04,24.8,20.7,14.0,2.25,10.93,7.7,83
shaanxi_guanzhong,1989-08-05,27.7,20.8,0.0,4.24,21.54,4.7,75
shaanxi_guanzhong,1989-08-06,29.3,19.1,2.6,4.78,23.93,5.2,72
shaanxi_guanzhong,1989-08-07,28.9,20.2,7.7,4.12,20.52,7.4,77
shaanxi_guanzhong,1989-08-08,29.0,22.0,0.0,4.03,19.62,11.2,75
shaanxi_guanzhong,1989-08-09,28.9,19.7,0.1,4.29,21.46,10.1,78
shaanxi_guanzhong,1989-08-10,30.1,22.5,0.4,4.11,19.96,7.2,76
shaanxi_guanzhong,1989-08-11,29.4,22.3,9.9,3.01,13.75,17.9,80
shaanxi_guanzhong,1989-08-12,24.0,18.8,11.1,3.04,15.39,19.4,78
shaanxi_guanzhong,1989-08-13,25.9,17.8,2.6,3.17,16.44,9.0,79
shaanxi_guanzhong,1989-08-14,26.2,21.4,5.9,2.18,10.56,10.2,88
shaanxi_guanzhong,1989-08-15,25.7,21.3,32.7,1.82,9.03,6.2,91
shaanxi_guanzhong,1989-08-16,23.3,18.4,12.8,1.16,4.68,13.8,86
shaanxi_guanzhong,1989-08-17,19.7,18.0,14.7,0.8,3.37,8.2,91
shaanxi_guanzhong,1989-08-18,19.1,18.1,71.2,0.48,1.3,7.9,94
shaanxi_guanzhong,1989-08-19,25.3,16.4,13.5,2.77,13.9,6.6,80
shaanxi_guanzhong,1989-08-20,27.6,14.2,0.0,5.01,26.02,9.4,70
shaanxi_guanzhong,1989-08-21,26.9,17.2,0.0,4.51,24.13,14.3,75
shaanxi_guanzhong,1989-08-22,25.9,17.9,0.1,3.61,18.87,15.6,80
shaanxi_guanzhong,1989-08-23,24.8,18.3,0.5,3.01,15.68,11.0,80
shaanxi_guanzhong,1989-08-24,25.2,18.8,0.1,3.25,16.73,9.2,79
shaanxi_guanzhong,1989-08-25,24.6,20.1,12.7,2.32,11.67,7.3,82
shaanxi_guanzhong,1989-08-26,24.1,20.0,16.1,2.17,10.81,6.6,86
shaanxi_guanzhong,1989-08-27,24.7,17.8,0.6,3.19,17.0,5.4,83
shaanxi_guanzhong,1989-08-28,25.9,16.5,0.1,3.91,20.91,8.2,82
shaanxi_guanzhong,1989-08-29,26.6,18.0,0.0,3.78,19.81,12.4,79
shaanxi_guanzhong,1989-08-30,21.7,20.4,23.2,0.63,2.31,8.4,93
shaanxi_guanzhong,1989-08-31,25.8,19.4,1.9,2.88,14.69,4.9,82
shaanxi_guanzhong,1989-09-01,27.0,17.0,0.2,3.63,18.65,6.8,82
shaanxi_guanzhong,1989-09-02,25.6,18.4,0.0,4.12,21.88,4.4,72
shaanxi_guanzhong,1989-09-03,23.4,18.0,5.9,2.24,10.37,11.4,77
shaanxi_guanzhong,1989-09-04,25.7,17.4,13.8,3.7,18.75,11.9,75
shaanxi_guanzhong,1989-09-05,26.3,14.0,0.0,4.42,23.41,7.6,74
shaanxi_guanzhong,1989-09-06,25.9,18.3,0.4,3.64,19.16,9.7,74
shaanxi_guanzhong,1989-09-07,23.9,18.2,1.0,2.72,12.5,14.5,75
shaanxi_guanzhong,1989-09-08,20.6,18.2,5.9,1.12,4.51,8.5,86
shaanxi_guanzhong,1989-09-09,18.1,17.1,19.3,0.53,1.83,8.2,95
shaanxi_guanzhong,1989-09-10,21.3,16.8,6.5,1.21,5.41,6.9,87
shaanxi_guanzhong,1989-09-11,26.6,15.2,0.0,4.05,20.71,8.4,71
shaanxi_guanzhong,1989-09-12,25.2,12.3,0.0,3.77,20.55,6.2,67
shaanxi_guanzhong,1989-09-13,24.9,13.0,0.0,3.86,21.24,6.6,77
shaanxi_guanzhong,1989-09-14,26.1,14.2,0.0,4.08,22.13,4.7,75
shaanxi_guanzhong,1989-09-15,26.2,14.4,0.0,3.94,21.08,13.6,76
shaanxi_guanzhong,1989-09-16,24.1,16.9,0.0,2.97,15.91,7.6,75
shaanxi_guanzhong,1989-09-17,26.9,14.4,0.0,4.19,22.47,5.4,74
shaanxi_guanzhong,1989-09-18,27.8,14.4,0.0,3.88,20.14,6.5,73
shaanxi_guanzhong,1989-09-19,20.9,16.6,8.4,1.49,7.0,7.0,79
shaanxi_guanzhong,1989-09-20,24.3,15.6,0.1,3.06,17.17,7.0,79
shaanxi_guanzhong,1989-09-21,25.9,13.3,0.0,3.91,21.7,9.7,77
shaanxi_guanzhong,1989-09-22,25.7,15.3,0.0,2.61,12.49,12.8,77
shaanxi_guanzhong,1989-09-23,20.5,16.5,41.8,0.52,1.5,9.7,88
shaanxi_guanzhong,1989-09-24,20.0,15.1,16.6,1.12,5.87,8.1,92
shaanxi_guanzhong,1989-09-25,18.2,12.8,10.7,0.88,4.33,11.1,91
shaanxi_guanzhong,1989-09-26,15.1,11.8,12.7,0.64,2.58,12.2,89
shaanxi_guanzhong,1989-09-27,19.2,12.1,1.3,1.28,6.68,5.8,77
shaanxi_guanzhong,1989-09-28,22.0,8.9,0.0,3.36,19.63,10.0,73
shaanxi_guanzhong,1989-09-29,20.2,12.4,0.0,2.32,12.89,9.3,74
shaanxi_guanzhong,1989-09-30,19.6,13.9,0.0,2.27,13.13,6.0,76
shaanxi_guanzhong,1989-10-01,21.0,13.8,0.0,2.42,13.03,11.6,71
shaanxi_guanzhong,1989-10-02,21.8,14.5,0.8,2.78,15.7,8.4,71
shaanxi_guanzhong,1989-10-03,20.9,12.3,2.8,2.5,13.96,10.4,75
shaanxi_guanzhong,1989-10-04,16.4,14.5,11.1,0.71,3.2,6.1,91
shaanxi_guanzhong,1989-10-05,18.9,12.0,0.1,1.89,11.01,5.1,80
shaanxi_guanzhong,1989-10-06,19.5,9.1,0.0,2.8,17.26,9.7,75
shaanxi_guanzhong,1989-10-07,20.4,7.4,0.0,2.95,17.87,6.8,70
shaanxi_guanzhong,1989-10-08,19.4,8.7,0.0,2.2,12.88,8.2,76
shaanxi_guanzhong,1989-10-09,19.5,10.8,0.0,2.1,12.25,4.5,79
shaanxi_guanzhong,1989-10-10,22.6,9.4,0.0,3.27,18.55,11.2,66
shaanxi_guanzhong,1989-10-11,20.8,10.0,0.0,3.11,17.85,10.1,63
shaanxi_guanzhong,1989-10-12,22.2,10.9,0.0,3.02,18.02,10.0,66
shaanxi_guanzhong,1989-10-13,24.7,11.2,0.0,3.2,16.05,15.7,70
shaanxi_guanzhong,1989-10-14,18.6,14.2,0.1,1.29,6.4,6.0,77
shaanxi_guanzhong,1989-10-15,14.9,10.0,2.9,0.98,4.05,10.2,79
shaanxi_guanzhong,1989-10-16,12.5,8.5,0.0,1.52,9.28,5.5,62
shaanxi_guanzhong,1989-10-17,12.5,8.4,0.0,1.46,8.16,7.5,56
shaanxi_guanzhong,1989-10-18,15.6,7.8,2.9,1.85,9.53,15.5,69
shaanxi_guanzhong,1989-10-19,17.3,5.8,0.0,2.45,15.2,4.7,54
shaanxi_guanzhong,1989-10-20,19.0,3.7,0.0,2.72,17.41,3.4,68
shaanxi_guanzhong,1989-10-21,20.6,6.1,0.0,2.77,17.1,4.1,72
shaanxi_guanzhong,1989-10-22,21.8,7.3,0.0,2.81,16.77,4.5,69
shaanxi_guanzhong,1989-10-23,23.1,9.6,0.0,2.66,15.29,8.0,71
shaanxi_guanzhong,1989-10-24,22.9,9.2,0.0,2.76,16.36,6.6,70
shaanxi_guanzhong,1989-10-25,20.9,9.6,0.0,2.23,12.79,6.5,75
shaanxi_guanzhong,1989-10-26,17.0,13.3,3.1,0.8,3.69,5.1,80
shaanxi_guanzhong,1989-10-27,19.1,8.1,0.3,1.74,10.2,4.8,74
shaanxi_guanzhong,1989-10-28,18.7,6.1,0.0,2.17,13.01,9.9,69
shaanxi_guanzhong,1989-10-29,18.2,9.1,0.0,1.72,10.27,7.9,74
shaanxi_guanzhong,1989-10-30,18.2,6.2,0.0,2.94,16.02,18.9,53
shaanxi_guanzhong,1989-10-31,17.3,4.0,0.0,2.48,15.87,9.7,59
shaanxi_guanzhong,1989-11-01,16.3,8.5,0.0,1.82,10.29,9.2,56
shaanxi_guanzhong,1989-11-02,16.1,8.7,0.3,1.54,9.39,9.0,77
shaanxi_guanzhong,1989-11-03,12.9,9.5,2.4,0.73,3.91,5.1,86
shaanxi_guanzhong,1989-11-04,11.3,8.3,7.1,0.5,1.59,10.7,86
shaanxi_guanzhong,1989-11-05,9.0,5.1,0.9,1.08,5.25,11.0,65
shaanxi_guanzhong,1989-11-06,9.4,5.4,10.4,0.83,5.38,12.1,78
shaanxi_guanzhong,1989-11-07,11.1,5.3,4.8,1.18,7.31,11.4,72
shaanxi_guanzhong,1989-11-08,14.1,2.0,0.0,1.96,14.25,11.6,67
shaanxi_guanzhong,1989-11-09,12.5,3.4,0.0,1.42,10.38,6.2,76
shaanxi_guanzhong,1989-11-10,10.4,6.0,3.0,0.63,3.42,10.0,87
shaanxi_guanzhong,1989-11-11,7.6,5.8,9.5,0.4,2.11,7.9,94
shaanxi_guanzhong,1989-11-12,8.9,3.7,0.8,1.05,7.74,7.9,77
shaanxi_guanzhong,1989-11-13,4.6,2.3,6.3,0.6,3.55,8.2,80
shaanxi_guanzhong,1989-11-14,5.0,0.6,2.6,0.72,5.82,8.8,83
shaanxi_guanzhong,1989-11-15,7.8,1.6,0.0,0.91,7.07,4.7,77
shaanxi_guanzhong,1989-11-16,10.9,-2.0,0.0,1.5,12.0,2.7,74
shaanxi_guanzhong,1989-11-17,10.8,-0.3,0.0,1.49,10.68,9.2,67
shaanxi_guanzhong,1989-11-18,5.9,-3.2,0.0,1.7,11.06,12.9,44
shaanxi_guanzhong,1989-11-19,7.8,0.7,0.0,1.3,9.25,6.4,57
shaanxi_guanzhong,1989-11-20,8.0,0.5,0.8,0.94,7.37,4.9,79
shaanxi_guanzhong,1989-11-21,11.0,-2.4,0.0,1.55,12.86,5.9,79
shaanxi_guanzhong,1989-11-22,12.1,-1.3,0.0,1.55,12.12,4.8,77
shaanxi_guanzhong,1989-11-23,11.5,-0.6,0.5,1.21,9.1,5.7,80
shaanxi_guanzhong,1989-11-24,10.8,1.5,0.0,1.11,8.3,7.4,80
shaanxi_guanzhong,1989-11-25,9.6,5.2,0.6,0.63,3.81,5.1,86
shaanxi_guanzhong,1989-11-26,10.8,1.2,1.4,1.41,8.68,10.4,66
shaanxi_guanzhong,1989-11-27,5.2,-2.1,0.0,1.52,9.89,13.5,45
shaanxi_guanzhong,1989-11-28,6.7,-5.4,0.0,1.42,12.66,6.6,52
shaanxi_guanzhong,1989-11-29,8.2,-4.5,0.0,1.38,12.07,5.2,63
shaanxi_guanzhong,1989-11-30,8.6,-1.8,0.0,1.07,8.43,4.8,69
shaanxi_guanzhong,1989-12-01,15.3,-1.5,0.0,1.72,12.12,7.2,65
shaanxi_guanzhong,1989-12-02,18.0,2.0,0.0,1.77,12.02,5.8,62
shaanxi_guanzhong,1989-12-03,18.6,2.4,0.0,1.84,12.07,8.2,65
shaanxi_guanzhong,1989-12-04,15.0,1.2,0.0,1.72,11.92,7.6,61
shaanxi_guanzhong,1989-12-05,14.9,1.2,0.0,1.6,11.64,5.0,74
shaanxi_guanzhong,1989-12-06,13.8,1.2,0.0,1.62,11.71,9.2,66
shaanxi_guanzhong,1989-12-07,12.3,1.0,0.0,1.51,11.51,7.1,69
shaanxi_guanzhong,1989-12-08,10.7,2.6,0.0,1.45,10.83,9.4,64
shaanxi_guanzhong,1989-12-09,9.7,3.2,0.0,1.04,7.5,8.5,76
shaanxi_guanzhong,1989-12-10,10.9,0.4,0.0,1.18,9.54,5.2,82
shaanxi_guanzhong,1989-12-11,8.6,2.4,1.4,0.62,3.42,5.3,73
shaanxi_guanzhong,1989-12-12,5.8,3.0,5.7,0.51,3.5,5.1,85
shaanxi_guanzhong,1989-12-13,9.7,-0.1,0.0,1.33,10.55,8.6,73
shaanxi_guanzhong,1989-12-14,8.8,-3.5,0.0,1.27,10.61,7.6,71
shaanxi_guanzhong,1989-12-15,12.1,-1.9,0.0,1.47,11.31,6.1,69
shaanxi_guanzhong,1989-12-16,11.8,-2.2,0.0,1.49,11.45,7.3,65
shaanxi_guanzhong,1989-12-17,10.7,-2.1,0.0,1.27,9.81,7.7,75
shaanxi_guanzhong,1989-12-18,5.4,0.8,3.8,0.36,2.99,12.6,90
shaanxi_guanzhong,1989-12-19,3.4,-0.9,1.6,0.65,5.89,10.7,84
shaanxi_guanzhong,1989-12-20,3.6,-1.4,6.2,0.57,4.67,4.7,87
shaanxi_guanzhong,1989-12-21,1.0,-1.1,9.6,0.56,5.72,4.1,97
shaanxi_guanzhong,1989-12-22,2.9,-6.3,1.4,0.78,7.74,6.1,90
shaanxi_guanzhong,1989-12-23,1.9,-8.8,0.0,0.97,11.85,7.8,85
shaanxi_guanzhong,1989-12-24,2.2,-4.0,0.0,0.81,8.56,4.5,82
shaanxi_guanzhong,1989-12-25,3.4,-6.7,0.0,0.98,10.33,4.0,75
shaanxi_guanzhong,1989-12-26,2.5,-7.3,0.0,1.05,11.29,6.4,76
shaanxi_guanzhong,1989-12-27,1.8,-6.3,2.3,0.64,6.4,4.9,84
shaanxi_guanzhong,1989-12-28,4.2,-5.7,2.2,0.86,8.48,6.1,82
shaanxi_guanzhong,1989-12-29,4.9,-6.1,0.0,1.13,11.15,5.0,68
shaanxi_guanzhong,1989-12-30,6.6,-6.7,0.0,1.17,11.35,4.2,73
shaanxi_guanzhong,1989-12-31,6.0,-6.1,0.0,1.18,11.07,4.0,77
shaanxi_guanzhong,1990-01-01,6.1,-5.8,0.0,1.23,11.48,4.2,69
shaanxi_guanzhong,1990-01-02,5.0,-4.1,0.0,1.15,11.19,9.5,70
shaanxi_guanzhong,1990-01-03,4.7,-2.5,0.0,0.98,10.18,9.2,82
shaanxi_guanzhong,1990-01-04,6.2,-2.3,0.0,0.83,6.95,3.1,78
shaanxi_guanzhong,1990-01-05,6.8,-4.7,0.0,1.28,11.93,7.5,73
shaanxi_guanzhong,1990-01-06,4.9,-2.0,0.0,1.03,9.23,8.5,66
shaanxi_guanzhong,1990-01-07,7.0,-1.3,0.0,1.19,11.17,9.8,75
shaanxi_guanzhong,1990-01-08,2.5,-3.0,1.6,0.51,4.24,7.1,85
shaanxi_guanzhong,1990-01-09,8.2,-4.9,0.0,1.47,12.79,7.2,67
shaanxi_guanzhong,1990-01-10,6.3,-1.5,0.0,1.12,9.75,7.7,63
shaanxi_guanzhong,1990-01-11,4.5,-5.4,0.0,0.9,7.65,6.8,65
shaanxi_guanzhong,1990-01-12,3.0,-2.7,0.0,1.03,9.18,9.6,57
shaanxi_guanzhong,1990-01-13,2.8,-3.9,0.0,1.01,8.52,7.9,59
shaanxi_guanzhong,1990-01-14,2.4,-1.7,0.7,0.68,6.0,7.2,77
shaanxi_guanzhong,1990-01-15,6.6,-5.6,0.7,1.42,13.1,5.6,70
shaanxi_guanzhong,1990-01-16,10.0,-4.6,0.0,1.55,13.1,8.5,68
shaanxi_guanzhong,1990-01-17,5.5,-2.9,0.0,1.15,7.49,11.0,57
shaanxi_guanzhong,1990-01-18,4.6,-3.5,0.0,1.39,11.86,9.2,50
shaanxi_guanzhong,1990-01-19,2.5,-4.3,0.0,1.35,11.9,10.9,46
shaanxi_guanzhong,1990-01-20,5.6,-5.0,0.0,1.52,13.5,7.9,48
shaanxi_guanzhong,1990-01-21,8.1,-3.5,0.0,1.3,10.17,7.6,63
shaanxi_guanzhong,1990-01-22,6.1,-3.6,0.0,1.32,10.36,8.0,53
shaanxi_guanzhong,1990-01-23,9.9,-4.4,0.0,1.69,13.83,8.4,59
shaanxi_guanzhong,1990-01-24,4.6,-3.8,0.0,1.21,10.47,9.3,63
shaanxi_guanzhong,1990-01-25,6.0,-5.2,0.0,1.39,13.33,9.5,70
shaanxi_guanzhong,1990-01-26,7.3,-2.3,0.0,1.5,13.55,9.7,68
shaanxi_guanzhong,1990-01-27,4.3,-3.1,0.3,0.87,8.15,16.1,79
shaanxi_guanzhong,1990-01-28,6.5,-2.6,0.0,1.18,10.2,9.3,72
shaanxi_guanzhong,1990-01-29,2.2,-1.6,8.9,0.48,3.08,6.2,80
shaanxi_guanzhong,1990-01-30,0.3,-4.7,6.4,0.85,9.22,4.7,87
shaanxi_guanzhong,1990-01-31,-0.6,-12.4,0.0,1.32,16.38,7.2,67
shaanxi_guanzhong,1990-02-01,-1.2,-12.5,0.1,1.12,15.4,8.4,65
shaanxi_guanzhong,1990-02-02,1.7,-4.3,0.6,1.07,11.47,9.5,73
shaanxi_guanzhong,1990-02-03,0.6,-10.5,0.0,1.3,15.2,5.6,68
shaanxi_guanzhong,1990-02-04,0.4,-8.1,0.0,1.1,13.66,5.8,75
shaanxi_guanzhong,1990-02-05,4.4,-6.6,0.0,1.2,11.52,5.2,74
shaanxi_guanzhong,1990-02-06,3.3,-4.7,0.2,1.04,10.28,7.0,76
shaanxi_guanzhong,1990-02-07,4.6,-2.0,0.0,1.28,13.23,7.1,83
shaanxi_guanzhong,1990-02-08,5.8,-2.4,0.0,1.41,13.64,7.7,76
shaanxi_guanzhong,1990-02-09,6.1,-0.2,0.8,0.84,6.57,6.2,82
shaanxi_guanzhong,1990-02-10,10.7,-3.9,0.0,2.04,16.45,5.9,65
shaanxi_guanzhong,1990-02-11,15.6,-2.7,0.0,2.35,16.6,5.7,56
shaanxi_guanzhong,1990-02-12,13.3,0.6,1.0,1.88,12.97,10.6,67
shaanxi_guanzhong,1990-02-13,11.9,3.7,0.0,1.54,11.75,9.1,81
shaanxi_guanzhong,1990-02-14,9.3,2.4,1.2,1.05,8.2,10.2,84
shaanxi_guanzhong,1990-02-15,6.7,3.5,7.9,0.6,3.96,10.5,89
shaanxi_guanzhong,1990-02-16,3.9,1.8,20.3,0.32,2.29,13.4,95
shaanxi_guanzhong,1990-02-17,4.6,1.0,4.5,0.72,5.7,5.6,89
shaanxi_guanzhong,1990-02-18,9.8,-1.3,0.0,1.81,14.66,8.4,79
shaanxi_guanzhong,1990-02-19,10.3,-0.9,0.0,1.66,13.35,7.8,73
shaanxi_guanzhong,1990-02-20,5.8,3.5,3.2,0.53,3.47,6.8,90
shaanxi_guanzhong,1990-02-21,5.3,2.7,6.2,0.55,3.75,10.1,92
shaanxi_guanzhong,1990-02-22,3.0,-0.3,3.6,1.0,6.03,15.3,70
shaanxi_guanzhong,1990-02-23,1.3,-2.0,0.6,1.03,8.3,10.8,63
shaanxi_guanzhong,1990-02-24,2.4,-4.1,0.0,1.42,14.63,6.2,66
shaanxi_guanzhong,1990-02-25,3.5,-6.5,0.0,1.67,16.83,9.7,63
shaanxi_guanzhong,1990-02-26,5.2,-3.0,0.0,1.61,14.29,13.0,62
shaanxi_guanzhong,1990-02-27,5.3,-0.6,0.6,1.23,10.3,11.7,74
shaanxi_guanzhong,1990-02-28,4.8,-1.7,0.0,1.16,10.36,10.2,76
shaanxi_guanzhong,1990-03-01,5.8,-0.3,1.0,1.18,9.69,6.5,76
shaanxi_guanzhong,1990-03-02,7.5,1.1,1.5,1.4,11.29,6.3,78
shaanxi_guanzhong,1990-03-03,9.0,-2.7,0.0,1.81,14.16,4.7,76
shaanxi_guanzhong,1990-03-04,10.8,-1.0,0.2,2.33,17.53,7.1,71
shaanxi_guanzhong,1990-03-05,10.0,-2.2,0.0,2.34,18.62,8.2,64
shaanxi_guanzhong,1990-03-06,12.1,-2.4,0.0,2.43,18.17,8.0,63
shaanxi_guanzhong,1990-03-07,12.1,-0.9,0.2,2.07,14.92,14.8,64
shaanxi_guanzhong,1990-03-08,13.7,-2.7,0.0,2.69,19.92,6.4,66
shaanxi_guanzhong,1990-03-09,17.6,0.5,0.0,2.94,19.64,8.4,69
shaanxi_guanzhong,1990-03-10,17.7,5.9,0.0,2.36,14.7,7.5,71
shaanxi_guanzhong,1990-03-11,13.8,3.4,0.0,2.44,16.49,8.7,62
shaanxi_guanzhong,1990-03-12,12.2,4.3,1.7,1.45,8.44,10.9,64
shaanxi_guanzhong,1990-03-13,14.1,5.9,0.8,1.53,9.55,7.9,77
shaanxi_guanzhong,1990-03-14,14.7,1.3,0.0,2.93,20.13,7.9,57
shaanxi_guanzhong,1990-03-15,14.5,4.1,0.0,2.55,17.4,8.7,60
shaanxi_guanzhong,1990-03-16,15.8,5.1,0.0,2.27,14.8,4.3,73
shaanxi_guanzhong,1990-03-17,18.9,4.2,0.0,3.24,20.84,10.2,73
shaanxi_guanzhong,1990-03-18,20.1,6.1,0.0,3.29,20.75,10.8,70
shaanxi_guanzhong,1990-03-19,20.2,6.9,0.0,2.94,18.11,9.5,73
shaanxi_guanzhong,1990-03-20,18.0,10.4,4.8,1.82,10.12,7.6,81
shaanxi_guanzhong,1990-03-21,12.7,8.1,6.1,0.77,4.31,12.3,91
shaanxi_guanzhong,1990-03-22,11.6,6.6,3.7,1.06,7.01,11.8,89
shaanxi_guanzhong,1990-03-23,11.0,7.4,2.7,0.95,6.04,7.6,91
shaanxi_guanzhong,1990-03-24,9.2,4.7,7.7,0.6,3.78,13.7,93
shaanxi_guanzhong,1990-03-25,4.4,1.4,7.5,0.42,2.56,11.9,91
shaanxi_guanzhong,1990-03-26,2.7,1.0,6.1,0.4,2.48,9.2,94
shaanxi_guanzhong,1990-03-27,6.5,0.7,1.7,1.11,8.41,5.9,86
shaanxi_guanzhong,1990-03-28,14.4,0.2,0.0,2.63,17.9,10.8,72
shaanxi_guanzhong,1990-03-29,16.3,1.7,0.0,2.96,19.12,5.0,70
shaanxi_guanzhong,1990-03-30,17.4,3.3,0.0,2.89,18.27,4.6,73
shaanxi_guanzhong,1990-03-31,17.5,5.9,0.1,2.83,17.64,5.0,75
shaanxi_guanzhong,1990-04-01,19.2,6.6,0.3,2.95,18.18,8.9,77
shaanxi_guanzhong,1990-04-02,12.3,6.9,14.3,0.69,3.5,18.0,87
shaanxi_guanzhong,1990-04-03,11.3,3.6,0.0,2.22,15.37,7.3,64
shaanxi_guanzhong,1990-04-04,13.2,0.4,0.0,3.23,23.3,9.4,55
shaanxi_guanzhong,1990-04-05,17.3,2.0,0.0,3.58,24.21,9.4,67
shaanxi_guanzhong,1990-04-06,19.1,6.5,0.0,3.77,17.2,21.9,57
shaanxi_guanzhong,1990-04-07,16.0,1.4,0.0,4.39,25.97,16.9,37
shaanxi_guanzhong,1990-04-08,18.3,2.6,0.0,3.4,21.55,7.0,61
shaanxi_guanzhong,1990-04-09,20.0,5.5,0.0,3.85,23.75,6.0,70
shaanxi_guanzhong,1990-04-10,19.1,7.3,3.1,2.96,17.04,13.4,74
shaanxi_guanzhong,1990-04-11,12.1,4.4,5.3,2.28,9.89,21.7,59
shaanxi_guanzhong,1990-04-12,13.7,0.7,0.0,3.7,26.5,10.4,48
shaanxi_guanzhong,1990-04-13,15.7,-1.2,0.0,3.85,26.46,5.2,52
shaanxi_guanzhong,1990-04-14,17.9,2.5,0.0,3.74,23.83,8.1,56
shaanxi_guanzhong,1990-04-15,16.6,8.3,2.2,2.25,12.39,7.6,61
shaanxi_guanzhong,1990-04-16,18.8,9.6,7.6,2.18,11.9,11.0,79
shaanxi_guanzhong,1990-04-17,19.0,8.7,1.2,2.8,16.68,5.9,73
shaanxi_guanzhong,1990-04-18,19.2,8.2,0.5,2.92,17.24,9.0,76
shaanxi_guanzhong,1990-04-19,17.8,7.1,0.1,2.44,14.65,5.4,81
shaanxi_guanzhong,1990-04-20,13.7,11.1,7.4,1.38,6.37,10.5,77
shaanxi_guanzhong,1990-04-21,11.9,10.8,8.9,0.6,2.69,5.9,92
shaanxi_guanzhong,1990-04-22,19.8,10.4,0.0,3.79,23.01,7.4,77
shaanxi_guanzhong,1990-04-23,11.2,7.1,3.9,1.39,8.87,7.8,76
shaanxi_guanzhong,1990-04-24,19.1,2.9,0.1,3.77,23.4,7.1,74
shaanxi_guanzhong,1990-04-25,20.9,8.1,0.0,4.25,24.72,10.4,63
shaanxi_guanzhong,1990-04-26,23.3,7.1,0.0,4.34,24.56,9.5,66
shaanxi_guanzhong,1990-04-27,20.5,11.8,1.9,1.75,9.24,5.3,82
shaanxi_guanzhong,1990-04-28,17.2,11.1,7.2,1.45,8.01,5.4,88
shaanxi_guanzhong,1990-04-29,16.3,13.8,11.0,0.96,4.97,11.9,93
shaanxi_guanzhong,1990-04-30,14.9,11.2,12.9,0.84,4.15,9.4,94
shaanxi_guanzhong,1990-05-01,19.0,9.0,0.1,2.99,17.74,3.7,80
shaanxi_guanzhong,1990-05-02,14.0,8.5,12.4,0.74,3.26,19.2,88
shaanxi_guanzhong,1990-05-03,15.7,4.8,0.0,2.94,16.91,11.8,60
shaanxi_guanzhong,1990-05-04,22.8,4.1,0.0,4.75,27.79,8.8,58
shaanxi_guanzhong,1990-05-05,26.8,7.5,0.0,5.01,26.01,13.3,64
shaanxi_guanzhong,1990-05-06,24.9,8.1,0.0,5.18,28.72,8.0,52
shaanxi_guanzhong,1990-05-07,27.3,9.8,0.0,5.2,27.73,7.8,63
shaanxi_guanzhong,1990-05-08,29.2,13.8,0.0,5.12,26.25,8.1,75
shaanxi_guanzhong,1990-05-09,28.4,16.2,0.0,4.29,19.98,13.6,69
shaanxi_guanzhong,1990-05-10,26.9,15.0,0.0,4.27,21.37,8.5,61
shaanxi_guanzhong,1990-05-11,28.3,12.4,0.0,5.19,26.68,18.8,70
shaanxi_guanzhong,1990-05-12,28.0,15.6,0.0,3.74,16.77,13.2,69
shaanxi_guanzhong,1990-05-13,27.6,13.3,0.0,4.94,25.58,7.9,54
shaanxi_guanzhong,1990-05-14,24.2,13.9,1.3,2.67,13.2,11.6,71
shaanxi_guanzhong,1990-05-15,17.0,11.4,44.2,0.63,2.1,17.5,90
shaanxi_guanzhong,1990-05-16,13.1,10.3,12.0,1.79,11.46,5.1,88
shaanxi_guanzhong,1990-05-17,20.8,7.4,0.1,4.65,27.98,6.9,72
shaanxi_guanzhong,1990-05-18,26.4,9.8,0.0,5.06,27.33,4.8,71
shaanxi_guanzhong,1990-05-19,25.2,15.4,0.3,5.0,24.64,15.6,62
shaanxi_guanzhong,1990-05-20,20.6,15.2,0.0,2.73,14.5,4.0,61
shaanxi_guanzhong,1990-05-21,20.0,12.0,0.0,2.11,10.83,4.7,72
shaanxi_guanzhong,1990-05-22,17.5,12.5,0.4,2.25,12.41,6.4,70
shaanxi_guanzhong,1990-05-23,23.5,10.9,0.0,4.14,21.74,8.2,63
shaanxi_guanzhong,1990-05-24,25.9,10.8,0.0,5.18,27.22,9.8,60
shaanxi_guanzhong,1990-05-25,28.4,12.2,0.0,5.45,28.67,6.7,63
shaanxi_guanzhong,1990-05-26,27.7,15.3,0.0,4.36,21.65,7.5,67
shaanxi_guanzhong,1990-05-27,29.2,14.4,0.0,5.61,27.46,13.0,66
shaanxi_guanzhong,1990-05-28,20.4,14.5,11.1,1.5,6.72,16.2,79
shaanxi_guanzhong,1990-05-29,23.7,11.4,0.0,4.59,25.21,7.9,72
shaanxi_guanzhong,1990-05-30,23.4,14.8,0.1,4.89,22.51,15.3,50
shaanxi_guanzhong,1990-05-31,24.1,11.8,0.0,5.52,29.58,9.4,50
shaanxi_guanzhong,1990-06-01,26.8,10.1,0.0,5.31,28.41,6.7,55
shaanxi_guanzhong,1990-06-02,27.9,15.2,0.0,4.42,21.63,8.5,58
shaanxi_guanzhong,1990-06-03,30.4,14.2,0.0,5.81,28.31,9.5,58
shaanxi_guanzhong,1990-06-04,31.6,15.8,0.0,5.63,27.49,7.3,58
shaanxi_guanzhong,1990-06-05,31.9,16.1,0.0,5.65,27.76,7.7,59
shaanxi_guanzhong,1990-06-06,24.5,16.6,3.3,2.63,10.41,20.8,70
shaanxi_guanzhong,1990-06-07,23.4,15.8,6.6,3.17,15.8,7.3,72
shaanxi_guanzhong,1990-06-08,29.0,11.2,0.0,6.06,30.44,10.0,56
shaanxi_guanzhong,1990-06-09,32.2,14.7,0.0,5.96,28.15,12.0,54
shaanxi_guanzhong,1990-06-10,28.1,16.9,3.0,2.65,10.4,12.9,72
shaanxi_guanzhong,1990-06-11,30.0,16.8,0.2,4.89,24.61,4.3,66
shaanxi_guanzhong,1990-06-12,31.3,16.6,0.0,5.62,27.92,5.9,61
shaanxi_guanzhong,1990-06-13,31.9,18.1,0.0,5.67,27.63,7.2,62
shaanxi_guanzhong,1990-06-14,24.6,18.8,4.7,3.17,15.92,12.0,72
shaanxi_guanzhong,1990-06-15,28.7,13.4,0.0,5.97,29.76,11.6,63
shaanxi_guanzhong,1990-06-16,28.9,17.2,0.9,3.91,17.49,10.8,62
shaanxi_guanzhong,1990-06-17,24.2,19.8,16.9,1.08,4.41,6.2,81
shaanxi_guanzhong,1990-06-18,21.3,17.2,24.9,1.1,4.67,6.2,89
shaanxi_guanzhong,1990-06-19,19.6,16.0,13.7,1.35,6.54,4.7,88
shaanxi_guanzhong,1990-06-20,28.3,13.8,0.0,5.54,28.97,6.4,70
shaanxi_guanzhong,1990-06-21,31.5,15.6,0.0,5.79,28.63,7.6,67
shaanxi_guanzhong,1990-06-22,31.2,17.9,0.0,5.84,28.07,9.4,65
shaanxi_guanzhong,1990-06-23,28.8,18.1,0.5,3.57,16.71,8.4,70
shaanxi_guanzhong,1990-06-24,23.0,18.4,60.2,0.76,2.82,5.4,89
shaanxi_guanzhong,1990-06-25,24.8,17.6,3.0,3.92,20.51,8.7,80
shaanxi_guanzhong,1990-06-26,29.2,18.2,0.0,5.43,27.93,8.8,75
shaanxi_guanzhong,1990-06-27,29.9,19.7,0.0,5.03,24.28,7.8,73
shaanxi_guanzhong,1990-06-28,30.1,21.1,0.0,4.64,22.54,5.6,73
shaanxi_guanzhong,1990-06-29,27.7,22.0,5.6,2.69,12.66,3.9,82
shaanxi_guanzhong,1990-06-30,22.8,19.2,87.6,1.03,4.26,7.1,92
shaanxi_guanzhong,1990-07-01,24.0,17.4,1.6,3.83,20.35,5.4,78
shaanxi_guanzhong,1990-07-02,26.8,14.5,0.0,5.27,28.14,8.4,74
shaanxi_guanzhong,1990-07-03,29.2,17.3,0.0,4.96,25.6,13.4,74
shaanxi_guanzhong,1990-07-04,28.3,19.5,1.8,3.85,18.94,6.0,79
shaanxi_guanzhong,1990-07-05,24.3,21.7,19.8,1.2,5.38,11.2,89
shaanxi_guanzhong,1990-07-06,23.7,15.7,31.6,0.95,3.77,27.5,91
shaanxi_guanzhong,1990-07-07,30.3,15.1,0.0,5.76,28.48,10.1,66
shaanxi_guanzhong,1990-07-08,31.2,17.9,0.0,5.49,27.05,13.1,74
shaanxi_guanzhong,1990-07-09,31.0,20.0,6.9,4.83,23.43,9.7,79
shaanxi_guanzhong,1990-07-10,31.9,20.3,0.0,5.52,26.74,9.5,79
shaanxi_guanzhong,1990-07-11,30.1,22.4,0.5,4.76,23.46,6.9,80
shaanxi_guanzhong,1990-07-12,29.0,22.1,19.3,3.48,16.73,8.8,83
shaanxi_guanzhong,1990-07-13,31.7,21.1,3.0,5.35,24.94,9.6,72
shaanxi_guanzhong,1990-07-14,32.6,18.9,0.0,5.78,28.36,4.0,66
shaanxi_guanzhong,1990-07-15,34.0,21.0,0.0,5.64,26.66,7.8,69
shaanxi_guanzhong,1990-07-16,32.3,22.3,1.1,4.59,19.85,10.8,71
shaanxi_guanzhong,1990-07-17,31.0,20.0,1.5,4.56,20.48,9.4,63
shaanxi_guanzhong,1990-07-18,32.3,17.3,0.0,5.86,28.38,8.3,59
shaanxi_guanzhong,1990-07-19,32.2,19.9,0.0,4.82,23.0,5.7,64
shaanxi_guanzhong,1990-07-20,29.5,22.8,1.4,3.29,15.2,7.0,76
shaanxi_guanzhong,1990-07-21,28.1,22.0,5.6,3.4,16.39,7.3,79
shaanxi_guanzhong,1990-07-22,24.8,22.0,10.8,1.6,7.51,7.4,90
shaanxi_guanzhong,1990-07-23,30.4,21.1,1.2,4.14,20.15,6.9,83
shaanxi_guanzhong,1990-07-24,31.5,22.8,0.0,4.71,22.24,6.8,76
shaanxi_guanzhong,1990-07-25,31.2,24.0,10.3,4.03,19.03,8.0,78
shaanxi_guanzhong,1990-07-26,25.8,21.6,1.2,2.77,11.2,17.0,75
shaanxi_guanzhong,1990-07-27,29.3,20.5,0.0,4.66,22.78,6.6,66
shaanxi_guanzhong,1990-07-28,29.0,20.7,3.4,4.03,19.22,5.8,71
shaanxi_guanzhong,1990-07-29,28.6,23.4,21.9,3.12,14.68,8.6,78
shaanxi_guanzhong,1990-07-30,29.3,22.4,24.0,3.0,14.18,8.2,81
shaanxi_guanzhong,1990-07-31,28.5,22.2,5.9,3.59,17.23,7.6,79
shaanxi_guanzhong,1990-08-01,26.1,19.6,0.7,3.28,12.08,15.9,67
shaanxi_guanzhong,1990-08-02,30.8,16.2,0.0,5.71,28.34,6.2,60
shaanxi_guanzhong,1990-08-03,32.2,16.7,0.0,5.71,28.04,5.4,58
shaanxi_guanzhong,1990-08-04,32.9,18.1,0.0,5.87,28.2,7.2,55
shaanxi_guanzhong,1990-08-05,33.6,17.7,0.0,5.91,27.65,9.5,54
shaanxi_guanzhong,1990-08-06,33.6,18.9,0.0,5.59,26.54,9.1,54
shaanxi_guanzhong,1990-08-07,32.0,22.2,0.0,5.44,23.6,11.7,57
shaanxi_guanzhong,1990-08-08,23.8,20.6,0.2,3.11,12.14,10.9,58
shaanxi_guanzhong,1990-08-09,31.2,16.8,0.0,5.53,27.11,6.6,62
shaanxi_guanzhong,1990-08-10,33.0,19.9,0.0,5.47,25.82,8.7,64
shaanxi_guanzhong,1990-08-11,30.8,22.5,4.2,3.45,15.57,9.2,72
shaanxi_guanzhong,1990-08-12,30.1,23.0,4.9,3.34,15.87,9.1,76
shaanxi_guanzhong,1990-08-13,22.7,19.2,28.6,0.79,2.82,13.1,91
shaanxi_guanzhong,1990-08-14,21.4,19.1,19.8,1.25,5.86,5.4,89
shaanxi_guanzhong,1990-08-15,22.3,18.9,33.2,0.79,3.39,11.0,96
shaanxi_guanzhong,1990-08-16,20.7,18.5,6.7,1.09,5.03,7.0,91
shaanxi_guanzhong,1990-08-17,19.2,18.3,18.0,0.61,2.2,6.5,93
shaanxi_guanzhong,1990-08-18,26.2,18.8,0.1,3.12,15.81,5.9,76
shaanxi_guanzhong,1990-08-19,28.8,15.7,0.0,5.11,26.24,6.0,75
shaanxi_guanzhong,1990-08-20,29.2,16.8,0.0,4.88,25.05,6.3,80
shaanxi_guanzhong,1990-08-21,30.7,17.3,0.0,5.03,25.15,6.4,78
shaanxi_guanzhong,1990-08-22,31.9,17.6,0.0,5.42,26.52,8.4,66
shaanxi_guanzhong,1990-08-23,30.1,18.4,0.0,4.35,21.15,7.1,72
shaanxi_guanzhong,1990-08-24,28.9,19.6,0.0,3.47,16.78,7.0,79
shaanxi_guanzhong,1990-08-25,28.0,21.8,0.8,3.05,13.83,13.3,77
shaanxi_guanzhong,1990-08-26,25.6,21.7,2.3,2.25,10.88,5.4,82
shaanxi_guanzhong,1990-08-27,29.6,21.8,1.7,3.1,15.12,11.6,84
shaanxi_guanzhong,1990-08-28,24.8,19.1,10.7,2.12,9.43,15.1,79
shaanxi_guanzhong,1990-08-29,27.5,16.4,0.0,3.77,19.18,6.8,73
shaanxi_guanzhong,1990-08-30,28.4,17.2,0.2,4.35,21.77,7.2,73
shaanxi_guanzhong,1990-08-31,29.2,18.5,1.1,4.01,19.86,7.1,78
shaanxi_guanzhong,1990-09-01,27.4,20.4,3.2,2.96,14.43,5.8,76
shaanxi_guanzhong,1990-09-02,23.9,19.6,22.2,0.72,2.62,6.6,87
shaanxi_guanzhong,1990-09-03,24.5,19.2,31.4,1.96,9.87,6.4,88
shaanxi_guanzhong,1990-09-04,23.3,19.5,11.2,1.45,7.29,8.3,87
shaanxi_guanzhong,1990-09-05,25.2,17.7,2.3,2.53,12.91,10.1,82
shaanxi_guanzhong,1990-09-06,27.7,18.1,0.0,3.56,17.01,15.1,76
shaanxi_guanzhong,1990-09-07,24.7,17.6,10.3,2.11,9.0,17.3,81
shaanxi_guanzhong,1990-09-08,20.8,16.9,1.8,1.42,6.71,9.4,83
shaanxi_guanzhong,1990-09-09,21.2,17.5,1.7,1.49,7.61,4.0,86
shaanxi_guanzhong,1990-09-10,19.6,18.3,24.2,0.48,1.44,4.7,90
shaanxi_guanzhong,1990-09-11,25.0,14.7,0.0,3.6,19.69,5.8,82
shaanxi_guanzhong,1990-09-12,23.0,16.9,0.9,1.54,7.33,5.4,83
shaanxi_guanzhong,1990-09-13,24.4,17.0,0.0,3.18,16.91,7.2,76
shaanxi_guanzhong,1990-09-14,26.9,14.8,0.0,4.09,21.99,3.2,71
shaanxi_guanzhong,1990-09-15,26.1,15.3,0.0,3.54,18.94,6.0,77
shaanxi_guanzhong,1990-09-16,27.8,15.8,0.0,3.11,14.53,10.5,71
shaanxi_guanzhong,1990-09-17,23.9,13.3,0.0,3.93,21.69,9.7,58
shaanxi_guanzhong,1990-09-18,26.4,12.5,0.0,4.15,22.53,7.1,62
shaanxi_guanzhong,1990-09-19,27.7,14.1,0.0,4.09,21.88,8.0,72
shaanxi_guanzhong,1990-09-20,27.7,15.4,0.0,3.87,20.37,4.9,74
shaanxi_guanzhong,1990-09-21,28.4,17.3,0.0,3.62,18.42,8.8,74
shaanxi_guanzhong,1990-09-22,21.6,14.9,27.4,0.81,3.44,11.7,86
shaanxi_guanzhong,1990-09-23,23.2,9.5,0.0,3.4,19.29,7.0,75
shaanxi_guanzhong,1990-09-24,23.4,12.6,0.0,3.06,16.99,9.2,75
shaanxi_guanzhong,1990-09-25,24.7,14.7,0.0,3.28,17.86,12.2,72
shaanxi_guanzhong,1990-09-26,18.3,12.7,9.0,0.98,4.05,13.6,81
shaanxi_guanzhong,1990-09-27,22.5,10.1,0.0,3.47,20.12,4.4,67
shaanxi_guanzhong,1990-09-28,22.2,9.8,0.0,2.99,16.94,5.2,72
shaanxi_guanzhong,1990-09-29,23.0,11.5,0.0,2.85,15.98,3.4,73
shaanxi_guanzhong,1990-09-30,22.8,11.7,0.0,2.74,14.98,6.5,74
shaanxi_guanzhong,1990-10-01,20.9,13.2,2.8,2.02,10.36,8.3,71
shaanxi_guanzhong,1990-10-02,19.7,14.5,14.1,1.82,10.3,6.6,83
shaanxi_guanzhong,1990-10-03,21.2,11.8,0.0,2.97,17.79,6.9,79
shaanxi_guanzhong,1990-10-04,22.4,12.7,0.0,3.0,17.35,5.4,76
shaanxi_guanzhong,1990-10-05,23.9,11.0,0.0,3.28,18.54,4.6,75
shaanxi_guanzhong,1990-10-06,21.9,13.9,0.0,1.72,8.57,6.1,78
shaanxi_guanzhong,1990-10-07,22.1,13.9,0.0,2.73,15.63,4.5,71
shaanxi_guanzhong,1990-10-08,19.3,12.7,13.7,1.1,5.33,7.2,85
shaanxi_guanzhong,1990-10-09,15.4,12.8,22.9,0.65,2.8,16.9,92
shaanxi_guanzhong,1990-10-10,13.5,11.6,11.0,0.61,2.84,12.7,92
shaanxi_guanzhong,1990-10-11,15.0,11.9,0.9,1.2,6.75,5.1,83
shaanxi_guanzhong,1990-10-12,19.1,9.2,0.0,2.6,15.85,6.4,74
shaanxi_guanzhong,1990-10-13,22.3,8.1,0.0,3.06,17.94,6.1,71
shaanxi_guanzhong,1990-10-14,20.6,12.3,0.0,2.86,16.26,9.0,60
shaanxi_guanzhong,1990-10-15,18.9,14.0,6.5,1.67,8.74,7.5,69
shaanxi_guanzhong,1990-10-16,15.7,13.7,23.5,0.68,3.25,8.6,91
shaanxi_guanzhong,1990-10-17,14.9,12.2,12.6,0.86,4.36,9.7,87
shaanxi_guanzhong,1990-10-18,16.0,11.7,0.4,1.23,6.66,7.8,82
shaanxi_guanzhong,1990-10-19,16.6,9.6,0.0,1.53,8.86,9.9,80
shaanxi_guanzhong,1990-10-20,15.9,11.7,3.8,0.95,4.86,10.8,86
shaanxi_guanzhong,1990-10-21,14.5,13.2,11.7,0.43,1.55,8.1,94
shaanxi_guanzhong,1990-10-22,14.6,12.5,13.1,0.74,3.77,8.4,91
shaanxi_guanzhong,1990-10-23,16.0,9.1,6.1,1.06,4.92,16.4,84
shaanxi_guanzhong,1990-10-24,12.6,4.7,0.6,2.48,17.28,12.4,57
shaanxi_guanzhong,1990-10-25,13.6,0.4,0.0,2.07,14.89,4.7,63
shaanxi_guanzhong,1990-10-26,15.6,1.7,0.0,2.36,16.53,6.6,68
shaanxi_guanzhong,1990-10-27,17.3,3.7,0.0,2.2,14.72,5.5,72
shaanxi_guanzhong,1990-10-28,19.3,5.3,0.0,2.51,16.1,6.0,74
shaanxi_guanzhong,1990-10-29,20.4,6.2,0.0,2.51,15.96,5.0,75
shaanxi_guanzhong,1990-10-30,20.2,6.8,0.0,2.46,15.62,6.3,76
shaanxi_guanzhong,1990-10-31,20.5,7.1,0.0,2.31,14.5,6.2,75
shaanxi_guanzhong,1990-11-01,18.7,7.5,0.0,1.92,11.74,9.9,80
shaanxi_guanzhong,1990-11-02,12.7,10.4,6.8,0.58,2.97,8.7,88
shaanxi_guanzhong,1990-11-03,16.0,9.6,0.1,1.3,8.16,10.6,86
shaanxi_guanzhong,1990-11-04,18.5,9.4,0.2,1.98,12.61,7.3,79
shaanxi_guanzhong,1990-11-05,18.7,8.6,1.0,1.65,10.28,7.2,84
shaanxi_guanzhong,1990-11-06,18.9,5.4,4.0,2.12,13.47,10.0,79
shaanxi_guanzhong,1990-11-07,13.9,11.4,14.9,0.45,1.84,5.5,92
shaanxi_guanzhong,1990-11-08,12.7,6.4,13.4,1.21,4.07,16.7,71
shaanxi_guanzhong,1990-11-09,13.3,1.9,0.0,2.16,14.96,9.9,51
shaanxi_guanzhong,1990-11-10,15.1,1.4,0.0,2.08,14.4,8.2,62
shaanxi_guanzhong,1990-11-11,15.8,1.1,0.0,1.97,14.04,3.0,73
shaanxi_guanzhong,1990-11-12,17.8,3.1,0.0,2.04,13.75,3.4,74
shaanxi_guanzhong,1990-11-13,19.3,4.0,0.0,2.11,13.89,4.8,72
shaanxi_guanzhong,1990-11-14,20.7,5.1,0.0,1.93,12.13,4.5,71
shaanxi_guanzhong,1990-11-15,19.6,5.5,0.0,2.16,13.4,9.4,73
shaanxi_guanzhong,1990-11-16,17.5,7.6,0.0,1.78,12.37,7.4,78
shaanxi_guanzhong,1990-11-17,14.2,9.8,1.5,0.93,4.76,6.4,77
shaanxi_guanzhong,1990-11-18,12.7,10.1,5.4,0.58,3.08,5.4,91
shaanxi_guanzhong,1990-11-19,14.8,9.3,3.9,1.15,5.06,12.5,77
shaanxi_guanzhong,1990-11-20,9.6,3.3,0.4,1.68,11.39,7.9,50
shaanxi_guanzhong,1990-11-21,7.4,0.9,0.0,1.16,7.26,6.7,52
shaanxi_guanzhong,1990-11-22,7.5,2.8,0.1,0.72,4.24,4.2,63
shaanxi_guanzhong,1990-11-23,7.6,2.2,0.0,0.85,6.46,5.9,79
shaanxi_guanzhong,1990-11-24,13.6,3.3,0.0,1.58,11.71,5.4,75
shaanxi_guanzhong,1990-11-25,12.1,1.1,0.0,1.26,8.59,6.2,71
shaanxi_guanzhong,1990-11-26,14.3,0.2,0.0,1.68,12.2,6.2,69
shaanxi_guanzhong,1990-11-27,14.4,0.9,0.0,1.67,12.12,6.5,74
shaanxi_guanzhong,1990-11-28,14.7,2.4,0.0,1.52,10.89,10.6,78
shaanxi_guanzhong,1990-11-29,9.7,-1.3,17.3,0.69,2.36,24.8,74
shaanxi_guanzhong,1990-11-30,0.2,-7.5,0.0,1.36,12.86,12.4,39
shaanxi_guanzhong,1990-12-01,2.5,-7.6,0.0,1.18,12.54,4.7,44
shaanxi_guanzhong,1990-12-02,2.1,-7.1,0.0,0.78,6.67,5.5,56
shaanxi_guanzhong,1990-12-03,6.2,-4.9,0.0,1.19,10.96,3.4,66
shaanxi_guanzhong,1990-12-04,11.7,-5.0,0.0,1.51,12.27,5.2,68
shaanxi_guanzhong,1990-12-05,13.4,-2.5,0.0,1.58,12.24,6.9,68
shaanxi_guanzhong,1990-12-06,12.9,-2.2,0.0,1.54,11.85,8.1,68
shaanxi_guanzhong,1990-12-07,11.5,-3.1,0.0,1.41,11.13,5.2,64
shaanxi_guanzhong,1990-12-08,13.1,-0.8,0.0,1.52,11.79,5.1,68
shaanxi_guanzhong,1990-12-09,14.8,-0.1,0.0,1.53,11.53,3.7,75
shaanxi_guanzhong,1990-12-10,9.8,-0.8,0.0,1.53,11.36,10.5,65
shaanxi_guanzhong,1990-12-11,1.3,-1.9,0.8,0.85,4.52,10.7,62
shaanxi_guanzhong,1990-12-12,4.5,-2.9,0.0,0.95,9.22,6.1,78
shaanxi_guanzhong,1990-12-13,9.1,-3.0,0.0,1.29,11.16,6.0,72
shaanxi_guanzhong,1990-12-14,4.1,-2.8,0.0,0.92,7.11,9.7,66
shaanxi_guanzhong,1990-12-15,4.0,-2.0,0.0,0.93,7.34,5.4,58
shaanxi_guanzhong,1990-12-16,3.5,-1.7,0.9,0.59,4.89,6.0,82
shaanxi_guanzhong,1990-12-17,5.1,-4.3,0.0,1.16,11.26,9.6,70
shaanxi_guanzhong,1990-12-18,6.0,-2.4,0.0,1.21,9.77,9.7,60
shaanxi_guanzhong,1990-12-19,10.6,-1.8,0.0,1.41,11.33,5.8,63
shaanxi_guanzhong,1990-12-20,12.0,-3.2,0.0,1.44,11.42,4.3,61
shaanxi_guanzhong,1990-12-21,8.6,-4.4,0.0,1.66,11.69,15.6,50
shaanxi_guanzhong,1990-12-22,7.5,-4.9,0.0,1.38,11.72,7.7,51
shaanxi_guanzhong,1990-12-23,7.5,-2.8,0.0,1.31,11.02,7.9,58
shaanxi_guanzhong,1990-12-24,6.8,-2.4,0.0,1.05,9.01,5.1,69
shaanxi_guanzhong,1990-12-25,4.2,-4.4,0.0,1.35,11.21,8.8,51
shaanxi_guanzhong,1990-12-26,3.0,-5.0,0.0,1.31,8.16,11.2,39
shaanxi_guanzhong,1990-12-27,6.5,-3.8,0.0,1.36,11.43,10.1,58
shaanxi_guanzhong,1990-12-28,5.5,-4.6,0.0,1.19,10.72,9.9,66
shaanxi_guanzhong,1990-12-29,3.7,-3.3,0.0,1.0,8.53,12.8,66
shaanxi_guanzhong,1990-12-30,3.1,-3.6,0.0,0.72,6.61,7.9,75
shaanxi_guanzhong,1990-12-31,3.4,-3.7,0.0,1.19,7.65,9.3,47
shaanxi_guanzhong,1991-01-01,3.6,-4.8,0.0,0.92,8.16,6.8,49
shaanxi_guanzhong,1991-01-02,2.2,-3.9,0.0,0.65,5.5,5.1,54
shaanxi_guanzhong,1991-01-03,3.8,-5.2,0.0,1.04,9.21,7.6,57
shaanxi_guanzhong,1991-01-04,5.0,-3.8,0.0,0.97,8.32,6.1,56
shaanxi_guanzhong,1991-01-05,8.3,-4.0,0.0,1.39,12.1,8.0,67
shaanxi_guanzhong,1991-01-06,8.4,-4.6,0.0,1.35,11.83,7.4,68
shaanxi_guanzhong,1991-01-07,5.1,-3.7,0.0,1.36,11.94,9.7,53
shaanxi_guanzhong,1991-01-08,5.7,-4.5,0.0,1.34,11.96,12.1,55
shaanxi_guanzhong,1991-01-09,5.2,-2.3,0.0,0.98,8.75,5.8,70
shaanxi_guanzhong,1991-01-10,6.6,-5.5,0.0,1.5,12.67,10.5,53
shaanxi_guanzhong,1991-01-11,7.5,-5.6,0.0,1.42,12.53,6.2,52
shaanxi_guanzhong,1991-01-12,4.4,-5.4,0.0,1.23,10.79,9.8,51
shaanxi_guanzhong,1991-01-13,4.1,-4.5,1.1,0.96,8.16,6.3,53
shaanxi_guanzhong,1991-01-14,8.3,-4.9,0.0,1.6,13.38,7.6,51
shaanxi_guanzhong,1991-01-15,10.4,-3.7,0.0,1.51,12.31,4.9,53
shaanxi_guanzhong,1991-01-16,10.8,-3.8,0.0,1.7,13.41,7.2,56
shaanxi_guanzhong,1991-01-17,10.3,-2.4,0.0,1.63,12.99,11.4,58
shaanxi_guanzhong,1991-01-18,7.2,-0.7,0.0,1.16,9.53,9.5,68
shaanxi_guanzhong,1991-01-19,7.3,-0.4,0.0,1.09,9.15,8.2,71
shaanxi_guanzhong,1991-01-20,4.6,1.0,4.5,0.57,4.33,5.0,86
shaanxi_guanzhong,1991-01-21,7.3,0.7,0.0,0.97,7.71,5.2,81
shaanxi_guanzhong,1991-01-22,6.8,0.6,6.3,0.74,5.53,12.2,85
shaanxi_guanzhong,1991-01-23,3.4,-2.2,6.4,0.61,5.17,8.6,90
shaanxi_guanzhong,1991-01-24,5.6,-5.0,0.0,1.25,11.12,4.2,68
shaanxi_guanzhong,1991-01-25,7.0,-5.4,0.0,1.5,13.39,8.1,66
shaanxi_guanzhong,1991-01-26,7.9,-1.2,0.0,1.43,11.61,10.0,63
shaanxi_guanzhong,1991-01-27,5.8,-1.4,0.0,0.92,7.78,8.5,81
shaanxi_guanzhong,1991-01-28,4.5,-0.4,1.5,0.74,5.96,11.6,85
shaanxi_guanzhong,1991-01-29,5.5,-0.6,0.0,1.07,7.88,14.8,73
shaanxi_guanzhong,1991-01-30,2.4,-0.9,4.9,0.62,5.36,7.7,84
shaanxi_guanzhong,1991-01-31,4.7,-1.4,0.9,1.15,10.6,4.6,79
shaanxi_guanzhong,1991-02-01,6.1,-3.4,0.0,1.3,11.9,6.1,73
shaanxi_guanzhong,1991-02-02,3.7,-1.6,2.3,0.69,5.83,3.8,85
shaanxi_guanzhong,1991-02-03,7.2,-4.4,0.0,1.64,14.81,3.7,68
shaanxi_guanzhong,1991-02-04,7.9,-2.7,0.0,1.6,13.95,7.0,60
shaanxi_guanzhong,1991-02-05,8.2,-3.7,0.0,1.42,11.52,6.9,72
shaanxi_guanzhong,1991-02-06,11.9,-3.3,0.0,1.95,15.6,5.2,73
shaanxi_guanzhong,1991-02-07,11.5,-1.6,0.0,1.71,12.57,9.7,73
shaanxi_guanzhong,1991-02-08,7.7,2.5,0.3,0.85,5.88,5.9,73
shaanxi_guanzhong,1991-02-09,11.0,-3.2,0.0,1.98,15.68,5.1,65
shaanxi_guanzhong,1991-02-10,9.5,-0.9,0.0,1.58,11.89,6.2,60
shaanxi_guanzhong,1991-02-11,5.4,-0.5,0.0,1.15,6.91,9.5,57
shaanxi_guanzhong,1991-02-12,4.8,0.3,1.9,0.88,6.46,10.8,76
shaanxi_guanzhong,1991-02-13,3.2,-0.2,4.4,0.69,6.02,10.0,88
shaanxi_guanzhong,1991-02-14,9.8,-3.2,0.6,1.78,14.07,9.4,69
shaanxi_guanzhong,1991-02-15,9.1,-4.8,0.2,1.61,12.3,8.6,63
shaanxi_guanzhong,1991-02-16,8.5,-0.4,0.0,1.44,11.42,6.6,73
shaanxi_guanzhong,1991-02-17,6.1,0.2,4.2,0.8,6.1,6.2,85
shaanxi_guanzhong,1991-02-18,5.5,1.6,4.1,1.15,9.17,7.4,78
shaanxi_guanzhong,1991-02-19,2.2,-3.8,1.6,0.97,8.01,9.7,67
shaanxi_guanzhong,1991-02-20,8.0,-5.8,0.0,2.16,18.32,13.0,52
shaanxi_guanzhong,1991-02-21,8.6,-4.8,0.0,2.16,14.82,12.9,41
shaanxi_guanzhong,1991-02-22,11.4,-4.4,0.0,2.62,18.81,10.4,39
shaanxi_guanzhong,1991-02-23,11.4,-3.7,0.0,2.42,18.4,7.4,47
shaanxi_guanzhong,1991-02-24,11.7,-2.7,0.0,2.43,17.77,10.4,59
shaanxi_guanzhong,1991-02-25,11.8,-0.5,0.0,2.1,15.99,13.4,68
shaanxi_guanzhong,1991-02-26,12.4,2.9,0.5,1.78,13.19,9.0,74
shaanxi_guanzhong,1991-02-27,12.3,3.0,0.1,1.59,9.9,6.3,65
shaanxi_guanzhong,1991-02-28,6.1,0.6,3.4,0.67,4.82,7.9,80
shaanxi_guanzhong,1991-03-01,9.8,-4.6,0.0,1.76,13.91,3.7,71
shaanxi_guanzhong,1991-03-02,14.0,-1.4,0.0,2.62,18.12,9.4,59
shaanxi_guanzhong,1991-03-03,15.3,2.7,0.0,2.61,18.06,9.0,58
shaanxi_guanzhong,1991-03-04,15.6,1.8,0.0,2.55,18.32,8.3,70
shaanxi_guanzhong,1991-03-05,17.8,1.6,0.0,2.92,18.36,9.4,65
shaanxi_guanzhong,1991-03-06,13.2,6.7,8.1,1.05,6.31,13.8,83
shaanxi_guanzhong,1991-03-07,8.0,1.6,15.6,0.61,4.55,13.2,92
shaanxi_guanzhong,1991-03-08,10.0,0.4,0.3,1.88,14.53,10.1,78
shaanxi_guanzhong,1991-03-09,10.9,-0.7,0.0,1.84,14.38,12.9,74
shaanxi_guanzhong,1991-03-10,8.1,2.2,1.5,1.06,7.65,6.7,83
shaanxi_guanzhong,1991-03-11,11.7,1.6,1.6,1.97,14.58,10.0,80
shaanxi_guanzhong,1991-03-12,11.7,5.4,0.1,1.51,10.52,9.0,79
shaanxi_guanzhong,1991-03-13,13.0,4.0,0.0,1.92,13.12,12.5,76
shaanxi_guanzhong,1991-03-14,5.7,2.8,5.2,0.8,6.09,13.0,88
shaanxi_guanzhong,1991-03-15,14.1,2.2,1.2,2.85,20.33,8.8,71
shaanxi_guanzhong,1991-03-16,13.4,1.5,0.0,2.33,16.1,6.9,63
shaanxi_guanzhong,1991-03-17,17.6,1.5,0.0,3.27,21.96,7.4,71
shaanxi_guanzhong,1991-03-18,20.0,3.9,0.0,3.36,20.91,4.5,72
shaanxi_guanzhong,1991-03-19,22.4,6.1,0.0,3.5,21.18,6.9,75
shaanxi_guanzhong,1991-03-20,13.3,6.0,2.0,1.1,3.66,8.6,72
shaanxi_guanzhong,1991-03-21,8.7,3.2,1.4,1.31,8.87,10.1,76
shaanxi_guanzhong,1991-03-22,15.4,1.1,0.0,2.99,21.9,14.3,68
shaanxi_guanzhong,1991-03-23,14.7,7.4,3.5,1.75,10.98,6.6,72
shaanxi_guanzhong,1991-03-24,10.9,7.9,4.3,0.74,4.08,7.8,91
shaanxi_guanzhong,1991-03-25,10.4,6.9,7.6,0.65,3.97,17.4,92
shaanxi_guanzhong,1991-03-26,16.2,5.2,10.8,2.62,15.83,16.6,69
shaanxi_guanzhong,1991-03-27,11.9,4.8,0.0,1.64,10.35,8.7,70
shaanxi_guanzhong,1991-03-28,13.2,3.3,0.1,2.1,14.36,7.5,73
shaanxi_guanzhong,1991-03-29,11.0,5.8,1.7,1.41,9.39,7.0,81
shaanxi_guanzhong,1991-03-30,6.7,3.0,7.8,1.2,8.84,8.5,82
shaanxi_guanzhong,1991-03-31,9.4,2.0,0.0,2.08,15.03,7.7,60
shaanxi_guanzhong,1991-04-01,12.1,-0.4,0.0,2.83,21.17,10.3,59
shaanxi_guanzhong,1991-04-02,15.4,2.7,0.0,2.78,19.02,7.4,62
shaanxi_guanzhong,1991-04-03,15.1,4.4,0.0,2.31,15.18,4.6,75
shaanxi_guanzhong,1991-04-04,19.1,3.6,0.0,3.63,22.9,5.8,75
shaanxi_guanzhong,1991-04-05,20.3,8.6,0.2,2.9,16.62,5.1,74
shaanxi_guanzhong,1991-04-06,23.5,7.3,0.0,4.25,24.39,10.4,69
shaanxi_guanzhong,1991-04-07,19.1,8.3,0.0,2.49,14.42,4.7,75
shaanxi_guanzhong,1991-04-08,20.1,9.7,0.0,2.34,13.33,8.1,80
shaanxi_guanzhong,1991-04-09,18.5,13.4,0.5,1.56,8.23,6.9,81
shaanxi_guanzhong,1991-04-10,21.8,10.9,0.4,2.88,15.48,14.2,76
shaanxi_guanzhong,1991-04-11,15.1,9.4,12.7,1.28,5.41,16.9,81
shaanxi_guanzhong,1991-04-12,15.1,6.6,4.2,2.8,18.1,16.2,69
shaanxi_guanzhong,1991-04-13,16.9,7.5,0.0,3.35,21.91,9.0,64
shaanxi_guanzhong,1991-04-14,18.6,6.2,0.0,3.23,20.3,9.1,72
shaanxi_guanzhong,1991-04-15,19.0,11.0,0.0,2.93,15.99,14.8,72
shaanxi_guanzhong,1991-04-16,16.8,11.8,3.9,1.72,9.1,14.5,82
shaanxi_guanzhong,1991-04-17,18.9,10.1,2.9,2.9,14.55,18.2,65
shaanxi_guanzhong,1991-04-18,13.5,7.9,7.0,1.45,8.33,6.2,77
shaanxi_guanzhong,1991-04-19,15.4,8.0,2.0,2.87,18.49,5.8,75
shaanxi_guanzhong,1991-04-20,17.0,6.0,0.0,3.29,20.15,7.5,69
shaanxi_guanzhong,1991-04-21,17.7,6.5,0.4,2.96,17.6,8.3,68
shaanxi_guanzhong,1991-04-22,20.2,6.5,0.9,3.8,22.82,6.2,68
shaanxi_guanzhong,1991-04-23,24.0,7.5,0.0,4.59,25.61,10.5,65
shaanxi_guanzhong,1991-04-24,25.5,9.3,0.0,4.65,25.96,5.5,70
shaanxi_guanzhong,1991-04-25,17.5,11.1,0.9,2.69,15.25,7.4,60
shaanxi_guanzhong,1991-04-26,21.0,8.0,0.0,3.66,21.73,8.7,60
shaanxi_guanzhong,1991-04-27,24.6,10.1,3.3,4.47,25.32,7.2,72
shaanxi_guanzhong,1991-04-28,17.2,7.8,3.4,2.99,15.56,17.2,65
shaanxi_guanzhong,1991-04-29,19.9,5.0,0.0,4.26,25.84,5.2,58
shaanxi_guanzhong,1991-04-30,17.5,8.6,0.0,2.8,12.54,14.3,55
shaanxi_guanzhong,1991-05-01,15.5,5.3,0.0,4.09,25.92,10.0,41
shaanxi_guanzhong,1991-05-02,18.6,4.0,0.7,3.45,20.26,13.7,54
shaanxi_guanzhong,1991-05-03,16.9,9.0,3.3,1.97,11.25,8.9,76
shaanxi_guanzhong,1991-05-04,12.5,9.5,5.2,1.19,5.95,11.4,81
shaanxi_guanzhong,1991-05-05,15.7,8.9,5.0,2.07,12.29,12.8,81
shaanxi_guanzhong,1991-05-06,9.8,6.8,5.9,0.88,4.92,18.0,84
shaanxi_guanzhong,1991-05-07,16.3,3.4,0.0,2.82,16.23,10.5,64
shaanxi_guanzhong,1991-05-08,21.6,5.5,0.0,4.49,25.96,8.0,56
shaanxi_guanzhong,1991-05-09,23.5,8.4,0.0,4.75,27.11,5.6,64
shaanxi_guanzhong,1991-05-10,21.2,9.7,0.0,2.67,14.3,6.2,71
shaanxi_guanzhong,1991-05-11,23.8,8.4,0.0,4.77,27.2,7.9,67
shaanxi_guanzhong,1991-05-12,24.7,9.4,0.0,4.4,24.05,5.3,65
shaanxi_guanzhong,1991-05-13,27.6,11.6,0.0,4.56,24.08,7.9,67
shaanxi_guanzhong,1991-05-14,25.3,11.4,0.0,5.16,26.24,12.9,54
shaanxi_guanzhong,1991-05-15,24.1,8.0,0.0,5.14,28.64,6.2,47
shaanxi_guanzhong,1991-05-16,26.3,8.1,0.0,5.05,27.7,4.8,49
shaanxi_guanzhong,1991-05-17,26.0,13.3,0.0,3.3,15.64,7.6,57
shaanxi_guanzhong,1991-05-18,27.4,13.9,0.3,4.47,22.84,7.0,67
shaanxi_guanzhong,1991-05-19,29.0,11.9,0.0,5.88,28.84,9.4,59
shaanxi_guanzhong,1991-05-20,27.6,15.5,3.6,4.32,20.4,10.6,63
shaanxi_guanzhong,1991-05-21,27.9,18.2,1.7,4.38,22.64,3.8,72
shaanxi_guanzhong,1991-05-22,30.8,17.9,0.0,5.53,25.64,12.8,65
shaanxi_guanzhong,1991-05-23,28.7,19.6,4.7,3.72,17.01,10.8,71
shaanxi_guanzhong,1991-05-24,22.9,14.3,28.8,1.17,3.86,18.8,82
shaanxi_guanzhong,1991-05-25,25.6,12.5,0.0,5.26,28.61,7.9,67
shaanxi_guanzhong,1991-05-26,25.1,12.3,0.0,4.45,23.48,14.5,72
shaanxi_guanzhong,1991-05-27,22.6,16.0,0.2,3.21,15.13,11.6,69
shaanxi_guanzhong,1991-05-28,17.7,15.4,23.9,0.69,2.51,10.2,90
shaanxi_guanzhong,1991-05-29,16.9,15.1,9.2,0.81,3.61,6.9,94
shaanxi_guanzhong,1991-05-30,19.4,15.1,3.0,1.61,8.13,9.5,88
shaanxi_guanzhong,1991-05-31,20.1,16.1,4.8,1.65,8.64,11.5,89
shaanxi_guanzhong,1991-06-01,18.7,16.5,7.7,1.03,4.88,5.7,94
shaanxi_guanzhong,1991-06-02,21.8,15.1,3.1,2.54,11.65,12.4,75
shaanxi_guanzhong,1991-06-03,26.5,14.5,0.0,3.89,19.74,6.0,61
shaanxi_guanzhong,1991-06-04,24.7,14.5,0.0,3.97,20.61,6.8,66
shaanxi_guanzhong,1991-06-05,27.9,11.7,0.0,5.58,29.48,4.7,63
shaanxi_guanzhong,1991-06-06,30.4,15.1,0.0,5.69,28.07,9.0,64
shaanxi_guanzhong,1991-06-07,29.1,18.1,0.0,4.65,23.32,6.2,70
shaanxi_guanzhong,1991-06-08,30.4,18.2,8.2,5.51,27.22,11.8,71
shaanxi_guanzhong,1991-06-09,28.8,19.5,1.8,4.22,20.89,8.8,78
shaanxi_guanzhong,1991-06-10,27.7,18.1,11.8,3.35,16.48,10.7,77
shaanxi_guanzhong,1991-06-11,29.9,15.4,0.0,6.01,28.18,14.7,64
shaanxi_guanzhong,1991-06-12,24.3,17.0,52.9,0.85,1.81,10.0,80
shaanxi_guanzhong,1991-06-13,18.0,16.5,17.9,0.99,4.42,7.1,92
shaanxi_guanzhong,1991-06-14,22.6,17.1,4.3,2.31,11.79,6.1,83
shaanxi_guanzhong,1991-06-15,28.0,14.0,0.0,4.85,24.97,5.7,77
shaanxi_guanzhong,1991-06-16,30.1,17.9,0.0,5.61,27.63,8.1,65
shaanxi_guanzhong,1991-06-17,25.1,19.7,4.9,2.73,13.04,7.6,71
shaanxi_guanzhong,1991-06-18,25.2,19.5,7.3,3.11,15.96,6.8,81
shaanxi_guanzhong,1991-06-19,27.5,14.4,0.0,5.21,27.3,3.1,71
shaanxi_guanzhong,1991-06-20,26.3,15.3,0.0,3.04,15.17,3.3,77
shaanxi_guanzhong,1991-06-21,28.3,19.9,0.0,5.09,26.03,7.1,73
shaanxi_guanzhong,1991-06-22,29.8,16.4,0.8,5.57,27.85,8.0,69
shaanxi_guanzhong,1991-06-23,30.5,15.3,0.0,5.81,29.47,6.5,66
shaanxi_guanzhong,1991-06-24,26.3,17.3,0.0,4.54,23.89,9.7,71
shaanxi_guanzhong,1991-06-25,29.0,14.6,0.0,5.86,30.1,8.1,68
shaanxi_guanzhong,1991-06-26,30.2,18.3,0.0,5.34,26.9,9.4,69
shaanxi_guanzhong,1991-06-27,30.8,21.3,0.0,4.71,22.68,7.3,70
shaanxi_guanzhong,1991-06-28,31.5,21.1,0.0,5.8,26.83,13.5,64
shaanxi_guanzhong,1991-06-29,29.4,19.5,0.0,2.53,10.13,6.6,65
shaanxi_guanzhong,1991-06-30,30.5,16.4,0.0,5.9,28.83,7.8,61
shaanxi_guanzhong,1991-07-01,31.5,15.1,0.0,5.91,29.95,4.9,53
shaanxi_guanzhong,1991-07-02,32.8,18.7,0.0,5.29,24.44,10.1,58
shaanxi_guanzhong,1991-07-03,32.4,18.8,0.0,5.42,25.51,9.0,62
shaanxi_guanzhong,1991-07-04,32.4,22.1,0.0,5.37,26.07,4.1,57
shaanxi_guanzhong,1991-07-05,31.2,21.4,2.1,4.25,18.77,15.5,68
shaanxi_guanzhong,1991-07-06,28.5,19.1,0.0,4.62,22.76,9.8,64
shaanxi_guanzhong,1991-07-07,27.6,19.6,0.0,2.88,13.83,4.7,68
shaanxi_guanzhong,1991-07-08,31.0,17.1,0.0,4.41,21.56,4.8,67
shaanxi_guanzhong,1991-07-09,32.8,17.3,0.0,5.83,28.58,7.6,59
shaanxi_guanzhong,1991-07-10,33.5,19.5,0.0,4.79,21.51,9.2,59
shaanxi_guanzhong,1991-07-11,34.1,19.6,0.0,5.91,26.9,10.0,58
shaanxi_guanzhong,1991-07-12,33.0,20.7,0.0,5.55,26.36,6.6,60
shaanxi_guanzhong,1991-07-13,33.1,22.5,0.0,5.09,23.71,6.9,61
shaanxi_guanzhong,1991-07-14,30.8,22.3,4.5,3.69,16.94,10.0,71
shaanxi_guanzhong,1991-07-15,30.2,21.6,7.4,4.26,19.72,7.9,71
shaanxi_guanzhong,1991-07-16,30.2,22.7,0.4,3.95,18.2,9.4,70
shaanxi_guanzhong,1991-07-17,30.7,21.7,4.1,3.54,16.16,5.9,71
shaanxi_guanzhong,1991-07-18,33.3,23.5,0.0,4.84,21.57,7.1,65
shaanxi_guanzhong,1991-07-19,33.9,23.4,0.2,4.78,21.05,6.6,65
shaanxi_guanzhong,1991-07-20,35.0,25.7,0.0,5.65,24.49,9.4,65
shaanxi_guanzhong,1991-07-21,32.0,24.5,1.0,4.5,16.52,18.3,61
shaanxi_guanzhong,1991-07-22,33.1,20.3,0.0,6.07,28.31,6.6,53
shaanxi_guanzhong,1991-07-23,33.4,22.1,1.3,4.71,20.82,7.9,61
shaanxi_guanzhong,1991-07-24,34.4,25.0,0.3,4.73,21.17,9.7,68
shaanxi_guanzhong,1991-07-25,31.8,23.9,3.7,3.59,14.59,11.3,74
shaanxi_guanzhong,1991-07-26,32.3,26.1,0.3,3.96,17.07,8.9,68
shaanxi_guanzhong,1991-07-27,33.0,24.7,1.9,3.89,17.13,10.4,73
shaanxi_guanzhong,1991-07-28,27.7,22.2,20.6,1.91,5.62,15.9,73
shaanxi_guanzhong,1991-07-29,33.5,21.1,0.0,5.63,25.64,8.4,52
shaanxi_guanzhong,1991-07-30,31.3,19.5,0.0,5.1,23.69,7.4,51
shaanxi_guanzhong,1991-07-31,30.6,18.3,0.0,5.65,26.05,10.5,49
shaanxi_guanzhong,1991-08-01,30.6,20.2,0.0,5.54,25.2,11.3,52
shaanxi_guanzhong,1991-08-02,29.9,20.0,0.0,4.74,22.2,8.3,62
shaanxi_guanzhong,1991-08-03,31.2,20.3,0.0,5.47,25.62,8.7,61
shaanxi_guanzhong,1991-08-04,30.2,22.2,0.0,3.78,15.81,10.9,64
shaanxi_guanzhong,1991-08-05,25.6,21.3,81.4,1.06,4.17,7.6,89
shaanxi_guanzhong,1991-08-06,23.5,20.4,22.1,1.48,6.99,5.0,89
shaanxi_guanzhong,1991-08-07,26.3,19.1,0.0,4.36,23.01,5.4,78
shaanxi_guanzhong,1991-08-08,28.2,18.7,0.0,4.54,23.45,9.2,79
shaanxi_guanzhong,1991-08-09,29.4,19.7,0.5,4.23,21.16,7.1,80
shaanxi_guanzhong,1991-08-10,29.3,19.6,0.3,4.89,24.65,10.0,77
shaanxi_guanzhong,1991-08-11,29.0,21.3,0.0,4.81,24.52,8.2,74
shaanxi_guanzhong,1991-08-12,28.9,21.3,0.0,4.66,23.26,7.2,71
shaanxi_guanzhong,1991-08-13,28.2,21.1,0.0,4.29,21.38,7.5,74
shaanxi_guanzhong,1991-08-14,27.4,20.0,3.6,3.55,17.77,4.8,74
shaanxi_guanzhong,1991-08-15,28.9,18.3,0.0,4.06,19.74,5.2,67
shaanxi_guanzhong,1991-08-16,28.7,20.9,0.1,3.7,18.08,6.6,71
shaanxi_guanzhong,1991-08-17,29.1,21.6,0.0,4.06,19.76,9.5,74
shaanxi_guanzhong,1991-08-18,28.2,21.1,0.0,3.25,15.85,5.1,76
shaanxi_guanzhong,1991-08-19,25.2,21.4,14.8,1.62,7.54,5.9,86
shaanxi_guanzhong,1991-08-20,27.1,21.5,19.6,3.27,16.66,9.4,84
shaanxi_guanzhong,1991-08-21,28.8,20.5,0.0,4.03,19.46,8.3,74
shaanxi_guanzhong,1991-08-22,29.5,22.3,0.0,4.17,19.99,9.4,69
shaanxi_guanzhong,1991-08-23,30.8,16.8,0.0,4.96,25.07,5.0,66
shaanxi_guanzhong,1991-08-24,33.0,18.8,0.0,5.41,24.37,9.5,53
shaanxi_guanzhong,1991-08-25,26.7,20.4,7.6,1.79,7.4,8.2,71
shaanxi_guanzhong,1991-08-26,24.9,19.6,3.5,2.68,13.83,6.6,83
shaanxi_guanzhong,1991-08-27,23.4,20.2,17.5,1.9,9.47,14.2,87
shaanxi_guanzhong,1991-08-28,19.9,16.0,2.5,1.62,5.03,15.5,73
shaanxi_guanzhong,1991-08-29,26.2,14.9,0.0,4.53,24.19,7.0,63
shaanxi_guanzhong,1991-08-30,29.7,13.8,0.0,5.03,25.52,9.0,66
shaanxi_guanzhong,1991-08-31,29.6,17.7,0.0,4.79,24.51,5.2,67
shaanxi_guanzhong,1991-09-01,24.2,18.9,29.9,1.65,7.86,11.2,84
shaanxi_guanzhong,1991-09-02,27.4,15.0,0.0,4.16,21.88,5.8,72
shaanxi_guanzhong,1991-09-03,25.6,18.8,0.0,2.49,11.41,9.3,71
shaanxi_guanzhong,1991-09-04,26.1,13.7,0.0,4.5,24.25,9.8,72
shaanxi_guanzhong,1991-09-05,27.8,15.7,0.0,4.05,20.66,6.1,74
shaanxi_guanzhong,1991-09-06,29.1,16.4,0.0,4.39,22.13,10.3,73
shaanxi_guanzhong,1991-09-07,27.4,18.5,1.4,3.38,16.85,8.2,75
shaanxi_guanzhong,1991-09-08,27.6,18.6,0.0,3.57,18.0,6.8,78
shaanxi_guanzhong,1991-09-09,23.6,18.2,0.0,2.19,9.57,9.5,65
shaanxi_guanzhong,1991-09-10,20.0,17.6,12.3,0.91,3.64,8.6,87
shaanxi_guanzhong,1991-09-11,23.8,14.6,0.0,2.49,12.99,3.7,80
shaanxi_guanzhong,1991-09-12,26.5,12.8,0.0,4.11,22.23,4.9,70
shaanxi_guanzhong,1991-09-13,26.8,13.8,0.0,4.23,22.08,7.4,68
shaanxi_guanzhong,1991-09-14,25.3,16.0,9.6,2.86,14.76,9.0,79
shaanxi_guanzhong,1991-09-15,23.0,18.2,22.9,1.66,8.32,5.8,86
shaanxi_guanzhong,1991-09-16,20.2,17.7,33.6,0.94,4.34,10.0,92
shaanxi_guanzhong,1991-09-17,23.3,16.9,0.1,2.55,13.88,7.5,85
shaanxi_guanzhong,1991-09-18,21.6,11.2,2.9,2.39,11.96,10.1,71
shaanxi_guanzhong,1991-09-19,23.1,9.7,0.0,3.91,21.4,8.8,54
shaanxi_guanzhong,1991-09-20,21.2,8.3,0.0,3.79,22.47,6.3,57
shaanxi_guanzhong,1991-09-21,16.7,12.2,0.8,1.04,4.3,7.4,73
shaanxi_guanzhong,1991-09-22,17.7,14.1,2.4,0.96,4.53,4.5,81
shaanxi_guanzhong,1991-09-23,20.1,11.9,0.0,2.45,14.15,4.7,78
shaanxi_guanzhong,1991-09-24,21.8,13.6,0.0,2.66,14.85,6.6,74
shaanxi_guanzhong,1991-09-25,22.4,13.8,0.0,2.7,14.89,6.8,74
shaanxi_guanzhong,1991-09-26,24.6,11.2,0.0,3.58,19.97,4.3,73
shaanxi_guanzhong,1991-09-27,25.7,11.4,0.0,3.77,20.09,9.3,70
shaanxi_guanzhong,1991-09-28,24.1,15.5,0.0,2.1,10.7,5.4,76
shaanxi_guanzhong,1991-09-29,25.1,13.8,0.0,3.52,19.22,8.0,71
shaanxi_guanzhong,1991-09-30,26.2,13.3,0.0,3.37,17.28,13.2,68
shaanxi_guanzhong,1991-10-01,20.2,16.1,7.7,0.59,2.16,6.6,86
shaanxi_guanzhong,1991-10-02,16.1,13.0,16.9,0.5,1.53,11.3,92
shaanxi_guanzhong,1991-10-03,19.5,10.7,3.7,2.96,17.72,11.5,69
shaanxi_guanzhong,1991-10-04,15.6,10.9,0.4,1.38,7.75,3.6,67
shaanxi_guanzhong,1991-10-05,19.5,6.2,0.0,2.86,17.37,4.6,67
shaanxi_guanzhong,1991-10-06,20.4,6.1,0.0,3.09,18.43,8.2,65
shaanxi_guanzhong,1991-10-07,19.3,9.1,0.1,2.08,11.73,6.3,67
shaanxi_guanzhong,1991-10-08,19.7,7.6,1.0,2.6,15.23,8.1,73
shaanxi_guanzhong,1991-10-09,18.8,12.9,0.6,1.48,7.53,9.0,79
shaanxi_guanzhong,1991-10-10,16.4,13.3,1.3,0.95,4.58,7.9,84
shaanxi_guanzhong,1991-10-11,19.8,12.6,7.2,1.75,9.81,5.6,80
shaanxi_guanzhong,1991-10-12,20.4,10.9,0.0,2.03,11.11,7.9,79
shaanxi_guanzhong,1991-10-13,18.9,15.5,0.0,1.4,6.53,7.2,72
shaanxi_guanzhong,1991-10-14,19.5,12.5,0.4,1.72,7.7,12.8,74
shaanxi_guanzhong,1991-10-15,19.7,14.0,1.7,1.4,7.03,7.5,78
shaanxi_guanzhong,1991-10-16,19.5,9.9,0.0,2.49,13.37,9.8,56
shaanxi_guanzhong,1991-10-17,18.6,6.0,0.0,2.17,12.86,3.3,59
shaanxi_guanzhong,1991-10-18,14.8,11.3,0.0,1.4,6.73,5.8,53
shaanxi_guanzhong,1991-10-19,16.0,7.7,0.0,2.41,14.7,6.7,44
shaanxi_guanzhong,1991-10-20,15.2,8.5,0.0,1.7,8.67,7.3,52
shaanxi_guanzhong,1991-10-21,17.7,7.6,0.0,2.44,15.19,6.8,65
shaanxi_guanzhong,1991-10-22,16.7,8.2,1.2,1.89,10.65,7.6,64
shaanxi_guanzhong,1991-10-23,18.6,7.7,1.4,2.54,16.24,7.6,62
shaanxi_guanzhong,1991-10-24,21.4,6.2,0.0,2.67,16.44,6.8,63
shaanxi_guanzhong,1991-10-25,22.0,7.5,0.0,2.71,15.32,7.5,64
shaanxi_guanzhong,1991-10-26,14.2,6.2,0.0,2.4,16.21,6.6,43
shaanxi_guanzhong,1991-10-27,11.7,0.8,0.0,2.4,15.98,8.4,35
shaanxi_guanzhong,1991-10-28,14.8,-0.5,0.0,2.11,14.32,4.8,48
shaanxi_guanzhong,1991-10-29,18.6,3.1,0.0,2.06,11.73,7.5,61
shaanxi_guanzhong,1991-10-30,19.6,4.9,0.0,2.6,15.97,7.0,44
shaanxi_guanzhong,1991-10-31,19.3,4.0,0.0,2.43,15.42,5.0,54
shaanxi_guanzhong,1991-11-01,15.8,6.1,1.0,1.09,5.35,13.8,70
shaanxi_guanzhong,1991-11-02,21.9,5.0,0.0,2.65,15.75,4.6,48
shaanxi_guanzhong,1991-11-03,20.8,5.7,0.0,2.55,15.34,7.3,47
shaanxi_guanzhong,1991-11-04,18.9,6.0,0.0,2.33,14.45,7.6,58
shaanxi_guanzhong,1991-11-05,17.6,7.4,11.1,1.76,10.28,19.9,73
shaanxi_guanzhong,1991-11-06,7.2,3.7,11.2,0.93,5.32,22.3,68
shaanxi_guanzhong,1991-11-07,11.8,-2.2,0.0,1.96,14.67,9.5,59
shaanxi_guanzhong,1991-11-08,11.7,0.1,0.0,1.62,11.72,6.1,61
shaanxi_guanzhong,1991-11-09,11.2,0.9,0.0,2.05,14.24,10.1,48
shaanxi_guanzhong,1991-11-10,12.5,-2.3,0.0,1.89,14.1,6.5,52
shaanxi_guanzhong,1991-11-11,9.7,1.3,0.0,1.56,11.34,8.4,46
shaanxi_guanzhong,1991-11-12,12.6,1.4,0.0,1.63,11.34,7.5,55
shaanxi_guanzhong,1991-11-13,12.7,-0.2,0.0,1.31,8.58,6.6,54
shaanxi_guanzhong,1991-11-14,12.5,-0.5,0.0,1.93,13.46,9.0,52
shaanxi_guanzhong,1991-11-15,12.6,2.3,0.0,1.74,12.45,7.0,52
shaanxi_guanzhong,1991-11-16,13.7,0.5,0.0,1.55,11.15,2.6,68
shaanxi_guanzhong,1991-11-17,13.8,-1.1,0.2,1.67,12.24,5.1,73
shaanxi_guanzhong,1991-11-18,15.3,0.4,0.0,1.76,12.06,6.3,68
shaanxi_guanzhong,1991-11-19,10.8,-1.7,0.0,1.88,13.12,8.7,49
shaanxi_guanzhong,1991-11-20,9.2,3.0,0.0,1.4,8.01,10.6,57
shaanxi_guanzhong,1991-11-21,11.7,-0.1,0.0,1.34,10.36,4.6,74
shaanxi_guanzhong,1991-11-22,13.0,1.0,0.0,1.33,9.09,8.3,72
shaanxi_guanzhong,1991-11-23,12.3,0.4,0.0,1.07,7.36,4.6,75
shaanxi_guanzhong,1991-11-24,10.1,2.5,0.0,1.45,9.16,14.8,66
shaanxi_guanzhong,1991-11-25,8.4,1.6,3.1,1.3,8.15,13.2,69
shaanxi_guanzhong,1991-11-26,11.4,1.2,1.7,1.48,11.52,6.2,71
shaanxi_guanzhong,1991-11-27,13.2,-2.0,0.0,1.73,12.36,8.1,59
shaanxi_guanzhong,1991-11-28,11.9,-0.5,0.0,1.21,9.0,4.6,71
shaanxi_guanzhong,1991-11-29,13.0,-1.4,0.0,1.63,12.17,5.2,66
shaanxi_guanzhong,1991-11-30,11.4,-1.3,0.0,1.31,9.85,4.8,66
shaanxi_guanzhong,1991-12-01,8.1,3.2,2.9,0.76,5.39,6.6,84
shaanxi_guanzhong,1991-12-02,10.5,-0.3,0.1,1.36,10.72,6.7,69
shaanxi_guanzhong,1991-12-03,13.6,-2.1,0.0,1.62,11.75,8.1,68
shaanxi_guanzhong,1991-12-04,14.4,0.2,0.0,1.58,11.75,6.3,73
shaanxi_guanzhong,1991-12-05,14.7,-0.7,0.0,1.62,11.77,8.0,71
shaanxi_guanzhong,1991-12-06,11.8,1.5,0.8,1.1,7.71,6.3,75
shaanxi_guanzhong,1991-12-07,12.7,-1.1,0.0,1.51,11.52,4.5,64
shaanxi_guanzhong,1991-12-08,11.0,-0.9,0.0,1.47,11.34,9.3,70
shaanxi_guanzhong,1991-12-09,5.8,0.5,2.1,0.56,4.17,9.7,85
shaanxi_guanzhong,1991-12-10,9.1,-2.1,0.0,1.34,10.03,8.9,63
shaanxi_guanzhong,1991-12-11,4.7,-2.6,0.0,1.13,8.35,9.3,49
shaanxi_guanzhong,1991-12-12,6.4,-1.4,0.0,1.26,9.69,6.9,53
shaanxi_guanzhong,1991-12-13,11.0,-3.1,0.0,1.38,11.07,6.3,69
shaanxi_guanzhong,1991-12-14,13.5,-0.8,0.0,1.54,11.03,9.1,72
shaanxi_guanzhong,1991-12-15,12.5,-0.0,0.0,1.4,11.1,6.9,74
shaanxi_guanzhong,1991-12-16,10.9,-0.4,0.0,1.27,8.83,9.2,68
shaanxi_guanzhong,1991-12-17,9.2,-2.2,0.0,1.37,10.88,11.1,64
shaanxi_guanzhong,1991-12-18,9.4,-0.1,0.0,1.24,10.53,7.2,74
shaanxi_guanzhong,1991-12-19,6.8,-0.4,0.0,0.87,6.93,11.2,79
shaanxi_guanzhong,1991-12-20,8.0,-0.2,0.0,1.04,8.71,6.9,79
shaanxi_guanzhong,1991-12-21,7.6,-0.6,0.1,0.93,7.57,13.6,79
shaanxi_guanzhong,1991-12-22,6.0,0.7,1.9,0.58,4.18,5.7,80
shaanxi_guanzhong,1991-12-23,3.4,-0.8,1.4,0.85,5.53,12.2,67
shaanxi_guanzhong,1991-12-24,-1.1,-5.0,7.0,0.43,3.4,11.2,81
shaanxi_guanzhong,1991-12-25,-1.3,-7.4,0.2,0.64,7.43,10.3,77
shaanxi_guanzhong,1991-12-26,-1.2,-4.8,4.9,0.49,3.86,16.8,73
shaanxi_guanzhong,1991-12-27,-5.3,-11.8,0.0,1.06,11.08,16.3,39
shaanxi_guanzhong,1991-12-28,-2.5,-13.3,0.0,0.93,11.97,5.2,29
shaanxi_guanzhong,1991-12-29,-1.0,-11.4,0.0,1.01,11.52,8.0,39
shaanxi_guanzhong,1991-12-30,0.2,-7.3,0.0,1.0,11.2,5.4,43
shaanxi_guanzhong,1991-12-31,2.1,-8.8,0.0,1.0,10.21,5.2,54
shaanxi_guanzhong,1992-01-01,2.7,-8.1,0.0,1.09,11.31,7.3,51
shaanxi_guanzhong,1992-01-02,2.7,-5.5,0.0,1.08,11.24,9.4,55
shaanxi_guanzhong,1992-01-03,2.8,-7.4,0.0,1.07,11.53,8.0,58
shaanxi_guanzhong,1992-01-04,1.9,-5.1,0.0,0.76,7.39,8.1,69
shaanxi_guanzhong,1992-01-05,3.1,-5.1,0.0,0.93,9.33,6.4,72
shaanxi_guanzhong,1992-01-06,5.8,-6.2,0.0,1.16,10.05,6.7,60
shaanxi_guanzhong,1992-01-07,3.7,-4.1,0.0,0.85,6.88,7.2,60
shaanxi_guanzhong,1992-01-08,6.2,-5.3,0.0,1.3,11.89,8.3,65
shaanxi_guanzhong,1992-01-09,5.7,-5.6,0.0,1.26,11.75,9.3,70
shaanxi_guanzhong,1992-01-10,5.6,-3.2,0.0,1.16,10.55,11.3,65
shaanxi_guanzhong,1992-01-11,6.5,-3.9,0.0,1.21,10.72,6.9,72
shaanxi_guanzhong,1992-01-12,5.8,-2.8,0.0,1.63,11.51,16.6,50
shaanxi_guanzhong,1992-01-13,4.1,-4.7,0.0,1.41,12.59,7.1,47
shaanxi_guanzhong,1992-01-14,5.0,-6.3,0.0,1.33,12.63,6.8,54
shaanxi_guanzhong,1992-01-15,8.6,-4.8,0.0,1.48,12.55,6.4,54
shaanxi_guanzhong,1992-01-16,6.7,-5.3,0.0,1.45,12.78,8.6,56
shaanxi_guanzhong,1992-01-17,6.6,-4.3,0.0,1.4,12.44,6.0,57
shaanxi_guanzhong,1992-01-18,5.8,-2.1,0.0,1.32,11.47,8.1,55
shaanxi_guanzhong,1992-01-19,5.4,-2.3,0.0,0.97,8.17,5.8,68
shaanxi_guanzhong,1992-01-20,9.2,-4.2,0.0,1.5,12.38,7.4,66
shaanxi_guanzhong,1992-01-21,8.5,-5.3,0.0,1.59,13.32,6.9,59
shaanxi_guanzhong,1992-01-22,9.1,-4.3,0.0,1.53,12.77,5.6,70
shaanxi_guanzhong,1992-01-23,8.8,-4.2,0.0,1.63,13.36,7.6,59
shaanxi_guanzhong,1992-01-24,10.5,-4.1,0.0,1.65,13.22,4.7,64
shaanxi_guanzhong,1992-01-25,9.0,-3.6,0.0,1.69,13.02,9.3,55
shaanxi_guanzhong,1992-01-26,10.4,-3.5,0.0,1.7,13.53,6.1,62
shaanxi_guanzhong,1992-01-27,11.1,-3.0,0.0,1.6,12.73,8.1,74
shaanxi_guanzhong,1992-01-28,10.3,-2.3,0.0,1.17,8.82,9.2,80
shaanxi_guanzhong,1992-01-29,9.9,-0.6,0.0,1.31,8.4,7.4,64
shaanxi_guanzhong,1992-01-30,6.2,-3.4,0.2,0.92,6.54,11.2,65
shaanxi_guanzhong,1992-01-31,3.5,-2.1,0.0,1.75,11.68,16.9,43
shaanxi_guanzhong,1992-02-01,2.2,-2.3,0.0,1.25,7.93,13.0,52
shaanxi_guanzhong,1992-02-02,5.1,-3.6,0.0,1.18,10.43,4.6,62
shaanxi_guanzhong,1992-02-03,6.1,-4.8,0.0,1.62,14.26,5.2,56
shaanxi_guanzhong,1992-02-04,6.9,-1.4,0.0,1.46,12.18,5.5,53
shaanxi_guanzhong,1992-02-05,8.6,-4.5,0.0,1.62,11.61,8.3,62
shaanxi_guanzhong,1992-02-06,3.2,-4.2,0.0,1.53,11.95,12.2,46
shaanxi_guanzhong,1992-02-07,4.6,-3.7,0.0,1.49,10.76,8.5,41
shaanxi_guanzhong,1992-02-08,2.4,-1.9,2.7,0.78,6.23,9.0,68
shaanxi_guanzhong,1992-02-09,4.3,-2.7,0.0,1.06,9.62,6.6,75
shaanxi_guanzhong,1992-02-10,6.3,-2.2,0.0,1.47,13.11,7.1,66
shaanxi_guanzhong,1992-02-11,8.6,-3.4,0.0,1.53,12.18,6.8,66
shaanxi_guanzhong,1992-02-12,8.5,-3.0,0.0,1.58,12.01,7.6,50
shaanxi_guanzhong,1992-02-13,7.5,-3.7,0.0,1.64,12.9,10.1,53
shaanxi_guanzhong,1992-02-14,10.1,-4.3,0.0,2.07,16.27,6.6,58
shaanxi_guanzhong,1992-02-15,10.1,-4.7,0.0,2.24,17.31,9.2,37
shaanxi_guanzhong,1992-02-16,7.0,-3.2,0.0,1.45,9.9,9.2,42
shaanxi_guanzhong,1992-02-17,10.6,-3.4,0.0,1.99,15.3,5.2,56
shaanxi_guanzhong,1992-02-18,8.7,-2.4,0.0,1.53,10.72,6.7,48
shaanxi_guanzhong,1992-02-19,8.9,-2.6,0.0,1.84,13.74,7.8,48
shaanxi_guanzhong,1992-02-20,7.1,-2.6,0.0,1.82,13.95,11.3,42
shaanxi_guanzhong,1992-02-21,9.2,-0.9,0.0,1.59,11.44,7.6,44
shaanxi_guanzhong,1992-02-22,11.5,-3.2,0.0,2.18,16.01,8.0,44
shaanxi_guanzhong,1992-02-23,12.1,-3.1,0.0,2.55,18.32,11.5,37
shaanxi_guanzhong,1992-02-24,13.3,-3.7,0.0,2.44,17.99,3.8,46
shaanxi_guanzhong,1992-02-25,15.5,-1.0,0.0,2.51,16.92,7.2,57
shaanxi_guanzhong,1992-02-26,16.9,0.4,0.0,2.76,18.04,5.4,49
shaanxi_guanzhong,1992-02-27,18.4,1.8,0.0,2.87,18.37,6.9,58
shaanxi_guanzhong,1992-02-28,17.9,2.7,0.0,2.82,18.39,6.0,62
shaanxi_guanzhong,1992-02-29,17.0,4.1,0.0,2.39,15.51,9.7,68
shaanxi_guanzhong,1992-03-01,9.6,2.2,4.4,0.48,2.57,16.3,88
shaanxi_guanzhong,1992-03-02,3.3,0.0,7.4,0.75,6.34,9.7,87
shaanxi_guanzhong,1992-03-03,2.4,-3.0,4.1,0.91,8.46,8.3,81
shaanxi_guanzhong,1992-03-04,7.9,-1.7,0.9,1.67,13.1,8.3,67
shaanxi_guanzhong,1992-03-05,9.7,-4.7,0.0,2.27,18.61,11.8,61
shaanxi_guanzhong,1992-03-06,10.8,-1.8,0.0,2.27,17.88,9.8,57
shaanxi_guanzhong,1992-03-07,11.9,-1.7,0.0,2.18,16.14,4.1,64
shaanxi_guanzhong,1992-03-08,14.1,-1.4,0.0,2.56,18.18,7.8,67
shaanxi_guanzhong,1992-03-09,15.0,0.3,0.0,2.57,17.21,7.6,69
shaanxi_guanzhong,1992-03-10,15.9,1.9,0.0,2.66,18.01,7.0,70
shaanxi_guanzhong,1992-03-11,17.6,3.7,0.0,2.73,16.93,11.5,67
shaanxi_guanzhong,1992-03-12,19.2,5.8,0.0,2.93,17.15,11.3,57
shaanxi_guanzhong,1992-03-13,16.1,7.0,0.0,1.9,11.49,10.4,73
shaanxi_guanzhong,1992-03-14,16.3,4.5,0.9,2.25,14.22,8.2,77
shaanxi_guanzhong,1992-03-15,10.5,5.2,17.7,0.54,2.58,7.4,90
shaanxi_guanzhong,1992-03-16,4.8,1.3,16.6,0.93,7.92,11.2,85
shaanxi_guanzhong,1992-03-17,5.7,0.8,1.9,1.16,8.95,5.4,77
shaanxi_guanzhong,1992-03-18,9.1,-3.4,0.0,1.84,14.42,5.0,72
shaanxi_guanzhong,1992-03-19,8.0,0.3,4.6,1.17,8.71,12.8,80
shaanxi_guanzhong,1992-03-20,9.2,3.7,1.9,1.38,9.49,11.3,80
shaanxi_guanzhong,1992-03-21,6.9,2.1,2.9,1.22,8.81,18.1,76
shaanxi_guanzhong,1992-03-22,7.1,0.5,3.7,1.23,9.54,9.6,82
shaanxi_guanzhong,1992-03-23,7.5,-0.3,0.2,1.47,11.59,7.2,76
shaanxi_guanzhong,1992-03-24,12.0,-1.8,0.0,2.3,17.29,11.1,75
shaanxi_guanzhong,1992-03-25,10.2,4.9,6.7,1.29,8.52,12.4,80
shaanxi_guanzhong,1992-03-26,12.3,3.3,0.0,2.22,15.35,12.9,68
shaanxi_guanzhong,1992-03-27,13.5,3.2,0.0,2.65,18.84,9.8,68
shaanxi_guanzhong,1992-03-28,14.4,2.7,0.2,2.66,17.97,5.5,71
shaanxi_guanzhong,1992-03-29,17.1,3.5,0.2,2.63,16.69,11.0,72
shaanxi_guanzhong,1992-03-30,14.1,7.7,2.3,1.43,8.38,10.1,80
shaanxi_guanzhong,1992-03-31,18.8,5.7,0.0,2.99,17.8,7.6,73
shaanxi_guanzhong,1992-04-01,19.4,5.0,0.0,3.31,20.09,5.4,64
shaanxi_guanzhong,1992-04-02,17.6,6.5,0.1,2.07,12.01,3.8,73
shaanxi_guanzhong,1992-04-03,18.4,6.4,0.0,3.12,19.01,6.4,72
shaanxi_guanzhong,1992-04-04,21.2,4.9,0.0,4.02,23.98,6.3,67
shaanxi_guanzhong,1992-04-05,22.4,9.1,0.2,3.89,22.28,7.3,61
shaanxi_guanzhong,1992-04-06,22.2,8.7,0.0,3.66,18.96,14.8,65
shaanxi_guanzhong,1992-04-07,17.3,10.1,8.2,2.16,12.32,11.6,77
shaanxi_guanzhong,1992-04-08,10.4,5.3,16.4,0.99,4.94,10.5,80
shaanxi_guanzhong,1992-04-09,12.6,4.2,1.6,2.16,15.39,6.8,81
shaanxi_guanzhong,1992-04-10,16.9,3.6,0.7,2.94,17.76,14.0,72
shaanxi_guanzhong,1992-04-11,17.3,1.2,0.0,3.94,25.57,7.1,58
shaanxi_guanzhong,1992-04-12,19.0,4.6,0.0,3.43,20.75,5.4,68
shaanxi_guanzhong,1992-04-13,21.8,6.1,0.0,4.18,24.27,7.6,60
shaanxi_guanzhong,1992-04-14,22.7,5.4,0.0,3.98,22.9,8.9,67
shaanxi_guanzhong,1992-04-15,19.8,8.3,0.0,4.19,25.64,10.8,58
shaanxi_guanzhong,1992-04-16,25.2,9.3,0.0,4.44,24.9,9.3,65
shaanxi_guanzhong,1992-04-17,26.7,10.4,0.4,4.77,23.73,14.0,60
shaanxi_guanzhong,1992-04-18,16.2,9.6,0.4,3.23,19.15,9.4,46
shaanxi_guanzhong,1992-04-19,23.9,6.8,0.0,4.38,25.31,9.8,65
shaanxi_guanzhong,1992-04-20,21.9,11.4,3.8,1.92,8.86,15.9,77
shaanxi_guanzhong,1992-04-21,21.4,6.7,0.0,4.39,25.62,7.0,58
shaanxi_guanzhong,1992-04-22,18.2,11.1,0.2,2.67,15.36,5.7,56
shaanxi_guanzhong,1992-04-23,24.6,9.2,0.0,4.78,26.07,7.2,55
shaanxi_guanzhong,1992-04-24,22.5,9.3,0.0,3.85,20.38,8.4,42
shaanxi_guanzhong,1992-04-25,22.6,12.8,0.0,3.75,20.17,8.1,56
shaanxi_guanzhong,1992-04-26,25.7,9.9,0.0,4.71,25.78,7.1,63
shaanxi_guanzhong,1992-04-27,29.0,12.3,0.0,4.86,25.05,6.4,61
shaanxi_guanzhong,1992-04-28,29.9,14.7,9.5,4.97,24.44,10.8,62
shaanxi_guanzhong,1992-04-29,24.6,12.2,3.0,4.53,24.97,8.5,69
shaanxi_guanzhong,1992-04-30,27.1,13.6,0.0,4.64,23.21,12.4,65
shaanxi_guanzhong,1992-05-01,20.0,16.1,11.0,1.77,9.17,7.0,83
shaanxi_guanzhong,1992-05-02,24.7,15.1,3.3,3.84,18.46,17.3,72
shaanxi_guanzhong,1992-05-03,23.3,13.0,0.0,3.53,16.16,15.7,66
shaanxi_guanzhong,1992-05-04,20.6,16.8,15.2,1.33,6.15,10.8,88
shaanxi_guanzhong,1992-05-05,24.2,17.7,8.9,1.96,9.48,7.9,85
shaanxi_guanzhong,1992-05-06,25.4,15.7,1.7,3.86,18.08,16.0,66
shaanxi_guanzhong,1992-05-07,24.2,11.8,0.0,4.33,22.8,7.5,57
shaanxi_guanzhong,1992-05-08,23.3,11.2,15.9,3.22,17.1,9.4,75
shaanxi_guanzhong,1992-05-09,20.5,14.1,25.1,2.05,8.61,13.1,76
shaanxi_guanzhong,1992-05-10,19.5,10.9,0.0,2.75,13.64,11.3,70
shaanxi_guanzhong,1992-05-11,15.0,11.7,7.5,0.97,4.12,10.5,85
shaanxi_guanzhong,1992-05-12,21.7,9.9,0.1,4.4,25.9,9.7,77
shaanxi_guanzhong,1992-05-13,20.2,13.3,5.9,2.52,13.94,10.4,79
shaanxi_guanzhong,1992-05-14,22.4,12.0,2.6,4.74,27.07,9.0,67
shaanxi_guanzhong,1992-05-15,23.2,11.5,0.0,3.84,21.25,4.4,68
shaanxi_guanzhong,1992-05-16,20.7,11.2,0.0,2.46,12.03,9.0,66
shaanxi_guanzhong,1992-05-17,19.9,7.7,0.0,3.5,18.78,9.0,59
shaanxi_guanzhong,1992-05-18,21.5,10.9,0.0,3.35,16.85,7.4,58
shaanxi_guanzhong,1992-05-19,24.6,11.5,0.0,4.84,25.83,9.0,57
shaanxi_guanzhong,1992-05-20,26.3,9.8,0.0,5.39,28.62,6.0,49
shaanxi_guanzhong,1992-05-21,27.6,11.8,0.0,5.24,27.34,5.5,51
shaanxi_guanzhong,1992-05-22,28.2,13.4,0.0,4.28,20.93,8.0,55
shaanxi_guanzhong,1992-05-23,29.4,14.0,0.0,5.15,25.28,9.2,57
shaanxi_guanzhong,1992-05-24,27.9,16.4,0.0,4.8,23.94,5.9,58
shaanxi_guanzhong,1992-05-25,30.2,15.0,0.0,5.01,23.33,8.4,52
shaanxi_guanzhong,1992-05-26,29.3,15.8,0.0,5.37,26.99,7.0,47
shaanxi_guanzhong,1992-05-27,28.9,16.2,0.6,4.26,19.46,12.7,57
shaanxi_guanzhong,1992-05-28,22.2,17.4,7.5,1.48,7.01,6.6,86
shaanxi_guanzhong,1992-05-29,26.4,16.7,0.8,4.18,21.68,5.4,72
shaanxi_guanzhong,1992-05-30,29.1,16.1,0.0,4.84,24.07,6.4,63
shaanxi_guanzhong,1992-05-31,28.9,15.8,0.0,4.95,24.88,8.4,64
shaanxi_guanzhong,1992-06-01,29.5,18.5,11.6,3.72,17.78,9.8,70
shaanxi_guanzhong,1992-06-02,23.1,14.8,27.9,2.41,10.11,18.2,74
shaanxi_guanzhong,1992-06-03,28.6,13.6,0.0,5.24,26.13,7.8,61
shaanxi_guanzhong,1992-06-04,31.8,14.6,0.0,5.91,29.59,6.8,51
shaanxi_guanzhong,1992-06-05,31.2,14.9,0.9,5.03,21.89,24.8,59
shaanxi_guanzhong,1992-06-06,27.0,13.8,0.0,5.49,27.26,8.9,53
shaanxi_guanzhong,1992-06-07,27.7,12.5,0.0,6.24,30.37,13.1,41
shaanxi_guanzhong,1992-06-08,32.8,12.8,0.0,6.55,30.32,9.4,40
shaanxi_guanzhong,1992-06-09,34.4,15.4,0.0,6.38,29.35,7.6,49
shaanxi_guanzhong,1992-06-10,33.0,19.9,0.0,6.12,26.97,10.9,44
shaanxi_guanzhong,1992-06-11,24.6,19.6,10.9,1.53,5.59,6.9,77
shaanxi_guanzhong,1992-06-12,20.5,18.4,26.0,0.87,3.66,3.4,94
shaanxi_guanzhong,1992-06-13,20.9,17.8,10.0,1.44,6.97,5.2,90
shaanxi_guanzhong,1992-06-14,22.3,18.0,5.5,1.64,7.8,5.6,86
shaanxi_guanzhong,1992-06-15,20.9,18.4,14.1,1.56,7.02,13.3,82
shaanxi_guanzhong,1992-06-16,24.8,16.0,0.0,4.11,21.73,3.8,72
shaanxi_guanzhong,1992-06-17,28.8,13.4,0.0,5.72,28.16,12.9,66
shaanxi_guanzhong,1992-06-18,23.7,17.5,7.1,2.48,9.47,12.5,70
shaanxi_guanzhong,1992-06-19,20.9,17.4,29.1,0.99,3.71,15.7,89
shaanxi_guanzhong,1992-06-20,18.5,15.9,14.7,0.77,2.97,8.2,93
shaanxi_guanzhong,1992-06-21,22.3,14.3,0.0,2.9,15.79,5.6,81
shaanxi_guanzhong,1992-06-22,27.6,16.5,0.0,5.32,27.66,9.2,72
shaanxi_guanzhong,1992-06-23,25.2,16.4,0.0,2.83,13.91,5.4,72
shaanxi_guanzhong,1992-06-24,26.7,16.5,0.0,4.06,20.77,8.9,78
shaanxi_guanzhong,1992-06-25,23.5,19.4,2.3,2.37,11.14,8.4,77
shaanxi_guanzhong,1992-06-26,24.6,17.6,0.0,3.34,17.18,4.8,69
shaanxi_guanzhong,1992-06-27,25.5,15.0,0.0,3.94,20.05,10.2,67
shaanxi_guanzhong,1992-06-28,20.9,17.8,7.7,1.5,7.05,5.8,78
shaanxi_guanzhong,1992-06-29,25.0,18.2,0.0,3.82,20.04,5.8,73
shaanxi_guanzhong,1992-06-30,28.9,15.8,0.0,4.67,22.64,8.0,68
shaanxi_guanzhong,1992-07-01,30.9,17.1,0.0,5.12,25.2,6.0,66
shaanxi_guanzhong,1992-07-02,30.9,17.7,0.0,5.38,26.45,6.7,68
shaanxi_guanzhong,1992-07-03,31.4,18.4,0.0,6.12,29.18,9.1,60
shaanxi_guanzhong,1992-07-04,31.3,19.2,0.0,5.81,28.12,7.6,53
shaanxi_guanzhong,1992-07-05,30.4,17.6,0.0,4.84,23.44,8.0,62
shaanxi_guanzhong,1992-07-06,30.8,18.2,0.0,5.58,27.31,5.9,64
shaanxi_guanzhong,1992-07-07,32.8,18.6,0.0,5.7,26.97,7.6,54
shaanxi_guanzhong,1992-07-08,27.8,20.4,0.0,3.4,12.51,14.5,61
shaanxi_guanzhong,1992-07-09,30.6,18.9,0.2,5.14,24.01,9.0,56
shaanxi_guanzhong,1992-07-10,27.6,18.4,0.0,3.6,16.73,8.7,64
shaanxi_guanzhong,1992-07-11,27.8,17.8,0.0,5.24,25.01,12.2,64
shaanxi_guanzhong,1992-07-12,20.5,17.8,29.5,0.88,3.24,7.8,85
shaanxi_guanzhong,1992-07-13,21.5,18.4,17.8,1.25,5.57,5.4,89
shaanxi_guanzhong,1992-07-14,20.1,18.4,52.9,0.57,1.86,5.2,94
shaanxi_guanzhong,1992-07-15,21.1,17.9,43.4,0.99,4.31,3.3,93
shaanxi_guanzhong,1992-07-16,27.8,16.3,0.7,4.38,22.04,10.5,79
shaanxi_guanzhong,1992-07-17,29.1,16.7,0.0,5.19,26.18,8.0,71
shaanxi_guanzhong,1992-07-18,29.6,16.6,0.0,4.98,24.79,6.0,72
shaanxi_guanzhong,1992-07-19,29.3,17.9,0.0,4.7,23.17,9.2,75
shaanxi_guanzhong,1992-07-20,30.9,21.0,2.6,5.12,24.85,12.6,77
shaanxi_guanzhong,1992-07-21,30.7,18.6,0.0,5.43,26.77,6.1,69
shaanxi_guanzhong,1992-07-22,30.8,21.0,0.0,4.79,23.1,10.0,74
shaanxi_guanzhong,1992-07-23,30.0,22.2,0.6,3.12,14.37,6.0,82
shaanxi_guanzhong,1992-07-24,30.8,22.4,1.9,4.15,19.48,7.5,78
shaanxi_guanzhong,1992-07-25,30.3,21.3,11.2,4.5,20.44,14.2,75
shaanxi_guanzhong,1992-07-26,28.2,20.4,0.3,3.88,18.16,8.8,71
shaanxi_guanzhong,1992-07-27,30.0,21.0,0.0,4.61,22.64,8.4,77
shaanxi_guanzhong,1992-07-28,30.0,23.3,4.0,3.96,17.61,15.8,75
shaanxi_guanzhong,1992-07-29,28.5,22.0,2.1,2.59,11.19,8.3,69
shaanxi_guanzhong,1992-07-30,30.8,17.4,0.0,5.16,25.21,7.6,71
shaanxi_guanzhong,1992-07-31,31.2,21.8,0.0,4.99,23.98,8.7,73
shaanxi_guanzhong,1992-08-01,32.0,22.6,0.1,4.66,22.05,10.5,74
shaanxi_guanzhong,1992-08-02,30.9,23.9,10.9,3.94,18.75,6.8,77
shaanxi_guanzhong,1992-08-03,29.0,22.5,5.9,3.19,15.14,6.7,80
shaanxi_guanzhong,1992-08-04,28.6,23.2,16.5,2.32,10.97,6.2,84
shaanxi_guanzhong,1992-08-05,29.9,22.6,1.9,3.8,18.06,9.0,77
shaanxi_guanzhong,1992-08-06,30.3,22.9,0.3,3.92,18.49,7.7,73
shaanxi_guanzhong,1992-08-07,30.9,21.6,0.8,4.28,19.17,11.9,72
shaanxi_guanzhong,1992-08-08,29.3,23.4,2.7,3.25,13.08,11.9,75
shaanxi_guanzhong,1992-08-09,30.8,23.7,0.1,3.43,13.92,11.9,75
shaanxi_guanzhong,1992-08-10,31.1,23.3,7.5,3.27,14.23,9.3,78
shaanxi_guanzhong,1992-08-11,30.6,25.6,1.1,2.7,11.82,6.8,77
shaanxi_guanzhong,1992-08-12,26.5,22.7,49.2,1.32,6.26,9.2,94
shaanxi_guanzhong,1992-08-13,28.6,18.3,6.3,4.13,18.08,15.5,70
shaanxi_guanzhong,1992-08-14,30.5,16.2,0.0,5.44,25.81,11.9,59
shaanxi_guanzhong,1992-08-15,26.3,15.1,0.0,4.7,24.74,8.2,66
shaanxi_guanzhong,1992-08-16,26.9,16.2,0.0,4.52,23.35,10.5,70
shaanxi_guanzhong,1992-08-17,22.9,18.8,20.1,1.54,6.89,11.8,83
shaanxi_guanzhong,1992-08-18,24.7,18.6,4.5,2.92,15.08,12.1,84
shaanxi_guanzhong,1992-08-19,24.0,18.6,7.2,2.33,11.74,12.9,86
shaanxi_guanzhong,1992-08-20,21.6,15.4,56.0,0.67,1.87,16.9,90
shaanxi_guanzhong,1992-08-21,24.7,11.1,0.0,3.32,17.42,5.1,76
shaanxi_guanzhong,1992-08-22,26.8,12.9,0.0,4.72,25.51,3.1,66
shaanxi_guanzhong,1992-08-23,26.8,13.0,0.0,3.93,20.45,7.1,69
shaanxi_guanzhong,1992-08-24,28.0,15.3,0.0,4.4,22.46,7.0,74
shaanxi_guanzhong,1992-08-25,27.4,18.7,0.3,3.24,16.01,7.4,77
shaanxi_guanzhong,1992-08-26,28.5,17.9,0.0,4.55,23.11,7.6,75
shaanxi_guanzhong,1992-08-27,28.4,18.0,0.0,4.42,22.56,9.5,76
shaanxi_guanzhong,1992-08-28,27.6,20.7,11.7,3.13,15.34,9.4,79
shaanxi_guanzhong,1992-08-29,26.9,20.0,10.9,3.2,16.03,7.5,82
shaanxi_guanzhong,1992-08-30,23.7,20.5,25.8,1.53,7.25,6.5,88
shaanxi_guanzhong,1992-08-31,27.0,17.8,49.9,3.84,19.75,12.4,80
shaanxi_guanzhong,1992-09-01,25.4,16.7,1.2,3.48,18.2,6.5,76
shaanxi_guanzhong,1992-09-02,27.7,15.1,0.0,4.33,22.65,3.9,73
shaanxi_guanzhong,1992-09-03,28.9,17.2,0.0,4.3,21.64,9.8,79
shaanxi_guanzhong,1992-09-04,29.6,19.6,2.3,4.33,21.93,8.4,79
shaanxi_guanzhong,1992-09-05,22.8,17.4,10.4,1.41,5.16,16.0,81
shaanxi_guanzhong,1992-09-06,18.9,15.2,2.1,1.37,6.72,7.0,80
shaanxi_guanzhong,1992-09-07,21.4,14.5,4.8,1.68,8.28,5.1,82
shaanxi_guanzhong,1992-09-08,18.2,16.7,8.6,1.03,4.9,5.9,87
shaanxi_guanzhong,1992-09-09,23.8,14.2,0.0,2.94,15.39,11.6,78
shaanxi_guanzhong,1992-09-10,25.3,17.3,0.0,3.3,15.57,13.2,72
shaanxi_guanzhong,1992-09-11,22.4,18.2,19.5,1.55,6.85,17.3,85
shaanxi_guanzhong,1992-09-12,21.7,15.8,6.3,2.54,12.25,16.6,71
shaanxi_guanzhong,1992-09-13,19.7,13.8,0.0,1.54,6.85,6.1,71
shaanxi_guanzhong,1992-09-14,15.8,13.9,4.9,0.86,3.91,6.8,84
shaanxi_guanzhong,1992-09-15,16.5,14.4,4.0,1.12,5.11,9.0,82
shaanxi_guanzhong,1992-09-16,15.5,12.8,6.6,0.95,4.69,6.6,86
shaanxi_guanzhong,1992-09-17,15.2,13.1,10.5,0.62,2.78,7.6,92
shaanxi_guanzhong,1992-09-18,18.2,11.9,5.5,1.61,9.32,8.9,89
shaanxi_guanzhong,1992-09-19,16.5,14.8,14.5,0.51,1.92,6.7,95
shaanxi_guanzhong,1992-09-20,16.1,14.1,7.8,0.58,2.49,9.5,95
shaanxi_guanzhong,1992-09-21,15.5,13.4,21.0,0.56,2.43,9.9,95
shaanxi_guanzhong,1992-09-22,19.4,14.4,9.8,1.08,5.69,13.0,92
shaanxi_guanzhong,1992-09-23,20.0,16.2,12.6,1.19,5.9,11.2,90
shaanxi_guanzhong,1992-09-24,21.8,15.4,2.9,2.42,12.62,11.9,74
shaanxi_guanzhong,1992-09-25,20.7,10.5,23.9,1.97,11.1,6.6,83
shaanxi_guanzhong,1992-09-26,16.0,14.2,13.3,0.73,3.59,12.1,92
shaanxi_guanzhong,1992-09-27,14.0,12.6,13.1,0.49,1.77,7.7,90
shaanxi_guanzhong,1992-09-28,23.2,10.1,0.0,3.48,20.08,6.6,78
shaanxi_guanzhong,1992-09-29,24.1,11.5,0.0,3.61,20.33,9.8,75
shaanxi_guanzhong,1992-09-30,25.1,13.0,0.0,3.43,18.97,5.1,73
shaanxi_guanzhong,1992-10-01,23.8,15.1,9.9,2.46,12.92,11.6,79
shaanxi_guanzhong,1992-10-02,19.0,14.4,3.1,1.43,5.42,16.5,77
shaanxi_guanzhong,1992-10-03,14.2,9.5,11.5,0.52,1.8,9.8,86
shaanxi_guanzhong,1992-10-04,9.9,7.6,6.7,0.63,3.36,8.4,87
shaanxi_guanzhong,1992-10-05,10.5,7.6,20.5,0.59,3.12,11.3,90
shaanxi_guanzhong,1992-10-06,15.2,9.0,1.6,1.81,11.92,8.7,83
shaanxi_guanzhong,1992-10-07,17.7,8.0,0.0,2.8,18.67,7.8,76
shaanxi_guanzhong,1992-10-08,16.4,7.5,8.2,1.75,10.9,8.4,82
shaanxi_guanzhong,1992-10-09,16.1,10.7,3.7,1.22,6.71,4.4,82
shaanxi_guanzhong,1992-10-10,18.3,6.7,0.0,2.27,14.25,5.1,81
shaanxi_guanzhong,1992-10-11,19.4,6.9,0.0,2.79,17.48,8.1,77
shaanxi_guanzhong,1992-10-12,18.0,10.2,5.1,2.14,12.67,8.1,78
shaanxi_guanzhong,1992-10-13,16.3,9.6,11.9,1.54,9.66,8.2,86
shaanxi_guanzhong,1992-10-14,18.4,8.4,2.6,2.59,16.24,7.4,79
shaanxi_guanzhong,1992-10-15,17.4,5.9,0.0,2.53,16.2,8.3,74
shaanxi_guanzhong,1992-10-16,17.4,4.2,0.0,2.6,16.76,7.7,71
shaanxi_guanzhong,1992-10-17,17.7,4.2,0.2,2.71,16.79,9.2,69
shaanxi_guanzhong,1992-10-18,12.7,8.3,14.1,1.04,6.43,7.5,83
shaanxi_guanzhong,1992-10-19,14.5,9.3,2.3,0.96,4.89,10.0,85
shaanxi_guanzhong,1992-10-20,15.3,10.9,5.6,1.08,5.81,10.2,85
shaanxi_guanzhong,1992-10-21,11.7,2.9,16.9,0.81,4.8,17.5,80
shaanxi_guanzhong,1992-10-22,12.9,0.3,0.0,2.11,15.32,5.9,68
shaanxi_guanzhong,1992-10-23,12.5,1.2,0.0,2.26,16.74,6.5,57
shaanxi_guanzhong,1992-10-24,13.5,0.5,0.0,2.27,16.28,8.0,67
shaanxi_guanzhong,1992-10-25,13.4,4.3,0.0,1.94,12.98,9.1,62
shaanxi_guanzhong,1992-10-26,14.2,6.6,0.0,1.73,10.59,10.8,64
shaanxi_guanzhong,1992-10-27,11.2,8.3,1.4,0.83,4.92,7.3,82
shaanxi_guanzhong,1992-10-28,17.8,2.8,0.0,2.34,15.8,7.1,80
shaanxi_guanzhong,1992-10-29,19.6,5.2,0.0,2.43,15.38,4.2,70
shaanxi_guanzhong,1992-10-30,18.1,6.1,0.0,2.19,14.14,8.0,75
shaanxi_guanzhong,1992-10-31,20.1,5.6,0.0,2.53,15.62,9.2,68
shaanxi_guanzhong,1992-11-01,15.3,8.9,0.0,2.09,8.94,18.9,60
shaanxi_guanzhong,1992-11-02,14.4,7.7,2.2,1.72,8.19,13.2,62
shaanxi_guanzhong,1992-11-03,16.3,5.0,0.0,2.24,15.05,6.9,54
shaanxi_guanzhong,1992-11-04,16.0,1.7,0.0,2.2,14.9,7.7,63
shaanxi_guanzhong,1992-11-05,16.1,2.9,0.0,2.06,14.09,9.9,74
shaanxi_guanzhong,1992-11-06,12.2,7.2,8.5,0.59,2.97,15.4,88
shaanxi_guanzhong,1992-11-07,10.5,3.9,2.2,2.2,13.06,16.3,56
shaanxi_guanzhong,1992-11-08,6.9,-1.1,0.0,2.32,13.27,23.4,35
shaanxi_guanzhong,1992-11-09,9.4,-4.3,0.0,1.76,14.43,10.4,50
shaanxi_guanzhong,1992-11-10,10.6,-3.1,0.0,1.75,14.02,6.8,64
shaanxi_guanzhong,1992-11-11,13.8,-0.7,0.0,1.87,13.87,4.2,69
shaanxi_guanzhong,1992-11-12,15.1,1.6,0.0,1.94,13.19,8.2,62
shaanxi_guanzhong,1992-11-13,13.9,2.0,0.0,1.84,13.47,6.1,67
shaanxi_guanzhong,1992-11-14,13.0,1.6,0.0,1.67,9.22,16.3,64
shaanxi_guanzhong,1992-11-15,9.8,1.1,0.0,1.59,11.99,9.5,52
shaanxi_guanzhong,1992-11-16,13.0,-0.9,0.0,1.66,12.52,7.1,70
shaanxi_guanzhong,1992-11-17,14.1,2.7,1.0,1.67,12.41,8.5,79
shaanxi_guanzhong,1992-11-18,10.9,2.8,1.0,0.92,4.88,11.5,76
shaanxi_guanzhong,1992-11-19,8.1,-0.7,1.5,1.33,6.86,12.1,57
shaanxi_guanzhong,1992-11-20,8.7,-4.5,0.0,1.59,13.23,8.2,56
shaanxi_guanzhong,1992-11-21,11.2,-2.6,0.0,1.61,12.47,7.7,63
shaanxi_guanzhong,1992-11-22,12.5,-2.0,0.0,1.72,12.98,5.5,51
shaanxi_guanzhong,1992-11-23,12.0,-1.7,0.0,1.26,8.79,6.8,61
shaanxi_guanzhong,1992-11-24,14.5,2.6,0.0,1.52,10.19,7.4,53
shaanxi_guanzhong,1992-11-25,13.7,0.3,0.0,1.73,12.49,6.9,52
shaanxi_guanzhong,1992-11-26,12.5,-0.8,0.0,1.72,12.3,10.3,64
shaanxi_guanzhong,1992-11-27,11.9,2.2,0.0,1.47,11.56,7.2,68
shaanxi_guanzhong,1992-11-28,13.6,-0.4,0.0,1.59,12.01,4.9,76
shaanxi_guanzhong,1992-11-29,13.1,-0.1,0.0,1.54,11.84,6.1,78
shaanxi_guanzhong,1992-11-30,12.8,0.6,0.0,1.68,11.66,12.9,68
shaanxi_guanzhong,1992-12-01,9.9,-2.6,0.0,1.47,11.93,7.2,64
shaanxi_guanzhong,1992-12-02,10.0,1.3,0.0,1.34,10.75,7.4,67
shaanxi_guanzhong,1992-12-03,10.2,2.8,0.0,1.22,9.3,11.3,73
shaanxi_guanzhong,1992-12-04,8.0,1.2,2.1,0.65,4.78,11.6,88
shaanxi_guanzhong,1992-12-05,5.8,2.8,2.0,0.48,3.36,6.0,92
shaanxi_guanzhong,1992-12-06,8.5,2.4,1.2,0.78,6.12,4.7,83
shaanxi_guanzhong,1992-12-07,11.0,-2.0,0.0,1.38,11.03,5.9,77
shaanxi_guanzhong,1992-12-08,7.2,-2.5,2.7,0.79,5.62,14.7,76
shaanxi_guanzhong,1992-12-09,11.8,-3.1,0.0,1.44,11.36,5.7,61
shaanxi_guanzhong,1992-12-10,6.6,-3.7,0.0,1.28,11.36,8.1,61
shaanxi_guanzhong,1992-12-11,8.0,-2.9,0.0,1.27,11.02,6.6,66
shaanxi_guanzhong,1992-12-12,10.6,-3.4,0.0,1.36,11.25,5.6,74
shaanxi_guanzhong,1992-12-13,5.2,-3.0,0.0,0.87,7.19,4.9,69
shaanxi_guanzhong,1992-12-14,5.1,-2.4,0.0,1.03,9.48,4.0,60
shaanxi_guanzhong,1992-12-15,6.5,-4.6,0.0,1.24,11.08,8.9,64
shaanxi_guanzhong,1992-12-16,7.6,-4.1,0.0,1.19,10.44,6.2,66
shaanxi_guanzhong,1992-12-17,7.2,-2.9,0.0,1.16,9.89,6.8,69
shaanxi_guanzhong,1992-12-18,5.1,-2.5,0.5,0.64,5.35,5.6,77
shaanxi_guanzhong,1992-12-19,8.9,-3.6,0.0,1.21,10.54,8.9,77
shaanxi_guanzhong,1992-12-20,4.2,-6.1,0.0,0.93,4.52,15.5,60
shaanxi_guanzhong,1992-12-21,7.2,-6.5,0.0,1.3,11.06,6.2,49
shaanxi_guanzhong,1992-12-22,4.1,-5.2,0.0,1.32,8.92,14.6,51
shaanxi_guanzhong,1992-12-23,3.0,-6.7,0.0,1.26,11.84,7.9,40
shaanxi_guanzhong,1992-12-24,5.9,-3.8,0.0,1.36,11.52,10.6,41
shaanxi_guanzhong,1992-12-25,7.1,-4.8,0.0,1.3,11.39,8.8,58
shaanxi_guanzhong,1992-12-26,3.2,-3.4,0.0,0.46,2.85,7.4,72
shaanxi_guanzhong,1992-12-27,7.4,-4.2,0.0,1.33,11.34,7.4,58
shaanxi_guanzhong,1992-12-28,7.8,-4.6,0.0,1.25,10.93,3.6,65
shaanxi_guanzhong,1992-12-29,8.7,-4.0,0.0,1.18,9.51,6.6,67
shaanxi_guanzhong,1992-12-30,8.4,-4.1,0.0,1.33,11.43,9.7,70
shaanxi_guanzhong,1992-12-31,6.3,-1.9,0.0,1.0,8.87,8.8,72
shaanxi_guanzhong,1993-01-01,10.6,-4.1,0.0,1.38,11.73,8.4,77
shaanxi_guanzhong,1993-01-02,7.7,-1.9,0.0,0.89,6.82,8.8,77
shaanxi_guanzhong,1993-01-03,6.5,-2.8,0.0,1.07,8.7,7.5,62
shaanxi_guanzhong,1993-01-04,2.6,-3.2,0.2,0.68,5.1,10.5,71
shaanxi_guanzhong,1993-01-05,2.8,-1.6,3.4,0.67,6.33,8.7,84
shaanxi_guanzhong,1993-01-06,4.6,-1.8,0.0,0.8,7.17,8.1,81
shaanxi_guanzhong,1993-01-07,5.6,-2.8,1.6,0.91,7.56,12.6,76
shaanxi_guanzhong,1993-01-08,3.5,-0.4,4.5,0.66,5.52,9.4,80
shaanxi_guanzhong,1993-01-09,-0.1,-2.4,2.4,0.51,4.76,6.2,79
shaanxi_guanzhong,1993-01-10,0.7,-3.8,0.3,0.62,5.68,6.0,77
shaanxi_guanzhong,1993-01-11,2.6,-6.0,0.0,1.01,11.1,9.6,72
shaanxi_guanzhong,1993-01-12,0.8,-2.2,2.2,0.6,5.58,5.5,74
shaanxi_guanzhong,1993-01-13,-0.4,-4.9,3.3,0.78,5.65,13.0,65
shaanxi_guanzhong,1993-01-14,-1.7,-5.1,0.0,1.02,10.48,7.8,50
shaanxi_guanzhong,1993-01-15,-2.1,-7.1,0.0,1.01,12.42,5.6,51
shaanxi_guanzhong,1993-01-16,-0.4,-8.3,0.0,1.06,12.99,5.4,54
shaanxi_guanzhong,1993-01-17,2.7,-7.5,0.0,1.23,13.25,10.1,55
shaanxi_guanzhong,1993-01-18,-0.3,-6.8,0.0,1.11,10.74,9.9,49
shaanxi_guanzhong,1993-01-19,-0.1,-6.4,0.0,0.98,10.09,7.3,51
shaanxi_guanzhong,1993-01-20,-0.4,-5.3,0.0,0.9,10.22,10.8,63
shaanxi_guanzhong,1993-01-21,-0.8,-4.4,0.0,0.79,7.88,6.6,58
shaanxi_guanzhong,1993-01-22,3.5,-5.9,0.0,1.24,12.28,9.5,55
shaanxi_guanzhong,1993-01-23,3.8,-8.0,0.0,1.43,14.01,7.9,50
shaanxi_guanzhong,1993-01-24,6.0,-7.0,0.0,1.5,13.83,6.6,57
shaanxi_guanzhong,1993-01-25,7.6,-5.7,0.0,1.56,13.39,6.8,64
shaanxi_guanzhong,1993-01-26,6.4,-4.6,0.0,1.47,11.81,10.4,50
shaanxi_guanzhong,1993-01-27,4.5,-6.1,0.0,1.57,14.17,12.4,50
shaanxi_guanzhong,1993-01-28,7.9,-3.7,0.0,1.62,13.78,7.1,49
shaanxi_guanzhong,1993-01-29,10.2,-3.7,0.0,1.79,14.35,8.7,48
shaanxi_guanzhong,1993-01-30,10.9,-4.4,0.0,1.81,14.55,6.1,56
shaanxi_guanzhong,1993-01-31,8.2,-2.7,0.0,1.73,13.96,7.6,60
shaanxi_guanzhong,1993-02-01,8.4,-0.1,0.0,1.52,11.46,7.6,53
shaanxi_guanzhong,1993-02-02,10.1,-3.1,0.0,1.44,11.32,5.5,72
shaanxi_guanzhong,1993-02-03,12.5,-3.4,0.0,1.95,14.99,6.9,71
shaanxi_guanzhong,1993-02-04,15.7,-1.5,0.0,2.12,15.1,5.6,72
shaanxi_guanzhong,1993-02-05,21.1,2.0,0.0,2.37,15.52,7.2,68
shaanxi_guanzhong,1993-02-06,12.1,-0.4,0.0,2.29,15.45,11.6,50
shaanxi_guanzhong,1993-02-07,8.8,-2.6,1.9,1.75,12.19,12.9,56
shaanxi_guanzhong,1993-02-08,10.7,0.1,1.1,2.0,15.65,9.7,64
shaanxi_guanzhong,1993-02-09,10.2,-0.4,0.0,1.69,12.81,10.0,58
shaanxi_guanzhong,1993-02-10,15.0,0.1,0.0,2.41,15.93,11.8,59
shaanxi_guanzhong,1993-02-11,12.5,-1.5,0.0,1.96,13.13,10.9,53
shaanxi_guanzhong,1993-02-12,15.0,-0.4,0.0,2.27,15.92,5.4,61
shaanxi_guanzhong,1993-02-13,11.7,0.6,4.5,1.12,7.34,7.1,81
shaanxi_guanzhong,1993-02-14,7.0,5.0,14.6,0.44,2.17,6.0,89
shaanxi_guanzhong,1993-02-15,10.9,2.6,0.7,1.54,11.44,9.7,80
shaanxi_guanzhong,1993-02-16,12.3,-1.2,2.0,2.04,15.74,8.7,78
shaanxi_guanzhong,1993-02-17,12.2,2.6,0.2,1.57,11.13,11.0,77
shaanxi_guanzhong,1993-02-18,10.4,4.4,0.0,1.18,6.71,19.8,80
shaanxi_guanzhong,1993-02-19,5.1,1.0,10.0,0.58,5.26,17.7,91
shaanxi_guanzhong,1993-02-20,3.9,-0.1,2.7,0.85,6.96,8.4,83
shaanxi_guanzhong,1993-02-21,7.2,-1.3,0.0,1.37,9.47,10.5,67
shaanxi_guanzhong,1993-02-22,3.7,-4.3,0.0,1.69,14.55,7.9,50
shaanxi_guanzhong,1993-02-23,2.6,-5.2,0.0,1.74,13.08,12.2,37
shaanxi_guanzhong,1993-02-24,4.7,-3.7,0.0,1.68,15.18,10.6,57
shaanxi_guanzhong,1993-02-25,6.3,-2.9,0.0,1.5,13.22,10.0,69
shaanxi_guanzhong,1993-02-26,6.6,-0.7,0.0,1.43,11.55,7.4,68
shaanxi_guanzhong,1993-02-27,7.6,-3.4,0.0,2.23,18.06,9.7,51
shaanxi_guanzhong,1993-02-28,5.2,-4.7,0.0,1.52,11.88,8.0,45
shaanxi_guanzhong,1993-03-01,7.2,-4.6,0.0,2.02,16.92,13.2,46
shaanxi_guanzhong,1993-03-02,8.8,-1.8,0.0,1.34,9.87,5.6,59
shaanxi_guanzhong,1993-03-03,13.3,-2.8,0.0,2.66,19.63,7.4,65
shaanxi_guanzhong,1993-03-04,18.1,0.2,0.0,2.99,19.68,9.3,67
shaanxi_guanzhong,1993-03-05,12.9,3.1,0.2,2.57,16.59,15.0,54
shaanxi_guanzhong,1993-03-06,11.9,0.9,0.0,2.7,18.69,11.2,47
shaanxi_guanzhong,1993-03-07,9.8,2.3,0.0,1.62,10.45,10.0,59
shaanxi_guanzhong,1993-03-08,9.9,1.3,0.7,1.5,11.0,9.8,75
shaanxi_guanzhong,1993-03-09,14.2,0.6,0.0,2.76,20.04,13.2,72
shaanxi_guanzhong,1993-03-10,18.7,1.2,0.0,3.09,20.17,6.5,69
shaanxi_guanzhong,1993-03-11,18.4,6.0,0.0,3.42,20.45,15.5,54
shaanxi_guanzhong,1993-03-12,13.8,5.9,3.2,1.64,9.75,19.4,77
shaanxi_guanzhong,1993-03-13,10.8,7.1,4.1,0.8,5.13,11.8,91
shaanxi_guanzhong,1993-03-14,7.7,6.2,2.7,0.55,3.02,7.6,92
shaanxi_guanzhong,1993-03-15,9.1,4.1,8.5,0.84,5.93,19.2,90
shaanxi_guanzhong,1993-03-16,6.0,1.1,14.3,0.74,4.81,11.8,86
shaanxi_guanzhong,1993-03-17,2.3,0.3,13.9,0.75,7.13,7.7,94
shaanxi_guanzhong,1993-03-18,4.6,0.8,5.7,0.88,7.6,6.3,85
shaanxi_guanzhong,1993-03-19,7.0,1.5,3.1,1.41,11.66,6.2,77
shaanxi_guanzhong,1993-03-20,9.1,1.1,4.1,1.48,11.31,5.1,78
shaanxi_guanzhong,1993-03-21,10.0,0.1,0.1,1.58,11.96,7.6,78
shaanxi_guanzhong,1993-03-22,13.0,1.5,0.0,2.55,19.04,10.2,71
shaanxi_guanzhong,1993-03-23,11.1,4.4,0.5,1.6,11.24,6.6,76
shaanxi_guanzhong,1993-03-24,14.7,0.9,0.0,2.69,20.11,10.8,82
shaanxi_guanzhong,1993-03-25,13.5,5.8,2.1,1.27,7.47,3.7,81
shaanxi_guanzhong,1993-03-26,13.7,6.7,0.9,1.39,8.68,11.1,82
shaanxi_guanzhong,1993-03-27,10.6,7.0,3.6,1.06,6.48,6.2,82
shaanxi_guanzhong,1993-03-28,11.2,6.5,6.4,1.12,7.1,9.5,86
shaanxi_guanzhong,1993-03-29,12.1,3.6,2.4,1.53,10.22,5.4,81
shaanxi_guanzhong,1993-03-30,19.6,1.8,0.0,3.83,24.03,5.0,70
shaanxi_guanzhong,1993-03-31,18.8,5.3,0.0,2.95,17.78,8.2,72
shaanxi_guanzhong,1993-04-01,18.3,5.4,0.0,2.71,16.28,6.8,72
shaanxi_guanzhong,1993-04-02,15.9,6.4,7.9,1.54,8.42,17.7,82
shaanxi_guanzhong,1993-04-03,8.9,5.0,15.5,0.65,3.57,11.4,88
shaanxi_guanzhong,1993-04-04,8.9,3.9,9.4,1.02,7.39,12.1,88
shaanxi_guanzhong,1993-04-05,12.0,4.9,1.2,1.65,10.75,5.2,79
shaanxi_guanzhong,1993-04-06,15.1,4.7,0.1,2.59,16.47,8.0,74
shaanxi_guanzhong,1993-04-07,11.1,3.7,5.0,1.61,11.82,13.0,84
shaanxi_guanzhong,1993-04-08,11.0,0.9,0.0,2.32,18.23,10.0,77
shaanxi_guanzhong,1993-04-09,11.6,1.3,0.4,1.84,12.68,8.5,76
shaanxi_guanzhong,1993-04-10,13.8,1.9,0.0,2.84,19.67,12.2,69
shaanxi_guanzhong,1993-04-11,14.4,3.6,0.0,2.7,18.53,11.9,65
shaanxi_guanzhong,1993-04-12,14.0,5.5,0.6,2.1,13.9,8.6,76
shaanxi_guanzhong,1993-04-13,13.5,7.9,5.6,1.46,9.08,6.3,83
shaanxi_guanzhong,1993-04-14,15.2,6.4,0.3,2.0,12.16,3.5,81
shaanxi_guanzhong,1993-04-15,18.3,6.1,0.0,3.54,22.12,4.0,74
shaanxi_guanzhong,1993-04-16,19.4,5.8,0.0,3.23,19.11,10.2,71
shaanxi_guanzhong,1993-04-17,15.9,9.4,4.8,1.51,8.89,6.3,85
shaanxi_guanzhong,1993-04-18,20.0,4.1,0.0,4.25,26.31,4.5,72
shaanxi_guanzhong,1993-04-19,22.0,6.3,0.0,3.86,22.53,3.5,69
shaanxi_guanzhong,1993-04-20,24.9,7.9,0.0,4.68,25.31,11.5,69
shaanxi_guanzhong,1993-04-21,23.1,9.4,0.0,4.61,25.96,8.0,57
shaanxi_guanzhong,1993-04-22,27.8,10.3,0.0,4.83,25.72,10.2,68
shaanxi_guanzhong,1993-04-23,28.5,12.9,0.0,4.67,23.42,14.3,70
shaanxi_guanzhong,1993-04-24,22.2,10.6,0.0,4.67,25.15,12.0,51
shaanxi_guanzhong,1993-04-25,22.0,10.7,0.0,4.43,25.34,7.9,48
shaanxi_guanzhong,1993-04-26,27.9,11.9,0.0,4.74,25.02,5.5,71
shaanxi_guanzhong,1993-04-27,27.2,14.9,0.4,4.58,23.55,9.3,71
shaanxi_guanzhong,1993-04-28,25.8,14.0,0.3,4.38,22.83,9.1,70
shaanxi_guanzhong,1993-04-29,27.1,13.7,2.7,4.44,22.95,8.6,74
shaanxi_guanzhong,1993-04-30,18.0,13.9,18.6,1.03,4.25,8.2,85
shaanxi_guanzhong,1993-05-01,17.3,10.4,9.3,2.0,11.55,6.6,78
shaanxi_guanzhong,1993-05-02,21.2,9.4,0.0,3.97,23.08,8.9,69
shaanxi_guanzhong,1993-05-03,24.4,12.7,0.0,4.34,23.55,8.7,64
shaanxi_guanzhong,1993-05-04,22.8,12.8,0.0,3.34,17.99,5.7,73
shaanxi_guanzhong,1993-05-05,22.7,13.9,0.0,3.1,16.19,7.9,72
shaanxi_guanzhong,1993-05-06,17.5,11.7,0.5,2.41,11.18,13.5,65
shaanxi_guanzhong,1993-05-07,15.6,9.9,1.8,1.7,8.83,6.4,66
shaanxi_guanzhong,1993-05-08,15.8,8.1,8.8,2.42,15.21,6.6,76
shaanxi_guanzhong,1993-05-09,22.5,5.4,0.0,4.66,27.51,10.2,68
shaanxi_guanzhong,1993-05-10,25.5,12.2,0.0,3.9,20.37,13.5,70
shaanxi_guanzhong,1993-05-11,23.6,15.6,0.0,3.18,12.86,19.0,68
shaanxi_guanzhong,1993-05-12,14.8,9.9,11.6,1.36,5.66,17.3,79
shaanxi_guanzhong,1993-05-13,14.9,9.0,2.2,2.19,13.5,10.7,75
shaanxi_guanzhong,1993-05-14,14.6,7.9,2.4,2.01,12.34,5.4,77
shaanxi_guanzhong,1993-05-15,17.0,10.4,5.7,2.44,14.23,7.9,79
shaanxi_guanzhong,1993-05-16,20.3,8.3,0.0,3.02,17.23,6.2,72
shaanxi_guanzhong,1993-05-17,21.8,11.5,0.0,3.69,20.75,6.2,72
shaanxi_guanzhong,1993-05-18,22.0,12.6,0.2,3.47,18.68,9.7,71
shaanxi_guanzhong,1993-05-19,20.4,11.7,2.9,2.77,15.32,7.1,75
shaanxi_guanzhong,1993-05-20,19.0,11.2,5.1,2.23,10.23,16.5,73
shaanxi_guanzhong,1993-05-21,24.1,8.7,0.0,4.6,24.74,7.8,61
shaanxi_guanzhong,1993-05-22,25.0,8.9,0.0,4.33,23.49,4.8,61
shaanxi_guanzhong,1993-05-23,27.5,11.1,0.0,5.22,27.52,6.2,65
shaanxi_guanzhong,1993-05-24,30.5,13.5,0.0,5.66,25.42,12.3,60
shaanxi_guanzhong,1993-05-25,27.9,18.0,0.0,4.39,18.31,9.3,49
shaanxi_guanzhong,1993-05-26,21.1,14.5,0.4,2.17,11.4,6.0,78
shaanxi_guanzhong,1993-05-27,22.7,11.4,3.0,4.45,25.59,6.4,78
shaanxi_guanzhong,1993-05-28,24.9,9.5,0.0,5.28,29.41,4.6,63
shaanxi_guanzhong,1993-05-29,22.3,11.5,1.7,2.46,12.46,7.5,73
shaanxi_guanzhong,1993-05-30,27.1,10.7,0.0,5.3,28.7,4.9,70
shaanxi_guanzhong,1993-05-31,24.8,14.5,13.2,2.59,12.71,17.1,79
shaanxi_guanzhong,1993-06-01,26.4,10.4,0.0,5.58,29.75,10.1,63
shaanxi_guanzhong,1993-06-02,23.1,12.4,0.0,2.36,11.37,5.5,68
shaanxi_guanzhong,1993-06-03,18.6,14.0,19.0,0.88,3.51,7.2,84
shaanxi_guanzhong,1993-06-04,25.5,9.1,0.0,5.45,30.26,4.7,66
shaanxi_guanzhong,1993-06-05,28.6,11.1,0.0,5.26,27.23,5.7,64
shaanxi_guanzhong,1993-06-06,29.5,15.1,0.0,5.12,26.27,4.5,65
shaanxi_guanzhong,1993-06-07,28.6,16.2,0.0,4.78,23.95,7.6,66
shaanxi_guanzhong,1993-06-08,29.3,17.4,0.0,5.11,25.68,8.0,71
shaanxi_guanzhong,1993-06-09,30.2,18.3,0.0,5.09,25.25,6.8,71
shaanxi_guanzhong,1993-06-10,25.9,19.1,2.0,2.29,10.69,7.7,78
shaanxi_guanzhong,1993-06-11,24.4,17.0,15.2,3.16,14.35,17.0,72
shaanxi_guanzhong,1993-06-12,28.4,14.8,0.0,5.77,28.38,10.8,55
shaanxi_guanzhong,1993-06-13,29.2,15.0,0.0,4.44,21.23,9.0,62
shaanxi_guanzhong,1993-06-14,31.4,14.3,0.0,6.19,29.85,9.4,58
shaanxi_guanzhong,1993-06-15,31.3,16.8,0.0,5.8,28.06,10.5,59
shaanxi_guanzhong,1993-06-16,27.9,20.0,1.8,4.04,18.39,8.8,65
shaanxi_guanzhong,1993-06-17,29.0,14.5,0.0,5.33,26.85,6.6,63
shaanxi_guanzhong,1993-06-18,30.0,16.0,0.0,5.74,28.8,8.2,65
shaanxi_guanzhong,1993-06-19,27.3,17.5,0.0,2.79,13.1,4.0,66
shaanxi_guanzhong,1993-06-20,24.2,19.2,13.1,1.05,3.96,12.2,82
shaanxi_guanzhong,1993-06-21,25.6,17.4,1.7,3.1,12.35,13.6,67
shaanxi_guanzhong,1993-06-22,30.9,14.9,0.0,5.97,28.74,8.0,59
shaanxi_guanzhong,1993-06-23,31.1,16.2,0.3,4.88,22.81,13.4,64
shaanxi_guanzhong,1993-06-24,28.2,15.2,0.0,5.27,26.51,9.9,68
shaanxi_guanzhong,1993-06-25,30.1,14.4,0.0,5.95,27.47,12.4,62
shaanxi_guanzhong,1993-06-26,23.0,20.1,17.7,1.35,4.92,10.9,83
shaanxi_guanzhong,1993-06-27,20.5,19.4,61.6,0.53,1.46,5.2,92
shaanxi_guanzhong,1993-06-28,23.1,16.6,24.6,1.57,7.06,8.5,85
shaanxi_guanzhong,1993-06-29,30.1,15.0,0.0,5.94,28.9,11.6,67
shaanxi_guanzhong,1993-06-30,27.9,14.7,0.0,5.52,28.54,8.6,65
shaanxi_guanzhong,1993-07-01,27.4,17.8,2.7,4.19,21.43,9.9,73
shaanxi_guanzhong,1993-07-02,27.0,18.4,1.5,3.81,19.54,6.6,83
shaanxi_guanzhong,1993-07-03,28.2,18.3,7.7,4.65,23.68,6.3,79
shaanxi_guanzhong,1993-07-04,28.6,20.1,0.0,4.73,23.71,5.7,76
shaanxi_guanzhong,1993-07-05,29.3,19.2,0.0,4.14,20.07,7.6,75
shaanxi_guanzhong,1993-07-06,25.7,21.0,0.2,2.32,10.93,4.9,76
shaanxi_guanzhong,1993-07-07,29.4,15.3,0.0,5.29,26.51,7.3,71
shaanxi_guanzhong,1993-07-08,31.0,18.1,0.2,5.19,25.16,9.0,69
shaanxi_guanzhong,1993-07-09,30.4,19.5,0.7,5.2,25.66,7.4,75
shaanxi_guanzhong,1993-07-10,28.5,22.0,0.9,2.79,12.98,5.8,79
shaanxi_guanzhong,1993-07-11,29.7,20.1,2.8,4.33,21.28,6.8,78
shaanxi_guanzhong,1993-07-12,29.5,23.0,26.3,2.8,12.99,6.1,84
shaanxi_guanzhong,1993-07-13,23.3,20.5,33.9,0.79,3.01,6.1,94
shaanxi_guanzhong,1993-07-14,23.2,19.3,6.2,1.64,7.93,9.0,91
shaanxi_guanzhong,1993-07-15,23.9,19.5,16.5,1.54,6.89,7.6,87
shaanxi_guanzhong,1993-07-16,27.9,20.6,1.7,3.97,19.86,5.0,77
shaanxi_guanzhong,1993-07-17,30.6,18.4,0.0,5.19,25.41,5.2,75
shaanxi_guanzhong,1993-07-18,30.3,19.5,2.8,4.68,23.0,3.8,77
shaanxi_guanzhong,1993-07-19,27.1,20.3,0.7,3.19,15.73,7.1,83
shaanxi_guanzhong,1993-07-20,27.0,19.8,1.3,3.73,17.62,14.4,76
shaanxi_guanzhong,1993-07-21,21.6,19.4,53.9,0.57,1.83,15.0,94
shaanxi_guanzhong,1993-07-22,20.7,18.0,21.0,1.09,4.78,10.4,92
shaanxi_guanzhong,1993-07-23,25.0,18.2,2.5,3.69,20.06,12.2,84
shaanxi_guanzhong,1993-07-24,24.5,17.2,0.0,2.71,13.91,8.4,84
shaanxi_guanzhong,1993-07-25,28.4,17.8,0.0,4.8,25.07,8.2,82
shaanxi_guanzhong,1993-07-26,28.2,20.1,0.0,4.21,21.41,7.7,81
shaanxi_guanzhong,1993-07-27,26.8,21.1,1.4,3.45,17.52,10.6,84
shaanxi_guanzhong,1993-07-28,27.3,21.3,5.4,3.69,18.51,6.5,85
shaanxi_guanzhong,1993-07-29,26.9,20.0,3.9,3.32,16.41,6.5,80
shaanxi_guanzhong,1993-07-30,28.7,17.0,0.0,4.94,25.14,3.6,73
shaanxi_guanzhong,1993-07-31,28.9,20.8,0.0,4.41,21.66,7.4,76
shaanxi_guanzhong,1993-08-01,30.0,18.0,0.0,5.34,27.03,5.6,78
shaanxi_guanzhong,1993-08-02,30.2,19.8,0.1,4.93,24.34,8.0,80
shaanxi_guanzhong,1993-08-03,28.3,22.1,13.1,3.02,14.58,9.3,85
shaanxi_guanzhong,1993-08-04,29.8,23.1,67.8,3.28,14.31,14.7,79
shaanxi_guanzhong,1993-08-05,27.3,20.9,8.2,2.38,10.92,9.0,80
shaanxi_guanzhong,1993-08-06,28.7,20.5,4.5,4.39,21.96,6.1,82
shaanxi_guanzhong,1993-08-07,29.6,18.9,0.3,5.26,26.32,6.0,78
shaanxi_guanzhong,1993-08-08,28.3,18.2,10.7,4.07,20.53,7.4,82
shaanxi_guanzhong,1993-08-09,24.6,21.2,5.8,1.79,8.71,9.2,88
shaanxi_guanzhong,1993-08-10,23.2,19.4,12.0,1.05,4.17,6.4,87
shaanxi_guanzhong,1993-08-11,25.7,18.0,0.6,3.5,18.55,4.0,81
shaanxi_guanzhong,1993-08-12,24.5,17.4,0.5,2.46,12.39,7.0,83
shaanxi_guanzhong,1993-08-13,24.5,20.7,1.1,1.91,9.11,8.2,84
shaanxi_guanzhong,1993-08-14,22.7,20.5,23.9,1.07,4.83,10.5,93
shaanxi_guanzhong,1993-08-15,22.7,16.0,10.0,1.73,8.02,11.2,84
shaanxi_guanzhong,1993-08-16,27.7,13.8,0.0,5.03,26.16,6.5,71
shaanxi_guanzhong,1993-08-17,27.0,15.0,0.0,3.97,20.47,5.1,74
shaanxi_guanzhong,1993-08-18,26.8,18.0,0.0,4.12,21.43,6.3,79
shaanxi_guanzhong,1993-08-19,24.0,19.6,6.9,1.68,8.22,7.0,82
shaanxi_guanzhong,1993-08-20,25.7,19.4,0.2,3.94,21.22,6.5,77
shaanxi_guanzhong,1993-08-21,27.0,17.0,0.0,4.55,24.36,13.0,78
shaanxi_guanzhong,1993-08-22,26.2,20.1,1.3,2.26,10.4,16.4,81
shaanxi_guanzhong,1993-08-23,22.0,17.5,46.9,0.82,2.96,16.2,90
shaanxi_guanzhong,1993-08-24,23.6,14.3,4.7,2.49,12.4,10.9,82
shaanxi_guanzhong,1993-08-25,25.5,15.1,4.2,4.44,24.2,6.5,75
shaanxi_guanzhong,1993-08-26,27.4,13.3,0.0,4.78,25.45,6.4,78
shaanxi_guanzhong,1993-08-27,26.5,15.9,1.7,4.17,22.01,13.0,80
shaanxi_guanzhong,1993-08-28,21.1,18.8,10.5,1.3,6.39,8.7,90
shaanxi_guanzhong,1993-08-29,23.1,17.7,1.5,3.18,17.49,8.0,82
shaanxi_guanzhong,1993-08-30,23.1,16.1,1.4,3.15,17.04,5.2,83
shaanxi_guanzhong,1993-08-31,23.1,14.6,0.2,3.1,17.28,5.4,82
shaanxi_guanzhong,1993-09-01,24.2,14.9,1.6,3.53,19.27,5.2,80
shaanxi_guanzhong,1993-09-02,25.8,13.5,0.0,4.23,22.7,7.9,76
shaanxi_guanzhong,1993-09-03,26.6,14.5,0.0,4.37,23.18,8.0,74
shaanxi_guanzhong,1993-09-04,26.8,16.9,0.8,3.9,20.64,8.9,79
shaanxi_guanzhong,1993-09-05,27.0,16.7,0.5,3.85,19.94,10.2,78
shaanxi_guanzhong,1993-09-06,23.9,15.0,13.3,2.38,11.65,22.8,82
shaanxi_guanzhong,1993-09-07,15.3,13.3,10.8,0.96,4.44,11.5,88
shaanxi_guanzhong,1993-09-08,20.4,11.7,0.0,3.08,17.61,4.7,76
shaanxi_guanzhong,1993-09-09,18.4,15.2,11.0,1.1,4.71,6.1,81
shaanxi_guanzhong,1993-09-10,21.5,16.3,2.5,2.26,12.19,7.6,83
shaanxi_guanzhong,1993-09-11,22.8,15.1,0.0,2.48,13.6,4.1,82
shaanxi_guanzhong,1993-09-12,25.9,13.0,0.2,3.51,19.02,5.9,82
shaanxi_guanzhong,1993-09-13,24.3,15.1,0.1,2.65,13.92,8.2,81
shaanxi_guanzhong,1993-09-14,20.4,17.1,67.7,0.55,1.82,8.0,92
shaanxi_guanzhong,1993-09-15,22.9,13.9,0.7,2.31,12.79,6.6,88
shaanxi_guanzhong,1993-09-16,26.1,16.2,13.0,3.67,19.09,9.6,79
shaanxi_guanzhong,1993-09-17,27.1,15.3,0.2,3.15,16.17,5.6,73
shaanxi_guanzhong,1993-09-18,25.9,15.1,0.0,3.5,18.91,10.8,81
shaanxi_guanzhong,1993-09-19,23.1,17.2,8.0,2.07,10.53,5.9,81
shaanxi_guanzhong,1993-09-20,22.5,16.4,3.2,2.29,11.93,7.3,80
shaanxi_guanzhong,1993-09-21,25.9,13.2,0.0,3.74,20.08,5.6,72
shaanxi_guanzhong,1993-09-22,26.5,14.4,0.0,3.57,18.87,5.4,70
shaanxi_guanzhong,1993-09-23,24.9,12.7,0.0,3.65,19.77,7.6,75
shaanxi_guanzhong,1993-09-24,24.7,13.8,0.0,3.37,18.31,5.3,77
shaanxi_guanzhong,1993-09-25,25.4,15.2,0.0,3.44,17.81,10.8,73
shaanxi_guanzhong,1993-09-26,20.5,15.1,10.6,1.18,5.54,6.3,82
shaanxi_guanzhong,1993-09-27,16.7,14.0,1.5,1.22,5.73,6.6,71
shaanxi_guanzhong,1993-09-28,20.2,10.6,0.0,2.78,16.4,3.4,60
shaanxi_guanzhong,1993-09-29,22.1,7.5,0.0,3.47,20.55,4.0,71
shaanxi_guanzhong,1993-09-30,21.1,10.3,0.0,2.72,15.0,7.4,68
shaanxi_guanzhong,1993-10-01,17.3,12.5,0.2,1.2,5.9,6.0,76
shaanxi_guanzhong,1993-10-02,21.0,10.5,0.0,2.93,17.67,6.1,79
shaanxi_guanzhong,1993-10-03,18.6,11.6,8.1,1.4,7.56,5.4,85
shaanxi_guanzhong,1993-10-04,17.8,13.6,10.9,1.32,7.46,9.1,86
shaanxi_guanzhong,1993-10-05,20.1,11.5,1.0,2.5,14.83,7.9,77
shaanxi_guanzhong,1993-10-06,21.2,10.5,0.0,2.85,17.06,8.9,77
shaanxi_guanzhong,1993-10-07,21.3,11.6,0.0,2.57,14.97,8.2,78
shaanxi_guanzhong,1993-10-08,18.6,13.5,5.2,0.94,4.8,5.4,87
shaanxi_guanzhong,1993-10-09,19.7,11.4,0.0,2.3,13.02,6.4,76
shaanxi_guanzhong,1993-10-10,17.1,11.9,10.1,1.53,6.42,11.4,74
shaanxi_guanzhong,1993-10-11,14.0,10.8,13.0,0.91,5.06,6.3,90
shaanxi_guanzhong,1993-10-12,13.1,11.0,16.1,0.7,3.4,8.6,90
shaanxi_guanzhong,1993-10-13,15.7,9.0,9.1,1.72,10.02,11.5,73
shaanxi_guanzhong,1993-10-14,13.0,9.1,2.3,0.79,4.06,4.3,83
shaanxi_guanzhong,1993-10-15,16.7,7.6,0.0,1.98,12.71,5.7,81
shaanxi_guanzhong,1993-10-16,15.8,8.6,1.3,1.1,5.71,8.3,81
shaanxi_guanzhong,1993-10-17,18.6,6.7,0.0,2.69,17.24,4.6,68
shaanxi_guanzhong,1993-10-18,19.3,4.6,0.0,2.79,17.65,3.1,61
shaanxi_guanzhong,1993-10-19,19.9,6.6,0.0,2.55,15.29,5.9,71
shaanxi_guanzhong,1993-10-20,20.1,6.7,0.0,2.81,16.65,8.7,64
shaanxi_guanzhong,1993-10-21,18.7,5.2,0.0,2.59,16.45,3.8,60
shaanxi_guanzhong,1993-10-22,18.0,4.9,0.0,1.78,10.75,4.8,73
shaanxi_guanzhong,1993-10-23,18.4,4.0,0.0,2.58,16.2,6.5,63
shaanxi_guanzhong,1993-10-24,16.5,6.5,2.9,1.42,8.7,5.4,80
shaanxi_guanzhong,1993-10-25,13.7,11.6,15.1,0.66,3.56,7.6,90
shaanxi_guanzhong,1993-10-26,16.6,7.7,0.5,1.91,12.41,10.4,80
shaanxi_guanzhong,1993-10-27,12.9,10.3,2.6,0.72,3.66,8.2,82
shaanxi_guanzhong,1993-10-28,10.6,4.6,7.6,1.13,6.4,13.9,71
shaanxi_guanzhong,1993-10-29,10.9,-0.5,0.0,2.08,15.5,8.8,51
shaanxi_guanzhong,1993-10-30,16.1,-0.6,0.0,2.38,16.32,6.9,53
shaanxi_guanzhong,1993-10-31,16.8,1.6,0.0,2.32,15.91,4.1,59
shaanxi_guanzhong,1993-11-01,17.5,3.6,0.0,2.11,14.05,5.0,71
shaanxi_guanzhong,1993-11-02,18.3,3.8,0.0,2.32,15.22,5.5,72
shaanxi_guanzhong,1993-11-03,19.1,4.8,0.0,2.29,14.81,5.5,75
shaanxi_guanzhong,1993-11-04,19.8,6.9,0.0,2.11,13.37,6.9,76
shaanxi_guanzhong,1993-11-05,18.8,8.7,2.0,1.43,8.59,7.3,82
shaanxi_guanzhong,1993-11-06,15.6,10.9,0.1,1.1,5.41,7.0,67
shaanxi_guanzhong,1993-11-07,11.4,9.1,4.7,0.34,1.35,9.9,92
shaanxi_guanzhong,1993-11-08,9.0,5.4,7.8,0.41,2.36,12.7,93
shaanxi_guanzhong,1993-11-09,6.9,4.5,1.8,0.49,3.08,9.0,92
shaanxi_guanzhong,1993-11-10,7.2,5.6,7.8,0.36,1.71,5.0,94
shaanxi_guanzhong,1993-11-11,14.9,3.6,0.1,1.89,13.32,7.8,77
shaanxi_guanzhong,1993-11-12,16.6,2.7,0.0,2.09,14.01,7.7,65
shaanxi_guanzhong,1993-11-13,18.6,4.0,0.0,1.9,12.28,6.6,76
shaanxi_guanzhong,1993-11-14,18.4,5.6,0.0,2.04,13.39,7.2,78
shaanxi_guanzhong,1993-11-15,15.7,6.4,0.0,1.42,8.6,7.7,76
shaanxi_guanzhong,1993-11-16,13.0,8.8,7.0,0.88,5.16,14.5,82
shaanxi_guanzhong,1993-11-17,6.9,-0.2,4.6,0.75,5.07,13.7,73
shaanxi_guanzhong,1993-11-18,1.0,-3.0,16.9,0.41,4.0,13.7,87
shaanxi_guanzhong,1993-11-19,-1.4,-5.1,5.9,0.54,6.0,11.0,84
shaanxi_guanzhong,1993-11-20,-0.9,-3.4,6.4,0.59,5.86,8.4,73
shaanxi_guanzhong,1993-11-21,0.1,-6.9,0.0,1.06,13.29,8.6,61
shaanxi_guanzhong,1993-11-22,6.2,-3.6,0.0,1.41,12.63,6.9,59
shaanxi_guanzhong,1993-11-23,-0.4,-5.7,0.0,1.14,11.99,9.7,55
shaanxi_guanzhong,1993-11-24,3.6,-3.2,2.3,1.06,11.74,9.7,61
shaanxi_guanzhong,1993-11-25,6.9,-3.0,0.8,1.24,12.14,10.2,67
shaanxi_guanzhong,1993-11-26,9.4,-3.9,0.0,1.47,12.25,6.8,64
shaanxi_guanzhong,1993-11-27,7.2,-1.8,0.0,1.28,11.55,9.9,73
shaanxi_guanzhong,1993-11-28,4.9,0.1,0.4,0.8,6.54,12.8,74
shaanxi_guanzhong,1993-11-29,5.5,0.7,0.0,0.71,5.75,6.7,81
shaanxi_guanzhong,1993-11-30,8.3,-3.2,0.0,1.22,10.73,11.0,71
shaanxi_guanzhong,1993-12-01,9.2,0.3,0.0,1.04,8.56,7.6,77
shaanxi_guanzhong,1993-12-02,3.9,-1.6,1.0,0.6,3.56,7.6,73
shaanxi_guanzhong,1993-12-03,2.9,-2.9,0.0,0.88,8.46,6.0,72
shaanxi_guanzhong,1993-12-04,1.3,-3.9,0.2,0.6,5.12,4.6,69
shaanxi_guanzhong,1993-12-05,6.9,-5.0,0.0,1.27,11.54,7.9,71
shaanxi_guanzhong,1993-12-06,8.0,-1.8,0.0,1.26,10.99,6.5,63
shaanxi_guanzhong,1993-12-07,9.4,-2.4,0.0,1.39,11.42,9.3,70
shaanxi_guanzhong,1993-12-08,8.8,0.2,0.2,1.19,10.2,7.4,71
shaanxi_guanzhong,1993-12-09,8.7,-2.8,0.0,1.57,10.81,13.4,57
shaanxi_guanzhong,1993-12-10,8.9,-3.6,0.0,1.41,11.33,10.5,62
shaanxi_guanzhong,1993-12-11,6.7,-2.2,0.0,0.84,6.57,7.1,67
shaanxi_guanzhong,1993-12-12,4.8,-3.3,0.0,0.86,6.71,5.0,57
shaanxi_guanzhong,1993-12-13,4.2,-1.6,0.0,1.23,10.45,8.0,46
shaanxi_guanzhong,1993-12-14,0.4,-2.6,1.8,0.81,5.35,6.9,54
shaanxi_guanzhong,1993-12-15,-0.2,-3.1,1.7,0.47,4.0,6.1,75
shaanxi_guanzhong,1993-12-16,3.7,-4.6,0.0,1.19,10.19,11.8,51
shaanxi_guanzhong,1993-12-17,2.2,-6.2,0.0,0.99,9.69,6.0,46
shaanxi_guanzhong,1993-12-18,6.8,-4.9,0.0,1.24,11.51,4.7,59
shaanxi_guanzhong,1993-12-19,9.3,-4.3,0.0,1.38,11.59,7.9,62
shaanxi_guanzhong,1993-12-20,4.0,-5.0,0.0,1.16,9.04,10.5,42
shaanxi_guanzhong,1993-12-21,-0.4,-7.5,0.0,1.13,9.68,10.4,36
shaanxi_guanzhong,1993-12-22,3.6,-6.1,0.0,1.18,11.54,6.8,45
shaanxi_guanzhong,1993-12-23,6.0,-5.2,0.0,0.96,7.57,9.8,58
shaanxi_guanzhong,1993-12-24,12.0,-4.6,0.0,1.52,11.74,5.4,54
shaanxi_guanzhong,1993-12-25,11.9,-2.0,0.0,1.55,11.52,7.8,55
shaanxi_guanzhong,1993-12-26,6.9,-3.9,0.0,1.38,11.54,8.9,51
shaanxi_guanzhong,1993-12-27,8.0,-2.5,0.0,1.27,10.44,7.5,56
shaanxi_guanzhong,1993-12-28,8.4,-4.2,0.0,1.34,11.26,9.1,65
shaanxi_guanzhong,1993-12-29,6.3,-1.7,0.0,1.01,8.29,8.8,70
shaanxi_guanzhong,1993-12-30,5.1,-3.1,0.0,1.48,11.56,12.4,48
shaanxi_guanzhong,1993-12-31,3.5,-4.7,0.0,1.15,8.56,10.0,44
shaanxi_guanzhong,1994-01-01,8.3,-5.0,0.0,1.37,11.69,8.2,60
shaanxi_guanzhong,1994-01-02,8.8,-4.4,0.3,0.94,7.16,7.6,71
shaanxi_guanzhong,1994-01-03,7.8,-4.6,0.0,1.17,9.14,7.9,63
shaanxi_guanzhong,1994-01-04,5.4,-2.1,0.0,0.87,6.71,8.8,60
shaanxi_guanzhong,1994-01-05,8.4,-4.5,0.1,1.4,11.73,10.1,65
shaanxi_guanzhong,1994-01-06,4.6,-3.9,0.0,0.66,4.34,6.3,50
shaanxi_guanzhong,1994-01-07,7.9,-4.0,0.0,1.33,11.29,4.4,56
shaanxi_guanzhong,1994-01-08,13.7,-4.1,0.0,1.68,12.52,6.4,59
shaanxi_guanzhong,1994-01-09,10.7,-3.2,0.0,1.61,11.86,13.0,62
shaanxi_guanzhong,1994-01-10,9.1,-4.0,0.0,1.51,12.17,7.6,55
shaanxi_guanzhong,1994-01-11,4.8,-0.2,2.6,0.7,4.85,9.1,73
shaanxi_guanzhong,1994-01-12,5.5,-3.1,0.0,0.94,7.18,7.7,67
shaanxi_guanzhong,1994-01-13,7.5,-5.0,0.0,1.35,11.54,5.4,54
shaanxi_guanzhong,1994-01-14,8.9,-4.7,0.0,1.48,12.31,7.6,65
shaanxi_guanzhong,1994-01-15,7.9,-2.1,0.3,0.96,7.51,9.2,74
shaanxi_guanzhong,1994-01-16,3.2,-2.4,0.0,1.48,7.98,16.2,45
shaanxi_guanzhong,1994-01-17,-1.5,-3.4,4.3,0.57,3.46,7.2,58
shaanxi_guanzhong,1994-01-18,1.4,-5.6,0.0,1.19,12.33,12.9,51
shaanxi_guanzhong,1994-01-19,0.4,-4.5,0.0,1.0,10.03,5.7,43
shaanxi_guanzhong,1994-01-20,2.0,-6.9,0.0,1.51,13.5,12.9,40
shaanxi_guanzhong,1994-01-21,2.6,-8.2,0.0,1.05,9.46,5.2,37
shaanxi_guanzhong,1994-01-22,5.5,-7.4,0.0,1.51,13.77,5.5,38
shaanxi_guanzhong,1994-01-23,7.3,-6.3,0.0,1.61,13.52,10.1,42
shaanxi_guanzhong,1994-01-24,9.7,-4.9,0.0,1.7,13.85,7.1,57
shaanxi_guanzhong,1994-01-25,11.8,-3.0,0.0,2.07,13.63,11.5,49
shaanxi_guanzhong,1994-01-26,3.0,-4.8,0.0,1.44,12.07,8.4,39
shaanxi_guanzhong,1994-01-27,9.3,-3.9,0.0,1.63,13.71,4.0,47
shaanxi_guanzhong,1994-01-28,6.3,-4.6,0.0,1.76,13.47,12.1,42
shaanxi_guanzhong,1994-01-29,5.0,-1.6,0.7,1.25,8.43,11.9,54
shaanxi_guanzhong,1994-01-30,5.9,-2.3,0.7,1.17,9.73,7.9,70
shaanxi_guanzhong,1994-01-31,6.0,-3.7,0.3,0.93,7.38,7.1,70
shaanxi_guanzhong,1994-02-01,7.9,-3.8,0.0,1.49,12.3,7.4,69
shaanxi_guanzhong,1994-02-02,8.2,-2.4,0.0,1.62,13.5,11.1,64
shaanxi_guanzhong,1994-02-03,5.7,0.2,0.0,0.92,6.96,9.5,72
shaanxi_guanzhong,1994-02-04,9.4,-1.9,0.0,1.66,14.39,8.3,75
shaanxi_guanzhong,1994-02-05,8.1,-2.8,0.0,1.14,9.14,4.1,78
shaanxi_guanzhong,1994-02-06,8.6,-3.7,0.0,1.63,13.52,7.3,71
shaanxi_guanzhong,1994-02-07,9.9,-1.1,0.0,1.29,9.51,8.8,64
shaanxi_guanzhong,1994-02-08,9.4,-3.7,0.0,2.04,16.02,6.3,47
shaanxi_guanzhong,1994-02-09,7.9,-3.5,0.0,2.03,12.16,14.0,39
shaanxi_guanzhong,1994-02-10,5.4,0.2,0.5,0.87,5.23,9.7,64
shaanxi_guanzhong,1994-02-11,7.9,-4.5,0.0,1.9,16.1,9.8,66
shaanxi_guanzhong,1994-02-12,5.8,-3.0,0.0,1.45,9.68,18.8,63
shaanxi_guanzhong,1994-02-13,2.7,-1.9,0.4,0.91,7.37,12.9,74
shaanxi_guanzhong,1994-02-14,7.3,-2.3,0.0,1.52,13.33,5.4,75
shaanxi_guanzhong,1994-02-15,9.9,-3.6,0.0,1.93,15.3,7.8,69
shaanxi_guanzhong,1994-02-16,9.0,-3.0,0.0,1.67,13.05,10.9,64
shaanxi_guanzhong,1994-02-17,9.6,-0.7,0.0,1.72,12.16,14.2,67
shaanxi_guanzhong,1994-02-18,8.5,-0.3,0.2,1.4,10.66,10.5,71
shaanxi_guanzhong,1994-02-19,9.2,0.4,0.0,1.54,11.97,5.9,68
shaanxi_guanzhong,1994-02-20,11.5,0.6,0.0,2.39,17.96,10.5,55
shaanxi_guanzhong,1994-02-21,15.0,-0.9,0.0,2.53,17.61,9.7,56
shaanxi_guanzhong,1994-02-22,9.2,0.7,1.7,1.1,6.14,8.7,58
shaanxi_guanzhong,1994-02-23,0.5,-4.2,21.4,0.46,4.47,14.3,86
shaanxi_guanzhong,1994-02-24,0.7,-6.6,0.2,1.34,16.26,8.7,74
shaanxi_guanzhong,1994-02-25,1.0,-6.1,0.4,1.04,11.68,8.9,69
shaanxi_guanzhong,1994-02-26,1.9,-3.3,0.4,1.05,10.65,5.7,75
shaanxi_guanzhong,1994-02-27,3.8,-4.2,0.0,1.29,12.08,6.0,79
shaanxi_guanzhong,1994-02-28,3.4,-2.0,1.6,1.12,10.46,6.8,80
shaanxi_guanzhong,1994-03-01,7.0,-0.8,0.6,1.61,13.56,4.7,74
shaanxi_guanzhong,1994-03-02,10.8,-2.0,0.0,1.95,14.66,9.0,70
shaanxi_guanzhong,1994-03-03,15.9,-2.5,0.0,2.89,19.82,8.6,62
shaanxi_guanzhong,1994-03-04,16.4,0.3,0.0,2.95,20.04,7.4,57
shaanxi_guanzhong,1994-03-05,11.0,3.2,3.3,1.13,7.92,9.8,80
shaanxi_guanzhong,1994-03-06,14.5,6.2,2.1,2.17,14.94,10.3,76
shaanxi_guanzhong,1994-03-07,10.3,3.9,0.0,1.97,11.61,14.6,60
shaanxi_guanzhong,1994-03-08,5.4,-0.8,13.4,0.49,2.82,6.3,79
shaanxi_guanzhong,1994-03-09,2.1,-1.4,5.9,0.99,10.41,8.0,89
shaanxi_guanzhong,1994-03-10,9.9,-1.9,0.0,2.18,20.71,11.0,74
shaanxi_guanzhong,1994-03-11,7.5,2.2,1.0,0.98,6.96,7.6,76
shaanxi_guanzhong,1994-03-12,4.1,-0.1,6.3,0.66,5.5,12.0,88
shaanxi_guanzhong,1994-03-13,4.5,-2.1,3.2,1.77,15.62,8.1,62
shaanxi_guanzhong,1994-03-14,5.7,-4.3,0.0,2.15,19.18,10.2,47
shaanxi_guanzhong,1994-03-15,7.9,-2.0,0.0,2.11,17.24,5.4,53
shaanxi_guanzhong,1994-03-16,9.4,0.2,0.0,1.69,11.76,7.0,61
shaanxi_guanzhong,1994-03-17,14.9,-2.8,0.0,3.04,21.54,8.1,63
shaanxi_guanzhong,1994-03-18,17.9,1.7,0.0,3.37,22.03,8.9,67
shaanxi_guanzhong,1994-03-19,19.7,4.7,0.0,3.51,21.66,5.9,64
shaanxi_guanzhong,1994-03-20,11.3,6.0,4.0,0.91,5.08,10.2,76
shaanxi_guanzhong,1994-03-21,14.6,2.2,0.0,2.39,15.95,4.2,71
shaanxi_guanzhong,1994-03-22,12.4,2.7,0.8,3.02,18.08,19.5,50
shaanxi_guanzhong,1994-03-23,15.7,-1.6,0.0,3.52,23.73,13.2,52
shaanxi_guanzhong,1994-03-24,17.3,-0.2,0.0,3.46,22.44,8.3,52
shaanxi_guanzhong,1994-03-25,13.7,1.4,0.0,2.64,17.06,11.7,49
shaanxi_guanzhong,1994-03-26,12.7,1.7,0.0,2.73,17.71,14.5,45
shaanxi_guanzhong,1994-03-27,10.9,4.7,0.0,1.59,10.44,9.6,71
shaanxi_guanzhong,1994-03-28,17.6,2.0,0.0,2.73,16.42,7.2,66
shaanxi_guanzhong,1994-03-29,18.4,2.3,0.0,3.48,21.96,8.1,61
shaanxi_guanzhong,1994-03-30,16.8,7.6,0.0,2.53,15.28,6.9,65
shaanxi_guanzhong,1994-03-31,18.7,4.9,0.2,3.3,20.17,7.1,70
shaanxi_guanzhong,1994-04-01,22.0,5.4,0.0,4.21,24.5,8.2,59
shaanxi_guanzhong,1994-04-02,21.5,6.6,0.3,3.03,16.03,8.3,57
shaanxi_guanzhong,1994-04-03,22.5,7.3,0.0,4.0,23.42,6.1,68
shaanxi_guanzhong,1994-04-04,23.4,8.8,0.0,3.46,18.66,7.7,65
shaanxi_guanzhong,1994-04-05,23.3,10.9,0.0,4.14,22.64,9.2,61
shaanxi_guanzhong,1994-04-06,22.9,10.9,0.0,3.78,20.13,12.3,64
shaanxi_guanzhong,1994-04-07,21.9,12.4,1.6,2.74,12.33,20.4,73
shaanxi_guanzhong,1994-04-08,13.9,4.1,9.4,0.67,4.11,17.9,91
shaanxi_guanzhong,1994-04-09,4.8,3.3,11.2,0.49,2.68,12.8,92
shaanxi_guanzhong,1994-04-10,9.4,2.8,1.5,1.38,10.03,7.3,85
shaanxi_guanzhong,1994-04-11,11.3,5.0,9.4,1.14,6.38,18.8,82
shaanxi_guanzhong,1994-04-12,14.9,3.0,0.0,3.55,23.36,5.8,52
shaanxi_guanzhong,1994-04-13,16.7,2.1,0.0,3.61,23.42,4.1,55
shaanxi_guanzhong,1994-04-14,18.8,4.1,0.0,3.73,23.07,5.2,65
shaanxi_guanzhong,1994-04-15,19.6,5.4,0.0,3.35,20.52,5.4,72
shaanxi_guanzhong,1994-04-16,21.6,6.5,0.7,3.35,19.43,6.2,72
shaanxi_guanzhong,1994-04-17,18.7,12.6,0.3,2.15,12.07,9.1,79
shaanxi_guanzhong,1994-04-18,15.5,12.3,17.5,0.87,4.57,13.1,93
shaanxi_guanzhong,1994-04-19,13.3,12.0,16.1,0.51,1.89,8.4,95
shaanxi_guanzhong,1994-04-20,15.5,10.8,0.3,1.95,11.79,11.4,81
shaanxi_guanzhong,1994-04-21,16.0,8.6,0.0,2.06,12.35,6.6,78
shaanxi_guanzhong,1994-04-22,20.5,6.7,0.8,4.05,24.16,8.8,77
shaanxi_guanzhong,1994-04-23,14.6,10.8,0.8,1.38,7.28,7.6,79
shaanxi_guanzhong,1994-04-24,14.0,9.3,5.2,1.1,5.76,5.7,87
shaanxi_guanzhong,1994-04-25,18.9,7.7,0.0,2.8,16.6,5.8,79
shaanxi_guanzhong,1994-04-26,18.8,10.2,4.3,1.81,9.96,5.7,82
shaanxi_guanzhong,1994-04-27,23.5,9.4,0.0,4.46,25.26,3.9,69
shaanxi_guanzhong,1994-04-28,26.6,10.2,0.0,4.59,24.28,10.2,70
shaanxi_guanzhong,1994-04-29,29.9,11.0,0.0,5.26,26.76,9.4,67
shaanxi_guanzhong,1994-04-30,29.9,13.6,0.0,5.32,26.8,9.4,70
shaanxi_guanzhong,1994-05-01,28.8,15.2,1.0,4.73,23.48,12.8,70
shaanxi_guanzhong,1994-05-02,19.0,9.2,2.4,3.55,15.45,23.8,57
shaanxi_guanzhong,1994-05-03,20.1,6.1,0.0,4.83,26.85,15.1,43
shaanxi_guanzhong,1994-05-04,19.8,5.5,0.0,4.88,27.94,14.8,40
shaanxi_guanzhong,1994-05-05,21.1,5.5,0.0,4.32,24.33,7.2,48
shaanxi_guanzhong,1994-05-06,23.8,6.6,0.0,4.87,27.46,7.0,47
shaanxi_guanzhong,1994-05-07,26.9,9.7,0.0,5.31,27.88,6.5,52
shaanxi_guanzhong,1994-05-08,28.8,11.2,0.0,5.53,27.43,10.5,55
shaanxi_guanzhong,1994-05-09,26.7,13.1,0.0,3.49,14.88,11.9,60
shaanxi_guanzhong,1994-05-10,27.8,11.6,0.0,5.72,28.68,10.9,45
shaanxi_guanzhong,1994-05-11,30.1,14.4,0.0,5.9,27.56,13.3,47
shaanxi_guanzhong,1994-05-12,26.1,17.3,0.2,2.56,11.08,7.9,59
shaanxi_guanzhong,1994-05-13,30.3,14.9,0.0,5.04,23.77,9.4,52
shaanxi_guanzhong,1994-05-14,30.4,13.5,0.0,5.8,28.27,7.8,47
shaanxi_guanzhong,1994-05-15,28.9,16.2,0.0,4.2,18.24,9.0,51
shaanxi_guanzhong,1994-05-16,29.5,13.5,0.0,4.24,18.36,9.2,47
shaanxi_guanzhong,1994-05-17,24.8,12.6,0.0,4.98,25.65,8.7,41
shaanxi_guanzhong,1994-05-18,28.8,12.1,0.0,5.45,26.27,9.7,49
shaanxi_guanzhong,1994-05-19,28.0,17.4,0.0,3.82,18.35,6.3,66
shaanxi_guanzhong,1994-05-20,26.0,15.4,0.0,5.06,24.34,10.9,44
shaanxi_guanzhong,1994-05-21,26.4,9.6,0.0,5.32,28.83,6.2,40
shaanxi_guanzhong,1994-05-22,27.6,13.1,0.0,4.9,25.44,4.5,52
shaanxi_guanzhong,1994-05-23,28.5,15.0,0.0,4.55,21.86,11.0,60
shaanxi_guanzhong,1994-05-24,29.2,13.0,0.0,5.34,27.76,4.7,56
shaanxi_guanzhong,1994-05-25,25.0,16.1,0.6,3.19,12.69,12.9,61
shaanxi_guanzhong,1994-05-26,27.7,14.2,0.0,5.46,25.44,9.9,45
shaanxi_guanzhong,1994-05-27,29.6,11.8,0.0,5.76,28.9,6.2,39
shaanxi_guanzhong,1994-05-28,32.9,14.5,0.0,6.15,29.0,9.4,44
shaanxi_guanzhong,1994-05-29,33.8,15.2,0.0,5.47,24.05,7.8,41
shaanxi_guanzhong,1994-05-30,29.9,18.8,0.8,4.4,18.91,10.0,52
shaanxi_guanzhong,1994-05-31,32.6,15.5,0.0,5.99,27.97,9.2,48
shaanxi_guanzhong,1994-06-01,32.3,18.2,0.0,5.65,25.01,13.4,45
shaanxi_guanzhong,1994-06-02,32.0,18.7,0.1,5.03,22.18,12.7,52
shaanxi_guanzhong,1994-06-03,25.9,19.6,10.4,1.97,8.15,7.3,73
shaanxi_guanzhong,1994-06-04,24.6,18.2,4.0,2.78,13.21,7.9,72
shaanxi_guanzhong,1994-06-05,24.6,17.7,4.4,1.74,7.65,3.8,71
shaanxi_guanzhong,1994-06-06,18.4,16.5,21.9,0.85,3.45,6.1,90
shaanxi_guanzhong,1994-06-07,17.7,15.0,26.6,1.03,4.74,7.7,90
shaanxi_guanzhong,1994-06-08,26.6,12.6,0.0,4.8,25.28,7.9,70
shaanxi_guanzhong,1994-06-09,27.7,12.9,0.0,5.27,27.09,8.7,69
shaanxi_guanzhong,1994-06-10,24.9,17.1,0.0,3.39,16.88,9.3,71
shaanxi_guanzhong,1994-06-11,26.2,17.8,0.1,2.62,12.55,6.1,75
shaanxi_guanzhong,1994-06-12,29.4,15.5,0.0,5.47,27.78,4.5,72
shaanxi_guanzhong,1994-06-13,28.4,16.4,1.8,4.03,19.63,10.4,74
shaanxi_guanzhong,1994-06-14,25.3,19.7,5.5,1.88,7.48,12.3,80
shaanxi_guanzhong,1994-06-15,23.5,18.7,7.0,1.7,6.12,13.8,78
shaanxi_guanzhong,1994-06-16,21.8,17.6,1.8,1.59,7.2,6.5,79
shaanxi_guanzhong,1994-06-17,25.5,15.2,0.0,4.5,23.97,6.6,76
shaanxi_guanzhong,1994-06-18,29.2,15.6,0.0,5.05,25.23,8.5,70
shaanxi_guanzhong,1994-06-19,26.9,18.8,0.0,3.25,15.48,9.0,70
shaanxi_guanzhong,1994-06-20,23.5,18.6,0.8,2.29,11.12,5.9,78
shaanxi_guanzhong,1994-06-21,28.5,15.2,0.0,5.23,26.85,5.6,68
shaanxi_guanzhong,1994-06-22,30.8,17.1,0.0,5.53,27.46,7.3,67
shaanxi_guanzhong,1994-06-23,29.4,18.9,0.0,4.69,22.71,6.7,68
shaanxi_guanzhong,1994-06-24,24.1,16.1,85.6,0.85,2.64,25.7,85
shaanxi_guanzhong,1994-06-25,27.9,13.7,0.0,5.17,26.81,6.1,69
shaanxi_guanzhong,1994-06-26,31.2,16.3,0.0,5.7,28.41,5.0,69
shaanxi_guanzhong,1994-06-27,29.7,18.9,0.3,4.27,20.95,6.9,78
shaanxi_guanzhong,1994-06-28,28.5,19.9,6.9,3.36,16.34,10.3,82
shaanxi_guanzhong,1994-06-29,24.0,20.1,32.9,0.83,2.77,8.7,90
shaanxi_guanzhong,1994-06-30,23.4,17.3,10.3,1.41,5.9,8.7,86
shaanxi_guanzhong,1994-07-01,28.3,16.8,0.0,3.74,18.23,4.0,70
shaanxi_guanzhong,1994-07-02,25.3,19.7,5.5,2.15,10.14,8.3,81
shaanxi_guanzhong,1994-07-03,29.3,18.5,0.0,5.46,27.71,4.9,78
shaanxi_guanzhong,1994-07-04,30.8,18.3,0.0,5.52,27.19,6.2,74
shaanxi_guanzhong,1994-07-05,30.0,20.3,0.0,4.83,23.72,9.2,76
shaanxi_guanzhong,1994-07-06,28.2,21.3,13.9,3.88,19.14,10.1,81
shaanxi_guanzhong,1994-07-07,27.0,21.9,33.6,2.82,13.8,3.8,87
shaanxi_guanzhong,1994-07-08,27.9,21.9,26.3,2.97,14.19,7.8,84
shaanxi_guanzhong,1994-07-09,27.9,19.1,7.7,3.96,20.02,6.4,84
shaanxi_guanzhong,1994-07-10,25.9,21.5,16.3,1.82,8.37,7.0,87
shaanxi_guanzhong,1994-07-11,26.2,21.7,3.6,2.05,9.75,5.1,86
shaanxi_guanzhong,1994-07-12,28.8,17.3,0.0,5.07,25.62,8.0,80
shaanxi_guanzhong,1994-07-13,31.8,17.8,0.0,5.88,28.36,8.7,66
shaanxi_guanzhong,1994-07-14,30.4,20.0,0.0,5.05,24.27,7.9,73
shaanxi_guanzhong,1994-07-15,29.3,21.9,1.0,4.49,21.99,9.7,77
shaanxi_guanzhong,1994-07-16,28.2,20.6,7.6,4.07,20.37,7.7,79
shaanxi_guanzhong,1994-07-17,27.9,21.9,0.0,4.44,22.52,7.4,75
shaanxi_guanzhong,1994-07-18,29.3,20.1,0.0,5.18,25.98,7.7,75
shaanxi_guanzhong,1994-07-19,29.2,21.9,0.3,4.62,22.51,6.2,71
shaanxi_guanzhong,1994-07-20,28.9,20.7,2.6,4.63,23.04,8.3,76
shaanxi_guanzhong,1994-07-21,30.8,20.5,0.0,4.98,24.16,9.4,74
shaanxi_guanzhong,1994-07-22,31.3,21.8,10.3,4.82,23.08,7.8,76
shaanxi_guanzhong,1994-07-23,30.5,22.4,1.7,4.17,20.1,5.5,75
shaanxi_guanzhong,1994-07-24,31.6,23.0,0.0,5.06,23.8,7.2,70
shaanxi_guanzhong,1994-07-25,32.5,23.1,2.5,4.9,22.84,8.3,70
shaanxi_guanzhong,1994-07-26,32.3,23.2,0.0,4.78,21.65,9.4,68
shaanxi_guanzhong,1994-07-27,31.2,23.9,1.9,4.1,17.42,13.5,66
shaanxi_guanzhong,1994-07-28,26.9,21.7,3.5,2.45,9.67,7.4,71
shaanxi_guanzhong,1994-07-29,30.8,19.1,0.0,5.43,26.08,7.7,62
shaanxi_guanzhong,1994-07-30,31.2,18.8,0.0,5.34,24.75,9.8,60
shaanxi_guanzhong,1994-07-31,32.3,20.9,0.0,5.55,26.07,9.7,60
shaanxi_guanzhong,1994-08-01,33.5,22.1,0.0,5.29,24.24,8.4,65
shaanxi_guanzhong,1994-08-02,34.1,23.9,0.0,5.16,23.45,8.0,64
shaanxi_guanzhong,1994-08-03,35.1,24.5,0.0,5.53,23.94,10.7,62
shaanxi_guanzhong,1994-08-04,35.8,25.3,0.0,5.69,25.01,8.6,60
shaanxi_guanzhong,1994-08-05,35.4,24.8,13.1,5.37,23.08,9.8,64
shaanxi_guanzhong,1994-08-06,27.3,23.8,6.0,2.06,8.94,10.6,81
shaanxi_guanzhong,1994-08-07,30.1,19.0,0.0,5.17,24.58,11.2,69
shaanxi_guanzhong,1994-08-08,30.4,21.7,0.2,4.86,23.0,9.9,66
shaanxi_guanzhong,1994-08-09,32.4,21.6,0.0,5.49,25.05,13.0,63
shaanxi_guanzhong,1994-08-10,32.8,21.5,0.0,4.86,21.77,11.8,69
shaanxi_guanzhong,1994-08-11,32.3,22.9,1.7,4.03,18.52,5.2,70
shaanxi_guanzhong,1994-08-12,33.0,23.5,8.2,4.34,18.03,18.2,71
shaanxi_guanzhong,1994-08-13,30.0,22.3,0.0,5.01,18.37,12.0,50
shaanxi_guanzhong,1994-08-14,31.1,17.9,0.0,5.5,26.05,8.0,53
shaanxi_guanzhong,1994-08-15,31.5,17.0,0.0,5.59,26.88,6.9,51
shaanxi_guanzhong,1994-08-16,33.1,19.2,0.0,5.65,25.29,10.5,56
shaanxi_guanzhong,1994-08-17,32.5,19.8,0.0,5.9,22.8,14.8,55
shaanxi_guanzhong,1994-08-18,31.7,19.8,0.0,5.98,23.93,15.6,56
shaanxi_guanzhong,1994-08-19,30.1,21.5,0.0,4.21,15.85,13.1,62
shaanxi_guanzhong,1994-08-20,29.6,20.9,0.1,3.97,16.29,14.9,63
shaanxi_guanzhong,1994-08-21,26.7,20.6,0.0,3.06,13.56,8.8,66
shaanxi_guanzhong,1994-08-22,30.7,21.8,0.0,4.48,21.33,7.1,59
shaanxi_guanzhong,1994-08-23,31.0,21.6,0.0,5.16,24.12,7.3,49
shaanxi_guanzhong,1994-08-24,31.3,20.8,0.0,3.85,17.85,7.2,48
shaanxi_guanzhong,1994-08-25,29.3,21.3,0.9,3.36,14.97,8.8,63
shaanxi_guanzhong,1994-08-26,27.7,20.7,11.1,2.97,13.65,9.2,75
shaanxi_guanzhong,1994-08-27,28.1,19.8,0.1,3.4,15.15,10.2,72
shaanxi_guanzhong,1994-08-28,27.8,20.2,0.4,3.14,13.63,10.5,69
shaanxi_guanzhong,1994-08-29,29.2,19.0,0.0,3.99,18.24,9.9,69
shaanxi_guanzhong,1994-08-30,29.7,20.0,0.6,3.83,16.68,12.3,70
shaanxi_guanzhong,1994-08-31,30.9,21.7,1.9,3.63,16.43,9.0,71
shaanxi_guanzhong,1994-09-01,31.4,22.4,2.4,3.93,17.87,8.7,71
shaanxi_guanzhong,1994-09-02,31.2,20.0,0.0,4.41,19.54,13.8,68
shaanxi_guanzhong,1994-09-03,29.9,20.0,0.3,3.81,17.9,7.6,68
shaanxi_guanzhong,1994-09-04,23.6,17.6,6.0,2.4,9.69,13.6,69
shaanxi_guanzhong,1994-09-05,27.6,14.6,0.0,5.0,24.71,10.5,53
shaanxi_guanzhong,1994-09-06,29.5,17.0,0.0,4.69,22.8,10.1,53
shaanxi_guanzhong,1994-09-07,30.3,18.2,0.0,4.66,22.33,10.7,63
shaanxi_guanzhong,1994-09-08,29.4,18.7,0.7,3.33,14.46,9.5,68
shaanxi_guanzhong,1994-09-09,21.7,14.1,11.9,0.72,2.25,15.3,88
shaanxi_guanzhong,1994-09-10,14.0,12.0,18.6,0.73,2.88,11.0,85
shaanxi_guanzhong,1994-09-11,21.3,10.3,0.0,2.53,14.1,5.1,69
shaanxi_guanzhong,1994-09-12,22.6,9.1,0.0,4.01,23.19,11.0,65
shaanxi_guanzhong,1994-09-13,20.1,15.6,0.0,2.05,8.57,11.2,63
shaanxi_guanzhong,1994-09-14,19.2,13.6,5.8,1.74,7.68,13.0,74
shaanxi_guanzhong,1994-09-15,14.6,13.6,22.9,0.44,1.48,8.7,95
shaanxi_guanzhong,1994-09-16,15.5,13.9,8.8,0.76,3.48,6.3,92
shaanxi_guanzhong,1994-09-17,21.4,11.0,0.0,3.45,20.56,7.6,79
shaanxi_guanzhong,1994-09-18,22.3,10.9,0.0,3.04,17.27,3.9,77
shaanxi_guanzhong,1994-09-19,22.1,12.4,0.0,1.83,9.42,6.0,80
shaanxi_guanzhong,1994-09-20,19.7,15.4,1.8,1.06,4.28,6.0,75
shaanxi_guanzhong,1994-09-21,20.0,12.8,0.9,1.16,5.24,6.6,78
shaanxi_guanzhong,1994-09-22,21.5,10.4,0.0,2.34,12.63,7.3,77
shaanxi_guanzhong,1994-09-23,21.2,16.6,0.0,1.74,7.66,7.9,69
shaanxi_guanzhong,1994-09-24,17.9,15.2,8.5,1.04,5.18,13.6,88
shaanxi_guanzhong,1994-09-25,19.9,13.4,4.0,1.98,8.74,13.5,75
shaanxi_guanzhong,1994-09-26,23.0,9.5,0.0,3.66,21.28,5.2,60
shaanxi_guanzhong,1994-09-27,23.4,12.6,0.0,2.88,15.34,6.4,58
shaanxi_guanzhong,1994-09-28,24.9,9.9,0.0,3.78,20.88,5.1,56
shaanxi_guanzhong,1994-09-29,23.1,9.1,0.0,3.59,20.61,5.2,55
shaanxi_guanzhong,1994-09-30,23.1,9.9,0.4,3.23,17.21,6.6,62
shaanxi_guanzhong,1994-10-01,23.9,11.8,0.2,3.24,16.57,12.1,66
shaanxi_guanzhong,1994-10-02,23.5,9.4,0.0,3.47,19.48,7.5,61
shaanxi_guanzhong,1994-10-03,22.6,10.9,0.0,3.16,15.0,9.6,51
shaanxi_guanzhong,1994-10-04,18.6,9.5,0.0,2.86,14.93,7.6,38
shaanxi_guanzhong,1994-10-05,22.3,7.8,0.0,3.14,17.88,6.4,64
shaanxi_guanzhong,1994-10-06,21.7,11.8,11.0,2.49,12.77,7.9,66
shaanxi_guanzhong,1994-10-07,20.8,13.0,1.8,2.03,10.78,9.3,74
shaanxi_guanzhong,1994-10-08,18.1,13.1,1.0,1.38,6.49,6.5,69
shaanxi_guanzhong,1994-10-09,17.4,12.6,0.3,1.29,6.8,4.8,77
shaanxi_guanzhong,1994-10-10,14.5,12.1,10.8,0.55,2.15,9.4,88
shaanxi_guanzhong,1994-10-11,18.5,11.3,2.3,1.7,9.35,6.7,79
shaanxi_guanzhong,1994-10-12,18.9,7.5,0.4,2.03,11.79,5.2,74
shaanxi_guanzhong,1994-10-13,18.0,7.7,1.7,1.68,9.29,8.6,77
shaanxi_guanzhong,1994-10-14,16.1,13.1,8.1,0.66,2.94,5.2,91
shaanxi_guanzhong,1994-10-15,15.0,9.6,27.0,0.49,1.74,8.7,91
shaanxi_guanzhong,1994-10-16,9.2,6.8,15.3,0.45,1.93,9.8,90
shaanxi_guanzhong,1994-10-17,8.1,6.7,16.4,0.53,2.85,8.0,91
shaanxi_guanzhong,1994-10-18,11.7,6.1,3.1,1.1,6.81,5.8,81
shaanxi_guanzhong,1994-10-19,14.7,5.4,0.0,3.04,17.57,13.2,51
shaanxi_guanzhong,1994-10-20,13.2,1.3,0.0,2.61,17.74,10.3,49
shaanxi_guanzhong,1994-10-21,14.2,0.2,0.0,2.45,17.48,6.2,63
shaanxi_guanzhong,1994-10-22,16.0,0.8,0.0,2.52,17.22,5.7,70
shaanxi_guanzhong,1994-10-23,17.0,3.1,0.0,2.49,16.66,8.4,70
shaanxi_guanzhong,1994-10-24,17.7,4.1,0.0,2.4,15.94,7.1,73
shaanxi_guanzhong,1994-10-25,18.0,5.8,0.0,2.38,15.7,8.5,75
shaanxi_guanzhong,1994-10-26,17.2,8.0,0.0,1.99,13.04,8.0,79
shaanxi_guanzhong,1994-10-27,12.4,5.9,12.2,0.49,1.84,12.7,85
shaanxi_guanzhong,1994-10-28,12.3,3.9,0.2,2.0,14.91,5.8,68
shaanxi_guanzhong,1994-10-29,14.3,1.8,0.0,2.13,14.82,6.7,64
shaanxi_guanzhong,1994-10-30,15.0,2.4,0.0,2.06,14.14,5.8,62
shaanxi_guanzhong,1994-10-31,15.9,2.1,0.0,2.2,15.15,7.4,70
shaanxi_guanzhong,1994-11-01,17.7,4.2,0.0,1.75,9.72,12.3,70
shaanxi_guanzhong,1994-11-02,18.6,5.2,0.0,2.07,12.98,3.9,52
shaanxi_guanzhong,1994-11-03,15.1,4.8,2.6,1.36,7.75,8.6,71
shaanxi_guanzhong,1994-11-04,18.9,7.3,1.1,2.23,14.64,5.5,77
shaanxi_guanzhong,1994-11-05,20.9,6.4,0.0,2.14,12.79,6.2,67
shaanxi_guanzhong,1994-11-06,20.0,5.7,0.0,2.4,14.95,6.6,57
shaanxi_guanzhong,1994-11-07,19.3,5.0,0.0,2.21,14.0,6.4,71
shaanxi_guanzhong,1994-11-08,19.9,8.7,0.0,1.76,10.42,6.4,78
shaanxi_guanzhong,1994-11-09,18.7,9.6,0.0,2.32,13.58,9.6,60
shaanxi_guanzhong,1994-11-10,18.6,7.4,0.0,2.04,12.93,7.5,65
shaanxi_guanzhong,1994-11-11,18.9,6.9,0.0,1.8,11.38,4.6,79
shaanxi_guanzhong,1994-11-12,17.8,8.5,10.3,1.3,7.01,9.9,81
shaanxi_guanzhong,1994-11-13,11.0,4.8,27.5,0.33,1.68,14.1,95
shaanxi_guanzhong,1994-11-14,4.5,-0.4,43.2,0.21,1.2,10.2,97
shaanxi_guanzhong,1994-11-15,0.1,-1.7,5.5,0.66,7.66,7.9,94
shaanxi_guanzhong,1994-11-16,1.9,-2.3,0.5,0.72,7.7,4.9,91
shaanxi_guanzhong,1994-11-17,12.1,-1.4,0.0,1.72,13.62,7.3,78
shaanxi_guanzhong,1994-11-18,13.4,0.4,0.0,1.75,13.26,5.2,73
shaanxi_guanzhong,1994-11-19,11.0,1.1,0.0,1.48,12.5,7.7,79
shaanxi_guanzhong,1994-11-20,9.4,4.0,0.0,1.1,8.78,6.6,77
shaanxi_guanzhong,1994-11-21,12.8,4.7,0.0,1.44,11.17,6.7,80
shaanxi_guanzhong,1994-11-22,12.4,3.5,0.0,1.26,9.55,8.0,83
shaanxi_guanzhong,1994-11-23,13.9,3.9,0.0,1.5,11.63,8.9,83
shaanxi_guanzhong,1994-11-24,12.7,3.0,0.0,1.37,10.54,9.1,86
shaanxi_guanzhong,1994-11-25,10.5,5.5,0.0,0.81,5.59,7.7,87
shaanxi_guanzhong,1994-11-26,14.7,3.2,0.0,1.66,12.42,9.3,83
shaanxi_guanzhong,1994-11-27,10.5,6.1,2.1,0.67,4.35,6.1,85
shaanxi_guanzhong,1994-11-28,10.3,6.8,0.0,0.52,2.97,6.1,89
shaanxi_guanzhong,1994-11-29,10.3,6.6,4.7,0.58,3.48,8.8,91
shaanxi_guanzhong,1994-11-30,12.9,0.1,0.0,1.43,10.77,7.3,79
shaanxi_guanzhong,1994-12-01,11.2,3.3,0.0,0.87,5.73,4.0,68
shaanxi_guanzhong,1994-12-02,10.2,2.9,0.0,1.52,11.04,10.3,63
shaanxi_guanzhong,1994-12-03,9.2,0.6,0.0,1.21,10.44,8.5,75
shaanxi_guanzhong,1994-12-04,12.7,-1.1,0.0,1.51,11.83,4.0,75
shaanxi_guanzhong,1994-12-05,12.6,-1.0,0.0,1.47,11.55,5.1,80
shaanxi_guanzhong,1994-12-06,15.1,1.5,0.0,1.59,11.64,7.3,78
shaanxi_guanzhong,1994-12-07,14.4,2.7,0.0,1.57,11.47,12.1,80
shaanxi_guanzhong,1994-12-08,11.0,5.1,2.0,0.81,4.8,6.0,73
shaanxi_guanzhong,1994-12-09,7.6,3.6,3.4,0.56,2.99,12.4,81
shaanxi_guanzhong,1994-12-10,6.0,2.7,9.3,0.52,3.11,8.7,84
shaanxi_guanzhong,1994-12-11,5.3,0.3,0.6,0.86,5.84,9.0,70
shaanxi_guanzhong,1994-12-12,3.5,-2.3,0.5,0.66,5.08,7.6,71
shaanxi_guanzhong,1994-12-13,7.8,-4.8,0.0,1.32,11.48,8.0,61
shaanxi_guanzhong,1994-12-14,7.5,-2.6,0.0,1.3,11.08,6.9,61
shaanxi_guanzhong,1994-12-15,6.1,-4.1,0.0,1.15,9.92,9.2,64
shaanxi_guanzhong,1994-12-16,2.4,0.2,4.4,0.47,3.59,6.8,81
shaanxi_guanzhong,1994-12-17,4.8,-1.2,0.5,0.79,7.52,7.4,85
shaanxi_guanzhong,1994-12-18,5.0,-0.2,2.5,0.73,6.43,7.9,82
shaanxi_guanzhong,1994-12-19,5.1,-0.6,0.9,0.81,7.63,11.7,86
shaanxi_guanzhong,1994-12-20,4.0,-5.6,0.0,1.22,11.75,10.7,59
shaanxi_guanzhong,1994-12-21,4.8,-6.5,0.0,1.21,11.48,9.6,57
shaanxi_guanzhong,1994-12-22,10.3,-4.6,0.0,1.37,11.54,7.6,69
shaanxi_guanzhong,1994-12-23,10.9,-3.0,0.0,1.38,11.31,4.8,69
shaanxi_guanzhong,1994-12-24,7.2,-2.8,0.0,1.33,11.23,7.9,62
shaanxi_guanzhong,1994-12-25,2.4,-1.2,0.1,0.62,4.02,10.1,74
shaanxi_guanzhong,1994-12-26,3.2,-2.1,0.0,0.63,5.65,4.2,83
shaanxi_guanzhong,1994-12-27,6.4,-3.3,0.0,1.23,10.81,5.9,68
shaanxi_guanzhong,1994-12-28,4.2,-1.0,0.0,0.74,5.93,5.2,67
shaanxi_guanzhong,1994-12-29,4.0,-1.8,2.5,0.7,5.63,7.7,77
shaanxi_guanzhong,1994-12-30,3.6,-0.4,0.9,1.24,9.22,13.4,56
shaanxi_guanzhong,1994-12-31,-0.5,-2.9,4.3,0.58,4.35,7.8,71
shaanxi_guanzhong,1995-01-01,-0.0,-3.3,2.2,0.7,7.35,4.6,80
shaanxi_guanzhong,1995-01-02,3.9,-5.0,0.0,0.86,8.1,5.8,64
shaanxi_guanzhong,1995-01-03,4.5,-5.0,0.0,1.23,11.99,11.8,55
shaanxi_guanzhong,1995-01-04,6.2,-4.8,0.0,1.38,12.11,14.5,50
shaanxi_guanzhong,1995-01-05,9.3,-4.5,0.0,1.49,12.33,6.0,49
shaanxi_guanzhong,1995-01-06,8.9,-4.8,0.0,1.45,12.45,3.7,51
shaanxi_guanzhong,1995-01-07,10.3,-4.3,0.0,1.49,12.38,5.2,60
shaanxi_guanzhong,1995-01-08,9.7,-3.4,0.0,1.55,12.43,6.9,52
shaanxi_guanzhong,1995-01-09,0.9,-3.8,0.0,0.88,6.15,7.3,47
shaanxi_guanzhong,1995-01-10,-0.9,-3.5,0.8,0.41,3.65,5.5,71
shaanxi_guanzhong,1995-01-11,4.8,-3.2,0.0,1.29,11.49,7.3,57
shaanxi_guanzhong,1995-01-12,4.2,-4.7,0.0,1.18,9.99,7.0,43
shaanxi_guanzhong,1995-01-13,2.8,-2.6,0.0,1.24,8.95,10.7,38
shaanxi_guanzhong,1995-01-14,3.8,-3.1,0.0,1.26,9.28,10.5,43
shaanxi_guanzhong,1995-01-15,7.5,-4.8,0.0,1.35,11.99,6.1,62
shaanxi_guanzhong,1995-01-16,7.5,-4.5,0.0,1.34,10.98,10.0,67
shaanxi_guanzhong,1995-01-17,5.8,-1.7,0.0,1.03,8.47,7.1,61
shaanxi_guanzhong,1995-01-18,4.6,-1.8,0.0,0.86,7.11,5.2,69
shaanxi_guanzhong,1995-01-19,6.4,-3.0,0.0,1.4,12.53,12.7,59
shaanxi_guanzhong,1995-01-20,4.2,-1.8,0.2,0.86,7.43,6.1,70
shaanxi_guanzhong,1995-01-21,3.4,-1.4,1.4,1.0,7.62,8.5,62
shaanxi_guanzhong,1995-01-22,2.9,-3.5,0.0,0.98,6.75,7.5,49
shaanxi_guanzhong,1995-01-23,3.7,-4.9,0.0,1.49,13.56,7.3,43
shaanxi_guanzhong,1995-01-24,7.1,-6.4,0.0,1.53,13.77,4.3,55
shaanxi_guanzhong,1995-01-25,5.1,-4.6,0.0,1.15,9.24,6.6,61
shaanxi_guanzhong,1995-01-26,4.1,-3.8,0.0,1.4,11.53,10.8,50
shaanxi_guanzhong,1995-01-27,2.9,-3.7,0.0,0.82,7.02,2.6,59
shaanxi_guanzhong,1995-01-28,5.7,-5.2,0.0,1.46,13.27,10.3,63
shaanxi_guanzhong,1995-01-29,4.6,-2.5,0.0,1.18,10.75,3.6,57
shaanxi_guanzhong,1995-01-30,5.3,-5.7,0.0,1.21,10.62,5.8,64
shaanxi_guanzhong,1995-01-31,4.7,-5.5,0.0,1.53,14.2,8.0,51
shaanxi_guanzhong,1995-02-01,5.0,-1.7,0.0,1.59,14.0,8.0,44
shaanxi_guanzhong,1995-02-02,5.8,-5.0,1.3,1.42,12.49,12.6,61
shaanxi_guanzhong,1995-02-03,5.4,-2.7,1.4,1.52,13.25,10.0,55
shaanxi_guanzhong,1995-02-04,3.2,-5.6,0.0,1.65,15.8,8.4,41
shaanxi_guanzhong,1995-02-05,5.9,-6.6,0.0,1.63,15.17,4.3,52
shaanxi_guanzhong,1995-02-06,7.0,-5.8,0.0,1.55,13.42,5.8,63
shaanxi_guanzhong,1995-02-07,9.9,-3.3,0.0,1.76,14.14,6.9,67
shaanxi_guanzhong,1995-02-08,11.4,-3.6,0.0,1.85,13.82,10.1,67
shaanxi_guanzhong,1995-02-09,8.3,-2.8,0.0,1.34,9.5,5.6,51
shaanxi_guanzhong,1995-02-10,9.1,2.2,0.0,1.31,9.93,6.4,64
shaanxi_guanzhong,1995-02-11,9.4,0.6,0.0,1.3,9.69,8.9,75
shaanxi_guanzhong,1995-02-12,11.3,-2.4,0.0,1.89,14.63,6.2,73
shaanxi_guanzhong,1995-02-13,13.4,-0.9,0.0,2.02,14.82,6.7,67
shaanxi_guanzhong,1995-02-14,8.4,-3.3,0.0,1.33,9.69,6.7,61
shaanxi_guanzhong,1995-02-15,11.6,-3.0,0.0,2.19,16.03,9.5,54
shaanxi_guanzhong,1995-02-16,9.6,1.1,0.0,1.51,9.89,8.0,45
shaanxi_guanzhong,1995-02-17,6.0,1.8,4.7,0.69,4.77,5.1,75
shaanxi_guanzhong,1995-02-18,9.5,-1.5,0.0,1.51,11.98,7.0,77
shaanxi_guanzhong,1995-02-19,9.7,0.6,0.0,1.56,9.57,12.6,62
shaanxi_guanzhong,1995-02-20,8.6,0.8,0.0,1.73,9.75,12.6,58
shaanxi_guanzhong,1995-02-21,5.3,-0.3,0.1,1.03,7.52,10.0,71
shaanxi_guanzhong,1995-02-22,7.1,-0.4,0.1,1.41,11.51,5.2,69
shaanxi_guanzhong,1995-02-23,9.1,-1.0,0.0,1.89,14.91,6.4,66
shaanxi_guanzhong,1995-02-24,8.9,-1.0,0.0,1.68,10.23,13.6,57
shaanxi_guanzhong,1995-02-25,9.7,-4.4,0.0,2.41,19.22,5.9,41
shaanxi_guanzhong,1995-02-26,12.0,-3.6,0.0,2.47,18.33,8.0,51
shaanxi_guanzhong,1995-02-27,10.0,-1.5,0.0,2.57,19.57,10.8,41
shaanxi_guanzhong,1995-02-28,11.8,-2.8,0.0,2.37,17.6,12.1,42
shaanxi_guanzhong,1995-03-01,12.5,-0.5,0.0,2.02,14.23,6.6,68
shaanxi_guanzhong,1995-03-02,12.2,1.3,0.0,2.91,16.41,14.8,38
shaanxi_guanzhong,1995-03-03,10.6,-2.8,0.0,2.6,19.12,15.7,36
shaanxi_guanzhong,1995-03-04,10.1,-4.8,0.0,2.54,20.17,8.4,37
shaanxi_guanzhong,1995-03-05,13.8,-3.5,0.0,2.57,17.91,7.1,46
shaanxi_guanzhong,1995-03-06,15.8,-0.4,0.0,2.83,18.68,9.5,46
shaanxi_guanzhong,1995-03-07,15.4,1.9,0.0,2.45,15.83,6.6,54
shaanxi_guanzhong,1995-03-08,9.5,2.5,12.5,0.56,2.64,17.8,77
shaanxi_guanzhong,1995-03-09,9.9,-2.4,0.0,2.61,19.15,13.0,44
shaanxi_guanzhong,1995-03-10,13.9,-2.5,0.0,2.89,19.14,16.6,48
shaanxi_guanzhong,1995-03-11,11.4,-0.9,0.0,2.98,19.26,17.1,30
shaanxi_guanzhong,1995-03-12,13.1,0.8,0.0,2.5,17.24,8.4,46
shaanxi_guanzhong,1995-03-13,13.3,3.3,0.0,2.16,14.17,8.4,56
shaanxi_guanzhong,1995-03-14,14.0,3.2,3.3,1.74,11.02,11.0,74
shaanxi_guanzhong,1995-03-15,15.3,5.2,1.5,2.09,14.04,9.7,73
shaanxi_guanzhong,1995-03-16,7.0,-1.6,0.4,2.31,14.19,16.3,39
shaanxi_guanzhong,1995-03-17,9.4,-4.5,0.0,2.67,20.87,10.5,30
shaanxi_guanzhong,1995-03-18,14.7,-2.3,0.0,3.28,22.72,7.2,42
shaanxi_guanzhong,1995-03-19,17.2,0.7,0.0,3.37,22.2,8.8,56
shaanxi_guanzhong,1995-03-20,20.9,3.5,0.0,3.75,22.5,9.4,55
shaanxi_guanzhong,1995-03-21,21.6,4.8,0.0,3.86,22.46,7.2,47
shaanxi_guanzhong,1995-03-22,19.5,5.6,0.0,2.37,13.59,4.5,61
shaanxi_guanzhong,1995-03-23,18.3,7.8,0.2,2.57,14.78,8.7,66
shaanxi_guanzhong,1995-03-24,14.9,4.9,2.8,2.19,10.0,15.3,58
shaanxi_guanzhong,1995-03-25,12.5,-0.1,0.0,3.41,23.99,9.5,36
shaanxi_guanzhong,1995-03-26,15.8,0.7,0.0,3.31,22.32,6.9,45
shaanxi_guanzhong,1995-03-27,17.8,4.2,0.0,3.52,19.83,16.0,52
shaanxi_guanzhong,1995-03-28,11.2,6.9,5.9,0.75,3.41,14.5,86
shaanxi_guanzhong,1995-03-29,14.2,5.5,0.0,2.07,13.3,6.6,77
shaanxi_guanzhong,1995-03-30,16.4,2.2,0.0,3.12,20.28,6.6,69
shaanxi_guanzhong,1995-03-31,14.3,5.9,0.0,2.7,17.59,4.6,53
shaanxi_guanzhong,1995-04-01,13.0,6.7,0.0,1.97,11.64,6.6,55
shaanxi_guanzhong,1995-04-02,13.6,5.7,0.0,3.2,19.47,14.8,57
shaanxi_guanzhong,1995-04-03,14.6,4.2,0.0,2.88,17.14,11.4,54
shaanxi_guanzhong,1995-04-04,16.1,8.0,0.7,2.57,16.18,4.4,66
shaanxi_guanzhong,1995-04-05,19.4,5.0,0.0,3.34,19.62,7.1,63
shaanxi_guanzhong,1995-04-06,16.8,4.5,0.0,3.79,22.95,9.7,39
shaanxi_guanzhong,1995-04-07,19.4,4.0,0.0,3.69,21.94,8.0,45
shaanxi_guanzhong,1995-04-08,20.9,5.3,0.0,3.93,21.37,8.7,44
shaanxi_guanzhong,1995-04-09,17.7,4.9,0.0,3.75,21.27,12.2,37
shaanxi_guanzhong,1995-04-10,21.4,6.8,0.0,3.95,22.19,11.8,51
shaanxi_guanzhong,1995-04-11,18.5,5.3,0.0,4.26,25.71,10.0,34
shaanxi_guanzhong,1995-04-12,21.2,6.8,0.0,3.73,21.43,7.4,47
shaanxi_guanzhong,1995-04-13,22.2,11.9,0.0,3.6,17.44,8.6,53
shaanxi_guanzhong,1995-04-14,21.1,10.5,0.0,2.92,14.16,8.3,39
shaanxi_guanzhong,1995-04-15,20.2,7.3,0.0,3.5,17.91,13.7,51
shaanxi_guanzhong,1995-04-16,18.9,10.1,0.3,3.56,20.82,9.0,47
shaanxi_guanzhong,1995-04-17,16.7,7.7,0.6,2.04,10.3,11.5,62
shaanxi_guanzhong,1995-04-18,16.9,6.3,0.0,3.15,19.07,9.0,55
shaanxi_guanzhong,1995-04-19,22.8,5.2,0.0,4.53,25.82,9.2,51
shaanxi_guanzhong,1995-04-20,21.0,9.9,0.2,2.52,13.17,12.7,70
shaanxi_guanzhong,1995-04-21,21.5,9.0,6.6,3.13,17.31,7.1,75
shaanxi_guanzhong,1995-04-22,13.3,4.4,18.5,1.73,11.27,13.3,73
shaanxi_guanzhong,1995-04-23,15.0,2.2,0.1,2.75,17.38,5.0,57
shaanxi_guanzhong,1995-04-24,19.8,5.0,0.0,4.22,25.26,7.3,53
shaanxi_guanzhong,1995-04-25,18.8,7.8,0.0,4.25,24.84,14.6,45
shaanxi_guanzhong,1995-04-26,16.2,8.2,0.7,2.03,11.25,6.9,64
shaanxi_guanzhong,1995-04-27,22.8,6.6,0.0,4.48,25.74,4.8,65
shaanxi_guanzhong,1995-04-28,22.0,8.5,0.0,3.71,21.01,4.4,61
shaanxi_guanzhong,1995-04-29,24.0,8.7,0.0,4.26,23.24,6.6,65
shaanxi_guanzhong,1995-04-30,25.6,11.8,0.0,4.69,25.47,6.1,65
shaanxi_guanzhong,1995-05-01,24.8,13.2,13.5,3.81,19.93,7.4,72
shaanxi_guanzhong,1995-05-02,20.7,11.5,0.4,3.52,19.94,10.1,74
shaanxi_guanzhong,1995-05-03,19.3,9.7,1.6,3.12,16.28,13.0,60
shaanxi_guanzhong,1995-05-04,20.1,5.3,0.0,4.75,28.71,6.2,53
shaanxi_guanzhong,1995-05-05,24.4,6.5,0.0,4.69,26.36,4.5,60
shaanxi_guanzhong,1995-05-06,27.9,9.9,0.0,5.62,28.92,9.5,52
shaanxi_guanzhong,1995-05-07,29.3,11.5,0.0,5.32,26.1,9.0,53
shaanxi_guanzhong,1995-05-08,31.0,14.0,1.0,5.2,24.56,14.0,57
shaanxi_guanzhong,1995-05-09,21.5,13.4,0.1,3.58,17.34,16.9,53
shaanxi_guanzhong,1995-05-10,22.4,11.3,0.0,4.88,25.6,14.1,34
shaanxi_guanzhong,1995-05-11,27.4,11.6,0.0,4.91,25.46,7.4,56
shaanxi_guanzhong,1995-05-12,25.2,15.6,0.1,2.74,13.14,6.4,64
shaanxi_guanzhong,1995-05-13,26.1,13.7,0.0,4.93,22.14,12.5,48
shaanxi_guanzhong,1995-05-14,24.8,10.5,0.0,5.39,27.04,9.2,31
shaanxi_guanzhong,1995-05-15,27.5,10.1,0.0,5.61,28.31,10.0,42
shaanxi_guanzhong,1995-05-16,28.6,13.3,0.0,5.56,27.48,7.9,49
shaanxi_guanzhong,1995-05-17,30.6,14.9,0.0,5.92,27.41,10.2,50
shaanxi_guanzhong,1995-05-18,27.2,17.8,0.2,3.38,14.14,15.1,54
shaanxi_guanzhong,1995-05-19,20.1,13.7,9.5,2.06,5.46,14.8,64
shaanxi_guanzhong,1995-05-20,15.4,9.9,8.9,1.2,4.95,8.0,74
shaanxi_guanzhong,1995-05-21,24.5,6.4,0.0,5.35,29.43,11.9,56
shaanxi_guanzhong,1995-05-22,27.9,11.5,0.0,5.47,28.07,8.0,53
shaanxi_guanzhong,1995-05-23,28.1,14.7,1.0,4.28,21.6,5.9,58
shaanxi_guanzhong,1995-05-24,29.9,17.2,0.0,4.58,21.9,5.0,56
shaanxi_guanzhong,1995-05-25,28.1,17.8,0.0,3.11,11.39,9.7,48
shaanxi_guanzhong,1995-05-26,29.0,18.0,0.0,4.32,18.45,10.8,51
shaanxi_guanzhong,1995-05-27,21.3,18.9,15.5,1.12,4.47,7.9,83
shaanxi_guanzhong,1995-05-28,29.3,15.6,0.0,5.4,27.15,6.3,70
shaanxi_guanzhong,1995-05-29,29.4,16.7,1.3,4.48,21.62,8.7,68
shaanxi_guanzhong,1995-05-30,25.5,17.4,2.4,3.26,16.35,7.2,72
shaanxi_guanzhong,1995-05-31,29.7,16.9,0.0,4.96,24.43,8.3,69
shaanxi_guanzhong,1995-06-01,32.2,19.0,0.0,5.49,26.47,6.8,63
shaanxi_guanzhong,1995-06-02,28.7,20.0,11.2,3.45,15.71,9.4,64
shaanxi_guanzhong,1995-06-03,30.5,17.1,0.0,5.38,26.64,8.0,52
shaanxi_guanzhong,1995-06-04,30.0,17.5,0.0,5.4,24.94,12.4,55
shaanxi_guanzhong,1995-06-05,23.2,19.9,33.0,1.62,7.55,6.0,83
shaanxi_guanzhong,1995-06-06,26.7,19.7,31.8,2.98,14.64,7.0,80
shaanxi_guanzhong,1995-06-07,29.8,16.7,0.0,5.68,26.73,15.7,65
shaanxi_guanzhong,1995-06-08,31.4,15.2,0.0,5.86,29.03,9.2,60
shaanxi_guanzhong,1995-06-09,30.9,18.4,0.0,6.15,26.57,11.3,46
shaanxi_guanzhong,1995-06-10,29.2,14.5,0.0,6.08,29.38,10.1,41
shaanxi_guanzhong,1995-06-11,28.4,16.2,0.0,6.2,29.84,10.4,46
shaanxi_guanzhong,1995-06-12,29.7,17.3,0.0,5.66,26.97,11.0,52
shaanxi_guanzhong,1995-06-13,24.4,19.3,1.5,1.81,6.7,8.0,69
shaanxi_guanzhong,1995-06-14,23.8,19.4,4.0,1.77,8.17,5.4,80
shaanxi_guanzhong,1995-06-15,30.0,15.7,0.0,5.61,27.63,8.0,60
shaanxi_guanzhong,1995-06-16,27.3,18.5,0.0,4.18,17.41,16.5,56
shaanxi_guanzhong,1995-06-17,29.9,13.5,0.0,6.38,29.14,14.0,43
shaanxi_guanzhong,1995-06-18,31.3,15.6,0.0,5.31,25.5,7.4,46
shaanxi_guanzhong,1995-06-19,32.5,17.7,0.0,5.68,26.61,7.3,55
shaanxi_guanzhong,1995-06-20,29.7,20.2,2.0,4.45,21.31,8.0,63
shaanxi_guanzhong,1995-06-21,30.3,19.2,0.0,4.75,20.78,16.1,58
shaanxi_guanzhong,1995-06-22,30.5,16.8,0.0,5.72,28.95,4.9,61
shaanxi_guanzhong,1995-06-23,30.3,18.8,0.0,3.85,18.51,4.2,61
shaanxi_guanzhong,1995-06-24,34.2,18.4,0.0,6.42,28.62,8.4,54
shaanxi_guanzhong,1995-06-25,31.4,20.6,0.0,5.67,24.85,7.2,33
shaanxi_guanzhong,1995-06-26,32.9,17.0,0.0,6.38,30.29,7.2,35
shaanxi_guanzhong,1995-06-27,35.3,16.8,0.0,6.69,30.35,10.5,36
shaanxi_guanzhong,1995-06-28,34.4,21.1,0.1,5.9,25.06,11.2,45
shaanxi_guanzhong,1995-06-29,30.1,21.2,4.4,5.2,24.15,10.8,62
shaanxi_guanzhong,1995-06-30,32.4,19.6,0.0,5.6,26.22,8.9,53
shaanxi_guanzhong,1995-07-01,30.6,19.4,0.0,5.91,26.2,7.8,41
shaanxi_guanzhong,1995-07-02,31.7,16.9,0.0,5.29,24.69,5.9,37
shaanxi_guanzhong,1995-07-03,31.9,19.4,0.0,5.18,23.84,9.4,41
shaanxi_guanzhong,1995-07-04,33.2,19.4,0.0,5.66,26.23,7.7,49
shaanxi_guanzhong,1995-07-05,34.9,19.5,0.0,5.98,26.92,7.5,50
shaanxi_guanzhong,1995-07-06,33.9,23.2,0.0,5.51,22.73,7.9,44
shaanxi_guanzhong,1995-07-07,33.0,22.5,0.0,5.88,25.47,9.1,45
shaanxi_guanzhong,1995-07-08,33.3,21.2,0.0,6.33,28.93,8.6,47
shaanxi_guanzhong,1995-07-09,32.9,21.9,0.0,4.8,20.98,5.8,48
shaanxi_guanzhong,1995-07-10,34.1,22.3,0.4,5.03,20.92,12.3,53
shaanxi_guanzhong,1995-07-11,34.6,21.3,0.0,5.39,24.1,8.7,54
shaanxi_guanzhong,1995-07-12,35.6,24.6,0.0,5.28,21.11,10.7,49
shaanxi_guanzhong,1995-07-13,35.0,24.9,0.0,4.54,17.89,9.1,56
shaanxi_guanzhong,1995-07-14,29.6,23.8,4.2,3.73,13.56,18.4,65
shaanxi_guanzhong,1995-07-15,25.2,21.1,7.4,1.55,5.46,8.3,80
shaanxi_guanzhong,1995-07-16,28.7,21.3,0.3,3.01,13.42,6.0,69
shaanxi_guanzhong,1995-07-17,30.8,21.7,6.7,4.13,18.19,11.1,71
shaanxi_guanzhong,1995-07-18,28.8,20.2,16.8,2.93,13.29,7.8,72
shaanxi_guanzhong,1995-07-19,29.6,23.7,0.0,3.77,17.37,7.6,67
shaanxi_guanzhong,1995-07-20,32.2,21.1,0.0,5.91,27.54,10.9,62
shaanxi_guanzhong,1995-07-21,32.8,21.3,0.0,4.91,21.92,10.0,68
shaanxi_guanzhong,1995-07-22,30.0,23.6,5.7,3.8,14.75,12.6,60
shaanxi_guanzhong,1995-07-23,29.0,22.3,0.9,3.29,14.92,6.8,55
shaanxi_guanzhong,1995-07-24,23.6,21.6,125.0,0.57,1.61,5.5,90
shaanxi_guanzhong,1995-07-25,27.4,20.6,2.0,4.13,21.15,10.1,82
shaanxi_guanzhong,1995-07-26,30.2,20.0,0.0,4.46,20.9,13.3,76
shaanxi_guanzhong,1995-07-27,31.3,23.5,0.1,4.33,19.69,12.0,77
shaanxi_guanzhong,1995-07-28,31.4,23.1,0.3,4.4,20.47,11.4,76
shaanxi_guanzhong,1995-07-29,31.1,24.4,10.5,3.68,16.6,7.5,75
shaanxi_guanzhong,1995-07-30,30.2,22.9,0.1,3.78,17.61,8.0,71
shaanxi_guanzhong,1995-07-31,31.1,25.4,0.0,4.68,22.27,8.8,72
shaanxi_guanzhong,1995-08-01,30.8,23.3,25.8,3.79,17.97,5.4,79
shaanxi_guanzhong,1995-08-02,29.4,22.4,7.5,3.38,14.21,9.4,68
shaanxi_guanzhong,1995-08-03,29.5,23.1,0.0,4.36,20.92,6.5,63
shaanxi_guanzhong,1995-08-04,29.8,23.5,0.8,4.07,18.59,10.8,70
shaanxi_guanzhong,1995-08-05,28.1,22.9,16.8,2.66,12.12,9.9,82
shaanxi_guanzhong,1995-08-06,30.3,22.6,10.6,3.43,15.64,9.6,74
shaanxi_guanzhong,1995-08-07,29.9,18.3,0.0,5.24,25.59,8.1,71
shaanxi_guanzhong,1995-08-08,29.9,22.5,2.7,4.26,19.97,10.1,69
shaanxi_guanzhong,1995-08-09,30.8,22.5,11.0,3.84,16.8,12.3,75
shaanxi_guanzhong,1995-08-10,31.4,23.2,3.0,4.01,17.79,11.6,74
shaanxi_guanzhong,1995-08-11,25.2,19.1,6.8,2.52,7.42,15.5,70
shaanxi_guanzhong,1995-08-12,20.1,17.2,18.8,0.88,3.59,6.9,85
shaanxi_guanzhong,1995-08-13,27.6,14.7,0.0,4.81,24.61,6.0,66
shaanxi_guanzhong,1995-08-14,28.1,15.9,0.0,4.74,23.48,7.9,60
shaanxi_guanzhong,1995-08-15,26.5,21.1,0.4,2.12,7.9,14.2,75
shaanxi_guanzhong,1995-08-16,23.8,21.0,20.4,1.02,4.26,8.5,89
shaanxi_guanzhong,1995-08-17,28.7,18.7,0.0,4.14,20.55,6.9,77
shaanxi_guanzhong,1995-08-18,28.4,18.1,0.0,4.41,22.39,5.4,66
shaanxi_guanzhong,1995-08-19,28.4,19.4,0.0,4.45,21.38,7.7,57
shaanxi_guanzhong,1995-08-20,29.1,19.6,1.7,4.19,19.19,9.4,62
shaanxi_guanzhong,1995-08-21,24.0,19.0,10.6,1.85,8.69,6.6,82
shaanxi_guanzhong,1995-08-22,27.4,18.9,0.1,3.91,19.57,9.0,76
shaanxi_guanzhong,1995-08-23,29.1,17.0,0.0,4.87,24.54,7.6,67
shaanxi_guanzhong,1995-08-24,27.6,20.2,0.0,2.96,13.25,9.8,64
shaanxi_guanzhong,1995-08-25,29.0,16.3,0.0,4.48,22.5,8.2,65
shaanxi_guanzhong,1995-08-26,30.7,22.0,0.0,4.55,21.77,6.9,63
shaanxi_guanzhong,1995-08-27,30.6,21.6,0.0,4.39,20.2,8.6,63
shaanxi_guanzhong,1995-08-28,27.6,21.6,0.6,2.53,11.11,8.8,74
shaanxi_guanzhong,1995-08-29,27.9,21.8,1.6,2.47,11.21,6.9,78
shaanxi_guanzhong,1995-08-30,26.6,22.0,14.6,1.48,6.52,13.3,90
shaanxi_guanzhong,1995-08-31,29.7,21.7,0.4,2.93,13.05,12.6,79
shaanxi_guanzhong,1995-09-01,31.8,22.3,0.3,4.06,19.16,10.0,77
shaanxi_guanzhong,1995-09-02,32.7,23.1,0.0,4.31,20.21,7.3,73
shaanxi_guanzhong,1995-09-03,32.8,23.8,0.0,4.2,19.75,5.1,73
shaanxi_guanzhong,1995-09-04,31.7,22.2,0.0,4.18,18.58,12.6,75
shaanxi_guanzhong,1995-09-05,32.3,21.4,0.0,4.46,19.68,13.4,71
shaanxi_guanzhong,1995-09-06,32.1,22.1,1.4,4.17,18.94,10.7,74
shaanxi_guanzhong,1995-09-07,25.1,20.0,1.3,2.18,7.46,12.6,72
shaanxi_guanzhong,1995-09-08,20.5,17.7,7.2,1.07,4.77,7.0,88
shaanxi_guanzhong,1995-09-09,18.8,16.6,18.4,0.68,2.2,6.8,84
shaanxi_guanzhong,1995-09-10,17.0,15.4,5.3,0.69,2.49,7.3,85
shaanxi_guanzhong,1995-09-11,16.8,14.9,6.0,1.17,5.79,7.3,82
shaanxi_guanzhong,1995-09-12,22.0,14.3,2.6,2.09,11.3,6.5,82
shaanxi_guanzhong,1995-09-13,26.0,13.2,0.0,4.04,21.68,5.9,73
shaanxi_guanzhong,1995-09-14,23.6,17.1,0.0,1.82,8.08,8.6,71
shaanxi_guanzhong,1995-09-15,22.6,16.2,0.0,2.24,11.51,6.0,68
shaanxi_guanzhong,1995-09-16,24.6,12.2,0.0,3.91,20.9,11.3,68
shaanxi_guanzhong,1995-09-17,24.1,14.3,0.0,2.95,15.83,5.4,64
shaanxi_guanzhong,1995-09-18,20.8,15.4,3.4,1.29,6.14,5.4,72
shaanxi_guanzhong,1995-09-19,19.4,16.2,8.2,1.62,8.72,5.7,81
shaanxi_guanzhong,1995-09-20,22.8,11.3,0.0,3.37,19.17,4.3,74
shaanxi_guanzhong,1995-09-21,24.7,11.9,0.0,3.82,21.18,4.8,69
shaanxi_guanzhong,1995-09-22,26.5,12.7,0.0,3.95,21.03,7.6,66
shaanxi_guanzhong,1995-09-23,22.8,13.0,0.1,3.15,14.94,12.0,60
shaanxi_guanzhong,1995-09-24,15.8,9.9,2.3,2.58,14.06,13.3,58
shaanxi_guanzhong,1995-09-25,18.7,8.8,0.5,2.34,13.44,6.4,73
shaanxi_guanzhong,1995-09-26,17.1,11.9,3.3,1.3,5.84,6.8,63
shaanxi_guanzhong,1995-09-27,22.2,11.0,0.0,3.11,17.42,8.4,64
shaanxi_guanzhong,1995-09-28,24.0,11.8,0.0,3.24,17.85,5.8,72
shaanxi_guanzhong,1995-09-29,26.1,13.2,0.0,3.62,18.6,11.8,70
shaanxi_guanzhong,1995-09-30,27.9,14.1,0.0,3.92,17.14,15.2,66
shaanxi_guanzhong,1995-10-01,20.1,14.2,15.8,1.01,3.55,17.6,82
shaanxi_guanzhong,1995-10-02,16.5,9.9,0.1,1.8,6.59,10.8,60
shaanxi_guanzhong,1995-10-03,20.0,6.9,0.0,3.23,19.75,5.2,55
shaanxi_guanzhong,1995-10-04,18.4,7.8,0.0,1.68,8.07,6.6,65
shaanxi_guanzhong,1995-10-05,16.4,10.0,1.9,1.36,6.56,6.8,73
shaanxi_guanzhong,1995-10-06,13.2,9.8,5.2,0.73,3.8,6.2,89
shaanxi_guanzhong,1995-10-07,16.3,10.5,1.7,1.32,7.51,4.6,83
shaanxi_guanzhong,1995-10-08,21.7,7.7,0.0,3.18,18.83,5.6,70
shaanxi_guanzhong,1995-10-09,22.6,8.6,0.0,3.1,18.07,7.3,72
shaanxi_guanzhong,1995-10-10,23.7,10.7,0.0,3.26,18.69,6.0,70
shaanxi_guanzhong,1995-10-11,23.1,12.4,0.6,2.49,13.6,6.3,73
shaanxi_guanzhong,1995-10-12,21.5,14.7,3.7,1.92,9.66,10.7,80
shaanxi_guanzhong,1995-10-13,22.1,11.4,13.6,1.97,9.79,9.5,77
shaanxi_guanzhong,1995-10-14,23.9,10.2,0.0,3.19,17.84,7.3,63
shaanxi_guanzhong,1995-10-15,22.8,12.1,0.0,2.1,10.87,6.9,69
shaanxi_guanzhong,1995-10-16,22.0,13.0,0.0,2.33,12.9,6.2,75
shaanxi_guanzhong,1995-10-17,18.5,14.3,2.7,1.42,7.69,5.9,78
shaanxi_guanzhong,1995-10-18,19.0,11.7,0.7,1.86,7.28,15.8,75
shaanxi_guanzhong,1995-10-19,14.4,9.8,13.5,0.51,1.97,16.6,92
shaanxi_guanzhong,1995-10-20,12.4,9.7,3.3,0.59,2.59,8.8,90
shaanxi_guanzhong,1995-10-21,12.7,10.2,3.8,0.55,2.47,6.1,91
shaanxi_guanzhong,1995-10-22,12.8,11.0,11.4,0.51,2.13,5.0,91
shaanxi_guanzhong,1995-10-23,14.6,6.1,5.7,1.64,8.33,11.4,71
shaanxi_guanzhong,1995-10-24,15.6,5.6,0.0,2.15,14.6,3.4,59
shaanxi_guanzhong,1995-10-25,16.1,3.6,0.0,1.93,12.41,4.1,64
shaanxi_guanzhong,1995-10-26,15.2,6.1,0.0,1.46,8.29,7.3,69
shaanxi_guanzhong,1995-10-27,19.0,4.9,0.0,2.5,15.8,8.1,74
shaanxi_guanzhong,1995-10-28,19.8,8.1,0.0,2.37,13.86,9.5,70
shaanxi_guanzhong,1995-10-29,16.5,8.0,0.0,2.24,13.11,9.1,49
shaanxi_guanzhong,1995-10-30,16.3,6.5,0.0,1.92,9.88,11.5,50
shaanxi_guanzhong,1995-10-31,15.1,1.5,0.0,2.22,14.98,6.6,46
shaanxi_guanzhong,1995-11-01,13.3,4.7,0.0,1.59,9.47,7.2,55
shaanxi_guanzhong,1995-11-02,13.9,4.7,0.0,1.5,9.33,6.0,63
shaanxi_guanzhong,1995-11-03,17.0,5.5,0.0,1.84,11.87,3.6,69
shaanxi_guanzhong,1995-11-04,19.5,5.4,0.0,2.39,14.96,7.1,61
shaanxi_guanzhong,1995-11-05,18.1,3.8,0.0,1.95,12.08,5.2,56
shaanxi_guanzhong,1995-11-06,19.2,4.5,0.0,2.44,14.48,18.9,65
shaanxi_guanzhong,1995-11-07,10.4,0.0,0.0,2.58,15.52,17.3,30
shaanxi_guanzhong,1995-11-08,14.1,-0.5,0.0,2.02,14.46,6.0,50
shaanxi_guanzhong,1995-11-09,18.9,3.5,0.0,2.55,14.66,11.5,52
shaanxi_guanzhong,1995-11-10,15.0,1.0,0.0,2.08,13.55,7.3,47
shaanxi_guanzhong,1995-11-11,16.6,6.6,0.0,1.98,12.88,4.2,49
shaanxi_guanzhong,1995-11-12,17.4,2.9,0.0,1.81,10.88,6.8,68
shaanxi_guanzhong,1995-11-13,17.0,3.4,0.0,2.32,13.0,11.3,46
shaanxi_guanzhong,1995-11-14,15.8,1.2,0.0,2.14,13.77,10.4,52
shaanxi_guanzhong,1995-11-15,16.3,3.5,0.0,1.89,13.01,5.3,61
shaanxi_guanzhong,1995-11-16,16.8,3.5,0.0,1.99,13.22,9.2,72
shaanxi_guanzhong,1995-11-17,14.3,6.8,3.1,1.25,7.8,8.7,76
shaanxi_guanzhong,1995-11-18,9.7,5.2,9.6,0.73,3.26,14.5,78
shaanxi_guanzhong,1995-11-19,7.0,0.5,0.0,1.57,10.56,11.1,40
shaanxi_guanzhong,1995-11-20,7.7,-1.9,0.0,1.37,10.66,6.6,45
shaanxi_guanzhong,1995-11-21,9.8,-3.2,0.0,1.54,12.77,4.2,60
shaanxi_guanzhong,1995-11-22,12.5,0.2,0.0,1.89,12.02,12.6,45
shaanxi_guanzhong,1995-11-23,7.0,-4.2,0.0,1.7,13.27,13.0,42
shaanxi_guanzhong,1995-11-24,10.2,-5.1,0.0,1.63,13.05,6.2,48
shaanxi_guanzhong,1995-11-25,12.5,-2.2,0.0,1.63,11.55,8.3,63
shaanxi_guanzhong,1995-11-26,10.2,-0.2,0.0,1.28,8.85,6.8,47
shaanxi_guanzhong,1995-11-27,10.5,1.7,0.0,1.57,11.01,9.8,51
shaanxi_guanzhong,1995-11-28,10.3,3.3,0.0,1.37,10.05,9.7,62
shaanxi_guanzhong,1995-11-29,7.4,2.9,0.5,0.62,3.97,6.1,79
shaanxi_guanzhong,1995-11-30,8.2,4.5,3.1,0.65,4.44,5.3,87
shaanxi_guanzhong,1995-12-01,9.1,2.9,0.9,0.85,5.68,7.3,74
shaanxi_guanzhong,1995-12-02,9.2,-1.2,0.0,1.29,9.63,6.6,58
shaanxi_guanzhong,1995-12-03,7.4,-3.8,0.0,1.32,11.56,4.7,58
shaanxi_guanzhong,1995-12-04,9.5,-2.8,0.0,1.46,11.8,5.5,57
shaanxi_guanzhong,1995-12-05,8.2,-3.6,0.0,1.39,11.62,4.9,52
shaanxi_guanzhong,1995-12-06,7.0,-4.1,0.0,1.34,11.38,8.7,53
shaanxi_guanzhong,1995-12-07,5.5,-2.5,0.0,1.34,10.83,8.0,44
shaanxi_guanzhong,1995-12-08,7.5,-1.6,0.0,1.48,9.78,11.8,49
shaanxi_guanzhong,1995-12-09,6.7,-1.6,0.0,1.1,9.37,10.1,72
shaanxi_guanzhong,1995-12-10,6.6,-0.7,0.0,0.73,5.57,5.9,76
shaanxi_guanzhong,1995-12-11,9.0,-3.4,0.0,1.41,11.49,7.6,62
shaanxi_guanzhong,1995-12-12,7.4,-0.1,1.0,0.95,5.79,13.2,69
shaanxi_guanzhong,1995-12-13,8.3,-0.3,1.1,1.28,10.15,10.4,68
shaanxi_guanzhong,1995-12-14,4.1,-3.0,0.0,0.68,4.57,9.2,61
shaanxi_guanzhong,1995-12-15,2.5,-2.2,0.9,0.75,3.87,10.5,64
shaanxi_guanzhong,1995-12-16,2.9,-1.3,1.4,0.62,5.04,5.6,75
shaanxi_guanzhong,1995-12-17,3.0,-2.1,0.2,0.84,8.01,5.0,69
shaanxi_guanzhong,1995-12-18,4.7,-5.4,0.0,1.14,11.02,5.2,65
shaanxi_guanzhong,1995-12-19,7.5,-4.9,0.0,1.28,11.2,4.4,58
shaanxi_guanzhong,1995-12-20,5.8,-5.3,0.0,0.93,7.87,5.5,60
shaanxi_guanzhong,1995-12-21,7.1,-4.4,0.0,1.25,10.88,3.9,60
shaanxi_guanzhong,1995-12-22,5.7,-4.8,0.0,1.18,10.39,4.1,50
shaanxi_guanzhong,1995-12-23,7.0,-4.7,0.0,1.29,9.18,8.7,48
shaanxi_guanzhong,1995-12-24,4.3,-2.6,0.0,1.6,10.67,13.1,37
shaanxi_guanzhong,1995-12-25,3.6,-3.3,0.0,1.37,9.21,12.2,50
shaanxi_guanzhong,1995-12-26,3.3,-5.3,0.3,0.96,9.35,6.6,67
shaanxi_guanzhong,1995-12-27,5.9,-3.6,0.8,1.21,10.04,8.9,58
shaanxi_guanzhong,1995-12-28,8.4,-5.2,0.0,1.38,11.75,6.3,53
shaanxi_guanzhong,1995-12-29,8.4,-4.6,0.0,1.34,11.75,3.7,56
shaanxi_guanzhong,1995-12-30,10.0,-4.8,0.0,1.47,11.72,7.0,53
shaanxi_guanzhong,1995-12-31,10.6,-3.2,0.0,1.53,11.89,8.4,43
shaanxi_guanzhong,1996-01-01,11.5,-3.4,0.0,1.68,11.39,11.3,52
shaanxi_guanzhong,1996-01-02,12.2,-2.1,0.0,1.62,11.97,4.4,39
shaanxi_guanzhong,1996-01-03,10.5,-2.4,0.0,1.59,11.93,10.0,50
shaanxi_guanzhong,1996-01-04,10.0,-2.8,0.0,1.25,8.49,13.0,58
shaanxi_guanzhong,1996-01-05,8.3,-4.3,0.0,1.36,11.18,7.1,51
shaanxi_guanzhong,1996-01-06,10.0,-2.5,0.0,1.47,11.61,9.2,57
shaanxi_guanzhong,1996-01-07,4.3,-6.0,0.1,2.13,12.34,17.2,29
shaanxi_guanzhong,1996-01-08,-1.1,-6.4,0.0,1.28,7.03,10.9,24
shaanxi_guanzhong,1996-01-09,5.0,-6.1,0.0,1.5,12.36,6.6,34
shaanxi_guanzhong,1996-01-10,5.3,-5.5,0.0,1.31,10.42,10.3,52
shaanxi_guanzhong,1996-01-11,3.1,-2.1,1.1,1.01,5.71,9.5,51
shaanxi_guanzhong,1996-01-12,0.3,-3.2,7.3,0.46,3.95,7.9,86
shaanxi_guanzhong,1996-01-13,2.2,-2.9,0.5,1.06,10.78,4.6,67
shaanxi_guanzhong,1996-01-14,-0.7,-3.8,1.9,0.52,4.52,5.4,70
shaanxi_guanzhong,1996-01-15,1.3,-5.6,0.0,0.96,10.09,9.0,63
shaanxi_guanzhong,1996-01-16,-0.4,-8.0,0.0,0.83,7.07,11.8,54
shaanxi_guanzhong,1996-01-17,-1.0,-3.3,2.1,0.45,4.02,4.8,68
shaanxi_guanzhong,1996-01-18,0.3,-3.0,0.1,0.79,8.1,6.5,67
shaanxi_guanzhong,1996-01-19,2.9,-5.9,0.0,1.22,13.38,12.3,62
shaanxi_guanzhong,1996-01-20,1.7,-3.5,0.1,0.93,9.16,5.0,56
shaanxi_guanzhong,1996-01-21,2.6,-3.1,0.4,1.04,10.26,8.7,63
shaanxi_guanzhong,1996-01-22,6.6,-2.4,0.2,1.4,12.8,6.2,64
shaanxi_guanzhong,1996-01-23,6.0,-4.6,0.5,1.51,11.67,13.2,58
shaanxi_guanzhong,1996-01-24,0.4,-2.3,2.2,0.54,4.33,5.4,69
shaanxi_guanzhong,1996-01-25,4.7,-3.5,0.0,1.38,12.59,11.3,61
shaanxi_guanzhong,1996-01-26,3.5,-4.8,0.0,1.26,9.81,14.0,51
shaanxi_guanzhong,1996-01-27,5.6,-6.2,0.0,1.3,11.33,4.1,50
shaanxi_guanzhong,1996-01-28,7.3,-4.8,0.0,1.6,13.69,5.9,38
shaanxi_guanzhong,1996-01-29,7.7,-4.7,0.0,1.46,11.01,8.0,37
shaanxi_guanzhong,1996-01-30,6.9,-1.7,0.0,1.3,10.3,6.0,47
shaanxi_guanzhong,1996-01-31,4.1,-1.3,0.1,1.43,11.46,9.6,46
shaanxi_guanzhong,1996-02-01,3.3,-4.8,0.0,1.45,11.79,7.6,34
shaanxi_guanzhong,1996-02-02,5.1,-2.8,0.0,1.46,11.17,7.3,38
shaanxi_guanzhong,1996-02-03,7.8,-3.3,0.0,1.27,10.23,7.2,64
shaanxi_guanzhong,1996-02-04,10.8,-2.6,0.0,1.98,15.07,8.0,54
shaanxi_guanzhong,1996-02-05,8.8,-1.8,0.0,1.86,13.49,10.5,42
shaanxi_guanzhong,1996-02-06,3.7,-1.3,1.3,0.76,5.05,6.2,66
shaanxi_guanzhong,1996-02-07,8.6,-2.7,0.0,1.95,15.89,7.7,57
shaanxi_guanzhong,1996-02-08,6.4,-4.5,0.0,1.67,14.47,4.7,45
shaanxi_guanzhong,1996-02-09,7.8,-5.7,0.0,1.97,16.12,9.9,44
shaanxi_guanzhong,1996-02-10,10.0,-0.4,0.0,1.76,13.66,8.2,47
shaanxi_guanzhong,1996-02-11,13.9,-2.2,0.0,2.16,15.86,6.4,66
shaanxi_guanzhong,1996-02-12,17.5,-1.2,0.0,2.38,16.11,8.5,65
shaanxi_guanzhong,1996-02-13,19.7,2.4,0.0,2.27,13.92,4.9,57
shaanxi_guanzhong,1996-02-14,15.4,1.6,0.0,2.63,16.11,10.5,46
shaanxi_guanzhong,1996-02-15,8.4,1.0,0.1,1.63,8.77,10.7,43
shaanxi_guanzhong,1996-02-16,2.3,-5.8,17.2,0.57,3.28,14.0,78
shaanxi_guanzhong,1996-02-17,-2.0,-6.5,1.1,1.17,14.3,5.0,72
shaanxi_guanzhong,1996-02-18,-0.4,-6.9,0.5,0.99,10.93,11.4,64
shaanxi_guanzhong,1996-02-19,0.0,-4.0,0.5,1.12,11.37,6.3,59
shaanxi_guanzhong,1996-02-20,0.4,-3.5,0.0,1.1,10.69,6.7,51
shaanxi_guanzhong,1996-02-21,0.1,-4.2,0.0,1.29,13.87,7.9,40
shaanxi_guanzhong,1996-02-22,2.0,-5.1,0.0,1.63,17.36,6.3,43
shaanxi_guanzhong,1996-02-23,2.8,-5.4,0.0,1.4,13.48,8.9,49
shaanxi_guanzhong,1996-02-24,6.5,-1.6,0.0,1.72,15.61,7.1,49
shaanxi_guanzhong,1996-02-25,7.1,-4.4,0.4,1.7,13.86,9.4,60
shaanxi_guanzhong,1996-02-26,8.2,-3.2,0.0,2.06,16.21,8.7,53
shaanxi_guanzhong,1996-02-27,7.8,-3.2,0.0,2.36,16.57,11.0,34
shaanxi_guanzhong,1996-02-28,8.7,0.7,0.0,1.59,10.52,6.9,49
shaanxi_guanzhong,1996-02-29,12.7,-2.0,0.0,2.88,18.68,14.2,45
shaanxi_guanzhong,1996-03-01,11.5,-2.4,0.0,2.61,19.79,10.6,34
shaanxi_guanzhong,1996-03-02,13.1,-0.8,0.0,2.55,17.61,8.4,48
shaanxi_guanzhong,1996-03-03,13.4,0.6,0.0,2.93,19.74,9.5,37
shaanxi_guanzhong,1996-03-04,15.1,3.2,0.0,2.33,13.25,7.9,41
shaanxi_guanzhong,1996-03-05,17.4,4.2,0.0,2.93,19.15,10.1,57
shaanxi_guanzhong,1996-03-06,17.1,6.8,0.0,2.31,13.59,10.2,57
shaanxi_guanzhong,1996-03-07,9.0,2.6,0.0,2.12,11.66,9.9,40
shaanxi_guanzhong,1996-03-08,5.1,-0.1,0.0,1.94,11.25,9.0,22
shaanxi_guanzhong,1996-03-09,5.2,-1.6,0.0,2.12,17.88,4.8,26
shaanxi_guanzhong,1996-03-10,10.1,-4.9,0.0,2.42,18.99,6.9,38
shaanxi_guanzhong,1996-03-11,9.2,-2.1,0.0,1.9,12.77,9.4,43
shaanxi_guanzhong,1996-03-12,14.6,-2.7,0.0,3.01,21.22,8.4,52
shaanxi_guanzhong,1996-03-13,13.6,1.3,1.7,1.92,11.89,7.8,61
shaanxi_guanzhong,1996-03-14,13.9,4.6,0.4,2.38,14.82,9.4,58
shaanxi_guanzhong,1996-03-15,17.9,3.1,0.0,3.2,20.85,9.9,60
shaanxi_guanzhong,1996-03-16,10.9,2.4,0.3,2.32,12.04,18.1,48
shaanxi_guanzhong,1996-03-17,8.6,-2.0,0.4,2.05,14.83,5.5,32
shaanxi_guanzhong,1996-03-18,13.8,-2.8,0.0,3.17,21.03,14.6,41
shaanxi_guanzhong,1996-03-19,11.5,3.8,1.4,1.72,10.97,13.2,64
shaanxi_guanzhong,1996-03-20,8.4,2.3,1.0,1.32,9.42,12.9,76
shaanxi_guanzhong,1996-03-21,13.7,1.2,0.0,2.72,19.66,13.9,70
shaanxi_guanzhong,1996-03-22,10.3,3.4,0.5,1.66,8.58,19.3,67
shaanxi_guanzhong,1996-03-23,3.9,1.3,6.9,0.67,5.0,10.0,87
shaanxi_guanzhong,1996-03-24,9.3,0.7,4.5,1.96,14.9,7.2,75
shaanxi_guanzhong,1996-03-25,14.0,-0.9,0.0,2.99,21.55,10.0,62
shaanxi_guanzhong,1996-03-26,13.4,2.6,0.0,2.47,17.01,9.4,63
shaanxi_guanzhong,1996-03-27,11.9,6.6,2.0,1.68,10.4,8.7,70
shaanxi_guanzhong,1996-03-28,14.1,5.1,0.0,2.63,16.73,11.1,63
shaanxi_guanzhong,1996-03-29,15.1,1.5,0.0,3.18,22.59,9.2,68
shaanxi_guanzhong,1996-03-30,17.5,3.0,1.4,3.12,19.39,13.0,65
shaanxi_guanzhong,1996-03-31,9.8,4.0,18.6,0.63,3.59,10.2,88
shaanxi_guanzhong,1996-04-01,8.6,2.4,1.7,2.08,15.24,9.0,67
shaanxi_guanzhong,1996-04-02,10.1,2.0,0.4,2.35,17.27,7.9,61
shaanxi_guanzhong,1996-04-03,13.0,0.4,0.0,2.47,17.27,8.4,71
shaanxi_guanzhong,1996-04-04,14.2,2.6,0.0,2.51,16.39,10.8,68
shaanxi_guanzhong,1996-04-05,15.6,4.7,0.0,2.3,14.64,6.5,70
shaanxi_guanzhong,1996-04-06,13.8,5.2,0.0,2.54,16.8,6.9,63
shaanxi_guanzhong,1996-04-07,13.6,6.5,0.2,2.03,12.47,5.2,62
shaanxi_guanzhong,1996-04-08,10.4,3.6,4.2,1.19,7.07,10.1,76
shaanxi_guanzhong,1996-04-09,9.7,4.1,1.7,1.59,10.99,6.8,79
shaanxi_guanzhong,1996-04-10,14.7,2.4,0.0,2.92,19.53,13.1,67
shaanxi_guanzhong,1996-04-11,14.0,5.0,0.7,2.39,13.76,12.8,65
shaanxi_guanzhong,1996-04-12,13.3,5.8,1.4,1.8,11.09,9.4,76
shaanxi_guanzhong,1996-04-13,10.5,4.9,0.7,1.16,7.48,7.4,82
shaanxi_guanzhong,1996-04-14,16.9,2.3,1.1,3.51,23.49,14.8,75
shaanxi_guanzhong,1996-04-15,23.1,6.0,1.5,4.72,26.05,16.2,60
shaanxi_guanzhong,1996-04-16,25.6,7.7,0.0,4.66,23.51,11.4,54
shaanxi_guanzhong,1996-04-17,22.6,7.3,0.0,4.3,25.08,6.4,52
shaanxi_guanzhong,1996-04-18,17.2,8.7,0.0,1.5,6.53,7.9,62
shaanxi_guanzhong,1996-04-19,16.9,8.0,0.0,3.99,25.49,6.8,51
shaanxi_guanzhong,1996-04-20,14.0,4.3,0.0,1.86,8.4,11.9,46
shaanxi_guanzhong,1996-04-21,19.1,3.5,0.0,4.35,27.14,7.0,50
shaanxi_guanzhong,1996-04-22,23.7,5.8,0.0,4.73,26.87,7.3,56
shaanxi_guanzhong,1996-04-23,23.7,8.0,0.2,4.11,22.23,8.4,60
shaanxi_guanzhong,1996-04-24,22.6,14.4,0.2,3.76,14.89,13.3,38
shaanxi_guanzhong,1996-04-25,24.5,8.7,0.0,4.41,23.34,8.3,47
shaanxi_guanzhong,1996-04-26,17.8,13.9,5.9,1.11,5.21,6.1,79
shaanxi_guanzhong,1996-04-27,17.5,12.7,1.4,1.18,5.89,3.8,88
shaanxi_guanzhong,1996-04-28,24.9,10.3,0.0,4.21,22.34,10.4,70
shaanxi_guanzhong,1996-04-29,25.9,10.9,0.0,4.7,24.92,8.7,61
shaanxi_guanzhong,1996-04-30,28.1,13.5,0.0,4.96,22.69,12.0,55
shaanxi_guanzhong,1996-05-01,19.9,14.3,6.4,3.06,15.93,8.2,59
shaanxi_guanzhong,1996-05-02,14.1,11.1,16.0,0.92,4.64,15.6,87
shaanxi_guanzhong,1996-05-03,20.8,9.9,1.3,3.1,17.66,8.5,75
shaanxi_guanzhong,1996-05-04,23.5,10.4,0.0,3.8,19.81,11.7,66
shaanxi_guanzhong,1996-05-05,20.0,13.6,2.8,1.84,8.35,9.3,71
shaanxi_guanzhong,1996-05-06,19.6,10.2,0.0,2.69,11.64,10.3,61
shaanxi_guanzhong,1996-05-07,22.6,8.5,0.0,4.77,25.98,9.7,46
shaanxi_guanzhong,1996-05-08,21.6,8.1,0.0,3.43,19.01,3.4,43
shaanxi_guanzhong,1996-05-09,24.2,9.4,0.0,3.78,19.87,7.8,61
shaanxi_guanzhong,1996-05-10,18.1,10.9,0.0,3.48,15.58,11.5,46
shaanxi_guanzhong,1996-05-11,21.1,7.0,0.0,4.64,27.01,5.4,42
shaanxi_guanzhong,1996-05-12,22.9,9.0,1.6,3.53,18.24,7.7,55
shaanxi_guanzhong,1996-05-13,17.0,14.6,10.9,0.99,4.69,6.9,86
shaanxi_guanzhong,1996-05-14,14.3,12.4,24.6,0.73,2.4,11.5,86
shaanxi_guanzhong,1996-05-15,15.6,11.7,15.5,1.25,6.73,11.9,89
shaanxi_guanzhong,1996-05-16,19.6,12.7,0.3,3.0,17.41,5.5,74
shaanxi_guanzhong,1996-05-17,21.8,9.5,0.2,3.87,21.97,6.8,77
shaanxi_guanzhong,1996-05-18,24.7,11.4,0.0,4.61,25.02,6.0,72
shaanxi_guanzhong,1996-05-19,25.9,11.5,0.0,5.11,26.41,8.1,57
shaanxi_guanzhong,1996-05-20,27.8,10.3,0.0,5.61,29.88,5.4,47
shaanxi_guanzhong,1996-05-21,27.5,11.8,0.0,4.51,22.32,7.4,57
shaanxi_guanzhong,1996-05-22,22.6,16.5,2.9,2.65,13.45,13.3,70
shaanxi_guanzhong,1996-05-23,25.6,13.4,0.0,4.56,24.43,6.8,67
shaanxi_guanzhong,1996-05-24,26.2,15.3,0.1,4.71,24.79,7.0,69
shaanxi_guanzhong,1996-05-25,29.0,14.3,0.0,5.42,28.12,4.0,64
shaanxi_guanzhong,1996-05-26,31.2,14.3,0.0,5.34,25.67,13.2,60
shaanxi_guanzhong,1996-05-27,29.2,15.4,0.5,5.31,27.04,8.6,60
shaanxi_guanzhong,1996-05-28,28.8,15.2,0.0,5.52,27.57,11.6,60
shaanxi_guanzhong,1996-05-29,28.8,16.5,0.0,5.05,23.94,10.5,63
shaanxi_guanzhong,1996-05-30,26.8,18.5,4.4,2.99,11.95,13.1,71
shaanxi_guanzhong,1996-05-31,20.4,18.3,16.7,1.01,4.26,6.2,90
shaanxi_guanzhong,1996-06-01,22.8,18.0,20.3,1.54,7.34,4.1,89
shaanxi_guanzhong,1996-06-02,19.8,17.8,20.8,0.88,3.65,4.1,92
shaanxi_guanzhong,1996-06-03,20.1,17.1,22.9,0.94,3.66,11.9,91
shaanxi_guanzhong,1996-06-04,18.6,16.3,15.2,0.76,2.83,9.4,92
shaanxi_guanzhong,1996-06-05,17.8,14.6,6.9,1.36,6.84,8.8,88
shaanxi_guanzhong,1996-06-06,19.8,13.6,6.2,2.04,9.5,16.6,76
shaanxi_guanzhong,1996-06-07,18.5,13.3,0.4,1.62,7.46,8.7,74
shaanxi_guanzhong,1996-06-08,20.8,15.9,0.8,2.66,14.09,7.6,75
shaanxi_guanzhong,1996-06-09,26.1,12.6,0.0,3.96,20.61,6.8,73
shaanxi_guanzhong,1996-06-10,29.3,14.1,0.0,4.73,24.03,6.6,67
shaanxi_guanzhong,1996-06-11,28.8,16.4,0.0,4.45,21.94,7.2,65
shaanxi_guanzhong,1996-06-12,31.6,16.6,0.0,5.89,28.75,6.9,63
shaanxi_guanzhong,1996-06-13,33.0,18.1,0.0,5.68,25.67,12.5,64
shaanxi_guanzhong,1996-06-14,32.9,17.3,0.0,5.67,26.88,9.4,69
shaanxi_guanzhong,1996-06-15,31.0,19.4,0.0,4.82,23.56,5.2,69
shaanxi_guanzhong,1996-06-16,28.9,21.0,0.3,3.69,17.56,6.4,72
shaanxi_guanzhong,1996-06-17,29.6,18.1,0.0,5.66,27.23,8.1,66
shaanxi_guanzhong,1996-06-18,27.4,19.6,12.5,2.75,10.92,17.6,69
shaanxi_guanzhong,1996-06-19,27.8,16.3,0.1,5.24,23.36,14.1,57
shaanxi_guanzhong,1996-06-20,30.2,13.2,0.0,7.02,30.82,18.7,40
shaanxi_guanzhong,1996-06-21,29.7,13.4,0.0,5.63,27.1,9.8,41
shaanxi_guanzhong,1996-06-22,28.6,18.5,5.4,3.41,15.0,11.2,55
shaanxi_guanzhong,1996-06-23,19.9,17.7,20.6,1.16,5.25,8.0,87
shaanxi_guanzhong,1996-06-24,24.6,16.5,0.0,4.5,24.23,7.2,73
shaanxi_guanzhong,1996-06-25,27.8,16.9,0.0,4.91,25.2,8.0,68
shaanxi_guanzhong,1996-06-26,30.1,18.9,0.8,5.06,24.8,7.3,69
shaanxi_guanzhong,1996-06-27,32.6,18.2,0.0,5.79,27.87,7.1,63
shaanxi_guanzhong,1996-06-28,29.3,19.4,0.0,4.97,22.25,10.6,58
shaanxi_guanzhong,1996-06-29,32.0,17.1,0.0,6.03,28.18,8.3,51
shaanxi_guanzhong,1996-06-30,32.9,18.9,0.0,5.87,27.19,5.9,51
shaanxi_guanzhong,1996-07-01,33.5,20.9,0.0,6.1,27.28,9.0,55
shaanxi_guanzhong,1996-07-02,31.4,22.7,2.2,4.33,18.37,9.5,62
shaanxi_guanzhong,1996-07-03,24.0,21.6,17.7,1.48,6.67,5.1,88
shaanxi_guanzhong,1996-07-04,28.5,19.9,0.0,4.07,20.11,5.8,77
shaanxi_guanzhong,1996-07-05,32.2,21.7,0.0,5.59,26.81,6.5,65
shaanxi_guanzhong,1996-07-06,32.3,21.3,0.0,5.23,23.68,8.6,64
shaanxi_guanzhong,1996-07-07,27.6,23.9,10.2,2.32,10.44,6.6,76
shaanxi_guanzhong,1996-07-08,23.1,21.2,23.8,0.71,2.31,7.2,92
shaanxi_guanzhong,1996-07-09,26.8,20.9,22.3,2.52,12.02,7.1,84
shaanxi_guanzhong,1996-07-10,28.5,17.0,1.4,4.93,24.42,11.7,70
shaanxi_guanzhong,1996-07-11,28.6,16.3,0.0,5.28,26.53,8.1,68
shaanxi_guanzhong,1996-07-12,27.8,17.7,0.4,4.59,23.59,12.0,74
shaanxi_guanzhong,1996-07-13,27.6,17.4,0.0,4.34,21.9,11.6,77
shaanxi_guanzhong,1996-07-14,26.1,21.1,9.1,3.06,15.44,9.3,80
shaanxi_guanzhong,1996-07-15,27.0,19.4,1.4,3.33,16.34,9.8,80
shaanxi_guanzhong,1996-07-16,25.8,20.2,5.1,3.52,17.76,8.7,82
shaanxi_guanzhong,1996-07-17,27.5,18.2,0.4,4.69,24.07,7.7,78
shaanxi_guanzhong,1996-07-18,28.8,20.6,0.0,4.99,25.2,10.4,71
shaanxi_guanzhong,1996-07-19,29.3,19.8,0.0,4.34,21.31,7.4,72
shaanxi_guanzhong,1996-07-20,29.4,20.4,1.6,3.93,18.57,6.7,75
shaanxi_guanzhong,1996-07-21,30.6,21.5,0.1,5.09,24.12,10.5,71
shaanxi_guanzhong,1996-07-22,31.6,22.3,1.2,4.89,22.79,12.4,72
shaanxi_guanzhong,1996-07-23,29.8,23.3,0.4,3.71,16.89,8.7,70
shaanxi_guanzhong,1996-07-24,31.9,22.7,0.0,4.34,20.15,5.3,67
shaanxi_guanzhong,1996-07-25,33.0,22.9,0.0,4.5,20.29,7.2,69
shaanxi_guanzhong,1996-07-26,28.7,24.2,10.5,2.37,9.8,11.2,80
shaanxi_guanzhong,1996-07-27,31.5,24.4,1.0,3.72,15.79,13.0,75
shaanxi_guanzhong,1996-07-28,28.6,21.0,10.8,3.48,12.95,14.8,69
shaanxi_guanzhong,1996-07-29,31.6,20.6,0.0,4.22,19.0,7.2,62
shaanxi_guanzhong,1996-07-30,25.3,22.1,18.0,1.97,8.61,7.6,75
shaanxi_guanzhong,1996-07-31,28.4,22.1,3.8,2.9,13.72,4.3,78
shaanxi_guanzhong,1996-08-01,28.1,20.4,11.5,3.12,14.53,13.5,74
shaanxi_guanzhong,1996-08-02,29.5,21.5,0.0,4.55,21.97,7.7,65
shaanxi_guanzhong,1996-08-03,23.3,21.2,24.5,1.07,4.2,7.5,85
shaanxi_guanzhong,1996-08-04,25.9,21.2,23.0,2.04,9.63,6.5,86
shaanxi_guanzhong,1996-08-05,28.9,22.2,0.0,3.36,16.25,5.4,82
shaanxi_guanzhong,1996-08-06,31.2,21.5,4.6,4.76,22.8,6.7,79
shaanxi_guanzhong,1996-08-07,28.1,23.3,16.0,2.35,11.31,8.2,84
shaanxi_guanzhong,1996-08-08,27.3,22.8,17.5,2.51,12.35,5.9,89
shaanxi_guanzhong,1996-08-09,28.8,23.1,16.2,3.1,15.01,8.9,85
shaanxi_guanzhong,1996-08-10,26.5,21.6,4.9,2.32,9.47,14.7,81
shaanxi_guanzhong,1996-08-11,29.3,18.4,0.2,4.76,22.9,8.0,66
shaanxi_guanzhong,1996-08-12,29.5,17.4,0.0,4.93,24.62,7.9,67
shaanxi_guanzhong,1996-08-13,30.6,17.3,0.0,5.14,25.27,8.0,63
shaanxi_guanzhong,1996-08-14,30.6,16.8,0.0,5.28,25.69,8.6,64
shaanxi_guanzhong,1996-08-15,30.5,19.9,0.1,4.73,23.31,10.9,72
shaanxi_guanzhong,1996-08-16,30.3,21.2,0.3,4.56,21.78,10.2,72
shaanxi_guanzhong,1996-08-17,31.6,21.6,0.1,4.8,22.29,12.3,71
shaanxi_guanzhong,1996-08-18,30.5,21.9,0.1,4.27,18.71,11.1,70
shaanxi_guanzhong,1996-08-19,30.4,21.0,0.0,4.56,20.07,13.1,68
shaanxi_guanzhong,1996-08-20,31.6,21.4,0.0,4.89,20.58,13.4,66
shaanxi_guanzhong,1996-08-21,30.8,22.2,0.1,4.2,18.12,12.2,69
shaanxi_guanzhong,1996-08-22,29.8,22.9,1.4,3.14,12.92,9.0,71
shaanxi_guanzhong,1996-08-23,27.6,20.5,1.2,3.13,11.73,19.5,74
shaanxi_guanzhong,1996-08-24,28.5,17.6,0.0,4.69,21.24,12.8,66
shaanxi_guanzhong,1996-08-25,25.3,18.3,0.7,2.68,12.9,9.5,75
shaanxi_guanzhong,1996-08-26,20.6,19.2,12.5,0.78,3.27,3.1,94
shaanxi_guanzhong,1996-08-27,19.6,18.8,17.9,0.51,1.64,3.1,93
shaanxi_guanzhong,1996-08-28,26.0,15.6,0.0,4.06,21.7,5.8,76
shaanxi_guanzhong,1996-08-29,28.4,14.9,0.0,4.63,24.15,4.0,66
shaanxi_guanzhong,1996-08-30,28.5,14.3,0.0,4.65,23.37,8.0,68
shaanxi_guanzhong,1996-08-31,28.4,16.4,0.0,4.34,21.61,12.2,70
shaanxi_guanzhong,1996-09-01,25.5,18.5,0.7,3.5,14.82,18.8,66
shaanxi_guanzhong,1996-09-02,19.1,15.2,1.4,2.37,8.45,12.1,66
shaanxi_guanzhong,1996-09-03,20.7,14.0,3.1,2.22,11.49,8.6,79
shaanxi_guanzhong,1996-09-04,17.9,15.5,25.3,0.8,3.79,9.5,93
shaanxi_guanzhong,1996-09-05,20.8,16.7,20.4,1.23,5.85,6.4,88
shaanxi_guanzhong,1996-09-06,21.7,13.9,0.1,2.09,10.97,7.6,85
shaanxi_guanzhong,1996-09-07,20.7,17.0,0.6,1.42,6.87,5.8,85
shaanxi_guanzhong,1996-09-08,18.8,15.4,13.7,0.72,3.01,4.2,91
shaanxi_guanzhong,1996-09-09,20.4,14.5,8.5,1.16,5.71,5.3,92
shaanxi_guanzhong,1996-09-10,19.1,17.4,33.3,0.64,2.69,7.7,94
shaanxi_guanzhong,1996-09-11,21.7,16.9,12.3,1.38,6.67,5.4,87
shaanxi_guanzhong,1996-09-12,28.3,14.2,0.0,4.25,22.38,5.0,74
shaanxi_guanzhong,1996-09-13,29.1,15.3,0.0,4.39,22.5,8.1,75
shaanxi_guanzhong,1996-09-14,28.3,17.2,0.1,4.22,22.14,5.9,76
shaanxi_guanzhong,1996-09-15,23.7,17.5,7.7,2.42,12.72,8.4,84
shaanxi_guanzhong,1996-09-16,24.3,17.1,3.7,2.38,12.24,15.5,83
shaanxi_guanzhong,1996-09-17,20.5,16.2,23.7,1.61,8.09,13.7,84
shaanxi_guanzhong,1996-09-18,20.5,14.1,4.4,1.2,5.78,8.6,86
shaanxi_guanzhong,1996-09-19,23.1,12.7,0.0,2.61,14.43,3.3,75
shaanxi_guanzhong,1996-09-20,23.4,11.2,0.2,3.44,19.49,11.2,79
shaanxi_guanzhong,1996-09-21,23.9,14.8,0.0,3.45,19.26,6.6,75
shaanxi_guanzhong,1996-09-22,26.8,13.2,0.0,3.97,21.39,5.4,72
shaanxi_guanzhong,1996-09-23,26.6,12.6,0.0,3.85,20.94,6.6,77
shaanxi_guanzhong,1996-09-24,26.7,15.4,0.0,3.75,20.1,5.1,73
shaanxi_guanzhong,1996-09-25,24.5,15.4,6.9,2.21,11.17,6.7,82
shaanxi_guanzhong,1996-09-26,20.8,17.3,12.3,1.19,5.86,8.0,85
shaanxi_guanzhong,1996-09-27,22.8,14.1,2.4,2.6,14.12,10.9,75
shaanxi_guanzhong,1996-09-28,22.6,13.8,0.1,2.94,16.17,10.0,70
shaanxi_guanzhong,1996-09-29,19.5,15.7,9.1,1.0,4.79,4.3,86
shaanxi_guanzhong,1996-09-30,21.7,14.7,0.7,1.93,10.26,7.8,82
shaanxi_guanzhong,1996-10-01,24.6,15.6,1.5,2.95,15.94,9.0,72
shaanxi_guanzhong,1996-10-02,24.8,12.7,0.0,3.56,19.46,9.9,71
shaanxi_guanzhong,1996-10-03,23.0,16.1,0.0,3.4,19.12,10.1,63
shaanxi_guanzhong,1996-10-04,19.6,12.6,7.8,1.22,5.38,19.8,84
shaanxi_guanzhong,1996-10-05,12.2,6.8,13.5,0.67,2.93,15.2,86
shaanxi_guanzhong,1996-10-06,12.7,4.5,0.1,1.12,6.04,5.4,74
shaanxi_guanzhong,1996-10-07,14.7,8.0,0.0,2.04,13.41,4.0,65
shaanxi_guanzhong,1996-10-08,17.0,4.3,0.0,2.44,15.7,5.5,72
shaanxi_guanzhong,1996-10-09,18.6,7.6,0.0,2.76,17.48,7.4,71
shaanxi_guanzhong,1996-10-10,17.7,8.6,0.0,1.8,10.65,5.2,76
shaanxi_guanzhong,1996-10-11,20.6,9.0,0.0,2.95,17.55,7.9,74
shaanxi_guanzhong,1996-10-12,19.6,10.9,0.0,1.98,11.43,5.4,76
shaanxi_guanzhong,1996-10-13,21.9,9.7,0.0,3.02,17.64,6.5,70
shaanxi_guanzhong,1996-10-14,21.0,7.8,0.0,2.95,17.39,7.1,66
shaanxi_guanzhong,1996-10-15,18.5,12.1,4.9,1.24,5.46,11.6,77
shaanxi_guanzhong,1996-10-16,15.4,11.9,10.1,0.93,5.01,11.5,89
shaanxi_guanzhong,1996-10-17,21.2,10.6,0.0,2.95,17.7,7.7,75
shaanxi_guanzhong,1996-10-18,22.0,8.5,0.0,2.92,17.24,7.6,73
shaanxi_guanzhong,1996-10-19,23.0,10.2,0.0,2.86,16.43,12.1,71
shaanxi_guanzhong,1996-10-20,21.8,10.9,0.0,2.67,15.21,11.2,74
shaanxi_guanzhong,1996-10-21,21.6,9.3,0.0,2.86,15.25,15.0,69
shaanxi_guanzhong,1996-10-22,14.5,12.2,10.0,0.87,3.8,15.0,81
shaanxi_guanzhong,1996-10-23,10.8,7.8,14.3,0.74,4.04,19.3,87
shaanxi_guanzhong,1996-10-24,10.2,7.1,4.6,0.61,3.43,4.3,87
shaanxi_guanzhong,1996-10-25,15.4,6.9,0.0,1.76,11.29,6.0,72
shaanxi_guanzhong,1996-10-26,17.0,3.9,0.0,2.08,13.37,8.2,70
shaanxi_guanzhong,1996-10-27,18.6,6.5,0.0,2.2,14.13,4.2,76
shaanxi_guanzhong,1996-10-28,21.0,6.4,0.0,2.56,15.87,6.3,72
shaanxi_guanzhong,1996-10-29,21.8,9.7,0.0,2.16,12.28,8.4,74
shaanxi_guanzhong,1996-10-30,17.2,9.7,8.6,0.84,3.66,6.9,83
shaanxi_guanzhong,1996-10-31,13.1,8.1,30.5,0.37,1.18,14.1,92
shaanxi_guanzhong,1996-11-01,14.1,7.6,1.0,1.87,13.02,9.4,74
shaanxi_guanzhong,1996-11-02,14.6,5.6,0.0,1.68,11.56,8.2,74
shaanxi_guanzhong,1996-11-03,13.8,7.2,2.6,0.98,6.12,11.4,83
shaanxi_guanzhong,1996-11-04,16.7,8.6,0.1,1.56,10.24,8.7,84
shaanxi_guanzhong,1996-11-05,16.0,8.1,2.1,1.25,7.75,5.5,86
shaanxi_guanzhong,1996-11-06,10.7,4.8,12.0,0.36,1.56,13.7,91
shaanxi_guanzhong,1996-11-07,5.3,3.9,4.0,0.32,1.45,9.9,92
shaanxi_guanzhong,1996-11-08,14.3,4.5,0.2,1.84,13.37,7.2,79
shaanxi_guanzhong,1996-11-09,15.0,3.5,1.3,1.6,10.8,8.6,79
shaanxi_guanzhong,1996-11-10,15.7,7.5,1.2,1.64,11.39,8.2,79
shaanxi_guanzhong,1996-11-11,11.7,9.7,6.6,0.47,2.17,5.2,87
shaanxi_guanzhong,1996-11-12,9.5,5.9,12.8,0.42,2.11,9.5,92
shaanxi_guanzhong,1996-11-13,5.9,3.7,15.1,0.5,3.67,7.7,93
shaanxi_guanzhong,1996-11-14,5.2,3.2,5.9,0.46,3.11,4.3,94
shaanxi_guanzhong,1996-11-15,4.7,1.8,13.2,0.48,3.65,11.4,93
shaanxi_guanzhong,1996-11-16,5.3,-1.0,6.6,0.84,5.86,13.4,75
shaanxi_guanzhong,1996-11-17,8.5,-3.5,0.0,1.78,13.63,13.8,49
shaanxi_guanzhong,1996-11-18,11.2,-3.8,0.0,1.67,13.31,4.7,55
shaanxi_guanzhong,1996-11-19,12.1,1.2,0.0,1.58,10.9,8.0,66
shaanxi_guanzhong,1996-11-20,13.0,0.9,0.0,1.52,9.71,7.7,53
shaanxi_guanzhong,1996-11-21,10.5,3.1,0.0,0.89,5.21,5.6,65
shaanxi_guanzhong,1996-11-22,12.1,-0.5,0.0,1.52,11.39,5.9,66
shaanxi_guanzhong,1996-11-23,11.6,-1.4,0.0,1.62,12.66,7.1,61
shaanxi_guanzhong,1996-11-24,12.2,-0.0,0.0,1.59,12.01,7.4,66
shaanxi_guanzhong,1996-11-25,7.3,3.4,2.4,0.51,3.02,4.6,80
shaanxi_guanzhong,1996-11-26,7.5,-0.1,0.0,1.37,10.95,13.3,63
shaanxi_guanzhong,1996-11-27,8.6,-2.2,0.0,1.4,11.14,9.5,58
shaanxi_guanzhong,1996-11-28,8.0,-0.2,1.0,1.16,6.19,10.2,61
shaanxi_guanzhong,1996-11-29,5.9,-4.5,0.0,1.07,9.14,6.8,49
shaanxi_guanzhong,1996-11-30,4.8,-3.8,0.0,1.29,11.98,6.6,51
shaanxi_guanzhong,1996-12-01,5.1,-4.7,0.0,1.31,10.93,11.6,51
shaanxi_guanzhong,1996-12-02,7.6,-0.8,0.0,1.23,10.52,8.5,63
shaanxi_guanzhong,1996-12-03,6.1,-0.3,0.6,0.75,5.99,5.4,77
shaanxi_guanzhong,1996-12-04,5.4,-1.9,0.6,1.2,7.75,12.5,60
shaanxi_guanzhong,1996-12-05,1.1,-4.2,0.0,1.18,8.31,12.0,40
shaanxi_guanzhong,1996-12-06,7.4,-6.1,0.0,1.49,11.83,15.0,36
shaanxi_guanzhong,1996-12-07,6.1,-5.0,0.0,1.3,11.1,8.2,50
shaanxi_guanzhong,1996-12-08,5.6,-3.6,0.0,1.33,9.73,10.0,47
shaanxi_guanzhong,1996-12-09,6.9,-3.7,0.0,1.55,10.42,11.9,37
shaanxi_guanzhong,1996-12-10,9.6,-3.4,0.0,1.6,11.67,11.9,42
shaanxi_guanzhong,1996-12-11,8.6,-3.5,0.0,1.1,8.81,7.1,54
shaanxi_guanzhong,1996-12-12,11.3,-3.4,0.0,1.48,11.88,4.6,50
shaanxi_guanzhong,1996-12-13,12.0,-2.4,0.0,1.54,11.79,6.5,54
shaanxi_guanzhong,1996-12-14,10.5,-3.0,0.0,1.2,9.51,4.9,69
shaanxi_guanzhong,1996-12-15,10.6,-1.4,0.0,1.52,11.32,10.2,62
shaanxi_guanzhong,1996-12-16,8.4,-2.2,0.0,1.32,11.1,6.8,57
shaanxi_guanzhong,1996-12-17,2.8,-4.1,0.0,1.26,10.16,10.8,53
shaanxi_guanzhong,1996-12-18,3.6,-4.7,0.0,1.11,9.69,5.7,46
shaanxi_guanzhong,1996-12-19,6.6,-4.7,0.0,1.26,11.45,8.4,67
shaanxi_guanzhong,1996-12-20,9.5,-3.1,0.0,1.3,10.75,4.3,64
shaanxi_guanzhong,1996-12-21,13.2,-2.7,0.0,1.47,11.4,3.8,68
shaanxi_guanzhong,1996-12-22,9.9,-2.6,0.0,1.4,11.38,6.7,65
shaanxi_guanzhong,1996-12-23,12.9,-2.4,0.0,1.48,11.43,5.4,71
shaanxi_guanzhong,1996-12-24,13.5,-1.7,0.0,1.56,11.6,7.0,68
shaanxi_guanzhong,1996-12-25,11.7,-3.1,0.0,1.49,11.48,7.4,59
shaanxi_guanzhong,1996-12-26,11.7,-2.4,0.0,1.43,11.32,5.9,71
shaanxi_guanzhong,1996-12-27,10.1,-1.5,0.0,1.12,8.34,7.2,70
shaanxi_guanzhong,1996-12-28,12.3,-1.2,0.0,1.24,9.44,3.4,71
shaanxi_guanzhong,1996-12-29,13.0,-2.2,0.0,1.54,11.67,6.8,69
shaanxi_guanzhong,1996-12-30,12.9,-1.5,0.2,1.45,10.7,5.4,72
shaanxi_guanzhong,1996-12-31,13.9,-0.9,0.0,1.95,11.55,14.5,63
shaanxi_guanzhong,1997-01-01,5.3,-2.9,0.0,1.5,11.66,8.2,40
shaanxi_guanzhong,1997-01-02,7.2,-2.9,0.0,1.4,11.29,7.2,51
shaanxi_guanzhong,1997-01-03,6.0,-2.8,0.0,0.9,7.43,7.6,69
shaanxi_guanzhong,1997-01-04,6.3,-4.0,0.1,1.16,7.39,15.5,61
shaanxi_guanzhong,1997-01-05,2.8,-7.2,0.0,1.47,12.18,12.7,41
shaanxi_guanzhong,1997-01-06,3.1,-3.7,0.0,1.22,9.03,8.7,42
shaanxi_guanzhong,1997-01-07,2.5,-5.0,0.0,0.95,7.98,9.9,61
shaanxi_guanzhong,1997-01-08,3.8,-3.7,0.4,1.15,11.43,9.5,69
shaanxi_guanzhong,1997-01-09,8.9,-4.7,0.0,1.35,11.56,6.5,66
shaanxi_guanzhong,1997-01-10,8.9,-4.3,0.0,1.47,12.47,6.2,65
shaanxi_guanzhong,1997-01-11,9.7,-3.7,0.0,1.49,12.51,6.6,66
shaanxi_guanzhong,1997-01-12,10.7,-3.3,0.0,1.51,12.66,7.7,72
shaanxi_guanzhong,1997-01-13,4.5,-2.5,0.0,1.18,8.09,9.7,53
shaanxi_guanzhong,1997-01-14,1.2,-4.5,0.4,0.95,5.64,9.2,49
shaanxi_guanzhong,1997-01-15,4.6,-4.0,0.0,1.09,10.47,8.4,71
shaanxi_guanzhong,1997-01-16,6.2,-2.9,0.0,1.28,10.94,10.7,70
shaanxi_guanzhong,1997-01-17,4.4,-2.1,0.0,1.39,9.55,10.4,43
shaanxi_guanzhong,1997-01-18,5.3,-3.6,0.0,1.22,10.17,6.4,48
shaanxi_guanzhong,1997-01-19,10.6,-4.2,0.0,1.67,13.52,11.2,64
shaanxi_guanzhong,1997-01-20,8.5,-3.4,0.0,1.47,12.3,9.5,72
shaanxi_guanzhong,1997-01-21,3.8,-1.4,3.0,0.64,5.22,8.0,84
shaanxi_guanzhong,1997-01-22,1.0,-3.8,8.3,0.62,5.29,11.0,82
shaanxi_guanzhong,1997-01-23,1.9,-5.9,0.0,1.28,13.68,7.4,48
shaanxi_guanzhong,1997-01-24,2.2,-6.9,0.0,1.38,14.41,5.6,47
shaanxi_guanzhong,1997-01-25,6.8,-6.4,0.0,1.57,14.29,5.8,52
shaanxi_guanzhong,1997-01-26,8.6,-5.1,0.0,1.72,14.45,5.8,46
shaanxi_guanzhong,1997-01-27,10.9,-3.5,0.0,1.84,14.5,8.6,47
shaanxi_guanzhong,1997-01-28,9.6,-4.4,0.0,1.79,14.57,7.6,54
shaanxi_guanzhong,1997-01-29,7.2,-2.5,0.0,1.28,9.62,10.3,60
shaanxi_guanzhong,1997-01-30,10.4,-2.8,0.0,1.88,14.64,8.4,61
shaanxi_guanzhong,1997-01-31,6.3,-1.8,0.7,0.89,5.32,10.2,65
shaanxi_guanzhong,1997-02-01,3.3,0.3,8.0,0.49,3.99,9.9,91
shaanxi_guanzhong,1997-02-02,4.0,-0.5,5.2,0.87,6.39,13.1,78
shaanxi_guanzhong,1997-02-03,3.8,-1.4,1.0,0.99,8.74,11.3,77
shaanxi_guanzhong,1997-02-04,4.5,-2.1,0.5,0.89,7.54,7.4,78
shaanxi_guanzhong,1997-02-05,5.7,-5.9,0.0,1.36,12.41,9.9,70
shaanxi_guanzhong,1997-02-06,3.8,-2.2,0.1,0.91,7.92,5.2,70
shaanxi_guanzhong,1997-02-07,5.4,-0.8,0.0,1.0,8.63,6.5,78
shaanxi_guanzhong,1997-02-08,6.9,-3.8,0.0,1.44,12.45,4.9,76
shaanxi_guanzhong,1997-02-09,8.4,-3.4,0.0,1.59,12.33,9.8,61
shaanxi_guanzhong,1997-02-10,4.8,-3.7,0.0,1.55,13.22,10.0,51
shaanxi_guanzhong,1997-02-11,5.5,-4.2,0.0,1.76,14.24,9.0,41
shaanxi_guanzhong,1997-02-12,7.2,-1.4,0.0,1.55,12.08,7.3,49
shaanxi_guanzhong,1997-02-13,7.4,-1.2,0.0,1.48,11.76,8.9,61
shaanxi_guanzhong,1997-02-14,8.7,-2.1,0.0,1.22,9.03,7.1,66
shaanxi_guanzhong,1997-02-15,6.0,-2.2,0.0,1.87,15.56,7.9,41
shaanxi_guanzhong,1997-02-16,5.6,-2.8,0.0,1.47,11.0,6.1,40
shaanxi_guanzhong,1997-02-17,9.6,-2.5,0.0,2.04,16.29,6.3,54
shaanxi_guanzhong,1997-02-18,10.4,-4.4,0.0,2.2,17.06,9.5,50
shaanxi_guanzhong,1997-02-19,10.4,-3.4,0.0,1.76,13.41,6.5,59
shaanxi_guanzhong,1997-02-20,10.3,-0.7,0.0,2.01,14.92,5.4,55
shaanxi_guanzhong,1997-02-21,11.8,1.6,0.0,1.6,8.68,10.5,49
shaanxi_guanzhong,1997-02-22,11.0,1.5,0.0,1.66,11.95,10.9,66
shaanxi_guanzhong,1997-02-23,8.4,2.5,1.7,0.98,6.76,6.3,80
shaanxi_guanzhong,1997-02-24,8.1,2.4,1.5,0.78,5.23,6.6,87
shaanxi_guanzhong,1997-02-25,10.7,2.0,0.4,1.47,10.89,8.6,81
shaanxi_guanzhong,1997-02-26,9.4,1.7,3.7,0.81,5.52,10.7,85
shaanxi_guanzhong,1997-02-27,8.2,3.2,15.5,0.71,4.3,12.4,87
shaanxi_guanzhong,1997-02-28,10.2,-1.0,0.0,2.13,15.94,8.3,59
shaanxi_guanzhong,1997-03-01,7.6,-1.7,0.0,1.32,9.59,14.3,63
shaanxi_guanzhong,1997-03-02,9.9,-4.2,0.0,2.16,17.52,8.0,65
shaanxi_guanzhong,1997-03-03,11.5,1.3,0.0,2.04,15.14,7.9,59
shaanxi_guanzhong,1997-03-04,13.9,0.2,0.0,2.13,15.21,7.9,74
shaanxi_guanzhong,1997-03-05,13.9,4.3,4.4,1.15,7.26,7.5,78
shaanxi_guanzhong,1997-03-06,15.9,-1.0,0.0,2.85,19.63,11.9,69
shaanxi_guanzhong,1997-03-07,17.3,2.6,0.0,2.96,19.67,12.0,64
shaanxi_guanzhong,1997-03-08,16.7,4.4,0.4,1.9,11.75,5.5,76
shaanxi_guanzhong,1997-03-09,18.0,6.1,0.0,2.29,14.43,12.2,81
shaanxi_guanzhong,1997-03-10,14.0,8.0,0.4,1.07,6.38,7.9,87
shaanxi_guanzhong,1997-03-11,13.6,8.9,2.6,1.05,6.44,14.2,90
shaanxi_guanzhong,1997-03-12,11.0,7.5,3.7,0.82,5.3,11.6,92
shaanxi_guanzhong,1997-03-13,9.3,6.0,3.9,0.6,3.38,8.7,91
shaanxi_guanzhong,1997-03-14,11.9,4.5,7.1,1.07,6.76,4.6,86
shaanxi_guanzhong,1997-03-15,10.9,6.0,1.6,1.28,8.57,9.1,81
shaanxi_guanzhong,1997-03-16,12.5,6.0,0.3,1.56,9.08,12.7,74
shaanxi_guanzhong,1997-03-17,12.1,2.9,0.0,1.99,13.57,15.2,67
shaanxi_guanzhong,1997-03-18,8.8,4.6,0.7,0.87,5.11,7.0,81
shaanxi_guanzhong,1997-03-19,9.2,4.5,1.8,0.98,6.33,11.7,82
shaanxi_guanzhong,1997-03-20,11.2,2.8,0.0,1.93,13.83,8.4,72
shaanxi_guanzhong,1997-03-21,14.2,2.6,0.0,2.77,19.62,9.4,71
shaanxi_guanzhong,1997-03-22,13.5,5.7,0.0,2.15,14.05,11.0,71
shaanxi_guanzhong,1997-03-23,13.3,5.1,0.5,1.93,11.31,14.4,69
shaanxi_guanzhong,1997-03-24,10.0,5.1,2.5,0.99,6.37,12.2,85
shaanxi_guanzhong,1997-03-25,15.7,5.2,0.0,2.75,18.1,7.9,71
shaanxi_guanzhong,1997-03-26,15.9,2.9,0.0,2.74,18.03,8.0,72
shaanxi_guanzhong,1997-03-27,12.9,6.4,1.3,1.5,9.45,6.4,76
shaanxi_guanzhong,1997-03-28,16.9,5.6,0.7,3.07,19.64,5.8,74
shaanxi_guanzhong,1997-03-29,20.0,5.4,0.0,3.91,23.77,8.3,62
shaanxi_guanzhong,1997-03-30,19.8,4.1,0.0,3.64,22.59,8.6,65
shaanxi_guanzhong,1997-03-31,19.1,7.5,0.0,2.4,13.98,10.8,71
shaanxi_guanzhong,1997-04-01,19.0,8.9,0.3,2.15,12.28,4.7,76
shaanxi_guanzhong,1997-04-02,17.2,6.3,4.5,1.87,10.95,9.2,84
shaanxi_guanzhong,1997-04-03,12.0,7.4,22.2,0.94,5.88,6.7,90
shaanxi_guanzhong,1997-04-04,16.5,3.1,0.0,3.65,24.57,8.2,74
shaanxi_guanzhong,1997-04-05,18.9,5.1,0.0,3.77,23.09,7.6,68
shaanxi_guanzhong,1997-04-06,20.5,7.2,5.8,2.93,17.35,10.6,69
shaanxi_guanzhong,1997-04-07,14.5,6.4,14.1,1.24,6.52,17.7,82
shaanxi_guanzhong,1997-04-08,11.6,2.6,0.0,2.52,16.73,7.3,57
shaanxi_guanzhong,1997-04-09,11.9,5.6,0.0,3.06,21.29,8.0,55
shaanxi_guanzhong,1997-04-10,14.8,3.5,0.3,3.11,20.57,6.4,63
shaanxi_guanzhong,1997-04-11,15.9,2.8,0.0,2.81,17.76,5.4,65
shaanxi_guanzhong,1997-04-12,18.3,3.7,0.0,3.74,23.8,7.1,70
shaanxi_guanzhong,1997-04-13,15.5,7.1,0.4,1.81,10.35,10.1,77
shaanxi_guanzhong,1997-04-14,19.7,5.6,0.0,3.67,22.33,5.8,64
shaanxi_guanzhong,1997-04-15,19.3,5.3,0.0,3.84,23.21,7.7,65
shaanxi_guanzhong,1997-04-16,20.1,6.3,0.0,3.73,22.29,7.9,68
shaanxi_guanzhong,1997-04-17,19.1,7.6,0.2,3.48,21.88,7.6,73
shaanxi_guanzhong,1997-04-18,20.0,8.9,0.0,3.01,18.03,11.1,73
shaanxi_guanzhong,1997-04-19,16.2,11.1,2.8,1.31,6.75,7.6,82
shaanxi_guanzhong,1997-04-20,15.6,12.8,18.6,0.86,4.1,6.6,89
shaanxi_guanzhong,1997-04-21,15.4,11.6,0.9,1.1,5.64,10.9,86
shaanxi_guanzhong,1997-04-22,13.6,11.5,30.9,0.57,2.31,8.0,91
shaanxi_guanzhong,1997-04-23,14.7,9.5,0.4,1.77,10.9,7.3,85
shaanxi_guanzhong,1997-04-24,18.6,9.2,0.2,3.61,21.9,8.0,70
shaanxi_guanzhong,1997-04-25,19.5,4.9,0.0,3.93,24.52,7.9,72
shaanxi_guanzhong,1997-04-26,21.6,8.1,0.0,4.14,24.02,8.6,74
shaanxi_guanzhong,1997-04-27,24.2,10.7,0.0,4.15,22.37,7.9,69
shaanxi_guanzhong,1997-04-28,22.2,11.4,0.3,2.46,11.99,11.3,73
shaanxi_guanzhong,1997-04-29,24.5,11.0,0.0,4.94,25.98,11.9,59
shaanxi_guanzhong,1997-04-30,27.6,11.1,0.0,5.27,27.04,7.1,57
shaanxi_guanzhong,1997-05-01,29.2,13.5,0.0,5.1,26.58,5.4,68
shaanxi_guanzhong,1997-05-02,30.1,15.3,0.0,4.91,24.49,5.4,68
shaanxi_guanzhong,1997-05-03,28.2,16.6,0.2,4.38,22.54,6.6,73
shaanxi_guanzhong,1997-05-04,28.9,17.5,0.3,3.58,17.17,12.8,77
shaanxi_guanzhong,1997-05-05,25.9,17.0,0.5,3.57,17.75,9.9,73
shaanxi_guanzhong,1997-05-06,25.9,18.1,3.4,3.66,18.72,5.8,73
shaanxi_guanzhong,1997-05-07,24.9,15.7,7.0,3.98,19.41,16.2,66
shaanxi_guanzhong,1997-05-08,23.1,12.4,0.0,4.25,22.85,7.2,53
shaanxi_guanzhong,1997-05-09,18.2,13.1,8.0,2.18,11.18,19.3,73
shaanxi_guanzhong,1997-05-10,20.7,12.2,0.8,3.25,18.01,10.0,73
shaanxi_guanzhong,1997-05-11,20.6,14.8,2.9,2.27,11.3,9.8,79
shaanxi_guanzhong,1997-05-12,17.2,15.0,8.6,0.97,4.24,6.9,89
shaanxi_guanzhong,1997-05-13,23.5,13.7,0.0,3.38,18.21,5.6,80
shaanxi_guanzhong,1997-05-14,24.7,12.4,0.1,3.61,18.26,11.9,78
shaanxi_guanzhong,1997-05-15,23.4,14.4,0.0,5.14,24.95,14.0,54
shaanxi_guanzhong,1997-05-16,24.3,12.4,0.0,4.82,26.93,3.3,54
shaanxi_guanzhong,1997-05-17,25.5,12.1,0.0,4.34,22.83,6.1,63
shaanxi_guanzhong,1997-05-18,29.2,15.9,0.0,5.65,27.18,10.9,56
shaanxi_guanzhong,1997-05-19,24.7,12.7,0.0,4.78,25.18,8.2,45
shaanxi_guanzhong,1997-05-20,23.0,12.4,0.0,3.19,15.39,7.0,48
shaanxi_guanzhong,1997-05-21,22.6,15.1,0.0,3.0,15.16,5.9,63
shaanxi_guanzhong,1997-05-22,24.9,12.2,0.0,4.8,26.01,6.2,63
shaanxi_guanzhong,1997-05-23,27.0,12.3,0.2,5.04,26.73,4.8,59
shaanxi_guanzhong,1997-05-24,25.8,13.6,5.3,3.54,17.82,11.0,66
shaanxi_guanzhong,1997-05-25,28.9,13.8,0.0,5.52,27.53,8.6,62
shaanxi_guanzhong,1997-05-26,28.1,14.7,0.0,4.49,21.51,8.7,56
shaanxi_guanzhong,1997-05-27,25.2,16.0,0.3,3.23,15.96,6.1,67
shaanxi_guanzhong,1997-05-28,25.3,11.5,0.0,5.22,28.55,6.2,48
shaanxi_guanzhong,1997-05-29,28.7,13.4,1.0,5.13,24.06,17.7,45
shaanxi_guanzhong,1997-05-30,27.2,9.4,0.0,5.91,30.97,8.3,35
shaanxi_guanzhong,1997-05-31,31.4,13.6,0.1,5.21,25.2,8.2,54
shaanxi_guanzhong,1997-06-01,25.6,14.0,0.0,5.42,29.68,5.2,37
shaanxi_guanzhong,1997-06-02,27.2,15.0,1.2,3.74,19.16,8.2,50
shaanxi_guanzhong,1997-06-03,31.3,15.2,0.0,5.59,27.11,9.3,60
shaanxi_guanzhong,1997-06-04,31.9,17.9,0.0,5.68,26.68,9.3,58
shaanxi_guanzhong,1997-06-05,33.4,19.1,0.0,5.57,25.59,7.9,54
shaanxi_guanzhong,1997-06-06,28.5,22.4,0.5,3.51,14.94,12.6,63
shaanxi_guanzhong,1997-06-07,29.2,19.0,0.7,5.1,18.76,20.4,56
shaanxi_guanzhong,1997-06-08,19.2,14.7,1.2,2.39,6.48,15.4,59
shaanxi_guanzhong,1997-06-09,26.2,13.3,0.3,4.96,22.32,9.3,48
shaanxi_guanzhong,1997-06-10,28.4,12.6,0.0,6.7,29.88,14.2,37
shaanxi_guanzhong,1997-06-11,31.2,14.7,0.0,5.84,27.79,6.6,37
shaanxi_guanzhong,1997-06-12,30.0,16.4,0.0,5.46,25.68,9.4,45
shaanxi_guanzhong,1997-06-13,30.6,17.5,0.0,6.25,28.61,11.6,44
shaanxi_guanzhong,1997-06-14,30.8,17.3,0.0,5.36,22.71,10.8,46
shaanxi_guanzhong,1997-06-15,31.1,18.0,0.0,5.6,24.86,10.3,44
shaanxi_guanzhong,1997-06-16,27.2,20.1,1.6,2.83,11.61,10.4,59
shaanxi_guanzhong,1997-06-17,29.4,17.5,0.0,4.54,22.15,6.2,57
shaanxi_guanzhong,1997-06-18,32.1,18.6,0.0,5.6,26.02,9.7,38
shaanxi_guanzhong,1997-06-19,32.5,18.4,0.0,5.38,24.39,7.6,45
shaanxi_guanzhong,1997-06-20,30.8,21.3,0.0,3.76,14.32,10.2,47
shaanxi_guanzhong,1997-06-21,32.8,20.1,0.0,5.57,25.3,9.0,49
shaanxi_guanzhong,1997-06-22,34.3,18.8,0.0,6.21,27.85,9.8,43
shaanxi_guanzhong,1997-06-23,33.7,21.1,0.0,5.97,26.94,6.9,37
shaanxi_guanzhong,1997-06-24,33.8,19.3,0.0,6.61,29.25,11.2,39
shaanxi_guanzhong,1997-06-25,34.4,18.3,0.0,6.75,29.43,9.0,38
shaanxi_guanzhong,1997-06-26,34.8,20.6,0.0,7.07,27.4,13.8,41
shaanxi_guanzhong,1997-06-27,31.8,21.0,0.0,4.68,18.66,10.0,49
shaanxi_guanzhong,1997-06-28,32.0,22.7,0.0,4.35,19.02,7.2,52
shaanxi_guanzhong,1997-06-29,26.4,21.0,8.8,2.18,9.77,9.0,77
shaanxi_guanzhong,1997-06-30,28.1,20.5,4.4,2.99,13.29,8.9,72
shaanxi_guanzhong,1997-07-01,24.5,21.9,57.3,0.86,3.37,11.7,93
shaanxi_guanzhong,1997-07-02,28.2,22.6,32.0,2.47,11.64,11.9,88
shaanxi_guanzhong,1997-07-03,24.9,20.8,4.2,2.49,9.42,12.8,76
shaanxi_guanzhong,1997-07-04,21.0,18.5,5.3,1.24,4.86,9.3,85
shaanxi_guanzhong,1997-07-05,19.3,17.2,12.0,1.09,5.08,4.8,88
shaanxi_guanzhong,1997-07-06,27.2,15.5,0.0,5.07,26.36,6.8,72
shaanxi_guanzhong,1997-07-07,30.6,16.6,0.0,5.41,26.83,5.2,63
shaanxi_guanzhong,1997-07-08,31.2,17.9,0.0,5.64,26.94,8.0,64
shaanxi_guanzhong,1997-07-09,29.7,19.5,0.0,4.27,20.37,8.7,72
shaanxi_guanzhong,1997-07-10,29.5,20.1,0.0,5.08,24.55,8.5,63
shaanxi_guanzhong,1997-07-11,29.3,18.0,0.0,5.11,24.24,10.4,64
shaanxi_guanzhong,1997-07-12,27.6,21.0,4.9,3.1,14.71,6.1,73
shaanxi_guanzhong,1997-07-13,28.5,20.4,5.7,4.21,20.56,7.4,66
shaanxi_guanzhong,1997-07-14,30.0,17.0,0.0,5.76,29.3,6.9,61
shaanxi_guanzhong,1997-07-15,30.8,17.3,0.0,4.57,22.27,7.2,62
shaanxi_guanzhong,1997-07-16,32.2,19.8,0.0,5.6,26.5,9.2,60
shaanxi_guanzhong,1997-07-17,25.4,22.2,18.9,1.85,8.49,7.2,75
shaanxi_guanzhong,1997-07-18,22.8,21.2,91.1,0.68,2.38,4.4,91
shaanxi_guanzhong,1997-07-19,30.1,20.6,10.1,4.73,23.03,8.9,75
shaanxi_guanzhong,1997-07-20,32.5,18.2,0.0,5.94,28.75,5.1,68
shaanxi_guanzhong,1997-07-21,33.4,20.3,0.0,5.94,28.16,6.9,70
shaanxi_guanzhong,1997-07-22,33.0,21.4,0.0,6.04,28.16,8.2,66
shaanxi_guanzhong,1997-07-23,31.8,21.2,0.0,5.24,24.38,12.1,70
shaanxi_guanzhong,1997-07-24,31.5,21.7,0.0,4.96,23.01,8.7,67
shaanxi_guanzhong,1997-07-25,32.1,21.8,0.0,5.15,24.25,7.6,66
shaanxi_guanzhong,1997-07-26,32.8,23.8,0.0,5.27,24.31,7.2,64
shaanxi_guanzhong,1997-07-27,33.9,24.3,0.0,5.35,24.2,6.5,63
shaanxi_guanzhong,1997-07-28,32.1,23.9,0.0,4.07,18.5,7.8,69
shaanxi_guanzhong,1997-07-29,32.1,23.9,1.4,4.82,21.99,7.9,69
shaanxi_guanzhong,1997-07-30,33.4,23.4,0.0,5.12,23.37,6.6,64
shaanxi_guanzhong,1997-07-31,31.3,23.8,1.9,4.41,17.08,19.2,66
shaanxi_guanzhong,1997-08-01,27.5,21.6,0.6,3.71,16.07,9.4,63
shaanxi_guanzhong,1997-08-02,29.7,21.1,0.0,4.37,20.02,8.4,63
shaanxi_guanzhong,1997-08-03,31.7,21.7,0.0,4.11,17.34,11.9,68
shaanxi_guanzhong,1997-08-04,32.8,23.2,0.0,4.89,19.62,12.7,64
shaanxi_guanzhong,1997-08-05,34.2,24.6,0.0,5.32,20.81,15.2,63
shaanxi_guanzhong,1997-08-06,30.6,21.8,9.3,2.63,10.53,17.1,77
shaanxi_guanzhong,1997-08-07,28.0,21.8,3.0,2.25,7.41,11.2,73
shaanxi_guanzhong,1997-08-08,33.7,18.8,0.0,5.81,25.86,11.5,49
shaanxi_guanzhong,1997-08-09,32.7,19.7,0.0,5.11,23.7,7.4,46
shaanxi_guanzhong,1997-08-10,33.6,18.4,0.0,5.83,26.66,11.1,46
shaanxi_guanzhong,1997-08-11,34.6,19.2,0.0,5.87,25.93,9.8,44
shaanxi_guanzhong,1997-08-12,33.3,22.0,0.0,5.34,22.21,11.7,56
shaanxi_guanzhong,1997-08-13,33.4,20.9,0.0,5.74,22.76,13.1,58
shaanxi_guanzhong,1997-08-14,32.9,21.0,2.3,5.13,18.66,20.7,58
shaanxi_guanzhong,1997-08-15,21.3,19.6,1.5,2.43,6.96,16.7,67
shaanxi_guanzhong,1997-08-16,25.9,18.9,0.0,4.01,15.99,9.4,50
shaanxi_guanzhong,1997-08-17,26.4,17.9,0.0,2.84,9.27,9.8,56
shaanxi_guanzhong,1997-08-18,31.1,16.5,0.0,5.35,26.41,5.4,44
shaanxi_guanzhong,1997-08-19,31.9,17.1,0.0,5.63,26.69,8.2,41
shaanxi_guanzhong,1997-08-20,32.8,18.1,0.0,5.64,25.91,7.4,37
shaanxi_guanzhong,1997-08-21,33.1,18.6,0.0,4.47,19.47,8.7,42
shaanxi_guanzhong,1997-08-22,34.3,23.0,0.0,5.02,21.63,11.5,47
shaanxi_guanzhong,1997-08-23,34.3,22.7,0.0,5.27,23.51,8.0,48
shaanxi_guanzhong,1997-08-24,34.7,22.7,0.0,5.33,23.38,7.6,45
shaanxi_guanzhong,1997-08-25,34.6,22.2,0.0,5.68,23.31,11.9,52
shaanxi_guanzhong,1997-08-26,35.4,22.1,0.0,5.77,23.07,12.6,51
shaanxi_guanzhong,1997-08-27,34.0,20.6,0.0,5.49,23.81,9.8,51
shaanxi_guanzhong,1997-08-28,35.1,21.5,0.0,5.81,24.98,11.3,48
shaanxi_guanzhong,1997-08-29,34.6,21.8,0.0,5.72,21.87,11.4,52
shaanxi_guanzhong,1997-08-30,34.6,23.0,0.0,4.96,21.41,8.4,58
shaanxi_guanzhong,1997-08-31,32.4,25.2,1.2,3.59,14.25,12.2,56
shaanxi_guanzhong,1997-09-01,31.0,21.5,0.0,5.95,22.06,12.0,32
shaanxi_guanzhong,1997-09-02,27.6,20.4,0.0,4.27,15.47,12.6,30
shaanxi_guanzhong,1997-09-03,30.2,17.7,0.0,4.39,20.55,7.8,37
shaanxi_guanzhong,1997-09-04,33.6,16.4,0.0,5.55,25.19,8.0,36
shaanxi_guanzhong,1997-09-05,36.5,18.6,0.0,5.8,24.6,6.6,36
shaanxi_guanzhong,1997-09-06,36.3,20.0,0.0,5.36,23.45,8.7,41
shaanxi_guanzhong,1997-09-07,34.8,21.7,0.0,5.31,22.6,10.1,48
shaanxi_guanzhong,1997-09-08,35.6,22.1,0.0,5.37,23.33,8.3,48
shaanxi_guanzhong,1997-09-09,34.8,21.3,0.0,5.13,22.73,7.9,44
shaanxi_guanzhong,1997-09-10,31.5,21.1,0.0,4.44,16.22,11.7,47
shaanxi_guanzhong,1997-09-11,26.6,20.5,9.9,2.14,8.58,9.7,74
shaanxi_guanzhong,1997-09-12,20.1,15.6,37.7,0.48,1.46,12.4,94
shaanxi_guanzhong,1997-09-13,15.8,14.2,49.5,0.4,0.96,4.7,93
shaanxi_guanzhong,1997-09-14,14.5,13.8,17.0,0.48,1.56,8.9,93
shaanxi_guanzhong,1997-09-15,18.5,13.6,5.4,1.54,8.31,11.6,86
shaanxi_guanzhong,1997-09-16,19.8,13.7,0.3,2.28,13.07,6.7,79
shaanxi_guanzhong,1997-09-17,17.9,11.1,9.0,0.97,4.62,13.0,85
shaanxi_guanzhong,1997-09-18,19.0,9.3,0.0,3.24,20.24,6.8,73
shaanxi_guanzhong,1997-09-19,20.9,8.5,0.0,2.48,14.04,5.0,70
shaanxi_guanzhong,1997-09-20,18.3,11.0,0.0,2.87,17.42,5.2,61
shaanxi_guanzhong,1997-09-21,20.3,9.4,0.0,3.47,20.53,9.0,61
shaanxi_guanzhong,1997-09-22,21.5,12.8,0.0,2.89,16.55,9.2,66
shaanxi_guanzhong,1997-09-23,18.0,15.1,10.7,1.08,5.33,9.2,86
shaanxi_guanzhong,1997-09-24,22.4,11.9,6.6,3.19,16.96,9.4,69
shaanxi_guanzhong,1997-09-25,22.1,8.3,0.0,3.85,21.59,13.0,51
shaanxi_guanzhong,1997-09-26,19.1,5.7,0.0,3.48,21.78,5.8,53
shaanxi_guanzhong,1997-09-27,19.8,5.7,0.0,3.38,20.74,6.9,59
shaanxi_guanzhong,1997-09-28,21.1,8.3,0.0,3.12,17.85,8.0,61
shaanxi_guanzhong,1997-09-29,22.3,9.5,0.0,3.01,17.06,7.2,66
shaanxi_guanzhong,1997-09-30,20.0,14.6,0.3,1.23,5.79,6.1,75
shaanxi_guanzhong,1997-10-01,23.5,10.5,0.0,3.29,18.75,6.1,70
shaanxi_guanzhong,1997-10-02,19.0,13.6,19.9,1.05,5.3,6.2,84
shaanxi_guanzhong,1997-10-03,15.5,8.6,10.3,1.44,6.94,16.9,73
shaanxi_guanzhong,1997-10-04,16.8,5.6,0.0,3.01,19.82,7.3,64
shaanxi_guanzhong,1997-10-05,19.1,6.4,0.0,2.57,15.44,7.6,68
shaanxi_guanzhong,1997-10-06,23.0,9.4,0.0,3.41,19.22,8.4,64
shaanxi_guanzhong,1997-10-07,21.4,10.3,0.0,2.74,15.63,5.6,55
shaanxi_guanzhong,1997-10-08,18.4,11.6,2.9,1.47,7.28,4.9,66
shaanxi_guanzhong,1997-10-09,21.8,10.5,0.0,2.8,16.51,5.6,72
shaanxi_guanzhong,1997-10-10,24.0,10.1,0.0,3.23,18.64,4.2,64
shaanxi_guanzhong,1997-10-11,21.4,11.1,0.0,1.56,7.92,3.5,68
shaanxi_guanzhong,1997-10-12,23.3,8.7,0.0,3.14,18.47,4.0,65
shaanxi_guanzhong,1997-10-13,20.7,10.4,0.0,1.46,7.64,4.6,72
shaanxi_guanzhong,1997-10-14,22.4,8.8,0.0,2.61,14.81,6.8,66
shaanxi_guanzhong,1997-10-15,21.8,8.9,0.0,2.31,13.18,5.5,67
shaanxi_guanzhong,1997-10-16,22.4,10.8,0.0,2.84,16.29,6.4,65
shaanxi_guanzhong,1997-10-17,23.1,10.4,0.0,2.84,16.14,4.9,66
shaanxi_guanzhong,1997-10-18,22.9,11.3,0.1,2.71,15.1,5.8,72
shaanxi_guanzhong,1997-10-19,23.5,10.9,0.5,3.09,15.41,9.7,58
shaanxi_guanzhong,1997-10-20,24.5,9.5,0.0,3.3,17.49,9.2,49
shaanxi_guanzhong,1997-10-21,25.0,9.9,0.0,3.13,17.34,4.6,50
shaanxi_guanzhong,1997-10-22,24.0,9.8,0.0,2.86,16.41,5.5,62
shaanxi_guanzhong,1997-10-23,18.9,11.5,0.5,1.88,9.47,9.4,60
shaanxi_guanzhong,1997-10-24,13.7,7.8,0.4,1.32,3.92,9.2,52
shaanxi_guanzhong,1997-10-25,7.1,4.3,6.0,0.9,5.18,9.1,71
shaanxi_guanzhong,1997-10-26,12.3,1.8,0.0,1.8,11.62,7.6,47
shaanxi_guanzhong,1997-10-27,12.9,-0.6,0.0,2.2,15.56,8.2,46
shaanxi_guanzhong,1997-10-28,14.0,0.5,0.0,2.1,14.7,5.5,52
shaanxi_guanzhong,1997-10-29,15.2,1.6,0.0,2.24,15.76,5.0,52
shaanxi_guanzhong,1997-10-30,16.3,1.5,0.0,2.33,15.94,4.3,49
shaanxi_guanzhong,1997-10-31,14.6,2.4,0.0,2.05,13.3,9.2,57
shaanxi_guanzhong,1997-11-01,14.1,4.0,0.0,1.58,10.57,6.2,64
shaanxi_guanzhong,1997-11-02,16.5,3.3,0.0,2.11,14.41,5.8,72
shaanxi_guanzhong,1997-11-03,18.2,3.5,0.0,2.49,15.59,8.3,57
shaanxi_guanzhong,1997-11-04,16.8,1.8,0.0,2.42,15.53,8.7,45
shaanxi_guanzhong,1997-11-05,17.1,4.1,0.0,2.12,14.17,5.1,52
shaanxi_guanzhong,1997-11-06,17.8,6.3,0.0,1.91,11.67,5.5,61
shaanxi_guanzhong,1997-11-07,16.9,5.3,0.0,1.76,11.19,7.9,70
shaanxi_guanzhong,1997-11-08,15.9,7.1,0.0,1.52,9.57,7.4,73
shaanxi_guanzhong,1997-11-09,13.8,7.6,2.7,1.08,5.62,11.3,78
shaanxi_guanzhong,1997-11-10,13.3,9.5,4.6,0.79,4.43,14.5,89
shaanxi_guanzhong,1997-11-11,10.3,6.6,11.7,0.55,1.92,15.6,88
shaanxi_guanzhong,1997-11-12,10.4,5.3,0.0,1.49,6.21,12.0,57
shaanxi_guanzhong,1997-11-13,12.0,2.2,0.0,1.8,11.93,8.3,49
shaanxi_guanzhong,1997-11-14,14.1,-0.5,0.0,1.98,13.76,9.4,58
shaanxi_guanzhong,1997-11-15,9.6,1.3,0.0,2.07,9.12,21.0,52
shaanxi_guanzhong,1997-11-16,4.6,-3.2,0.0,1.85,14.07,16.5,35
shaanxi_guanzhong,1997-11-17,8.4,-5.2,0.0,1.64,13.77,6.4,51
shaanxi_guanzhong,1997-11-18,8.5,-0.1,0.0,1.41,11.05,8.6,51
shaanxi_guanzhong,1997-11-19,11.3,0.5,0.0,1.55,10.91,10.2,58
shaanxi_guanzhong,1997-11-20,9.6,4.3,0.3,1.02,6.8,6.4,62
shaanxi_guanzhong,1997-11-21,12.2,1.5,0.0,1.46,11.02,7.0,75
shaanxi_guanzhong,1997-11-22,13.2,1.9,0.0,1.56,11.71,4.7,74
shaanxi_guanzhong,1997-11-23,14.7,0.4,0.0,1.7,12.06,8.1,76
shaanxi_guanzhong,1997-11-24,14.6,6.7,0.0,1.44,9.9,9.0,77
shaanxi_guanzhong,1997-11-25,8.1,0.3,5.0,1.09,5.05,21.3,63
shaanxi_guanzhong,1997-11-26,7.9,-2.4,0.3,1.38,10.49,11.6,55
shaanxi_guanzhong,1997-11-27,2.5,0.5,6.2,0.42,3.14,4.6,89
shaanxi_guanzhong,1997-11-28,3.3,0.3,3.9,0.47,3.56,3.9,89
shaanxi_guanzhong,1997-11-29,7.8,-4.7,0.0,1.27,11.38,9.0,78
shaanxi_guanzhong,1997-11-30,5.2,-0.8,2.3,0.66,5.36,5.5,83
shaanxi_guanzhong,1997-12-01,3.8,-3.0,1.1,1.2,11.17,6.6,64
shaanxi_guanzhong,1997-12-02,2.2,-4.5,1.3,0.86,6.58,9.7,54
shaanxi_guanzhong,1997-12-03,6.2,-3.2,0.1,1.24,11.45,11.4,66
shaanxi_guanzhong,1997-12-04,5.7,-1.7,0.0,1.08,10.06,10.8,73
shaanxi_guanzhong,1997-12-05,5.4,-0.0,0.3,0.77,6.57,8.9,79
shaanxi_guanzhong,1997-12-06,8.6,-2.0,0.3,1.44,10.75,15.1,67
shaanxi_guanzhong,1997-12-07,2.8,-4.6,0.0,1.76,9.03,16.4,33
shaanxi_guanzhong,1997-12-08,4.9,-6.8,0.0,1.26,12.17,4.7,38
shaanxi_guanzhong,1997-12-09,4.6,-5.6,0.0,1.34,11.83,7.9,42
shaanxi_guanzhong,1997-12-10,3.4,-5.4,0.0,1.14,11.66,3.7,42
shaanxi_guanzhong,1997-12-11,2.0,-3.9,0.0,0.73,5.99,5.0,49
shaanxi_guanzhong,1997-12-12,5.8,-5.5,0.0,1.21,11.24,8.1,57
shaanxi_guanzhong,1997-12-13,8.0,-5.3,0.0,1.23,10.97,4.1,68
shaanxi_guanzhong,1997-12-14,7.0,-3.8,0.0,0.97,7.51,6.8,66
shaanxi_guanzhong,1997-12-15,4.5,-1.2,0.0,0.7,5.33,6.2,70
shaanxi_guanzhong,1997-12-16,9.0,-4.1,0.0,1.29,11.23,4.3,78
shaanxi_guanzhong,1997-12-17,11.8,-3.3,0.0,1.42,11.47,3.3,73
shaanxi_guanzhong,1997-12-18,13.7,-2.6,0.0,1.54,11.58,7.8,71
shaanxi_guanzhong,1997-12-19,12.6,-1.9,0.0,1.49,11.51,5.6,66
shaanxi_guanzhong,1997-12-20,8.0,0.6,0.6,1.16,9.44,7.5,70
shaanxi_guanzhong,1997-12-21,3.5,0.6,3.4,0.42,2.98,8.1,87
shaanxi_guanzhong,1997-12-22,4.9,-0.5,0.1,0.67,5.92,6.4,87
shaanxi_guanzhong,1997-12-23,6.6,-0.8,0.0,1.08,10.12,10.1,79
shaanxi_guanzhong,1997-12-24,6.1,-1.7,0.0,0.93,8.24,10.2,80
shaanxi_guanzhong,1997-12-25,6.2,-0.0,0.0,0.76,6.37,4.9,83
shaanxi_guanzhong,1997-12-26,7.3,-2.6,0.0,1.19,9.91,9.2,65
shaanxi_guanzhong,1997-12-27,5.6,0.0,0.0,0.68,4.97,4.8,71
shaanxi_guanzhong,1997-12-28,4.2,-0.9,0.0,0.77,4.89,9.8,69
shaanxi_guanzhong,1997-12-29,5.8,-0.3,1.4,0.78,6.52,6.6,83
shaanxi_guanzhong,1997-12-30,6.7,-3.9,0.0,0.91,8.05,6.6,82
shaanxi_guanzhong,1997-12-31,6.2,-3.1,2.0,1.09,6.61,13.2,64
shaanxi_guanzhong,1998-01-01,9.7,-4.1,0.0,1.48,11.9,7.4,53
shaanxi_guanzhong,1998-01-02,8.6,-3.6,0.1,1.28,10.45,6.4,66
shaanxi_guanzhong,1998-01-03,3.8,-4.1,0.0,1.32,7.45,11.0,48
shaanxi_guanzhong,1998-01-04,2.1,-5.9,0.0,1.29,12.07,6.5,31
shaanxi_guanzhong,1998-01-05,7.8,-5.5,0.0,1.41,12.24,5.4,44
shaanxi_guanzhong,1998-01-06,4.2,-4.2,0.0,1.02,5.85,9.8,50
shaanxi_guanzhong,1998-01-07,6.4,-4.2,0.3,1.19,9.77,6.5,56
shaanxi_guanzhong,1998-01-08,8.2,-4.9,0.0,1.48,11.84,9.7,57
shaanxi_guanzhong,1998-01-09,6.9,0.1,0.0,1.0,7.99,5.7,61
shaanxi_guanzhong,1998-01-10,6.4,-2.0,0.0,0.88,6.01,6.9,61
shaanxi_guanzhong,1998-01-11,8.8,-4.9,0.0,1.51,12.65,9.6,59
shaanxi_guanzhong,1998-01-12,4.8,-0.1,0.0,0.76,5.84,7.1,67
shaanxi_guanzhong,1998-01-13,3.6,0.0,1.4,0.61,4.58,12.9,83
shaanxi_guanzhong,1998-01-14,3.7,-0.6,2.5,0.72,6.33,6.6,84
shaanxi_guanzhong,1998-01-15,3.9,-2.0,0.1,1.05,8.08,14.9,70
shaanxi_guanzhong,1998-01-16,-1.6,-4.4,3.4,0.57,4.19,11.8,70
shaanxi_guanzhong,1998-01-17,-1.8,-4.9,0.1,0.93,9.62,7.9,56
shaanxi_guanzhong,1998-01-18,-3.7,-7.2,0.0,0.94,10.15,8.3,40
shaanxi_guanzhong,1998-01-19,-1.5,-8.6,0.0,1.09,11.21,6.3,37
shaanxi_guanzhong,1998-01-20,3.9,-7.6,0.0,1.37,13.59,5.2,50
shaanxi_guanzhong,1998-01-21,4.9,-7.3,0.0,1.39,13.01,5.4,57
shaanxi_guanzhong,1998-01-22,4.3,-4.9,0.0,1.32,10.9,8.7,47
shaanxi_guanzhong,1998-01-23,0.7,-6.3,0.0,0.91,8.18,5.4,50
shaanxi_guanzhong,1998-01-24,1.3,-6.0,0.0,1.38,12.64,12.4,44
shaanxi_guanzhong,1998-01-25,4.6,-3.4,0.0,1.57,13.79,8.2,39
shaanxi_guanzhong,1998-01-26,7.0,-4.5,0.0,1.46,12.74,6.7,60
shaanxi_guanzhong,1998-01-27,6.2,-3.8,0.0,1.52,12.48,12.7,54
shaanxi_guanzhong,1998-01-28,5.4,-5.7,0.0,1.64,14.58,13.4,47
shaanxi_guanzhong,1998-01-29,8.2,-3.0,0.0,1.68,14.68,7.7,52
shaanxi_guanzhong,1998-01-30,8.3,-4.4,0.1,1.56,13.43,6.4,71
shaanxi_guanzhong,1998-01-31,3.9,-1.1,0.5,0.68,5.86,10.8,82
shaanxi_guanzhong,1998-02-01,4.2,-1.5,0.1,0.87,7.82,10.9,82
shaanxi_guanzhong,1998-02-02,6.5,-2.4,0.1,1.31,11.57,6.3,76
shaanxi_guanzhong,1998-02-03,5.8,-4.2,0.0,1.67,13.75,10.6,47
shaanxi_guanzhong,1998-02-04,4.1,-4.4,0.0,1.5,14.12,5.9,44
shaanxi_guanzhong,1998-02-05,5.3,-4.9,0.0,1.65,15.02,4.9,48
shaanxi_guanzhong,1998-02-06,9.5,-4.0,0.0,2.03,15.87,10.2,47
shaanxi_guanzhong,1998-02-07,9.5,-3.6,0.0,1.77,13.8,7.2,50
shaanxi_guanzhong,1998-02-08,11.3,-2.0,0.0,1.97,15.86,8.9,54
shaanxi_guanzhong,1998-02-09,10.8,-2.5,0.0,2.14,16.08,9.3,53
shaanxi_guanzhong,1998-02-10,14.4,0.4,0.0,2.2,15.98,9.3,47
shaanxi_guanzhong,1998-02-11,18.5,0.9,0.0,2.38,15.84,5.8,65
shaanxi_guanzhong,1998-02-12,16.2,2.9,0.0,2.38,12.7,11.7,57
shaanxi_guanzhong,1998-02-13,8.2,-0.1,0.1,1.68,7.42,11.0,45
shaanxi_guanzhong,1998-02-14,12.6,-3.5,0.0,2.24,16.18,10.3,57
shaanxi_guanzhong,1998-02-15,12.3,-0.1,0.0,2.11,15.99,10.0,59
shaanxi_guanzhong,1998-02-16,7.3,3.8,1.1,0.79,4.92,11.8,75
shaanxi_guanzhong,1998-02-17,7.3,2.4,4.7,1.11,7.28,20.8,78
shaanxi_guanzhong,1998-02-18,6.2,0.6,0.0,1.19,8.46,14.0,73
shaanxi_guanzhong,1998-02-19,5.3,-0.6,0.2,1.01,8.51,5.9,80
shaanxi_guanzhong,1998-02-20,11.1,0.8,0.0,1.65,11.73,7.3,65
shaanxi_guanzhong,1998-02-21,11.3,1.4,0.0,1.79,12.3,9.3,66
shaanxi_guanzhong,1998-02-22,9.0,1.6,0.0,1.33,8.13,12.7,73
shaanxi_guanzhong,1998-02-23,9.0,0.2,0.0,1.79,13.49,11.0,63
shaanxi_guanzhong,1998-02-24,10.3,3.0,0.0,1.62,12.12,4.5,62
shaanxi_guanzhong,1998-02-25,14.0,0.0,0.0,2.37,15.9,6.9,65
shaanxi_guanzhong,1998-02-26,12.9,-0.9,0.0,2.54,18.19,6.6,54
shaanxi_guanzhong,1998-02-27,12.7,2.3,0.0,2.19,14.53,10.3,49
shaanxi_guanzhong,1998-02-28,12.9,4.3,0.0,1.97,10.99,12.6,52
shaanxi_guanzhong,1998-03-01,11.4,4.6,0.0,1.44,8.9,11.1,69
shaanxi_guanzhong,1998-03-02,11.6,5.5,0.0,1.45,9.92,3.3,71
shaanxi_guanzhong,1998-03-03,15.8,1.5,0.0,2.48,16.08,12.6,69
shaanxi_guanzhong,1998-03-04,17.4,4.4,0.0,2.63,16.61,11.4,64
shaanxi_guanzhong,1998-03-05,14.8,4.6,0.0,2.12,11.56,13.0,66
shaanxi_guanzhong,1998-03-06,10.1,7.1,8.8,0.6,2.75,12.1,86
shaanxi_guanzhong,1998-03-07,7.1,1.7,21.0,0.56,4.54,20.5,93
shaanxi_guanzhong,1998-03-08,2.7,0.3,12.5,0.67,5.18,14.5,86
shaanxi_guanzhong,1998-03-09,3.8,-0.6,5.7,1.06,9.5,6.9,91
shaanxi_guanzhong,1998-03-10,6.4,0.2,0.9,1.3,11.56,8.0,79
shaanxi_guanzhong,1998-03-11,7.3,-2.6,0.0,1.52,12.21,4.6,69
shaanxi_guanzhong,1998-03-12,13.5,-1.2,0.0,2.69,19.31,8.0,66
shaanxi_guanzhong,1998-03-13,14.6,-0.3,0.0,2.29,14.97,8.9,70
shaanxi_guanzhong,1998-03-14,13.0,0.0,0.0,2.65,17.06,13.0,58
shaanxi_guanzhong,1998-03-15,14.4,3.5,0.0,2.97,19.43,9.2,54
shaanxi_guanzhong,1998-03-16,15.9,2.8,0.0,2.99,20.72,6.9,70
shaanxi_guanzhong,1998-03-17,21.9,3.8,0.0,3.59,21.56,10.0,68
shaanxi_guanzhong,1998-03-18,11.6,3.5,0.0,2.31,10.72,19.7,58
shaanxi_guanzhong,1998-03-19,3.3,-1.1,1.1,1.84,10.18,12.2,29
shaanxi_guanzhong,1998-03-20,1.1,-3.5,0.0,1.51,12.38,10.0,39
shaanxi_guanzhong,1998-03-21,7.5,-4.4,0.0,2.7,23.02,12.4,47
shaanxi_guanzhong,1998-03-22,4.6,-2.4,0.0,1.37,10.41,7.2,59
shaanxi_guanzhong,1998-03-23,6.8,0.7,0.1,1.59,12.51,8.2,72
shaanxi_guanzhong,1998-03-24,7.4,1.9,0.1,1.27,9.4,5.4,73
shaanxi_guanzhong,1998-03-25,10.1,0.9,0.0,1.88,14.21,5.2,73
shaanxi_guanzhong,1998-03-26,17.4,2.5,0.0,3.38,21.85,9.7,61
shaanxi_guanzhong,1998-03-27,20.7,3.2,0.0,3.72,22.58,6.4,61
shaanxi_guanzhong,1998-03-28,22.3,5.1,0.0,4.0,23.24,7.9,64
shaanxi_guanzhong,1998-03-29,21.2,6.4,0.0,3.5,20.42,7.3,63
shaanxi_guanzhong,1998-03-30,21.2,7.4,0.0,3.43,19.01,12.1,69
shaanxi_guanzhong,1998-03-31,15.4,7.5,11.5,1.11,4.6,17.5,79
shaanxi_guanzhong,1998-04-01,14.5,5.9,0.2,2.56,17.46,10.2,77
shaanxi_guanzhong,1998-04-02,17.9,3.6,0.0,3.42,23.18,14.3,72
shaanxi_guanzhong,1998-04-03,17.8,6.2,0.0,2.99,19.19,8.9,76
shaanxi_guanzhong,1998-04-04,18.1,10.8,0.0,2.52,14.87,6.6,72
shaanxi_guanzhong,1998-04-05,17.4,7.9,0.9,1.94,11.35,8.2,80
shaanxi_guanzhong,1998-04-06,12.7,11.4,19.1,0.49,1.7,6.5,91
shaanxi_guanzhong,1998-04-07,17.6,10.7,0.0,2.59,15.71,8.0,76
shaanxi_guanzhong,1998-04-08,21.9,6.2,0.0,4.1,24.57,9.8,72
shaanxi_guanzhong,1998-04-09,24.2,10.8,0.0,4.16,24.04,11.6,73
shaanxi_guanzhong,1998-04-10,23.4,10.3,1.0,3.82,21.29,16.1,76
shaanxi_guanzhong,1998-04-11,13.1,7.1,14.0,1.28,5.46,23.1,79
shaanxi_guanzhong,1998-04-12,21.1,4.6,0.0,4.38,26.48,4.8,52
shaanxi_guanzhong,1998-04-13,21.5,7.5,0.0,4.29,24.88,8.8,54
shaanxi_guanzhong,1998-04-14,20.8,5.8,0.0,4.13,24.45,6.2,56
shaanxi_guanzhong,1998-04-15,24.1,10.0,0.0,4.14,22.42,8.4,63
shaanxi_guanzhong,1998-04-16,23.5,8.0,0.0,4.48,25.79,10.2,56
shaanxi_guanzhong,1998-04-17,25.7,9.1,0.0,4.71,25.62,6.4,58
shaanxi_guanzhong,1998-04-18,27.9,12.4,0.0,4.53,23.45,10.7,68
shaanxi_guanzhong,1998-04-19,27.6,13.1,0.0,4.63,23.81,10.9,65
shaanxi_guanzhong,1998-04-20,27.9,14.2,0.0,4.61,23.39,8.9,61
shaanxi_guanzhong,1998-04-21,28.9,14.6,0.0,4.93,24.08,10.5,62
shaanxi_guanzhong,1998-04-22,27.7,15.5,0.0,4.24,21.82,10.2,64
shaanxi_guanzhong,1998-04-23,19.3,9.7,1.8,2.79,10.75,16.9,59
shaanxi_guanzhong,1998-04-24,19.1,7.8,0.0,4.5,26.6,10.4,44
shaanxi_guanzhong,1998-04-25,25.0,9.8,0.0,4.63,25.4,8.5,52
shaanxi_guanzhong,1998-04-26,28.3,13.0,0.0,5.06,26.23,11.3,65
shaanxi_guanzhong,1998-04-27,32.2,15.9,0.0,5.63,26.2,13.3,63
shaanxi_guanzhong,1998-04-28,29.8,18.6,2.6,4.31,21.16,9.8,73
shaanxi_guanzhong,1998-04-29,22.6,17.8,7.6,1.6,7.32,10.0,84
shaanxi_guanzhong,1998-04-30,20.0,15.0,12.9,1.27,6.04,13.5,88
shaanxi_guanzhong,1998-05-01,25.3,13.4,2.1,4.18,21.74,13.7,70
shaanxi_guanzhong,1998-05-02,24.7,11.9,0.0,3.81,19.52,6.8,52
shaanxi_guanzhong,1998-05-03,25.3,12.9,1.6,4.39,23.07,9.9,58
shaanxi_guanzhong,1998-05-04,25.1,13.7,0.0,4.23,21.4,14.2,71
shaanxi_guanzhong,1998-05-05,25.7,14.8,0.0,3.92,19.99,12.1,69
shaanxi_guanzhong,1998-05-06,19.7,14.9,14.7,1.37,5.62,11.2,82
shaanxi_guanzhong,1998-05-07,20.4,14.4,5.4,2.45,12.67,7.2,73
shaanxi_guanzhong,1998-05-08,18.2,13.2,6.1,1.37,6.01,18.1,81
shaanxi_guanzhong,1998-05-09,13.2,9.8,20.3,0.56,2.19,12.9,94
shaanxi_guanzhong,1998-05-10,16.2,9.4,3.4,2.63,15.97,6.1,78
shaanxi_guanzhong,1998-05-11,21.0,8.9,0.0,3.97,22.8,7.2,70
shaanxi_guanzhong,1998-05-12,18.3,12.7,5.9,1.78,9.26,5.4,78
shaanxi_guanzhong,1998-05-13,20.5,12.9,1.7,2.47,13.41,7.3,77
shaanxi_guanzhong,1998-05-14,23.2,11.1,0.0,4.37,24.92,10.8,71
shaanxi_guanzhong,1998-05-15,20.2,13.2,6.7,2.2,11.44,21.0,80
shaanxi_guanzhong,1998-05-16,23.3,11.1,1.0,4.65,25.41,8.7,65
shaanxi_guanzhong,1998-05-17,25.6,10.7,0.0,5.0,27.49,6.5,68
shaanxi_guanzhong,1998-05-18,27.3,14.2,0.0,5.15,27.14,7.8,71
shaanxi_guanzhong,1998-05-19,26.1,18.1,5.3,3.06,15.32,9.8,80
shaanxi_guanzhong,1998-05-20,21.8,17.9,30.7,1.22,5.88,19.3,91
shaanxi_guanzhong,1998-05-21,20.6,11.0,24.1,2.08,8.98,24.2,77
shaanxi_guanzhong,1998-05-22,16.3,9.8,2.0,1.6,8.74,6.2,78
shaanxi_guanzhong,1998-05-23,15.3,12.4,14.1,1.12,5.51,8.8,84
shaanxi_guanzhong,1998-05-24,19.8,11.5,0.0,4.01,23.04,7.7,59
shaanxi_guanzhong,1998-05-25,22.9,5.6,0.0,4.94,28.76,5.8,65
shaanxi_guanzhong,1998-05-26,25.4,12.0,0.0,3.34,17.02,6.5,73
shaanxi_guanzhong,1998-05-27,25.4,13.6,0.0,4.17,22.02,5.2,72
shaanxi_guanzhong,1998-05-28,20.9,12.8,0.0,3.79,20.69,7.8,60
shaanxi_guanzhong,1998-05-29,23.2,16.1,0.0,4.15,22.4,9.8,57
shaanxi_guanzhong,1998-05-30,24.7,15.8,8.7,3.21,16.66,10.2,75
shaanxi_guanzhong,1998-05-31,18.5,16.1,28.0,0.61,2.25,11.4,95
shaanxi_guanzhong,1998-06-01,25.5,15.8,1.6,4.46,23.37,10.6,75
shaanxi_guanzhong,1998-06-02,26.7,12.6,0.0,5.73,30.31,9.8,57
shaanxi_guanzhong,1998-06-03,27.4,13.5,0.0,3.7,18.03,6.4,66
shaanxi_guanzhong,1998-06-04,27.4,12.9,0.0,5.28,27.78,6.3,70
shaanxi_guanzhong,1998-06-05,27.0,16.0,0.0,5.01,25.95,8.8,68
shaanxi_guanzhong,1998-06-06,26.9,17.1,0.1,4.06,21.06,9.3,77
shaanxi_guanzhong,1998-06-07,20.8,17.2,14.9,1.69,8.5,7.6,88
shaanxi_guanzhong,1998-06-08,24.1,16.1,2.9,4.2,22.63,7.6,77
shaanxi_guanzhong,1998-06-09,26.0,16.0,0.0,5.01,26.87,7.8,67
shaanxi_guanzhong,1998-06-10,27.0,17.3,0.0,4.46,23.06,8.2,70
shaanxi_guanzhong,1998-06-11,22.3,18.4,12.8,1.69,8.72,8.0,88
shaanxi_guanzhong,1998-06-12,28.1,18.4,0.0,4.55,22.55,8.7,75
shaanxi_guanzhong,1998-06-13,25.5,18.6,1.3,3.08,15.58,7.3,79
shaanxi_guanzhong,1998-06-14,26.8,18.4,0.0,3.99,20.3,11.1,77
shaanxi_guanzhong,1998-06-15,28.1,19.3,0.3,3.66,18.19,5.8,76
shaanxi_guanzhong,1998-06-16,30.4,19.0,0.1,3.55,17.03,7.7,75
shaanxi_guanzhong,1998-06-17,27.6,18.7,2.1,2.64,11.48,11.3,76
shaanxi_guanzhong,1998-06-18,27.0,15.4,0.1,5.08,22.91,15.0,57
shaanxi_guanzhong,1998-06-19,29.3,13.6,0.0,5.05,25.43,5.7,59
shaanxi_guanzhong,1998-06-20,33.0,17.1,0.0,5.89,28.5,8.4,61
shaanxi_guanzhong,1998-06-21,33.4,18.4,0.0,6.1,29.23,5.8,62
shaanxi_guanzhong,1998-06-22,28.2,22.3,3.0,2.91,12.9,8.6,69
shaanxi_guanzhong,1998-06-23,25.5,20.5,1.7,2.24,9.95,7.6,79
shaanxi_guanzhong,1998-06-24,26.0,19.3,0.0,2.83,14.03,5.5,77
shaanxi_guanzhong,1998-06-25,26.7,19.1,0.1,4.14,21.16,5.7,71
shaanxi_guanzhong,1998-06-26,30.2,17.2,0.0,5.64,28.56,5.6,65
shaanxi_guanzhong,1998-06-27,31.6,19.1,0.0,5.38,26.0,6.8,62
shaanxi_guanzhong,1998-06-28,32.2,20.7,0.0,5.18,23.82,7.6,63
shaanxi_guanzhong,1998-06-29,32.5,22.3,0.0,5.78,27.9,5.7,58
shaanxi_guanzhong,1998-06-30,31.9,21.4,0.0,4.79,21.67,8.2,64
shaanxi_guanzhong,1998-07-01,26.4,22.0,11.7,2.15,9.68,6.5,79
shaanxi_guanzhong,1998-07-02,29.6,21.4,0.0,4.5,21.89,7.0,70
shaanxi_guanzhong,1998-07-03,32.0,20.8,0.0,5.4,23.56,12.3,62
shaanxi_guanzhong,1998-07-04,31.3,21.8,0.1,4.55,19.96,9.9,66
shaanxi_guanzhong,1998-07-05,26.0,22.2,21.5,1.64,7.12,12.6,86
shaanxi_guanzhong,1998-07-06,23.7,20.0,15.8,1.52,6.51,10.6,81
shaanxi_guanzhong,1998-07-07,19.6,18.3,75.9,0.59,1.8,7.2,92
shaanxi_guanzhong,1998-07-08,19.2,17.7,50.7,0.66,2.52,3.4,96
shaanxi_guanzhong,1998-07-09,21.0,18.2,13.3,1.06,4.89,3.9,95
shaanxi_guanzhong,1998-07-10,22.2,19.2,5.3,1.12,5.09,5.2,94
shaanxi_guanzhong,1998-07-11,26.4,19.3,0.0,2.77,13.93,7.1,86
shaanxi_guanzhong,1998-07-12,27.7,22.6,0.7,2.96,14.49,7.1,87
shaanxi_guanzhong,1998-07-13,29.1,24.0,4.0,3.17,15.39,5.2,85
shaanxi_guanzhong,1998-07-14,29.0,23.1,32.4,2.64,12.31,4.6,86
shaanxi_guanzhong,1998-07-15,27.3,23.1,28.4,2.3,10.87,7.6,89
shaanxi_guanzhong,1998-07-16,27.5,21.6,5.8,3.0,13.64,12.7,80
shaanxi_guanzhong,1998-07-17,30.8,18.6,0.0,5.89,29.1,6.6,70
shaanxi_guanzhong,1998-07-18,32.2,17.8,0.0,5.82,28.45,4.0,73
shaanxi_guanzhong,1998-07-19,30.7,22.1,0.0,3.91,18.5,5.0,78
shaanxi_guanzhong,1998-07-20,31.6,20.8,0.0,5.6,27.39,4.1,74
shaanxi_guanzhong,1998-07-21,31.3,21.4,0.0,5.3,25.46,6.6,76
shaanxi_guanzhong,1998-07-22,30.7,21.4,4.9,4.88,23.53,6.6,78
shaanxi_guanzhong,1998-07-23,29.8,21.0,3.0,5.05,24.91,5.2,73
shaanxi_guanzhong,1998-07-24,29.2,23.4,0.0,4.45,21.64,7.0,73
shaanxi_guanzhong,1998-07-25,30.0,21.6,0.3,4.67,22.87,11.1,76
shaanxi_guanzhong,1998-07-26,29.5,21.0,0.7,4.13,19.99,8.4,74
shaanxi_guanzhong,1998-07-27,24.4,21.9,64.5,0.74,2.83,6.1,93
shaanxi_guanzhong,1998-07-28,28.3,19.2,0.0,4.55,23.21,6.5,83
shaanxi_guanzhong,1998-07-29,27.3,18.6,0.0,3.72,18.77,7.5,82
shaanxi_guanzhong,1998-07-30,28.8,21.0,0.5,4.23,21.28,8.0,80
shaanxi_guanzhong,1998-07-31,28.7,23.6,0.2,4.27,21.12,6.3,79
shaanxi_guanzhong,1998-08-01,29.4,20.8,2.3,4.22,20.57,6.1,83
shaanxi_guanzhong,1998-08-02,29.8,20.8,0.7,4.32,21.07,7.8,79
shaanxi_guanzhong,1998-08-03,28.9,23.3,1.2,4.13,20.27,7.6,77
shaanxi_guanzhong,1998-08-04,29.0,21.7,0.6,4.55,22.54,8.2,76
shaanxi_guanzhong,1998-08-05,25.6,23.3,3.6,1.65,7.57,5.1,78
shaanxi_guanzhong,1998-08-06,25.6,21.8,8.8,1.82,8.74,5.2,83
shaanxi_guanzhong,1998-08-07,29.3,17.5,0.0,5.23,26.57,5.9,77
shaanxi_guanzhong,1998-08-08,29.0,19.4,0.0,3.27,15.83,6.4,79
shaanxi_guanzhong,1998-08-09,24.9,20.8,26.4,1.63,7.71,7.2,86
shaanxi_guanzhong,1998-08-10,27.9,19.3,0.0,4.84,25.1,5.8,79
shaanxi_guanzhong,1998-08-11,26.9,21.0,0.4,2.76,13.35,6.8,79
shaanxi_guanzhong,1998-08-12,28.1,18.7,0.2,3.91,19.6,2.0,77
shaanxi_guanzhong,1998-08-13,25.0,19.4,42.5,1.52,6.98,8.8,87
shaanxi_guanzhong,1998-08-14,21.7,19.4,34.2,1.05,4.71,6.6,88
shaanxi_guanzhong,1998-08-15,26.7,16.7,0.0,3.1,15.47,5.1,79
shaanxi_guanzhong,1998-08-16,27.2,17.7,0.0,4.62,24.45,7.3,79
shaanxi_guanzhong,1998-08-17,26.7,21.3,2.3,3.55,18.25,8.2,79
shaanxi_guanzhong,1998-08-18,27.3,18.9,0.0,4.15,21.42,7.6,81
shaanxi_guanzhong,1998-08-19,27.9,20.6,1.3,4.01,20.79,10.0,80
shaanxi_guanzhong,1998-08-20,23.5,21.4,19.3,0.85,3.24,14.2,90
shaanxi_guanzhong,1998-08-21,26.3,21.5,49.8,2.06,10.01,9.0,91
shaanxi_guanzhong,1998-08-22,28.5,20.6,0.0,3.37,16.84,9.7,86
shaanxi_guanzhong,1998-08-23,28.7,23.5,7.9,3.21,15.7,7.8,83
shaanxi_guanzhong,1998-08-24,28.2,22.5,11.2,3.19,15.04,9.7,81
shaanxi_guanzhong,1998-08-25,25.3,21.6,10.1,1.93,8.97,8.6,84
shaanxi_guanzhong,1998-08-26,21.4,17.4,35.1,0.71,2.61,7.8,93
shaanxi_guanzhong,1998-08-27,25.9,14.4,0.0,4.47,24.18,3.1,77
shaanxi_guanzhong,1998-08-28,25.1,18.7,0.0,2.17,10.58,5.2,73
shaanxi_guanzhong,1998-08-29,27.3,15.0,0.0,4.11,21.39,5.4,71
shaanxi_guanzhong,1998-08-30,28.7,16.1,0.0,4.65,24.01,6.1,71
shaanxi_guanzhong,1998-08-31,27.7,14.6,0.0,4.32,22.33,8.6,73
shaanxi_guanzhong,1998-09-01,26.0,19.2,1.8,3.35,17.39,9.0,80
shaanxi_guanzhong,1998-09-02,23.7,18.7,5.0,1.85,9.24,5.5,86
shaanxi_guanzhong,1998-09-03,27.1,18.5,0.3,4.07,21.56,4.2,74
shaanxi_guanzhong,1998-09-04,29.0,16.0,0.0,3.76,18.44,7.6,71
shaanxi_guanzhong,1998-09-05,30.7,16.2,0.0,4.86,24.08,6.5,63
shaanxi_guanzhong,1998-09-06,31.5,17.1,0.0,4.87,24.07,5.1,61
shaanxi_guanzhong,1998-09-07,30.9,17.7,0.0,4.82,23.57,9.3,69
shaanxi_guanzhong,1998-09-08,30.1,17.8,0.0,4.64,23.3,4.5,69
shaanxi_guanzhong,1998-09-09,29.8,16.9,0.0,4.7,23.81,6.1,71
shaanxi_guanzhong,1998-09-10,29.1,19.0,0.0,4.51,22.24,12.7,72
shaanxi_guanzhong,1998-09-11,28.1,17.3,0.0,4.65,23.05,12.1,67
shaanxi_guanzhong,1998-09-12,28.1,16.5,0.0,4.15,20.67,12.5,70
shaanxi_guanzhong,1998-09-13,28.6,18.4,0.0,4.2,21.6,9.3,71
shaanxi_guanzhong,1998-09-14,28.5,18.1,0.0,3.76,18.78,6.9,75
shaanxi_guanzhong,1998-09-15,23.3,15.7,5.2,1.09,4.62,18.8,87
shaanxi_guanzhong,1998-09-16,20.9,15.8,7.4,1.37,6.45,14.2,88
shaanxi_guanzhong,1998-09-17,21.5,17.2,6.7,1.71,9.01,5.4,88
shaanxi_guanzhong,1998-09-18,19.6,17.6,31.1,0.84,3.83,10.8,91
shaanxi_guanzhong,1998-09-19,18.4,12.0,34.3,0.83,2.83,20.0,86
shaanxi_guanzhong,1998-09-20,20.1,6.6,0.0,3.77,23.12,9.3,65
shaanxi_guanzhong,1998-09-21,20.8,8.8,0.0,3.15,18.47,7.9,65
shaanxi_guanzhong,1998-09-22,17.3,14.6,1.3,0.96,3.73,4.6,73
shaanxi_guanzhong,1998-09-23,22.3,12.5,0.0,2.92,16.96,7.1,80
shaanxi_guanzhong,1998-09-24,22.8,15.5,0.0,2.19,11.58,6.6,78
shaanxi_guanzhong,1998-09-25,22.9,15.5,0.5,1.71,8.05,8.2,79
shaanxi_guanzhong,1998-09-26,26.0,13.9,0.0,3.23,17.01,5.6,67
shaanxi_guanzhong,1998-09-27,26.1,11.4,0.0,3.91,21.5,3.8,67
shaanxi_guanzhong,1998-09-28,26.3,13.3,0.0,3.88,21.0,9.7,73
shaanxi_guanzhong,1998-09-29,26.0,15.3,0.0,3.65,19.82,11.9,71
shaanxi_guanzhong,1998-09-30,25.6,15.4,0.0,3.56,19.64,6.8,72
shaanxi_guanzhong,1998-10-01,23.8,15.9,0.0,2.83,12.69,12.3,67
shaanxi_guanzhong,1998-10-02,21.4,12.9,4.8,2.46,12.2,16.0,70
shaanxi_guanzhong,1998-10-03,15.5,13.5,11.4,0.78,3.8,3.8,90
shaanxi_guanzhong,1998-10-04,17.5,12.8,3.9,1.08,5.99,11.0,91
shaanxi_guanzhong,1998-10-05,18.3,14.8,5.4,0.97,4.94,5.1,89
shaanxi_guanzhong,1998-10-06,22.8,14.8,0.6,2.7,15.34,7.9,81
shaanxi_guanzhong,1998-10-07,23.5,14.3,0.0,2.89,16.5,6.4,80
shaanxi_guanzhong,1998-10-08,22.8,14.1,2.4,2.34,12.93,7.3,83
shaanxi_guanzhong,1998-10-09,20.8,16.9,10.7,1.36,6.92,5.4,88
shaanxi_guanzhong,1998-10-10,21.2,16.9,1.0,1.99,11.2,6.8,83
shaanxi_guanzhong,1998-10-11,21.7,13.3,0.0,2.71,14.06,16.0,74
shaanxi_guanzhong,1998-10-12,20.2,14.0,4.2,1.86,8.09,15.6,77
shaanxi_guanzhong,1998-10-13,17.1,9.7,2.7,1.85,6.86,13.8,62
shaanxi_guanzhong,1998-10-14,20.7,6.8,0.0,2.8,17.33,3.5,57
shaanxi_guanzhong,1998-10-15,21.6,7.6,0.0,3.09,18.21,8.9,67
shaanxi_guanzhong,1998-10-16,18.6,11.7,6.3,1.21,5.18,17.8,74
shaanxi_guanzhong,1998-10-17,18.1,8.5,0.0,2.89,16.41,9.7,53
shaanxi_guanzhong,1998-10-18,19.4,6.0,0.0,2.09,11.48,7.3,62
shaanxi_guanzhong,1998-10-19,17.0,10.1,0.0,1.93,11.14,7.7,61
shaanxi_guanzhong,1998-10-20,18.8,6.1,0.0,2.39,15.09,5.7,75
shaanxi_guanzhong,1998-10-21,18.5,8.3,0.0,1.87,10.88,6.1,77
shaanxi_guanzhong,1998-10-22,19.4,8.0,0.0,2.68,16.47,6.1,66
shaanxi_guanzhong,1998-10-23,19.7,7.4,0.0,2.46,15.11,9.5,70
shaanxi_guanzhong,1998-10-24,20.3,10.3,0.0,2.12,12.63,8.7,77
shaanxi_guanzhong,1998-10-25,15.0,6.7,5.0,1.76,7.73,12.3,60
shaanxi_guanzhong,1998-10-26,15.5,4.5,0.0,2.28,13.95,7.9,58
shaanxi_guanzhong,1998-10-27,11.6,7.5,13.6,0.52,2.85,9.5,87
shaanxi_guanzhong,1998-10-28,15.3,8.4,2.5,1.38,8.83,4.6,82
shaanxi_guanzhong,1998-10-29,19.3,9.3,5.0,2.22,13.81,6.5,76
shaanxi_guanzhong,1998-10-30,16.1,7.4,1.4,1.2,6.98,9.1,84
shaanxi_guanzhong,1998-10-31,17.5,7.1,0.0,2.5,15.43,8.0,58
shaanxi_guanzhong,1998-11-01,19.8,5.4,0.0,2.29,14.44,5.2,61
shaanxi_guanzhong,1998-11-02,19.8,5.8,0.0,2.5,15.47,6.9,60
shaanxi_guanzhong,1998-11-03,21.5,7.1,0.0,2.42,15.12,6.0,74
shaanxi_guanzhong,1998-11-04,19.7,6.6,0.0,2.35,14.66,10.0,73
shaanxi_guanzhong,1998-11-05,18.4,8.7,0.0,1.81,11.68,5.0,67
shaanxi_guanzhong,1998-11-06,17.6,5.3,0.0,2.26,14.79,8.9,68
shaanxi_guanzhong,1998-11-07,15.5,5.6,0.3,1.28,7.86,7.6,74
shaanxi_guanzhong,1998-11-08,19.4,5.6,0.5,2.37,14.63,8.7,66
shaanxi_guanzhong,1998-11-09,18.1,4.0,0.0,2.23,14.58,5.8,51
shaanxi_guanzhong,1998-11-10,17.1,4.0,0.0,2.02,13.46,4.4,66
shaanxi_guanzhong,1998-11-11,16.4,5.7,0.0,1.3,7.97,3.6,72
shaanxi_guanzhong,1998-11-12,19.0,6.7,0.7,2.04,13.25,6.0,76
shaanxi_guanzhong,1998-11-13,20.1,6.2,0.0,2.18,13.77,4.7,70
shaanxi_guanzhong,1998-11-14,19.0,6.3,0.0,2.03,13.12,5.5,74
shaanxi_guanzhong,1998-11-15,18.5,6.9,0.0,1.7,9.67,10.0,74
shaanxi_guanzhong,1998-11-16,12.7,3.0,0.0,2.08,12.19,13.7,50
shaanxi_guanzhong,1998-11-17,8.8,0.1,0.0,1.7,10.32,13.1,40
shaanxi_guanzhong,1998-11-18,10.2,0.4,0.1,1.9,12.9,8.9,44
shaanxi_guanzhong,1998-11-19,13.7,1.3,0.0,1.72,12.12,7.4,63
shaanxi_guanzhong,1998-11-20,12.0,2.1,4.7,0.87,5.14,6.8,73
shaanxi_guanzhong,1998-11-21,16.0,2.9,0.3,2.1,13.2,11.9,63
shaanxi_guanzhong,1998-11-22,17.0,2.9,0.0,1.84,12.63,4.2,60
shaanxi_guanzhong,1998-11-23,16.8,3.6,0.0,1.8,12.73,3.8,56
shaanxi_guanzhong,1998-11-24,15.7,3.3,0.2,2.1,12.09,13.5,62
shaanxi_guanzhong,1998-11-25,11.2,2.8,0.4,1.35,9.77,13.2,74
shaanxi_guanzhong,1998-11-26,8.3,4.0,4.4,0.58,3.74,7.4,84
shaanxi_guanzhong,1998-11-27,10.4,-0.1,0.1,1.2,8.71,7.4,73
shaanxi_guanzhong,1998-11-28,11.9,3.1,0.0,1.2,7.91,7.9,64
shaanxi_guanzhong,1998-11-29,12.5,3.3,1.0,0.93,6.18,5.9,76
shaanxi_guanzhong,1998-11-30,15.8,1.3,0.0,1.66,11.6,8.4,80
shaanxi_guanzhong,1998-12-01,8.0,2.5,4.7,0.3,1.36,9.5,89
shaanxi_guanzhong,1998-12-02,2.0,-0.0,7.3,0.36,2.74,6.2,94
shaanxi_guanzhong,1998-12-03,9.4,-1.8,0.0,1.35,12.05,9.2,75
shaanxi_guanzhong,1998-12-04,11.6,-0.9,0.0,1.55,11.52,10.4,64
shaanxi_guanzhong,1998-12-05,9.7,-1.8,0.0,1.46,11.18,10.5,63
shaanxi_guanzhong,1998-12-06,10.3,0.4,0.4,1.2,8.54,11.9,59
shaanxi_guanzhong,1998-12-07,7.0,-1.2,0.0,1.55,11.89,11.0,48
shaanxi_guanzhong,1998-12-08,7.4,-1.0,0.0,1.18,8.56,9.4,50
shaanxi_guanzhong,1998-12-09,6.1,-2.5,0.0,1.26,11.13,6.7,55
shaanxi_guanzhong,1998-12-10,7.1,-1.6,0.0,0.82,5.67,5.4,63
shaanxi_guanzhong,1998-12-11,7.7,-4.3,0.0,1.35,11.6,8.9,58
shaanxi_guanzhong,1998-12-12,11.8,-3.1,0.0,1.42,11.55,3.1,68
shaanxi_guanzhong,1998-12-13,11.0,-1.4,0.0,1.37,10.56,6.8,63
shaanxi_guanzhong,1998-12-14,11.3,-2.5,0.0,1.49,11.6,5.6,51
shaanxi_guanzhong,1998-12-15,14.4,-1.3,0.0,1.56,11.67,4.2,59
shaanxi_guanzhong,1998-12-16,12.3,-2.3,0.0,1.47,11.49,5.7,63
shaanxi_guanzhong,1998-12-17,10.4,-1.9,0.0,1.06,7.86,4.1,71
shaanxi_guanzhong,1998-12-18,12.9,-1.5,0.0,1.44,11.21,5.2,72
shaanxi_guanzhong,1998-12-19,11.5,-1.6,0.0,1.36,10.57,4.9,66
shaanxi_guanzhong,1998-12-20,15.3,-0.8,0.0,1.59,11.34,8.1,72
shaanxi_guanzhong,1998-12-21,13.1,0.1,0.0,1.45,10.7,7.5,69
shaanxi_guanzhong,1998-12-22,10.8,0.8,0.0,1.19,7.17,8.5,60
shaanxi_guanzhong,1998-12-23,9.2,-0.3,0.0,1.01,7.25,6.2,60
shaanxi_guanzhong,1998-12-24,7.9,2.0,0.0,0.95,6.86,6.2,63
shaanxi_guanzhong,1998-12-25,10.2,-0.1,0.0,1.25,9.24,6.9,67
shaanxi_guanzhong,1998-12-26,12.3,-2.4,0.0,1.47,11.56,3.6,66
shaanxi_guanzhong,1998-12-27,12.1,-1.4,0.0,1.61,11.06,11.0,67
shaanxi_guanzhong,1998-12-28,7.5,-1.5,0.0,1.7,11.43,11.0,41
shaanxi_guanzhong,1998-12-29,7.5,-1.9,1.7,1.14,7.97,11.9,56
shaanxi_guanzhong,1998-12-30,7.3,-0.5,0.7,1.25,10.34,11.6,63
shaanxi_guanzhong,1998-12-31,5.0,-0.8,0.0,0.77,5.92,5.6,65
shaanxi_guanzhong,1999-01-01,7.3,-2.0,0.0,1.47,10.63,12.9,58
shaanxi_guanzhong,1999-01-02,11.1,-3.3,0.0,1.56,11.97,8.5,47
shaanxi_guanzhong,1999-01-03,13.0,-2.7,0.0,1.68,12.27,6.9,51
shaanxi_guanzhong,1999-01-04,9.9,0.2,0.0,1.48,11.85,6.7,53
shaanxi_guanzhong,1999-01-05,7.6,-2.0,0.0,1.56,8.72,10.8,47
shaanxi_guanzhong,1999-01-06,4.2,-4.4,0.0,1.37,10.29,11.0,41
shaanxi_guanzhong,1999-01-07,2.9,-3.7,0.0,1.44,11.08,9.6,37
shaanxi_guanzhong,1999-01-08,1.6,-3.6,0.0,1.27,8.56,8.8,29
shaanxi_guanzhong,1999-01-09,1.8,-3.4,0.0,1.23,10.35,7.4,30
shaanxi_guanzhong,1999-01-10,5.6,-4.7,0.0,1.25,9.51,9.7,38
shaanxi_guanzhong,1999-01-11,5.0,-5.0,0.0,1.49,11.53,14.1,43
shaanxi_guanzhong,1999-01-12,4.0,-4.0,0.0,1.24,10.4,9.3,49
shaanxi_guanzhong,1999-01-13,0.0,-4.0,1.6,0.57,4.47,6.9,68
shaanxi_guanzhong,1999-01-14,1.7,-5.5,0.8,1.38,13.32,11.7,43
shaanxi_guanzhong,1999-01-15,3.2,-7.0,0.0,1.35,13.48,6.4,36
shaanxi_guanzhong,1999-01-16,4.7,-6.4,0.0,0.92,7.05,5.6,46
shaanxi_guanzhong,1999-01-17,8.2,-5.7,0.0,1.5,13.15,7.2,59
shaanxi_guanzhong,1999-01-18,7.6,-2.1,0.2,1.01,8.39,6.7,68
shaanxi_guanzhong,1999-01-19,5.4,-2.6,0.0,1.0,7.46,8.5,60
shaanxi_guanzhong,1999-01-20,5.1,-5.9,0.0,1.58,13.64,11.3,42
shaanxi_guanzhong,1999-01-21,8.1,-2.6,0.0,1.44,12.11,4.9,52
shaanxi_guanzhong,1999-01-22,8.5,-3.3,0.0,1.27,10.02,6.1,68
shaanxi_guanzhong,1999-01-23,10.2,-3.3,0.0,1.63,12.65,10.9,69
shaanxi_guanzhong,1999-01-24,13.0,-2.7,0.0,2.14,13.52,18.2,60
shaanxi_guanzhong,1999-01-25,12.2,-3.9,0.0,1.85,14.04,7.1,48
shaanxi_guanzhong,1999-01-26,12.2,-2.2,0.0,1.66,12.09,5.1,61
shaanxi_guanzhong,1999-01-27,11.1,-1.0,0.0,1.75,12.5,6.6,45
shaanxi_guanzhong,1999-01-28,12.6,-2.9,0.0,1.67,12.3,5.2,53
shaanxi_guanzhong,1999-01-29,10.1,1.1,0.0,1.67,8.97,12.6,46
shaanxi_guanzhong,1999-01-30,9.5,2.7,0.0,1.54,10.93,6.4,53
shaanxi_guanzhong,1999-01-31,7.9,2.2,0.0,0.96,6.64,7.3,69
shaanxi_guanzhong,1999-02-01,9.5,-0.8,0.6,1.99,10.32,12.6,45
shaanxi_guanzhong,1999-02-02,7.5,-3.8,0.0,1.9,13.28,9.7,24
shaanxi_guanzhong,1999-02-03,6.8,-5.0,0.0,1.77,14.01,9.1,30
shaanxi_guanzhong,1999-02-04,8.5,-2.8,0.0,1.91,12.93,11.3,35
shaanxi_guanzhong,1999-02-05,9.4,1.5,0.0,1.82,11.54,8.6,33
shaanxi_guanzhong,1999-02-06,11.8,-0.6,0.0,1.97,15.0,5.8,47
shaanxi_guanzhong,1999-02-07,11.1,-2.0,0.0,1.81,13.32,8.6,58
shaanxi_guanzhong,1999-02-08,13.8,-0.0,0.0,2.19,15.48,9.6,49
shaanxi_guanzhong,1999-02-09,13.6,0.3,0.0,1.69,10.97,6.9,58
shaanxi_guanzhong,1999-02-10,12.0,-0.1,0.0,2.45,15.56,10.9,35
shaanxi_guanzhong,1999-02-11,12.4,-2.7,0.0,2.26,16.55,6.6,37
shaanxi_guanzhong,1999-02-12,11.2,-0.4,0.0,2.23,16.55,8.7,32
shaanxi_guanzhong,1999-02-13,15.9,-0.7,0.0,2.54,16.51,9.4,44
shaanxi_guanzhong,1999-02-14,13.9,4.5,0.0,2.37,13.41,14.8,37
shaanxi_guanzhong,1999-02-15,14.2,1.3,0.0,2.56,16.85,11.8,31
shaanxi_guanzhong,1999-02-16,15.6,0.5,0.0,2.3,15.45,4.9,53
shaanxi_guanzhong,1999-02-17,12.1,0.8,0.0,1.88,8.93,13.9,50
shaanxi_guanzhong,1999-02-18,4.4,-5.1,0.0,2.58,17.72,15.3,21
shaanxi_guanzhong,1999-02-19,4.0,-7.5,0.0,2.05,18.35,6.5,18
shaanxi_guanzhong,1999-02-20,6.7,-6.4,0.0,2.14,18.32,8.6,23
shaanxi_guanzhong,1999-02-21,10.9,-2.1,0.0,2.28,15.64,12.7,25
shaanxi_guanzhong,1999-02-22,11.8,-2.1,0.0,1.86,12.56,9.0,47
shaanxi_guanzhong,1999-02-23,17.2,0.4,0.0,2.82,18.17,9.2,53
shaanxi_guanzhong,1999-02-24,14.5,2.4,0.0,1.97,11.55,6.6,52
shaanxi_guanzhong,1999-02-25,7.9,3.0,1.7,1.11,6.42,7.6,60
shaanxi_guanzhong,1999-02-26,12.7,0.9,0.1,2.12,13.47,9.3,58
shaanxi_guanzhong,1999-02-27,9.8,1.6,0.0,1.97,12.99,8.4,35
shaanxi_guanzhong,1999-02-28,15.9,3.3,0.0,2.67,17.67,7.9,33
shaanxi_guanzhong,1999-03-01,16.1,1.1,0.0,2.49,15.71,8.9,53
shaanxi_guanzhong,1999-03-02,17.6,2.2,0.0,2.86,18.36,5.2,44
shaanxi_guanzhong,1999-03-03,21.0,3.7,0.0,3.32,19.52,10.4,47
shaanxi_guanzhong,1999-03-04,22.8,5.3,0.0,3.93,18.33,19.5,47
shaanxi_guanzhong,1999-03-05,16.3,5.8,0.0,3.42,16.71,14.0,31
shaanxi_guanzhong,1999-03-06,11.0,6.6,0.0,1.63,7.04,10.0,41
shaanxi_guanzhong,1999-03-07,14.6,-0.7,0.0,3.16,17.98,15.3,38
shaanxi_guanzhong,1999-03-08,8.0,2.5,0.0,1.11,7.04,7.1,63
shaanxi_guanzhong,1999-03-09,9.9,1.4,0.4,1.33,9.23,6.8,69
shaanxi_guanzhong,1999-03-10,12.2,3.0,0.0,2.06,13.49,7.7,56
shaanxi_guanzhong,1999-03-11,13.8,3.8,0.0,2.37,14.59,8.6,51
shaanxi_guanzhong,1999-03-12,14.2,1.5,0.0,2.58,17.19,10.1,57
shaanxi_guanzhong,1999-03-13,11.7,5.0,2.8,1.51,9.8,6.6,66
shaanxi_guanzhong,1999-03-14,14.7,6.1,2.2,1.78,11.1,6.6,72
shaanxi_guanzhong,1999-03-15,21.0,4.3,0.0,3.72,21.91,10.9,58
shaanxi_guanzhong,1999-03-16,20.9,5.2,0.0,3.65,21.15,9.6,56
shaanxi_guanzhong,1999-03-17,15.7,7.0,2.8,1.7,10.09,12.4,76
shaanxi_guanzhong,1999-03-18,10.9,5.9,19.3,0.53,2.47,13.2,91
shaanxi_guanzhong,1999-03-19,5.3,1.1,10.2,0.53,4.04,13.0,93
shaanxi_guanzhong,1999-03-20,8.4,0.3,0.0,1.43,10.75,5.9,76
shaanxi_guanzhong,1999-03-21,7.7,2.2,0.0,2.07,14.1,12.6,53
shaanxi_guanzhong,1999-03-22,10.2,1.6,0.0,2.11,14.4,14.8,54
shaanxi_guanzhong,1999-03-23,14.5,0.6,0.0,3.02,21.92,11.4,63
shaanxi_guanzhong,1999-03-24,13.7,3.6,0.6,2.04,13.89,8.7,69
shaanxi_guanzhong,1999-03-25,13.6,2.2,0.0,1.84,11.75,7.6,77
shaanxi_guanzhong,1999-03-26,13.6,5.2,0.2,2.57,15.12,12.2,51
shaanxi_guanzhong,1999-03-27,13.3,3.9,0.0,2.19,13.01,10.2,48
shaanxi_guanzhong,1999-03-28,9.4,4.1,1.3,1.37,9.19,6.5,74
shaanxi_guanzhong,1999-03-29,16.4,3.6,0.0,3.21,21.03,9.3,63
shaanxi_guanzhong,1999-03-30,19.6,4.0,0.0,3.76,23.41,8.8,62
shaanxi_guanzhong,1999-03-31,20.4,8.1,0.0,3.4,20.36,7.4,66
shaanxi_guanzhong,1999-04-01,13.9,8.4,0.0,2.45,12.57,10.0,49
shaanxi_guanzhong,1999-04-02,15.6,3.8,0.0,3.23,20.15,11.8,48
shaanxi_guanzhong,1999-04-03,16.8,6.4,0.0,2.42,13.48,6.9,57
shaanxi_guanzhong,1999-04-04,20.8,4.2,0.0,4.09,23.44,7.1,40
shaanxi_guanzhong,1999-04-05,23.7,6.0,0.0,4.55,24.64,9.7,42
shaanxi_guanzhong,1999-04-06,23.3,8.8,0.0,4.38,24.47,9.3,43
shaanxi_guanzhong,1999-04-07,21.7,10.5,4.1,2.99,15.46,10.2,62
shaanxi_guanzhong,1999-04-08,15.2,11.9,11.5,0.66,2.52,7.2,89
shaanxi_guanzhong,1999-04-09,22.7,7.8,0.0,4.26,24.6,12.1,70
shaanxi_guanzhong,1999-04-10,25.2,9.4,19.0,3.45,18.08,24.0,71
shaanxi_guanzhong,1999-04-11,23.2,8.5,0.6,4.45,24.92,8.4,65
shaanxi_guanzhong,1999-04-12,17.4,7.1,0.0,3.3,19.14,7.9,46
shaanxi_guanzhong,1999-04-13,17.1,8.5,1.5,2.7,15.62,7.4,44
shaanxi_guanzhong,1999-04-14,20.4,6.4,0.0,3.55,21.09,4.5,59
shaanxi_guanzhong,1999-04-15,23.0,9.2,0.0,3.98,22.18,9.4,62
shaanxi_guanzhong,1999-04-16,19.1,14.7,0.3,2.12,9.39,10.8,57
shaanxi_guanzhong,1999-04-17,21.4,11.0,0.0,3.91,22.33,5.1,55
shaanxi_guanzhong,1999-04-18,26.1,9.4,0.0,4.35,22.71,7.2,54
shaanxi_guanzhong,1999-04-19,26.2,10.7,0.1,3.65,18.63,7.6,60
shaanxi_guanzhong,1999-04-20,19.1,14.2,5.4,2.01,10.77,9.6,80
shaanxi_guanzhong,1999-04-21,24.3,14.7,0.0,4.18,22.53,10.8,71
shaanxi_guanzhong,1999-04-22,26.8,13.6,3.4,4.5,23.52,9.2,68
shaanxi_guanzhong,1999-04-23,20.3,16.3,14.6,1.31,6.43,14.7,87
shaanxi_guanzhong,1999-04-24,16.0,13.7,14.0,0.82,3.84,14.8,91
shaanxi_guanzhong,1999-04-25,13.8,7.4,14.9,1.05,3.47,18.6,84
shaanxi_guanzhong,1999-04-26,9.2,6.1,7.1,1.17,7.46,14.8,82
shaanxi_guanzhong,1999-04-27,17.5,6.8,0.7,4.11,25.88,10.1,59
shaanxi_guanzhong,1999-04-28,20.1,5.9,0.0,4.33,26.41,8.4,61
shaanxi_guanzhong,1999-04-29,22.7,8.6,0.0,4.4,25.37,6.5,66
shaanxi_guanzhong,1999-04-30,24.2,11.9,0.0,4.25,23.04,8.3,67
shaanxi_guanzhong,1999-05-01,24.6,14.3,0.0,4.08,20.62,15.6,63
shaanxi_guanzhong,1999-05-02,20.0,14.5,12.7,1.73,8.23,7.6,78
shaanxi_guanzhong,1999-05-03,15.8,10.3,10.8,1.11,5.11,14.3,82
shaanxi_guanzhong,1999-05-04,23.0,8.3,0.0,4.53,25.29,5.9,61
shaanxi_guanzhong,1999-05-05,24.4,9.0,0.0,4.83,25.81,9.4,58
shaanxi_guanzhong,1999-05-06,18.0,13.9,21.3,1.62,9.17,11.1,82
shaanxi_guanzhong,1999-05-07,23.0,9.2,0.6,4.13,23.05,6.4,75
shaanxi_guanzhong,1999-05-08,27.0,10.9,0.0,4.71,24.44,7.9,61
shaanxi_guanzhong,1999-05-09,26.6,11.0,0.0,5.32,25.86,13.6,54
shaanxi_guanzhong,1999-05-10,26.0,9.6,0.0,5.23,28.38,5.4,48
shaanxi_guanzhong,1999-05-11,27.2,11.0,0.0,5.25,27.4,8.5,55
shaanxi_guanzhong,1999-05-12,26.6,12.6,0.0,4.74,24.84,7.8,61
shaanxi_guanzhong,1999-05-13,26.8,15.1,8.6,3.65,18.4,6.6,69
shaanxi_guanzhong,1999-05-14,19.2,17.8,65.4,0.81,3.42,6.8,92
shaanxi_guanzhong,1999-05-15,20.6,17.3,15.0,1.49,6.9,12.7,86
shaanxi_guanzhong,1999-05-16,18.1,16.1,29.3,0.88,3.88,10.6,92
shaanxi_guanzhong,1999-05-17,24.1,15.8,10.2,3.67,18.46,16.6,75
shaanxi_guanzhong,1999-05-18,22.1,13.7,0.0,5.92,29.46,20.3,46
shaanxi_guanzhong,1999-05-19,22.7,7.4,0.0,5.0,28.43,8.3,58
shaanxi_guanzhong,1999-05-20,23.4,12.2,0.0,3.69,19.66,6.6,64
shaanxi_guanzhong,1999-05-21,23.6,12.3,0.0,4.36,24.17,7.0,69
shaanxi_guanzhong,1999-05-22,23.7,12.8,0.0,3.55,17.27,12.7,70
shaanxi_guanzhong,1999-05-23,26.6,14.1,0.0,4.32,21.58,7.9,58
shaanxi_guanzhong,1999-05-24,23.3,13.9,0.3,3.68,19.39,11.1,68
shaanxi_guanzhong,1999-05-25,18.2,11.6,10.5,2.1,11.25,12.0,77
shaanxi_guanzhong,1999-05-26,23.8,8.6,0.0,5.44,29.35,13.4,54
shaanxi_guanzhong,1999-05-27,26.6,10.6,0.0,5.48,29.71,4.8,57
shaanxi_guanzhong,1999-05-28,27.4,13.1,0.0,5.33,28.27,5.2,66
shaanxi_guanzhong,1999-05-29,26.3,15.3,0.0,3.65,18.01,7.4,67
shaanxi_guanzhong,1999-05-30,25.5,17.6,0.0,2.88,12.42,8.6,64
shaanxi_guanzhong,1999-05-31,24.0,16.7,3.3,3.27,14.89,11.6,70
shaanxi_guanzhong,1999-06-01,27.4,14.2,0.0,4.2,20.49,7.6,59
shaanxi_guanzhong,1999-06-02,25.3,15.6,0.0,2.59,11.71,7.7,61
shaanxi_guanzhong,1999-06-03,21.3,18.3,4.2,2.07,9.72,9.8,71
shaanxi_guanzhong,1999-06-04,23.0,17.4,0.0,2.47,11.66,9.6,72
shaanxi_guanzhong,1999-06-05,23.5,16.7,4.6,2.09,10.13,12.4,85
shaanxi_guanzhong,1999-06-06,23.4,18.0,7.9,2.44,11.98,5.4,82
shaanxi_guanzhong,1999-06-07,24.8,17.9,0.7,2.5,11.89,9.3,78
shaanxi_guanzhong,1999-06-08,24.2,18.3,0.2,2.67,13.36,5.9,79
shaanxi_guanzhong,1999-06-09,25.8,18.3,0.4,2.67,12.77,5.5,76
shaanxi_guanzhong,1999-06-10,26.4,17.6,0.0,4.16,21.16,7.2,69
shaanxi_guanzhong,1999-06-11,29.1,18.3,0.0,5.36,26.63,8.2,65
shaanxi_guanzhong,1999-06-12,31.2,19.0,0.0,5.33,24.07,13.0,66
shaanxi_guanzhong,1999-06-13,30.9,20.8,1.0,4.26,19.02,11.2,68
shaanxi_guanzhong,1999-06-14,27.7,21.3,10.3,2.54,11.15,13.6,79
shaanxi_guanzhong,1999-06-15,23.1,20.0,6.5,1.57,6.33,11.2,85
shaanxi_guanzhong,1999-06-16,19.9,17.7,23.5,0.84,3.39,7.9,91
shaanxi_guanzhong,1999-06-17,27.8,14.0,0.0,5.59,29.58,5.4,73
shaanxi_guanzhong,1999-06-18,30.6,15.8,0.0,5.78,28.96,7.7,66
shaanxi_guanzhong,1999-06-19,29.5,19.3,0.0,4.59,22.28,6.0,69
shaanxi_guanzhong,1999-06-20,29.6,22.1,0.0,4.4,20.77,8.7,70
shaanxi_guanzhong,1999-06-21,29.0,21.3,0.0,4.32,21.03,6.8,66
shaanxi_guanzhong,1999-06-22,25.0,17.9,18.7,1.43,6.07,15.7,81
shaanxi_guanzhong,1999-06-23,26.8,14.2,0.0,5.08,26.41,7.5,60
shaanxi_guanzhong,1999-06-24,27.1,15.8,0.0,4.44,22.71,3.1,59
shaanxi_guanzhong,1999-06-25,26.8,15.6,0.0,3.71,18.67,3.8,64
shaanxi_guanzhong,1999-06-26,28.0,20.3,0.1,3.91,19.32,5.4,67
shaanxi_guanzhong,1999-06-27,30.6,20.2,0.0,5.83,28.41,9.3,61
shaanxi_guanzhong,1999-06-28,29.6,20.0,0.0,4.69,21.49,9.2,60
shaanxi_guanzhong,1999-06-29,28.1,20.6,0.0,4.48,20.67,10.1,62
shaanxi_guanzhong,1999-06-30,28.4,19.9,0.0,4.73,21.9,8.3,60
shaanxi_guanzhong,1999-07-01,28.4,19.6,0.0,3.94,18.42,7.4,63
shaanxi_guanzhong,1999-07-02,28.0,21.3,0.3,3.24,14.1,9.0,63
shaanxi_guanzhong,1999-07-03,23.1,18.9,15.3,1.53,6.06,13.0,83
shaanxi_guanzhong,1999-07-04,20.7,19.0,44.4,0.56,1.78,9.4,95
shaanxi_guanzhong,1999-07-05,19.9,18.7,37.1,0.63,2.29,3.3,96
shaanxi_guanzhong,1999-07-06,20.0,18.3,16.3,0.8,3.31,4.1,94
shaanxi_guanzhong,1999-07-07,25.8,18.5,0.0,3.41,17.37,5.2,81
shaanxi_guanzhong,1999-07-08,29.3,17.7,0.0,5.41,27.19,5.8,76
shaanxi_guanzhong,1999-07-09,28.8,20.1,0.1,3.98,19.44,7.6,80
shaanxi_guanzhong,1999-07-10,27.2,20.9,4.0,3.79,19.07,6.4,81
shaanxi_guanzhong,1999-07-11,27.0,20.4,1.3,4.32,22.19,7.3,82
shaanxi_guanzhong,1999-07-12,27.8,19.4,0.2,3.99,19.92,10.4,80
shaanxi_guanzhong,1999-07-13,22.7,21.4,28.1,1.0,4.24,13.8,91
shaanxi_guanzhong,1999-07-14,22.5,20.2,4.3,1.1,4.8,12.0,92
shaanxi_guanzhong,1999-07-15,24.6,19.3,2.6,2.5,12.77,7.9,87
shaanxi_guanzhong,1999-07-16,27.1,16.8,0.0,4.07,20.6,7.2,78
shaanxi_guanzhong,1999-07-17,30.8,17.8,0.0,5.14,24.69,9.0,71
shaanxi_guanzhong,1999-07-18,30.7,18.8,1.0,5.14,25.23,7.7,73
shaanxi_guanzhong,1999-07-19,29.4,21.5,0.0,4.71,23.07,7.6,75
shaanxi_guanzhong,1999-07-20,27.9,24.1,4.2,3.4,16.59,6.4,78
shaanxi_guanzhong,1999-07-21,26.4,20.4,17.1,2.45,11.94,4.8,83
shaanxi_guanzhong,1999-07-22,26.6,20.9,12.6,2.58,12.45,6.6,83
shaanxi_guanzhong,1999-07-23,27.6,20.9,7.3,3.3,16.12,7.0,82
shaanxi_guanzhong,1999-07-24,27.5,22.4,5.7,2.69,12.89,4.5,82
shaanxi_guanzhong,1999-07-25,31.4,20.3,0.0,5.2,25.16,5.9,75
shaanxi_guanzhong,1999-07-26,32.0,22.6,0.2,5.17,24.31,6.7,72
shaanxi_guanzhong,1999-07-27,31.9,22.9,0.0,5.25,25.12,5.4,70
shaanxi_guanzhong,1999-07-28,28.4,22.5,12.1,3.24,15.61,6.1,80
shaanxi_guanzhong,1999-07-29,29.4,22.1,3.3,4.37,21.43,6.2,76
shaanxi_guanzhong,1999-07-30,31.9,21.1,0.0,5.17,25.04,5.2,75
shaanxi_guanzhong,1999-07-31,33.9,22.6,0.0,5.5,26.04,5.4,71
shaanxi_guanzhong,1999-08-01,30.2,23.0,11.1,3.7,17.79,13.1,82
shaanxi_guanzhong,1999-08-02,28.6,23.3,7.2,3.35,16.64,8.9,84
shaanxi_guanzhong,1999-08-03,29.0,21.9,0.0,4.51,21.7,11.2,72
shaanxi_guanzhong,1999-08-04,30.4,21.1,0.0,5.04,23.94,10.7,69
shaanxi_guanzhong,1999-08-05,29.8,21.1,0.0,4.91,23.73,9.5,67
shaanxi_guanzhong,1999-08-06,29.4,22.4,0.0,4.04,19.1,7.6,72
shaanxi_guanzhong,1999-08-07,29.4,23.5,0.0,3.48,15.33,8.7,71
shaanxi_guanzhong,1999-08-08,28.5,23.5,1.5,3.02,13.89,8.0,72
shaanxi_guanzhong,1999-08-09,30.1,21.0,3.2,4.3,20.23,9.7,74
shaanxi_guanzhong,1999-08-10,30.6,18.4,0.0,5.22,26.16,5.6,67
shaanxi_guanzhong,1999-08-11,29.7,20.2,0.0,4.21,19.89,8.4,69
shaanxi_guanzhong,1999-08-12,30.4,21.2,0.0,5.57,26.69,11.3,60
shaanxi_guanzhong,1999-08-13,30.4,20.2,0.0,5.28,25.33,11.5,60
shaanxi_guanzhong,1999-08-14,30.4,20.3,0.0,4.73,21.1,14.0,66
shaanxi_guanzhong,1999-08-15,31.5,21.2,0.0,4.98,22.37,10.9,66
shaanxi_guanzhong,1999-08-16,31.7,21.9,0.0,4.57,20.79,7.6,68
shaanxi_guanzhong,1999-08-17,31.0,23.1,1.7,4.3,20.09,9.4,67
shaanxi_guanzhong,1999-08-18,27.6,20.9,12.0,2.84,12.96,14.2,77
shaanxi_guanzhong,1999-08-19,23.3,17.8,6.8,1.45,6.55,8.2,86
shaanxi_guanzhong,1999-08-20,27.5,16.7,0.0,4.66,24.22,5.7,69
shaanxi_guanzhong,1999-08-21,27.7,15.4,0.0,4.36,22.47,5.9,69
shaanxi_guanzhong,1999-08-22,28.3,17.0,0.0,4.65,23.84,7.6,67
shaanxi_guanzhong,1999-08-23,27.4,18.2,0.0,3.75,18.59,7.8,68
shaanxi_guanzhong,1999-08-24,27.5,20.0,0.0,4.1,20.79,7.2,70
shaanxi_guanzhong,1999-08-25,26.2,19.3,0.0,3.18,15.64,6.6,65
shaanxi_guanzhong,1999-08-26,26.6,17.4,0.0,3.66,17.83,8.9,66
shaanxi_guanzhong,1999-08-27,27.1,16.5,0.0,4.07,21.07,6.1,69
shaanxi_guanzhong,1999-08-28,27.1,20.3,0.5,3.01,14.5,7.6,66
shaanxi_guanzhong,1999-08-29,29.8,17.7,0.0,4.88,24.84,5.6,62
shaanxi_guanzhong,1999-08-30,29.7,17.4,0.0,4.29,21.1,6.2,65
shaanxi_guanzhong,1999-08-31,30.6,19.6,0.1,4.48,20.98,8.4,65
shaanxi_guanzhong,1999-09-01,29.8,20.3,0.0,4.12,19.61,8.2,64
shaanxi_guanzhong,1999-09-02,25.2,21.2,12.8,2.26,10.54,12.1,77
shaanxi_guanzhong,1999-09-03,25.6,19.5,8.2,2.82,12.98,13.3,77
shaanxi_guanzhong,1999-09-04,26.2,17.6,0.0,2.91,14.01,11.3,71
shaanxi_guanzhong,1999-09-05,24.5,19.7,7.0,1.96,9.68,7.9,81
shaanxi_guanzhong,1999-09-06,29.8,18.8,0.0,4.5,22.54,8.7,73
shaanxi_guanzhong,1999-09-07,30.3,19.5,0.0,4.18,20.12,7.7,72
shaanxi_guanzhong,1999-09-08,31.2,22.2,0.0,3.97,18.82,8.1,69
shaanxi_guanzhong,1999-09-09,31.5,21.1,0.0,3.83,18.08,6.1,71
shaanxi_guanzhong,1999-09-10,30.5,21.4,3.9,3.27,13.34,18.5,73
shaanxi_guanzhong,1999-09-11,26.9,19.5,0.0,3.55,16.02,8.7,60
shaanxi_guanzhong,1999-09-12,24.0,18.4,0.0,2.07,9.1,5.6,61
shaanxi_guanzhong,1999-09-13,20.1,16.2,10.3,1.37,6.74,10.0,84
shaanxi_guanzhong,1999-09-14,23.6,16.5,10.6,2.65,14.21,7.6,77
shaanxi_guanzhong,1999-09-15,25.0,13.0,0.0,3.6,19.56,8.9,73
shaanxi_guanzhong,1999-09-16,24.5,17.1,0.0,3.35,16.28,11.7,68
shaanxi_guanzhong,1999-09-17,24.5,15.1,0.0,3.11,14.09,12.4,67
shaanxi_guanzhong,1999-09-18,19.2,15.9,19.9,0.66,1.93,9.8,88
shaanxi_guanzhong,1999-09-19,22.2,14.1,0.0,2.6,14.55,7.3,80
shaanxi_guanzhong,1999-09-20,22.7,15.5,7.7,2.07,11.16,9.8,84
shaanxi_guanzhong,1999-09-21,20.7,15.6,1.7,1.8,9.5,8.6,85
shaanxi_guanzhong,1999-09-22,22.2,15.1,0.0,2.64,14.61,6.1,76
shaanxi_guanzhong,1999-09-23,23.9,12.9,0.0,3.5,19.87,6.0,76
shaanxi_guanzhong,1999-09-24,26.1,13.3,0.0,3.67,20.01,7.2,75
shaanxi_guanzhong,1999-09-25,28.0,15.1,0.0,4.06,20.57,9.0,71
shaanxi_guanzhong,1999-09-26,21.8,17.3,1.8,1.06,4.26,7.6,81
shaanxi_guanzhong,1999-09-27,19.3,16.6,15.8,0.85,4.11,10.8,90
shaanxi_guanzhong,1999-09-28,21.3,15.9,5.4,1.42,7.19,4.0,89
shaanxi_guanzhong,1999-09-29,21.6,16.8,1.7,1.54,7.35,9.7,82
shaanxi_guanzhong,1999-09-30,23.2,15.2,2.5,1.95,9.96,11.0,83
shaanxi_guanzhong,1999-10-01,19.5,14.1,54.8,0.46,1.25,7.0,92
shaanxi_guanzhong,1999-10-02,14.2,11.3,27.7,0.45,1.43,3.8,87
shaanxi_guanzhong,1999-10-03,11.2,7.9,26.3,0.46,1.57,12.0,91
shaanxi_guanzhong,1999-10-04,10.2,7.5,12.4,0.5,2.25,6.9,91
shaanxi_guanzhong,1999-10-05,15.8,8.8,0.0,1.68,10.65,4.9,82
shaanxi_guanzhong,1999-10-06,21.0,7.0,0.0,2.99,17.88,6.5,75
shaanxi_guanzhong,1999-10-07,20.6,11.7,0.0,2.48,14.51,6.7,78
shaanxi_guanzhong,1999-10-08,18.3,13.5,3.7,1.42,7.16,10.4,79
shaanxi_guanzhong,1999-10-09,18.8,14.1,3.7,1.1,5.55,6.8,85
shaanxi_guanzhong,1999-10-10,20.5,12.4,0.0,2.36,12.42,8.8,72
shaanxi_guanzhong,1999-10-11,19.8,11.0,0.0,2.1,11.01,9.1,64
shaanxi_guanzhong,1999-10-12,18.8,13.7,0.0,1.61,8.51,7.2,66
shaanxi_guanzhong,1999-10-13,17.8,13.6,0.0,1.35,7.29,6.9,80
shaanxi_guanzhong,1999-10-14,15.0,12.0,15.0,0.48,1.65,5.1,87
shaanxi_guanzhong,1999-10-15,16.1,11.4,1.0,1.24,6.76,6.6,85
shaanxi_guanzhong,1999-10-16,16.2,9.2,0.0,2.23,14.1,7.5,70
shaanxi_guanzhong,1999-10-17,17.0,6.9,0.0,2.34,14.42,8.7,64
shaanxi_guanzhong,1999-10-18,18.1,9.3,0.0,2.31,14.44,5.9,67
shaanxi_guanzhong,1999-10-19,20.4,9.6,0.0,2.23,13.09,4.6,76
shaanxi_guanzhong,1999-10-20,17.8,9.0,5.3,1.23,6.63,5.7,85
shaanxi_guanzhong,1999-10-21,17.1,11.6,14.3,1.05,5.86,5.4,85
shaanxi_guanzhong,1999-10-22,19.8,7.4,0.0,2.52,15.56,6.6,79
shaanxi_guanzhong,1999-10-23,20.5,9.4,0.0,2.52,15.39,8.4,73
shaanxi_guanzhong,1999-10-24,19.1,10.3,0.3,2.02,12.16,8.4,76
shaanxi_guanzhong,1999-10-25,19.8,9.0,8.7,1.52,7.71,8.0,76
shaanxi_guanzhong,1999-10-26,21.2,6.3,0.0,2.76,16.71,7.2,68
shaanxi_guanzhong,1999-10-27,22.2,9.2,0.2,2.49,14.44,10.2,78
shaanxi_guanzhong,1999-10-28,18.2,8.0,0.0,2.5,15.52,8.6,59
shaanxi_guanzhong,1999-10-29,10.9,7.7,5.2,1.19,6.59,7.8,69
shaanxi_guanzhong,1999-10-30,8.5,7.3,14.8,0.36,1.48,8.2,92
shaanxi_guanzhong,1999-10-31,13.3,3.9,0.0,2.01,11.94,17.3,62
shaanxi_guanzhong,1999-11-01,12.8,-0.1,0.0,2.13,15.95,6.0,61
shaanxi_guanzhong,1999-11-02,14.5,1.5,0.0,2.12,15.39,7.6,69
shaanxi_guanzhong,1999-11-03,15.3,6.1,0.0,1.84,11.95,8.9,70
shaanxi_guanzhong,1999-11-04,15.4,9.0,0.0,1.27,7.27,9.4,75
shaanxi_guanzhong,1999-11-05,15.2,10.1,0.2,1.02,5.88,8.0,84
shaanxi_guanzhong,1999-11-06,16.2,10.0,0.0,1.17,7.2,5.4,84
shaanxi_guanzhong,1999-11-07,15.3,10.7,0.0,1.12,6.21,6.0,74
shaanxi_guanzhong,1999-11-08,11.9,9.6,2.9,0.82,3.91,8.2,76
shaanxi_guanzhong,1999-11-09,11.9,9.0,3.2,0.73,4.04,8.8,88
shaanxi_guanzhong,1999-11-10,9.9,8.6,6.2,0.44,2.1,5.4,90
shaanxi_guanzhong,1999-11-11,16.0,2.8,0.0,2.05,14.29,7.6,76
shaanxi_guanzhong,1999-11-12,16.6,3.3,0.0,1.96,13.35,9.8,76
shaanxi_guanzhong,1999-11-13,14.5,6.5,1.7,1.14,7.07,9.4,79
shaanxi_guanzhong,1999-11-14,12.9,5.3,0.0,1.95,12.7,9.8,55
shaanxi_guanzhong,1999-11-15,6.9,3.0,11.6,0.46,2.3,10.6,85
shaanxi_guanzhong,1999-11-16,6.9,2.6,5.8,0.46,2.91,4.6,90
shaanxi_guanzhong,1999-11-17,10.8,-1.4,0.0,1.73,13.72,5.8,65
shaanxi_guanzhong,1999-11-18,11.4,-2.0,0.0,1.61,12.79,5.6,70
shaanxi_guanzhong,1999-11-19,14.5,0.6,0.0,1.83,13.23,5.8,67
shaanxi_guanzhong,1999-11-20,12.0,0.5,1.0,1.23,8.37,7.6,73
shaanxi_guanzhong,1999-11-21,13.4,3.1,0.0,1.41,10.02,5.8,81
shaanxi_guanzhong,1999-11-22,16.9,2.5,0.0,1.86,12.84,8.9,80
shaanxi_guanzhong,1999-11-23,14.8,4.6,0.0,1.29,8.58,10.4,81
shaanxi_guanzhong,1999-11-24,11.8,0.5,0.0,1.63,11.86,10.1,50
shaanxi_guanzhong,1999-11-25,10.7,2.1,0.0,1.41,9.74,8.8,58
shaanxi_guanzhong,1999-11-26,4.4,-0.9,0.4,1.12,6.42,12.0,44
shaanxi_guanzhong,1999-11-27,4.7,-2.9,0.6,1.26,8.92,11.0,49
shaanxi_guanzhong,1999-11-28,5.7,-5.5,0.0,1.36,12.59,3.9,45
shaanxi_guanzhong,1999-11-29,6.9,-4.9,0.0,1.42,12.21,8.9,54
shaanxi_guanzhong,1999-11-30,6.7,-1.2,0.1,1.13,9.31,7.6,61
shaanxi_guanzhong,1999-12-01,9.1,-1.1,0.0,1.38,11.88,9.5,71
shaanxi_guanzhong,1999-12-02,8.6,1.2,1.0,0.96,6.65,13.0,77
shaanxi_guanzhong,1999-12-03,6.6,0.8,6.3,0.76,4.41,12.2,76
shaanxi_guanzhong,1999-12-04,6.0,-3.1,0.0,0.95,7.26,7.9,64
shaanxi_guanzhong,1999-12-05,7.8,-3.9,0.0,1.33,11.9,3.1,60
shaanxi_guanzhong,1999-12-06,6.5,-3.9,0.0,1.35,11.85,9.8,61
shaanxi_guanzhong,1999-12-07,8.5,-2.4,0.0,1.11,8.92,6.4,65
shaanxi_guanzhong,1999-12-08,11.9,-1.7,0.0,1.73,11.87,13.3,50
shaanxi_guanzhong,1999-12-09,11.4,-2.8,0.0,1.3,9.87,6.3,57
shaanxi_guanzhong,1999-12-10,12.5,-1.0,0.0,1.54,11.74,7.4,62
shaanxi_guanzhong,1999-12-11,8.7,0.4,0.0,1.02,7.48,6.6,61
shaanxi_guanzhong,1999-12-12,11.7,-0.9,0.0,1.05,7.35,6.2,73
shaanxi_guanzhong,1999-12-13,8.6,-1.4,0.0,1.17,6.08,11.6,54
shaanxi_guanzhong,1999-12-14,11.5,-2.3,0.0,1.45,11.61,4.3,54
shaanxi_guanzhong,1999-12-15,10.5,-1.8,0.0,1.25,9.99,5.4,71
shaanxi_guanzhong,1999-12-16,7.4,-3.3,0.0,1.24,10.75,5.2,59
shaanxi_guanzhong,1999-12-17,7.2,-1.6,0.0,1.0,8.18,5.4,66
shaanxi_guanzhong,1999-12-18,0.1,-3.4,0.0,0.66,5.39,7.7,62
shaanxi_guanzhong,1999-12-19,-0.5,-7.3,0.0,1.24,11.18,11.4,43
shaanxi_guanzhong,1999-12-20,2.3,-7.8,0.0,1.19,11.97,5.2,37
shaanxi_guanzhong,1999-12-21,0.7,-7.2,0.0,1.19,11.9,9.8,36
shaanxi_guanzhong,1999-12-22,1.9,-7.7,0.0,0.98,9.78,5.1,41
shaanxi_guanzhong,1999-12-23,7.9,-4.5,0.0,1.62,11.59,18.1,43
shaanxi_guanzhong,1999-12-24,10.9,-3.6,0.0,1.49,11.68,5.0,46
shaanxi_guanzhong,1999-12-25,11.8,-3.1,0.0,1.55,11.83,8.0,45
shaanxi_guanzhong,1999-12-26,10.5,-3.2,0.0,1.42,11.61,7.5,60
shaanxi_guanzhong,1999-12-27,6.2,-1.5,0.0,1.46,9.05,12.4,48
shaanxi_guanzhong,1999-12-28,8.0,-4.7,0.0,1.42,11.73,7.2,45
shaanxi_guanzhong,1999-12-29,11.0,-3.3,0.0,1.43,11.61,5.9,65
shaanxi_guanzhong,1999-12-30,9.4,-2.6,0.0,1.16,8.97,5.3,63
shaanxi_guanzhong,1999-12-31,8.7,-0.5,0.0,1.13,8.23,10.2,65
shaanxi_guanzhong,2000-01-01,10.8,-2.8,0.0,1.46,11.3,13.7,68
shaanxi_guanzhong,2000-01-02,10.5,-3.3,0.0,1.5,11.81,9.9,62
shaanxi_guanzhong,2000-01-03,12.0,-1.9,0.0,1.51,11.89,10.5,72
shaanxi_guanzhong,2000-01-04,8.6,-0.0,0.0,1.12,9.4,9.0,80
shaanxi_guanzhong,2000-01-05,5.6,0.2,4.7,0.51,3.8,7.9,90
shaanxi_guanzhong,2000-01-06,5.6,-4.0,0.6,1.22,10.88,11.0,71
shaanxi_guanzhong,2000-01-07,1.6,-4.8,0.0,1.02,7.05,10.4,46
shaanxi_guanzhong,2000-01-08,6.1,-2.9,0.0,1.17,10.45,8.0,66
shaanxi_guanzhong,2000-01-09,9.5,-4.7,0.0,1.43,11.72,7.4,70
shaanxi_guanzhong,2000-01-10,4.0,-0.7,1.6,0.69,5.21,13.4,77
shaanxi_guanzhong,2000-01-11,2.0,-2.1,2.2,0.5,4.26,5.4,87
shaanxi_guanzhong,2000-01-12,5.8,-3.4,0.0,1.28,11.89,6.0,71
shaanxi_guanzhong,2000-01-13,2.1,-3.8,0.3,0.64,5.1,9.2,74
shaanxi_guanzhong,2000-01-14,1.3,-4.2,3.1,0.58,5.11,10.8,83
shaanxi_guanzhong,2000-01-15,0.6,-2.6,1.3,0.65,6.65,5.8,83
shaanxi_guanzhong,2000-01-16,0.7,-1.9,1.2,0.54,4.85,3.4,79
shaanxi_guanzhong,2000-01-17,5.2,-3.4,0.0,1.17,10.85,5.6,67
shaanxi_guanzhong,2000-01-18,6.0,-4.3,0.0,1.48,13.26,10.9,51
shaanxi_guanzhong,2000-01-19,2.6,-6.0,0.0,1.44,12.61,11.9,45
shaanxi_guanzhong,2000-01-20,3.5,-4.4,0.0,1.37,9.65,12.6,44
shaanxi_guanzhong,2000-01-21,0.2,-5.7,2.9,0.76,7.27,12.2,77
shaanxi_guanzhong,2000-01-22,3.4,-5.1,0.0,1.2,13.06,7.2,71
shaanxi_guanzhong,2000-01-23,2.3,-2.6,0.0,0.74,6.31,5.7,75
shaanxi_guanzhong,2000-01-24,0.4,-4.8,2.3,0.71,7.23,8.9,83
shaanxi_guanzhong,2000-01-25,-0.9,-7.0,0.1,0.56,5.24,9.3,78
shaanxi_guanzhong,2000-01-26,-1.2,-7.9,0.0,1.11,12.16,8.0,59
shaanxi_guanzhong,2000-01-27,-0.2,-7.2,0.0,1.31,13.27,9.3,42
shaanxi_guanzhong,2000-01-28,1.5,-3.5,0.0,1.18,11.6,5.4,48
shaanxi_guanzhong,2000-01-29,2.9,-4.9,0.0,1.44,12.7,8.3,46
shaanxi_guanzhong,2000-01-30,-0.6,-6.0,0.0,1.38,10.89,11.8,34
shaanxi_guanzhong,2000-01-31,0.4,-5.9,0.0,1.4,11.87,14.3,44
shaanxi_guanzhong,2000-02-01,2.2,-6.3,0.0,1.3,12.98,12.1,59
shaanxi_guanzhong,2000-02-02,2.3,-5.0,0.0,1.23,12.6,8.2,60
shaanxi_guanzhong,2000-02-03,2.8,-5.3,0.0,1.2,11.15,10.7,59
shaanxi_guanzhong,2000-02-04,3.8,-3.1,0.0,1.34,12.08,5.7,54
shaanxi_guanzhong,2000-02-05,9.4,-4.8,0.0,1.87,15.43,4.7,59
shaanxi_guanzhong,2000-02-06,10.8,-3.3,0.0,2.14,14.03,14.6,54
shaanxi_guanzhong,2000-02-07,4.4,-5.1,0.0,1.86,16.28,8.0,42
shaanxi_guanzhong,2000-02-08,6.6,-5.8,0.0,1.62,11.99,9.8,48
shaanxi_guanzhong,2000-02-09,7.5,-2.9,0.0,1.78,14.35,8.4,54
shaanxi_guanzhong,2000-02-10,11.0,-3.9,0.0,1.98,15.44,5.5,67
shaanxi_guanzhong,2000-02-11,10.8,-0.1,0.0,1.78,13.44,10.3,63
shaanxi_guanzhong,2000-02-12,10.9,-0.5,2.6,1.49,10.88,7.3,75
shaanxi_guanzhong,2000-02-13,7.7,-0.1,4.8,1.47,9.76,16.3,63
shaanxi_guanzhong,2000-02-14,8.5,-1.8,0.0,1.6,11.98,9.2,44
shaanxi_guanzhong,2000-02-15,8.3,-3.0,0.0,1.87,13.88,10.6,47
shaanxi_guanzhong,2000-02-16,10.3,-2.1,0.0,1.99,15.69,8.4,52
shaanxi_guanzhong,2000-02-17,7.8,-0.3,0.2,0.99,6.89,11.0,73
shaanxi_guanzhong,2000-02-18,6.0,1.9,5.4,0.72,5.42,8.3,88
shaanxi_guanzhong,2000-02-19,7.5,2.0,0.8,1.02,7.57,7.6,79
shaanxi_guanzhong,2000-02-20,7.9,2.6,1.6,1.39,10.97,8.3,70
shaanxi_guanzhong,2000-02-21,8.6,0.2,0.0,1.46,11.52,11.2,64
shaanxi_guanzhong,2000-02-22,7.4,-0.7,1.3,1.09,8.61,9.7,77
shaanxi_guanzhong,2000-02-23,7.8,0.6,0.4,1.22,9.06,13.4,79
shaanxi_guanzhong,2000-02-24,7.5,0.7,3.6,1.19,8.62,17.6,80
shaanxi_guanzhong,2000-02-25,8.4,-3.9,0.2,2.53,18.71,17.3,41
shaanxi_guanzhong,2000-02-26,9.6,-4.3,0.0,2.21,17.31,4.7,39
shaanxi_guanzhong,2000-02-27,10.7,-3.2,0.0,2.23,16.67,8.6,52
shaanxi_guanzhong,2000-02-28,10.6,-0.1,0.0,1.67,11.82,9.0,61
shaanxi_guanzhong,2000-02-29,11.5,-0.5,0.0,2.03,15.75,9.3,64
shaanxi_guanzhong,2000-03-01,11.7,0.3,0.0,1.78,13.07,6.2,72
shaanxi_guanzhong,2000-03-02,10.5,1.7,0.0,1.45,9.77,8.7,73
shaanxi_guanzhong,2000-03-03,12.2,0.6,0.0,2.25,15.95,8.4,61
shaanxi_guanzhong,2000-03-04,11.4,0.2,0.0,1.87,12.54,8.1,57
shaanxi_guanzhong,2000-03-05,10.6,-0.1,0.0,1.53,9.13,9.4,59
shaanxi_guanzhong,2000-03-06,9.8,-0.2,0.1,1.83,12.04,8.5,57
shaanxi_guanzhong,2000-03-07,12.1,2.2,3.6,2.04,14.59,6.6,67
shaanxi_guanzhong,2000-03-08,11.1,2.6,0.0,2.19,14.88,11.9,50
shaanxi_guanzhong,2000-03-09,12.8,2.5,0.0,2.38,16.39,8.9,57
shaanxi_guanzhong,2000-03-10,11.2,5.2,0.2,1.67,11.33,5.6,62
shaanxi_guanzhong,2000-03-11,14.0,-0.4,0.0,2.85,20.29,9.3,66
shaanxi_guanzhong,2000-03-12,15.4,2.5,0.0,2.84,19.29,7.9,63
shaanxi_guanzhong,2000-03-13,15.4,4.0,0.0,2.55,16.88,8.0,65
shaanxi_guanzhong,2000-03-14,12.2,6.2,3.0,1.32,7.48,11.6,74
shaanxi_guanzhong,2000-03-15,14.1,3.7,2.8,3.11,21.8,14.1,60
shaanxi_guanzhong,2000-03-16,16.1,0.7,0.0,2.89,19.38,5.4,61
shaanxi_guanzhong,2000-03-17,16.6,4.9,0.0,2.67,17.02,5.4,70
shaanxi_guanzhong,2000-03-18,18.7,6.6,0.0,3.19,19.11,8.6,64
shaanxi_guanzhong,2000-03-19,17.9,5.5,0.0,3.18,14.65,19.2,46
shaanxi_guanzhong,2000-03-20,13.6,7.3,0.1,2.18,11.67,11.4,57
shaanxi_guanzhong,2000-03-21,16.9,8.8,0.0,2.56,14.9,10.0,62
shaanxi_guanzhong,2000-03-22,10.3,6.2,4.0,1.34,6.04,21.9,63
shaanxi_guanzhong,2000-03-23,14.6,0.8,0.0,3.53,23.18,8.7,43
shaanxi_guanzhong,2000-03-24,15.8,0.2,0.0,3.19,19.32,9.8,42
shaanxi_guanzhong,2000-03-25,18.2,4.3,0.0,3.61,19.21,12.7,37
shaanxi_guanzhong,2000-03-26,21.5,2.1,0.0,4.19,23.41,11.7,36
shaanxi_guanzhong,2000-03-27,23.6,4.8,0.0,4.92,24.03,24.0,41
shaanxi_guanzhong,2000-03-28,19.0,6.2,0.0,4.12,24.13,9.7,25
shaanxi_guanzhong,2000-03-29,22.7,10.3,0.0,4.14,22.79,8.2,34
shaanxi_guanzhong,2000-03-30,25.7,8.9,0.0,4.1,22.26,8.6,55
shaanxi_guanzhong,2000-03-31,23.8,11.6,0.0,3.82,16.46,18.3,62
shaanxi_guanzhong,2000-04-01,16.4,8.2,11.6,0.96,3.0,14.7,81
shaanxi_guanzhong,2000-04-02,20.0,6.9,0.0,3.4,20.49,5.1,69
shaanxi_guanzhong,2000-04-03,18.0,8.2,0.0,1.81,9.22,6.2,60
shaanxi_guanzhong,2000-04-04,21.1,5.6,0.0,4.27,23.18,14.0,50
shaanxi_guanzhong,2000-04-05,16.9,5.3,0.0,4.3,23.94,14.2,30
shaanxi_guanzhong,2000-04-06,19.3,6.5,0.0,2.93,16.57,7.4,43
shaanxi_guanzhong,2000-04-07,19.7,5.0,0.0,3.53,20.48,11.0,52
shaanxi_guanzhong,2000-04-08,19.6,9.8,0.0,2.88,16.74,10.5,62
shaanxi_guanzhong,2000-04-09,20.8,6.9,0.0,4.69,24.03,18.2,48
shaanxi_guanzhong,2000-04-10,12.7,2.6,0.0,2.71,15.24,8.8,31
shaanxi_guanzhong,2000-04-11,20.7,8.3,0.0,3.49,20.29,8.4,52
shaanxi_guanzhong,2000-04-12,25.7,7.7,0.0,4.68,25.11,8.4,60
shaanxi_guanzhong,2000-04-13,22.1,7.2,0.0,4.77,22.91,24.0,50
shaanxi_guanzhong,2000-04-14,17.2,5.4,0.0,4.11,21.49,14.1,41
shaanxi_guanzhong,2000-04-15,17.5,3.6,0.0,4.44,26.65,10.5,38
shaanxi_guanzhong,2000-04-16,22.6,5.4,0.0,4.54,25.97,9.8,41
shaanxi_guanzhong,2000-04-17,19.5,8.8,1.7,2.0,10.57,6.7,60
shaanxi_guanzhong,2000-04-18,25.7,8.0,0.0,4.7,25.31,7.4,53
shaanxi_guanzhong,2000-04-19,23.8,13.0,0.0,4.45,18.54,22.0,39
shaanxi_guanzhong,2000-04-20,23.2,9.5,0.1,5.56,27.09,14.8,35
shaanxi_guanzhong,2000-04-21,23.6,8.7,0.0,3.87,20.12,6.9,41
shaanxi_guanzhong,2000-04-22,23.2,11.1,0.0,4.8,26.3,11.6,31
shaanxi_guanzhong,2000-04-23,24.3,12.5,0.0,4.49,22.92,7.9,34
shaanxi_guanzhong,2000-04-24,25.3,11.6,0.0,3.83,16.28,12.0,51
shaanxi_guanzhong,2000-04-25,22.3,12.5,0.0,3.82,13.66,12.0,33
shaanxi_guanzhong,2000-04-26,22.6,8.3,0.0,5.11,27.98,9.5,23
shaanxi_guanzhong,2000-04-27,25.1,10.4,0.0,5.01,25.8,9.8,37
shaanxi_guanzhong,2000-04-28,24.6,10.4,0.0,4.39,22.83,11.2,53
shaanxi_guanzhong,2000-04-29,21.7,11.6,1.1,4.95,19.38,27.7,33
shaanxi_guanzhong,2000-04-30,24.6,7.8,0.0,4.7,25.01,6.8,34
shaanxi_guanzhong,2000-05-01,26.5,10.2,0.0,5.22,27.36,6.0,36
shaanxi_guanzhong,2000-05-02,28.8,10.1,0.0,5.22,26.53,8.0,33
shaanxi_guanzhong,2000-05-03,29.0,11.3,0.0,5.28,26.11,9.0,32
shaanxi_guanzhong,2000-05-04,31.8,13.8,0.0,5.44,25.69,8.9,41
shaanxi_guanzhong,2000-05-05,28.4,15.6,0.0,5.27,21.41,17.2,43
shaanxi_guanzhong,2000-05-06,24.2,12.9,0.0,4.39,18.95,17.6,55
shaanxi_guanzhong,2000-05-07,23.7,13.8,2.8,3.72,18.35,11.8,64
shaanxi_guanzhong,2000-05-08,20.8,12.5,3.0,1.97,9.67,16.2,73
shaanxi_guanzhong,2000-05-09,27.7,10.0,0.0,5.68,28.27,10.9,50
shaanxi_guanzhong,2000-05-10,27.0,10.6,0.0,5.38,26.95,8.7,36
shaanxi_guanzhong,2000-05-11,29.3,14.4,11.0,5.74,26.22,15.5,47
shaanxi_guanzhong,2000-05-12,28.7,10.5,0.0,5.56,28.8,8.9,33
shaanxi_guanzhong,2000-05-13,28.7,16.6,0.0,5.36,25.29,11.3,42
shaanxi_guanzhong,2000-05-14,26.8,16.5,0.8,3.77,16.18,9.9,56
shaanxi_guanzhong,2000-05-15,21.7,11.4,1.9,2.02,7.16,13.6,63
shaanxi_guanzhong,2000-05-16,27.8,10.7,0.0,5.49,28.68,6.1,45
shaanxi_guanzhong,2000-05-17,26.7,14.5,0.0,3.73,12.66,13.7,47
shaanxi_guanzhong,2000-05-18,29.1,10.9,0.0,6.25,29.91,11.5,32
shaanxi_guanzhong,2000-05-19,29.7,10.7,0.0,5.8,29.88,8.6,29
shaanxi_guanzhong,2000-05-20,31.8,14.4,0.0,5.68,27.4,8.6,39
shaanxi_guanzhong,2000-05-21,32.7,16.0,0.0,5.94,28.12,7.7,38
shaanxi_guanzhong,2000-05-22,31.1,19.3,0.0,4.0,16.09,8.3,46
shaanxi_guanzhong,2000-05-23,31.5,19.4,0.0,5.21,23.64,7.3,46
shaanxi_guanzhong,2000-05-24,28.9,18.8,0.0,3.83,16.55,6.8,50
shaanxi_guanzhong,2000-05-25,29.7,19.8,0.0,5.21,24.24,7.3,51
shaanxi_guanzhong,2000-05-26,24.9,17.0,0.1,3.95,10.96,19.4,46
shaanxi_guanzhong,2000-05-27,21.6,15.7,0.0,2.38,8.43,7.0,40
shaanxi_guanzhong,2000-05-28,16.5,12.7,15.3,0.91,3.88,6.2,82
shaanxi_guanzhong,2000-05-29,22.7,14.0,0.3,3.28,17.51,6.3,72
shaanxi_guanzhong,2000-05-30,31.9,13.3,0.0,6.0,29.06,7.1,54
shaanxi_guanzhong,2000-05-31,34.2,16.6,0.0,6.39,28.47,9.7,52
shaanxi_guanzhong,2000-06-01,25.6,18.5,3.8,2.24,8.09,9.0,62
shaanxi_guanzhong,2000-06-02,20.2,17.6,21.9,0.84,3.33,9.0,91
shaanxi_guanzhong,2000-06-03,20.8,17.9,7.2,1.31,5.7,8.8,88
shaanxi_guanzhong,2000-06-04,25.7,16.7,0.0,4.02,20.26,9.8,76
shaanxi_guanzhong,2000-06-05,26.7,18.0,0.0,3.84,18.74,10.8,68
shaanxi_guanzhong,2000-06-06,28.4,17.3,0.0,4.7,23.57,7.9,66
shaanxi_guanzhong,2000-06-07,25.1,18.2,0.0,3.71,13.79,15.2,61
shaanxi_guanzhong,2000-06-08,29.9,15.3,0.0,5.5,26.59,7.6,52
shaanxi_guanzhong,2000-06-09,29.7,16.1,0.0,4.25,19.83,8.0,54
shaanxi_guanzhong,2000-06-10,29.6,19.6,0.0,5.55,25.77,8.0,51
shaanxi_guanzhong,2000-06-11,30.5,18.8,0.0,5.53,26.88,6.9,48
shaanxi_guanzhong,2000-06-12,30.4,17.2,0.0,5.52,24.99,9.7,49
shaanxi_guanzhong,2000-06-13,29.3,21.1,0.0,4.7,22.85,8.4,56
shaanxi_guanzhong,2000-06-14,28.8,18.8,0.0,3.92,16.26,9.7,50
shaanxi_guanzhong,2000-06-15,32.3,17.7,0.0,5.97,28.32,6.3,45
shaanxi_guanzhong,2000-06-16,31.9,19.1,0.2,5.11,21.1,14.0,46
shaanxi_guanzhong,2000-06-17,24.3,19.1,5.2,2.35,11.25,10.3,74
shaanxi_guanzhong,2000-06-18,22.1,19.3,16.3,1.14,4.75,8.5,81
shaanxi_guanzhong,2000-06-19,24.0,17.9,16.8,2.86,14.65,7.2,81
shaanxi_guanzhong,2000-06-20,26.3,17.7,0.0,4.02,20.43,7.4,72
shaanxi_guanzhong,2000-06-21,27.1,19.4,0.0,4.1,20.2,9.0,68
shaanxi_guanzhong,2000-06-22,29.0,20.2,0.0,4.54,21.93,8.5,65
shaanxi_guanzhong,2000-06-23,30.4,21.2,0.0,4.42,20.46,7.2,64
shaanxi_guanzhong,2000-06-24,29.6,21.6,0.0,3.66,16.92,6.4,70
shaanxi_guanzhong,2000-06-25,23.2,21.0,35.2,0.88,3.33,6.8,89
shaanxi_guanzhong,2000-06-26,22.4,20.1,12.8,1.24,5.65,6.7,90
shaanxi_guanzhong,2000-06-27,25.7,17.7,0.3,2.88,14.52,4.7,83
shaanxi_guanzhong,2000-06-28,27.1,20.3,11.8,2.86,13.77,7.6,81
shaanxi_guanzhong,2000-06-29,31.2,17.8,0.0,5.77,28.43,5.7,65
shaanxi_guanzhong,2000-06-30,30.8,17.7,0.0,5.26,25.6,6.8,63
shaanxi_guanzhong,2000-07-01,30.2,20.9,0.0,4.69,22.18,7.4,66
shaanxi_guanzhong,2000-07-02,26.0,21.6,1.9,2.7,12.71,6.6,73
shaanxi_guanzhong,2000-07-03,25.8,20.8,8.4,2.56,12.36,9.2,83
shaanxi_guanzhong,2000-07-04,28.8,19.9,0.1,4.4,21.83,4.8,76
shaanxi_guanzhong,2000-07-05,29.7,20.4,0.0,4.72,23.26,8.8,72
shaanxi_guanzhong,2000-07-06,28.7,20.6,2.1,3.9,19.02,8.3,77
shaanxi_guanzhong,2000-07-07,28.4,21.0,4.3,3.8,19.01,6.5,79
shaanxi_guanzhong,2000-07-08,27.1,21.3,43.4,3.32,16.54,4.8,81
shaanxi_guanzhong,2000-07-09,29.2,17.9,0.2,5.35,27.14,4.1,73
shaanxi_guanzhong,2000-07-10,29.5,17.9,0.0,5.23,26.51,3.9,73
shaanxi_guanzhong,2000-07-11,24.8,21.0,6.0,1.54,6.82,4.7,80
shaanxi_guanzhong,2000-07-12,24.9,20.6,5.7,2.62,13.23,8.7,83
shaanxi_guanzhong,2000-07-13,27.4,21.0,4.4,3.15,15.81,4.0,79
shaanxi_guanzhong,2000-07-14,28.3,20.5,7.8,4.25,21.14,6.9,80
shaanxi_guanzhong,2000-07-15,28.8,21.0,0.5,4.29,21.1,8.5,77
shaanxi_guanzhong,2000-07-16,30.1,21.6,0.0,4.82,23.54,8.4,76
shaanxi_guanzhong,2000-07-17,32.0,22.5,0.0,5.16,24.73,7.3,72
shaanxi_guanzhong,2000-07-18,32.7,23.2,0.0,5.34,24.84,9.4,71
shaanxi_guanzhong,2000-07-19,31.9,23.9,0.0,4.72,21.92,7.0,70
shaanxi_guanzhong,2000-07-20,32.2,23.4,0.0,5.08,23.58,7.1,64
shaanxi_guanzhong,2000-07-21,34.0,24.4,0.0,5.27,24.23,7.2,66
shaanxi_guanzhong,2000-07-22,35.1,25.3,0.0,5.74,25.19,7.3,59
shaanxi_guanzhong,2000-07-23,34.4,26.1,0.0,5.27,22.87,9.7,60
shaanxi_guanzhong,2000-07-24,34.6,25.5,0.0,5.32,23.22,9.8,66
shaanxi_guanzhong,2000-07-25,35.0,25.1,0.0,5.03,20.05,11.2,68
shaanxi_guanzhong,2000-07-26,35.0,26.3,0.1,4.77,19.82,10.2,67
shaanxi_guanzhong,2000-07-27,31.2,26.0,15.7,2.36,10.22,7.6,79
shaanxi_guanzhong,2000-07-28,30.6,24.1,0.9,4.07,18.42,9.1,69
shaanxi_guanzhong,2000-07-29,26.7,19.6,0.7,2.78,6.76,14.7,57
shaanxi_guanzhong,2000-07-30,31.1,15.1,0.0,6.31,29.33,11.5,39
shaanxi_guanzhong,2000-07-31,31.8,15.7,0.0,5.71,27.22,10.4,44
shaanxi_guanzhong,2000-08-01,31.1,22.0,0.0,4.48,21.09,6.3,53
shaanxi_guanzhong,2000-08-02,26.0,21.2,3.2,1.96,9.17,3.6,73
shaanxi_guanzhong,2000-08-03,22.6,20.0,4.8,1.43,5.79,11.2,82
shaanxi_guanzhong,2000-08-04,21.4,19.2,8.1,1.12,5.27,9.7,92
shaanxi_guanzhong,2000-08-05,22.8,20.0,9.0,1.17,5.17,12.9,93
shaanxi_guanzhong,2000-08-06,24.2,19.7,11.7,1.63,7.89,5.9,91
shaanxi_guanzhong,2000-08-07,24.8,20.6,18.9,1.53,7.21,11.2,92
shaanxi_guanzhong,2000-08-08,23.4,19.4,9.8,1.29,5.8,8.0,84
shaanxi_guanzhong,2000-08-09,29.5,14.6,0.0,4.99,25.51,6.5,76
shaanxi_guanzhong,2000-08-10,30.1,18.8,0.0,4.71,23.18,7.9,77
shaanxi_guanzhong,2000-08-11,28.2,22.8,20.4,2.37,11.39,7.0,84
shaanxi_guanzhong,2000-08-12,28.3,21.8,34.3,2.54,12.26,7.2,87
shaanxi_guanzhong,2000-08-13,28.9,21.9,0.0,4.27,21.25,6.2,80
shaanxi_guanzhong,2000-08-14,27.6,21.4,4.3,2.97,13.85,9.0,79
shaanxi_guanzhong,2000-08-15,29.0,20.2,1.1,4.48,22.23,7.3,79
shaanxi_guanzhong,2000-08-16,28.8,18.5,1.1,4.23,21.12,12.4,78
shaanxi_guanzhong,2000-08-17,24.4,20.4,61.6,0.92,3.69,11.4,87
shaanxi_guanzhong,2000-08-18,24.2,19.8,18.0,1.78,8.26,5.8,86
shaanxi_guanzhong,2000-08-19,25.6,20.1,1.6,3.19,16.51,4.3,82
shaanxi_guanzhong,2000-08-20,27.7,15.8,0.0,4.17,21.67,12.1,83
shaanxi_guanzhong,2000-08-21,25.5,20.0,5.7,2.33,11.53,8.4,84
shaanxi_guanzhong,2000-08-22,23.4,20.0,40.4,1.32,6.14,6.8,87
shaanxi_guanzhong,2000-08-23,26.9,15.6,0.0,4.51,23.73,6.6,79
shaanxi_guanzhong,2000-08-24,27.0,19.1,0.3,3.96,20.28,4.0,75
shaanxi_guanzhong,2000-08-25,27.3,16.9,0.0,4.17,21.8,6.6,78
shaanxi_guanzhong,2000-08-26,28.9,19.7,0.0,4.4,22.53,3.3,68
shaanxi_guanzhong,2000-08-27,28.3,16.8,3.8,4.42,22.45,8.1,75
shaanxi_guanzhong,2000-08-28,25.6,19.5,2.8,3.03,15.75,6.4,80
shaanxi_guanzhong,2000-08-29,26.3,18.9,0.6,3.87,20.1,6.5,77
shaanxi_guanzhong,2000-08-30,27.5,19.2,0.3,3.91,19.99,8.1,74
shaanxi_guanzhong,2000-08-31,27.7,19.8,0.0,4.04,20.46,7.6,74
shaanxi_guanzhong,2000-09-01,29.1,19.5,0.1,4.09,20.74,9.6,75
shaanxi_guanzhong,2000-09-02,30.3,18.6,0.0,4.49,21.16,14.1,72
shaanxi_guanzhong,2000-09-03,25.9,19.3,5.6,2.71,13.14,11.4,78
shaanxi_guanzhong,2000-09-04,24.6,20.8,16.8,1.13,4.09,11.2,87
shaanxi_guanzhong,2000-09-05,21.7,17.8,4.7,2.12,9.75,11.5,75
shaanxi_guanzhong,2000-09-06,18.8,14.9,17.4,0.78,3.08,4.8,82
shaanxi_guanzhong,2000-09-07,20.0,13.1,1.0,2.63,15.21,6.3,81
shaanxi_guanzhong,2000-09-08,22.8,14.0,0.0,3.48,19.51,9.3,73
shaanxi_guanzhong,2000-09-09,18.2,15.2,3.6,1.15,4.71,9.0,77
shaanxi_guanzhong,2000-09-10,19.4,14.8,0.0,2.28,12.38,6.4,70
shaanxi_guanzhong,2000-09-11,17.9,13.6,0.0,1.72,9.48,4.7,73
shaanxi_guanzhong,2000-09-12,22.1,14.1,0.0,3.42,19.85,4.7,68
shaanxi_guanzhong,2000-09-13,24.4,11.5,0.0,3.72,20.69,4.4,73
shaanxi_guanzhong,2000-09-14,26.5,12.8,0.0,4.12,21.83,9.0,64
shaanxi_guanzhong,2000-09-15,26.9,12.1,0.0,4.32,23.23,8.0,62
shaanxi_guanzhong,2000-09-16,28.6,12.6,0.0,4.28,22.59,5.3,56
shaanxi_guanzhong,2000-09-17,27.9,13.6,0.0,4.17,21.37,8.4,61
shaanxi_guanzhong,2000-09-18,24.4,15.4,1.6,2.43,12.46,6.8,76
shaanxi_guanzhong,2000-09-19,26.0,13.8,0.0,3.67,19.46,6.9,73
shaanxi_guanzhong,2000-09-20,25.1,14.6,0.3,3.46,18.0,12.7,72
shaanxi_guanzhong,2000-09-21,23.9,15.6,0.0,3.06,16.17,10.0,71
shaanxi_guanzhong,2000-09-22,22.5,15.3,1.6,1.72,8.22,11.8,82
shaanxi_guanzhong,2000-09-23,21.5,17.9,16.0,1.21,5.93,4.4,89
shaanxi_guanzhong,2000-09-24,20.9,18.3,52.7,0.81,3.42,4.9,92
shaanxi_guanzhong,2000-09-25,19.4,16.9,9.3,1.06,4.91,10.8,90
shaanxi_guanzhong,2000-09-26,19.6,15.3,5.2,1.34,6.45,13.9,86
shaanxi_guanzhong,2000-09-27,16.1,14.7,17.2,0.64,2.87,9.6,94
shaanxi_guanzhong,2000-09-28,16.5,14.6,3.2,0.8,3.63,7.4,91
shaanxi_guanzhong,2000-09-29,15.7,14.8,12.6,0.43,1.29,6.2,93
shaanxi_guanzhong,2000-09-30,16.4,14.6,5.7,0.75,3.52,6.5,91
shaanxi_guanzhong,2000-10-01,19.2,15.4,2.8,1.3,6.63,6.8,84
shaanxi_guanzhong,2000-10-02,22.3,10.4,0.0,3.25,19.03,8.2,80
shaanxi_guanzhong,2000-10-03,23.3,12.0,0.0,3.29,19.1,7.6,77
shaanxi_guanzhong,2000-10-04,21.4,13.2,0.8,1.84,10.02,3.9,84
shaanxi_guanzhong,2000-10-05,23.5,11.8,0.0,2.95,16.8,9.5,82
shaanxi_guanzhong,2000-10-06,24.5,13.7,0.0,3.12,17.35,10.9,76
shaanxi_guanzhong,2000-10-07,23.5,17.3,0.7,2.63,12.72,12.3,72
shaanxi_guanzhong,2000-10-08,22.2,13.8,0.1,2.39,12.68,12.7,73
shaanxi_guanzhong,2000-10-09,18.8,14.5,4.9,1.18,5.98,10.9,89
shaanxi_guanzhong,2000-10-10,14.7,13.3,36.0,0.4,1.28,6.1,95
shaanxi_guanzhong,2000-10-11,14.1,9.6,27.5,0.56,2.18,14.7,88
shaanxi_guanzhong,2000-10-12,10.0,7.9,9.1,0.59,3.0,5.4,88
shaanxi_guanzhong,2000-10-13,9.0,6.6,9.0,0.66,3.74,5.6,89
shaanxi_guanzhong,2000-10-14,13.8,5.8,0.0,1.79,12.25,5.0,80
shaanxi_guanzhong,2000-10-15,13.1,6.4,6.1,1.02,6.07,4.7,86
shaanxi_guanzhong,2000-10-16,14.5,10.4,8.8,0.98,5.62,7.1,88
shaanxi_guanzhong,2000-10-17,19.1,6.9,0.0,2.77,17.78,10.4,79
shaanxi_guanzhong,2000-10-18,20.3,7.8,0.2,2.59,15.24,13.0,74
shaanxi_guanzhong,2000-10-19,13.1,11.9,6.8,0.51,1.81,7.1,86
shaanxi_guanzhong,2000-10-20,17.3,8.8,4.4,1.71,10.88,11.8,80
shaanxi_guanzhong,2000-10-21,14.9,10.9,1.6,0.87,4.32,8.9,87
shaanxi_guanzhong,2000-10-22,20.6,11.8,0.1,2.54,15.4,10.2,81
shaanxi_guanzhong,2000-10-23,14.2,10.2,3.9,0.56,2.78,8.8,93
shaanxi_guanzhong,2000-10-24,13.8,6.2,1.8,1.19,4.49,14.7,65
shaanxi_guanzhong,2000-10-25,7.7,4.7,4.9,0.57,3.53,7.4,84
shaanxi_guanzhong,2000-10-26,10.5,6.3,2.5,0.76,4.68,6.8,88
shaanxi_guanzhong,2000-10-27,9.1,8.1,5.9,0.39,1.64,6.3,93
shaanxi_guanzhong,2000-10-28,14.3,8.0,0.4,1.6,7.42,16.5,70
shaanxi_guanzhong,2000-10-29,13.3,5.1,0.0,2.18,14.13,10.1,47
shaanxi_guanzhong,2000-10-30,16.0,2.2,0.0,2.2,13.43,13.8,56
shaanxi_guanzhong,2000-10-31,14.4,1.5,0.0,2.3,16.01,8.8,59
shaanxi_guanzhong,2000-11-01,16.5,1.7,0.0,2.25,15.58,5.8,66
shaanxi_guanzhong,2000-11-02,17.6,3.8,0.0,2.27,14.93,10.3,71
shaanxi_guanzhong,2000-11-03,16.1,5.6,0.0,1.24,7.45,8.8,76
shaanxi_guanzhong,2000-11-04,17.5,3.2,0.0,2.21,14.85,8.8,67
shaanxi_guanzhong,2000-11-05,17.5,7.0,0.0,1.84,11.86,4.2,74
shaanxi_guanzhong,2000-11-06,12.4,7.3,0.1,0.8,3.51,8.1,74
shaanxi_guanzhong,2000-11-07,6.9,1.2,19.1,0.41,2.9,12.9,90
shaanxi_guanzhong,2000-11-08,6.5,1.0,3.7,0.79,6.87,11.8,88
shaanxi_guanzhong,2000-11-09,6.8,1.4,4.1,0.58,3.95,9.4,87
shaanxi_guanzhong,2000-11-10,4.2,-1.5,7.8,0.39,2.39,12.1,81
shaanxi_guanzhong,2000-11-11,7.2,-3.2,0.4,1.38,12.08,5.9,72
shaanxi_guanzhong,2000-11-12,9.3,-3.8,0.0,1.72,13.94,11.4,60
shaanxi_guanzhong,2000-11-13,9.9,-2.6,0.0,1.49,12.22,7.1,71
shaanxi_guanzhong,2000-11-14,7.5,3.7,6.4,0.57,3.7,5.9,88
shaanxi_guanzhong,2000-11-15,6.2,3.6,10.4,0.43,2.6,9.7,92
shaanxi_guanzhong,2000-11-16,8.6,-0.8,2.0,0.91,7.2,9.2,81
shaanxi_guanzhong,2000-11-17,9.8,-2.6,0.1,1.43,10.91,11.9,74
shaanxi_guanzhong,2000-11-18,6.0,3.2,6.7,0.51,2.86,15.0,84
shaanxi_guanzhong,2000-11-19,5.7,-0.6,2.4,1.11,5.97,14.9,63
shaanxi_guanzhong,2000-11-20,10.8,-3.4,0.0,1.65,13.27,6.4,54
shaanxi_guanzhong,2000-11-21,10.5,-2.8,0.0,1.58,12.95,6.5,67
shaanxi_guanzhong,2000-11-22,10.7,-2.4,0.0,1.44,11.78,4.0,72
shaanxi_guanzhong,2000-11-23,11.7,-1.6,0.0,1.44,11.19,7.7,75
shaanxi_guanzhong,2000-11-24,12.3,-0.9,0.0,1.41,10.87,7.3,79
shaanxi_guanzhong,2000-11-25,10.2,0.3,0.0,1.36,8.39,14.2,69
shaanxi_guanzhong,2000-11-26,9.1,1.0,0.0,1.29,9.85,5.9,66
shaanxi_guanzhong,2000-11-27,10.5,1.8,0.0,1.08,8.04,5.9,61
shaanxi_guanzhong,2000-11-28,7.6,2.6,1.3,0.72,4.05,7.1,70
shaanxi_guanzhong,2000-11-29,6.8,3.9,5.9,0.55,3.66,4.6,86
shaanxi_guanzhong,2000-11-30,9.7,0.2,0.0,0.99,7.53,10.9,83
shaanxi_guanzhong,2000-12-01,5.9,2.7,6.3,0.49,2.98,14.8,88
shaanxi_guanzhong,2000-12-02,7.3,-3.0,0.0,1.59,11.08,11.7,53
shaanxi_guanzhong,2000-12-03,9.8,-4.8,0.0,1.49,12.19,7.7,58
shaanxi_guanzhong,2000-12-04,10.8,-3.3,0.0,1.5,11.73,9.9,63
shaanxi_guanzhong,2000-12-05,10.0,-1.5,0.0,1.39,11.25,8.5,65
shaanxi_guanzhong,2000-12-06,10.6,-0.5,0.0,1.09,8.16,5.3,72
shaanxi_guanzhong,2000-12-07,11.4,-1.8,0.0,1.44,11.17,6.9,73
shaanxi_guanzhong,2000-12-08,11.0,0.9,0.0,1.21,9.41,8.6,76
shaanxi_guanzhong,2000-12-09,8.7,-0.8,0.0,1.48,8.76,11.5,59
shaanxi_guanzhong,2000-12-10,5.7,-1.5,0.0,1.43,10.63,11.2,47
shaanxi_guanzhong,2000-12-11,1.5,-0.6,5.9,0.51,4.02,5.6,76
shaanxi_guanzhong,2000-12-12,6.8,-1.8,0.1,0.96,7.97,4.2,65
shaanxi_guanzhong,2000-12-13,8.6,-4.2,0.0,1.32,11.49,5.0,67
shaanxi_guanzhong,2000-12-14,9.8,-3.6,0.0,1.38,11.54,6.9,66
shaanxi_guanzhong,2000-12-15,9.8,-2.9,0.0,1.36,11.25,6.6,67
shaanxi_guanzhong,2000-12-16,8.4,-0.2,0.0,1.26,10.37,10.5,66
shaanxi_guanzhong,2000-12-17,9.9,-2.0,0.0,1.28,10.99,7.7,76
shaanxi_guanzhong,2000-12-18,8.5,-1.5,0.2,0.91,7.25,4.0,78
shaanxi_guanzhong,2000-12-19,3.1,0.3,4.8,0.37,2.58,7.7,88
shaanxi_guanzhong,2000-12-20,8.0,-4.1,0.0,1.33,11.61,6.2,63
shaanxi_guanzhong,2000-12-21,12.0,-3.7,0.0,1.47,11.62,5.9,58
shaanxi_guanzhong,2000-12-22,11.4,-2.5,0.0,1.43,11.24,4.8,58
shaanxi_guanzhong,2000-12-23,10.6,-2.7,0.0,1.37,11.05,4.8,63
shaanxi_guanzhong,2000-12-24,12.2,0.2,0.0,1.51,11.47,5.6,58
shaanxi_guanzhong,2000-12-25,11.8,-1.0,0.0,1.42,10.74,7.9,69
shaanxi_guanzhong,2000-12-26,8.5,0.8,0.1,0.98,8.04,8.0,73
shaanxi_guanzhong,2000-12-27,5.4,0.1,3.5,0.37,2.27,3.3,88
shaanxi_guanzhong,2000-12-28,7.8,-2.1,0.0,1.03,8.99,11.8,82
shaanxi_guanzhong,2000-12-29,9.1,-0.4,4.5,0.83,6.4,6.0,84
shaanxi_guanzhong,2000-12-30,10.4,-1.8,0.0,1.47,11.76,5.9,59
shaanxi_guanzhong,2000-12-31,9.9,-3.3,0.0,1.39,11.42,8.3,65
shaanxi_guanzhong,2001-01-01,7.7,-0.4,0.0,1.01,7.22,5.4,51
shaanxi_guanzhong,2001-01-02,8.6,-2.5,0.0,1.04,7.52,6.9,59
shaanxi_guanzhong,2001-01-03,8.4,-4.0,0.0,1.27,10.1,8.7,60
shaanxi_guanzhong,2001-01-04,7.8,-1.8,0.0,1.1,9.16,5.0,65
shaanxi_guanzhong,2001-01-05,5.2,-0.2,5.0,0.57,4.48,12.8,85
shaanxi_guanzhong,2001-01-06,4.4,-2.2,1.7,0.74,6.72,9.7,85
shaanxi_guanzhong,2001-01-07,2.9,-2.5,1.5,0.57,4.69,9.0,85
shaanxi_guanzhong,2001-01-08,1.9,-3.1,3.3,0.75,3.21,15.6,67
shaanxi_guanzhong,2001-01-09,5.2,-5.9,0.0,1.23,11.47,6.5,54
shaanxi_guanzhong,2001-01-10,8.4,-4.9,0.0,1.44,12.59,4.8,59
shaanxi_guanzhong,2001-01-11,9.0,-4.6,0.0,1.5,12.58,8.3,65
shaanxi_guanzhong,2001-01-12,6.8,-2.5,0.0,1.55,11.65,13.0,50
shaanxi_guanzhong,2001-01-13,4.8,-4.0,0.0,1.47,12.5,10.9,45
shaanxi_guanzhong,2001-01-14,2.4,-6.4,0.0,1.5,13.23,10.8,42
shaanxi_guanzhong,2001-01-15,6.0,-5.4,0.0,1.54,12.92,7.9,47
shaanxi_guanzhong,2001-01-16,6.5,-4.3,0.0,1.3,11.91,6.9,68
shaanxi_guanzhong,2001-01-17,8.0,-4.6,0.0,1.45,12.77,9.5,70
shaanxi_guanzhong,2001-01-18,7.4,-2.2,0.0,1.3,11.51,6.6,73
shaanxi_guanzhong,2001-01-19,6.8,-2.5,0.0,1.33,10.49,7.2,52
shaanxi_guanzhong,2001-01-20,10.0,-4.6,0.0,1.69,13.02,11.1,58
shaanxi_guanzhong,2001-01-21,6.5,0.0,0.7,0.82,6.17,6.0,67
shaanxi_guanzhong,2001-01-22,4.2,-2.4,3.0,0.72,6.37,11.9,82
shaanxi_guanzhong,2001-01-23,0.5,-2.5,9.9,0.5,4.62,10.4,88
shaanxi_guanzhong,2001-01-24,-1.0,-4.3,1.7,0.58,6.19,5.9,86
shaanxi_guanzhong,2001-01-25,0.8,-2.4,2.4,0.79,7.73,5.1,83
shaanxi_guanzhong,2001-01-26,3.9,-6.3,0.0,1.38,14.58,9.1,72
shaanxi_guanzhong,2001-01-27,4.0,-4.1,0.0,1.22,12.2,12.0,56
shaanxi_guanzhong,2001-01-28,1.5,-4.3,0.0,1.18,12.29,8.2,43
shaanxi_guanzhong,2001-01-29,5.5,-5.0,0.0,1.35,12.74,9.5,58
shaanxi_guanzhong,2001-01-30,8.3,-4.3,0.0,1.56,12.97,10.0,66
shaanxi_guanzhong,2001-01-31,5.7,-2.4,0.0,1.69,10.8,11.8,36
shaanxi_guanzhong,2001-02-01,6.5,-3.0,0.0,1.38,10.85,8.1,48
shaanxi_guanzhong,2001-02-02,7.9,-2.6,0.0,1.4,10.56,9.0,60
shaanxi_guanzhong,2001-02-03,8.7,0.8,0.0,1.34,9.97,8.1,61
shaanxi_guanzhong,2001-02-04,9.9,-0.7,0.0,1.79,13.46,12.9,65
shaanxi_guanzhong,2001-02-05,5.5,0.7,0.8,0.83,6.49,11.7,81
shaanxi_guanzhong,2001-02-06,3.6,-0.4,4.6,0.6,4.62,6.6,88
shaanxi_guanzhong,2001-02-07,4.4,-1.1,0.8,1.06,9.02,11.8,74
shaanxi_guanzhong,2001-02-08,8.2,-2.3,0.0,1.54,13.17,6.3,64
shaanxi_guanzhong,2001-02-09,9.5,-3.6,0.0,1.95,15.95,4.5,56
shaanxi_guanzhong,2001-02-10,11.3,-3.2,0.0,1.83,14.02,9.0,65
shaanxi_guanzhong,2001-02-11,4.8,-0.9,15.4,0.33,2.58,13.4,92
shaanxi_guanzhong,2001-02-12,0.7,-2.9,3.6,0.75,7.66,7.0,86
shaanxi_guanzhong,2001-02-13,6.0,-3.5,0.0,1.45,12.83,7.7,59
shaanxi_guanzhong,2001-02-14,10.9,-4.1,0.0,2.15,17.18,5.5,55
shaanxi_guanzhong,2001-02-15,9.6,-3.2,0.0,2.11,16.92,5.7,51
shaanxi_guanzhong,2001-02-16,10.6,-2.9,0.2,1.9,12.23,15.4,49
shaanxi_guanzhong,2001-02-17,13.8,1.1,0.0,2.26,17.04,8.6,70
shaanxi_guanzhong,2001-02-18,13.6,0.5,0.0,2.19,16.26,6.9,71
shaanxi_guanzhong,2001-02-19,11.9,3.5,2.6,1.12,7.25,5.9,78
shaanxi_guanzhong,2001-02-20,10.9,2.8,3.8,1.01,6.71,5.8,84
shaanxi_guanzhong,2001-02-21,14.7,0.7,0.0,2.46,17.9,11.4,76
shaanxi_guanzhong,2001-02-22,9.8,3.7,2.4,0.85,5.52,12.4,84
shaanxi_guanzhong,2001-02-23,13.2,0.9,0.0,2.49,14.92,12.2,55
shaanxi_guanzhong,2001-02-24,5.9,-2.6,0.0,2.3,18.68,13.4,42
shaanxi_guanzhong,2001-02-25,6.0,-0.7,0.0,1.52,9.71,14.9,55
shaanxi_guanzhong,2001-02-26,5.7,0.4,0.0,1.39,10.49,10.4,66
shaanxi_guanzhong,2001-02-27,11.6,-1.8,0.0,2.22,15.53,10.0,63
shaanxi_guanzhong,2001-02-28,14.5,-0.5,0.0,2.78,19.08,9.8,53
shaanxi_guanzhong,2001-03-01,15.1,0.6,0.0,2.35,15.65,6.7,56
shaanxi_guanzhong,2001-03-02,13.4,4.3,0.0,2.14,10.79,17.8,57
shaanxi_guanzhong,2001-03-03,13.4,-0.7,0.0,3.26,20.47,18.8,33
shaanxi_guanzhong,2001-03-04,14.9,-1.5,0.2,2.76,19.09,10.9,49
shaanxi_guanzhong,2001-03-05,13.8,3.0,0.0,2.09,13.13,8.0,51
shaanxi_guanzhong,2001-03-06,9.2,-0.2,0.0,2.29,17.06,10.5,42
shaanxi_guanzhong,2001-03-07,5.5,-3.4,0.0,1.8,14.04,8.8,41
shaanxi_guanzhong,2001-03-08,8.6,-3.9,0.0,2.5,20.6,7.7,38
shaanxi_guanzhong,2001-03-09,15.6,-2.8,0.0,2.73,19.09,6.8,55
shaanxi_guanzhong,2001-03-10,17.0,0.4,0.0,3.17,20.85,8.0,51
shaanxi_guanzhong,2001-03-11,17.1,0.8,0.0,3.43,21.61,10.5,42
shaanxi_guanzhong,2001-03-12,19.3,2.1,0.1,3.46,20.29,10.0,47
shaanxi_guanzhong,2001-03-13,21.1,4.8,0.0,3.43,20.97,5.4,62
shaanxi_guanzhong,2001-03-14,14.0,7.4,0.0,3.27,17.01,13.6,32
shaanxi_guanzhong,2001-03-15,11.8,5.8,2.3,1.98,9.75,14.7,58
shaanxi_guanzhong,2001-03-16,11.0,3.6,1.8,1.19,7.84,7.4,79
shaanxi_guanzhong,2001-03-17,16.4,2.5,0.0,3.44,22.01,12.3,49
shaanxi_guanzhong,2001-03-18,16.4,3.7,0.0,2.54,15.92,4.4,44
shaanxi_guanzhong,2001-03-19,18.3,3.5,0.0,3.24,18.04,12.1,47
shaanxi_guanzhong,2001-03-20,21.1,3.6,0.0,3.95,22.73,11.2,42
shaanxi_guanzhong,2001-03-21,23.2,5.6,0.0,3.88,21.93,8.1,51
shaanxi_guanzhong,2001-03-22,17.8,8.0,0.0,3.07,17.08,6.9,35
shaanxi_guanzhong,2001-03-23,15.6,6.9,0.0,2.02,10.91,7.9,42
shaanxi_guanzhong,2001-03-24,19.0,8.0,0.0,2.61,11.66,9.7,49
shaanxi_guanzhong,2001-03-25,19.3,4.1,0.0,3.56,20.12,8.6,36
shaanxi_guanzhong,2001-03-26,19.0,5.5,3.4,2.83,16.63,11.2,64
shaanxi_guanzhong,2001-03-27,13.4,3.6,0.0,2.95,18.97,9.7,54
shaanxi_guanzhong,2001-03-28,17.3,5.0,0.0,4.05,22.81,17.2,27
shaanxi_guanzhong,2001-03-29,19.6,2.2,0.0,3.9,24.24,7.9,36
shaanxi_guanzhong,2001-03-30,24.0,6.5,0.0,4.56,24.41,10.1,47
shaanxi_guanzhong,2001-03-31,20.9,4.8,0.0,4.0,22.62,11.0,44
shaanxi_guanzhong,2001-04-01,21.9,8.4,0.0,3.77,22.47,7.4,60
shaanxi_guanzhong,2001-04-02,24.4,9.3,0.0,4.29,23.32,7.1,57
shaanxi_guanzhong,2001-04-03,23.7,9.1,0.0,4.74,22.7,16.2,53
shaanxi_guanzhong,2001-04-04,14.8,10.6,5.0,1.51,8.02,9.1,77
shaanxi_guanzhong,2001-04-05,20.9,7.1,0.2,2.97,15.24,23.6,70
shaanxi_guanzhong,2001-04-06,21.3,3.5,0.0,4.11,24.65,9.8,65
shaanxi_guanzhong,2001-04-07,20.2,9.6,5.8,3.37,19.44,8.8,65
shaanxi_guanzhong,2001-04-08,23.7,8.4,5.2,4.06,22.85,13.3,70
shaanxi_guanzhong,2001-04-09,15.2,1.8,9.7,1.92,6.12,28.5,55
shaanxi_guanzhong,2001-04-10,8.3,0.2,0.4,2.11,11.9,14.4,50
shaanxi_guanzhong,2001-04-11,16.5,-1.4,0.0,4.14,26.67,10.5,39
shaanxi_guanzhong,2001-04-12,20.5,1.1,0.0,4.55,26.08,10.2,48
shaanxi_guanzhong,2001-04-13,20.7,4.3,0.0,4.42,25.78,10.6,44
shaanxi_guanzhong,2001-04-14,18.5,4.6,0.0,3.93,24.06,10.5,36
shaanxi_guanzhong,2001-04-15,22.2,4.2,0.0,4.37,25.57,7.7,55
shaanxi_guanzhong,2001-04-16,25.8,10.0,0.0,4.58,24.29,7.4,49
shaanxi_guanzhong,2001-04-17,27.4,10.8,0.0,5.01,25.27,9.7,47
shaanxi_guanzhong,2001-04-18,25.0,12.4,0.0,3.65,19.0,5.6,56
shaanxi_guanzhong,2001-04-19,23.7,12.8,4.0,2.69,13.12,7.7,69
shaanxi_guanzhong,2001-04-20,15.1,7.3,4.0,1.21,4.81,14.5,77
shaanxi_guanzhong,2001-04-21,9.0,5.7,5.6,0.99,5.96,7.4,87
shaanxi_guanzhong,2001-04-22,13.9,5.9,5.0,1.47,8.92,9.4,84
shaanxi_guanzhong,2001-04-23,15.1,9.3,3.2,1.21,5.93,13.0,81
shaanxi_guanzhong,2001-04-24,13.1,8.5,1.4,1.38,7.94,10.1,81
shaanxi_guanzhong,2001-04-25,16.1,7.3,0.0,2.3,13.64,10.7,71
shaanxi_guanzhong,2001-04-26,19.2,7.4,0.0,2.92,17.5,9.2,74
shaanxi_guanzhong,2001-04-27,20.7,10.6,0.0,3.15,17.75,6.5,75
shaanxi_guanzhong,2001-04-28,21.0,13.9,1.8,2.45,13.28,6.6,76
shaanxi_guanzhong,2001-04-29,22.1,12.4,0.4,4.09,17.33,22.4,60
shaanxi_guanzhong,2001-04-30,18.8,10.2,0.0,2.77,12.7,9.1,40
shaanxi_guanzhong,2001-05-01,24.8,6.5,0.0,5.1,27.98,6.5,52
shaanxi_guanzhong,2001-05-02,24.4,9.5,0.2,3.72,19.88,6.8,64
shaanxi_guanzhong,2001-05-03,22.7,9.5,0.0,3.24,16.92,7.4,66
shaanxi_guanzhong,2001-05-04,21.0,13.1,0.0,2.28,11.47,4.0,61
shaanxi_guanzhong,2001-05-05,25.8,8.7,0.0,5.14,27.5,9.5,57
shaanxi_guanzhong,2001-05-06,27.3,12.0,0.0,4.71,24.32,7.6,61
shaanxi_guanzhong,2001-05-07,24.8,12.8,0.0,5.25,23.1,13.3,41
shaanxi_guanzhong,2001-05-08,26.3,12.1,0.0,4.56,19.48,10.9,39
shaanxi_guanzhong,2001-05-09,26.7,13.5,0.0,4.7,23.62,8.6,41
shaanxi_guanzhong,2001-05-10,28.6,11.2,0.0,5.36,26.72,10.0,53
shaanxi_guanzhong,2001-05-11,28.2,13.7,0.0,4.96,23.83,8.2,54
shaanxi_guanzhong,2001-05-12,26.0,15.7,0.3,4.22,20.89,7.2,61
shaanxi_guanzhong,2001-05-13,30.5,14.5,0.0,5.35,26.56,7.0,58
shaanxi_guanzhong,2001-05-14,24.1,16.5,0.8,3.95,18.06,16.6,54
shaanxi_guanzhong,2001-05-15,21.6,14.4,0.0,2.91,12.63,7.0,42
shaanxi_guanzhong,2001-05-16,15.6,12.8,5.7,1.42,5.24,13.0,67
shaanxi_guanzhong,2001-05-17,24.0,9.9,0.0,3.48,15.99,8.7,60
shaanxi_guanzhong,2001-05-18,28.3,10.6,0.0,5.69,28.53,7.2,41
shaanxi_guanzhong,2001-05-19,29.3,11.6,0.0,4.93,25.18,5.1,45
shaanxi_guanzhong,2001-05-20,30.5,14.9,0.0,4.6,20.37,9.9,47
shaanxi_guanzhong,2001-05-21,32.9,14.8,0.0,6.36,28.95,11.5,36
shaanxi_guanzhong,2001-05-22,32.0,17.2,0.0,5.71,26.65,7.2,44
shaanxi_guanzhong,2001-05-23,26.8,15.4,7.9,2.63,10.65,19.0,63
shaanxi_guanzhong,2001-05-24,24.4,14.5,1.7,4.04,20.08,15.2,58
shaanxi_guanzhong,2001-05-25,21.1,11.9,0.0,2.16,7.29,8.8,57
shaanxi_guanzhong,2001-05-26,25.2,13.9,0.0,4.08,18.6,7.5,46
shaanxi_guanzhong,2001-05-27,27.5,14.6,0.0,4.53,22.62,6.6,45
shaanxi_guanzhong,2001-05-28,27.8,15.6,0.0,3.88,17.9,8.4,47
shaanxi_guanzhong,2001-05-29,27.8,16.7,0.0,4.72,20.94,10.2,45
shaanxi_guanzhong,2001-05-30,29.1,14.7,0.0,4.42,20.32,10.0,46
shaanxi_guanzhong,2001-05-31,23.5,16.5,0.0,2.86,12.67,6.1,46
shaanxi_guanzhong,2001-06-01,26.6,14.3,0.0,3.77,18.98,5.7,53
shaanxi_guanzhong,2001-06-02,28.2,15.4,0.0,3.9,18.19,9.6,55
shaanxi_guanzhong,2001-06-03,29.8,16.0,0.0,5.14,25.28,7.4,53
shaanxi_guanzhong,2001-06-04,30.9,16.3,0.0,5.93,26.83,9.0,42
shaanxi_guanzhong,2001-06-05,32.6,14.2,0.0,5.98,28.73,7.2,40
shaanxi_guanzhong,2001-06-06,28.8,19.3,0.0,2.97,12.33,9.1,49
shaanxi_guanzhong,2001-06-07,30.0,18.0,0.0,4.3,19.66,6.5,51
shaanxi_guanzhong,2001-06-08,22.7,19.0,11.7,1.03,3.54,12.0,76
shaanxi_guanzhong,2001-06-09,22.6,18.3,1.7,1.7,7.66,7.4,82
shaanxi_guanzhong,2001-06-10,24.9,16.9,2.5,3.14,15.65,7.3,76
shaanxi_guanzhong,2001-06-11,24.4,19.4,4.8,2.15,9.81,6.0,76
shaanxi_guanzhong,2001-06-12,26.4,18.0,14.6,4.34,22.24,6.8,71
shaanxi_guanzhong,2001-06-13,30.7,14.3,0.0,5.88,29.55,8.6,56
shaanxi_guanzhong,2001-06-14,30.0,18.6,0.0,4.32,19.81,13.9,58
shaanxi_guanzhong,2001-06-15,24.6,19.0,21.5,1.92,9.15,6.8,82
shaanxi_guanzhong,2001-06-16,27.1,16.3,0.0,4.05,20.87,6.5,73
shaanxi_guanzhong,2001-06-17,28.0,14.7,0.2,4.24,20.67,7.8,68
shaanxi_guanzhong,2001-06-18,29.8,15.7,0.0,5.59,28.49,6.2,58
shaanxi_guanzhong,2001-06-19,31.4,18.2,0.0,4.4,20.2,8.9,56
shaanxi_guanzhong,2001-06-20,28.7,18.9,0.0,3.65,12.85,10.9,51
shaanxi_guanzhong,2001-06-21,32.6,18.0,0.0,5.95,27.01,10.7,49
shaanxi_guanzhong,2001-06-22,33.0,18.4,0.0,5.84,25.64,10.4,47
shaanxi_guanzhong,2001-06-23,33.2,19.5,0.0,5.79,26.06,9.8,54
shaanxi_guanzhong,2001-06-24,30.8,18.7,0.0,5.03,23.37,7.9,60
shaanxi_guanzhong,2001-06-25,30.9,18.3,0.0,4.95,23.02,7.9,59
shaanxi_guanzhong,2001-06-26,32.0,20.9,0.0,4.82,22.23,8.3,59
shaanxi_guanzhong,2001-06-27,33.2,23.3,0.0,4.17,17.18,8.6,55
shaanxi_guanzhong,2001-06-28,24.9,20.3,23.1,0.93,3.16,13.0,84
shaanxi_guanzhong,2001-06-29,28.1,18.1,1.0,3.22,14.19,8.5,67
shaanxi_guanzhong,2001-06-30,34.4,17.6,0.0,6.11,28.49,6.0,55
shaanxi_guanzhong,2001-07-01,34.5,21.2,0.0,5.6,25.16,9.3,58
shaanxi_guanzhong,2001-07-02,30.8,21.6,0.0,4.57,20.62,12.0,60
shaanxi_guanzhong,2001-07-03,32.5,21.4,0.0,5.19,23.85,7.6,62
shaanxi_guanzhong,2001-07-04,33.2,21.3,0.0,5.74,26.35,7.9,60
shaanxi_guanzhong,2001-07-05,35.8,24.2,0.0,6.53,27.08,12.7,53
shaanxi_guanzhong,2001-07-06,35.3,21.8,0.0,6.87,26.8,15.5,54
shaanxi_guanzhong,2001-07-07,34.1,21.3,0.0,6.28,26.04,11.3,54
shaanxi_guanzhong,2001-07-08,35.4,22.5,0.0,6.03,26.75,6.4,55
shaanxi_guanzhong,2001-07-09,34.4,24.8,0.7,4.71,18.22,11.8,61
shaanxi_guanzhong,2001-07-10,28.7,21.7,2.0,3.31,12.97,10.3,64
shaanxi_guanzhong,2001-07-11,24.9,18.6,17.3,1.8,7.72,8.4,76
shaanxi_guanzhong,2001-07-12,31.8,15.1,0.0,5.89,29.56,4.7,61
shaanxi_guanzhong,2001-07-13,34.1,17.6,0.0,6.22,29.31,7.2,57
shaanxi_guanzhong,2001-07-14,33.9,21.2,0.0,6.3,27.7,9.7,52
shaanxi_guanzhong,2001-07-15,35.2,20.8,0.0,6.5,26.74,13.4,55
shaanxi_guanzhong,2001-07-16,34.6,20.6,0.0,6.0,25.57,9.4,54
shaanxi_guanzhong,2001-07-17,35.5,21.5,0.0,6.52,27.05,10.9,52
shaanxi_guanzhong,2001-07-18,34.9,22.4,0.0,5.94,25.98,8.7,51
shaanxi_guanzhong,2001-07-19,33.8,24.7,1.6,4.29,18.6,10.5,54
shaanxi_guanzhong,2001-07-20,31.9,25.2,0.0,3.49,15.01,7.4,58
shaanxi_guanzhong,2001-07-21,35.0,22.2,0.2,5.9,25.93,9.2,52
shaanxi_guanzhong,2001-07-22,35.1,23.8,0.0,5.63,23.88,10.1,52
shaanxi_guanzhong,2001-07-23,35.2,23.7,0.0,5.64,24.01,8.3,56
shaanxi_guanzhong,2001-07-24,27.7,23.8,13.4,2.63,11.37,12.6,72
shaanxi_guanzhong,2001-07-25,29.2,22.9,0.0,3.17,14.84,4.1,68
shaanxi_guanzhong,2001-07-26,31.9,24.9,1.0,4.22,18.17,8.4,64
shaanxi_guanzhong,2001-07-27,26.9,19.4,25.3,1.44,6.02,15.8,84
shaanxi_guanzhong,2001-07-28,27.9,19.3,0.0,3.13,14.85,5.2,72
shaanxi_guanzhong,2001-07-29,24.5,20.1,38.6,1.03,4.19,6.0,87
shaanxi_guanzhong,2001-07-30,27.7,18.7,0.0,4.83,24.91,5.4,72
shaanxi_guanzhong,2001-07-31,30.2,16.3,0.0,5.55,27.52,7.7,65
shaanxi_guanzhong,2001-08-01,31.0,18.5,0.0,5.7,27.15,9.0,61
shaanxi_guanzhong,2001-08-02,30.2,22.6,0.0,5.0,23.2,13.3,63
shaanxi_guanzhong,2001-08-03,31.3,21.6,0.8,4.89,23.07,11.7,70
shaanxi_guanzhong,2001-08-04,32.1,20.5,0.0,5.07,23.71,10.5,67
shaanxi_guanzhong,2001-08-05,32.8,22.3,0.0,4.94,22.83,6.4,63
shaanxi_guanzhong,2001-08-06,34.8,23.2,0.0,4.77,20.85,8.8,61
shaanxi_guanzhong,2001-08-07,33.3,24.2,8.2,4.45,20.3,13.5,66
shaanxi_guanzhong,2001-08-08,29.2,22.5,1.2,3.08,14.12,8.9,71
shaanxi_guanzhong,2001-08-09,29.5,22.4,0.8,4.26,19.17,11.2,70
shaanxi_guanzhong,2001-08-10,29.6,20.0,0.0,4.86,21.65,10.4,62
shaanxi_guanzhong,2001-08-11,30.8,18.3,0.0,5.92,26.79,12.5,54
shaanxi_guanzhong,2001-08-12,30.6,18.2,0.0,5.34,24.75,9.0,54
shaanxi_guanzhong,2001-08-13,29.8,20.8,0.0,4.05,18.26,8.4,56
shaanxi_guanzhong,2001-08-14,32.0,21.3,0.0,5.32,24.04,9.1,54
shaanxi_guanzhong,2001-08-15,31.2,19.2,0.0,4.93,21.41,12.3,63
shaanxi_guanzhong,2001-08-16,27.7,21.6,4.6,2.82,12.13,10.0,74
shaanxi_guanzhong,2001-08-17,26.7,20.7,8.1,2.85,14.21,6.9,82
shaanxi_guanzhong,2001-08-18,29.6,20.8,0.2,3.07,13.26,12.6,74
shaanxi_guanzhong,2001-08-19,23.0,16.8,21.0,0.92,3.01,17.9,88
shaanxi_guanzhong,2001-08-20,24.6,17.2,0.0,3.4,17.59,6.2,72
shaanxi_guanzhong,2001-08-21,28.5,16.0,0.0,4.8,25.11,4.0,67
shaanxi_guanzhong,2001-08-22,30.5,17.1,0.0,4.64,23.14,4.4,60
shaanxi_guanzhong,2001-08-23,31.3,17.0,0.0,5.01,24.42,6.4,59
shaanxi_guanzhong,2001-08-24,29.0,20.0,0.0,3.31,13.9,10.9,61
shaanxi_guanzhong,2001-08-25,31.1,17.8,0.0,4.99,23.02,10.2,59
shaanxi_guanzhong,2001-08-26,22.7,20.4,10.3,1.11,4.33,9.0,83
shaanxi_guanzhong,2001-08-27,22.0,19.9,29.9,0.97,3.88,10.8,90
shaanxi_guanzhong,2001-08-28,19.7,17.0,43.7,0.58,2.08,12.1,94
shaanxi_guanzhong,2001-08-29,22.6,16.6,3.0,2.08,10.59,9.4,83
shaanxi_guanzhong,2001-08-30,19.3,17.6,20.6,0.69,2.58,9.3,90
shaanxi_guanzhong,2001-08-31,21.8,17.2,7.2,1.85,9.72,7.2,85
shaanxi_guanzhong,2001-09-01,24.2,16.0,0.0,3.21,17.41,7.9,81
shaanxi_guanzhong,2001-09-02,25.5,17.7,3.6,2.86,13.73,12.4,75
shaanxi_guanzhong,2001-09-03,20.7,18.0,22.0,0.84,3.39,8.5,89
shaanxi_guanzhong,2001-09-04,26.5,14.4,0.0,4.27,22.97,6.3,78
shaanxi_guanzhong,2001-09-05,27.7,14.8,0.0,4.62,24.3,6.2,72
shaanxi_guanzhong,2001-09-06,27.8,16.7,0.0,3.66,16.29,12.4,69
shaanxi_guanzhong,2001-09-07,22.3,17.2,15.4,1.23,4.74,12.4,82
shaanxi_guanzhong,2001-09-08,27.5,13.1,0.0,4.73,24.56,9.4,66
shaanxi_guanzhong,2001-09-09,22.0,15.6,0.0,1.83,9.3,4.3,69
shaanxi_guanzhong,2001-09-10,23.0,17.6,6.1,1.71,8.22,9.4,78
shaanxi_guanzhong,2001-09-11,24.3,14.9,0.0,2.81,14.34,11.5,71
shaanxi_guanzhong,2001-09-12,20.6,17.3,5.2,1.15,5.05,8.5,82
shaanxi_guanzhong,2001-09-13,24.3,16.3,0.0,2.81,14.32,8.3,73
shaanxi_guanzhong,2001-09-14,24.6,17.6,0.0,2.53,12.07,11.0,75
shaanxi_guanzhong,2001-09-15,25.4,19.0,4.2,2.25,10.71,10.1,81
shaanxi_guanzhong,2001-09-16,22.4,17.7,7.3,1.42,5.57,14.2,81
shaanxi_guanzhong,2001-09-17,20.8,16.8,2.9,1.52,6.81,10.4,81
shaanxi_guanzhong,2001-09-18,18.3,15.7,6.8,0.9,4.36,14.9,90
shaanxi_guanzhong,2001-09-19,15.4,11.5,9.9,0.74,3.37,9.4,89
shaanxi_guanzhong,2001-09-20,12.5,10.7,26.7,0.48,1.88,5.4,94
shaanxi_guanzhong,2001-09-21,15.8,12.1,28.7,0.68,3.54,15.5,95
shaanxi_guanzhong,2001-09-22,20.3,13.5,2.8,1.7,9.04,15.2,86
shaanxi_guanzhong,2001-09-23,17.9,14.2,12.0,0.96,4.68,6.4,91
shaanxi_guanzhong,2001-09-24,18.7,14.5,15.0,1.35,6.58,7.9,85
shaanxi_guanzhong,2001-09-25,17.6,13.3,10.2,0.85,4.15,12.4,90
shaanxi_guanzhong,2001-09-26,18.2,14.5,5.9,0.95,4.58,7.8,90
shaanxi_guanzhong,2001-09-27,19.7,13.4,0.0,1.8,9.83,9.6,85
shaanxi_guanzhong,2001-09-28,17.8,14.6,5.7,1.49,5.31,16.9,78
shaanxi_guanzhong,2001-09-29,21.3,12.4,12.7,1.95,10.4,7.9,82
shaanxi_guanzhong,2001-09-30,22.0,9.6,0.0,3.4,19.72,6.8,72
shaanxi_guanzhong,2001-10-01,18.7,12.0,3.8,1.44,7.5,6.1,79
shaanxi_guanzhong,2001-10-02,22.3,13.1,5.6,2.22,11.52,10.7,76
shaanxi_guanzhong,2001-10-03,19.4,9.0,0.0,3.5,20.73,9.4,57
shaanxi_guanzhong,2001-10-04,20.4,8.6,0.0,3.29,19.89,10.5,65
shaanxi_guanzhong,2001-10-05,16.1,13.2,6.5,0.94,4.69,9.2,85
shaanxi_guanzhong,2001-10-06,15.0,13.2,12.5,0.51,1.84,8.7,92
shaanxi_guanzhong,2001-10-07,16.4,12.7,1.4,1.22,6.52,6.8,85
shaanxi_guanzhong,2001-10-08,20.4,8.3,0.4,2.73,15.38,11.4,68
shaanxi_guanzhong,2001-10-09,19.9,6.0,0.0,3.18,19.11,9.8,59
shaanxi_guanzhong,2001-10-10,19.9,10.8,0.0,2.97,17.26,10.8,64
shaanxi_guanzhong,2001-10-11,20.7,11.6,0.0,2.88,16.13,13.0,71
shaanxi_guanzhong,2001-10-12,15.9,13.5,5.1,1.13,4.26,12.1,81
shaanxi_guanzhong,2001-10-13,14.3,12.9,16.2,0.53,2.29,11.4,94
shaanxi_guanzhong,2001-10-14,14.2,12.1,15.0,0.5,2.05,7.4,92
shaanxi_guanzhong,2001-10-15,16.5,10.2,0.0,1.43,8.4,5.1,85
shaanxi_guanzhong,2001-10-16,17.2,11.1,0.0,1.6,8.89,8.2,75
shaanxi_guanzhong,2001-10-17,17.9,6.3,0.0,2.17,13.61,6.8,77
shaanxi_guanzhong,2001-10-18,17.5,10.0,0.3,1.52,8.35,7.2,78
shaanxi_guanzhong,2001-10-19,17.5,12.6,3.8,1.02,5.23,8.2,88
shaanxi_guanzhong,2001-10-20,15.4,12.8,5.0,1.0,5.51,8.2,88
shaanxi_guanzhong,2001-10-21,18.4,11.5,0.4,1.87,11.48,6.0,80
shaanxi_guanzhong,2001-10-22,20.5,8.3,0.0,2.64,16.28,9.8,78
shaanxi_guanzhong,2001-10-23,20.3,9.2,0.0,2.11,12.83,6.4,82
shaanxi_guanzhong,2001-10-24,16.2,13.1,20.4,0.59,2.78,6.1,91
shaanxi_guanzhong,2001-10-25,16.3,13.3,8.2,0.68,3.24,6.5,93
shaanxi_guanzhong,2001-10-26,14.5,12.9,11.6,0.59,2.74,6.2,91
shaanxi_guanzhong,2001-10-27,20.7,8.7,0.2,2.37,13.69,11.9,75
shaanxi_guanzhong,2001-10-28,17.9,6.7,0.0,2.55,15.99,11.0,64
shaanxi_guanzhong,2001-10-29,17.3,8.7,0.0,1.91,11.52,11.6,68
shaanxi_guanzhong,2001-10-30,16.3,9.3,6.2,1.6,9.81,14.9,78
shaanxi_guanzhong,2001-10-31,16.2,10.1,2.6,2.05,12.59,15.3,67
shaanxi_guanzhong,2001-11-01,14.1,7.4,1.8,1.52,7.46,12.8,66
shaanxi_guanzhong,2001-11-02,12.6,8.3,1.6,0.8,4.71,9.7,85
shaanxi_guanzhong,2001-11-03,11.9,7.2,4.5,0.76,4.73,11.6,91
shaanxi_guanzhong,2001-11-04,14.2,9.6,3.9,1.26,6.2,10.4,74
shaanxi_guanzhong,2001-11-05,14.4,2.8,0.0,2.29,15.46,9.4,54
shaanxi_guanzhong,2001-11-06,10.6,4.3,1.4,1.26,7.22,10.6,64
shaanxi_guanzhong,2001-11-07,13.2,3.3,0.0,1.44,10.14,3.4,79
shaanxi_guanzhong,2001-11-08,14.8,2.8,0.0,1.66,11.26,5.4,73
shaanxi_guanzhong,2001-11-09,13.2,4.8,0.0,1.63,10.97,10.0,68
shaanxi_guanzhong,2001-11-10,15.0,5.4,0.0,1.58,10.54,6.2,68
shaanxi_guanzhong,2001-11-11,17.0,3.8,0.0,2.12,14.09,7.7,66
shaanxi_guanzhong,2001-11-12,13.9,6.4,0.0,1.4,9.37,5.6,70
shaanxi_guanzhong,2001-11-13,12.3,0.6,0.0,1.91,14.19,8.4,54
shaanxi_guanzhong,2001-11-14,15.3,-1.4,0.0,1.93,13.91,7.6,60
shaanxi_guanzhong,2001-11-15,12.8,1.4,0.0,1.83,13.46,6.8,59
shaanxi_guanzhong,2001-11-16,13.6,1.6,0.0,1.48,10.53,5.5,68
shaanxi_guanzhong,2001-11-17,12.6,1.2,0.0,1.71,12.85,7.4,68
shaanxi_guanzhong,2001-11-18,13.7,0.1,0.0,1.73,12.79,5.6,73
shaanxi_guanzhong,2001-11-19,14.3,0.6,0.0,1.83,13.26,6.5,68
shaanxi_guanzhong,2001-11-20,13.5,-0.9,0.0,1.82,13.36,6.4,59
shaanxi_guanzhong,2001-11-21,13.8,0.3,0.0,1.7,12.72,7.4,72
shaanxi_guanzhong,2001-11-22,14.5,1.8,0.0,1.63,11.77,5.4,77
shaanxi_guanzhong,2001-11-23,14.5,3.4,0.0,1.09,6.47,6.4,79
shaanxi_guanzhong,2001-11-24,15.0,1.9,0.0,1.79,12.69,6.0,60
shaanxi_guanzhong,2001-11-25,7.3,1.1,0.3,1.2,9.1,7.3,65
shaanxi_guanzhong,2001-11-26,6.3,-1.5,0.0,1.37,8.29,8.4,48
shaanxi_guanzhong,2001-11-27,7.9,0.4,0.0,1.28,8.91,10.4,61
shaanxi_guanzhong,2001-11-28,8.5,2.0,0.0,0.84,6.3,5.4,71
shaanxi_guanzhong,2001-11-29,11.6,0.2,0.0,1.34,10.26,5.7,73
shaanxi_guanzhong,2001-11-30,9.4,2.9,0.0,0.93,6.09,6.6,71
shaanxi_guanzhong,2001-12-01,8.7,0.5,0.0,1.16,7.3,9.8,68
shaanxi_guanzhong,2001-12-02,3.6,1.7,10.0,0.33,1.66,6.2,85
shaanxi_guanzhong,2001-12-03,4.8,0.7,1.3,0.58,4.31,9.2,86
shaanxi_guanzhong,2001-12-04,2.9,0.9,7.9,0.36,2.44,9.5,89
shaanxi_guanzhong,2001-12-05,1.1,-3.3,2.1,0.5,3.15,7.6,76
shaanxi_guanzhong,2001-12-06,3.1,-6.3,0.0,0.97,8.25,12.2,64
shaanxi_guanzhong,2001-12-07,3.8,-3.0,0.0,0.86,7.6,9.2,70
shaanxi_guanzhong,2001-12-08,2.0,-2.1,3.6,0.48,3.75,6.2,84
shaanxi_guanzhong,2001-12-09,1.7,-1.0,4.1,0.56,5.34,8.2,90
shaanxi_guanzhong,2001-12-10,2.9,-1.8,1.7,0.75,7.19,12.8,82
shaanxi_guanzhong,2001-12-11,1.5,-3.4,1.8,0.59,4.87,14.5,82
shaanxi_guanzhong,2001-12-12,-1.0,-5.6,0.0,1.04,7.51,13.8,51
shaanxi_guanzhong,2001-12-13,1.1,-4.8,0.0,1.16,9.62,8.4,33
shaanxi_guanzhong,2001-12-14,2.9,-6.8,0.0,1.15,11.15,8.2,54
shaanxi_guanzhong,2001-12-15,3.1,-1.8,0.0,0.94,8.24,6.4,53
shaanxi_guanzhong,2001-12-16,2.9,-4.9,1.1,0.61,5.28,3.8,75
shaanxi_guanzhong,2001-12-17,2.6,0.0,2.7,0.49,4.15,11.4,84
shaanxi_guanzhong,2001-12-18,3.3,-2.8,0.2,0.82,7.94,11.5,80
shaanxi_guanzhong,2001-12-19,1.5,-3.3,0.2,0.64,6.26,10.0,81
shaanxi_guanzhong,2001-12-20,0.3,-5.4,0.4,1.19,7.28,15.4,43
shaanxi_guanzhong,2001-12-21,3.5,-7.5,0.0,1.13,11.4,5.1,49
shaanxi_guanzhong,2001-12-22,7.9,-6.0,0.0,1.32,11.66,7.2,56
shaanxi_guanzhong,2001-12-23,7.1,-4.4,0.0,1.29,11.57,6.6,61
shaanxi_guanzhong,2001-12-24,3.7,-1.5,0.0,1.09,10.14,6.0,50
shaanxi_guanzhong,2001-12-25,2.2,-4.2,0.0,1.12,9.09,9.9,49
shaanxi_guanzhong,2001-12-26,5.7,-4.0,0.0,1.17,10.89,6.6,61
shaanxi_guanzhong,2001-12-27,5.2,-5.6,0.0,1.17,11.36,4.7,68
shaanxi_guanzhong,2001-12-28,8.8,-4.2,0.0,1.34,11.75,4.3,60
shaanxi_guanzhong,2001-12-29,9.8,-4.4,0.0,1.41,11.94,4.4,58
shaanxi_guanzhong,2001-12-30,9.3,-4.0,0.7,1.21,9.65,8.0,71
shaanxi_guanzhong,2001-12-31,10.5,-3.1,0.0,1.48,11.34,8.3,61
shaanxi_guanzhong,2002-01-01,9.3,-2.6,0.0,1.34,11.17,5.0,59
shaanxi_guanzhong,2002-01-02,11.3,-3.0,0.0,1.51,11.98,5.2,61
shaanxi_guanzhong,2002-01-03,10.1,-2.2,0.0,1.5,11.8,7.6,54
shaanxi_guanzhong,2002-01-04,13.0,-1.7,0.0,1.61,12.1,5.8,58
shaanxi_guanzhong,2002-01-05,12.8,-2.0,0.0,1.37,10.26,3.3,61
shaanxi_guanzhong,2002-01-06,13.4,-0.3,0.0,1.75,11.75,13.9,53
shaanxi_guanzhong,2002-01-07,10.0,-1.6,0.0,1.55,12.05,7.9,51
shaanxi_guanzhong,2002-01-08,10.2,-3.5,0.0,1.49,12.13,6.0,62
shaanxi_guanzhong,2002-01-09,13.4,-2.8,0.0,1.61,12.14,7.3,72
shaanxi_guanzhong,2002-01-10,16.6,-0.5,0.0,1.85,12.78,6.0,54
shaanxi_guanzhong,2002-01-11,15.2,-0.8,0.0,1.79,12.66,6.5,58
shaanxi_guanzhong,2002-01-12,13.6,-0.3,0.0,1.79,12.44,11.6,63
shaanxi_guanzhong,2002-01-13,14.1,-0.5,0.0,1.71,12.39,9.8,68
shaanxi_guanzhong,2002-01-14,10.7,0.0,0.0,1.22,9.88,9.7,81
shaanxi_guanzhong,2002-01-15,6.1,2.8,5.4,0.76,4.07,14.8,78
shaanxi_guanzhong,2002-01-16,5.8,-0.8,0.9,0.91,7.49,10.9,77
shaanxi_guanzhong,2002-01-17,2.9,0.1,7.1,0.53,4.54,7.1,90
shaanxi_guanzhong,2002-01-18,3.8,0.1,2.1,0.67,5.97,7.6,88
shaanxi_guanzhong,2002-01-19,4.2,-0.7,1.8,0.57,4.58,11.9,86
shaanxi_guanzhong,2002-01-20,6.2,-5.3,0.0,1.63,13.48,10.1,52
shaanxi_guanzhong,2002-01-21,6.7,-5.5,0.0,1.48,13.49,3.1,53
shaanxi_guanzhong,2002-01-22,6.7,-5.1,0.0,1.57,13.85,7.0,58
shaanxi_guanzhong,2002-01-23,5.2,-3.9,0.0,1.26,10.91,8.2,60
shaanxi_guanzhong,2002-01-24,6.9,-0.6,0.0,1.16,9.71,7.2,66
shaanxi_guanzhong,2002-01-25,6.7,1.2,0.3,0.99,7.88,5.8,74
shaanxi_guanzhong,2002-01-26,7.6,-4.6,0.0,1.32,11.23,9.2,75
shaanxi_guanzhong,2002-01-27,3.6,-0.6,0.1,0.6,4.11,5.9,73
shaanxi_guanzhong,2002-01-28,5.2,-4.0,0.0,1.14,9.87,4.7,60
shaanxi_guanzhong,2002-01-29,5.3,-4.7,0.0,1.18,10.12,6.2,52
shaanxi_guanzhong,2002-01-30,6.8,-5.1,0.0,1.63,14.31,6.0,54
shaanxi_guanzhong,2002-01-31,6.2,-2.9,0.0,1.08,8.69,6.5,64
shaanxi_guanzhong,2002-02-01,8.0,-4.6,0.0,1.81,15.36,7.4,56
shaanxi_guanzhong,2002-02-02,9.4,-5.2,0.0,1.83,14.86,10.6,55
shaanxi_guanzhong,2002-02-03,7.6,-2.5,1.3,1.08,7.97,5.4,66
shaanxi_guanzhong,2002-02-04,10.9,-2.6,0.0,1.96,15.44,7.4,65
shaanxi_guanzhong,2002-02-05,12.5,-4.1,0.0,2.08,15.69,6.3,55
shaanxi_guanzhong,2002-02-06,11.2,-0.8,0.0,1.7,12.15,7.9,59
shaanxi_guanzhong,2002-02-07,10.5,1.3,0.0,1.41,9.33,7.7,57
shaanxi_guanzhong,2002-02-08,8.9,-2.0,0.0,1.95,14.44,12.2,47
shaanxi_guanzhong,2002-02-09,9.5,-2.6,0.0,1.54,9.09,16.3,46
shaanxi_guanzhong,2002-02-10,11.7,-3.9,0.0,2.08,16.06,3.9,45
shaanxi_guanzhong,2002-02-11,11.2,-1.6,0.0,1.71,12.3,5.7,57
shaanxi_guanzhong,2002-02-12,14.8,-0.8,0.0,2.44,16.66,9.1,53
shaanxi_guanzhong,2002-02-13,9.0,2.9,0.0,1.37,7.14,11.7,55
shaanxi_guanzhong,2002-02-14,8.0,1.8,1.7,0.89,6.8,12.2,82
shaanxi_guanzhong,2002-02-15,8.6,1.2,0.3,1.09,8.51,7.7,83
shaanxi_guanzhong,2002-02-16,14.7,0.4,0.0,2.25,15.93,6.5,70
shaanxi_guanzhong,2002-02-17,16.5,1.2,0.0,2.52,17.0,8.2,61
shaanxi_guanzhong,2002-02-18,14.3,3.7,0.0,1.68,10.83,5.6,66
shaanxi_guanzhong,2002-02-19,13.0,2.7,0.2,1.78,11.21,12.8,67
shaanxi_guanzhong,2002-02-20,13.8,4.8,0.0,1.58,10.19,6.2,71
shaanxi_guanzhong,2002-02-21,15.9,0.1,0.0,2.7,17.36,13.9,54
shaanxi_guanzhong,2002-02-22,11.3,3.9,0.1,1.19,6.9,8.7,70
shaanxi_guanzhong,2002-02-23,12.9,5.1,0.0,1.53,9.06,12.6,70
shaanxi_guanzhong,2002-02-24,12.6,2.7,0.2,1.76,12.1,10.8,70
shaanxi_guanzhong,2002-02-25,8.2,4.3,3.0,0.9,5.14,13.6,78
shaanxi_guanzhong,2002-02-26,5.7,1.7,4.1,0.72,4.6,7.2,79
shaanxi_guanzhong,2002-02-27,10.0,0.7,0.5,1.96,15.4,6.3,72
shaanxi_guanzhong,2002-02-28,12.7,-2.7,0.0,2.39,17.83,8.5,66
shaanxi_guanzhong,2002-03-01,15.5,1.7,0.0,2.43,16.38,11.4,61
shaanxi_guanzhong,2002-03-02,9.3,3.8,3.6,0.52,2.55,13.3,86
shaanxi_guanzhong,2002-03-03,4.8,0.8,6.9,0.86,6.74,14.3,84
shaanxi_guanzhong,2002-03-04,6.0,0.3,5.3,0.85,6.57,8.9,85
shaanxi_guanzhong,2002-03-05,11.4,-1.3,0.0,2.91,20.87,12.8,45
shaanxi_guanzhong,2002-03-06,17.2,-1.8,0.0,3.0,18.74,9.9,48
shaanxi_guanzhong,2002-03-07,14.2,0.0,0.0,3.01,19.98,10.4,46
shaanxi_guanzhong,2002-03-08,18.0,2.6,0.0,3.06,20.2,10.6,52
shaanxi_guanzhong,2002-03-09,18.3,3.6,0.0,2.8,17.64,8.0,66
shaanxi_guanzhong,2002-03-10,15.1,7.9,1.6,1.84,11.35,9.4,73
shaanxi_guanzhong,2002-03-11,15.9,6.8,0.8,2.2,14.73,10.5,77
shaanxi_guanzhong,2002-03-12,15.5,8.5,17.8,1.52,9.3,7.4,85
shaanxi_guanzhong,2002-03-13,17.7,11.1,1.0,2.21,13.55,6.4,75
shaanxi_guanzhong,2002-03-14,19.3,5.3,0.0,3.29,19.97,7.0,66
shaanxi_guanzhong,2002-03-15,16.8,6.9,0.0,2.6,15.99,8.0,54
shaanxi_guanzhong,2002-03-16,13.0,4.4,0.8,1.77,10.85,9.0,65
shaanxi_guanzhong,2002-03-17,15.1,3.2,0.0,3.03,20.7,7.5,52
shaanxi_guanzhong,2002-03-18,17.0,3.0,0.0,2.72,17.63,6.2,62
shaanxi_guanzhong,2002-03-19,21.4,5.4,0.0,3.65,22.01,7.6,71
shaanxi_guanzhong,2002-03-20,14.8,7.2,0.3,3.6,18.22,18.9,40
shaanxi_guanzhong,2002-03-21,13.9,4.8,0.0,2.3,13.89,9.8,49
shaanxi_guanzhong,2002-03-22,13.7,0.2,0.0,3.23,22.77,6.0,42
shaanxi_guanzhong,2002-03-23,12.3,1.2,0.0,1.58,8.92,8.2,50
shaanxi_guanzhong,2002-03-24,15.0,0.5,0.0,2.76,18.89,8.2,59
shaanxi_guanzhong,2002-03-25,15.6,4.5,0.0,2.5,16.32,5.9,65
shaanxi_guanzhong,2002-03-26,19.5,3.5,0.0,3.67,22.53,7.2,67
shaanxi_guanzhong,2002-03-27,17.9,6.4,0.4,2.02,11.56,11.7,71
shaanxi_guanzhong,2002-03-28,22.2,8.8,0.0,3.97,21.57,13.4,59
shaanxi_guanzhong,2002-03-29,23.0,8.1,1.0,4.15,22.27,9.8,53
shaanxi_guanzhong,2002-03-30,19.8,6.0,0.0,4.06,24.66,6.8,42
shaanxi_guanzhong,2002-03-31,23.7,6.6,0.0,4.36,23.8,9.2,51
shaanxi_guanzhong,2002-04-01,24.3,9.7,0.0,3.87,21.48,5.0,62
shaanxi_guanzhong,2002-04-02,26.0,10.9,0.0,4.0,20.82,9.1,64
shaanxi_guanzhong,2002-04-03,26.6,14.6,1.9,3.82,17.5,16.3,67
shaanxi_guanzhong,2002-04-04,17.6,10.1,22.5,0.8,2.55,17.3,87
shaanxi_guanzhong,2002-04-05,21.0,7.4,3.2,3.69,21.74,13.3,68
shaanxi_guanzhong,2002-04-06,22.9,8.6,0.0,4.35,22.37,10.5,53
shaanxi_guanzhong,2002-04-07,13.7,8.1,0.0,3.14,18.37,10.8,47
shaanxi_guanzhong,2002-04-08,14.6,4.9,0.0,3.32,22.02,7.6,44
shaanxi_guanzhong,2002-04-09,10.8,3.5,0.2,2.49,15.37,7.3,38
shaanxi_guanzhong,2002-04-10,16.0,5.5,0.0,3.78,23.68,8.4,45
shaanxi_guanzhong,2002-04-11,23.0,4.0,0.0,4.59,24.88,12.8,49
shaanxi_guanzhong,2002-04-12,26.2,6.9,0.0,4.58,24.65,8.3,57
shaanxi_guanzhong,2002-04-13,28.3,10.7,0.0,5.17,25.53,10.6,54
shaanxi_guanzhong,2002-04-14,25.2,9.1,0.0,4.5,22.23,17.5,52
shaanxi_guanzhong,2002-04-15,16.1,8.2,0.8,2.2,11.68,9.7,51
shaanxi_guanzhong,2002-04-16,16.7,4.6,0.2,3.5,21.87,9.4,58
shaanxi_guanzhong,2002-04-17,15.8,5.9,0.0,2.93,15.43,11.3,37
shaanxi_guanzhong,2002-04-18,21.2,6.5,0.0,4.25,25.53,8.0,48
shaanxi_guanzhong,2002-04-19,22.7,11.8,0.0,3.93,21.63,6.4,55
shaanxi_guanzhong,2002-04-20,27.8,10.0,0.0,5.05,26.05,7.9,56
shaanxi_guanzhong,2002-04-21,30.0,12.2,0.0,5.13,25.93,8.7,59
shaanxi_guanzhong,2002-04-22,26.7,12.8,0.0,4.85,20.6,16.6,51
shaanxi_guanzhong,2002-04-23,19.1,13.2,0.2,3.57,12.16,15.9,37
shaanxi_guanzhong,2002-04-24,14.9,10.3,0.0,2.61,8.74,16.0,39
shaanxi_guanzhong,2002-04-25,13.3,7.7,0.0,2.48,11.16,15.5,51
shaanxi_guanzhong,2002-04-26,13.0,7.1,0.7,1.91,10.9,13.7,70
shaanxi_guanzhong,2002-04-27,12.4,7.2,4.8,1.34,7.8,14.3,82
shaanxi_guanzhong,2002-04-28,10.8,7.6,2.8,0.73,3.79,9.9,89
shaanxi_guanzhong,2002-04-29,20.8,5.4,0.0,3.55,20.49,5.1,71
shaanxi_guanzhong,2002-04-30,20.7,10.6,0.0,3.03,14.08,15.0,65
shaanxi_guanzhong,2002-05-01,15.1,11.8,11.5,1.09,4.78,13.0,85
shaanxi_guanzhong,2002-05-02,20.6,10.0,0.0,4.13,24.8,11.0,73
shaanxi_guanzhong,2002-05-03,20.6,11.4,0.0,3.44,19.3,7.6,66
shaanxi_guanzhong,2002-05-04,18.1,11.0,2.8,1.71,8.41,13.9,79
shaanxi_guanzhong,2002-05-05,14.4,11.5,24.4,0.51,1.76,11.0,95
shaanxi_guanzhong,2002-05-06,16.5,11.1,1.7,2.11,12.29,10.2,80
shaanxi_guanzhong,2002-05-07,21.5,10.9,0.0,3.86,22.29,10.4,70
shaanxi_guanzhong,2002-05-08,20.1,12.8,1.0,2.58,13.96,6.9,74
shaanxi_guanzhong,2002-05-09,21.7,14.8,6.6,2.81,15.04,9.1,80
shaanxi_guanzhong,2002-05-10,23.4,13.1,0.0,3.21,17.13,6.5,75
shaanxi_guanzhong,2002-05-11,27.1,12.1,0.0,4.82,25.77,5.9,73
shaanxi_guanzhong,2002-05-12,22.8,16.3,3.7,2.41,11.82,8.4,78
shaanxi_guanzhong,2002-05-13,19.0,14.9,4.7,1.88,9.47,7.0,78
shaanxi_guanzhong,2002-05-14,23.4,13.9,5.9,3.63,19.4,9.2,74
shaanxi_guanzhong,2002-05-15,24.1,10.5,0.0,4.63,25.66,9.7,73
shaanxi_guanzhong,2002-05-16,23.6,13.2,0.0,4.85,27.13,10.7,66
shaanxi_guanzhong,2002-05-17,23.4,12.9,0.0,4.56,23.82,15.6,62
shaanxi_guanzhong,2002-05-18,18.3,15.0,4.8,1.59,6.16,10.4,75
shaanxi_guanzhong,2002-05-19,19.4,14.1,0.0,2.58,13.89,5.7,67
shaanxi_guanzhong,2002-05-20,15.5,14.0,11.8,0.74,3.04,5.8,90
shaanxi_guanzhong,2002-05-21,19.9,13.1,1.8,2.33,12.49,6.6,79
shaanxi_guanzhong,2002-05-22,19.3,12.0,0.0,2.48,13.43,9.4,74
shaanxi_guanzhong,2002-05-23,20.6,12.5,0.6,2.47,13.24,5.9,80
shaanxi_guanzhong,2002-05-24,23.2,10.1,0.0,4.22,23.13,7.9,70
shaanxi_guanzhong,2002-05-25,26.2,11.3,0.0,5.29,27.26,11.6,60
shaanxi_guanzhong,2002-05-26,26.7,11.4,0.0,5.1,25.61,10.5,56
shaanxi_guanzhong,2002-05-27,27.9,12.4,0.0,5.08,26.4,4.5,55
shaanxi_guanzhong,2002-05-28,25.9,14.9,0.0,3.23,16.14,6.4,60
shaanxi_guanzhong,2002-05-29,27.8,13.9,0.0,4.8,24.26,8.3,58
shaanxi_guanzhong,2002-05-30,32.1,15.4,0.0,5.96,27.88,8.7,49
shaanxi_guanzhong,2002-05-31,31.5,17.6,0.0,5.63,27.27,9.4,56
shaanxi_guanzhong,2002-06-01,32.2,18.2,0.0,5.05,23.45,6.8,51
shaanxi_guanzhong,2002-06-02,32.3,19.6,0.0,5.24,23.9,9.7,54
shaanxi_guanzhong,2002-06-03,32.1,18.3,0.0,5.71,27.42,7.0,52
shaanxi_guanzhong,2002-06-04,32.7,19.0,0.0,5.47,25.55,6.1,50
shaanxi_guanzhong,2002-06-05,34.0,20.4,0.0,5.31,23.88,9.2,52
shaanxi_guanzhong,2002-06-06,33.1,22.0,0.0,5.39,24.15,6.5,51
shaanxi_guanzhong,2002-06-07,30.7,22.5,4.4,3.51,14.51,10.8,61
shaanxi_guanzhong,2002-06-08,25.7,21.9,25.8,1.88,7.86,11.8,84
shaanxi_guanzhong,2002-06-09,25.8,16.6,44.5,2.67,12.61,23.6,79
shaanxi_guanzhong,2002-06-10,28.4,15.0,0.0,5.78,28.53,13.7,60
shaanxi_guanzhong,2002-06-11,28.0,14.8,0.0,5.51,28.91,7.7,60
shaanxi_guanzhong,2002-06-12,29.9,15.1,0.0,5.52,28.33,5.2,56
shaanxi_guanzhong,2002-06-13,30.5,16.7,0.0,5.37,26.69,7.4,58
shaanxi_guanzhong,2002-06-14,33.1,19.3,0.0,5.71,27.36,9.4,58
shaanxi_guanzhong,2002-06-15,32.9,20.9,0.0,5.06,22.63,7.4,59
shaanxi_guanzhong,2002-06-16,32.0,21.6,0.0,5.67,26.77,7.1,59
shaanxi_guanzhong,2002-06-17,28.8,20.8,9.5,2.97,13.27,7.9,67
shaanxi_guanzhong,2002-06-18,27.7,20.3,14.4,3.67,18.34,5.7,82
shaanxi_guanzhong,2002-06-19,30.5,21.7,0.0,4.82,23.43,5.4,69
shaanxi_guanzhong,2002-06-20,30.7,21.9,0.0,4.34,19.56,9.5,68
shaanxi_guanzhong,2002-06-21,26.4,20.1,16.5,2.15,7.89,21.4,80
shaanxi_guanzhong,2002-06-22,26.0,19.5,1.9,3.13,12.87,9.5,66
shaanxi_guanzhong,2002-06-23,25.1,18.2,9.5,2.26,10.67,8.6,77
shaanxi_guanzhong,2002-06-24,30.9,16.4,0.0,5.88,29.39,5.5,66
shaanxi_guanzhong,2002-06-25,31.5,19.6,0.0,5.89,28.61,9.2,67
shaanxi_guanzhong,2002-06-26,27.2,20.5,7.5,2.89,12.54,12.6,78
shaanxi_guanzhong,2002-06-27,25.7,20.7,27.8,3.47,17.85,9.7,81
shaanxi_guanzhong,2002-06-28,29.3,18.8,0.0,5.43,27.35,9.5,70
shaanxi_guanzhong,2002-06-29,32.1,21.2,0.0,5.41,25.84,6.6,68
shaanxi_guanzhong,2002-06-30,32.7,20.2,0.0,5.35,25.56,5.5,64
shaanxi_guanzhong,2002-07-01,32.4,19.4,0.0,5.76,27.43,10.5,66
shaanxi_guanzhong,2002-07-02,30.9,21.9,2.9,4.49,21.09,7.8,69
shaanxi_guanzhong,2002-07-03,29.2,22.4,3.5,4.07,19.47,6.6,73
shaanxi_guanzhong,2002-07-04,29.8,21.9,0.0,4.42,21.2,6.0,68
shaanxi_guanzhong,2002-07-05,27.4,21.4,4.7,3.52,17.34,10.6,79
shaanxi_guanzhong,2002-07-06,28.2,20.5,1.1,4.39,21.8,7.2,77
shaanxi_guanzhong,2002-07-07,30.8,20.9,0.0,5.51,26.92,9.6,67
shaanxi_guanzhong,2002-07-08,32.5,20.2,0.0,6.0,29.12,7.2,62
shaanxi_guanzhong,2002-07-09,33.5,20.1,0.0,5.85,27.55,5.1,58
shaanxi_guanzhong,2002-07-10,34.3,22.9,0.0,5.8,27.2,7.8,57
shaanxi_guanzhong,2002-07-11,35.8,22.8,0.0,5.91,26.94,5.1,52
shaanxi_guanzhong,2002-07-12,36.2,22.5,0.0,6.31,29.11,5.2,53
shaanxi_guanzhong,2002-07-13,36.4,23.9,0.0,5.43,23.22,7.1,50
shaanxi_guanzhong,2002-07-14,35.0,26.6,0.0,5.57,25.28,4.7,43
shaanxi_guanzhong,2002-07-15,34.6,24.5,0.0,4.05,17.0,7.1,54
shaanxi_guanzhong,2002-07-16,29.1,21.8,2.5,2.36,8.63,9.6,71
shaanxi_guanzhong,2002-07-17,34.4,20.1,0.2,5.44,24.45,8.4,61
shaanxi_guanzhong,2002-07-18,35.9,20.3,0.0,6.07,27.05,6.1,46
shaanxi_guanzhong,2002-07-19,35.9,18.9,0.0,6.29,27.58,9.0,37
shaanxi_guanzhong,2002-07-20,33.9,20.1,0.0,5.89,27.13,5.2,42
shaanxi_guanzhong,2002-07-21,27.7,22.6,1.2,3.58,15.02,11.9,58
shaanxi_guanzhong,2002-07-22,28.3,20.4,0.0,3.45,16.12,5.8,67
shaanxi_guanzhong,2002-07-23,31.1,21.0,1.0,5.06,23.07,9.2,59
shaanxi_guanzhong,2002-07-24,28.3,21.8,3.1,4.28,21.13,5.6,66
shaanxi_guanzhong,2002-07-25,30.1,17.9,4.9,5.1,24.25,9.0,66
shaanxi_guanzhong,2002-07-26,25.5,18.7,8.7,3.43,17.72,12.6,78
shaanxi_guanzhong,2002-07-27,25.6,19.1,3.5,3.26,16.62,6.1,74
shaanxi_guanzhong,2002-07-28,28.0,19.3,0.0,4.54,22.99,6.8,68
shaanxi_guanzhong,2002-07-29,31.1,20.0,0.0,4.92,23.57,8.0,66
shaanxi_guanzhong,2002-07-30,31.7,22.0,0.0,4.69,21.85,8.3,66
shaanxi_guanzhong,2002-07-31,32.2,22.8,0.4,4.63,21.14,8.0,67
shaanxi_guanzhong,2002-08-01,33.5,24.8,0.0,4.6,20.51,6.2,61
shaanxi_guanzhong,2002-08-02,34.4,23.2,0.0,5.15,22.4,8.2,60
shaanxi_guanzhong,2002-08-03,34.8,25.6,0.0,5.22,21.68,9.4,56
shaanxi_guanzhong,2002-08-04,36.6,24.7,0.0,5.69,25.42,5.2,53
shaanxi_guanzhong,2002-08-05,36.3,24.5,23.5,4.65,19.31,16.8,65
shaanxi_guanzhong,2002-08-06,27.8,21.5,13.5,2.56,11.69,12.0,79
shaanxi_guanzhong,2002-08-07,25.3,20.8,0.0,2.91,12.41,9.3,62
shaanxi_guanzhong,2002-08-08,21.8,18.5,25.5,0.75,2.83,7.0,89
shaanxi_guanzhong,2002-08-09,24.3,17.7,2.2,3.58,19.29,6.4,79
shaanxi_guanzhong,2002-08-10,26.4,16.6,0.0,4.68,24.29,11.2,67
shaanxi_guanzhong,2002-08-11,25.3,16.9,1.5,3.23,16.42,9.3,74
shaanxi_guanzhong,2002-08-12,23.2,18.7,10.3,2.36,11.88,8.1,78
shaanxi_guanzhong,2002-08-13,22.7,18.8,6.1,2.05,10.34,4.7,80
shaanxi_guanzhong,2002-08-14,25.8,19.1,2.6,3.59,18.41,4.3,71
shaanxi_guanzhong,2002-08-15,24.5,16.7,0.3,3.35,17.58,6.5,77
shaanxi_guanzhong,2002-08-16,23.5,17.3,8.5,3.17,16.8,6.1,81
shaanxi_guanzhong,2002-08-17,23.2,16.7,10.0,3.15,17.05,5.4,84
shaanxi_guanzhong,2002-08-18,25.7,14.9,0.0,4.35,23.13,6.0,70
shaanxi_guanzhong,2002-08-19,25.1,15.2,0.2,3.41,18.12,6.6,79
shaanxi_guanzhong,2002-08-20,21.3,18.7,15.5,0.9,3.95,8.7,90
shaanxi_guanzhong,2002-08-21,26.4,19.1,4.4,2.82,14.48,7.4,87
shaanxi_guanzhong,2002-08-22,28.1,18.2,0.3,4.05,20.77,4.5,82
shaanxi_guanzhong,2002-08-23,30.0,19.1,0.0,4.48,21.93,7.8,74
shaanxi_guanzhong,2002-08-24,30.0,21.7,1.8,4.45,21.7,11.6,74
shaanxi_guanzhong,2002-08-25,26.6,20.8,12.3,2.97,14.69,12.9,81
shaanxi_guanzhong,2002-08-26,31.2,17.5,0.0,5.12,25.58,7.6,63
shaanxi_guanzhong,2002-08-27,31.2,16.5,0.0,5.02,24.85,8.0,64
shaanxi_guanzhong,2002-08-28,31.3,19.0,0.0,4.79,23.61,5.1,71
shaanxi_guanzhong,2002-08-29,31.5,18.2,0.0,4.98,24.43,7.3,70
shaanxi_guanzhong,2002-08-30,31.3,19.2,0.0,4.69,22.96,5.0,71
shaanxi_guanzhong,2002-08-31,31.9,21.4,0.0,4.7,22.78,6.2,69
shaanxi_guanzhong,2002-09-01,32.4,20.7,0.0,4.8,23.34,4.3,68
shaanxi_guanzhong,2002-09-02,32.1,20.9,0.0,4.73,23.24,4.3,67
shaanxi_guanzhong,2002-09-03,30.7,20.4,0.0,4.81,21.97,11.1,66
shaanxi_guanzhong,2002-09-04,30.3,20.2,0.0,4.47,20.29,11.4,67
shaanxi_guanzhong,2002-09-05,29.1,21.4,0.0,4.32,16.1,17.6,65
shaanxi_guanzhong,2002-09-06,28.1,17.9,0.0,4.64,18.94,15.5,60
shaanxi_guanzhong,2002-09-07,27.2,16.9,0.0,4.22,20.66,9.4,62
shaanxi_guanzhong,2002-09-08,27.9,18.9,0.0,4.47,23.56,3.7,59
shaanxi_guanzhong,2002-09-09,27.6,15.1,1.3,3.54,17.0,7.9,64
shaanxi_guanzhong,2002-09-10,22.9,18.4,0.2,1.65,7.47,5.5,71
shaanxi_guanzhong,2002-09-11,25.3,19.2,3.3,2.06,10.23,5.9,83
shaanxi_guanzhong,2002-09-12,20.9,15.6,18.0,0.72,2.88,6.5,92
shaanxi_guanzhong,2002-09-13,15.5,13.1,18.8,0.47,1.59,5.8,94
shaanxi_guanzhong,2002-09-14,15.6,13.0,10.6,0.97,4.82,4.4,89
shaanxi_guanzhong,2002-09-15,22.2,8.9,0.0,3.9,23.09,8.3,78
shaanxi_guanzhong,2002-09-16,24.3,12.1,0.0,3.73,20.86,10.1,72
shaanxi_guanzhong,2002-09-17,21.9,16.0,0.6,1.86,9.39,8.1,76
shaanxi_guanzhong,2002-09-18,23.2,16.1,0.0,2.89,15.62,6.4,74
shaanxi_guanzhong,2002-09-19,19.0,17.0,9.3,0.75,2.82,5.2,87
shaanxi_guanzhong,2002-09-20,16.9,15.6,26.8,0.48,1.41,6.6,93
shaanxi_guanzhong,2002-09-21,21.0,13.1,0.2,2.04,10.72,8.1,77
shaanxi_guanzhong,2002-09-22,22.1,8.4,0.0,3.78,22.49,5.8,64
shaanxi_guanzhong,2002-09-23,22.6,8.1,0.0,3.68,21.49,3.6,66
shaanxi_guanzhong,2002-09-24,24.1,11.3,0.0,3.53,19.59,5.1,67
shaanxi_guanzhong,2002-09-25,24.7,10.5,0.0,3.6,19.86,7.3,70
shaanxi_guanzhong,2002-09-26,20.0,13.1,2.3,1.33,6.4,6.4,79
shaanxi_guanzhong,2002-09-27,23.9,10.5,0.0,3.96,21.96,9.5,61
shaanxi_guanzhong,2002-09-28,23.0,8.7,0.0,3.69,21.33,6.4,54
shaanxi_guanzhong,2002-09-29,22.6,9.8,0.0,3.4,19.41,6.7,60
shaanxi_guanzhong,2002-09-30,24.9,10.9,0.0,3.01,15.45,8.2,64
shaanxi_guanzhong,2002-10-01,25.9,11.0,0.0,3.86,20.88,6.8,53
shaanxi_guanzhong,2002-10-02,27.8,12.4,0.0,3.81,19.91,9.6,64
shaanxi_guanzhong,2002-10-03,26.8,14.5,0.0,2.73,11.36,12.4,64
shaanxi_guanzhong,2002-10-04,25.2,12.8,0.0,3.53,18.64,10.8,57
shaanxi_guanzhong,2002-10-05,24.9,11.0,0.0,3.86,19.45,10.7,50
shaanxi_guanzhong,2002-10-06,19.6,7.5,0.0,3.42,20.45,8.6,34
shaanxi_guanzhong,2002-10-07,21.9,8.8,0.0,3.55,19.82,8.1,39
shaanxi_guanzhong,2002-10-08,23.6,9.9,0.0,3.46,18.91,9.6,46
shaanxi_guanzhong,2002-10-09,20.4,12.5,2.5,1.66,7.98,8.9,69
shaanxi_guanzhong,2002-10-10,22.5,11.2,0.8,1.87,9.9,5.6,75
shaanxi_guanzhong,2002-10-11,23.5,11.3,0.0,2.44,13.18,6.0,73
shaanxi_guanzhong,2002-10-12,23.0,11.6,2.3,2.81,16.19,5.8,68
shaanxi_guanzhong,2002-10-13,20.1,10.5,0.0,2.26,11.58,7.7,61
shaanxi_guanzhong,2002-10-14,25.4,9.4,0.0,3.12,17.59,3.2,65
shaanxi_guanzhong,2002-10-15,26.0,11.4,0.0,3.21,17.15,5.8,64
shaanxi_guanzhong,2002-10-16,25.8,12.8,0.0,2.82,14.76,7.0,72
shaanxi_guanzhong,2002-10-17,25.1,13.5,0.4,2.97,15.91,7.6,72
shaanxi_guanzhong,2002-10-18,21.5,11.9,4.5,2.02,9.24,17.0,78
shaanxi_guanzhong,2002-10-19,11.8,8.6,37.2,0.36,1.08,11.7,92
shaanxi_guanzhong,2002-10-20,11.8,8.5,1.1,0.81,4.38,6.6,84
shaanxi_guanzhong,2002-10-21,13.0,6.8,7.4,1.11,6.12,13.6,84
shaanxi_guanzhong,2002-10-22,11.8,6.8,4.3,1.26,7.26,8.1,70
shaanxi_guanzhong,2002-10-23,18.8,3.1,0.0,2.69,17.25,8.0,59
shaanxi_guanzhong,2002-10-24,17.7,5.2,0.0,2.36,15.57,5.4,67
shaanxi_guanzhong,2002-10-25,14.7,4.7,0.0,1.6,9.46,9.0,67
shaanxi_guanzhong,2002-10-26,17.5,3.6,0.0,2.49,16.29,8.1,67
shaanxi_guanzhong,2002-10-27,19.6,5.5,0.0,2.4,15.34,5.2,73
shaanxi_guanzhong,2002-10-28,15.3,6.8,0.0,1.74,10.4,10.6,75
shaanxi_guanzhong,2002-10-29,15.3,5.7,0.0,1.97,13.44,10.2,75
shaanxi_guanzhong,2002-10-30,14.9,8.7,1.2,1.49,9.57,7.8,79
shaanxi_guanzhong,2002-10-31,12.4,9.3,12.1,0.85,4.87,8.7,84
shaanxi_guanzhong,2002-11-01,10.1,3.5,4.7,1.08,7.45,6.6,76
shaanxi_guanzhong,2002-11-02,15.5,0.7,0.0,2.11,14.71,7.3,60
shaanxi_guanzhong,2002-11-03,15.0,1.7,0.0,2.37,15.95,11.3,45
shaanxi_guanzhong,2002-11-04,17.9,2.6,0.0,2.29,15.39,4.7,57
shaanxi_guanzhong,2002-11-05,18.4,4.7,0.0,2.23,14.82,4.2,68
shaanxi_guanzhong,2002-11-06,19.1,5.2,0.0,2.18,13.96,7.4,73
shaanxi_guanzhong,2002-11-07,16.9,4.0,0.0,2.21,14.53,7.1,58
shaanxi_guanzhong,2002-11-08,16.2,3.5,0.0,2.28,14.41,9.5,63
shaanxi_guanzhong,2002-11-09,13.5,5.9,1.7,1.21,7.77,4.8,64
shaanxi_guanzhong,2002-11-10,19.2,4.9,0.1,2.16,13.89,8.5,76
shaanxi_guanzhong,2002-11-11,17.6,4.9,0.0,2.06,13.77,4.1,57
shaanxi_guanzhong,2002-11-12,15.3,3.9,0.0,1.66,10.48,5.1,62
shaanxi_guanzhong,2002-11-13,14.7,5.6,0.0,1.58,9.95,7.1,60
shaanxi_guanzhong,2002-11-14,10.8,6.9,0.0,0.65,3.21,5.2,69
shaanxi_guanzhong,2002-11-15,15.9,3.8,0.0,1.81,12.34,7.9,64
shaanxi_guanzhong,2002-11-16,18.2,3.9,0.0,2.22,13.33,10.1,54
shaanxi_guanzhong,2002-11-17,11.4,1.8,0.0,1.84,10.81,10.8,46
shaanxi_guanzhong,2002-11-18,5.8,2.5,0.5,0.83,4.61,11.4,71
shaanxi_guanzhong,2002-11-19,3.7,0.8,6.4,0.45,3.23,8.5,89
shaanxi_guanzhong,2002-11-20,10.4,-0.2,0.1,1.18,8.91,2.9,71
shaanxi_guanzhong,2002-11-21,13.2,1.2,0.0,1.73,12.77,7.5,63
shaanxi_guanzhong,2002-11-22,12.5,1.0,0.0,1.57,12.2,4.6,72
shaanxi_guanzhong,2002-11-23,9.4,0.5,0.4,0.9,5.97,5.9,76
shaanxi_guanzhong,2002-11-24,11.5,-1.5,0.0,1.6,12.74,4.7,63
shaanxi_guanzhong,2002-11-25,12.2,-1.2,0.0,1.67,12.54,5.0,54
shaanxi_guanzhong,2002-11-26,10.8,-0.2,0.0,1.6,12.42,8.5,54
shaanxi_guanzhong,2002-11-27,14.5,0.3,0.0,1.68,12.32,6.8,72
shaanxi_guanzhong,2002-11-28,13.7,0.8,0.0,1.6,11.54,6.2,71
shaanxi_guanzhong,2002-11-29,10.9,2.5,0.0,1.04,7.13,4.7,62
shaanxi_guanzhong,2002-11-30,13.3,-0.9,0.0,1.71,12.03,7.9,61
shaanxi_guanzhong,2002-12-01,12.7,1.4,0.0,1.08,7.4,4.0,69
shaanxi_guanzhong,2002-12-02,8.8,3.9,1.1,0.5,3.04,2.9,83
shaanxi_guanzhong,2002-12-03,12.7,-0.5,0.0,1.52,11.88,9.7,78
shaanxi_guanzhong,2002-12-04,11.0,2.3,0.0,1.45,8.62,14.2,57
shaanxi_guanzhong,2002-12-05,4.9,2.1,5.3,0.6,3.28,9.2,73
shaanxi_guanzhong,2002-12-06,1.8,-0.1,5.3,0.46,3.58,6.2,87
shaanxi_guanzhong,2002-12-07,1.1,-2.5,2.9,0.66,4.11,12.2,72
shaanxi_guanzhong,2002-12-08,5.2,-5.6,0.0,1.26,11.85,5.4,55
shaanxi_guanzhong,2002-12-09,6.4,-5.5,0.0,1.29,11.64,8.6,59
shaanxi_guanzhong,2002-12-10,7.7,-4.5,0.0,1.08,9.09,5.0,69
shaanxi_guanzhong,2002-12-11,10.3,-3.6,0.0,1.43,11.67,7.4,64
shaanxi_guanzhong,2002-12-12,8.4,-3.1,0.0,1.42,11.46,10.5,60
shaanxi_guanzhong,2002-12-13,7.5,-0.2,0.0,1.13,9.8,10.0,67
shaanxi_guanzhong,2002-12-14,8.8,-0.0,0.0,1.23,11.08,7.1,77
shaanxi_guanzhong,2002-12-15,9.9,-2.6,0.0,1.11,8.88,6.5,70
shaanxi_guanzhong,2002-12-16,7.3,-3.3,0.0,0.83,5.71,9.7,69
shaanxi_guanzhong,2002-12-17,9.1,-1.5,0.0,1.33,11.16,6.5,68
shaanxi_guanzhong,2002-12-18,9.4,0.2,0.0,1.22,9.87,8.7,72
shaanxi_guanzhong,2002-12-19,5.3,-0.2,0.2,0.6,4.01,12.2,83
shaanxi_guanzhong,2002-12-20,6.2,0.3,0.0,0.88,6.72,13.1,79
shaanxi_guanzhong,2002-12-21,2.8,-0.9,3.6,0.48,3.66,8.9,87
shaanxi_guanzhong,2002-12-22,1.4,-1.3,6.4,0.34,2.73,7.8,93
shaanxi_guanzhong,2002-12-23,1.1,-4.7,0.0,0.96,9.35,8.6,67
shaanxi_guanzhong,2002-12-24,-2.2,-7.7,3.1,0.58,4.89,8.7,64
shaanxi_guanzhong,2002-12-25,-4.2,-8.7,0.0,0.92,10.65,7.8,46
shaanxi_guanzhong,2002-12-26,-4.0,-8.8,0.0,0.97,11.81,7.8,45
shaanxi_guanzhong,2002-12-27,-2.9,-7.8,0.0,0.83,9.05,8.4,44
shaanxi_guanzhong,2002-12-28,0.4,-6.6,0.0,0.92,10.05,5.1,51
shaanxi_guanzhong,2002-12-29,1.7,-3.8,0.0,1.04,11.52,6.5,59
shaanxi_guanzhong,2002-12-30,5.2,-5.3,0.0,1.22,11.65,7.1,60
shaanxi_guanzhong,2002-12-31,3.5,-3.9,0.0,1.13,10.8,8.6,54
shaanxi_guanzhong,2003-01-01,2.4,-5.2,1.7,0.76,6.34,6.1,63
shaanxi_guanzhong,2003-01-02,3.2,-5.5,1.5,1.14,12.03,10.4,61
shaanxi_guanzhong,2003-01-03,0.5,-7.0,0.0,1.09,12.13,9.5,44
shaanxi_guanzhong,2003-01-04,0.1,-6.3,0.0,1.14,12.07,8.9,44
shaanxi_guanzhong,2003-01-05,0.7,-7.2,0.0,0.96,8.41,6.4,39
shaanxi_guanzhong,2003-01-06,4.3,-6.9,0.0,1.31,12.35,8.7,47
shaanxi_guanzhong,2003-01-07,2.5,-5.5,0.0,1.18,11.16,9.7,47
shaanxi_guanzhong,2003-01-08,4.4,-5.2,0.0,1.14,10.81,5.6,53
shaanxi_guanzhong,2003-01-09,6.5,-5.4,0.0,1.27,10.95,7.1,56
shaanxi_guanzhong,2003-01-10,8.8,-4.9,0.0,1.48,12.42,6.0,51
shaanxi_guanzhong,2003-01-11,7.3,-5.2,0.0,1.31,11.41,4.7,58
shaanxi_guanzhong,2003-01-12,11.3,-4.1,0.0,1.6,12.92,4.6,58
shaanxi_guanzhong,2003-01-13,10.4,-4.0,0.0,1.6,12.98,7.2,55
shaanxi_guanzhong,2003-01-14,7.3,-3.4,0.0,1.25,9.63,7.1,54
shaanxi_guanzhong,2003-01-15,10.1,-2.8,0.0,1.56,12.96,8.3,64
shaanxi_guanzhong,2003-01-16,12.9,-2.1,0.0,1.65,13.0,4.6,71
shaanxi_guanzhong,2003-01-17,10.6,-2.2,0.0,1.47,10.99,10.6,68
shaanxi_guanzhong,2003-01-18,12.9,0.3,0.0,1.66,12.33,7.1,63
shaanxi_guanzhong,2003-01-19,11.5,-1.7,0.0,1.66,13.02,6.8,67
shaanxi_guanzhong,2003-01-20,11.6,-1.2,0.0,1.72,13.2,9.5,70
shaanxi_guanzhong,2003-01-21,5.9,-1.9,1.3,0.64,3.63,12.7,71
shaanxi_guanzhong,2003-01-22,11.7,-2.8,0.0,1.95,14.15,8.9,46
shaanxi_guanzhong,2003-01-23,10.0,-2.7,0.0,1.72,13.44,7.7,52
shaanxi_guanzhong,2003-01-24,4.7,1.0,6.7,0.59,3.73,6.2,74
shaanxi_guanzhong,2003-01-25,3.6,1.0,2.9,0.62,5.1,6.2,90
shaanxi_guanzhong,2003-01-26,2.7,-3.7,1.3,0.96,4.88,17.8,62
shaanxi_guanzhong,2003-01-27,4.4,-7.2,0.0,1.53,14.89,5.2,42
shaanxi_guanzhong,2003-01-28,8.5,-4.9,0.0,1.79,14.77,6.8,43
shaanxi_guanzhong,2003-01-29,6.9,-4.2,0.0,1.51,12.19,9.2,49
shaanxi_guanzhong,2003-01-30,2.1,-1.4,4.2,0.58,4.63,5.8,79
shaanxi_guanzhong,2003-01-31,4.4,-2.0,0.1,0.93,8.6,8.9,83
shaanxi_guanzhong,2003-02-01,6.3,-2.2,0.0,1.31,11.52,8.5,76
shaanxi_guanzhong,2003-02-02,6.6,-1.5,0.0,1.1,9.22,4.1,75
shaanxi_guanzhong,2003-02-03,9.4,-2.2,0.0,1.97,14.99,15.8,58
shaanxi_guanzhong,2003-02-04,7.0,-4.6,0.0,1.79,15.43,8.2,47
shaanxi_guanzhong,2003-02-05,7.0,-4.8,0.0,1.71,14.25,10.6,53
shaanxi_guanzhong,2003-02-06,10.5,-4.0,0.0,1.87,15.28,5.7,60
shaanxi_guanzhong,2003-02-07,12.8,-1.3,0.0,1.96,14.91,7.7,72
shaanxi_guanzhong,2003-02-08,12.7,-1.5,0.0,1.83,13.67,9.8,76
shaanxi_guanzhong,2003-02-09,5.4,0.7,6.6,0.49,2.71,12.9,81
shaanxi_guanzhong,2003-02-10,2.4,-1.4,1.5,0.82,7.05,5.8,76
shaanxi_guanzhong,2003-02-11,4.2,-1.1,0.9,1.38,12.78,10.0,66
shaanxi_guanzhong,2003-02-12,7.9,-5.3,0.0,1.89,16.16,10.6,60
shaanxi_guanzhong,2003-02-13,6.9,-0.4,0.0,1.32,10.41,7.9,64
shaanxi_guanzhong,2003-02-14,6.1,0.1,0.4,0.81,6.16,7.9,84
shaanxi_guanzhong,2003-02-15,7.2,2.3,0.6,0.91,6.79,4.1,79
shaanxi_guanzhong,2003-02-16,9.6,-0.4,0.1,1.51,11.79,7.0,73
shaanxi_guanzhong,2003-02-17,11.8,-1.9,0.0,1.81,13.67,7.0,73
shaanxi_guanzhong,2003-02-18,13.5,0.1,0.0,2.23,16.58,4.3,73
shaanxi_guanzhong,2003-02-19,15.7,-0.1,0.0,2.55,17.16,13.7,71
shaanxi_guanzhong,2003-02-20,14.7,4.6,0.2,1.74,9.93,17.7,74
shaanxi_guanzhong,2003-02-21,13.5,4.1,3.9,1.46,9.15,7.9,77
shaanxi_guanzhong,2003-02-22,11.7,0.3,0.1,1.45,10.04,9.2,75
shaanxi_guanzhong,2003-02-23,14.4,1.6,0.0,2.5,17.88,8.9,73
shaanxi_guanzhong,2003-02-24,15.2,4.8,0.0,2.45,17.2,10.9,67
shaanxi_guanzhong,2003-02-25,10.1,4.3,2.4,0.84,5.13,7.4,80
shaanxi_guanzhong,2003-02-26,12.4,3.3,0.0,1.61,9.09,13.4,73
shaanxi_guanzhong,2003-02-27,9.8,4.4,0.2,1.36,8.84,13.9,76
shaanxi_guanzhong,2003-02-28,11.6,2.4,0.3,1.58,11.75,8.4,81
shaanxi_guanzhong,2003-03-01,13.2,2.6,0.0,2.27,17.15,9.8,75
shaanxi_guanzhong,2003-03-02,12.4,3.5,0.0,1.82,10.16,14.9,59
shaanxi_guanzhong,2003-03-03,10.1,2.7,1.8,1.93,11.04,18.2,54
shaanxi_guanzhong,2003-03-04,2.1,-2.8,9.3,0.76,5.54,17.3,79
shaanxi_guanzhong,2003-03-05,0.1,-4.5,3.9,1.06,11.06,7.1,77
shaanxi_guanzhong,2003-03-06,6.8,-3.5,0.0,1.95,17.33,10.9,56
shaanxi_guanzhong,2003-03-07,10.0,-1.8,0.0,2.2,16.56,6.6,48
shaanxi_guanzhong,2003-03-08,10.1,-1.4,0.0,2.04,14.62,11.0,56
shaanxi_guanzhong,2003-03-09,12.2,0.7,0.0,2.34,16.75,9.6,60
shaanxi_guanzhong,2003-03-10,14.5,1.6,0.4,2.27,15.43,10.7,64
shaanxi_guanzhong,2003-03-11,9.1,3.7,7.1,1.22,7.43,11.9,71
shaanxi_guanzhong,2003-03-12,8.9,3.0,3.5,1.18,8.11,14.3,78
shaanxi_guanzhong,2003-03-13,7.4,2.7,3.5,0.94,6.65,13.1,85
shaanxi_guanzhong,2003-03-14,6.1,1.2,7.3,0.86,6.72,10.7,88
shaanxi_guanzhong,2003-03-15,7.0,1.7,1.3,0.97,7.24,12.4,83
shaanxi_guanzhong,2003-03-16,5.4,1.3,1.1,0.94,7.47,5.7,85
shaanxi_guanzhong,2003-03-17,7.3,1.8,3.0,1.11,8.41,9.4,84
shaanxi_guanzhong,2003-03-18,8.3,1.5,1.9,1.34,9.93,5.9,78
shaanxi_guanzhong,2003-03-19,12.6,0.6,0.0,2.3,16.6,6.9,74
shaanxi_guanzhong,2003-03-20,16.8,0.7,0.0,3.37,21.7,10.2,68
shaanxi_guanzhong,2003-03-21,11.5,1.9,0.0,2.66,15.52,13.7,45
shaanxi_guanzhong,2003-03-22,12.4,4.7,0.0,2.17,14.87,10.2,70
shaanxi_guanzhong,2003-03-23,16.5,2.7,0.0,3.23,20.77,10.0,65
shaanxi_guanzhong,2003-03-24,17.5,2.0,0.0,3.45,22.54,9.2,61
shaanxi_guanzhong,2003-03-25,18.7,4.4,0.0,2.86,17.82,8.0,70
shaanxi_guanzhong,2003-03-26,21.3,9.9,0.0,2.93,15.35,11.9,65
shaanxi_guanzhong,2003-03-27,18.9,7.1,4.5,3.25,19.54,11.3,62
shaanxi_guanzhong,2003-03-28,22.3,4.4,0.0,3.89,23.01,8.4,74
shaanxi_guanzhong,2003-03-29,25.4,9.1,0.0,4.13,23.01,7.3,72
shaanxi_guanzhong,2003-03-30,25.5,11.9,0.0,4.11,22.68,5.9,72
shaanxi_guanzhong,2003-03-31,22.6,14.3,8.4,2.18,10.97,12.1,77
shaanxi_guanzhong,2003-04-01,15.1,10.2,31.6,0.61,2.53,12.3,91
shaanxi_guanzhong,2003-04-02,13.1,8.6,1.6,1.41,8.36,10.0,83
shaanxi_guanzhong,2003-04-03,12.8,5.6,0.0,1.72,10.72,5.6,78
shaanxi_guanzhong,2003-04-04,15.8,4.2,0.0,2.66,17.11,8.9,74
shaanxi_guanzhong,2003-04-05,14.8,6.6,0.0,2.04,12.47,11.0,71
shaanxi_guanzhong,2003-04-06,12.3,6.5,3.3,1.17,6.55,14.4,81
shaanxi_guanzhong,2003-04-07,19.3,2.9,0.0,3.99,24.98,5.2,64
shaanxi_guanzhong,2003-04-08,19.4,5.1,0.2,2.74,15.43,8.7,64
shaanxi_guanzhong,2003-04-09,23.8,8.3,0.0,3.9,21.66,13.9,66
shaanxi_guanzhong,2003-04-10,16.3,6.9,5.8,3.71,23.54,27.5,61
shaanxi_guanzhong,2003-04-11,18.1,4.4,0.0,3.07,18.78,4.9,62
shaanxi_guanzhong,2003-04-12,16.3,5.0,0.0,3.16,17.71,9.7,57
shaanxi_guanzhong,2003-04-13,16.7,6.3,0.0,3.36,18.46,10.9,48
shaanxi_guanzhong,2003-04-14,23.1,4.7,0.0,4.54,25.83,10.8,57
shaanxi_guanzhong,2003-04-15,26.4,7.5,0.0,4.67,25.41,9.5,63
shaanxi_guanzhong,2003-04-16,27.5,12.2,0.0,4.45,23.78,6.0,67
shaanxi_guanzhong,2003-04-17,25.0,15.1,0.2,4.05,15.9,18.2,61
shaanxi_guanzhong,2003-04-18,16.0,6.3,4.9,1.82,4.95,18.9,66
shaanxi_guanzhong,2003-04-19,18.0,4.9,0.1,3.32,22.02,9.5,76
shaanxi_guanzhong,2003-04-20,14.6,9.8,0.8,2.2,11.3,13.2,68
shaanxi_guanzhong,2003-04-21,15.8,9.6,1.7,2.06,10.31,19.1,76
shaanxi_guanzhong,2003-04-22,14.5,9.0,4.4,1.42,7.9,7.4,83
shaanxi_guanzhong,2003-04-23,18.7,8.0,0.0,2.8,15.54,7.0,67
shaanxi_guanzhong,2003-04-24,20.2,8.9,0.0,3.55,19.86,9.1,56
shaanxi_guanzhong,2003-04-25,21.6,8.7,0.0,3.51,19.55,8.6,63
shaanxi_guanzhong,2003-04-26,24.1,10.0,0.0,3.38,17.89,5.6,69
shaanxi_guanzhong,2003-04-27,25.5,10.1,0.0,4.42,23.88,5.3,67
shaanxi_guanzhong,2003-04-28,22.6,10.1,1.1,2.71,12.66,25.0,72
shaanxi_guanzhong,2003-04-29,23.0,8.9,0.0,4.77,24.09,18.0,54
shaanxi_guanzhong,2003-04-30,26.4,9.4,0.0,5.12,27.58,6.9,48
shaanxi_guanzhong,2003-05-01,28.0,11.3,0.0,5.27,25.83,10.5,51
shaanxi_guanzhong,2003-05-02,27.7,13.0,0.0,4.59,23.44,8.4,54
shaanxi_guanzhong,2003-05-03,28.4,15.9,0.0,4.98,23.7,12.3,60
shaanxi_guanzhong,2003-05-04,26.3,17.2,0.0,4.4,17.01,19.4,63
shaanxi_guanzhong,2003-05-05,24.4,16.6,4.5,2.66,10.05,15.9,73
shaanxi_guanzhong,2003-05-06,16.6,10.1,19.6,1.43,6.6,19.4,83
shaanxi_guanzhong,2003-05-07,19.8,9.2,0.0,3.79,18.8,17.1,56
shaanxi_guanzhong,2003-05-08,19.1,6.1,0.0,3.45,19.94,5.4,57
shaanxi_guanzhong,2003-05-09,20.4,10.7,0.0,3.34,18.12,7.1,55
shaanxi_guanzhong,2003-05-10,24.9,8.9,0.0,4.64,24.69,9.1,56
shaanxi_guanzhong,2003-05-11,26.4,12.3,0.0,4.5,23.0,6.6,60
shaanxi_guanzhong,2003-05-12,26.0,13.7,0.0,4.53,22.8,10.8,62
shaanxi_guanzhong,2003-05-13,23.9,15.6,2.3,3.0,14.58,11.3,70
shaanxi_guanzhong,2003-05-14,25.8,11.1,0.0,5.27,27.91,7.6,63
shaanxi_guanzhong,2003-05-15,19.7,15.0,46.5,1.08,4.86,6.5,84
shaanxi_guanzhong,2003-05-16,20.0,14.6,3.8,2.21,11.87,5.2,82
shaanxi_guanzhong,2003-05-17,21.7,13.2,0.5,2.93,15.84,6.0,79
shaanxi_guanzhong,2003-05-18,24.8,11.4,0.0,4.87,26.07,7.6,64
shaanxi_guanzhong,2003-05-19,24.7,10.3,0.0,5.01,27.29,8.9,46
shaanxi_guanzhong,2003-05-20,19.6,15.4,2.8,1.78,8.33,6.1,59
shaanxi_guanzhong,2003-05-21,22.2,14.1,2.6,2.81,15.24,5.2,79
shaanxi_guanzhong,2003-05-22,25.4,13.0,0.0,3.9,20.38,6.2,71
shaanxi_guanzhong,2003-05-23,24.0,16.5,1.7,3.09,15.32,10.5,69
shaanxi_guanzhong,2003-05-24,27.7,11.2,0.0,5.37,27.8,5.8,60
shaanxi_guanzhong,2003-05-25,28.3,16.7,0.0,4.75,22.47,10.6,60
shaanxi_guanzhong,2003-05-26,20.6,18.8,5.3,1.46,5.43,11.1,77
shaanxi_guanzhong,2003-05-27,19.6,17.3,2.0,1.5,5.98,8.4,72
shaanxi_guanzhong,2003-05-28,28.2,12.7,0.0,5.45,29.08,4.3,64
shaanxi_guanzhong,2003-05-29,29.7,13.8,0.0,5.73,28.75,6.9,53
shaanxi_guanzhong,2003-05-30,30.4,17.1,0.0,5.46,24.85,11.6,48
shaanxi_guanzhong,2003-05-31,29.0,20.1,0.0,4.07,18.96,8.7,61
shaanxi_guanzhong,2003-06-01,30.9,18.8,0.0,4.4,19.9,9.8,60
shaanxi_guanzhong,2003-06-02,30.1,17.2,0.0,5.86,25.9,14.3,55
shaanxi_guanzhong,2003-06-03,27.5,14.8,0.0,5.26,25.65,12.8,58
shaanxi_guanzhong,2003-06-04,25.1,15.0,0.0,3.37,17.02,7.8,67
shaanxi_guanzhong,2003-06-05,30.1,14.9,0.0,5.64,28.35,7.2,60
shaanxi_guanzhong,2003-06-06,30.3,16.8,0.0,5.2,25.18,8.8,57
shaanxi_guanzhong,2003-06-07,30.7,19.0,0.0,4.16,18.79,11.3,58
shaanxi_guanzhong,2003-06-08,30.9,17.2,0.0,5.28,25.94,5.8,57
shaanxi_guanzhong,2003-06-09,28.6,18.8,4.8,4.28,21.23,5.0,64
shaanxi_guanzhong,2003-06-10,23.3,15.4,1.1,2.69,9.98,12.8,63
shaanxi_guanzhong,2003-06-11,28.1,11.1,0.0,6.13,31.03,9.5,43
shaanxi_guanzhong,2003-06-12,28.4,13.2,0.0,4.82,24.15,7.8,49
shaanxi_guanzhong,2003-06-13,29.5,13.8,0.0,6.09,30.24,9.8,43
shaanxi_guanzhong,2003-06-14,31.1,13.4,0.0,6.28,30.56,7.3,36
shaanxi_guanzhong,2003-06-15,32.9,17.0,0.0,5.65,26.55,6.4,41
shaanxi_guanzhong,2003-06-16,31.0,18.2,0.0,4.6,21.46,8.1,52
shaanxi_guanzhong,2003-06-17,32.3,17.7,0.0,5.78,26.85,9.7,48
shaanxi_guanzhong,2003-06-18,34.1,18.0,0.0,6.22,28.16,10.7,47
shaanxi_guanzhong,2003-06-19,34.8,19.2,0.0,6.06,26.63,13.2,44
shaanxi_guanzhong,2003-06-20,33.9,20.3,0.0,5.92,27.09,6.5,49
shaanxi_guanzhong,2003-06-21,29.9,21.1,10.2,2.52,9.76,8.8,69
shaanxi_guanzhong,2003-06-22,29.6,21.3,27.2,4.39,20.46,11.9,73
shaanxi_guanzhong,2003-06-23,31.9,17.9,0.0,5.76,27.65,8.3,64
shaanxi_guanzhong,2003-06-24,32.7,21.7,0.0,5.48,24.44,10.2,59
shaanxi_guanzhong,2003-06-25,24.9,20.1,9.4,1.49,4.26,12.0,77
shaanxi_guanzhong,2003-06-26,28.9,18.5,0.0,4.94,23.02,9.0,61
shaanxi_guanzhong,2003-06-27,32.1,16.4,0.0,5.99,29.43,6.6,55
shaanxi_guanzhong,2003-06-28,31.6,20.4,0.0,4.87,22.29,8.8,57
shaanxi_guanzhong,2003-06-29,27.2,21.2,6.5,1.71,6.83,5.1,74
shaanxi_guanzhong,2003-06-30,28.8,20.2,1.6,4.34,19.94,12.2,71
shaanxi_guanzhong,2003-07-01,21.7,18.8,10.0,1.12,4.65,9.7,87
shaanxi_guanzhong,2003-07-02,27.0,19.1,2.8,3.74,18.63,9.4,75
shaanxi_guanzhong,2003-07-03,26.7,16.1,0.4,2.42,10.83,7.0,77
shaanxi_guanzhong,2003-07-04,30.5,15.8,0.0,4.98,24.58,7.1,65
shaanxi_guanzhong,2003-07-05,30.7,18.3,0.0,4.32,19.17,10.6,62
shaanxi_guanzhong,2003-07-06,31.5,18.8,0.0,5.36,25.21,9.7,61
shaanxi_guanzhong,2003-07-07,31.8,21.4,8.0,4.53,21.46,11.9,70
shaanxi_guanzhong,2003-07-08,27.8,20.6,1.3,4.27,21.43,6.5,74
shaanxi_guanzhong,2003-07-09,25.9,18.9,1.1,2.56,11.83,6.5,70
shaanxi_guanzhong,2003-07-10,29.5,18.2,0.0,5.8,27.33,10.9,58
shaanxi_guanzhong,2003-07-11,24.7,18.7,12.8,2.16,8.99,12.0,77
shaanxi_guanzhong,2003-07-12,24.5,20.0,8.0,2.03,9.62,8.4,85
shaanxi_guanzhong,2003-07-13,20.6,19.4,27.4,0.71,2.66,7.6,95
shaanxi_guanzhong,2003-07-14,22.6,18.2,23.2,1.73,8.72,7.4,92
shaanxi_guanzhong,2003-07-15,21.6,19.8,20.8,0.98,4.32,8.7,94
shaanxi_guanzhong,2003-07-16,20.4,18.8,37.8,0.7,2.74,5.4,95
shaanxi_guanzhong,2003-07-17,30.5,16.9,0.0,5.48,27.53,7.6,75
shaanxi_guanzhong,2003-07-18,31.7,18.7,0.0,5.13,21.68,10.8,63
shaanxi_guanzhong,2003-07-19,31.6,19.2,0.0,5.85,26.75,9.7,59
shaanxi_guanzhong,2003-07-20,29.5,19.3,0.0,3.93,18.76,6.8,73
shaanxi_guanzhong,2003-07-21,30.6,18.9,0.0,5.54,27.05,7.2,71
shaanxi_guanzhong,2003-07-22,29.7,20.9,0.9,4.71,23.27,8.7,77
shaanxi_guanzhong,2003-07-23,29.0,22.0,0.0,3.14,14.51,7.2,78
shaanxi_guanzhong,2003-07-24,32.0,21.5,0.0,5.15,24.3,8.1,73
shaanxi_guanzhong,2003-07-25,33.4,23.3,0.1,5.38,24.92,7.2,70
shaanxi_guanzhong,2003-07-26,30.6,24.5,0.0,3.84,17.79,6.0,74
shaanxi_guanzhong,2003-07-27,27.6,23.3,8.8,2.4,10.97,7.9,83
shaanxi_guanzhong,2003-07-28,31.1,22.8,12.6,3.46,16.27,5.8,81
shaanxi_guanzhong,2003-07-29,33.5,25.0,0.2,4.74,21.36,7.8,73
shaanxi_guanzhong,2003-07-30,33.7,24.9,0.4,4.89,22.89,6.8,69
shaanxi_guanzhong,2003-07-31,32.1,24.5,10.5,4.53,20.71,9.0,71
shaanxi_guanzhong,2003-08-01,25.2,22.6,0.9,1.99,6.22,10.0,73
shaanxi_guanzhong,2003-08-02,23.3,20.8,3.1,1.53,6.85,6.5,85
shaanxi_guanzhong,2003-08-03,21.3,19.5,23.1,1.41,7.01,5.5,90
shaanxi_guanzhong,2003-08-04,27.8,18.7,0.1,3.51,17.5,10.2,82
shaanxi_guanzhong,2003-08-05,29.6,21.7,0.0,3.58,17.25,7.3,81
shaanxi_guanzhong,2003-08-06,30.5,24.5,0.2,4.04,19.34,6.9,77
shaanxi_guanzhong,2003-08-07,31.2,24.0,1.5,4.06,19.23,7.4,77
shaanxi_guanzhong,2003-08-08,26.4,21.3,34.4,1.43,6.34,10.8,87
shaanxi_guanzhong,2003-08-09,23.9,20.7,9.4,1.37,5.86,7.0,87
shaanxi_guanzhong,2003-08-10,24.1,17.9,3.4,2.16,8.87,13.4,79
shaanxi_guanzhong,2003-08-11,23.6,16.5,0.2,2.29,11.27,5.2,74
shaanxi_guanzhong,2003-08-12,19.8,17.4,9.0,0.66,2.19,7.2,83
shaanxi_guanzhong,2003-08-13,22.6,16.2,0.0,2.33,12.3,4.7,83
shaanxi_guanzhong,2003-08-14,21.2,17.7,15.2,1.21,5.85,7.9,91
shaanxi_guanzhong,2003-08-15,23.6,14.6,6.5,2.97,14.76,13.3,75
shaanxi_guanzhong,2003-08-16,23.8,10.9,0.0,3.23,17.04,4.9,71
shaanxi_guanzhong,2003-08-17,26.6,14.9,0.0,4.51,24.02,8.9,75
shaanxi_guanzhong,2003-08-18,28.0,16.1,0.0,4.95,26.25,8.4,72
shaanxi_guanzhong,2003-08-19,27.9,19.0,0.0,4.43,22.43,13.5,74
shaanxi_guanzhong,2003-08-20,27.8,20.0,2.4,3.28,15.79,12.4,78
shaanxi_guanzhong,2003-08-21,29.3,21.2,0.1,3.74,17.79,12.3,75
shaanxi_guanzhong,2003-08-22,28.5,22.0,0.0,3.53,17.34,5.5,75
shaanxi_guanzhong,2003-08-23,30.7,20.5,0.0,4.64,22.75,4.3,77
shaanxi_guanzhong,2003-08-24,28.1,22.6,3.1,2.76,12.86,8.8,80
shaanxi_guanzhong,2003-08-25,27.0,22.5,17.0,1.9,8.45,9.7,87
shaanxi_guanzhong,2003-08-26,24.8,22.3,24.3,1.31,6.11,9.1,91
shaanxi_guanzhong,2003-08-27,27.5,17.9,0.0,4.08,21.33,8.7,82
shaanxi_guanzhong,2003-08-28,25.8,20.8,6.0,2.11,9.87,6.6,82
shaanxi_guanzhong,2003-08-29,22.5,17.3,74.4,0.5,1.3,7.2,93
shaanxi_guanzhong,2003-08-30,17.9,15.8,13.9,1.17,5.74,7.1,88
shaanxi_guanzhong,2003-08-31,16.6,15.5,20.0,0.69,2.84,5.2,92
shaanxi_guanzhong,2003-09-01,18.4,13.0,21.0,1.09,4.96,5.4,86
shaanxi_guanzhong,2003-09-02,23.8,10.8,0.0,2.86,15.29,5.1,78
shaanxi_guanzhong,2003-09-03,19.7,16.3,9.0,0.92,4.24,13.0,90
shaanxi_guanzhong,2003-09-04,21.9,17.4,12.7,1.53,7.68,6.1,90
shaanxi_guanzhong,2003-09-05,19.1,17.2,15.9,0.61,2.46,7.8,96
shaanxi_guanzhong,2003-09-06,17.6,16.1,30.4,0.6,2.07,5.6,90
shaanxi_guanzhong,2003-09-07,25.6,14.6,0.1,4.37,24.07,7.1,77
shaanxi_guanzhong,2003-09-08,26.2,13.4,0.0,3.35,17.52,6.8,78
shaanxi_guanzhong,2003-09-09,25.6,14.2,0.0,4.23,22.66,7.9,70
shaanxi_guanzhong,2003-09-10,25.2,15.5,0.0,4.1,22.53,9.6,71
shaanxi_guanzhong,2003-09-11,25.5,15.0,0.0,3.8,20.92,7.8,75
shaanxi_guanzhong,2003-09-12,26.3,15.2,0.0,3.82,20.42,7.8,80
shaanxi_guanzhong,2003-09-13,28.8,15.8,0.0,4.38,22.87,4.5,76
shaanxi_guanzhong,2003-09-14,27.4,16.6,0.1,3.9,20.27,9.6,77
shaanxi_guanzhong,2003-09-15,26.7,17.8,0.0,3.53,18.47,7.8,77
shaanxi_guanzhong,2003-09-16,27.0,18.5,3.8,3.21,16.57,8.8,80
shaanxi_guanzhong,2003-09-17,25.4,19.8,11.1,2.15,10.67,12.6,83
shaanxi_guanzhong,2003-09-18,21.1,18.5,49.5,0.82,3.09,8.3,89
shaanxi_guanzhong,2003-09-19,18.8,17.1,64.5,0.52,1.5,8.1,90
shaanxi_guanzhong,2003-09-20,20.5,16.0,0.1,1.66,8.52,6.5,82
shaanxi_guanzhong,2003-09-21,24.7,11.9,0.0,3.79,21.43,6.7,80
shaanxi_guanzhong,2003-09-22,25.5,14.0,0.0,3.54,19.16,9.4,77
shaanxi_guanzhong,2003-09-23,25.6,13.9,0.0,3.79,20.93,6.5,78
shaanxi_guanzhong,2003-09-24,26.1,15.5,0.0,3.7,19.93,9.6,78
shaanxi_guanzhong,2003-09-25,25.2,16.8,0.0,2.05,9.93,12.8,81
shaanxi_guanzhong,2003-09-26,23.2,18.0,7.6,1.44,7.25,9.7,87
shaanxi_guanzhong,2003-09-27,21.9,17.0,8.6,1.49,7.78,7.0,90
shaanxi_guanzhong,2003-09-28,22.0,17.6,6.6,1.35,7.03,13.7,92
shaanxi_guanzhong,2003-09-29,17.5,14.8,17.7,0.56,1.86,14.5,91
shaanxi_guanzhong,2003-09-30,14.7,11.4,12.4,0.65,2.62,11.2,88
shaanxi_guanzhong,2003-10-01,12.3,9.8,9.8,0.73,3.55,8.2,88
shaanxi_guanzhong,2003-10-02,11.5,8.3,11.4,0.56,2.37,11.2,88
shaanxi_guanzhong,2003-10-03,10.6,8.9,14.2,0.52,2.22,6.4,90
shaanxi_guanzhong,2003-10-04,10.2,9.4,15.7,0.52,2.31,5.8,91
shaanxi_guanzhong,2003-10-05,16.4,9.2,0.1,2.0,12.53,6.8,79
shaanxi_guanzhong,2003-10-06,19.8,8.4,0.0,3.02,19.2,9.7,77
shaanxi_guanzhong,2003-10-07,20.4,9.8,0.0,2.95,18.66,10.5,78
shaanxi_guanzhong,2003-10-08,20.9,11.5,0.0,2.74,16.84,11.1,81
shaanxi_guanzhong,2003-10-09,17.3,14.3,5.0,0.66,2.98,6.4,92
shaanxi_guanzhong,2003-10-10,16.0,15.1,19.5,0.42,1.47,11.3,96
shaanxi_guanzhong,2003-10-11,15.3,11.3,13.0,0.69,1.65,15.7,86
shaanxi_guanzhong,2003-10-12,12.0,10.0,9.0,0.54,2.08,11.5,89
shaanxi_guanzhong,2003-10-13,12.8,10.2,4.1,0.96,5.3,6.2,82
shaanxi_guanzhong,2003-10-14,11.7,7.6,0.0,1.27,7.66,8.0,67
shaanxi_guanzhong,2003-10-15,15.3,5.6,0.0,2.33,15.81,5.2,66
shaanxi_guanzhong,2003-10-16,15.3,4.8,0.0,2.62,17.71,8.0,66
shaanxi_guanzhong,2003-10-17,18.6,4.4,0.0,2.65,16.77,5.8,69
shaanxi_guanzhong,2003-10-18,16.5,9.9,0.3,1.95,11.25,9.2,71
shaanxi_guanzhong,2003-10-19,13.5,4.9,12.4,0.73,3.47,18.2,83
shaanxi_guanzhong,2003-10-20,20.0,3.4,0.0,2.88,18.12,5.2,63
shaanxi_guanzhong,2003-10-21,20.7,5.3,0.0,2.77,16.98,4.4,64
shaanxi_guanzhong,2003-10-22,17.3,6.8,0.0,2.46,15.02,9.4,63
shaanxi_guanzhong,2003-10-23,18.3,8.1,0.0,2.19,13.98,5.6,69
shaanxi_guanzhong,2003-10-24,20.3,7.2,0.0,2.66,16.27,8.0,69
shaanxi_guanzhong,2003-10-25,20.0,7.6,0.0,2.46,14.97,5.4,68
shaanxi_guanzhong,2003-10-26,21.8,7.3,0.0,2.68,16.23,6.2,66
shaanxi_guanzhong,2003-10-27,22.6,9.0,0.0,2.89,16.44,11.0,63
shaanxi_guanzhong,2003-10-28,20.6,7.2,0.2,2.27,13.21,7.2,70
shaanxi_guanzhong,2003-10-29,16.6,12.2,4.9,0.86,4.66,6.3,86
shaanxi_guanzhong,2003-10-30,19.8,9.1,0.7,2.32,14.19,9.2,75
shaanxi_guanzhong,2003-10-31,21.4,6.7,0.0,2.55,15.59,5.9,73
shaanxi_guanzhong,2003-11-01,22.4,9.0,0.0,2.54,15.31,5.0,76
shaanxi_guanzhong,2003-11-02,16.3,9.7,0.0,2.11,10.56,14.8,52
shaanxi_guanzhong,2003-11-03,16.0,6.3,0.0,2.21,13.8,11.1,54
shaanxi_guanzhong,2003-11-04,15.6,8.2,1.4,1.81,11.96,9.5,76
shaanxi_guanzhong,2003-11-05,16.4,6.8,0.0,1.91,13.44,10.9,84
shaanxi_guanzhong,2003-11-06,16.6,7.9,6.7,1.1,6.5,18.8,87
shaanxi_guanzhong,2003-11-07,7.2,2.2,7.6,0.83,3.47,18.8,73
shaanxi_guanzhong,2003-11-08,2.8,0.1,3.2,0.77,5.27,9.8,72
shaanxi_guanzhong,2003-11-09,2.1,-0.3,5.2,0.54,4.6,3.7,85
shaanxi_guanzhong,2003-11-10,7.7,-0.1,0.0,1.5,13.53,7.2,66
shaanxi_guanzhong,2003-11-11,6.0,-1.1,0.0,0.97,7.74,5.1,71
shaanxi_guanzhong,2003-11-12,11.4,-2.8,0.0,1.8,14.06,11.4,71
shaanxi_guanzhong,2003-11-13,12.4,3.2,0.0,1.53,11.16,9.6,72
shaanxi_guanzhong,2003-11-14,14.4,2.0,0.0,1.76,12.36,11.0,75
shaanxi_guanzhong,2003-11-15,12.1,0.5,0.0,1.77,13.1,10.3,68
shaanxi_guanzhong,2003-11-16,9.1,4.0,1.5,0.81,4.78,8.8,75
shaanxi_guanzhong,2003-11-17,6.9,4.8,5.4,0.49,3.25,11.1,92
shaanxi_guanzhong,2003-11-18,6.3,4.1,2.3,0.38,2.13,8.8,94
shaanxi_guanzhong,2003-11-19,9.0,4.3,1.6,0.67,4.47,4.8,88
shaanxi_guanzhong,2003-11-20,11.1,1.6,0.0,1.6,11.3,12.5,68
shaanxi_guanzhong,2003-11-21,7.7,0.4,0.0,1.19,9.03,7.6,59
shaanxi_guanzhong,2003-11-22,9.7,-0.1,0.0,1.31,10.14,10.7,65
shaanxi_guanzhong,2003-11-23,9.6,2.5,0.6,0.82,5.99,3.1,82
shaanxi_guanzhong,2003-11-24,12.6,-1.0,0.0,1.53,11.67,3.6,79
shaanxi_guanzhong,2003-11-25,8.1,1.6,7.1,0.59,3.65,15.5,84
shaanxi_guanzhong,2003-11-26,10.0,-2.0,0.0,1.59,12.9,8.0,69
shaanxi_guanzhong,2003-11-27,9.0,-1.5,1.2,1.37,11.75,13.5,72
shaanxi_guanzhong,2003-11-28,7.4,-3.0,2.5,1.29,9.24,14.1,64
shaanxi_guanzhong,2003-11-29,9.6,-4.5,0.0,1.52,12.39,10.8,63
shaanxi_guanzhong,2003-11-30,9.6,-1.0,0.0,1.36,11.83,6.2,74
shaanxi_guanzhong,2003-12-01,7.5,-0.2,0.3,1.32,9.49,12.5,54
shaanxi_guanzhong,2003-12-02,8.2,-0.4,0.0,1.12,8.91,4.1,59
shaanxi_guanzhong,2003-12-03,7.9,-2.4,4.8,0.91,6.42,8.9,75
shaanxi_guanzhong,2003-12-04,5.5,1.9,5.2,0.56,4.2,5.6,90
shaanxi_guanzhong,2003-12-05,8.5,1.3,2.4,1.0,7.6,5.8,75
shaanxi_guanzhong,2003-12-06,3.8,-3.1,0.0,1.05,8.15,9.8,66
shaanxi_guanzhong,2003-12-07,4.5,-2.8,0.0,0.98,8.64,5.6,53
shaanxi_guanzhong,2003-12-08,5.1,-2.1,0.9,0.76,6.06,8.0,77
shaanxi_guanzhong,2003-12-09,5.0,-1.4,0.1,0.76,6.54,11.0,77
shaanxi_guanzhong,2003-12-10,8.1,-2.0,0.0,1.26,10.95,4.3,72
shaanxi_guanzhong,2003-12-11,5.7,-3.3,0.0,1.27,11.11,9.0,59
shaanxi_guanzhong,2003-12-12,5.8,-1.9,0.0,1.09,9.13,6.8,59
shaanxi_guanzhong,2003-12-13,8.2,-3.5,0.0,1.28,11.33,7.0,74
shaanxi_guanzhong,2003-12-14,7.6,-1.8,0.0,1.22,11.07,9.0,74
shaanxi_guanzhong,2003-12-15,6.5,-0.3,0.1,0.99,8.28,7.7,72
shaanxi_guanzhong,2003-12-16,6.4,-2.4,0.0,1.27,11.38,8.4,57
shaanxi_guanzhong,2003-12-17,3.5,-1.6,0.0,0.88,7.18,7.8,54
shaanxi_guanzhong,2003-12-18,4.5,-5.2,0.0,1.71,11.0,18.4,44
shaanxi_guanzhong,2003-12-19,3.2,-5.5,0.0,1.11,11.06,4.3,42
shaanxi_guanzhong,2003-12-20,4.8,-4.1,0.0,1.19,11.27,7.8,51
shaanxi_guanzhong,2003-12-21,6.5,-3.2,0.0,1.17,10.3,3.8,58
shaanxi_guanzhong,2003-12-22,9.0,-3.5,0.0,1.35,11.24,6.9,67
shaanxi_guanzhong,2003-12-23,10.5,-2.8,0.0,1.36,11.04,6.6,70
shaanxi_guanzhong,2003-12-24,8.4,-3.6,0.0,1.69,10.78,15.9,53
shaanxi_guanzhong,2003-12-25,2.7,-5.1,0.0,1.12,9.57,7.7,42
shaanxi_guanzhong,2003-12-26,4.2,-6.2,0.0,1.26,11.83,8.2,49
shaanxi_guanzhong,2003-12-27,5.2,-3.6,0.0,1.2,10.99,7.2,52
shaanxi_guanzhong,2003-12-28,6.8,-3.7,0.0,1.15,8.36,9.2,52
shaanxi_guanzhong,2003-12-29,4.5,-4.0,0.0,0.73,5.94,2.6,56
shaanxi_guanzhong,2003-12-30,7.6,-3.7,0.0,1.31,11.64,6.4,64
shaanxi_guanzhong,2003-12-31,9.1,-3.9,0.0,1.29,10.68,6.4,69
shaanxi_guanzhong,2004-01-01,7.0,-4.1,0.0,1.54,10.74,13.8,47
shaanxi_guanzhong,2004-01-02,9.2,-5.1,0.0,1.44,12.05,6.3,56
shaanxi_guanzhong,2004-01-03,8.2,-2.8,0.0,1.34,11.56,7.2,63
shaanxi_guanzhong,2004-01-04,7.6,-1.9,0.0,1.21,10.16,4.9,61
shaanxi_guanzhong,2004-01-05,5.5,-2.0,0.0,0.68,5.01,6.5,71
shaanxi_guanzhong,2004-01-06,6.6,-2.8,0.0,1.09,9.41,4.7,69
shaanxi_guanzhong,2004-01-07,3.7,-0.4,3.8,0.55,3.91,9.0,83
shaanxi_guanzhong,2004-01-08,3.7,-1.2,1.4,0.7,6.54,9.2,84
shaanxi_guanzhong,2004-01-09,6.3,-2.0,0.0,1.08,10.2,9.5,80
shaanxi_guanzhong,2004-01-10,4.1,-0.7,0.7,0.65,5.28,9.8,85
shaanxi_guanzhong,2004-01-11,6.3,-1.9,0.2,0.76,6.44,7.1,84
shaanxi_guanzhong,2004-01-12,5.4,-1.8,0.0,1.27,11.57,7.8,66
shaanxi_guanzhong,2004-01-13,5.2,-4.3,0.0,1.25,10.11,10.0,59
shaanxi_guanzhong,2004-01-14,6.1,-1.4,0.0,0.91,6.43,9.0,66
shaanxi_guanzhong,2004-01-15,3.8,-1.9,0.0,0.75,6.23,6.2,72
shaanxi_guanzhong,2004-01-16,3.6,-3.8,0.0,0.8,7.65,11.8,81
shaanxi_guanzhong,2004-01-17,3.0,-3.3,2.0,0.75,4.02,9.8,69
shaanxi_guanzhong,2004-01-18,0.7,-6.5,0.0,1.38,13.29,8.4,43
shaanxi_guanzhong,2004-01-19,2.0,-5.5,0.0,1.16,11.82,4.8,48
shaanxi_guanzhong,2004-01-20,3.3,-4.3,0.0,1.32,11.02,9.7,39
shaanxi_guanzhong,2004-01-21,3.3,-6.4,0.0,1.44,13.8,8.5,43
shaanxi_guanzhong,2004-01-22,5.4,-4.7,0.0,1.45,12.95,8.2,49
shaanxi_guanzhong,2004-01-23,1.2,-7.4,0.0,1.68,14.34,13.0,34
shaanxi_guanzhong,2004-01-24,0.5,-8.3,0.0,1.47,14.44,9.4,36
shaanxi_guanzhong,2004-01-25,1.3,-6.3,0.0,1.28,10.18,8.7,41
shaanxi_guanzhong,2004-01-26,6.4,-4.8,0.0,1.49,12.57,7.5,47
shaanxi_guanzhong,2004-01-27,5.3,-5.2,0.0,1.55,14.34,11.3,49
shaanxi_guanzhong,2004-01-28,7.0,-3.2,0.0,1.54,14.1,6.9,54
shaanxi_guanzhong,2004-01-29,10.0,-3.2,0.0,1.76,14.33,10.2,68
shaanxi_guanzhong,2004-01-30,7.8,-0.7,0.0,1.32,11.14,8.7,69
shaanxi_guanzhong,2004-01-31,6.2,-0.0,1.1,1.38,10.23,11.6,57
shaanxi_guanzhong,2004-02-01,1.7,-2.7,0.0,0.99,6.6,7.6,45
shaanxi_guanzhong,2004-02-02,1.0,-3.8,0.0,0.99,8.87,6.1,55
shaanxi_guanzhong,2004-02-03,5.0,-4.4,0.0,1.43,11.86,6.9,38
shaanxi_guanzhong,2004-02-04,6.0,-5.5,0.0,1.75,15.33,9.3,39
shaanxi_guanzhong,2004-02-05,4.2,-5.8,0.0,1.62,15.32,6.4,41
shaanxi_guanzhong,2004-02-06,5.2,-5.5,0.0,1.76,15.87,8.1,43
shaanxi_guanzhong,2004-02-07,6.8,-5.8,0.0,1.79,15.36,8.4,48
shaanxi_guanzhong,2004-02-08,8.6,-4.6,0.0,1.93,15.88,9.1,56
shaanxi_guanzhong,2004-02-09,9.8,-2.4,0.0,1.91,15.88,6.1,55
shaanxi_guanzhong,2004-02-10,10.8,-2.8,0.0,1.69,12.57,9.2,65
shaanxi_guanzhong,2004-02-11,12.2,-0.6,0.0,1.99,13.65,9.0,60
shaanxi_guanzhong,2004-02-12,12.6,-2.0,0.0,2.07,12.76,12.0,46
shaanxi_guanzhong,2004-02-13,19.0,-0.2,0.0,2.94,17.04,12.3,47
shaanxi_guanzhong,2004-02-14,13.5,0.1,0.0,2.47,16.83,11.3,49
shaanxi_guanzhong,2004-02-15,12.4,0.2,0.0,1.75,12.21,5.8,55
shaanxi_guanzhong,2004-02-16,13.4,2.9,0.0,2.32,12.27,12.7,43
shaanxi_guanzhong,2004-02-17,15.4,-1.0,0.0,2.5,16.96,7.4,52
shaanxi_guanzhong,2004-02-18,17.0,1.4,0.0,2.68,17.41,10.3,60
shaanxi_guanzhong,2004-02-19,17.3,3.9,0.0,2.34,14.54,14.4,63
shaanxi_guanzhong,2004-02-20,10.4,5.3,9.4,0.89,3.93,18.3,78
shaanxi_guanzhong,2004-02-21,11.8,-0.8,0.0,1.67,9.0,9.9,52
shaanxi_guanzhong,2004-02-22,13.5,-1.3,0.0,2.5,17.71,8.4,52
shaanxi_guanzhong,2004-02-23,12.4,0.9,5.1,1.54,10.5,8.6,69
shaanxi_guanzhong,2004-02-24,13.1,-1.5,0.0,2.33,17.24,6.8,66
shaanxi_guanzhong,2004-02-25,14.0,-0.3,0.0,2.38,16.78,5.8,55
shaanxi_guanzhong,2004-02-26,13.6,-0.2,0.0,2.29,15.09,9.8,54
shaanxi_guanzhong,2004-02-27,14.2,1.5,0.0,1.84,12.47,8.1,63
shaanxi_guanzhong,2004-02-28,14.3,3.3,0.0,2.75,17.99,9.7,55
shaanxi_guanzhong,2004-02-29,7.3,3.0,1.7,0.99,6.74,7.5,69
shaanxi_guanzhong,2004-03-01,11.5,-0.2,0.0,1.89,13.18,6.4,68
shaanxi_guanzhong,2004-03-02,11.9,2.8,0.0,2.38,12.79,20.0,51
shaanxi_guanzhong,2004-03-03,9.9,-4.3,0.0,2.83,20.75,12.3,30
shaanxi_guanzhong,2004-03-04,14.8,-1.6,0.0,3.15,20.1,12.0,41
shaanxi_guanzhong,2004-03-05,11.8,-1.9,0.0,2.99,20.79,9.0,30
shaanxi_guanzhong,2004-03-06,8.6,-3.3,0.0,2.52,19.18,9.6,38
shaanxi_guanzhong,2004-03-07,10.8,-0.9,0.0,2.25,15.88,8.5,43
shaanxi_guanzhong,2004-03-08,21.7,1.5,0.0,3.51,20.79,10.5,56
shaanxi_guanzhong,2004-03-09,25.3,4.1,0.0,3.8,20.84,12.2,55
shaanxi_guanzhong,2004-03-10,18.4,5.5,0.0,3.73,19.46,14.6,38
shaanxi_guanzhong,2004-03-11,12.4,4.2,0.9,1.59,5.2,12.3,39
shaanxi_guanzhong,2004-03-12,17.0,-0.9,0.0,2.85,18.94,8.5,66
shaanxi_guanzhong,2004-03-13,17.0,4.9,0.0,2.83,17.43,7.9,56
shaanxi_guanzhong,2004-03-14,22.5,5.2,0.0,3.66,21.13,9.8,55
shaanxi_guanzhong,2004-03-15,25.6,7.5,0.0,3.76,20.71,8.3,62
shaanxi_guanzhong,2004-03-16,25.8,8.0,0.0,4.43,20.76,15.0,41
shaanxi_guanzhong,2004-03-17,13.7,7.0,0.0,3.39,17.39,18.7,38
shaanxi_guanzhong,2004-03-18,11.2,4.5,0.2,2.03,12.63,13.0,64
shaanxi_guanzhong,2004-03-19,8.2,3.9,6.5,0.71,4.31,5.6,85
shaanxi_guanzhong,2004-03-20,5.9,3.2,16.4,0.42,2.26,4.6,93
shaanxi_guanzhong,2004-03-21,12.6,2.4,0.0,2.16,15.52,8.7,76
shaanxi_guanzhong,2004-03-22,13.8,5.5,0.0,2.02,13.5,5.2,65
shaanxi_guanzhong,2004-03-23,17.2,3.0,0.0,3.03,19.3,14.2,69
shaanxi_guanzhong,2004-03-24,12.1,7.7,11.4,0.6,3.04,10.6,86
shaanxi_guanzhong,2004-03-25,11.1,6.3,0.0,1.2,7.56,6.9,81
shaanxi_guanzhong,2004-03-26,14.3,4.2,0.1,1.91,12.34,7.8,77
shaanxi_guanzhong,2004-03-27,19.0,5.4,0.5,3.45,21.89,7.3,74
shaanxi_guanzhong,2004-03-28,16.3,6.3,0.0,1.89,11.36,4.7,77
shaanxi_guanzhong,2004-03-29,18.2,6.5,1.1,2.98,16.23,11.2,59
shaanxi_guanzhong,2004-03-30,13.9,4.2,0.0,1.87,10.92,4.7,47
shaanxi_guanzhong,2004-03-31,18.9,3.9,0.0,3.65,18.62,18.8,54
shaanxi_guanzhong,2004-04-01,20.4,3.6,0.0,4.26,24.72,9.5,41
shaanxi_guanzhong,2004-04-02,22.3,5.7,0.0,4.1,23.98,6.6,56
shaanxi_guanzhong,2004-04-03,19.0,7.1,0.0,4.32,24.6,12.4,45
shaanxi_guanzhong,2004-04-04,20.9,4.9,0.0,3.98,23.34,12.9,55
shaanxi_guanzhong,2004-04-05,27.5,9.7,0.0,4.78,24.52,12.3,54
shaanxi_guanzhong,2004-04-06,21.6,9.6,0.1,2.79,12.34,12.1,45
shaanxi_guanzhong,2004-04-07,16.8,5.6,0.0,4.1,25.08,8.7,34
shaanxi_guanzhong,2004-04-08,19.6,0.9,0.0,4.19,25.87,7.5,34
shaanxi_guanzhong,2004-04-09,17.5,6.7,0.1,2.13,11.32,8.3,53
shaanxi_guanzhong,2004-04-10,22.2,6.5,0.0,3.82,21.5,7.8,62
shaanxi_guanzhong,2004-04-11,21.6,8.2,0.0,2.77,14.5,8.2,58
shaanxi_guanzhong,2004-04-12,22.1,9.8,0.0,3.13,12.91,12.5,55
shaanxi_guanzhong,2004-04-13,20.5,8.9,0.0,3.81,18.96,12.1,40
shaanxi_guanzhong,2004-04-14,14.5,7.7,0.0,2.05,7.46,13.3,52
shaanxi_guanzhong,2004-04-15,22.7,5.0,0.0,4.4,24.68,7.2,49
shaanxi_guanzhong,2004-04-16,24.6,8.7,0.0,4.13,21.28,6.4,38
shaanxi_guanzhong,2004-04-17,26.8,9.3,0.0,5.0,25.23,9.0,34
shaanxi_guanzhong,2004-04-18,27.8,9.7,0.0,5.28,25.68,10.1,34
shaanxi_guanzhong,2004-04-19,30.7,11.2,0.0,5.5,26.07,9.4,40
shaanxi_guanzhong,2004-04-20,31.4,13.3,0.0,5.75,25.97,9.9,46
shaanxi_guanzhong,2004-04-21,33.5,13.7,0.0,5.62,26.54,7.3,47
shaanxi_guanzhong,2004-04-22,29.9,14.7,0.0,5.83,23.83,16.2,33
shaanxi_guanzhong,2004-04-23,20.6,12.8,15.5,1.65,6.53,15.4,78
shaanxi_guanzhong,2004-04-24,22.7,12.2,0.0,4.04,20.15,14.7,62
shaanxi_guanzhong,2004-04-25,17.5,12.7,2.0,1.86,8.77,13.2,72
shaanxi_guanzhong,2004-04-26,27.3,9.8,0.0,5.57,27.29,15.5,50
shaanxi_guanzhong,2004-04-27,26.9,11.7,0.0,5.15,26.68,12.2,51
shaanxi_guanzhong,2004-04-28,27.1,13.5,0.0,4.79,25.27,10.3,66
shaanxi_guanzhong,2004-04-29,30.2,15.3,0.0,5.62,26.83,13.6,55
shaanxi_guanzhong,2004-04-30,27.0,14.6,0.0,4.14,17.34,20.7,61
shaanxi_guanzhong,2004-05-01,21.6,13.4,2.1,2.95,13.71,15.1,70
shaanxi_guanzhong,2004-05-02,15.9,8.4,17.8,0.88,4.43,17.4,87
shaanxi_guanzhong,2004-05-03,17.8,7.1,0.3,4.03,22.47,13.8,50
shaanxi_guanzhong,2004-05-04,21.0,5.2,0.0,5.15,28.98,11.2,38
shaanxi_guanzhong,2004-05-05,26.0,7.0,0.0,5.63,28.95,11.3,39
shaanxi_guanzhong,2004-05-06,25.9,10.4,0.0,5.07,25.64,9.8,50
shaanxi_guanzhong,2004-05-07,25.6,14.3,0.0,4.13,20.39,8.4,49
shaanxi_guanzhong,2004-05-08,29.5,11.2,0.0,5.7,28.53,8.7,43
shaanxi_guanzhong,2004-05-09,30.5,14.6,0.0,5.27,25.74,5.8,52
shaanxi_guanzhong,2004-05-10,30.2,16.3,0.0,4.89,22.18,8.7,54
shaanxi_guanzhong,2004-05-11,26.6,16.4,1.8,3.89,17.82,7.2,51
shaanxi_guanzhong,2004-05-12,28.9,12.4,0.0,5.52,27.09,11.7,47
shaanxi_guanzhong,2004-05-13,25.8,18.1,0.0,4.21,19.27,10.9,36
shaanxi_guanzhong,2004-05-14,18.9,12.3,24.8,1.2,5.59,7.5,84
shaanxi_guanzhong,2004-05-15,24.8,10.4,0.4,5.03,23.89,12.3,55
shaanxi_guanzhong,2004-05-16,23.2,8.0,0.0,5.9,29.44,15.9,35
shaanxi_guanzhong,2004-05-17,27.8,10.1,0.0,5.49,27.59,8.7,46
shaanxi_guanzhong,2004-05-18,27.2,12.7,0.0,5.89,27.96,16.4,45
shaanxi_guanzhong,2004-05-19,31.1,11.9,0.0,6.28,29.47,9.2,37
shaanxi_guanzhong,2004-05-20,32.7,14.8,0.2,5.9,27.03,11.0,46
shaanxi_guanzhong,2004-05-21,29.9,15.1,0.0,5.84,29.19,10.3,38
shaanxi_guanzhong,2004-05-22,28.9,14.3,0.0,4.35,20.16,6.7,33
shaanxi_guanzhong,2004-05-23,30.0,13.8,0.0,5.13,24.48,13.2,52
shaanxi_guanzhong,2004-05-24,24.4,16.1,15.7,2.05,9.2,5.9,68
shaanxi_guanzhong,2004-05-25,27.2,16.7,3.2,4.25,19.92,9.4,62
shaanxi_guanzhong,2004-05-26,22.6,16.7,4.8,1.83,7.46,14.3,75
shaanxi_guanzhong,2004-05-27,23.3,15.6,7.1,2.75,14.08,8.7,79
shaanxi_guanzhong,2004-05-28,28.8,13.8,0.0,5.57,28.5,9.3,64
shaanxi_guanzhong,2004-05-29,25.3,16.9,0.6,3.18,12.42,17.5,60
shaanxi_guanzhong,2004-05-30,23.2,14.0,2.8,2.94,12.74,12.3,65
shaanxi_guanzhong,2004-05-31,26.3,11.8,0.0,4.59,22.66,9.1,56
shaanxi_guanzhong,2004-06-01,26.1,17.1,0.0,4.16,20.08,10.6,61
shaanxi_guanzhong,2004-06-02,25.3,14.6,1.6,3.75,18.67,8.8,64
shaanxi_guanzhong,2004-06-03,18.8,16.2,24.7,0.91,3.58,9.7,89
shaanxi_guanzhong,2004-06-04,16.2,14.0,17.5,0.8,3.53,6.1,91
shaanxi_guanzhong,2004-06-05,20.9,14.2,0.0,3.24,17.96,8.4,73
shaanxi_guanzhong,2004-06-06,25.8,13.8,0.0,5.17,26.82,9.4,63
shaanxi_guanzhong,2004-06-07,26.5,11.7,0.0,5.38,27.04,12.7,54
shaanxi_guanzhong,2004-06-08,27.2,11.8,0.0,5.64,29.61,6.6,53
shaanxi_guanzhong,2004-06-09,27.6,13.5,0.0,4.35,22.02,5.6,57
shaanxi_guanzhong,2004-06-10,29.1,15.7,0.0,5.47,27.8,7.5,59
shaanxi_guanzhong,2004-06-11,29.9,16.3,0.0,5.25,24.36,9.8,52
shaanxi_guanzhong,2004-06-12,22.9,18.8,5.1,1.74,7.09,7.6,69
shaanxi_guanzhong,2004-06-13,20.3,16.7,9.1,1.28,5.7,8.3,84
shaanxi_guanzhong,2004-06-14,25.0,16.1,0.0,3.86,19.71,7.4,66
shaanxi_guanzhong,2004-06-15,27.0,16.0,0.0,4.72,23.76,9.8,64
shaanxi_guanzhong,2004-06-16,29.2,15.9,0.6,5.1,25.27,11.4,64
shaanxi_guanzhong,2004-06-17,28.5,18.7,0.2,4.04,18.82,10.7,64
shaanxi_guanzhong,2004-06-18,29.6,15.5,0.0,5.66,26.1,10.8,53
shaanxi_guanzhong,2004-06-19,31.9,16.1,0.0,5.99,28.29,9.0,45
shaanxi_guanzhong,2004-06-20,33.8,18.4,0.0,6.15,27.73,7.6,43
shaanxi_guanzhong,2004-06-21,34.9,18.9,0.0,6.24,27.82,11.4,51
shaanxi_guanzhong,2004-06-22,34.6,18.8,0.0,6.03,28.16,6.0,53
shaanxi_guanzhong,2004-06-23,32.2,21.4,0.0,4.36,18.02,9.7,48
shaanxi_guanzhong,2004-06-24,35.5,18.9,0.0,6.5,29.87,6.7,39
shaanxi_guanzhong,2004-06-25,35.0,18.6,0.0,6.22,29.15,7.5,33
shaanxi_guanzhong,2004-06-26,34.6,21.9,0.0,5.68,23.93,8.3,43
shaanxi_guanzhong,2004-06-27,36.0,22.3,0.0,6.09,24.76,11.4,51
shaanxi_guanzhong,2004-06-28,33.3,24.4,1.6,3.87,16.88,6.8,60
shaanxi_guanzhong,2004-06-29,32.5,24.0,5.3,3.75,14.9,11.5,67
shaanxi_guanzhong,2004-06-30,24.6,20.8,12.3,2.31,5.24,16.0,70
shaanxi_guanzhong,2004-07-01,33.1,16.5,0.0,6.26,30.06,7.4,48
shaanxi_guanzhong,2004-07-02,34.1,19.5,0.0,4.24,17.21,6.8,43
shaanxi_guanzhong,2004-07-03,35.7,20.6,0.0,6.35,28.53,7.0,45
shaanxi_guanzhong,2004-07-04,35.3,22.6,0.0,5.2,19.36,18.1,48
shaanxi_guanzhong,2004-07-05,36.5,18.9,0.0,6.74,28.52,10.2,43
shaanxi_guanzhong,2004-07-06,35.0,18.8,0.0,6.87,29.04,12.1,34
shaanxi_guanzhong,2004-07-07,34.8,21.7,0.0,6.19,26.1,9.5,39
shaanxi_guanzhong,2004-07-08,35.9,24.1,0.3,6.05,25.57,10.7,44
shaanxi_guanzhong,2004-07-09,32.4,21.7,44.0,3.6,15.4,10.7,64
shaanxi_guanzhong,2004-07-10,24.7,20.1,23.7,2.32,11.58,6.4,84
shaanxi_guanzhong,2004-07-11,31.5,17.0,0.0,5.84,27.95,9.2,61
shaanxi_guanzhong,2004-07-12,30.7,17.5,0.0,5.27,24.51,9.5,55
shaanxi_guanzhong,2004-07-13,30.7,20.8,0.0,5.41,26.38,7.8,57
shaanxi_guanzhong,2004-07-14,28.1,19.5,0.0,3.65,17.19,13.6,70
shaanxi_guanzhong,2004-07-15,24.7,19.9,28.2,2.21,11.17,8.1,84
shaanxi_guanzhong,2004-07-16,21.7,19.8,11.4,1.08,4.67,6.2,89
shaanxi_guanzhong,2004-07-17,27.1,19.1,0.0,4.3,21.78,6.2,76
shaanxi_guanzhong,2004-07-18,29.2,17.7,0.0,4.77,23.72,7.3,68
shaanxi_guanzhong,2004-07-19,29.3,18.2,0.0,4.44,21.64,5.9,64
shaanxi_guanzhong,2004-07-20,28.6,20.9,2.7,4.18,20.19,10.1,71
shaanxi_guanzhong,2004-07-21,29.0,20.6,1.2,3.95,18.65,8.9,75
shaanxi_guanzhong,2004-07-22,32.7,20.8,0.0,5.22,23.26,9.2,67
shaanxi_guanzhong,2004-07-23,32.5,22.3,0.0,4.98,23.48,5.6,64
shaanxi_guanzhong,2004-07-24,33.6,22.8,0.0,5.11,23.3,6.1,61
shaanxi_guanzhong,2004-07-25,32.6,22.4,0.0,4.77,21.55,10.0,65
shaanxi_guanzhong,2004-07-26,28.1,22.6,6.0,2.2,9.85,11.3,76
shaanxi_guanzhong,2004-07-27,28.7,23.1,0.3,2.68,11.48,6.5,67
shaanxi_guanzhong,2004-07-28,30.1,21.5,2.3,4.27,20.22,6.0,70
shaanxi_guanzhong,2004-07-29,28.6,21.0,6.6,3.36,14.4,10.1,69
shaanxi_guanzhong,2004-07-30,26.5,21.7,0.5,2.93,14.08,4.6,67
shaanxi_guanzhong,2004-07-31,24.2,20.5,6.7,1.57,7.1,9.5,87
shaanxi_guanzhong,2004-08-01,28.0,21.0,4.8,2.86,13.3,11.6,81
shaanxi_guanzhong,2004-08-02,28.2,21.8,6.0,3.02,14.16,9.7,80
shaanxi_guanzhong,2004-08-03,30.6,21.8,8.4,3.9,18.23,8.1,77
shaanxi_guanzhong,2004-08-04,28.0,21.5,11.6,3.58,18.04,10.2,83
shaanxi_guanzhong,2004-08-05,28.2,19.6,1.2,4.48,22.04,11.4,71
shaanxi_guanzhong,2004-08-06,28.6,20.0,0.0,4.95,25.08,6.2,65
shaanxi_guanzhong,2004-08-07,30.4,19.3,0.0,4.69,23.18,6.9,75
shaanxi_guanzhong,2004-08-08,30.7,21.8,0.0,4.43,21.27,7.8,75
shaanxi_guanzhong,2004-08-09,31.9,24.7,0.1,4.58,21.54,7.1,74
shaanxi_guanzhong,2004-08-10,30.2,24.4,7.7,3.14,14.07,9.6,80
shaanxi_guanzhong,2004-08-11,30.2,23.7,5.2,3.06,14.13,9.9,81
shaanxi_guanzhong,2004-08-12,28.2,23.8,9.5,2.69,12.78,7.9,82
shaanxi_guanzhong,2004-08-13,28.1,22.6,5.5,3.21,15.39,10.3,84
shaanxi_guanzhong,2004-08-14,26.8,21.0,3.4,2.72,12.83,10.1,80
shaanxi_guanzhong,2004-08-15,24.6,19.9,2.2,2.32,11.2,6.9,78
shaanxi_guanzhong,2004-08-16,27.3,18.9,0.4,4.23,21.46,7.9,72
shaanxi_guanzhong,2004-08-17,29.5,17.7,0.0,5.18,25.8,9.1,65
shaanxi_guanzhong,2004-08-18,28.9,19.4,0.0,4.32,20.88,8.5,67
shaanxi_guanzhong,2004-08-19,27.8,20.3,8.1,3.56,15.76,13.9,73
shaanxi_guanzhong,2004-08-20,24.4,19.1,22.4,1.8,8.93,11.1,90
shaanxi_guanzhong,2004-08-21,25.5,18.0,0.0,3.55,18.75,10.1,81
shaanxi_guanzhong,2004-08-22,26.2,17.4,0.0,3.59,18.18,11.3,77
shaanxi_guanzhong,2004-08-23,25.3,17.4,0.0,2.59,12.74,9.8,78
shaanxi_guanzhong,2004-08-24,21.6,19.8,27.1,0.85,3.41,9.8,91
shaanxi_guanzhong,2004-08-25,24.4,20.0,4.3,2.67,13.64,7.2,82
shaanxi_guanzhong,2004-08-26,21.6,19.0,7.8,0.89,3.81,4.7,89
shaanxi_guanzhong,2004-08-27,20.4,18.5,11.1,0.86,3.66,6.5,92
shaanxi_guanzhong,2004-08-28,23.8,17.3,0.1,3.07,16.51,5.9,78
shaanxi_guanzhong,2004-08-29,24.3,16.9,0.4,2.36,12.11,5.8,74
shaanxi_guanzhong,2004-08-30,26.8,14.5,0.0,4.34,23.1,8.0,79
shaanxi_guanzhong,2004-08-31,28.4,17.4,0.0,4.02,20.62,4.5,77
shaanxi_guanzhong,2004-09-01,29.2,17.2,0.0,4.55,23.09,9.6,74
shaanxi_guanzhong,2004-09-02,26.8,20.4,1.3,2.53,11.26,14.3,78
shaanxi_guanzhong,2004-09-03,20.6,18.8,20.3,0.75,3.05,8.2,93
shaanxi_guanzhong,2004-09-04,19.5,18.7,8.4,0.6,2.19,4.4,93
shaanxi_guanzhong,2004-09-05,21.6,18.8,4.5,1.15,5.21,5.2,88
shaanxi_guanzhong,2004-09-06,25.7,16.8,2.1,2.67,12.76,8.6,81
shaanxi_guanzhong,2004-09-07,21.9,13.8,0.0,2.45,12.7,5.7,70
shaanxi_guanzhong,2004-09-08,25.7,11.1,0.0,4.37,23.97,6.8,65
shaanxi_guanzhong,2004-09-09,26.8,13.1,0.0,4.54,23.9,8.3,62
shaanxi_guanzhong,2004-09-10,25.6,14.0,2.2,3.65,19.41,10.9,69
shaanxi_guanzhong,2004-09-11,24.9,14.9,0.0,3.65,19.43,10.3,69
shaanxi_guanzhong,2004-09-12,24.5,15.9,1.5,3.19,16.53,8.9,71
shaanxi_guanzhong,2004-09-13,21.1,15.5,25.6,1.83,9.09,11.0,80
shaanxi_guanzhong,2004-09-14,23.2,11.9,0.2,3.54,20.35,7.3,78
shaanxi_guanzhong,2004-09-15,25.7,13.4,0.0,4.03,22.27,8.6,72
shaanxi_guanzhong,2004-09-16,25.4,16.0,0.5,2.82,14.59,6.1,76
shaanxi_guanzhong,2004-09-17,22.1,16.5,10.7,1.52,7.68,14.7,87
shaanxi_guanzhong,2004-09-18,19.0,16.0,8.3,1.1,5.45,4.9,88
shaanxi_guanzhong,2004-09-19,16.4,14.4,43.4,0.4,0.99,6.1,92
shaanxi_guanzhong,2004-09-20,21.6,11.2,0.0,2.53,14.35,4.6,78
shaanxi_guanzhong,2004-09-21,22.5,12.2,0.0,3.57,20.55,9.4,69
shaanxi_guanzhong,2004-09-22,23.1,14.9,0.0,2.95,16.52,7.9,72
shaanxi_guanzhong,2004-09-23,24.1,14.1,0.0,3.13,17.15,10.9,74
shaanxi_guanzhong,2004-09-24,19.0,15.5,26.4,0.53,1.78,8.3,91
shaanxi_guanzhong,2004-09-25,18.4,15.0,4.6,1.28,6.34,7.6,86
shaanxi_guanzhong,2004-09-26,20.9,12.5,0.0,2.49,14.46,5.9,82
shaanxi_guanzhong,2004-09-27,23.1,15.3,0.0,2.47,13.2,4.9,73
shaanxi_guanzhong,2004-09-28,23.8,12.8,0.0,3.27,18.4,5.9,78
shaanxi_guanzhong,2004-09-29,20.6,17.1,14.3,1.07,5.26,10.4,88
shaanxi_guanzhong,2004-09-30,18.5,8.8,20.3,1.19,4.08,22.1,78
shaanxi_guanzhong,2004-10-01,16.3,6.3,0.0,2.42,13.76,7.9,53
shaanxi_guanzhong,2004-10-02,17.9,3.9,0.0,3.13,20.06,6.0,60
shaanxi_guanzhong,2004-10-03,19.5,6.9,0.0,3.1,19.32,7.2,70
shaanxi_guanzhong,2004-10-04,19.7,8.0,0.0,2.87,17.54,8.8,76
shaanxi_guanzhong,2004-10-05,19.1,13.3,5.4,1.85,10.71,5.1,77
shaanxi_guanzhong,2004-10-06,22.4,9.6,0.0,3.15,18.39,5.2,69
shaanxi_guanzhong,2004-10-07,24.1,9.4,0.0,3.33,18.94,8.1,65
shaanxi_guanzhong,2004-10-08,22.3,7.9,0.0,3.32,19.33,10.2,68
shaanxi_guanzhong,2004-10-09,22.1,11.4,0.7,2.68,15.27,8.9,74
shaanxi_guanzhong,2004-10-10,17.5,9.2,11.3,1.57,6.21,16.7,74
shaanxi_guanzhong,2004-10-11,20.6,7.8,0.0,3.12,18.62,6.7,59
shaanxi_guanzhong,2004-10-12,19.3,7.2,0.0,2.74,16.51,8.4,65
shaanxi_guanzhong,2004-10-13,19.6,11.5,0.0,2.54,14.66,8.3,65
shaanxi_guanzhong,2004-10-14,14.5,11.8,9.9,0.87,4.4,10.5,82
shaanxi_guanzhong,2004-10-15,15.7,10.4,0.0,1.44,8.29,5.2,79
shaanxi_guanzhong,2004-10-16,12.7,11.6,14.1,0.45,1.59,7.1,93
shaanxi_guanzhong,2004-10-17,15.9,10.9,2.4,1.17,6.46,6.7,84
shaanxi_guanzhong,2004-10-18,17.9,9.2,0.0,2.2,13.74,8.9,80
shaanxi_guanzhong,2004-10-19,18.0,7.8,0.0,2.13,13.23,6.7,79
shaanxi_guanzhong,2004-10-20,16.2,9.8,1.2,1.41,5.67,15.9,73
shaanxi_guanzhong,2004-10-21,11.9,7.5,2.5,1.2,6.19,7.8,68
shaanxi_guanzhong,2004-10-22,9.7,7.4,11.3,0.56,2.79,8.5,86
shaanxi_guanzhong,2004-10-23,10.0,7.7,9.0,0.46,2.18,5.1,91
shaanxi_guanzhong,2004-10-24,16.5,5.8,0.0,2.31,16.16,7.8,79
shaanxi_guanzhong,2004-10-25,16.8,4.7,0.0,2.37,15.37,8.7,65
shaanxi_guanzhong,2004-10-26,13.0,5.0,0.0,2.45,16.0,12.0,48
shaanxi_guanzhong,2004-10-27,12.8,5.4,0.0,1.59,8.5,9.5,59
shaanxi_guanzhong,2004-10-28,15.5,7.5,0.0,1.8,11.98,7.0,74
shaanxi_guanzhong,2004-10-29,16.0,8.3,0.0,1.48,9.19,9.5,80
shaanxi_guanzhong,2004-10-30,15.0,10.4,5.2,0.91,5.14,8.6,87
shaanxi_guanzhong,2004-10-31,17.7,5.7,0.0,2.43,15.69,8.9,67
shaanxi_guanzhong,2004-11-01,17.0,3.0,0.0,2.34,15.39,6.5,60
shaanxi_guanzhong,2004-11-02,17.5,3.8,0.0,2.22,14.9,5.7,67
shaanxi_guanzhong,2004-11-03,18.3,4.8,0.0,2.19,14.26,7.0,75
shaanxi_guanzhong,2004-11-04,19.8,6.8,0.0,2.01,11.62,8.3,75
shaanxi_guanzhong,2004-11-05,16.9,4.3,0.0,2.14,14.4,6.3,64
shaanxi_guanzhong,2004-11-06,19.3,5.6,0.0,2.2,14.18,5.6,76
shaanxi_guanzhong,2004-11-07,19.6,6.7,0.2,2.03,12.48,7.2,76
shaanxi_guanzhong,2004-11-08,16.2,8.5,5.7,1.04,6.22,9.8,84
shaanxi_guanzhong,2004-11-09,14.7,8.9,2.2,1.17,5.9,14.1,81
shaanxi_guanzhong,2004-11-10,10.0,5.6,0.0,1.5,7.78,10.6,51
shaanxi_guanzhong,2004-11-11,12.0,3.0,0.3,1.65,9.39,11.4,51
shaanxi_guanzhong,2004-11-12,5.2,2.6,7.6,0.56,2.57,9.4,78
shaanxi_guanzhong,2004-11-13,7.3,1.6,0.0,0.63,4.47,4.6,83
shaanxi_guanzhong,2004-11-14,12.8,0.1,0.0,1.47,9.89,6.8,68
shaanxi_guanzhong,2004-11-15,11.8,-0.6,0.0,1.66,12.84,3.9,57
shaanxi_guanzhong,2004-11-16,11.8,0.0,0.0,1.47,10.67,8.0,63
shaanxi_guanzhong,2004-11-17,14.4,0.5,0.0,1.84,13.41,5.8,64
shaanxi_guanzhong,2004-11-18,14.5,1.0,0.0,1.81,13.23,5.0,70
shaanxi_guanzhong,2004-11-19,13.3,1.0,0.0,1.36,9.55,3.7,75
shaanxi_guanzhong,2004-11-20,11.9,3.3,0.0,1.31,9.55,6.2,71
shaanxi_guanzhong,2004-11-21,12.4,2.8,0.0,1.56,11.47,9.2,65
shaanxi_guanzhong,2004-11-22,10.0,4.1,1.9,0.63,3.95,7.2,83
shaanxi_guanzhong,2004-11-23,11.4,-0.1,1.3,1.27,9.22,5.7,73
shaanxi_guanzhong,2004-11-24,6.5,0.1,13.1,0.5,2.41,14.3,79
shaanxi_guanzhong,2004-11-25,2.3,-3.4,1.2,0.94,7.47,8.6,50
shaanxi_guanzhong,2004-11-26,5.1,-6.3,0.0,1.29,12.06,6.4,52
shaanxi_guanzhong,2004-11-27,9.0,-4.8,0.0,1.44,12.32,5.4,60
shaanxi_guanzhong,2004-11-28,11.9,-2.6,0.0,1.55,12.11,6.8,67
shaanxi_guanzhong,2004-11-29,13.6,-1.7,0.0,1.68,12.2,8.0,64
shaanxi_guanzhong,2004-11-30,8.3,3.8,3.6,0.56,3.32,5.1,75
shaanxi_guanzhong,2004-12-01,9.8,4.8,1.2,0.69,3.75,11.8,85
shaanxi_guanzhong,2004-12-02,7.6,5.4,6.4,0.39,2.17,11.3,93
shaanxi_guanzhong,2004-12-03,11.9,1.3,6.5,1.29,8.45,9.5,71
shaanxi_guanzhong,2004-12-04,11.1,-1.9,0.0,1.58,12.23,8.3,59
shaanxi_guanzhong,2004-12-05,9.7,1.5,0.4,1.4,11.03,13.0,61
shaanxi_guanzhong,2004-12-06,9.1,-2.2,0.0,1.76,11.52,13.3,46
shaanxi_guanzhong,2004-12-07,13.4,-2.1,0.0,1.62,11.98,6.6,53
shaanxi_guanzhong,2004-12-08,13.3,-0.7,0.0,1.54,11.68,5.8,64
shaanxi_guanzhong,2004-12-09,11.0,-1.5,0.0,1.47,9.96,12.1,62
shaanxi_guanzhong,2004-12-10,9.2,-2.4,0.3,1.1,8.02,7.1,62
shaanxi_guanzhong,2004-12-11,12.2,-0.3,0.0,1.41,10.78,5.8,71
shaanxi_guanzhong,2004-12-12,12.0,-1.4,0.0,1.5,11.39,10.0,69
shaanxi_guanzhong,2004-12-13,11.8,-0.6,0.0,1.26,9.47,6.5,75
shaanxi_guanzhong,2004-12-14,14.4,1.3,0.0,1.5,10.73,7.1,72
shaanxi_guanzhong,2004-12-15,13.8,0.4,0.0,1.5,10.68,7.9,71
shaanxi_guanzhong,2004-12-16,6.1,4.8,3.8,0.37,2.21,9.6,88
shaanxi_guanzhong,2004-12-17,10.2,0.5,0.0,1.3,10.85,9.0,80
shaanxi_guanzhong,2004-12-18,9.6,0.6,0.0,1.21,9.88,9.2,76
shaanxi_guanzhong,2004-12-19,7.5,0.7,0.3,0.66,5.02,7.0,84
shaanxi_guanzhong,2004-12-20,2.2,-1.5,2.7,0.71,3.8,16.7,75
shaanxi_guanzhong,2004-12-21,-1.8,-4.6,5.8,0.49,5.01,10.5,83
shaanxi_guanzhong,2004-12-22,-1.6,-6.5,0.5,0.42,3.91,8.0,84
shaanxi_guanzhong,2004-12-23,-0.9,-5.2,3.0,0.56,6.63,10.8,85
shaanxi_guanzhong,2004-12-24,0.4,-6.2,0.5,0.64,7.44,9.0,82
shaanxi_guanzhong,2004-12-25,1.8,-3.0,0.0,0.71,7.06,4.6,75
shaanxi_guanzhong,2004-12-26,1.4,-3.0,4.1,0.46,3.86,7.6,82
shaanxi_guanzhong,2004-12-27,0.3,-2.7,0.0,0.72,7.21,6.6,71
shaanxi_guanzhong,2004-12-28,2.1,-5.5,0.0,0.96,11.67,12.6,69
shaanxi_guanzhong,2004-12-29,-0.4,-3.8,0.9,0.64,5.17,13.0,65
shaanxi_guanzhong,2004-12-30,-3.7,-13.5,0.0,1.07,12.21,16.6,41
shaanxi_guanzhong,2004-12-31,-1.5,-8.0,0.0,1.08,12.15,7.9,36
shaanxi_guanzhong,2005-01-01,-0.3,-7.8,0.0,1.03,11.99,7.1,44
shaanxi_guanzhong,2005-01-02,3.0,-8.9,0.0,1.07,11.99,10.9,55
shaanxi_guanzhong,2005-01-03,4.6,-4.6,0.0,1.16,10.95,8.8,52
shaanxi_guanzhong,2005-01-04,2.8,-4.8,0.0,0.91,7.88,10.5,60
shaanxi_guanzhong,2005-01-05,4.6,-4.0,0.0,1.17,11.97,8.6,68
shaanxi_guanzhong,2005-01-06,7.2,-2.3,0.0,1.09,9.66,7.1,69
shaanxi_guanzhong,2005-01-07,2.7,-2.1,1.0,0.82,6.7,8.3,65
shaanxi_guanzhong,2005-01-08,2.5,-2.4,0.1,0.97,9.1,8.0,64
shaanxi_guanzhong,2005-01-09,4.4,-3.3,0.0,1.15,10.77,8.8,57
shaanxi_guanzhong,2005-01-10,4.8,-4.2,0.0,0.95,8.51,5.4,70
shaanxi_guanzhong,2005-01-11,5.0,-4.1,0.0,1.1,10.38,3.9,74
shaanxi_guanzhong,2005-01-12,3.4,-4.2,0.0,1.0,9.4,6.0,70
shaanxi_guanzhong,2005-01-13,4.5,-4.5,0.4,0.77,6.68,5.9,73
shaanxi_guanzhong,2005-01-14,5.8,-5.9,0.0,1.44,13.31,8.6,54
shaanxi_guanzhong,2005-01-15,5.2,-3.6,0.0,1.36,12.73,6.6,54
shaanxi_guanzhong,2005-01-16,6.2,-4.7,0.0,1.36,12.59,7.8,60
shaanxi_guanzhong,2005-01-17,7.2,-4.0,0.0,1.5,12.99,6.6,58
shaanxi_guanzhong,2005-01-18,4.8,-4.4,0.0,1.22,11.27,5.1,55
shaanxi_guanzhong,2005-01-19,4.4,-4.4,0.1,1.14,10.15,8.4,53
shaanxi_guanzhong,2005-01-20,4.5,-3.0,0.0,1.18,9.33,8.0,54
shaanxi_guanzhong,2005-01-21,3.7,-2.3,0.0,0.9,7.52,10.2,67
shaanxi_guanzhong,2005-01-22,6.8,-3.6,0.0,1.44,13.3,12.2,73
shaanxi_guanzhong,2005-01-23,5.5,-1.6,0.2,0.89,6.84,8.0,68
shaanxi_guanzhong,2005-01-24,5.7,-5.1,0.0,1.28,10.38,11.6,62
shaanxi_guanzhong,2005-01-25,4.6,-3.6,0.0,1.09,10.28,11.8,75
shaanxi_guanzhong,2005-01-26,2.5,-2.1,0.8,0.75,6.53,9.2,79
shaanxi_guanzhong,2005-01-27,5.6,-3.4,0.0,1.07,9.94,8.7,79
shaanxi_guanzhong,2005-01-28,9.1,-3.3,0.0,1.72,12.75,9.4,61
shaanxi_guanzhong,2005-01-29,0.5,-5.4,0.0,1.37,11.42,13.3,38
shaanxi_guanzhong,2005-01-30,2.7,-4.5,0.0,1.49,14.64,6.6,34
shaanxi_guanzhong,2005-01-31,6.3,-3.1,0.0,1.68,14.16,8.6,45
shaanxi_guanzhong,2005-02-01,3.0,-4.4,0.0,1.7,11.82,10.5,31
shaanxi_guanzhong,2005-02-02,5.3,-3.7,0.0,1.71,12.06,11.9,38
shaanxi_guanzhong,2005-02-03,7.2,-1.8,0.0,1.56,13.69,9.7,64
shaanxi_guanzhong,2005-02-04,6.9,-2.1,0.0,1.22,10.5,8.9,70
shaanxi_guanzhong,2005-02-05,3.2,-1.6,1.4,0.86,6.6,14.4,76
shaanxi_guanzhong,2005-02-06,-0.1,-3.3,0.4,0.66,5.53,9.4,74
shaanxi_guanzhong,2005-02-07,4.1,-4.3,0.1,1.28,12.14,11.6,72
shaanxi_guanzhong,2005-02-08,5.4,-4.0,0.7,1.24,11.63,13.5,72
shaanxi_guanzhong,2005-02-09,4.7,-1.7,0.1,1.3,11.16,7.3,66
shaanxi_guanzhong,2005-02-10,6.1,-4.4,0.0,1.85,15.08,17.1,52
shaanxi_guanzhong,2005-02-11,3.6,-2.2,0.0,1.1,8.81,13.1,68
shaanxi_guanzhong,2005-02-12,7.1,-3.6,0.0,1.71,15.64,8.7,70
shaanxi_guanzhong,2005-02-13,7.5,-2.0,0.0,1.44,11.0,12.1,69
shaanxi_guanzhong,2005-02-14,4.3,-2.1,0.6,0.96,8.25,7.7,79
shaanxi_guanzhong,2005-02-15,9.3,-1.0,0.0,1.66,12.71,7.4,66
shaanxi_guanzhong,2005-02-16,7.3,0.9,0.7,1.48,11.25,11.7,62
shaanxi_guanzhong,2005-02-17,2.5,0.1,10.0,0.54,4.44,7.9,88
shaanxi_guanzhong,2005-02-18,0.1,-5.3,5.2,0.78,7.47,8.7,71
shaanxi_guanzhong,2005-02-19,-1.1,-8.7,0.0,1.24,14.49,7.7,55
shaanxi_guanzhong,2005-02-20,3.6,-7.8,0.0,1.7,17.79,6.2,53
shaanxi_guanzhong,2005-02-21,10.4,-6.1,0.0,2.27,18.48,6.6,60
shaanxi_guanzhong,2005-02-22,13.9,-3.8,0.0,2.49,18.4,5.4,63
shaanxi_guanzhong,2005-02-23,13.7,-0.9,0.0,2.39,17.15,5.6,68
shaanxi_guanzhong,2005-02-24,12.7,0.8,0.0,2.25,17.13,10.1,71
shaanxi_guanzhong,2005-02-25,11.2,1.8,0.0,2.4,17.55,13.0,58
shaanxi_guanzhong,2005-02-26,6.3,-1.1,4.9,0.99,7.28,11.2,75
shaanxi_guanzhong,2005-02-27,10.5,1.3,0.3,1.83,13.84,6.8,69
shaanxi_guanzhong,2005-02-28,12.7,-3.3,0.0,2.5,18.92,11.1,63
shaanxi_guanzhong,2005-03-01,13.6,1.0,0.1,2.28,15.62,7.3,65
shaanxi_guanzhong,2005-03-02,7.8,1.1,2.1,1.22,8.94,10.6,71
shaanxi_guanzhong,2005-03-03,10.0,-2.4,0.0,2.76,20.12,16.6,46
shaanxi_guanzhong,2005-03-04,8.3,-3.4,0.0,2.25,15.8,22.1,35
shaanxi_guanzhong,2005-03-05,12.8,-3.4,0.0,2.81,20.58,9.7,44
shaanxi_guanzhong,2005-03-06,15.1,-1.6,0.0,2.85,19.85,9.5,55
shaanxi_guanzhong,2005-03-07,16.9,-0.1,0.0,3.15,20.83,6.4,50
shaanxi_guanzhong,2005-03-08,16.9,1.7,0.0,2.4,15.21,7.8,59
shaanxi_guanzhong,2005-03-09,20.1,3.4,0.0,3.19,20.05,4.8,66
shaanxi_guanzhong,2005-03-10,20.6,5.8,0.0,3.14,16.34,11.5,60
shaanxi_guanzhong,2005-03-11,8.2,-0.9,0.6,1.35,7.1,14.0,55
shaanxi_guanzhong,2005-03-12,6.0,-3.3,0.0,2.12,16.74,8.9,44
shaanxi_guanzhong,2005-03-13,9.1,-2.6,0.0,2.63,19.2,12.7,30
shaanxi_guanzhong,2005-03-14,16.5,1.3,0.0,3.05,19.93,6.7,51
shaanxi_guanzhong,2005-03-15,14.5,5.1,0.0,2.58,16.48,7.4,44
shaanxi_guanzhong,2005-03-16,9.0,3.6,1.7,1.06,6.6,7.4,69
shaanxi_guanzhong,2005-03-17,11.4,-0.2,0.0,2.39,16.0,8.0,51
shaanxi_guanzhong,2005-03-18,13.3,-2.3,0.0,3.24,19.79,13.1,35
shaanxi_guanzhong,2005-03-19,15.0,4.0,0.2,2.92,19.52,6.5,53
shaanxi_guanzhong,2005-03-20,14.7,4.6,1.5,1.8,9.87,11.5,66
shaanxi_guanzhong,2005-03-21,11.7,6.7,4.9,1.08,6.52,8.1,84
shaanxi_guanzhong,2005-03-22,13.2,3.9,0.6,1.8,11.77,6.8,76
shaanxi_guanzhong,2005-03-23,16.9,2.4,0.0,2.9,17.78,8.7,63
shaanxi_guanzhong,2005-03-24,14.8,3.4,0.0,3.32,21.51,11.6,40
shaanxi_guanzhong,2005-03-25,14.1,5.3,1.1,2.07,12.57,8.9,53
shaanxi_guanzhong,2005-03-26,15.0,6.2,0.0,1.99,12.3,6.5,72
shaanxi_guanzhong,2005-03-27,18.1,4.2,0.0,2.87,17.93,7.6,69
shaanxi_guanzhong,2005-03-28,19.8,3.9,0.0,3.36,19.06,10.8,64
shaanxi_guanzhong,2005-03-29,17.4,7.7,0.0,2.48,13.22,10.4,63
shaanxi_guanzhong,2005-03-30,16.7,7.4,0.0,2.46,14.85,5.6,63
shaanxi_guanzhong,2005-03-31,20.9,6.5,0.0,3.36,19.67,6.2,61
shaanxi_guanzhong,2005-04-01,22.0,9.9,0.0,3.36,17.35,7.2,48
shaanxi_guanzhong,2005-04-02,23.1,5.7,0.0,4.22,23.15,6.2,37
shaanxi_guanzhong,2005-04-03,23.4,6.2,0.0,4.6,24.96,10.8,33
shaanxi_guanzhong,2005-04-04,25.3,8.4,0.0,4.64,24.16,10.1,40
shaanxi_guanzhong,2005-04-05,27.3,10.5,0.0,4.65,23.23,10.2,50
shaanxi_guanzhong,2005-04-06,30.0,11.3,0.0,5.12,23.8,14.8,54
shaanxi_guanzhong,2005-04-07,29.4,13.7,0.6,4.35,20.29,13.5,51
shaanxi_guanzhong,2005-04-08,17.2,10.9,6.0,2.09,6.57,15.5,59
shaanxi_guanzhong,2005-04-09,14.9,6.6,0.1,3.94,22.16,20.9,33
shaanxi_guanzhong,2005-04-10,13.4,7.4,0.0,2.31,12.2,8.7,29
shaanxi_guanzhong,2005-04-11,13.3,5.5,0.0,2.36,11.24,14.5,47
shaanxi_guanzhong,2005-04-12,18.0,4.9,0.0,3.99,20.08,15.9,34
shaanxi_guanzhong,2005-04-13,19.8,2.1,0.0,3.8,22.15,5.5,34
shaanxi_guanzhong,2005-04-14,22.9,6.6,0.0,4.19,22.86,7.3,43
shaanxi_guanzhong,2005-04-15,22.2,8.8,0.0,4.03,21.91,8.2,47
shaanxi_guanzhong,2005-04-16,23.2,9.0,0.0,3.85,20.93,7.3,54
shaanxi_guanzhong,2005-04-17,24.4,9.6,0.0,4.5,24.1,7.1,43
shaanxi_guanzhong,2005-04-18,20.7,11.3,6.4,1.87,9.29,5.9,60
shaanxi_guanzhong,2005-04-19,21.6,7.5,0.0,4.37,24.84,13.0,56
shaanxi_guanzhong,2005-04-20,29.0,8.3,0.0,5.55,25.43,17.5,38
shaanxi_guanzhong,2005-04-21,25.0,13.0,0.0,4.8,24.33,9.8,27
shaanxi_guanzhong,2005-04-22,25.6,15.6,0.0,4.65,23.57,8.7,35
shaanxi_guanzhong,2005-04-23,26.6,12.9,0.0,4.34,20.51,9.5,48
shaanxi_guanzhong,2005-04-24,26.4,10.6,0.0,4.73,20.2,13.5,34
shaanxi_guanzhong,2005-04-25,28.0,9.8,0.0,5.28,27.03,8.1,29
shaanxi_guanzhong,2005-04-26,29.5,12.9,0.4,4.85,22.23,12.9,41
shaanxi_guanzhong,2005-04-27,30.9,14.0,0.0,5.02,24.77,5.6,48
shaanxi_guanzhong,2005-04-28,31.8,16.1,0.0,5.28,25.1,8.6,43
shaanxi_guanzhong,2005-04-29,28.1,16.9,0.0,3.83,17.64,6.5,49
shaanxi_guanzhong,2005-04-30,29.8,18.5,0.0,3.8,16.22,9.0,57
shaanxi_guanzhong,2005-05-01,28.4,16.6,0.0,5.92,27.08,10.7,32
shaanxi_guanzhong,2005-05-02,27.8,15.3,0.0,4.33,19.84,9.7,54
shaanxi_guanzhong,2005-05-03,28.9,16.1,0.1,4.49,20.94,11.5,56
shaanxi_guanzhong,2005-05-04,26.1,17.6,0.8,3.42,16.46,7.5,62
shaanxi_guanzhong,2005-05-05,24.5,11.9,0.5,6.27,24.81,21.8,28
shaanxi_guanzhong,2005-05-06,29.5,7.7,0.0,6.07,28.67,11.5,25
shaanxi_guanzhong,2005-05-07,31.0,11.4,0.0,5.67,25.08,9.4,36
shaanxi_guanzhong,2005-05-08,26.5,15.8,0.0,5.47,24.85,8.8,21
shaanxi_guanzhong,2005-05-09,29.4,14.7,0.0,5.03,24.55,5.9,37
shaanxi_guanzhong,2005-05-10,30.9,15.9,0.3,5.25,24.61,9.2,46
shaanxi_guanzhong,2005-05-11,30.6,15.5,0.0,5.8,25.17,11.5,45
shaanxi_guanzhong,2005-05-12,26.4,18.3,15.3,2.54,11.91,8.2,68
shaanxi_guanzhong,2005-05-13,20.8,17.1,5.4,2.0,9.61,7.6,80
shaanxi_guanzhong,2005-05-14,22.8,16.1,0.0,2.26,8.64,13.6,73
shaanxi_guanzhong,2005-05-15,22.8,16.0,4.3,2.5,10.92,12.3,75
shaanxi_guanzhong,2005-05-16,16.9,15.6,19.6,0.81,2.91,17.7,92
shaanxi_guanzhong,2005-05-17,25.0,14.2,0.5,5.68,28.58,18.4,51
shaanxi_guanzhong,2005-05-18,23.0,9.6,0.2,3.93,20.32,8.7,56
shaanxi_guanzhong,2005-05-19,22.9,15.4,0.0,2.84,13.71,7.6,64
shaanxi_guanzhong,2005-05-20,20.5,13.8,1.2,2.22,11.65,6.2,68
shaanxi_guanzhong,2005-05-21,25.7,10.8,0.0,4.07,19.76,8.5,62
shaanxi_guanzhong,2005-05-22,23.8,12.1,0.1,3.03,13.55,9.0,53
shaanxi_guanzhong,2005-05-23,24.7,13.1,0.0,4.27,22.27,7.1,61
shaanxi_guanzhong,2005-05-24,28.0,13.9,0.0,5.23,26.4,7.6,55
shaanxi_guanzhong,2005-05-25,26.4,16.9,0.0,3.34,15.74,7.7,60
shaanxi_guanzhong,2005-05-26,26.1,18.5,0.0,3.26,15.08,9.4,65
shaanxi_guanzhong,2005-05-27,30.4,16.6,0.0,5.48,26.44,7.6,58
shaanxi_guanzhong,2005-05-28,27.5,17.9,0.6,3.9,16.34,13.6,60
shaanxi_guanzhong,2005-05-29,25.6,18.9,4.6,2.52,11.85,6.3,70
shaanxi_guanzhong,2005-05-30,29.5,19.1,0.9,4.13,19.62,9.8,68
shaanxi_guanzhong,2005-05-31,25.4,16.6,0.6,2.24,10.11,8.4,80
shaanxi_guanzhong,2005-06-01,31.2,14.3,0.0,6.09,28.47,9.9,52
shaanxi_guanzhong,2005-06-02,32.3,15.0,0.0,5.52,26.3,6.6,38
shaanxi_guanzhong,2005-06-03,31.4,16.9,0.0,3.55,15.37,6.1,51
shaanxi_guanzhong,2005-06-04,26.8,20.5,3.3,2.07,8.28,7.0,67
shaanxi_guanzhong,2005-06-05,20.0,15.7,29.6,0.78,2.81,14.4,89
shaanxi_guanzhong,2005-06-06,26.3,10.6,0.0,5.43,29.12,8.4,65
shaanxi_guanzhong,2005-06-07,29.7,15.5,0.0,5.81,29.62,10.5,61
shaanxi_guanzhong,2005-06-08,28.4,18.1,5.6,4.27,20.92,8.9,66
shaanxi_guanzhong,2005-06-09,23.9,18.4,11.4,1.77,7.82,10.5,79
shaanxi_guanzhong,2005-06-10,29.7,13.4,0.0,5.49,28.36,5.4,60
shaanxi_guanzhong,2005-06-11,31.4,16.9,0.0,5.86,28.87,5.5,55
shaanxi_guanzhong,2005-06-12,32.2,16.8,0.0,6.12,29.85,6.5,54
shaanxi_guanzhong,2005-06-13,34.5,21.2,0.0,5.97,27.08,7.0,48
shaanxi_guanzhong,2005-06-14,34.5,20.4,0.0,5.81,26.78,7.4,45
shaanxi_guanzhong,2005-06-15,32.0,20.9,0.0,4.45,20.01,6.3,38
shaanxi_guanzhong,2005-06-16,26.2,19.7,1.4,3.03,13.15,9.7,57
shaanxi_guanzhong,2005-06-17,31.9,19.3,0.0,3.73,16.7,8.8,61
shaanxi_guanzhong,2005-06-18,35.7,18.7,0.0,6.4,28.27,11.2,46
shaanxi_guanzhong,2005-06-19,35.0,19.4,0.0,5.42,23.85,8.7,43
shaanxi_guanzhong,2005-06-20,36.2,22.2,0.0,4.61,16.65,10.7,47
shaanxi_guanzhong,2005-06-21,36.1,23.7,0.0,5.91,24.35,8.7,39
shaanxi_guanzhong,2005-06-22,35.9,20.6,0.0,6.36,28.31,7.4,43
shaanxi_guanzhong,2005-06-23,35.6,20.1,0.0,6.08,27.66,5.4,46
shaanxi_guanzhong,2005-06-24,33.1,22.0,5.2,4.01,14.36,17.8,60
shaanxi_guanzhong,2005-06-25,26.6,20.9,17.8,3.25,15.73,6.6,77
shaanxi_guanzhong,2005-06-26,32.4,16.8,0.0,5.91,28.2,11.0,61
shaanxi_guanzhong,2005-06-27,33.4,19.2,0.1,5.88,26.91,8.3,53
shaanxi_guanzhong,2005-06-28,30.2,21.8,1.9,4.68,20.38,11.5,58
shaanxi_guanzhong,2005-06-29,33.1,21.2,2.6,5.58,25.88,10.5,64
shaanxi_guanzhong,2005-06-30,30.9,24.3,4.6,3.3,13.94,12.3,72
shaanxi_guanzhong,2005-07-01,29.2,22.3,9.1,2.49,11.15,11.9,84
shaanxi_guanzhong,2005-07-02,24.7,19.6,21.1,1.15,4.84,15.9,90
shaanxi_guanzhong,2005-07-03,21.6,18.7,10.6,1.64,7.35,9.4,84
shaanxi_guanzhong,2005-07-04,23.0,18.4,22.8,1.45,6.66,5.0,84
shaanxi_guanzhong,2005-07-05,25.7,19.0,3.6,2.86,14.1,7.3,78
shaanxi_guanzhong,2005-07-06,24.9,20.8,5.0,2.69,13.27,7.6,79
shaanxi_guanzhong,2005-07-07,25.1,20.6,5.4,2.13,10.05,6.2,82
shaanxi_guanzhong,2005-07-08,26.5,20.5,16.6,3.68,18.63,5.7,78
shaanxi_guanzhong,2005-07-09,29.8,17.7,0.0,4.4,20.96,7.9,73
shaanxi_guanzhong,2005-07-10,31.4,18.7,0.0,5.39,24.51,13.6,63
shaanxi_guanzhong,2005-07-11,32.1,17.3,0.0,5.53,26.27,5.2,52
shaanxi_guanzhong,2005-07-12,33.5,18.0,0.0,6.05,29.19,5.2,54
shaanxi_guanzhong,2005-07-13,33.5,20.0,0.0,6.03,28.47,7.1,63
shaanxi_guanzhong,2005-07-14,33.1,19.8,0.0,6.03,28.72,5.2,59
shaanxi_guanzhong,2005-07-15,32.5,22.2,0.0,5.54,25.27,8.0,62
shaanxi_guanzhong,2005-07-16,33.6,21.8,0.2,5.43,23.55,14.7,65
shaanxi_guanzhong,2005-07-17,30.6,22.3,0.8,3.79,15.74,11.3,73
shaanxi_guanzhong,2005-07-18,29.5,23.6,4.1,2.75,12.41,10.1,78
shaanxi_guanzhong,2005-07-19,31.0,22.8,7.4,3.81,17.31,7.2,73
shaanxi_guanzhong,2005-07-20,30.3,21.6,2.6,4.24,19.82,7.6,70
shaanxi_guanzhong,2005-07-21,31.1,21.2,0.0,4.68,21.79,5.8,61
shaanxi_guanzhong,2005-07-22,31.6,20.6,0.0,4.85,22.56,7.2,60
shaanxi_guanzhong,2005-07-23,30.3,23.6,0.0,4.42,20.62,7.1,59
shaanxi_guanzhong,2005-07-24,31.0,23.7,2.5,3.94,18.03,7.0,68
shaanxi_guanzhong,2005-07-25,31.2,22.4,13.4,3.93,17.64,10.9,73
shaanxi_guanzhong,2005-07-26,32.6,22.2,0.0,4.32,19.67,8.8,69
shaanxi_guanzhong,2005-07-27,26.9,22.1,41.6,1.54,6.98,7.1,83
shaanxi_guanzhong,2005-07-28,29.8,19.5,0.0,4.83,23.75,6.3,75
shaanxi_guanzhong,2005-07-29,31.3,23.9,0.0,4.55,21.52,4.3,66
shaanxi_guanzhong,2005-07-30,30.9,23.9,1.7,3.95,18.77,6.5,74
shaanxi_guanzhong,2005-07-31,30.0,24.3,6.7,2.84,13.47,5.6,80
shaanxi_guanzhong,2005-08-01,30.5,23.6,5.2,3.05,14.07,5.1,75
shaanxi_guanzhong,2005-08-02,30.4,22.8,56.0,4.18,20.06,8.4,79
shaanxi_guanzhong,2005-08-03,31.5,19.1,0.0,5.33,26.07,6.6,73
shaanxi_guanzhong,2005-08-04,29.9,20.9,0.0,5.37,26.4,10.8,69
shaanxi_guanzhong,2005-08-05,28.0,20.9,0.8,3.81,18.59,8.8,72
shaanxi_guanzhong,2005-08-06,25.6,21.3,7.8,2.12,10.34,5.5,83
shaanxi_guanzhong,2005-08-07,26.3,20.3,18.8,2.66,13.11,11.3,85
shaanxi_guanzhong,2005-08-08,25.8,20.6,9.1,2.02,9.46,8.8,85
shaanxi_guanzhong,2005-08-09,26.2,21.5,8.9,2.3,11.24,6.3,85
shaanxi_guanzhong,2005-08-10,29.9,21.1,0.3,4.2,20.71,5.2,79
shaanxi_guanzhong,2005-08-11,31.7,23.1,0.4,3.85,18.11,7.7,77
shaanxi_guanzhong,2005-08-12,30.5,22.3,0.0,3.54,16.82,3.3,79
shaanxi_guanzhong,2005-08-13,31.9,22.2,10.9,4.52,21.82,6.1,76
shaanxi_guanzhong,2005-08-14,30.9,22.9,7.4,4.01,18.89,6.4,73
shaanxi_guanzhong,2005-08-15,25.6,20.3,25.0,1.48,4.78,16.2,83
shaanxi_guanzhong,2005-08-16,21.0,17.0,27.7,1.39,5.24,14.0,85
shaanxi_guanzhong,2005-08-17,19.6,16.7,22.1,1.18,5.41,9.1,87
shaanxi_guanzhong,2005-08-18,18.3,14.3,31.5,0.68,2.55,12.7,93
shaanxi_guanzhong,2005-08-19,16.0,13.2,20.0,0.89,4.25,8.2,91
shaanxi_guanzhong,2005-08-20,18.2,15.2,5.9,1.41,7.24,3.8,86
shaanxi_guanzhong,2005-08-21,22.3,15.2,0.0,3.89,22.23,5.9,71
shaanxi_guanzhong,2005-08-22,21.8,14.7,0.2,2.81,15.65,5.8,76
shaanxi_guanzhong,2005-08-23,23.3,15.7,0.1,3.34,18.13,10.0,80
shaanxi_guanzhong,2005-08-24,25.2,16.2,0.0,4.08,22.44,8.4,80
shaanxi_guanzhong,2005-08-25,25.4,16.8,0.0,3.76,20.09,7.1,77
shaanxi_guanzhong,2005-08-26,26.7,20.2,0.2,3.63,18.98,6.6,78
shaanxi_guanzhong,2005-08-27,24.4,18.1,6.2,1.98,9.66,6.8,84
shaanxi_guanzhong,2005-08-28,23.1,19.6,17.4,1.74,8.21,12.6,85
shaanxi_guanzhong,2005-08-29,25.1,19.3,0.1,3.18,16.58,5.1,76
shaanxi_guanzhong,2005-08-30,26.1,16.1,0.0,3.73,19.9,7.6,81
shaanxi_guanzhong,2005-08-31,26.2,19.6,0.3,3.36,17.13,5.4,76
shaanxi_guanzhong,2005-09-01,28.6,17.6,0.5,4.23,21.34,5.0,76
shaanxi_guanzhong,2005-09-02,27.4,18.3,1.1,3.9,20.07,6.8,73
shaanxi_guanzhong,2005-09-03,25.1,17.3,0.0,3.55,18.79,5.7,72
shaanxi_guanzhong,2005-09-04,22.8,16.3,0.0,2.64,12.64,9.3,69
shaanxi_guanzhong,2005-09-05,23.4,15.7,0.0,3.1,16.32,6.3,69
shaanxi_guanzhong,2005-09-06,25.5,18.2,0.0,3.64,19.12,5.5,66
shaanxi_guanzhong,2005-09-07,28.6,15.1,0.0,4.37,22.2,7.3,70
shaanxi_guanzhong,2005-09-08,29.2,14.1,0.0,4.65,23.98,4.4,59
shaanxi_guanzhong,2005-09-09,29.1,16.0,0.0,4.42,22.63,6.5,66
shaanxi_guanzhong,2005-09-10,29.4,17.8,0.0,4.5,23.0,7.3,70
shaanxi_guanzhong,2005-09-11,28.9,18.5,0.0,4.36,22.23,6.2,69
shaanxi_guanzhong,2005-09-12,28.4,18.8,0.0,4.22,21.27,8.4,67
shaanxi_guanzhong,2005-09-13,26.0,18.0,0.0,3.42,16.75,7.6,64
shaanxi_guanzhong,2005-09-14,27.9,19.5,0.0,3.83,19.32,8.4,66
shaanxi_guanzhong,2005-09-15,24.8,17.7,12.1,1.89,9.18,9.1,85
shaanxi_guanzhong,2005-09-16,21.7,15.9,18.1,1.11,4.26,10.8,84
shaanxi_guanzhong,2005-09-17,25.7,11.7,0.0,4.13,22.66,9.1,69
shaanxi_guanzhong,2005-09-18,26.9,17.0,0.0,3.42,17.9,8.1,72
shaanxi_guanzhong,2005-09-19,27.0,18.4,0.6,2.25,10.82,9.5,84
shaanxi_guanzhong,2005-09-20,26.3,17.6,18.1,1.88,8.76,19.0,89
shaanxi_guanzhong,2005-09-21,20.1,15.7,3.8,1.89,9.2,13.0,78
shaanxi_guanzhong,2005-09-22,19.9,14.7,10.7,1.62,8.55,8.7,83
shaanxi_guanzhong,2005-09-23,21.4,14.8,12.3,1.96,10.63,6.5,82
shaanxi_guanzhong,2005-09-24,20.1,15.0,19.2,1.05,5.06,6.8,88
shaanxi_guanzhong,2005-09-25,18.8,16.0,9.8,1.14,5.69,4.7,88
shaanxi_guanzhong,2005-09-26,16.2,14.9,26.1,0.52,1.84,9.3,92
shaanxi_guanzhong,2005-09-27,16.0,14.3,16.8,0.57,2.35,8.7,94
shaanxi_guanzhong,2005-09-28,18.0,14.8,8.9,0.83,4.05,7.7,95
shaanxi_guanzhong,2005-09-29,18.1,15.3,11.0,0.5,1.83,4.7,94
shaanxi_guanzhong,2005-09-30,17.8,16.0,10.0,0.82,3.84,5.6,90
shaanxi_guanzhong,2005-10-01,16.8,14.7,42.4,0.42,1.07,8.2,90
shaanxi_guanzhong,2005-10-02,14.6,13.6,31.3,0.43,1.29,6.0,93
shaanxi_guanzhong,2005-10-03,15.3,12.6,4.7,0.98,5.35,4.7,86
shaanxi_guanzhong,2005-10-04,17.5,10.7,0.0,1.55,8.91,8.1,84
shaanxi_guanzhong,2005-10-05,19.5,11.7,0.0,2.08,12.41,9.4,82
shaanxi_guanzhong,2005-10-06,16.9,12.7,11.2,0.74,2.58,14.0,87
shaanxi_guanzhong,2005-10-07,18.8,7.8,0.0,3.17,19.98,7.6,56
shaanxi_guanzhong,2005-10-08,17.3,6.5,0.0,1.92,11.02,5.5,64
shaanxi_guanzhong,2005-10-09,19.9,8.8,0.0,2.58,15.81,8.0,68
shaanxi_guanzhong,2005-10-10,21.5,9.5,0.0,3.0,18.16,9.8,75
shaanxi_guanzhong,2005-10-11,20.1,12.4,0.0,2.08,11.73,9.2,80
shaanxi_guanzhong,2005-10-12,16.5,12.4,3.0,0.99,5.16,6.6,89
shaanxi_guanzhong,2005-10-13,15.0,9.3,6.1,1.29,5.52,15.5,72
shaanxi_guanzhong,2005-10-14,13.4,7.8,0.0,1.49,9.01,4.0,63
shaanxi_guanzhong,2005-10-15,19.3,6.2,0.0,2.89,18.19,3.9,61
shaanxi_guanzhong,2005-10-16,21.0,5.8,0.0,2.93,17.99,3.9,67
shaanxi_guanzhong,2005-10-17,20.5,6.9,1.7,2.81,16.83,9.0,77
shaanxi_guanzhong,2005-10-18,15.9,12.5,3.3,1.07,5.25,11.3,84
shaanxi_guanzhong,2005-10-19,14.7,12.2,6.9,0.69,3.37,7.7,91
shaanxi_guanzhong,2005-10-20,13.8,11.4,13.1,0.52,1.94,11.6,90
shaanxi_guanzhong,2005-10-21,16.3,8.9,0.0,1.23,6.66,6.9,70
shaanxi_guanzhong,2005-10-22,12.7,10.1,4.3,0.84,4.8,7.4,84
shaanxi_guanzhong,2005-10-23,17.2,5.6,0.0,2.35,15.54,6.3,72
shaanxi_guanzhong,2005-10-24,17.6,4.2,0.0,2.38,15.44,7.9,72
shaanxi_guanzhong,2005-10-25,18.4,4.8,0.0,2.41,15.72,6.8,76
shaanxi_guanzhong,2005-10-26,16.3,7.6,4.9,1.57,9.24,17.1,82
shaanxi_guanzhong,2005-10-27,14.7,7.2,1.8,2.02,13.08,10.5,65
shaanxi_guanzhong,2005-10-28,12.6,4.0,0.0,1.52,9.67,4.3,53
shaanxi_guanzhong,2005-10-29,16.4,3.0,2.5,2.33,15.85,7.3,66
shaanxi_guanzhong,2005-10-30,14.2,3.5,0.7,2.27,16.19,8.2,68
shaanxi_guanzhong,2005-10-31,13.8,3.9,0.0,1.69,11.61,7.0,68
shaanxi_guanzhong,2005-11-01,16.8,6.3,0.2,2.0,13.2,6.1,75
shaanxi_guanzhong,2005-11-02,18.1,5.8,0.0,2.07,13.4,5.6,77
shaanxi_guanzhong,2005-11-03,17.1,8.7,0.0,1.36,8.09,3.3,78
shaanxi_guanzhong,2005-11-04,18.2,8.8,0.0,1.71,10.43,8.5,82
shaanxi_guanzhong,2005-11-05,17.6,8.1,1.0,1.61,7.59,13.4,71
shaanxi_guanzhong,2005-11-06,17.5,4.6,0.0,2.21,14.62,5.0,58
shaanxi_guanzhong,2005-11-07,17.6,5.6,0.0,2.0,13.0,7.7,61
shaanxi_guanzhong,2005-11-08,15.0,4.4,0.6,1.25,7.03,8.2,70
shaanxi_guanzhong,2005-11-09,17.4,6.0,0.0,1.92,12.55,5.0,73
shaanxi_guanzhong,2005-11-10,16.6,7.5,0.7,1.7,10.95,5.4,76
shaanxi_guanzhong,2005-11-11,17.7,4.1,0.1,2.11,13.71,9.7,74
shaanxi_guanzhong,2005-11-12,15.7,8.2,3.2,1.46,9.22,7.4,75
shaanxi_guanzhong,2005-11-13,11.8,6.3,12.1,0.66,3.27,10.5,84
shaanxi_guanzhong,2005-11-14,9.2,5.2,1.0,0.79,4.68,7.6,77
shaanxi_guanzhong,2005-11-15,11.2,5.1,0.0,1.34,9.65,8.9,68
shaanxi_guanzhong,2005-11-16,10.7,5.2,0.0,1.23,8.99,3.9,72
shaanxi_guanzhong,2005-11-17,11.4,4.4,0.5,1.34,9.64,6.6,74
shaanxi_guanzhong,2005-11-18,11.1,4.8,1.8,1.32,9.03,7.6,69
shaanxi_guanzhong,2005-11-19,11.6,0.5,0.0,1.59,12.16,7.8,68
shaanxi_guanzhong,2005-11-20,10.0,2.6,0.0,1.17,8.99,6.8,76
shaanxi_guanzhong,2005-11-21,8.3,3.4,0.2,0.71,4.82,6.8,84
shaanxi_guanzhong,2005-11-22,7.4,2.5,0.0,0.78,5.7,7.7,83
shaanxi_guanzhong,2005-11-23,10.0,-2.3,0.0,1.54,12.92,5.7,70
shaanxi_guanzhong,2005-11-24,11.6,-2.1,0.0,1.57,12.65,3.7,66
shaanxi_guanzhong,2005-11-25,13.3,-1.5,0.0,1.65,12.67,4.2,66
shaanxi_guanzhong,2005-11-26,15.4,1.0,0.0,1.75,12.46,5.9,62
shaanxi_guanzhong,2005-11-27,12.5,1.5,0.0,1.8,8.58,16.1,60
shaanxi_guanzhong,2005-11-28,8.4,-2.7,0.0,1.59,9.99,11.3,46
shaanxi_guanzhong,2005-11-29,10.9,-3.5,0.0,1.46,11.51,5.8,53
shaanxi_guanzhong,2005-11-30,11.2,-2.5,0.0,1.49,10.99,6.8,59
shaanxi_guanzhong,2005-12-01,6.7,-0.8,0.0,0.94,6.83,3.6,52
shaanxi_guanzhong,2005-12-02,7.3,-0.4,0.0,0.96,6.88,9.2,61
shaanxi_guanzhong,2005-12-03,4.1,-6.0,0.0,1.59,9.39,18.9,45
shaanxi_guanzhong,2005-12-04,0.9,-6.8,0.0,1.3,11.63,9.3,35
shaanxi_guanzhong,2005-12-05,-0.5,-5.8,0.0,1.25,10.05,9.5,30
shaanxi_guanzhong,2005-12-06,3.4,-6.3,0.0,1.32,11.49,7.6,36
shaanxi_guanzhong,2005-12-07,6.2,-3.9,0.0,1.29,11.71,7.3,52
shaanxi_guanzhong,2005-12-08,7.2,-3.1,0.0,1.27,11.45,7.5,62
shaanxi_guanzhong,2005-12-09,8.1,-3.6,0.0,1.29,11.14,8.4,68
shaanxi_guanzhong,2005-12-10,4.3,-1.0,0.0,1.08,7.0,11.4,53
shaanxi_guanzhong,2005-12-11,2.8,-2.9,0.0,1.09,9.26,8.6,49
shaanxi_guanzhong,2005-12-12,2.4,-5.1,0.0,1.22,11.24,6.9,40
shaanxi_guanzhong,2005-12-13,0.8,-5.7,0.0,1.07,9.56,7.3,43
shaanxi_guanzhong,2005-12-14,1.8,-4.6,0.0,1.33,11.66,11.2,39
shaanxi_guanzhong,2005-12-15,4.0,-6.4,0.0,1.22,11.69,6.4,43
shaanxi_guanzhong,2005-12-16,7.1,-5.1,0.0,1.31,11.5,5.0,46
shaanxi_guanzhong,2005-12-17,3.0,-5.2,0.0,1.3,11.86,7.2,35
shaanxi_guanzhong,2005-12-18,4.6,-5.3,0.0,1.14,10.67,4.9,43
shaanxi_guanzhong,2005-12-19,6.8,-5.1,0.0,1.29,11.33,8.2,55
shaanxi_guanzhong,2005-12-20,4.1,-5.0,0.0,1.56,11.3,13.8,41
shaanxi_guanzhong,2005-12-21,2.5,-7.6,0.0,1.32,11.99,8.4,31
shaanxi_guanzhong,2005-12-22,7.9,-6.4,0.0,1.41,11.88,7.5,39
shaanxi_guanzhong,2005-12-23,8.4,-5.0,0.0,1.38,10.65,9.2,44
shaanxi_guanzhong,2005-12-24,8.4,-3.8,0.0,1.24,10.44,5.1,47
shaanxi_guanzhong,2005-12-25,9.7,-4.2,0.0,1.42,11.71,5.2,46
shaanxi_guanzhong,2005-12-26,9.0,-2.0,0.0,1.5,11.35,10.0,47
shaanxi_guanzhong,2005-12-27,8.4,-4.0,0.0,1.39,10.94,10.6,54
shaanxi_guanzhong,2005-12-28,7.3,-1.2,0.0,1.24,11.34,9.4,67
shaanxi_guanzhong,2005-12-29,5.5,-2.8,0.0,0.84,7.57,9.5,80
shaanxi_guanzhong,2005-12-30,4.3,-0.5,0.2,0.67,6.13,6.4,88
shaanxi_guanzhong,2005-12-31,5.2,-2.7,0.0,0.9,9.12,7.4,86
shaanxi_guanzhong,2006-01-01,7.2,-2.7,0.0,1.33,11.28,6.1,62
shaanxi_guanzhong,2006-01-02,6.6,-1.8,0.0,1.19,9.31,10.0,56
shaanxi_guanzhong,2006-01-03,4.3,-2.9,0.9,0.82,6.87,6.9,70
shaanxi_guanzhong,2006-01-04,0.8,-2.7,9.3,0.4,3.16,6.6,87
shaanxi_guanzhong,2006-01-05,-3.9,-5.9,0.7,0.69,7.89,9.2,66
shaanxi_guanzhong,2006-01-06,-1.6,-9.2,0.0,1.18,12.41,9.9,44
shaanxi_guanzhong,2006-01-07,-0.6,-8.0,0.0,1.11,12.39,7.8,40
shaanxi_guanzhong,2006-01-08,5.6,-7.1,0.0,1.33,12.9,5.3,44
shaanxi_guanzhong,2006-01-09,8.3,-7.2,0.0,1.47,12.77,7.3,50
shaanxi_guanzhong,2006-01-10,10.2,-5.5,0.0,1.61,12.79,9.8,56
shaanxi_guanzhong,2006-01-11,6.8,-3.3,0.0,1.32,12.09,13.7,65
shaanxi_guanzhong,2006-01-12,7.7,-3.5,0.0,1.26,11.28,5.5,74
shaanxi_guanzhong,2006-01-13,6.3,-3.0,0.0,1.18,9.4,7.7,53
shaanxi_guanzhong,2006-01-14,6.4,-1.8,0.0,1.04,8.39,6.7,59
shaanxi_guanzhong,2006-01-15,5.7,-3.4,0.0,1.06,8.49,11.3,64
shaanxi_guanzhong,2006-01-16,6.6,-1.8,0.0,1.12,9.23,10.3,64
shaanxi_guanzhong,2006-01-17,3.4,-0.7,4.2,0.44,3.8,7.8,91
shaanxi_guanzhong,2006-01-18,1.4,-1.4,11.6,0.44,3.79,12.7,90
shaanxi_guanzhong,2006-01-19,-0.4,-3.3,8.9,0.61,7.41,9.3,90
shaanxi_guanzhong,2006-01-20,-0.1,-4.7,0.4,0.77,8.08,6.4,81
shaanxi_guanzhong,2006-01-21,4.1,-6.9,0.0,1.39,14.23,6.2,65
shaanxi_guanzhong,2006-01-22,0.6,-7.7,0.0,1.06,11.43,5.5,64
shaanxi_guanzhong,2006-01-23,1.1,-6.1,0.0,0.98,10.96,7.7,68
shaanxi_guanzhong,2006-01-24,2.0,-4.9,0.0,1.09,11.49,4.1,75
shaanxi_guanzhong,2006-01-25,2.5,-3.3,0.0,1.07,11.16,5.2,79
shaanxi_guanzhong,2006-01-26,5.9,-6.0,0.0,1.46,14.74,7.6,74
shaanxi_guanzhong,2006-01-27,7.4,-3.5,0.1,1.34,12.12,6.3,65
shaanxi_guanzhong,2006-01-28,10.2,-3.0,0.0,1.65,14.45,11.4,73
shaanxi_guanzhong,2006-01-29,6.6,-2.6,0.0,1.18,10.07,7.3,74
shaanxi_guanzhong,2006-01-30,6.0,-0.2,0.0,1.02,9.28,11.4,79
shaanxi_guanzhong,2006-01-31,9.2,-1.3,0.0,1.3,10.43,8.4,78
shaanxi_guanzhong,2006-02-01,9.3,-0.3,0.0,1.53,12.94,11.0,71
shaanxi_guanzhong,2006-02-02,6.3,1.3,0.4,0.81,6.24,4.2,79
shaanxi_guanzhong,2006-02-03,3.0,-0.1,0.8,0.73,5.68,10.3,80
shaanxi_guanzhong,2006-02-04,2.2,-2.5,5.1,0.77,5.71,9.5,74
shaanxi_guanzhong,2006-02-05,7.4,-0.6,1.7,1.55,14.12,6.9,79
shaanxi_guanzhong,2006-02-06,9.3,-2.6,0.0,1.81,14.22,14.8,61
shaanxi_guanzhong,2006-02-07,7.1,-4.1,0.0,1.85,14.87,9.0,49
shaanxi_guanzhong,2006-02-08,0.9,-3.1,0.3,0.85,5.25,7.9,53
shaanxi_guanzhong,2006-02-09,7.2,-4.0,0.0,1.54,13.71,4.8,70
shaanxi_guanzhong,2006-02-10,14.6,-2.0,0.0,2.26,16.53,5.2,62
shaanxi_guanzhong,2006-02-11,14.2,-1.7,0.0,2.29,16.3,10.7,64
shaanxi_guanzhong,2006-02-12,13.9,1.3,0.0,2.1,15.71,11.4,65
shaanxi_guanzhong,2006-02-13,15.4,4.0,1.4,2.13,14.72,4.7,69
shaanxi_guanzhong,2006-02-14,8.5,1.6,1.3,0.82,4.79,9.0,74
shaanxi_guanzhong,2006-02-15,4.0,0.9,7.3,0.5,3.35,8.8,87
shaanxi_guanzhong,2006-02-16,2.9,-4.3,0.2,1.09,9.26,7.9,62
shaanxi_guanzhong,2006-02-17,4.2,-2.5,0.0,1.34,11.46,12.2,54
shaanxi_guanzhong,2006-02-18,7.5,-5.0,0.0,1.56,13.42,5.4,59
shaanxi_guanzhong,2006-02-19,11.2,-4.8,0.0,2.24,17.78,7.4,65
shaanxi_guanzhong,2006-02-20,15.9,-1.3,0.0,2.51,17.24,7.3,65
shaanxi_guanzhong,2006-02-21,11.1,2.2,0.0,2.32,14.44,17.3,53
shaanxi_guanzhong,2006-02-22,10.6,-3.0,0.0,1.99,15.16,10.2,58
shaanxi_guanzhong,2006-02-23,10.4,2.0,0.0,1.65,12.18,4.4,60
shaanxi_guanzhong,2006-02-24,13.4,0.4,0.0,2.25,16.87,8.0,73
shaanxi_guanzhong,2006-02-25,11.4,1.2,0.0,1.59,11.31,6.8,77
shaanxi_guanzhong,2006-02-26,5.5,-1.6,6.8,0.69,3.84,15.7,80
shaanxi_guanzhong,2006-02-27,-0.3,-3.5,5.8,0.65,6.26,9.7,82
shaanxi_guanzhong,2006-02-28,7.9,-3.5,0.0,1.6,12.88,7.9,64
shaanxi_guanzhong,2006-03-01,10.0,-5.5,0.0,2.42,19.65,5.2,58
shaanxi_guanzhong,2006-03-02,13.7,-2.7,0.0,2.41,17.11,6.1,63
shaanxi_guanzhong,2006-03-03,15.0,-0.7,0.0,2.66,19.06,7.2,67
shaanxi_guanzhong,2006-03-04,15.6,1.0,0.0,2.72,18.48,7.1,66
shaanxi_guanzhong,2006-03-05,16.0,2.4,0.1,2.23,14.49,6.5,70
shaanxi_guanzhong,2006-03-06,17.8,1.2,0.0,2.94,19.49,7.9,69
shaanxi_guanzhong,2006-03-07,13.3,3.4,4.9,1.23,7.92,4.6,81
shaanxi_guanzhong,2006-03-08,19.1,4.0,0.0,3.21,20.44,7.5,69
shaanxi_guanzhong,2006-03-09,18.6,5.2,0.1,2.63,16.61,8.4,73
shaanxi_guanzhong,2006-03-10,16.9,5.1,0.0,2.6,16.38,5.4,59
shaanxi_guanzhong,2006-03-11,10.5,4.1,0.4,1.48,7.03,11.9,58
shaanxi_guanzhong,2006-03-12,3.5,-2.6,2.6,1.27,6.19,13.6,45
shaanxi_guanzhong,2006-03-13,6.7,-4.6,0.0,2.51,22.05,8.1,48
shaanxi_guanzhong,2006-03-14,9.0,-4.4,0.0,2.58,21.07,6.1,45
shaanxi_guanzhong,2006-03-15,13.4,-1.8,0.0,3.09,21.59,13.6,45
shaanxi_guanzhong,2006-03-16,16.9,-0.6,0.0,3.27,21.39,11.8,48
shaanxi_guanzhong,2006-03-17,15.5,2.5,0.4,3.04,15.73,16.9,45
shaanxi_guanzhong,2006-03-18,14.3,2.8,0.0,2.96,19.29,7.4,40
shaanxi_guanzhong,2006-03-19,18.3,2.2,0.0,3.36,21.54,7.4,55
shaanxi_guanzhong,2006-03-20,18.5,4.0,0.0,2.86,17.42,6.0,68
shaanxi_guanzhong,2006-03-21,13.8,7.7,0.5,1.56,8.88,8.3,67
shaanxi_guanzhong,2006-03-22,11.7,4.3,0.0,1.83,10.48,7.2,59
shaanxi_guanzhong,2006-03-23,15.5,0.7,0.0,3.2,22.09,6.9,52
shaanxi_guanzhong,2006-03-24,16.7,3.9,0.0,3.09,19.38,5.4,52
shaanxi_guanzhong,2006-03-25,18.9,6.8,0.2,3.59,21.57,8.3,42
shaanxi_guanzhong,2006-03-26,15.6,4.6,0.0,2.57,14.26,9.0,49
shaanxi_guanzhong,2006-03-27,22.0,2.9,0.0,4.16,23.13,15.1,43
shaanxi_guanzhong,2006-03-28,16.2,2.6,0.0,3.87,23.58,10.0,30
shaanxi_guanzhong,2006-03-29,22.6,3.6,0.0,4.0,23.36,7.3,39
shaanxi_guanzhong,2006-03-30,23.2,5.7,1.0,3.95,21.73,5.8,48
shaanxi_guanzhong,2006-03-31,24.7,9.5,2.6,4.49,22.8,18.1,60
shaanxi_guanzhong,2006-04-01,20.9,8.9,0.0,5.12,24.54,15.3,30
shaanxi_guanzhong,2006-04-02,24.5,7.0,0.0,4.37,23.0,7.6,34
shaanxi_guanzhong,2006-04-03,21.9,15.0,1.0,2.25,11.26,5.7,61
shaanxi_guanzhong,2006-04-04,15.9,10.6,1.2,1.98,6.66,14.4,59
shaanxi_guanzhong,2006-04-05,17.7,8.1,0.0,2.59,15.06,6.8,60
shaanxi_guanzhong,2006-04-06,22.3,5.7,0.0,4.07,23.57,5.7,60
shaanxi_guanzhong,2006-04-07,24.6,8.7,0.0,4.23,23.5,7.0,59
shaanxi_guanzhong,2006-04-08,24.6,11.6,0.0,3.37,17.7,7.6,59
shaanxi_guanzhong,2006-04-09,24.2,12.4,0.0,3.8,19.72,9.7,62
shaanxi_guanzhong,2006-04-10,28.5,11.6,0.0,4.96,24.87,9.1,58
shaanxi_guanzhong,2006-04-11,16.9,4.9,1.9,3.25,12.81,25.6,47
shaanxi_guanzhong,2006-04-12,9.5,2.0,0.0,2.61,12.14,14.2,30
shaanxi_guanzhong,2006-04-13,10.4,1.6,0.0,2.29,15.62,5.6,37
shaanxi_guanzhong,2006-04-14,14.6,3.8,0.0,2.91,18.57,6.5,41
shaanxi_guanzhong,2006-04-15,19.7,3.5,0.0,3.89,22.53,5.6,37
shaanxi_guanzhong,2006-04-16,23.6,5.2,0.0,4.6,25.8,9.5,47
shaanxi_guanzhong,2006-04-17,24.1,8.0,0.0,4.37,24.3,6.9,55
shaanxi_guanzhong,2006-04-18,25.9,9.5,0.0,4.69,24.47,8.0,45
shaanxi_guanzhong,2006-04-19,23.7,10.0,0.0,5.09,24.03,14.9,33
shaanxi_guanzhong,2006-04-20,21.7,10.8,0.0,3.65,14.98,13.6,42
shaanxi_guanzhong,2006-04-21,20.2,11.1,0.2,1.91,9.96,5.8,69
shaanxi_guanzhong,2006-04-22,25.1,9.1,0.0,4.34,23.31,6.7,58
shaanxi_guanzhong,2006-04-23,18.6,10.5,1.6,2.88,14.77,9.0,48
shaanxi_guanzhong,2006-04-24,24.1,7.8,0.0,4.1,22.23,6.4,63
shaanxi_guanzhong,2006-04-25,22.7,11.0,20.2,3.62,19.44,8.7,71
shaanxi_guanzhong,2006-04-26,22.9,8.8,1.9,3.55,18.42,10.9,62
shaanxi_guanzhong,2006-04-27,19.8,9.4,4.4,3.25,19.13,11.3,69
shaanxi_guanzhong,2006-04-28,25.7,8.8,0.0,5.71,27.39,20.2,49
shaanxi_guanzhong,2006-04-29,32.1,9.9,0.0,6.26,27.08,14.8,49
shaanxi_guanzhong,2006-04-30,32.7,14.3,0.0,5.6,26.69,8.4,56
shaanxi_guanzhong,2006-05-01,33.6,14.4,0.0,5.95,26.75,11.2,50
shaanxi_guanzhong,2006-05-02,30.8,15.6,0.0,5.68,25.8,16.4,57
shaanxi_guanzhong,2006-05-03,28.4,16.3,0.0,4.83,23.28,12.1,66
shaanxi_guanzhong,2006-05-04,21.6,17.0,14.3,1.14,5.21,8.7,82
shaanxi_guanzhong,2006-05-05,26.0,13.2,0.0,4.32,22.19,7.9,71
shaanxi_guanzhong,2006-05-06,25.7,13.3,0.0,4.26,22.24,9.3,65
shaanxi_guanzhong,2006-05-07,27.7,16.3,0.0,4.34,21.42,9.4,66
shaanxi_guanzhong,2006-05-08,26.6,16.0,0.0,4.17,20.78,8.8,70
shaanxi_guanzhong,2006-05-09,20.8,14.1,1.2,2.24,6.71,14.5,63
shaanxi_guanzhong,2006-05-10,18.7,11.2,0.7,2.88,14.19,9.7,61
shaanxi_guanzhong,2006-05-11,15.7,11.6,18.0,0.79,2.78,14.7,87
shaanxi_guanzhong,2006-05-12,19.2,10.0,3.4,2.56,12.41,9.7,71
shaanxi_guanzhong,2006-05-13,21.3,9.7,0.0,4.68,24.5,13.1,47
shaanxi_guanzhong,2006-05-14,23.3,7.7,0.0,5.03,28.09,9.2,43
shaanxi_guanzhong,2006-05-15,25.9,8.3,0.0,5.28,28.72,5.9,52
shaanxi_guanzhong,2006-05-16,29.4,12.4,0.0,5.44,27.87,6.9,55
shaanxi_guanzhong,2006-05-17,30.4,13.9,0.0,5.4,26.48,6.5,52
shaanxi_guanzhong,2006-05-18,29.5,14.7,0.0,4.86,24.27,6.5,53
shaanxi_guanzhong,2006-05-19,30.1,14.6,0.0,5.56,27.85,6.1,55
shaanxi_guanzhong,2006-05-20,22.4,13.4,6.6,2.65,9.61,24.3,69
shaanxi_guanzhong,2006-05-21,23.3,12.0,3.3,3.22,16.83,7.1,70
shaanxi_guanzhong,2006-05-22,26.0,9.1,0.0,5.39,28.62,7.4,53
shaanxi_guanzhong,2006-05-23,28.0,12.9,0.2,4.94,25.21,9.8,59
shaanxi_guanzhong,2006-05-24,24.3,17.7,25.4,3.08,15.66,6.6,78
shaanxi_guanzhong,2006-05-25,25.9,12.3,0.0,5.28,27.98,14.6,70
shaanxi_guanzhong,2006-05-26,26.6,15.2,4.0,5.77,27.75,19.6,53
shaanxi_guanzhong,2006-05-27,27.6,11.5,0.0,5.5,28.47,6.6,48
shaanxi_guanzhong,2006-05-28,28.2,12.0,0.0,5.54,28.57,7.3,52
shaanxi_guanzhong,2006-05-29,29.6,14.5,0.0,5.5,27.71,8.4,57
shaanxi_guanzhong,2006-05-30,29.8,14.9,0.0,5.6,28.59,6.4,58
shaanxi_guanzhong,2006-05-31,29.8,17.7,0.0,4.82,23.03,8.8,56
shaanxi_guanzhong,2006-06-01,31.1,18.1,0.0,5.66,27.42,9.1,56
shaanxi_guanzhong,2006-06-02,30.3,20.5,1.2,4.21,19.24,6.9,60
shaanxi_guanzhong,2006-06-03,23.1,19.3,72.1,0.84,3.41,6.0,90
shaanxi_guanzhong,2006-06-04,23.6,17.8,1.2,2.77,14.32,9.0,83
shaanxi_guanzhong,2006-06-05,24.8,19.5,0.0,2.57,12.38,5.6,73
shaanxi_guanzhong,2006-06-06,25.9,18.9,0.0,4.16,21.49,5.8,70
shaanxi_guanzhong,2006-06-07,28.7,16.9,0.0,4.02,17.92,9.4,67
shaanxi_guanzhong,2006-06-08,27.3,15.6,0.0,5.13,26.39,8.4,53
shaanxi_guanzhong,2006-06-09,31.1,14.7,0.0,6.79,29.76,16.1,44
shaanxi_guanzhong,2006-06-10,29.7,13.2,0.0,6.09,30.31,9.5,39
shaanxi_guanzhong,2006-06-11,31.5,15.4,0.0,5.94,29.1,9.4,49
shaanxi_guanzhong,2006-06-12,31.5,19.4,0.0,4.81,22.35,8.4,54
shaanxi_guanzhong,2006-06-13,27.0,17.8,2.6,2.21,7.89,11.9,68
shaanxi_guanzhong,2006-06-14,29.9,13.0,0.0,5.56,27.58,6.5,55
shaanxi_guanzhong,2006-06-15,32.6,17.3,0.0,5.72,27.05,7.8,46
shaanxi_guanzhong,2006-06-16,33.8,17.8,0.0,6.25,30.34,6.6,46
shaanxi_guanzhong,2006-06-17,36.3,19.4,0.0,6.59,29.74,6.2,37
shaanxi_guanzhong,2006-06-18,35.6,19.9,0.0,6.47,29.58,6.6,40
shaanxi_guanzhong,2006-06-19,34.7,20.3,0.0,6.37,28.59,9.8,46
shaanxi_guanzhong,2006-06-20,32.6,23.0,0.0,6.65,22.35,17.7,40
shaanxi_guanzhong,2006-06-21,27.3,19.9,0.0,3.61,16.15,7.2,58
shaanxi_guanzhong,2006-06-22,22.1,18.9,15.2,1.33,5.76,7.7,82
shaanxi_guanzhong,2006-06-23,29.5,14.5,0.0,5.31,26.61,6.2,66
shaanxi_guanzhong,2006-06-24,32.7,16.1,0.0,5.76,28.05,4.7,60
shaanxi_guanzhong,2006-06-25,34.2,19.3,0.0,5.99,28.18,7.4,60
shaanxi_guanzhong,2006-06-26,32.6,22.1,0.0,4.94,22.88,6.9,60
shaanxi_guanzhong,2006-06-27,33.7,19.5,0.0,5.89,28.03,6.8,60
shaanxi_guanzhong,2006-06-28,31.4,21.3,0.0,3.86,17.4,6.8,60
shaanxi_guanzhong,2006-06-29,34.2,21.8,0.0,6.0,27.79,6.6,57
shaanxi_guanzhong,2006-06-30,34.3,24.2,0.0,4.23,18.8,7.3,58
shaanxi_guanzhong,2006-07-01,34.2,23.6,0.0,5.53,24.28,7.6,58
shaanxi_guanzhong,2006-07-02,32.0,23.8,6.1,3.78,15.88,9.1,71
shaanxi_guanzhong,2006-07-03,27.6,23.8,75.3,1.82,8.13,7.6,88
shaanxi_guanzhong,2006-07-04,26.5,22.2,11.3,2.08,9.9,5.9,87
shaanxi_guanzhong,2006-07-05,31.4,19.5,0.0,5.73,28.49,5.4,73
shaanxi_guanzhong,2006-07-06,32.7,20.5,0.0,5.01,23.65,5.7,64
shaanxi_guanzhong,2006-07-07,31.7,21.6,0.0,5.32,25.05,7.7,68
shaanxi_guanzhong,2006-07-08,29.7,22.8,1.0,4.11,19.98,5.5,75
shaanxi_guanzhong,2006-07-09,30.0,23.3,1.6,4.81,23.05,6.6,72
shaanxi_guanzhong,2006-07-10,30.2,22.3,0.4,4.31,20.29,7.2,70
shaanxi_guanzhong,2006-07-11,31.1,23.5,0.5,4.96,23.64,9.6,69
shaanxi_guanzhong,2006-07-12,33.6,24.3,0.0,5.29,24.12,7.2,68
shaanxi_guanzhong,2006-07-13,34.3,24.3,0.0,5.7,24.23,11.2,64
shaanxi_guanzhong,2006-07-14,34.2,25.3,0.0,5.1,21.17,10.8,66
shaanxi_guanzhong,2006-07-15,34.6,24.8,0.0,6.3,24.41,15.3,60
shaanxi_guanzhong,2006-07-16,33.3,24.1,0.0,5.38,20.81,11.9,59
shaanxi_guanzhong,2006-07-17,33.9,23.4,0.0,5.1,22.15,7.9,60
shaanxi_guanzhong,2006-07-18,35.3,25.9,0.0,5.42,23.63,7.8,55
shaanxi_guanzhong,2006-07-19,35.7,24.2,0.0,5.5,24.2,6.0,54
shaanxi_guanzhong,2006-07-20,35.1,26.4,1.4,5.18,20.54,10.6,57
shaanxi_guanzhong,2006-07-21,29.4,24.3,22.9,2.57,10.93,11.5,79
shaanxi_guanzhong,2006-07-22,25.8,20.0,9.4,1.0,3.91,5.7,88
shaanxi_guanzhong,2006-07-23,25.7,18.8,8.1,2.67,13.05,5.5,77
shaanxi_guanzhong,2006-07-24,32.4,18.2,0.0,5.81,28.05,5.7,57
shaanxi_guanzhong,2006-07-25,33.6,18.5,0.0,5.87,27.16,5.6,54
shaanxi_guanzhong,2006-07-26,32.1,20.8,0.0,5.59,25.41,13.1,66
shaanxi_guanzhong,2006-07-27,33.1,19.6,0.0,6.37,28.09,13.2,61
shaanxi_guanzhong,2006-07-28,33.0,19.8,0.0,6.22,27.37,12.2,61
shaanxi_guanzhong,2006-07-29,32.8,21.7,0.0,5.33,24.02,8.6,64
shaanxi_guanzhong,2006-07-30,34.0,23.1,0.0,5.11,23.08,7.6,63
shaanxi_guanzhong,2006-07-31,29.6,25.1,3.9,2.83,12.48,8.4,69
shaanxi_guanzhong,2006-08-01,33.5,20.8,0.0,5.72,26.33,8.0,57
shaanxi_guanzhong,2006-08-02,33.3,20.6,2.3,5.05,21.42,14.2,56
shaanxi_guanzhong,2006-08-03,30.4,20.9,1.3,4.64,21.29,9.5,66
shaanxi_guanzhong,2006-08-04,31.6,20.4,0.0,5.17,23.05,10.1,64
shaanxi_guanzhong,2006-08-05,32.1,20.7,0.0,4.81,22.28,9.0,65
shaanxi_guanzhong,2006-08-06,32.8,21.8,0.0,4.91,22.01,7.9,63
shaanxi_guanzhong,2006-08-07,33.0,22.6,0.0,5.1,22.17,8.9,61
shaanxi_guanzhong,2006-08-08,33.7,23.6,0.0,4.89,20.68,10.1,61
shaanxi_guanzhong,2006-08-09,35.1,22.8,0.0,5.64,23.54,10.8,61
shaanxi_guanzhong,2006-08-10,35.1,23.6,0.0,5.13,20.4,9.2,60
shaanxi_guanzhong,2006-08-11,35.2,23.9,0.0,5.34,22.52,8.7,58
shaanxi_guanzhong,2006-08-12,35.2,26.1,0.0,4.9,20.41,8.1,56
shaanxi_guanzhong,2006-08-13,34.5,26.2,0.3,4.16,17.46,7.1,57
shaanxi_guanzhong,2006-08-14,32.4,24.8,1.2,3.66,15.74,7.6,67
shaanxi_guanzhong,2006-08-15,28.8,23.7,9.9,2.08,8.79,9.1,79
shaanxi_guanzhong,2006-08-16,32.9,23.0,0.2,4.66,19.61,12.3,70
shaanxi_guanzhong,2006-08-17,32.8,23.3,2.5,4.54,18.1,11.7,68
shaanxi_guanzhong,2006-08-18,31.9,23.9,0.0,4.87,17.81,13.3,60
shaanxi_guanzhong,2006-08-19,33.1,22.9,0.0,4.91,21.16,8.7,56
shaanxi_guanzhong,2006-08-20,26.2,20.0,48.4,1.15,3.17,16.6,82
shaanxi_guanzhong,2006-08-21,23.5,19.2,0.0,2.83,13.26,8.4,68
shaanxi_guanzhong,2006-08-22,25.2,17.4,0.0,3.08,16.04,5.6,77
shaanxi_guanzhong,2006-08-23,25.3,19.4,1.2,2.49,11.97,6.9,79
shaanxi_guanzhong,2006-08-24,24.6,19.9,3.9,2.03,9.72,8.9,84
shaanxi_guanzhong,2006-08-25,26.0,20.3,4.3,2.44,12.18,6.3,86
shaanxi_guanzhong,2006-08-26,29.1,18.7,0.0,4.46,22.31,7.0,77
shaanxi_guanzhong,2006-08-27,28.5,23.0,12.9,3.16,15.24,7.2,74
shaanxi_guanzhong,2006-08-28,24.5,21.8,13.7,1.87,7.53,11.7,83
shaanxi_guanzhong,2006-08-29,26.4,20.4,0.0,3.05,14.99,9.6,80
shaanxi_guanzhong,2006-08-30,28.2,21.1,0.0,2.77,13.32,10.8,86
shaanxi_guanzhong,2006-08-31,27.2,21.1,0.3,2.6,12.41,9.8,84
shaanxi_guanzhong,2006-09-01,22.3,20.9,16.4,0.46,1.33,3.6,93
shaanxi_guanzhong,2006-09-02,25.0,20.8,2.3,1.69,7.92,9.2,89
shaanxi_guanzhong,2006-09-03,26.2,21.2,5.1,2.18,10.45,8.6,86
shaanxi_guanzhong,2006-09-04,22.7,14.4,75.1,1.02,3.5,17.6,86
shaanxi_guanzhong,2006-09-05,22.4,14.4,1.3,3.74,20.52,7.2,68
shaanxi_guanzhong,2006-09-06,23.9,12.5,1.4,3.62,19.9,7.5,73
shaanxi_guanzhong,2006-09-07,22.1,18.1,1.5,1.95,9.49,6.3,80
shaanxi_guanzhong,2006-09-08,22.0,12.5,0.0,4.08,22.06,9.8,60
shaanxi_guanzhong,2006-09-09,20.1,11.7,0.0,3.73,22.33,6.4,53
shaanxi_guanzhong,2006-09-10,20.7,8.2,0.0,2.95,16.97,6.6,64
shaanxi_guanzhong,2006-09-11,21.6,10.1,0.0,3.39,19.39,6.4,65
shaanxi_guanzhong,2006-09-12,22.5,15.2,0.0,2.77,14.63,7.2,64
shaanxi_guanzhong,2006-09-13,20.6,15.2,0.0,1.81,8.57,8.2,70
shaanxi_guanzhong,2006-09-14,21.6,15.5,0.0,2.49,13.4,8.3,78
shaanxi_guanzhong,2006-09-15,23.9,10.7,0.0,3.94,22.18,7.9,70
shaanxi_guanzhong,2006-09-16,25.3,11.2,0.0,4.17,22.99,8.2,71
shaanxi_guanzhong,2006-09-17,26.6,13.4,0.0,4.3,21.5,13.4,62
shaanxi_guanzhong,2006-09-18,22.8,17.5,0.2,1.97,9.7,6.8,72
shaanxi_guanzhong,2006-09-19,24.5,14.4,0.0,3.48,18.95,9.0,76
shaanxi_guanzhong,2006-09-20,25.6,15.6,0.0,3.66,20.16,8.9,74
shaanxi_guanzhong,2006-09-21,25.6,15.6,1.0,3.51,18.34,9.0,72
shaanxi_guanzhong,2006-09-22,20.1,17.3,12.4,1.33,5.6,13.0,83
shaanxi_guanzhong,2006-09-23,20.9,16.5,9.7,1.49,6.48,14.9,82
shaanxi_guanzhong,2006-09-24,18.7,16.5,10.7,0.85,3.49,6.9,86
shaanxi_guanzhong,2006-09-25,17.4,16.2,19.0,0.66,2.6,6.3,92
shaanxi_guanzhong,2006-09-26,16.7,14.6,37.4,0.44,1.34,5.8,93
shaanxi_guanzhong,2006-09-27,16.0,14.5,34.8,0.4,1.01,3.8,91
shaanxi_guanzhong,2006-09-28,17.7,15.0,5.2,1.08,5.52,4.3,86
shaanxi_guanzhong,2006-09-29,16.5,15.6,18.8,0.43,1.17,4.3,92
shaanxi_guanzhong,2006-09-30,20.0,16.1,9.2,1.65,8.98,7.4,83
shaanxi_guanzhong,2006-10-01,19.9,13.3,0.0,1.98,11.39,6.0,83
shaanxi_guanzhong,2006-10-02,22.4,10.4,0.0,3.22,18.99,5.2,79
shaanxi_guanzhong,2006-10-03,23.5,13.5,0.0,2.96,16.48,4.4,77
shaanxi_guanzhong,2006-10-04,21.7,11.1,0.0,2.32,13.12,2.5,78
shaanxi_guanzhong,2006-10-05,22.1,13.4,0.0,2.22,12.39,4.1,80
shaanxi_guanzhong,2006-10-06,19.3,14.3,13.9,1.08,5.58,5.0,87
shaanxi_guanzhong,2006-10-07,22.0,11.9,0.0,2.57,14.66,5.2,78
shaanxi_guanzhong,2006-10-08,22.5,11.5,0.0,3.18,16.51,13.5,62
shaanxi_guanzhong,2006-10-09,23.5,8.6,0.0,3.37,19.44,6.8,62
shaanxi_guanzhong,2006-10-10,24.4,10.2,0.0,3.28,18.72,3.6,71
shaanxi_guanzhong,2006-10-11,23.8,12.5,0.0,2.86,15.95,5.6,77
shaanxi_guanzhong,2006-10-12,23.2,13.2,0.0,2.46,13.82,6.0,76
shaanxi_guanzhong,2006-10-13,23.9,12.1,0.0,2.8,15.68,4.1,76
shaanxi_guanzhong,2006-10-14,24.2,11.4,0.0,3.16,17.91,6.0,77
shaanxi_guanzhong,2006-10-15,24.8,12.4,8.1,2.97,16.56,8.2,79
shaanxi_guanzhong,2006-10-16,18.4,13.8,56.2,0.73,2.68,11.9,89
shaanxi_guanzhong,2006-10-17,21.2,9.5,0.0,2.77,15.93,9.0,76
shaanxi_guanzhong,2006-10-18,16.8,14.1,27.5,0.45,1.58,5.8,91
shaanxi_guanzhong,2006-10-19,21.8,11.3,0.0,2.84,16.95,8.3,82
shaanxi_guanzhong,2006-10-20,22.2,12.3,0.0,2.75,16.03,10.7,75
shaanxi_guanzhong,2006-10-21,20.1,13.8,0.0,1.55,8.4,6.1,81
shaanxi_guanzhong,2006-10-22,18.9,9.3,0.0,2.35,13.55,7.0,68
shaanxi_guanzhong,2006-10-23,14.1,9.3,5.2,0.98,4.55,13.7,72
shaanxi_guanzhong,2006-10-24,14.7,8.4,0.5,0.97,5.52,7.3,80
shaanxi_guanzhong,2006-10-25,16.3,6.4,0.0,1.49,9.22,3.7,76
shaanxi_guanzhong,2006-10-26,17.9,5.0,0.0,2.46,16.29,11.0,75
shaanxi_guanzhong,2006-10-27,16.4,8.7,0.0,1.54,9.71,6.8,76
shaanxi_guanzhong,2006-10-28,19.8,7.4,0.0,2.53,15.99,5.1,66
shaanxi_guanzhong,2006-10-29,14.7,6.9,1.6,1.07,6.2,4.9,79
shaanxi_guanzhong,2006-10-30,18.5,8.8,0.0,1.98,12.27,7.8,78
shaanxi_guanzhong,2006-10-31,19.2,7.0,0.0,2.54,15.04,10.3,67
shaanxi_guanzhong,2006-11-01,19.2,5.6,0.0,2.46,15.72,5.1,60
shaanxi_guanzhong,2006-11-02,19.5,6.0,0.0,2.29,14.25,6.9,69
shaanxi_guanzhong,2006-11-03,21.7,7.3,0.0,2.43,15.0,4.8,69
shaanxi_guanzhong,2006-11-04,21.0,7.5,0.0,2.57,14.84,9.0,67
shaanxi_guanzhong,2006-11-05,18.4,5.4,0.0,2.42,15.02,8.0,56
shaanxi_guanzhong,2006-11-06,17.0,3.2,0.0,2.17,14.79,3.8,55
shaanxi_guanzhong,2006-11-07,17.3,4.3,0.0,2.15,14.15,7.4,66
shaanxi_guanzhong,2006-11-08,20.2,6.4,0.0,2.31,13.79,12.3,72
shaanxi_guanzhong,2006-11-09,18.2,5.7,0.0,1.99,12.35,5.4,63
shaanxi_guanzhong,2006-11-10,20.4,6.3,0.0,2.28,14.0,5.9,64
shaanxi_guanzhong,2006-11-11,17.6,5.5,0.0,2.16,13.41,8.7,57
shaanxi_guanzhong,2006-11-12,17.4,9.0,0.0,1.8,11.66,5.8,62
shaanxi_guanzhong,2006-11-13,15.7,5.2,0.0,2.18,13.85,9.4,55
shaanxi_guanzhong,2006-11-14,11.2,5.5,0.0,1.92,12.91,7.2,45
shaanxi_guanzhong,2006-11-15,10.0,5.5,0.2,1.05,5.87,5.6,49
shaanxi_guanzhong,2006-11-16,12.7,2.4,0.0,1.78,13.3,6.0,59
shaanxi_guanzhong,2006-11-17,11.9,5.4,0.4,0.99,6.67,2.9,72
shaanxi_guanzhong,2006-11-18,12.8,3.4,0.0,1.43,9.95,9.4,75
shaanxi_guanzhong,2006-11-19,12.6,4.9,0.0,1.53,11.48,7.8,74
shaanxi_guanzhong,2006-11-20,12.5,5.6,0.0,1.06,7.06,5.4,78
shaanxi_guanzhong,2006-11-21,14.4,2.0,0.0,1.71,12.2,5.2,72
shaanxi_guanzhong,2006-11-22,10.6,5.0,3.0,0.74,3.91,13.4,77
shaanxi_guanzhong,2006-11-23,8.2,3.9,0.0,0.89,5.14,13.7,79
shaanxi_guanzhong,2006-11-24,4.4,2.2,6.0,0.43,2.32,13.6,88
shaanxi_guanzhong,2006-11-25,6.1,1.6,2.2,0.7,5.52,4.4,86
shaanxi_guanzhong,2006-11-26,5.6,2.9,6.4,0.51,3.49,6.9,88
shaanxi_guanzhong,2006-11-27,7.6,0.7,0.0,0.87,6.67,6.5,77
shaanxi_guanzhong,2006-11-28,6.8,-1.4,0.5,0.9,6.95,8.1,74
shaanxi_guanzhong,2006-11-29,8.2,-3.3,0.0,1.23,10.53,7.0,74
shaanxi_guanzhong,2006-11-30,9.6,-1.5,0.0,1.09,8.43,5.2,70
shaanxi_guanzhong,2006-12-01,10.0,-3.2,0.0,1.47,12.07,4.2,63
shaanxi_guanzhong,2006-12-02,5.1,-1.0,0.0,1.16,9.35,10.0,56
shaanxi_guanzhong,2006-12-03,5.1,-1.7,0.0,1.17,8.98,7.9,55
shaanxi_guanzhong,2006-12-04,7.3,-1.0,0.0,1.23,8.96,7.4,56
shaanxi_guanzhong,2006-12-05,8.7,0.2,0.0,1.29,10.51,11.2,69
shaanxi_guanzhong,2006-12-06,5.6,-0.1,0.0,0.77,6.12,10.4,78
shaanxi_guanzhong,2006-12-07,5.0,1.8,2.1,0.56,4.29,7.9,86
shaanxi_guanzhong,2006-12-08,4.7,-1.6,4.2,0.93,6.59,12.4,71
shaanxi_guanzhong,2006-12-09,3.2,-2.7,0.0,0.84,7.71,5.0,58
shaanxi_guanzhong,2006-12-10,7.2,-4.9,0.0,1.17,10.07,4.8,64
shaanxi_guanzhong,2006-12-11,9.8,-3.0,0.0,1.38,11.63,5.2,62
shaanxi_guanzhong,2006-12-12,5.8,-3.3,0.0,0.97,4.95,14.2,65
shaanxi_guanzhong,2006-12-13,7.1,-3.7,0.0,1.24,11.11,6.9,54
shaanxi_guanzhong,2006-12-14,10.7,-4.1,0.0,1.41,11.76,3.8,58
shaanxi_guanzhong,2006-12-15,7.9,-3.7,0.0,1.46,10.77,11.9,48
shaanxi_guanzhong,2006-12-16,7.0,-5.1,0.0,1.34,11.7,6.3,47
shaanxi_guanzhong,2006-12-17,5.2,-2.3,0.0,1.16,9.93,7.4,48
shaanxi_guanzhong,2006-12-18,10.1,-3.2,0.0,1.39,11.34,4.7,61
shaanxi_guanzhong,2006-12-19,9.9,-3.3,0.0,1.35,11.38,3.7,56
shaanxi_guanzhong,2006-12-20,9.2,-3.8,0.0,1.37,11.36,7.1,66
shaanxi_guanzhong,2006-12-21,10.0,-3.1,0.0,1.33,11.23,5.1,66
shaanxi_guanzhong,2006-12-22,8.7,-2.4,0.0,1.23,10.44,6.9,73
shaanxi_guanzhong,2006-12-23,8.0,0.8,0.0,0.79,5.64,5.4,78
shaanxi_guanzhong,2006-12-24,10.2,-2.0,0.0,1.32,11.44,9.2,82
shaanxi_guanzhong,2006-12-25,8.7,-1.8,0.0,1.14,10.23,6.0,82
shaanxi_guanzhong,2006-12-26,10.3,-2.5,0.0,1.36,11.37,6.1,71
shaanxi_guanzhong,2006-12-27,7.7,-3.5,0.0,1.27,11.33,4.3,69
shaanxi_guanzhong,2006-12-28,6.1,-2.8,0.0,1.36,11.66,12.1,64
shaanxi_guanzhong,2006-12-29,3.7,-2.3,0.0,0.69,5.68,9.4,79
shaanxi_guanzhong,2006-12-30,5.7,-2.6,0.0,1.03,10.25,9.0,82
shaanxi_guanzhong,2006-12-31,5.4,-3.0,0.0,0.99,9.72,9.7,82
shaanxi_guanzhong,2007-01-01,4.1,-2.0,0.0,0.72,6.43,5.8,83
shaanxi_guanzhong,2007-01-02,3.1,-1.4,5.2,0.54,4.15,7.7,83
shaanxi_guanzhong,2007-01-03,1.2,-2.6,4.1,0.58,5.73,8.2,87
shaanxi_guanzhong,2007-01-04,4.4,-1.9,0.2,1.04,8.27,10.4,68
shaanxi_guanzhong,2007-01-05,4.2,-3.9,0.0,1.38,11.69,10.4,47
shaanxi_guanzhong,2007-01-06,2.3,-5.5,0.0,1.34,12.67,6.6,34
shaanxi_guanzhong,2007-01-07,3.2,-6.7,0.0,1.21,11.67,5.0,37
shaanxi_guanzhong,2007-01-08,3.5,-6.8,0.0,1.2,11.26,6.6,38
shaanxi_guanzhong,2007-01-09,9.6,-6.1,0.0,1.5,12.73,8.0,50
shaanxi_guanzhong,2007-01-10,6.3,-5.2,0.0,1.12,9.57,5.6,64
shaanxi_guanzhong,2007-01-11,2.8,-3.5,0.0,0.74,6.24,4.6,63
shaanxi_guanzhong,2007-01-12,4.0,-2.2,0.0,1.23,11.35,8.7,55
shaanxi_guanzhong,2007-01-13,3.6,-3.0,0.0,1.07,8.56,7.4,44
shaanxi_guanzhong,2007-01-14,2.5,-3.2,0.0,0.78,6.68,4.4,57
shaanxi_guanzhong,2007-01-15,4.9,-4.3,0.0,1.33,10.91,9.4,49
shaanxi_guanzhong,2007-01-16,4.6,-4.8,0.0,1.3,11.82,5.8,44
shaanxi_guanzhong,2007-01-17,6.7,-6.1,0.0,1.46,13.36,4.8,52
shaanxi_guanzhong,2007-01-18,6.6,-5.8,0.0,1.26,10.69,5.8,53
shaanxi_guanzhong,2007-01-19,8.6,-3.5,0.0,1.55,13.4,8.5,57
shaanxi_guanzhong,2007-01-20,8.5,-3.9,0.0,1.41,11.72,5.9,67
shaanxi_guanzhong,2007-01-21,7.4,-4.8,0.0,1.52,13.03,12.6,67
shaanxi_guanzhong,2007-01-22,5.1,-1.0,1.0,0.91,6.72,6.8,68
shaanxi_guanzhong,2007-01-23,5.5,-1.4,0.1,0.76,6.18,6.6,83
shaanxi_guanzhong,2007-01-24,5.9,-1.5,0.2,0.96,7.37,5.8,68
shaanxi_guanzhong,2007-01-25,10.4,-3.4,0.0,1.74,14.04,5.0,59
shaanxi_guanzhong,2007-01-26,10.1,-2.9,0.0,1.82,13.81,8.6,43
shaanxi_guanzhong,2007-01-27,6.7,-3.8,0.0,1.9,14.78,15.5,35
shaanxi_guanzhong,2007-01-28,10.9,-5.5,0.0,1.83,14.56,8.1,44
shaanxi_guanzhong,2007-01-29,13.4,-1.7,0.0,2.13,14.69,10.8,49
shaanxi_guanzhong,2007-01-30,10.3,-3.6,0.0,1.82,14.66,8.4,53
shaanxi_guanzhong,2007-01-31,8.8,-3.9,0.0,2.03,15.06,14.8,46
shaanxi_guanzhong,2007-02-01,12.3,-4.6,0.0,2.02,15.51,6.9,45
shaanxi_guanzhong,2007-02-02,12.8,-3.1,0.0,2.04,15.42,6.4,56
shaanxi_guanzhong,2007-02-03,13.5,-1.9,0.0,2.14,15.36,8.1,58
shaanxi_guanzhong,2007-02-04,12.2,1.5,0.0,1.84,14.02,6.3,59
shaanxi_guanzhong,2007-02-05,14.3,-0.0,0.0,1.86,13.09,5.9,72
shaanxi_guanzhong,2007-02-06,11.9,5.1,0.3,1.32,7.26,10.5,67
shaanxi_guanzhong,2007-02-07,11.5,4.1,2.0,1.26,9.02,7.7,82
shaanxi_guanzhong,2007-02-08,9.4,1.0,0.3,1.06,7.58,6.1,82
shaanxi_guanzhong,2007-02-09,12.9,-2.0,0.0,2.06,15.42,7.1,68
shaanxi_guanzhong,2007-02-10,11.7,-1.7,0.0,2.05,15.35,8.5,60
shaanxi_guanzhong,2007-02-11,13.3,-1.7,0.0,2.11,15.85,4.9,65
shaanxi_guanzhong,2007-02-12,12.9,0.5,0.7,1.66,11.7,7.5,76
shaanxi_guanzhong,2007-02-13,11.9,2.4,2.6,1.88,10.23,12.2,57
shaanxi_guanzhong,2007-02-14,9.3,-0.7,0.0,2.25,15.52,13.4,42
shaanxi_guanzhong,2007-02-15,8.4,0.4,0.0,1.41,8.9,8.4,53
shaanxi_guanzhong,2007-02-16,7.1,0.6,0.0,0.82,5.58,3.8,72
shaanxi_guanzhong,2007-02-17,11.4,0.9,0.0,1.8,12.86,8.2,63
shaanxi_guanzhong,2007-02-18,11.6,-2.8,0.0,1.9,13.88,7.4,63
shaanxi_guanzhong,2007-02-19,13.4,-1.6,0.0,2.23,16.29,6.0,67
shaanxi_guanzhong,2007-02-20,15.0,1.3,0.0,2.33,16.15,9.5,71
shaanxi_guanzhong,2007-02-21,14.1,2.7,0.0,1.69,11.0,6.2,71
shaanxi_guanzhong,2007-02-22,15.5,-0.6,0.0,2.57,17.73,6.8,60
shaanxi_guanzhong,2007-02-23,10.1,4.1,1.0,1.05,6.67,7.4,73
shaanxi_guanzhong,2007-02-24,16.8,3.3,0.0,2.83,18.03,9.7,60
shaanxi_guanzhong,2007-02-25,17.0,1.9,0.0,2.64,16.96,9.4,56
shaanxi_guanzhong,2007-02-26,17.2,4.3,0.0,2.74,18.01,13.4,66
shaanxi_guanzhong,2007-02-27,13.8,6.2,2.1,1.74,8.29,22.0,71
shaanxi_guanzhong,2007-02-28,10.5,4.7,0.8,1.06,6.79,14.5,84
shaanxi_guanzhong,2007-03-01,9.4,3.5,0.3,1.16,8.57,9.5,84
shaanxi_guanzhong,2007-03-02,7.7,5.0,6.3,0.52,3.03,9.5,92
shaanxi_guanzhong,2007-03-03,6.3,3.5,10.2,0.87,4.92,19.7,80
shaanxi_guanzhong,2007-03-04,9.7,-0.7,0.0,2.73,18.41,20.4,47
shaanxi_guanzhong,2007-03-05,4.7,-5.1,0.0,2.05,17.85,8.9,50
shaanxi_guanzhong,2007-03-06,6.6,-2.8,0.0,2.0,17.5,6.5,51
shaanxi_guanzhong,2007-03-07,9.2,-4.4,0.0,2.19,18.01,9.2,62
shaanxi_guanzhong,2007-03-08,10.9,2.0,0.0,2.18,16.47,7.9,63
shaanxi_guanzhong,2007-03-09,11.5,0.0,0.3,2.04,14.46,7.8,69
shaanxi_guanzhong,2007-03-10,5.8,-0.3,1.9,1.61,13.5,10.1,59
shaanxi_guanzhong,2007-03-11,9.7,-2.8,0.0,2.3,17.13,12.6,50
shaanxi_guanzhong,2007-03-12,14.1,2.7,0.7,2.68,18.89,8.0,65
shaanxi_guanzhong,2007-03-13,13.7,3.7,0.0,2.11,14.66,6.9,74
shaanxi_guanzhong,2007-03-14,9.6,6.0,2.5,0.7,4.24,6.6,88
shaanxi_guanzhong,2007-03-15,7.4,4.8,18.8,0.4,1.98,10.9,93
shaanxi_guanzhong,2007-03-16,6.7,3.0,14.4,0.79,5.73,7.1,90
shaanxi_guanzhong,2007-03-17,8.7,3.3,7.1,1.31,9.73,8.5,81
shaanxi_guanzhong,2007-03-18,10.2,0.9,0.0,1.91,14.62,9.7,72
shaanxi_guanzhong,2007-03-19,12.1,-1.8,0.3,2.39,17.57,4.2,74
shaanxi_guanzhong,2007-03-20,16.4,-0.2,0.0,3.18,21.75,10.4,68
shaanxi_guanzhong,2007-03-21,16.7,4.0,0.0,3.1,21.14,12.9,70
shaanxi_guanzhong,2007-03-22,17.5,4.9,0.7,2.5,16.31,12.1,74
shaanxi_guanzhong,2007-03-23,20.0,6.9,2.9,3.57,19.94,15.7,64
shaanxi_guanzhong,2007-03-24,19.1,4.6,0.0,3.65,22.37,7.5,51
shaanxi_guanzhong,2007-03-25,19.9,4.0,0.0,3.38,20.47,5.2,61
shaanxi_guanzhong,2007-03-26,18.5,8.2,0.0,2.25,12.27,7.2,63
shaanxi_guanzhong,2007-03-27,23.8,6.2,0.0,4.09,23.16,9.8,63
shaanxi_guanzhong,2007-03-28,22.3,7.1,0.0,3.98,23.18,7.9,62
shaanxi_guanzhong,2007-03-29,25.0,9.1,0.0,4.13,23.04,6.9,68
shaanxi_guanzhong,2007-03-30,25.2,11.8,0.0,4.16,21.52,10.1,56
shaanxi_guanzhong,2007-03-31,21.1,11.4,0.0,3.83,20.25,11.4,48
shaanxi_guanzhong,2007-04-01,17.3,8.4,0.0,3.56,17.79,11.6,35
shaanxi_guanzhong,2007-04-02,11.1,2.3,0.0,3.77,24.7,9.4,29
shaanxi_guanzhong,2007-04-03,11.9,1.4,0.0,3.07,22.14,9.3,32
shaanxi_guanzhong,2007-04-04,15.1,-0.1,0.0,3.21,20.88,7.5,45
shaanxi_guanzhong,2007-04-05,17.4,3.4,0.0,3.12,19.05,6.7,58
shaanxi_guanzhong,2007-04-06,18.0,1.5,0.0,3.55,22.27,6.0,54
shaanxi_guanzhong,2007-04-07,18.5,5.6,0.0,3.54,20.97,8.8,50
shaanxi_guanzhong,2007-04-08,17.9,7.5,0.0,2.95,17.42,5.4,43
shaanxi_guanzhong,2007-04-09,20.8,7.9,0.0,3.26,18.93,6.9,61
shaanxi_guanzhong,2007-04-10,24.5,6.9,0.0,4.34,23.58,8.7,57
shaanxi_guanzhong,2007-04-11,25.2,8.7,0.0,4.35,23.37,6.8,56
shaanxi_guanzhong,2007-04-12,23.4,10.7,0.0,4.66,23.32,12.6,49
shaanxi_guanzhong,2007-04-13,18.0,8.9,3.3,2.29,12.6,10.5,55
shaanxi_guanzhong,2007-04-14,20.5,6.4,0.0,3.53,20.43,10.0,67
shaanxi_guanzhong,2007-04-15,22.3,7.6,0.0,4.06,22.1,11.8,42
shaanxi_guanzhong,2007-04-16,18.5,6.6,1.3,4.42,23.83,16.6,34
shaanxi_guanzhong,2007-04-17,19.8,7.0,1.0,4.14,23.19,21.5,57
shaanxi_guanzhong,2007-04-18,26.0,6.1,0.0,4.83,26.01,9.4,47
shaanxi_guanzhong,2007-04-19,28.3,11.4,0.0,4.88,24.49,11.8,56
shaanxi_guanzhong,2007-04-20,25.3,14.5,0.0,3.33,14.84,7.9,41
shaanxi_guanzhong,2007-04-21,25.2,12.7,0.0,3.1,15.08,6.6,54
shaanxi_guanzhong,2007-04-22,23.9,11.9,0.0,4.46,22.06,13.0,54
shaanxi_guanzhong,2007-04-23,17.2,10.5,3.5,1.79,8.28,13.8,72
shaanxi_guanzhong,2007-04-24,19.7,5.3,0.0,3.98,23.39,9.7,60
shaanxi_guanzhong,2007-04-25,21.6,5.3,0.0,4.5,26.58,4.6,45
shaanxi_guanzhong,2007-04-26,19.5,9.9,0.0,2.82,12.56,12.8,47
shaanxi_guanzhong,2007-04-27,22.2,7.5,0.0,4.04,22.28,7.2,48
shaanxi_guanzhong,2007-04-28,21.3,9.6,0.2,3.41,18.75,7.3,57
shaanxi_guanzhong,2007-04-29,20.0,10.2,0.0,3.02,16.96,5.2,63
shaanxi_guanzhong,2007-04-30,27.7,8.8,0.0,5.74,27.02,17.6,48
shaanxi_guanzhong,2007-05-01,24.2,7.0,0.0,5.06,27.81,6.8,34
shaanxi_guanzhong,2007-05-02,27.4,11.1,0.8,4.88,24.26,11.8,51
shaanxi_guanzhong,2007-05-03,26.4,14.4,0.0,5.4,23.5,16.9,44
shaanxi_guanzhong,2007-05-04,28.1,10.1,0.0,5.56,28.24,7.6,38
shaanxi_guanzhong,2007-05-05,28.7,12.5,0.0,5.94,28.03,10.8,39
shaanxi_guanzhong,2007-05-06,29.0,11.3,0.0,5.48,27.67,7.3,41
shaanxi_guanzhong,2007-05-07,31.3,15.4,0.0,5.36,26.0,6.1,44
shaanxi_guanzhong,2007-05-08,29.4,14.7,0.0,4.62,22.34,6.6,52
shaanxi_guanzhong,2007-05-09,30.6,14.3,0.0,6.4,27.21,15.8,50
shaanxi_guanzhong,2007-05-10,20.1,15.4,6.1,2.42,9.24,17.7,66
shaanxi_guanzhong,2007-05-11,21.6,10.5,3.1,3.13,13.41,15.1,59
shaanxi_guanzhong,2007-05-12,24.2,8.2,0.0,5.23,29.35,6.5,42
shaanxi_guanzhong,2007-05-13,30.2,10.9,0.0,5.65,28.36,8.7,53
shaanxi_guanzhong,2007-05-14,29.0,15.2,0.0,4.09,19.75,8.0,59
shaanxi_guanzhong,2007-05-15,30.1,16.6,0.0,5.03,19.64,17.3,47
shaanxi_guanzhong,2007-05-16,29.6,13.3,0.0,5.83,27.01,9.7,32
shaanxi_guanzhong,2007-05-17,33.1,14.3,0.0,6.03,27.99,7.3,46
shaanxi_guanzhong,2007-05-18,29.9,15.3,0.0,6.11,29.3,9.1,31
shaanxi_guanzhong,2007-05-19,31.8,14.7,0.0,6.16,27.91,14.2,40
shaanxi_guanzhong,2007-05-20,32.1,17.4,0.0,5.76,27.49,7.2,51
shaanxi_guanzhong,2007-05-21,32.8,18.7,0.0,5.65,23.81,15.0,48
shaanxi_guanzhong,2007-05-22,25.2,19.6,5.6,2.59,11.94,7.0,75
shaanxi_guanzhong,2007-05-23,20.1,16.8,21.8,0.97,3.73,13.8,88
shaanxi_guanzhong,2007-05-24,25.6,14.4,0.0,5.44,24.99,12.3,46
shaanxi_guanzhong,2007-05-25,26.3,14.2,0.0,3.66,18.64,3.8,47
shaanxi_guanzhong,2007-05-26,27.1,13.2,0.0,3.32,15.01,8.2,57
shaanxi_guanzhong,2007-05-27,31.1,13.9,0.0,5.65,28.26,5.8,47
shaanxi_guanzhong,2007-05-28,31.1,14.7,0.0,5.58,28.04,5.6,51
shaanxi_guanzhong,2007-05-29,32.8,16.8,0.0,5.86,26.42,10.5,49
shaanxi_guanzhong,2007-05-30,25.6,17.3,6.8,2.67,11.59,14.8,67
shaanxi_guanzhong,2007-05-31,24.9,15.6,0.0,3.53,14.86,14.1,57
shaanxi_guanzhong,2007-06-01,29.4,13.5,0.0,5.23,25.98,5.8,42
shaanxi_guanzhong,2007-06-02,30.9,14.6,0.0,5.89,29.0,8.3,48
shaanxi_guanzhong,2007-06-03,26.8,17.8,0.0,2.79,12.75,5.1,58
shaanxi_guanzhong,2007-06-04,30.5,15.4,0.0,5.5,27.84,5.3,54
shaanxi_guanzhong,2007-06-05,31.0,16.5,0.0,5.34,25.59,7.5,57
shaanxi_guanzhong,2007-06-06,31.9,19.2,0.0,4.84,22.08,6.9,55
shaanxi_guanzhong,2007-06-07,32.0,18.1,0.1,4.92,21.77,8.8,58
shaanxi_guanzhong,2007-06-08,28.1,19.6,0.0,3.14,14.23,8.0,68
shaanxi_guanzhong,2007-06-09,27.2,17.9,0.1,3.2,14.7,6.0,63
shaanxi_guanzhong,2007-06-10,26.5,18.5,1.4,3.5,17.48,5.9,66
shaanxi_guanzhong,2007-06-11,27.9,19.5,0.0,4.06,19.8,8.2,64
shaanxi_guanzhong,2007-06-12,27.9,18.8,0.0,3.54,15.25,8.6,61
shaanxi_guanzhong,2007-06-13,29.8,15.8,0.0,5.05,25.14,6.5,59
shaanxi_guanzhong,2007-06-14,30.2,18.0,0.0,5.53,25.02,10.1,55
shaanxi_guanzhong,2007-06-15,31.3,17.5,0.0,5.67,25.22,12.3,55
shaanxi_guanzhong,2007-06-16,30.9,19.6,0.0,5.27,19.56,12.8,50
shaanxi_guanzhong,2007-06-17,24.1,19.4,35.6,1.42,3.24,11.2,78
shaanxi_guanzhong,2007-06-18,20.1,18.2,28.3,0.87,3.42,6.8,91
shaanxi_guanzhong,2007-06-19,18.7,16.8,8.6,1.1,4.94,5.8,87
shaanxi_guanzhong,2007-06-20,19.7,17.0,3.5,1.41,6.81,4.7,86
shaanxi_guanzhong,2007-06-21,20.4,18.2,2.9,1.33,6.27,4.8,87
shaanxi_guanzhong,2007-06-22,25.2,17.9,2.9,3.4,17.38,5.1,80
shaanxi_guanzhong,2007-06-23,30.6,15.6,0.0,5.49,27.58,7.2,70
shaanxi_guanzhong,2007-06-24,32.3,18.0,0.0,5.39,25.84,5.6,65
shaanxi_guanzhong,2007-06-25,32.0,18.5,0.0,4.92,23.53,6.0,66
shaanxi_guanzhong,2007-06-26,29.5,20.5,0.2,3.62,16.86,7.1,67
shaanxi_guanzhong,2007-06-27,29.5,17.8,0.0,5.46,27.74,4.3,64
shaanxi_guanzhong,2007-06-28,30.4,18.3,0.0,4.82,23.1,9.2,70
shaanxi_guanzhong,2007-06-29,26.1,21.2,6.3,2.63,12.53,8.6,81
shaanxi_guanzhong,2007-06-30,30.0,21.4,0.2,4.88,24.07,5.6,71
shaanxi_guanzhong,2007-07-01,28.1,20.8,0.0,3.94,19.44,4.5,62
shaanxi_guanzhong,2007-07-02,24.0,20.5,19.8,1.25,5.09,5.2,82
shaanxi_guanzhong,2007-07-03,26.6,18.8,4.8,3.23,16.53,5.5,83
shaanxi_guanzhong,2007-07-04,23.4,21.2,46.9,1.11,4.83,5.6,88
shaanxi_guanzhong,2007-07-05,21.8,19.3,51.9,0.54,1.66,2.9,95
shaanxi_guanzhong,2007-07-06,28.4,17.6,0.0,4.89,24.99,5.8,77
shaanxi_guanzhong,2007-07-07,29.4,17.9,0.4,4.36,21.65,6.3,79
shaanxi_guanzhong,2007-07-08,25.9,21.1,52.4,2.01,9.68,7.4,83
shaanxi_guanzhong,2007-07-09,31.0,16.3,0.0,5.77,28.7,5.0,70
shaanxi_guanzhong,2007-07-10,31.2,18.5,0.0,5.77,28.41,6.2,67
shaanxi_guanzhong,2007-07-11,31.3,19.9,0.0,4.82,22.89,8.9,70
shaanxi_guanzhong,2007-07-12,27.6,21.3,0.0,2.72,11.85,13.0,75
shaanxi_guanzhong,2007-07-13,25.0,19.6,0.7,3.21,16.74,9.2,85
shaanxi_guanzhong,2007-07-14,26.1,18.7,0.0,3.76,19.04,8.0,76
shaanxi_guanzhong,2007-07-15,28.9,18.9,0.0,4.95,25.66,9.3,76
shaanxi_guanzhong,2007-07-16,29.7,21.4,0.4,4.58,22.8,11.0,76
shaanxi_guanzhong,2007-07-17,29.8,23.3,2.1,3.8,18.32,7.8,81
shaanxi_guanzhong,2007-07-18,28.2,23.6,30.1,2.69,12.24,10.8,85
shaanxi_guanzhong,2007-07-19,23.5,20.6,22.2,0.99,3.58,10.7,89
shaanxi_guanzhong,2007-07-20,20.3,18.0,14.1,0.92,3.89,4.1,91
shaanxi_guanzhong,2007-07-21,26.5,14.0,0.0,4.24,22.27,4.4,77
shaanxi_guanzhong,2007-07-22,28.5,16.8,0.0,4.9,24.76,5.9,74
shaanxi_guanzhong,2007-07-23,27.3,18.2,0.0,4.1,20.57,6.2,78
shaanxi_guanzhong,2007-07-24,27.3,19.5,0.4,4.28,22.03,8.9,79
shaanxi_guanzhong,2007-07-25,27.2,19.0,1.6,3.96,20.12,7.3,78
shaanxi_guanzhong,2007-07-26,27.4,18.8,2.2,4.1,21.01,7.7,79
shaanxi_guanzhong,2007-07-27,27.3,19.6,7.6,3.18,15.94,9.3,82
shaanxi_guanzhong,2007-07-28,23.4,20.6,34.3,1.24,5.73,6.0,93
shaanxi_guanzhong,2007-07-29,24.6,20.5,40.6,1.88,8.93,5.1,88
shaanxi_guanzhong,2007-07-30,28.9,18.5,0.5,4.39,22.0,5.4,82
shaanxi_guanzhong,2007-07-31,30.7,20.0,2.9,4.92,23.7,9.7,77
shaanxi_guanzhong,2007-08-01,30.3,20.1,0.1,3.79,17.73,6.3,72
shaanxi_guanzhong,2007-08-02,30.6,16.8,0.0,5.54,27.35,8.7,68
shaanxi_guanzhong,2007-08-03,28.7,19.4,0.0,5.26,27.2,10.3,75
shaanxi_guanzhong,2007-08-04,29.2,19.9,0.0,4.73,24.16,11.2,77
shaanxi_guanzhong,2007-08-05,28.4,21.6,0.2,4.12,20.82,8.0,80
shaanxi_guanzhong,2007-08-06,26.4,22.3,7.6,2.28,11.09,9.3,87
shaanxi_guanzhong,2007-08-07,30.0,22.9,7.4,4.14,20.11,5.8,83
shaanxi_guanzhong,2007-08-08,29.6,22.5,33.5,3.27,15.76,7.8,86
shaanxi_guanzhong,2007-08-09,24.0,20.9,114.5,0.62,2.18,9.2,93
shaanxi_guanzhong,2007-08-10,28.0,21.1,1.3,3.98,20.04,6.6,82
shaanxi_guanzhong,2007-08-11,28.0,17.5,0.3,4.64,23.82,5.2,78
shaanxi_guanzhong,2007-08-12,29.0,16.9,0.0,4.93,25.14,5.8,71
shaanxi_guanzhong,2007-08-13,29.7,16.7,0.0,5.39,27.58,4.1,67
shaanxi_guanzhong,2007-08-14,28.6,14.7,0.0,5.18,26.85,7.5,72
shaanxi_guanzhong,2007-08-15,28.0,17.7,0.0,4.62,23.85,9.8,75
shaanxi_guanzhong,2007-08-16,27.2,20.4,0.0,4.29,22.14,13.3,74
shaanxi_guanzhong,2007-08-17,27.0,18.6,0.2,4.02,20.61,13.6,77
shaanxi_guanzhong,2007-08-18,27.9,20.5,0.0,4.19,21.63,9.5,77
shaanxi_guanzhong,2007-08-19,28.4,22.4,0.1,3.59,17.71,7.1,78
shaanxi_guanzhong,2007-08-20,29.4,21.6,0.0,4.67,23.35,5.4,77
shaanxi_guanzhong,2007-08-21,30.5,18.6,0.0,5.01,24.99,5.4,71
shaanxi_guanzhong,2007-08-22,29.2,20.8,0.0,4.02,19.44,10.4,77
shaanxi_guanzhong,2007-08-23,27.5,21.8,0.0,2.79,13.28,6.4,78
shaanxi_guanzhong,2007-08-24,26.0,22.0,3.3,2.04,9.99,4.8,87
shaanxi_guanzhong,2007-08-25,28.7,22.3,7.4,3.28,16.21,6.4,82
shaanxi_guanzhong,2007-08-26,28.8,22.2,28.1,3.65,17.97,9.2,83
shaanxi_guanzhong,2007-08-27,27.4,21.8,7.7,3.4,17.1,6.9,83
shaanxi_guanzhong,2007-08-28,27.6,21.4,16.7,3.02,14.89,9.8,84
shaanxi_guanzhong,2007-08-29,27.8,21.5,4.3,2.64,12.81,8.2,84
shaanxi_guanzhong,2007-08-30,23.5,21.5,61.6,1.09,4.87,5.4,94
shaanxi_guanzhong,2007-08-31,21.2,18.3,42.5,0.98,4.52,7.0,91
shaanxi_guanzhong,2007-09-01,25.2,17.2,0.0,4.09,22.28,6.9,79
shaanxi_guanzhong,2007-09-02,26.2,14.2,0.0,3.77,20.06,5.5,80
shaanxi_guanzhong,2007-09-03,23.7,18.0,0.0,2.68,13.74,6.9,78
shaanxi_guanzhong,2007-09-04,21.5,17.5,2.2,1.99,10.64,7.4,85
shaanxi_guanzhong,2007-09-05,22.6,17.0,1.7,2.83,15.75,11.1,86
shaanxi_guanzhong,2007-09-06,19.0,16.4,6.7,1.13,5.09,11.0,86
shaanxi_guanzhong,2007-09-07,19.9,16.1,11.4,1.1,5.2,12.6,91
shaanxi_guanzhong,2007-09-08,17.4,15.0,7.4,0.91,4.17,7.7,88
shaanxi_guanzhong,2007-09-09,22.6,13.6,0.0,2.83,15.9,5.0,81
shaanxi_guanzhong,2007-09-10,24.3,16.0,0.0,2.8,14.87,4.3,77
shaanxi_guanzhong,2007-09-11,23.0,13.5,0.0,2.17,11.24,6.5,80
shaanxi_guanzhong,2007-09-12,19.0,17.4,15.1,0.66,2.42,6.5,87
shaanxi_guanzhong,2007-09-13,22.7,13.6,0.9,1.83,9.06,6.6,81
shaanxi_guanzhong,2007-09-14,25.9,12.0,0.0,4.34,23.67,7.4,63
shaanxi_guanzhong,2007-09-15,26.2,12.0,0.0,4.16,22.56,7.2,70
shaanxi_guanzhong,2007-09-16,23.7,14.6,19.0,1.92,9.85,6.0,83
shaanxi_guanzhong,2007-09-17,22.2,11.8,29.4,3.18,15.39,21.4,66
shaanxi_guanzhong,2007-09-18,23.5,8.5,0.0,4.14,23.52,8.4,63
shaanxi_guanzhong,2007-09-19,23.7,9.6,0.0,3.95,22.57,6.1,67
shaanxi_guanzhong,2007-09-20,25.7,11.6,0.0,4.16,22.62,7.2,64
shaanxi_guanzhong,2007-09-21,24.4,11.5,0.0,4.01,21.58,12.1,63
shaanxi_guanzhong,2007-09-22,24.0,11.9,0.0,4.06,22.49,12.8,57
shaanxi_guanzhong,2007-09-23,23.2,11.8,0.0,3.83,21.94,11.9,61
shaanxi_guanzhong,2007-09-24,23.6,12.3,0.0,3.7,21.05,9.8,67
shaanxi_guanzhong,2007-09-25,24.4,13.2,0.0,3.43,19.28,8.3,76
shaanxi_guanzhong,2007-09-26,24.0,18.6,8.4,1.69,8.16,10.9,83
shaanxi_guanzhong,2007-09-27,18.9,15.6,9.1,0.98,3.85,10.1,85
shaanxi_guanzhong,2007-09-28,15.4,11.4,12.2,0.57,2.36,12.6,93
shaanxi_guanzhong,2007-09-29,14.6,10.6,6.1,1.07,6.05,7.1,89
shaanxi_guanzhong,2007-09-30,17.8,11.4,2.5,1.47,8.83,9.4,90
shaanxi_guanzhong,2007-10-01,17.9,13.0,2.0,1.23,6.49,7.1,88
shaanxi_guanzhong,2007-10-02,21.0,13.3,0.0,1.98,11.3,9.7,81
shaanxi_guanzhong,2007-10-03,20.5,15.2,1.9,1.3,6.59,11.4,89
shaanxi_guanzhong,2007-10-04,24.0,16.8,0.0,1.9,9.96,10.5,87
shaanxi_guanzhong,2007-10-05,25.0,18.5,0.1,2.39,12.48,11.0,86
shaanxi_guanzhong,2007-10-06,19.8,14.5,12.4,0.82,2.85,19.7,87
shaanxi_guanzhong,2007-10-07,14.7,10.7,0.4,1.57,7.08,8.7,69
shaanxi_guanzhong,2007-10-08,10.5,8.1,5.7,0.68,3.33,5.6,80
shaanxi_guanzhong,2007-10-09,10.5,8.1,12.8,0.49,2.33,5.6,93
shaanxi_guanzhong,2007-10-10,12.1,9.7,8.3,0.52,2.28,3.6,91
shaanxi_guanzhong,2007-10-11,13.0,10.6,4.0,0.85,4.63,4.8,87
shaanxi_guanzhong,2007-10-12,11.3,10.0,7.8,0.69,3.57,4.0,88
shaanxi_guanzhong,2007-10-13,14.0,9.7,1.6,1.34,8.04,5.4,79
shaanxi_guanzhong,2007-10-14,15.5,8.9,0.0,1.87,11.56,4.0,70
shaanxi_guanzhong,2007-10-15,17.7,7.0,0.0,2.13,12.84,6.9,68
shaanxi_guanzhong,2007-10-16,19.4,5.2,0.0,2.85,17.8,5.9,66
shaanxi_guanzhong,2007-10-17,19.7,5.6,0.0,2.48,15.08,3.6,74
shaanxi_guanzhong,2007-10-18,19.6,7.7,0.0,1.82,8.86,10.5,71
shaanxi_guanzhong,2007-10-19,19.0,5.3,0.0,2.66,16.74,3.8,62
shaanxi_guanzhong,2007-10-20,18.2,6.1,0.0,2.35,14.5,6.9,72
shaanxi_guanzhong,2007-10-21,18.9,6.3,0.0,2.23,13.82,5.5,72
shaanxi_guanzhong,2007-10-22,20.1,7.4,0.0,2.62,16.03,5.5,75
shaanxi_guanzhong,2007-10-23,19.0,9.9,5.0,1.96,11.74,11.1,77
shaanxi_guanzhong,2007-10-24,18.0,6.1,1.8,2.59,16.69,11.1,72
shaanxi_guanzhong,2007-10-25,18.0,6.0,0.0,2.16,13.89,7.7,80
shaanxi_guanzhong,2007-10-26,18.6,9.8,0.0,1.8,10.8,8.9,81
shaanxi_guanzhong,2007-10-27,14.9,10.0,11.7,0.52,2.05,13.3,90
shaanxi_guanzhong,2007-10-28,10.0,6.3,0.0,0.97,4.33,11.0,58
shaanxi_guanzhong,2007-10-29,13.8,5.4,0.0,1.9,13.06,7.9,57
shaanxi_guanzhong,2007-10-30,13.2,2.6,0.0,1.38,9.04,4.5,67
shaanxi_guanzhong,2007-10-31,13.3,4.8,0.0,1.42,8.65,6.9,64
shaanxi_guanzhong,2007-11-01,12.8,3.9,0.0,2.37,15.64,12.3,51
shaanxi_guanzhong,2007-11-02,16.8,1.0,0.0,2.24,15.72,4.1,63
shaanxi_guanzhong,2007-11-03,15.4,2.1,0.0,2.24,15.27,10.3,60
shaanxi_guanzhong,2007-11-04,16.1,5.6,0.0,2.13,14.73,9.2,59
shaanxi_guanzhong,2007-11-05,15.8,5.4,0.0,2.02,14.29,9.2,71
shaanxi_guanzhong,2007-11-06,17.4,5.2,0.0,1.88,12.32,6.1,75
shaanxi_guanzhong,2007-11-07,19.2,4.9,0.0,2.3,14.96,3.3,62
shaanxi_guanzhong,2007-11-08,16.1,4.4,0.0,2.14,14.56,4.7,59
shaanxi_guanzhong,2007-11-09,14.1,4.6,0.0,1.96,13.36,9.5,59
shaanxi_guanzhong,2007-11-10,11.1,7.8,1.3,0.88,4.89,5.8,73
shaanxi_guanzhong,2007-11-11,12.7,7.0,0.0,1.0,6.25,8.9,86
shaanxi_guanzhong,2007-11-12,11.6,6.9,0.1,0.83,5.34,6.4,86
shaanxi_guanzhong,2007-11-13,13.3,6.3,0.0,1.21,8.42,5.4,85
shaanxi_guanzhong,2007-11-14,15.4,4.4,0.0,1.76,12.91,9.2,81
shaanxi_guanzhong,2007-11-15,10.6,7.4,3.1,0.42,1.9,6.0,91
shaanxi_guanzhong,2007-11-16,8.5,6.1,1.5,0.5,2.92,7.8,91
shaanxi_guanzhong,2007-11-17,13.1,3.1,0.0,1.71,11.96,8.9,69
shaanxi_guanzhong,2007-11-18,11.5,4.0,0.0,1.79,13.04,10.7,52
shaanxi_guanzhong,2007-11-19,14.2,1.3,0.0,1.75,12.19,5.4,59
shaanxi_guanzhong,2007-11-20,14.2,-0.5,0.0,1.76,12.66,4.7,62
shaanxi_guanzhong,2007-11-21,13.7,2.6,0.2,1.57,10.59,6.7,68
shaanxi_guanzhong,2007-11-22,16.2,3.7,0.7,1.78,12.4,4.4,69
shaanxi_guanzhong,2007-11-23,15.7,2.0,0.0,1.8,12.57,5.4,72
shaanxi_guanzhong,2007-11-24,16.0,3.6,0.0,1.81,12.48,9.4,73
shaanxi_guanzhong,2007-11-25,10.9,2.5,0.0,1.98,8.85,14.4,50
shaanxi_guanzhong,2007-11-26,10.9,-2.5,0.0,1.71,12.82,9.1,40
shaanxi_guanzhong,2007-11-27,10.9,-2.3,0.0,1.62,12.56,7.6,55
shaanxi_guanzhong,2007-11-28,12.9,-1.3,0.0,1.58,12.16,4.9,66
shaanxi_guanzhong,2007-11-29,8.9,1.0,0.0,1.38,9.26,10.6,54
shaanxi_guanzhong,2007-11-30,9.3,-0.3,0.0,1.42,10.91,12.1,60
shaanxi_guanzhong,2007-12-01,6.4,-0.4,2.1,0.62,3.71,11.0,75
shaanxi_guanzhong,2007-12-02,7.6,-2.5,0.0,1.52,12.62,9.9,50
shaanxi_guanzhong,2007-12-03,7.6,-3.8,0.0,1.36,11.23,8.5,59
shaanxi_guanzhong,2007-12-04,6.8,1.0,1.1,0.99,7.78,5.8,68
shaanxi_guanzhong,2007-12-05,6.0,-1.5,1.4,0.65,5.12,4.8,84
shaanxi_guanzhong,2007-12-06,9.3,-2.9,0.0,1.41,11.72,6.4,67
shaanxi_guanzhong,2007-12-07,8.2,-3.4,0.0,1.27,10.9,7.7,67
shaanxi_guanzhong,2007-12-08,7.2,-0.9,0.0,1.04,8.47,5.2,64
shaanxi_guanzhong,2007-12-09,6.7,0.3,0.1,0.72,5.36,8.9,76
shaanxi_guanzhong,2007-12-10,7.8,-0.8,0.0,0.92,8.48,9.7,85
shaanxi_guanzhong,2007-12-11,4.4,0.9,4.9,0.46,3.29,6.8,89
shaanxi_guanzhong,2007-12-12,6.7,-3.1,0.0,1.09,9.31,5.5,68
shaanxi_guanzhong,2007-12-13,6.6,-4.4,0.0,1.18,10.02,8.1,61
shaanxi_guanzhong,2007-12-14,9.2,-3.1,0.0,1.27,10.24,5.4,63
shaanxi_guanzhong,2007-12-15,7.2,-3.0,0.0,1.29,10.32,8.7,57
shaanxi_guanzhong,2007-12-16,7.2,-0.5,0.0,0.97,7.73,3.7,55
shaanxi_guanzhong,2007-12-17,9.6,-3.0,0.0,1.32,10.75,6.1,64
shaanxi_guanzhong,2007-12-18,8.7,-3.4,0.0,1.0,7.62,7.4,68
shaanxi_guanzhong,2007-12-19,13.0,-2.1,0.0,1.5,11.45,8.4,67
shaanxi_guanzhong,2007-12-20,10.1,-0.6,0.0,0.99,7.47,6.1,73
shaanxi_guanzhong,2007-12-21,7.5,-2.4,0.0,0.9,6.43,10.2,71
shaanxi_guanzhong,2007-12-22,8.5,-0.5,0.0,1.26,11.03,8.4,73
shaanxi_guanzhong,2007-12-23,6.7,-0.7,4.5,0.62,4.59,6.1,87
shaanxi_guanzhong,2007-12-24,6.1,0.0,0.1,0.64,5.41,10.5,88
shaanxi_guanzhong,2007-12-25,5.2,-0.1,0.0,0.68,5.69,12.1,86
shaanxi_guanzhong,2007-12-26,4.6,-0.3,1.4,0.54,4.46,8.2,88
shaanxi_guanzhong,2007-12-27,5.8,0.1,3.1,0.67,5.1,20.5,87
shaanxi_guanzhong,2007-12-28,5.2,-4.5,0.0,1.72,10.72,18.2,32
shaanxi_guanzhong,2007-12-29,4.8,-5.5,0.0,1.39,11.89,8.7,41
shaanxi_guanzhong,2007-12-30,1.1,-7.0,0.0,1.29,11.77,8.1,33
shaanxi_guanzhong,2007-12-31,3.1,-5.8,0.0,1.31,12.04,8.4,34
shaanxi_guanzhong,2008-01-01,3.2,-6.2,0.0,1.21,11.84,5.8,40
shaanxi_guanzhong,2008-01-02,5.0,-4.5,0.0,1.24,11.28,7.5,45
shaanxi_guanzhong,2008-01-03,5.6,-3.5,0.0,1.34,11.11,9.8,46
shaanxi_guanzhong,2008-01-04,7.6,-2.1,0.0,1.28,10.62,5.8,53
shaanxi_guanzhong,2008-01-05,9.9,-3.1,0.0,1.42,11.89,7.7,67
shaanxi_guanzhong,2008-01-06,10.7,-1.5,0.0,1.33,10.2,7.4,63
shaanxi_guanzhong,2008-01-07,8.5,-3.4,0.0,1.41,11.17,5.4,47
shaanxi_guanzhong,2008-01-08,11.7,-3.2,0.0,1.58,12.2,6.9,60
shaanxi_guanzhong,2008-01-09,9.2,-1.9,0.0,1.42,10.65,8.3,63
shaanxi_guanzhong,2008-01-10,4.0,-2.5,0.3,0.84,6.27,7.9,70
shaanxi_guanzhong,2008-01-11,2.1,-0.7,5.1,0.38,3.0,4.3,94
shaanxi_guanzhong,2008-01-12,-0.5,-3.7,11.1,0.34,2.75,12.2,90
shaanxi_guanzhong,2008-01-13,-1.7,-5.8,4.1,0.58,7.24,9.5,83
shaanxi_guanzhong,2008-01-14,-1.2,-7.0,0.3,0.73,9.07,8.0,76
shaanxi_guanzhong,2008-01-15,0.2,-4.0,0.3,0.9,10.28,5.2,73
shaanxi_guanzhong,2008-01-16,0.1,-7.1,0.6,0.81,10.15,10.0,75
shaanxi_guanzhong,2008-01-17,-0.3,-7.0,0.0,0.86,11.19,10.0,75
shaanxi_guanzhong,2008-01-18,-1.4,-6.1,1.4,0.63,7.53,8.9,79
shaanxi_guanzhong,2008-01-19,-3.0,-7.5,5.0,0.58,7.36,9.0,84
shaanxi_guanzhong,2008-01-20,-2.9,-5.9,2.9,0.59,7.49,5.4,81
shaanxi_guanzhong,2008-01-21,-2.7,-7.2,3.0,0.6,6.84,5.0,80
shaanxi_guanzhong,2008-01-22,-2.0,-8.6,0.0,0.82,9.41,7.4,70
shaanxi_guanzhong,2008-01-23,-4.7,-10.6,0.0,0.86,12.11,4.7,65
shaanxi_guanzhong,2008-01-24,-5.6,-12.1,0.0,0.96,13.36,7.0,46
shaanxi_guanzhong,2008-01-25,-5.3,-9.8,0.0,0.82,11.06,4.0,51
shaanxi_guanzhong,2008-01-26,-3.5,-13.7,0.0,1.01,13.54,4.2,62
shaanxi_guanzhong,2008-01-27,-4.1,-8.3,2.2,0.57,6.8,5.8,71
shaanxi_guanzhong,2008-01-28,-2.6,-9.1,0.0,0.77,9.0,11.2,61
shaanxi_guanzhong,2008-01-29,-3.1,-10.8,0.0,1.25,14.75,7.2,43
shaanxi_guanzhong,2008-01-30,-4.2,-10.0,0.0,1.23,15.15,7.8,44
shaanxi_guanzhong,2008-01-31,-3.4,-14.7,0.0,1.09,14.57,5.0,51
shaanxi_guanzhong,2008-02-01,-2.0,-9.8,0.0,0.96,11.83,5.8,58
shaanxi_guanzhong,2008-02-02,0.1,-13.6,0.0,1.33,15.97,5.1,62
shaanxi_guanzhong,2008-02-03,1.2,-12.7,0.0,1.37,16.15,7.7,57
shaanxi_guanzhong,2008-02-04,0.9,-10.7,0.0,1.02,10.97,10.7,56
shaanxi_guanzhong,2008-02-05,-2.5,-9.6,0.0,1.23,15.23,5.4,41
shaanxi_guanzhong,2008-02-06,-0.4,-11.5,0.0,1.26,15.9,6.4,50
shaanxi_guanzhong,2008-02-07,2.0,-11.0,0.0,1.49,16.34,7.7,49
shaanxi_guanzhong,2008-02-08,-1.8,-8.3,0.0,1.39,14.46,10.5,38
shaanxi_guanzhong,2008-02-09,-1.8,-12.4,0.0,1.05,12.6,5.9,48
shaanxi_guanzhong,2008-02-10,2.0,-7.7,0.0,1.43,14.99,4.3,54
shaanxi_guanzhong,2008-02-11,1.1,-6.6,0.0,1.18,11.16,7.9,52
shaanxi_guanzhong,2008-02-12,0.2,-6.9,0.0,1.29,14.66,10.2,50
shaanxi_guanzhong,2008-02-13,1.2,-5.6,0.0,1.07,10.72,4.1,57
shaanxi_guanzhong,2008-02-14,4.6,-6.4,0.0,1.7,17.19,8.9,60
shaanxi_guanzhong,2008-02-15,5.6,-5.6,0.0,1.74,16.67,8.8,59
shaanxi_guanzhong,2008-02-16,6.0,-5.9,0.0,1.74,15.93,10.4,64
shaanxi_guanzhong,2008-02-17,8.0,-0.9,0.0,1.52,11.82,12.8,64
shaanxi_guanzhong,2008-02-18,5.2,-1.4,0.0,1.13,9.79,3.2,77
shaanxi_guanzhong,2008-02-19,10.1,-4.7,0.0,2.21,17.65,6.0,67
shaanxi_guanzhong,2008-02-20,10.0,-4.4,0.0,2.14,17.05,6.8,60
shaanxi_guanzhong,2008-02-21,14.4,-2.9,0.0,2.5,17.99,8.3,64
shaanxi_guanzhong,2008-02-22,13.2,-0.7,0.0,2.53,18.21,9.0,62
shaanxi_guanzhong,2008-02-23,12.1,1.1,0.3,1.7,11.42,12.7,65
shaanxi_guanzhong,2008-02-24,4.7,-0.5,8.7,0.52,3.7,11.5,85
shaanxi_guanzhong,2008-02-25,6.8,-3.2,0.0,1.63,12.08,9.5,63
shaanxi_guanzhong,2008-02-26,6.2,-3.7,0.0,2.31,19.19,8.4,40
shaanxi_guanzhong,2008-02-27,8.9,-5.8,0.0,2.33,19.07,4.6,49
shaanxi_guanzhong,2008-02-28,12.7,-1.9,0.0,2.69,18.99,9.8,49
shaanxi_guanzhong,2008-02-29,15.6,-1.7,0.0,2.8,19.5,9.2,53
shaanxi_guanzhong,2008-03-01,14.1,0.1,0.0,2.8,18.72,14.3,50
shaanxi_guanzhong,2008-03-02,12.2,-2.4,0.0,2.69,19.85,8.4,48
shaanxi_guanzhong,2008-03-03,12.8,-2.9,0.0,2.77,20.17,10.8,51
shaanxi_guanzhong,2008-03-04,13.5,2.1,0.0,2.44,17.2,9.4,50
shaanxi_guanzhong,2008-03-05,13.5,1.3,1.7,2.0,13.26,8.4,65
shaanxi_guanzhong,2008-03-06,11.9,5.7,6.4,1.32,8.62,7.0,82
shaanxi_guanzhong,2008-03-07,10.3,3.6,0.3,1.36,9.29,7.6,75
shaanxi_guanzhong,2008-03-08,16.1,0.1,0.7,2.84,19.76,5.4,70
shaanxi_guanzhong,2008-03-09,16.2,0.5,0.0,3.08,20.52,9.7,62
shaanxi_guanzhong,2008-03-10,19.1,2.2,0.0,2.93,18.69,4.1,67
shaanxi_guanzhong,2008-03-11,20.0,5.3,0.0,3.11,19.2,7.2,69
shaanxi_guanzhong,2008-03-12,14.7,4.9,1.7,1.58,9.56,13.2,77
shaanxi_guanzhong,2008-03-13,17.1,1.7,0.0,3.15,21.29,11.2,72
shaanxi_guanzhong,2008-03-14,18.5,5.3,0.0,3.13,20.48,8.3,67
shaanxi_guanzhong,2008-03-15,16.8,6.3,0.0,2.92,18.08,7.9,56
shaanxi_guanzhong,2008-03-16,16.9,8.1,0.0,1.94,11.06,7.3,59
shaanxi_guanzhong,2008-03-17,20.2,4.1,0.0,3.51,22.1,7.4,69
shaanxi_guanzhong,2008-03-18,22.0,6.0,0.0,3.42,19.24,10.4,62
shaanxi_guanzhong,2008-03-19,15.0,7.5,2.1,1.7,8.95,16.3,74
shaanxi_guanzhong,2008-03-20,10.0,5.7,19.4,0.45,2.05,11.4,91
shaanxi_guanzhong,2008-03-21,15.4,2.9,0.0,2.58,16.06,9.5,69
shaanxi_guanzhong,2008-03-22,17.5,3.2,0.0,3.54,22.53,10.6,48
shaanxi_guanzhong,2008-03-23,14.6,-0.2,0.0,2.92,19.86,6.8,49
shaanxi_guanzhong,2008-03-24,19.1,2.3,0.0,3.53,22.05,7.4,60
shaanxi_guanzhong,2008-03-25,18.2,1.8,0.0,3.65,23.38,7.2,48
shaanxi_guanzhong,2008-03-26,21.5,4.5,0.0,3.79,22.44,5.8,55
shaanxi_guanzhong,2008-03-27,20.4,7.3,0.0,3.69,21.34,12.8,55
shaanxi_guanzhong,2008-03-28,16.9,7.9,0.5,2.53,13.54,14.2,58
shaanxi_guanzhong,2008-03-29,11.9,6.0,3.4,1.78,11.25,8.7,71
shaanxi_guanzhong,2008-03-30,16.8,2.3,0.0,3.35,21.36,12.3,61
shaanxi_guanzhong,2008-03-31,15.5,6.2,0.1,2.34,13.55,10.2,61
shaanxi_guanzhong,2008-04-01,14.1,4.0,3.5,2.63,16.27,15.1,61
shaanxi_guanzhong,2008-04-02,16.2,2.4,0.0,3.29,21.32,4.1,45
shaanxi_guanzhong,2008-04-03,15.4,4.5,0.0,2.26,13.66,5.1,56
shaanxi_guanzhong,2008-04-04,17.5,5.7,0.1,3.03,18.95,10.8,70
shaanxi_guanzhong,2008-04-05,20.5,8.1,0.0,3.83,23.34,7.1,66
shaanxi_guanzhong,2008-04-06,23.8,8.1,0.0,4.22,24.23,5.6,69
shaanxi_guanzhong,2008-04-07,25.6,11.6,0.6,4.13,22.36,10.7,66
shaanxi_guanzhong,2008-04-08,21.3,10.5,4.6,2.41,11.08,21.3,71
shaanxi_guanzhong,2008-04-09,22.4,6.8,0.0,4.27,23.83,12.7,59
shaanxi_guanzhong,2008-04-10,18.6,12.2,1.1,2.52,14.54,6.1,70
shaanxi_guanzhong,2008-04-11,16.6,10.5,5.9,1.39,7.55,8.7,85
shaanxi_guanzhong,2008-04-12,17.1,10.8,1.9,2.16,11.74,10.8,73
shaanxi_guanzhong,2008-04-13,18.3,7.9,0.0,3.6,22.51,10.0,65
shaanxi_guanzhong,2008-04-14,17.0,8.7,0.0,2.45,14.77,3.3,72
shaanxi_guanzhong,2008-04-15,19.9,7.4,0.0,3.82,23.0,5.9,68
shaanxi_guanzhong,2008-04-16,22.3,6.9,0.0,4.29,24.76,7.4,66
shaanxi_guanzhong,2008-04-17,20.7,10.2,2.1,2.48,12.69,13.1,71
shaanxi_guanzhong,2008-04-18,19.7,12.0,6.6,2.14,12.1,11.6,81
shaanxi_guanzhong,2008-04-19,15.1,12.3,6.4,0.77,3.47,9.3,92
shaanxi_guanzhong,2008-04-20,18.9,11.8,0.0,2.54,12.84,14.6,74
shaanxi_guanzhong,2008-04-21,14.3,5.5,2.6,1.76,5.59,19.4,65
shaanxi_guanzhong,2008-04-22,16.2,2.6,0.0,3.86,25.6,9.6,60
shaanxi_guanzhong,2008-04-23,17.5,2.1,0.0,4.36,27.93,6.6,48
shaanxi_guanzhong,2008-04-24,22.5,4.3,0.0,4.79,27.42,8.3,53
shaanxi_guanzhong,2008-04-25,25.6,7.2,0.0,5.16,27.8,9.7,50
shaanxi_guanzhong,2008-04-26,25.2,9.0,0.0,4.3,21.17,11.6,54
shaanxi_guanzhong,2008-04-27,24.9,9.5,0.0,5.11,27.02,9.7,47
shaanxi_guanzhong,2008-04-28,26.2,8.4,0.0,4.85,26.05,6.2,53
shaanxi_guanzhong,2008-04-29,25.0,11.5,0.0,4.11,21.59,7.5,61
shaanxi_guanzhong,2008-04-30,28.1,11.5,0.0,5.09,26.56,6.4,62
shaanxi_guanzhong,2008-05-01,31.1,13.7,0.0,5.72,26.72,10.6,53
shaanxi_guanzhong,2008-05-02,28.5,15.3,0.0,4.56,22.74,6.4,58
shaanxi_guanzhong,2008-05-03,19.7,8.9,3.0,1.87,5.87,25.6,68
shaanxi_guanzhong,2008-05-04,24.8,8.4,0.0,4.52,24.2,8.1,47
shaanxi_guanzhong,2008-05-05,28.8,10.5,0.0,5.59,28.06,8.7,52
shaanxi_guanzhong,2008-05-06,29.7,12.6,0.0,5.4,27.48,6.9,60
shaanxi_guanzhong,2008-05-07,27.6,14.4,0.9,4.12,16.83,27.2,65
shaanxi_guanzhong,2008-05-08,17.2,13.4,1.6,1.41,6.93,8.7,80
shaanxi_guanzhong,2008-05-09,25.7,11.4,0.0,5.34,26.88,13.7,54
shaanxi_guanzhong,2008-05-10,24.1,11.2,0.2,4.38,23.52,7.4,48
shaanxi_guanzhong,2008-05-11,23.9,11.0,0.0,5.07,27.95,12.5,50
shaanxi_guanzhong,2008-05-12,21.3,9.0,0.0,5.03,29.09,9.7,33
shaanxi_guanzhong,2008-05-13,23.1,7.2,0.0,4.63,26.06,7.3,42
shaanxi_guanzhong,2008-05-14,27.4,10.3,0.0,4.8,25.06,6.2,50
shaanxi_guanzhong,2008-05-15,29.0,13.4,0.0,5.23,27.03,7.4,63
shaanxi_guanzhong,2008-05-16,32.2,14.7,0.0,5.62,27.41,9.7,54
shaanxi_guanzhong,2008-05-17,29.7,16.2,1.0,4.68,22.11,13.4,62
shaanxi_guanzhong,2008-05-18,26.6,14.9,0.0,5.17,25.16,8.2,48
shaanxi_guanzhong,2008-05-19,26.2,10.4,0.0,5.59,29.48,9.9,42
shaanxi_guanzhong,2008-05-20,29.7,12.7,0.0,4.78,21.92,8.4,49
shaanxi_guanzhong,2008-05-21,28.2,14.4,0.0,4.73,23.27,5.9,42
shaanxi_guanzhong,2008-05-22,28.2,14.5,0.0,4.51,21.84,5.7,52
shaanxi_guanzhong,2008-05-23,29.0,14.4,0.0,4.85,24.16,10.7,57
shaanxi_guanzhong,2008-05-24,29.5,12.6,0.0,5.75,28.61,8.9,57
shaanxi_guanzhong,2008-05-25,29.1,17.6,7.8,3.36,15.02,11.7,68
shaanxi_guanzhong,2008-05-26,26.6,18.5,3.3,3.45,17.34,5.2,78
shaanxi_guanzhong,2008-05-27,30.0,18.1,0.0,4.48,19.04,10.0,61
shaanxi_guanzhong,2008-05-28,28.7,12.9,0.0,5.62,29.01,5.5,47
shaanxi_guanzhong,2008-05-29,22.4,14.1,0.0,2.68,9.74,11.5,51
shaanxi_guanzhong,2008-05-30,24.8,10.2,0.0,5.0,26.94,6.6,47
shaanxi_guanzhong,2008-05-31,28.7,12.1,0.0,4.94,25.1,6.5,55
shaanxi_guanzhong,2008-06-01,30.0,14.4,0.1,5.82,27.89,9.2,49
shaanxi_guanzhong,2008-06-02,30.9,12.4,0.0,5.82,29.03,7.6,46
shaanxi_guanzhong,2008-06-03,29.7,13.8,0.0,6.39,29.91,9.8,40
shaanxi_guanzhong,2008-06-04,28.8,15.2,0.0,6.18,29.82,10.7,32
shaanxi_guanzhong,2008-06-05,31.6,16.5,0.0,5.54,26.27,10.0,47
shaanxi_guanzhong,2008-06-06,24.7,17.7,5.0,2.29,10.12,9.2,73
shaanxi_guanzhong,2008-06-07,25.0,15.7,2.1,3.43,17.47,6.6,68
shaanxi_guanzhong,2008-06-08,27.9,14.6,0.0,4.68,23.08,7.6,63
shaanxi_guanzhong,2008-06-09,28.3,18.3,0.0,4.36,21.08,5.9,60
shaanxi_guanzhong,2008-06-10,29.9,16.7,0.0,5.04,24.54,8.2,58
shaanxi_guanzhong,2008-06-11,30.0,15.8,0.0,5.63,27.57,7.6,60
shaanxi_guanzhong,2008-06-12,30.5,18.8,0.0,5.25,24.47,9.2,57
shaanxi_guanzhong,2008-06-13,30.1,18.2,0.0,5.03,24.18,8.3,58
shaanxi_guanzhong,2008-06-14,23.9,18.7,10.7,1.81,8.47,6.5,80
shaanxi_guanzhong,2008-06-15,18.9,17.6,50.9,0.68,2.49,6.1,93
shaanxi_guanzhong,2008-06-16,24.2,15.4,0.0,4.23,22.95,13.5,79
shaanxi_guanzhong,2008-06-17,25.4,14.3,0.0,4.34,23.1,11.8,76
shaanxi_guanzhong,2008-06-18,26.1,17.1,0.3,3.51,17.81,13.8,77
shaanxi_guanzhong,2008-06-19,25.9,19.3,3.7,2.98,14.78,10.8,80
shaanxi_guanzhong,2008-06-20,28.4,19.5,0.0,3.97,19.7,4.8,73
shaanxi_guanzhong,2008-06-21,27.6,18.4,0.0,2.95,14.13,5.2,73
shaanxi_guanzhong,2008-06-22,24.5,16.5,1.3,1.5,4.41,14.1,77
shaanxi_guanzhong,2008-06-23,30.5,13.2,0.0,6.06,30.61,6.1,58
shaanxi_guanzhong,2008-06-24,29.2,16.3,0.0,3.48,15.06,9.8,56
shaanxi_guanzhong,2008-06-25,31.1,15.6,0.0,5.9,29.81,4.7,58
shaanxi_guanzhong,2008-06-26,30.7,19.4,0.0,3.58,15.55,8.6,62
shaanxi_guanzhong,2008-06-27,32.4,18.3,0.0,5.35,25.83,7.6,57
shaanxi_guanzhong,2008-06-28,32.6,18.2,0.0,5.92,28.28,6.8,60
shaanxi_guanzhong,2008-06-29,30.9,20.2,0.0,4.36,20.75,5.5,67
shaanxi_guanzhong,2008-06-30,26.5,20.1,47.1,2.11,9.81,10.0,83
shaanxi_guanzhong,2008-07-01,28.5,17.2,0.0,5.46,28.36,6.1,77
shaanxi_guanzhong,2008-07-02,31.1,15.9,0.0,5.82,29.03,6.6,72
shaanxi_guanzhong,2008-07-03,29.4,19.5,0.9,3.83,18.53,5.4,75
shaanxi_guanzhong,2008-07-04,28.5,18.9,7.8,2.76,10.81,16.6,76
shaanxi_guanzhong,2008-07-05,30.0,14.3,1.0,5.91,29.62,9.2,64
shaanxi_guanzhong,2008-07-06,31.9,16.5,0.0,6.0,29.24,5.9,58
shaanxi_guanzhong,2008-07-07,30.6,17.3,0.0,5.41,26.04,11.1,68
shaanxi_guanzhong,2008-07-08,30.1,18.5,0.0,5.25,25.83,10.5,71
shaanxi_guanzhong,2008-07-09,30.3,19.9,0.0,5.17,25.43,10.2,72
shaanxi_guanzhong,2008-07-10,31.0,21.5,0.0,5.3,25.68,7.2,70
shaanxi_guanzhong,2008-07-11,32.2,19.6,0.0,5.41,24.58,11.6,64
shaanxi_guanzhong,2008-07-12,31.1,19.3,0.0,4.64,21.98,6.1,60
shaanxi_guanzhong,2008-07-13,29.9,21.3,1.2,4.27,19.61,11.0,68
shaanxi_guanzhong,2008-07-14,27.1,22.9,5.3,2.39,8.54,11.2,75
shaanxi_guanzhong,2008-07-15,26.6,19.8,0.2,3.55,15.45,8.6,58
shaanxi_guanzhong,2008-07-16,26.1,14.5,0.5,3.51,16.92,8.7,67
shaanxi_guanzhong,2008-07-17,22.7,19.1,14.8,1.41,6.61,7.0,87
shaanxi_guanzhong,2008-07-18,28.5,18.8,0.0,4.97,25.54,7.2,75
shaanxi_guanzhong,2008-07-19,28.4,20.3,0.0,4.22,20.01,9.7,67
shaanxi_guanzhong,2008-07-20,27.7,20.0,0.0,3.04,13.99,10.7,74
shaanxi_guanzhong,2008-07-21,23.5,20.9,26.6,0.78,2.95,9.2,92
shaanxi_guanzhong,2008-07-22,22.2,19.1,8.2,1.58,7.56,4.4,87
shaanxi_guanzhong,2008-07-23,26.9,15.9,0.0,5.09,26.9,3.3,70
shaanxi_guanzhong,2008-07-24,28.3,16.1,0.0,4.88,24.84,8.7,75
shaanxi_guanzhong,2008-07-25,29.8,20.2,0.0,4.39,21.37,10.1,73
shaanxi_guanzhong,2008-07-26,29.8,21.9,0.0,4.53,21.97,9.0,73
shaanxi_guanzhong,2008-07-27,29.8,22.2,0.2,4.31,20.73,9.6,74
shaanxi_guanzhong,2008-07-28,30.0,22.4,1.5,4.33,20.91,5.2,77
shaanxi_guanzhong,2008-07-29,30.2,21.1,0.0,4.43,21.53,5.5,77
shaanxi_guanzhong,2008-07-30,30.5,22.2,0.0,4.35,20.34,9.9,70
shaanxi_guanzhong,2008-07-31,29.3,21.3,0.0,3.79,16.99,10.0,70
shaanxi_guanzhong,2008-08-01,29.9,21.6,0.0,4.74,19.5,11.6,56
shaanxi_guanzhong,2008-08-02,28.3,18.4,0.0,3.19,13.14,8.1,60
shaanxi_guanzhong,2008-08-03,29.8,21.2,0.1,4.09,19.57,4.8,61
shaanxi_guanzhong,2008-08-04,30.4,19.7,0.0,4.6,21.6,7.3,64
shaanxi_guanzhong,2008-08-05,31.4,21.1,0.2,4.86,22.65,9.4,65
shaanxi_guanzhong,2008-08-06,30.3,20.7,2.8,4.01,18.51,9.4,72
shaanxi_guanzhong,2008-08-07,30.8,22.1,0.0,4.04,19.05,7.2,72
shaanxi_guanzhong,2008-08-08,31.2,21.9,1.1,4.47,21.05,7.2,71
shaanxi_guanzhong,2008-08-09,26.4,20.5,4.4,2.17,8.38,15.3,73
shaanxi_guanzhong,2008-08-10,29.9,18.5,0.0,3.77,16.8,7.9,59
shaanxi_guanzhong,2008-08-11,29.5,16.0,0.0,4.76,24.03,4.6,60
shaanxi_guanzhong,2008-08-12,21.9,18.2,17.2,1.03,4.44,6.6,82
shaanxi_guanzhong,2008-08-13,26.7,16.4,0.0,4.38,23.28,6.3,77
shaanxi_guanzhong,2008-08-14,27.9,18.0,0.0,3.73,18.98,3.5,75
shaanxi_guanzhong,2008-08-15,25.3,18.3,6.3,1.92,9.22,6.2,83
shaanxi_guanzhong,2008-08-16,24.6,19.4,13.3,2.12,10.64,8.0,86
shaanxi_guanzhong,2008-08-17,27.0,16.9,0.0,4.65,24.38,6.6,71
shaanxi_guanzhong,2008-08-18,30.3,17.1,0.0,4.96,24.99,6.0,73
shaanxi_guanzhong,2008-08-19,31.1,21.0,0.0,4.89,23.74,10.4,72
shaanxi_guanzhong,2008-08-20,29.7,21.0,17.3,3.33,14.83,18.1,78
shaanxi_guanzhong,2008-08-21,23.6,17.2,4.4,1.82,7.06,12.0,78
shaanxi_guanzhong,2008-08-22,29.4,15.0,0.0,5.17,26.44,8.7,60
shaanxi_guanzhong,2008-08-23,29.7,13.8,0.0,5.3,26.68,7.9,60
shaanxi_guanzhong,2008-08-24,27.0,18.1,0.0,3.21,15.56,5.4,64
shaanxi_guanzhong,2008-08-25,28.9,15.9,0.0,4.86,25.0,5.4,69
shaanxi_guanzhong,2008-08-26,29.2,16.7,0.0,4.69,23.63,7.2,73
shaanxi_guanzhong,2008-08-27,28.1,20.8,0.6,3.67,18.15,7.5,74
shaanxi_guanzhong,2008-08-28,27.0,19.7,3.3,2.54,11.33,11.6,79
shaanxi_guanzhong,2008-08-29,21.0,16.1,28.4,0.83,2.04,19.5,88
shaanxi_guanzhong,2008-08-30,24.9,15.2,1.5,2.84,13.68,9.3,70
shaanxi_guanzhong,2008-08-31,25.0,11.5,0.0,4.55,24.84,8.3,61
shaanxi_guanzhong,2008-09-01,25.7,16.1,0.0,4.39,23.16,9.9,57
shaanxi_guanzhong,2008-09-02,21.7,17.0,15.9,1.56,7.55,7.6,73
shaanxi_guanzhong,2008-09-03,25.4,14.5,0.7,4.35,23.62,7.1,71
shaanxi_guanzhong,2008-09-04,27.9,12.5,0.0,4.66,24.66,3.8,63
shaanxi_guanzhong,2008-09-05,28.9,15.0,0.0,4.73,24.43,7.0,65
shaanxi_guanzhong,2008-09-06,29.0,16.7,0.0,5.02,23.42,15.1,57
shaanxi_guanzhong,2008-09-07,25.9,17.0,0.1,2.95,14.14,10.7,74
shaanxi_guanzhong,2008-09-08,25.3,20.1,3.1,1.99,8.85,14.2,82
shaanxi_guanzhong,2008-09-09,20.4,16.6,17.6,0.81,3.19,13.6,90
shaanxi_guanzhong,2008-09-10,20.6,14.5,0.7,2.2,11.39,7.4,72
shaanxi_guanzhong,2008-09-11,24.0,10.3,0.0,3.8,21.28,5.0,68
shaanxi_guanzhong,2008-09-12,24.9,10.2,0.0,3.76,20.62,3.3,65
shaanxi_guanzhong,2008-09-13,25.4,13.6,0.0,3.41,18.02,8.1,72
shaanxi_guanzhong,2008-09-14,25.7,15.9,0.0,3.92,21.16,6.8,71
shaanxi_guanzhong,2008-09-15,24.9,14.2,0.0,2.79,14.66,4.3,76
shaanxi_guanzhong,2008-09-16,23.8,16.7,0.0,1.82,8.87,4.8,78
shaanxi_guanzhong,2008-09-17,25.2,16.4,0.1,2.63,13.7,4.7,78
shaanxi_guanzhong,2008-09-18,23.7,15.9,1.1,2.66,13.83,8.2,80
shaanxi_guanzhong,2008-09-19,23.0,15.3,0.5,1.99,10.18,9.8,82
shaanxi_guanzhong,2008-09-20,24.4,17.1,1.5,2.09,10.38,11.5,82
shaanxi_guanzhong,2008-09-21,28.4,19.4,0.0,2.9,13.99,14.8,81
shaanxi_guanzhong,2008-09-22,24.0,19.8,6.7,1.64,7.77,7.6,85
shaanxi_guanzhong,2008-09-23,22.6,19.0,9.4,1.16,4.92,13.0,88
shaanxi_guanzhong,2008-09-24,23.8,15.9,0.0,3.03,16.17,13.7,78
shaanxi_guanzhong,2008-09-25,19.1,16.4,9.5,0.81,3.71,3.6,91
shaanxi_guanzhong,2008-09-26,16.8,10.1,22.5,0.47,1.39,15.4,91
shaanxi_guanzhong,2008-09-27,10.4,9.2,15.2,0.46,1.74,10.7,92
shaanxi_guanzhong,2008-09-28,13.3,10.3,10.0,0.69,3.43,4.4,91
shaanxi_guanzhong,2008-09-29,18.1,9.8,0.0,2.16,13.26,4.5,83
shaanxi_guanzhong,2008-09-30,21.5,9.1,0.0,3.33,19.95,5.2,77
shaanxi_guanzhong,2008-10-01,21.7,8.3,0.0,2.51,14.51,7.1,80
shaanxi_guanzhong,2008-10-02,23.2,14.3,0.0,2.95,16.59,8.2,75
shaanxi_guanzhong,2008-10-03,21.1,12.4,4.8,1.77,9.6,4.6,83
shaanxi_guanzhong,2008-10-04,23.4,13.3,0.6,3.13,17.2,7.2,73
shaanxi_guanzhong,2008-10-05,21.5,9.3,0.0,3.37,19.65,8.8,65
shaanxi_guanzhong,2008-10-06,20.0,10.8,0.0,2.9,17.09,8.4,60
shaanxi_guanzhong,2008-10-07,14.1,11.4,26.9,0.54,2.11,10.5,86
shaanxi_guanzhong,2008-10-08,19.7,11.3,0.0,2.56,15.42,8.5,78
shaanxi_guanzhong,2008-10-09,19.0,11.1,0.1,1.48,8.01,7.2,80
shaanxi_guanzhong,2008-10-10,17.3,9.7,0.0,1.92,10.82,5.0,67
shaanxi_guanzhong,2008-10-11,16.6,11.9,0.0,1.52,8.01,4.9,66
shaanxi_guanzhong,2008-10-12,19.0,9.5,0.0,2.29,14.25,6.1,78
shaanxi_guanzhong,2008-10-13,23.7,8.6,0.0,3.2,18.53,5.4,69
shaanxi_guanzhong,2008-10-14,23.3,9.3,0.0,3.14,17.96,7.9,69
shaanxi_guanzhong,2008-10-15,20.3,10.1,1.1,1.83,10.12,5.1,76
shaanxi_guanzhong,2008-10-16,22.0,9.0,0.0,2.95,17.36,7.9,74
shaanxi_guanzhong,2008-10-17,21.6,11.8,5.6,2.28,12.89,14.4,78
shaanxi_guanzhong,2008-10-18,19.2,11.6,0.6,2.54,12.97,16.5,65
shaanxi_guanzhong,2008-10-19,16.4,8.4,5.0,1.16,6.52,5.4,86
shaanxi_guanzhong,2008-10-20,16.2,11.7,3.9,0.92,5.06,6.3,90
shaanxi_guanzhong,2008-10-21,18.4,13.1,2.3,1.24,6.7,8.6,87
shaanxi_guanzhong,2008-10-22,16.4,5.5,15.1,1.57,8.05,25.3,72
shaanxi_guanzhong,2008-10-23,14.0,1.8,0.0,2.38,17.1,5.6,58
shaanxi_guanzhong,2008-10-24,15.4,3.6,0.0,2.22,15.28,5.7,62
shaanxi_guanzhong,2008-10-25,18.8,4.7,0.0,2.39,15.27,6.4,67
shaanxi_guanzhong,2008-10-26,18.5,4.2,0.0,2.36,15.2,5.2,59
shaanxi_guanzhong,2008-10-27,16.3,7.7,0.3,1.82,10.05,9.7,66
shaanxi_guanzhong,2008-10-28,15.2,9.3,0.0,1.0,5.89,5.0,82
shaanxi_guanzhong,2008-10-29,18.7,8.0,0.0,2.23,14.11,6.3,78
shaanxi_guanzhong,2008-10-30,16.3,7.5,2.1,1.16,7.01,4.1,84
shaanxi_guanzhong,2008-10-31,17.1,4.1,0.0,2.24,15.24,9.7,80
shaanxi_guanzhong,2008-11-01,19.0,5.6,0.0,2.15,11.44,12.5,62
shaanxi_guanzhong,2008-11-02,19.1,3.7,0.0,2.35,15.31,3.7,59
shaanxi_guanzhong,2008-11-03,18.7,6.4,0.1,2.15,13.14,8.8,68
shaanxi_guanzhong,2008-11-04,18.0,8.0,1.3,1.72,10.68,6.5,73
shaanxi_guanzhong,2008-11-05,17.1,9.1,1.1,1.76,7.68,10.5,61
shaanxi_guanzhong,2008-11-06,16.2,7.3,1.0,1.78,8.53,10.5,61
shaanxi_guanzhong,2008-11-07,17.2,5.7,0.0,2.19,14.3,5.1,53
shaanxi_guanzhong,2008-11-08,15.3,4.4,0.0,1.76,11.96,7.2,67
shaanxi_guanzhong,2008-11-09,15.2,6.1,0.1,1.78,12.34,12.2,77
shaanxi_guanzhong,2008-11-10,12.5,6.0,0.1,1.21,7.59,12.9,79
shaanxi_guanzhong,2008-11-11,12.0,6.3,0.0,1.1,7.35,7.2,81
shaanxi_guanzhong,2008-11-12,13.1,6.4,2.8,1.04,6.7,12.9,84
shaanxi_guanzhong,2008-11-13,10.3,6.0,1.6,0.99,5.84,13.9,72
shaanxi_guanzhong,2008-11-14,6.7,5.4,6.9,0.41,2.25,4.6,93
shaanxi_guanzhong,2008-11-15,9.4,3.2,2.8,0.77,5.39,4.7,81
shaanxi_guanzhong,2008-11-16,9.2,2.5,0.3,0.81,5.23,6.8,80
shaanxi_guanzhong,2008-11-17,11.1,2.1,0.0,1.58,11.53,7.1,57
shaanxi_guanzhong,2008-11-18,8.3,-0.7,0.0,1.52,12.37,5.1,45
shaanxi_guanzhong,2008-11-19,9.7,-4.0,0.0,1.65,13.37,6.9,54
shaanxi_guanzhong,2008-11-20,10.5,-2.2,0.0,1.56,12.42,6.0,58
shaanxi_guanzhong,2008-11-21,9.1,-1.8,0.1,1.04,6.7,7.2,68
shaanxi_guanzhong,2008-11-22,7.4,3.2,4.1,0.63,4.36,6.3,84
shaanxi_guanzhong,2008-11-23,12.1,0.8,0.0,1.53,11.48,7.2,74
shaanxi_guanzhong,2008-11-24,10.3,-1.9,0.0,1.09,6.98,8.3,65
shaanxi_guanzhong,2008-11-25,9.6,-3.7,0.0,1.49,12.01,5.8,57
shaanxi_guanzhong,2008-11-26,6.9,-3.4,0.0,1.38,7.22,21.5,50
shaanxi_guanzhong,2008-11-27,7.9,-5.0,0.0,1.52,12.6,8.3,43
shaanxi_guanzhong,2008-11-28,12.2,-3.5,0.0,1.78,11.66,15.2,53
shaanxi_guanzhong,2008-11-29,11.9,-3.0,0.0,1.63,12.52,6.6,50
shaanxi_guanzhong,2008-11-30,14.0,-1.3,0.0,1.63,12.34,5.6,57
shaanxi_guanzhong,2008-12-01,13.1,0.2,0.0,1.6,12.11,6.2,53
shaanxi_guanzhong,2008-12-02,13.5,-1.0,0.0,1.62,11.67,7.3,62
shaanxi_guanzhong,2008-12-03,9.4,2.6,0.0,1.47,5.07,14.3,51
shaanxi_guanzhong,2008-12-04,3.5,-4.9,0.0,1.73,12.33,13.0,28
shaanxi_guanzhong,2008-12-05,3.9,-5.6,0.0,1.34,12.07,8.1,33
shaanxi_guanzhong,2008-12-06,5.4,-5.4,0.0,1.29,11.66,7.3,51
shaanxi_guanzhong,2008-12-07,10.7,-2.6,0.0,1.37,9.82,10.1,50
shaanxi_guanzhong,2008-12-08,15.8,-2.0,0.0,1.82,11.67,9.0,54
shaanxi_guanzhong,2008-12-09,15.3,0.3,0.0,1.6,11.76,7.9,62
shaanxi_guanzhong,2008-12-10,12.9,-0.8,0.0,1.7,11.33,12.6,61
shaanxi_guanzhong,2008-12-11,12.4,-1.9,0.0,1.59,11.42,10.6,53
shaanxi_guanzhong,2008-12-12,12.1,0.8,0.0,1.5,9.63,10.6,61
shaanxi_guanzhong,2008-12-13,9.0,-1.3,0.0,1.6,11.03,10.3,48
shaanxi_guanzhong,2008-12-14,8.7,-3.5,0.0,1.37,11.39,6.8,61
shaanxi_guanzhong,2008-12-15,9.7,-3.0,0.0,1.36,11.3,5.7,69
shaanxi_guanzhong,2008-12-16,13.4,-2.0,0.0,1.47,11.22,5.6,73
shaanxi_guanzhong,2008-12-17,9.9,-2.8,0.0,1.4,11.33,6.5,58
shaanxi_guanzhong,2008-12-18,10.1,-0.7,0.0,1.38,11.19,7.2,64
shaanxi_guanzhong,2008-12-19,12.2,-1.0,0.0,1.55,11.31,9.2,63
shaanxi_guanzhong,2008-12-20,7.6,-2.6,0.0,0.97,6.38,8.2,59
shaanxi_guanzhong,2008-12-21,-2.2,-7.4,0.0,1.5,9.91,14.4,24
shaanxi_guanzhong,2008-12-22,-2.4,-9.2,0.0,1.24,11.06,8.0,17
shaanxi_guanzhong,2008-12-23,4.3,-5.8,0.0,1.2,11.36,3.5,38
shaanxi_guanzhong,2008-12-24,9.6,-5.4,0.0,1.36,11.49,5.2,55
shaanxi_guanzhong,2008-12-25,5.6,-5.0,0.0,1.54,11.48,13.4,37
shaanxi_guanzhong,2008-12-26,7.5,-2.1,0.0,1.63,11.51,13.0,42
shaanxi_guanzhong,2008-12-27,4.5,-3.4,0.0,0.92,7.32,7.7,59
shaanxi_guanzhong,2008-12-28,4.5,-3.3,0.0,1.19,8.98,14.3,55
shaanxi_guanzhong,2008-12-29,1.3,-4.9,0.0,0.82,7.52,6.5,46
shaanxi_guanzhong,2008-12-30,3.2,-6.8,0.0,0.96,8.41,6.0,54
shaanxi_guanzhong,2008-12-31,2.8,-5.4,0.0,1.24,11.86,8.2,44
shaanxi_guanzhong,2009-01-01,3.3,-5.2,0.0,1.24,10.25,8.9,34
shaanxi_guanzhong,2009-01-02,4.1,-3.7,0.0,1.11,8.54,6.6,36
shaanxi_guanzhong,2009-01-03,5.0,-2.9,0.0,1.25,10.24,9.2,48
shaanxi_guanzhong,2009-01-04,3.8,-3.3,0.0,1.09,9.5,8.9,60
shaanxi_guanzhong,2009-01-05,1.4,-3.1,0.4,0.61,5.08,5.9,65
shaanxi_guanzhong,2009-01-06,2.7,-4.7,0.0,0.9,7.66,6.2,56
shaanxi_guanzhong,2009-01-07,4.5,-5.1,0.0,1.26,12.38,4.2,58
shaanxi_guanzhong,2009-01-08,6.4,-5.3,0.0,1.42,12.41,11.1,46
shaanxi_guanzhong,2009-01-09,5.3,-6.0,0.0,1.41,12.68,8.7,43
shaanxi_guanzhong,2009-01-10,6.1,-5.7,0.0,1.32,12.21,6.4,48
shaanxi_guanzhong,2009-01-11,5.3,-5.8,0.0,1.56,12.75,7.7,43
shaanxi_guanzhong,2009-01-12,1.8,-7.3,0.0,1.39,13.13,7.1,33
shaanxi_guanzhong,2009-01-13,5.0,-7.5,0.0,1.4,13.18,6.7,41
shaanxi_guanzhong,2009-01-14,5.7,-5.4,0.0,1.51,13.2,7.4,39
shaanxi_guanzhong,2009-01-15,7.5,-5.0,0.0,1.43,12.58,7.4,47
shaanxi_guanzhong,2009-01-16,9.3,-4.8,0.0,1.51,12.14,4.1,50
shaanxi_guanzhong,2009-01-17,9.8,-5.3,0.0,1.4,11.3,4.8,52
shaanxi_guanzhong,2009-01-18,8.6,-4.1,0.0,1.61,13.41,6.6,47
shaanxi_guanzhong,2009-01-19,8.3,0.5,0.0,1.52,11.06,9.7,48
shaanxi_guanzhong,2009-01-20,7.2,-1.6,0.0,1.09,6.03,9.7,62
shaanxi_guanzhong,2009-01-21,12.9,-2.8,0.0,1.97,13.86,10.2,49
shaanxi_guanzhong,2009-01-22,4.2,-5.5,0.0,1.72,11.56,15.6,47
shaanxi_guanzhong,2009-01-23,-2.5,-8.8,0.0,1.53,14.36,11.8,24
shaanxi_guanzhong,2009-01-24,2.5,-7.4,0.0,1.55,14.31,9.0,24
shaanxi_guanzhong,2009-01-25,7.3,-6.1,0.0,1.57,12.72,5.4,34
shaanxi_guanzhong,2009-01-26,8.9,-5.4,0.0,1.75,14.46,5.8,46
shaanxi_guanzhong,2009-01-27,10.8,-3.9,0.0,1.78,14.28,6.8,58
shaanxi_guanzhong,2009-01-28,12.3,-3.4,0.0,1.78,13.68,6.8,67
shaanxi_guanzhong,2009-01-29,11.8,-2.3,0.0,1.81,13.26,9.4,54
shaanxi_guanzhong,2009-01-30,11.6,-2.5,0.0,1.93,14.17,10.1,57
shaanxi_guanzhong,2009-01-31,10.1,1.0,0.0,1.41,10.38,7.1,58
shaanxi_guanzhong,2009-02-01,8.5,2.0,1.1,1.0,7.48,5.8,74
shaanxi_guanzhong,2009-02-02,9.7,0.7,0.7,1.2,9.1,6.6,79
shaanxi_guanzhong,2009-02-03,10.2,0.9,0.0,1.36,10.43,9.6,77
shaanxi_guanzhong,2009-02-04,12.5,0.7,0.0,1.89,14.85,7.7,72
shaanxi_guanzhong,2009-02-05,13.0,1.8,0.0,1.96,14.88,9.4,74
shaanxi_guanzhong,2009-02-06,11.9,1.4,0.0,1.7,13.62,11.3,77
shaanxi_guanzhong,2009-02-07,8.7,3.1,2.0,0.73,4.77,4.6,87
shaanxi_guanzhong,2009-02-08,11.9,0.6,3.2,1.24,7.96,8.4,79
shaanxi_guanzhong,2009-02-09,13.9,-1.3,0.0,2.19,15.89,6.3,58
shaanxi_guanzhong,2009-02-10,18.2,0.9,0.0,2.48,16.24,7.2,65
shaanxi_guanzhong,2009-02-11,16.7,2.0,0.0,2.36,15.87,10.6,69
shaanxi_guanzhong,2009-02-12,14.6,2.8,0.0,1.82,9.12,16.7,64
shaanxi_guanzhong,2009-02-13,13.7,0.8,0.0,2.26,15.58,6.0,51
shaanxi_guanzhong,2009-02-14,12.8,2.1,0.0,2.13,15.24,6.3,60
shaanxi_guanzhong,2009-02-15,9.5,3.7,0.2,1.34,8.09,7.0,57
shaanxi_guanzhong,2009-02-16,7.2,1.7,3.7,0.78,5.33,9.7,76
shaanxi_guanzhong,2009-02-17,7.7,1.4,2.7,0.96,6.85,12.8,84
shaanxi_guanzhong,2009-02-18,6.2,-1.0,0.7,0.93,7.68,12.1,83
shaanxi_guanzhong,2009-02-19,8.4,1.0,1.7,1.62,10.65,9.2,56
shaanxi_guanzhong,2009-02-20,10.9,-3.8,0.0,2.21,16.83,9.9,43
shaanxi_guanzhong,2009-02-21,11.4,-1.6,0.0,1.97,14.6,5.8,64
shaanxi_guanzhong,2009-02-22,11.0,-1.0,0.0,2.06,14.5,6.0,55
shaanxi_guanzhong,2009-02-23,12.0,1.1,0.1,1.84,13.4,11.6,67
shaanxi_guanzhong,2009-02-24,7.4,0.9,1.0,0.83,6.1,8.9,83
shaanxi_guanzhong,2009-02-25,4.3,0.8,12.0,0.45,3.45,9.2,92
shaanxi_guanzhong,2009-02-26,1.9,-1.6,7.6,0.86,7.98,5.9,87
shaanxi_guanzhong,2009-02-27,7.1,-1.9,0.1,1.59,13.29,4.1,73
shaanxi_guanzhong,2009-02-28,9.9,-1.2,0.0,1.89,14.68,3.6,73
shaanxi_guanzhong,2009-03-01,8.4,2.3,7.4,1.36,7.89,12.0,72
shaanxi_guanzhong,2009-03-02,8.7,1.3,0.0,1.7,11.44,12.6,61
shaanxi_guanzhong,2009-03-03,6.8,-1.0,0.0,1.18,9.08,6.1,71
shaanxi_guanzhong,2009-03-04,9.1,-0.6,0.0,1.64,12.22,8.4,71
shaanxi_guanzhong,2009-03-05,11.4,-3.3,0.0,2.71,20.43,7.2,50
shaanxi_guanzhong,2009-03-06,8.8,-0.3,0.0,1.88,13.0,9.7,51
shaanxi_guanzhong,2009-03-07,13.1,-1.4,0.0,2.38,17.25,6.0,64
shaanxi_guanzhong,2009-03-08,15.1,2.7,0.0,2.27,14.65,5.4,60
shaanxi_guanzhong,2009-03-09,16.5,1.5,0.0,2.65,17.32,10.6,63
shaanxi_guanzhong,2009-03-10,11.8,4.5,0.9,1.56,10.12,12.4,73
shaanxi_guanzhong,2009-03-11,7.3,3.7,5.6,0.81,5.78,10.5,86
shaanxi_guanzhong,2009-03-12,9.1,4.0,5.4,1.54,9.72,11.9,63
shaanxi_guanzhong,2009-03-13,9.5,-0.7,0.0,2.83,21.25,10.2,42
shaanxi_guanzhong,2009-03-14,15.2,-1.7,0.0,2.99,21.27,5.6,55
shaanxi_guanzhong,2009-03-15,18.3,2.0,0.0,3.36,21.84,3.7,59
shaanxi_guanzhong,2009-03-16,20.9,3.8,0.0,3.5,21.41,5.4,61
shaanxi_guanzhong,2009-03-17,22.7,5.8,0.0,3.51,20.73,5.6,66
shaanxi_guanzhong,2009-03-18,23.6,7.6,0.0,3.55,20.33,5.1,68
shaanxi_guanzhong,2009-03-19,22.1,6.8,0.0,3.63,20.82,8.7,54
shaanxi_guanzhong,2009-03-20,22.6,8.1,0.5,3.1,16.54,16.5,66
shaanxi_guanzhong,2009-03-21,20.4,9.0,0.6,3.75,19.9,14.9,56
shaanxi_guanzhong,2009-03-22,17.9,4.8,0.0,3.77,22.32,15.9,44
shaanxi_guanzhong,2009-03-23,16.7,6.1,0.6,3.28,21.5,7.3,64
shaanxi_guanzhong,2009-03-24,19.9,3.9,0.0,3.84,21.59,9.1,53
shaanxi_guanzhong,2009-03-25,17.7,4.8,0.0,3.73,23.04,13.2,37
shaanxi_guanzhong,2009-03-26,17.5,8.2,0.0,2.41,13.84,9.0,56
shaanxi_guanzhong,2009-03-27,10.6,6.4,15.2,0.53,2.52,6.0,90
shaanxi_guanzhong,2009-03-28,12.1,3.7,2.1,2.3,15.46,9.0,68
shaanxi_guanzhong,2009-03-29,16.6,0.8,0.0,3.16,20.51,5.0,56
shaanxi_guanzhong,2009-03-30,14.4,5.0,0.0,3.23,21.89,10.5,52
shaanxi_guanzhong,2009-03-31,12.5,3.8,0.0,2.39,16.03,10.4,59
shaanxi_guanzhong,2009-04-01,13.6,3.2,0.0,2.84,18.3,12.4,58
shaanxi_guanzhong,2009-04-02,13.3,4.7,1.2,1.81,10.86,13.6,68
shaanxi_guanzhong,2009-04-03,16.4,3.3,0.0,3.17,21.38,5.8,69
shaanxi_guanzhong,2009-04-04,17.7,4.8,0.0,3.35,20.64,6.1,65
shaanxi_guanzhong,2009-04-05,18.8,3.7,0.0,3.89,24.58,7.6,52
shaanxi_guanzhong,2009-04-06,18.7,3.1,0.0,3.35,20.32,6.0,53
shaanxi_guanzhong,2009-04-07,20.3,6.2,0.0,3.86,23.58,7.0,65
shaanxi_guanzhong,2009-04-08,22.7,9.0,0.0,3.67,20.67,9.9,64
shaanxi_guanzhong,2009-04-09,21.1,11.1,2.0,2.42,11.62,13.1,68
shaanxi_guanzhong,2009-04-10,21.1,12.9,0.0,2.71,15.36,5.8,73
shaanxi_guanzhong,2009-04-11,22.0,10.2,0.0,3.29,18.17,5.9,76
shaanxi_guanzhong,2009-04-12,20.9,10.5,0.0,2.58,13.97,6.9,76
shaanxi_guanzhong,2009-04-13,26.1,9.6,0.0,4.51,24.72,4.9,59
shaanxi_guanzhong,2009-04-14,27.4,10.9,0.0,4.59,24.29,5.9,61
shaanxi_guanzhong,2009-04-15,26.1,13.5,0.0,3.15,14.64,8.0,63
shaanxi_guanzhong,2009-04-16,24.7,9.5,0.0,4.61,24.11,16.5,62
shaanxi_guanzhong,2009-04-17,22.1,13.4,0.9,3.2,16.28,13.0,67
shaanxi_guanzhong,2009-04-18,21.9,13.0,15.5,2.29,12.48,11.7,79
shaanxi_guanzhong,2009-04-19,24.6,12.7,0.0,4.38,21.64,13.4,60
shaanxi_guanzhong,2009-04-20,21.8,9.9,0.0,4.66,25.3,9.8,40
shaanxi_guanzhong,2009-04-21,19.5,7.4,0.3,3.58,19.63,10.4,46
shaanxi_guanzhong,2009-04-22,15.8,10.7,6.8,1.44,7.59,8.0,74
shaanxi_guanzhong,2009-04-23,19.1,10.4,0.0,2.4,13.98,4.7,79
shaanxi_guanzhong,2009-04-24,19.3,8.0,0.0,4.23,22.44,16.3,46
shaanxi_guanzhong,2009-04-25,17.9,5.6,0.0,4.13,26.05,7.1,46
shaanxi_guanzhong,2009-04-26,20.4,5.5,0.0,3.98,23.45,6.3,54
shaanxi_guanzhong,2009-04-27,21.3,7.9,0.0,3.51,19.77,4.7,63
shaanxi_guanzhong,2009-04-28,22.7,9.0,0.0,4.18,23.78,3.8,65
shaanxi_guanzhong,2009-04-29,25.6,10.4,0.0,4.69,25.12,10.9,65
shaanxi_guanzhong,2009-04-30,19.7,12.1,2.7,2.4,12.12,13.7,72
shaanxi_guanzhong,2009-05-01,23.0,12.6,0.0,4.93,23.32,14.1,45
shaanxi_guanzhong,2009-05-02,23.7,9.5,0.0,4.68,25.92,7.0,44
shaanxi_guanzhong,2009-05-03,25.5,10.0,0.0,4.95,26.46,6.5,52
shaanxi_guanzhong,2009-05-04,25.7,12.6,0.0,4.03,20.96,5.9,63
shaanxi_guanzhong,2009-05-05,26.5,12.8,0.0,4.67,24.79,6.0,67
shaanxi_guanzhong,2009-05-06,28.3,14.9,0.0,5.43,26.33,11.5,60
shaanxi_guanzhong,2009-05-07,28.4,14.8,0.0,4.64,21.21,11.2,59
shaanxi_guanzhong,2009-05-08,26.3,17.4,5.0,2.74,13.18,6.5,75
shaanxi_guanzhong,2009-05-09,19.5,16.6,30.6,0.86,3.2,10.3,88
shaanxi_guanzhong,2009-05-10,20.0,15.0,6.5,1.54,7.57,7.3,85
shaanxi_guanzhong,2009-05-11,18.0,14.1,8.5,0.86,3.51,7.6,90
shaanxi_guanzhong,2009-05-12,21.2,12.1,0.2,2.92,15.74,5.8,69
shaanxi_guanzhong,2009-05-13,18.9,15.8,10.0,1.65,8.15,15.1,80
shaanxi_guanzhong,2009-05-14,16.9,14.1,14.3,0.91,3.64,10.6,88
shaanxi_guanzhong,2009-05-15,17.1,12.6,1.6,1.48,8.02,4.4,86
shaanxi_guanzhong,2009-05-16,25.5,10.8,0.0,5.0,27.3,6.1,71
shaanxi_guanzhong,2009-05-17,19.6,10.8,0.0,2.52,12.6,10.4,67
shaanxi_guanzhong,2009-05-18,20.9,12.2,0.2,4.34,24.43,10.8,64
shaanxi_guanzhong,2009-05-19,24.1,9.3,0.0,4.18,22.9,4.3,71
shaanxi_guanzhong,2009-05-20,26.5,10.6,0.0,5.43,28.75,9.4,64
shaanxi_guanzhong,2009-05-21,26.4,13.7,0.0,3.65,16.86,12.3,66
shaanxi_guanzhong,2009-05-22,18.8,12.2,9.9,2.17,11.25,10.8,73
shaanxi_guanzhong,2009-05-23,22.6,5.9,0.0,5.02,29.03,8.3,63
shaanxi_guanzhong,2009-05-24,23.0,12.1,0.0,3.44,18.54,6.9,69
shaanxi_guanzhong,2009-05-25,24.7,12.2,0.0,5.0,27.06,9.4,68
shaanxi_guanzhong,2009-05-26,20.1,15.0,1.3,2.32,9.94,16.4,75
shaanxi_guanzhong,2009-05-27,15.9,14.2,21.2,0.62,2.07,11.7,90
shaanxi_guanzhong,2009-05-28,20.1,13.0,4.4,2.51,12.23,14.3,71
shaanxi_guanzhong,2009-05-29,23.8,9.1,0.0,4.07,21.96,4.3,60
shaanxi_guanzhong,2009-05-30,25.1,11.7,0.0,4.7,25.15,7.1,60
shaanxi_guanzhong,2009-05-31,26.5,12.8,0.0,4.71,25.14,5.2,63
shaanxi_guanzhong,2009-06-01,27.0,13.1,0.0,4.36,22.84,5.2,60
shaanxi_guanzhong,2009-06-02,29.7,13.2,0.0,5.82,29.97,6.3,55
shaanxi_guanzhong,2009-06-03,30.6,13.8,0.2,5.63,27.52,7.3,55
shaanxi_guanzhong,2009-06-04,29.8,14.9,0.0,5.71,29.1,9.9,62
shaanxi_guanzhong,2009-06-05,32.6,15.3,0.0,5.61,26.29,7.1,56
shaanxi_guanzhong,2009-06-06,26.5,17.9,0.0,4.78,21.65,16.6,49
shaanxi_guanzhong,2009-06-07,25.3,16.5,18.2,2.66,12.74,11.3,76
shaanxi_guanzhong,2009-06-08,26.6,16.6,1.5,4.5,23.53,6.8,77
shaanxi_guanzhong,2009-06-09,26.9,14.7,0.0,4.76,23.44,7.8,60
shaanxi_guanzhong,2009-06-10,27.2,13.1,0.0,4.8,24.53,6.3,52
shaanxi_guanzhong,2009-06-11,25.9,14.3,0.0,3.32,15.63,6.6,61
shaanxi_guanzhong,2009-06-12,30.4,13.7,0.0,6.47,29.56,16.0,51
shaanxi_guanzhong,2009-06-13,31.5,13.9,0.0,5.73,28.69,4.3,50
shaanxi_guanzhong,2009-06-14,32.2,17.9,0.0,5.69,27.98,4.4,59
shaanxi_guanzhong,2009-06-15,31.2,18.7,0.0,4.94,24.06,5.0,64
shaanxi_guanzhong,2009-06-16,28.8,19.3,0.0,3.53,16.18,6.6,62
shaanxi_guanzhong,2009-06-17,28.0,19.4,0.0,3.66,16.49,11.9,70
shaanxi_guanzhong,2009-06-18,29.7,21.0,7.1,3.15,14.36,12.7,80
shaanxi_guanzhong,2009-06-19,24.5,16.1,27.1,2.1,8.78,18.8,84
shaanxi_guanzhong,2009-06-20,27.6,13.4,0.0,5.53,29.46,3.7,61
shaanxi_guanzhong,2009-06-21,31.0,15.0,0.0,5.71,27.57,7.6,59
shaanxi_guanzhong,2009-06-22,29.9,16.6,0.0,5.87,29.96,6.2,49
shaanxi_guanzhong,2009-06-23,32.2,18.5,0.0,3.86,17.17,8.7,61
shaanxi_guanzhong,2009-06-24,32.3,17.9,0.0,5.84,28.54,5.5,61
shaanxi_guanzhong,2009-06-25,33.3,19.7,0.0,5.85,28.17,5.8,63
shaanxi_guanzhong,2009-06-26,34.1,21.4,0.0,5.67,26.68,5.2,63
shaanxi_guanzhong,2009-06-27,29.1,22.4,1.2,3.53,16.32,7.2,73
shaanxi_guanzhong,2009-06-28,23.4,19.7,9.4,1.83,7.64,14.1,77
shaanxi_guanzhong,2009-06-29,30.4,14.1,0.0,5.16,25.73,4.6,64
shaanxi_guanzhong,2009-06-30,32.8,16.0,0.0,6.3,30.24,7.8,50
shaanxi_guanzhong,2009-07-01,32.3,17.0,0.0,5.77,28.16,5.9,54
shaanxi_guanzhong,2009-07-02,31.5,17.3,0.0,5.88,29.04,6.8,56
shaanxi_guanzhong,2009-07-03,31.2,18.0,0.0,5.56,26.99,7.8,63
shaanxi_guanzhong,2009-07-04,30.5,19.1,0.0,4.74,23.23,5.6,64
shaanxi_guanzhong,2009-07-05,30.9,22.5,0.0,3.89,17.49,7.3,64
shaanxi_guanzhong,2009-07-06,30.9,22.7,0.0,3.94,18.14,5.7,67
shaanxi_guanzhong,2009-07-07,32.7,22.2,0.1,4.53,19.69,9.7,66
shaanxi_guanzhong,2009-07-08,25.6,20.8,23.8,1.24,5.03,16.3,86
shaanxi_guanzhong,2009-07-09,27.3,16.9,0.0,4.15,20.87,7.4,71
shaanxi_guanzhong,2009-07-10,24.6,19.1,13.7,2.14,10.4,5.4,84
shaanxi_guanzhong,2009-07-11,28.5,18.4,1.0,4.79,24.0,5.9,68
shaanxi_guanzhong,2009-07-12,30.6,16.3,0.0,5.52,26.9,9.5,69
shaanxi_guanzhong,2009-07-13,29.6,21.5,7.9,4.46,21.21,6.7,71
shaanxi_guanzhong,2009-07-14,29.3,21.5,0.0,4.84,23.82,7.9,64
shaanxi_guanzhong,2009-07-15,29.9,22.1,0.5,3.52,15.82,9.1,72
shaanxi_guanzhong,2009-07-16,31.6,23.0,0.0,4.13,19.19,7.9,79
shaanxi_guanzhong,2009-07-17,26.8,23.8,4.1,2.27,9.87,14.1,80
shaanxi_guanzhong,2009-07-18,32.6,19.8,2.6,5.64,27.12,5.4,69
shaanxi_guanzhong,2009-07-19,33.1,23.5,2.3,4.75,21.72,12.2,74
shaanxi_guanzhong,2009-07-20,31.3,22.0,5.8,4.66,21.52,12.0,70
shaanxi_guanzhong,2009-07-21,29.6,23.1,18.8,2.94,12.97,13.7,77
shaanxi_guanzhong,2009-07-22,24.3,21.8,5.6,1.47,6.79,6.1,89
shaanxi_guanzhong,2009-07-23,30.4,19.7,0.0,5.03,24.84,5.0,75
shaanxi_guanzhong,2009-07-24,32.9,17.9,0.0,5.69,28.19,4.1,64
shaanxi_guanzhong,2009-07-25,31.9,19.5,0.0,5.68,26.24,10.2,67
shaanxi_guanzhong,2009-07-26,25.1,19.6,17.3,1.55,6.45,13.0,85
shaanxi_guanzhong,2009-07-27,27.6,18.6,0.0,4.78,24.73,6.5,72
shaanxi_guanzhong,2009-07-28,29.1,18.8,0.0,5.37,27.24,10.4,68
shaanxi_guanzhong,2009-07-29,29.4,20.8,0.2,4.88,23.75,9.2,69
shaanxi_guanzhong,2009-07-30,28.4,20.5,15.8,2.92,12.9,12.3,77
shaanxi_guanzhong,2009-07-31,23.0,21.2,46.9,0.77,3.06,6.9,93
shaanxi_guanzhong,2009-08-01,23.6,20.8,32.8,1.5,7.1,4.8,91
shaanxi_guanzhong,2009-08-02,27.6,19.0,0.0,4.1,20.89,5.8,83
shaanxi_guanzhong,2009-08-03,24.8,20.7,43.7,0.64,2.16,11.1,91
shaanxi_guanzhong,2009-08-04,25.2,19.8,7.6,2.67,13.46,5.6,85
shaanxi_guanzhong,2009-08-05,27.3,19.4,0.0,4.2,21.69,4.3,77
shaanxi_guanzhong,2009-08-06,28.2,17.8,0.0,4.89,25.36,9.2,77
shaanxi_guanzhong,2009-08-07,28.1,19.8,0.0,4.15,21.07,10.0,77
shaanxi_guanzhong,2009-08-08,27.9,21.0,0.0,4.03,20.39,5.0,76
shaanxi_guanzhong,2009-08-09,27.2,19.1,1.0,3.76,18.21,11.8,80
shaanxi_guanzhong,2009-08-10,25.3,18.9,0.1,2.48,10.15,11.2,71
shaanxi_guanzhong,2009-08-11,26.6,18.2,0.0,2.84,13.44,5.0,70
shaanxi_guanzhong,2009-08-12,29.2,16.2,0.0,5.05,26.02,3.9,72
shaanxi_guanzhong,2009-08-13,30.1,16.3,0.0,5.3,26.83,5.6,72
shaanxi_guanzhong,2009-08-14,31.1,18.6,0.0,5.08,25.04,3.9,68
shaanxi_guanzhong,2009-08-15,30.9,19.0,0.0,4.54,22.0,5.9,76
shaanxi_guanzhong,2009-08-16,27.5,21.5,10.7,2.57,12.37,7.0,84
shaanxi_guanzhong,2009-08-17,28.5,21.2,2.7,3.02,14.86,7.0,85
shaanxi_guanzhong,2009-08-18,28.0,20.1,13.9,2.41,10.4,20.6,83
shaanxi_guanzhong,2009-08-19,25.2,19.9,0.4,3.28,13.4,10.1,65
shaanxi_guanzhong,2009-08-20,23.2,18.7,1.2,2.41,11.56,8.8,75
shaanxi_guanzhong,2009-08-21,24.2,20.3,8.8,1.49,7.14,7.9,91
shaanxi_guanzhong,2009-08-22,21.4,19.2,4.8,1.46,7.06,3.0,89
shaanxi_guanzhong,2009-08-23,25.2,18.1,1.9,2.28,11.57,8.9,87
shaanxi_guanzhong,2009-08-24,28.5,20.7,0.0,3.75,18.94,9.8,81
shaanxi_guanzhong,2009-08-25,28.6,21.2,11.5,3.62,17.93,16.9,82
shaanxi_guanzhong,2009-08-26,25.5,19.0,2.1,3.28,13.13,16.7,67
shaanxi_guanzhong,2009-08-27,27.9,17.5,0.7,4.46,23.3,3.9,71
shaanxi_guanzhong,2009-08-28,24.8,16.5,26.3,1.71,7.8,11.9,86
shaanxi_guanzhong,2009-08-29,20.2,16.7,32.9,1.35,6.33,10.5,86
shaanxi_guanzhong,2009-08-30,23.9,14.1,0.0,4.18,23.84,9.3,79
shaanxi_guanzhong,2009-08-31,25.7,16.2,0.0,4.39,24.31,10.3,75
shaanxi_guanzhong,2009-09-01,24.9,16.7,0.0,3.35,18.11,11.3,77
shaanxi_guanzhong,2009-09-02,25.1,17.9,0.0,3.07,15.48,13.2,78
shaanxi_guanzhong,2009-09-03,26.3,18.4,0.0,3.26,16.18,12.3,74
shaanxi_guanzhong,2009-09-04,23.9,19.1,3.8,1.68,8.31,6.7,85
shaanxi_guanzhong,2009-09-05,26.8,19.4,0.4,2.67,13.3,10.8,85
shaanxi_guanzhong,2009-09-06,28.1,20.5,4.1,2.4,11.34,10.0,83
shaanxi_guanzhong,2009-09-07,25.8,19.6,0.6,2.46,12.64,7.4,87
shaanxi_guanzhong,2009-09-08,22.6,18.3,4.2,1.74,8.78,6.0,90
shaanxi_guanzhong,2009-09-09,21.8,16.3,2.1,1.75,9.15,11.3,87
shaanxi_guanzhong,2009-09-10,21.1,15.8,0.4,2.04,11.13,5.9,85
shaanxi_guanzhong,2009-09-11,18.7,17.0,4.0,0.72,3.07,4.7,92
shaanxi_guanzhong,2009-09-12,18.5,14.9,27.1,0.63,2.26,9.4,89
shaanxi_guanzhong,2009-09-13,15.5,14.8,25.9,0.52,1.93,5.6,93
shaanxi_guanzhong,2009-09-14,20.4,13.4,3.5,1.34,6.06,9.7,80
shaanxi_guanzhong,2009-09-15,23.8,10.2,0.0,3.88,21.8,8.7,72
shaanxi_guanzhong,2009-09-16,23.0,17.3,0.0,2.89,15.45,7.9,71
shaanxi_guanzhong,2009-09-17,24.0,15.9,0.0,3.02,16.48,6.4,79
shaanxi_guanzhong,2009-09-18,23.0,17.6,0.8,1.83,9.13,9.7,84
shaanxi_guanzhong,2009-09-19,20.3,16.0,16.5,0.77,2.2,20.9,92
shaanxi_guanzhong,2009-09-20,20.0,10.3,1.7,3.24,16.66,18.8,61
shaanxi_guanzhong,2009-09-21,21.5,7.2,0.0,3.77,22.27,7.9,58
shaanxi_guanzhong,2009-09-22,23.5,10.0,0.0,3.74,21.46,9.5,67
shaanxi_guanzhong,2009-09-23,24.6,12.0,0.5,3.5,19.56,6.6,76
shaanxi_guanzhong,2009-09-24,23.2,16.6,2.1,2.5,13.2,7.5,77
shaanxi_guanzhong,2009-09-25,22.4,14.7,0.0,2.77,15.37,5.7,75
shaanxi_guanzhong,2009-09-26,24.2,14.9,0.0,2.61,13.78,6.1,74
shaanxi_guanzhong,2009-09-27,25.3,12.6,0.0,3.48,19.23,3.2,70
shaanxi_guanzhong,2009-09-28,24.6,11.2,0.0,3.48,19.02,8.9,73
shaanxi_guanzhong,2009-09-29,25.0,14.1,0.0,3.46,19.02,11.4,72
shaanxi_guanzhong,2009-09-30,23.7,14.5,0.0,2.93,16.29,5.2,74
shaanxi_guanzhong,2009-10-01,25.2,14.9,0.0,3.52,19.08,5.4,72
shaanxi_guanzhong,2009-10-02,23.5,13.2,0.4,1.89,10.13,3.2,72
shaanxi_guanzhong,2009-10-03,24.0,11.7,0.0,2.68,14.28,5.0,74
shaanxi_guanzhong,2009-10-04,25.4,11.3,0.0,3.65,19.71,8.4,60
shaanxi_guanzhong,2009-10-05,23.4,11.3,0.0,3.28,18.36,9.2,64
shaanxi_guanzhong,2009-10-06,22.5,12.6,1.5,2.21,12.0,5.9,72
shaanxi_guanzhong,2009-10-07,17.8,14.4,12.7,0.59,2.54,10.2,94
shaanxi_guanzhong,2009-10-08,17.7,13.9,4.5,0.96,5.01,5.6,92
shaanxi_guanzhong,2009-10-09,15.8,13.5,10.0,0.72,3.64,8.3,93
shaanxi_guanzhong,2009-10-10,15.3,13.3,10.9,0.77,4.08,10.7,93
shaanxi_guanzhong,2009-10-11,14.6,12.6,14.6,0.7,3.38,6.9,93
shaanxi_guanzhong,2009-10-12,17.8,12.0,2.6,1.54,8.94,4.3,80
shaanxi_guanzhong,2009-10-13,19.9,7.4,0.0,2.7,16.46,3.3,70
shaanxi_guanzhong,2009-10-14,19.8,9.6,0.0,2.74,16.62,7.3,67
shaanxi_guanzhong,2009-10-15,20.4,7.1,0.0,2.62,15.66,6.6,72
shaanxi_guanzhong,2009-10-16,22.1,7.5,0.0,3.05,18.0,8.3,64
shaanxi_guanzhong,2009-10-17,20.4,6.5,0.0,2.83,17.08,6.8,62
shaanxi_guanzhong,2009-10-18,20.7,10.9,0.0,2.69,12.24,13.0,56
shaanxi_guanzhong,2009-10-19,18.1,7.7,0.0,1.83,10.57,5.2,61
shaanxi_guanzhong,2009-10-20,21.0,8.4,0.0,2.43,14.36,5.2,67
shaanxi_guanzhong,2009-10-21,19.1,9.1,0.0,1.64,8.98,5.4,68
shaanxi_guanzhong,2009-10-22,21.3,7.2,0.0,2.73,16.62,3.1,65
shaanxi_guanzhong,2009-10-23,20.8,7.2,0.0,2.68,16.38,6.0,69
shaanxi_guanzhong,2009-10-24,19.6,10.7,0.2,1.91,10.99,5.7,73
shaanxi_guanzhong,2009-10-25,20.6,10.5,0.0,2.18,12.84,4.0,74
shaanxi_guanzhong,2009-10-26,18.8,11.5,0.1,1.37,7.22,6.3,76
shaanxi_guanzhong,2009-10-27,18.4,9.2,0.7,1.87,11.28,7.8,80
shaanxi_guanzhong,2009-10-28,20.2,9.9,0.0,2.11,12.72,5.9,81
shaanxi_guanzhong,2009-10-29,21.1,13.4,0.0,2.05,11.84,6.6,79
shaanxi_guanzhong,2009-10-30,19.3,11.8,5.9,1.46,7.44,14.4,82
shaanxi_guanzhong,2009-10-31,16.7,7.1,1.3,2.24,12.25,14.9,60
shaanxi_guanzhong,2009-11-01,17.0,4.6,0.0,2.56,14.57,11.4,49
shaanxi_guanzhong,2009-11-02,7.8,-2.4,0.0,2.31,15.71,13.0,40
shaanxi_guanzhong,2009-11-03,11.7,1.1,0.2,1.89,12.72,7.1,50
shaanxi_guanzhong,2009-11-04,18.1,3.2,0.0,2.23,14.77,5.2,68
shaanxi_guanzhong,2009-11-05,19.5,3.7,0.0,2.35,14.81,6.9,64
shaanxi_guanzhong,2009-11-06,21.2,6.0,0.0,2.17,13.17,4.7,69
shaanxi_guanzhong,2009-11-07,22.3,7.9,0.0,2.31,14.08,3.4,73
shaanxi_guanzhong,2009-11-08,20.9,8.0,1.6,2.17,13.27,5.4,77
shaanxi_guanzhong,2009-11-09,18.5,9.1,0.2,1.54,9.09,12.7,83
shaanxi_guanzhong,2009-11-10,11.0,3.7,14.1,0.34,1.7,15.3,94
shaanxi_guanzhong,2009-11-11,3.1,-1.8,25.2,0.41,3.91,12.4,92
shaanxi_guanzhong,2009-11-12,5.5,-5.2,2.3,1.36,14.78,5.9,76
shaanxi_guanzhong,2009-11-13,7.8,-2.9,0.0,1.53,13.72,7.2,64
shaanxi_guanzhong,2009-11-14,4.3,-1.7,0.0,1.06,10.61,8.3,77
shaanxi_guanzhong,2009-11-15,2.6,-1.7,6.3,0.41,3.3,6.6,84
shaanxi_guanzhong,2009-11-16,-0.6,-3.1,4.1,0.6,5.94,6.5,81
shaanxi_guanzhong,2009-11-17,1.2,-5.9,0.0,1.22,11.66,8.5,54
shaanxi_guanzhong,2009-11-18,3.5,-2.4,0.0,0.71,5.68,4.8,53
shaanxi_guanzhong,2009-11-19,3.0,-5.6,0.0,0.79,7.04,4.5,61
shaanxi_guanzhong,2009-11-20,4.5,-3.4,0.0,1.11,10.11,11.4,58
shaanxi_guanzhong,2009-11-21,8.5,-5.5,0.0,1.47,13.12,7.2,60
shaanxi_guanzhong,2009-11-22,12.8,-1.7,0.0,1.7,13.09,8.7,62
shaanxi_guanzhong,2009-11-23,11.1,-2.5,0.0,1.52,12.68,6.3,71
shaanxi_guanzhong,2009-11-24,13.4,-1.8,0.0,1.63,12.37,4.1,67
shaanxi_guanzhong,2009-11-25,13.1,-1.0,0.0,1.71,12.35,9.7,66
shaanxi_guanzhong,2009-11-26,9.9,3.1,0.0,0.82,4.55,7.1,67
shaanxi_guanzhong,2009-11-27,7.1,2.2,5.3,0.79,4.89,8.7,75
shaanxi_guanzhong,2009-11-28,4.2,0.4,6.9,0.65,5.49,7.7,88
shaanxi_guanzhong,2009-11-29,7.6,-1.6,0.0,1.02,8.4,6.8,80
shaanxi_guanzhong,2009-11-30,10.2,-1.9,0.0,1.4,11.4,4.4,70
shaanxi_guanzhong,2009-12-01,9.6,-2.7,1.0,1.39,11.64,8.0,74
shaanxi_guanzhong,2009-12-02,9.8,-3.0,1.0,1.56,12.12,11.5,60
shaanxi_guanzhong,2009-12-03,8.9,-3.5,0.0,1.38,11.65,9.4,60
shaanxi_guanzhong,2009-12-04,9.0,-2.0,0.0,1.57,11.9,16.6,58
shaanxi_guanzhong,2009-12-05,7.5,-4.6,0.0,1.4,11.42,10.0,49
shaanxi_guanzhong,2009-12-06,6.6,-0.1,0.0,0.95,6.57,6.4,58
shaanxi_guanzhong,2009-12-07,6.4,0.7,0.9,0.62,4.22,9.4,79
shaanxi_guanzhong,2009-12-08,7.5,-5.1,0.0,1.24,11.0,7.2,74
shaanxi_guanzhong,2009-12-09,7.7,-1.6,0.0,1.15,10.08,9.0,74
shaanxi_guanzhong,2009-12-10,9.7,-0.4,0.0,1.14,9.86,11.8,78
shaanxi_guanzhong,2009-12-11,6.7,-1.0,0.0,1.1,8.56,8.8,58
shaanxi_guanzhong,2009-12-12,3.1,-1.8,0.2,0.62,4.36,6.4,66
shaanxi_guanzhong,2009-12-13,7.2,-3.0,0.0,1.11,9.68,9.7,72
shaanxi_guanzhong,2009-12-14,3.0,-0.3,8.8,0.32,2.25,5.8,91
shaanxi_guanzhong,2009-12-15,2.5,-2.0,1.0,0.54,4.94,6.8,91
shaanxi_guanzhong,2009-12-16,5.7,-4.2,0.4,1.12,9.9,9.7,71
shaanxi_guanzhong,2009-12-17,4.0,-6.6,0.0,1.19,11.55,11.0,57
shaanxi_guanzhong,2009-12-18,4.1,-5.5,0.0,1.15,11.37,6.6,62
shaanxi_guanzhong,2009-12-19,4.5,-5.6,0.0,1.15,11.14,6.6,60
shaanxi_guanzhong,2009-12-20,1.9,-5.2,0.0,1.09,11.2,8.2,58
shaanxi_guanzhong,2009-12-21,6.3,-5.1,0.0,1.24,11.51,7.8,60
shaanxi_guanzhong,2009-12-22,9.6,-4.4,0.0,1.36,11.38,6.1,66
shaanxi_guanzhong,2009-12-23,8.0,-3.4,0.0,1.21,10.21,7.0,68
shaanxi_guanzhong,2009-12-24,8.9,-3.3,0.0,1.62,10.98,16.7,59
shaanxi_guanzhong,2009-12-25,3.1,-5.0,0.0,1.39,11.67,11.6,39
shaanxi_guanzhong,2009-12-26,2.7,-4.5,0.0,1.31,5.47,17.2,39
shaanxi_guanzhong,2009-12-27,4.4,-5.5,0.0,1.45,12.08,11.2,34
shaanxi_guanzhong,2009-12-28,6.8,-5.4,0.0,1.24,11.67,4.2,53
shaanxi_guanzhong,2009-12-29,6.8,-5.5,0.0,1.33,11.71,6.4,50
shaanxi_guanzhong,2009-12-30,5.4,-5.2,0.0,1.27,11.58,6.3,54
shaanxi_guanzhong,2009-12-31,6.3,-3.7,0.0,1.22,11.01,5.9,60
shaanxi_guanzhong,2010-01-01,12.0,-3.7,0.0,1.49,11.67,7.3,68
shaanxi_guanzhong,2010-01-02,11.8,-2.3,0.0,1.48,11.7,5.7,57
shaanxi_guanzhong,2010-01-03,13.3,-1.1,0.0,1.57,11.73,8.1,63
shaanxi_guanzhong,2010-01-04,3.1,-4.6,0.0,1.4,11.59,13.2,49
shaanxi_guanzhong,2010-01-05,2.7,-4.9,0.0,1.21,7.88,9.0,41
shaanxi_guanzhong,2010-01-06,5.6,-4.0,0.0,1.29,11.78,8.1,61
shaanxi_guanzhong,2010-01-07,6.7,-2.6,0.0,1.16,9.85,7.5,66
shaanxi_guanzhong,2010-01-08,8.3,-2.6,0.0,1.34,12.01,8.8,70
shaanxi_guanzhong,2010-01-09,6.8,-1.8,0.0,1.23,10.99,7.7,68
shaanxi_guanzhong,2010-01-10,4.9,-3.1,0.0,1.22,11.3,5.5,65
shaanxi_guanzhong,2010-01-11,4.6,-2.4,0.0,0.98,6.7,9.7,55
shaanxi_guanzhong,2010-01-12,8.1,-5.0,0.0,1.58,12.8,9.4,44
shaanxi_guanzhong,2010-01-13,4.1,-6.6,0.0,1.49,12.91,8.3,42
shaanxi_guanzhong,2010-01-14,9.4,-4.0,0.0,1.42,11.88,6.1,65
shaanxi_guanzhong,2010-01-15,7.0,-1.3,0.0,1.49,12.49,10.0,51
shaanxi_guanzhong,2010-01-16,8.5,-2.6,0.0,1.46,12.74,7.3,56
shaanxi_guanzhong,2010-01-17,10.3,-3.8,0.0,1.55,12.89,7.5,69
shaanxi_guanzhong,2010-01-18,11.2,-3.1,0.0,1.61,12.73,11.8,72
shaanxi_guanzhong,2010-01-19,10.2,0.5,0.0,1.38,11.53,10.7,77
shaanxi_guanzhong,2010-01-20,5.8,-0.4,0.0,1.86,8.35,15.4,40
shaanxi_guanzhong,2010-01-21,4.0,-4.2,0.0,1.38,11.29,11.9,51
shaanxi_guanzhong,2010-01-22,2.2,-4.6,0.0,1.64,13.41,10.2,42
shaanxi_guanzhong,2010-01-23,3.1,-5.5,0.0,1.44,11.87,8.8,41
shaanxi_guanzhong,2010-01-24,9.5,-3.3,0.0,1.48,11.11,7.4,51
shaanxi_guanzhong,2010-01-25,4.2,-3.1,0.0,1.59,11.83,12.6,39
shaanxi_guanzhong,2010-01-26,6.8,-3.3,0.0,1.46,10.2,10.2,46
shaanxi_guanzhong,2010-01-27,9.8,-3.4,0.0,1.77,14.25,9.0,58
shaanxi_guanzhong,2010-01-28,10.1,-3.3,0.0,1.6,12.24,6.5,59
shaanxi_guanzhong,2010-01-29,7.6,-2.0,0.0,1.56,11.54,11.6,51
shaanxi_guanzhong,2010-01-30,8.8,-3.5,0.0,1.63,13.52,4.8,59
shaanxi_guanzhong,2010-01-31,6.6,-2.3,0.0,1.19,8.6,10.9,63
shaanxi_guanzhong,2010-02-01,8.6,-3.2,0.0,1.79,14.22,8.3,53
shaanxi_guanzhong,2010-02-02,8.9,-1.6,0.0,1.82,14.92,5.6,48
shaanxi_guanzhong,2010-02-03,6.5,-1.1,0.0,1.32,9.45,9.3,49
shaanxi_guanzhong,2010-02-04,8.8,-1.7,0.0,1.74,14.43,7.4,57
shaanxi_guanzhong,2010-02-05,9.6,-3.4,0.0,1.72,14.09,11.3,70
shaanxi_guanzhong,2010-02-06,10.0,-0.6,0.0,1.66,12.36,13.9,71
shaanxi_guanzhong,2010-02-07,8.5,-2.9,0.0,1.65,14.61,11.5,76
shaanxi_guanzhong,2010-02-08,10.3,-0.2,0.0,1.82,15.39,13.0,74
shaanxi_guanzhong,2010-02-09,6.1,-0.9,1.5,0.83,6.57,11.1,82
shaanxi_guanzhong,2010-02-10,2.0,-4.5,14.7,0.42,3.26,15.4,89
shaanxi_guanzhong,2010-02-11,1.5,-6.7,1.5,1.13,12.16,7.6,73
shaanxi_guanzhong,2010-02-12,2.9,-3.8,0.0,1.62,16.67,8.4,57
shaanxi_guanzhong,2010-02-13,1.4,-4.3,2.8,0.85,7.15,8.7,72
shaanxi_guanzhong,2010-02-14,2.4,-1.2,1.2,0.79,7.12,7.5,79
shaanxi_guanzhong,2010-02-15,0.6,-3.1,0.0,0.99,10.22,4.7,71
shaanxi_guanzhong,2010-02-16,1.8,-3.5,0.0,0.91,8.28,7.9,68
shaanxi_guanzhong,2010-02-17,2.3,-4.3,0.0,1.58,16.08,7.0,52
shaanxi_guanzhong,2010-02-18,7.7,-5.8,0.0,1.92,16.64,5.2,51
shaanxi_guanzhong,2010-02-19,11.8,-4.4,0.0,2.36,18.18,7.2,56
shaanxi_guanzhong,2010-02-20,16.2,-2.5,0.0,2.59,18.03,8.9,58
shaanxi_guanzhong,2010-02-21,15.5,-0.7,0.0,2.6,17.8,8.4,56
shaanxi_guanzhong,2010-02-22,16.9,1.5,0.0,2.64,17.55,6.6,61
shaanxi_guanzhong,2010-02-23,19.1,3.1,0.0,2.84,18.1,8.1,65
shaanxi_guanzhong,2010-02-24,17.5,3.7,0.0,2.82,17.49,16.6,66
shaanxi_guanzhong,2010-02-25,16.7,4.5,0.0,2.76,17.55,9.5,51
shaanxi_guanzhong,2010-02-26,13.5,5.5,0.0,1.2,7.36,6.8,65
shaanxi_guanzhong,2010-02-27,17.5,4.4,0.0,2.61,17.34,12.4,72
shaanxi_guanzhong,2010-02-28,11.5,3.9,2.3,0.84,4.6,15.6,81
shaanxi_guanzhong,2010-03-01,9.5,3.2,1.3,1.04,7.65,11.0,86
shaanxi_guanzhong,2010-03-02,8.3,2.9,3.7,1.18,8.46,9.6,81
shaanxi_guanzhong,2010-03-03,6.9,2.0,12.4,0.86,6.61,9.7,86
shaanxi_guanzhong,2010-03-04,8.2,1.0,0.2,1.36,10.52,8.4,79
shaanxi_guanzhong,2010-03-05,5.4,0.5,4.7,1.02,7.36,13.6,78
shaanxi_guanzhong,2010-03-06,4.6,-0.0,2.6,0.98,8.52,10.6,84
shaanxi_guanzhong,2010-03-07,9.5,-0.8,0.0,1.88,14.53,15.5,66
shaanxi_guanzhong,2010-03-08,5.6,0.5,1.3,1.84,10.85,16.1,49
shaanxi_guanzhong,2010-03-09,4.2,-6.4,0.0,2.37,21.81,10.0,36
shaanxi_guanzhong,2010-03-10,14.8,-7.3,0.0,2.94,21.38,8.2,49
shaanxi_guanzhong,2010-03-11,19.5,-0.1,0.0,3.31,20.84,8.7,58
shaanxi_guanzhong,2010-03-12,19.9,2.3,0.0,3.33,20.93,6.6,62
shaanxi_guanzhong,2010-03-13,18.5,5.7,0.0,3.28,20.32,17.6,66
shaanxi_guanzhong,2010-03-14,10.3,4.3,6.3,1.03,6.06,16.6,78
shaanxi_guanzhong,2010-03-15,9.8,1.2,0.0,1.65,11.28,6.0,55
shaanxi_guanzhong,2010-03-16,17.3,-0.3,0.0,3.2,21.76,5.6,64
shaanxi_guanzhong,2010-03-17,23.6,3.5,0.0,3.73,21.91,8.7,55
shaanxi_guanzhong,2010-03-18,25.7,6.9,0.0,3.92,21.9,8.4,61
shaanxi_guanzhong,2010-03-19,26.2,8.2,0.0,4.44,21.88,24.1,56
shaanxi_guanzhong,2010-03-20,15.0,3.5,0.0,3.92,22.63,18.9,29
shaanxi_guanzhong,2010-03-21,19.5,5.5,0.0,3.61,21.29,13.4,46
shaanxi_guanzhong,2010-03-22,12.1,5.7,4.3,1.82,8.34,9.9,58
shaanxi_guanzhong,2010-03-23,12.5,3.4,1.9,1.93,12.65,10.5,69
shaanxi_guanzhong,2010-03-24,10.3,1.2,1.1,1.65,10.11,14.8,68
shaanxi_guanzhong,2010-03-25,11.0,-0.6,0.0,2.77,20.53,8.3,44
shaanxi_guanzhong,2010-03-26,12.7,-0.1,0.3,1.98,13.08,7.1,63
shaanxi_guanzhong,2010-03-27,18.8,1.8,0.0,3.69,23.32,9.3,60
shaanxi_guanzhong,2010-03-28,19.8,4.6,0.0,3.98,22.85,14.0,50
shaanxi_guanzhong,2010-03-29,12.7,9.3,1.8,1.23,6.13,11.0,81
shaanxi_guanzhong,2010-03-30,16.4,8.0,0.4,3.04,18.7,6.1,64
shaanxi_guanzhong,2010-03-31,13.0,5.4,15.4,1.16,6.76,11.9,78
shaanxi_guanzhong,2010-04-01,12.7,3.3,0.1,3.08,21.98,10.7,56
shaanxi_guanzhong,2010-04-02,16.0,0.6,0.0,3.46,23.21,9.4,54
shaanxi_guanzhong,2010-04-03,18.7,3.3,0.0,3.23,20.02,6.2,60
shaanxi_guanzhong,2010-04-04,21.8,6.0,0.0,4.08,24.2,6.5,63
shaanxi_guanzhong,2010-04-05,21.5,7.8,0.0,3.43,19.0,7.1,61
shaanxi_guanzhong,2010-04-06,16.1,8.0,0.1,3.45,21.44,9.1,49
shaanxi_guanzhong,2010-04-07,14.4,6.7,1.8,1.65,9.22,6.3,62
shaanxi_guanzhong,2010-04-08,21.8,3.9,0.0,4.15,25.15,7.5,70
shaanxi_guanzhong,2010-04-09,20.5,6.9,0.0,3.42,20.2,7.9,66
shaanxi_guanzhong,2010-04-10,15.3,8.7,0.4,2.85,14.97,10.8,55
shaanxi_guanzhong,2010-04-11,14.7,8.3,0.6,1.79,10.07,10.6,78
shaanxi_guanzhong,2010-04-12,9.5,3.3,5.8,1.79,11.23,18.4,60
shaanxi_guanzhong,2010-04-13,7.7,1.1,0.2,2.41,12.14,16.6,37
shaanxi_guanzhong,2010-04-14,8.2,-0.1,4.5,2.08,16.71,9.9,71
shaanxi_guanzhong,2010-04-15,17.6,2.0,0.2,3.79,24.58,5.0,62
shaanxi_guanzhong,2010-04-16,22.3,5.5,0.0,4.28,25.31,5.5,64
shaanxi_guanzhong,2010-04-17,19.7,7.8,0.0,2.99,17.06,5.9,71
shaanxi_guanzhong,2010-04-18,22.7,10.0,0.0,3.89,21.93,8.9,71
shaanxi_guanzhong,2010-04-19,21.9,10.7,0.0,2.9,15.95,6.1,76
shaanxi_guanzhong,2010-04-20,16.0,13.2,26.5,0.69,3.34,14.8,92
shaanxi_guanzhong,2010-04-21,13.1,7.1,11.2,1.16,4.78,18.6,79
shaanxi_guanzhong,2010-04-22,17.3,4.6,0.0,3.33,19.74,9.4,60
shaanxi_guanzhong,2010-04-23,19.3,2.5,0.0,4.09,25.7,11.3,55
shaanxi_guanzhong,2010-04-24,19.7,7.4,0.3,3.32,19.61,7.2,66
shaanxi_guanzhong,2010-04-25,17.8,8.6,2.3,3.79,19.26,19.4,53
shaanxi_guanzhong,2010-04-26,21.1,3.0,0.0,4.75,25.72,24.2,41
shaanxi_guanzhong,2010-04-27,24.5,8.0,0.0,4.74,24.72,17.4,50
shaanxi_guanzhong,2010-04-28,21.2,7.6,0.0,4.66,27.59,10.4,44
shaanxi_guanzhong,2010-04-29,22.2,8.1,0.0,4.61,26.23,9.7,50
shaanxi_guanzhong,2010-04-30,24.0,8.1,0.0,4.94,27.41,10.3,50
shaanxi_guanzhong,2010-05-01,27.8,9.2,0.0,4.98,25.75,11.0,57
shaanxi_guanzhong,2010-05-02,30.1,13.2,0.0,5.12,25.96,6.6,61
shaanxi_guanzhong,2010-05-03,24.6,16.3,2.2,2.43,11.4,7.9,72
shaanxi_guanzhong,2010-05-04,27.2,14.4,0.0,4.7,24.32,7.3,70
shaanxi_guanzhong,2010-05-05,20.1,15.7,0.1,3.19,11.69,14.1,53
shaanxi_guanzhong,2010-05-06,23.1,12.4,0.8,3.93,20.86,7.3,53
shaanxi_guanzhong,2010-05-07,24.2,10.1,0.0,3.52,18.54,5.7,56
shaanxi_guanzhong,2010-05-08,24.5,14.5,0.0,3.57,18.29,6.5,56
shaanxi_guanzhong,2010-05-09,20.7,12.3,0.0,3.44,14.98,9.5,44
shaanxi_guanzhong,2010-05-10,24.9,10.0,0.0,4.91,26.54,4.7,44
shaanxi_guanzhong,2010-05-11,27.0,11.8,0.0,5.16,26.64,9.4,58
shaanxi_guanzhong,2010-05-12,16.3,14.5,8.7,1.02,4.49,15.5,84
shaanxi_guanzhong,2010-05-13,15.7,13.1,4.3,0.97,4.47,11.7,89
shaanxi_guanzhong,2010-05-14,19.0,13.0,2.3,2.13,11.71,7.6,80
shaanxi_guanzhong,2010-05-15,20.0,11.9,1.0,2.48,12.52,10.8,71
shaanxi_guanzhong,2010-05-16,17.9,13.9,3.5,1.26,5.88,6.7,83
shaanxi_guanzhong,2010-05-17,19.6,11.6,1.9,2.46,11.59,20.9,77
shaanxi_guanzhong,2010-05-18,21.0,8.2,1.2,3.99,22.38,13.7,59
shaanxi_guanzhong,2010-05-19,25.2,9.5,0.0,5.06,28.16,3.5,53
shaanxi_guanzhong,2010-05-20,23.8,10.9,0.0,3.17,15.9,9.9,59
shaanxi_guanzhong,2010-05-21,20.4,15.0,0.8,2.09,8.6,10.6,70
shaanxi_guanzhong,2010-05-22,26.8,11.9,0.0,5.27,27.89,8.0,57
shaanxi_guanzhong,2010-05-23,29.0,12.4,0.0,5.47,28.06,5.9,57
shaanxi_guanzhong,2010-05-24,31.0,15.4,0.0,5.5,27.0,7.6,62
shaanxi_guanzhong,2010-05-25,31.0,16.8,0.0,5.47,22.14,15.7,58
shaanxi_guanzhong,2010-05-26,22.6,16.6,19.4,1.92,6.88,16.6,72
shaanxi_guanzhong,2010-05-27,21.6,15.0,2.3,3.08,16.56,9.5,75
shaanxi_guanzhong,2010-05-28,24.6,14.7,0.0,4.26,23.09,6.4,74
shaanxi_guanzhong,2010-05-29,27.3,14.0,0.0,4.84,25.33,3.4,73
shaanxi_guanzhong,2010-05-30,27.2,16.6,0.0,4.14,20.46,7.3,70
shaanxi_guanzhong,2010-05-31,22.3,15.5,1.7,1.66,6.73,9.4,76
shaanxi_guanzhong,2010-06-01,18.4,14.9,10.2,1.55,8.03,6.2,85
shaanxi_guanzhong,2010-06-02,24.7,11.4,0.0,4.49,24.09,6.6,71
shaanxi_guanzhong,2010-06-03,26.0,15.3,0.0,3.89,20.16,5.1,68
shaanxi_guanzhong,2010-06-04,26.1,14.9,0.0,4.83,25.29,7.8,66
shaanxi_guanzhong,2010-06-05,26.2,15.9,0.0,4.43,22.7,8.0,66
shaanxi_guanzhong,2010-06-06,26.1,16.7,1.0,3.56,16.96,10.4,66
shaanxi_guanzhong,2010-06-07,19.0,17.3,34.4,0.86,2.32,9.7,84
shaanxi_guanzhong,2010-06-08,17.2,15.6,11.7,0.75,3.06,8.6,93
shaanxi_guanzhong,2010-06-09,19.9,15.4,1.1,2.17,11.3,5.9,78
shaanxi_guanzhong,2010-06-10,24.1,10.6,0.0,4.94,28.08,7.8,72
shaanxi_guanzhong,2010-06-11,26.6,14.1,0.0,4.86,25.84,6.9,72
shaanxi_guanzhong,2010-06-12,27.3,15.7,0.0,4.52,23.4,5.6,74
shaanxi_guanzhong,2010-06-13,28.2,16.9,0.0,5.04,25.88,4.6,68
shaanxi_guanzhong,2010-06-14,30.7,16.2,0.0,5.69,28.65,4.5,63
shaanxi_guanzhong,2010-06-15,31.1,16.7,0.0,5.49,27.3,5.5,61
shaanxi_guanzhong,2010-06-16,32.1,19.6,0.0,5.74,27.78,6.8,57
shaanxi_guanzhong,2010-06-17,31.8,17.4,0.0,5.87,29.16,7.6,60
shaanxi_guanzhong,2010-06-18,32.2,17.9,0.0,5.27,25.21,7.0,58
shaanxi_guanzhong,2010-06-19,31.0,18.6,0.0,5.19,23.81,10.7,56
shaanxi_guanzhong,2010-06-20,33.3,17.7,0.0,5.67,26.63,6.0,48
shaanxi_guanzhong,2010-06-21,32.6,17.8,0.0,5.62,26.12,10.8,51
shaanxi_guanzhong,2010-06-22,33.1,19.0,0.0,5.96,28.38,7.1,54
shaanxi_guanzhong,2010-06-23,32.3,20.0,0.0,5.05,22.87,9.0,55
shaanxi_guanzhong,2010-06-24,31.3,19.9,0.0,5.19,23.7,8.4,57
shaanxi_guanzhong,2010-06-25,31.3,20.0,0.1,5.25,22.96,11.2,54
shaanxi_guanzhong,2010-06-26,27.2,20.1,2.9,2.92,11.57,10.7,65
shaanxi_guanzhong,2010-06-27,27.1,20.4,0.9,3.0,13.35,7.8,66
shaanxi_guanzhong,2010-06-28,28.8,21.8,0.0,3.62,17.21,7.7,68
shaanxi_guanzhong,2010-06-29,29.5,22.8,2.2,3.66,16.49,8.3,70
shaanxi_guanzhong,2010-06-30,28.7,21.5,1.4,3.5,15.2,11.0,71
shaanxi_guanzhong,2010-07-01,29.7,22.9,11.3,3.21,13.42,9.8,73
shaanxi_guanzhong,2010-07-02,29.1,22.7,10.2,2.6,10.99,10.3,73
shaanxi_guanzhong,2010-07-03,31.2,20.3,1.5,5.11,22.42,12.7,68
shaanxi_guanzhong,2010-07-04,31.1,22.1,0.2,4.51,19.67,8.5,65
shaanxi_guanzhong,2010-07-05,33.0,21.2,0.0,5.45,25.0,7.8,59
shaanxi_guanzhong,2010-07-06,33.5,19.5,0.0,5.56,26.09,5.5,63
shaanxi_guanzhong,2010-07-07,31.7,23.2,8.0,4.23,19.17,9.4,70
shaanxi_guanzhong,2010-07-08,26.2,23.1,36.0,1.99,9.28,4.7,88
shaanxi_guanzhong,2010-07-09,24.1,19.8,21.5,1.19,4.95,11.5,89
shaanxi_guanzhong,2010-07-10,28.5,16.8,0.2,5.33,27.45,6.9,70
shaanxi_guanzhong,2010-07-11,29.7,16.6,0.0,5.0,25.11,8.2,75
shaanxi_guanzhong,2010-07-12,29.5,20.2,0.0,4.74,23.4,6.8,75
shaanxi_guanzhong,2010-07-13,27.6,22.7,0.0,2.91,13.56,6.3,76
shaanxi_guanzhong,2010-07-14,25.3,21.5,15.3,1.65,7.53,12.1,88
shaanxi_guanzhong,2010-07-15,24.0,21.5,24.7,1.05,4.66,7.4,95
shaanxi_guanzhong,2010-07-16,26.5,21.1,4.3,2.32,11.24,6.9,88
shaanxi_guanzhong,2010-07-17,24.1,20.0,32.4,2.24,10.85,10.3,85
shaanxi_guanzhong,2010-07-18,26.5,16.2,0.0,3.5,17.87,5.6,82
shaanxi_guanzhong,2010-07-19,28.3,17.4,0.0,5.25,27.29,9.6,79
shaanxi_guanzhong,2010-07-20,29.1,19.5,0.2,5.0,25.2,10.5,73
shaanxi_guanzhong,2010-07-21,30.1,20.5,0.0,5.2,25.33,11.0,72
shaanxi_guanzhong,2010-07-22,27.3,21.5,14.9,2.63,12.33,9.5,82
shaanxi_guanzhong,2010-07-23,23.6,22.2,41.6,0.84,3.52,15.8,95
shaanxi_guanzhong,2010-07-24,25.8,21.7,28.9,1.92,9.31,12.3,92
shaanxi_guanzhong,2010-07-25,26.7,21.9,15.9,2.4,11.74,11.1,88
shaanxi_guanzhong,2010-07-26,28.9,21.6,11.6,3.83,19.01,8.1,83
shaanxi_guanzhong,2010-07-27,30.2,22.2,0.4,4.54,22.11,10.2,78
shaanxi_guanzhong,2010-07-28,31.0,22.9,0.0,4.65,22.54,7.1,79
shaanxi_guanzhong,2010-07-29,31.8,25.7,0.0,4.39,20.54,6.6,78
shaanxi_guanzhong,2010-07-30,33.0,24.0,0.0,4.86,22.85,5.8,81
shaanxi_guanzhong,2010-07-31,33.1,25.1,2.0,4.63,21.32,5.9,78
shaanxi_guanzhong,2010-08-01,29.9,24.4,7.8,2.86,13.25,7.2,84
shaanxi_guanzhong,2010-08-02,29.6,23.2,8.8,3.67,18.0,8.1,85
shaanxi_guanzhong,2010-08-03,30.7,25.2,1.7,4.51,21.79,3.6,80
shaanxi_guanzhong,2010-08-04,31.8,23.1,5.0,4.51,20.8,9.0,78
shaanxi_guanzhong,2010-08-05,27.4,22.4,0.7,4.58,20.83,11.4,61
shaanxi_guanzhong,2010-08-06,29.9,19.2,0.0,4.75,22.96,10.0,71
shaanxi_guanzhong,2010-08-07,30.4,21.5,0.0,4.43,21.3,12.1,75
shaanxi_guanzhong,2010-08-08,30.5,23.2,0.0,4.23,20.15,6.3,75
shaanxi_guanzhong,2010-08-09,31.9,22.3,0.0,4.5,21.37,4.5,77
shaanxi_guanzhong,2010-08-10,31.8,25.5,0.0,4.42,20.33,10.2,73
shaanxi_guanzhong,2010-08-11,32.0,24.6,0.0,3.95,18.29,7.4,78
shaanxi_guanzhong,2010-08-12,28.3,24.6,20.4,1.7,7.68,6.7,90
shaanxi_guanzhong,2010-08-13,27.6,23.0,21.5,1.88,8.72,4.8,92
shaanxi_guanzhong,2010-08-14,22.9,19.6,37.5,1.19,4.76,11.9,86
shaanxi_guanzhong,2010-08-15,27.9,14.1,0.0,5.12,27.01,5.9,72
shaanxi_guanzhong,2010-08-16,28.3,15.8,0.0,4.82,24.71,9.2,72
shaanxi_guanzhong,2010-08-17,28.3,19.3,0.0,4.16,20.7,7.1,69
shaanxi_guanzhong,2010-08-18,27.6,21.8,9.8,2.59,12.55,6.1,83
shaanxi_guanzhong,2010-08-19,23.6,19.6,62.4,0.92,3.83,6.5,93
shaanxi_guanzhong,2010-08-20,24.2,19.2,2.7,2.22,11.3,6.7,86
shaanxi_guanzhong,2010-08-21,21.8,16.2,18.8,0.88,3.21,16.2,91
shaanxi_guanzhong,2010-08-22,24.6,14.9,0.3,2.82,14.15,6.8,79
shaanxi_guanzhong,2010-08-23,19.1,16.5,38.6,0.52,1.3,6.9,88
shaanxi_guanzhong,2010-08-24,19.0,15.9,9.6,1.17,5.54,7.1,89
shaanxi_guanzhong,2010-08-25,21.4,15.9,2.2,2.18,11.68,6.6,83
shaanxi_guanzhong,2010-08-26,24.1,12.6,0.4,4.11,22.67,5.5,77
shaanxi_guanzhong,2010-08-27,23.9,15.2,1.2,3.9,21.68,6.9,74
shaanxi_guanzhong,2010-08-28,25.7,12.5,0.0,4.62,25.37,8.9,76
shaanxi_guanzhong,2010-08-29,26.1,15.3,0.0,3.9,20.7,9.4,77
shaanxi_guanzhong,2010-08-30,24.1,19.1,3.6,1.62,7.57,4.7,84
shaanxi_guanzhong,2010-08-31,27.0,19.5,0.0,3.65,18.8,4.9,74
shaanxi_guanzhong,2010-09-01,25.7,15.5,0.0,2.93,15.13,4.6,75
shaanxi_guanzhong,2010-09-02,25.5,16.6,0.4,3.64,18.76,8.7,74
shaanxi_guanzhong,2010-09-03,25.1,18.3,0.0,3.6,19.14,7.2,72
shaanxi_guanzhong,2010-09-04,23.9,18.1,4.1,2.52,13.16,8.8,82
shaanxi_guanzhong,2010-09-05,22.8,18.7,7.2,1.34,6.24,9.7,87
shaanxi_guanzhong,2010-09-06,20.1,18.8,49.0,0.46,1.17,7.0,93
shaanxi_guanzhong,2010-09-07,23.5,17.4,1.2,2.31,11.66,6.3,82
shaanxi_guanzhong,2010-09-08,22.9,17.6,0.3,2.15,11.32,7.9,84
shaanxi_guanzhong,2010-09-09,20.8,16.8,35.7,0.99,4.32,6.1,87
shaanxi_guanzhong,2010-09-10,25.5,12.1,0.0,3.91,21.38,3.1,75
shaanxi_guanzhong,2010-09-11,26.7,12.0,0.0,4.46,23.98,6.3,71
shaanxi_guanzhong,2010-09-12,27.1,14.7,0.0,4.17,22.31,9.7,76
shaanxi_guanzhong,2010-09-13,26.6,17.2,0.0,3.53,18.0,13.4,74
shaanxi_guanzhong,2010-09-14,26.8,17.6,0.0,3.66,18.11,14.3,74
shaanxi_guanzhong,2010-09-15,27.8,18.9,0.1,3.32,16.83,9.2,79
shaanxi_guanzhong,2010-09-16,29.3,20.1,0.2,3.56,17.99,9.1,81
shaanxi_guanzhong,2010-09-17,29.1,21.6,0.0,3.58,18.11,7.5,81
shaanxi_guanzhong,2010-09-18,29.2,21.3,0.2,3.24,16.07,5.7,83
shaanxi_guanzhong,2010-09-19,30.0,21.9,0.3,3.43,16.37,11.2,82
shaanxi_guanzhong,2010-09-20,29.9,21.0,0.0,3.61,17.29,12.4,79
shaanxi_guanzhong,2010-09-21,23.0,17.8,9.5,1.95,6.13,19.7,71
shaanxi_guanzhong,2010-09-22,19.5,14.9,0.9,1.97,11.08,4.8,74
shaanxi_guanzhong,2010-09-23,19.6,14.7,1.7,1.6,8.12,8.9,75
shaanxi_guanzhong,2010-09-24,16.3,12.3,24.3,0.44,1.39,10.5,91
shaanxi_guanzhong,2010-09-25,17.7,11.8,6.1,1.27,6.9,4.7,84
shaanxi_guanzhong,2010-09-26,22.4,10.0,0.0,3.37,19.52,8.4,74
shaanxi_guanzhong,2010-09-27,22.3,10.2,0.0,3.02,17.51,6.4,79
shaanxi_guanzhong,2010-09-28,18.1,14.2,9.8,0.99,4.59,6.8,85
shaanxi_guanzhong,2010-09-29,19.3,13.8,2.7,2.19,12.91,8.4,83
shaanxi_guanzhong,2010-09-30,17.0,13.4,2.1,1.04,5.54,4.3,85
shaanxi_guanzhong,2010-10-01,16.6,11.2,4.4,0.74,3.36,8.8,92
shaanxi_guanzhong,2010-10-02,21.2,7.3,0.0,3.52,20.91,9.7,67
shaanxi_guanzhong,2010-10-03,20.4,6.4,0.0,3.34,20.38,6.4,60
shaanxi_guanzhong,2010-10-04,21.3,5.9,0.0,3.39,20.4,6.2,62
shaanxi_guanzhong,2010-10-05,22.4,7.2,0.0,3.25,19.11,4.6,66
shaanxi_guanzhong,2010-10-06,21.7,11.1,0.0,2.14,11.65,4.6,73
shaanxi_guanzhong,2010-10-07,23.7,9.8,0.0,3.35,19.11,4.5,68
shaanxi_guanzhong,2010-10-08,23.8,10.7,0.0,3.24,18.47,7.8,71
shaanxi_guanzhong,2010-10-09,23.2,11.9,0.0,2.99,17.18,7.7,76
shaanxi_guanzhong,2010-10-10,17.8,10.8,23.1,0.6,1.8,25.2,83
shaanxi_guanzhong,2010-10-11,17.3,6.9,0.0,2.79,17.86,6.9,64
shaanxi_guanzhong,2010-10-12,12.0,9.8,2.0,0.88,4.56,4.4,78
shaanxi_guanzhong,2010-10-13,16.4,8.0,0.0,1.85,11.76,5.4,80
shaanxi_guanzhong,2010-10-14,21.0,8.5,0.0,2.89,17.31,5.4,68
shaanxi_guanzhong,2010-10-15,20.8,7.3,0.0,2.89,17.59,5.0,67
shaanxi_guanzhong,2010-10-16,22.3,8.6,0.0,2.88,17.15,5.9,73
shaanxi_guanzhong,2010-10-17,22.8,11.2,0.0,2.83,16.2,6.2,72
shaanxi_guanzhong,2010-10-18,20.6,11.8,0.5,2.22,12.92,6.1,78
shaanxi_guanzhong,2010-10-19,21.1,9.6,2.2,2.4,14.15,7.3,81
shaanxi_guanzhong,2010-10-20,21.0,10.6,0.0,2.63,15.4,10.8,80
shaanxi_guanzhong,2010-10-21,18.7,11.1,0.0,2.13,11.49,14.3,77
shaanxi_guanzhong,2010-10-22,19.9,10.5,0.0,2.54,14.34,16.1,72
shaanxi_guanzhong,2010-10-23,18.3,11.4,0.0,1.76,10.41,9.1,73
shaanxi_guanzhong,2010-10-24,15.5,7.2,7.1,0.88,4.22,17.2,82
shaanxi_guanzhong,2010-10-25,8.7,4.8,2.7,1.04,6.04,14.9,72
shaanxi_guanzhong,2010-10-26,5.3,3.4,3.8,0.56,3.79,6.3,90
shaanxi_guanzhong,2010-10-27,10.6,4.9,0.0,1.32,9.4,5.4,76
shaanxi_guanzhong,2010-10-28,11.8,3.9,0.0,1.42,9.93,4.4,73
shaanxi_guanzhong,2010-10-29,14.1,2.7,0.0,1.9,13.22,7.7,72
shaanxi_guanzhong,2010-10-30,16.1,2.3,0.0,2.25,15.48,8.4,72
shaanxi_guanzhong,2010-10-31,15.7,3.8,0.0,1.99,13.58,7.9,77
shaanxi_guanzhong,2010-11-01,13.3,8.5,3.3,0.73,4.01,6.8,85
shaanxi_guanzhong,2010-11-02,14.8,4.3,1.0,1.93,12.48,9.0,67
shaanxi_guanzhong,2010-11-03,16.6,1.9,0.0,2.26,15.41,7.1,66
shaanxi_guanzhong,2010-11-04,17.3,2.8,0.0,2.23,15.15,4.0,60
shaanxi_guanzhong,2010-11-05,17.0,4.6,0.0,1.79,10.98,6.2,68
shaanxi_guanzhong,2010-11-06,16.6,3.2,0.0,1.86,11.56,8.8,73
shaanxi_guanzhong,2010-11-07,15.3,2.8,0.0,2.1,14.59,5.0,61
shaanxi_guanzhong,2010-11-08,16.6,1.1,0.0,2.13,14.53,7.4,65
shaanxi_guanzhong,2010-11-09,19.0,4.6,0.0,2.18,14.35,5.7,55
shaanxi_guanzhong,2010-11-10,17.9,5.4,0.0,2.05,12.05,9.4,55
shaanxi_guanzhong,2010-11-11,14.1,2.4,0.0,2.05,14.28,11.3,50
shaanxi_guanzhong,2010-11-12,14.9,2.5,1.3,1.41,9.27,5.1,69
shaanxi_guanzhong,2010-11-13,13.2,1.8,0.0,1.88,12.86,10.5,66
shaanxi_guanzhong,2010-11-14,11.2,5.4,0.2,0.95,5.35,6.2,62
shaanxi_guanzhong,2010-11-15,9.9,1.1,0.0,1.7,12.87,8.6,60
shaanxi_guanzhong,2010-11-16,14.3,-0.3,0.0,1.84,13.47,5.1,65
shaanxi_guanzhong,2010-11-17,14.1,0.5,0.0,1.8,13.18,4.9,70
shaanxi_guanzhong,2010-11-18,11.9,1.1,0.0,1.28,6.43,17.3,70
shaanxi_guanzhong,2010-11-19,17.6,0.8,0.0,1.95,13.1,6.6,58
shaanxi_guanzhong,2010-11-20,15.5,1.5,0.0,1.8,12.83,4.3,68
shaanxi_guanzhong,2010-11-21,11.2,-1.2,0.0,2.23,13.3,15.4,42
shaanxi_guanzhong,2010-11-22,11.2,-1.9,0.2,1.72,12.55,10.5,47
shaanxi_guanzhong,2010-11-23,11.5,0.7,0.0,1.39,10.51,4.6,61
shaanxi_guanzhong,2010-11-24,11.5,0.2,0.0,1.66,12.54,6.9,59
shaanxi_guanzhong,2010-11-25,12.7,-0.7,0.0,1.55,11.73,4.8,64
shaanxi_guanzhong,2010-11-26,16.0,0.3,0.0,1.73,12.46,4.6,70
shaanxi_guanzhong,2010-11-27,11.4,0.4,0.0,1.22,8.15,6.3,58
shaanxi_guanzhong,2010-11-28,14.3,0.3,0.0,1.66,11.78,6.2,52
shaanxi_guanzhong,2010-11-29,15.1,-0.7,0.0,1.69,12.11,5.8,62
shaanxi_guanzhong,2010-11-30,15.0,1.1,0.0,1.63,12.0,3.1,51
shaanxi_guanzhong,2010-12-01,16.2,1.3,0.0,1.72,12.15,5.3,58
shaanxi_guanzhong,2010-12-02,12.4,0.1,0.0,1.68,12.19,9.2,47
shaanxi_guanzhong,2010-12-03,12.5,-0.0,0.0,1.56,11.42,8.2,55
shaanxi_guanzhong,2010-12-04,15.2,0.8,0.0,1.62,11.65,7.1,74
shaanxi_guanzhong,2010-12-05,11.6,1.1,0.0,2.13,11.8,19.5,53
shaanxi_guanzhong,2010-12-06,6.7,-2.0,0.0,1.47,10.42,8.8,44
shaanxi_guanzhong,2010-12-07,12.2,-3.3,0.0,1.67,12.01,11.6,44
shaanxi_guanzhong,2010-12-08,13.8,-1.3,0.0,1.65,11.93,5.5,42
shaanxi_guanzhong,2010-12-09,13.5,-1.6,0.0,1.57,11.41,6.6,61
shaanxi_guanzhong,2010-12-10,10.2,-2.0,0.0,1.56,11.7,7.3,47
shaanxi_guanzhong,2010-12-11,9.0,-3.8,0.0,1.46,11.28,9.0,44
shaanxi_guanzhong,2010-12-12,10.3,-1.7,0.0,1.34,10.77,6.4,56
shaanxi_guanzhong,2010-12-13,7.0,0.2,0.0,1.35,9.46,12.5,50
shaanxi_guanzhong,2010-12-14,2.6,-1.8,0.0,1.16,7.12,10.2,48
shaanxi_guanzhong,2010-12-15,-1.3,-4.1,0.0,1.18,6.7,14.3,34
shaanxi_guanzhong,2010-12-16,7.3,-7.3,0.0,1.4,11.94,8.3,31
shaanxi_guanzhong,2010-12-17,9.6,-5.6,0.0,1.55,11.91,8.5,36
shaanxi_guanzhong,2010-12-18,10.0,-3.1,0.0,1.52,10.86,8.0,47
shaanxi_guanzhong,2010-12-19,9.7,-3.0,0.0,1.55,11.16,8.4,35
shaanxi_guanzhong,2010-12-20,9.4,-4.4,0.0,1.29,10.51,5.6,53
shaanxi_guanzhong,2010-12-21,12.4,-1.8,0.0,1.57,11.6,4.3,46
shaanxi_guanzhong,2010-12-22,11.4,-2.7,0.0,1.35,10.51,4.0,58
shaanxi_guanzhong,2010-12-23,7.4,-3.3,0.0,1.2,9.66,6.6,58
shaanxi_guanzhong,2010-12-24,1.7,-2.3,4.5,0.49,3.76,8.1,76
shaanxi_guanzhong,2010-12-25,5.2,-5.4,0.1,1.31,11.95,12.1,59
shaanxi_guanzhong,2010-12-26,10.7,-5.5,0.0,1.44,12.02,4.5,48
shaanxi_guanzhong,2010-12-27,9.0,-4.9,0.0,1.5,11.81,10.0,49
shaanxi_guanzhong,2010-12-28,8.8,-4.7,0.0,1.4,11.6,6.8,50
shaanxi_guanzhong,2010-12-29,3.4,-5.3,0.0,1.59,11.03,15.5,39
shaanxi_guanzhong,2010-12-30,3.4,-5.9,0.0,1.38,12.16,7.6,24
shaanxi_guanzhong,2010-12-31,0.0,-7.6,0.0,1.47,11.74,10.0,25
shaanxi_guanzhong,2011-01-01,-0.9,-6.9,0.0,1.26,7.53,11.9,23
shaanxi_guanzhong,2011-01-02,-1.7,-5.9,0.0,0.84,6.67,12.1,53
shaanxi_guanzhong,2011-01-03,-0.7,-7.6,0.0,0.94,10.31,8.5,59
shaanxi_guanzhong,2011-01-04,1.3,-7.7,0.0,1.01,11.18,8.3,63
shaanxi_guanzhong,2011-01-05,0.6,-7.4,0.0,1.0,9.46,7.1,48
shaanxi_guanzhong,2011-01-06,-2.9,-9.4,0.0,1.14,10.16,9.3,28
shaanxi_guanzhong,2011-01-07,2.2,-6.7,0.0,1.43,12.3,10.8,32
shaanxi_guanzhong,2011-01-08,0.8,-6.0,0.0,1.31,9.24,12.3,36
shaanxi_guanzhong,2011-01-09,-1.4,-6.3,0.0,1.16,9.54,8.2,33
shaanxi_guanzhong,2011-01-10,0.4,-5.4,0.0,1.06,9.72,9.8,35
shaanxi_guanzhong,2011-01-11,3.1,-7.9,0.0,1.38,13.01,9.0,35
shaanxi_guanzhong,2011-01-12,3.8,-5.0,0.0,1.19,11.11,7.8,41
shaanxi_guanzhong,2011-01-13,4.6,-5.8,0.0,1.29,11.61,5.8,40
shaanxi_guanzhong,2011-01-14,3.6,-3.7,0.0,1.14,7.59,10.0,38
shaanxi_guanzhong,2011-01-15,-0.8,-8.0,0.0,1.47,13.22,11.8,36
shaanxi_guanzhong,2011-01-16,-0.3,-7.3,0.0,1.14,8.82,8.7,32
shaanxi_guanzhong,2011-01-17,0.4,-5.1,0.4,0.81,7.43,6.5,58
shaanxi_guanzhong,2011-01-18,0.8,-6.3,0.0,0.94,8.6,9.8,59
shaanxi_guanzhong,2011-01-19,0.8,-4.4,0.0,1.01,9.81,5.1,47
shaanxi_guanzhong,2011-01-20,2.6,-4.1,0.0,1.15,11.35,7.6,57
shaanxi_guanzhong,2011-01-21,4.4,-6.0,0.0,1.36,13.18,6.6,59
shaanxi_guanzhong,2011-01-22,4.9,-5.1,0.0,1.3,11.21,7.2,56
shaanxi_guanzhong,2011-01-23,1.6,-5.4,0.0,1.28,12.21,7.6,40
shaanxi_guanzhong,2011-01-24,3.0,-5.5,0.0,1.25,11.23,9.1,39
shaanxi_guanzhong,2011-01-25,4.4,-5.4,0.0,1.48,12.7,11.4,50
shaanxi_guanzhong,2011-01-26,2.9,-4.0,0.0,1.07,7.32,10.6,43
shaanxi_guanzhong,2011-01-27,0.2,-3.7,0.2,0.76,6.3,5.2,59
shaanxi_guanzhong,2011-01-28,1.5,-6.1,0.0,1.47,12.92,11.6,40
shaanxi_guanzhong,2011-01-29,1.0,-7.9,0.0,1.34,13.52,14.7,37
shaanxi_guanzhong,2011-01-30,1.9,-6.2,0.0,1.44,13.89,10.6,36
shaanxi_guanzhong,2011-01-31,3.4,-5.6,0.0,1.38,13.64,6.6,39
shaanxi_guanzhong,2011-02-01,7.4,-6.1,0.0,1.73,15.35,7.0,53
shaanxi_guanzhong,2011-02-02,9.8,-5.3,0.0,1.83,15.07,6.6,56
shaanxi_guanzhong,2011-02-03,10.9,-4.3,0.0,1.9,15.27,8.7,59
shaanxi_guanzhong,2011-02-04,12.0,-3.1,0.0,2.15,15.49,11.0,51
shaanxi_guanzhong,2011-02-05,12.8,-0.9,0.0,1.72,12.91,6.4,54
shaanxi_guanzhong,2011-02-06,12.6,-1.7,0.0,2.01,13.7,12.7,56
shaanxi_guanzhong,2011-02-07,12.5,0.5,0.0,1.65,11.89,5.1,62
shaanxi_guanzhong,2011-02-08,12.8,-1.5,0.0,1.89,12.65,15.0,62
shaanxi_guanzhong,2011-02-09,3.8,-0.3,6.3,0.53,3.91,8.9,86
shaanxi_guanzhong,2011-02-10,8.8,-1.0,0.0,1.81,15.22,7.0,72
shaanxi_guanzhong,2011-02-11,5.7,-0.9,0.0,1.15,9.36,8.7,68
shaanxi_guanzhong,2011-02-12,3.4,-2.7,0.0,1.1,8.64,7.4,63
shaanxi_guanzhong,2011-02-13,6.0,-4.4,0.0,1.96,17.37,9.4,52
shaanxi_guanzhong,2011-02-14,5.3,-6.3,0.0,2.15,15.88,17.5,37
shaanxi_guanzhong,2011-02-15,4.1,-2.2,0.5,1.58,11.94,12.6,55
shaanxi_guanzhong,2011-02-16,9.9,-3.6,0.0,1.96,15.54,7.6,62
shaanxi_guanzhong,2011-02-17,9.4,-3.6,0.0,2.11,15.64,11.8,47
shaanxi_guanzhong,2011-02-18,6.1,0.4,0.5,1.0,6.9,8.5,66
shaanxi_guanzhong,2011-02-19,8.2,0.6,1.0,1.12,8.51,6.9,78
shaanxi_guanzhong,2011-02-20,10.7,-2.0,0.0,1.86,14.63,9.2,70
shaanxi_guanzhong,2011-02-21,11.6,0.0,0.0,1.82,13.35,10.8,66
shaanxi_guanzhong,2011-02-22,13.6,-0.8,0.0,2.1,14.99,7.2,69
shaanxi_guanzhong,2011-02-23,17.0,1.8,0.0,2.67,18.15,7.3,69
shaanxi_guanzhong,2011-02-24,16.6,1.5,0.0,2.59,17.17,9.6,70
shaanxi_guanzhong,2011-02-25,10.7,3.7,0.9,1.39,8.25,16.9,76
shaanxi_guanzhong,2011-02-26,4.7,2.2,6.4,0.66,5.34,11.8,92
shaanxi_guanzhong,2011-02-27,7.6,0.7,1.2,1.16,8.99,9.4,83
shaanxi_guanzhong,2011-02-28,5.6,0.6,7.1,0.78,5.49,10.9,82
shaanxi_guanzhong,2011-03-01,7.6,-4.1,0.0,1.89,16.89,11.4,67
shaanxi_guanzhong,2011-03-02,7.9,-4.3,0.0,1.76,14.53,7.6,73
shaanxi_guanzhong,2011-03-03,7.7,-2.0,0.0,2.39,19.18,16.3,46
shaanxi_guanzhong,2011-03-04,8.8,-1.3,0.0,1.93,13.01,10.6,50
shaanxi_guanzhong,2011-03-05,10.4,-1.8,0.4,1.89,14.37,6.8,73
shaanxi_guanzhong,2011-03-06,11.8,-0.2,0.0,2.61,19.07,7.7,57
shaanxi_guanzhong,2011-03-07,14.6,-2.9,0.0,2.95,20.47,10.1,56
shaanxi_guanzhong,2011-03-08,15.0,0.6,0.0,2.95,19.43,10.2,56
shaanxi_guanzhong,2011-03-09,10.0,3.1,0.2,2.45,17.9,9.7,44
shaanxi_guanzhong,2011-03-10,13.1,0.5,0.0,2.7,19.14,8.5,41
shaanxi_guanzhong,2011-03-11,16.5,1.8,0.0,2.7,17.5,8.6,55
shaanxi_guanzhong,2011-03-12,20.2,2.9,0.0,3.39,20.89,6.5,59
shaanxi_guanzhong,2011-03-13,19.3,5.5,0.0,3.72,16.82,24.5,49
shaanxi_guanzhong,2011-03-14,7.8,1.8,0.0,2.88,11.77,21.3,24
shaanxi_guanzhong,2011-03-15,9.5,-3.1,0.0,3.1,22.6,11.1,32
shaanxi_guanzhong,2011-03-16,11.6,-4.3,0.0,2.94,22.18,7.9,40
shaanxi_guanzhong,2011-03-17,16.1,0.6,0.0,3.21,21.85,7.2,47
shaanxi_guanzhong,2011-03-18,12.5,0.6,0.0,3.16,19.44,11.7,41
shaanxi_guanzhong,2011-03-19,8.8,4.1,0.6,1.61,8.67,9.4,51
shaanxi_guanzhong,2011-03-20,4.0,0.9,9.8,0.58,4.0,5.8,84
shaanxi_guanzhong,2011-03-21,4.8,-0.9,1.0,1.08,7.93,7.4,75
shaanxi_guanzhong,2011-03-22,8.7,-3.3,0.0,2.56,20.79,5.6,57
shaanxi_guanzhong,2011-03-23,10.7,-4.1,0.0,2.51,17.83,11.0,56
shaanxi_guanzhong,2011-03-24,8.2,-2.4,0.0,2.26,16.48,8.8,35
shaanxi_guanzhong,2011-03-25,11.1,-3.9,0.0,3.12,23.57,9.9,41
shaanxi_guanzhong,2011-03-26,14.3,-2.4,0.0,3.26,22.46,11.3,47
shaanxi_guanzhong,2011-03-27,14.2,0.6,0.0,3.01,19.11,9.5,45
shaanxi_guanzhong,2011-03-28,16.2,0.2,0.0,3.69,24.21,10.2,51
shaanxi_guanzhong,2011-03-29,18.3,-0.1,0.0,3.55,22.35,9.5,47
shaanxi_guanzhong,2011-03-30,20.4,5.2,0.0,3.71,22.15,9.3,51
shaanxi_guanzhong,2011-03-31,18.8,7.3,0.0,2.68,15.16,9.0,63
shaanxi_guanzhong,2011-04-01,16.9,10.5,5.1,1.34,7.16,5.4,78
shaanxi_guanzhong,2011-04-02,11.3,7.2,0.0,1.4,8.11,10.9,78
shaanxi_guanzhong,2011-04-03,11.5,3.7,0.0,2.12,14.14,8.4,65
shaanxi_guanzhong,2011-04-04,16.4,4.1,0.0,3.47,20.73,15.5,52
shaanxi_guanzhong,2011-04-05,15.0,6.5,0.0,2.96,16.6,16.1,55
shaanxi_guanzhong,2011-04-06,17.6,6.5,0.0,2.83,16.89,7.6,59
shaanxi_guanzhong,2011-04-07,13.8,6.7,1.9,2.68,15.83,17.6,59
shaanxi_guanzhong,2011-04-08,17.3,3.7,0.0,3.22,20.39,6.9,51
shaanxi_guanzhong,2011-04-09,21.6,5.1,0.0,4.12,24.4,5.6,57
shaanxi_guanzhong,2011-04-10,20.7,6.4,0.0,4.57,25.27,15.3,46
shaanxi_guanzhong,2011-04-11,17.6,6.9,2.6,2.96,15.23,11.0,45
shaanxi_guanzhong,2011-04-12,21.4,7.6,0.0,3.82,23.27,6.6,69
shaanxi_guanzhong,2011-04-13,25.4,8.7,0.0,4.5,25.23,6.0,66
shaanxi_guanzhong,2011-04-14,26.1,11.7,0.0,4.37,23.16,6.6,60
shaanxi_guanzhong,2011-04-15,23.5,12.0,0.0,2.67,12.12,6.9,50
shaanxi_guanzhong,2011-04-16,24.6,10.4,0.0,4.11,21.14,7.3,42
shaanxi_guanzhong,2011-04-17,25.8,10.4,0.0,5.26,25.94,13.0,43
shaanxi_guanzhong,2011-04-18,22.9,7.0,0.0,4.72,26.83,7.1,28
shaanxi_guanzhong,2011-04-19,25.2,7.8,0.0,5.09,26.02,12.5,39
shaanxi_guanzhong,2011-04-20,20.1,11.9,0.2,2.5,13.08,10.1,65
shaanxi_guanzhong,2011-04-21,24.4,10.6,0.0,4.23,19.45,12.8,50
shaanxi_guanzhong,2011-04-22,25.3,7.0,0.0,5.24,27.17,10.8,30
shaanxi_guanzhong,2011-04-23,27.1,6.5,0.0,5.68,27.3,11.5,23
shaanxi_guanzhong,2011-04-24,27.7,9.1,0.0,5.23,27.12,9.5,29
shaanxi_guanzhong,2011-04-25,31.7,12.0,0.0,6.46,26.35,14.5,32
shaanxi_guanzhong,2011-04-26,30.4,13.9,0.0,5.71,22.18,15.3,31
shaanxi_guanzhong,2011-04-27,22.1,12.0,0.1,3.97,19.35,9.1,30
shaanxi_guanzhong,2011-04-28,31.1,12.3,0.0,5.22,24.93,9.7,43
shaanxi_guanzhong,2011-04-29,29.4,17.3,1.7,4.26,17.77,15.3,52
shaanxi_guanzhong,2011-04-30,25.5,14.7,0.0,4.77,22.41,10.5,27
shaanxi_guanzhong,2011-05-01,20.4,9.9,1.4,2.91,15.27,7.9,47
shaanxi_guanzhong,2011-05-02,20.3,9.2,2.2,3.15,18.07,7.3,58
shaanxi_guanzhong,2011-05-03,23.9,7.4,0.0,4.52,24.88,6.5,50
shaanxi_guanzhong,2011-05-04,27.5,10.2,0.0,5.25,27.43,8.7,50
shaanxi_guanzhong,2011-05-05,27.9,12.3,0.0,5.04,25.94,8.7,57
shaanxi_guanzhong,2011-05-06,28.9,12.8,0.0,5.12,25.87,9.2,59
shaanxi_guanzhong,2011-05-07,30.6,15.3,0.0,5.5,26.18,12.4,56
shaanxi_guanzhong,2011-05-08,30.0,18.0,6.5,4.37,20.34,12.5,68
shaanxi_guanzhong,2011-05-09,21.8,16.5,19.3,1.3,5.88,11.7,87
shaanxi_guanzhong,2011-05-10,21.4,13.4,11.8,2.78,14.67,11.6,76
shaanxi_guanzhong,2011-05-11,22.6,10.8,0.1,2.83,14.05,10.2,71
shaanxi_guanzhong,2011-05-12,22.3,10.3,0.0,5.17,28.16,10.5,43
shaanxi_guanzhong,2011-05-13,20.0,8.8,0.5,3.11,14.46,12.3,48
shaanxi_guanzhong,2011-05-14,21.3,9.7,1.0,3.74,21.2,10.1,62
shaanxi_guanzhong,2011-05-15,27.3,12.3,0.0,4.45,20.58,9.4,56
shaanxi_guanzhong,2011-05-16,29.4,12.5,0.0,6.19,29.56,10.1,37
shaanxi_guanzhong,2011-05-17,33.2,13.6,0.0,5.96,24.96,13.4,46
shaanxi_guanzhong,2011-05-18,33.9,16.4,0.0,5.89,24.98,20.7,52
shaanxi_guanzhong,2011-05-19,30.7,18.0,2.1,5.41,25.33,10.0,51
shaanxi_guanzhong,2011-05-20,20.3,11.9,7.3,2.01,9.37,10.6,76
shaanxi_guanzhong,2011-05-21,11.8,10.6,15.8,1.16,5.63,11.3,80
shaanxi_guanzhong,2011-05-22,16.1,8.4,3.5,2.55,15.42,8.4,68
shaanxi_guanzhong,2011-05-23,21.3,6.7,0.0,4.56,26.22,11.6,59
shaanxi_guanzhong,2011-05-24,21.1,14.1,0.1,2.97,15.56,5.8,53
shaanxi_guanzhong,2011-05-25,25.1,9.3,0.0,5.25,28.97,7.1,57
shaanxi_guanzhong,2011-05-26,26.8,12.1,0.0,4.82,25.24,5.7,61
shaanxi_guanzhong,2011-05-27,27.9,13.3,0.0,5.19,26.64,6.6,62
shaanxi_guanzhong,2011-05-28,26.8,17.3,9.2,3.34,16.77,6.0,71
shaanxi_guanzhong,2011-05-29,21.7,17.9,12.1,1.42,6.89,6.3,88
shaanxi_guanzhong,2011-05-30,23.2,15.5,0.0,1.95,7.39,9.2,73
shaanxi_guanzhong,2011-05-31,27.6,11.2,0.0,5.75,29.49,8.8,55
shaanxi_guanzhong,2011-06-01,25.6,12.9,0.0,3.94,20.33,6.5,55
shaanxi_guanzhong,2011-06-02,26.7,14.2,0.0,4.57,24.12,4.1,66
shaanxi_guanzhong,2011-06-03,26.9,14.5,0.0,4.5,24.02,3.9,65
shaanxi_guanzhong,2011-06-04,27.4,13.4,0.0,5.06,26.05,5.9,66
shaanxi_guanzhong,2011-06-05,26.5,16.5,0.0,2.77,13.62,3.7,70
shaanxi_guanzhong,2011-06-06,31.2,16.6,0.0,5.69,27.06,8.8,62
shaanxi_guanzhong,2011-06-07,34.1,16.4,0.0,6.14,29.37,7.4,50
shaanxi_guanzhong,2011-06-08,33.4,17.5,0.0,5.8,27.01,6.4,51
shaanxi_guanzhong,2011-06-09,23.5,18.6,0.3,2.67,12.08,6.5,60
shaanxi_guanzhong,2011-06-10,29.9,14.4,0.0,5.78,29.2,5.0,57
shaanxi_guanzhong,2011-06-11,31.4,17.2,0.0,4.61,21.57,7.0,55
shaanxi_guanzhong,2011-06-12,31.7,17.7,0.0,5.3,25.48,6.2,53
shaanxi_guanzhong,2011-06-13,29.4,20.7,2.0,3.03,13.36,8.6,63
shaanxi_guanzhong,2011-06-14,29.1,17.7,0.2,5.06,25.45,5.9,64
shaanxi_guanzhong,2011-06-15,32.2,18.4,0.0,5.99,29.26,7.3,56
shaanxi_guanzhong,2011-06-16,31.4,21.5,1.5,3.92,17.55,6.6,60
shaanxi_guanzhong,2011-06-17,23.7,18.3,7.5,1.74,7.5,6.6,76
shaanxi_guanzhong,2011-06-18,24.0,16.8,0.0,2.35,11.48,6.7,70
shaanxi_guanzhong,2011-06-19,30.4,19.8,0.0,4.84,22.91,9.8,59
shaanxi_guanzhong,2011-06-20,25.6,20.9,7.0,2.11,8.98,11.8,77
shaanxi_guanzhong,2011-06-21,22.4,19.1,10.9,1.26,5.7,4.6,88
shaanxi_guanzhong,2011-06-22,25.1,18.3,7.4,2.07,9.41,13.0,87
shaanxi_guanzhong,2011-06-23,31.1,15.7,0.6,6.0,29.59,7.6,65
shaanxi_guanzhong,2011-06-24,33.0,16.4,0.0,6.28,29.79,7.3,53
shaanxi_guanzhong,2011-06-25,30.5,18.0,0.0,5.78,26.29,15.9,61
shaanxi_guanzhong,2011-06-26,24.5,20.1,9.9,2.17,9.59,9.7,79
shaanxi_guanzhong,2011-06-27,28.8,15.9,0.0,5.49,27.65,8.7,66
shaanxi_guanzhong,2011-06-28,31.7,16.7,0.0,5.93,28.7,11.4,58
shaanxi_guanzhong,2011-06-29,32.1,20.6,0.0,5.32,25.6,7.3,65
shaanxi_guanzhong,2011-06-30,32.8,20.8,0.0,5.37,25.67,6.1,65
shaanxi_guanzhong,2011-07-01,33.3,22.9,0.0,4.77,21.89,6.0,62
shaanxi_guanzhong,2011-07-02,33.0,23.5,0.0,3.86,17.28,5.9,69
shaanxi_guanzhong,2011-07-03,25.9,23.0,60.7,1.11,4.24,9.0,88
shaanxi_guanzhong,2011-07-04,25.0,21.9,5.8,1.42,6.43,6.5,92
shaanxi_guanzhong,2011-07-05,23.0,20.4,24.2,0.73,2.58,8.3,93
shaanxi_guanzhong,2011-07-06,21.4,17.9,21.5,0.97,3.59,10.2,87
shaanxi_guanzhong,2011-07-07,27.7,14.3,0.0,5.55,28.51,9.5,63
shaanxi_guanzhong,2011-07-08,31.1,14.5,0.0,5.9,29.8,4.3,58
shaanxi_guanzhong,2011-07-09,28.1,18.0,0.0,3.24,15.15,5.2,67
shaanxi_guanzhong,2011-07-10,27.6,20.2,0.0,3.76,18.67,4.1,70
shaanxi_guanzhong,2011-07-11,28.0,18.0,0.0,4.33,21.9,5.6,74
shaanxi_guanzhong,2011-07-12,27.6,18.1,0.0,3.74,18.58,5.4,74
shaanxi_guanzhong,2011-07-13,28.9,19.0,0.0,4.43,22.04,4.8,69
shaanxi_guanzhong,2011-07-14,30.4,16.3,0.0,5.66,28.64,5.4,62
shaanxi_guanzhong,2011-07-15,31.6,17.0,0.0,5.66,27.8,4.7,62
shaanxi_guanzhong,2011-07-16,31.2,18.4,0.0,5.29,25.83,5.1,67
shaanxi_guanzhong,2011-07-17,30.7,19.7,0.0,5.17,24.74,7.2,67
shaanxi_guanzhong,2011-07-18,30.6,19.2,0.0,5.67,27.9,7.2,62
shaanxi_guanzhong,2011-07-19,30.1,19.0,0.0,5.05,24.37,9.4,66
shaanxi_guanzhong,2011-07-20,29.9,20.6,0.0,4.32,20.54,7.7,67
shaanxi_guanzhong,2011-07-21,24.2,21.2,33.5,1.11,4.9,5.9,86
shaanxi_guanzhong,2011-07-22,26.3,20.5,18.4,2.67,13.05,6.2,84
shaanxi_guanzhong,2011-07-23,28.9,19.8,2.9,4.48,22.36,4.5,81
shaanxi_guanzhong,2011-07-24,30.5,20.7,0.0,4.77,22.86,8.0,73
shaanxi_guanzhong,2011-07-25,32.9,20.2,0.0,5.28,25.28,6.1,70
shaanxi_guanzhong,2011-07-26,32.3,22.2,0.0,4.75,22.12,8.9,67
shaanxi_guanzhong,2011-07-27,33.3,19.8,0.0,5.87,28.17,6.9,71
shaanxi_guanzhong,2011-07-28,30.9,23.1,1.6,3.2,14.23,8.5,74
shaanxi_guanzhong,2011-07-29,23.8,19.4,36.3,0.78,2.3,12.4,90
shaanxi_guanzhong,2011-07-30,27.3,16.3,0.0,4.09,20.83,5.4,76
shaanxi_guanzhong,2011-07-31,22.5,18.6,28.8,0.75,2.64,6.5,84
shaanxi_guanzhong,2011-08-01,20.9,17.7,5.1,1.74,8.84,4.2,86
shaanxi_guanzhong,2011-08-02,25.5,17.6,0.0,3.98,20.66,7.9,75
shaanxi_guanzhong,2011-08-03,26.1,18.0,0.0,4.4,23.59,8.7,75
shaanxi_guanzhong,2011-08-04,21.2,18.7,44.5,0.82,3.23,5.9,89
shaanxi_guanzhong,2011-08-05,22.6,18.7,4.9,1.44,6.59,5.4,85
shaanxi_guanzhong,2011-08-06,27.6,15.6,0.0,5.08,26.55,5.1,74
shaanxi_guanzhong,2011-08-07,28.5,15.7,0.0,5.23,27.03,5.4,75
shaanxi_guanzhong,2011-08-08,30.0,15.9,0.0,5.4,27.42,6.2,73
shaanxi_guanzhong,2011-08-09,30.5,16.6,0.0,5.31,26.46,7.1,72
shaanxi_guanzhong,2011-08-10,29.6,19.1,0.4,4.48,22.12,6.5,77
shaanxi_guanzhong,2011-08-11,29.4,20.8,0.0,4.34,21.56,7.1,78
shaanxi_guanzhong,2011-08-12,29.8,21.4,0.0,4.21,20.42,8.6,76
shaanxi_guanzhong,2011-08-13,30.7,23.2,0.0,4.07,19.53,7.6,77
shaanxi_guanzhong,2011-08-14,32.2,24.2,0.0,4.47,21.09,6.6,77
shaanxi_guanzhong,2011-08-15,32.6,23.3,17.7,4.66,21.73,7.7,79
shaanxi_guanzhong,2011-08-16,26.9,23.7,6.0,2.08,8.58,9.0,78
shaanxi_guanzhong,2011-08-17,30.0,22.9,4.8,3.93,18.95,9.6,78
shaanxi_guanzhong,2011-08-18,24.0,20.0,9.6,1.38,6.3,6.5,91
shaanxi_guanzhong,2011-08-19,23.0,18.6,4.4,1.61,7.7,8.9,89
shaanxi_guanzhong,2011-08-20,21.3,18.0,10.0,1.31,6.58,10.9,93
shaanxi_guanzhong,2011-08-21,21.2,17.3,41.0,1.12,5.25,6.8,92
shaanxi_guanzhong,2011-08-22,22.8,17.3,1.7,2.05,10.9,5.8,87
shaanxi_guanzhong,2011-08-23,25.4,15.9,0.0,4.16,22.52,8.3,80
shaanxi_guanzhong,2011-08-24,26.4,15.0,0.0,4.17,21.92,6.9,77
shaanxi_guanzhong,2011-08-25,27.0,18.4,0.0,4.18,21.82,5.6,77
shaanxi_guanzhong,2011-08-26,26.0,18.2,0.0,3.97,20.98,7.3,77
shaanxi_guanzhong,2011-08-27,26.2,17.5,0.0,3.98,21.09,7.6,76
shaanxi_guanzhong,2011-08-28,26.7,18.7,0.0,4.11,21.36,7.9,75
shaanxi_guanzhong,2011-08-29,27.6,19.7,0.0,3.98,20.62,8.9,77
shaanxi_guanzhong,2011-08-30,28.4,21.3,0.0,4.12,21.04,8.4,75
shaanxi_guanzhong,2011-08-31,28.5,20.3,0.0,4.01,20.34,5.2,75
shaanxi_guanzhong,2011-09-01,29.4,17.5,0.0,4.67,23.68,6.0,77
shaanxi_guanzhong,2011-09-02,28.1,21.0,0.6,3.37,16.57,8.4,76
shaanxi_guanzhong,2011-09-03,26.5,21.5,0.7,2.1,9.97,8.1,82
shaanxi_guanzhong,2011-09-04,22.7,20.5,11.8,0.89,3.87,6.6,92
shaanxi_guanzhong,2011-09-05,20.5,16.0,32.1,0.51,1.22,8.4,92
shaanxi_guanzhong,2011-09-06,16.9,15.7,51.1,0.47,1.38,5.4,94
shaanxi_guanzhong,2011-09-07,19.9,15.6,23.3,0.88,3.48,5.3,87
shaanxi_guanzhong,2011-09-08,23.9,13.6,0.0,2.86,15.04,7.7,77
shaanxi_guanzhong,2011-09-09,23.1,14.1,0.0,3.26,18.3,8.4,81
shaanxi_guanzhong,2011-09-10,18.9,16.3,12.4,1.12,5.52,8.9,88
shaanxi_guanzhong,2011-09-11,17.3,16.0,38.1,0.37,0.92,11.0,95
shaanxi_guanzhong,2011-09-12,22.3,15.6,2.0,2.1,11.5,7.2,87
shaanxi_guanzhong,2011-09-13,18.5,16.3,6.1,0.85,3.96,4.7,90
shaanxi_guanzhong,2011-09-14,20.3,14.7,0.7,1.94,10.81,7.2,88
shaanxi_guanzhong,2011-09-15,21.6,14.1,0.7,1.94,10.52,5.8,87
shaanxi_guanzhong,2011-09-16,20.3,15.6,11.4,0.97,4.57,7.9,93
shaanxi_guanzhong,2011-09-17,17.8,14.3,53.1,0.44,0.91,9.8,90
shaanxi_guanzhong,2011-09-18,14.1,8.9,57.3,0.42,0.9,14.3,91
shaanxi_guanzhong,2011-09-19,12.3,8.2,2.5,1.11,6.45,5.7,81
shaanxi_guanzhong,2011-09-20,16.0,10.2,0.6,1.97,12.34,4.6,78
shaanxi_guanzhong,2011-09-21,19.1,7.2,0.0,2.99,18.2,6.7,75
shaanxi_guanzhong,2011-09-22,20.1,11.8,0.0,2.61,15.21,4.7,75
shaanxi_guanzhong,2011-09-23,21.4,12.7,0.0,2.38,13.3,4.8,76
shaanxi_guanzhong,2011-09-24,21.5,12.6,0.0,2.35,13.27,5.4,80
shaanxi_guanzhong,2011-09-25,22.4,17.2,0.0,2.75,15.37,7.0,78
shaanxi_guanzhong,2011-09-26,23.0,15.8,0.0,3.03,16.73,9.5,74
shaanxi_guanzhong,2011-09-27,17.5,15.2,19.1,0.63,2.02,8.4,86
shaanxi_guanzhong,2011-09-28,16.4,12.8,14.9,0.68,2.7,11.2,90
shaanxi_guanzhong,2011-09-29,21.4,12.0,0.0,2.83,16.11,3.6,68
shaanxi_guanzhong,2011-09-30,21.0,9.1,0.0,2.88,16.7,7.6,72
shaanxi_guanzhong,2011-10-01,20.8,11.7,0.0,2.75,16.17,8.4,73
shaanxi_guanzhong,2011-10-02,16.7,13.4,3.9,1.15,6.19,7.8,84
shaanxi_guanzhong,2011-10-03,16.7,11.8,3.9,1.63,9.38,11.2,82
shaanxi_guanzhong,2011-10-04,17.1,11.8,8.1,1.29,7.38,5.7,87
shaanxi_guanzhong,2011-10-05,22.0,9.0,0.0,3.34,19.71,6.6,73
shaanxi_guanzhong,2011-10-06,21.8,8.6,0.0,3.17,18.8,6.4,74
shaanxi_guanzhong,2011-10-07,23.1,9.9,0.0,3.29,19.21,8.4,76
shaanxi_guanzhong,2011-10-08,22.3,12.9,0.0,2.65,15.29,8.2,79
shaanxi_guanzhong,2011-10-09,22.1,12.9,0.7,2.16,11.86,5.6,82
shaanxi_guanzhong,2011-10-10,18.2,16.2,6.1,0.67,2.88,8.0,91
shaanxi_guanzhong,2011-10-11,17.7,15.6,10.6,0.72,3.45,11.6,94
shaanxi_guanzhong,2011-10-12,17.3,14.0,2.8,1.2,6.52,10.5,87
shaanxi_guanzhong,2011-10-13,20.5,8.8,1.1,3.25,17.76,14.1,60
shaanxi_guanzhong,2011-10-14,17.5,5.2,0.4,1.96,11.15,8.1,61
shaanxi_guanzhong,2011-10-15,18.7,5.0,0.0,2.93,17.83,11.3,53
shaanxi_guanzhong,2011-10-16,20.6,6.0,0.0,2.99,18.26,5.7,58
shaanxi_guanzhong,2011-10-17,21.1,6.1,0.0,2.98,18.1,5.2,61
shaanxi_guanzhong,2011-10-18,20.7,7.8,0.0,2.82,16.86,9.8,71
shaanxi_guanzhong,2011-10-19,16.0,11.3,3.5,0.81,3.99,3.4,83
shaanxi_guanzhong,2011-10-20,16.9,9.8,0.0,1.22,6.97,3.9,85
shaanxi_guanzhong,2011-10-21,19.0,8.0,0.0,2.53,15.6,10.0,77
shaanxi_guanzhong,2011-10-22,13.7,12.3,6.6,0.55,2.31,7.4,87
shaanxi_guanzhong,2011-10-23,17.0,11.0,8.0,0.94,4.6,6.2,81
shaanxi_guanzhong,2011-10-24,12.4,8.4,0.0,1.42,8.56,8.0,71
shaanxi_guanzhong,2011-10-25,12.4,8.0,0.3,1.03,5.19,14.8,77
shaanxi_guanzhong,2011-10-26,11.9,7.9,4.1,0.83,4.92,5.1,85
shaanxi_guanzhong,2011-10-27,13.9,4.9,0.0,1.48,9.68,4.3,77
shaanxi_guanzhong,2011-10-28,16.1,4.5,0.0,2.35,16.2,7.8,71
shaanxi_guanzhong,2011-10-29,17.5,4.5,0.0,2.37,15.87,9.0,71
shaanxi_guanzhong,2011-10-30,18.0,7.1,0.0,2.16,14.36,12.9,77
shaanxi_guanzhong,2011-10-31,15.9,8.8,0.0,1.4,8.56,8.6,79
shaanxi_guanzhong,2011-11-01,13.4,11.4,4.3,0.56,2.79,5.8,90
shaanxi_guanzhong,2011-11-02,15.4,11.5,11.5,0.74,3.95,12.4,92
shaanxi_guanzhong,2011-11-03,14.3,11.3,17.4,0.6,3.09,12.3,93
shaanxi_guanzhong,2011-11-04,13.3,11.6,12.2,0.52,2.44,4.9,94
shaanxi_guanzhong,2011-11-05,13.3,11.5,5.3,0.44,1.75,6.8,94
shaanxi_guanzhong,2011-11-06,13.8,11.2,17.7,0.55,2.98,14.3,94
shaanxi_guanzhong,2011-11-07,12.2,10.0,7.7,0.65,1.94,11.9,83
shaanxi_guanzhong,2011-11-08,14.7,3.6,0.0,2.08,14.34,7.9,63
shaanxi_guanzhong,2011-11-09,14.0,3.2,0.0,2.03,14.25,10.5,64
shaanxi_guanzhong,2011-11-10,13.5,5.7,0.0,1.84,13.71,10.2,68
shaanxi_guanzhong,2011-11-11,14.4,4.9,0.0,1.41,9.59,5.4,79
shaanxi_guanzhong,2011-11-12,11.2,5.3,0.0,0.97,5.21,6.8,62
shaanxi_guanzhong,2011-11-13,13.8,-0.4,0.0,1.86,13.65,8.8,68
shaanxi_guanzhong,2011-11-14,10.5,2.5,1.2,0.77,4.77,4.9,81
shaanxi_guanzhong,2011-11-15,11.1,5.5,4.7,0.67,4.04,7.2,90
shaanxi_guanzhong,2011-11-16,10.9,8.9,5.3,0.45,2.31,10.5,93
shaanxi_guanzhong,2011-11-17,12.0,9.2,4.9,0.5,2.5,7.3,94
shaanxi_guanzhong,2011-11-18,14.9,7.9,0.3,1.53,9.0,9.2,75
shaanxi_guanzhong,2011-11-19,11.9,3.8,0.0,1.86,12.89,9.2,59
shaanxi_guanzhong,2011-11-20,11.3,2.9,0.0,1.44,10.44,7.4,60
shaanxi_guanzhong,2011-11-21,9.5,5.2,2.0,0.66,3.98,5.5,81
shaanxi_guanzhong,2011-11-22,13.9,1.9,0.0,1.68,12.36,4.7,75
shaanxi_guanzhong,2011-11-23,10.2,0.5,0.0,1.64,12.36,12.3,63
shaanxi_guanzhong,2011-11-24,11.8,2.6,0.0,1.37,10.18,8.6,69
shaanxi_guanzhong,2011-11-25,12.8,4.5,0.0,1.38,10.8,10.3,83
shaanxi_guanzhong,2011-11-26,12.0,5.1,0.0,0.8,5.17,4.6,83
shaanxi_guanzhong,2011-11-27,12.9,4.1,0.0,1.09,7.51,8.6,84
shaanxi_guanzhong,2011-11-28,11.2,7.1,2.0,0.74,4.52,8.4,86
shaanxi_guanzhong,2011-11-29,11.0,5.0,16.3,0.63,3.4,11.0,87
shaanxi_guanzhong,2011-11-30,5.9,3.6,0.7,0.51,3.43,8.0,88
shaanxi_guanzhong,2011-12-01,9.6,0.4,0.1,1.2,9.49,8.2,79
shaanxi_guanzhong,2011-12-02,10.6,-0.5,0.0,1.43,11.42,7.2,71
shaanxi_guanzhong,2011-12-03,7.0,-0.6,0.3,0.93,7.37,11.8,79
shaanxi_guanzhong,2011-12-04,5.6,0.8,0.7,0.48,3.24,9.0,89
shaanxi_guanzhong,2011-12-05,5.8,2.5,7.4,0.5,3.47,9.2,90
shaanxi_guanzhong,2011-12-06,3.2,2.3,5.7,0.35,2.26,6.1,92
shaanxi_guanzhong,2011-12-07,5.8,1.1,2.3,0.7,4.87,10.5,75
shaanxi_guanzhong,2011-12-08,2.9,-2.1,0.0,0.98,9.18,7.1,62
shaanxi_guanzhong,2011-12-09,2.5,-4.2,0.0,0.94,8.9,7.3,55
shaanxi_guanzhong,2011-12-10,3.2,-6.0,0.0,1.36,12.03,9.9,42
shaanxi_guanzhong,2011-12-11,5.0,-6.5,0.0,1.01,9.37,4.3,57
shaanxi_guanzhong,2011-12-12,6.4,-4.7,0.0,1.24,11.11,7.2,60
shaanxi_guanzhong,2011-12-13,7.7,-4.1,0.0,1.26,11.3,5.4,66
shaanxi_guanzhong,2011-12-14,6.8,-2.7,0.0,1.05,7.89,9.0,59
shaanxi_guanzhong,2011-12-15,5.5,-2.1,0.0,1.21,11.21,5.1,54
shaanxi_guanzhong,2011-12-16,3.5,-4.9,0.0,1.25,11.15,11.4,57
shaanxi_guanzhong,2011-12-17,3.3,-2.6,0.0,0.84,6.01,6.8,56
shaanxi_guanzhong,2011-12-18,6.6,-2.6,0.0,1.16,10.92,10.0,74
shaanxi_guanzhong,2011-12-19,6.3,-1.7,0.1,1.06,9.84,8.7,75
shaanxi_guanzhong,2011-12-20,5.6,0.2,1.8,0.75,6.29,7.9,83
shaanxi_guanzhong,2011-12-21,4.4,-1.6,2.6,0.83,6.07,9.5,66
shaanxi_guanzhong,2011-12-22,3.1,-4.9,0.0,1.07,9.8,6.5,53
shaanxi_guanzhong,2011-12-23,5.7,-4.9,0.0,1.44,11.48,14.2,47
shaanxi_guanzhong,2011-12-24,6.4,-5.3,0.0,1.28,11.43,5.2,44
shaanxi_guanzhong,2011-12-25,6.5,-3.9,0.0,1.31,11.16,9.0,56
shaanxi_guanzhong,2011-12-26,6.5,-1.2,0.0,1.17,8.9,11.9,57
shaanxi_guanzhong,2011-12-27,6.6,-2.1,0.0,1.19,10.94,7.2,68
shaanxi_guanzhong,2011-12-28,7.2,-3.7,0.0,1.16,10.21,10.0,74
shaanxi_guanzhong,2011-12-29,6.6,-1.7,0.0,1.14,10.16,8.6,74
shaanxi_guanzhong,2011-12-30,4.6,-2.1,0.0,0.82,7.59,7.8,81
shaanxi_guanzhong,2011-12-31,9.4,-3.2,0.0,1.35,11.53,5.1,72
shaanxi_guanzhong,2012-01-01,6.7,-3.8,0.0,1.1,9.89,5.8,73
shaanxi_guanzhong,2012-01-02,5.2,-3.8,0.0,1.36,10.84,9.5,52
shaanxi_guanzhong,2012-01-03,2.8,-4.3,0.0,1.07,9.21,8.7,53
shaanxi_guanzhong,2012-01-04,0.8,-7.4,0.0,1.33,11.85,10.8,43
shaanxi_guanzhong,2012-01-05,2.4,-5.7,0.0,1.09,8.71,7.9,46
shaanxi_guanzhong,2012-01-06,4.4,-4.1,0.0,1.2,11.04,9.8,57
shaanxi_guanzhong,2012-01-07,2.8,-3.6,0.0,0.95,8.45,6.9,65
shaanxi_guanzhong,2012-01-08,4.9,-3.6,0.0,1.11,10.47,7.6,71
shaanxi_guanzhong,2012-01-09,4.7,-2.7,0.0,0.88,7.78,3.4,75
shaanxi_guanzhong,2012-01-10,4.6,-2.8,0.0,0.89,7.9,4.3,71
shaanxi_guanzhong,2012-01-11,4.1,-3.2,0.0,1.34,11.66,12.9,55
shaanxi_guanzhong,2012-01-12,5.1,-2.8,0.0,1.16,10.03,5.1,57
shaanxi_guanzhong,2012-01-13,5.3,-2.7,0.0,0.97,8.74,4.4,73
shaanxi_guanzhong,2012-01-14,5.2,-1.4,0.0,1.01,8.74,8.0,74
shaanxi_guanzhong,2012-01-15,5.8,-2.9,0.0,1.27,12.01,11.2,70
shaanxi_guanzhong,2012-01-16,5.4,-2.6,0.0,1.01,8.94,5.9,76
shaanxi_guanzhong,2012-01-17,6.0,-4.1,0.0,1.19,10.7,5.5,76
shaanxi_guanzhong,2012-01-18,3.4,-1.9,1.5,0.67,5.76,7.2,83
shaanxi_guanzhong,2012-01-19,2.8,-1.5,5.1,0.68,6.09,7.6,83
shaanxi_guanzhong,2012-01-20,1.6,-1.1,7.8,0.54,4.99,7.7,88
shaanxi_guanzhong,2012-01-21,-1.5,-3.8,9.2,0.48,5.04,9.3,87
shaanxi_guanzhong,2012-01-22,-3.5,-7.8,0.7,0.8,10.32,6.7,80
shaanxi_guanzhong,2012-01-23,-3.2,-9.9,0.0,0.72,8.29,5.5,65
shaanxi_guanzhong,2012-01-24,-2.2,-11.8,0.0,1.19,13.97,9.5,49
shaanxi_guanzhong,2012-01-25,0.9,-13.1,0.0,1.25,14.61,6.9,52
shaanxi_guanzhong,2012-01-26,3.0,-8.9,0.0,1.34,13.68,4.9,61
shaanxi_guanzhong,2012-01-27,2.0,-8.8,0.0,1.15,12.3,4.5,62
shaanxi_guanzhong,2012-01-28,4.7,-6.4,0.0,1.51,15.0,8.1,62
shaanxi_guanzhong,2012-01-29,3.4,-5.0,0.0,1.19,11.94,4.3,67
shaanxi_guanzhong,2012-01-30,5.8,-4.3,0.0,1.47,14.22,5.1,72
shaanxi_guanzhong,2012-01-31,12.0,-5.0,0.0,1.9,15.32,5.4,71
shaanxi_guanzhong,2012-02-01,3.1,-1.9,0.2,0.94,8.18,5.3,65
shaanxi_guanzhong,2012-02-02,2.0,-3.5,0.0,1.44,12.24,7.5,40
shaanxi_guanzhong,2012-02-03,7.2,-4.3,0.0,1.7,15.16,7.7,53
shaanxi_guanzhong,2012-02-04,6.7,-1.9,0.0,1.58,13.66,9.4,60
shaanxi_guanzhong,2012-02-05,7.9,-1.5,0.0,1.34,11.0,8.7,71
shaanxi_guanzhong,2012-02-06,6.0,-4.4,0.0,1.75,12.0,9.7,49
shaanxi_guanzhong,2012-02-07,-0.7,-7.5,0.0,1.57,14.13,12.3,28
shaanxi_guanzhong,2012-02-08,0.7,-5.4,0.0,1.49,12.51,12.1,33
shaanxi_guanzhong,2012-02-09,0.3,-4.9,0.0,1.18,9.99,7.2,36
shaanxi_guanzhong,2012-02-10,3.0,-4.8,0.0,1.57,13.81,9.6,45
shaanxi_guanzhong,2012-02-11,6.7,-3.7,0.0,1.66,14.24,12.1,49
shaanxi_guanzhong,2012-02-12,5.4,-2.0,0.0,1.18,9.46,9.7,66
shaanxi_guanzhong,2012-02-13,5.5,-2.9,0.0,1.2,10.44,6.8,72
shaanxi_guanzhong,2012-02-14,7.7,-3.8,0.4,1.51,12.46,6.2,74
shaanxi_guanzhong,2012-02-15,3.1,-0.7,4.5,0.52,3.76,6.0,86
shaanxi_guanzhong,2012-02-16,2.8,-2.1,1.5,0.82,6.71,6.1,75
shaanxi_guanzhong,2012-02-17,0.0,-3.4,0.0,0.92,7.24,7.4,53
shaanxi_guanzhong,2012-02-18,3.5,-3.9,0.0,1.43,12.38,10.6,46
shaanxi_guanzhong,2012-02-19,7.2,-4.6,0.0,1.84,16.48,9.5,54
shaanxi_guanzhong,2012-02-20,8.9,-2.6,0.0,1.71,14.16,6.6,65
shaanxi_guanzhong,2012-02-21,10.2,-2.5,0.0,1.68,13.04,11.6,73
shaanxi_guanzhong,2012-02-22,13.2,-0.7,0.0,2.23,16.11,6.5,68
shaanxi_guanzhong,2012-02-23,8.3,0.8,1.3,1.13,7.65,16.6,73
shaanxi_guanzhong,2012-02-24,9.4,-0.4,0.5,1.83,12.64,11.0,61
shaanxi_guanzhong,2012-02-25,4.7,-2.5,0.9,1.22,9.68,10.4,61
shaanxi_guanzhong,2012-02-26,4.1,-2.3,0.5,1.04,8.79,6.0,75
shaanxi_guanzhong,2012-02-27,7.7,-1.9,0.0,1.73,14.73,10.4,65
shaanxi_guanzhong,2012-02-28,8.2,-1.8,0.0,1.75,14.65,11.0,65
shaanxi_guanzhong,2012-02-29,8.3,1.1,0.0,1.44,11.22,6.6,71
shaanxi_guanzhong,2012-03-01,5.8,0.5,3.4,0.83,6.26,6.2,83
shaanxi_guanzhong,2012-03-02,7.1,-0.6,0.8,1.02,6.6,14.2,79
shaanxi_guanzhong,2012-03-03,7.4,-0.4,0.0,1.37,9.2,12.7,71
shaanxi_guanzhong,2012-03-04,7.4,-1.6,0.0,1.61,13.84,14.1,72
shaanxi_guanzhong,2012-03-05,7.2,-1.7,0.7,1.09,7.85,8.0,73
shaanxi_guanzhong,2012-03-06,7.0,-3.2,0.0,1.64,13.25,9.1,63
shaanxi_guanzhong,2012-03-07,7.5,-1.2,0.6,1.48,11.08,6.1,64
shaanxi_guanzhong,2012-03-08,4.8,0.4,5.2,0.78,6.39,7.4,88
shaanxi_guanzhong,2012-03-09,8.6,0.8,2.2,1.48,11.3,7.6,75
shaanxi_guanzhong,2012-03-10,12.5,-2.8,0.0,2.71,20.07,8.1,64
shaanxi_guanzhong,2012-03-11,10.6,2.1,0.0,2.21,15.7,12.1,58
shaanxi_guanzhong,2012-03-12,11.0,2.2,0.3,1.85,13.32,6.6,61
shaanxi_guanzhong,2012-03-13,15.1,-0.6,0.0,2.92,20.58,8.8,68
shaanxi_guanzhong,2012-03-14,15.0,2.9,0.0,2.17,12.47,14.6,61
shaanxi_guanzhong,2012-03-15,10.6,6.2,0.0,1.37,8.05,12.0,75
shaanxi_guanzhong,2012-03-16,15.3,4.8,0.0,2.54,16.43,8.0,70
shaanxi_guanzhong,2012-03-17,18.5,4.8,0.0,3.3,21.34,7.6,65
shaanxi_guanzhong,2012-03-18,19.3,5.6,0.0,3.49,21.35,15.9,65
shaanxi_guanzhong,2012-03-19,10.5,3.9,0.0,1.86,13.51,11.6,74
shaanxi_guanzhong,2012-03-20,12.9,2.8,0.6,2.34,16.3,12.0,72
shaanxi_guanzhong,2012-03-21,8.2,4.9,5.2,1.0,6.17,12.3,84
shaanxi_guanzhong,2012-03-22,12.9,4.6,3.2,1.71,8.8,16.2,73
shaanxi_guanzhong,2012-03-23,12.2,-1.0,0.0,3.42,24.0,17.7,45
shaanxi_guanzhong,2012-03-24,16.5,-1.6,0.0,3.48,23.35,7.1,52
shaanxi_guanzhong,2012-03-25,18.0,2.2,0.0,3.23,20.56,5.7,62
shaanxi_guanzhong,2012-03-26,19.6,3.8,0.0,3.52,21.49,5.2,59
shaanxi_guanzhong,2012-03-27,19.8,5.0,0.0,3.55,21.43,8.8,65
shaanxi_guanzhong,2012-03-28,13.2,9.8,9.7,0.86,4.43,8.0,79
shaanxi_guanzhong,2012-03-29,18.8,6.0,0.0,3.42,20.97,7.6,72
shaanxi_guanzhong,2012-03-30,15.5,4.3,0.0,2.99,17.0,12.7,48
shaanxi_guanzhong,2012-03-31,19.9,1.4,0.0,4.12,24.77,11.4,44
shaanxi_guanzhong,2012-04-01,21.7,5.0,0.0,3.61,21.36,6.5,62
shaanxi_guanzhong,2012-04-02,17.4,6.1,0.6,3.4,17.02,23.9,51
shaanxi_guanzhong,2012-04-03,16.8,2.3,0.0,3.7,24.06,9.7,45
shaanxi_guanzhong,2012-04-04,21.9,5.6,0.0,4.12,22.82,8.2,48
shaanxi_guanzhong,2012-04-05,17.6,7.0,0.0,2.53,13.13,7.6,42
shaanxi_guanzhong,2012-04-06,18.5,6.9,0.2,3.26,18.94,6.4,50
shaanxi_guanzhong,2012-04-07,20.6,7.6,0.0,3.21,18.97,4.6,54
shaanxi_guanzhong,2012-04-08,22.0,7.7,0.0,3.8,21.69,7.9,63
shaanxi_guanzhong,2012-04-09,18.3,10.8,2.2,1.84,10.47,6.4,77
shaanxi_guanzhong,2012-04-10,22.7,7.0,0.0,4.18,24.13,6.0,64
shaanxi_guanzhong,2012-04-11,23.5,10.3,1.4,4.37,22.13,26.8,54
shaanxi_guanzhong,2012-04-12,16.0,5.8,3.3,3.18,18.82,15.7,59
shaanxi_guanzhong,2012-04-13,18.3,2.7,0.0,4.14,25.83,6.9,45
shaanxi_guanzhong,2012-04-14,19.8,6.4,0.2,3.24,18.84,7.0,53
shaanxi_guanzhong,2012-04-15,23.4,9.2,0.0,3.84,20.46,7.3,52
shaanxi_guanzhong,2012-04-16,22.8,9.6,0.0,3.79,19.95,7.9,48
shaanxi_guanzhong,2012-04-17,16.7,12.5,0.0,1.9,10.02,5.6,63
shaanxi_guanzhong,2012-04-18,22.7,9.3,0.0,4.16,23.59,7.4,63
shaanxi_guanzhong,2012-04-19,24.2,9.0,0.0,3.93,19.72,9.3,60
shaanxi_guanzhong,2012-04-20,22.1,11.3,0.0,4.05,22.42,8.7,54
shaanxi_guanzhong,2012-04-21,26.7,8.2,0.1,4.73,24.36,8.7,52
shaanxi_guanzhong,2012-04-22,26.9,11.3,0.0,4.89,25.28,7.6,56
shaanxi_guanzhong,2012-04-23,26.3,14.6,20.3,3.62,18.31,13.2,70
shaanxi_guanzhong,2012-04-24,19.7,11.9,4.8,3.48,17.49,23.8,61
shaanxi_guanzhong,2012-04-25,21.0,6.5,0.0,4.78,27.67,10.8,44
shaanxi_guanzhong,2012-04-26,26.0,7.5,0.0,4.93,26.0,9.3,49
shaanxi_guanzhong,2012-04-27,26.3,11.2,0.0,4.72,25.01,8.3,58
shaanxi_guanzhong,2012-04-28,27.1,12.5,0.0,4.26,21.69,7.4,62
shaanxi_guanzhong,2012-04-29,26.2,13.4,0.0,5.04,25.48,14.8,63
shaanxi_guanzhong,2012-04-30,21.4,14.8,5.3,1.97,9.79,9.6,79
shaanxi_guanzhong,2012-05-01,19.0,15.6,1.1,1.46,7.2,5.5,85
shaanxi_guanzhong,2012-05-02,20.8,13.5,5.8,1.84,9.71,7.2,85
shaanxi_guanzhong,2012-05-03,20.2,14.7,7.7,1.68,8.65,5.8,87
shaanxi_guanzhong,2012-05-04,22.7,14.8,0.8,3.25,17.41,6.0,75
shaanxi_guanzhong,2012-05-05,26.0,11.8,0.0,4.7,25.19,5.0,73
shaanxi_guanzhong,2012-05-06,26.3,13.5,0.0,4.13,21.35,6.1,70
shaanxi_guanzhong,2012-05-07,25.0,15.9,0.1,3.13,15.89,5.0,75
shaanxi_guanzhong,2012-05-08,28.2,15.4,0.0,4.72,23.76,6.1,69
shaanxi_guanzhong,2012-05-09,26.5,17.6,0.6,3.87,19.3,9.0,70
shaanxi_guanzhong,2012-05-10,28.4,16.1,0.4,4.99,24.97,11.8,68
shaanxi_guanzhong,2012-05-11,21.0,16.1,21.8,1.66,7.69,13.1,83
shaanxi_guanzhong,2012-05-12,20.3,13.6,0.7,4.54,21.82,18.7,48
shaanxi_guanzhong,2012-05-13,19.4,7.6,1.8,2.47,12.96,12.4,69
shaanxi_guanzhong,2012-05-14,23.3,8.0,0.0,5.02,28.18,7.4,61
shaanxi_guanzhong,2012-05-15,24.8,10.4,0.0,5.15,27.96,5.8,49
shaanxi_guanzhong,2012-05-16,28.5,11.6,0.0,5.27,25.49,8.7,54
shaanxi_guanzhong,2012-05-17,25.5,11.7,0.0,4.17,20.94,7.6,52
shaanxi_guanzhong,2012-05-18,26.8,16.1,0.0,3.78,18.61,5.4,62
shaanxi_guanzhong,2012-05-19,29.3,14.3,0.0,5.67,28.21,9.1,61
shaanxi_guanzhong,2012-05-20,30.2,16.0,0.0,6.19,26.51,16.6,54
shaanxi_guanzhong,2012-05-21,20.9,16.1,15.7,1.21,3.24,9.5,75
shaanxi_guanzhong,2012-05-22,20.1,13.8,2.5,2.63,12.95,10.6,68
shaanxi_guanzhong,2012-05-23,18.8,15.4,0.0,1.95,8.97,7.6,58
shaanxi_guanzhong,2012-05-24,18.8,14.0,0.0,2.01,9.91,5.4,67
shaanxi_guanzhong,2012-05-25,22.7,10.7,0.0,3.71,19.96,5.4,70
shaanxi_guanzhong,2012-05-26,26.4,11.3,0.0,5.36,28.9,6.4,65
shaanxi_guanzhong,2012-05-27,27.4,15.2,0.0,5.02,25.74,6.2,64
shaanxi_guanzhong,2012-05-28,23.1,17.3,15.7,1.56,6.97,13.2,80
shaanxi_guanzhong,2012-05-29,25.2,13.4,16.2,5.18,27.13,19.1,65
shaanxi_guanzhong,2012-05-30,25.9,10.8,0.0,5.43,29.27,10.4,59
shaanxi_guanzhong,2012-05-31,23.0,15.7,0.6,2.16,9.91,9.0,72
shaanxi_guanzhong,2012-06-01,26.2,16.2,0.0,5.11,27.4,6.2,67
shaanxi_guanzhong,2012-06-02,26.7,14.6,0.0,4.91,25.86,8.6,67
shaanxi_guanzhong,2012-06-03,25.1,18.6,0.2,2.44,11.92,4.9,68
shaanxi_guanzhong,2012-06-04,26.0,14.2,0.0,3.88,20.12,5.2,74
shaanxi_guanzhong,2012-06-05,23.1,16.3,3.6,1.86,8.92,7.2,80
shaanxi_guanzhong,2012-06-06,26.3,16.6,0.5,3.88,19.0,11.3,71
shaanxi_guanzhong,2012-06-07,28.8,16.5,0.0,4.99,24.02,9.5,62
shaanxi_guanzhong,2012-06-08,29.2,15.5,0.0,4.46,21.06,7.8,59
shaanxi_guanzhong,2012-06-09,30.8,17.5,0.0,5.48,27.17,5.2,59
shaanxi_guanzhong,2012-06-10,32.3,18.0,0.0,5.8,27.9,5.8,56
shaanxi_guanzhong,2012-06-11,28.8,16.6,0.0,5.31,27.73,6.2,47
shaanxi_guanzhong,2012-06-12,32.1,16.3,0.0,6.22,29.89,8.8,50
shaanxi_guanzhong,2012-06-13,32.7,17.4,0.0,5.88,27.45,9.2,51
shaanxi_guanzhong,2012-06-14,29.1,18.2,0.0,5.71,26.83,9.4,43
shaanxi_guanzhong,2012-06-15,29.1,13.6,0.0,5.68,28.8,5.8,40
shaanxi_guanzhong,2012-06-16,29.9,14.4,0.0,5.18,26.16,4.7,44
shaanxi_guanzhong,2012-06-17,30.3,17.2,0.0,5.26,25.48,7.0,53
shaanxi_guanzhong,2012-06-18,30.1,18.5,0.0,5.12,25.09,7.0,57
shaanxi_guanzhong,2012-06-19,29.9,17.6,0.2,5.15,24.78,6.3,60
shaanxi_guanzhong,2012-06-20,30.9,19.6,0.0,5.55,27.4,6.5,55
shaanxi_guanzhong,2012-06-21,32.4,19.0,0.0,5.55,26.39,10.0,60
shaanxi_guanzhong,2012-06-22,33.4,19.8,0.0,5.61,26.44,7.6,58
shaanxi_guanzhong,2012-06-23,33.3,20.0,0.0,5.53,26.33,7.2,58
shaanxi_guanzhong,2012-06-24,31.9,19.5,0.0,4.47,21.08,5.0,63
shaanxi_guanzhong,2012-06-25,28.0,22.9,2.7,2.61,11.5,9.7,70
shaanxi_guanzhong,2012-06-26,27.4,20.7,0.9,2.4,10.14,10.8,78
shaanxi_guanzhong,2012-06-27,27.1,20.1,6.8,2.73,10.65,13.4,77
shaanxi_guanzhong,2012-06-28,27.3,20.3,0.9,3.08,13.47,12.1,73
shaanxi_guanzhong,2012-06-29,22.7,20.6,15.2,0.87,3.4,6.1,90
shaanxi_guanzhong,2012-06-30,27.6,20.5,0.0,4.0,20.29,3.0,72
shaanxi_guanzhong,2012-07-01,28.4,17.5,4.4,3.65,18.26,5.0,77
shaanxi_guanzhong,2012-07-02,23.8,21.7,61.9,1.18,5.37,5.7,90
shaanxi_guanzhong,2012-07-03,29.3,17.6,0.0,5.08,25.67,3.7,78
shaanxi_guanzhong,2012-07-04,25.3,21.1,6.8,2.23,11.14,6.3,80
shaanxi_guanzhong,2012-07-05,29.4,15.7,0.0,5.71,29.15,6.4,70
shaanxi_guanzhong,2012-07-06,29.8,19.6,0.5,4.82,23.88,10.7,72
shaanxi_guanzhong,2012-07-07,24.8,21.9,52.9,1.26,5.8,5.6,91
shaanxi_guanzhong,2012-07-08,25.9,21.8,17.3,1.64,7.45,11.7,92
shaanxi_guanzhong,2012-07-09,22.2,19.5,29.1,1.05,4.36,9.5,89
shaanxi_guanzhong,2012-07-10,31.0,18.6,0.0,5.23,25.73,5.4,73
shaanxi_guanzhong,2012-07-11,32.3,18.2,0.0,5.04,23.85,5.2,71
shaanxi_guanzhong,2012-07-12,32.0,19.0,0.0,5.28,25.31,5.8,63
shaanxi_guanzhong,2012-07-13,31.6,19.6,0.0,5.49,26.51,8.2,64
shaanxi_guanzhong,2012-07-14,28.4,21.7,0.1,5.01,25.41,8.0,70
shaanxi_guanzhong,2012-07-15,29.0,22.2,0.0,4.59,22.58,8.9,73
shaanxi_guanzhong,2012-07-16,28.4,20.9,0.2,4.02,19.38,9.5,77
shaanxi_guanzhong,2012-07-17,27.6,20.4,0.2,3.49,16.55,11.7,76
shaanxi_guanzhong,2012-07-18,28.3,22.2,0.4,4.42,22.34,7.9,75
shaanxi_guanzhong,2012-07-19,28.3,21.0,0.2,3.74,18.18,7.9,76
shaanxi_guanzhong,2012-07-20,28.9,22.5,9.5,3.48,16.98,7.0,81
shaanxi_guanzhong,2012-07-21,29.4,21.6,38.0,3.04,13.83,16.3,82
shaanxi_guanzhong,2012-07-22,29.0,18.2,1.7,5.32,26.5,9.0,71
shaanxi_guanzhong,2012-07-23,25.2,19.2,0.0,1.78,6.69,9.9,74
shaanxi_guanzhong,2012-07-24,26.9,19.0,2.3,3.54,17.95,7.9,80
shaanxi_guanzhong,2012-07-25,28.3,23.5,7.7,3.22,15.75,6.9,81
shaanxi_guanzhong,2012-07-26,30.9,24.2,8.5,4.29,20.63,7.6,78
shaanxi_guanzhong,2012-07-27,30.9,23.3,0.4,4.42,21.03,6.9,77
shaanxi_guanzhong,2012-07-28,32.3,23.2,0.0,5.0,23.97,4.4,75
shaanxi_guanzhong,2012-07-29,32.9,22.2,0.0,4.97,23.63,3.7,75
shaanxi_guanzhong,2012-07-30,32.1,23.8,3.2,4.18,18.7,13.6,75
shaanxi_guanzhong,2012-07-31,26.1,21.7,17.0,1.9,7.16,12.2,77
shaanxi_guanzhong,2012-08-01,25.4,21.4,0.0,2.51,9.87,9.4,69
shaanxi_guanzhong,2012-08-02,28.1,20.4,0.0,3.54,17.55,4.0,73
shaanxi_guanzhong,2012-08-03,29.4,22.4,1.1,3.79,18.33,7.0,75
shaanxi_guanzhong,2012-08-04,29.4,23.4,2.5,3.53,16.67,7.6,72
shaanxi_guanzhong,2012-08-05,28.1,21.6,4.6,3.01,14.19,10.9,80
shaanxi_guanzhong,2012-08-06,27.6,22.3,12.3,2.52,11.73,10.6,83
shaanxi_guanzhong,2012-08-07,30.5,22.3,6.1,4.33,20.96,5.4,74
shaanxi_guanzhong,2012-08-08,31.5,20.4,0.0,4.98,24.08,5.5,71
shaanxi_guanzhong,2012-08-09,31.1,20.8,0.0,4.52,20.44,10.8,70
shaanxi_guanzhong,2012-08-10,30.8,23.5,0.0,4.47,20.74,9.0,64
shaanxi_guanzhong,2012-08-11,31.1,23.1,0.0,4.51,21.4,8.4,67
shaanxi_guanzhong,2012-08-12,29.8,24.9,2.2,3.22,15.06,4.4,74
shaanxi_guanzhong,2012-08-13,26.2,22.0,1.4,2.3,9.99,13.9,82
shaanxi_guanzhong,2012-08-14,22.2,20.1,10.4,1.06,4.91,8.5,90
shaanxi_guanzhong,2012-08-15,28.8,17.5,0.0,4.96,25.39,9.6,80
shaanxi_guanzhong,2012-08-16,28.8,21.0,0.0,3.52,15.81,13.2,75
shaanxi_guanzhong,2012-08-17,28.6,22.3,2.7,2.75,12.5,8.5,79
shaanxi_guanzhong,2012-08-18,24.8,20.8,2.9,1.47,5.26,11.4,84
shaanxi_guanzhong,2012-08-19,21.4,18.6,15.0,1.43,7.18,5.8,90
shaanxi_guanzhong,2012-08-20,24.1,18.2,2.0,1.74,8.52,5.6,87
shaanxi_guanzhong,2012-08-21,27.7,15.6,0.2,4.31,22.24,8.0,75
shaanxi_guanzhong,2012-08-22,25.9,16.2,0.0,4.62,23.83,10.9,67
shaanxi_guanzhong,2012-08-23,26.0,16.8,0.0,4.36,22.01,10.7,64
shaanxi_guanzhong,2012-08-24,27.0,16.7,0.0,4.65,23.99,10.8,62
shaanxi_guanzhong,2012-08-25,27.0,19.2,0.0,4.03,20.26,7.9,68
shaanxi_guanzhong,2012-08-26,27.5,18.6,0.5,4.08,20.51,9.1,71
shaanxi_guanzhong,2012-08-27,27.4,21.1,0.0,3.9,19.87,6.5,71
shaanxi_guanzhong,2012-08-28,29.2,16.8,0.0,4.46,22.72,7.9,72
shaanxi_guanzhong,2012-08-29,30.0,15.8,0.0,4.71,23.82,5.2,69
shaanxi_guanzhong,2012-08-30,30.6,19.3,0.2,4.25,19.99,10.2,65
shaanxi_guanzhong,2012-08-31,23.2,20.2,48.9,0.58,1.69,9.4,91
shaanxi_guanzhong,2012-09-01,20.4,15.7,49.3,0.77,2.67,19.2,92
shaanxi_guanzhong,2012-09-02,24.0,11.9,0.0,4.24,23.83,7.9,70
shaanxi_guanzhong,2012-09-03,25.5,12.2,0.0,4.18,22.85,6.1,71
shaanxi_guanzhong,2012-09-04,25.4,15.5,0.0,4.18,22.83,10.3,73
shaanxi_guanzhong,2012-09-05,26.8,16.7,0.0,4.12,21.66,8.8,74
shaanxi_guanzhong,2012-09-06,25.8,19.0,0.0,3.19,16.5,7.0,76
shaanxi_guanzhong,2012-09-07,23.9,16.7,36.2,2.06,10.47,11.1,84
shaanxi_guanzhong,2012-09-08,22.5,19.1,23.4,1.66,8.14,8.1,86
shaanxi_guanzhong,2012-09-09,24.5,15.8,0.0,3.09,16.01,12.8,78
shaanxi_guanzhong,2012-09-10,20.8,18.6,21.4,1.39,6.59,9.4,85
shaanxi_guanzhong,2012-09-11,24.3,17.1,8.6,2.93,15.03,10.4,78
shaanxi_guanzhong,2012-09-12,21.0,12.6,0.0,2.83,12.65,11.6,60
shaanxi_guanzhong,2012-09-13,20.7,8.1,0.0,3.96,23.74,9.7,63
shaanxi_guanzhong,2012-09-14,21.8,7.8,0.0,3.97,22.94,9.2,64
shaanxi_guanzhong,2012-09-15,22.4,11.8,1.6,3.16,17.09,13.2,66
shaanxi_guanzhong,2012-09-16,19.6,14.3,0.8,1.75,8.82,9.6,80
shaanxi_guanzhong,2012-09-17,21.3,12.9,0.0,2.96,17.08,6.7,81
shaanxi_guanzhong,2012-09-18,24.7,12.2,0.0,3.71,20.62,4.9,73
shaanxi_guanzhong,2012-09-19,24.9,10.7,0.0,4.04,22.39,6.8,68
shaanxi_guanzhong,2012-09-20,21.9,14.6,8.2,1.51,7.44,8.6,77
shaanxi_guanzhong,2012-09-21,23.7,16.8,1.6,3.08,17.04,7.4,80
shaanxi_guanzhong,2012-09-22,23.3,11.9,0.0,2.66,14.64,6.2,81
shaanxi_guanzhong,2012-09-23,23.2,14.7,0.0,2.16,11.71,7.1,80
shaanxi_guanzhong,2012-09-24,23.4,15.7,0.0,2.23,11.29,11.1,77
shaanxi_guanzhong,2012-09-25,18.6,16.1,16.6,0.63,1.75,12.3,85
shaanxi_guanzhong,2012-09-26,20.3,14.6,0.0,2.14,11.66,7.4,76
shaanxi_guanzhong,2012-09-27,23.4,12.2,0.0,3.01,16.37,8.2,74
shaanxi_guanzhong,2012-09-28,18.5,9.4,0.1,3.31,20.7,6.4,57
shaanxi_guanzhong,2012-09-29,20.0,8.6,0.0,3.06,18.34,7.6,63
shaanxi_guanzhong,2012-09-30,21.9,11.4,0.0,3.42,19.9,9.6,62
shaanxi_guanzhong,2012-10-01,22.8,11.4,0.0,3.31,19.09,6.6,66
shaanxi_guanzhong,2012-10-02,19.9,12.9,25.8,1.34,6.72,5.7,84
shaanxi_guanzhong,2012-10-03,21.6,12.9,1.2,2.73,15.79,5.8,83
shaanxi_guanzhong,2012-10-04,18.2,12.6,2.2,1.54,7.15,15.5,77
shaanxi_guanzhong,2012-10-05,20.1,14.0,0.0,2.24,12.81,4.3,72
shaanxi_guanzhong,2012-10-06,20.0,10.7,0.0,2.22,11.01,12.4,69
shaanxi_guanzhong,2012-10-07,17.9,14.0,0.0,1.33,6.17,8.2,76
shaanxi_guanzhong,2012-10-08,17.5,13.6,4.4,1.05,5.17,6.5,85
shaanxi_guanzhong,2012-10-09,20.9,11.4,0.5,3.19,18.61,11.5,65
shaanxi_guanzhong,2012-10-10,20.7,9.6,0.0,2.91,17.14,6.8,63
shaanxi_guanzhong,2012-10-11,19.5,11.7,0.9,1.49,7.77,4.5,73
shaanxi_guanzhong,2012-10-12,19.6,12.1,0.1,1.28,6.63,4.7,78
shaanxi_guanzhong,2012-10-13,21.8,10.2,0.0,2.71,15.54,6.5,72
shaanxi_guanzhong,2012-10-14,21.3,11.3,0.0,2.68,14.87,13.2,68
shaanxi_guanzhong,2012-10-15,17.2,12.7,0.0,1.3,5.73,8.7,73
shaanxi_guanzhong,2012-10-16,16.8,6.1,5.2,2.7,15.53,26.4,59
shaanxi_guanzhong,2012-10-17,18.0,3.2,0.0,2.92,17.85,10.0,52
shaanxi_guanzhong,2012-10-18,16.4,7.4,0.0,1.55,8.41,6.9,63
shaanxi_guanzhong,2012-10-19,18.6,10.9,0.4,2.41,15.1,7.0,71
shaanxi_guanzhong,2012-10-20,20.6,7.7,0.0,2.58,15.58,8.0,77
shaanxi_guanzhong,2012-10-21,15.7,7.9,0.7,1.58,4.96,18.7,67
shaanxi_guanzhong,2012-10-22,17.4,2.9,0.0,2.67,17.6,6.6,53
shaanxi_guanzhong,2012-10-23,12.6,6.1,1.8,1.07,6.02,4.6,63
shaanxi_guanzhong,2012-10-24,19.3,6.4,0.0,2.47,15.67,5.2,60
shaanxi_guanzhong,2012-10-25,18.2,5.4,0.0,2.41,15.05,8.2,68
shaanxi_guanzhong,2012-10-26,20.5,9.2,0.1,2.42,14.39,9.2,64
shaanxi_guanzhong,2012-10-27,19.8,6.7,0.0,2.58,15.6,8.9,66
shaanxi_guanzhong,2012-10-28,16.5,8.3,0.0,1.09,5.3,6.3,69
shaanxi_guanzhong,2012-10-29,16.9,8.2,4.5,1.1,5.9,7.8,81
shaanxi_guanzhong,2012-10-30,15.7,5.6,0.0,2.08,14.19,7.3,68
shaanxi_guanzhong,2012-10-31,16.7,2.7,0.0,2.39,15.92,6.2,54
shaanxi_guanzhong,2012-11-01,16.9,4.1,0.0,2.03,12.65,6.9,59
shaanxi_guanzhong,2012-11-02,18.0,5.4,6.0,2.36,14.68,23.5,71
shaanxi_guanzhong,2012-11-03,10.6,1.7,1.2,2.91,15.79,21.4,32
shaanxi_guanzhong,2012-11-04,10.9,-2.0,0.0,1.9,15.38,5.8,45
shaanxi_guanzhong,2012-11-05,11.3,-0.9,0.0,2.0,14.98,8.4,52
shaanxi_guanzhong,2012-11-06,13.4,2.4,0.0,1.9,13.57,6.9,52
shaanxi_guanzhong,2012-11-07,7.9,5.3,8.1,0.62,3.56,13.4,81
shaanxi_guanzhong,2012-11-08,13.5,1.6,0.0,1.87,13.47,13.2,69
shaanxi_guanzhong,2012-11-09,10.7,5.9,2.2,0.72,3.95,10.5,83
shaanxi_guanzhong,2012-11-10,7.8,-1.7,4.2,1.26,7.28,18.5,64
shaanxi_guanzhong,2012-11-11,11.2,-3.4,0.0,1.84,14.3,7.3,50
shaanxi_guanzhong,2012-11-12,13.4,1.9,0.0,1.52,10.62,4.9,57
shaanxi_guanzhong,2012-11-13,14.2,0.7,0.0,1.96,13.47,10.6,62
shaanxi_guanzhong,2012-11-14,12.0,3.2,0.0,1.53,10.11,8.1,55
shaanxi_guanzhong,2012-11-15,7.4,4.3,4.2,0.59,3.18,14.9,78
shaanxi_guanzhong,2012-11-16,12.7,1.6,0.0,1.73,12.95,6.4,61
shaanxi_guanzhong,2012-11-17,16.2,1.8,0.0,1.94,13.23,8.3,62
shaanxi_guanzhong,2012-11-18,14.1,1.8,0.0,2.01,12.73,13.7,61
shaanxi_guanzhong,2012-11-19,12.1,2.5,0.0,1.74,11.45,11.1,54
shaanxi_guanzhong,2012-11-20,10.6,4.6,0.0,1.0,5.75,7.6,67
shaanxi_guanzhong,2012-11-21,11.7,5.8,0.0,1.27,9.09,9.5,74
shaanxi_guanzhong,2012-11-22,7.2,3.0,2.4,0.97,3.68,15.0,67
shaanxi_guanzhong,2012-11-23,8.0,0.7,0.0,1.5,12.08,7.9,55
shaanxi_guanzhong,2012-11-24,7.6,-0.5,0.4,1.02,6.86,9.0,63
shaanxi_guanzhong,2012-11-25,6.8,-1.4,6.0,1.22,5.9,18.2,61
shaanxi_guanzhong,2012-11-26,8.9,-4.7,0.0,1.52,12.7,5.2,49
shaanxi_guanzhong,2012-11-27,11.3,-2.5,0.0,1.51,10.35,8.7,58
shaanxi_guanzhong,2012-11-28,6.4,-3.1,0.0,1.41,11.31,9.2,45
shaanxi_guanzhong,2012-11-29,5.6,-3.4,0.0,0.99,7.96,4.1,48
shaanxi_guanzhong,2012-11-30,7.3,-3.6,0.1,1.26,9.25,12.1,62
shaanxi_guanzhong,2012-12-01,7.4,0.4,1.8,0.84,6.86,7.2,80
shaanxi_guanzhong,2012-12-02,11.9,-1.3,0.0,1.64,10.09,15.5,63
shaanxi_guanzhong,2012-12-03,8.0,-4.5,0.0,1.47,12.09,9.5,44
shaanxi_guanzhong,2012-12-04,11.8,-2.5,0.0,1.48,10.11,11.5,56
shaanxi_guanzhong,2012-12-05,8.4,-3.5,0.0,1.48,11.86,9.5,47
shaanxi_guanzhong,2012-12-06,10.8,-3.3,0.0,1.4,10.66,5.9,58
shaanxi_guanzhong,2012-12-07,10.0,-3.4,0.0,1.41,11.71,5.6,55
shaanxi_guanzhong,2012-12-08,5.6,-3.1,0.0,1.44,11.54,11.3,47
shaanxi_guanzhong,2012-12-09,5.0,-3.0,0.0,1.31,10.39,7.5,39
shaanxi_guanzhong,2012-12-10,10.4,-2.6,0.0,1.31,10.62,7.3,57
shaanxi_guanzhong,2012-12-11,6.7,-2.1,0.0,0.97,7.19,10.6,61
shaanxi_guanzhong,2012-12-12,5.8,-2.2,0.0,1.24,9.61,13.0,66
shaanxi_guanzhong,2012-12-13,4.3,-1.5,0.0,0.83,6.47,10.3,74
shaanxi_guanzhong,2012-12-14,5.9,-1.4,0.0,0.79,6.77,7.4,79
shaanxi_guanzhong,2012-12-15,7.2,-2.9,0.0,1.14,10.98,11.9,77
shaanxi_guanzhong,2012-12-16,7.7,-2.1,0.0,1.21,11.04,8.9,76
shaanxi_guanzhong,2012-12-17,4.6,-0.6,0.0,0.65,4.83,6.3,75
shaanxi_guanzhong,2012-12-18,6.0,-3.2,0.0,1.24,11.03,12.9,58
shaanxi_guanzhong,2012-12-19,3.5,-1.2,0.6,0.65,4.44,10.6,72
shaanxi_guanzhong,2012-12-20,0.7,-2.0,4.1,0.39,2.81,7.7,83
shaanxi_guanzhong,2012-12-21,3.6,-3.6,0.0,1.14,9.42,9.7,55
shaanxi_guanzhong,2012-12-22,1.4,-6.0,0.0,1.17,9.01,12.0,43
shaanxi_guanzhong,2012-12-23,1.7,-8.7,0.0,1.44,11.87,12.0,31
shaanxi_guanzhong,2012-12-24,4.2,-5.3,0.0,1.25,11.31,7.7,44
shaanxi_guanzhong,2012-12-25,2.1,-6.3,0.0,1.15,10.95,6.8,46
shaanxi_guanzhong,2012-12-26,1.8,-5.4,0.0,1.1,8.45,8.5,42
shaanxi_guanzhong,2012-12-27,3.6,-6.3,0.0,1.21,11.4,10.1,59
shaanxi_guanzhong,2012-12-28,2.2,-5.4,0.0,1.02,5.01,13.5,53
shaanxi_guanzhong,2012-12-29,-1.1,-6.3,0.0,1.56,6.93,17.1,19
shaanxi_guanzhong,2012-12-30,5.2,-8.7,0.0,1.4,12.3,10.2,25
shaanxi_guanzhong,2012-12-31,7.5,-7.1,0.0,1.43,12.13,6.5,34
shaanxi_guanzhong,2013-01-01,5.8,-5.1,0.0,1.47,11.96,12.1,41
shaanxi_guanzhong,2013-01-02,-1.4,-5.9,0.0,0.98,6.45,9.6,32
shaanxi_guanzhong,2013-01-03,-2.4,-8.1,0.0,1.16,8.76,12.2,24
shaanxi_guanzhong,2013-01-04,0.2,-7.6,0.0,1.34,10.5,9.6,25
shaanxi_guanzhong,2013-01-05,0.9,-7.6,0.0,0.82,7.53,3.9,39
shaanxi_guanzhong,2013-01-06,1.9,-7.1,0.0,0.75,6.4,4.7,50
shaanxi_guanzhong,2013-01-07,6.1,-4.9,0.0,1.3,11.58,5.8,54
shaanxi_guanzhong,2013-01-08,4.5,-4.5,0.0,0.98,7.14,6.9,43
shaanxi_guanzhong,2013-01-09,4.3,-5.4,0.0,1.35,12.18,9.0,39
shaanxi_guanzhong,2013-01-10,6.4,-6.8,0.0,1.31,12.02,6.4,54
shaanxi_guanzhong,2013-01-11,7.9,-5.1,0.0,1.47,12.85,4.3,51
shaanxi_guanzhong,2013-01-12,8.5,-4.9,0.0,1.48,12.59,6.4,55
shaanxi_guanzhong,2013-01-13,9.6,-5.1,0.0,1.55,12.9,6.4,62
shaanxi_guanzhong,2013-01-14,8.3,-3.7,0.0,1.45,11.08,9.4,56
shaanxi_guanzhong,2013-01-15,8.0,-4.4,0.0,1.52,12.7,8.7,50
shaanxi_guanzhong,2013-01-16,9.6,-4.9,0.0,1.52,12.46,6.8,52
shaanxi_guanzhong,2013-01-17,6.5,-4.8,0.0,1.62,13.22,12.6,44
shaanxi_guanzhong,2013-01-18,7.4,-2.6,0.0,1.41,12.0,10.2,57
shaanxi_guanzhong,2013-01-19,5.6,-1.9,0.1,0.87,6.93,10.2,73
shaanxi_guanzhong,2013-01-20,3.3,-2.1,2.1,0.73,4.46,8.4,72
shaanxi_guanzhong,2013-01-21,6.5,-3.2,0.0,1.46,12.21,8.3,54
shaanxi_guanzhong,2013-01-22,7.7,-3.4,0.0,1.55,13.63,6.8,58
shaanxi_guanzhong,2013-01-23,11.1,-4.1,0.0,1.76,13.77,10.0,66
shaanxi_guanzhong,2013-01-24,7.6,-3.0,0.0,1.81,14.41,8.8,42
shaanxi_guanzhong,2013-01-25,11.7,-4.7,0.0,1.74,13.17,6.2,53
shaanxi_guanzhong,2013-01-26,11.4,-2.9,0.0,1.85,14.21,4.0,42
shaanxi_guanzhong,2013-01-27,11.2,-3.6,0.0,1.87,14.45,7.8,49
shaanxi_guanzhong,2013-01-28,12.0,-2.4,0.0,1.58,11.87,5.0,62
shaanxi_guanzhong,2013-01-29,13.1,-1.7,0.0,1.95,13.9,10.0,65
shaanxi_guanzhong,2013-01-30,12.9,1.1,0.0,1.85,13.63,10.0,66
shaanxi_guanzhong,2013-01-31,12.9,1.2,0.0,1.5,10.51,9.0,72
shaanxi_guanzhong,2013-02-01,11.6,-1.6,0.0,1.78,13.61,7.9,68
shaanxi_guanzhong,2013-02-02,8.4,-3.0,0.0,1.07,6.57,10.8,72
shaanxi_guanzhong,2013-02-03,8.3,0.6,4.7,0.74,5.5,9.4,88
shaanxi_guanzhong,2013-02-04,11.0,-0.5,0.0,1.77,13.08,13.0,73
shaanxi_guanzhong,2013-02-05,12.7,0.2,0.0,1.94,14.47,10.6,69
shaanxi_guanzhong,2013-02-06,11.2,0.2,0.0,1.72,12.71,6.9,59
shaanxi_guanzhong,2013-02-07,5.2,-1.5,4.2,0.73,4.23,9.0,67
shaanxi_guanzhong,2013-02-08,3.8,-2.2,4.0,0.93,8.42,6.5,78
shaanxi_guanzhong,2013-02-09,10.1,-3.8,0.0,1.99,16.02,6.9,63
shaanxi_guanzhong,2013-02-10,10.4,-2.6,0.0,1.94,15.94,6.9,63
shaanxi_guanzhong,2013-02-11,3.5,-0.6,3.0,0.69,5.4,7.9,81
shaanxi_guanzhong,2013-02-12,6.3,-4.9,0.0,1.87,16.7,8.6,54
shaanxi_guanzhong,2013-02-13,7.8,-3.8,0.0,1.61,12.97,6.4,52
shaanxi_guanzhong,2013-02-14,7.8,-3.1,0.0,1.23,8.32,7.2,60
shaanxi_guanzhong,2013-02-15,11.6,-2.7,0.0,2.21,16.94,10.0,53
shaanxi_guanzhong,2013-02-16,9.9,0.2,0.0,1.64,13.0,10.1,66
shaanxi_guanzhong,2013-02-17,7.2,-0.9,1.6,1.0,7.03,7.4,76
shaanxi_guanzhong,2013-02-18,2.3,-0.9,12.3,0.42,3.04,7.2,91
shaanxi_guanzhong,2013-02-19,5.1,-2.1,0.0,1.36,13.86,8.9,78
shaanxi_guanzhong,2013-02-20,8.2,-3.5,0.0,1.78,14.86,4.8,67
shaanxi_guanzhong,2013-02-21,9.7,-1.5,0.0,1.53,11.7,4.9,67
shaanxi_guanzhong,2013-02-22,13.7,-3.1,0.0,2.52,18.12,8.2,59
shaanxi_guanzhong,2013-02-23,13.5,0.4,0.0,2.3,16.83,10.0,62
shaanxi_guanzhong,2013-02-24,15.1,1.3,0.0,2.54,17.98,10.6,68
shaanxi_guanzhong,2013-02-25,12.8,5.7,0.0,1.61,10.91,5.9,71
shaanxi_guanzhong,2013-02-26,14.7,0.9,0.0,2.41,16.8,8.2,75
shaanxi_guanzhong,2013-02-27,16.7,1.8,0.0,2.44,16.1,8.7,69
shaanxi_guanzhong,2013-02-28,11.9,2.7,0.3,1.44,5.98,14.8,60
shaanxi_guanzhong,2013-03-01,5.7,-1.6,0.0,1.83,11.84,11.5,34
shaanxi_guanzhong,2013-03-02,12.7,-0.6,0.0,2.7,19.54,9.9,43
shaanxi_guanzhong,2013-03-03,16.9,0.4,0.0,3.11,20.15,10.1,39
shaanxi_guanzhong,2013-03-04,17.8,1.9,0.0,3.07,19.05,6.6,46
shaanxi_guanzhong,2013-03-05,21.2,3.2,0.0,3.41,20.15,10.6,53
shaanxi_guanzhong,2013-03-06,20.8,5.1,0.0,3.52,18.33,13.4,47
shaanxi_guanzhong,2013-03-07,24.6,4.4,0.0,3.86,20.4,10.0,44
shaanxi_guanzhong,2013-03-08,27.3,7.0,0.0,4.03,20.59,11.8,54
shaanxi_guanzhong,2013-03-09,21.4,6.9,0.0,4.33,20.48,21.7,42
shaanxi_guanzhong,2013-03-10,15.3,4.8,0.0,3.64,16.15,18.4,25
shaanxi_guanzhong,2013-03-11,14.1,3.1,0.0,2.93,16.12,14.0,46
shaanxi_guanzhong,2013-03-12,18.5,5.4,0.0,2.87,15.5,12.7,49
shaanxi_guanzhong,2013-03-13,18.5,2.8,0.0,3.85,21.14,14.2,38
shaanxi_guanzhong,2013-03-14,15.4,4.9,0.0,2.81,15.67,13.0,56
shaanxi_guanzhong,2013-03-15,17.9,3.8,0.0,3.18,20.33,10.9,57
shaanxi_guanzhong,2013-03-16,15.9,9.8,0.2,1.74,9.28,7.2,56
shaanxi_guanzhong,2013-03-17,20.8,6.2,2.4,3.9,21.61,12.9,57
shaanxi_guanzhong,2013-03-18,23.7,5.3,0.0,3.95,21.05,7.9,34
shaanxi_guanzhong,2013-03-19,23.1,9.7,0.0,3.34,16.88,7.0,45
shaanxi_guanzhong,2013-03-20,19.9,6.4,0.0,4.0,22.38,11.7,34
shaanxi_guanzhong,2013-03-21,19.0,5.1,0.9,2.77,16.05,11.0,66
shaanxi_guanzhong,2013-03-22,20.5,6.5,0.0,2.93,16.48,5.9,57
shaanxi_guanzhong,2013-03-23,23.3,7.6,0.0,3.82,21.44,6.4,44
shaanxi_guanzhong,2013-03-24,17.9,7.0,0.0,4.09,21.33,11.8,29
shaanxi_guanzhong,2013-03-25,9.7,7.4,2.7,1.37,6.38,10.8,67
shaanxi_guanzhong,2013-03-26,19.3,2.9,0.6,3.86,23.81,10.5,58
shaanxi_guanzhong,2013-03-27,23.5,5.2,0.0,4.08,23.44,4.8,47
shaanxi_guanzhong,2013-03-28,23.6,7.6,0.0,4.18,22.76,6.5,40
shaanxi_guanzhong,2013-03-29,20.9,8.3,0.0,3.36,18.57,9.5,54
shaanxi_guanzhong,2013-03-30,23.3,8.9,0.0,4.37,23.1,10.7,52
shaanxi_guanzhong,2013-03-31,20.9,8.4,0.2,2.9,15.66,12.6,59
shaanxi_guanzhong,2013-04-01,21.2,8.7,0.0,4.26,23.79,9.4,47
shaanxi_guanzhong,2013-04-02,14.2,8.5,0.3,1.95,7.57,8.0,40
shaanxi_guanzhong,2013-04-03,21.5,8.1,0.0,3.74,21.89,9.2,59
shaanxi_guanzhong,2013-04-04,15.9,10.5,1.4,1.54,6.52,17.7,67
shaanxi_guanzhong,2013-04-05,11.3,4.8,0.0,2.57,9.98,16.0,41
shaanxi_guanzhong,2013-04-06,16.7,-0.3,0.0,4.05,25.83,10.5,33
shaanxi_guanzhong,2013-04-07,20.6,3.2,0.0,3.88,23.43,5.8,45
shaanxi_guanzhong,2013-04-08,15.2,7.2,0.0,3.71,21.46,15.1,38
shaanxi_guanzhong,2013-04-09,14.5,3.9,0.0,4.0,25.48,12.0,28
shaanxi_guanzhong,2013-04-10,16.4,2.6,0.0,3.94,25.6,6.8,31
shaanxi_guanzhong,2013-04-11,21.1,3.9,0.0,4.19,24.9,6.5,33
shaanxi_guanzhong,2013-04-12,23.9,6.0,0.0,4.27,22.56,7.8,41
shaanxi_guanzhong,2013-04-13,25.5,9.5,0.0,4.8,20.01,13.9,40
shaanxi_guanzhong,2013-04-14,29.2,9.0,0.0,5.56,25.67,12.0,35
shaanxi_guanzhong,2013-04-15,28.2,11.7,0.0,4.55,20.38,10.7,37
shaanxi_guanzhong,2013-04-16,29.5,12.5,0.0,5.69,26.43,10.4,30
shaanxi_guanzhong,2013-04-17,30.6,13.4,0.0,5.75,25.94,11.2,29
shaanxi_guanzhong,2013-04-18,22.3,12.5,0.0,4.53,19.97,25.0,52
shaanxi_guanzhong,2013-04-19,11.3,5.6,5.9,1.24,4.76,17.4,74
shaanxi_guanzhong,2013-04-20,15.8,4.5,0.0,3.32,20.82,13.1,65
shaanxi_guanzhong,2013-04-21,19.6,4.4,0.0,4.21,24.68,14.2,56
shaanxi_guanzhong,2013-04-22,13.5,10.0,1.8,1.34,6.63,9.2,74
shaanxi_guanzhong,2013-04-23,22.2,9.0,0.0,3.21,16.79,9.1,63
shaanxi_guanzhong,2013-04-24,24.6,9.3,0.0,4.64,25.22,7.3,43
shaanxi_guanzhong,2013-04-25,25.4,10.3,0.0,4.85,26.51,5.4,42
shaanxi_guanzhong,2013-04-26,29.6,11.0,0.0,5.49,26.59,10.5,45
shaanxi_guanzhong,2013-04-27,29.0,12.9,0.0,5.18,26.01,8.7,54
shaanxi_guanzhong,2013-04-28,29.6,15.8,0.0,4.23,21.47,4.3,52
shaanxi_guanzhong,2013-04-29,19.1,12.0,3.8,1.67,6.83,11.0,62
shaanxi_guanzhong,2013-04-30,23.8,11.9,0.0,4.68,26.46,8.2,58
shaanxi_guanzhong,2013-05-01,24.7,10.2,0.0,4.13,21.32,6.5,52
shaanxi_guanzhong,2013-05-02,26.5,13.1,0.0,4.51,24.08,7.2,56
shaanxi_guanzhong,2013-05-03,27.5,13.8,0.0,5.19,25.94,9.0,47
shaanxi_guanzhong,2013-05-04,24.3,15.0,0.0,2.95,13.74,8.2,56
shaanxi_guanzhong,2013-05-05,22.8,14.3,5.6,2.45,10.33,11.7,72
shaanxi_guanzhong,2013-05-06,17.3,15.0,16.3,0.93,4.43,8.9,93
shaanxi_guanzhong,2013-05-07,17.8,15.6,14.2,1.08,4.96,10.7,89
shaanxi_guanzhong,2013-05-08,17.5,14.5,9.3,1.13,5.09,14.1,89
shaanxi_guanzhong,2013-05-09,21.7,11.3,0.2,3.06,14.28,12.5,64
shaanxi_guanzhong,2013-05-10,24.3,8.1,0.0,5.12,28.53,5.4,50
shaanxi_guanzhong,2013-05-11,28.1,10.9,0.0,5.52,28.7,6.2,56
shaanxi_guanzhong,2013-05-12,30.5,12.7,0.0,5.48,27.69,6.7,57
shaanxi_guanzhong,2013-05-13,29.9,14.9,0.0,5.35,27.17,6.3,59
shaanxi_guanzhong,2013-05-14,28.3,16.6,0.0,3.97,18.68,8.9,65
shaanxi_guanzhong,2013-05-15,27.3,17.4,1.8,3.04,13.79,9.7,68
shaanxi_guanzhong,2013-05-16,20.8,17.3,1.0,2.09,8.72,9.7,72
shaanxi_guanzhong,2013-05-17,17.0,15.6,18.9,0.77,3.08,6.4,89
shaanxi_guanzhong,2013-05-18,23.8,14.5,0.0,4.38,24.16,5.1,74
shaanxi_guanzhong,2013-05-19,26.6,13.7,0.0,3.79,18.58,7.7,70
shaanxi_guanzhong,2013-05-20,28.2,12.8,0.0,5.28,27.22,6.8,57
shaanxi_guanzhong,2013-05-21,31.6,14.9,0.0,5.62,28.09,6.4,66
shaanxi_guanzhong,2013-05-22,30.3,17.9,0.3,4.33,19.22,14.5,67
shaanxi_guanzhong,2013-05-23,28.0,17.0,0.0,4.75,23.46,9.2,70
shaanxi_guanzhong,2013-05-24,22.6,18.2,8.7,2.24,11.26,7.9,76
shaanxi_guanzhong,2013-05-25,19.1,17.9,43.6,0.54,1.34,8.1,88
shaanxi_guanzhong,2013-05-26,23.8,17.8,5.5,3.42,17.91,8.1,81
shaanxi_guanzhong,2013-05-27,27.4,14.0,0.0,5.29,27.87,10.0,74
shaanxi_guanzhong,2013-05-28,22.8,13.7,14.0,1.16,4.35,19.8,79
shaanxi_guanzhong,2013-05-29,18.2,11.9,4.9,2.3,12.44,9.8,69
shaanxi_guanzhong,2013-05-30,20.1,10.3,0.0,2.36,12.76,2.5,63
shaanxi_guanzhong,2013-05-31,23.4,11.6,0.0,2.64,12.77,7.3,66
shaanxi_guanzhong,2013-06-01,29.1,12.6,0.0,5.4,28.06,6.1,58
shaanxi_guanzhong,2013-06-02,30.6,14.4,0.0,5.59,27.93,10.0,63
shaanxi_guanzhong,2013-06-03,29.4,17.0,0.0,5.33,26.83,5.5,70
shaanxi_guanzhong,2013-06-04,31.3,17.4,0.0,5.99,28.98,10.2,63
shaanxi_guanzhong,2013-06-05,28.9,19.2,0.0,3.73,17.31,9.8,69
shaanxi_guanzhong,2013-06-06,27.8,20.3,2.9,4.0,19.8,5.5,72
shaanxi_guanzhong,2013-06-07,29.1,17.2,0.0,5.6,28.52,6.2,66
shaanxi_guanzhong,2013-06-08,28.7,18.0,9.1,4.45,20.62,20.2,68
shaanxi_guanzhong,2013-06-09,18.2,13.2,17.0,1.15,4.46,14.4,85
shaanxi_guanzhong,2013-06-10,23.6,11.4,0.2,4.54,23.05,15.2,60
shaanxi_guanzhong,2013-06-11,24.4,10.0,0.0,5.48,30.19,9.3,59
shaanxi_guanzhong,2013-06-12,27.7,12.6,0.0,5.45,28.3,10.1,59
shaanxi_guanzhong,2013-06-13,29.4,16.5,0.0,5.3,26.92,10.1,61
shaanxi_guanzhong,2013-06-14,26.6,17.9,1.8,3.48,16.33,12.7,70
shaanxi_guanzhong,2013-06-15,30.8,19.9,0.0,5.06,24.43,11.9,65
shaanxi_guanzhong,2013-06-16,29.4,19.8,0.0,3.89,18.31,8.4,70
shaanxi_guanzhong,2013-06-17,31.9,19.3,0.0,5.45,26.53,6.4,71
shaanxi_guanzhong,2013-06-18,33.1,22.7,0.0,5.15,23.45,8.2,72
shaanxi_guanzhong,2013-06-19,30.5,24.5,3.6,3.69,14.52,15.0,72
shaanxi_guanzhong,2013-06-20,29.8,21.2,12.2,3.11,12.85,11.8,76
shaanxi_guanzhong,2013-06-21,24.9,19.7,3.1,2.33,10.39,10.4,77
shaanxi_guanzhong,2013-06-22,27.7,20.2,0.8,3.68,17.69,6.1,68
shaanxi_guanzhong,2013-06-23,29.1,21.5,0.0,4.51,22.2,5.1,63
shaanxi_guanzhong,2013-06-24,25.4,20.0,2.8,1.61,7.15,5.2,79
shaanxi_guanzhong,2013-06-25,31.3,16.0,0.0,5.79,28.96,5.9,65
shaanxi_guanzhong,2013-06-26,30.8,20.5,0.0,4.48,19.14,12.0,59
shaanxi_guanzhong,2013-06-27,33.5,18.6,0.0,6.11,28.44,7.3,54
shaanxi_guanzhong,2013-06-28,34.6,19.2,0.0,6.4,28.56,9.9,54
shaanxi_guanzhong,2013-06-29,33.6,21.2,0.0,5.84,27.06,10.2,59
shaanxi_guanzhong,2013-06-30,30.6,21.8,2.6,3.59,16.51,9.8,71
shaanxi_guanzhong,2013-07-01,32.5,23.7,4.4,4.55,21.31,5.5,72
shaanxi_guanzhong,2013-07-02,26.4,23.5,38.5,1.62,7.56,5.4,91
shaanxi_guanzhong,2013-07-03,30.2,23.4,1.9,3.83,18.21,6.0,83
shaanxi_guanzhong,2013-07-04,26.0,19.9,11.9,1.43,5.86,14.1,88
shaanxi_guanzhong,2013-07-05,32.5,18.6,0.0,5.87,28.4,6.8,68
shaanxi_guanzhong,2013-07-06,32.1,20.8,0.0,5.43,26.14,7.3,71
shaanxi_guanzhong,2013-07-07,32.0,23.1,0.0,5.39,25.76,6.9,73
shaanxi_guanzhong,2013-07-08,28.5,23.6,2.0,2.59,11.84,5.9,82
shaanxi_guanzhong,2013-07-09,26.8,23.2,6.0,3.02,13.76,11.6,80
shaanxi_guanzhong,2013-07-10,25.5,21.1,0.4,2.43,9.53,10.2,73
shaanxi_guanzhong,2013-07-11,28.3,21.6,6.4,3.67,17.35,7.1,73
shaanxi_guanzhong,2013-07-12,29.7,22.5,24.4,3.93,18.89,6.0,78
shaanxi_guanzhong,2013-07-13,29.0,23.0,13.2,3.46,16.53,7.4,80
shaanxi_guanzhong,2013-07-14,30.5,23.1,2.4,3.86,18.21,10.3,81
shaanxi_guanzhong,2013-07-15,27.8,21.1,8.4,2.27,10.55,12.9,83
shaanxi_guanzhong,2013-07-16,30.8,16.7,0.0,5.67,27.99,7.1,71
shaanxi_guanzhong,2013-07-17,25.7,22.1,42.6,1.48,6.22,7.2,80
shaanxi_guanzhong,2013-07-18,24.3,21.4,38.0,1.22,5.22,7.4,90
shaanxi_guanzhong,2013-07-19,28.2,19.1,0.0,3.81,18.83,4.1,77
shaanxi_guanzhong,2013-07-20,28.9,18.9,0.0,5.12,25.8,6.7,78
shaanxi_guanzhong,2013-07-21,27.2,22.1,11.8,2.75,13.03,9.4,81
shaanxi_guanzhong,2013-07-22,25.8,21.3,45.6,1.22,5.27,9.8,91
shaanxi_guanzhong,2013-07-23,28.3,19.9,1.3,4.32,22.0,8.5,85
shaanxi_guanzhong,2013-07-24,28.3,20.8,2.2,3.35,16.29,9.2,84
shaanxi_guanzhong,2013-07-25,29.3,23.4,2.7,3.48,16.82,6.9,86
shaanxi_guanzhong,2013-07-26,30.3,24.0,3.9,4.08,19.81,8.6,85
shaanxi_guanzhong,2013-07-27,29.5,22.8,4.0,3.6,16.66,8.7,79
shaanxi_guanzhong,2013-07-28,27.6,22.8,4.9,2.86,13.17,7.3,79
shaanxi_guanzhong,2013-07-29,27.3,21.9,1.3,2.88,13.3,8.0,72
shaanxi_guanzhong,2013-07-30,30.6,15.7,0.0,5.63,28.07,7.2,70
shaanxi_guanzhong,2013-07-31,30.9,18.9,1.2,5.28,25.98,6.3,75
shaanxi_guanzhong,2013-08-01,30.6,21.4,1.9,4.68,22.62,6.8,79
shaanxi_guanzhong,2013-08-02,30.1,21.0,6.5,4.69,22.67,9.5,77
shaanxi_guanzhong,2013-08-03,30.8,22.4,0.2,4.84,23.63,5.5,76
shaanxi_guanzhong,2013-08-04,32.6,22.9,0.0,5.16,24.52,7.4,73
shaanxi_guanzhong,2013-08-05,32.3,21.6,0.0,5.15,24.74,5.0,73
shaanxi_guanzhong,2013-08-06,32.5,23.1,3.5,5.0,23.63,7.6,75
shaanxi_guanzhong,2013-08-07,25.2,20.9,11.1,2.76,9.85,17.3,72
shaanxi_guanzhong,2013-08-08,23.3,19.2,13.0,1.44,6.81,6.8,85
shaanxi_guanzhong,2013-08-09,29.9,16.0,0.0,5.18,26.15,8.6,77
shaanxi_guanzhong,2013-08-10,30.9,20.5,0.1,4.65,22.65,6.8,76
shaanxi_guanzhong,2013-08-11,30.9,21.2,1.2,4.08,19.71,5.2,80
shaanxi_guanzhong,2013-08-12,29.4,23.0,10.2,3.71,17.92,6.8,78
shaanxi_guanzhong,2013-08-13,30.5,22.6,0.0,4.49,21.92,4.8,76
shaanxi_guanzhong,2013-08-14,31.4,23.0,0.0,4.56,22.0,7.6,74
shaanxi_guanzhong,2013-08-15,32.4,22.9,0.0,4.73,22.63,6.1,73
shaanxi_guanzhong,2013-08-16,33.1,22.3,0.0,4.82,22.25,6.8,72
shaanxi_guanzhong,2013-08-17,31.2,21.4,0.0,3.89,18.18,5.5,72
shaanxi_guanzhong,2013-08-18,31.8,20.0,0.0,4.94,23.14,7.7,67
shaanxi_guanzhong,2013-08-19,31.7,21.5,0.0,4.92,21.73,11.2,65
shaanxi_guanzhong,2013-08-20,30.6,20.8,0.0,5.0,23.79,8.4,60
shaanxi_guanzhong,2013-08-21,31.1,21.3,0.0,4.95,23.55,9.8,63
shaanxi_guanzhong,2013-08-22,31.7,21.8,0.0,4.73,22.1,7.6,64
shaanxi_guanzhong,2013-08-23,31.0,22.0,0.0,4.66,22.42,6.7,63
shaanxi_guanzhong,2013-08-24,29.8,20.2,0.0,3.66,17.38,4.9,67
shaanxi_guanzhong,2013-08-25,29.8,22.9,0.0,3.63,16.42,9.2,64
shaanxi_guanzhong,2013-08-26,29.5,21.1,0.0,3.71,17.01,10.5,68
shaanxi_guanzhong,2013-08-27,30.1,22.3,20.4,3.49,16.15,8.7,77
shaanxi_guanzhong,2013-08-28,23.9,21.0,4.4,1.84,5.53,13.1,74
shaanxi_guanzhong,2013-08-29,30.3,16.1,0.0,5.14,25.03,8.4,57
shaanxi_guanzhong,2013-08-30,26.8,16.9,0.0,4.7,23.71,7.0,50
shaanxi_guanzhong,2013-08-31,26.3,17.8,0.0,3.52,15.75,11.0,57
shaanxi_guanzhong,2013-09-01,26.3,19.0,7.9,3.14,14.92,9.6,68
shaanxi_guanzhong,2013-09-02,21.6,16.7,8.0,1.0,4.2,12.0,87
shaanxi_guanzhong,2013-09-03,24.8,14.1,0.0,3.27,17.11,6.8,76
shaanxi_guanzhong,2013-09-04,22.1,16.9,0.2,1.74,8.15,6.0,76
shaanxi_guanzhong,2013-09-05,23.5,15.0,0.0,3.19,16.82,4.7,70
shaanxi_guanzhong,2013-09-06,24.5,14.7,0.0,3.13,16.51,4.4,71
shaanxi_guanzhong,2013-09-07,22.6,15.7,2.9,1.81,8.51,5.8,74
shaanxi_guanzhong,2013-09-08,21.2,16.9,16.1,1.5,7.43,7.2,80
shaanxi_guanzhong,2013-09-09,24.2,15.4,0.0,3.28,17.82,6.1,74
shaanxi_guanzhong,2013-09-10,26.8,14.7,0.0,3.88,20.4,4.0,72
shaanxi_guanzhong,2013-09-11,25.4,18.0,0.0,2.91,14.75,6.9,70
shaanxi_guanzhong,2013-09-12,27.8,18.9,0.0,4.13,21.1,7.6,67
shaanxi_guanzhong,2013-09-13,29.9,15.2,0.0,4.51,23.14,4.6,65
shaanxi_guanzhong,2013-09-14,29.5,16.3,0.0,4.45,22.89,4.7,68
shaanxi_guanzhong,2013-09-15,28.9,17.4,0.0,3.87,19.42,7.3,67
shaanxi_guanzhong,2013-09-16,29.5,17.1,0.0,4.04,19.86,10.2,66
shaanxi_guanzhong,2013-09-17,28.3,19.0,1.1,3.11,14.12,9.8,68
shaanxi_guanzhong,2013-09-18,28.8,21.3,1.0,2.79,12.25,12.3,75
shaanxi_guanzhong,2013-09-19,21.8,18.5,5.9,1.26,4.92,13.7,82
shaanxi_guanzhong,2013-09-20,24.4,17.6,7.9,2.01,10.26,8.9,86
shaanxi_guanzhong,2013-09-21,22.9,18.3,7.7,1.84,9.2,6.2,84
shaanxi_guanzhong,2013-09-22,25.4,18.3,1.5,2.47,11.66,11.1,80
shaanxi_guanzhong,2013-09-23,20.0,14.5,10.9,1.0,3.16,18.8,84
shaanxi_guanzhong,2013-09-24,20.5,13.4,1.3,2.65,14.71,6.2,68
shaanxi_guanzhong,2013-09-25,17.8,12.7,0.0,1.96,11.22,4.1,60
shaanxi_guanzhong,2013-09-26,19.2,11.9,0.0,2.17,11.54,5.5,61
shaanxi_guanzhong,2013-09-27,22.7,11.5,0.0,3.32,18.92,5.9,64
shaanxi_guanzhong,2013-09-28,29.2,11.6,0.0,4.04,20.29,10.9,62
shaanxi_guanzhong,2013-09-29,27.5,12.7,0.0,3.92,20.49,8.7,62
shaanxi_guanzhong,2013-09-30,22.7,13.2,0.0,2.02,9.93,8.9,75
shaanxi_guanzhong,2013-10-01,25.9,15.1,0.0,3.35,17.63,5.1,62
shaanxi_guanzhong,2013-10-02,23.4,13.1,0.0,2.69,13.65,8.6,61
shaanxi_guanzhong,2013-10-03,24.9,11.8,0.0,3.37,18.76,6.6,66
shaanxi_guanzhong,2013-10-04,25.7,11.8,0.0,3.43,18.5,6.4,72
shaanxi_guanzhong,2013-10-05,24.9,14.0,0.0,3.03,16.41,6.8,72
shaanxi_guanzhong,2013-10-06,24.7,15.9,0.0,3.09,16.47,6.6,68
shaanxi_guanzhong,2013-10-07,25.4,12.9,0.0,3.36,18.06,8.0,70
shaanxi_guanzhong,2013-10-08,25.7,11.6,0.0,3.47,19.07,6.0,66
shaanxi_guanzhong,2013-10-09,27.1,12.8,0.0,3.51,18.87,5.0,66
shaanxi_guanzhong,2013-10-10,27.3,13.5,0.0,3.52,18.96,5.5,58
shaanxi_guanzhong,2013-10-11,26.7,11.9,0.0,3.44,18.34,5.5,59
shaanxi_guanzhong,2013-10-12,27.8,15.0,0.0,3.46,18.24,6.6,59
shaanxi_guanzhong,2013-10-13,26.2,14.0,0.0,3.27,17.82,7.1,61
shaanxi_guanzhong,2013-10-14,17.0,11.4,6.9,1.15,3.7,14.7,72
shaanxi_guanzhong,2013-10-15,15.1,9.0,1.1,1.56,8.72,8.8,72
shaanxi_guanzhong,2013-10-16,12.2,9.7,7.7,0.67,3.31,7.3,86
shaanxi_guanzhong,2013-10-17,17.7,8.7,0.0,2.22,13.71,6.7,74
shaanxi_guanzhong,2013-10-18,18.4,10.7,0.0,1.93,11.33,4.7,68
shaanxi_guanzhong,2013-10-19,18.4,7.5,0.0,2.33,13.85,5.8,72
shaanxi_guanzhong,2013-10-20,14.9,10.7,0.0,1.64,7.48,7.2,50
shaanxi_guanzhong,2013-10-21,18.8,5.8,0.0,2.58,15.96,6.2,61
shaanxi_guanzhong,2013-10-22,20.6,7.8,0.0,2.46,14.94,3.4,62
shaanxi_guanzhong,2013-10-23,21.8,8.3,0.0,2.71,16.05,5.3,69
shaanxi_guanzhong,2013-10-24,19.4,10.4,0.0,2.99,15.96,9.7,43
shaanxi_guanzhong,2013-10-25,17.6,10.4,0.0,2.6,15.18,9.0,47
shaanxi_guanzhong,2013-10-26,16.6,7.8,0.0,1.88,11.39,6.4,57
shaanxi_guanzhong,2013-10-27,18.7,7.9,0.0,2.04,12.32,5.9,66
shaanxi_guanzhong,2013-10-28,19.6,7.4,0.0,2.2,13.23,6.3,72
shaanxi_guanzhong,2013-10-29,16.0,9.0,3.3,1.28,6.26,6.2,68
shaanxi_guanzhong,2013-10-30,11.4,10.0,28.5,0.42,1.68,9.6,91
shaanxi_guanzhong,2013-10-31,12.0,9.6,10.5,0.6,3.07,7.2,91
shaanxi_guanzhong,2013-11-01,14.3,9.1,1.6,1.04,6.22,7.2,85
shaanxi_guanzhong,2013-11-02,14.7,6.3,0.0,1.35,8.96,4.8,82
shaanxi_guanzhong,2013-11-03,15.3,5.7,0.0,1.39,8.75,6.4,75
shaanxi_guanzhong,2013-11-04,14.6,9.2,2.1,1.24,6.46,8.0,70
shaanxi_guanzhong,2013-11-05,17.4,9.7,4.1,2.02,13.02,5.8,75
shaanxi_guanzhong,2013-11-06,17.7,4.2,0.0,2.04,12.91,7.6,70
shaanxi_guanzhong,2013-11-07,16.5,3.9,0.2,1.87,11.86,8.2,70
shaanxi_guanzhong,2013-11-08,14.4,9.1,0.7,1.19,6.97,9.2,79
shaanxi_guanzhong,2013-11-09,12.7,7.6,7.3,0.56,2.75,12.3,87
shaanxi_guanzhong,2013-11-10,9.8,6.2,0.1,0.84,4.64,7.5,73
shaanxi_guanzhong,2013-11-11,8.7,4.8,0.0,0.83,4.85,7.4,64
shaanxi_guanzhong,2013-11-12,11.4,5.0,0.0,1.32,9.01,6.9,63
shaanxi_guanzhong,2013-11-13,11.6,5.3,0.0,1.2,5.87,9.0,61
shaanxi_guanzhong,2013-11-14,12.9,0.3,0.0,1.89,13.73,5.4,53
shaanxi_guanzhong,2013-11-15,15.1,1.2,0.0,1.92,13.56,5.4,55
shaanxi_guanzhong,2013-11-16,14.3,2.0,0.0,1.88,13.48,4.0,50
shaanxi_guanzhong,2013-11-17,13.3,0.9,0.0,1.77,13.18,5.0,58
shaanxi_guanzhong,2013-11-18,13.5,-0.4,0.0,1.81,13.37,5.4,59
shaanxi_guanzhong,2013-11-19,14.7,0.4,0.0,1.82,13.06,4.7,63
shaanxi_guanzhong,2013-11-20,15.2,0.7,0.0,1.81,12.99,4.3,57
shaanxi_guanzhong,2013-11-21,12.8,0.2,0.1,1.68,11.01,10.3,54
shaanxi_guanzhong,2013-11-22,10.2,5.5,2.4,0.94,5.39,7.4,67
shaanxi_guanzhong,2013-11-23,6.8,2.6,12.2,0.47,2.33,15.5,87
shaanxi_guanzhong,2013-11-24,12.1,-1.9,0.1,1.8,12.82,11.9,53
shaanxi_guanzhong,2013-11-25,10.6,-2.8,0.0,1.56,12.65,4.3,52
shaanxi_guanzhong,2013-11-26,11.5,-2.0,0.0,1.41,10.03,6.8,61
shaanxi_guanzhong,2013-11-27,6.6,-3.8,0.0,1.39,11.84,6.8,46
shaanxi_guanzhong,2013-11-28,7.8,-4.8,0.0,1.51,12.59,10.8,49
shaanxi_guanzhong,2013-11-29,10.4,-5.2,0.0,1.5,12.34,5.1,57
shaanxi_guanzhong,2013-11-30,11.8,-1.5,0.0,1.5,11.69,4.1,53
shaanxi_guanzhong,2013-12-01,12.8,-2.1,0.0,1.62,12.11,6.8,57
shaanxi_guanzhong,2013-12-02,14.5,0.6,0.0,1.59,11.8,5.0,63
shaanxi_guanzhong,2013-12-03,11.8,-1.1,0.0,1.62,12.12,5.9,50
shaanxi_guanzhong,2013-12-04,11.0,-0.3,0.0,1.44,11.03,8.2,57
shaanxi_guanzhong,2013-12-05,10.6,-0.3,0.0,1.46,10.99,5.9,48
shaanxi_guanzhong,2013-12-06,11.4,-2.1,0.0,1.5,11.59,5.7,58
shaanxi_guanzhong,2013-12-07,13.2,-1.3,0.0,1.58,11.63,7.8,66
shaanxi_guanzhong,2013-12-08,8.4,1.6,0.0,1.41,4.51,14.9,51
shaanxi_guanzhong,2013-12-09,6.4,-3.1,0.0,1.57,12.06,10.2,42
shaanxi_guanzhong,2013-12-10,7.9,-4.5,0.0,1.32,7.97,12.9,44
shaanxi_guanzhong,2013-12-11,5.7,-5.5,0.0,1.28,11.49,7.3,43
shaanxi_guanzhong,2013-12-12,8.9,-3.1,0.0,1.28,10.59,5.5,51
shaanxi_guanzhong,2013-12-13,8.6,-4.3,0.0,1.36,11.15,7.4,54
shaanxi_guanzhong,2013-12-14,8.4,-3.1,0.0,1.23,8.74,7.9,53
shaanxi_guanzhong,2013-12-15,8.8,-1.9,0.0,1.13,8.41,6.4,52
shaanxi_guanzhong,2013-12-16,10.0,-4.1,0.0,1.45,11.68,6.7,58
shaanxi_guanzhong,2013-12-17,8.0,-3.0,0.0,1.39,11.34,9.0,61
shaanxi_guanzhong,2013-12-18,4.8,-1.9,0.0,1.0,9.05,7.4,66
shaanxi_guanzhong,2013-12-19,5.0,-3.5,0.0,1.1,10.22,7.9,64
shaanxi_guanzhong,2013-12-20,3.6,-2.3,0.0,0.75,6.39,5.9,67
shaanxi_guanzhong,2013-12-21,4.4,-2.8,0.0,0.78,6.42,6.5,67
shaanxi_guanzhong,2013-12-22,5.6,-2.7,0.0,1.13,10.14,8.1,66
shaanxi_guanzhong,2013-12-23,6.1,-2.1,0.0,1.07,9.59,7.7,66
shaanxi_guanzhong,2013-12-24,4.2,-2.5,0.0,0.68,5.34,4.8,72
shaanxi_guanzhong,2013-12-25,6.0,-2.3,0.0,0.86,6.47,6.9,71
shaanxi_guanzhong,2013-12-26,0.7,-4.6,0.0,1.08,7.12,9.6,41
shaanxi_guanzhong,2013-12-27,3.2,-6.4,0.0,1.18,11.42,4.0,40
shaanxi_guanzhong,2013-12-28,3.1,-5.8,0.0,0.99,8.21,6.6,41
shaanxi_guanzhong,2013-12-29,5.0,-5.8,0.0,1.04,8.9,4.6,43
shaanxi_guanzhong,2013-12-30,8.5,-5.2,0.0,1.38,11.39,5.4,44
shaanxi_guanzhong,2013-12-31,11.1,-5.1,0.0,1.62,12.02,5.4,40
shaanxi_guanzhong,2014-01-01,10.3,-4.5,0.0,1.47,11.51,7.6,49
shaanxi_guanzhong,2014-01-02,9.5,-3.4,0.0,1.51,9.53,11.0,49
shaanxi_guanzhong,2014-01-03,9.6,-4.2,0.0,1.59,12.25,6.8,37
shaanxi_guanzhong,2014-01-04,10.8,-3.9,0.0,1.55,12.22,4.9,40
shaanxi_guanzhong,2014-01-05,7.9,-3.3,0.0,1.19,7.93,7.9,48
shaanxi_guanzhong,2014-01-06,5.2,-0.5,1.3,0.93,6.05,8.1,63
shaanxi_guanzhong,2014-01-07,6.0,-0.2,1.6,1.35,8.22,12.4,54
shaanxi_guanzhong,2014-01-08,4.1,-3.2,0.0,1.58,12.16,9.8,32
shaanxi_guanzhong,2014-01-09,4.9,-5.8,0.0,1.48,12.07,9.5,40
shaanxi_guanzhong,2014-01-10,4.3,-3.7,0.7,0.93,7.18,6.0,48
shaanxi_guanzhong,2014-01-11,6.0,-2.9,0.4,1.3,9.01,9.0,57
shaanxi_guanzhong,2014-01-12,4.4,-3.3,0.0,1.36,10.56,8.6,31
shaanxi_guanzhong,2014-01-13,7.2,-5.7,0.0,1.55,12.97,8.6,41
shaanxi_guanzhong,2014-01-14,6.3,-4.3,0.0,1.49,12.8,9.7,47
shaanxi_guanzhong,2014-01-15,5.7,-3.4,0.0,1.28,11.03,8.6,52
shaanxi_guanzhong,2014-01-16,7.9,-3.8,0.0,1.46,12.43,6.1,61
shaanxi_guanzhong,2014-01-17,8.1,-4.4,0.0,1.65,13.27,8.8,47
shaanxi_guanzhong,2014-01-18,8.1,-3.0,0.0,1.64,12.8,10.7,39
shaanxi_guanzhong,2014-01-19,8.9,-3.5,0.1,1.7,10.72,13.0,43
shaanxi_guanzhong,2014-01-20,8.1,-5.6,0.0,1.73,13.85,8.4,35
shaanxi_guanzhong,2014-01-21,7.4,-2.1,0.0,1.69,13.75,8.9,35
shaanxi_guanzhong,2014-01-22,10.8,-2.7,0.0,1.77,13.65,9.2,49
shaanxi_guanzhong,2014-01-23,12.7,-2.0,0.0,1.83,13.52,6.7,56
shaanxi_guanzhong,2014-01-24,12.3,-0.3,0.0,1.88,10.41,15.9,46
shaanxi_guanzhong,2014-01-25,11.0,-3.4,0.0,1.61,10.95,7.2,39
shaanxi_guanzhong,2014-01-26,11.5,1.7,0.0,1.87,12.64,10.8,43
shaanxi_guanzhong,2014-01-27,13.8,-1.3,0.0,1.65,11.83,5.8,60
shaanxi_guanzhong,2014-01-28,10.9,-2.5,0.0,1.76,12.36,9.2,51
shaanxi_guanzhong,2014-01-29,17.7,-0.7,0.0,2.15,14.58,8.4,57
shaanxi_guanzhong,2014-01-30,18.7,-0.4,0.0,2.32,14.69,8.7,56
shaanxi_guanzhong,2014-01-31,16.9,4.7,0.0,2.04,13.87,4.8,59
shaanxi_guanzhong,2014-02-01,17.3,0.8,0.0,2.23,14.68,7.3,60
shaanxi_guanzhong,2014-02-02,18.8,2.2,0.0,2.38,14.79,9.3,58
shaanxi_guanzhong,2014-02-03,10.0,-0.1,0.0,2.28,14.97,9.6,43
shaanxi_guanzhong,2014-02-04,1.6,-1.7,5.8,1.08,3.8,16.3,57
shaanxi_guanzhong,2014-02-05,-1.9,-4.6,9.0,0.58,6.6,12.5,84
shaanxi_guanzhong,2014-02-06,-3.4,-6.7,2.5,0.54,6.61,7.8,82
shaanxi_guanzhong,2014-02-07,0.4,-6.7,0.7,1.35,16.56,7.2,73
shaanxi_guanzhong,2014-02-08,-1.8,-5.4,0.4,0.78,8.52,6.2,73
shaanxi_guanzhong,2014-02-09,-2.6,-7.2,1.2,0.88,11.83,7.9,79
shaanxi_guanzhong,2014-02-10,-1.6,-7.3,0.7,0.88,11.11,7.2,74
shaanxi_guanzhong,2014-02-11,0.2,-6.1,0.0,1.32,15.92,7.3,66
shaanxi_guanzhong,2014-02-12,-2.0,-4.6,2.4,0.67,7.29,6.0,76
shaanxi_guanzhong,2014-02-13,0.8,-6.3,0.2,1.19,14.54,7.5,74
shaanxi_guanzhong,2014-02-14,2.2,-7.1,0.0,1.59,17.53,5.4,62
shaanxi_guanzhong,2014-02-15,2.2,-5.6,1.8,1.03,10.15,4.7,74
shaanxi_guanzhong,2014-02-16,1.4,-1.8,3.8,0.87,9.21,7.5,86
shaanxi_guanzhong,2014-02-17,1.7,-1.2,3.3,0.92,9.38,7.3,85
shaanxi_guanzhong,2014-02-18,3.0,-4.3,0.0,1.19,11.79,7.9,80
shaanxi_guanzhong,2014-02-19,4.9,-7.7,0.0,1.92,18.6,6.4,63
shaanxi_guanzhong,2014-02-20,7.6,-6.6,0.0,1.88,18.04,6.6,65
shaanxi_guanzhong,2014-02-21,8.4,1.3,0.0,1.46,11.87,7.3,67
shaanxi_guanzhong,2014-02-22,9.9,-0.8,0.0,1.69,13.35,8.3,70
shaanxi_guanzhong,2014-02-23,12.0,3.3,0.0,1.68,11.71,11.3,68
shaanxi_guanzhong,2014-02-24,10.7,2.7,0.6,1.18,8.18,9.7,80
shaanxi_guanzhong,2014-02-25,10.9,3.5,0.5,1.13,7.57,9.0,81
shaanxi_guanzhong,2014-02-26,9.6,3.5,1.3,1.11,5.7,11.4,70
shaanxi_guanzhong,2014-02-27,8.6,1.0,0.4,1.27,8.77,11.5,69
shaanxi_guanzhong,2014-02-28,5.3,2.0,4.6,0.68,4.92,6.9,90
shaanxi_guanzhong,2014-03-01,9.6,1.1,1.0,1.69,12.93,7.6,73
shaanxi_guanzhong,2014-03-02,9.2,-1.4,0.2,1.41,10.54,5.7,74
shaanxi_guanzhong,2014-03-03,10.0,1.5,3.1,1.3,9.32,6.5,77
shaanxi_guanzhong,2014-03-04,10.7,-0.1,0.2,2.31,17.49,8.0,60
shaanxi_guanzhong,2014-03-05,7.2,1.1,3.7,1.03,6.8,7.9,68
shaanxi_guanzhong,2014-03-06,7.3,2.4,5.8,1.16,9.01,10.7,84
shaanxi_guanzhong,2014-03-07,7.5,2.8,4.4,0.95,7.21,12.1,84
shaanxi_guanzhong,2014-03-08,11.6,2.2,0.0,2.08,15.53,5.7,72
shaanxi_guanzhong,2014-03-09,14.4,-1.6,0.0,2.82,20.38,9.1,64
shaanxi_guanzhong,2014-03-10,16.5,1.8,0.0,2.82,19.21,7.2,68
shaanxi_guanzhong,2014-03-11,14.1,4.5,0.0,1.92,12.52,9.4,72
shaanxi_guanzhong,2014-03-12,13.3,2.3,0.0,3.19,19.05,13.8,42
shaanxi_guanzhong,2014-03-13,14.2,-0.9,0.0,3.05,20.87,9.4,50
shaanxi_guanzhong,2014-03-14,16.7,-0.1,0.0,3.28,21.96,6.6,47
shaanxi_guanzhong,2014-03-15,20.2,2.8,0.0,3.44,21.64,7.9,59
shaanxi_guanzhong,2014-03-16,22.8,5.2,0.0,3.69,21.79,6.4,63
shaanxi_guanzhong,2014-03-17,21.2,5.0,0.0,3.55,20.54,11.3,54
shaanxi_guanzhong,2014-03-18,17.9,8.6,0.0,2.46,11.37,12.8,49
shaanxi_guanzhong,2014-03-19,18.0,6.9,0.4,2.39,13.2,9.3,60
shaanxi_guanzhong,2014-03-20,12.6,3.3,0.0,2.81,19.56,7.3,36
shaanxi_guanzhong,2014-03-21,15.9,-1.0,0.0,3.28,22.24,8.0,54
shaanxi_guanzhong,2014-03-22,16.7,3.3,0.0,2.95,18.86,7.1,60
shaanxi_guanzhong,2014-03-23,17.6,6.8,0.0,2.52,15.1,7.1,60
shaanxi_guanzhong,2014-03-24,18.9,7.4,0.0,2.97,17.9,4.3,62
shaanxi_guanzhong,2014-03-25,23.0,7.7,0.0,3.84,21.6,10.8,55
shaanxi_guanzhong,2014-03-26,25.0,8.5,0.0,4.22,22.46,8.6,54
shaanxi_guanzhong,2014-03-27,20.6,10.5,9.6,2.21,11.95,14.8,69
shaanxi_guanzhong,2014-03-28,20.0,5.8,0.0,3.19,18.42,7.2,66
shaanxi_guanzhong,2014-03-29,22.1,6.1,0.0,4.03,22.59,12.6,55
shaanxi_guanzhong,2014-03-30,13.5,10.3,11.8,0.85,4.14,7.1,83
shaanxi_guanzhong,2014-03-31,17.1,10.4,3.8,2.15,11.87,9.0,73
shaanxi_guanzhong,2014-04-01,19.8,5.4,0.0,3.45,20.71,7.1,66
shaanxi_guanzhong,2014-04-02,15.6,7.5,0.1,1.67,8.94,8.1,70
shaanxi_guanzhong,2014-04-03,17.6,6.1,0.4,2.85,17.67,5.1,72
shaanxi_guanzhong,2014-04-04,18.2,9.2,0.6,2.95,17.84,6.6,70
shaanxi_guanzhong,2014-04-05,19.8,6.6,0.0,3.31,19.14,9.4,66
shaanxi_guanzhong,2014-04-06,18.8,8.8,0.0,2.92,16.26,13.8,58
shaanxi_guanzhong,2014-04-07,20.7,7.5,0.4,3.68,22.17,7.6,66
shaanxi_guanzhong,2014-04-08,23.7,8.8,0.0,4.15,23.27,10.9,60
shaanxi_guanzhong,2014-04-09,24.6,11.2,0.0,3.81,20.78,8.9,62
shaanxi_guanzhong,2014-04-10,21.1,14.6,2.6,1.63,8.06,4.4,81
shaanxi_guanzhong,2014-04-11,17.3,11.9,27.0,0.49,1.65,6.4,93
shaanxi_guanzhong,2014-04-12,15.9,11.5,1.9,1.37,7.41,7.1,83
shaanxi_guanzhong,2014-04-13,20.7,8.6,0.0,3.52,21.32,10.8,77
shaanxi_guanzhong,2014-04-14,21.7,10.7,0.0,3.17,17.05,15.5,73
shaanxi_guanzhong,2014-04-15,19.8,12.9,1.0,1.96,10.17,11.3,81
shaanxi_guanzhong,2014-04-16,14.4,11.9,5.4,0.85,4.48,9.2,92
shaanxi_guanzhong,2014-04-17,19.8,8.3,0.0,3.29,20.1,9.7,80
shaanxi_guanzhong,2014-04-18,14.9,13.2,15.1,0.64,2.49,8.4,90
shaanxi_guanzhong,2014-04-19,16.9,12.1,6.7,2.01,11.47,6.0,82
shaanxi_guanzhong,2014-04-20,15.7,10.5,6.6,1.17,6.25,8.5,87
shaanxi_guanzhong,2014-04-21,13.2,7.6,9.1,0.92,4.54,9.5,87
shaanxi_guanzhong,2014-04-22,20.1,4.0,0.0,4.17,25.93,10.0,74
shaanxi_guanzhong,2014-04-23,21.2,9.3,0.0,3.46,20.3,9.8,74
shaanxi_guanzhong,2014-04-24,21.3,13.4,2.9,2.76,15.43,11.0,77
shaanxi_guanzhong,2014-04-25,14.8,5.6,18.1,1.17,5.83,24.2,80
shaanxi_guanzhong,2014-04-26,14.9,4.3,0.0,2.09,12.09,5.7,67
shaanxi_guanzhong,2014-04-27,18.2,3.6,0.0,3.41,20.88,3.8,63
shaanxi_guanzhong,2014-04-28,21.0,5.6,0.0,4.05,23.98,4.9,67
shaanxi_guanzhong,2014-04-29,23.4,6.5,0.0,4.7,26.69,6.1,64
shaanxi_guanzhong,2014-04-30,24.2,9.7,0.0,4.5,25.33,6.4,69
shaanxi_guanzhong,2014-05-01,18.6,8.6,0.3,3.23,16.18,23.5,64
shaanxi_guanzhong,2014-05-02,18.9,6.6,0.0,4.41,27.35,4.8,52
shaanxi_guanzhong,2014-05-03,19.5,7.7,5.3,2.48,15.15,11.2,69
shaanxi_guanzhong,2014-05-04,20.3,5.8,0.0,4.6,27.3,8.2,53
shaanxi_guanzhong,2014-05-05,20.4,7.0,1.3,3.37,19.26,7.0,61
shaanxi_guanzhong,2014-05-06,25.1,8.6,0.0,4.54,24.27,10.5,71
shaanxi_guanzhong,2014-05-07,28.2,10.0,0.0,5.23,27.14,8.4,61
shaanxi_guanzhong,2014-05-08,27.9,13.8,0.0,5.03,24.47,10.4,57
shaanxi_guanzhong,2014-05-09,21.9,12.8,2.0,2.51,11.2,24.2,69
shaanxi_guanzhong,2014-05-10,12.4,9.2,20.3,0.79,3.1,12.3,86
shaanxi_guanzhong,2014-05-11,21.3,5.0,0.0,4.79,28.84,7.2,60
shaanxi_guanzhong,2014-05-12,24.3,8.3,0.0,4.78,26.21,11.2,65
shaanxi_guanzhong,2014-05-13,19.6,12.1,1.3,1.47,6.86,7.6,79
shaanxi_guanzhong,2014-05-14,17.8,9.0,0.1,2.98,14.45,16.9,64
shaanxi_guanzhong,2014-05-15,22.0,8.3,0.0,4.45,25.67,3.6,54
shaanxi_guanzhong,2014-05-16,22.3,11.1,0.0,2.91,15.16,3.6,63
shaanxi_guanzhong,2014-05-17,22.4,12.0,0.0,4.13,23.04,7.5,64
shaanxi_guanzhong,2014-05-18,25.0,11.7,0.0,4.51,24.27,8.4,70
shaanxi_guanzhong,2014-05-19,24.8,13.2,3.2,5.29,27.87,19.8,60
shaanxi_guanzhong,2014-05-20,27.3,11.3,0.0,5.2,27.23,7.3,62
shaanxi_guanzhong,2014-05-21,27.9,13.9,0.0,5.2,27.11,7.0,65
shaanxi_guanzhong,2014-05-22,27.7,15.3,0.0,5.49,25.83,12.6,58
shaanxi_guanzhong,2014-05-23,23.7,17.7,14.2,2.03,8.88,8.7,78
shaanxi_guanzhong,2014-05-24,26.8,17.6,1.4,4.81,22.71,16.5,70
shaanxi_guanzhong,2014-05-25,22.8,14.9,0.0,3.72,13.13,11.5,45
shaanxi_guanzhong,2014-05-26,27.3,13.1,0.0,5.55,29.17,6.6,48
shaanxi_guanzhong,2014-05-27,29.5,13.2,0.0,5.22,24.36,10.6,48
shaanxi_guanzhong,2014-05-28,29.1,13.6,0.0,5.29,27.08,6.9,55
shaanxi_guanzhong,2014-05-29,29.6,14.9,0.0,4.94,25.14,4.3,52
shaanxi_guanzhong,2014-05-30,26.7,16.8,0.0,3.27,14.32,10.8,59
shaanxi_guanzhong,2014-05-31,27.5,17.5,0.0,4.54,22.02,9.5,61
shaanxi_guanzhong,2014-06-01,28.9,17.5,0.0,5.41,27.43,9.3,69
shaanxi_guanzhong,2014-06-02,30.5,20.9,0.0,5.24,24.82,12.0,60
shaanxi_guanzhong,2014-06-03,29.4,20.2,0.2,4.61,20.94,15.5,65
shaanxi_guanzhong,2014-06-04,29.2,20.1,8.3,5.16,24.45,10.3,64
shaanxi_guanzhong,2014-06-05,28.3,15.6,0.5,4.65,23.55,4.8,62
shaanxi_guanzhong,2014-06-06,27.7,16.7,0.0,4.18,18.28,19.1,64
shaanxi_guanzhong,2014-06-07,28.0,12.4,0.0,5.23,27.05,5.4,56
shaanxi_guanzhong,2014-06-08,29.8,14.1,0.0,5.5,28.76,4.3,53
shaanxi_guanzhong,2014-06-09,29.7,17.0,0.0,4.56,21.88,6.6,50
shaanxi_guanzhong,2014-06-10,31.0,17.6,0.0,5.24,24.57,7.5,48
shaanxi_guanzhong,2014-06-11,31.0,17.6,0.0,4.89,23.42,7.5,45
shaanxi_guanzhong,2014-06-12,26.5,20.0,0.3,2.47,9.81,8.0,60
shaanxi_guanzhong,2014-06-13,20.9,18.0,16.3,1.14,5.23,4.8,88
shaanxi_guanzhong,2014-06-14,22.3,17.6,11.8,1.56,7.37,6.5,84
shaanxi_guanzhong,2014-06-15,27.1,16.8,0.0,3.64,18.31,4.1,72
shaanxi_guanzhong,2014-06-16,31.1,17.7,0.0,5.19,24.2,6.8,63
shaanxi_guanzhong,2014-06-17,32.1,17.0,0.0,6.13,29.64,8.6,57
shaanxi_guanzhong,2014-06-18,32.0,18.4,0.0,5.58,26.25,7.6,60
shaanxi_guanzhong,2014-06-19,24.3,19.4,14.9,2.01,8.6,12.3,78
shaanxi_guanzhong,2014-06-20,26.4,15.1,0.0,3.87,19.34,6.3,67
shaanxi_guanzhong,2014-06-21,28.7,15.0,0.0,5.44,28.0,4.2,58
shaanxi_guanzhong,2014-06-22,30.2,16.5,0.0,5.28,26.11,5.4,63
shaanxi_guanzhong,2014-06-23,30.9,18.0,0.0,5.58,27.01,10.1,63
shaanxi_guanzhong,2014-06-24,27.1,20.8,6.5,2.23,9.37,6.5,70
shaanxi_guanzhong,2014-06-25,24.4,18.8,6.9,2.63,12.99,5.5,78
shaanxi_guanzhong,2014-06-26,28.7,17.4,0.0,4.77,24.13,6.8,67
shaanxi_guanzhong,2014-06-27,31.5,18.5,0.0,5.25,25.09,6.0,61
shaanxi_guanzhong,2014-06-28,23.9,21.1,20.0,1.41,6.44,8.7,85
shaanxi_guanzhong,2014-06-29,28.8,20.2,3.2,4.98,24.86,7.7,70
shaanxi_guanzhong,2014-06-30,29.4,19.1,0.0,4.24,20.64,5.3,69
shaanxi_guanzhong,2014-07-01,29.7,20.6,0.0,4.02,18.82,6.7,68
shaanxi_guanzhong,2014-07-02,32.1,18.4,0.0,5.41,25.76,5.7,65
shaanxi_guanzhong,2014-07-03,27.7,21.6,0.0,3.01,12.79,8.3,64
shaanxi_guanzhong,2014-07-04,29.8,18.3,0.0,5.06,24.64,6.9,62
shaanxi_guanzhong,2014-07-05,30.7,20.4,0.0,5.23,24.94,11.7,66
shaanxi_guanzhong,2014-07-06,31.7,21.3,0.0,5.23,24.39,9.7,64
shaanxi_guanzhong,2014-07-07,32.4,22.5,0.0,4.69,21.95,4.4,63
shaanxi_guanzhong,2014-07-08,32.9,25.0,0.0,4.46,19.9,5.5,63
shaanxi_guanzhong,2014-07-09,26.2,20.9,11.5,2.13,9.55,10.7,83
shaanxi_guanzhong,2014-07-10,23.2,19.6,9.1,1.42,5.85,8.4,84
shaanxi_guanzhong,2014-07-11,28.4,17.9,0.0,4.53,22.64,6.4,70
shaanxi_guanzhong,2014-07-12,31.1,19.0,0.0,5.17,23.81,9.0,57
shaanxi_guanzhong,2014-07-13,30.9,16.2,0.0,5.63,27.53,5.9,52
shaanxi_guanzhong,2014-07-14,30.8,18.7,0.0,5.25,25.06,7.9,57
shaanxi_guanzhong,2014-07-15,31.9,18.8,0.0,5.5,26.28,7.1,61
shaanxi_guanzhong,2014-07-16,32.3,20.3,0.0,5.32,25.18,7.6,62
shaanxi_guanzhong,2014-07-17,33.1,22.3,0.0,5.59,25.65,7.6,61
shaanxi_guanzhong,2014-07-18,33.2,21.5,0.0,5.64,24.87,10.1,57
shaanxi_guanzhong,2014-07-19,32.2,21.6,1.0,5.04,22.42,11.0,66
shaanxi_guanzhong,2014-07-20,32.8,22.4,1.3,4.41,19.81,6.8,70
shaanxi_guanzhong,2014-07-21,34.4,24.6,0.0,5.33,24.48,4.7,65
shaanxi_guanzhong,2014-07-22,35.2,23.3,0.0,5.27,24.06,6.6,62
shaanxi_guanzhong,2014-07-23,28.2,21.9,4.5,2.54,10.65,8.2,63
shaanxi_guanzhong,2014-07-24,30.9,18.8,0.0,5.54,25.26,9.1,51
shaanxi_guanzhong,2014-07-25,31.6,16.9,0.0,6.04,28.34,8.3,49
shaanxi_guanzhong,2014-07-26,33.2,20.1,0.0,5.78,26.19,9.6,48
shaanxi_guanzhong,2014-07-27,33.6,22.2,0.0,5.6,24.52,8.4,50
shaanxi_guanzhong,2014-07-28,34.2,23.7,0.0,5.35,23.43,9.0,56
shaanxi_guanzhong,2014-07-29,35.0,23.3,0.0,5.42,23.99,7.0,60
shaanxi_guanzhong,2014-07-30,36.0,24.4,0.0,5.83,24.03,10.9,56
shaanxi_guanzhong,2014-07-31,34.4,23.7,0.0,4.58,19.8,9.1,62
shaanxi_guanzhong,2014-08-01,35.7,25.6,0.0,6.14,26.1,9.5,52
shaanxi_guanzhong,2014-08-02,35.3,25.3,0.0,6.15,26.69,9.1,44
shaanxi_guanzhong,2014-08-03,35.0,24.5,0.0,5.46,23.57,8.0,49
shaanxi_guanzhong,2014-08-04,34.5,23.0,2.6,4.91,19.6,11.7,61
shaanxi_guanzhong,2014-08-05,32.1,22.5,19.8,4.38,19.08,14.6,72
shaanxi_guanzhong,2014-08-06,28.5,20.8,17.1,2.38,10.58,11.2,86
shaanxi_guanzhong,2014-08-07,20.5,17.8,29.1,0.49,1.45,3.6,94
shaanxi_guanzhong,2014-08-08,18.3,16.9,21.9,0.64,2.37,5.9,93
shaanxi_guanzhong,2014-08-09,21.1,16.6,15.1,1.31,6.44,5.5,89
shaanxi_guanzhong,2014-08-10,25.7,14.7,0.2,3.75,19.79,6.7,81
shaanxi_guanzhong,2014-08-11,27.4,20.5,0.3,4.24,21.77,5.8,75
shaanxi_guanzhong,2014-08-12,23.4,18.3,2.9,1.46,6.53,6.6,80
shaanxi_guanzhong,2014-08-13,27.9,14.4,0.0,4.91,25.17,8.0,72
shaanxi_guanzhong,2014-08-14,27.1,14.4,0.0,4.79,24.98,5.9,65
shaanxi_guanzhong,2014-08-15,27.9,17.1,0.1,4.1,20.49,8.4,69
shaanxi_guanzhong,2014-08-16,25.4,21.2,10.3,2.73,13.53,9.0,76
shaanxi_guanzhong,2014-08-17,25.4,19.3,0.1,2.73,13.83,9.1,83
shaanxi_guanzhong,2014-08-18,25.6,19.3,0.7,3.86,20.17,7.0,78
shaanxi_guanzhong,2014-08-19,27.8,14.6,0.0,4.95,25.76,6.5,68
shaanxi_guanzhong,2014-08-20,28.5,15.5,0.0,4.24,21.33,11.0,71
shaanxi_guanzhong,2014-08-21,27.6,20.1,0.0,3.44,16.95,6.4,71
shaanxi_guanzhong,2014-08-22,27.5,21.3,0.0,2.61,11.55,6.2,70
shaanxi_guanzhong,2014-08-23,29.3,20.8,0.0,4.2,20.22,5.1,62
shaanxi_guanzhong,2014-08-24,28.2,16.6,0.0,4.68,23.99,6.4,61
shaanxi_guanzhong,2014-08-25,28.4,14.2,0.0,4.5,22.62,7.0,57
shaanxi_guanzhong,2014-08-26,26.6,18.8,0.0,3.17,15.42,6.2,54
shaanxi_guanzhong,2014-08-27,28.7,17.2,0.0,4.66,23.13,9.4,66
shaanxi_guanzhong,2014-08-28,28.5,17.2,0.0,4.8,24.21,11.5,68
shaanxi_guanzhong,2014-08-29,28.4,18.6,0.0,3.96,19.32,10.0,67
shaanxi_guanzhong,2014-08-30,21.4,19.9,55.8,0.43,0.93,7.7,91
shaanxi_guanzhong,2014-08-31,22.4,18.0,0.7,2.26,11.78,6.5,84
shaanxi_guanzhong,2014-09-01,21.3,17.7,7.5,0.99,4.47,4.8,87
shaanxi_guanzhong,2014-09-02,26.7,15.1,0.0,4.48,22.37,15.9,68
shaanxi_guanzhong,2014-09-03,26.3,12.7,0.0,4.65,24.87,8.5,62
shaanxi_guanzhong,2014-09-04,26.8,15.7,0.0,4.37,23.27,8.9,66
shaanxi_guanzhong,2014-09-05,27.6,15.8,0.0,4.18,21.69,11.1,73
shaanxi_guanzhong,2014-09-06,26.4,17.4,3.2,2.93,14.48,8.4,78
shaanxi_guanzhong,2014-09-07,22.8,20.5,15.0,1.13,5.14,4.0,88
shaanxi_guanzhong,2014-09-08,24.0,20.1,28.5,1.56,7.34,7.0,89
shaanxi_guanzhong,2014-09-09,21.5,19.9,41.4,0.88,3.81,5.5,93
shaanxi_guanzhong,2014-09-10,20.0,18.9,53.3,0.34,0.67,12.0,96
shaanxi_guanzhong,2014-09-11,22.3,19.6,17.1,0.88,4.08,12.0,95
shaanxi_guanzhong,2014-09-12,20.7,16.6,12.5,1.34,7.03,10.0,89
shaanxi_guanzhong,2014-09-13,16.1,14.8,13.6,0.49,1.65,6.9,93
shaanxi_guanzhong,2014-09-14,15.6,14.8,12.3,0.53,1.88,6.8,93
shaanxi_guanzhong,2014-09-15,16.1,15.0,26.2,0.39,0.94,5.9,92
shaanxi_guanzhong,2014-09-16,15.7,14.6,14.4,0.5,1.89,9.0,96
shaanxi_guanzhong,2014-09-17,17.0,14.5,8.2,0.83,3.92,4.8,93
shaanxi_guanzhong,2014-09-18,19.5,14.8,0.1,1.52,8.23,5.7,87
shaanxi_guanzhong,2014-09-19,23.4,12.1,0.0,3.36,19.31,7.4,83
shaanxi_guanzhong,2014-09-20,25.3,12.2,0.0,3.83,21.56,7.9,82
shaanxi_guanzhong,2014-09-21,25.3,16.2,0.0,3.08,16.52,12.0,80
shaanxi_guanzhong,2014-09-22,23.4,17.9,0.4,2.29,11.36,10.6,80
shaanxi_guanzhong,2014-09-23,17.8,15.8,20.4,0.84,3.47,10.9,86
shaanxi_guanzhong,2014-09-24,21.9,13.8,0.0,3.13,17.97,7.7,73
shaanxi_guanzhong,2014-09-25,21.3,13.7,0.0,2.02,11.11,8.4,81
shaanxi_guanzhong,2014-09-26,23.4,12.9,1.3,2.89,16.22,4.7,85
shaanxi_guanzhong,2014-09-27,21.8,14.6,15.3,1.54,7.88,8.5,89
shaanxi_guanzhong,2014-09-28,20.5,16.7,14.7,1.27,6.13,7.1,87
shaanxi_guanzhong,2014-09-29,22.3,15.4,0.0,2.81,15.95,10.2,81
shaanxi_guanzhong,2014-09-30,24.7,14.2,0.0,3.2,15.17,15.1,73
shaanxi_guanzhong,2014-10-01,24.1,12.4,23.2,2.25,11.28,11.3,78
shaanxi_guanzhong,2014-10-02,25.4,11.7,0.0,3.68,20.2,5.5,61
shaanxi_guanzhong,2014-10-03,24.8,13.2,0.0,3.24,18.05,7.4,74
shaanxi_guanzhong,2014-10-04,20.6,11.5,0.0,2.17,10.25,10.9,71
shaanxi_guanzhong,2014-10-05,23.0,9.2,0.0,3.51,20.08,8.3,63
shaanxi_guanzhong,2014-10-06,23.1,11.4,0.0,3.32,19.04,11.8,69
shaanxi_guanzhong,2014-10-07,22.2,14.3,0.0,2.51,14.34,8.0,77
shaanxi_guanzhong,2014-10-08,22.2,15.3,0.0,2.46,14.06,7.8,80
shaanxi_guanzhong,2014-10-09,23.0,14.7,0.0,2.95,16.06,12.4,75
shaanxi_guanzhong,2014-10-10,22.1,13.1,0.0,2.91,16.56,12.2,72
shaanxi_guanzhong,2014-10-11,14.4,10.2,1.1,1.84,6.74,18.8,66
shaanxi_guanzhong,2014-10-12,10.3,8.3,1.6,1.17,5.33,13.6,72
shaanxi_guanzhong,2014-10-13,12.7,7.5,0.0,1.29,7.79,4.9,66
shaanxi_guanzhong,2014-10-14,18.4,3.6,0.0,2.77,17.81,5.6,73
shaanxi_guanzhong,2014-10-15,19.5,6.9,0.0,1.97,11.29,4.1,75
shaanxi_guanzhong,2014-10-16,15.1,12.5,2.9,0.87,3.46,6.5,75
shaanxi_guanzhong,2014-10-17,19.8,12.3,0.2,1.97,11.33,2.2,76
shaanxi_guanzhong,2014-10-18,18.1,11.0,0.5,1.19,5.67,6.8,81
shaanxi_guanzhong,2014-10-19,20.7,13.2,2.8,1.69,9.22,7.2,80
shaanxi_guanzhong,2014-10-20,17.6,11.5,0.5,1.23,6.34,6.4,83
shaanxi_guanzhong,2014-10-21,21.0,7.6,0.0,2.84,17.11,6.3,72
shaanxi_guanzhong,2014-10-22,20.1,8.3,0.4,2.08,12.16,3.8,79
shaanxi_guanzhong,2014-10-23,22.1,7.0,0.0,2.79,16.91,4.5,73
shaanxi_guanzhong,2014-10-24,23.1,9.0,0.0,2.7,16.09,4.0,72
shaanxi_guanzhong,2014-10-25,23.3,9.5,0.0,2.74,16.31,4.0,72
shaanxi_guanzhong,2014-10-26,23.0,9.2,0.0,2.73,16.02,4.5,74
shaanxi_guanzhong,2014-10-27,18.6,11.4,0.4,1.81,8.51,16.3,74
shaanxi_guanzhong,2014-10-28,10.9,9.1,13.7,0.41,1.87,10.8,92
shaanxi_guanzhong,2014-10-29,12.8,9.7,1.9,0.73,4.09,8.0,90
shaanxi_guanzhong,2014-10-30,12.8,9.6,0.2,0.71,3.78,7.6,89
shaanxi_guanzhong,2014-10-31,15.6,9.4,2.9,1.55,8.47,9.7,74
shaanxi_guanzhong,2014-11-01,12.6,5.3,1.8,1.43,7.08,11.5,65
shaanxi_guanzhong,2014-11-02,12.3,1.9,0.0,1.81,13.11,5.6,48
shaanxi_guanzhong,2014-11-03,13.2,-0.8,0.0,2.05,14.98,8.5,59
shaanxi_guanzhong,2014-11-04,15.4,1.4,0.2,2.05,14.32,8.3,68
shaanxi_guanzhong,2014-11-05,17.5,4.1,0.6,2.29,15.06,8.4,62
shaanxi_guanzhong,2014-11-06,14.7,2.7,0.4,1.49,9.42,8.2,72
shaanxi_guanzhong,2014-11-07,11.1,8.1,3.9,0.68,3.76,7.1,87
shaanxi_guanzhong,2014-11-08,12.0,7.3,0.0,1.21,7.35,12.1,76
shaanxi_guanzhong,2014-11-09,11.3,5.6,0.1,1.08,6.85,9.7,77
shaanxi_guanzhong,2014-11-10,11.9,5.2,0.5,0.9,5.62,6.2,85
shaanxi_guanzhong,2014-11-11,13.3,3.3,0.0,1.7,10.29,9.4,63
shaanxi_guanzhong,2014-11-12,11.2,3.2,0.0,1.52,11.09,5.2,59
shaanxi_guanzhong,2014-11-13,12.2,0.8,0.0,1.82,13.65,8.9,63
shaanxi_guanzhong,2014-11-14,11.3,3.7,1.5,1.3,8.65,10.0,66
shaanxi_guanzhong,2014-11-15,12.0,2.2,0.0,1.65,11.94,7.9,65
shaanxi_guanzhong,2014-11-16,12.1,-0.5,0.0,1.75,13.27,7.9,65
shaanxi_guanzhong,2014-11-17,11.6,1.9,0.0,1.66,12.56,9.2,66
shaanxi_guanzhong,2014-11-18,11.5,2.9,0.3,1.31,9.23,7.7,67
shaanxi_guanzhong,2014-11-19,15.5,0.8,0.0,1.83,12.98,6.6,76
shaanxi_guanzhong,2014-11-20,14.0,2.5,0.0,1.58,11.03,7.4,69
shaanxi_guanzhong,2014-11-21,11.5,0.7,0.0,1.04,7.15,4.9,72
shaanxi_guanzhong,2014-11-22,9.4,4.2,2.5,0.64,3.38,8.4,82
shaanxi_guanzhong,2014-11-23,7.7,5.7,7.5,0.39,2.02,3.2,93
shaanxi_guanzhong,2014-11-24,7.9,5.2,7.3,0.53,3.34,5.4,92
shaanxi_guanzhong,2014-11-25,11.4,4.5,0.1,1.11,8.47,10.2,83
shaanxi_guanzhong,2014-11-26,10.7,3.3,0.0,1.04,7.56,5.0,80
shaanxi_guanzhong,2014-11-27,8.4,0.1,0.3,0.82,5.21,8.2,74
shaanxi_guanzhong,2014-11-28,10.5,-2.0,0.0,1.54,11.88,12.7,72
shaanxi_guanzhong,2014-11-29,8.8,4.8,1.3,0.71,4.71,7.0,82
shaanxi_guanzhong,2014-11-30,6.4,-1.8,0.9,1.7,10.93,16.7,47
shaanxi_guanzhong,2014-12-01,3.0,-3.7,0.0,1.28,9.76,11.1,42
shaanxi_guanzhong,2014-12-02,6.4,-3.3,0.0,1.28,9.93,9.7,50
shaanxi_guanzhong,2014-12-03,6.4,-2.2,0.0,1.42,9.77,14.0,50
shaanxi_guanzhong,2014-12-04,4.9,-4.8,0.0,1.35,12.01,9.7,44
shaanxi_guanzhong,2014-12-05,7.4,-2.6,0.0,1.43,11.7,10.8,53
shaanxi_guanzhong,2014-12-06,6.6,-1.9,0.0,0.89,5.2,10.3,59
shaanxi_guanzhong,2014-12-07,8.8,-3.8,0.0,1.46,12.08,7.3,49
shaanxi_guanzhong,2014-12-08,8.2,-2.6,0.0,1.46,8.63,15.0,51
shaanxi_guanzhong,2014-12-09,3.4,-0.4,1.3,0.73,2.94,10.5,66
shaanxi_guanzhong,2014-12-10,4.7,-3.0,0.0,1.32,9.28,9.4,46
shaanxi_guanzhong,2014-12-11,3.5,-3.3,0.0,1.03,7.63,6.6,41
shaanxi_guanzhong,2014-12-12,4.3,-4.3,0.0,1.34,11.82,9.5,44
shaanxi_guanzhong,2014-12-13,6.5,-5.6,0.0,1.25,11.16,6.5,56
shaanxi_guanzhong,2014-12-14,7.1,-3.5,0.0,1.19,9.9,8.4,62
shaanxi_guanzhong,2014-12-15,2.6,-3.4,0.0,1.86,8.7,17.3,29
shaanxi_guanzhong,2014-12-16,5.1,-5.2,0.0,1.33,11.63,10.0,31
shaanxi_guanzhong,2014-12-17,6.7,-5.4,0.0,1.27,11.34,5.2,45
shaanxi_guanzhong,2014-12-18,7.9,-3.9,0.0,1.2,10.32,5.8,60
shaanxi_guanzhong,2014-12-19,8.7,-4.1,0.0,1.38,11.37,8.6,51
shaanxi_guanzhong,2014-12-20,3.4,-4.6,0.0,1.22,8.49,9.8,39
shaanxi_guanzhong,2014-12-21,3.8,-5.3,0.0,1.46,11.94,10.1,36
shaanxi_guanzhong,2014-12-22,5.2,-3.7,0.0,1.24,10.28,8.0,41
shaanxi_guanzhong,2014-12-23,9.1,-3.3,0.0,1.31,11.06,3.7,56
shaanxi_guanzhong,2014-12-24,7.1,-3.9,0.0,1.23,10.74,5.4,56
shaanxi_guanzhong,2014-12-25,3.8,-1.6,0.0,0.89,5.97,9.4,54
shaanxi_guanzhong,2014-12-26,5.2,-2.4,0.0,1.01,8.89,6.7,65
shaanxi_guanzhong,2014-12-27,8.2,-3.5,0.0,1.09,7.64,9.8,63
shaanxi_guanzhong,2014-12-28,13.6,-1.9,0.0,1.76,11.78,10.4,47
shaanxi_guanzhong,2014-12-29,13.0,-2.0,0.0,1.57,11.91,5.2,57
shaanxi_guanzhong,2014-12-30,11.6,-2.5,0.0,1.61,11.8,7.5,54
shaanxi_guanzhong,2014-12-31,3.0,-4.9,0.0,1.37,11.76,8.6,39
shaanxi_guanzhong,2015-01-01,4.4,-4.8,0.0,1.28,10.35,8.3,38
shaanxi_guanzhong,2015-01-02,7.2,-1.8,0.0,1.15,8.33,9.2,49
shaanxi_guanzhong,2015-01-03,11.2,-2.6,0.0,1.45,11.5,6.9,64
shaanxi_guanzhong,2015-01-04,10.3,-0.1,0.0,1.38,10.65,10.6,66
shaanxi_guanzhong,2015-01-05,8.7,-1.0,0.0,2.01,10.23,14.8,39
shaanxi_guanzhong,2015-01-06,4.0,0.0,0.0,0.93,6.72,8.0,50
shaanxi_guanzhong,2015-01-07,8.4,-3.1,0.0,1.4,12.11,4.3,62
shaanxi_guanzhong,2015-01-08,9.2,-3.2,0.0,1.26,9.79,7.1,57
shaanxi_guanzhong,2015-01-09,10.5,-4.0,0.0,1.51,11.77,7.1,60
shaanxi_guanzhong,2015-01-10,11.1,-3.4,0.0,1.55,12.47,6.9,61
shaanxi_guanzhong,2015-01-11,10.5,-3.3,0.0,1.5,11.88,7.1,68
shaanxi_guanzhong,2015-01-12,9.1,0.1,0.0,1.39,11.15,11.8,64
shaanxi_guanzhong,2015-01-13,7.8,-2.3,0.0,1.26,11.49,9.5,74
shaanxi_guanzhong,2015-01-14,9.3,-1.3,0.0,1.41,11.95,8.1,74
shaanxi_guanzhong,2015-01-15,7.2,-2.5,0.2,0.9,6.94,7.6,74
shaanxi_guanzhong,2015-01-16,7.7,-4.3,0.0,1.51,12.58,8.6,55
shaanxi_guanzhong,2015-01-17,5.5,-2.4,0.2,1.05,7.53,8.2,56
shaanxi_guanzhong,2015-01-18,11.2,-3.8,0.0,1.69,13.57,7.7,57
shaanxi_guanzhong,2015-01-19,11.8,-2.7,0.0,1.68,12.65,10.0,58
shaanxi_guanzhong,2015-01-20,11.6,-2.3,0.0,2.05,13.49,15.9,55
shaanxi_guanzhong,2015-01-21,7.7,-5.0,0.0,1.74,13.81,10.4,44
shaanxi_guanzhong,2015-01-22,8.6,-2.5,0.0,1.83,13.52,9.5,44
shaanxi_guanzhong,2015-01-23,10.0,-0.4,0.0,1.77,13.12,11.3,55
shaanxi_guanzhong,2015-01-24,9.3,1.3,0.0,1.27,8.58,6.9,59
shaanxi_guanzhong,2015-01-25,9.4,-1.5,0.0,1.29,9.95,8.0,69
shaanxi_guanzhong,2015-01-26,9.0,-1.2,0.0,1.31,10.14,5.4,67
shaanxi_guanzhong,2015-01-27,3.7,-2.2,3.9,0.76,5.09,13.6,72
shaanxi_guanzhong,2015-01-28,-2.3,-4.2,7.9,0.46,4.55,10.2,83
shaanxi_guanzhong,2015-01-29,1.2,-5.7,0.0,1.02,10.39,8.2,60
shaanxi_guanzhong,2015-01-30,0.1,-5.7,0.0,1.07,10.83,8.9,51
shaanxi_guanzhong,2015-01-31,0.3,-5.0,0.1,1.08,11.89,10.2,60
shaanxi_guanzhong,2015-02-01,1.6,-6.2,0.0,1.08,12.26,10.8,75
shaanxi_guanzhong,2015-02-02,2.4,-5.8,0.0,1.3,14.21,8.9,70
shaanxi_guanzhong,2015-02-03,7.2,-4.7,0.0,1.53,13.79,3.3,68
shaanxi_guanzhong,2015-02-04,5.3,-3.0,0.0,1.55,13.75,6.1,53
shaanxi_guanzhong,2015-02-05,4.7,-4.0,0.0,1.4,12.23,5.9,42
shaanxi_guanzhong,2015-02-06,7.8,-4.5,0.0,1.72,14.59,6.5,55
shaanxi_guanzhong,2015-02-07,7.4,-3.5,0.0,2.08,14.01,17.9,44
shaanxi_guanzhong,2015-02-08,8.2,-4.8,0.0,2.0,15.7,13.4,49
shaanxi_guanzhong,2015-02-09,7.6,-2.5,0.0,1.64,13.42,8.4,55
shaanxi_guanzhong,2015-02-10,11.8,-3.7,0.0,1.84,13.58,8.6,62
shaanxi_guanzhong,2015-02-11,15.0,-2.0,0.0,2.32,16.56,9.0,43
shaanxi_guanzhong,2015-02-12,15.2,-1.8,0.0,2.34,16.61,5.4,50
shaanxi_guanzhong,2015-02-13,13.9,-0.5,0.0,2.45,16.72,11.3,45
shaanxi_guanzhong,2015-02-14,12.3,5.2,0.0,1.22,7.12,6.7,56
shaanxi_guanzhong,2015-02-15,13.9,3.0,0.0,2.96,16.08,15.9,42
shaanxi_guanzhong,2015-02-16,14.4,-0.5,0.0,2.54,17.3,9.6,41
shaanxi_guanzhong,2015-02-17,14.5,0.7,0.0,2.48,16.46,9.8,42
shaanxi_guanzhong,2015-02-18,10.0,3.2,0.0,1.5,7.41,14.5,56
shaanxi_guanzhong,2015-02-19,8.4,3.6,0.1,1.41,8.46,12.3,68
shaanxi_guanzhong,2015-02-20,11.3,0.9,2.1,1.27,9.19,10.8,76
shaanxi_guanzhong,2015-02-21,13.4,-1.1,0.0,2.39,16.89,8.1,59
shaanxi_guanzhong,2015-02-22,6.9,-0.6,0.0,2.32,13.47,11.3,29
shaanxi_guanzhong,2015-02-23,10.5,-0.6,0.2,2.18,15.63,8.3,50
shaanxi_guanzhong,2015-02-24,13.2,0.1,0.0,2.03,13.81,8.4,64
shaanxi_guanzhong,2015-02-25,11.9,-0.2,0.0,2.45,17.43,10.9,53
shaanxi_guanzhong,2015-02-26,12.5,0.5,0.0,2.31,12.8,15.0,48
shaanxi_guanzhong,2015-02-27,6.3,0.4,11.0,0.56,4.21,14.6,88
shaanxi_guanzhong,2015-02-28,6.8,-2.2,2.1,1.4,9.78,12.4,66
shaanxi_guanzhong,2015-03-01,9.8,-4.8,0.0,1.72,12.73,7.1,48
shaanxi_guanzhong,2015-03-02,12.8,-2.3,0.0,2.56,16.51,16.3,53
shaanxi_guanzhong,2015-03-03,7.1,-2.1,0.0,2.73,18.13,15.1,33
shaanxi_guanzhong,2015-03-04,4.5,-0.5,2.7,1.42,8.48,13.4,54
shaanxi_guanzhong,2015-03-05,6.2,-0.5,2.5,1.35,11.26,7.9,76
shaanxi_guanzhong,2015-03-06,10.9,-1.7,0.0,2.35,18.47,8.0,65
shaanxi_guanzhong,2015-03-07,12.1,-1.8,0.6,2.29,16.82,7.9,66
shaanxi_guanzhong,2015-03-08,15.5,3.8,0.0,2.49,16.15,9.9,64
shaanxi_guanzhong,2015-03-09,10.1,2.0,0.0,1.9,10.13,12.4,54
shaanxi_guanzhong,2015-03-10,7.8,0.9,0.0,1.63,9.96,10.9,56
shaanxi_guanzhong,2015-03-11,13.4,1.8,0.0,2.36,16.66,8.3,63
shaanxi_guanzhong,2015-03-12,19.3,2.1,0.0,3.23,20.64,7.5,62
shaanxi_guanzhong,2015-03-13,19.1,5.0,0.0,3.23,19.75,8.7,60
shaanxi_guanzhong,2015-03-14,17.1,5.1,0.0,3.24,20.31,7.6,42
shaanxi_guanzhong,2015-03-15,18.2,8.0,0.9,2.75,16.56,9.8,50
shaanxi_guanzhong,2015-03-16,19.9,5.8,0.0,3.15,19.11,8.9,63
shaanxi_guanzhong,2015-03-17,15.8,10.9,4.3,0.93,4.27,5.1,76
shaanxi_guanzhong,2015-03-18,11.9,9.7,7.9,0.83,4.49,6.1,85
shaanxi_guanzhong,2015-03-19,12.4,5.3,5.6,0.96,5.61,7.0,86
shaanxi_guanzhong,2015-03-20,15.9,3.0,0.0,2.45,15.52,4.8,67
shaanxi_guanzhong,2015-03-21,19.3,3.6,0.0,3.55,21.89,10.2,56
shaanxi_guanzhong,2015-03-22,19.3,5.2,4.3,2.7,15.63,9.8,63
shaanxi_guanzhong,2015-03-23,15.5,8.6,4.2,2.11,13.37,10.5,81
shaanxi_guanzhong,2015-03-24,11.0,7.4,11.9,0.84,4.76,8.4,87
shaanxi_guanzhong,2015-03-25,11.8,6.5,3.4,1.09,7.05,11.9,88
shaanxi_guanzhong,2015-03-26,11.3,6.2,2.7,1.11,7.06,11.2,85
shaanxi_guanzhong,2015-03-27,14.5,5.2,0.0,1.71,11.01,6.7,79
shaanxi_guanzhong,2015-03-28,19.6,5.2,0.0,3.4,20.74,10.0,72
shaanxi_guanzhong,2015-03-29,22.7,9.8,0.0,3.91,22.78,10.0,61
shaanxi_guanzhong,2015-03-30,22.3,9.5,0.0,3.27,19.11,12.7,74
shaanxi_guanzhong,2015-03-31,19.6,11.9,2.4,1.77,9.47,11.2,83
shaanxi_guanzhong,2015-04-01,15.5,9.2,17.9,0.46,1.98,16.9,94
shaanxi_guanzhong,2015-04-02,21.5,7.6,0.0,3.9,22.8,9.9,73
shaanxi_guanzhong,2015-04-03,18.8,7.4,5.7,2.52,15.03,14.9,78
shaanxi_guanzhong,2015-04-04,12.9,10.4,9.8,1.0,5.55,9.6,89
shaanxi_guanzhong,2015-04-05,14.4,7.8,5.8,2.58,16.81,11.5,71
shaanxi_guanzhong,2015-04-06,7.9,6.1,7.6,0.88,5.5,4.6,84
shaanxi_guanzhong,2015-04-07,12.0,6.2,3.2,1.64,10.98,9.7,79
shaanxi_guanzhong,2015-04-08,14.3,3.9,0.0,3.01,21.64,8.7,71
shaanxi_guanzhong,2015-04-09,18.1,4.7,0.0,3.52,21.95,6.6,69
shaanxi_guanzhong,2015-04-10,19.4,4.8,0.0,3.57,21.71,7.9,68
shaanxi_guanzhong,2015-04-11,17.0,6.6,2.5,1.63,7.88,13.2,75
shaanxi_guanzhong,2015-04-12,15.2,3.9,0.0,3.64,23.41,13.8,44
shaanxi_guanzhong,2015-04-13,15.3,1.2,0.0,3.94,26.5,9.0,42
shaanxi_guanzhong,2015-04-14,19.6,1.6,0.0,3.78,23.26,7.4,59
shaanxi_guanzhong,2015-04-15,26.4,9.1,0.0,4.81,25.84,7.2,61
shaanxi_guanzhong,2015-04-16,20.8,9.2,0.0,4.62,25.24,17.3,44
shaanxi_guanzhong,2015-04-17,20.5,11.3,0.3,3.45,18.74,9.2,54
shaanxi_guanzhong,2015-04-18,15.2,10.6,3.4,1.27,5.36,18.7,77
shaanxi_guanzhong,2015-04-19,17.1,9.8,9.3,2.1,11.53,11.2,76
shaanxi_guanzhong,2015-04-20,19.8,6.2,0.0,3.69,22.22,7.8,69
shaanxi_guanzhong,2015-04-21,20.3,8.9,3.2,4.03,23.98,11.6,67
shaanxi_guanzhong,2015-04-22,20.8,8.4,0.0,2.99,16.75,7.8,61
shaanxi_guanzhong,2015-04-23,20.9,8.4,0.0,3.28,18.72,4.7,58
shaanxi_guanzhong,2015-04-24,23.7,8.1,0.0,4.44,25.02,4.5,62
shaanxi_guanzhong,2015-04-25,23.7,9.4,0.0,3.84,21.09,6.4,65
shaanxi_guanzhong,2015-04-26,25.5,11.5,0.0,4.54,24.39,7.3,68
shaanxi_guanzhong,2015-04-27,28.2,11.5,0.0,5.09,26.9,7.6,63
shaanxi_guanzhong,2015-04-28,29.2,13.4,0.0,5.24,26.83,6.1,54
shaanxi_guanzhong,2015-04-29,27.8,13.8,0.0,4.78,24.05,10.5,56
shaanxi_guanzhong,2015-04-30,26.3,15.2,9.9,3.86,19.1,14.1,70
shaanxi_guanzhong,2015-05-01,16.4,9.8,11.2,1.31,4.49,16.6,79
shaanxi_guanzhong,2015-05-02,24.0,7.7,0.0,4.94,27.6,8.6,64
shaanxi_guanzhong,2015-05-03,19.7,12.1,0.7,2.66,13.28,13.0,64
shaanxi_guanzhong,2015-05-04,22.5,10.9,0.0,4.38,24.74,6.0,62
shaanxi_guanzhong,2015-05-05,24.0,11.1,0.0,4.45,23.76,9.0,63
shaanxi_guanzhong,2015-05-06,26.4,10.1,0.0,4.81,25.64,6.1,62
shaanxi_guanzhong,2015-05-07,22.4,11.0,9.8,2.99,15.58,10.4,70
shaanxi_guanzhong,2015-05-08,25.3,9.2,0.0,5.08,27.99,6.9,61
shaanxi_guanzhong,2015-05-09,26.8,12.3,0.0,5.3,27.53,9.4,57
shaanxi_guanzhong,2015-05-10,19.6,9.8,1.1,2.13,7.68,20.4,62
shaanxi_guanzhong,2015-05-11,22.3,7.3,0.0,5.27,28.59,18.2,42
shaanxi_guanzhong,2015-05-12,25.6,5.7,0.0,5.09,28.27,6.9,52
shaanxi_guanzhong,2015-05-13,29.1,11.7,0.0,5.22,27.37,6.2,63
shaanxi_guanzhong,2015-05-14,28.2,16.3,0.1,3.78,17.22,10.7,66
shaanxi_guanzhong,2015-05-15,28.2,13.3,0.0,5.48,27.38,8.3,56
shaanxi_guanzhong,2015-05-16,25.8,13.0,0.0,3.51,17.4,6.7,58
shaanxi_guanzhong,2015-05-17,26.2,16.0,0.0,3.82,19.09,5.1,65
shaanxi_guanzhong,2015-05-18,29.2,15.2,0.0,5.62,28.38,6.3,53
shaanxi_guanzhong,2015-05-19,30.4,15.9,0.0,5.2,24.91,11.2,56
shaanxi_guanzhong,2015-05-20,24.1,18.8,0.9,3.27,13.28,19.2,56
shaanxi_guanzhong,2015-05-21,18.8,14.0,6.8,1.83,8.74,9.7,75
shaanxi_guanzhong,2015-05-22,22.2,14.7,0.0,3.07,16.29,6.8,65
shaanxi_guanzhong,2015-05-23,26.1,11.1,0.0,5.18,28.2,4.4,59
shaanxi_guanzhong,2015-05-24,27.8,13.2,0.0,5.36,27.71,8.1,55
shaanxi_guanzhong,2015-05-25,23.7,15.1,0.4,2.51,12.36,4.2,55
shaanxi_guanzhong,2015-05-26,25.8,19.0,0.0,3.76,18.75,5.5,60
shaanxi_guanzhong,2015-05-27,28.8,15.3,0.0,5.11,25.96,5.9,62
shaanxi_guanzhong,2015-05-28,23.3,17.7,1.6,1.81,6.12,15.5,74
shaanxi_guanzhong,2015-05-29,26.4,16.0,0.2,4.39,21.72,9.1,64
shaanxi_guanzhong,2015-05-30,29.2,13.0,0.0,5.27,26.7,6.4,60
shaanxi_guanzhong,2015-05-31,27.1,17.2,9.4,3.28,15.56,7.1,71
shaanxi_guanzhong,2015-06-01,23.6,19.2,8.3,1.92,9.29,5.1,85
shaanxi_guanzhong,2015-06-02,25.5,16.4,0.5,3.06,15.39,5.5,76
shaanxi_guanzhong,2015-06-03,21.6,18.4,5.1,1.41,6.18,7.3,82
shaanxi_guanzhong,2015-06-04,26.1,14.4,12.6,4.88,23.96,14.8,62
shaanxi_guanzhong,2015-06-05,30.2,12.5,0.0,5.8,29.21,6.6,55
shaanxi_guanzhong,2015-06-06,29.3,16.4,0.0,4.44,21.88,5.2,61
shaanxi_guanzhong,2015-06-07,28.1,16.8,0.0,4.02,19.31,7.0,65
shaanxi_guanzhong,2015-06-08,28.1,14.4,0.0,5.1,26.54,3.7,57
shaanxi_guanzhong,2015-06-09,30.6,15.2,0.1,5.31,25.95,8.7,64
shaanxi_guanzhong,2015-06-10,28.6,16.4,0.0,5.76,23.91,15.8,50
shaanxi_guanzhong,2015-06-11,29.9,12.9,0.0,6.46,30.78,12.1,34
shaanxi_guanzhong,2015-06-12,29.2,14.9,0.0,3.77,15.76,8.4,51
shaanxi_guanzhong,2015-06-13,29.1,14.8,0.0,5.58,27.85,7.0,50
shaanxi_guanzhong,2015-06-14,29.9,15.2,0.0,4.11,20.57,4.8,50
shaanxi_guanzhong,2015-06-15,22.6,18.9,9.0,1.45,6.63,7.4,85
shaanxi_guanzhong,2015-06-16,22.8,17.3,0.6,2.06,10.24,6.8,82
shaanxi_guanzhong,2015-06-17,28.4,16.0,0.0,5.01,25.57,6.9,73
shaanxi_guanzhong,2015-06-18,30.2,17.8,0.0,5.21,25.74,5.1,60
shaanxi_guanzhong,2015-06-19,30.7,18.1,0.0,4.64,22.15,6.5,59
shaanxi_guanzhong,2015-06-20,24.0,20.3,3.5,1.76,7.39,9.5,75
shaanxi_guanzhong,2015-06-21,28.2,18.7,0.1,4.74,23.79,8.8,67
shaanxi_guanzhong,2015-06-22,29.1,17.8,0.0,4.59,21.45,10.7,66
shaanxi_guanzhong,2015-06-23,23.0,20.1,38.6,0.77,2.31,11.0,89
shaanxi_guanzhong,2015-06-24,20.3,18.5,27.4,0.49,1.48,5.0,95
shaanxi_guanzhong,2015-06-25,26.6,18.2,3.9,3.96,20.44,7.6,80
shaanxi_guanzhong,2015-06-26,25.5,19.0,8.6,2.13,10.16,9.5,85
shaanxi_guanzhong,2015-06-27,23.1,20.3,8.9,1.37,6.15,9.7,91
shaanxi_guanzhong,2015-06-28,23.3,19.4,29.3,1.24,5.84,11.0,93
shaanxi_guanzhong,2015-06-29,23.9,20.6,34.3,1.41,6.33,5.5,91
shaanxi_guanzhong,2015-06-30,28.4,20.6,9.7,2.41,10.94,9.2,85
shaanxi_guanzhong,2015-07-01,30.2,18.0,0.0,5.75,28.58,7.2,68
shaanxi_guanzhong,2015-07-02,30.2,17.6,0.0,4.12,19.88,7.0,67
shaanxi_guanzhong,2015-07-03,25.9,19.4,0.0,2.16,9.36,7.1,73
shaanxi_guanzhong,2015-07-04,26.4,18.2,0.4,3.8,19.68,3.9,79
shaanxi_guanzhong,2015-07-05,27.3,20.5,0.0,3.93,19.6,6.8,70
shaanxi_guanzhong,2015-07-06,27.3,17.7,0.0,4.98,25.83,8.8,72
shaanxi_guanzhong,2015-07-07,27.5,17.9,0.0,5.17,27.03,7.6,70
shaanxi_guanzhong,2015-07-08,29.2,17.1,0.0,5.66,28.32,14.1,66
shaanxi_guanzhong,2015-07-09,27.4,20.5,0.0,4.77,24.9,3.3,64
shaanxi_guanzhong,2015-07-10,27.8,16.6,0.0,4.94,25.3,6.6,69
shaanxi_guanzhong,2015-07-11,29.4,18.7,0.0,5.39,27.28,10.0,69
shaanxi_guanzhong,2015-07-12,29.7,19.9,0.0,4.75,23.34,6.2,70
shaanxi_guanzhong,2015-07-13,30.8,19.9,0.0,4.69,21.51,10.3,63
shaanxi_guanzhong,2015-07-14,30.0,18.1,0.0,4.12,18.64,9.4,70
shaanxi_guanzhong,2015-07-15,28.2,19.8,0.0,4.84,22.53,8.9,61
shaanxi_guanzhong,2015-07-16,28.8,18.2,0.0,5.29,26.73,9.4,64
shaanxi_guanzhong,2015-07-17,28.5,18.7,0.0,4.84,23.88,7.6,63
shaanxi_guanzhong,2015-07-18,30.4,19.1,0.0,5.02,24.11,8.1,68
shaanxi_guanzhong,2015-07-19,30.5,19.8,0.0,5.14,25.06,6.3,66
shaanxi_guanzhong,2015-07-20,30.9,19.6,0.0,4.99,23.58,7.4,67
shaanxi_guanzhong,2015-07-21,31.5,21.1,0.0,4.88,22.89,6.3,65
shaanxi_guanzhong,2015-07-22,30.0,20.9,0.0,4.18,19.9,5.4,69
shaanxi_guanzhong,2015-07-23,30.2,18.6,0.6,5.06,22.42,11.4,61
shaanxi_guanzhong,2015-07-24,33.7,18.4,0.0,6.12,27.06,10.5,48
shaanxi_guanzhong,2015-07-25,34.3,17.8,0.0,6.11,28.59,6.1,48
shaanxi_guanzhong,2015-07-26,34.2,18.4,0.0,5.98,26.7,8.6,50
shaanxi_guanzhong,2015-07-27,33.5,22.6,0.0,5.21,23.98,7.9,62
shaanxi_guanzhong,2015-07-28,33.8,23.1,0.0,5.38,24.8,5.7,58
shaanxi_guanzhong,2015-07-29,33.9,22.4,0.0,5.08,23.53,5.4,59
shaanxi_guanzhong,2015-07-30,34.3,23.5,0.0,5.37,24.05,7.6,59
shaanxi_guanzhong,2015-07-31,35.0,25.3,0.0,5.4,23.0,9.8,57
shaanxi_guanzhong,2015-08-01,34.1,25.9,0.0,4.74,20.61,6.7,60
shaanxi_guanzhong,2015-08-02,35.6,25.1,0.0,5.17,22.53,7.7,61
shaanxi_guanzhong,2015-08-03,31.5,21.7,15.0,3.49,15.22,14.5,73
shaanxi_guanzhong,2015-08-04,22.1,20.1,11.3,1.32,4.96,10.8,79
shaanxi_guanzhong,2015-08-05,30.9,15.0,0.0,5.58,27.76,5.5,59
shaanxi_guanzhong,2015-08-06,32.0,16.5,0.0,5.76,27.45,7.6,56
shaanxi_guanzhong,2015-08-07,31.2,21.0,0.0,4.64,21.68,8.8,62
shaanxi_guanzhong,2015-08-08,29.7,22.7,0.0,3.7,17.42,5.9,68
shaanxi_guanzhong,2015-08-09,27.2,20.7,2.1,2.58,12.41,4.8,76
shaanxi_guanzhong,2015-08-10,27.0,21.3,19.0,2.45,11.62,7.0,79
shaanxi_guanzhong,2015-08-11,27.6,22.6,12.6,2.99,14.14,10.6,77
shaanxi_guanzhong,2015-08-12,28.8,21.2,4.6,4.07,19.68,7.1,73
shaanxi_guanzhong,2015-08-13,28.5,21.2,0.3,3.85,18.66,7.2,73
shaanxi_guanzhong,2015-08-14,25.0,20.0,3.2,2.49,11.65,9.1,71
shaanxi_guanzhong,2015-08-15,28.7,15.4,0.0,5.01,25.54,6.8,68
shaanxi_guanzhong,2015-08-16,29.6,18.7,0.0,4.34,21.08,6.3,68
shaanxi_guanzhong,2015-08-17,25.2,21.8,0.0,3.27,12.97,11.9,57
shaanxi_guanzhong,2015-08-18,22.1,18.5,6.0,1.44,6.85,5.4,81
shaanxi_guanzhong,2015-08-19,25.2,18.3,0.0,2.25,10.03,6.8,74
shaanxi_guanzhong,2015-08-20,30.4,17.3,0.0,4.79,23.25,5.8,56
shaanxi_guanzhong,2015-08-21,30.6,16.1,0.0,5.13,24.83,7.1,51
shaanxi_guanzhong,2015-08-22,31.5,14.8,0.0,4.94,24.07,6.1,51
shaanxi_guanzhong,2015-08-23,30.5,18.2,0.0,4.45,21.24,6.5,57
shaanxi_guanzhong,2015-08-24,27.7,18.6,0.0,4.59,23.64,7.6,60
shaanxi_guanzhong,2015-08-25,28.6,19.9,0.0,4.63,23.32,8.0,55
shaanxi_guanzhong,2015-08-26,29.1,16.9,0.0,4.25,21.03,6.0,59
shaanxi_guanzhong,2015-08-27,28.6,16.7,0.0,4.25,21.59,4.1,63
shaanxi_guanzhong,2015-08-28,30.2,14.9,0.0,5.03,25.23,8.7,54
shaanxi_guanzhong,2015-08-29,30.8,15.1,0.0,4.9,24.53,4.7,53
shaanxi_guanzhong,2015-08-30,31.0,16.5,0.0,4.57,21.26,11.2,56
shaanxi_guanzhong,2015-08-31,27.9,20.3,0.3,4.18,20.85,7.2,64
shaanxi_guanzhong,2015-09-01,29.0,16.3,0.0,4.34,20.73,7.8,61
shaanxi_guanzhong,2015-09-02,27.6,18.7,0.7,3.09,13.96,8.9,64
shaanxi_guanzhong,2015-09-03,25.7,20.0,13.6,1.85,7.1,13.8,81
shaanxi_guanzhong,2015-09-04,27.0,19.3,24.3,2.54,12.46,8.4,84
shaanxi_guanzhong,2015-09-05,30.3,16.6,0.0,5.04,23.82,12.8,66
shaanxi_guanzhong,2015-09-06,28.1,15.4,0.0,4.63,23.79,8.1,60
shaanxi_guanzhong,2015-09-07,27.5,16.0,1.7,3.91,19.01,13.4,67
shaanxi_guanzhong,2015-09-08,22.8,19.3,7.6,1.32,5.54,12.0,87
shaanxi_guanzhong,2015-09-09,20.4,19.0,17.6,0.54,1.82,4.8,94
shaanxi_guanzhong,2015-09-10,19.6,17.6,29.8,0.46,1.16,13.7,93
shaanxi_guanzhong,2015-09-11,24.7,16.1,3.6,3.48,17.4,9.9,69
shaanxi_guanzhong,2015-09-12,22.2,11.4,0.0,3.79,21.57,6.5,59
shaanxi_guanzhong,2015-09-13,22.2,14.0,0.0,2.94,16.12,6.8,65
shaanxi_guanzhong,2015-09-14,23.6,13.3,0.0,3.59,20.16,9.4,69
shaanxi_guanzhong,2015-09-15,24.6,16.0,0.0,3.59,19.81,9.7,71
shaanxi_guanzhong,2015-09-16,20.0,15.1,16.0,1.25,5.75,10.5,84
shaanxi_guanzhong,2015-09-17,20.2,17.3,7.5,0.98,4.41,6.7,89
shaanxi_guanzhong,2015-09-18,21.5,16.3,0.7,1.69,8.68,4.4,84
shaanxi_guanzhong,2015-09-19,22.6,13.0,0.2,2.36,13.05,3.6,85
shaanxi_guanzhong,2015-09-20,24.6,13.3,0.0,3.46,19.18,7.6,77
shaanxi_guanzhong,2015-09-21,25.0,15.6,0.0,3.03,15.97,7.0,69
shaanxi_guanzhong,2015-09-22,21.2,13.6,17.4,1.9,8.81,21.6,75
shaanxi_guanzhong,2015-09-23,23.2,9.5,3.1,3.47,19.24,10.2,73
shaanxi_guanzhong,2015-09-24,19.8,13.9,5.6,1.77,9.48,8.6,77
shaanxi_guanzhong,2015-09-25,23.3,12.0,0.0,3.29,18.37,6.0,73
shaanxi_guanzhong,2015-09-26,23.6,15.5,0.5,2.58,13.61,7.9,73
shaanxi_guanzhong,2015-09-27,21.5,17.8,4.7,1.28,6.08,5.4,80
shaanxi_guanzhong,2015-09-28,19.4,17.7,26.6,0.66,2.37,12.6,91
shaanxi_guanzhong,2015-09-29,20.4,16.2,5.1,1.64,7.58,13.7,82
shaanxi_guanzhong,2015-09-30,21.1,13.6,6.7,2.23,9.66,23.5,77
shaanxi_guanzhong,2015-10-01,18.6,6.8,0.0,3.9,21.59,14.8,42
shaanxi_guanzhong,2015-10-02,17.8,6.4,0.4,1.85,10.68,5.2,69
shaanxi_guanzhong,2015-10-03,17.0,8.6,1.4,1.09,5.4,3.8,78
shaanxi_guanzhong,2015-10-04,19.0,10.5,0.1,1.94,11.04,5.6,79
shaanxi_guanzhong,2015-10-05,21.4,11.3,0.3,2.76,15.96,8.2,73
shaanxi_guanzhong,2015-10-06,19.1,15.0,0.1,1.38,7.0,5.8,78
shaanxi_guanzhong,2015-10-07,23.5,12.8,0.0,2.98,16.83,5.2,76
shaanxi_guanzhong,2015-10-08,13.5,7.9,0.4,1.2,4.85,12.0,73
shaanxi_guanzhong,2015-10-09,20.3,4.9,0.0,2.94,18.03,8.0,67
shaanxi_guanzhong,2015-10-10,21.4,5.9,0.0,3.46,19.59,9.8,52
shaanxi_guanzhong,2015-10-11,18.8,5.4,0.0,3.01,19.16,5.2,52
shaanxi_guanzhong,2015-10-12,19.8,5.9,0.0,3.08,18.38,10.3,57
shaanxi_guanzhong,2015-10-13,20.6,10.8,0.0,2.7,15.72,7.2,57
shaanxi_guanzhong,2015-10-14,22.5,8.9,0.0,2.93,16.93,4.5,73
shaanxi_guanzhong,2015-10-15,22.8,11.2,0.0,3.13,17.59,9.8,67
shaanxi_guanzhong,2015-10-16,23.9,11.8,0.0,3.01,17.2,8.0,68
shaanxi_guanzhong,2015-10-17,23.4,13.7,0.0,2.09,9.95,8.7,70
shaanxi_guanzhong,2015-10-18,20.6,13.4,0.6,1.65,8.37,6.4,69
shaanxi_guanzhong,2015-10-19,22.9,9.9,0.0,2.79,16.06,8.3,77
shaanxi_guanzhong,2015-10-20,23.8,11.5,0.0,2.96,16.7,8.5,73
shaanxi_guanzhong,2015-10-21,23.0,12.7,0.0,2.67,15.23,8.4,75
shaanxi_guanzhong,2015-10-22,17.2,13.4,3.8,1.36,7.05,7.2,77
shaanxi_guanzhong,2015-10-23,18.7,12.3,5.1,1.64,9.58,7.5,80
shaanxi_guanzhong,2015-10-24,15.4,12.5,21.9,0.49,2.13,11.3,93
shaanxi_guanzhong,2015-10-25,14.2,12.1,9.4,0.56,2.73,13.7,93
shaanxi_guanzhong,2015-10-26,13.0,3.5,4.8,1.45,8.03,19.8,71
shaanxi_guanzhong,2015-10-27,16.7,1.7,0.5,2.22,14.46,4.4,59
shaanxi_guanzhong,2015-10-28,15.4,9.3,0.1,1.17,6.4,5.7,74
shaanxi_guanzhong,2015-10-29,16.0,9.5,0.2,1.65,10.52,4.0,69
shaanxi_guanzhong,2015-10-30,11.7,6.8,0.5,1.38,6.79,8.4,58
shaanxi_guanzhong,2015-10-31,10.4,3.1,7.5,1.02,6.84,7.4,78
shaanxi_guanzhong,2015-11-01,13.8,0.8,0.0,2.17,15.65,8.3,69
shaanxi_guanzhong,2015-11-02,15.8,4.2,0.0,2.18,14.97,11.1,63
shaanxi_guanzhong,2015-11-03,16.8,6.9,0.0,1.87,12.38,8.2,74
shaanxi_guanzhong,2015-11-04,15.6,10.4,1.0,1.05,5.84,7.4,81
shaanxi_guanzhong,2015-11-05,13.7,10.5,8.5,0.62,3.35,13.6,92
shaanxi_guanzhong,2015-11-06,11.0,8.2,6.0,0.33,1.27,10.8,96
shaanxi_guanzhong,2015-11-07,8.8,7.4,6.3,0.42,2.02,6.6,92
shaanxi_guanzhong,2015-11-08,14.5,3.8,0.2,1.93,13.62,6.5,75
shaanxi_guanzhong,2015-11-09,14.2,5.3,0.0,1.73,12.24,9.6,75
shaanxi_guanzhong,2015-11-10,10.7,8.5,2.4,0.54,2.69,7.5,87
shaanxi_guanzhong,2015-11-11,9.1,7.3,3.2,0.48,2.46,10.0,91
shaanxi_guanzhong,2015-11-12,9.5,6.5,1.6,0.64,3.96,9.5,89
shaanxi_guanzhong,2015-11-13,12.9,5.9,0.0,1.3,9.58,10.5,86
shaanxi_guanzhong,2015-11-14,13.3,5.2,0.2,1.4,10.56,8.4,83
shaanxi_guanzhong,2015-11-15,13.9,7.9,1.5,1.03,6.15,6.9,80
shaanxi_guanzhong,2015-11-16,13.9,5.0,0.0,1.4,9.91,12.6,83
shaanxi_guanzhong,2015-11-17,9.1,7.5,5.7,0.3,1.04,6.2,94
shaanxi_guanzhong,2015-11-18,11.5,7.5,1.6,0.72,4.8,11.8,91
shaanxi_guanzhong,2015-11-19,11.1,6.4,0.5,0.82,5.88,8.4,90
shaanxi_guanzhong,2015-11-20,12.4,4.9,0.1,1.11,8.33,7.4,89
shaanxi_guanzhong,2015-11-21,9.7,5.1,1.0,0.47,2.77,9.2,94
shaanxi_guanzhong,2015-11-22,10.6,8.2,3.7,0.55,3.21,8.0,92
shaanxi_guanzhong,2015-11-23,8.2,4.1,10.5,0.29,1.14,11.9,94
shaanxi_guanzhong,2015-11-24,4.6,0.2,7.3,0.44,3.05,9.7,89
shaanxi_guanzhong,2015-11-25,11.0,-2.4,0.0,1.64,12.03,9.0,65
shaanxi_guanzhong,2015-11-26,9.3,-0.2,0.0,1.55,12.32,9.5,57
shaanxi_guanzhong,2015-11-27,12.5,0.3,0.0,1.53,12.1,4.0,70
shaanxi_guanzhong,2015-11-28,12.5,1.9,0.0,1.16,7.91,3.9,73
shaanxi_guanzhong,2015-11-29,14.0,0.7,0.0,1.65,12.12,6.5,74
shaanxi_guanzhong,2015-11-30,13.3,0.2,0.0,1.56,11.8,7.6,77
shaanxi_guanzhong,2015-12-01,14.2,1.5,0.0,1.78,11.88,11.3,64
shaanxi_guanzhong,2015-12-02,9.7,-2.5,0.0,1.43,11.98,5.4,54
shaanxi_guanzhong,2015-12-03,7.2,-1.7,0.0,1.34,11.52,4.6,49
shaanxi_guanzhong,2015-12-04,6.5,-2.3,0.0,1.36,10.72,9.8,51
shaanxi_guanzhong,2015-12-05,7.8,1.5,0.0,1.13,8.19,5.4,53
shaanxi_guanzhong,2015-12-06,11.0,-1.4,0.0,1.35,10.98,7.1,70
shaanxi_guanzhong,2015-12-07,11.2,-1.1,0.0,1.41,11.44,8.9,78
shaanxi_guanzhong,2015-12-08,7.4,0.9,0.7,0.73,5.8,9.6,84
shaanxi_guanzhong,2015-12-09,8.5,0.8,0.0,0.93,8.19,8.1,86
shaanxi_guanzhong,2015-12-10,9.8,1.3,0.0,1.09,8.88,9.1,84
shaanxi_guanzhong,2015-12-11,6.1,1.5,0.0,0.66,4.73,13.4,84
shaanxi_guanzhong,2015-12-12,3.6,0.7,2.0,0.52,4.08,8.9,87
shaanxi_guanzhong,2015-12-13,5.3,-2.2,2.5,0.81,5.05,16.2,76
shaanxi_guanzhong,2015-12-14,5.1,-4.0,0.0,1.09,7.25,10.8,58
shaanxi_guanzhong,2015-12-15,5.2,-4.0,0.0,1.46,10.72,14.2,45
shaanxi_guanzhong,2015-12-16,3.1,-5.2,0.0,1.22,11.83,6.1,45
shaanxi_guanzhong,2015-12-17,3.6,-5.5,0.0,1.23,11.48,10.6,45
shaanxi_guanzhong,2015-12-18,4.9,-4.3,0.0,1.2,10.85,5.1,48
shaanxi_guanzhong,2015-12-19,4.5,-1.8,0.0,1.1,9.23,7.4,51
shaanxi_guanzhong,2015-12-20,6.2,-2.9,0.0,1.19,11.17,10.3,66
shaanxi_guanzhong,2015-12-21,5.1,-2.5,0.0,0.81,6.69,5.7,72
shaanxi_guanzhong,2015-12-22,7.1,-1.8,0.0,1.03,9.04,4.0,76
shaanxi_guanzhong,2015-12-23,4.4,-1.5,0.3,0.57,4.46,8.6,84
shaanxi_guanzhong,2015-12-24,6.9,-3.3,0.0,1.35,8.18,11.9,53
shaanxi_guanzhong,2015-12-25,11.2,-3.8,0.0,1.51,11.75,5.4,51
shaanxi_guanzhong,2015-12-26,11.9,-2.5,0.0,1.54,11.63,6.5,55
shaanxi_guanzhong,2015-12-27,7.6,-4.0,0.0,1.33,11.35,6.1,57
shaanxi_guanzhong,2015-12-28,6.7,-2.4,0.0,1.21,11.08,6.8,68
shaanxi_guanzhong,2015-12-29,10.5,-3.7,0.0,1.39,11.58,4.7,69
shaanxi_guanzhong,2015-12-30,9.2,-3.2,0.0,1.41,11.4,7.6,59
shaanxi_guanzhong,2015-12-31,9.7,-1.8,0.0,1.39,11.38,8.8,63
shaanxi_guanzhong,2016-01-01,12.4,0.7,0.0,1.44,11.16,4.8,73
shaanxi_guanzhong,2016-01-02,13.7,-1.5,0.0,1.53,11.84,4.3,72
shaanxi_guanzhong,2016-01-03,11.1,0.1,0.0,1.39,10.54,6.1,61
shaanxi_guanzhong,2016-01-04,11.1,-0.1,0.0,1.25,9.09,7.6,67
shaanxi_guanzhong,2016-01-05,4.4,0.3,0.0,0.71,5.43,9.2,75
shaanxi_guanzhong,2016-01-06,7.5,-2.8,0.0,1.23,10.87,5.9,70
shaanxi_guanzhong,2016-01-07,5.6,-1.4,0.0,1.04,8.9,6.8,67
shaanxi_guanzhong,2016-01-08,5.4,-2.9,0.0,1.34,11.65,8.7,58
shaanxi_guanzhong,2016-01-09,6.2,-2.5,0.0,1.28,11.4,5.4,56
shaanxi_guanzhong,2016-01-10,7.4,-2.0,0.0,0.91,6.84,5.6,67
shaanxi_guanzhong,2016-01-11,3.1,-1.9,0.0,1.04,8.06,12.6,61
shaanxi_guanzhong,2016-01-12,1.7,-2.6,1.3,0.69,6.61,4.3,76
shaanxi_guanzhong,2016-01-13,3.7,-4.3,0.0,1.22,12.2,5.1,61
shaanxi_guanzhong,2016-01-14,5.9,-4.6,0.0,1.39,12.98,5.2,53
shaanxi_guanzhong,2016-01-15,8.6,-5.0,0.0,1.5,12.86,5.4,55
shaanxi_guanzhong,2016-01-16,7.7,-3.6,0.0,1.05,8.29,5.4,62
shaanxi_guanzhong,2016-01-17,5.8,-3.5,0.0,1.52,12.95,10.3,53
shaanxi_guanzhong,2016-01-18,3.1,-4.7,0.0,1.44,13.2,7.6,51
shaanxi_guanzhong,2016-01-19,3.0,-6.4,0.0,1.41,10.62,11.0,42
shaanxi_guanzhong,2016-01-20,2.9,-2.8,0.0,0.87,7.63,6.1,65
shaanxi_guanzhong,2016-01-21,4.9,-3.8,0.0,1.31,11.96,14.8,67
shaanxi_guanzhong,2016-01-22,-0.7,-7.5,4.0,1.08,8.18,12.8,47
shaanxi_guanzhong,2016-01-23,-0.3,-8.3,0.0,1.57,13.11,21.4,26
shaanxi_guanzhong,2016-01-24,-3.2,-10.4,0.0,1.43,14.61,12.5,19
shaanxi_guanzhong,2016-01-25,1.0,-8.9,0.0,1.34,14.41,5.3,30
shaanxi_guanzhong,2016-01-26,3.5,-8.3,0.0,1.48,13.59,10.6,37
shaanxi_guanzhong,2016-01-27,4.6,-4.4,0.0,1.37,11.87,7.1,36
shaanxi_guanzhong,2016-01-28,5.9,-4.3,0.0,1.4,12.32,5.2,53
shaanxi_guanzhong,2016-01-29,6.8,-4.7,0.0,1.45,12.41,10.8,63
shaanxi_guanzhong,2016-01-30,5.1,-2.7,1.2,1.15,10.05,10.3,71
shaanxi_guanzhong,2016-01-31,1.1,-4.1,5.0,1.09,9.98,7.9,59
shaanxi_guanzhong,2016-02-01,1.4,-5.6,0.0,1.32,14.0,5.2,47
shaanxi_guanzhong,2016-02-02,4.8,-6.6,0.0,1.58,14.94,8.7,48
shaanxi_guanzhong,2016-02-03,5.7,-5.1,0.0,1.35,11.48,5.6,52
shaanxi_guanzhong,2016-02-04,7.6,-4.2,0.0,1.74,15.29,5.6,56
shaanxi_guanzhong,2016-02-05,6.3,-4.1,0.0,1.85,14.62,14.4,44
shaanxi_guanzhong,2016-02-06,8.5,-5.6,0.0,1.94,15.44,11.8,37
shaanxi_guanzhong,2016-02-07,13.7,-2.7,0.0,2.28,15.93,11.7,43
shaanxi_guanzhong,2016-02-08,15.2,-2.7,0.0,2.25,16.09,4.8,53
shaanxi_guanzhong,2016-02-09,14.0,-0.1,0.0,2.02,13.76,8.1,58
shaanxi_guanzhong,2016-02-10,12.8,3.4,0.0,1.5,9.62,7.3,58
shaanxi_guanzhong,2016-02-11,12.3,1.5,0.0,1.58,11.22,10.4,75
shaanxi_guanzhong,2016-02-12,7.7,0.1,5.9,1.12,4.82,20.6,70
shaanxi_guanzhong,2016-02-13,2.6,-2.7,1.1,1.7,9.95,17.6,41
shaanxi_guanzhong,2016-02-14,1.5,-4.8,0.0,1.29,10.41,8.4,37
shaanxi_guanzhong,2016-02-15,4.2,-5.9,0.0,1.8,17.4,5.8,33
shaanxi_guanzhong,2016-02-16,7.7,-5.2,0.0,1.98,16.88,4.7,38
shaanxi_guanzhong,2016-02-17,10.0,-5.2,0.0,2.12,16.52,7.6,48
shaanxi_guanzhong,2016-02-18,11.0,-2.5,0.0,2.14,15.71,10.0,50
shaanxi_guanzhong,2016-02-19,8.6,-3.2,0.0,2.41,17.75,11.5,38
shaanxi_guanzhong,2016-02-20,7.1,-4.0,0.0,2.21,18.13,13.5,33
shaanxi_guanzhong,2016-02-21,3.4,-3.2,5.4,0.7,4.01,8.5,59
shaanxi_guanzhong,2016-02-22,10.8,-4.1,0.0,2.28,17.87,5.0,61
shaanxi_guanzhong,2016-02-23,8.2,-1.9,0.0,1.69,12.11,9.2,50
shaanxi_guanzhong,2016-02-24,10.3,-0.7,0.0,1.94,14.55,4.7,56
shaanxi_guanzhong,2016-02-25,14.3,-1.2,0.0,2.1,13.64,8.9,63
shaanxi_guanzhong,2016-02-26,16.3,-1.1,0.0,2.69,18.23,7.6,50
shaanxi_guanzhong,2016-02-27,18.4,1.8,0.0,3.05,18.93,11.5,48
shaanxi_guanzhong,2016-02-28,15.3,2.4,0.0,2.64,16.51,14.8,42
shaanxi_guanzhong,2016-02-29,14.1,1.8,0.0,2.83,19.03,12.8,42
shaanxi_guanzhong,2016-03-01,14.6,3.1,0.0,2.65,18.27,6.0,44
shaanxi_guanzhong,2016-03-02,18.0,2.6,0.0,2.79,17.67,4.9,50
shaanxi_guanzhong,2016-03-03,20.6,3.6,0.0,3.24,19.76,6.0,52
shaanxi_guanzhong,2016-03-04,14.5,5.7,0.0,2.27,8.78,21.9,45
shaanxi_guanzhong,2016-03-05,13.1,0.0,0.0,2.84,18.49,10.2,29
shaanxi_guanzhong,2016-03-06,16.2,4.4,0.0,2.39,15.03,5.4,38
shaanxi_guanzhong,2016-03-07,14.0,7.3,0.0,1.91,9.66,10.8,50
shaanxi_guanzhong,2016-03-08,10.6,5.1,0.0,1.65,8.6,11.2,53
shaanxi_guanzhong,2016-03-09,6.7,0.3,3.2,1.13,6.24,10.5,62
shaanxi_guanzhong,2016-03-10,5.4,-3.3,0.0,2.05,18.98,8.4,56
shaanxi_guanzhong,2016-03-11,12.4,-1.5,0.0,2.88,21.07,11.0,41
shaanxi_guanzhong,2016-03-12,14.0,-0.7,0.0,2.27,14.86,7.2,55
shaanxi_guanzhong,2016-03-13,12.8,1.9,0.0,3.13,21.29,9.1,39
shaanxi_guanzhong,2016-03-14,15.7,2.2,0.0,2.61,15.08,12.1,38
shaanxi_guanzhong,2016-03-15,15.0,4.9,0.7,2.37,15.2,8.5,64
shaanxi_guanzhong,2016-03-16,14.7,7.0,0.1,2.12,12.92,8.0,56
shaanxi_guanzhong,2016-03-17,14.6,7.0,0.1,1.48,8.5,6.1,69
shaanxi_guanzhong,2016-03-18,20.9,3.8,0.0,3.67,21.4,9.4,58
shaanxi_guanzhong,2016-03-19,24.9,8.2,0.0,4.27,21.27,13.7,50
shaanxi_guanzhong,2016-03-20,19.7,11.0,0.0,3.17,12.29,20.3,59
shaanxi_guanzhong,2016-03-21,18.6,8.2,2.1,2.61,11.95,15.5,59
shaanxi_guanzhong,2016-03-22,12.7,8.5,1.6,1.0,4.94,6.2,69
shaanxi_guanzhong,2016-03-23,11.9,7.8,1.3,1.27,7.63,5.2,73
shaanxi_guanzhong,2016-03-24,12.8,6.7,0.1,1.68,10.84,7.0,71
shaanxi_guanzhong,2016-03-25,14.4,1.0,0.9,2.76,19.7,6.5,75
shaanxi_guanzhong,2016-03-26,15.6,0.5,1.5,3.46,23.42,13.4,53
shaanxi_guanzhong,2016-03-27,17.9,0.3,0.0,3.88,23.63,9.1,38
shaanxi_guanzhong,2016-03-28,21.5,4.8,0.0,3.59,19.72,10.2,50
shaanxi_guanzhong,2016-03-29,19.4,7.7,0.0,2.36,12.66,6.1,46
shaanxi_guanzhong,2016-03-30,21.5,7.1,0.0,3.89,22.43,7.0,54
shaanxi_guanzhong,2016-03-31,25.2,8.0,0.0,4.32,23.16,9.8,56
shaanxi_guanzhong,2016-04-01,24.8,8.8,0.0,4.19,22.57,8.2,56
shaanxi_guanzhong,2016-04-02,24.4,10.5,1.9,4.0,19.94,10.4,56
shaanxi_guanzhong,2016-04-03,14.8,9.8,3.6,2.06,10.31,13.2,66
shaanxi_guanzhong,2016-04-04,13.3,7.6,3.0,1.61,8.43,8.9,72
shaanxi_guanzhong,2016-04-05,11.4,9.5,3.4,0.66,3.04,4.3,87
shaanxi_guanzhong,2016-04-06,15.2,7.4,10.6,0.99,5.11,5.7,83
shaanxi_guanzhong,2016-04-07,22.5,7.1,0.0,3.9,22.16,7.6,62
shaanxi_guanzhong,2016-04-08,19.7,8.4,0.0,2.42,12.23,7.7,55
shaanxi_guanzhong,2016-04-09,20.0,11.2,0.0,2.68,14.1,6.5,55
shaanxi_guanzhong,2016-04-10,22.7,9.4,0.0,3.51,19.1,7.0,63
shaanxi_guanzhong,2016-04-11,22.7,11.6,0.6,3.12,17.09,6.2,68
shaanxi_guanzhong,2016-04-12,22.9,10.0,1.3,3.11,16.35,12.2,69
shaanxi_guanzhong,2016-04-13,22.0,7.4,4.2,3.1,16.27,11.4,65
shaanxi_guanzhong,2016-04-14,21.6,8.4,0.6,3.37,18.63,7.5,69
shaanxi_guanzhong,2016-04-15,16.7,8.8,17.2,1.0,4.85,23.5,80
shaanxi_guanzhong,2016-04-16,20.5,5.4,0.0,4.39,26.22,9.4,59
shaanxi_guanzhong,2016-04-17,18.8,8.6,0.0,4.32,21.59,25.1,41
shaanxi_guanzhong,2016-04-18,23.7,6.1,0.0,4.82,26.05,9.7,49
shaanxi_guanzhong,2016-04-19,22.0,10.2,0.7,3.35,17.88,5.6,56
shaanxi_guanzhong,2016-04-20,22.9,12.8,0.6,3.55,18.28,6.4,53
shaanxi_guanzhong,2016-04-21,24.9,9.8,0.0,4.14,20.71,7.1,50
shaanxi_guanzhong,2016-04-22,23.6,11.0,0.5,3.11,15.16,8.3,59
shaanxi_guanzhong,2016-04-23,22.3,13.4,0.8,3.92,21.1,7.6,56
shaanxi_guanzhong,2016-04-24,22.6,10.2,0.0,4.12,22.58,11.7,62
shaanxi_guanzhong,2016-04-25,20.9,11.4,1.3,2.63,13.96,7.3,67
shaanxi_guanzhong,2016-04-26,23.3,11.4,0.0,3.73,19.09,8.8,65
shaanxi_guanzhong,2016-04-27,25.9,10.9,0.0,5.15,26.61,7.9,46
shaanxi_guanzhong,2016-04-28,26.0,9.9,0.0,5.22,27.0,9.7,41
shaanxi_guanzhong,2016-04-29,28.0,13.5,0.0,4.83,25.22,7.1,53
shaanxi_guanzhong,2016-04-30,28.6,13.4,0.0,4.73,23.9,6.9,59
shaanxi_guanzhong,2016-05-01,29.7,15.0,0.0,5.01,24.81,6.8,56
shaanxi_guanzhong,2016-05-02,23.0,11.5,0.0,5.83,25.46,22.9,33
shaanxi_guanzhong,2016-05-03,25.8,9.6,0.0,5.18,27.19,7.3,34
shaanxi_guanzhong,2016-05-04,29.7,14.6,0.0,5.15,24.55,8.9,51
shaanxi_guanzhong,2016-05-05,28.0,17.3,1.4,3.96,18.21,8.9,63
shaanxi_guanzhong,2016-05-06,22.6,14.5,0.0,3.16,11.5,9.0,43
shaanxi_guanzhong,2016-05-07,16.8,9.7,5.7,1.42,6.58,10.2,76
shaanxi_guanzhong,2016-05-08,18.8,10.2,1.4,2.4,13.32,5.5,76
shaanxi_guanzhong,2016-05-09,27.3,10.4,0.0,5.13,25.23,12.3,56
shaanxi_guanzhong,2016-05-10,29.7,12.0,0.0,5.77,27.93,7.9,44
shaanxi_guanzhong,2016-05-11,32.8,15.1,0.0,6.01,27.45,9.9,53
shaanxi_guanzhong,2016-05-12,22.5,15.4,0.0,5.04,19.45,22.2,34
shaanxi_guanzhong,2016-05-13,16.8,11.0,4.2,2.3,10.81,15.8,61
shaanxi_guanzhong,2016-05-14,13.7,10.1,16.0,1.18,6.22,14.8,83
shaanxi_guanzhong,2016-05-15,21.4,8.3,0.0,5.25,29.07,12.7,41
shaanxi_guanzhong,2016-05-16,24.9,5.9,0.0,5.17,28.13,9.1,52
shaanxi_guanzhong,2016-05-17,26.7,12.8,0.0,4.92,25.33,10.7,58
shaanxi_guanzhong,2016-05-18,26.1,15.3,0.3,4.82,24.21,10.2,58
shaanxi_guanzhong,2016-05-19,23.4,16.2,0.0,3.06,13.63,8.7,57
shaanxi_guanzhong,2016-05-20,25.1,15.0,0.0,4.37,22.41,8.8,59
shaanxi_guanzhong,2016-05-21,24.5,15.4,0.0,3.93,20.49,7.9,59
shaanxi_guanzhong,2016-05-22,23.3,16.3,1.5,2.54,11.75,5.9,65
shaanxi_guanzhong,2016-05-23,22.8,13.4,5.7,3.76,18.61,15.5,62
shaanxi_guanzhong,2016-05-24,27.5,10.1,0.0,5.26,27.58,10.1,57
shaanxi_guanzhong,2016-05-25,17.4,13.1,8.2,1.25,4.68,12.0,78
shaanxi_guanzhong,2016-05-26,16.8,11.5,2.9,1.51,6.56,10.6,70
shaanxi_guanzhong,2016-05-27,15.0,11.6,4.6,1.42,7.65,5.1,81
shaanxi_guanzhong,2016-05-28,23.0,11.3,0.0,4.78,27.09,7.1,67
shaanxi_guanzhong,2016-05-29,27.1,11.4,0.0,5.22,27.59,6.6,64
shaanxi_guanzhong,2016-05-30,28.4,15.2,0.0,5.24,26.16,8.7,59
shaanxi_guanzhong,2016-05-31,23.3,19.0,0.3,2.04,9.56,4.3,68
shaanxi_guanzhong,2016-06-01,19.6,16.5,15.3,0.75,2.67,7.6,86
shaanxi_guanzhong,2016-06-02,16.3,15.3,15.6,0.55,1.76,4.9,90
shaanxi_guanzhong,2016-06-03,26.4,12.4,0.0,5.02,27.35,6.9,74
shaanxi_guanzhong,2016-06-04,29.0,15.3,0.0,4.48,20.64,10.1,66
shaanxi_guanzhong,2016-06-05,31.2,14.6,0.0,5.89,27.91,9.7,56
shaanxi_guanzhong,2016-06-06,28.7,17.9,0.0,4.97,24.91,8.0,62
shaanxi_guanzhong,2016-06-07,28.4,19.1,0.9,4.56,22.69,10.8,67
shaanxi_guanzhong,2016-06-08,28.2,17.5,0.0,4.78,24.36,8.5,67
shaanxi_guanzhong,2016-06-09,29.1,19.3,0.0,4.25,20.31,7.0,67
shaanxi_guanzhong,2016-06-10,32.5,17.2,0.0,5.4,26.07,4.7,60
shaanxi_guanzhong,2016-06-11,31.3,18.6,3.6,5.08,23.59,13.2,61
shaanxi_guanzhong,2016-06-12,28.7,18.2,0.0,4.5,22.39,6.8,72
shaanxi_guanzhong,2016-06-13,33.4,18.4,0.0,5.69,26.85,8.1,62
shaanxi_guanzhong,2016-06-14,32.5,18.9,0.6,6.57,27.03,15.4,47
shaanxi_guanzhong,2016-06-15,28.4,17.2,0.0,5.31,21.7,12.6,38
shaanxi_guanzhong,2016-06-16,30.8,13.3,0.0,6.28,30.38,9.0,39
shaanxi_guanzhong,2016-06-17,34.0,17.9,0.0,6.41,29.41,7.5,46
shaanxi_guanzhong,2016-06-18,33.8,22.6,0.0,5.16,23.83,5.6,51
shaanxi_guanzhong,2016-06-19,34.8,23.2,0.0,6.12,27.96,6.8,47
shaanxi_guanzhong,2016-06-20,34.4,22.7,0.0,5.62,25.68,6.4,48
shaanxi_guanzhong,2016-06-21,32.9,22.9,0.0,4.85,20.35,8.0,50
shaanxi_guanzhong,2016-06-22,34.8,22.7,0.0,5.58,24.66,7.9,54
shaanxi_guanzhong,2016-06-23,27.7,19.6,61.9,1.09,4.39,12.0,81
shaanxi_guanzhong,2016-06-24,28.0,16.0,0.0,5.2,26.5,8.6,68
shaanxi_guanzhong,2016-06-25,27.4,18.3,0.0,3.89,19.24,6.2,66
shaanxi_guanzhong,2016-06-26,26.6,20.6,0.2,3.09,14.86,5.2,69
shaanxi_guanzhong,2016-06-27,30.4,16.5,0.0,5.39,26.76,4.7,61
shaanxi_guanzhong,2016-06-28,32.8,19.1,0.0,5.53,26.21,7.2,57
shaanxi_guanzhong,2016-06-29,33.4,19.3,0.0,5.81,26.75,6.0,58
shaanxi_guanzhong,2016-06-30,27.4,21.3,14.3,2.18,9.91,9.0,77
shaanxi_guanzhong,2016-07-01,32.3,17.5,0.0,6.01,28.69,6.9,61
shaanxi_guanzhong,2016-07-02,32.8,18.6,0.0,5.59,26.15,8.6,59
shaanxi_guanzhong,2016-07-03,31.8,21.6,0.0,5.34,24.27,11.2,62
shaanxi_guanzhong,2016-07-04,31.5,19.3,0.0,5.84,26.02,13.0,62
shaanxi_guanzhong,2016-07-05,31.0,19.5,0.0,5.79,24.89,13.4,61
shaanxi_guanzhong,2016-07-06,31.5,19.8,0.0,5.92,25.54,13.6,57
shaanxi_guanzhong,2016-07-07,29.9,21.5,2.3,3.87,15.42,13.8,67
shaanxi_guanzhong,2016-07-08,31.0,23.8,3.3,3.21,13.19,10.9,71
shaanxi_guanzhong,2016-07-09,33.1,23.5,0.0,4.42,20.04,7.1,70
shaanxi_guanzhong,2016-07-10,30.9,24.2,5.5,3.38,14.56,9.9,75
shaanxi_guanzhong,2016-07-11,30.7,23.8,16.2,3.41,15.61,7.1,80
shaanxi_guanzhong,2016-07-12,30.2,23.2,3.1,4.35,18.6,12.3,68
shaanxi_guanzhong,2016-07-13,29.2,20.6,6.6,2.79,11.46,10.9,70
shaanxi_guanzhong,2016-07-14,21.4,19.8,27.1,1.09,4.14,10.0,83
shaanxi_guanzhong,2016-07-15,29.8,13.7,0.0,5.66,28.67,7.6,69
shaanxi_guanzhong,2016-07-16,31.6,19.3,0.0,5.42,26.28,7.6,66
shaanxi_guanzhong,2016-07-17,30.3,17.3,0.0,4.52,21.64,7.3,66
shaanxi_guanzhong,2016-07-18,26.3,22.2,23.6,1.96,8.35,15.8,81
shaanxi_guanzhong,2016-07-19,29.6,22.1,8.9,4.59,21.65,13.6,76
shaanxi_guanzhong,2016-07-20,29.8,17.7,0.1,5.39,26.96,7.6,71
shaanxi_guanzhong,2016-07-21,31.1,18.5,0.0,4.98,24.27,5.7,73
shaanxi_guanzhong,2016-07-22,30.5,22.5,0.0,4.21,18.86,9.3,71
shaanxi_guanzhong,2016-07-23,31.1,23.1,2.0,4.59,21.77,7.6,75
shaanxi_guanzhong,2016-07-24,31.4,24.9,15.3,4.37,20.71,7.9,76
shaanxi_guanzhong,2016-07-25,29.9,22.9,0.2,3.86,17.28,9.0,70
shaanxi_guanzhong,2016-07-26,29.9,23.1,0.0,3.36,14.06,11.2,70
shaanxi_guanzhong,2016-07-27,32.5,21.6,2.2,5.55,26.78,7.6,61
shaanxi_guanzhong,2016-07-28,34.7,20.0,0.0,5.69,26.19,9.7,63
shaanxi_guanzhong,2016-07-29,33.2,21.5,0.0,5.16,24.39,5.0,69
shaanxi_guanzhong,2016-07-30,31.0,23.7,0.9,3.6,16.21,6.7,71
shaanxi_guanzhong,2016-07-31,29.8,23.0,8.2,3.4,15.54,6.9,75
shaanxi_guanzhong,2016-08-01,29.3,22.7,3.2,2.72,12.73,5.5,78
shaanxi_guanzhong,2016-08-02,31.5,23.1,1.4,4.06,18.27,9.8,72
shaanxi_guanzhong,2016-08-03,31.0,21.8,0.0,4.55,20.52,10.9,71
shaanxi_guanzhong,2016-08-04,29.9,23.2,0.1,3.95,17.7,8.0,68
shaanxi_guanzhong,2016-08-05,30.0,22.3,0.3,4.43,20.61,7.4,64
shaanxi_guanzhong,2016-08-06,27.3,21.4,7.6,3.98,20.12,5.2,73
shaanxi_guanzhong,2016-08-07,29.0,22.2,0.0,4.26,20.87,5.8,68
shaanxi_guanzhong,2016-08-08,28.0,23.1,0.0,2.85,13.04,8.3,72
shaanxi_guanzhong,2016-08-09,29.6,22.2,1.1,3.85,18.17,7.9,70
shaanxi_guanzhong,2016-08-10,30.4,23.7,0.0,3.61,17.04,5.1,71
shaanxi_guanzhong,2016-08-11,32.1,25.4,0.1,4.37,20.38,7.1,66
shaanxi_guanzhong,2016-08-12,33.4,23.7,0.0,4.79,21.86,7.4,65
shaanxi_guanzhong,2016-08-13,35.3,26.1,0.0,5.14,22.02,9.2,62
shaanxi_guanzhong,2016-08-14,35.9,24.5,0.0,5.34,21.87,9.8,61
shaanxi_guanzhong,2016-08-15,34.9,24.5,0.0,4.46,18.64,8.2,64
shaanxi_guanzhong,2016-08-16,35.4,24.1,0.0,5.39,21.77,9.6,61
shaanxi_guanzhong,2016-08-17,35.2,23.6,0.0,5.05,21.05,11.2,62
shaanxi_guanzhong,2016-08-18,35.2,24.9,0.0,4.68,20.84,5.1,60
shaanxi_guanzhong,2016-08-19,34.8,25.6,0.0,4.59,19.22,8.1,59
shaanxi_guanzhong,2016-08-20,35.1,25.6,0.2,4.69,18.27,11.5,62
shaanxi_guanzhong,2016-08-21,33.9,25.0,0.0,4.32,16.5,12.3,64
shaanxi_guanzhong,2016-08-22,34.2,25.2,0.0,5.63,20.46,13.6,56
shaanxi_guanzhong,2016-08-23,33.9,24.0,0.0,4.77,19.7,8.1,59
shaanxi_guanzhong,2016-08-24,34.6,25.1,1.7,4.12,17.1,6.3,64
shaanxi_guanzhong,2016-08-25,26.8,20.9,26.3,1.15,4.29,12.0,83
shaanxi_guanzhong,2016-08-26,23.7,19.8,0.0,2.23,10.12,7.3,62
shaanxi_guanzhong,2016-08-27,27.0,18.9,0.0,4.61,24.24,4.6,55
shaanxi_guanzhong,2016-08-28,28.5,13.8,0.0,4.84,24.66,9.4,55
shaanxi_guanzhong,2016-08-29,27.8,20.0,0.0,3.84,17.26,10.7,51
shaanxi_guanzhong,2016-08-30,25.6,20.2,0.0,2.37,10.83,8.0,65
shaanxi_guanzhong,2016-08-31,29.0,17.9,0.0,4.03,18.37,8.3,62
shaanxi_guanzhong,2016-09-01,31.7,15.5,0.0,5.45,24.83,9.7,49
shaanxi_guanzhong,2016-09-02,32.0,14.4,0.0,5.07,23.94,6.6,41
shaanxi_guanzhong,2016-09-03,27.6,20.4,0.0,2.21,8.36,6.2,48
shaanxi_guanzhong,2016-09-04,30.1,19.1,0.0,4.01,19.08,7.3,53
shaanxi_guanzhong,2016-09-05,27.7,19.1,0.0,2.55,10.48,9.0,60
shaanxi_guanzhong,2016-09-06,24.4,18.0,0.3,1.72,7.01,7.9,71
shaanxi_guanzhong,2016-09-07,27.7,13.9,0.0,4.33,22.0,6.6,60
shaanxi_guanzhong,2016-09-08,30.1,19.0,0.0,4.19,20.12,5.8,43
shaanxi_guanzhong,2016-09-09,22.9,17.3,8.1,1.1,4.45,11.3,78
shaanxi_guanzhong,2016-09-10,28.3,13.0,0.0,4.37,22.76,5.9,64
shaanxi_guanzhong,2016-09-11,29.3,13.8,0.0,4.56,22.83,6.4,49
shaanxi_guanzhong,2016-09-12,26.6,16.6,2.3,2.62,12.85,5.2,56
shaanxi_guanzhong,2016-09-13,24.7,15.3,0.0,2.77,14.34,7.6,74
shaanxi_guanzhong,2016-09-14,24.1,18.3,10.1,1.74,8.63,6.8,79
shaanxi_guanzhong,2016-09-15,23.9,17.9,7.2,2.34,12.16,4.9,82
shaanxi_guanzhong,2016-09-16,26.1,18.0,0.2,3.17,16.56,6.8,75
shaanxi_guanzhong,2016-09-17,25.8,17.6,0.0,2.41,11.96,4.5,77
shaanxi_guanzhong,2016-09-18,21.3,18.9,13.4,0.81,3.21,4.5,87
shaanxi_guanzhong,2016-09-19,18.8,16.8,24.7,0.69,2.79,8.1,92
shaanxi_guanzhong,2016-09-20,19.6,16.6,1.3,1.17,5.84,3.4,86
shaanxi_guanzhong,2016-09-21,24.0,12.0,0.0,3.6,20.46,6.2,78
shaanxi_guanzhong,2016-09-22,25.1,12.1,0.0,3.54,19.47,4.9,75
shaanxi_guanzhong,2016-09-23,26.3,17.7,0.0,3.54,18.75,4.8,72
shaanxi_guanzhong,2016-09-24,20.3,17.9,18.3,0.87,3.84,4.1,84
shaanxi_guanzhong,2016-09-25,22.8,17.6,1.7,2.1,11.01,4.5,79
shaanxi_guanzhong,2016-09-26,21.4,16.8,2.0,1.17,5.43,5.6,85
shaanxi_guanzhong,2016-09-27,21.6,13.8,0.2,1.29,6.04,6.6,86
shaanxi_guanzhong,2016-09-28,20.0,15.2,0.0,2.04,9.7,9.8,75
shaanxi_guanzhong,2016-09-29,20.7,12.7,0.0,2.32,13.07,7.3,75
shaanxi_guanzhong,2016-09-30,23.6,16.0,0.0,3.1,17.28,8.2,71
shaanxi_guanzhong,2016-10-01,25.3,16.3,0.0,2.95,15.33,6.0,69
shaanxi_guanzhong,2016-10-02,27.1,13.5,0.0,3.64,19.18,6.0,71
shaanxi_guanzhong,2016-10-03,29.7,15.9,0.0,3.95,19.32,12.0,67
shaanxi_guanzhong,2016-10-04,21.1,15.1,0.0,3.24,12.15,20.7,59
shaanxi_guanzhong,2016-10-05,15.9,12.2,3.9,0.66,2.5,7.7,81
shaanxi_guanzhong,2016-10-06,17.2,11.1,5.9,0.97,5.31,9.8,91
shaanxi_guanzhong,2016-10-07,19.6,14.6,16.7,1.19,5.64,11.2,82
shaanxi_guanzhong,2016-10-08,19.6,12.0,0.0,1.48,7.14,11.8,71
shaanxi_guanzhong,2016-10-09,14.1,10.9,10.1,0.63,1.95,9.1,80
shaanxi_guanzhong,2016-10-10,14.4,10.5,0.7,1.03,5.42,7.4,83
shaanxi_guanzhong,2016-10-11,14.6,11.7,0.0,1.01,5.23,6.1,78
shaanxi_guanzhong,2016-10-12,13.9,12.4,5.3,0.78,3.9,4.7,85
shaanxi_guanzhong,2016-10-13,16.2,11.9,2.3,1.19,6.47,5.4,82
shaanxi_guanzhong,2016-10-14,16.7,10.9,2.4,1.4,7.27,11.5,78
shaanxi_guanzhong,2016-10-15,16.4,11.8,0.8,0.99,4.97,8.9,88
shaanxi_guanzhong,2016-10-16,19.2,11.2,0.0,1.64,9.34,5.5,81
shaanxi_guanzhong,2016-10-17,20.8,9.2,0.0,2.3,13.28,6.4,74
shaanxi_guanzhong,2016-10-18,21.8,9.9,0.0,2.9,17.19,8.4,70
shaanxi_guanzhong,2016-10-19,21.5,9.9,0.0,2.43,14.16,8.1,75
shaanxi_guanzhong,2016-10-20,23.6,14.4,0.0,2.13,10.97,11.3,78
shaanxi_guanzhong,2016-10-21,17.9,14.2,16.1,1.17,3.99,14.0,76
shaanxi_guanzhong,2016-10-22,15.2,12.3,5.7,0.51,1.97,5.3,86
shaanxi_guanzhong,2016-10-23,13.2,10.1,8.2,0.68,3.61,9.8,90
shaanxi_guanzhong,2016-10-24,13.0,8.3,7.1,0.6,3.2,7.1,90
shaanxi_guanzhong,2016-10-25,14.3,7.8,1.9,1.08,6.75,7.7,88
shaanxi_guanzhong,2016-10-26,13.1,10.0,3.4,0.88,4.96,6.9,86
shaanxi_guanzhong,2016-10-27,11.6,7.5,11.7,0.56,1.27,20.1,87
shaanxi_guanzhong,2016-10-28,8.8,5.2,0.6,1.12,5.0,14.8,63
shaanxi_guanzhong,2016-10-29,12.1,4.3,0.0,1.92,13.95,8.6,66
shaanxi_guanzhong,2016-10-30,13.1,3.1,0.0,1.35,9.09,6.9,74
shaanxi_guanzhong,2016-10-31,13.3,4.6,0.0,2.11,14.64,11.2,66
shaanxi_guanzhong,2016-11-01,12.1,3.9,0.0,1.29,8.76,6.6,70
shaanxi_guanzhong,2016-11-02,16.2,2.9,0.0,2.0,13.48,5.7,76
shaanxi_guanzhong,2016-11-03,19.0,3.5,0.0,2.27,14.81,4.0,73
shaanxi_guanzhong,2016-11-04,21.1,6.2,0.0,2.35,14.79,4.3,71
shaanxi_guanzhong,2016-11-05,20.1,6.8,0.0,2.27,14.2,5.6,74
shaanxi_guanzhong,2016-11-06,14.8,8.1,3.6,0.89,4.71,13.7,84
shaanxi_guanzhong,2016-11-07,11.8,6.7,3.2,1.27,6.05,13.1,66
shaanxi_guanzhong,2016-11-08,11.3,4.6,0.0,1.41,8.59,7.3,53
shaanxi_guanzhong,2016-11-09,10.9,4.7,0.0,1.18,7.67,7.6,66
shaanxi_guanzhong,2016-11-10,15.6,2.6,0.0,2.0,14.01,7.7,66
shaanxi_guanzhong,2016-11-11,16.9,3.6,0.0,1.9,12.92,7.1,71
shaanxi_guanzhong,2016-11-12,16.6,3.0,0.0,1.99,13.04,7.1,61
shaanxi_guanzhong,2016-11-13,17.1,3.9,0.0,1.93,12.77,6.9,68
shaanxi_guanzhong,2016-11-14,15.4,5.9,0.0,1.46,9.66,4.5,67
shaanxi_guanzhong,2016-11-15,16.6,4.6,0.0,1.98,11.28,11.8,64
shaanxi_guanzhong,2016-11-16,14.2,9.9,0.6,0.92,5.25,8.2,80
shaanxi_guanzhong,2016-11-17,14.3,8.8,0.0,0.94,5.41,6.6,84
shaanxi_guanzhong,2016-11-18,16.9,8.6,0.0,1.53,10.36,8.9,86
shaanxi_guanzhong,2016-11-19,13.4,5.9,0.0,1.28,8.17,7.0,58
shaanxi_guanzhong,2016-11-20,13.5,2.5,0.0,1.15,6.68,8.2,67
shaanxi_guanzhong,2016-11-21,10.3,0.9,2.1,0.99,3.58,12.8,69
shaanxi_guanzhong,2016-11-22,1.3,-4.4,6.6,0.58,3.49,9.1,65
shaanxi_guanzhong,2016-11-23,2.0,-5.3,1.3,0.96,9.94,5.4,66
shaanxi_guanzhong,2016-11-24,1.8,-3.6,0.0,0.9,8.45,7.0,58
shaanxi_guanzhong,2016-11-25,4.9,-3.9,0.1,1.04,8.91,8.4,69
shaanxi_guanzhong,2016-11-26,12.5,-1.9,0.0,1.64,12.51,7.0,53
shaanxi_guanzhong,2016-11-27,11.4,-3.0,0.0,1.57,11.87,8.4,59
shaanxi_guanzhong,2016-11-28,8.5,0.2,0.0,0.93,6.16,7.1,65
shaanxi_guanzhong,2016-11-29,10.5,1.3,0.4,1.06,7.19,7.2,68
shaanxi_guanzhong,2016-11-30,14.1,-1.0,0.0,1.65,12.32,6.4,55
shaanxi_guanzhong,2016-12-01,11.6,-1.3,0.0,1.55,11.51,8.7,59
shaanxi_guanzhong,2016-12-02,9.4,2.1,2.2,1.01,7.0,7.0,62
shaanxi_guanzhong,2016-12-03,13.2,0.6,0.4,1.41,10.18,8.4,70
shaanxi_guanzhong,2016-12-04,16.6,0.7,0.0,1.75,11.93,6.2,57
shaanxi_guanzhong,2016-12-05,10.9,-0.4,0.0,1.67,11.55,14.2,54
shaanxi_guanzhong,2016-12-06,12.1,-1.6,0.0,1.46,11.6,5.4,58
shaanxi_guanzhong,2016-12-07,12.0,0.5,0.2,1.26,9.08,6.9,63
shaanxi_guanzhong,2016-12-08,16.2,0.5,0.0,1.67,11.46,8.3,64
shaanxi_guanzhong,2016-12-09,10.5,4.1,0.0,1.32,9.94,7.7,59
shaanxi_guanzhong,2016-12-10,9.3,1.1,0.0,1.36,9.91,12.6,65
shaanxi_guanzhong,2016-12-11,9.6,1.3,0.0,1.31,10.33,13.5,75
shaanxi_guanzhong,2016-12-12,8.8,1.6,0.0,0.86,6.64,4.5,78
shaanxi_guanzhong,2016-12-13,10.7,-1.7,0.0,1.27,10.11,6.0,78
shaanxi_guanzhong,2016-12-14,9.1,-1.4,0.0,1.21,9.87,4.3,70
shaanxi_guanzhong,2016-12-15,9.3,-3.5,0.0,1.34,10.93,7.1,63
shaanxi_guanzhong,2016-12-16,9.7,-3.2,0.0,1.43,11.4,9.8,62
shaanxi_guanzhong,2016-12-17,11.2,-2.3,0.0,1.21,9.68,3.3,73
shaanxi_guanzhong,2016-12-18,10.9,-1.6,0.0,1.37,11.03,7.1,73
shaanxi_guanzhong,2016-12-19,10.4,0.7,0.0,1.17,8.85,7.9,72
shaanxi_guanzhong,2016-12-20,7.0,3.4,5.1,0.43,2.8,11.2,89
shaanxi_guanzhong,2016-12-21,8.8,-1.6,3.0,1.11,6.16,14.1,67
shaanxi_guanzhong,2016-12-22,11.4,-3.5,0.0,1.48,11.47,7.4,56
shaanxi_guanzhong,2016-12-23,9.0,0.7,0.0,1.39,9.77,11.8,58
shaanxi_guanzhong,2016-12-24,8.0,0.1,0.0,1.23,8.41,13.4,67
shaanxi_guanzhong,2016-12-25,3.6,0.7,5.3,0.42,2.89,12.4,89
shaanxi_guanzhong,2016-12-26,6.6,-2.9,0.0,1.37,9.68,11.5,56
shaanxi_guanzhong,2016-12-27,5.3,-5.2,0.0,1.42,11.84,13.0,51
shaanxi_guanzhong,2016-12-28,6.7,-3.6,0.0,1.2,10.29,5.6,52
shaanxi_guanzhong,2016-12-29,5.2,-4.6,0.0,1.15,9.06,10.2,54
shaanxi_guanzhong,2016-12-30,7.3,-3.2,0.0,1.26,11.32,7.2,62
shaanxi_guanzhong,2016-12-31,9.4,-3.3,0.0,1.23,9.97,6.6,71
shaanxi_guanzhong,2017-01-01,7.1,-0.9,0.0,0.76,4.38,8.5,74
shaanxi_guanzhong,2017-01-02,9.3,-1.7,0.0,1.37,11.28,8.3,72
shaanxi_guanzhong,2017-01-03,10.1,-2.7,0.0,1.35,11.16,8.7,80
shaanxi_guanzhong,2017-01-04,8.9,-0.5,0.0,1.09,8.56,6.1,78
shaanxi_guanzhong,2017-01-05,4.4,-0.7,0.1,0.43,2.82,6.2,89
shaanxi_guanzhong,2017-01-06,3.5,1.4,4.9,0.26,1.76,8.3,94
shaanxi_guanzhong,2017-01-07,8.6,-0.5,0.0,1.5,9.19,16.5,60
shaanxi_guanzhong,2017-01-08,7.6,-3.1,0.0,1.59,11.98,10.8,52
shaanxi_guanzhong,2017-01-09,3.6,-2.4,0.0,0.84,3.82,11.9,59
shaanxi_guanzhong,2017-01-10,5.5,0.3,0.3,1.19,6.74,13.4,60
shaanxi_guanzhong,2017-01-11,6.1,-1.0,0.0,1.77,10.33,13.9,47
shaanxi_guanzhong,2017-01-12,8.4,-2.6,0.0,1.84,12.48,11.3,41
shaanxi_guanzhong,2017-01-13,7.5,-4.0,0.0,1.7,12.32,10.1,48
shaanxi_guanzhong,2017-01-14,6.1,-3.3,0.0,1.38,11.52,7.1,56
shaanxi_guanzhong,2017-01-15,6.1,-2.7,0.0,1.21,10.83,8.7,67
shaanxi_guanzhong,2017-01-16,5.1,-2.8,0.0,0.8,6.24,8.3,73
shaanxi_guanzhong,2017-01-17,5.4,-3.9,0.1,1.43,10.18,10.2,49
shaanxi_guanzhong,2017-01-18,6.4,-2.5,0.5,1.4,11.84,9.0,61
shaanxi_guanzhong,2017-01-19,5.2,-1.9,0.0,2.14,13.02,16.4,35
shaanxi_guanzhong,2017-01-20,0.8,-5.6,0.0,1.4,8.92,13.2,35
shaanxi_guanzhong,2017-01-21,8.5,-4.9,0.0,2.04,13.53,12.5,39
shaanxi_guanzhong,2017-01-22,8.4,-4.5,0.0,1.71,13.46,8.9,49
shaanxi_guanzhong,2017-01-23,8.2,-4.2,0.0,1.6,13.29,7.5,56
shaanxi_guanzhong,2017-01-24,6.3,-1.8,0.0,1.03,7.59,8.2,66
shaanxi_guanzhong,2017-01-25,9.3,-3.3,0.0,1.52,13.33,10.1,78
shaanxi_guanzhong,2017-01-26,11.3,-0.8,0.0,2.21,11.16,19.0,50
shaanxi_guanzhong,2017-01-27,9.1,-2.9,0.0,2.02,11.1,14.5,43
shaanxi_guanzhong,2017-01-28,6.3,0.9,0.0,1.12,4.79,18.9,60
shaanxi_guanzhong,2017-01-29,8.0,1.0,0.0,2.6,13.35,18.7,34
shaanxi_guanzhong,2017-01-30,0.3,-5.5,0.0,1.28,6.0,15.5,31
shaanxi_guanzhong,2017-01-31,2.2,-3.8,0.8,0.86,6.5,10.6,62
shaanxi_guanzhong,2017-02-01,6.5,-4.4,0.0,1.63,13.39,11.7,63
shaanxi_guanzhong,2017-02-02,5.0,-3.2,0.0,1.27,10.52,11.4,61
shaanxi_guanzhong,2017-02-03,8.7,-3.3,0.0,1.68,14.3,8.6,68
shaanxi_guanzhong,2017-02-04,13.1,-2.7,0.0,2.03,14.66,10.0,69
shaanxi_guanzhong,2017-02-05,10.9,-0.8,0.0,1.92,14.54,12.9,64
shaanxi_guanzhong,2017-02-06,6.3,1.6,0.1,0.73,3.08,16.1,74
shaanxi_guanzhong,2017-02-07,2.9,0.1,2.9,0.61,3.72,18.7,80
shaanxi_guanzhong,2017-02-08,8.2,-1.5,0.0,2.22,11.8,19.6,43
shaanxi_guanzhong,2017-02-09,6.5,-4.4,0.0,2.12,15.65,13.8,38
shaanxi_guanzhong,2017-02-10,5.9,-4.5,0.0,1.79,13.33,8.9,39
shaanxi_guanzhong,2017-02-11,9.6,-5.1,0.0,2.2,15.79,12.0,47
shaanxi_guanzhong,2017-02-12,11.7,-2.9,0.0,2.26,16.14,9.9,52
shaanxi_guanzhong,2017-02-13,11.7,-1.3,0.1,2.07,15.07,10.9,63
shaanxi_guanzhong,2017-02-14,14.2,4.7,0.0,2.03,13.17,10.2,72
shaanxi_guanzhong,2017-02-15,15.5,2.1,0.0,2.27,14.77,13.6,69
shaanxi_guanzhong,2017-02-16,19.8,3.3,0.0,3.66,16.25,21.0,50
shaanxi_guanzhong,2017-02-17,14.8,4.8,0.1,2.92,16.1,11.3,41
shaanxi_guanzhong,2017-02-18,14.5,1.4,0.0,2.24,15.34,6.9,59
shaanxi_guanzhong,2017-02-19,21.2,3.0,0.0,2.99,16.94,13.3,63
shaanxi_guanzhong,2017-02-20,11.0,3.4,0.4,2.65,6.96,26.0,38
shaanxi_guanzhong,2017-02-21,3.8,-2.4,10.1,1.18,7.01,20.2,63
shaanxi_guanzhong,2017-02-22,10.9,-3.8,0.1,2.7,14.66,17.1,38
shaanxi_guanzhong,2017-02-23,8.3,-0.6,0.0,2.48,15.11,16.3,38
shaanxi_guanzhong,2017-02-24,10.9,-2.6,0.0,2.53,17.45,9.9,45
shaanxi_guanzhong,2017-02-25,12.1,1.0,0.0,2.95,17.09,12.7,35
shaanxi_guanzhong,2017-02-26,13.4,-0.9,0.0,2.92,18.33,11.0,44
shaanxi_guanzhong,2017-02-27,15.5,0.2,0.0,2.84,18.28,9.8,50
shaanxi_guanzhong,2017-02-28,14.7,3.1,0.2,2.42,11.05,22.0,52
shaanxi_guanzhong,2017-03-01,12.9,3.6,0.0,4.18,19.25,18.8,21
shaanxi_guanzhong,2017-03-02,13.8,-1.8,0.0,3.14,18.84,13.7,29
shaanxi_guanzhong,2017-03-03,17.5,2.6,0.0,3.64,19.41,12.5,34
shaanxi_guanzhong,2017-03-04,16.7,4.2,0.0,2.9,14.23,11.5,33
shaanxi_guanzhong,2017-03-05,15.5,5.5,0.0,3.22,12.1,21.6,27
shaanxi_guanzhong,2017-03-06,12.7,1.4,0.0,2.9,15.59,11.9,24
shaanxi_guanzhong,2017-03-07,14.3,2.1,0.0,3.38,18.26,13.4,26
shaanxi_guanzhong,2017-03-08,13.8,0.0,0.0,3.3,18.91,12.3,33
shaanxi_guanzhong,2017-03-09,14.8,0.9,0.0,3.38,19.24,15.7,34
shaanxi_guanzhong,2017-03-10,13.3,7.2,0.0,2.09,9.26,10.3,36
shaanxi_guanzhong,2017-03-11,14.5,6.1,0.4,2.09,10.58,11.5,58
shaanxi_guanzhong,2017-03-12,7.7,4.6,24.8,0.55,2.91,17.2,90
shaanxi_guanzhong,2017-03-13,4.5,0.9,20.2,0.93,8.13,16.3,89
shaanxi_guanzhong,2017-03-14,8.6,-1.8,0.0,1.59,12.85,9.2,81
shaanxi_guanzhong,2017-03-15,7.3,3.3,1.8,1.1,7.89,9.7,79
shaanxi_guanzhong,2017-03-16,12.0,1.6,0.0,2.14,16.33,7.7,77
shaanxi_guanzhong,2017-03-17,13.5,4.6,0.0,2.27,15.28,10.4,71
shaanxi_guanzhong,2017-03-18,11.8,1.9,0.0,1.49,10.03,9.1,81
shaanxi_guanzhong,2017-03-19,10.6,5.7,1.9,1.02,5.61,12.6,84
shaanxi_guanzhong,2017-03-20,15.0,5.3,0.0,2.31,15.37,10.2,74
shaanxi_guanzhong,2017-03-21,14.7,3.7,0.0,2.61,15.08,17.6,68
shaanxi_guanzhong,2017-03-22,15.6,6.7,0.1,3.16,17.49,20.1,62
shaanxi_guanzhong,2017-03-23,10.9,5.5,0.6,1.33,6.32,15.9,72
shaanxi_guanzhong,2017-03-24,16.9,1.2,0.0,3.75,18.52,22.1,45
shaanxi_guanzhong,2017-03-25,14.8,2.6,0.0,3.95,21.59,21.3,36
shaanxi_guanzhong,2017-03-26,15.5,1.5,0.0,3.98,23.08,20.2,40
shaanxi_guanzhong,2017-03-27,20.6,3.1,0.0,4.03,22.86,11.3,49
shaanxi_guanzhong,2017-03-28,19.3,8.8,0.0,4.2,21.28,14.0,45
shaanxi_guanzhong,2017-03-29,17.9,6.4,0.6,3.06,15.02,14.8,52
shaanxi_guanzhong,2017-03-30,15.9,8.3,5.4,2.15,12.86,20.3,74
shaanxi_guanzhong,2017-03-31,19.5,6.7,0.0,4.2,23.08,11.8,42
shaanxi_guanzhong,2017-04-01,20.0,5.9,0.0,5.03,24.33,16.2,28
shaanxi_guanzhong,2017-04-02,20.0,6.5,0.0,3.2,16.32,7.5,37
shaanxi_guanzhong,2017-04-03,16.4,10.6,5.5,1.36,7.17,8.9,85
shaanxi_guanzhong,2017-04-04,22.0,10.1,0.1,3.45,17.86,16.5,75
shaanxi_guanzhong,2017-04-05,19.4,10.2,0.6,2.31,12.42,12.7,76
shaanxi_guanzhong,2017-04-06,24.3,9.5,0.0,4.29,22.09,16.3,68
shaanxi_guanzhong,2017-04-07,19.1,13.5,0.1,1.94,8.22,13.3,71
shaanxi_guanzhong,2017-04-08,16.5,13.5,1.7,1.94,6.08,24.7,68
shaanxi_guanzhong,2017-04-09,13.2,7.0,21.5,0.71,2.83,16.0,87
shaanxi_guanzhong,2017-04-10,13.2,5.7,9.6,1.47,9.85,9.4,86
shaanxi_guanzhong,2017-04-11,19.2,7.4,0.8,3.35,16.33,19.6,62
shaanxi_guanzhong,2017-04-12,21.7,6.3,0.0,4.09,23.7,10.4,63
shaanxi_guanzhong,2017-04-13,23.2,10.5,0.5,4.39,22.64,15.6,62
shaanxi_guanzhong,2017-04-14,25.9,9.8,0.0,4.72,23.4,12.4,61
shaanxi_guanzhong,2017-04-15,22.6,14.0,2.6,2.95,13.82,22.4,69
shaanxi_guanzhong,2017-04-16,19.5,11.1,8.1,2.36,11.57,19.6,73
shaanxi_guanzhong,2017-04-17,28.0,9.7,0.0,6.13,25.77,19.5,41
shaanxi_guanzhong,2017-04-18,26.7,14.3,0.0,6.03,25.21,15.6,41
shaanxi_guanzhong,2017-04-19,19.2,10.3,0.5,2.47,7.54,23.0,53
shaanxi_guanzhong,2017-04-20,21.6,6.7,0.0,4.21,19.61,15.5,48
shaanxi_guanzhong,2017-04-21,19.0,6.8,0.0,4.48,22.38,14.6,29
shaanxi_guanzhong,2017-04-22,23.0,6.1,0.0,4.74,25.47,9.1,45
shaanxi_guanzhong,2017-04-23,27.0,10.9,0.0,5.45,25.12,14.0,50
shaanxi_guanzhong,2017-04-24,28.6,12.9,0.0,4.95,20.89,12.5,49
shaanxi_guanzhong,2017-04-25,21.3,14.3,1.5,2.71,11.56,15.2,63
shaanxi_guanzhong,2017-04-26,17.9,11.9,0.6,2.8,12.61,13.4,57
shaanxi_guanzhong,2017-04-27,23.0,8.4,0.0,4.85,25.18,14.0,52
shaanxi_guanzhong,2017-04-28,26.7,9.0,0.0,5.6,25.92,14.4,40
shaanxi_guanzhong,2017-04-29,29.1,11.4,0.0,6.06,26.88,12.2,39
shaanxi_guanzhong,2017-04-30,30.6,13.5,0.0,5.7,23.81,13.3,40
shaanxi_guanzhong,2017-05-01,31.4,14.9,0.0,7.16,25.87,19.2,34
shaanxi_guanzhong,2017-05-02,23.2,16.3,9.8,3.46,9.81,22.5,64
shaanxi_guanzhong,2017-05-03,18.1,11.9,30.5,1.54,6.81,33.5,80
shaanxi_guanzhong,2017-05-04,22.9,9.8,0.0,5.05,24.98,13.2,48
shaanxi_guanzhong,2017-05-05,21.0,12.2,0.1,4.64,19.54,23.3,41
shaanxi_guanzhong,2017-05-06,23.3,9.1,0.0,5.27,26.73,10.1,38
shaanxi_guanzhong,2017-05-07,19.3,8.7,0.1,2.59,11.02,12.6,52
shaanxi_guanzhong,2017-05-08,24.2,9.0,0.0,5.38,27.55,11.7,50
shaanxi_guanzhong,2017-05-09,29.3,12.3,0.0,5.55,23.96,12.3,44
shaanxi_guanzhong,2017-05-10,28.8,14.3,0.0,5.09,19.78,19.8,46
shaanxi_guanzhong,2017-05-11,31.3,17.8,0.0,6.31,23.07,17.0,31
shaanxi_guanzhong,2017-05-12,32.2,14.1,0.0,7.56,28.58,17.1,27
shaanxi_guanzhong,2017-05-13,31.9,18.7,0.0,5.89,22.19,18.3,38
shaanxi_guanzhong,2017-05-14,26.4,17.1,0.0,5.06,15.41,22.6,43
shaanxi_guanzhong,2017-05-15,24.2,13.4,4.7,3.55,17.23,19.7,62
shaanxi_guanzhong,2017-05-16,30.0,11.9,0.0,6.16,27.85,14.1,46
shaanxi_guanzhong,2017-05-17,33.0,14.3,0.0,7.2,27.69,15.5,29
shaanxi_guanzhong,2017-05-18,27.3,18.0,0.9,5.15,16.8,26.1,44
shaanxi_guanzhong,2017-05-19,29.6,15.5,0.0,5.54,24.03,14.8,49
shaanxi_guanzhong,2017-05-20,30.8,19.0,0.2,5.0,19.17,12.4,53
shaanxi_guanzhong,2017-05-21,31.5,21.1,0.3,5.4,22.64,14.8,55
shaanxi_guanzhong,2017-05-22,22.3,14.4,17.0,1.3,4.05,34.9,80
shaanxi_guanzhong,2017-05-23,25.6,10.8,0.0,5.6,28.18,13.2,50
shaanxi_guanzhong,2017-05-24,27.3,12.9,0.0,5.38,25.45,10.5,41
shaanxi_guanzhong,2017-05-25,30.4,13.5,0.0,6.57,28.9,10.1,33
shaanxi_guanzhong,2017-05-26,32.9,14.2,0.0,7.41,29.35,12.7,26
shaanxi_guanzhong,2017-05-27,35.1,17.4,0.0,7.83,29.33,13.9,28
shaanxi_guanzhong,2017-05-28,35.5,15.8,0.0,8.18,27.91,28.4,30
shaanxi_guanzhong,2017-05-29,26.6,17.6,3.5,1.71,5.01,8.9,59
shaanxi_guanzhong,2017-05-30,30.8,15.9,0.0,5.5,25.64,12.2,62
shaanxi_guanzhong,2017-05-31,33.5,18.2,0.0,5.32,19.84,14.9,48
shaanxi_guanzhong,2017-06-01,34.5,22.0,0.0,6.53,24.55,14.0,42
shaanxi_guanzhong,2017-06-02,35.5,18.9,0.0,6.94,27.06,13.0,37
shaanxi_guanzhong,2017-06-03,28.9,18.6,17.6,3.26,9.46,18.0,58
shaanxi_guanzhong,2017-06-04,18.3,16.2,42.1,0.62,2.17,19.0,94
shaanxi_guanzhong,2017-06-05,20.3,15.4,16.1,1.72,7.64,12.7,83
shaanxi_guanzhong,2017-06-06,28.3,14.1,0.7,5.22,25.2,15.7,67
shaanxi_guanzhong,2017-06-07,27.7,15.8,1.9,4.64,22.83,13.6,70
shaanxi_guanzhong,2017-06-08,26.4,18.3,3.2,3.5,17.24,9.7,77
shaanxi_guanzhong,2017-06-09,22.4,18.2,7.2,1.43,6.51,13.3,88
shaanxi_guanzhong,2017-06-10,28.0,15.1,0.0,5.2,25.67,14.1,67
shaanxi_guanzhong,2017-06-11,26.6,18.6,0.3,2.97,12.37,13.2,66
shaanxi_guanzhong,2017-06-12,28.7,18.8,0.0,5.01,24.35,9.8,65
shaanxi_guanzhong,2017-06-13,29.4,18.1,0.0,5.64,27.18,9.8,63
shaanxi_guanzhong,2017-06-14,28.0,21.0,0.0,4.29,16.26,13.9,61
shaanxi_guanzhong,2017-06-15,29.0,17.8,0.0,5.33,25.88,8.9,60
shaanxi_guanzhong,2017-06-16,31.6,18.7,0.0,5.95,27.11,10.0,56
shaanxi_guanzhong,2017-06-17,32.1,19.9,0.0,5.69,23.8,11.8,54
shaanxi_guanzhong,2017-06-18,32.3,21.1,0.6,5.94,25.3,10.0,49
shaanxi_guanzhong,2017-06-19,33.5,21.8,1.6,5.68,24.29,13.6,54
shaanxi_guanzhong,2017-06-20,32.7,21.0,0.6,6.18,26.1,13.7,49
shaanxi_guanzhong,2017-06-21,31.5,20.5,1.5,5.07,22.63,11.3,56
shaanxi_guanzhong,2017-06-22,34.6,21.2,0.0,6.7,28.35,14.4,52
shaanxi_guanzhong,2017-06-23,33.4,22.0,0.0,7.1,25.84,24.3,35
shaanxi_guanzhong,2017-06-24,34.9,20.7,0.0,7.7,24.54,19.4,28
shaanxi_guanzhong,2017-06-25,33.4,21.8,0.0,6.06,21.23,14.0,29
shaanxi_guanzhong,2017-06-26,36.5,21.1,0.0,7.7,29.74,15.7,30
shaanxi_guanzhong,2017-06-27,36.5,21.7,0.0,7.34,26.01,18.1,32
shaanxi_guanzhong,2017-06-28,36.0,22.3,0.2,7.08,24.85,17.4,37
shaanxi_guanzhong,2017-06-29,34.2,23.5,2.1,5.59,22.56,17.0,44
shaanxi_guanzhong,2017-06-30,33.4,23.5,0.6,6.18,26.02,14.5,49
shaanxi_guanzhong,2017-07-01,35.2,21.4,0.0,7.03,27.62,14.0,46
shaanxi_guanzhong,2017-07-02,36.9,23.4,0.0,7.15,27.02,11.3,36
shaanxi_guanzhong,2017-07-03,38.1,24.9,0.1,6.77,26.24,12.6,32
shaanxi_guanzhong,2017-07-04,37.3,24.9,0.0,6.85,23.99,15.6,33
shaanxi_guanzhong,2017-07-05,30.0,22.0,3.8,2.74,6.6,12.8,62
shaanxi_guanzhong,2017-07-06,29.9,19.3,11.1,3.66,15.8,18.7,72
shaanxi_guanzhong,2017-07-07,34.9,18.7,0.0,6.88,29.24,12.1,47
shaanxi_guanzhong,2017-07-08,35.0,19.6,0.0,5.54,21.39,9.4,38
shaanxi_guanzhong,2017-07-09,38.0,21.9,0.0,7.75,26.93,15.6,32
shaanxi_guanzhong,2017-07-10,41.2,22.8,0.0,7.44,26.93,16.1,29
shaanxi_guanzhong,2017-07-11,40.6,22.7,0.2,7.48,27.71,16.3,42
shaanxi_guanzhong,2017-07-12,39.7,24.6,0.0,7.02,23.84,20.7,41
shaanxi_guanzhong,2017-07-13,38.5,24.5,0.0,6.59,23.32,14.5,42
shaanxi_guanzhong,2017-07-14,39.0,25.8,0.0,6.74,22.37,17.1,41
shaanxi_guanzhong,2017-07-15,36.9,26.6,1.1,6.27,22.32,15.9,46
shaanxi_guanzhong,2017-07-16,33.9,26.0,0.9,5.68,21.15,14.8,56
shaanxi_guanzhong,2017-07-17,35.4,24.7,1.3,6.05,21.15,15.9,55
shaanxi_guanzhong,2017-07-18,36.5,25.3,1.2,6.0,21.19,12.2,52
shaanxi_guanzhong,2017-07-19,39.3,25.8,0.3,6.32,23.47,12.5,48
shaanxi_guanzhong,2017-07-20,40.2,27.5,0.1,6.56,22.99,14.1,44
shaanxi_guanzhong,2017-07-21,41.1,28.5,0.1,6.85,23.1,17.4,42
shaanxi_guanzhong,2017-07-22,40.2,28.9,0.3,7.43,22.78,21.4,43
shaanxi_guanzhong,2017-07-23,40.9,28.4,0.4,7.33,23.69,19.7,41
shaanxi_guanzhong,2017-07-24,40.5,27.7,0.0,7.48,23.6,17.3,37
shaanxi_guanzhong,2017-07-25,39.9,27.3,0.4,7.93,23.3,23.9,38
shaanxi_guanzhong,2017-07-26,40.9,29.2,0.3,8.2,23.38,18.4,42
shaanxi_guanzhong,2017-07-27,39.5,24.7,34.8,5.67,20.84,17.6,58
shaanxi_guanzhong,2017-07-28,26.5,22.4,7.2,2.69,7.47,26.0,71
shaanxi_guanzhong,2017-07-29,24.7,21.3,13.2,1.6,6.35,11.7,84
shaanxi_guanzhong,2017-07-30,29.8,20.0,0.3,3.91,17.28,9.7,71
shaanxi_guanzhong,2017-07-31,32.1,21.2,0.3,5.42,20.87,17.1,60
shaanxi_guanzhong,2017-08-01,32.8,23.4,0.8,5.42,20.22,17.9,56
shaanxi_guanzhong,2017-08-02,34.6,25.1,0.5,4.3,17.38,8.4,58
shaanxi_guanzhong,2017-08-03,38.6,25.4,0.0,6.86,23.57,17.8,43
shaanxi_guanzhong,2017-08-04,38.9,25.4,0.0,7.46,23.9,18.8,33
shaanxi_guanzhong,2017-08-05,40.3,26.1,0.2,7.04,23.39,13.6,37
shaanxi_guanzhong,2017-08-06,36.2,28.5,2.0,4.26,15.98,9.4,49
shaanxi_guanzhong,2017-08-07,28.2,20.4,34.4,1.04,3.57,17.4,86
shaanxi_guanzhong,2017-08-08,31.6,19.3,0.0,5.22,23.76,13.0,67
shaanxi_guanzhong,2017-08-09,32.7,21.9,0.0,6.48,22.32,18.9,45
shaanxi_guanzhong,2017-08-10,34.7,20.2,0.0,6.02,24.65,10.1,49
shaanxi_guanzhong,2017-08-11,33.6,22.5,1.3,4.94,21.2,7.9,56
shaanxi_guanzhong,2017-08-12,33.3,22.5,0.0,5.08,22.41,7.0,55
shaanxi_guanzhong,2017-08-13,29.2,22.1,14.4,4.0,17.96,9.2,73
shaanxi_guanzhong,2017-08-14,29.9,21.0,0.7,4.4,20.83,9.8,76
shaanxi_guanzhong,2017-08-15,32.0,22.6,0.0,4.28,18.45,8.6,64
shaanxi_guanzhong,2017-08-16,33.7,23.1,0.0,5.87,23.34,16.8,57
shaanxi_guanzhong,2017-08-17,35.0,24.8,0.0,6.24,21.62,15.9,49
shaanxi_guanzhong,2017-08-18,30.2,24.6,3.6,3.77,11.52,17.9,64
shaanxi_guanzhong,2017-08-19,30.0,23.2,2.8,2.61,9.71,14.4,76
shaanxi_guanzhong,2017-08-20,28.7,21.9,23.4,2.11,7.86,22.0,83
shaanxi_guanzhong,2017-08-21,29.0,21.9,1.0,3.04,13.42,15.5,79
shaanxi_guanzhong,2017-08-22,31.5,21.9,40.5,3.64,14.37,31.4,79
shaanxi_guanzhong,2017-08-23,29.1,22.0,0.0,4.94,19.68,15.4,60
shaanxi_guanzhong,2017-08-24,30.2,21.2,0.0,5.12,22.46,11.8,56
shaanxi_guanzhong,2017-08-25,23.9,18.9,0.5,1.21,3.92,8.7,72
shaanxi_guanzhong,2017-08-26,23.0,16.8,0.2,1.93,9.19,9.1,78
shaanxi_guanzhong,2017-08-27,29.2,18.6,0.2,4.35,19.83,17.7,73
shaanxi_guanzhong,2017-08-28,22.2,19.1,5.1,1.6,2.74,17.7,74
shaanxi_guanzhong,2017-08-29,18.8,15.8,8.3,0.71,1.9,16.5,89
shaanxi_guanzhong,2017-08-30,16.6,14.8,14.4,0.64,2.29,8.7,90
shaanxi_guanzhong,2017-08-31,25.3,15.2,0.0,3.82,20.13,8.6,74
shaanxi_guanzhong,2017-09-01,22.5,16.2,1.1,1.83,8.85,11.4,82
shaanxi_guanzhong,2017-09-02,24.4,16.9,0.4,2.76,14.13,11.9,86
shaanxi_guanzhong,2017-09-03,20.2,18.2,2.9,1.19,4.33,12.1,83
shaanxi_guanzhong,2017-09-04,18.7,17.4,3.7,0.67,2.41,5.4,89
shaanxi_guanzhong,2017-09-05,18.4,16.3,23.2,0.63,2.46,16.9,93
shaanxi_guanzhong,2017-09-06,26.6,14.7,0.0,4.09,21.52,9.0,75
shaanxi_guanzhong,2017-09-07,27.7,14.4,0.0,4.29,21.86,8.3,73
shaanxi_guanzhong,2017-09-08,23.0,19.1,2.3,1.6,7.19,8.6,78
shaanxi_guanzhong,2017-09-09,20.5,17.8,14.2,0.58,1.92,7.1,90
shaanxi_guanzhong,2017-09-10,26.7,17.7,0.0,4.26,18.31,18.1,63
shaanxi_guanzhong,2017-09-11,27.6,13.7,0.0,4.45,22.14,11.9,64
shaanxi_guanzhong,2017-09-12,27.6,15.7,0.0,4.42,21.46,16.8,67
shaanxi_guanzhong,2017-09-13,27.5,19.0,0.0,4.57,18.78,17.3,61
shaanxi_guanzhong,2017-09-14,25.6,19.5,0.1,3.59,15.78,12.3,65
shaanxi_guanzhong,2017-09-15,24.5,19.0,3.0,1.85,8.51,8.7,83
shaanxi_guanzhong,2017-09-16,20.2,16.8,16.0,0.8,3.24,8.6,89
shaanxi_guanzhong,2017-09-17,25.8,15.5,0.0,2.88,14.86,6.9,80
shaanxi_guanzhong,2017-09-18,28.0,17.0,0.0,3.65,17.97,9.4,76
shaanxi_guanzhong,2017-09-19,26.0,20.7,0.4,2.34,8.57,16.3,70
shaanxi_guanzhong,2017-09-20,28.6,17.1,0.0,4.07,19.84,11.2,69
shaanxi_guanzhong,2017-09-21,28.0,17.9,0.0,3.97,19.55,9.4,69
shaanxi_guanzhong,2017-09-22,24.4,18.5,0.1,1.6,6.85,7.9,75
shaanxi_guanzhong,2017-09-23,26.9,15.7,0.0,3.53,18.09,6.4,73
shaanxi_guanzhong,2017-09-24,26.0,18.9,1.9,3.04,14.16,10.6,68
shaanxi_guanzhong,2017-09-25,20.1,19.1,4.0,0.5,1.26,10.9,92
shaanxi_guanzhong,2017-09-26,19.3,16.0,11.5,0.74,1.42,28.2,91
shaanxi_guanzhong,2017-09-27,19.8,13.6,22.7,1.13,5.63,14.8,88
shaanxi_guanzhong,2017-09-28,23.8,11.0,0.0,3.47,19.32,10.4,75
shaanxi_guanzhong,2017-09-29,23.3,16.2,0.2,2.0,10.12,8.5,79
shaanxi_guanzhong,2017-09-30,22.6,15.9,0.2,1.98,10.15,10.4,81
shaanxi_guanzhong,2017-10-01,20.9,15.8,0.1,1.15,5.62,7.9,88
shaanxi_guanzhong,2017-10-02,21.3,13.2,4.7,1.65,7.46,31.4,86
shaanxi_guanzhong,2017-10-03,13.5,11.6,44.5,0.46,0.96,27.2,92
shaanxi_guanzhong,2017-10-04,12.0,10.6,17.8,0.59,2.14,11.3,89
shaanxi_guanzhong,2017-10-05,16.3,10.5,0.0,1.73,10.43,9.8,78
shaanxi_guanzhong,2017-10-06,18.2,12.3,0.0,1.79,10.29,9.8,78
shaanxi_guanzhong,2017-10-07,21.4,13.9,0.1,1.92,10.09,8.1,82
shaanxi_guanzhong,2017-10-08,16.9,15.1,5.6,0.74,1.76,18.4,90
shaanxi_guanzhong,2017-10-09,15.3,8.7,4.9,1.64,2.63,27.0,70
shaanxi_guanzhong,2017-10-10,11.4,5.8,18.4,1.24,6.91,24.1,80
shaanxi_guanzhong,2017-10-11,8.3,5.3,18.4,0.53,2.29,10.9,87
shaanxi_guanzhong,2017-10-12,17.7,6.8,0.2,2.69,17.46,9.3,77
shaanxi_guanzhong,2017-10-13,15.3,9.7,0.8,1.43,7.96,9.7,79
shaanxi_guanzhong,2017-10-14,13.8,11.0,0.6,0.67,2.62,12.0,88
shaanxi_guanzhong,2017-10-15,12.9,10.9,3.0,0.7,2.81,16.5,86
shaanxi_guanzhong,2017-10-16,12.1,10.6,0.9,0.63,1.61,18.4,85
shaanxi_guanzhong,2017-10-17,11.9,9.5,0.0,0.88,2.72,18.8,79
shaanxi_guanzhong,2017-10-18,18.0,8.0,0.0,2.06,12.73,8.4,83
shaanxi_guanzhong,2017-10-19,19.6,9.0,0.0,2.45,14.7,12.3,80
shaanxi_guanzhong,2017-10-20,19.6,9.7,0.0,2.06,11.98,10.4,81
shaanxi_guanzhong,2017-10-21,19.3,10.7,0.0,1.57,8.28,7.9,81
shaanxi_guanzhong,2017-10-22,18.6,11.6,0.4,1.54,8.47,8.2,80
shaanxi_guanzhong,2017-10-23,19.5,11.2,1.5,2.03,11.51,15.3,81
shaanxi_guanzhong,2017-10-24,17.8,11.0,0.0,1.96,7.94,17.6,73
shaanxi_guanzhong,2017-10-25,15.4,12.0,2.5,0.99,4.91,13.4,83
shaanxi_guanzhong,2017-10-26,21.0,7.8,0.0,2.45,14.47,9.2,74
shaanxi_guanzhong,2017-10-27,19.4,7.9,0.0,2.4,15.12,7.6,79
shaanxi_guanzhong,2017-10-28,15.8,10.2,0.0,1.84,6.36,18.1,65
shaanxi_guanzhong,2017-10-29,12.4,6.4,0.5,1.8,8.0,13.4,54
shaanxi_guanzhong,2017-10-30,9.4,6.3,2.7,0.58,3.29,11.2,92
shaanxi_guanzhong,2017-10-31,11.1,7.9,4.7,0.54,3.09,5.0,95
shaanxi_guanzhong,2017-11-01,18.0,7.6,0.0,2.01,13.19,8.1,88
shaanxi_guanzhong,2017-11-02,21.5,7.1,0.0,2.38,14.27,9.8,74
shaanxi_guanzhong,2017-11-03,18.6,8.6,0.0,2.88,14.13,13.8,54
shaanxi_guanzhong,2017-11-04,15.4,5.8,0.0,2.09,13.9,9.5,66
shaanxi_guanzhong,2017-11-05,16.8,7.0,0.0,1.95,13.19,8.4,81
shaanxi_guanzhong,2017-11-06,19.2,6.7,1.3,2.3,13.45,15.8,77
shaanxi_guanzhong,2017-11-07,19.2,9.9,0.0,2.79,13.89,16.6,57
shaanxi_guanzhong,2017-11-08,18.1,6.7,0.0,2.02,13.23,7.4,74
shaanxi_guanzhong,2017-11-09,15.7,9.4,0.6,1.63,3.4,21.3,68
shaanxi_guanzhong,2017-11-10,10.8,6.7,0.0,1.42,5.67,12.4,53
shaanxi_guanzhong,2017-11-11,10.2,4.2,0.0,1.28,8.62,8.9,60
shaanxi_guanzhong,2017-11-12,12.3,3.8,2.4,1.3,9.4,9.8,78
shaanxi_guanzhong,2017-11-13,14.0,3.4,0.0,1.64,11.35,8.9,76
shaanxi_guanzhong,2017-11-14,10.1,3.8,0.0,1.23,8.28,9.2,73
shaanxi_guanzhong,2017-11-15,10.9,2.1,0.0,1.44,11.12,8.7,74
shaanxi_guanzhong,2017-11-16,11.0,3.1,0.0,1.25,8.37,8.4,73
shaanxi_guanzhong,2017-11-17,10.9,6.4,0.0,0.6,2.61,11.8,79
shaanxi_guanzhong,2017-11-18,7.3,2.4,0.0,1.72,8.16,11.9,39
shaanxi_guanzhong,2017-11-19,5.3,1.5,3.7,0.97,4.72,12.3,66
shaanxi_guanzhong,2017-11-20,8.1,0.2,0.0,1.25,8.01,12.2,56
shaanxi_guanzhong,2017-11-21,11.0,-1.1,0.0,1.82,9.15,13.6,54
shaanxi_guanzhong,2017-11-22,9.0,2.0,0.0,1.8,7.99,12.5,38
shaanxi_guanzhong,2017-11-23,9.7,-0.7,0.0,1.67,10.52,10.7,49
shaanxi_guanzhong,2017-11-24,9.0,-0.5,0.0,1.74,12.28,11.5,53
shaanxi_guanzhong,2017-11-25,13.3,-1.4,0.0,1.79,12.0,13.5,60
shaanxi_guanzhong,2017-11-26,11.4,0.2,0.0,1.82,12.09,11.5,56
shaanxi_guanzhong,2017-11-27,6.8,0.8,0.0,0.81,5.34,8.7,65
shaanxi_guanzhong,2017-11-28,12.1,-0.2,0.0,2.06,11.48,12.6,49
shaanxi_guanzhong,2017-11-29,7.3,2.6,0.0,1.33,6.49,10.4,52
shaanxi_guanzhong,2017-11-30,7.6,-0.6,0.0,1.5,9.49,11.1,55
shaanxi_guanzhong,2017-12-01,5.8,-2.1,0.0,1.1,9.12,6.5,58
shaanxi_guanzhong,2017-12-02,9.1,-3.4,0.0,1.31,10.87,7.9,73
shaanxi_guanzhong,2017-12-03,12.6,-0.6,0.0,1.77,11.62,13.8,60
shaanxi_guanzhong,2017-12-04,7.2,-0.1,0.0,1.78,10.55,13.8,44
shaanxi_guanzhong,2017-12-05,5.6,-3.3,0.0,1.55,11.59,12.8,43
shaanxi_guanzhong,2017-12-06,8.0,-3.0,0.0,1.45,11.0,9.4,53
shaanxi_guanzhong,2017-12-07,8.0,-2.4,0.0,2.03,10.2,16.4,35
shaanxi_guanzhong,2017-12-08,4.3,-3.2,0.3,1.44,9.59,11.0,40
shaanxi_guanzhong,2017-12-09,9.1,-4.8,0.0,1.74,11.07,20.6,55
shaanxi_guanzhong,2017-12-10,7.4,-4.0,0.0,1.73,11.44,13.9,39
shaanxi_guanzhong,2017-12-11,6.3,-4.1,0.0,1.38,10.48,8.8,47
shaanxi_guanzhong,2017-12-12,6.8,-1.3,0.0,1.26,9.14,9.5,56
shaanxi_guanzhong,2017-12-13,0.6,-2.5,0.0,0.61,2.58,10.6,65
shaanxi_guanzhong,2017-12-14,2.5,-2.7,0.0,0.69,6.33,6.9,75
shaanxi_guanzhong,2017-12-15,7.3,-1.9,0.0,1.62,9.82,13.4,53
shaanxi_guanzhong,2017-12-16,4.0,-3.5,0.0,1.62,11.25,14.3,40
shaanxi_guanzhong,2017-12-17,4.3,-5.6,0.0,1.22,10.9,8.0,52
shaanxi_guanzhong,2017-12-18,7.7,-4.0,0.0,1.79,11.41,14.7,35
shaanxi_guanzhong,2017-12-19,8.2,-4.3,0.0,1.6,11.03,13.8,41
shaanxi_guanzhong,2017-12-20,9.2,-3.8,0.0,1.53,11.17,9.9,52
shaanxi_guanzhong,2017-12-21,7.9,-4.5,0.0,1.34,11.07,7.7,54
shaanxi_guanzhong,2017-12-22,9.7,-3.1,0.0,1.35,9.95,9.5,59
shaanxi_guanzhong,2017-12-23,9.8,-0.4,0.0,2.15,10.27,15.3,39
shaanxi_guanzhong,2017-12-24,8.0,-4.4,0.0,1.79,11.23,12.6,41
shaanxi_guanzhong,2017-12-25,5.4,-3.7,0.0,1.27,9.53,10.2,48
shaanxi_guanzhong,2017-12-26,8.1,-3.0,0.0,1.36,8.61,10.8,49
shaanxi_guanzhong,2017-12-27,8.1,-3.4,0.0,1.32,10.66,6.9,55
shaanxi_guanzhong,2017-12-28,8.1,-3.8,0.0,1.36,10.58,16.8,58
shaanxi_guanzhong,2017-12-29,6.6,1.7,0.0,1.97,4.34,18.7,40
shaanxi_guanzhong,2017-12-30,8.9,-1.9,0.0,1.75,10.96,12.2,45
shaanxi_guanzhong,2017-12-31,7.5,-5.2,0.0,1.32,11.15,7.4,58
shaanxi_guanzhong,2018-01-01,8.0,-4.0,0.0,1.39,10.78,10.2,55
shaanxi_guanzhong,2018-01-02,3.3,-2.1,0.6,0.63,2.75,8.2,60
shaanxi_guanzhong,2018-01-03,-0.5,-3.9,7.9,0.39,2.17,14.4,84
shaanxi_guanzhong,2018-01-04,-3.5,-5.9,8.2,0.41,5.28,10.9,89
shaanxi_guanzhong,2018-01-05,-4.9,-7.8,0.1,0.44,5.83,10.6,87
shaanxi_guanzhong,2018-01-06,-2.9,-9.0,3.7,0.5,6.48,12.4,91
shaanxi_guanzhong,2018-01-07,-3.0,-6.0,0.4,0.68,8.43,18.8,81
shaanxi_guanzhong,2018-01-08,-4.1,-13.4,0.0,0.99,12.94,19.9,65
shaanxi_guanzhong,2018-01-09,-2.5,-14.8,0.0,0.88,13.06,11.4,69
shaanxi_guanzhong,2018-01-10,-0.7,-14.2,0.0,0.98,13.01,9.1,69
shaanxi_guanzhong,2018-01-11,2.1,-13.7,0.0,1.18,12.57,11.6,63
shaanxi_guanzhong,2018-01-12,-1.5,-11.0,0.0,1.03,12.22,8.7,63
shaanxi_guanzhong,2018-01-13,-0.2,-9.6,0.0,0.8,8.32,12.4,66
shaanxi_guanzhong,2018-01-14,3.0,-9.8,0.0,1.22,12.03,13.7,74
shaanxi_guanzhong,2018-01-15,4.9,-10.3,0.0,1.07,8.72,14.0,70
shaanxi_guanzhong,2018-01-16,6.2,-5.6,0.0,1.68,12.47,11.2,49
shaanxi_guanzhong,2018-01-17,6.5,-4.2,0.0,1.74,11.33,18.0,51
shaanxi_guanzhong,2018-01-18,4.7,-3.8,0.0,1.04,6.93,12.1,58
shaanxi_guanzhong,2018-01-19,9.2,-3.9,0.0,1.59,12.38,8.4,61
shaanxi_guanzhong,2018-01-20,9.2,-3.8,0.0,1.28,9.47,8.6,65
shaanxi_guanzhong,2018-01-21,10.5,-2.4,0.0,1.72,12.11,14.6,64
shaanxi_guanzhong,2018-01-22,7.7,-2.0,0.0,1.22,9.03,11.6,63
shaanxi_guanzhong,2018-01-23,0.9,-2.3,0.0,0.93,5.39,14.8,60
shaanxi_guanzhong,2018-01-24,-1.2,-4.5,5.8,0.68,2.35,10.5,58
shaanxi_guanzhong,2018-01-25,-4.1,-6.7,6.7,0.56,7.34,10.5,86
shaanxi_guanzhong,2018-01-26,-4.6,-8.2,0.3,0.68,9.57,10.9,79
shaanxi_guanzhong,2018-01-27,-4.4,-11.3,1.6,0.69,9.39,10.3,82
shaanxi_guanzhong,2018-01-28,-3.9,-12.4,1.0,0.67,7.49,13.3,73
shaanxi_guanzhong,2018-01-29,-5.6,-14.8,0.0,1.11,14.12,12.5,54
shaanxi_guanzhong,2018-01-30,-2.6,-13.6,0.0,1.15,12.19,14.8,59
shaanxi_guanzhong,2018-01-31,-0.1,-13.7,0.0,1.4,14.89,18.0,58
shaanxi_guanzhong,2018-02-01,0.6,-14.5,0.0,1.43,13.79,16.5,54
shaanxi_guanzhong,2018-02-02,-2.1,-12.4,0.0,1.41,15.11,16.3,53
shaanxi_guanzhong,2018-02-03,-1.9,-14.1,0.0,1.36,14.92,12.7,51
shaanxi_guanzhong,2018-02-04,0.2,-12.8,0.0,1.44,15.04,12.0,54
shaanxi_guanzhong,2018-02-05,5.2,-13.7,0.0,1.81,15.16,14.5,42
shaanxi_guanzhong,2018-02-06,7.4,-7.7,0.0,1.92,14.85,13.3,44
shaanxi_guanzhong,2018-02-07,6.1,-2.7,0.0,2.02,12.43,13.6,33
shaanxi_guanzhong,2018-02-08,6.6,-5.4,0.0,1.88,14.43,8.7,38
shaanxi_guanzhong,2018-02-09,7.4,-1.7,0.0,2.37,12.7,20.5,33
shaanxi_guanzhong,2018-02-10,4.4,-3.8,0.0,2.22,15.45,13.5,31
shaanxi_guanzhong,2018-02-11,5.9,-4.5,0.0,2.04,15.87,9.4,34
shaanxi_guanzhong,2018-02-12,8.4,-5.5,0.0,2.08,15.92,9.9,37
shaanxi_guanzhong,2018-02-13,12.1,-3.9,0.0,2.3,15.54,12.2,49
shaanxi_guanzhong,2018-02-14,13.4,-0.8,0.0,2.39,15.02,13.8,61
shaanxi_guanzhong,2018-02-15,9.1,0.1,0.0,1.81,11.16,10.0,49
shaanxi_guanzhong,2018-02-16,13.2,-2.5,0.0,2.32,15.55,12.3,60
shaanxi_guanzhong,2018-02-17,5.5,1.5,1.3,0.72,3.24,13.2,70
shaanxi_guanzhong,2018-02-18,10.0,0.4,0.0,1.54,9.17,9.4,59
shaanxi_guanzhong,2018-02-19,10.7,0.7,1.0,1.96,14.71,10.7,71
shaanxi_guanzhong,2018-02-20,9.0,1.8,6.3,0.77,4.5,18.7,80
shaanxi_guanzhong,2018-02-21,8.5,-1.4,0.1,2.13,16.39,10.4,58
shaanxi_guanzhong,2018-02-22,13.5,-2.4,0.0,2.66,17.25,11.9,49
shaanxi_guanzhong,2018-02-23,15.6,-1.9,0.0,2.93,16.03,20.7,60
shaanxi_guanzhong,2018-02-24,13.5,3.0,0.0,3.36,17.36,17.5,32
shaanxi_guanzhong,2018-02-25,15.1,0.7,0.0,2.63,17.2,9.1,53
shaanxi_guanzhong,2018-02-26,16.2,3.5,0.5,2.26,12.54,13.0,60
shaanxi_guanzhong,2018-02-27,15.7,7.2,0.0,1.93,11.28,11.2,63
shaanxi_guanzhong,2018-02-28,19.2,2.7,0.0,3.02,17.65,10.9,66
shaanxi_guanzhong,2018-03-01,15.6,6.5,0.1,3.08,16.35,13.3,47
shaanxi_guanzhong,2018-03-02,16.1,4.1,0.0,2.55,16.04,10.5,63
shaanxi_guanzhong,2018-03-03,20.3,4.2,0.0,2.79,16.49,12.0,68
shaanxi_guanzhong,2018-03-04,16.2,4.2,5.1,1.73,3.78,23.3,67
shaanxi_guanzhong,2018-03-05,9.4,1.4,1.6,1.03,7.11,8.5,88
shaanxi_guanzhong,2018-03-06,6.5,2.9,7.1,0.57,3.62,15.5,91
shaanxi_guanzhong,2018-03-07,12.9,1.3,1.1,1.89,12.72,12.6,75
shaanxi_guanzhong,2018-03-08,13.2,0.2,0.0,3.05,18.84,12.6,43
shaanxi_guanzhong,2018-03-09,15.7,1.2,0.0,2.88,18.63,10.7,57
shaanxi_guanzhong,2018-03-10,16.0,3.0,0.3,1.88,11.48,7.9,75
shaanxi_guanzhong,2018-03-11,19.3,4.2,0.0,2.98,18.74,8.7,77
shaanxi_guanzhong,2018-03-12,21.1,5.2,0.0,3.23,19.2,9.5,72
shaanxi_guanzhong,2018-03-13,22.9,7.8,0.0,3.51,19.48,10.4,64
shaanxi_guanzhong,2018-03-14,24.3,7.2,0.0,3.78,19.62,11.3,59
shaanxi_guanzhong,2018-03-15,23.1,7.8,0.0,4.21,19.41,30.1,55
shaanxi_guanzhong,2018-03-16,12.4,5.9,1.6,3.7,14.21,30.4,45
shaanxi_guanzhong,2018-03-17,5.8,1.3,7.1,0.87,3.7,25.0,74
shaanxi_guanzhong,2018-03-18,9.9,3.2,1.4,1.29,8.84,7.4,81
shaanxi_guanzhong,2018-03-19,13.6,4.0,0.5,1.88,11.8,12.7,80
shaanxi_guanzhong,2018-03-20,14.4,6.0,0.0,2.82,16.82,13.3,57
shaanxi_guanzhong,2018-03-21,19.4,2.0,0.0,3.34,19.79,8.9,61
shaanxi_guanzhong,2018-03-22,20.4,4.5,0.0,3.87,20.58,13.8,52
shaanxi_guanzhong,2018-03-23,21.6,5.3,0.0,3.45,17.22,12.0,54
shaanxi_guanzhong,2018-03-24,20.2,7.8,0.0,3.84,20.26,12.7,49
shaanxi_guanzhong,2018-03-25,21.8,9.4,0.0,3.62,18.61,13.2,58
shaanxi_guanzhong,2018-03-26,25.8,9.7,0.0,3.78,17.1,14.1,58
shaanxi_guanzhong,2018-03-27,28.1,10.4,0.0,5.14,21.15,13.4,40
shaanxi_guanzhong,2018-03-28,27.5,11.4,0.0,4.63,20.82,10.7,48
shaanxi_guanzhong,2018-03-29,27.5,11.3,0.0,4.86,18.84,20.4,47
shaanxi_guanzhong,2018-03-30,23.2,13.6,0.0,3.96,15.24,21.9,52
shaanxi_guanzhong,2018-03-31,25.0,12.7,0.0,4.07,14.16,21.3,52
shaanxi_guanzhong,2018-04-01,26.6,14.6,0.0,5.55,21.3,18.9,33
shaanxi_guanzhong,2018-04-02,28.8,12.0,0.0,4.98,21.56,10.1,41
shaanxi_guanzhong,2018-04-03,30.7,13.6,0.0,5.76,21.23,26.9,32
shaanxi_guanzhong,2018-04-04,19.7,8.7,3.1,4.42,19.5,30.7,55
shaanxi_guanzhong,2018-04-05,17.6,8.0,1.9,3.18,16.17,23.8,58
shaanxi_guanzhong,2018-04-06,14.6,5.6,0.0,5.39,23.41,30.4,12
shaanxi_guanzhong,2018-04-07,19.0,1.1,0.0,4.34,23.26,11.3,23
shaanxi_guanzhong,2018-04-08,24.7,8.7,0.0,5.07,22.49,17.3,39
shaanxi_guanzhong,2018-04-09,28.6,10.1,0.0,4.86,21.97,11.3,48
shaanxi_guanzhong,2018-04-10,28.4,16.0,0.0,6.11,21.57,23.1,26
shaanxi_guanzhong,2018-04-11,22.6,13.5,1.5,3.43,10.28,16.9,35
shaanxi_guanzhong,2018-04-12,14.6,11.9,19.1,0.54,1.74,13.8,89
shaanxi_guanzhong,2018-04-13,12.0,8.9,9.8,1.03,5.06,23.8,82
shaanxi_guanzhong,2018-04-14,15.4,8.1,0.1,3.29,14.95,19.8,48
shaanxi_guanzhong,2018-04-15,18.4,6.4,0.0,4.1,22.97,10.1,49
shaanxi_guanzhong,2018-04-16,21.6,6.5,0.0,4.25,22.69,12.7,51
shaanxi_guanzhong,2018-04-17,24.3,8.9,0.0,4.22,22.36,10.2,62
shaanxi_guanzhong,2018-04-18,27.9,11.6,0.0,4.86,22.28,18.1,63
shaanxi_guanzhong,2018-04-19,30.8,14.7,0.0,5.73,22.14,16.5,52
shaanxi_guanzhong,2018-04-20,24.8,16.0,7.4,3.01,11.3,20.9,71
shaanxi_guanzhong,2018-04-21,26.0,13.0,0.0,3.94,20.44,11.8,74
shaanxi_guanzhong,2018-04-22,19.3,15.3,7.4,1.22,5.69,11.9,87
shaanxi_guanzhong,2018-04-23,18.7,14.4,2.0,1.69,7.65,13.5,79
shaanxi_guanzhong,2018-04-24,14.6,11.7,7.9,1.01,2.75,21.4,85
shaanxi_guanzhong,2018-04-25,16.5,11.2,3.5,1.64,8.86,9.5,83
shaanxi_guanzhong,2018-04-26,25.1,9.2,0.0,4.0,21.55,7.2,64
shaanxi_guanzhong,2018-04-27,27.1,11.1,0.0,4.72,22.88,11.7,58
shaanxi_guanzhong,2018-04-28,24.7,12.5,0.1,3.75,17.9,12.8,61
shaanxi_guanzhong,2018-04-29,27.9,13.6,0.0,4.67,21.49,12.2,59
shaanxi_guanzhong,2018-04-30,26.2,15.1,0.0,4.62,17.12,14.1,44
shaanxi_guanzhong,2018-05-01,28.4,17.3,0.0,5.61,20.81,16.2,41
shaanxi_guanzhong,2018-05-02,23.8,15.2,0.0,6.0,24.49,14.4,28
shaanxi_guanzhong,2018-05-03,27.5,12.2,0.0,5.49,23.78,17.4,38
shaanxi_guanzhong,2018-05-04,24.5,16.8,0.0,2.72,8.95,12.6,62
shaanxi_guanzhong,2018-05-05,21.9,13.4,5.7,1.56,5.01,34.1,79
shaanxi_guanzhong,2018-05-06,15.5,11.3,5.6,1.68,6.21,19.8,74
shaanxi_guanzhong,2018-05-07,22.4,8.5,0.0,3.98,21.23,12.3,69
shaanxi_guanzhong,2018-05-08,19.7,11.9,2.0,1.88,9.22,9.5,79
shaanxi_guanzhong,2018-05-09,22.1,14.2,0.4,2.81,13.69,10.6,73
shaanxi_guanzhong,2018-05-10,18.7,13.9,10.4,1.22,5.94,10.1,92
shaanxi_guanzhong,2018-05-11,24.2,13.3,0.0,4.73,22.58,22.1,59
shaanxi_guanzhong,2018-05-12,28.3,12.0,0.0,5.12,24.89,9.7,55
shaanxi_guanzhong,2018-05-13,31.5,14.4,0.0,5.8,24.73,15.5,54
shaanxi_guanzhong,2018-05-14,31.4,17.8,0.0,5.73,21.61,21.0,49
shaanxi_guanzhong,2018-05-15,32.1,19.3,0.0,5.86,23.71,17.5,53
shaanxi_guanzhong,2018-05-16,33.4,20.3,0.0,5.56,24.08,12.9,58
shaanxi_guanzhong,2018-05-17,26.5,21.8,0.3,4.33,10.22,23.8,52
shaanxi_guanzhong,2018-05-18,31.4,18.8,0.0,5.3,20.85,15.7,55
shaanxi_guanzhong,2018-05-19,24.4,18.7,2.2,2.49,8.26,21.1,76
shaanxi_guanzhong,2018-05-20,21.2,16.9,3.1,1.92,6.23,15.0,74
shaanxi_guanzhong,2018-05-21,17.4,10.9,10.0,1.58,5.64,24.6,78
shaanxi_guanzhong,2018-05-22,24.2,10.9,1.5,5.26,23.42,24.3,47
shaanxi_guanzhong,2018-05-23,24.1,10.5,0.0,4.26,19.04,9.2,45
shaanxi_guanzhong,2018-05-24,25.4,15.1,0.3,4.02,18.87,9.6,55
shaanxi_guanzhong,2018-05-25,27.6,18.4,1.2,4.09,18.48,15.0,63
shaanxi_guanzhong,2018-05-26,23.0,13.8,4.5,2.93,5.1,27.1,57
shaanxi_guanzhong,2018-05-27,27.7,12.5,0.0,5.64,23.59,11.5,40
shaanxi_guanzhong,2018-05-28,27.3,13.5,0.0,4.0,15.95,9.3,43
shaanxi_guanzhong,2018-05-29,29.4,16.9,0.0,4.74,19.49,8.7,39
shaanxi_guanzhong,2018-05-30,28.2,16.9,0.0,4.87,17.9,12.2,40
shaanxi_guanzhong,2018-05-31,30.6,15.6,0.0,6.43,24.97,19.2,42
shaanxi_guanzhong,2018-06-01,27.8,17.6,0.0,4.61,15.91,20.2,49
shaanxi_guanzhong,2018-06-02,29.7,15.2,0.0,5.54,24.93,14.9,51
shaanxi_guanzhong,2018-06-03,27.9,16.8,0.0,4.85,13.38,23.1,40
shaanxi_guanzhong,2018-06-04,31.1,17.2,0.0,6.4,23.93,16.7,31
shaanxi_guanzhong,2018-06-05,34.9,17.0,0.0,6.79,26.44,13.8,30
shaanxi_guanzhong,2018-06-06,36.9,19.8,0.0,7.3,25.94,20.7,36
shaanxi_guanzhong,2018-06-07,33.2,20.5,0.0,7.58,20.48,23.3,29
shaanxi_guanzhong,2018-06-08,20.6,14.2,19.2,1.47,4.57,26.0,82
shaanxi_guanzhong,2018-06-09,26.9,11.3,0.0,5.13,25.36,11.0,63
shaanxi_guanzhong,2018-06-10,31.4,15.3,0.0,5.94,25.99,10.3,47
shaanxi_guanzhong,2018-06-11,32.7,17.7,0.1,5.9,24.12,15.1,42
shaanxi_guanzhong,2018-06-12,34.3,19.5,0.0,6.38,25.08,11.3,46
shaanxi_guanzhong,2018-06-13,36.4,20.1,0.0,6.56,23.7,13.3,36
shaanxi_guanzhong,2018-06-14,35.2,20.8,0.0,7.18,25.17,15.0,29
shaanxi_guanzhong,2018-06-15,32.7,22.9,0.3,5.54,14.54,27.4,45
shaanxi_guanzhong,2018-06-16,23.7,19.9,7.7,1.41,6.05,9.9,83
shaanxi_guanzhong,2018-06-17,30.3,18.4,7.2,3.99,18.72,11.2,77
shaanxi_guanzhong,2018-06-18,21.7,19.5,28.7,1.05,4.66,19.0,94
shaanxi_guanzhong,2018-06-19,27.8,18.1,0.1,3.39,15.84,12.3,75
shaanxi_guanzhong,2018-06-20,30.7,21.5,0.1,4.47,19.91,10.0,69
shaanxi_guanzhong,2018-06-21,31.3,22.3,0.0,5.37,23.27,12.0,61
shaanxi_guanzhong,2018-06-22,32.1,21.2,0.0,5.97,25.55,11.9,59
shaanxi_guanzhong,2018-06-23,33.9,22.2,0.0,6.51,25.74,13.7,50
shaanxi_guanzhong,2018-06-24,33.1,24.0,2.4,5.44,21.7,13.2,61
shaanxi_guanzhong,2018-06-25,30.5,22.9,21.4,3.18,14.52,7.9,85
shaanxi_guanzhong,2018-06-26,25.1,22.2,22.2,1.45,6.95,8.5,93
shaanxi_guanzhong,2018-06-27,29.4,22.0,4.7,2.83,12.88,8.8,82
shaanxi_guanzhong,2018-06-28,34.0,22.0,0.0,6.18,25.83,11.7,59
shaanxi_guanzhong,2018-06-29,33.8,22.9,2.4,5.51,22.97,13.0,63
shaanxi_guanzhong,2018-06-30,31.4,22.4,10.6,4.99,22.15,13.9,78
shaanxi_guanzhong,2018-07-01,31.8,23.0,0.0,5.93,20.74,19.9,59
shaanxi_guanzhong,2018-07-02,25.6,19.9,34.9,1.53,3.51,21.9,82
shaanxi_guanzhong,2018-07-03,22.9,19.2,26.8,1.25,5.68,8.4,93
shaanxi_guanzhong,2018-07-04,23.5,20.2,20.5,1.29,5.69,4.6,92
shaanxi_guanzhong,2018-07-05,28.3,19.5,0.0,3.99,19.77,8.4,80
shaanxi_guanzhong,2018-07-06,30.1,20.9,0.0,4.76,22.72,11.3,76
shaanxi_guanzhong,2018-07-07,30.2,22.3,0.7,4.54,21.54,7.6,75
shaanxi_guanzhong,2018-07-08,25.1,21.6,14.4,1.17,5.07,7.1,94
shaanxi_guanzhong,2018-07-09,24.9,20.8,7.1,1.82,8.54,15.4,91
shaanxi_guanzhong,2018-07-10,24.0,20.5,11.1,1.24,6.07,22.0,93
shaanxi_guanzhong,2018-07-11,23.9,20.3,14.9,1.41,6.65,14.2,92
shaanxi_guanzhong,2018-07-12,28.1,19.6,0.0,3.21,15.6,7.9,83
shaanxi_guanzhong,2018-07-13,29.4,21.8,1.9,2.7,12.51,8.8,87
shaanxi_guanzhong,2018-07-14,32.1,23.2,1.5,4.5,20.41,14.8,82
shaanxi_guanzhong,2018-07-15,32.5,23.2,3.3,4.68,21.72,11.0,83
shaanxi_guanzhong,2018-07-16,29.9,23.9,2.5,2.35,10.81,6.9,89
shaanxi_guanzhong,2018-07-17,33.1,23.7,0.0,5.35,24.26,14.4,79
shaanxi_guanzhong,2018-07-18,35.2,24.9,0.0,6.34,25.01,18.0,65
shaanxi_guanzhong,2018-07-19,35.4,26.6,0.0,6.36,23.74,16.2,65
shaanxi_guanzhong,2018-07-20,36.3,26.0,0.0,6.46,24.87,14.1,62
shaanxi_guanzhong,2018-07-21,32.8,23.5,0.0,5.31,22.15,19.9,66
shaanxi_guanzhong,2018-07-22,34.7,25.8,0.0,5.44,23.35,10.3,66
shaanxi_guanzhong,2018-07-23,35.9,26.6,0.0,6.79,24.61,20.0,55
shaanxi_guanzhong,2018-07-24,34.6,25.1,0.0,6.07,24.43,14.0,57
shaanxi_guanzhong,2018-07-25,36.1,25.1,0.0,6.11,24.05,13.7,54
shaanxi_guanzhong,2018-07-26,36.0,25.8,0.4,6.41,22.88,17.3,54
shaanxi_guanzhong,2018-07-27,35.8,26.4,0.0,6.64,22.17,18.8,56
shaanxi_guanzhong,2018-07-28,36.6,26.4,0.0,7.06,22.54,20.1,54
shaanxi_guanzhong,2018-07-29,34.6,26.7,0.8,5.51,18.75,18.4,57
shaanxi_guanzhong,2018-07-30,33.1,25.5,3.1,4.72,19.79,13.0,66
shaanxi_guanzhong,2018-07-31,31.3,22.6,11.6,3.86,18.27,8.7,83
shaanxi_guanzhong,2018-08-01,34.1,23.2,0.1,5.37,21.92,13.5,69
shaanxi_guanzhong,2018-08-02,35.0,25.9,0.0,6.48,23.39,17.0,57
shaanxi_guanzhong,2018-08-03,35.1,25.6,0.1,6.01,23.48,14.7,56
shaanxi_guanzhong,2018-08-04,35.1,24.8,0.0,5.54,23.45,8.0,51
shaanxi_guanzhong,2018-08-05,36.4,25.0,0.0,6.11,23.04,13.2,47
shaanxi_guanzhong,2018-08-06,35.2,26.6,0.1,5.85,22.08,14.1,54
shaanxi_guanzhong,2018-08-07,36.2,26.7,0.6,5.41,21.42,13.0,57
shaanxi_guanzhong,2018-08-08,36.6,24.3,1.2,5.31,22.58,13.0,62
shaanxi_guanzhong,2018-08-09,37.0,26.0,0.0,5.91,22.09,15.0,51
shaanxi_guanzhong,2018-08-10,36.5,25.5,0.1,5.7,20.49,13.2,51
shaanxi_guanzhong,2018-08-11,36.8,25.1,0.0,5.45,20.75,9.7,48
shaanxi_guanzhong,2018-08-12,35.5,25.5,0.2,5.32,21.02,14.3,52
shaanxi_guanzhong,2018-08-13,35.6,26.4,1.2,5.09,20.0,15.9,56
shaanxi_guanzhong,2018-08-14,36.0,26.6,0.1,5.76,21.23,13.7,53
shaanxi_guanzhong,2018-08-15,34.7,27.2,2.3,4.36,17.5,10.6,57
shaanxi_guanzhong,2018-08-16,31.4,23.2,12.8,4.12,17.5,18.8,74
shaanxi_guanzhong,2018-08-17,30.0,22.4,1.3,3.75,16.91,11.9,72
shaanxi_guanzhong,2018-08-18,33.3,21.8,0.0,5.01,21.73,8.4,59
shaanxi_guanzhong,2018-08-19,35.5,24.2,0.0,6.27,23.49,11.9,47
shaanxi_guanzhong,2018-08-20,36.4,25.3,0.1,6.08,21.68,13.7,44
shaanxi_guanzhong,2018-08-21,34.5,24.6,10.5,4.89,17.94,13.6,59
shaanxi_guanzhong,2018-08-22,24.8,18.6,42.9,2.32,8.85,31.8,77
shaanxi_guanzhong,2018-08-23,28.0,19.7,0.2,3.94,19.09,9.0,72
shaanxi_guanzhong,2018-08-24,30.1,19.6,0.0,5.05,23.04,13.0,67
shaanxi_guanzhong,2018-08-25,31.4,22.2,0.0,5.28,21.32,13.4,59
shaanxi_guanzhong,2018-08-26,32.4,22.9,0.0,5.7,22.17,16.6,57
shaanxi_guanzhong,2018-08-27,32.4,21.1,0.0,5.99,22.44,16.1,53
shaanxi_guanzhong,2018-08-28,32.9,22.6,0.0,5.36,22.11,11.1,53
shaanxi_guanzhong,2018-08-29,34.3,23.3,0.0,5.98,22.14,16.9,51
shaanxi_guanzhong,2018-08-30,34.3,24.7,0.0,5.98,21.85,14.8,53
shaanxi_guanzhong,2018-08-31,34.2,24.8,0.1,6.71,20.89,23.7,57
shaanxi_guanzhong,2018-09-01,34.7,23.8,0.0,6.45,20.42,23.0,56
shaanxi_guanzhong,2018-09-02,27.5,23.3,0.8,2.81,8.16,15.9,65
shaanxi_guanzhong,2018-09-03,30.4,20.7,1.8,4.48,18.64,11.6,61
shaanxi_guanzhong,2018-09-04,30.8,21.4,0.0,5.15,17.84,15.7,46
shaanxi_guanzhong,2018-09-05,22.6,18.4,15.6,1.39,5.37,13.7,82
shaanxi_guanzhong,2018-09-06,27.4,19.2,0.0,4.36,13.04,20.3,51
shaanxi_guanzhong,2018-09-07,24.4,16.0,0.0,4.59,19.93,14.6,44
shaanxi_guanzhong,2018-09-08,26.1,14.4,0.0,5.0,22.12,11.0,47
shaanxi_guanzhong,2018-09-09,27.5,15.8,1.1,3.81,15.07,13.3,53
shaanxi_guanzhong,2018-09-10,27.0,18.0,0.0,3.68,16.87,10.8,66
shaanxi_guanzhong,2018-09-11,28.1,17.2,0.0,4.59,21.23,14.7,59
shaanxi_guanzhong,2018-09-12,26.7,19.1,0.0,3.94,15.32,15.6,55
shaanxi_guanzhong,2018-09-13,22.5,17.3,1.5,2.29,8.94,14.2,69
shaanxi_guanzhong,2018-09-14,24.3,16.3,0.0,2.98,14.35,14.5,70
shaanxi_guanzhong,2018-09-15,20.3,14.8,14.9,0.92,3.64,24.3,88
shaanxi_guanzhong,2018-09-16,16.6,13.6,8.9,1.25,6.65,12.7,86
shaanxi_guanzhong,2018-09-17,20.9,12.3,0.1,2.27,12.65,9.4,81
shaanxi_guanzhong,2018-09-18,19.5,15.4,10.0,0.99,4.84,7.6,93
shaanxi_guanzhong,2018-09-19,21.3,16.0,16.9,1.16,5.75,10.2,92
shaanxi_guanzhong,2018-09-20,24.4,15.3,1.6,2.15,10.89,8.1,84
shaanxi_guanzhong,2018-09-21,26.4,13.4,0.0,3.83,20.2,10.0,75
shaanxi_guanzhong,2018-09-22,24.1,15.3,0.0,3.88,19.99,11.5,65
shaanxi_guanzhong,2018-09-23,23.5,14.7,0.0,3.88,18.4,13.6,55
shaanxi_guanzhong,2018-09-24,25.0,14.7,0.4,4.11,15.11,23.5,54
shaanxi_guanzhong,2018-09-25,17.9,13.5,3.0,1.38,3.16,17.4,75
shaanxi_guanzhong,2018-09-26,18.6,13.1,0.7,1.3,5.92,13.7,83
shaanxi_guanzhong,2018-09-27,18.1,12.1,1.5,1.52,6.59,20.5,80
shaanxi_guanzhong,2018-09-28,23.5,8.9,0.0,3.49,19.04,7.2,64
shaanxi_guanzhong,2018-09-29,25.9,10.4,0.0,3.89,19.52,9.3,57
shaanxi_guanzhong,2018-09-30,22.4,14.2,0.0,3.95,17.07,13.1,47
shaanxi_guanzhong,2018-10-01,21.5,11.6,0.0,3.97,19.27,12.4,45
shaanxi_guanzhong,2018-10-02,22.3,10.7,0.0,3.6,18.68,10.0,54
shaanxi_guanzhong,2018-10-03,23.2,10.3,0.0,3.77,17.97,12.9,50
shaanxi_guanzhong,2018-10-04,23.7,10.5,0.0,3.7,18.62,13.7,54
shaanxi_guanzhong,2018-10-05,23.1,12.7,0.0,3.0,14.72,8.9,59
shaanxi_guanzhong,2018-10-06,20.1,13.4,0.0,2.13,8.54,14.0,63
shaanxi_guanzhong,2018-10-07,19.1,11.3,0.0,2.01,10.29,9.9,72
shaanxi_guanzhong,2018-10-08,20.5,10.1,0.0,2.3,10.2,11.5,61
shaanxi_guanzhong,2018-10-09,20.3,9.6,0.0,4.01,16.21,13.5,32
shaanxi_guanzhong,2018-10-10,20.8,5.8,0.0,3.79,18.54,13.1,36
shaanxi_guanzhong,2018-10-11,18.7,8.5,0.4,2.87,12.8,12.0,41
shaanxi_guanzhong,2018-10-12,21.9,7.4,0.0,3.43,15.95,13.6,51
shaanxi_guanzhong,2018-10-13,16.3,10.9,4.0,1.48,3.16,14.5,67
shaanxi_guanzhong,2018-10-14,17.0,10.9,0.0,1.54,8.43,10.8,78
shaanxi_guanzhong,2018-10-15,20.0,8.8,0.0,2.64,14.33,9.8,66
shaanxi_guanzhong,2018-10-16,20.6,8.8,0.0,2.73,14.7,9.0,67
shaanxi_guanzhong,2018-10-17,22.0,10.2,0.0,3.23,13.86,22.7,68
shaanxi_guanzhong,2018-10-18,20.6,13.2,0.0,3.24,9.77,23.2,56
shaanxi_guanzhong,2018-10-19,16.4,9.6,0.6,2.2,5.61,20.0,60
shaanxi_guanzhong,2018-10-20,14.0,8.9,0.0,1.16,5.59,10.5,72
shaanxi_guanzhong,2018-10-21,15.2,7.9,2.8,1.31,7.98,8.2,84
shaanxi_guanzhong,2018-10-22,21.2,6.2,0.0,2.96,15.56,10.8,64
shaanxi_guanzhong,2018-10-23,20.0,9.2,0.0,3.32,15.46,13.9,44
shaanxi_guanzhong,2018-10-24,20.3,7.4,0.0,2.65,14.48,8.8,54
shaanxi_guanzhong,2018-10-25,20.9,10.7,2.1,2.89,8.1,24.5,47
shaanxi_guanzhong,2018-10-26,17.6,5.7,0.0,3.2,15.88,11.5,33
shaanxi_guanzhong,2018-10-27,18.2,4.4,0.0,2.74,15.42,9.8,45
shaanxi_guanzhong,2018-10-28,21.4,6.6,0.0,3.11,15.57,13.4,43
shaanxi_guanzhong,2018-10-29,21.9,7.5,0.0,3.99,15.57,13.3,31
shaanxi_guanzhong,2018-10-30,22.3,8.3,0.0,3.66,10.99,13.9,27
shaanxi_guanzhong,2018-10-31,20.6,6.8,0.0,3.3,15.0,18.0,36
shaanxi_guanzhong,2018-11-01,18.9,6.9,0.0,3.38,14.76,16.9,41
shaanxi_guanzhong,2018-11-02,22.6,9.5,0.0,3.81,14.43,20.1,48
shaanxi_guanzhong,2018-11-03,15.4,7.8,0.0,2.47,8.49,20.7,46
shaanxi_guanzhong,2018-11-04,11.8,8.8,0.0,1.97,4.32,18.3,47
shaanxi_guanzhong,2018-11-05,9.2,5.9,7.5,0.63,2.89,10.2,76
shaanxi_guanzhong,2018-11-06,7.7,4.1,4.8,0.78,4.82,11.9,81
shaanxi_guanzhong,2018-11-07,8.5,3.3,2.0,0.68,4.64,11.5,83
shaanxi_guanzhong,2018-11-08,14.5,0.9,0.0,1.96,13.91,8.2,66
shaanxi_guanzhong,2018-11-09,15.0,3.2,0.0,1.94,13.26,10.8,66
shaanxi_guanzhong,2018-11-10,12.7,6.9,1.1,0.92,4.67,10.8,75
shaanxi_guanzhong,2018-11-11,14.0,4.5,0.0,1.67,11.26,9.8,77
shaanxi_guanzhong,2018-11-12,14.4,2.2,0.0,1.85,13.15,7.7,77
shaanxi_guanzhong,2018-11-13,13.8,3.4,0.0,1.56,10.72,9.1,73
shaanxi_guanzhong,2018-11-14,8.8,6.7,1.3,0.49,2.39,10.2,83
shaanxi_guanzhong,2018-11-15,8.5,5.0,2.6,0.92,2.4,16.6,75
shaanxi_guanzhong,2018-11-16,5.2,1.5,7.0,0.47,2.58,12.2,88
shaanxi_guanzhong,2018-11-17,7.4,-0.8,0.1,1.11,7.7,9.9,74
shaanxi_guanzhong,2018-11-18,10.8,2.4,0.0,1.98,12.61,10.4,48
shaanxi_guanzhong,2018-11-19,10.3,-1.6,0.0,1.54,11.6,7.5,61
shaanxi_guanzhong,2018-11-20,10.5,-1.0,0.0,0.98,6.05,11.1,74
shaanxi_guanzhong,2018-11-21,10.0,0.8,0.0,2.08,12.71,14.6,44
shaanxi_guanzhong,2018-11-22,10.9,-3.0,0.0,1.58,12.08,6.7,63
shaanxi_guanzhong,2018-11-23,14.5,-0.4,0.0,1.72,11.32,10.7,68
shaanxi_guanzhong,2018-11-24,13.1,2.8,0.0,1.39,9.44,8.0,67
shaanxi_guanzhong,2018-11-25,13.7,-0.6,0.0,1.74,12.17,8.8,62
shaanxi_guanzhong,2018-11-26,14.4,2.0,0.0,2.48,11.83,15.8,47
shaanxi_guanzhong,2018-11-27,12.6,4.1,0.0,1.9,9.53,9.2,42
shaanxi_guanzhong,2018-11-28,12.7,0.5,0.0,1.65,11.39,7.3,57
shaanxi_guanzhong,2018-11-29,10.8,0.5,0.0,1.19,8.66,8.3,73
shaanxi_guanzhong,2018-11-30,11.3,3.8,0.9,0.82,4.24,8.0,69
shaanxi_guanzhong,2018-12-01,11.7,0.8,0.5,1.22,8.79,7.1,75
shaanxi_guanzhong,2018-12-02,9.6,2.5,0.2,1.54,4.4,24.1,64
shaanxi_guanzhong,2018-12-03,7.3,4.0,0.0,1.74,6.42,18.9,39
shaanxi_guanzhong,2018-12-04,6.4,-1.8,0.0,1.59,9.75,12.7,39
shaanxi_guanzhong,2018-12-05,6.0,-1.1,0.7,1.06,6.24,15.8,64
shaanxi_guanzhong,2018-12-06,4.8,-2.6,0.0,1.81,10.71,13.6,32
shaanxi_guanzhong,2018-12-07,-0.4,-4.8,0.4,1.17,6.41,12.6,40
shaanxi_guanzhong,2018-12-08,-2.8,-6.3,0.1,1.12,6.8,11.7,35
shaanxi_guanzhong,2018-12-09,0.4,-7.8,0.0,1.04,11.01,6.9,46
shaanxi_guanzhong,2018-12-10,2.2,-5.5,0.0,0.93,8.24,13.0,61
shaanxi_guanzhong,2018-12-11,0.8,-5.1,0.0,1.68,10.44,19.5,29
shaanxi_guanzhong,2018-12-12,1.6,-6.8,0.0,1.27,11.21,6.7,32
shaanxi_guanzhong,2018-12-13,4.2,-6.2,0.0,1.47,10.98,8.0,31
shaanxi_guanzhong,2018-12-14,3.8,-4.4,0.0,1.13,10.15,5.4,41
shaanxi_guanzhong,2018-12-15,10.6,-2.0,0.0,1.72,10.27,15.1,44
shaanxi_guanzhong,2018-12-16,11.6,-2.6,0.0,1.8,11.16,14.2,48
shaanxi_guanzhong,2018-12-17,9.5,-3.1,0.0,1.59,11.04,10.3,47
shaanxi_guanzhong,2018-12-18,10.2,-4.1,0.0,1.34,10.47,9.7,66
shaanxi_guanzhong,2018-12-19,8.4,-0.2,0.0,1.13,6.87,8.9,53
shaanxi_guanzhong,2018-12-20,8.4,-2.0,0.0,1.51,10.01,14.3,52
shaanxi_guanzhong,2018-12-21,6.7,-1.3,0.0,1.32,5.53,12.5,40
shaanxi_guanzhong,2018-12-22,7.4,1.0,0.1,1.11,5.05,10.8,51
shaanxi_guanzhong,2018-12-23,2.4,-2.1,0.7,0.91,5.28,10.8,54
shaanxi_guanzhong,2018-12-24,0.9,-4.0,0.0,0.78,5.22,7.9,52
shaanxi_guanzhong,2018-12-25,7.7,0.2,0.0,1.32,6.47,13.4,52
shaanxi_guanzhong,2018-12-26,5.9,-1.2,0.0,1.44,9.93,9.7,46
shaanxi_guanzhong,2018-12-27,0.1,-2.5,2.8,0.5,2.12,7.3,64
shaanxi_guanzhong,2018-12-28,-2.5,-5.4,1.4,0.94,8.58,10.6,49
shaanxi_guanzhong,2018-12-29,-0.9,-6.1,0.0,1.14,10.36,7.9,42
shaanxi_guanzhong,2018-12-30,0.2,-8.4,0.0,1.19,11.3,7.2,35
shaanxi_guanzhong,2018-12-31,0.3,-7.3,0.0,0.93,8.86,6.9,43
shaanxi_guanzhong,2019-01-01,1.1,-8.5,0.0,1.02,10.4,8.4,53
shaanxi_guanzhong,2019-01-02,2.7,-8.2,0.0,1.13,11.09,8.3,53
shaanxi_guanzhong,2019-01-03,2.8,-6.2,0.0,1.08,9.42,8.0,54
shaanxi_guanzhong,2019-01-04,4.2,-3.7,0.0,1.17,9.46,7.8,53
shaanxi_guanzhong,2019-01-05,5.0,-4.8,0.0,1.35,11.03,8.9,50
shaanxi_guanzhong,2019-01-06,2.3,-5.2,0.0,0.88,8.39,7.5,66
shaanxi_guanzhong,2019-01-07,6.0,-4.4,0.0,1.75,10.41,13.0,45
shaanxi_guanzhong,2019-01-08,3.5,-3.9,0.0,1.48,8.8,10.9,32
shaanxi_guanzhong,2019-01-09,1.4,-3.7,0.4,0.98,7.12,11.3,55
shaanxi_guanzhong,2019-01-10,2.4,-4.7,1.1,0.67,5.08,10.6,73
shaanxi_guanzhong,2019-01-11,6.3,-5.5,0.0,1.36,11.74,8.4,60
shaanxi_guanzhong,2019-01-12,5.5,-4.5,0.4,0.96,6.79,9.3,59
shaanxi_guanzhong,2019-01-13,6.4,-5.0,0.0,1.33,10.86,9.2,57
shaanxi_guanzhong,2019-01-14,8.4,-4.7,0.0,1.65,7.1,19.7,43
shaanxi_guanzhong,2019-01-15,2.5,-3.4,0.0,1.4,7.88,12.0,37
shaanxi_guanzhong,2019-01-16,0.9,-7.1,0.0,1.31,10.46,10.4,35
shaanxi_guanzhong,2019-01-17,5.5,-6.5,0.0,1.42,12.21,6.1,45
shaanxi_guanzhong,2019-01-18,6.9,-4.5,0.0,1.59,9.78,10.5,46
shaanxi_guanzhong,2019-01-19,7.9,-2.2,0.0,2.09,12.0,12.0,34
shaanxi_guanzhong,2019-01-20,5.8,-3.1,0.0,1.76,7.96,15.3,37
shaanxi_guanzhong,2019-01-21,7.1,-5.3,0.0,1.71,12.6,9.6,44
shaanxi_guanzhong,2019-01-22,9.4,-5.2,0.0,1.75,13.13,8.2,48
shaanxi_guanzhong,2019-01-23,9.3,-5.5,0.0,1.73,12.91,7.2,45
shaanxi_guanzhong,2019-01-24,6.3,-2.3,0.0,1.42,6.94,13.4,38
shaanxi_guanzhong,2019-01-25,8.8,1.9,0.0,2.28,10.66,14.6,33
shaanxi_guanzhong,2019-01-26,5.1,-1.4,0.0,1.1,6.45,8.9,52
shaanxi_guanzhong,2019-01-27,6.4,0.9,0.0,1.0,4.82,14.2,61
shaanxi_guanzhong,2019-01-28,8.1,-2.2,0.0,1.52,10.61,8.1,53
shaanxi_guanzhong,2019-01-29,9.7,-0.9,0.0,1.85,12.15,10.4,48
shaanxi_guanzhong,2019-01-30,4.7,0.2,2.2,0.56,3.3,8.7,78
shaanxi_guanzhong,2019-01-31,5.5,-2.9,0.1,1.42,11.06,12.0,63
shaanxi_guanzhong,2019-02-01,6.7,-5.2,0.0,1.47,13.4,8.6,58
shaanxi_guanzhong,2019-02-02,9.9,-2.1,0.2,2.02,10.08,15.3,48
shaanxi_guanzhong,2019-02-03,9.7,0.3,0.0,2.51,13.88,14.6,31
shaanxi_guanzhong,2019-02-04,12.4,-2.1,0.0,2.12,13.25,8.9,43
shaanxi_guanzhong,2019-02-05,13.6,-1.7,0.0,2.17,13.49,10.3,54
shaanxi_guanzhong,2019-02-06,13.9,1.8,0.1,1.96,10.89,10.9,54
shaanxi_guanzhong,2019-02-07,6.3,-0.9,0.0,1.81,8.69,18.1,45
shaanxi_guanzhong,2019-02-08,3.4,-2.7,0.2,0.95,6.97,9.7,58
shaanxi_guanzhong,2019-02-09,1.1,-3.0,0.7,0.93,4.12,11.7,54
shaanxi_guanzhong,2019-02-10,3.0,-5.4,6.0,1.17,11.18,6.8,68
shaanxi_guanzhong,2019-02-11,3.4,-6.9,0.0,1.44,14.54,5.4,71
shaanxi_guanzhong,2019-02-12,8.9,-4.0,0.0,1.93,14.71,10.7,61
shaanxi_guanzhong,2019-02-13,3.7,-2.5,0.0,0.9,6.47,16.4,72
shaanxi_guanzhong,2019-02-14,6.9,-3.2,0.0,1.42,11.2,13.4,67
shaanxi_guanzhong,2019-02-15,7.2,-4.4,0.0,1.84,14.27,11.7,62
shaanxi_guanzhong,2019-02-16,4.5,-3.3,0.0,1.61,8.79,12.4,38
shaanxi_guanzhong,2019-02-17,3.6,-1.8,0.4,0.9,6.85,10.1,63
shaanxi_guanzhong,2019-02-18,4.9,-2.3,2.1,1.02,8.67,8.6,76
shaanxi_guanzhong,2019-02-19,7.6,-3.3,0.0,1.52,12.66,8.6,71
shaanxi_guanzhong,2019-02-20,7.4,-1.0,0.0,1.15,8.24,8.4,70
shaanxi_guanzhong,2019-02-21,4.7,-1.4,0.8,0.87,5.4,9.5,70
shaanxi_guanzhong,2019-02-22,10.4,-3.5,0.0,2.08,16.03,7.3,69
shaanxi_guanzhong,2019-02-23,11.9,-0.8,0.0,2.21,15.78,10.8,63
shaanxi_guanzhong,2019-02-24,12.8,3.3,0.0,2.33,15.09,8.4,48
shaanxi_guanzhong,2019-02-25,13.8,1.2,0.0,2.08,12.7,8.4,59
shaanxi_guanzhong,2019-02-26,8.3,3.3,4.8,0.82,4.7,13.7,80
shaanxi_guanzhong,2019-02-27,9.4,1.7,0.2,1.26,7.77,8.8,74
shaanxi_guanzhong,2019-02-28,11.8,-2.2,0.9,1.83,12.67,9.0,73
shaanxi_guanzhong,2019-03-01,8.7,3.7,2.2,0.95,6.19,10.8,83
shaanxi_guanzhong,2019-03-02,8.7,2.5,3.3,0.91,5.72,12.8,82
shaanxi_guanzhong,2019-03-03,13.8,-1.8,0.0,2.36,17.24,10.2,77
shaanxi_guanzhong,2019-03-04,11.3,1.7,0.0,1.66,11.4,9.4,76
shaanxi_guanzhong,2019-03-05,16.2,3.0,0.0,2.27,13.74,10.8,65
shaanxi_guanzhong,2019-03-06,14.8,2.6,0.0,3.06,16.72,12.0,40
shaanxi_guanzhong,2019-03-07,13.3,7.1,0.0,2.97,10.46,23.6,45
shaanxi_guanzhong,2019-03-08,10.2,3.8,0.1,2.15,10.41,18.4,46
shaanxi_guanzhong,2019-03-09,17.4,1.0,0.0,3.13,18.59,14.2,58
shaanxi_guanzhong,2019-03-10,12.5,3.7,1.1,2.18,12.44,17.9,55
shaanxi_guanzhong,2019-03-11,14.1,2.4,1.0,3.07,14.86,16.4,31
shaanxi_guanzhong,2019-03-12,17.0,0.6,0.0,3.82,19.18,15.8,34
shaanxi_guanzhong,2019-03-13,11.7,4.6,0.0,2.62,9.9,18.5,31
shaanxi_guanzhong,2019-03-14,18.1,1.3,0.0,3.84,18.88,13.7,37
shaanxi_guanzhong,2019-03-15,18.1,0.9,0.0,3.99,19.31,12.4,23
shaanxi_guanzhong,2019-03-16,21.0,5.2,0.0,3.82,18.71,15.2,31
shaanxi_guanzhong,2019-03-17,18.1,7.9,0.0,2.63,10.25,14.8,45
shaanxi_guanzhong,2019-03-18,22.9,6.9,0.0,4.47,20.23,18.9,47
shaanxi_guanzhong,2019-03-19,20.3,10.5,0.2,3.26,12.33,13.0,43
shaanxi_guanzhong,2019-03-20,24.0,11.1,0.2,4.98,16.79,25.8,40
shaanxi_guanzhong,2019-03-21,12.6,5.0,0.2,2.44,8.5,15.0,36
shaanxi_guanzhong,2019-03-22,14.4,-0.2,0.0,2.84,16.7,13.8,40
shaanxi_guanzhong,2019-03-23,17.1,4.8,0.0,4.41,19.83,15.6,21
shaanxi_guanzhong,2019-03-24,19.8,4.8,0.0,4.08,20.21,13.7,19
shaanxi_guanzhong,2019-03-25,22.5,4.0,0.0,4.24,20.7,10.0,34
shaanxi_guanzhong,2019-03-26,24.6,7.8,0.0,4.26,18.62,11.9,34
shaanxi_guanzhong,2019-03-27,22.3,13.3,0.2,4.07,7.98,23.9,36
shaanxi_guanzhong,2019-03-28,24.9,7.8,0.0,5.03,21.27,19.4,27
shaanxi_guanzhong,2019-03-29,22.9,9.8,1.0,4.66,17.29,20.8,26
shaanxi_guanzhong,2019-03-30,17.9,7.6,0.3,4.86,18.33,13.9,12
shaanxi_guanzhong,2019-03-31,19.9,5.6,0.0,4.8,21.82,17.4,14
shaanxi_guanzhong,2019-04-01,24.6,5.5,0.0,5.48,21.74,16.0,18
shaanxi_guanzhong,2019-04-02,16.6,10.7,2.3,1.83,6.69,13.0,55
shaanxi_guanzhong,2019-04-03,23.3,7.4,0.0,4.57,20.75,21.6,49
shaanxi_guanzhong,2019-04-04,24.6,8.2,0.0,4.6,20.68,13.7,40
shaanxi_guanzhong,2019-04-05,29.1,12.3,0.0,6.35,22.21,18.4,29
shaanxi_guanzhong,2019-04-06,30.5,12.2,0.0,5.68,19.52,20.5,33
shaanxi_guanzhong,2019-04-07,30.2,13.0,0.0,6.0,21.38,17.7,27
shaanxi_guanzhong,2019-04-08,27.0,16.0,1.8,4.97,17.18,17.1,42
shaanxi_guanzhong,2019-04-09,22.3,11.1,7.7,3.6,14.19,24.3,57
shaanxi_guanzhong,2019-04-10,16.1,9.4,1.1,1.63,8.05,12.4,73
shaanxi_guanzhong,2019-04-11,20.1,7.4,0.1,3.33,17.24,12.7,67
shaanxi_guanzhong,2019-04-12,12.9,7.6,3.3,1.15,4.27,11.3,71
shaanxi_guanzhong,2019-04-13,19.4,6.0,0.1,2.8,13.73,15.7,74
shaanxi_guanzhong,2019-04-14,20.4,8.2,0.0,4.62,19.48,16.6,35
shaanxi_guanzhong,2019-04-15,21.0,10.2,0.3,3.1,11.56,21.9,44
shaanxi_guanzhong,2019-04-16,28.1,9.5,0.0,5.44,22.92,15.3,43
shaanxi_guanzhong,2019-04-17,31.2,11.7,0.0,5.43,22.6,18.9,46
shaanxi_guanzhong,2019-04-18,33.5,15.0,0.0,5.85,21.81,21.8,49
shaanxi_guanzhong,2019-04-19,30.5,17.0,0.1,6.34,18.57,29.5,46
shaanxi_guanzhong,2019-04-20,17.7,13.4,9.7,1.32,4.6,27.7,77
shaanxi_guanzhong,2019-04-21,23.8,10.2,0.1,3.54,16.2,17.5,68
shaanxi_guanzhong,2019-04-22,25.3,13.5,0.0,3.87,17.74,17.3,65
shaanxi_guanzhong,2019-04-23,28.4,13.2,0.0,4.45,21.6,8.9,63
shaanxi_guanzhong,2019-04-24,30.9,15.2,0.0,5.29,20.96,18.2,49
shaanxi_guanzhong,2019-04-25,32.9,13.8,0.0,6.57,23.09,18.5,34
shaanxi_guanzhong,2019-04-26,22.7,13.2,5.9,3.6,14.81,28.7,62
shaanxi_guanzhong,2019-04-27,15.6,10.3,6.7,2.15,9.62,28.5,73
shaanxi_guanzhong,2019-04-28,12.1,7.9,9.7,1.11,5.43,12.2,81
shaanxi_guanzhong,2019-04-29,24.1,7.2,0.5,4.32,22.11,19.6,65
shaanxi_guanzhong,2019-04-30,24.9,15.5,0.0,5.98,21.43,30.4,35
shaanxi_guanzhong,2019-05-01,21.7,14.4,0.0,4.01,11.7,18.4,39
shaanxi_guanzhong,2019-05-02,24.4,12.4,0.0,4.66,20.68,19.0,53
shaanxi_guanzhong,2019-05-03,23.9,14.4,3.5,3.47,13.31,14.9,55
shaanxi_guanzhong,2019-05-04,27.9,13.9,0.0,4.33,19.67,10.8,60
shaanxi_guanzhong,2019-05-05,21.3,16.4,7.2,1.64,6.59,11.6,77
shaanxi_guanzhong,2019-05-06,16.1,10.0,12.6,1.66,7.49,26.3,80
shaanxi_guanzhong,2019-05-07,13.2,9.2,14.2,1.0,5.5,16.8,90
shaanxi_guanzhong,2019-05-08,21.8,8.1,0.4,3.42,18.01,14.0,71
shaanxi_guanzhong,2019-05-09,23.2,12.8,0.0,4.02,18.58,11.4,53
shaanxi_guanzhong,2019-05-10,25.8,11.3,0.0,4.76,22.45,12.1,56
shaanxi_guanzhong,2019-05-11,27.8,15.8,1.2,5.15,23.05,18.0,54
shaanxi_guanzhong,2019-05-12,22.3,15.3,0.0,5.29,18.38,21.6,36
shaanxi_guanzhong,2019-05-13,24.7,12.7,0.0,4.9,22.35,9.2,39
shaanxi_guanzhong,2019-05-14,20.3,14.4,0.5,2.31,9.27,9.3,59
shaanxi_guanzhong,2019-05-15,27.6,12.5,0.0,4.86,22.37,12.7,61
shaanxi_guanzhong,2019-05-16,22.9,14.7,0.4,2.11,7.7,9.2,65
shaanxi_guanzhong,2019-05-17,28.7,13.0,0.0,4.96,24.39,9.4,69
shaanxi_guanzhong,2019-05-18,26.5,18.6,1.7,3.02,11.35,16.2,64
shaanxi_guanzhong,2019-05-19,23.4,16.8,2.8,5.16,16.76,18.7,40
shaanxi_guanzhong,2019-05-20,22.9,13.7,0.0,5.11,21.0,13.9,28
shaanxi_guanzhong,2019-05-21,28.4,11.3,0.0,5.79,25.51,12.7,38
shaanxi_guanzhong,2019-05-22,32.2,15.4,0.0,6.24,25.67,10.2,34
shaanxi_guanzhong,2019-05-23,33.5,15.5,0.0,7.35,24.68,26.7,33
shaanxi_guanzhong,2019-05-24,34.4,18.0,0.0,6.14,22.79,17.3,41
shaanxi_guanzhong,2019-05-25,36.2,20.4,0.0,6.21,24.02,12.9,43
shaanxi_guanzhong,2019-05-26,34.7,22.0,0.0,9.12,23.35,25.8,20
shaanxi_guanzhong,2019-05-27,22.5,13.0,4.8,3.27,5.51,22.7,43
shaanxi_guanzhong,2019-05-28,16.2,10.9,4.4,1.67,7.45,16.6,77
shaanxi_guanzhong,2019-05-29,22.8,10.5,1.6,2.92,14.95,10.5,74
shaanxi_guanzhong,2019-05-30,30.2,13.5,0.0,5.81,23.17,16.9,52
shaanxi_guanzhong,2019-05-31,28.5,17.5,0.0,4.82,17.67,10.5,33
shaanxi_guanzhong,2019-06-01,33.0,17.8,0.0,6.71,23.16,17.0,38
shaanxi_guanzhong,2019-06-02,35.1,18.4,0.0,7.47,23.04,22.7,31
shaanxi_guanzhong,2019-06-03,36.0,19.8,0.0,7.4,26.0,15.0,36
shaanxi_guanzhong,2019-06-04,36.2,19.5,0.5,5.69,19.33,21.7,43
shaanxi_guanzhong,2019-06-05,23.0,16.6,23.2,2.13,9.24,28.6,82
shaanxi_guanzhong,2019-06-06,27.9,15.8,0.0,4.16,20.03,8.9,71
shaanxi_guanzhong,2019-06-07,30.8,16.9,0.0,5.37,25.21,8.6,62
shaanxi_guanzhong,2019-06-08,29.9,20.9,0.0,4.5,19.6,9.0,57
shaanxi_guanzhong,2019-06-09,34.2,20.4,0.0,5.65,23.11,10.7,51
shaanxi_guanzhong,2019-06-10,35.0,20.6,0.0,6.32,23.91,14.1,44
shaanxi_guanzhong,2019-06-11,30.9,22.3,0.6,4.1,13.84,14.3,50
shaanxi_guanzhong,2019-06-12,29.9,19.8,0.8,3.84,15.17,9.9,57
shaanxi_guanzhong,2019-06-13,33.2,20.0,0.0,6.36,25.93,11.2,40
shaanxi_guanzhong,2019-06-14,34.9,21.4,0.0,6.57,20.61,19.9,36
shaanxi_guanzhong,2019-06-15,27.0,19.5,6.1,2.66,8.69,17.3,74
shaanxi_guanzhong,2019-06-16,29.5,18.5,0.2,3.96,17.94,10.9,70
shaanxi_guanzhong,2019-06-17,27.0,19.4,0.0,2.75,11.16,11.8,62
shaanxi_guanzhong,2019-06-18,33.1,19.3,0.0,5.17,22.07,13.3,55
shaanxi_guanzhong,2019-06-19,28.7,21.7,3.1,2.59,10.95,8.8,71
shaanxi_guanzhong,2019-06-20,23.3,20.0,15.7,1.37,6.17,10.0,92
shaanxi_guanzhong,2019-06-21,21.5,19.7,26.9,1.13,5.0,8.6,93
shaanxi_guanzhong,2019-06-22,24.6,19.1,3.0,2.22,11.03,14.3,88
shaanxi_guanzhong,2019-06-23,29.9,18.0,0.5,4.44,20.66,13.4,78
shaanxi_guanzhong,2019-06-24,25.1,19.8,3.9,2.45,10.08,12.0,75
shaanxi_guanzhong,2019-06-25,29.8,18.1,0.0,4.93,23.72,9.7,73
shaanxi_guanzhong,2019-06-26,29.7,20.5,5.1,3.99,18.63,12.2,72
shaanxi_guanzhong,2019-06-27,23.8,18.1,14.2,1.57,6.43,29.0,89
shaanxi_guanzhong,2019-06-28,24.7,17.3,7.4,2.61,11.9,27.6,80
shaanxi_guanzhong,2019-06-29,29.1,16.1,0.0,3.9,17.1,9.4,66
shaanxi_guanzhong,2019-06-30,29.6,20.1,0.0,5.07,22.59,9.1,55
shaanxi_guanzhong,2019-07-01,31.1,17.5,0.0,5.43,25.55,8.4,63
shaanxi_guanzhong,2019-07-02,29.9,20.0,0.0,3.84,17.29,6.1,66
shaanxi_guanzhong,2019-07-03,29.3,20.5,0.0,3.38,13.43,12.4,65
shaanxi_guanzhong,2019-07-04,31.7,21.9,0.0,6.11,25.76,10.1,50
shaanxi_guanzhong,2019-07-05,34.6,19.2,0.0,6.71,25.97,17.6,50
shaanxi_guanzhong,2019-07-06,32.0,22.3,0.0,6.96,26.69,15.2,35
shaanxi_guanzhong,2019-07-07,33.6,18.0,0.0,6.32,26.52,12.7,45
shaanxi_guanzhong,2019-07-08,26.5,19.6,11.6,1.47,4.77,14.0,78
shaanxi_guanzhong,2019-07-09,26.8,18.4,3.4,3.81,18.65,8.3,76
shaanxi_guanzhong,2019-07-10,28.6,17.8,0.7,4.91,23.49,12.2,70
shaanxi_guanzhong,2019-07-11,27.7,19.8,0.6,3.56,14.95,12.3,67
shaanxi_guanzhong,2019-07-12,31.2,20.4,4.7,5.39,24.36,12.0,66
shaanxi_guanzhong,2019-07-13,32.9,21.1,0.0,5.64,24.51,9.5,57
shaanxi_guanzhong,2019-07-14,35.4,20.8,0.0,6.1,23.68,11.9,47
shaanxi_guanzhong,2019-07-15,35.2,24.0,0.0,5.12,17.0,16.2,49
shaanxi_guanzhong,2019-07-16,26.2,21.7,5.7,1.97,8.24,10.0,75
shaanxi_guanzhong,2019-07-17,24.8,20.5,8.5,1.88,8.76,14.5,88
shaanxi_guanzhong,2019-07-18,26.1,20.8,5.1,2.51,12.09,8.5,86
shaanxi_guanzhong,2019-07-19,26.5,20.7,12.1,2.23,10.89,7.6,92
shaanxi_guanzhong,2019-07-20,31.1,20.9,0.7,5.0,23.63,9.5,81
shaanxi_guanzhong,2019-07-21,31.3,22.3,1.0,4.28,19.3,11.3,78
shaanxi_guanzhong,2019-07-22,28.5,22.1,24.5,3.44,14.66,26.0,77
shaanxi_guanzhong,2019-07-23,32.1,19.2,0.0,5.44,25.5,8.1,66
shaanxi_guanzhong,2019-07-24,33.2,22.1,0.0,5.54,23.63,16.8,64
shaanxi_guanzhong,2019-07-25,33.9,23.0,0.0,5.93,24.6,11.8,56
shaanxi_guanzhong,2019-07-26,35.1,23.7,0.0,6.12,24.44,14.0,61
shaanxi_guanzhong,2019-07-27,35.7,25.2,0.2,5.76,23.81,10.2,61
shaanxi_guanzhong,2019-07-28,36.9,26.4,0.1,6.13,22.16,22.7,59
shaanxi_guanzhong,2019-07-29,27.8,21.2,18.1,3.02,10.17,25.2,73
shaanxi_guanzhong,2019-07-30,32.3,19.6,0.0,5.79,25.87,9.0,59
shaanxi_guanzhong,2019-07-31,33.9,21.7,0.0,5.88,24.58,10.4,56
shaanxi_guanzhong,2019-08-01,34.2,23.3,0.0,6.25,23.81,18.8,54
shaanxi_guanzhong,2019-08-02,30.6,23.8,2.5,3.89,14.23,17.9,69
shaanxi_guanzhong,2019-08-03,27.9,22.1,32.5,2.17,10.28,14.6,89
shaanxi_guanzhong,2019-08-04,30.5,21.4,0.1,4.49,21.18,11.0,78
shaanxi_guanzhong,2019-08-05,30.1,23.0,0.3,2.99,13.23,11.9,79
shaanxi_guanzhong,2019-08-06,26.8,20.7,3.8,2.36,11.42,9.0,87
shaanxi_guanzhong,2019-08-07,29.6,19.8,0.0,4.63,22.68,11.2,79
shaanxi_guanzhong,2019-08-08,29.6,21.8,1.3,3.75,17.64,9.5,78
shaanxi_guanzhong,2019-08-09,28.5,21.7,5.7,3.36,15.91,14.8,80
shaanxi_guanzhong,2019-08-10,31.5,19.1,0.0,5.16,24.15,9.6,72
shaanxi_guanzhong,2019-08-11,31.6,21.7,0.0,5.58,22.69,15.4,55
shaanxi_guanzhong,2019-08-12,32.9,21.1,0.0,6.56,24.87,15.8,45
shaanxi_guanzhong,2019-08-13,34.1,21.9,0.0,6.72,23.71,23.6,41
shaanxi_guanzhong,2019-08-14,33.1,23.3,0.0,6.88,24.39,16.8,40
shaanxi_guanzhong,2019-08-15,36.1,21.6,0.0,6.88,25.15,13.4,38
shaanxi_guanzhong,2019-08-16,36.3,21.6,0.0,6.96,24.13,19.2,36
shaanxi_guanzhong,2019-08-17,33.1,22.8,0.0,7.2,22.81,16.8,29
shaanxi_guanzhong,2019-08-18,35.7,22.6,0.0,6.82,22.58,17.1,39
shaanxi_guanzhong,2019-08-19,34.4,26.8,0.0,4.77,11.52,19.8,52
shaanxi_guanzhong,2019-08-20,30.0,21.3,2.1,3.25,10.18,14.9,65
shaanxi_guanzhong,2019-08-21,29.0,20.3,3.6,3.28,14.11,17.4,73
shaanxi_guanzhong,2019-08-22,28.8,21.1,3.2,2.88,11.97,14.2,75
shaanxi_guanzhong,2019-08-23,31.5,21.9,0.0,4.36,18.56,15.5,72
shaanxi_guanzhong,2019-08-24,32.1,21.7,0.1,4.5,20.4,7.2,68
shaanxi_guanzhong,2019-08-25,31.4,23.2,0.4,4.06,16.21,17.3,73
shaanxi_guanzhong,2019-08-26,27.5,20.0,53.6,2.03,7.63,17.7,83
shaanxi_guanzhong,2019-08-27,25.2,19.7,6.8,2.18,10.77,16.2,84
shaanxi_guanzhong,2019-08-28,28.2,18.1,0.0,3.12,14.63,8.5,76
shaanxi_guanzhong,2019-08-29,29.9,17.7,0.0,4.71,22.38,10.9,69
shaanxi_guanzhong,2019-08-30,27.4,18.6,0.0,4.36,20.12,10.8,61
shaanxi_guanzhong,2019-08-31,25.7,19.5,5.3,2.72,12.67,9.4,76
shaanxi_guanzhong,2019-09-01,24.7,18.2,11.0,3.04,16.35,8.6,88
shaanxi_guanzhong,2019-09-02,26.5,15.9,0.0,4.45,22.31,12.5,69
shaanxi_guanzhong,2019-09-03,23.6,16.7,0.6,2.96,13.01,14.5,71
shaanxi_guanzhong,2019-09-04,23.2,18.8,15.1,2.25,11.52,10.4,87
shaanxi_guanzhong,2019-09-05,26.7,18.1,0.2,3.25,16.43,8.6,83
shaanxi_guanzhong,2019-09-06,28.9,19.1,0.0,4.32,20.97,10.5,74
shaanxi_guanzhong,2019-09-07,29.5,20.4,0.0,4.41,20.85,8.2,68
shaanxi_guanzhong,2019-09-08,29.7,21.3,0.3,3.71,17.14,11.1,74
shaanxi_guanzhong,2019-09-09,23.9,21.2,23.7,1.51,7.06,12.0,88
shaanxi_guanzhong,2019-09-10,22.4,19.3,15.9,1.2,5.75,12.4,92
shaanxi_guanzhong,2019-09-11,23.3,19.1,14.9,1.65,8.38,18.8,91
shaanxi_guanzhong,2019-09-12,25.3,18.0,5.5,2.59,11.57,24.5,84
shaanxi_guanzhong,2019-09-13,18.8,13.2,5.6,2.11,5.87,24.5,74
shaanxi_guanzhong,2019-09-14,13.9,12.6,56.8,0.59,2.38,13.1,91
shaanxi_guanzhong,2019-09-15,16.6,12.7,10.4,1.06,5.45,8.9,90
shaanxi_guanzhong,2019-09-16,22.4,12.1,1.2,2.62,14.28,10.4,84
shaanxi_guanzhong,2019-09-17,19.0,14.2,14.7,1.37,7.02,10.7,88
shaanxi_guanzhong,2019-09-18,19.9,11.7,6.4,1.62,8.72,7.6,88
shaanxi_guanzhong,2019-09-19,17.6,13.5,6.9,1.02,5.22,8.7,91
shaanxi_guanzhong,2019-09-20,23.2,13.9,0.0,3.14,15.5,14.4,72
shaanxi_guanzhong,2019-09-21,23.6,13.3,0.0,3.45,17.53,11.2,68
shaanxi_guanzhong,2019-09-22,24.2,13.0,0.0,3.7,20.1,10.2,74
shaanxi_guanzhong,2019-09-23,24.1,13.4,0.0,3.3,17.87,8.0,75
shaanxi_guanzhong,2019-09-24,24.3,13.2,0.0,2.72,14.43,8.9,74
shaanxi_guanzhong,2019-09-25,24.6,12.1,0.0,3.71,19.94,9.0,72
shaanxi_guanzhong,2019-09-26,24.0,13.4,1.9,3.31,18.46,7.8,78
shaanxi_guanzhong,2019-09-27,24.7,14.5,0.0,3.43,18.68,8.5,79
shaanxi_guanzhong,2019-09-28,25.5,14.7,0.0,3.57,19.03,8.4,75
shaanxi_guanzhong,2019-09-29,26.0,16.0,0.0,3.5,18.52,7.2,75
shaanxi_guanzhong,2019-09-30,27.7,15.9,0.0,3.72,18.54,10.8,73
shaanxi_guanzhong,2019-10-01,21.4,16.8,11.0,1.11,4.96,13.4,86
shaanxi_guanzhong,2019-10-02,25.8,14.9,0.0,3.19,16.18,12.7,78
shaanxi_guanzhong,2019-10-03,21.5,17.8,11.8,1.91,8.91,12.7,78
shaanxi_guanzhong,2019-10-04,18.1,14.3,14.0,0.72,2.39,20.2,92
shaanxi_guanzhong,2019-10-05,15.0,11.8,4.5,1.03,3.91,20.6,85
shaanxi_guanzhong,2019-10-06,13.0,8.8,7.3,1.01,5.82,9.5,86
shaanxi_guanzhong,2019-10-07,18.3,10.0,0.0,1.79,9.89,8.7,78
shaanxi_guanzhong,2019-10-08,16.6,11.1,0.4,1.15,5.7,9.1,82
shaanxi_guanzhong,2019-10-09,13.7,10.4,5.1,0.69,3.5,5.1,92
shaanxi_guanzhong,2019-10-10,20.3,10.5,0.2,2.11,11.08,8.3,76
shaanxi_guanzhong,2019-10-11,20.1,10.7,0.0,1.89,10.21,8.5,78
shaanxi_guanzhong,2019-10-12,20.7,10.2,0.0,2.78,16.75,8.0,83
shaanxi_guanzhong,2019-10-13,19.8,10.9,1.3,1.69,8.95,10.6,85
shaanxi_guanzhong,2019-10-14,17.8,12.2,1.6,1.6,8.69,19.5,87
shaanxi_guanzhong,2019-10-15,11.9,8.5,13.0,0.67,2.31,14.8,83
shaanxi_guanzhong,2019-10-16,17.8,6.5,0.0,2.35,14.8,11.0,77
shaanxi_guanzhong,2019-10-17,17.9,7.2,0.0,2.42,15.55,10.4,79
shaanxi_guanzhong,2019-10-18,18.3,7.8,0.0,2.52,16.23,7.6,81
shaanxi_guanzhong,2019-10-19,18.8,8.5,0.0,2.06,12.47,11.3,82
shaanxi_guanzhong,2019-10-20,17.7,9.9,1.7,1.77,9.82,9.9,79
shaanxi_guanzhong,2019-10-21,15.5,7.6,0.2,1.06,5.93,8.0,88
shaanxi_guanzhong,2019-10-22,16.7,9.7,0.0,1.06,5.69,6.6,86
shaanxi_guanzhong,2019-10-23,18.0,10.2,0.0,1.61,9.32,10.5,83
shaanxi_guanzhong,2019-10-24,13.9,7.1,7.1,0.96,3.14,25.4,79
shaanxi_guanzhong,2019-10-25,12.4,6.9,0.0,1.36,7.74,11.5,70
shaanxi_guanzhong,2019-10-26,15.6,6.3,0.0,1.93,11.55,7.9,65
shaanxi_guanzhong,2019-10-27,18.2,5.2,0.0,2.5,14.9,11.8,62
shaanxi_guanzhong,2019-10-28,19.8,9.0,0.0,3.24,15.61,14.8,50
shaanxi_guanzhong,2019-10-29,17.8,5.2,0.0,2.37,15.33,7.2,67
shaanxi_guanzhong,2019-10-30,19.6,7.4,0.0,2.52,14.01,9.1,61
shaanxi_guanzhong,2019-10-31,14.2,6.5,2.2,0.88,4.26,7.7,77
shaanxi_guanzhong,2019-11-01,14.1,7.5,1.1,0.89,5.42,6.9,87
shaanxi_guanzhong,2019-11-02,18.0,6.3,0.0,1.99,12.98,7.6,86
shaanxi_guanzhong,2019-11-03,18.1,6.0,0.0,2.18,14.22,10.2,83
shaanxi_guanzhong,2019-11-04,15.7,7.9,0.0,1.86,12.86,8.7,81
shaanxi_guanzhong,2019-11-05,14.0,7.9,0.9,0.92,5.3,11.0,90
shaanxi_guanzhong,2019-11-06,12.4,8.5,6.3,0.53,2.8,8.2,95
shaanxi_guanzhong,2019-11-07,16.4,6.4,0.0,1.98,13.07,11.2,83
shaanxi_guanzhong,2019-11-08,14.3,7.1,0.0,1.09,6.64,9.3,85
shaanxi_guanzhong,2019-11-09,13.0,8.0,1.4,0.6,2.83,15.5,88
shaanxi_guanzhong,2019-11-10,18.2,5.2,0.0,2.21,13.81,14.0,70
shaanxi_guanzhong,2019-11-11,15.0,4.7,0.0,1.66,10.44,10.7,72
shaanxi_guanzhong,2019-11-12,16.3,7.0,2.5,1.41,5.35,19.2,70
shaanxi_guanzhong,2019-11-13,12.7,3.9,0.0,2.42,13.43,16.8,52
shaanxi_guanzhong,2019-11-14,17.5,1.1,0.0,2.06,13.21,10.5,68
shaanxi_guanzhong,2019-11-15,17.0,4.1,0.0,1.9,12.38,9.9,73
shaanxi_guanzhong,2019-11-16,15.7,4.8,0.1,1.7,11.18,9.0,78
shaanxi_guanzhong,2019-11-17,12.0,2.6,1.3,1.66,3.5,19.5,55
shaanxi_guanzhong,2019-11-18,9.0,-0.9,0.0,1.83,12.33,11.4,49
shaanxi_guanzhong,2019-11-19,10.3,0.4,0.0,1.44,11.33,7.6,67
shaanxi_guanzhong,2019-11-20,8.4,2.7,0.8,0.88,5.06,8.2,69
shaanxi_guanzhong,2019-11-21,10.9,0.4,0.0,1.5,12.29,6.8,79
shaanxi_guanzhong,2019-11-22,11.5,1.0,0.0,1.43,11.24,8.5,82
shaanxi_guanzhong,2019-11-23,14.6,4.9,0.2,2.14,11.48,18.1,61
shaanxi_guanzhong,2019-11-24,11.3,0.9,4.4,0.93,3.03,21.4,76
shaanxi_guanzhong,2019-11-25,5.2,-1.6,0.0,0.9,7.32,11.9,73
shaanxi_guanzhong,2019-11-26,5.0,1.4,0.0,0.7,4.91,4.8,64
shaanxi_guanzhong,2019-11-27,6.0,3.2,1.0,0.69,3.94,10.9,74
shaanxi_guanzhong,2019-11-28,5.9,2.3,0.1,1.34,4.83,14.3,51
shaanxi_guanzhong,2019-11-29,5.1,1.0,0.5,0.69,2.49,15.0,69
shaanxi_guanzhong,2019-11-30,4.9,1.2,0.3,0.94,4.44,15.6,71
shaanxi_guanzhong,2019-12-01,9.7,-1.2,0.0,1.86,11.53,14.1,52
shaanxi_guanzhong,2019-12-02,7.2,-3.4,0.0,1.68,11.92,10.6,45
shaanxi_guanzhong,2019-12-03,9.4,-4.0,0.0,1.41,11.67,9.5,67
shaanxi_guanzhong,2019-12-04,10.1,-1.9,0.0,1.61,11.63,10.5,53
shaanxi_guanzhong,2019-12-05,8.3,-2.0,0.0,1.53,11.39,9.8,58
shaanxi_guanzhong,2019-12-06,6.1,-3.2,0.0,1.22,10.85,8.9,65
shaanxi_guanzhong,2019-12-07,7.6,-3.4,0.0,1.19,10.31,5.8,74
shaanxi_guanzhong,2019-12-08,11.3,-2.0,0.0,1.46,10.52,13.9,73
shaanxi_guanzhong,2019-12-09,12.9,-2.1,0.0,1.59,11.4,10.2,62
shaanxi_guanzhong,2019-12-10,12.0,-0.9,0.0,1.77,11.29,14.4,52
shaanxi_guanzhong,2019-12-11,8.8,-3.2,0.0,1.45,11.22,7.9,61
shaanxi_guanzhong,2019-12-12,7.1,0.4,0.0,0.97,7.48,5.8,62
shaanxi_guanzhong,2019-12-13,10.5,-0.5,0.0,1.35,9.59,9.2,69
shaanxi_guanzhong,2019-12-14,6.5,3.5,0.0,1.02,2.77,16.2,59
shaanxi_guanzhong,2019-12-15,3.4,-1.4,0.0,0.67,3.31,15.2,66
shaanxi_guanzhong,2019-12-16,9.4,-0.6,0.3,1.36,7.21,13.6,62
shaanxi_guanzhong,2019-12-17,8.6,2.2,0.0,1.72,8.56,14.2,47
shaanxi_guanzhong,2019-12-18,8.1,-0.4,0.0,1.25,9.32,10.1,60
shaanxi_guanzhong,2019-12-19,7.9,-2.2,0.0,1.36,10.51,9.3,62
shaanxi_guanzhong,2019-12-20,6.6,-3.7,0.0,1.18,10.82,6.4,75
shaanxi_guanzhong,2019-12-21,7.7,-2.8,0.0,1.17,10.26,8.6,79
shaanxi_guanzhong,2019-12-22,8.0,-4.2,0.0,1.25,10.94,6.6,73
shaanxi_guanzhong,2019-12-23,4.9,-3.1,0.0,0.9,8.19,10.6,81
shaanxi_guanzhong,2019-12-24,1.9,-1.3,0.0,0.38,2.81,5.4,92
shaanxi_guanzhong,2019-12-25,3.5,0.0,3.0,0.75,1.93,27.8,78
shaanxi_guanzhong,2019-12-26,6.3,-4.4,0.0,1.67,11.24,17.4,42
shaanxi_guanzhong,2019-12-27,9.8,-3.3,0.0,1.81,11.21,13.0,41
shaanxi_guanzhong,2019-12-28,9.2,-3.3,0.0,1.44,10.89,8.9,57
shaanxi_guanzhong,2019-12-29,11.2,-3.1,0.0,1.63,10.2,15.7,60
shaanxi_guanzhong,2019-12-30,4.6,-3.2,0.0,1.62,10.62,15.3,44
shaanxi_guanzhong,2019-12-31,-2.2,-5.6,0.0,0.63,4.16,10.7,43
shaanxi_guanzhong,2020-01-01,0.9,-5.9,0.0,0.76,6.42,7.1,54
shaanxi_guanzhong,2020-01-02,6.2,-3.4,0.0,1.08,8.99,8.4,69
shaanxi_guanzhong,2020-01-03,9.2,-2.0,0.0,1.25,10.02,9.5,74
shaanxi_guanzhong,2020-01-04,6.2,-2.0,0.0,0.92,7.65,9.0,78
shaanxi_guanzhong,2020-01-05,2.0,0.3,4.6,0.26,1.37,9.4,92
shaanxi_guanzhong,2020-01-06,4.0,0.3,1.6,0.61,3.04,14.4,83
shaanxi_guanzhong,2020-01-07,7.5,-0.1,0.2,1.65,10.79,16.8,58
shaanxi_guanzhong,2020-01-08,1.2,-3.3,0.6,0.41,2.74,12.0,81
shaanxi_guanzhong,2020-01-09,1.9,-0.6,2.2,0.37,2.43,8.3,87
shaanxi_guanzhong,2020-01-10,3.9,0.0,1.5,0.48,3.55,6.1,91
shaanxi_guanzhong,2020-01-11,6.7,-1.7,0.1,1.19,10.29,9.2,75
shaanxi_guanzhong,2020-01-12,2.5,-3.1,0.3,0.45,3.32,8.6,86
shaanxi_guanzhong,2020-01-13,4.5,-3.6,0.0,1.06,9.53,13.2,79
shaanxi_guanzhong,2020-01-14,2.2,-4.9,0.0,1.02,8.38,10.0,57
shaanxi_guanzhong,2020-01-15,-0.7,-2.6,2.9,0.35,2.0,7.4,79
shaanxi_guanzhong,2020-01-16,6.8,-2.8,0.0,1.28,11.24,9.1,76
shaanxi_guanzhong,2020-01-17,6.1,-3.9,0.0,0.94,8.03,8.0,81
shaanxi_guanzhong,2020-01-18,6.0,-2.9,0.0,1.03,5.89,17.5,73
shaanxi_guanzhong,2020-01-19,7.5,-4.2,0.0,1.52,10.72,11.5,50
shaanxi_guanzhong,2020-01-20,6.1,-2.4,0.1,1.58,10.67,10.9,50
shaanxi_guanzhong,2020-01-21,6.9,-2.7,0.0,1.41,11.7,7.0,61
shaanxi_guanzhong,2020-01-22,7.4,-2.9,0.1,1.32,11.24,8.3,76
shaanxi_guanzhong,2020-01-23,7.2,-2.6,0.0,1.01,7.64,8.4,80
shaanxi_guanzhong,2020-01-24,4.7,0.5,1.7,0.63,4.11,9.7,84
shaanxi_guanzhong,2020-01-25,5.1,-0.7,0.4,0.73,5.43,8.0,86
shaanxi_guanzhong,2020-01-26,6.5,1.0,1.0,0.92,6.42,15.6,82
shaanxi_guanzhong,2020-01-27,5.6,-1.7,0.8,0.96,7.41,10.2,76
shaanxi_guanzhong,2020-01-28,8.2,-3.7,0.0,1.48,12.44,9.0,71
shaanxi_guanzhong,2020-01-29,9.5,-2.6,0.0,1.77,13.42,11.0,58
shaanxi_guanzhong,2020-01-30,9.2,-4.2,0.0,1.72,13.77,9.8,60
shaanxi_guanzhong,2020-01-31,8.0,-3.3,0.0,1.29,10.0,5.4,67
shaanxi_guanzhong,2020-02-01,7.2,1.5,0.3,0.96,6.17,10.4,70
shaanxi_guanzhong,2020-02-02,10.3,0.4,0.0,2.3,12.74,14.5,47
shaanxi_guanzhong,2020-02-03,9.2,-3.5,0.0,2.01,14.16,12.9,51
shaanxi_guanzhong,2020-02-04,11.1,-2.9,0.0,1.89,13.67,11.8,65
shaanxi_guanzhong,2020-02-05,7.2,-1.9,2.1,1.29,10.26,10.9,74
shaanxi_guanzhong,2020-02-06,2.8,-0.5,1.2,0.64,5.08,8.9,84
shaanxi_guanzhong,2020-02-07,6.7,-1.5,0.0,1.24,10.75,8.8,82
shaanxi_guanzhong,2020-02-08,11.3,-2.1,0.0,1.64,12.54,7.6,72
shaanxi_guanzhong,2020-02-09,11.8,-1.3,0.0,2.13,15.02,9.6,62
shaanxi_guanzhong,2020-02-10,11.9,-2.5,0.0,1.97,14.45,9.0,65
shaanxi_guanzhong,2020-02-11,13.1,-2.4,0.0,2.1,14.98,9.0,67
shaanxi_guanzhong,2020-02-12,14.1,-0.2,0.0,2.14,15.27,8.1,73
shaanxi_guanzhong,2020-02-13,17.0,0.6,0.0,2.61,15.12,17.6,64
shaanxi_guanzhong,2020-02-14,9.4,1.6,0.0,3.31,12.4,24.5,25
shaanxi_guanzhong,2020-02-15,3.9,-3.6,0.0,2.37,16.02,16.6,26
shaanxi_guanzhong,2020-02-16,5.5,-5.8,0.0,2.24,16.6,13.1,29
shaanxi_guanzhong,2020-02-17,8.9,-3.6,0.0,2.53,16.74,11.1,31
shaanxi_guanzhong,2020-02-18,9.7,-4.4,0.0,2.12,15.09,9.0,45
shaanxi_guanzhong,2020-02-19,13.3,-0.1,0.0,2.67,16.29,11.7,45
shaanxi_guanzhong,2020-02-20,8.1,2.3,0.2,1.75,5.83,27.0,46
shaanxi_guanzhong,2020-02-21,13.1,-2.7,0.0,2.54,16.83,12.1,52
shaanxi_guanzhong,2020-02-22,11.5,-1.0,0.0,2.38,16.1,11.5,46
shaanxi_guanzhong,2020-02-23,13.8,-1.2,0.0,2.37,15.87,8.1,55
shaanxi_guanzhong,2020-02-24,20.5,4.4,0.0,3.4,16.17,21.0,50
shaanxi_guanzhong,2020-02-25,17.7,5.0,0.0,3.2,16.52,11.2,45
shaanxi_guanzhong,2020-02-26,15.1,5.8,0.0,1.93,9.7,17.9,67
shaanxi_guanzhong,2020-02-27,9.5,3.5,15.3,0.5,2.1,15.8,88
shaanxi_guanzhong,2020-02-28,13.9,2.1,0.2,2.09,15.23,9.6,84
shaanxi_guanzhong,2020-02-29,16.3,1.9,0.0,2.38,15.66,10.6,76
shaanxi_guanzhong,2020-03-01,12.8,4.9,0.0,2.79,13.87,13.3,42
shaanxi_guanzhong,2020-03-02,9.6,2.7,4.3,1.47,9.55,11.3,72
shaanxi_guanzhong,2020-03-03,11.2,3.7,0.0,2.33,15.27,13.2,61
shaanxi_guanzhong,2020-03-04,14.5,-0.5,0.0,2.77,18.32,12.2,59
shaanxi_guanzhong,2020-03-05,14.4,1.4,0.0,2.66,16.59,15.9,61
shaanxi_guanzhong,2020-03-06,17.8,4.0,0.0,2.7,15.75,12.2,60
shaanxi_guanzhong,2020-03-07,18.0,3.7,0.0,3.49,17.93,16.1,47
shaanxi_guanzhong,2020-03-08,12.8,9.2,0.4,1.86,5.39,19.5,60
shaanxi_guanzhong,2020-03-09,14.3,6.3,1.0,3.13,12.03,20.1,44
shaanxi_guanzhong,2020-03-10,13.8,0.0,0.0,3.06,17.53,10.7,37
shaanxi_guanzhong,2020-03-11,17.1,0.8,0.0,3.23,19.05,9.7,47
shaanxi_guanzhong,2020-03-12,16.2,5.1,0.5,3.24,15.15,12.7,42
shaanxi_guanzhong,2020-03-13,14.6,6.3,0.0,3.42,14.78,16.7,32
shaanxi_guanzhong,2020-03-14,15.7,2.5,0.0,3.71,20.24,15.3,29
shaanxi_guanzhong,2020-03-15,16.3,3.0,0.0,3.16,15.51,10.9,34
shaanxi_guanzhong,2020-03-16,15.9,9.2,0.0,3.17,11.52,18.9,45
shaanxi_guanzhong,2020-03-17,21.2,6.6,0.0,4.4,20.64,14.7,31
shaanxi_guanzhong,2020-03-18,25.0,6.2,0.0,4.92,20.32,13.0,25
shaanxi_guanzhong,2020-03-19,21.2,7.0,0.0,4.8,20.99,13.5,21
shaanxi_guanzhong,2020-03-20,24.3,5.9,0.0,4.46,20.24,10.1,32
shaanxi_guanzhong,2020-03-21,18.3,12.3,0.0,3.3,9.45,31.7,46
shaanxi_guanzhong,2020-03-22,21.6,8.8,0.0,3.87,17.57,16.3,47
shaanxi_guanzhong,2020-03-23,22.1,9.9,0.0,3.98,19.94,14.2,49
shaanxi_guanzhong,2020-03-24,24.1,11.0,0.4,3.51,17.72,11.2,61
shaanxi_guanzhong,2020-03-25,26.6,10.8,0.0,4.4,20.24,26.0,60
shaanxi_guanzhong,2020-03-26,19.7,7.2,2.7,3.53,7.32,22.1,42
shaanxi_guanzhong,2020-03-27,8.8,4.1,2.4,0.7,3.87,11.2,86
shaanxi_guanzhong,2020-03-28,14.1,3.1,2.6,1.98,11.71,16.2,78
shaanxi_guanzhong,2020-03-29,11.7,5.1,4.1,1.83,12.54,9.9,79
shaanxi_guanzhong,2020-03-30,14.7,2.8,0.2,2.54,16.5,9.1,74
shaanxi_guanzhong,2020-03-31,19.6,6.8,0.0,3.41,19.45,9.0,64
shaanxi_guanzhong,2020-04-01,14.7,9.0,0.9,1.85,7.33,16.5,58
shaanxi_guanzhong,2020-04-02,10.6,6.9,5.0,1.0,5.98,8.8,87
shaanxi_guanzhong,2020-04-03,14.4,6.7,1.5,2.12,11.74,13.4,74
shaanxi_guanzhong,2020-04-04,18.1,7.1,0.0,2.76,14.16,10.5,57
shaanxi_guanzhong,2020-04-05,17.8,8.1,0.0,2.75,13.87,13.8,54
shaanxi_guanzhong,2020-04-06,20.5,6.3,0.0,4.02,21.95,10.5,55
shaanxi_guanzhong,2020-04-07,22.6,8.9,0.0,4.02,20.24,9.7,47
shaanxi_guanzhong,2020-04-08,25.3,10.2,0.0,4.99,21.94,13.8,44
shaanxi_guanzhong,2020-04-09,25.2,9.3,0.0,4.51,19.74,25.3,43
shaanxi_guanzhong,2020-04-10,14.3,8.5,0.2,2.08,8.63,22.2,66
shaanxi_guanzhong,2020-04-11,17.1,6.3,0.3,3.55,19.92,17.1,58
shaanxi_guanzhong,2020-04-12,19.7,5.5,0.0,4.47,22.9,16.1,41
shaanxi_guanzhong,2020-04-13,21.3,6.6,0.0,3.78,17.55,12.0,36
shaanxi_guanzhong,2020-04-14,24.3,11.0,0.0,4.78,21.02,16.4,45
shaanxi_guanzhong,2020-04-15,25.5,11.0,0.0,4.22,19.5,11.0,48
shaanxi_guanzhong,2020-04-16,23.8,14.0,0.0,4.66,19.99,14.0,36
shaanxi_guanzhong,2020-04-17,19.3,13.6,0.2,3.59,10.82,13.2,25
shaanxi_guanzhong,2020-04-18,13.6,9.2,11.7,0.96,4.33,14.8,84
shaanxi_guanzhong,2020-04-19,20.9,5.7,0.0,3.75,21.4,9.9,68
shaanxi_guanzhong,2020-04-20,14.0,10.9,0.0,2.1,7.23,13.2,47
shaanxi_guanzhong,2020-04-21,17.1,9.5,0.0,2.74,11.8,11.7,47
shaanxi_guanzhong,2020-04-22,17.8,5.5,0.0,3.42,17.42,11.9,40
shaanxi_guanzhong,2020-04-23,19.4,8.0,0.0,4.05,21.0,12.7,47
shaanxi_guanzhong,2020-04-24,20.6,5.7,0.0,4.52,24.42,9.4,35
shaanxi_guanzhong,2020-04-25,25.8,11.8,0.0,6.14,24.53,15.5,30
shaanxi_guanzhong,2020-04-26,29.9,10.8,0.0,6.37,24.7,13.0,15
shaanxi_guanzhong,2020-04-27,25.3,14.2,0.0,6.34,23.97,17.9,27
shaanxi_guanzhong,2020-04-28,28.2,11.1,0.0,5.52,23.73,14.5,43
shaanxi_guanzhong,2020-04-29,30.1,13.4,0.0,4.95,21.21,11.5,39
shaanxi_guanzhong,2020-04-30,32.5,16.1,0.0,5.95,22.68,12.4,37
shaanxi_guanzhong,2020-05-01,33.7,16.5,0.0,6.53,23.92,12.6,29
shaanxi_guanzhong,2020-05-02,35.7,17.1,0.0,6.78,24.36,19.1,28
shaanxi_guanzhong,2020-05-03,35.6,17.0,0.0,6.33,24.1,9.9,31
shaanxi_guanzhong,2020-05-04,32.9,20.6,0.0,6.26,21.65,21.7,36
shaanxi_guanzhong,2020-05-05,27.5,16.3,0.0,3.92,15.69,15.9,62
shaanxi_guanzhong,2020-05-06,30.0,18.1,4.0,5.1,18.4,19.6,56
shaanxi_guanzhong,2020-05-07,19.2,16.2,39.7,1.5,7.13,17.2,89
shaanxi_guanzhong,2020-05-08,22.6,15.8,2.2,4.69,17.2,28.2,58
shaanxi_guanzhong,2020-05-09,18.4,10.4,9.4,2.55,13.21,25.8,73
shaanxi_guanzhong,2020-05-10,23.4,8.2,0.0,4.59,23.53,24.9,59
shaanxi_guanzhong,2020-05-11,20.9,14.2,0.0,5.4,23.15,25.2,35
shaanxi_guanzhong,2020-05-12,26.0,9.8,0.0,5.67,25.68,13.1,39
shaanxi_guanzhong,2020-05-13,18.8,13.3,3.1,2.12,8.98,12.0,65
shaanxi_guanzhong,2020-05-14,24.8,12.0,0.0,4.04,20.56,9.5,68
shaanxi_guanzhong,2020-05-15,28.8,14.5,0.0,4.81,22.92,14.1,66
shaanxi_guanzhong,2020-05-16,32.4,17.9,0.0,6.77,23.45,17.7,40
shaanxi_guanzhong,2020-05-17,34.1,18.3,0.0,7.43,24.1,24.6,31
shaanxi_guanzhong,2020-05-18,26.2,13.5,0.0,5.94,25.8,10.3,25
shaanxi_guanzhong,2020-05-19,26.5,14.7,0.4,4.72,18.74,18.7,42
shaanxi_guanzhong,2020-05-20,25.3,15.3,0.2,3.48,17.0,6.8,63
shaanxi_guanzhong,2020-05-21,30.0,16.2,0.0,4.51,21.36,8.7,64
shaanxi_guanzhong,2020-05-22,31.1,17.9,0.0,5.38,23.67,11.3,53
shaanxi_guanzhong,2020-05-23,30.9,19.4,0.0,7.06,20.71,23.8,35
shaanxi_guanzhong,2020-05-24,23.2,17.1,4.0,2.98,7.48,22.0,57
shaanxi_guanzhong,2020-05-25,29.8,13.9,0.0,5.57,22.79,13.4,42
shaanxi_guanzhong,2020-05-26,29.9,18.3,0.0,6.04,21.74,21.0,29
shaanxi_guanzhong,2020-05-27,28.8,19.2,0.0,6.35,19.63,20.2,33
shaanxi_guanzhong,2020-05-28,31.5,16.7,0.0,6.4,23.85,16.7,36
shaanxi_guanzhong,2020-05-29,31.9,16.6,0.0,6.16,25.04,15.7,41
shaanxi_guanzhong,2020-05-30,31.0,19.1,0.0,6.07,22.74,16.8,37
shaanxi_guanzhong,2020-05-31,30.8,19.2,0.6,5.74,22.15,15.5,47
shaanxi_guanzhong,2020-06-01,29.5,18.8,0.0,4.56,14.0,21.3,41
shaanxi_guanzhong,2020-06-02,29.8,19.5,0.0,3.88,13.1,11.2,39
shaanxi_guanzhong,2020-06-03,35.6,16.8,0.0,6.99,26.31,12.7,29
shaanxi_guanzhong,2020-06-04,37.1,19.1,0.0,6.43,22.43,11.6,24
shaanxi_guanzhong,2020-06-05,38.1,21.7,0.0,7.73,26.39,18.4,21
shaanxi_guanzhong,2020-06-06,35.7,24.4,0.0,7.36,18.03,20.0,34
shaanxi_guanzhong,2020-06-07,34.8,24.1,0.0,7.12,22.47,16.8,31
shaanxi_guanzhong,2020-06-08,27.1,15.9,18.2,1.7,5.21,30.6,77
shaanxi_guanzhong,2020-06-09,22.2,15.5,3.1,2.18,10.79,11.2,82
shaanxi_guanzhong,2020-06-10,28.1,15.5,0.0,4.23,20.53,13.0,73
shaanxi_guanzhong,2020-06-11,26.6,19.4,0.8,2.77,12.64,9.0,76
shaanxi_guanzhong,2020-06-12,29.6,20.6,1.1,3.92,17.49,9.4,75
shaanxi_guanzhong,2020-06-13,30.3,21.4,0.0,3.55,13.57,13.2,63
shaanxi_guanzhong,2020-06-14,31.6,18.9,0.0,5.92,23.81,15.9,43
shaanxi_guanzhong,2020-06-15,25.1,18.4,17.8,1.99,7.02,15.5,78
shaanxi_guanzhong,2020-06-16,19.5,17.9,35.6,0.81,3.3,9.4,94
shaanxi_guanzhong,2020-06-17,24.9,18.1,25.4,2.82,14.35,11.2,86
shaanxi_guanzhong,2020-06-18,29.7,15.7,0.0,5.39,26.26,10.5,72
shaanxi_guanzhong,2020-06-19,28.0,18.6,0.0,4.44,19.14,16.6,72
shaanxi_guanzhong,2020-06-20,28.8,19.3,0.0,4.98,23.28,12.2,69
shaanxi_guanzhong,2020-06-21,28.5,19.9,0.0,4.84,22.28,12.4,67
shaanxi_guanzhong,2020-06-22,24.5,20.8,10.9,1.66,7.28,12.4,82
shaanxi_guanzhong,2020-06-23,29.2,18.8,1.1,4.24,19.86,10.6,73
shaanxi_guanzhong,2020-06-24,32.0,18.5,0.0,5.55,26.06,9.9,69
shaanxi_guanzhong,2020-06-25,31.6,20.1,0.0,5.16,23.74,12.2,68
shaanxi_guanzhong,2020-06-26,25.3,20.3,9.0,1.48,6.0,8.7,83
shaanxi_guanzhong,2020-06-27,24.4,19.7,2.7,2.02,9.64,8.7,86
shaanxi_guanzhong,2020-06-28,24.1,19.9,3.5,1.64,7.69,9.7,90
shaanxi_guanzhong,2020-06-29,30.6,18.8,0.0,5.01,24.02,10.4,76
shaanxi_guanzhong,2020-06-30,33.9,22.0,0.0,5.97,26.04,13.0,57
shaanxi_guanzhong,2020-07-01,26.8,21.0,0.3,2.5,9.25,11.2,66
shaanxi_guanzhong,2020-07-02,32.3,18.9,0.0,5.71,26.01,9.9,62
shaanxi_guanzhong,2020-07-03,31.8,21.1,0.0,4.83,19.31,15.5,61
shaanxi_guanzhong,2020-07-04,31.9,22.5,0.0,5.14,21.98,18.1,63
shaanxi_guanzhong,2020-07-05,30.6,21.9,0.0,3.65,15.44,12.7,63
shaanxi_guanzhong,2020-07-06,36.0,20.2,0.0,6.05,25.89,10.1,53
shaanxi_guanzhong,2020-07-07,37.9,22.5,0.0,7.31,26.56,16.8,42
shaanxi_guanzhong,2020-07-08,37.5,24.6,0.0,8.0,25.91,20.6,44
shaanxi_guanzhong,2020-07-09,36.8,24.9,0.0,6.44,23.52,14.0,46
shaanxi_guanzhong,2020-07-10,29.6,22.4,2.9,2.7,7.98,14.7,69
shaanxi_guanzhong,2020-07-11,22.3,20.5,26.2,0.94,3.7,18.7,93
shaanxi_guanzhong,2020-07-12,26.0,19.6,0.5,3.6,17.71,12.1,75
shaanxi_guanzhong,2020-07-13,29.2,18.8,0.1,4.1,18.62,14.0,70
shaanxi_guanzhong,2020-07-14,23.3,19.8,13.6,1.63,7.35,13.9,85
shaanxi_guanzhong,2020-07-15,26.7,18.8,0.0,3.1,15.34,7.7,80
shaanxi_guanzhong,2020-07-16,26.0,21.1,3.8,2.33,11.13,6.5,85
shaanxi_guanzhong,2020-07-17,27.1,20.8,2.6,2.96,14.3,9.6,85
shaanxi_guanzhong,2020-07-18,23.8,19.4,9.6,1.7,7.69,22.1,88
shaanxi_guanzhong,2020-07-19,29.2,18.0,0.1,4.96,24.07,9.7,69
shaanxi_guanzhong,2020-07-20,30.6,17.8,0.0,5.56,24.4,17.0,66
shaanxi_guanzhong,2020-07-21,24.8,21.4,3.7,1.85,6.95,12.5,79
shaanxi_guanzhong,2020-07-22,26.8,20.2,1.1,3.19,14.26,16.7,80
shaanxi_guanzhong,2020-07-23,23.2,20.5,30.1,1.21,5.35,11.0,91
shaanxi_guanzhong,2020-07-24,24.0,19.8,25.4,1.8,8.65,16.8,91
shaanxi_guanzhong,2020-07-25,22.6,19.7,30.5,1.18,5.38,9.7,94
shaanxi_guanzhong,2020-07-26,30.4,18.8,0.0,5.06,24.93,11.5,77
shaanxi_guanzhong,2020-07-27,30.9,19.5,0.0,4.98,24.43,9.4,82
shaanxi_guanzhong,2020-07-28,27.4,21.7,0.0,2.64,12.78,11.7,87
shaanxi_guanzhong,2020-07-29,30.1,21.9,0.0,3.64,17.3,15.0,84
shaanxi_guanzhong,2020-07-30,28.3,22.9,5.2,3.16,15.01,9.7,84
shaanxi_guanzhong,2020-07-31,30.6,21.4,0.0,4.47,21.41,8.2,82
shaanxi_guanzhong,2020-08-01,27.2,23.1,14.2,1.56,6.92,8.0,90
shaanxi_guanzhong,2020-08-02,30.2,21.8,2.3,4.65,22.83,7.4,84
shaanxi_guanzhong,2020-08-03,30.1,23.6,1.8,3.54,16.79,9.4,85
shaanxi_guanzhong,2020-08-04,30.7,24.0,1.3,3.59,16.06,17.4,83
shaanxi_guanzhong,2020-08-05,31.4,23.5,8.3,3.26,14.92,11.0,85
shaanxi_guanzhong,2020-08-06,29.0,24.6,19.1,1.88,8.32,13.1,92
shaanxi_guanzhong,2020-08-07,28.6,23.6,21.9,2.61,12.41,8.2,90
shaanxi_guanzhong,2020-08-08,30.1,21.6,0.5,4.06,19.83,6.9,85
shaanxi_guanzhong,2020-08-09,32.1,22.1,0.0,5.13,24.6,8.4,82
shaanxi_guanzhong,2020-08-10,32.0,22.4,0.0,4.99,23.55,12.3,79
shaanxi_guanzhong,2020-08-11,29.6,25.8,0.0,3.12,10.56,19.0,75
shaanxi_guanzhong,2020-08-12,28.1,18.7,5.4,2.55,9.91,26.3,81
shaanxi_guanzhong,2020-08-13,28.9,18.3,1.5,4.95,24.77,17.9,73
shaanxi_guanzhong,2020-08-14,24.0,20.3,23.5,1.65,8.12,7.6,88
shaanxi_guanzhong,2020-08-15,23.3,19.5,12.5,1.94,9.96,8.6,91
shaanxi_guanzhong,2020-08-16,24.0,19.5,6.8,1.43,6.71,8.6,92
shaanxi_guanzhong,2020-08-17,27.1,19.2,2.3,3.35,15.43,28.5,84
shaanxi_guanzhong,2020-08-18,22.3,18.4,8.3,2.04,8.73,21.8,82
shaanxi_guanzhong,2020-08-19,24.1,17.2,11.8,2.6,13.0,11.4,85
shaanxi_guanzhong,2020-08-20,23.9,17.6,0.2,2.34,11.54,15.8,87
shaanxi_guanzhong,2020-08-21,26.3,18.5,0.0,3.91,17.86,25.6,77
shaanxi_guanzhong,2020-08-22,26.7,18.2,0.0,3.76,18.97,16.1,79
shaanxi_guanzhong,2020-08-23,28.3,19.3,13.5,3.47,15.97,30.6,82
shaanxi_guanzhong,2020-08-24,28.5,19.8,0.0,5.16,22.42,22.4,64
shaanxi_guanzhong,2020-08-25,30.4,17.6,0.0,4.85,23.7,8.1,68
shaanxi_guanzhong,2020-08-26,29.2,17.9,0.0,4.63,22.95,9.2,73
shaanxi_guanzhong,2020-08-27,29.2,19.1,0.0,4.55,22.94,9.4,77
shaanxi_guanzhong,2020-08-28,30.7,20.9,0.0,4.67,22.39,10.9,74
shaanxi_guanzhong,2020-08-29,32.0,23.0,0.0,5.68,21.86,21.9,67
shaanxi_guanzhong,2020-08-30,24.9,19.3,0.4,3.6,12.33,24.6,68
shaanxi_guanzhong,2020-08-31,26.6,17.6,0.8,4.25,20.17,16.5,66
shaanxi_guanzhong,2020-09-01,24.9,16.1,0.2,2.13,9.38,10.2,75
shaanxi_guanzhong,2020-09-02,28.3,15.9,0.0,4.63,22.73,10.8,62
shaanxi_guanzhong,2020-09-03,28.7,17.1,0.0,4.42,21.04,8.9,60
shaanxi_guanzhong,2020-09-04,29.7,16.8,0.0,4.82,22.38,8.9,60
shaanxi_guanzhong,2020-09-05,28.0,17.8,0.4,3.3,13.67,13.0,59
shaanxi_guanzhong,2020-09-06,30.8,17.6,0.0,4.5,21.5,10.5,67
shaanxi_guanzhong,2020-09-07,31.2,18.7,0.0,4.77,21.55,14.0,59
shaanxi_guanzhong,2020-09-08,31.6,18.9,0.0,4.71,20.55,11.4,58
shaanxi_guanzhong,2020-09-09,25.2,18.7,12.3,1.23,4.45,7.9,77
shaanxi_guanzhong,2020-09-10,26.7,18.1,0.1,3.78,19.16,9.4,75
shaanxi_guanzhong,2020-09-11,27.8,16.5,0.0,3.98,19.3,11.9,69
shaanxi_guanzhong,2020-09-12,27.1,17.7,0.0,3.82,18.24,11.6,69
shaanxi_guanzhong,2020-09-13,24.7,19.5,0.8,2.33,8.9,12.0,70
shaanxi_guanzhong,2020-09-14,23.9,18.6,3.9,2.17,10.83,9.0,84
shaanxi_guanzhong,2020-09-15,27.4,17.9,0.2,4.08,18.71,17.6,70
shaanxi_guanzhong,2020-09-16,23.7,14.8,0.1,2.55,10.22,9.4,60
shaanxi_guanzhong,2020-09-17,25.3,16.9,0.0,3.49,17.32,10.7,66
shaanxi_guanzhong,2020-09-18,26.6,13.7,0.0,4.49,20.41,10.8,51
shaanxi_guanzhong,2020-09-19,26.4,15.3,0.2,3.52,16.24,10.0,55
shaanxi_guanzhong,2020-09-20,20.0,15.1,4.2,1.18,4.1,16.8,82
shaanxi_guanzhong,2020-09-21,15.5,13.5,17.8,0.64,2.57,12.4,88
shaanxi_guanzhong,2020-09-22,19.4,13.2,0.8,1.69,9.1,7.9,86
shaanxi_guanzhong,2020-09-23,23.7,11.5,0.0,3.35,18.95,8.8,79
shaanxi_guanzhong,2020-09-24,22.4,12.8,0.0,2.57,13.99,8.4,80
shaanxi_guanzhong,2020-09-25,20.6,16.1,0.1,1.53,7.05,10.0,81
shaanxi_guanzhong,2020-09-26,24.0,13.8,0.1,2.89,13.42,18.6,78
shaanxi_guanzhong,2020-09-27,20.6,16.6,1.0,1.71,5.29,17.7,75
shaanxi_guanzhong,2020-09-28,19.7,16.7,3.4,1.24,4.72,13.2,83
shaanxi_guanzhong,2020-09-29,24.5,15.6,0.9,3.04,16.17,11.8,78
shaanxi_guanzhong,2020-09-30,23.4,16.2,1.3,2.17,10.77,14.0,81
shaanxi_guanzhong,2020-10-01,18.9,14.9,6.0,1.24,5.26,20.5,83
shaanxi_guanzhong,2020-10-02,14.6,12.5,16.5,0.87,3.67,7.8,81
shaanxi_guanzhong,2020-10-03,15.0,11.5,1.1,1.01,4.36,10.2,78
shaanxi_guanzhong,2020-10-04,15.9,11.2,0.0,2.44,11.82,14.2,60
shaanxi_guanzhong,2020-10-05,14.6,10.4,1.8,1.71,10.33,7.2,70
shaanxi_guanzhong,2020-10-06,13.2,9.5,5.8,0.92,5.07,6.5,82
shaanxi_guanzhong,2020-10-07,17.9,6.4,0.0,2.8,17.9,14.3,79
shaanxi_guanzhong,2020-10-08,14.4,11.1,1.9,1.05,5.37,9.7,82
shaanxi_guanzhong,2020-10-09,17.2,11.5,0.8,1.55,8.69,8.0,82
shaanxi_guanzhong,2020-10-10,18.0,12.4,0.6,1.45,8.23,6.1,87
shaanxi_guanzhong,2020-10-11,16.8,12.7,3.1,1.15,4.85,18.7,85
shaanxi_guanzhong,2020-10-12,16.5,11.8,0.6,1.47,6.91,8.9,71
shaanxi_guanzhong,2020-10-13,13.5,10.8,13.3,0.7,3.47,7.6,92
shaanxi_guanzhong,2020-10-14,12.5,9.3,6.0,1.06,5.38,13.2,81
shaanxi_guanzhong,2020-10-15,10.6,9.2,8.8,0.66,3.65,10.3,89
shaanxi_guanzhong,2020-10-16,17.4,9.1,0.0,2.38,13.74,11.3,68
shaanxi_guanzhong,2020-10-17,17.1,6.7,0.0,2.61,16.54,7.6,63
shaanxi_guanzhong,2020-10-18,16.1,6.0,0.2,1.6,7.21,12.6,69
shaanxi_guanzhong,2020-10-19,18.9,6.7,0.0,2.84,16.31,11.3,63
shaanxi_guanzhong,2020-10-20,20.2,10.7,0.0,2.78,11.49,14.6,60
shaanxi_guanzhong,2020-10-21,20.6,8.4,0.0,3.1,16.13,11.0,56
shaanxi_guanzhong,2020-10-22,19.6,7.5,0.0,3.06,16.47,14.3,60
shaanxi_guanzhong,2020-10-23,16.0,5.4,0.0,2.64,16.05,9.5,57
shaanxi_guanzhong,2020-10-24,17.9,8.5,0.3,2.39,14.22,9.6,63
shaanxi_guanzhong,2020-10-25,18.6,8.3,0.0,2.24,13.46,7.6,73
shaanxi_guanzhong,2020-10-26,17.8,14.3,0.0,2.68,6.26,16.9,50
shaanxi_guanzhong,2020-10-27,14.4,9.3,4.7,1.19,2.54,13.0,65
shaanxi_guanzhong,2020-10-28,14.6,8.1,1.2,1.78,11.95,10.9,80
shaanxi_guanzhong,2020-10-29,14.3,4.8,0.0,1.54,10.65,6.2,87
shaanxi_guanzhong,2020-10-30,13.9,6.6,1.5,1.15,7.29,12.1,90
shaanxi_guanzhong,2020-10-31,16.5,9.5,0.0,2.68,11.92,16.7,56
shaanxi_guanzhong,2020-11-01,17.7,8.3,0.0,2.91,12.6,15.8,47
shaanxi_guanzhong,2020-11-02,17.0,7.3,0.0,2.79,14.45,13.1,44
shaanxi_guanzhong,2020-11-03,15.1,7.3,0.0,2.01,12.0,8.7,57
shaanxi_guanzhong,2020-11-04,16.0,5.5,0.6,1.67,10.3,6.0,67
shaanxi_guanzhong,2020-11-05,16.1,9.4,1.2,1.5,9.05,10.1,83
shaanxi_guanzhong,2020-11-06,17.0,9.3,0.0,2.95,14.23,18.0,50
shaanxi_guanzhong,2020-11-07,18.1,4.2,0.0,2.46,14.08,11.2,56
shaanxi_guanzhong,2020-11-08,16.0,6.5,0.0,2.31,13.48,10.6,57
shaanxi_guanzhong,2020-11-09,17.5,6.9,0.0,2.12,13.26,9.0,68
shaanxi_guanzhong,2020-11-10,16.8,5.3,0.0,1.94,12.72,7.3,69
shaanxi_guanzhong,2020-11-11,17.0,6.9,0.0,1.89,12.47,7.1,73
shaanxi_guanzhong,2020-11-12,17.7,7.8,0.0,1.86,11.4,8.8,76
shaanxi_guanzhong,2020-11-13,18.3,6.9,0.0,2.06,11.39,16.6,73
shaanxi_guanzhong,2020-11-14,17.8,6.2,0.0,2.19,12.66,15.2,67
shaanxi_guanzhong,2020-11-15,15.9,5.8,0.0,1.72,11.95,7.6,77
shaanxi_guanzhong,2020-11-16,16.7,6.4,0.0,1.91,10.64,21.4,76
shaanxi_guanzhong,2020-11-17,12.6,7.9,14.4,0.64,1.43,27.2,87
shaanxi_guanzhong,2020-11-18,14.7,7.2,0.0,2.77,11.33,26.5,53
shaanxi_guanzhong,2020-11-19,13.0,4.1,0.0,2.09,12.47,14.3,58
shaanxi_guanzhong,2020-11-20,8.3,3.4,4.2,0.76,3.47,14.8,75
shaanxi_guanzhong,2020-11-21,6.2,2.2,3.6,0.87,2.99,18.3,78
shaanxi_guanzhong,2020-11-22,2.0,-0.2,2.2,0.5,2.96,14.6,78
shaanxi_guanzhong,2020-11-23,1.7,-1.5,3.7,0.56,4.6,8.7,79
shaanxi_guanzhong,2020-11-24,1.4,-1.3,0.0,0.44,3.24,7.5,82
shaanxi_guanzhong,2020-11-25,6.5,0.2,0.5,0.86,6.27,9.7,78
shaanxi_guanzhong,2020-11-26,7.9,-0.9,0.2,1.29,10.54,8.4,74
shaanxi_guanzhong,2020-11-27,6.2,-1.1,0.0,0.8,6.04,9.0,82
shaanxi_guanzhong,2020-11-28,6.5,-1.4,1.1,0.93,8.18,6.7,83
shaanxi_guanzhong,2020-11-29,8.8,-1.8,0.0,1.31,11.08,9.3,80
shaanxi_guanzhong,2020-11-30,2.6,0.1,0.5,0.52,3.1,11.0,78
shaanxi_guanzhong,2020-12-01,3.0,0.1,1.5,0.44,3.07,9.3,87
shaanxi_guanzhong,2020-12-02,4.8,0.6,3.3,0.62,4.49,16.4,85
shaanxi_guanzhong,2020-12-03,1.4,-2.8,1.3,0.76,4.58,14.7,68
shaanxi_guanzhong,2020-12-04,2.5,-4.0,0.0,0.79,7.81,6.3,76
shaanxi_guanzhong,2020-12-05,2.5,-4.9,0.0,0.82,8.14,7.4,81
shaanxi_guanzhong,2020-12-06,4.6,-2.6,0.1,0.7,4.86,10.4,80
shaanxi_guanzhong,2020-12-07,3.5,-1.6,0.2,0.83,7.6,10.9,79
shaanxi_guanzhong,2020-12-08,2.9,-3.5,0.0,0.71,6.41,6.4,80
shaanxi_guanzhong,2020-12-09,6.7,-0.7,0.0,0.91,6.12,12.6,72
shaanxi_guanzhong,2020-12-10,7.2,-2.9,0.0,1.22,10.4,9.8,69
shaanxi_guanzhong,2020-12-11,9.1,-3.0,0.0,1.32,10.62,7.8,71
shaanxi_guanzhong,2020-12-12,8.2,-3.2,0.0,1.37,10.51,14.6,71
shaanxi_guanzhong,2020-12-13,4.1,-3.2,0.4,1.22,4.93,14.3,44
shaanxi_guanzhong,2020-12-14,1.1,-5.4,0.0,1.05,10.88,8.5,63
shaanxi_guanzhong,2020-12-15,1.8,-5.6,0.0,0.86,8.25,7.4,66
shaanxi_guanzhong,2020-12-16,3.3,-4.2,0.0,0.95,9.26,7.0,71
shaanxi_guanzhong,2020-12-17,2.9,-2.0,0.2,0.72,5.32,13.2,72
shaanxi_guanzhong,2020-12-18,4.3,-2.9,0.0,1.09,7.21,13.7,56
shaanxi_guanzhong,2020-12-19,4.0,-4.2,0.0,0.9,8.24,6.5,70
shaanxi_guanzhong,2020-12-20,5.5,-5.6,0.0,1.18,11.11,8.0,67
shaanxi_guanzhong,2020-12-21,6.0,-5.8,0.0,1.23,11.19,8.0,69
shaanxi_guanzhong,2020-12-22,4.6,-6.5,0.0,1.1,8.45,17.1,67
shaanxi_guanzhong,2020-12-23,5.8,-3.8,0.0,1.69,11.25,15.6,45
shaanxi_guanzhong,2020-12-24,7.0,-3.6,0.0,1.5,11.04,11.2,48
shaanxi_guanzhong,2020-12-25,4.0,-5.4,0.0,0.88,7.29,6.0,56
shaanxi_guanzhong,2020-12-26,8.7,-3.3,0.0,1.3,9.68,11.2,61
shaanxi_guanzhong,2020-12-27,8.3,-4.3,0.0,1.24,10.69,6.5,71
shaanxi_guanzhong,2020-12-28,8.5,-1.9,0.1,1.65,8.31,21.0,60
shaanxi_guanzhong,2020-12-29,3.3,-5.3,0.2,1.74,8.6,16.2,35
shaanxi_guanzhong,2020-12-30,-2.7,-8.1,0.0,1.24,11.41,12.0,35
shaanxi_guanzhong,2020-12-31,-1.7,-8.3,0.0,0.95,8.02,7.5,33
shaanxi_guanzhong,2021-01-01,6.4,-7.6,0.0,1.47,11.52,9.3,40
shaanxi_guanzhong,2021-01-02,5.1,-6.3,0.0,1.37,10.78,9.8,46
shaanxi_guanzhong,2021-01-03,6.3,-3.2,0.0,1.36,10.4,8.3,51
shaanxi_guanzhong,2021-01-04,4.7,-3.7,0.0,1.2,8.81,9.4,54
shaanxi_guanzhong,2021-01-05,3.6,-3.6,0.0,1.15,9.05,8.7,51
shaanxi_guanzhong,2021-01-06,-0.2,-5.4,0.0,1.46,7.43,14.0,32
shaanxi_guanzhong,2021-01-07,-3.9,-9.1,0.0,1.13,9.87,10.4,27
shaanxi_guanzhong,2021-01-08,0.1,-8.0,0.0,1.34,12.26,9.6,19
shaanxi_guanzhong,2021-01-09,1.2,-7.4,0.0,1.62,11.4,10.5,18
shaanxi_guanzhong,2021-01-10,0.9,-4.7,0.0,1.56,6.74,16.9,28
shaanxi_guanzhong,2021-01-11,5.9,-4.6,0.0,2.52,12.33,25.5,26
shaanxi_guanzhong,2021-01-12,12.3,-1.0,0.0,2.89,12.29,19.5,31
shaanxi_guanzhong,2021-01-13,12.0,-2.6,0.0,1.99,12.43,18.4,46
shaanxi_guanzhong,2021-01-14,14.9,-4.6,0.0,2.5,12.43,22.9,35
shaanxi_guanzhong,2021-01-15,9.2,-1.3,0.0,2.1,11.78,15.2,42
shaanxi_guanzhong,2021-01-16,6.1,-3.3,0.0,1.82,9.54,18.8,42
shaanxi_guanzhong,2021-01-17,6.6,-5.9,0.0,2.1,12.95,14.0,31
shaanxi_guanzhong,2021-01-18,10.4,-3.9,0.0,2.07,12.72,14.1,42
shaanxi_guanzhong,2021-01-19,7.5,-4.4,0.0,1.47,12.18,6.4,48
shaanxi_guanzhong,2021-01-20,8.1,-2.4,0.0,1.29,9.15,11.0,68
shaanxi_guanzhong,2021-01-21,11.7,-1.3,0.0,1.52,10.95,8.7,66
shaanxi_guanzhong,2021-01-22,8.2,-1.2,0.0,1.71,9.68,12.2,47
shaanxi_guanzhong,2021-01-23,7.4,-2.4,0.0,1.32,10.66,8.9,62
shaanxi_guanzhong,2021-01-24,4.5,0.4,1.6,0.7,4.15,14.6,77
shaanxi_guanzhong,2021-01-25,9.0,-0.1,0.6,1.84,10.05,23.1,56
shaanxi_guanzhong,2021-01-26,7.8,-2.8,0.0,1.55,11.79,9.5,60
shaanxi_guanzhong,2021-01-27,11.9,-0.4,0.0,2.15,11.78,17.2,47
shaanxi_guanzhong,2021-01-28,8.8,-3.5,0.0,2.08,13.69,11.3,43
shaanxi_guanzhong,2021-01-29,9.0,-4.2,0.0,1.64,12.48,12.2,54
shaanxi_guanzhong,2021-01-30,10.0,-0.6,0.0,2.08,13.34,11.2,35
shaanxi_guanzhong,2021-01-31,10.1,-2.6,0.0,1.81,12.11,8.4,51
shaanxi_guanzhong,2021-02-01,13.3,-1.8,0.0,2.48,14.33,17.2,39
shaanxi_guanzhong,2021-02-02,7.1,-3.5,0.0,1.99,13.96,19.6,41
shaanxi_guanzhong,2021-02-03,12.5,-3.7,0.0,2.3,14.31,16.2,42
shaanxi_guanzhong,2021-02-04,5.6,-2.0,0.0,1.32,5.62,12.6,40
shaanxi_guanzhong,2021-02-05,15.1,-1.0,0.0,2.78,14.95,13.4,38
shaanxi_guanzhong,2021-02-06,14.9,-1.6,0.0,2.49,14.9,10.5,44
shaanxi_guanzhong,2021-02-07,13.5,2.6,0.0,2.8,13.48,13.0,35
shaanxi_guanzhong,2021-02-08,11.1,-1.2,0.0,2.18,15.02,11.0,48
shaanxi_guanzhong,2021-02-09,11.2,-1.0,0.0,2.0,14.84,7.7,58
shaanxi_guanzhong,2021-02-10,13.0,-0.8,0.0,2.09,15.23,8.8,64
shaanxi_guanzhong,2021-02-11,13.9,1.8,0.1,1.73,10.71,8.0,61
shaanxi_guanzhong,2021-02-12,14.9,-1.7,0.0,2.2,15.49,7.8,65
shaanxi_guanzhong,2021-02-13,10.9,3.7,2.2,1.38,5.17,25.6,66
shaanxi_guanzhong,2021-02-14,15.1,-1.1,0.1,2.28,15.5,12.3,72
shaanxi_guanzhong,2021-02-15,10.4,1.7,0.0,1.89,10.25,14.0,44
shaanxi_guanzhong,2021-02-16,16.0,-0.8,0.0,3.27,16.48,14.7,36
shaanxi_guanzhong,2021-02-17,13.9,-1.1,0.0,2.68,15.26,12.7,33
shaanxi_guanzhong,2021-02-18,15.3,2.0,0.0,2.46,14.61,9.5,40
shaanxi_guanzhong,2021-02-19,20.8,3.8,0.0,3.51,16.72,14.4,44
shaanxi_guanzhong,2021-02-20,21.6,5.8,0.0,3.82,17.27,13.6,34
shaanxi_guanzhong,2021-02-21,23.5,9.2,0.0,3.98,17.28,14.8,35
shaanxi_guanzhong,2021-02-22,18.0,6.7,0.0,2.9,11.11,10.2,28
shaanxi_guanzhong,2021-02-23,20.2,7.0,0.0,4.1,16.86,23.7,33
shaanxi_guanzhong,2021-02-24,9.8,1.5,14.7,1.11,3.6,21.7,71
shaanxi_guanzhong,2021-02-25,3.9,1.2,7.6,0.5,3.47,5.2,92
shaanxi_guanzhong,2021-02-26,5.8,1.2,1.1,0.72,5.18,10.6,86
shaanxi_guanzhong,2021-02-27,7.8,1.1,3.2,0.99,6.24,16.6,78
shaanxi_guanzhong,2021-02-28,3.4,2.1,5.8,0.4,2.17,21.6,91
shaanxi_guanzhong,2021-03-01,11.0,2.0,0.4,2.47,14.71,23.1,55
shaanxi_guanzhong,2021-03-02,11.7,-2.8,0.0,2.14,15.31,8.4,62
shaanxi_guanzhong,2021-03-03,16.5,2.1,0.0,2.91,18.24,9.7,60
shaanxi_guanzhong,2021-03-04,15.9,2.3,0.0,2.21,14.15,9.8,68
shaanxi_guanzhong,2021-03-05,16.7,5.9,0.0,2.14,12.6,8.9,66
shaanxi_guanzhong,2021-03-06,14.3,7.3,0.0,2.17,11.33,15.5,64
shaanxi_guanzhong,2021-03-07,13.2,3.3,0.0,2.37,16.18,12.1,63
shaanxi_guanzhong,2021-03-08,10.9,5.3,2.2,1.35,8.67,10.5,77
shaanxi_guanzhong,2021-03-09,13.4,2.0,0.0,2.1,15.08,8.6,80
shaanxi_guanzhong,2021-03-10,8.2,3.2,8.3,0.61,3.74,7.3,91
shaanxi_guanzhong,2021-03-11,15.3,2.4,0.0,2.44,16.2,13.1,80
shaanxi_guanzhong,2021-03-12,16.8,2.1,0.0,2.72,18.29,8.3,78
shaanxi_guanzhong,2021-03-13,19.9,5.2,0.0,3.22,19.34,14.4,74
shaanxi_guanzhong,2021-03-14,18.4,7.0,0.1,2.39,14.25,13.8,78
shaanxi_guanzhong,2021-03-15,21.7,5.9,0.0,3.38,19.81,12.2,77
shaanxi_guanzhong,2021-03-16,18.0,10.3,0.0,2.55,12.93,14.9,64
shaanxi_guanzhong,2021-03-17,15.8,8.0,0.1,2.61,11.89,14.8,48
shaanxi_guanzhong,2021-03-18,9.9,5.9,0.1,1.04,4.9,12.6,70
shaanxi_guanzhong,2021-03-19,10.6,3.6,3.8,1.12,6.82,26.6,77
shaanxi_guanzhong,2021-03-20,13.1,5.5,0.0,3.14,14.5,14.8,37
shaanxi_guanzhong,2021-03-21,10.8,3.5,0.0,3.12,17.43,18.1,35
shaanxi_guanzhong,2021-03-22,14.8,-2.2,0.0,3.19,21.43,8.0,52
shaanxi_guanzhong,2021-03-23,19.6,2.1,0.0,3.67,21.28,10.8,55
shaanxi_guanzhong,2021-03-24,20.2,6.7,0.0,3.13,15.87,11.8,56
shaanxi_guanzhong,2021-03-25,20.6,10.8,0.7,3.23,11.82,21.5,52
shaanxi_guanzhong,2021-03-26,16.5,10.0,6.7,1.62,5.91,22.3,67
shaanxi_guanzhong,2021-03-27,23.1,5.9,0.0,4.13,21.45,12.3,51
shaanxi_guanzhong,2021-03-28,22.8,8.1,0.0,4.55,20.5,19.1,47
shaanxi_guanzhong,2021-03-29,20.5,10.5,0.2,4.18,20.62,13.3,46
shaanxi_guanzhong,2021-03-30,19.2,9.5,2.1,2.84,14.54,11.3,63
shaanxi_guanzhong,2021-03-31,16.0,10.4,2.6,1.62,7.15,13.1,76
shaanxi_guanzhong,2021-04-01,10.8,7.7,8.1,0.71,2.98,21.0,88
shaanxi_guanzhong,2021-04-02,10.0,7.6,7.3,0.76,4.09,13.3,89
shaanxi_guanzhong,2021-04-03,12.3,7.8,4.0,1.1,6.56,8.3,91
shaanxi_guanzhong,2021-04-04,11.7,7.8,0.8,1.12,5.17,15.9,77
shaanxi_guanzhong,2021-04-05,18.3,6.6,0.0,3.34,19.73,11.8,58
shaanxi_guanzhong,2021-04-06,16.4,6.7,0.0,2.61,15.44,11.0,61
shaanxi_guanzhong,2021-04-07,17.1,9.0,0.0,1.98,10.88,6.5,71
shaanxi_guanzhong,2021-04-08,20.8,7.6,0.0,3.45,18.2,13.4,62
shaanxi_guanzhong,2021-04-09,14.8,9.8,0.6,2.08,7.38,17.9,62
shaanxi_guanzhong,2021-04-10,17.1,8.9,0.1,1.97,10.8,9.4,77
shaanxi_guanzhong,2021-04-11,19.1,10.4,0.3,2.56,13.88,7.8,73
shaanxi_guanzhong,2021-04-12,22.7,8.9,0.0,3.92,19.95,13.6,57
shaanxi_guanzhong,2021-04-13,17.9,9.5,1.3,2.81,10.72,14.8,51
shaanxi_guanzhong,2021-04-14,15.3,7.0,0.2,2.18,13.6,9.2,80
shaanxi_guanzhong,2021-04-15,21.0,7.9,0.0,3.39,11.86,18.7,54
shaanxi_guanzhong,2021-04-16,22.9,6.3,0.0,4.71,20.1,15.0,31
shaanxi_guanzhong,2021-04-17,19.2,9.5,0.0,4.93,20.72,18.7,21
shaanxi_guanzhong,2021-04-18,23.9,10.3,0.0,4.69,22.28,14.1,33
shaanxi_guanzhong,2021-04-19,24.8,10.8,2.8,3.78,17.69,12.3,61
shaanxi_guanzhong,2021-04-20,15.3,12.6,6.3,0.94,4.73,5.9,94
shaanxi_guanzhong,2021-04-21,17.9,12.2,1.2,1.49,7.86,12.0,87
shaanxi_guanzhong,2021-04-22,21.5,10.4,0.1,2.88,16.29,10.2,77
shaanxi_guanzhong,2021-04-23,17.0,12.2,26.2,1.13,5.59,21.6,89
shaanxi_guanzhong,2021-04-24,13.2,11.2,6.4,0.94,4.97,20.5,90
shaanxi_guanzhong,2021-04-25,13.0,10.4,4.9,0.86,4.19,10.8,92
shaanxi_guanzhong,2021-04-26,19.0,7.1,0.1,3.1,18.76,9.2,80
shaanxi_guanzhong,2021-04-27,20.8,10.1,10.7,3.37,18.39,22.3,72
shaanxi_guanzhong,2021-04-28,22.1,7.5,0.0,4.61,22.65,16.4,52
shaanxi_guanzhong,2021-04-29,26.9,11.6,0.0,6.03,21.25,26.4,42
shaanxi_guanzhong,2021-04-30,30.0,14.0,0.0,6.49,22.51,23.5,38
shaanxi_guanzhong,2021-05-01,26.1,12.5,0.0,5.22,24.18,11.2,44
shaanxi_guanzhong,2021-05-02,20.7,11.2,9.2,1.83,7.16,21.1,72
shaanxi_guanzhong,2021-05-03,21.9,10.2,0.1,3.52,18.65,22.4,72
shaanxi_guanzhong,2021-05-04,22.5,14.4,0.0,5.54,24.25,16.7,33
shaanxi_guanzhong,2021-05-05,25.5,8.7,0.0,5.06,24.42,11.3,45
shaanxi_guanzhong,2021-05-06,29.3,13.7,0.0,5.8,24.69,17.3,49
shaanxi_guanzhong,2021-05-07,24.9,13.2,0.1,5.65,24.69,14.8,25
shaanxi_guanzhong,2021-05-08,32.1,13.0,0.0,6.18,23.7,13.0,41
shaanxi_guanzhong,2021-05-09,33.6,16.4,0.0,6.24,24.54,13.2,47
shaanxi_guanzhong,2021-05-10,32.4,18.9,0.0,5.77,21.9,14.5,47
shaanxi_guanzhong,2021-05-11,24.9,17.4,2.0,3.26,15.17,12.1,62
shaanxi_guanzhong,2021-05-12,29.4,16.6,0.0,5.0,20.84,16.1,56
shaanxi_guanzhong,2021-05-13,30.8,19.4,0.0,6.05,22.02,16.9,53
shaanxi_guanzhong,2021-05-14,27.7,14.3,31.6,3.52,12.31,34.2,70
shaanxi_guanzhong,2021-05-15,17.5,13.7,14.0,1.73,6.04,31.0,82
shaanxi_guanzhong,2021-05-16,21.4,13.1,0.0,4.04,16.77,17.8,55
shaanxi_guanzhong,2021-05-17,23.5,11.3,0.0,4.49,23.46,10.4,62
shaanxi_guanzhong,2021-05-18,25.5,12.2,0.0,4.47,21.73,11.9,56
shaanxi_guanzhong,2021-05-19,25.7,16.9,0.0,4.3,16.89,18.3,56
shaanxi_guanzhong,2021-05-20,28.3,13.5,0.0,4.92,21.67,10.0,51
shaanxi_guanzhong,2021-05-21,24.1,15.5,0.0,2.54,11.3,7.6,59
shaanxi_guanzhong,2021-05-22,28.1,13.4,6.1,4.11,17.32,27.8,64
shaanxi_guanzhong,2021-05-23,23.1,12.2,2.5,4.92,23.49,21.2,52
shaanxi_guanzhong,2021-05-24,28.0,12.7,0.0,4.86,21.08,10.6,46
shaanxi_guanzhong,2021-05-25,25.0,15.9,0.0,3.37,12.38,14.6,53
shaanxi_guanzhong,2021-05-26,32.4,15.5,0.0,5.86,19.17,20.7,41
shaanxi_guanzhong,2021-05-27,30.9,14.6,0.0,4.88,17.5,12.0,40
shaanxi_guanzhong,2021-05-28,29.6,19.7,0.0,5.46,22.88,13.8,35
shaanxi_guanzhong,2021-05-29,32.1,18.2,0.0,5.34,19.8,13.0,44
shaanxi_guanzhong,2021-05-30,36.0,18.7,0.0,6.93,25.48,16.2,41
shaanxi_guanzhong,2021-05-31,33.9,21.3,0.3,6.4,23.42,23.0,44
shaanxi_guanzhong,2021-06-01,30.6,20.7,0.0,5.14,19.12,14.7,46
shaanxi_guanzhong,2021-06-02,33.3,18.2,16.0,4.77,20.17,22.1,60
shaanxi_guanzhong,2021-06-03,28.8,18.4,0.0,5.42,18.35,14.8,34
shaanxi_guanzhong,2021-06-04,31.9,15.5,0.0,6.67,26.77,11.3,29
shaanxi_guanzhong,2021-06-05,35.3,17.7,0.0,7.1,24.04,15.7,34
shaanxi_guanzhong,2021-06-06,35.4,20.6,0.0,5.91,21.64,13.0,31
shaanxi_guanzhong,2021-06-07,36.3,23.1,0.0,7.21,22.41,15.6,34
shaanxi_guanzhong,2021-06-08,36.1,22.9,0.0,6.21,22.63,9.7,36
shaanxi_guanzhong,2021-06-09,31.6,24.3,0.0,5.38,16.59,13.2,39
shaanxi_guanzhong,2021-06-10,32.6,20.6,0.0,6.02,23.22,14.2,48
shaanxi_guanzhong,2021-06-11,35.9,21.4,0.1,7.28,24.7,18.9,41
shaanxi_guanzhong,2021-06-12,33.8,24.6,0.6,6.36,17.92,20.6,46
shaanxi_guanzhong,2021-06-13,28.9,24.8,7.5,3.89,15.58,14.4,70
shaanxi_guanzhong,2021-06-14,24.6,20.4,30.4,0.94,4.09,21.6,93
shaanxi_guanzhong,2021-06-15,29.2,20.6,3.9,3.23,15.25,10.4,86
shaanxi_guanzhong,2021-06-16,22.8,17.0,35.9,1.3,4.19,28.1,88
shaanxi_guanzhong,2021-06-17,18.5,15.5,10.9,1.67,6.27,18.8,80
shaanxi_guanzhong,2021-06-18,24.3,14.8,0.0,3.0,13.89,10.9,69
shaanxi_guanzhong,2021-06-19,28.6,17.9,0.0,4.26,19.81,8.7,63
shaanxi_guanzhong,2021-06-20,30.7,19.9,0.0,4.93,22.4,8.2,62
shaanxi_guanzhong,2021-06-21,31.8,20.0,0.0,5.17,23.17,10.0,61
shaanxi_guanzhong,2021-06-22,33.2,19.4,0.0,5.98,26.04,10.7,61
shaanxi_guanzhong,2021-06-23,30.9,22.9,0.0,5.23,18.93,15.5,55
shaanxi_guanzhong,2021-06-24,30.0,20.8,0.0,4.07,17.77,10.1,62
shaanxi_guanzhong,2021-06-25,29.1,21.1,0.3,3.78,17.48,9.5,73
shaanxi_guanzhong,2021-06-26,26.3,20.5,2.1,2.45,11.44,8.7,80
shaanxi_guanzhong,2021-06-27,31.9,20.5,0.0,5.39,25.26,6.8,65
shaanxi_guanzhong,2021-06-28,34.4,21.2,0.0,5.67,25.55,8.4,63
shaanxi_guanzhong,2021-06-29,34.1,23.7,0.0,5.51,23.38,10.3,57
shaanxi_guanzhong,2021-06-30,33.8,24.4,0.0,4.66,17.51,14.0,57
shaanxi_guanzhong,2021-07-01,30.0,21.1,1.0,4.39,18.05,14.1,65
shaanxi_guanzhong,2021-07-02,22.9,17.9,36.5,1.11,4.69,18.4,86
shaanxi_guanzhong,2021-07-03,28.2,15.7,0.0,4.2,20.73,7.3,74
shaanxi_guanzhong,2021-07-04,31.4,18.2,0.0,5.34,24.21,13.5,72
shaanxi_guanzhong,2021-07-05,31.7,22.0,0.0,4.92,21.07,12.9,60
shaanxi_guanzhong,2021-07-06,32.7,21.2,3.0,4.83,21.04,10.5,65
shaanxi_guanzhong,2021-07-07,33.4,22.0,0.0,5.27,23.57,10.2,68
shaanxi_guanzhong,2021-07-08,35.6,22.5,0.2,5.98,24.99,10.3,54
shaanxi_guanzhong,2021-07-09,37.2,24.9,0.0,6.18,23.82,14.5,51
shaanxi_guanzhong,2021-07-10,30.8,24.0,2.9,3.12,12.19,8.9,67
shaanxi_guanzhong,2021-07-11,34.2,22.5,2.0,5.35,23.34,11.2,69
shaanxi_guanzhong,2021-07-12,35.6,22.9,0.6,5.91,24.07,11.3,61
shaanxi_guanzhong,2021-07-13,38.6,24.0,0.0,6.58,25.55,16.6,52
shaanxi_guanzhong,2021-07-14,39.2,25.9,0.0,6.68,24.36,14.8,55
shaanxi_guanzhong,2021-07-15,30.1,24.3,2.3,2.67,9.38,17.1,76
shaanxi_guanzhong,2021-07-16,30.0,23.2,12.1,2.8,12.92,10.3,84
shaanxi_guanzhong,2021-07-17,34.7,23.5,0.8,5.23,23.14,8.9,69
shaanxi_guanzhong,2021-07-18,29.6,23.0,21.4,4.19,19.31,12.4,77
shaanxi_guanzhong,2021-07-19,28.2,22.3,10.0,3.38,16.16,13.2,84
shaanxi_guanzhong,2021-07-20,29.1,22.1,1.0,4.23,19.09,15.7,78
shaanxi_guanzhong,2021-07-21,29.0,21.6,0.4,3.18,13.45,14.1,76
shaanxi_guanzhong,2021-07-22,32.5,22.5,1.9,4.68,19.88,18.4,75
shaanxi_guanzhong,2021-07-23,27.2,23.1,0.2,3.08,11.4,22.7,78
shaanxi_guanzhong,2021-07-24,31.3,22.2,1.0,4.43,18.63,15.9,72
shaanxi_guanzhong,2021-07-25,33.0,22.0,0.0,5.75,24.92,13.4,64
shaanxi_guanzhong,2021-07-26,30.2,24.0,8.1,3.55,12.28,19.5,72
shaanxi_guanzhong,2021-07-27,29.1,22.8,0.1,3.87,12.53,15.6,56
shaanxi_guanzhong,2021-07-28,33.3,20.9,0.0,5.34,22.53,9.4,60
shaanxi_guanzhong,2021-07-29,34.3,21.1,0.0,5.58,25.1,8.6,60
shaanxi_guanzhong,2021-07-30,36.8,21.0,0.0,6.02,25.87,9.4,49
shaanxi_guanzhong,2021-07-31,39.7,22.4,0.0,6.45,25.74,10.1,43
shaanxi_guanzhong,2021-08-01,39.9,23.4,0.0,7.03,25.06,13.7,39
shaanxi_guanzhong,2021-08-02,38.6,26.5,0.0,7.78,25.18,20.2,44
shaanxi_guanzhong,2021-08-03,35.7,25.7,1.1,5.85,21.34,19.0,55
shaanxi_guanzhong,2021-08-04,35.4,23.3,0.0,5.43,22.54,14.4,54
shaanxi_guanzhong,2021-08-05,34.1,25.0,0.0,4.64,17.8,10.6,46
shaanxi_guanzhong,2021-08-06,36.3,22.2,0.0,6.49,24.99,15.8,43
shaanxi_guanzhong,2021-08-07,35.0,24.4,0.0,6.32,25.14,13.0,41
shaanxi_guanzhong,2021-08-08,26.5,21.4,10.8,1.34,4.88,8.9,78
shaanxi_guanzhong,2021-08-09,32.1,20.3,0.0,5.1,23.77,8.6,70
shaanxi_guanzhong,2021-08-10,29.9,22.4,0.0,3.21,12.85,9.0,65
shaanxi_guanzhong,2021-08-11,32.7,23.0,0.0,5.36,21.92,15.9,62
shaanxi_guanzhong,2021-08-12,26.7,19.8,13.7,1.34,4.26,13.7,83
shaanxi_guanzhong,2021-08-13,26.2,19.0,3.4,3.04,14.73,11.3,81
shaanxi_guanzhong,2021-08-14,28.5,18.2,0.5,4.24,20.02,13.0,74
shaanxi_guanzhong,2021-08-15,30.2,19.6,0.0,5.61,22.76,18.6,63
shaanxi_guanzhong,2021-08-16,30.2,23.0,0.0,4.38,15.78,16.8,63
shaanxi_guanzhong,2021-08-17,30.9,22.8,0.2,4.52,17.87,16.1,67
shaanxi_guanzhong,2021-08-18,32.6,22.8,0.1,5.08,20.5,13.5,65
shaanxi_guanzhong,2021-08-19,32.9,23.6,12.3,4.43,19.84,13.4,73
shaanxi_guanzhong,2021-08-20,31.1,21.6,0.0,4.98,22.96,9.7,73
shaanxi_guanzhong,2021-08-21,32.0,22.3,14.7,3.93,17.48,17.3,76
shaanxi_guanzhong,2021-08-22,23.6,19.1,17.2,1.79,5.89,26.6,84
shaanxi_guanzhong,2021-08-23,29.0,17.8,0.0,4.84,22.68,15.6,73
shaanxi_guanzhong,2021-08-24,28.7,16.8,0.0,5.14,24.06,10.6,55
shaanxi_guanzhong,2021-08-25,26.1,19.5,0.0,4.04,16.63,13.1,57
shaanxi_guanzhong,2021-08-26,25.6,19.3,0.1,3.51,12.47,22.1,60
shaanxi_guanzhong,2021-08-27,27.0,16.1,0.0,4.5,23.27,10.1,72
shaanxi_guanzhong,2021-08-28,26.5,18.2,0.0,3.8,18.58,11.3,71
shaanxi_guanzhong,2021-08-29,24.9,17.4,0.3,2.96,14.59,11.2,77
shaanxi_guanzhong,2021-08-30,21.5,18.9,4.8,1.17,4.2,17.9,86
shaanxi_guanzhong,2021-08-31,22.1,18.5,16.6,1.35,6.43,8.1,92
shaanxi_guanzhong,2021-09-01,22.9,18.6,6.7,1.72,8.43,12.3,90
shaanxi_guanzhong,2021-09-02,24.8,17.6,0.5,2.38,12.08,9.1,88
shaanxi_guanzhong,2021-09-03,24.3,18.8,21.3,1.61,8.07,13.1,93
shaanxi_guanzhong,2021-09-04,26.1,19.9,0.2,3.61,16.56,16.9,75
shaanxi_guanzhong,2021-09-05,20.5,18.1,30.2,0.8,3.31,13.0,91
shaanxi_guanzhong,2021-09-06,23.4,17.6,5.4,2.06,8.79,15.0,80
shaanxi_guanzhong,2021-09-07,26.4,14.8,0.0,4.37,22.72,10.8,72
shaanxi_guanzhong,2021-09-08,27.5,14.8,0.0,4.26,22.32,8.3,76
shaanxi_guanzhong,2021-09-09,29.9,17.6,0.0,4.48,22.0,13.0,73
shaanxi_guanzhong,2021-09-10,30.1,17.6,0.0,4.44,21.96,9.7,77
shaanxi_guanzhong,2021-09-11,29.7,17.8,0.0,4.24,21.08,8.9,80
shaanxi_guanzhong,2021-09-12,30.0,19.7,0.0,5.27,21.75,22.9,62
shaanxi_guanzhong,2021-09-13,29.7,18.9,0.0,5.93,21.5,23.6,55
shaanxi_guanzhong,2021-09-14,29.5,20.0,0.0,5.48,20.74,19.0,54
shaanxi_guanzhong,2021-09-15,26.5,19.9,12.4,3.1,12.96,19.1,71
shaanxi_guanzhong,2021-09-16,20.3,17.7,5.0,1.27,3.6,20.1,84
shaanxi_guanzhong,2021-09-17,19.4,17.2,22.2,0.68,2.8,10.5,94
shaanxi_guanzhong,2021-09-18,19.2,17.3,64.7,0.65,2.71,11.8,96
shaanxi_guanzhong,2021-09-19,24.2,16.9,4.1,2.97,15.52,16.1,81
shaanxi_guanzhong,2021-09-20,27.3,14.8,0.0,4.22,20.36,16.6,70
shaanxi_guanzhong,2021-09-21,28.5,16.3,0.0,4.54,20.78,16.9,64
shaanxi_guanzhong,2021-09-22,26.8,16.6,0.0,2.91,14.72,12.1,80
shaanxi_guanzhong,2021-09-23,21.5,17.6,11.4,1.33,6.85,5.1,90
shaanxi_guanzhong,2021-09-24,21.0,16.9,35.2,0.91,4.47,11.2,97
shaanxi_guanzhong,2021-09-25,20.8,18.0,28.5,0.9,4.25,16.7,95
shaanxi_guanzhong,2021-09-26,19.1,16.6,33.7,0.67,2.77,12.6,93
shaanxi_guanzhong,2021-09-27,18.9,16.1,23.7,0.76,3.53,12.0,95
shaanxi_guanzhong,2021-09-28,23.5,16.3,8.6,2.59,13.91,10.7,85
shaanxi_guanzhong,2021-09-29,23.4,12.6,0.0,3.03,17.41,6.4,87
shaanxi_guanzhong,2021-09-30,25.0,15.4,0.0,3.38,18.55,9.2,84
shaanxi_guanzhong,2021-10-01,26.5,17.4,0.1,3.11,16.37,10.8,84
shaanxi_guanzhong,2021-10-02,27.1,17.1,0.7,2.74,13.46,14.6,83
shaanxi_guanzhong,2021-10-03,25.3,16.5,9.9,1.84,7.32,26.2,86
shaanxi_guanzhong,2021-10-04,16.2,12.1,16.3,1.36,3.78,30.6,83
shaanxi_guanzhong,2021-10-05,13.3,9.9,18.6,0.71,3.47,19.1,90
shaanxi_guanzhong,2021-10-06,13.1,9.7,27.1,0.63,3.24,8.7,94
shaanxi_guanzhong,2021-10-07,15.6,9.3,2.3,1.32,7.76,7.8,89
shaanxi_guanzhong,2021-10-08,15.6,11.8,1.2,1.11,6.25,13.1,90
shaanxi_guanzhong,2021-10-09,14.5,10.8,10.6,0.82,3.1,24.9,90
shaanxi_guanzhong,2021-10-10,10.5,5.9,4.1,1.01,5.31,24.1,84
shaanxi_guanzhong,2021-10-11,9.9,6.0,2.5,0.87,5.43,9.5,88
shaanxi_guanzhong,2021-10-12,13.8,7.0,1.2,1.47,10.08,10.2,87
shaanxi_guanzhong,2021-10-13,17.7,8.8,2.8,2.15,12.48,15.1,79
shaanxi_guanzhong,2021-10-14,17.9,12.3,6.1,2.36,6.87,21.7,64
shaanxi_guanzhong,2021-10-15,14.2,11.5,0.6,1.36,2.83,14.8,67
shaanxi_guanzhong,2021-10-16,17.8,9.5,0.2,2.72,15.64,12.0,67
shaanxi_guanzhong,2021-10-17,13.4,7.6,0.0,1.4,7.02,12.6,72
shaanxi_guanzhong,2021-10-18,19.0,6.1,0.0,2.5,15.67,9.6,78
shaanxi_guanzhong,2021-10-19,14.4,9.3,4.5,0.75,3.34,19.8,89
shaanxi_guanzhong,2021-10-20,14.4,8.7,4.2,1.32,8.06,15.8,83
shaanxi_guanzhong,2021-10-21,16.2,5.8,0.0,2.49,15.06,11.5,67
shaanxi_guanzhong,2021-10-22,15.4,5.6,0.0,2.09,12.78,8.5,62
shaanxi_guanzhong,2021-10-23,15.1,6.5,0.2,1.55,9.65,9.7,78
shaanxi_guanzhong,2021-10-24,17.2,6.3,0.0,2.1,13.51,7.7,81
shaanxi_guanzhong,2021-10-25,14.9,8.1,0.8,1.07,5.98,13.0,86
shaanxi_guanzhong,2021-10-26,15.9,9.5,5.8,1.51,8.58,19.4,81
shaanxi_guanzhong,2021-10-27,13.3,6.9,0.1,0.96,5.86,8.3,84
shaanxi_guanzhong,2021-10-28,17.5,8.9,0.0,2.05,13.14,8.4,85
shaanxi_guanzhong,2021-10-29,19.5,9.3,0.0,2.14,13.01,9.0,81
shaanxi_guanzhong,2021-10-30,18.1,7.6,4.5,2.09,13.43,10.0,84
shaanxi_guanzhong,2021-10-31,17.2,11.4,2.2,1.59,9.31,9.6,83
shaanxi_guanzhong,2021-11-01,15.2,9.1,0.0,1.38,8.31,9.8,79
shaanxi_guanzhong,2021-11-02,16.9,7.3,0.5,2.11,13.37,10.1,73
shaanxi_guanzhong,2021-11-03,16.4,9.3,0.8,1.66,10.61,7.2,82
shaanxi_guanzhong,2021-11-04,17.1,7.0,0.0,1.64,10.18,9.2,81
shaanxi_guanzhong,2021-11-05,17.4,8.8,0.0,1.45,9.22,10.8,85
shaanxi_guanzhong,2021-11-06,11.1,0.6,5.1,1.34,1.8,26.1,69
shaanxi_guanzhong,2021-11-07,6.4,-0.8,1.5,2.02,13.63,21.3,48
shaanxi_guanzhong,2021-11-08,8.4,-4.4,0.0,1.65,13.09,8.7,62
shaanxi_guanzhong,2021-11-09,11.0,-0.7,0.0,2.38,13.62,15.0,47
shaanxi_guanzhong,2021-11-10,11.6,-0.3,0.0,2.4,13.5,13.3,41
shaanxi_guanzhong,2021-11-11,11.2,3.1,0.1,2.49,10.81,15.6,40
shaanxi_guanzhong,2021-11-12,12.0,0.0,0.0,2.16,13.18,13.9,47
shaanxi_guanzhong,2021-11-13,14.6,-1.0,0.0,1.95,12.97,10.0,59
shaanxi_guanzhong,2021-11-14,12.4,1.9,0.1,1.81,10.44,11.7,56
shaanxi_guanzhong,2021-11-15,14.0,1.8,0.0,1.78,11.52,10.7,62
shaanxi_guanzhong,2021-11-16,12.2,1.1,0.0,1.55,10.71,7.6,62
shaanxi_guanzhong,2021-11-17,15.5,2.2,0.0,1.8,12.24,9.2,67
shaanxi_guanzhong,2021-11-18,13.6,2.2,0.0,1.67,12.11,9.3,75
shaanxi_guanzhong,2021-11-19,15.0,3.1,0.0,1.73,11.87,10.9,76
shaanxi_guanzhong,2021-11-20,9.2,7.3,0.8,1.16,1.76,15.8,58
shaanxi_guanzhong,2021-11-21,9.7,2.4,0.0,2.35,10.19,20.5,40
shaanxi_guanzhong,2021-11-22,6.0,-3.6,0.0,1.8,12.24,20.4,39
shaanxi_guanzhong,2021-11-23,10.5,-4.4,0.0,1.49,12.04,8.4,65
shaanxi_guanzhong,2021-11-24,12.8,-0.8,0.0,1.67,11.7,11.2,66
shaanxi_guanzhong,2021-11-25,12.8,-1.6,0.0,1.65,11.58,11.6,68
shaanxi_guanzhong,2021-11-26,10.0,0.0,0.0,1.15,8.15,10.5,73
shaanxi_guanzhong,2021-11-27,10.9,3.6,0.0,1.27,8.52,8.8,66
shaanxi_guanzhong,2021-11-28,10.9,0.9,0.1,1.51,10.88,14.7,71
shaanxi_guanzhong,2021-11-29,8.9,1.3,1.0,1.96,8.22,23.1,53
shaanxi_guanzhong,2021-11-30,8.6,-1.4,0.0,1.79,11.37,13.4,48
shaanxi_guanzhong,2021-12-01,7.3,-3.4,0.0,1.35,10.99,12.1,62
shaanxi_guanzhong,2021-12-02,11.1,-4.0,0.0,1.63,11.21,15.6,55
shaanxi_guanzhong,2021-12-03,9.8,-2.5,0.0,1.42,9.06,10.0,55
shaanxi_guanzhong,2021-12-04,9.4,-4.1,0.0,1.38,10.97,9.5,66
shaanxi_guanzhong,2021-12-05,10.1,-3.6,0.0,1.39,11.09,9.1,67
shaanxi_guanzhong,2021-12-06,10.8,-0.6,0.0,1.8,10.66,13.1,54
shaanxi_guanzhong,2021-12-07,7.7,3.2,0.2,1.21,2.43,16.6,45
shaanxi_guanzhong,2021-12-08,9.1,1.7,0.1,1.26,8.36,10.5,65
shaanxi_guanzhong,2021-12-09,9.5,-2.6,0.0,1.25,10.52,8.6,79
shaanxi_guanzhong,2021-12-10,5.1,2.1,5.2,0.32,1.22,11.2,88
shaanxi_guanzhong,2021-12-11,8.2,3.2,1.7,0.87,3.98,16.9,80
shaanxi_guanzhong,2021-12-12,7.5,0.1,0.0,1.68,10.31,10.3,47
shaanxi_guanzhong,2021-12-13,6.1,-2.8,0.0,1.04,9.21,7.7,67
shaanxi_guanzhong,2021-12-14,9.6,-2.9,0.0,1.2,10.16,10.7,80
shaanxi_guanzhong,2021-12-15,8.7,-2.8,0.0,1.3,7.91,12.6,63
shaanxi_guanzhong,2021-12-16,8.6,-0.4,0.0,1.85,7.69,15.3,41
shaanxi_guanzhong,2021-12-17,3.4,-2.5,0.0,1.54,8.32,18.6,42
shaanxi_guanzhong,2021-12-18,8.8,-3.0,0.0,1.5,9.99,11.2,49
shaanxi_guanzhong,2021-12-19,9.5,-2.5,0.0,1.43,10.54,9.6,52
shaanxi_guanzhong,2021-12-20,13.0,-0.5,0.0,1.76,10.66,12.2,54
shaanxi_guanzhong,2021-12-21,12.1,-2.2,0.0,1.58,10.71,9.4,60
shaanxi_guanzhong,2021-12-22,10.1,-0.8,0.0,1.44,10.48,8.7,64
shaanxi_guanzhong,2021-12-23,7.1,-4.0,0.3,0.81,4.98,8.7,71
shaanxi_guanzhong,2021-12-24,7.8,-2.2,0.0,1.21,9.2,14.7,76
shaanxi_guanzhong,2021-12-25,2.3,-2.6,3.4,0.43,2.68,10.5,77
shaanxi_guanzhong,2021-12-26,-0.3,-5.9,0.3,0.94,8.49,12.0,63
shaanxi_guanzhong,2021-12-27,0.8,-6.1,0.0,0.96,9.4,7.7,60
shaanxi_guanzhong,2021-12-28,5.3,-6.1,0.0,1.15,9.66,12.1,60
shaanxi_guanzhong,2021-12-29,5.5,-4.0,0.0,1.6,10.59,15.6,38
shaanxi_guanzhong,2021-12-30,5.2,-5.1,0.0,1.1,8.24,9.1,49
shaanxi_guanzhong,2021-12-31,5.7,-4.5,0.0,1.03,7.71,9.2,60
shaanxi_guanzhong,2022-01-01,9.4,-3.8,0.0,1.4,10.72,13.3,65
shaanxi_guanzhong,2022-01-02,5.3,-4.7,0.0,1.2,10.6,9.7,60
shaanxi_guanzhong,2022-01-03,6.5,-3.4,0.0,1.23,10.43,8.5,64
shaanxi_guanzhong,2022-01-04,2.8,-1.1,0.0,0.6,3.36,8.4,66
shaanxi_guanzhong,2022-01-05,5.6,-3.6,0.0,1.0,9.03,9.3,73
shaanxi_guanzhong,2022-01-06,3.6,-2.1,0.0,0.54,3.87,9.2,84
shaanxi_guanzhong,2022-01-07,4.0,0.5,0.0,0.57,3.97,10.6,81
shaanxi_guanzhong,2022-01-08,7.0,0.2,0.6,0.64,4.7,9.5,84
shaanxi_guanzhong,2022-01-09,6.6,-2.7,0.0,0.8,6.96,9.4,87
shaanxi_guanzhong,2022-01-10,8.7,-1.2,0.0,1.76,10.32,17.9,57
shaanxi_guanzhong,2022-01-11,6.1,-4.8,0.0,1.25,11.08,7.6,68
shaanxi_guanzhong,2022-01-12,9.0,-3.7,0.1,2.35,10.99,22.4,45
shaanxi_guanzhong,2022-01-13,5.3,-3.4,0.0,1.61,10.6,15.4,45
shaanxi_guanzhong,2022-01-14,7.0,-4.6,0.0,1.34,11.12,9.2,58
shaanxi_guanzhong,2022-01-15,11.0,-3.1,0.0,1.61,11.08,8.9,58
shaanxi_guanzhong,2022-01-16,9.1,-3.0,0.0,1.43,11.41,9.4,67
shaanxi_guanzhong,2022-01-17,8.3,-1.6,0.0,1.77,11.53,14.4,56
shaanxi_guanzhong,2022-01-18,8.3,-4.3,0.0,1.43,11.62,7.8,64
shaanxi_guanzhong,2022-01-19,8.0,-3.5,0.0,1.46,11.76,9.2,67
shaanxi_guanzhong,2022-01-20,5.3,-2.1,0.1,0.89,5.08,18.2,74
shaanxi_guanzhong,2022-01-21,0.2,-2.9,3.3,0.35,2.28,9.1,85
shaanxi_guanzhong,2022-01-22,-0.3,-2.5,0.7,0.36,2.15,6.9,82
shaanxi_guanzhong,2022-01-23,1.1,-1.8,2.3,0.4,2.59,6.3,84
shaanxi_guanzhong,2022-01-24,4.4,-2.9,0.0,0.81,6.47,7.3,81
shaanxi_guanzhong,2022-01-25,5.8,-2.2,0.0,0.94,7.03,9.1,78
shaanxi_guanzhong,2022-01-26,1.5,-0.2,4.6,0.35,2.14,5.8,89
shaanxi_guanzhong,2022-01-27,2.6,-1.4,3.0,0.57,4.64,8.7,89
shaanxi_guanzhong,2022-01-28,4.5,-1.2,2.3,0.84,7.07,7.3,86
shaanxi_guanzhong,2022-01-29,6.2,-3.9,0.0,1.33,11.76,10.4,77
shaanxi_guanzhong,2022-01-30,7.8,-5.1,0.0,1.61,11.51,16.6,64
shaanxi_guanzhong,2022-01-31,2.7,-5.3,0.0,1.8,13.53,14.8,39
shaanxi_guanzhong,2022-02-01,3.2,-7.3,0.0,1.33,11.21,8.2,51
shaanxi_guanzhong,2022-02-02,6.4,-4.7,0.0,1.62,13.01,8.4,57
shaanxi_guanzhong,2022-02-03,6.3,-4.1,0.0,1.46,12.72,7.6,63
shaanxi_guanzhong,2022-02-04,6.9,-2.0,0.0,1.77,11.99,10.1,53
shaanxi_guanzhong,2022-02-05,2.2,-1.5,0.5,1.12,4.13,10.2,45
shaanxi_guanzhong,2022-02-06,0.4,-3.8,3.8,0.57,4.47,9.7,78
shaanxi_guanzhong,2022-02-07,2.7,-3.5,0.5,0.81,6.53,9.6,76
shaanxi_guanzhong,2022-02-08,4.2,-3.6,0.0,1.05,8.61,9.4,71
shaanxi_guanzhong,2022-02-09,7.4,-4.6,0.0,1.69,14.14,7.6,66
shaanxi_guanzhong,2022-02-10,7.4,-3.2,0.0,1.65,13.98,9.0,65
shaanxi_guanzhong,2022-02-11,8.8,-1.3,0.0,1.79,13.16,10.6,62
shaanxi_guanzhong,2022-02-12,9.0,0.8,0.0,1.65,11.88,8.0,62
shaanxi_guanzhong,2022-02-13,10.6,-2.0,0.0,1.81,14.44,10.3,74
shaanxi_guanzhong,2022-02-14,8.7,-0.9,0.0,1.59,11.87,10.1,66
shaanxi_guanzhong,2022-02-15,10.8,-2.7,0.0,1.87,14.9,9.5,73
shaanxi_guanzhong,2022-02-16,6.7,-0.8,0.6,1.2,8.51,19.5,73
shaanxi_guanzhong,2022-02-17,3.5,-1.1,0.2,0.97,6.87,15.8,72
shaanxi_guanzhong,2022-02-18,4.1,-1.9,4.3,0.82,6.43,8.9,78
shaanxi_guanzhong,2022-02-19,4.6,-3.1,0.0,1.67,13.23,13.8,57
shaanxi_guanzhong,2022-02-20,6.0,-4.4,0.0,1.92,14.83,12.3,48
shaanxi_guanzhong,2022-02-21,8.9,-3.1,0.0,2.02,15.73,8.9,61
shaanxi_guanzhong,2022-02-22,8.1,-1.6,0.0,2.29,14.54,12.1,43
shaanxi_guanzhong,2022-02-23,10.2,-1.9,0.0,2.17,15.62,9.4,54
shaanxi_guanzhong,2022-02-24,11.7,-2.9,0.0,2.17,16.34,8.7,69
shaanxi_guanzhong,2022-02-25,13.5,-1.0,0.0,2.43,15.39,17.4,63
shaanxi_guanzhong,2022-02-26,13.5,1.5,0.0,3.17,17.29,15.4,38
shaanxi_guanzhong,2022-02-27,13.2,-0.3,0.0,2.43,13.05,12.6,45
shaanxi_guanzhong,2022-02-28,15.4,3.8,0.0,4.0,15.71,25.3,32
shaanxi_guanzhong,2022-03-01,10.6,1.0,0.0,2.94,15.97,15.8,31
shaanxi_guanzhong,2022-03-02,15.2,-1.7,0.0,2.82,17.33,10.3,44
shaanxi_guanzhong,2022-03-03,15.7,-0.6,0.1,2.52,14.0,10.8,45
shaanxi_guanzhong,2022-03-04,19.5,3.7,0.0,3.62,17.15,14.8,34
shaanxi_guanzhong,2022-03-05,15.6,5.0,0.0,2.96,12.94,14.8,35
shaanxi_guanzhong,2022-03-06,17.6,6.7,0.0,3.14,15.93,19.5,39
shaanxi_guanzhong,2022-03-07,19.7,3.5,0.0,4.02,18.33,16.2,38
shaanxi_guanzhong,2022-03-08,19.4,5.6,0.0,3.4,17.95,9.3,41
shaanxi_guanzhong,2022-03-09,20.4,7.2,0.0,3.28,16.77,11.2,51
shaanxi_guanzhong,2022-03-10,22.8,7.2,0.0,3.43,17.87,9.8,58
shaanxi_guanzhong,2022-03-11,24.6,10.1,0.0,3.3,16.82,9.2,56
shaanxi_guanzhong,2022-03-12,24.2,12.5,9.3,3.79,18.2,25.3,55
shaanxi_guanzhong,2022-03-13,25.0,9.5,0.0,3.52,18.18,21.7,68
shaanxi_guanzhong,2022-03-14,23.5,12.4,0.0,4.58,18.37,17.4,35
shaanxi_guanzhong,2022-03-15,22.9,9.7,2.1,3.17,12.52,12.2,43
shaanxi_guanzhong,2022-03-16,16.8,9.5,26.5,1.21,5.26,14.3,77
shaanxi_guanzhong,2022-03-17,14.4,7.9,1.4,1.74,9.54,16.6,78
shaanxi_guanzhong,2022-03-18,15.4,3.6,0.0,2.03,13.27,14.5,77
shaanxi_guanzhong,2022-03-19,10.4,6.7,0.5,1.42,4.35,19.6,65
shaanxi_guanzhong,2022-03-20,12.0,5.0,1.2,1.86,12.35,11.2,71
shaanxi_guanzhong,2022-03-21,11.3,6.5,5.8,1.2,7.79,10.7,83
shaanxi_guanzhong,2022-03-22,12.2,5.1,0.0,1.5,9.64,10.1,79
shaanxi_guanzhong,2022-03-23,16.1,1.6,0.0,2.79,19.04,9.1,81
shaanxi_guanzhong,2022-03-24,16.7,5.7,3.9,2.45,14.82,12.0,75
shaanxi_guanzhong,2022-03-25,18.2,10.4,9.0,2.63,11.83,21.0,62
shaanxi_guanzhong,2022-03-26,16.5,7.9,0.0,3.36,15.2,11.8,40
shaanxi_guanzhong,2022-03-27,15.1,6.2,0.3,3.15,17.09,17.1,47
shaanxi_guanzhong,2022-03-28,19.5,5.0,0.0,3.6,19.68,15.6,57
shaanxi_guanzhong,2022-03-29,19.1,9.6,0.2,2.47,9.67,18.0,60
shaanxi_guanzhong,2022-03-30,17.8,8.7,0.0,2.28,10.02,13.9,58
shaanxi_guanzhong,2022-03-31,17.5,11.6,0.0,2.96,12.59,13.2,48
shaanxi_guanzhong,2022-04-01,19.5,5.8,0.0,3.76,20.18,10.4,49
shaanxi_guanzhong,2022-04-02,18.2,6.7,0.0,4.6,21.08,14.8,30
shaanxi_guanzhong,2022-04-03,21.2,6.2,0.0,3.95,20.35,8.9,42
shaanxi_guanzhong,2022-04-04,22.2,9.3,0.0,3.56,17.33,10.2,51
shaanxi_guanzhong,2022-04-05,25.4,12.3,0.0,5.27,21.16,15.8,35
shaanxi_guanzhong,2022-04-06,28.8,11.2,0.0,6.07,19.87,18.5,26
shaanxi_guanzhong,2022-04-07,27.2,12.0,0.0,5.66,21.19,13.5,22
shaanxi_guanzhong,2022-04-08,28.7,12.2,0.0,4.79,19.76,10.0,32
shaanxi_guanzhong,2022-04-09,31.5,16.8,0.0,5.69,20.52,18.4,39
shaanxi_guanzhong,2022-04-10,31.3,14.7,0.0,4.9,19.31,14.4,37
shaanxi_guanzhong,2022-04-11,27.9,10.2,13.5,4.11,13.5,38.9,56
shaanxi_guanzhong,2022-04-12,18.4,10.3,0.7,3.0,14.78,18.8,58
shaanxi_guanzhong,2022-04-13,20.8,6.7,0.0,4.03,20.17,15.1,52
shaanxi_guanzhong,2022-04-14,15.7,10.5,6.1,1.34,4.4,11.2,67
shaanxi_guanzhong,2022-04-15,11.2,6.9,4.2,1.23,5.42,19.5,71
shaanxi_guanzhong,2022-04-16,14.5,4.1,0.3,2.29,14.68,13.8,70
shaanxi_guanzhong,2022-04-17,19.0,5.6,0.0,2.52,11.33,16.0,60
shaanxi_guanzhong,2022-04-18,21.0,9.3,0.0,4.57,19.8,19.7,38
shaanxi_guanzhong,2022-04-19,20.9,7.3,0.0,3.34,17.39,9.0,51
shaanxi_guanzhong,2022-04-20,25.2,9.1,0.0,4.63,22.23,12.7,50
shaanxi_guanzhong,2022-04-21,29.1,10.0,0.0,4.63,20.71,12.2,49
shaanxi_guanzhong,2022-04-22,23.3,14.4,0.0,2.49,9.33,8.7,46
shaanxi_guanzhong,2022-04-23,28.0,10.5,0.0,4.8,21.56,9.8,42
shaanxi_guanzhong,2022-04-24,19.7,15.8,16.6,1.58,4.4,20.9,72
shaanxi_guanzhong,2022-04-25,26.3,11.8,0.0,4.34,21.7,11.4,61
shaanxi_guanzhong,2022-04-26,27.0,13.2,0.0,3.28,14.03,11.9,57
shaanxi_guanzhong,2022-04-27,26.1,10.2,15.4,4.24,16.62,26.3,62
shaanxi_guanzhong,2022-04-28,19.0,8.8,8.3,3.55,18.66,24.9,66
shaanxi_guanzhong,2022-04-29,19.3,8.4,1.1,2.78,14.43,21.6,72
shaanxi_guanzhong,2022-04-30,17.9,11.3,1.3,3.06,11.15,22.4,57
shaanxi_guanzhong,2022-05-01,21.8,9.1,0.0,5.33,23.03,14.8,30
shaanxi_guanzhong,2022-05-02,24.6,10.7,0.0,5.53,23.46,15.2,34
shaanxi_guanzhong,2022-05-03,27.1,10.5,0.0,5.44,23.54,11.6,40
shaanxi_guanzhong,2022-05-04,28.2,10.7,0.0,5.22,23.22,15.5,48
shaanxi_guanzhong,2022-05-05,31.1,13.8,0.0,5.52,23.11,15.1,49
shaanxi_guanzhong,2022-05-06,31.9,16.7,0.0,5.75,22.83,15.1,47
shaanxi_guanzhong,2022-05-07,30.1,18.3,0.0,6.96,21.47,33.5,49
shaanxi_guanzhong,2022-05-08,25.3,15.1,2.3,4.24,17.85,22.7,58
shaanxi_guanzhong,2022-05-09,18.1,13.0,13.8,2.12,11.08,14.9,81
shaanxi_guanzhong,2022-05-10,23.3,11.4,0.0,3.98,21.55,9.1,69
shaanxi_guanzhong,2022-05-11,26.7,15.4,0.0,4.43,20.56,17.6,67
shaanxi_guanzhong,2022-05-12,24.0,13.8,7.8,4.32,20.78,18.0,66
shaanxi_guanzhong,2022-05-13,18.7,13.6,3.5,2.22,10.35,10.0,69
shaanxi_guanzhong,2022-05-14,16.2,9.3,14.5,2.46,14.3,13.4,73
shaanxi_guanzhong,2022-05-15,21.8,8.1,0.0,3.79,20.34,7.6,57
shaanxi_guanzhong,2022-05-16,25.0,11.8,0.1,5.07,23.95,15.4,49
shaanxi_guanzhong,2022-05-17,26.7,10.8,0.0,5.08,23.81,11.1,49
shaanxi_guanzhong,2022-05-18,26.0,13.6,0.0,3.95,17.7,12.7,55
shaanxi_guanzhong,2022-05-19,27.4,14.4,0.0,4.7,22.08,9.7,60
shaanxi_guanzhong,2022-05-20,28.1,16.3,0.0,5.06,21.99,12.0,53
shaanxi_guanzhong,2022-05-21,26.1,17.3,0.0,3.66,14.82,11.4,53
shaanxi_guanzhong,2022-05-22,29.5,16.2,0.0,5.51,22.67,16.1,54
shaanxi_guanzhong,2022-05-23,31.0,16.4,0.0,5.59,23.45,14.9,50
shaanxi_guanzhong,2022-05-24,31.9,18.7,0.0,5.67,21.4,13.4,47
shaanxi_guanzhong,2022-05-25,25.5,19.1,10.5,1.51,6.1,7.7,77
shaanxi_guanzhong,2022-05-26,25.9,16.2,0.2,3.76,18.67,9.2,70
shaanxi_guanzhong,2022-05-27,25.1,18.0,0.0,2.2,9.33,6.0,69
shaanxi_guanzhong,2022-05-28,30.9,15.8,0.0,5.32,24.63,9.7,57
shaanxi_guanzhong,2022-05-29,31.3,19.0,0.0,5.68,17.5,28.3,47
shaanxi_guanzhong,2022-05-30,29.6,17.8,0.0,5.74,23.94,11.8,41
shaanxi_guanzhong,2022-05-31,24.0,17.8,0.3,2.57,7.36,10.8,51
shaanxi_guanzhong,2022-06-01,32.1,15.0,0.0,5.59,24.54,11.5,62
shaanxi_guanzhong,2022-06-02,33.1,19.4,0.0,5.51,23.0,10.8,52
shaanxi_guanzhong,2022-06-03,34.0,19.5,3.0,5.75,22.69,29.1,56
shaanxi_guanzhong,2022-06-04,22.7,16.6,5.0,2.44,7.31,27.6,74
shaanxi_guanzhong,2022-06-05,31.1,15.4,0.0,5.55,23.93,12.6,52
shaanxi_guanzhong,2022-06-06,32.7,17.9,0.0,5.49,23.94,8.3,47
shaanxi_guanzhong,2022-06-07,31.4,18.5,0.0,4.8,20.51,9.7,50
shaanxi_guanzhong,2022-06-08,33.2,19.8,0.1,5.24,21.93,11.8,53
shaanxi_guanzhong,2022-06-09,29.3,20.1,4.9,2.97,12.25,15.7,67
shaanxi_guanzhong,2022-06-10,30.4,17.6,0.0,4.94,22.91,9.9,66
shaanxi_guanzhong,2022-06-11,32.1,19.5,2.4,4.74,19.24,13.6,62
shaanxi_guanzhong,2022-06-12,28.6,19.6,13.9,4.54,21.97,10.8,72
shaanxi_guanzhong,2022-06-13,34.1,17.7,0.0,6.12,25.59,13.4,47
shaanxi_guanzhong,2022-06-14,33.5,18.1,0.0,6.5,25.92,15.0,34
shaanxi_guanzhong,2022-06-15,36.2,18.7,0.0,6.41,25.73,10.5,36
shaanxi_guanzhong,2022-06-16,36.9,19.5,0.0,6.55,25.78,17.9,38
shaanxi_guanzhong,2022-06-17,36.1,20.1,0.0,6.68,24.03,15.3,39
shaanxi_guanzhong,2022-06-18,35.6,23.2,0.0,6.79,22.94,14.9,37
shaanxi_guanzhong,2022-06-19,35.3,24.6,0.3,6.61,22.32,21.1,51
shaanxi_guanzhong,2022-06-20,35.2,23.6,0.0,6.22,20.92,19.2,52
shaanxi_guanzhong,2022-06-21,36.4,25.6,0.0,6.3,21.47,14.1,47
shaanxi_guanzhong,2022-06-22,32.5,23.7,8.9,4.6,18.41,28.8,67
shaanxi_guanzhong,2022-06-23,36.2,23.9,0.0,6.78,25.05,14.9,45
shaanxi_guanzhong,2022-06-24,39.0,22.0,0.0,7.38,25.8,18.7,37
shaanxi_guanzhong,2022-06-25,38.2,24.0,0.0,6.75,23.67,13.7,38
shaanxi_guanzhong,2022-06-26,34.2,20.5,5.5,4.96,14.35,28.9,60
shaanxi_guanzhong,2022-06-27,35.7,20.1,0.0,6.17,23.25,16.2,51
shaanxi_guanzhong,2022-06-28,36.1,22.0,0.0,6.83,24.22,14.0,37
shaanxi_guanzhong,2022-06-29,37.4,21.8,0.0,6.72,24.84,17.5,35
shaanxi_guanzhong,2022-06-30,36.2,22.4,0.0,6.28,23.99,14.0,41
shaanxi_guanzhong,2022-07-01,37.2,23.3,0.0,6.97,23.5,17.8,45
shaanxi_guanzhong,2022-07-02,32.3,24.8,0.4,4.73,15.2,14.4,56
shaanxi_guanzhong,2022-07-03,37.2,22.5,0.0,6.73,25.29,17.4,49
shaanxi_guanzhong,2022-07-04,37.4,24.7,0.0,7.46,24.82,17.1,46
shaanxi_guanzhong,2022-07-05,33.2,22.6,3.4,4.62,17.59,14.1,58
shaanxi_guanzhong,2022-07-06,37.0,22.7,0.0,7.06,25.75,15.2,47
shaanxi_guanzhong,2022-07-07,39.1,24.2,0.0,8.3,25.62,26.4,32
shaanxi_guanzhong,2022-07-08,40.5,25.1,0.0,7.46,25.55,15.6,37
shaanxi_guanzhong,2022-07-09,39.7,26.6,0.0,7.62,24.26,19.7,38
shaanxi_guanzhong,2022-07-10,39.7,28.5,1.9,7.01,22.22,22.4,47
shaanxi_guanzhong,2022-07-11,35.8,25.8,7.3,5.18,16.29,22.6,65
shaanxi_guanzhong,2022-07-12,28.0,23.8,9.3,2.09,9.08,11.3,87
shaanxi_guanzhong,2022-07-13,28.3,23.5,6.0,2.4,10.64,11.6,87
shaanxi_guanzhong,2022-07-14,33.5,22.9,19.0,3.97,16.64,15.1,80
shaanxi_guanzhong,2022-07-15,33.3,24.5,19.5,3.51,14.88,14.0,82
shaanxi_guanzhong,2022-07-16,28.1,20.9,30.6,3.38,10.85,28.2,74
shaanxi_guanzhong,2022-07-17,32.3,23.1,0.0,5.48,19.81,17.2,55
shaanxi_guanzhong,2022-07-18,30.8,22.1,2.2,4.65,19.03,11.2,63
shaanxi_guanzhong,2022-07-19,21.8,17.2,24.8,1.36,6.52,12.1,89
shaanxi_guanzhong,2022-07-20,27.8,15.4,0.0,4.95,25.2,10.2,77
shaanxi_guanzhong,2022-07-21,30.0,18.9,0.2,4.95,24.16,13.8,75
shaanxi_guanzhong,2022-07-22,25.3,17.4,16.2,2.8,11.51,30.6,78
shaanxi_guanzhong,2022-07-23,28.5,15.9,0.0,5.03,25.5,10.1,78
shaanxi_guanzhong,2022-07-24,30.8,17.7,0.0,5.13,24.98,9.0,76
shaanxi_guanzhong,2022-07-25,33.0,22.1,1.3,4.95,22.61,27.9,76
shaanxi_guanzhong,2022-07-26,32.8,22.8,30.0,4.48,19.32,23.3,76
shaanxi_guanzhong,2022-07-27,29.7,22.3,4.0,3.69,16.83,18.0,78
shaanxi_guanzhong,2022-07-28,31.2,18.5,0.0,5.38,25.23,12.7,74
shaanxi_guanzhong,2022-07-29,31.4,20.2,0.0,5.32,24.35,13.7,70
shaanxi_guanzhong,2022-07-30,32.0,22.3,0.0,5.61,23.75,18.1,68
shaanxi_guanzhong,2022-07-31,32.8,22.4,0.0,5.8,23.39,19.1,66
shaanxi_guanzhong,2022-08-01,34.1,24.1,0.0,6.31,22.97,17.4,62
shaanxi_guanzhong,2022-08-02,35.4,24.7,0.0,6.53,23.45,18.5,60
shaanxi_guanzhong,2022-08-03,36.1,24.8,0.1,6.12,22.87,15.3,62
shaanxi_guanzhong,2022-08-04,35.9,24.8,2.3,5.28,21.83,11.1,66
shaanxi_guanzhong,2022-08-05,37.4,26.1,0.1,5.86,22.5,14.9,61
shaanxi_guanzhong,2022-08-06,39.0,26.5,0.0,6.42,22.98,14.1,56
shaanxi_guanzhong,2022-08-07,39.4,27.9,0.1,5.77,22.59,11.0,53
shaanxi_guanzhong,2022-08-08,39.7,28.7,0.0,6.32,21.74,25.0,55
shaanxi_guanzhong,2022-08-09,36.7,27.8,2.5,5.57,18.77,22.5,65
shaanxi_guanzhong,2022-08-10,37.0,25.6,0.0,6.61,22.73,21.3,60
shaanxi_guanzhong,2022-08-11,37.3,25.8,0.0,6.16,22.52,16.3,59
shaanxi_guanzhong,2022-08-12,38.9,26.8,0.0,6.53,22.38,14.8,54
shaanxi_guanzhong,2022-08-13,39.9,27.7,0.1,7.31,22.54,24.5,49
shaanxi_guanzhong,2022-08-14,39.1,27.4,0.7,5.92,21.51,10.2,49
shaanxi_guanzhong,2022-08-15,36.8,27.8,0.0,6.6,19.34,18.4,39
shaanxi_guanzhong,2022-08-16,34.0,25.8,0.1,5.98,21.17,20.6,55
shaanxi_guanzhong,2022-08-17,37.2,24.3,0.0,6.46,20.91,23.8,56
shaanxi_guanzhong,2022-08-18,38.8,26.8,5.8,6.0,19.31,22.2,61
shaanxi_guanzhong,2022-08-19,33.5,22.4,4.0,4.84,18.73,20.3,62
shaanxi_guanzhong,2022-08-20,35.4,23.6,0.1,6.19,21.91,27.2,61
shaanxi_guanzhong,2022-08-21,39.5,25.5,0.0,7.14,21.05,28.2,55
shaanxi_guanzhong,2022-08-22,36.5,27.6,1.1,5.72,19.31,17.2,55
shaanxi_guanzhong,2022-08-23,32.0,25.1,0.1,5.92,18.41,23.9,54
shaanxi_guanzhong,2022-08-24,31.6,21.7,1.3,3.91,15.92,14.0,63
shaanxi_guanzhong,2022-08-25,22.8,19.6,21.1,0.9,3.87,9.5,90
shaanxi_guanzhong,2022-08-26,25.3,18.7,3.4,2.11,9.67,12.6,86
shaanxi_guanzhong,2022-08-27,20.8,15.5,15.6,1.46,6.87,24.8,89
shaanxi_guanzhong,2022-08-28,16.0,13.4,33.0,0.66,2.75,9.0,93
shaanxi_guanzhong,2022-08-29,18.9,16.0,16.2,0.91,4.17,11.7,92
shaanxi_guanzhong,2022-08-30,21.7,16.2,0.8,1.71,8.33,11.6,84
shaanxi_guanzhong,2022-08-31,27.6,15.0,0.0,3.74,18.98,8.4,69
shaanxi_guanzhong,2022-09-01,27.2,16.4,0.0,4.27,21.31,13.0,73
shaanxi_guanzhong,2022-09-02,26.9,19.0,0.0,4.27,20.92,12.4,72
shaanxi_guanzhong,2022-09-03,20.9,16.9,5.5,1.33,6.37,12.1,86
shaanxi_guanzhong,2022-09-04,27.3,15.8,0.0,3.5,15.99,10.1,72
shaanxi_guanzhong,2022-09-05,29.7,16.3,0.0,5.16,21.83,12.6,53
shaanxi_guanzhong,2022-09-06,29.4,16.4,0.0,5.02,21.84,12.5,55
shaanxi_guanzhong,2022-09-07,26.4,18.0,0.0,3.51,16.65,9.7,62
shaanxi_guanzhong,2022-09-08,24.7,18.4,2.2,2.2,10.85,8.1,81
shaanxi_guanzhong,2022-09-09,27.5,16.7,0.6,3.92,19.47,15.2,77
shaanxi_guanzhong,2022-09-10,25.4,17.2,0.3,2.76,13.66,10.5,78
shaanxi_guanzhong,2022-09-11,25.8,17.1,0.0,2.71,13.04,10.6,76
shaanxi_guanzhong,2022-09-12,26.6,16.8,1.2,3.42,16.95,11.0,74
shaanxi_guanzhong,2022-09-13,28.3,17.5,0.0,4.51,19.03,18.0,64
shaanxi_guanzhong,2022-09-14,23.4,19.2,0.0,2.08,5.37,17.2,69
shaanxi_guanzhong,2022-09-15,25.8,17.8,0.4,2.5,11.71,9.4,76
shaanxi_guanzhong,2022-09-16,26.6,17.1,1.3,2.65,12.19,8.6,71
shaanxi_guanzhong,2022-09-17,23.8,19.2,2.5,1.3,6.02,8.8,87
shaanxi_guanzhong,2022-09-18,25.2,18.5,4.9,1.59,6.91,8.6,87
shaanxi_guanzhong,2022-09-19,20.5,18.0,23.5,0.75,3.12,15.6,94
shaanxi_guanzhong,2022-09-20,18.1,16.1,13.6,0.8,3.09,9.3,88
shaanxi_guanzhong,2022-09-21,22.4,12.9,0.2,2.65,14.99,5.2,83
shaanxi_guanzhong,2022-09-22,26.8,13.2,0.0,4.16,18.67,15.2,64
shaanxi_guanzhong,2022-09-23,20.1,13.4,0.0,2.83,11.49,12.6,51
shaanxi_guanzhong,2022-09-24,16.8,12.6,0.0,1.04,5.01,5.3,73
shaanxi_guanzhong,2022-09-25,23.3,10.2,0.0,3.39,19.07,8.6,76
shaanxi_guanzhong,2022-09-26,24.6,12.9,0.0,3.38,18.08,9.5,76
shaanxi_guanzhong,2022-09-27,23.9,16.0,0.3,2.64,12.66,10.1,67
shaanxi_guanzhong,2022-09-28,25.7,12.6,0.0,3.52,18.77,7.2,73
shaanxi_guanzhong,2022-09-29,26.1,14.7,0.0,3.45,18.45,6.5,72
shaanxi_guanzhong,2022-09-30,27.3,15.6,0.0,3.5,15.77,12.8,67
shaanxi_guanzhong,2022-10-01,22.2,18.1,12.4,1.44,7.34,7.1,88
shaanxi_guanzhong,2022-10-02,24.4,17.9,2.3,1.87,9.53,18.4,91
shaanxi_guanzhong,2022-10-03,18.4,14.3,6.6,1.8,3.88,27.4,74
shaanxi_guanzhong,2022-10-04,16.3,10.1,22.4,0.65,2.79,14.9,88
shaanxi_guanzhong,2022-10-05,9.8,7.0,10.3,0.6,2.63,14.8,86
shaanxi_guanzhong,2022-10-06,10.7,6.1,3.1,0.75,4.41,6.6,87
shaanxi_guanzhong,2022-10-07,13.3,6.0,0.0,0.95,5.95,7.5,92
shaanxi_guanzhong,2022-10-08,14.5,7.6,1.5,1.15,5.53,18.6,85
shaanxi_guanzhong,2022-10-09,14.0,7.6,0.0,3.37,14.73,24.8,40
shaanxi_guanzhong,2022-10-10,14.2,3.6,0.0,2.35,15.85,8.5,64
shaanxi_guanzhong,2022-10-11,15.7,3.5,0.0,2.57,17.31,8.9,69
shaanxi_guanzhong,2022-10-12,16.7,8.7,0.0,1.94,11.24,6.9,69
shaanxi_guanzhong,2022-10-13,13.8,11.0,2.1,0.78,3.88,6.7,85
shaanxi_guanzhong,2022-10-14,20.7,10.4,0.1,2.55,13.64,8.3,72
shaanxi_guanzhong,2022-10-15,20.8,13.4,0.0,2.15,9.98,10.7,60
shaanxi_guanzhong,2022-10-16,22.3,11.6,0.0,3.76,16.06,14.4,47
shaanxi_guanzhong,2022-10-17,19.0,9.8,0.0,3.07,15.98,14.3,59
shaanxi_guanzhong,2022-10-18,17.8,8.9,0.0,2.66,15.93,9.1,63
shaanxi_guanzhong,2022-10-19,20.7,7.6,0.0,2.86,15.01,20.3,71
shaanxi_guanzhong,2022-10-20,20.3,10.2,0.0,2.88,15.25,17.1,65
shaanxi_guanzhong,2022-10-21,21.6,9.9,0.0,2.63,15.06,8.6,71
shaanxi_guanzhong,2022-10-22,21.2,10.2,0.0,2.58,14.19,10.5,71
shaanxi_guanzhong,2022-10-23,20.3,9.8,0.5,2.42,13.5,12.0,70
shaanxi_guanzhong,2022-10-24,17.6,11.8,0.0,1.27,5.55,10.3,67
shaanxi_guanzhong,2022-10-25,18.5,11.0,2.7,1.46,8.31,6.5,82
shaanxi_guanzhong,2022-10-26,17.1,12.2,5.5,1.22,6.69,11.3,86
shaanxi_guanzhong,2022-10-27,14.3,11.3,0.4,0.72,2.42,12.3,84
shaanxi_guanzhong,2022-10-28,13.1,10.8,2.8,0.94,3.31,18.3,80
shaanxi_guanzhong,2022-10-29,13.7,10.2,2.6,0.74,3.74,9.9,87
shaanxi_guanzhong,2022-10-30,17.2,7.4,0.1,1.57,9.85,8.8,85
shaanxi_guanzhong,2022-10-31,19.1,8.6,0.0,2.26,13.75,12.0,80
shaanxi_guanzhong,2022-11-01,19.2,7.4,0.0,2.07,12.92,9.0,79
shaanxi_guanzhong,2022-11-02,16.7,8.6,0.0,1.65,8.12,17.7,77
shaanxi_guanzhong,2022-11-03,16.2,9.8,0.0,1.84,5.02,15.7,54
shaanxi_guanzhong,2022-11-04,15.2,8.7,0.4,1.59,9.36,12.0,72
shaanxi_guanzhong,2022-11-05,15.0,8.1,0.0,1.42,9.08,11.4,83
shaanxi_guanzhong,2022-11-06,18.3,6.2,0.0,1.99,12.75,9.8,81
shaanxi_guanzhong,2022-11-07,16.0,7.2,1.7,1.57,8.59,12.0,72
shaanxi_guanzhong,2022-11-08,13.6,9.4,2.9,0.75,4.15,8.9,87
shaanxi_guanzhong,2022-11-09,14.8,9.1,0.1,0.84,4.88,6.1,92
shaanxi_guanzhong,2022-11-10,15.5,8.6,0.2,0.79,4.58,7.4,92
shaanxi_guanzhong,2022-11-11,14.1,7.2,13.1,0.62,2.2,29.2,91
shaanxi_guanzhong,2022-11-12,12.8,6.7,0.8,2.09,9.78,20.4,60
shaanxi_guanzhong,2022-11-13,11.1,6.9,0.0,1.37,7.19,10.2,63
shaanxi_guanzhong,2022-11-14,14.1,2.9,0.0,1.69,11.64,8.7,72
shaanxi_guanzhong,2022-11-15,14.0,1.7,0.0,1.66,11.88,7.3,79
shaanxi_guanzhong,2022-11-16,14.3,3.8,0.5,1.56,10.39,10.2,78
shaanxi_guanzhong,2022-11-17,13.1,3.2,0.5,1.46,10.79,9.4,82
shaanxi_guanzhong,2022-11-18,13.5,5.2,0.4,1.02,4.65,10.5,71
shaanxi_guanzhong,2022-11-19,14.3,1.1,0.0,1.65,11.85,8.0,74
shaanxi_guanzhong,2022-11-20,13.9,3.6,0.7,1.51,10.95,9.2,81
shaanxi_guanzhong,2022-11-21,11.1,7.0,6.4,0.81,2.17,14.1,78
shaanxi_guanzhong,2022-11-22,12.7,3.3,0.0,1.54,11.15,10.9,78
shaanxi_guanzhong,2022-11-23,7.9,1.8,3.8,0.43,2.93,8.0,95
shaanxi_guanzhong,2022-11-24,10.4,2.3,0.0,0.98,7.86,8.7,92
shaanxi_guanzhong,2022-11-25,13.6,2.5,0.0,1.56,11.53,12.6,82
shaanxi_guanzhong,2022-11-26,10.2,2.4,0.0,0.99,7.68,10.1,88
shaanxi_guanzhong,2022-11-27,10.9,3.8,0.0,1.02,7.55,9.2,88
shaanxi_guanzhong,2022-11-28,10.0,3.5,0.0,1.71,4.75,20.8,54
shaanxi_guanzhong,2022-11-29,3.3,-2.2,1.1,0.71,2.07,13.9,57
shaanxi_guanzhong,2022-11-30,-2.3,-5.7,0.9,0.73,2.8,12.9,51
shaanxi_guanzhong,2022-12-01,1.4,-6.6,0.0,0.85,8.03,7.6,60
shaanxi_guanzhong,2022-12-02,2.0,-6.6,0.0,1.06,10.99,8.4,68
shaanxi_guanzhong,2022-12-03,7.0,-3.0,0.0,1.28,10.67,9.3,65
shaanxi_guanzhong,2022-12-04,5.8,-1.7,0.0,1.2,9.26,10.1,58
shaanxi_guanzhong,2022-12-05,6.5,-4.7,0.0,1.21,10.68,7.3,68
shaanxi_guanzhong,2022-12-06,7.0,-2.9,0.1,1.2,10.54,6.0,72
shaanxi_guanzhong,2022-12-07,6.8,-3.4,0.0,1.11,10.03,7.4,78
shaanxi_guanzhong,2022-12-08,9.5,-1.2,0.0,1.5,10.27,12.1,62
shaanxi_guanzhong,2022-12-09,8.7,-1.8,0.0,1.22,10.33,15.3,78
shaanxi_guanzhong,2022-12-10,6.2,0.8,0.1,1.89,10.51,14.9,46
shaanxi_guanzhong,2022-12-11,1.7,-3.5,0.0,1.2,4.64,19.7,43
shaanxi_guanzhong,2022-12-12,6.8,-3.1,0.0,1.73,10.85,20.7,45
shaanxi_guanzhong,2022-12-13,7.6,-3.1,0.0,1.65,10.08,12.4,44
shaanxi_guanzhong,2022-12-14,5.9,-4.5,0.0,1.19,10.34,8.5,62
shaanxi_guanzhong,2022-12-15,7.4,-2.0,0.0,1.32,7.94,14.6,60
shaanxi_guanzhong,2022-12-16,4.5,-2.6,0.0,1.54,7.17,17.2,39
shaanxi_guanzhong,2022-12-17,1.3,-7.4,0.0,1.47,10.9,16.2,29
shaanxi_guanzhong,2022-12-18,6.7,-6.2,0.0,1.57,10.94,9.5,36
shaanxi_guanzhong,2022-12-19,5.8,-5.9,0.0,1.51,10.48,13.6,41
shaanxi_guanzhong,2022-12-20,8.4,0.4,0.0,2.18,9.88,16.2,37
shaanxi_guanzhong,2022-12-21,13.8,-2.0,0.0,2.56,10.58,21.1,39
shaanxi_guanzhong,2022-12-22,6.6,-3.1,0.0,1.46,10.49,13.2,50
shaanxi_guanzhong,2022-12-23,8.4,-5.0,0.0,1.32,10.48,8.7,62
shaanxi_guanzhong,2022-12-24,6.2,-3.8,0.0,1.28,10.39,10.5,59
shaanxi_guanzhong,2022-12-25,1.8,-2.8,4.0,0.79,2.8,22.3,71
shaanxi_guanzhong,2022-12-26,4.9,-5.5,0.0,1.1,10.52,8.5,73
shaanxi_guanzhong,2022-12-27,5.3,-2.7,0.0,1.5,9.23,15.1,50
shaanxi_guanzhong,2022-12-28,2.2,-5.9,0.0,1.22,10.54,10.8,50
shaanxi_guanzhong,2022-12-29,3.1,-5.3,0.0,1.12,9.93,9.9,59
shaanxi_guanzhong,2022-12-30,4.3,-6.5,0.0,1.19,10.51,7.2,50
shaanxi_guanzhong,2022-12-31,7.0,-5.2,0.0,1.2,9.37,9.7,60
shaanxi_guanzhong,2023-01-01,3.9,-3.1,0.0,0.59,4.26,8.7,71
shaanxi_guanzhong,2023-01-02,7.3,-2.4,0.0,1.16,9.85,7.7,70
shaanxi_guanzhong,2023-01-03,7.2,-4.8,0.0,1.19,10.45,5.4,69
shaanxi_guanzhong,2023-01-04,7.0,-2.9,0.0,1.01,8.27,9.5,78
shaanxi_guanzhong,2023-01-05,8.0,-1.9,0.0,1.24,9.96,20.3,80
shaanxi_guanzhong,2023-01-06,13.2,-3.1,0.0,2.02,10.95,16.6,47
shaanxi_guanzhong,2023-01-07,13.0,-2.6,0.0,1.57,10.99,9.0,66
shaanxi_guanzhong,2023-01-08,11.0,-2.0,0.0,1.53,11.01,10.1,67
shaanxi_guanzhong,2023-01-09,8.8,-3.5,0.0,1.38,10.69,10.1,70
shaanxi_guanzhong,2023-01-10,7.8,-2.5,0.0,1.3,10.43,10.9,65
shaanxi_guanzhong,2023-01-11,5.3,-0.6,0.0,0.77,6.11,5.9,75
shaanxi_guanzhong,2023-01-12,9.1,-2.4,0.0,1.24,10.79,10.2,83
shaanxi_guanzhong,2023-01-13,5.0,-2.2,0.9,1.45,1.88,25.6,54
shaanxi_guanzhong,2023-01-14,-0.5,-4.1,1.5,1.24,4.12,22.0,47
shaanxi_guanzhong,2023-01-15,0.7,-5.2,0.0,1.37,7.61,14.1,39
shaanxi_guanzhong,2023-01-16,1.9,-6.7,0.0,1.51,9.44,14.8,29
shaanxi_guanzhong,2023-01-17,4.0,-4.0,0.0,1.88,11.19,12.8,28
shaanxi_guanzhong,2023-01-18,6.1,-6.3,0.0,1.59,11.81,9.2,33
shaanxi_guanzhong,2023-01-19,7.9,-2.5,0.0,2.1,12.07,13.9,30
shaanxi_guanzhong,2023-01-20,3.5,-3.9,0.0,1.31,8.11,13.3,40
shaanxi_guanzhong,2023-01-21,2.7,-4.8,0.0,0.78,5.21,8.4,56
shaanxi_guanzhong,2023-01-22,7.1,-3.4,0.0,1.56,11.02,11.2,54
shaanxi_guanzhong,2023-01-23,3.7,-4.9,0.0,2.02,10.11,19.7,28
shaanxi_guanzhong,2023-01-24,-1.6,-8.1,0.0,1.61,12.64,17.7,23
shaanxi_guanzhong,2023-01-25,0.8,-9.6,0.0,1.22,10.69,10.3,30
shaanxi_guanzhong,2023-01-26,7.0,-3.1,0.0,2.38,11.31,16.4,21
shaanxi_guanzhong,2023-01-27,2.8,-3.8,0.0,1.99,13.01,15.6,25
shaanxi_guanzhong,2023-01-28,5.8,-6.6,0.0,1.7,12.91,9.1,30
shaanxi_guanzhong,2023-01-29,9.3,-5.9,0.0,2.02,13.28,10.3,27
shaanxi_guanzhong,2023-01-30,9.2,-5.0,0.0,1.85,13.16,8.4,28
shaanxi_guanzhong,2023-01-31,11.9,-3.5,0.0,2.16,12.78,12.1,37
shaanxi_guanzhong,2023-02-01,8.0,-1.2,0.0,2.21,11.65,15.1,35
shaanxi_guanzhong,2023-02-02,6.6,-2.1,0.0,1.73,10.32,13.9,38
shaanxi_guanzhong,2023-02-03,8.8,-3.6,0.0,1.76,13.24,10.1,52
shaanxi_guanzhong,2023-02-04,9.2,-2.1,0.0,1.96,13.64,12.6,49
shaanxi_guanzhong,2023-02-05,10.6,-1.5,0.0,1.89,13.1,9.5,53
shaanxi_guanzhong,2023-02-06,12.3,0.1,0.0,2.14,13.36,10.9,52
shaanxi_guanzhong,2023-02-07,9.6,0.4,0.0,1.48,9.4,9.0,58
shaanxi_guanzhong,2023-02-08,5.2,2.1,3.3,0.41,2.08,14.8,83
shaanxi_guanzhong,2023-02-09,9.0,0.6,0.0,1.66,13.35,10.1,79
shaanxi_guanzhong,2023-02-10,4.9,-2.0,0.1,0.84,7.26,11.5,86
shaanxi_guanzhong,2023-02-11,2.0,-2.5,1.2,0.41,2.73,13.1,90
shaanxi_guanzhong,2023-02-12,6.6,1.4,2.1,0.63,2.65,13.3,82
shaanxi_guanzhong,2023-02-13,3.2,0.9,10.3,0.33,2.26,16.9,97
shaanxi_guanzhong,2023-02-14,7.8,-2.4,0.0,1.78,14.62,16.2,68
shaanxi_guanzhong,2023-02-15,8.0,-3.0,0.0,1.48,12.47,10.4,77
shaanxi_guanzhong,2023-02-16,10.9,-2.5,0.0,1.81,13.86,9.9,78
shaanxi_guanzhong,2023-02-17,11.9,-0.5,0.1,1.69,12.47,11.5,77
shaanxi_guanzhong,2023-02-18,12.3,2.6,0.0,2.7,12.0,23.8,46
shaanxi_guanzhong,2023-02-19,8.7,-2.2,0.0,2.13,13.5,13.5,42
shaanxi_guanzhong,2023-02-20,5.3,-2.5,0.0,0.91,5.59,9.7,61
shaanxi_guanzhong,2023-02-21,9.5,1.8,0.8,1.19,7.52,11.2,74
shaanxi_guanzhong,2023-02-22,8.5,2.2,2.4,1.12,8.28,8.7,83
shaanxi_guanzhong,2023-02-23,11.0,-1.2,0.0,1.58,11.1,10.8,75
shaanxi_guanzhong,2023-02-24,16.3,0.7,0.0,2.59,15.43,13.8,60
shaanxi_guanzhong,2023-02-25,12.8,1.8,0.0,2.42,15.19,18.4,64
shaanxi_guanzhong,2023-02-26,14.1,2.3,0.0,2.45,15.57,17.6,66
shaanxi_guanzhong,2023-02-27,12.7,1.8,0.0,2.24,15.53,9.7,70
shaanxi_guanzhong,2023-02-28,14.5,7.5,0.1,2.65,8.64,19.4,46
shaanxi_guanzhong,2023-03-01,13.3,5.3,0.0,2.99,14.13,16.5,34
shaanxi_guanzhong,2023-03-02,12.6,0.6,0.0,2.05,11.46,9.5,47
shaanxi_guanzhong,2023-03-03,18.5,3.3,0.0,3.38,17.33,11.4,39
shaanxi_guanzhong,2023-03-04,18.3,3.1,0.0,3.36,17.57,11.8,39
shaanxi_guanzhong,2023-03-05,20.2,3.7,0.0,3.21,17.59,8.6,45
shaanxi_guanzhong,2023-03-06,23.6,6.4,0.0,3.78,16.88,11.8,41
shaanxi_guanzhong,2023-03-07,21.9,5.2,0.0,3.3,15.1,10.2,41
shaanxi_guanzhong,2023-03-08,24.9,9.1,0.0,4.65,17.96,13.6,24
shaanxi_guanzhong,2023-03-09,25.2,6.0,0.0,4.46,18.12,13.1,22
shaanxi_guanzhong,2023-03-10,26.4,10.3,0.0,4.35,16.99,14.3,32
shaanxi_guanzhong,2023-03-11,16.8,9.3,0.4,3.98,10.75,21.4,30
shaanxi_guanzhong,2023-03-12,12.6,3.3,0.0,3.7,19.57,18.5,18
shaanxi_guanzhong,2023-03-13,19.9,-0.7,0.0,3.66,19.26,14.7,25
shaanxi_guanzhong,2023-03-14,25.7,7.6,0.0,5.74,19.33,32.9,28
shaanxi_guanzhong,2023-03-15,16.1,9.0,0.0,4.23,16.82,18.1,17
shaanxi_guanzhong,2023-03-16,11.0,2.0,13.9,1.03,5.88,14.5,78
shaanxi_guanzhong,2023-03-17,11.9,2.7,0.0,2.22,15.03,10.5,63
shaanxi_guanzhong,2023-03-18,14.7,4.4,0.0,2.47,16.48,9.7,67
shaanxi_guanzhong,2023-03-19,17.0,3.8,0.0,2.86,18.37,9.0,67
shaanxi_guanzhong,2023-03-20,15.6,5.3,0.0,1.99,12.03,9.2,72
shaanxi_guanzhong,2023-03-21,19.6,5.0,0.1,3.62,18.6,27.6,65
shaanxi_guanzhong,2023-03-22,15.4,9.1,1.3,2.31,7.87,16.2,49
shaanxi_guanzhong,2023-03-23,8.8,5.8,15.3,0.55,2.55,12.0,87
shaanxi_guanzhong,2023-03-24,11.9,4.2,0.1,1.65,10.16,11.3,72
shaanxi_guanzhong,2023-03-25,17.5,3.9,0.1,3.22,19.12,14.8,63
shaanxi_guanzhong,2023-03-26,17.0,6.7,0.0,2.62,15.48,9.1,65
shaanxi_guanzhong,2023-03-27,20.0,6.2,0.0,3.57,19.63,11.8,61
shaanxi_guanzhong,2023-03-28,21.1,7.2,0.0,3.69,19.36,10.0,50
shaanxi_guanzhong,2023-03-29,21.6,8.0,0.0,3.77,19.09,10.4,49
shaanxi_guanzhong,2023-03-30,20.6,8.9,0.0,3.23,15.22,10.8,46
shaanxi_guanzhong,2023-03-31,22.9,9.2,0.7,4.06,19.01,13.2,46
shaanxi_guanzhong,2023-04-01,25.0,9.8,0.0,4.57,18.43,20.4,53
shaanxi_guanzhong,2023-04-02,19.5,9.1,28.4,2.07,5.98,26.8,75
shaanxi_guanzhong,2023-04-03,9.0,5.6,26.3,0.64,1.74,27.8,87
shaanxi_guanzhong,2023-04-04,13.0,6.7,0.1,1.81,10.29,16.8,72
shaanxi_guanzhong,2023-04-05,15.1,7.4,2.3,2.46,10.62,20.1,64
shaanxi_guanzhong,2023-04-06,14.9,4.4,0.1,3.83,21.32,17.7,47
shaanxi_guanzhong,2023-04-07,16.5,3.4,0.0,3.11,18.9,10.1,57
shaanxi_guanzhong,2023-04-08,20.1,7.1,0.0,3.81,20.62,12.9,57
shaanxi_guanzhong,2023-04-09,23.8,7.8,0.0,3.83,20.1,12.0,66
shaanxi_guanzhong,2023-04-10,25.0,9.7,0.1,4.33,19.8,29.4,62
shaanxi_guanzhong,2023-04-11,21.7,12.1,0.0,5.18,20.67,17.4,33
shaanxi_guanzhong,2023-04-12,26.0,11.0,0.0,4.78,19.85,16.4,39
shaanxi_guanzhong,2023-04-13,18.8,14.1,2.0,1.73,7.16,12.2,69
shaanxi_guanzhong,2023-04-14,19.2,12.7,0.1,3.67,16.41,14.8,53
shaanxi_guanzhong,2023-04-15,25.1,10.7,0.0,4.54,20.29,18.4,49
shaanxi_guanzhong,2023-04-16,28.0,13.3,0.0,5.08,21.32,15.6,52
shaanxi_guanzhong,2023-04-17,21.6,14.1,4.8,2.17,9.8,17.2,67
shaanxi_guanzhong,2023-04-18,27.3,15.0,0.0,4.26,19.72,13.4,64
shaanxi_guanzhong,2023-04-19,30.0,16.0,0.0,4.71,21.1,13.8,62
shaanxi_guanzhong,2023-04-20,26.7,17.7,0.0,6.16,19.44,26.8,27
shaanxi_guanzhong,2023-04-21,19.5,6.5,22.7,1.25,3.93,24.2,79
shaanxi_guanzhong,2023-04-22,6.2,4.4,9.8,0.56,2.97,10.5,89
shaanxi_guanzhong,2023-04-23,6.2,3.8,5.3,0.68,3.92,8.2,87
shaanxi_guanzhong,2023-04-24,10.0,3.3,1.5,1.24,8.1,7.3,83
shaanxi_guanzhong,2023-04-25,21.3,2.6,0.0,3.85,21.28,15.0,68
shaanxi_guanzhong,2023-04-26,24.3,8.0,0.0,4.27,22.13,15.9,67
shaanxi_guanzhong,2023-04-27,24.5,12.0,0.1,4.37,18.51,38.5,60
shaanxi_guanzhong,2023-04-28,19.0,12.2,0.0,4.65,17.16,21.2,33
shaanxi_guanzhong,2023-04-29,21.5,5.5,0.0,4.61,23.7,10.5,35
shaanxi_guanzhong,2023-04-30,25.8,8.9,0.0,5.45,23.23,19.0,38
shaanxi_guanzhong,2023-05-01,28.7,11.0,0.0,4.92,19.25,12.3,41
shaanxi_guanzhong,2023-05-02,29.3,14.4,0.0,5.26,20.47,20.1,53
shaanxi_guanzhong,2023-05-03,22.6,16.8,1.2,2.45,8.58,20.6,69
shaanxi_guanzhong,2023-05-04,24.5,16.9,2.9,2.55,10.29,16.0,75
shaanxi_guanzhong,2023-05-05,21.7,14.0,2.8,3.47,13.17,20.2,61
shaanxi_guanzhong,2023-05-06,17.6,12.8,13.5,1.15,4.91,18.7,87
shaanxi_guanzhong,2023-05-07,13.7,11.8,7.4,0.97,4.69,18.2,89
shaanxi_guanzhong,2023-05-08,21.0,10.8,0.0,3.09,16.67,14.4,73
shaanxi_guanzhong,2023-05-09,14.2,12.3,12.1,0.83,3.74,10.2,88
shaanxi_guanzhong,2023-05-10,17.7,11.9,3.1,1.63,9.05,7.2,89
shaanxi_guanzhong,2023-05-11,23.6,11.1,0.0,4.02,20.52,11.6,66
shaanxi_guanzhong,2023-05-12,28.0,12.6,0.0,5.37,22.28,19.0,46
shaanxi_guanzhong,2023-05-13,28.3,15.1,0.0,5.7,23.19,14.3,43
shaanxi_guanzhong,2023-05-14,30.9,14.1,0.4,5.38,22.63,15.3,53
shaanxi_guanzhong,2023-05-15,31.4,14.9,0.0,6.06,21.61,23.6,46
shaanxi_guanzhong,2023-05-16,31.7,17.0,0.0,5.47,22.34,11.9,48
shaanxi_guanzhong,2023-05-17,29.5,19.8,0.1,5.35,14.21,21.6,42
shaanxi_guanzhong,2023-05-18,31.6,16.7,0.0,6.06,23.22,15.3,45
shaanxi_guanzhong,2023-05-19,31.2,18.8,0.0,5.11,20.9,13.1,53
shaanxi_guanzhong,2023-05-20,31.3,19.5,1.2,5.46,21.51,19.8,55
shaanxi_guanzhong,2023-05-21,21.6,9.1,6.7,1.7,4.01,19.9,65
shaanxi_guanzhong,2023-05-22,21.6,8.5,0.0,4.45,22.5,12.6,48
shaanxi_guanzhong,2023-05-23,18.1,9.4,0.6,2.25,11.15,14.3,62
shaanxi_guanzhong,2023-05-24,24.2,9.6,0.0,4.16,22.63,8.2,69
shaanxi_guanzhong,2023-05-25,23.6,15.6,2.4,2.43,9.91,12.8,67
shaanxi_guanzhong,2023-05-26,18.3,15.4,3.6,1.26,5.8,8.8,82
shaanxi_guanzhong,2023-05-27,20.1,14.4,6.7,1.27,5.87,10.0,89
shaanxi_guanzhong,2023-05-28,18.7,16.0,5.3,0.92,3.96,6.2,93
shaanxi_guanzhong,2023-05-29,21.3,15.6,4.0,1.44,7.27,9.5,91
shaanxi_guanzhong,2023-05-30,28.4,16.2,0.0,4.82,23.7,10.7,73
shaanxi_guanzhong,2023-05-31,20.4,16.5,32.1,0.95,4.23,11.6,91
shaanxi_guanzhong,2023-06-01,24.8,14.2,0.0,3.78,19.42,10.8,77
shaanxi_guanzhong,2023-06-02,20.1,15.5,22.9,1.56,7.06,12.2,86
shaanxi_guanzhong,2023-06-03,16.8,14.8,22.3,0.73,3.04,8.0,94
shaanxi_guanzhong,2023-06-04,19.1,13.6,7.1,1.79,8.07,12.3,81
shaanxi_guanzhong,2023-06-05,26.0,15.3,0.0,3.82,17.14,13.4,65
shaanxi_guanzhong,2023-06-06,28.4,14.0,0.0,4.9,24.21,9.5,68
shaanxi_guanzhong,2023-06-07,30.1,18.9,0.0,4.85,21.12,12.1,64
shaanxi_guanzhong,2023-06-08,31.1,18.1,0.0,5.26,23.04,13.5,58
shaanxi_guanzhong,2023-06-09,32.9,18.6,0.0,5.81,24.54,12.5,48
shaanxi_guanzhong,2023-06-10,32.7,19.0,0.0,6.3,24.74,12.9,44
shaanxi_guanzhong,2023-06-11,31.2,18.7,2.3,5.09,21.26,22.7,53
shaanxi_guanzhong,2023-06-12,25.9,19.6,0.3,2.97,11.08,12.3,63
shaanxi_guanzhong,2023-06-13,29.9,16.2,0.6,5.14,23.22,11.7,56
shaanxi_guanzhong,2023-06-14,33.6,17.8,0.0,6.42,25.41,13.1,45
shaanxi_guanzhong,2023-06-15,32.6,19.7,0.0,7.12,22.42,27.5,41
shaanxi_guanzhong,2023-06-16,27.3,20.4,0.7,3.35,8.31,17.7,62
shaanxi_guanzhong,2023-06-17,24.1,18.5,3.1,1.67,5.97,16.3,83
shaanxi_guanzhong,2023-06-18,26.3,17.3,6.2,3.16,14.33,13.8,75
shaanxi_guanzhong,2023-06-19,29.5,16.5,0.0,3.35,15.06,7.4,69
shaanxi_guanzhong,2023-06-20,30.2,17.0,0.0,4.23,18.28,7.9,57
shaanxi_guanzhong,2023-06-21,33.3,18.1,0.0,5.59,24.26,7.9,49
shaanxi_guanzhong,2023-06-22,33.9,20.3,0.0,6.1,24.09,16.7,52
shaanxi_guanzhong,2023-06-23,34.8,20.3,0.0,6.27,22.4,15.7,43
shaanxi_guanzhong,2023-06-24,33.5,21.3,0.0,6.06,21.26,14.0,42
shaanxi_guanzhong,2023-06-25,34.9,20.3,0.0,6.84,24.97,15.3,40
shaanxi_guanzhong,2023-06-26,35.6,22.2,0.2,6.26,22.9,15.3,41
shaanxi_guanzhong,2023-06-27,36.4,22.7,4.7,5.62,18.21,23.2,57
shaanxi_guanzhong,2023-06-28,30.6,21.0,11.0,3.67,16.21,11.0,76
shaanxi_guanzhong,2023-06-29,33.0,21.8,0.0,5.61,24.05,11.0,58
shaanxi_guanzhong,2023-06-30,33.9,22.0,0.0,6.46,25.42,18.3,58
shaanxi_guanzhong,2023-07-01,31.3,22.4,7.7,3.65,13.2,18.5,65
shaanxi_guanzhong,2023-07-02,29.0,21.2,0.4,3.59,15.87,16.0,78
shaanxi_guanzhong,2023-07-03,24.4,18.4,5.4,2.67,8.18,35.0,71
shaanxi_guanzhong,2023-07-04,32.9,16.2,0.0,6.02,26.09,11.6,56
shaanxi_guanzhong,2023-07-05,31.8,17.1,0.0,3.78,17.04,7.7,59
shaanxi_guanzhong,2023-07-06,33.4,19.4,0.0,5.24,22.23,9.1,58
shaanxi_guanzhong,2023-07-07,34.8,21.3,0.0,4.63,17.07,11.5,54
shaanxi_guanzhong,2023-07-08,35.0,20.5,0.0,5.75,23.78,11.2,56
shaanxi_guanzhong,2023-07-09,37.2,21.9,0.0,6.43,25.34,15.5,54
shaanxi_guanzhong,2023-07-10,37.9,24.5,0.0,6.54,22.65,17.9,54
shaanxi_guanzhong,2023-07-11,37.6,27.5,0.0,6.11,20.01,15.8,51
shaanxi_guanzhong,2023-07-12,35.2,24.7,30.3,4.43,17.96,16.9,67
shaanxi_guanzhong,2023-07-13,26.3,19.9,11.5,4.23,10.7,26.0,61
shaanxi_guanzhong,2023-07-14,30.1,24.0,0.0,5.4,12.92,24.0,45
shaanxi_guanzhong,2023-07-15,33.4,21.9,0.0,6.09,23.73,13.3,47
shaanxi_guanzhong,2023-07-16,32.7,21.1,0.0,6.3,25.85,14.3,53
shaanxi_guanzhong,2023-07-17,33.5,19.9,0.0,6.7,25.79,19.9,54
shaanxi_guanzhong,2023-07-18,33.2,21.5,0.0,6.74,25.09,15.9,49
shaanxi_guanzhong,2023-07-19,34.8,21.9,0.0,6.62,24.33,14.2,51
shaanxi_guanzhong,2023-07-20,34.2,23.0,1.0,5.24,21.75,11.0,58
shaanxi_guanzhong,2023-07-21,37.1,22.7,0.0,6.04,23.82,16.1,56
shaanxi_guanzhong,2023-07-22,36.8,22.9,0.0,6.93,25.37,15.2,37
shaanxi_guanzhong,2023-07-23,37.6,24.0,0.0,6.36,21.78,19.1,45
shaanxi_guanzhong,2023-07-24,34.9,25.5,0.2,4.87,15.33,14.0,50
shaanxi_guanzhong,2023-07-25,36.2,23.3,0.3,6.94,24.15,17.4,51
shaanxi_guanzhong,2023-07-26,34.7,25.0,0.0,6.51,20.46,19.5,52
shaanxi_guanzhong,2023-07-27,28.3,22.9,25.9,2.76,10.75,13.7,80
shaanxi_guanzhong,2023-07-28,24.0,22.0,31.6,1.25,5.74,12.8,94
shaanxi_guanzhong,2023-07-29,28.0,21.4,18.4,2.88,14.33,14.4,89
shaanxi_guanzhong,2023-07-30,29.6,21.4,5.4,3.67,17.82,9.8,83
shaanxi_guanzhong,2023-07-31,30.2,22.2,0.1,4.2,19.99,8.4,82
shaanxi_guanzhong,2023-08-01,32.0,23.4,0.1,4.3,19.4,12.2,79
shaanxi_guanzhong,2023-08-02,32.3,24.3,0.1,4.98,22.53,12.3,76
shaanxi_guanzhong,2023-08-03,33.5,24.2,0.1,5.13,22.73,9.9,72
shaanxi_guanzhong,2023-08-04,33.4,24.7,9.2,4.78,21.22,11.2,68
shaanxi_guanzhong,2023-08-05,33.7,24.3,7.0,5.02,21.93,13.4,71
shaanxi_guanzhong,2023-08-06,29.0,23.5,33.9,2.57,11.74,17.9,87
shaanxi_guanzhong,2023-08-07,26.7,22.1,18.0,2.13,10.61,13.4,90
shaanxi_guanzhong,2023-08-08,30.4,21.3,0.1,4.09,18.37,14.5,77
shaanxi_guanzhong,2023-08-09,31.7,23.5,0.2,4.96,20.51,18.7,71
shaanxi_guanzhong,2023-08-10,32.7,23.9,0.2,4.75,20.57,12.5,71
shaanxi_guanzhong,2023-08-11,30.5,22.5,20.2,3.57,16.3,23.8,83
shaanxi_guanzhong,2023-08-12,30.2,22.0,1.1,4.32,19.71,19.6,72
shaanxi_guanzhong,2023-08-13,31.8,20.3,0.0,5.2,24.02,11.6,72
shaanxi_guanzhong,2023-08-14,31.9,21.4,0.0,5.17,23.33,12.9,71
shaanxi_guanzhong,2023-08-15,32.0,21.9,0.0,5.36,23.55,11.3,66
shaanxi_guanzhong,2023-08-16,32.7,22.5,0.0,5.23,23.32,11.0,66
shaanxi_guanzhong,2023-08-17,33.3,25.4,0.0,6.89,22.8,22.1,50
shaanxi_guanzhong,2023-08-18,31.2,24.2,0.0,4.22,12.39,16.3,49
shaanxi_guanzhong,2023-08-19,30.9,21.8,0.0,3.57,14.63,8.9,58
shaanxi_guanzhong,2023-08-20,27.9,20.4,13.8,3.13,15.16,16.9,81
shaanxi_guanzhong,2023-08-21,31.9,19.3,0.0,4.82,22.96,10.1,73
shaanxi_guanzhong,2023-08-22,30.6,18.9,3.0,4.3,20.61,11.5,73
shaanxi_guanzhong,2023-08-23,24.9,19.6,49.1,2.08,10.4,14.4,87
shaanxi_guanzhong,2023-08-24,27.4,17.1,0.1,3.88,19.09,12.6,78
shaanxi_guanzhong,2023-08-25,23.0,20.0,6.5,1.37,6.14,10.5,87
shaanxi_guanzhong,2023-08-26,21.0,17.7,46.4,0.81,2.4,21.8,91
shaanxi_guanzhong,2023-08-27,22.9,17.6,3.5,2.08,9.77,14.4,82
shaanxi_guanzhong,2023-08-28,24.8,15.5,1.6,2.71,14.06,7.9,85
shaanxi_guanzhong,2023-08-29,26.7,16.2,0.3,4.15,21.59,7.6,78
shaanxi_guanzhong,2023-08-30,28.3,16.4,0.0,4.46,22.67,9.7,76
shaanxi_guanzhong,2023-08-31,28.8,17.0,0.0,4.54,22.47,9.7,72
shaanxi_guanzhong,2023-09-01,26.9,19.7,0.0,2.73,12.32,8.2,71
shaanxi_guanzhong,2023-09-02,29.2,19.0,0.0,4.42,21.6,9.1,72
shaanxi_guanzhong,2023-09-03,29.6,18.9,0.0,4.5,21.89,10.2,74
shaanxi_guanzhong,2023-09-04,30.4,20.1,0.0,4.97,21.6,18.6,68
shaanxi_guanzhong,2023-09-05,31.7,20.2,0.0,6.06,20.8,22.5,58
shaanxi_guanzhong,2023-09-06,31.8,20.8,0.0,6.1,20.87,21.3,56
shaanxi_guanzhong,2023-09-07,30.1,19.6,0.0,4.61,19.93,15.5,63
shaanxi_guanzhong,2023-09-08,31.0,20.9,0.0,4.48,19.89,11.5,67
shaanxi_guanzhong,2023-09-09,29.2,22.4,3.8,3.44,16.26,8.9,74
shaanxi_guanzhong,2023-09-10,30.4,20.5,0.0,3.98,18.42,11.2,72
shaanxi_guanzhong,2023-09-11,24.1,20.0,7.9,1.57,6.05,14.4,79
shaanxi_guanzhong,2023-09-12,27.7,17.7,0.0,3.74,17.76,10.0,68
shaanxi_guanzhong,2023-09-13,27.4,17.2,0.2,3.81,17.9,12.3,73
shaanxi_guanzhong,2023-09-14,28.5,17.5,0.0,4.44,20.08,13.0,67
shaanxi_guanzhong,2023-09-15,29.3,18.9,3.7,4.49,19.81,14.1,63
shaanxi_guanzhong,2023-09-16,30.3,18.4,0.6,4.47,19.27,13.4,70
shaanxi_guanzhong,2023-09-17,25.8,20.9,6.1,1.99,8.76,11.2,79
shaanxi_guanzhong,2023-09-18,28.4,20.0,1.3,2.89,12.57,10.5,77
shaanxi_guanzhong,2023-09-19,22.0,18.3,20.4,0.73,2.74,16.3,92
shaanxi_guanzhong,2023-09-20,18.9,15.3,15.2,0.67,2.78,10.9,92
shaanxi_guanzhong,2023-09-21,23.9,13.9,0.2,3.01,16.06,9.7,79
shaanxi_guanzhong,2023-09-22,21.0,15.1,2.0,1.46,6.94,11.7,82
shaanxi_guanzhong,2023-09-23,17.2,13.5,4.5,1.04,4.16,16.3,88
shaanxi_guanzhong,2023-09-24,18.0,13.2,7.4,1.12,5.72,10.7,86
shaanxi_guanzhong,2023-09-25,20.4,14.4,8.9,1.83,9.92,9.4,86
shaanxi_guanzhong,2023-09-26,21.7,15.1,8.2,2.15,11.76,9.8,83
shaanxi_guanzhong,2023-09-27,23.2,16.1,4.3,2.39,12.63,7.7,82
shaanxi_guanzhong,2023-09-28,17.8,14.9,8.5,0.74,3.4,6.9,94
shaanxi_guanzhong,2023-09-29,23.4,14.2,0.0,2.77,15.3,7.9,82
shaanxi_guanzhong,2023-09-30,22.4,13.4,0.0,2.65,12.99,12.6,75
shaanxi_guanzhong,2023-10-01,15.5,13.6,10.2,0.84,3.4,14.1,80
shaanxi_guanzhong,2023-10-02,17.8,11.8,0.8,1.56,8.42,14.2,82
shaanxi_guanzhong,2023-10-03,19.1,9.9,1.9,1.73,9.54,8.2,85
shaanxi_guanzhong,2023-10-04,17.4,14.7,15.9,0.69,3.04,6.2,93
shaanxi_guanzhong,2023-10-05,15.3,10.8,7.7,0.6,2.56,24.8,94
shaanxi_guanzhong,2023-10-06,15.3,10.2,1.3,1.38,7.66,8.4,81
shaanxi_guanzhong,2023-10-07,20.6,8.1,0.0,2.85,17.23,9.3,79
shaanxi_guanzhong,2023-10-08,19.9,9.2,0.0,2.12,12.18,7.0,83
shaanxi_guanzhong,2023-10-09,20.0,11.1,0.1,2.31,12.61,9.8,78
shaanxi_guanzhong,2023-10-10,20.4,12.1,0.0,2.84,16.4,12.1,73
shaanxi_guanzhong,2023-10-11,14.9,12.5,2.9,0.86,3.9,10.0,85
shaanxi_guanzhong,2023-10-12,17.6,12.9,9.5,1.35,7.4,9.4,88
shaanxi_guanzhong,2023-10-13,21.4,11.7,0.1,2.53,14.22,9.3,78
shaanxi_guanzhong,2023-10-14,22.4,9.7,0.0,2.73,15.05,9.1,73
shaanxi_guanzhong,2023-10-15,22.8,8.9,0.0,3.1,16.66,10.2,66
shaanxi_guanzhong,2023-10-16,22.0,10.4,0.0,2.81,15.58,8.6,66
shaanxi_guanzhong,2023-10-17,20.2,11.8,3.8,1.9,8.65,17.6,74
shaanxi_guanzhong,2023-10-18,13.3,10.3,10.6,0.9,2.79,14.8,79
shaanxi_guanzhong,2023-10-19,19.0,10.8,1.1,2.74,13.19,16.2,65
shaanxi_guanzhong,2023-10-20,19.0,8.0,0.0,2.82,15.71,9.5,61
shaanxi_guanzhong,2023-10-21,17.1,6.6,0.0,2.13,13.46,6.2,74
shaanxi_guanzhong,2023-10-22,19.2,5.9,0.0,2.51,15.51,8.7,79
shaanxi_guanzhong,2023-10-23,20.8,8.1,0.0,2.54,14.94,9.5,78
shaanxi_guanzhong,2023-10-24,21.4,8.9,0.0,2.42,13.97,7.1,80
shaanxi_guanzhong,2023-10-25,22.3,9.9,0.0,2.06,11.23,8.2,77
shaanxi_guanzhong,2023-10-26,22.3,11.8,0.0,2.64,14.09,9.1,71
shaanxi_guanzhong,2023-10-27,21.3,10.2,0.0,2.42,13.45,8.5,66
shaanxi_guanzhong,2023-10-28,21.6,9.4,0.0,2.51,14.5,9.7,74
shaanxi_guanzhong,2023-10-29,22.5,9.4,0.0,2.51,14.45,9.6,78
shaanxi_guanzhong,2023-10-30,22.8,10.0,0.0,2.43,14.14,9.9,76
shaanxi_guanzhong,2023-10-31,24.0,11.4,0.0,2.52,13.58,10.7,74
shaanxi_guanzhong,2023-11-01,23.4,10.8,0.0,2.4,13.86,10.8,76
shaanxi_guanzhong,2023-11-02,23.9,12.9,0.0,3.49,13.21,22.0,55
shaanxi_guanzhong,2023-11-03,17.4,9.9,19.0,1.69,9.53,9.1,74
shaanxi_guanzhong,2023-11-04,14.8,8.1,0.2,0.94,5.3,7.3,85
shaanxi_guanzhong,2023-11-05,14.1,5.8,0.8,2.56,10.41,23.3,55
shaanxi_guanzhong,2023-11-06,11.7,-0.3,0.0,2.09,13.83,10.4,52
shaanxi_guanzhong,2023-11-07,12.4,2.9,0.0,1.68,11.93,7.7,64
shaanxi_guanzhong,2023-11-08,17.2,5.6,0.0,2.17,13.18,9.7,63
shaanxi_guanzhong,2023-11-09,13.7,5.3,0.0,2.26,11.31,15.0,52
shaanxi_guanzhong,2023-11-10,11.5,4.2,0.0,2.01,8.64,14.1,49
shaanxi_guanzhong,2023-11-11,4.3,0.8,1.5,0.56,3.11,11.3,78
shaanxi_guanzhong,2023-11-12,5.8,-0.5,0.0,0.91,5.9,10.0,76
shaanxi_guanzhong,2023-11-13,10.0,-0.3,0.0,1.54,12.39,7.0,67
shaanxi_guanzhong,2023-11-14,11.3,-1.5,0.0,1.6,12.41,6.8,77
shaanxi_guanzhong,2023-11-15,9.2,3.4,0.6,1.39,2.62,25.4,63
shaanxi_guanzhong,2023-11-16,12.4,1.2,0.0,2.41,12.74,18.9,41
shaanxi_guanzhong,2023-11-17,14.2,-0.1,0.0,1.92,12.5,9.1,56
shaanxi_guanzhong,2023-11-18,14.5,-0.7,0.0,1.72,12.12,9.8,68
shaanxi_guanzhong,2023-11-19,15.9,2.9,0.0,1.92,12.26,11.3,68
shaanxi_guanzhong,2023-11-20,14.2,2.0,0.0,1.66,11.98,5.6,69
shaanxi_guanzhong,2023-11-21,17.3,2.6,0.0,1.88,10.37,19.6,69
shaanxi_guanzhong,2023-11-22,15.2,5.1,0.0,2.82,12.04,18.2,39
shaanxi_guanzhong,2023-11-23,9.1,1.5,0.0,2.48,11.81,19.4,35
shaanxi_guanzhong,2023-11-24,6.2,-1.5,0.0,1.47,9.33,9.4,41
shaanxi_guanzhong,2023-11-25,5.9,-1.1,0.0,0.76,3.54,11.8,58
shaanxi_guanzhong,2023-11-26,14.4,-1.8,0.0,1.59,11.6,9.7,65
shaanxi_guanzhong,2023-11-27,16.6,0.3,0.0,2.06,11.31,13.8,53
shaanxi_guanzhong,2023-11-28,9.4,0.2,0.0,1.77,11.04,11.7,46
shaanxi_guanzhong,2023-11-29,9.0,3.0,0.0,2.09,9.86,17.3,39
shaanxi_guanzhong,2023-11-30,5.1,-2.6,0.0,1.4,7.86,11.9,31
shaanxi_guanzhong,2023-12-01,5.3,-4.8,0.0,1.3,11.28,7.3,54
shaanxi_guanzhong,2023-12-02,9.0,-3.9,0.0,1.41,10.71,8.9,57
shaanxi_guanzhong,2023-12-03,7.7,-3.7,0.0,1.26,10.38,7.4,68
shaanxi_guanzhong,2023-12-04,15.6,-0.8,0.0,1.62,11.02,8.7,69
shaanxi_guanzhong,2023-12-05,14.4,0.3,0.1,2.04,8.66,19.0,54
shaanxi_guanzhong,2023-12-06,15.3,-0.4,0.0,2.85,10.98,18.5,36
shaanxi_guanzhong,2023-12-07,19.6,6.0,0.0,2.8,11.07,20.2,45
shaanxi_guanzhong,2023-12-08,18.4,3.2,0.0,2.09,10.74,13.7,54
shaanxi_guanzhong,2023-12-09,14.1,2.1,0.0,1.73,10.82,9.0,53
shaanxi_guanzhong,2023-12-10,7.6,1.9,8.1,0.64,2.02,12.6,78
shaanxi_guanzhong,2023-12-11,8.2,1.5,0.1,0.95,7.44,11.1,80
shaanxi_guanzhong,2023-12-12,5.1,-2.7,0.0,0.54,4.54,13.3,88
shaanxi_guanzhong,2023-12-13,2.7,-0.3,0.1,0.47,3.19,7.9,82
shaanxi_guanzhong,2023-12-14,2.5,-1.4,2.1,0.72,3.17,18.3,78
shaanxi_guanzhong,2023-12-15,1.3,-5.7,0.3,1.47,5.95,20.7,35
shaanxi_guanzhong,2023-12-16,0.7,-6.8,0.0,1.39,9.84,13.0,31
shaanxi_guanzhong,2023-12-17,-2.2,-8.5,0.0,0.89,9.48,6.4,45
shaanxi_guanzhong,2023-12-18,3.6,-5.6,0.0,1.0,7.78,6.5,46
shaanxi_guanzhong,2023-12-19,3.2,-4.9,0.0,1.5,10.54,13.5,41
shaanxi_guanzhong,2023-12-20,0.4,-7.4,0.0,1.17,10.07,12.5,39
shaanxi_guanzhong,2023-12-21,-1.7,-8.4,0.0,1.23,10.52,12.6,31
shaanxi_guanzhong,2023-12-22,-1.6,-8.3,0.0,0.93,7.66,8.0,34
shaanxi_guanzhong,2023-12-23,5.2,-6.9,0.0,1.23,8.99,12.2,42
shaanxi_guanzhong,2023-12-24,4.5,-6.7,0.0,1.37,10.55,14.5,48
shaanxi_guanzhong,2023-12-25,4.0,-5.8,0.0,1.14,10.57,8.9,52
shaanxi_guanzhong,2023-12-26,9.8,-4.1,0.0,1.69,10.62,11.6,48
shaanxi_guanzhong,2023-12-27,4.8,-3.7,0.0,1.19,10.42,8.4,57
shaanxi_guanzhong,2023-12-28,5.2,-4.6,0.0,1.02,8.03,6.9,62
shaanxi_guanzhong,2023-12-29,9.7,-1.6,0.0,1.14,7.49,8.4,59
shaanxi_guanzhong,2023-12-30,11.4,-2.4,0.0,1.54,10.62,9.5,56
shaanxi_guanzhong,2023-12-31,6.0,-2.3,0.0,1.44,10.43,12.4,55
shaanxi_guanzhong,2024-01-01,5.5,-0.3,0.0,0.86,3.34,9.8,61
shaanxi_guanzhong,2024-01-02,12.0,-3.8,0.0,1.77,10.63,12.1,57
shaanxi_guanzhong,2024-01-03,7.5,-3.2,0.0,1.44,10.79,10.0,52
shaanxi_guanzhong,2024-01-04,12.1,-2.8,0.0,1.66,10.68,13.1,57
shaanxi_guanzhong,2024-01-05,9.9,-3.3,0.0,1.59,10.38,10.3,48
shaanxi_guanzhong,2024-01-06,7.1,-3.5,0.0,1.64,10.65,12.2,47
shaanxi_guanzhong,2024-01-07,5.1,-3.0,0.0,1.36,10.18,9.2,46
shaanxi_guanzhong,2024-01-08,7.1,-4.4,0.0,1.36,10.95,16.2,60
shaanxi_guanzhong,2024-01-09,12.0,-2.2,0.0,2.14,11.17,15.6,39
shaanxi_guanzhong,2024-01-10,6.5,-3.1,0.0,1.4,10.61,11.5,54
shaanxi_guanzhong,2024-01-11,11.3,-3.1,0.0,1.47,11.15,8.5,70
shaanxi_guanzhong,2024-01-12,10.1,-2.6,0.0,1.36,11.16,7.7,75
shaanxi_guanzhong,2024-01-13,11.7,-3.0,0.0,1.57,10.99,12.1,66
shaanxi_guanzhong,2024-01-14,9.0,-0.4,0.0,1.94,11.04,12.6,45
shaanxi_guanzhong,2024-01-15,3.0,-1.7,2.0,0.55,2.02,10.2,72
shaanxi_guanzhong,2024-01-16,0.6,-2.5,0.5,0.37,2.56,7.7,87
shaanxi_guanzhong,2024-01-17,5.6,-3.5,0.0,1.09,9.9,6.4,81
shaanxi_guanzhong,2024-01-18,1.2,-3.7,0.1,0.36,2.44,8.9,90
shaanxi_guanzhong,2024-01-19,1.5,-2.6,0.1,0.44,3.06,7.2,84
shaanxi_guanzhong,2024-01-20,7.1,-3.1,0.2,1.39,11.52,10.9,74
shaanxi_guanzhong,2024-01-21,0.9,-5.5,3.8,0.69,4.82,15.6,72
shaanxi_guanzhong,2024-01-22,-4.2,-9.0,0.0,1.25,12.08,12.0,33
shaanxi_guanzhong,2024-01-23,-1.7,-7.8,0.0,1.15,10.71,8.9,37
shaanxi_guanzhong,2024-01-24,1.9,-6.6,0.0,1.49,11.69,9.4,34
shaanxi_guanzhong,2024-01-25,2.8,-6.2,0.0,1.72,11.75,11.1,28
shaanxi_guanzhong,2024-01-26,4.5,-5.7,0.0,1.67,12.53,11.3,37
shaanxi_guanzhong,2024-01-27,5.6,-5.1,0.0,1.75,12.85,10.2,38
shaanxi_guanzhong,2024-01-28,6.5,-6.6,0.0,1.51,12.55,6.5,45
shaanxi_guanzhong,2024-01-29,7.2,-6.2,0.0,1.46,11.68,7.5,54
shaanxi_guanzhong,2024-01-30,10.7,-3.5,0.0,1.76,12.78,12.6,63
shaanxi_guanzhong,2024-01-31,4.5,-2.6,0.3,0.59,3.84,6.6,79
shaanxi_guanzhong,2024-02-01,0.9,-2.6,0.8,0.43,2.69,13.7,88
shaanxi_guanzhong,2024-02-02,-2.3,-4.2,1.9,0.42,2.91,9.4,76
shaanxi_guanzhong,2024-02-03,0.6,-3.4,0.8,0.73,6.52,10.5,75
shaanxi_guanzhong,2024-02-04,2.4,-4.4,0.1,0.94,8.6,12.6,74
shaanxi_guanzhong,2024-02-05,1.9,-6.4,0.0,0.88,8.85,7.3,77
shaanxi_guanzhong,2024-02-06,3.8,-4.2,0.0,0.91,7.73,7.7,70
shaanxi_guanzhong,2024-02-07,3.8,-2.8,0.3,1.05,8.96,10.1,72
shaanxi_guanzhong,2024-02-08,7.6,-4.8,0.0,1.57,13.28,11.5,69
shaanxi_guanzhong,2024-02-09,12.7,-3.5,0.0,1.95,13.82,8.6,61
shaanxi_guanzhong,2024-02-10,15.0,-0.5,0.4,2.86,14.25,17.9,37
shaanxi_guanzhong,2024-02-11,11.3,-2.7,0.0,2.06,14.52,10.0,48
shaanxi_guanzhong,2024-02-12,13.7,-2.4,0.0,2.06,14.6,7.7,62
shaanxi_guanzhong,2024-02-13,15.0,-1.8,0.0,2.18,14.52,8.4,69
shaanxi_guanzhong,2024-02-14,9.9,2.1,1.1,2.05,5.17,27.4,51
shaanxi_guanzhong,2024-02-15,11.1,-0.3,0.0,2.23,14.63,12.0,58
shaanxi_guanzhong,2024-02-16,12.8,-2.5,0.0,2.21,15.34,10.7,50
shaanxi_guanzhong,2024-02-17,15.1,-1.6,0.0,2.21,15.36,8.6,64
shaanxi_guanzhong,2024-02-18,11.6,3.1,0.0,3.44,14.57,22.9,34
shaanxi_guanzhong,2024-02-19,5.0,0.0,0.0,1.74,4.47,18.6,30
shaanxi_guanzhong,2024-02-20,1.0,-3.2,4.8,0.45,2.32,17.7,79
shaanxi_guanzhong,2024-02-21,0.2,-4.0,0.9,0.81,6.76,8.9,71
shaanxi_guanzhong,2024-02-22,-0.9,-3.8,1.2,0.58,4.27,11.9,76
shaanxi_guanzhong,2024-02-23,-0.3,-4.5,3.0,0.68,6.33,9.1,77
shaanxi_guanzhong,2024-02-24,5.3,-4.9,0.0,1.69,15.0,8.2,63
shaanxi_guanzhong,2024-02-25,5.8,-5.6,0.0,1.62,13.31,10.8,61
shaanxi_guanzhong,2024-02-26,7.7,-1.5,0.0,1.52,10.73,10.8,61
shaanxi_guanzhong,2024-02-27,9.0,-3.0,0.6,1.99,16.08,11.4,63
shaanxi_guanzhong,2024-02-28,8.4,-1.2,0.8,1.24,7.66,9.7,69
shaanxi_guanzhong,2024-02-29,7.0,1.6,1.1,1.03,6.94,10.5,80
shaanxi_guanzhong,2024-03-01,6.2,-0.5,0.4,1.29,9.63,10.6,74
shaanxi_guanzhong,2024-03-02,10.9,-3.5,0.0,2.27,17.62,7.6,66
shaanxi_guanzhong,2024-03-03,12.3,-2.0,0.0,2.32,16.12,8.4,54
shaanxi_guanzhong,2024-03-04,12.3,3.3,0.3,1.45,8.91,8.6,69
shaanxi_guanzhong,2024-03-05,13.8,1.2,0.0,2.15,9.23,18.6,59
shaanxi_guanzhong,2024-03-06,12.1,2.9,0.1,2.86,17.4,12.0,40
shaanxi_guanzhong,2024-03-07,13.3,2.5,0.0,3.26,18.49,12.2,34
shaanxi_guanzhong,2024-03-08,11.0,-1.1,0.0,2.64,15.46,18.6,35
shaanxi_guanzhong,2024-03-09,15.3,2.9,0.0,2.81,16.56,9.0,44
shaanxi_guanzhong,2024-03-10,13.5,3.4,2.7,1.03,5.26,18.2,69
shaanxi_guanzhong,2024-03-11,20.0,0.5,0.0,3.51,18.24,14.4,54
shaanxi_guanzhong,2024-03-12,15.3,3.1,0.0,3.08,15.25,14.5,38
shaanxi_guanzhong,2024-03-13,16.7,6.5,1.0,2.23,12.21,11.6,61
shaanxi_guanzhong,2024-03-14,19.0,4.1,0.0,3.35,17.46,18.5,59
shaanxi_guanzhong,2024-03-15,20.7,9.2,0.0,3.71,14.92,18.1,48
shaanxi_guanzhong,2024-03-16,20.4,8.1,0.1,3.9,17.94,13.6,39
shaanxi_guanzhong,2024-03-17,13.5,8.2,2.2,1.49,4.38,12.2,59
shaanxi_guanzhong,2024-03-18,18.6,6.8,3.8,3.56,16.54,16.6,54
shaanxi_guanzhong,2024-03-19,18.0,1.5,0.0,3.93,20.13,10.7,29
shaanxi_guanzhong,2024-03-20,20.2,4.6,0.0,3.81,19.45,11.6,36
shaanxi_guanzhong,2024-03-21,24.3,6.9,0.0,4.05,19.74,12.0,40
shaanxi_guanzhong,2024-03-22,24.6,10.0,0.0,4.69,19.53,17.9,42
shaanxi_guanzhong,2024-03-23,20.1,10.6,0.0,2.67,8.65,20.2,48
shaanxi_guanzhong,2024-03-24,11.4,9.3,21.6,0.55,1.7,19.5,86
shaanxi_guanzhong,2024-03-25,18.4,6.5,0.0,3.1,18.31,13.4,70
shaanxi_guanzhong,2024-03-26,16.0,8.6,0.0,1.48,8.02,7.6,72
shaanxi_guanzhong,2024-03-27,24.0,8.6,0.0,4.46,15.68,20.9,48
shaanxi_guanzhong,2024-03-28,26.2,7.6,0.0,5.69,18.86,23.8,28
shaanxi_guanzhong,2024-03-29,28.4,9.3,1.2,4.8,20.46,10.5,43
shaanxi_guanzhong,2024-03-30,24.6,14.8,0.0,4.61,16.06,20.1,32
shaanxi_guanzhong,2024-03-31,27.8,10.9,0.0,5.41,20.37,19.7,34
shaanxi_guanzhong,2024-04-01,24.7,15.7,0.0,3.32,12.67,19.2,52
shaanxi_guanzhong,2024-04-02,21.9,14.3,0.0,3.11,8.28,22.9,58
shaanxi_guanzhong,2024-04-03,20.3,12.3,0.0,3.49,10.93,20.8,44
shaanxi_guanzhong,2024-04-04,19.6,8.7,0.0,3.39,18.41,14.6,65
shaanxi_guanzhong,2024-04-05,16.5,9.6,0.1,1.93,9.58,9.5,66
shaanxi_guanzhong,2024-04-06,20.7,7.9,0.0,2.76,14.91,8.5,68
shaanxi_guanzhong,2024-04-07,23.3,9.2,0.0,3.48,16.92,11.4,55
shaanxi_guanzhong,2024-04-08,25.0,10.0,0.0,4.1,19.07,11.6,50
shaanxi_guanzhong,2024-04-09,24.7,12.5,0.0,4.01,12.54,15.0,41
shaanxi_guanzhong,2024-04-10,24.2,14.5,0.3,3.53,14.66,14.7,56
shaanxi_guanzhong,2024-04-11,26.2,13.1,0.0,4.43,20.27,9.6,50
shaanxi_guanzhong,2024-04-12,29.5,12.5,0.0,5.81,21.05,19.4,41
shaanxi_guanzhong,2024-04-13,24.5,15.7,8.8,2.85,11.16,15.8,69
shaanxi_guanzhong,2024-04-14,25.9,14.1,0.0,4.12,20.57,11.9,71
shaanxi_guanzhong,2024-04-15,25.5,13.4,0.0,4.73,20.43,13.7,51
shaanxi_guanzhong,2024-04-16,23.8,13.4,0.3,4.28,18.4,12.4,46
shaanxi_guanzhong,2024-04-17,24.7,11.7,0.0,4.06,20.8,11.7,69
shaanxi_guanzhong,2024-04-18,28.1,13.2,0.1,4.82,19.32,21.6,56
shaanxi_guanzhong,2024-04-19,27.2,14.3,5.4,4.78,16.42,26.4,52
shaanxi_guanzhong,2024-04-20,22.1,14.9,0.0,3.19,13.92,10.0,53
shaanxi_guanzhong,2024-04-21,25.3,12.5,0.0,4.21,21.13,8.7,62
shaanxi_guanzhong,2024-04-22,25.9,14.1,0.9,3.28,15.44,12.3,61
shaanxi_guanzhong,2024-04-23,22.0,12.7,0.0,5.16,22.25,16.9,31
shaanxi_guanzhong,2024-04-24,24.4,9.3,0.0,4.1,20.8,7.6,50
shaanxi_guanzhong,2024-04-25,27.4,12.1,0.0,4.64,21.48,8.9,54
shaanxi_guanzhong,2024-04-26,30.1,14.0,0.0,4.83,21.89,10.4,51
shaanxi_guanzhong,2024-04-27,26.5,17.0,0.0,3.3,12.39,10.5,54
shaanxi_guanzhong,2024-04-28,30.5,14.9,0.0,5.6,22.02,25.6,62
shaanxi_guanzhong,2024-04-29,20.0,8.8,17.0,1.82,3.85,29.5,70
shaanxi_guanzhong,2024-04-30,15.6,8.8,2.8,1.71,8.15,18.4,74
shaanxi_guanzhong,2024-05-01,20.2,6.8,0.0,3.38,19.26,8.0,71
shaanxi_guanzhong,2024-05-02,18.0,11.6,0.7,1.79,7.51,9.3,69
shaanxi_guanzhong,2024-05-03,15.7,10.2,10.0,1.22,6.39,15.0,89
shaanxi_guanzhong,2024-05-04,20.1,8.6,0.0,2.94,16.74,10.1,76
shaanxi_guanzhong,2024-05-05,25.2,9.0,0.0,4.33,22.39,11.8,69
shaanxi_guanzhong,2024-05-06,26.6,12.7,0.0,4.75,22.54,13.6,64
shaanxi_guanzhong,2024-05-07,27.6,13.4,0.0,4.67,21.85,11.3,61
shaanxi_guanzhong,2024-05-08,27.1,17.5,0.7,3.98,17.6,10.7,60
shaanxi_guanzhong,2024-05-09,28.7,17.1,1.3,4.68,19.72,20.9,69
shaanxi_guanzhong,2024-05-10,30.3,15.3,0.8,4.92,22.04,18.6,62
shaanxi_guanzhong,2024-05-11,25.7,17.7,0.0,4.89,19.83,16.7,37
shaanxi_guanzhong,2024-05-12,32.1,12.4,0.0,6.26,23.61,18.3,35
shaanxi_guanzhong,2024-05-13,30.3,14.8,0.0,5.95,23.45,14.3,41
shaanxi_guanzhong,2024-05-14,32.4,16.1,0.0,5.63,23.68,8.4,39
shaanxi_guanzhong,2024-05-15,29.7,18.5,0.0,6.71,22.79,23.2,42
shaanxi_guanzhong,2024-05-16,32.2,16.2,0.0,5.68,23.07,18.6,40
shaanxi_guanzhong,2024-05-17,35.8,19.4,0.0,6.34,23.52,11.7,41
shaanxi_guanzhong,2024-05-18,34.6,19.5,0.0,5.46,19.58,13.2,39
shaanxi_guanzhong,2024-05-19,31.0,21.5,0.0,4.69,14.37,12.3,40
shaanxi_guanzhong,2024-05-20,31.8,20.2,0.0,6.04,20.1,17.3,44
shaanxi_guanzhong,2024-05-21,32.5,17.7,0.0,6.49,24.02,15.9,40
shaanxi_guanzhong,2024-05-22,32.8,18.5,0.0,6.74,23.99,14.4,35
shaanxi_guanzhong,2024-05-23,35.2,19.5,0.0,6.56,24.26,11.7,33
shaanxi_guanzhong,2024-05-24,36.4,21.6,0.0,7.98,23.88,26.0,34
shaanxi_guanzhong,2024-05-25,27.4,18.5,14.5,2.12,4.93,20.3,74
shaanxi_guanzhong,2024-05-26,29.5,17.5,0.0,4.79,22.51,11.0,71
shaanxi_guanzhong,2024-05-27,28.6,20.1,1.6,5.23,21.69,20.2,60
shaanxi_guanzhong,2024-05-28,28.6,19.9,0.0,4.2,13.1,15.4,53
shaanxi_guanzhong,2024-05-29,22.5,18.0,8.8,1.6,4.15,17.0,69
shaanxi_guanzhong,2024-05-30,30.8,16.0,0.0,5.67,24.48,11.9,45
shaanxi_guanzhong,2024-05-31,28.7,17.5,0.0,3.18,11.39,8.1,47
shaanxi_guanzhong,2024-06-01,25.4,17.1,2.3,2.22,6.34,12.6,63
shaanxi_guanzhong,2024-06-02,19.7,16.3,10.9,1.18,5.03,11.3,88
shaanxi_guanzhong,2024-06-03,26.0,15.4,0.0,3.66,16.65,13.4,70
shaanxi_guanzhong,2024-06-04,26.1,17.5,0.2,3.82,16.48,19.0,69
shaanxi_guanzhong,2024-06-05,27.9,14.8,0.0,5.29,24.51,14.5,64
shaanxi_guanzhong,2024-06-06,22.9,19.0,1.5,2.27,6.59,16.6,68
shaanxi_guanzhong,2024-06-07,28.5,17.1,0.0,4.47,18.85,15.3,60
shaanxi_guanzhong,2024-06-08,26.4,18.6,0.3,2.56,9.51,8.9,60
shaanxi_guanzhong,2024-06-09,29.4,16.2,0.0,4.0,17.21,7.9,50
shaanxi_guanzhong,2024-06-10,31.8,17.5,0.0,4.89,20.17,8.1,46
shaanxi_guanzhong,2024-06-11,35.9,19.2,0.0,6.14,24.68,11.2,43
shaanxi_guanzhong,2024-06-12,38.9,20.5,0.0,6.27,24.0,11.6,35
shaanxi_guanzhong,2024-06-13,37.9,23.4,0.0,6.81,19.62,19.2,32
shaanxi_guanzhong,2024-06-14,38.7,24.0,0.8,6.84,23.39,22.2,34
shaanxi_guanzhong,2024-06-15,37.0,22.2,0.0,6.4,22.0,12.6,34
shaanxi_guanzhong,2024-06-16,29.0,20.9,5.2,1.98,5.99,12.8,65
shaanxi_guanzhong,2024-06-17,32.1,19.1,0.1,5.19,21.35,11.2,63
shaanxi_guanzhong,2024-06-18,34.7,22.5,0.0,5.88,21.83,13.0,46
shaanxi_guanzhong,2024-06-19,34.5,23.9,0.0,5.7,18.4,14.5,46
shaanxi_guanzhong,2024-06-20,34.2,23.7,0.7,5.15,17.31,13.1,53
shaanxi_guanzhong,2024-06-21,35.5,22.2,0.6,6.56,19.31,28.5,47
shaanxi_guanzhong,2024-06-22,36.9,22.5,0.0,6.49,21.68,14.4,33
shaanxi_guanzhong,2024-06-23,37.7,22.0,0.0,7.83,25.2,20.5,27
shaanxi_guanzhong,2024-06-24,34.1,22.7,0.0,7.2,24.01,15.0,26
shaanxi_guanzhong,2024-06-25,36.4,22.1,0.0,7.31,23.12,15.8,34
shaanxi_guanzhong,2024-06-26,35.8,23.7,0.1,7.0,21.99,19.1,44
shaanxi_guanzhong,2024-06-27,35.5,22.9,0.1,6.43,21.79,20.1,44
shaanxi_guanzhong,2024-06-28,34.3,23.3,0.1,5.46,20.25,17.3,44
shaanxi_guanzhong,2024-06-29,38.1,23.1,0.0,6.37,23.99,13.7,44
shaanxi_guanzhong,2024-06-30,36.6,23.8,7.1,5.99,21.46,24.0,45
shaanxi_guanzhong,2024-07-01,31.1,20.8,10.2,4.0,17.05,14.3,70
shaanxi_guanzhong,2024-07-02,35.1,19.3,0.0,5.96,23.67,12.8,52
shaanxi_guanzhong,2024-07-03,27.1,20.9,26.7,1.3,3.86,13.5,83
shaanxi_guanzhong,2024-07-04,31.1,20.2,0.2,4.86,22.71,8.3,73
shaanxi_guanzhong,2024-07-05,29.6,20.8,29.8,4.33,19.96,18.2,73
shaanxi_guanzhong,2024-07-06,30.7,19.5,0.0,4.62,21.26,12.2,73
shaanxi_guanzhong,2024-07-07,25.8,22.8,39.0,1.7,7.65,10.7,86
shaanxi_guanzhong,2024-07-08,27.3,22.0,4.7,2.35,10.86,8.0,88
shaanxi_guanzhong,2024-07-09,27.1,21.7,6.0,2.14,9.87,8.0,88
shaanxi_guanzhong,2024-07-10,25.0,21.4,7.0,1.56,7.32,6.5,92
shaanxi_guanzhong,2024-07-11,30.4,20.6,0.0,4.66,22.63,7.4,80
shaanxi_guanzhong,2024-07-12,31.5,21.2,0.0,4.94,23.27,7.9,78
shaanxi_guanzhong,2024-07-13,28.0,23.1,4.9,2.14,10.07,12.6,87
shaanxi_guanzhong,2024-07-14,27.1,22.4,2.3,2.83,12.88,16.4,84
shaanxi_guanzhong,2024-07-15,29.2,22.1,6.1,3.09,14.9,10.5,88
shaanxi_guanzhong,2024-07-16,28.6,23.1,18.6,2.81,13.35,11.7,91
shaanxi_guanzhong,2024-07-17,27.5,22.8,35.9,2.0,9.57,8.1,93
shaanxi_guanzhong,2024-07-18,30.3,22.2,0.9,3.8,17.94,10.2,84
shaanxi_guanzhong,2024-07-19,28.6,23.7,32.9,2.3,11.3,8.7,91
shaanxi_guanzhong,2024-07-20,32.5,22.7,0.0,4.49,20.62,13.9,82
shaanxi_guanzhong,2024-07-21,32.5,24.0,15.4,4.46,20.64,7.5,83
shaanxi_guanzhong,2024-07-22,31.9,25.0,0.0,3.24,14.59,7.7,84
shaanxi_guanzhong,2024-07-23,31.1,24.7,1.4,2.68,11.93,14.0,86
shaanxi_guanzhong,2024-07-24,26.2,22.7,17.2,2.54,10.6,21.3,85
shaanxi_guanzhong,2024-07-25,31.9,22.0,0.1,5.22,24.22,9.8,69
shaanxi_guanzhong,2024-07-26,31.8,21.1,0.0,4.72,21.68,8.0,72
shaanxi_guanzhong,2024-07-27,28.6,23.7,0.2,2.94,12.83,11.9,80
shaanxi_guanzhong,2024-07-28,33.5,24.4,0.0,5.0,22.51,8.9,69
shaanxi_guanzhong,2024-07-29,29.1,23.3,5.3,2.69,12.07,16.6,83
shaanxi_guanzhong,2024-07-30,30.2,21.7,0.3,4.2,20.15,13.2,81
shaanxi_guanzhong,2024-07-31,33.0,21.0,0.0,4.98,23.45,10.9,80
shaanxi_guanzhong,2024-08-01,33.5,22.8,0.0,5.3,24.49,8.2,78
shaanxi_guanzhong,2024-08-02,33.4,24.0,0.0,4.99,21.91,11.5,73
shaanxi_guanzhong,2024-08-03,31.6,25.0,9.4,4.08,18.81,8.9,80
shaanxi_guanzhong,2024-08-04,31.2,23.8,0.8,4.6,21.24,11.1,82
shaanxi_guanzhong,2024-08-05,32.6,23.4,10.3,4.82,21.78,14.9,79
shaanxi_guanzhong,2024-08-06,32.5,22.6,1.3,4.31,18.85,14.6,79
shaanxi_guanzhong,2024-08-07,30.7,24.6,15.0,3.49,15.68,13.0,81
shaanxi_guanzhong,2024-08-08,32.2,23.8,1.0,4.15,15.56,23.0,79
shaanxi_guanzhong,2024-08-09,29.8,23.6,22.5,4.25,16.56,24.3,71
shaanxi_guanzhong,2024-08-10,30.2,22.9,0.0,4.8,16.26,19.1,59
shaanxi_guanzhong,2024-08-11,31.5,20.8,0.0,5.47,24.12,11.1,60
shaanxi_guanzhong,2024-08-12,31.8,20.7,0.0,5.34,23.69,11.0,63
shaanxi_guanzhong,2024-08-13,31.1,21.7,0.0,5.4,23.61,12.7,62
shaanxi_guanzhong,2024-08-14,30.7,21.0,0.2,4.44,20.43,9.4,68
shaanxi_guanzhong,2024-08-15,25.6,21.9,5.1,2.15,10.3,15.2,86
shaanxi_guanzhong,2024-08-16,28.5,21.9,3.5,3.2,15.12,7.5,83
shaanxi_guanzhong,2024-08-17,28.0,22.5,20.0,3.68,18.48,12.1,85
shaanxi_guanzhong,2024-08-18,30.5,20.5,0.0,4.48,21.17,11.8,78
shaanxi_guanzhong,2024-08-19,31.1,20.6,0.0,4.86,22.71,10.5,74
shaanxi_guanzhong,2024-08-20,29.7,20.7,0.0,4.36,19.82,18.2,73
shaanxi_guanzhong,2024-08-21,29.9,19.0,0.0,4.43,20.92,10.7,76
shaanxi_guanzhong,2024-08-22,32.3,21.3,0.0,5.08,22.28,12.0,65
shaanxi_guanzhong,2024-08-23,33.7,22.3,0.0,5.02,21.32,11.6,63
shaanxi_guanzhong,2024-08-24,35.2,25.2,0.0,5.79,20.93,23.6,65
shaanxi_guanzhong,2024-08-25,35.8,26.5,0.0,4.94,17.39,21.0,64
shaanxi_guanzhong,2024-08-26,32.8,23.2,2.5,4.4,15.3,19.2,66
shaanxi_guanzhong,2024-08-27,30.6,22.1,0.0,4.76,18.4,13.5,56
shaanxi_guanzhong,2024-08-28,31.2,22.5,0.0,5.09,18.78,16.1,57
shaanxi_guanzhong,2024-08-29,30.1,23.1,0.7,3.4,13.82,8.6,60
shaanxi_guanzhong,2024-08-30,33.7,22.4,0.0,5.03,19.35,15.3,66
shaanxi_guanzhong,2024-08-31,34.2,24.1,0.0,4.58,19.3,10.8,63
shaanxi_guanzhong,2024-09-01,34.9,24.7,0.0,4.97,20.22,18.3,66
shaanxi_guanzhong,2024-09-02,34.1,24.4,0.7,5.45,18.55,26.5,68
shaanxi_guanzhong,2024-09-03,34.2,23.2,0.0,6.04,19.25,22.5,59
shaanxi_guanzhong,2024-09-04,32.3,23.3,2.9,5.28,17.91,27.8,62
shaanxi_guanzhong,2024-09-05,29.1,20.3,0.0,4.83,17.28,19.8,51
shaanxi_guanzhong,2024-09-06,33.0,20.5,0.0,4.69,19.12,13.2,62
shaanxi_guanzhong,2024-09-07,31.6,22.6,0.0,4.72,17.63,19.8,62
shaanxi_guanzhong,2024-09-08,36.0,24.8,0.0,6.17,19.07,19.5,56
shaanxi_guanzhong,2024-09-09,30.5,21.9,2.2,4.5,15.27,20.2,63
shaanxi_guanzhong,2024-09-10,28.2,18.8,0.0,4.42,18.22,19.4,59
shaanxi_guanzhong,2024-09-11,31.1,20.9,0.0,4.56,15.88,25.2,65
shaanxi_guanzhong,2024-09-12,31.1,20.9,0.0,6.21,19.46,25.5,56
shaanxi_guanzhong,2024-09-13,29.3,21.2,0.0,3.78,14.27,16.2,62
shaanxi_guanzhong,2024-09-14,31.4,21.4,0.0,4.52,16.33,16.3,57
shaanxi_guanzhong,2024-09-15,31.5,22.4,0.0,5.92,17.73,29.5,59
shaanxi_guanzhong,2024-09-16,30.4,20.3,0.0,4.78,18.56,18.1,58
shaanxi_guanzhong,2024-09-17,31.6,21.8,0.0,5.04,18.97,14.7,58
shaanxi_guanzhong,2024-09-18,32.6,21.8,0.0,5.23,18.87,22.1,59
shaanxi_guanzhong,2024-09-19,31.6,23.1,0.0,5.02,15.95,19.2,58
shaanxi_guanzhong,2024-09-20,25.2,21.6,0.8,3.52,7.2,27.8,60
shaanxi_guanzhong,2024-09-21,26.4,19.3,0.0,3.54,13.14,15.3,51
shaanxi_guanzhong,2024-09-22,25.8,16.4,0.0,4.73,19.26,15.6,48
shaanxi_guanzhong,2024-09-23,26.3,15.1,0.0,4.18,18.75,11.1,54
shaanxi_guanzhong,2024-09-24,28.0,15.7,0.0,3.92,18.88,8.3,57
shaanxi_guanzhong,2024-09-25,29.6,17.4,0.4,4.13,16.69,15.5,57
shaanxi_guanzhong,2024-09-26,29.8,18.0,9.2,4.48,17.96,28.6,67
shaanxi_guanzhong,2024-09-27,30.6,18.7,0.0,5.65,17.57,28.8,54
shaanxi_guanzhong,2024-09-28,30.3,21.1,0.1,5.38,13.95,27.9,57
shaanxi_guanzhong,2024-09-29,23.5,12.2,38.8,1.2,2.43,31.8,84
shaanxi_guanzhong,2024-09-30,21.1,11.6,5.6,4.15,17.47,24.4,55
shaanxi_guanzhong,2024-10-01,19.6,11.0,0.0,3.59,18.64,15.8,47
shaanxi_guanzhong,2024-10-02,20.0,8.5,0.0,3.31,18.46,10.6,59
shaanxi_guanzhong,2024-10-03,22.0,9.3,0.0,3.63,17.67,18.8,58
shaanxi_guanzhong,2024-10-04,21.3,12.8,0.0,3.2,15.17,12.1,56
shaanxi_guanzhong,2024-10-05,21.4,12.8,0.0,2.92,14.87,9.4,61
shaanxi_guanzhong,2024-10-06,21.5,12.8,0.2,1.95,9.27,12.1,70
shaanxi_guanzhong,2024-10-07,22.8,15.1,0.4,2.9,15.09,11.6,75
shaanxi_guanzhong,2024-10-08,22.3,14.2,0.4,2.16,11.54,10.8,75
shaanxi_guanzhong,2024-10-09,25.4,13.4,0.0,3.19,12.98,13.9,61
shaanxi_guanzhong,2024-10-10,23.7,13.9,0.0,3.66,16.87,10.5,50
shaanxi_guanzhong,2024-10-11,20.8,13.6,0.2,2.2,10.0,7.2,60
shaanxi_guanzhong,2024-10-12,20.8,14.0,1.5,1.93,9.85,11.8,81
shaanxi_guanzhong,2024-10-13,22.3,11.7,0.0,2.89,16.29,7.8,75
shaanxi_guanzhong,2024-10-14,22.8,11.2,0.0,2.87,16.23,7.1,77
shaanxi_guanzhong,2024-10-15,24.2,12.5,0.0,3.06,15.85,12.5,75
shaanxi_guanzhong,2024-10-16,24.8,15.4,0.9,3.6,14.67,21.6,64
shaanxi_guanzhong,2024-10-17,18.6,14.2,8.9,1.07,5.42,10.4,91
shaanxi_guanzhong,2024-10-18,22.8,13.3,0.1,2.28,11.1,12.3,77
shaanxi_guanzhong,2024-10-19,18.2,9.7,5.5,1.73,5.82,30.4,80
shaanxi_guanzhong,2024-10-20,10.7,6.7,1.6,1.52,6.81,26.5,70
shaanxi_guanzhong,2024-10-21,10.4,5.5,0.0,0.92,4.89,21.2,79
shaanxi_guanzhong,2024-10-22,17.0,5.6,0.0,2.63,15.61,17.2,62
shaanxi_guanzhong,2024-10-23,16.6,4.9,0.0,2.28,15.24,6.7,71
shaanxi_guanzhong,2024-10-24,19.6,7.9,0.0,2.37,14.58,8.9,76
shaanxi_guanzhong,2024-10-25,20.7,9.3,0.0,2.52,14.38,15.6,75
shaanxi_guanzhong,2024-10-26,15.8,11.6,5.9,1.48,3.52,17.6,72
shaanxi_guanzhong,2024-10-27,19.7,8.4,0.0,2.37,14.08,10.2,71
shaanxi_guanzhong,2024-10-28,19.8,7.6,0.0,2.36,14.28,8.1,75
shaanxi_guanzhong,2024-10-29,18.7,8.1,1.1,1.73,10.64,9.6,82
shaanxi_guanzhong,2024-10-30,15.1,12.9,7.1,0.7,3.49,11.7,91
shaanxi_guanzhong,2024-10-31,16.9,11.0,12.1,1.26,7.07,10.5,86
shaanxi_guanzhong,2024-11-01,17.6,10.3,0.2,1.39,8.18,8.9,87
shaanxi_guanzhong,2024-11-02,16.8,7.8,0.0,1.57,9.84,9.9,87
shaanxi_guanzhong,2024-11-03,16.4,8.8,0.5,0.87,5.01,13.2,86
shaanxi_guanzhong,2024-11-04,16.0,8.9,0.0,1.91,9.75,15.2,65
shaanxi_guanzhong,2024-11-05,15.7,5.5,0.0,1.99,13.22,9.4,71
shaanxi_guanzhong,2024-11-06,16.1,5.7,0.0,1.87,12.74,8.4,78
shaanxi_guanzhong,2024-11-07,16.5,6.6,0.0,1.77,11.85,7.7,82
shaanxi_guanzhong,2024-11-08,17.1,7.1,0.0,1.76,11.57,7.9,84
shaanxi_guanzhong,2024-11-09,15.6,10.8,0.1,1.12,6.49,7.3,79
shaanxi_guanzhong,2024-11-10,18.3,8.9,0.0,1.65,9.65,7.9,83
shaanxi_guanzhong,2024-11-11,14.7,11.5,1.3,0.54,2.44,6.6,91
shaanxi_guanzhong,2024-11-12,14.4,11.2,3.9,0.5,2.25,8.8,95
shaanxi_guanzhong,2024-11-13,13.6,11.9,1.6,0.41,1.74,12.5,96
shaanxi_guanzhong,2024-11-14,16.1,11.4,0.0,0.8,4.03,9.3,90
shaanxi_guanzhong,2024-11-15,16.1,12.6,3.2,1.15,3.74,23.2,83
shaanxi_guanzhong,2024-11-16,12.2,5.8,8.3,1.31,3.57,19.4,64
shaanxi_guanzhong,2024-11-17,7.6,3.6,4.0,0.49,2.71,6.6,87
shaanxi_guanzhong,2024-11-18,6.0,3.7,7.8,0.39,2.08,12.7,90
shaanxi_guanzhong,2024-11-19,8.4,3.7,0.0,0.74,5.09,6.2,82
shaanxi_guanzhong,2024-11-20,12.5,1.0,0.0,1.51,11.59,7.0,81
shaanxi_guanzhong,2024-11-21,13.3,2.8,0.0,1.51,11.03,7.1,80
shaanxi_guanzhong,2024-11-22,12.1,2.2,0.0,1.46,10.81,10.7,79
shaanxi_guanzhong,2024-11-23,9.4,3.7,0.0,0.74,5.49,12.5,87
shaanxi_guanzhong,2024-11-24,7.8,2.7,7.1,0.44,1.7,23.0,87
shaanxi_guanzhong,2024-11-25,8.4,-0.3,1.7,1.75,11.57,22.6,55
shaanxi_guanzhong,2024-11-26,6.8,-3.3,0.0,1.53,11.01,14.8,53
shaanxi_guanzhong,2024-11-27,10.0,-0.7,0.0,2.32,11.57,18.0,38
shaanxi_guanzhong,2024-11-28,10.9,0.3,0.0,2.33,11.44,14.9,37
shaanxi_guanzhong,2024-11-29,11.3,-2.1,0.0,1.76,11.28,10.2,50
shaanxi_guanzhong,2024-11-30,12.6,0.4,0.0,1.89,11.2,13.1,50
shaanxi_guanzhong,2024-12-01,12.5,-1.3,0.0,1.59,11.41,9.8,65
shaanxi_guanzhong,2024-12-02,9.5,0.7,0.0,1.48,9.24,13.3,58
shaanxi_guanzhong,2024-12-03,9.4,1.8,0.0,1.42,10.54,8.5,62
shaanxi_guanzhong,2024-12-04,9.2,2.6,0.0,1.57,5.91,18.6,52
shaanxi_guanzhong,2024-12-05,7.9,0.1,0.0,1.14,5.64,14.9,59
shaanxi_guanzhong,2024-12-06,9.6,-2.6,0.0,1.36,10.5,9.2,66
shaanxi_guanzhong,2024-12-07,7.1,0.6,0.0,1.84,10.09,16.1,48
shaanxi_guanzhong,2024-12-08,3.8,-2.3,0.0,1.3,8.77,14.1,48
shaanxi_guanzhong,2024-12-09,3.5,-0.8,0.0,0.72,4.22,8.4,63
shaanxi_guanzhong,2024-12-10,5.6,0.1,0.0,0.81,5.29,8.1,67
shaanxi_guanzhong,2024-12-11,6.6,0.8,0.0,1.22,9.56,13.5,68
shaanxi_guanzhong,2024-12-12,5.7,-0.5,0.8,0.93,3.63,18.6,69
shaanxi_guanzhong,2024-12-13,2.9,-3.6,0.0,1.37,9.82,19.5,43
shaanxi_guanzhong,2024-12-14,4.5,-3.6,0.0,1.42,10.82,11.6,40
shaanxi_guanzhong,2024-12-15,6.9,-5.7,0.0,1.42,10.78,9.2,44
shaanxi_guanzhong,2024-12-16,6.5,-5.0,0.0,1.32,10.47,8.1,46
shaanxi_guanzhong,2024-12-17,8.1,-4.1,0.0,1.54,10.73,10.8,46
shaanxi_guanzhong,2024-12-18,5.0,-3.0,0.0,1.54,9.05,16.2,42
shaanxi_guanzhong,2024-12-19,3.9,-3.1,0.1,1.15,10.1,9.9,59
shaanxi_guanzhong,2024-12-20,5.0,-3.9,0.0,1.23,10.49,12.8,65
shaanxi_guanzhong,2024-12-21,1.7,-5.0,0.0,1.24,10.48,9.7,46
shaanxi_guanzhong,2024-12-22,-1.8,-5.2,0.0,0.6,4.15,8.5,51
shaanxi_guanzhong,2024-12-23,3.8,-5.7,0.0,1.2,10.25,9.3,54
shaanxi_guanzhong,2024-12-24,5.9,-2.5,0.1,1.46,9.53,14.9,48
shaanxi_guanzhong,2024-12-25,7.5,-2.6,0.0,1.19,9.33,6.8,54
shaanxi_guanzhong,2024-12-26,5.3,-1.8,0.0,1.28,9.71,12.2,55
shaanxi_guanzhong,2024-12-27,4.2,-5.8,0.0,1.82,8.81,21.4,39
shaanxi_guanzhong,2024-12-28,3.6,-7.1,0.0,1.28,10.96,7.8,39
shaanxi_guanzhong,2024-12-29,6.6,-4.8,0.0,1.72,9.47,15.2,42
shaanxi_guanzhong,2024-12-30,8.5,-2.2,0.0,1.61,9.94,12.6,37
shaanxi_guanzhong,2024-12-31,7.9,-3.5,0.0,1.31,10.81,5.4,46
shaanxi_guanzhong,2025-01-01,10.3,-2.1,0.0,1.75,10.58,13.2,45
shaanxi_guanzhong,2025-01-02,8.4,-1.3,0.0,1.77,10.23,12.0,45
shaanxi_guanzhong,2025-01-03,3.7,-2.7,0.0,1.13,7.97,10.6,49
shaanxi_guanzhong,2025-01-04,8.6,-2.9,0.0,1.21,6.25,13.3,54
shaanxi_guanzhong,2025-01-05,10.0,-3.4,0.0,1.63,10.78,13.0,55
shaanxi_guanzhong,2025-01-06,5.4,-3.2,0.0,1.4,10.0,10.2,49
shaanxi_guanzhong,2025-01-07,6.6,-4.2,0.0,1.36,10.78,8.8,50
shaanxi_guanzhong,2025-01-08,5.5,-4.6,0.0,1.49,11.04,12.8,47
shaanxi_guanzhong,2025-01-09,3.6,-3.7,0.0,1.3,10.19,11.4,48
shaanxi_guanzhong,2025-01-10,5.5,-4.7,0.0,1.26,8.95,13.4,50
shaanxi_guanzhong,2025-01-11,8.6,-2.8,0.0,1.85,11.22,13.1,45
shaanxi_guanzhong,2025-01-12,4.3,-3.3,0.0,1.48,11.31,12.4,52
shaanxi_guanzhong,2025-01-13,7.9,-3.7,0.0,1.38,11.38,8.2,64
shaanxi_guanzhong,2025-01-14,6.7,-1.3,0.0,1.75,9.46,20.6,46
shaanxi_guanzhong,2025-01-15,1.8,-5.2,0.0,1.39,8.33,14.3,35
shaanxi_guanzhong,2025-01-16,6.2,-5.8,0.0,1.48,11.83,8.6,50
shaanxi_guanzhong,2025-01-17,4.0,-5.0,0.0,1.07,8.54,10.8,57
shaanxi_guanzhong,2025-01-18,9.9,-2.2,0.0,1.84,10.43,12.8,43
shaanxi_guanzhong,2025-01-19,8.9,-4.1,0.0,1.66,11.93,7.5,48
shaanxi_guanzhong,2025-01-20,10.5,-3.1,0.0,1.64,12.06,7.6,56
shaanxi_guanzhong,2025-01-21,9.5,-3.0,0.0,1.5,11.52,9.8,66
shaanxi_guanzhong,2025-01-22,10.0,-2.6,0.0,1.54,11.42,10.2,67
shaanxi_guanzhong,2025-01-23,6.5,1.0,0.0,1.0,5.63,13.7,68
shaanxi_guanzhong,2025-01-24,1.8,0.0,15.5,0.3,2.02,5.6,96
shaanxi_guanzhong,2025-01-25,0.7,-3.0,6.7,0.61,4.81,31.0,86
shaanxi_guanzhong,2025-01-26,-0.8,-8.5,0.0,1.32,13.56,22.6,64
shaanxi_guanzhong,2025-01-27,-2.2,-14.0,0.0,1.04,13.67,8.4,68
shaanxi_guanzhong,2025-01-28,0.4,-12.6,0.0,1.13,13.6,8.7,70
shaanxi_guanzhong,2025-01-29,2.5,-9.1,0.0,1.21,12.92,6.2,71
shaanxi_guanzhong,2025-01-30,5.6,-6.6,0.4,1.22,10.03,10.7,66
shaanxi_guanzhong,2025-01-31,7.3,-0.5,1.6,1.21,10.15,11.2,84
shaanxi_guanzhong,2025-02-01,5.3,-1.6,0.0,1.03,9.24,8.4,83
shaanxi_guanzhong,2025-02-02,8.5,-1.3,0.0,1.87,10.26,16.4,56
shaanxi_guanzhong,2025-02-03,7.5,-4.1,0.0,1.89,13.69,14.4,50
shaanxi_guanzhong,2025-02-04,8.4,-4.4,0.0,1.9,13.85,12.2,50
shaanxi_guanzhong,2025-02-05,5.3,-2.4,0.0,1.89,11.13,16.3,38
shaanxi_guanzhong,2025-02-06,8.8,-2.7,0.0,2.0,11.46,18.0,42
shaanxi_guanzhong,2025-02-07,0.8,-4.6,0.0,1.92,13.08,18.4,33
shaanxi_guanzhong,2025-02-08,0.9,-6.1,0.0,1.69,13.85,13.9,31
shaanxi_guanzhong,2025-02-09,4.2,-5.8,0.0,1.49,14.02,5.7,48
shaanxi_guanzhong,2025-02-10,7.8,-3.7,0.0,1.68,14.5,7.6,61
shaanxi_guanzhong,2025-02-11,8.0,-2.5,0.1,1.46,5.43,19.5,54
shaanxi_guanzhong,2025-02-12,5.9,-2.0,0.0,2.34,13.45,18.2,32
shaanxi_guanzhong,2025-02-13,6.5,-4.3,0.0,1.85,14.35,10.7,43
shaanxi_guanzhong,2025-02-14,10.1,-1.8,0.0,1.84,12.24,9.8,50
shaanxi_guanzhong,2025-02-15,12.9,-3.2,0.0,2.37,15.02,11.1,41
shaanxi_guanzhong,2025-02-16,12.3,-0.4,0.0,2.76,15.44,13.4,36
shaanxi_guanzhong,2025-02-17,11.4,-0.1,0.0,1.98,13.96,8.5,52
shaanxi_guanzhong,2025-02-18,11.4,-0.1,0.0,2.04,13.62,13.7,59
shaanxi_guanzhong,2025-02-19,5.4,2.1,1.8,1.09,5.39,12.1,64
shaanxi_guanzhong,2025-02-20,3.6,-0.2,3.2,0.6,4.96,9.6,91
shaanxi_guanzhong,2025-02-21,4.5,-0.7,0.0,0.67,4.99,7.7,89
shaanxi_guanzhong,2025-02-22,6.4,0.5,1.5,1.04,8.06,8.9,84
shaanxi_guanzhong,2025-02-23,6.4,-0.3,0.2,1.92,12.34,11.7,47
shaanxi_guanzhong,2025-02-24,4.4,-2.3,0.0,1.24,7.99,11.5,50
shaanxi_guanzhong,2025-02-25,12.6,-2.9,0.0,2.39,16.74,9.1,61
shaanxi_guanzhong,2025-02-26,12.3,-1.8,0.0,2.25,16.8,6.5,63
shaanxi_guanzhong,2025-02-27,15.4,-1.4,0.0,2.4,16.49,8.7,67
shaanxi_guanzhong,2025-02-28,14.9,3.1,0.0,2.0,13.71,10.1,71
shaanxi_guanzhong,2025-03-01,15.2,4.9,3.2,2.07,12.96,13.4,75
shaanxi_guanzhong,2025-03-02,10.4,6.6,4.8,1.47,3.57,29.2,69
shaanxi_guanzhong,2025-03-03,6.6,1.0,8.7,0.67,3.58,21.2,82
shaanxi_guanzhong,2025-03-04,6.2,-0.1,0.2,1.25,10.84,14.1,77
shaanxi_guanzhong,2025-03-05,11.0,-1.7,0.0,1.74,12.29,13.9,74
shaanxi_guanzhong,2025-03-06,10.9,0.5,0.0,1.99,13.79,12.2,67
shaanxi_guanzhong,2025-03-07,14.8,1.2,0.1,2.43,16.69,11.9,67
shaanxi_guanzhong,2025-03-08,13.7,1.1,0.0,2.39,15.44,15.4,69
shaanxi_guanzhong,2025-03-09,15.7,2.8,0.0,2.73,17.65,11.2,66
shaanxi_guanzhong,2025-03-10,17.9,2.9,0.0,2.84,18.06,9.9,68
shaanxi_guanzhong,2025-03-11,17.7,7.0,0.0,2.44,8.03,17.5,53
shaanxi_guanzhong,2025-03-12,15.7,5.2,0.0,2.68,12.07,10.3,40
shaanxi_guanzhong,2025-03-13,18.3,4.3,0.0,3.5,16.96,22.2,49
shaanxi_guanzhong,2025-03-14,13.6,8.0,3.8,1.83,8.73,20.2,67
shaanxi_guanzhong,2025-03-15,12.2,5.7,1.4,2.75,11.25,28.8,49
shaanxi_guanzhong,2025-03-16,8.6,-2.4,0.0,2.93,19.61,16.2,33
shaanxi_guanzhong,2025-03-17,15.2,-2.9,0.0,3.4,18.89,14.1,38
shaanxi_guanzhong,2025-03-18,14.5,-0.2,0.0,3.58,18.95,14.9,26
shaanxi_guanzhong,2025-03-19,17.6,-0.1,0.0,3.83,19.89,11.2,28
shaanxi_guanzhong,2025-03-20,19.3,2.4,0.0,3.96,20.2,12.4,24
shaanxi_guanzhong,2025-03-21,21.1,3.1,0.0,3.83,18.78,10.3,25
shaanxi_guanzhong,2025-03-22,22.9,5.0,0.0,3.89,17.67,11.1,23
shaanxi_guanzhong,2025-03-23,25.3,11.1,0.0,6.69,20.34,26.2,16
shaanxi_guanzhong,2025-03-24,29.0,9.5,0.0,5.19,20.63,13.5,20
shaanxi_guanzhong,2025-03-25,30.2,9.1,0.0,5.77,20.44,20.8,32
shaanxi_guanzhong,2025-03-26,25.3,13.6,0.0,6.1,19.03,21.7,24
shaanxi_guanzhong,2025-03-27,15.8,6.6,1.4,4.07,13.68,27.4,22
shaanxi_guanzhong,2025-03-28,10.7,3.0,0.0,3.68,17.04,17.0,14
shaanxi_guanzhong,2025-03-29,13.2,1.7,0.0,3.86,18.6,14.9,14
shaanxi_guanzhong,2025-03-30,16.0,1.3,0.0,3.93,20.71,14.4,18
shaanxi_guanzhong,2025-03-31,20.3,2.2,0.0,4.12,18.66,15.8,20
shaanxi_guanzhong,2025-04-01,21.5,4.6,0.0,4.8,17.7,17.0,17
shaanxi_guanzhong,2025-04-02,21.4,6.4,0.0,4.62,18.44,15.1,19
shaanxi_guanzhong,2025-04-03,23.4,5.9,0.0,4.44,20.83,11.3,27
shaanxi_guanzhong,2025-04-04,22.0,10.7,0.0,4.05,12.3,26.5,26
shaanxi_guanzhong,2025-04-05,22.7,8.3,0.0,4.72,19.48,14.3,21
shaanxi_guanzhong,2025-04-06,28.0,9.4,0.0,4.51,18.64,9.9,25
shaanxi_guanzhong,2025-04-07,29.3,14.4,0.0,5.73,20.93,13.2,29
shaanxi_guanzhong,2025-04-08,30.1,15.7,0.3,5.48,20.22,17.5,27
shaanxi_guanzhong,2025-04-09,28.5,14.8,0.3,5.73,19.52,18.7,18
shaanxi_guanzhong,2025-04-10,28.5,12.8,0.0,5.8,21.17,15.4,18
shaanxi_guanzhong,2025-04-11,26.6,16.1,0.0,5.35,10.86,33.8,25
shaanxi_guanzhong,2025-04-12,19.7,7.2,0.0,5.83,21.45,24.8,9
shaanxi_guanzhong,2025-04-13,28.5,8.7,0.0,7.53,21.47,32.8,13
shaanxi_guanzhong,2025-04-14,28.3,14.3,0.0,6.33,21.5,17.4,19
shaanxi_guanzhong,2025-04-15,27.6,13.6,0.0,4.82,18.45,21.2,26
shaanxi_guanzhong,2025-04-16,32.5,14.8,0.0,6.26,21.81,27.5,25
shaanxi_guanzhong,2025-04-17,33.9,16.2,0.0,7.0,21.79,25.5,31
shaanxi_guanzhong,2025-04-18,29.0,18.5,0.0,6.22,18.01,29.6,30
shaanxi_guanzhong,2025-04-19,28.8,13.3,0.0,5.72,21.68,20.8,49
shaanxi_guanzhong,2025-04-20,33.8,17.5,0.0,7.75,20.99,31.0,42
shaanxi_guanzhong,2025-04-21,23.5,15.9,1.5,3.36,5.22,31.0,51
shaanxi_guanzhong,2025-04-22,20.1,11.9,0.0,4.11,15.21,13.9,25
shaanxi_guanzhong,2025-04-23,27.1,8.9,0.0,5.29,22.11,12.1,24
shaanxi_guanzhong,2025-04-24,25.9,14.1,0.0,5.25,20.01,14.6,22
shaanxi_guanzhong,2025-04-25,27.4,12.0,0.0,5.66,19.34,25.0,33
shaanxi_guanzhong,2025-04-26,25.7,17.0,0.0,3.75,13.16,17.9,45
shaanxi_guanzhong,2025-04-27,24.1,16.6,0.2,3.02,8.08,14.9,47
shaanxi_guanzhong,2025-04-28,25.5,12.8,0.0,5.89,22.84,14.7,14
shaanxi_guanzhong,2025-04-29,30.2,13.9,0.0,5.72,15.82,18.4,21
shaanxi_guanzhong,2025-04-30,32.8,17.1,0.0,8.03,21.62,31.5,26
shaanxi_guanzhong,2025-05-01,35.1,14.9,0.0,5.92,21.24,17.9,26
shaanxi_guanzhong,2025-05-02,37.7,19.0,0.0,7.56,21.27,28.2,27
shaanxi_guanzhong,2025-05-03,25.0,16.6,0.0,6.61,21.34,21.5,25
shaanxi_guanzhong,2025-05-04,25.8,14.1,0.2,4.84,16.33,26.4,41
shaanxi_guanzhong,2025-05-05,29.0,10.8,0.0,6.15,21.89,24.7,35
shaanxi_guanzhong,2025-05-06,27.8,14.0,0.0,5.85,20.46,13.7,21
shaanxi_guanzhong,2025-05-07,30.8,13.8,0.0,5.68,22.0,13.4,29
shaanxi_guanzhong,2025-05-08,28.0,18.9,9.7,4.38,17.96,23.7,50
shaanxi_guanzhong,2025-05-09,24.8,15.5,0.0,7.16,21.64,31.3,26
shaanxi_guanzhong,2025-05-10,24.7,11.4,0.0,5.31,22.23,15.8,26
shaanxi_guanzhong,2025-05-11,30.6,10.5,0.0,6.17,24.58,14.9,23
shaanxi_guanzhong,2025-05-12,32.1,15.0,0.0,4.84,19.23,9.6,28
shaanxi_guanzhong,2025-05-13,32.1,20.5,0.5,5.97,21.55,16.6,36
shaanxi_guanzhong,2025-05-14,30.5,21.9,0.0,5.68,15.07,22.1,27
shaanxi_guanzhong,2025-05-15,31.1,18.4,0.0,5.54,19.18,14.4,36
shaanxi_guanzhong,2025-05-16,36.1,17.7,0.0,6.25,20.37,14.9,37
shaanxi_guanzhong,2025-05-17,29.1,20.6,0.0,7.49,21.12,19.4,16
shaanxi_guanzhong,2025-05-18,37.0,17.2,0.0,7.33,22.59,19.6,23
shaanxi_guanzhong,2025-05-19,37.9,20.3,0.0,7.18,23.18,17.1,28
shaanxi_guanzhong,2025-05-20,37.7,21.4,0.0,6.73,23.45,12.6,28
shaanxi_guanzhong,2025-05-21,38.8,23.3,0.0,7.62,21.82,20.9,25
shaanxi_guanzhong,2025-05-22,30.3,17.8,5.9,5.94,20.45,26.5,51
shaanxi_guanzhong,2025-05-23,26.1,18.1,0.0,5.51,20.22,22.2,37
shaanxi_guanzhong,2025-05-24,26.6,14.4,0.0,6.39,22.87,25.3,37
shaanxi_guanzhong,2025-05-25,23.7,15.6,5.4,4.12,19.48,15.1,59
shaanxi_guanzhong,2025-05-26,24.4,14.7,0.0,3.8,16.43,13.9,53
shaanxi_guanzhong,2025-05-27,24.8,16.8,2.5,2.69,12.74,8.6,71
shaanxi_guanzhong,2025-05-28,30.9,15.2,0.0,6.17,24.11,18.9,53
shaanxi_guanzhong,2025-05-29,33.7,18.3,0.0,7.98,23.27,33.2,36
shaanxi_guanzhong,2025-05-30,25.7,17.0,5.2,2.62,5.79,20.6,65
shaanxi_guanzhong,2025-05-31,26.4,16.3,0.5,3.71,16.61,17.2,69
shaanxi_guanzhong,2025-06-01,21.1,17.6,10.0,1.48,6.54,9.4,81
shaanxi_guanzhong,2025-06-02,26.6,14.7,0.0,3.38,14.91,15.4,71
shaanxi_guanzhong,2025-06-03,28.8,15.9,0.0,4.39,19.77,9.2,53
shaanxi_guanzhong,2025-06-04,31.9,16.5,0.0,5.56,20.57,16.3,45
shaanxi_guanzhong,2025-06-05,33.3,17.0,0.0,5.61,24.2,11.3,41
shaanxi_guanzhong,2025-06-06,35.2,20.7,0.0,5.76,20.2,13.2,39
shaanxi_guanzhong,2025-06-07,31.0,22.4,0.5,4.06,13.94,11.7,48
shaanxi_guanzhong,2025-06-08,33.9,20.6,0.0,5.26,21.09,10.6,35
shaanxi_guanzhong,2025-06-09,36.4,20.6,0.0,6.84,19.77,25.3,34
shaanxi_guanzhong,2025-06-10,35.3,24.6,0.0,7.5,21.89,24.0,30
shaanxi_guanzhong,2025-06-11,37.3,21.6,0.0,7.23,23.45,16.2,33
shaanxi_guanzhong,2025-06-12,38.4,22.7,0.0,7.7,24.8,30.2,34
shaanxi_guanzhong,2025-06-13,36.9,23.6,0.0,6.25,19.78,16.3,37
shaanxi_guanzhong,2025-06-14,32.3,20.4,5.7,6.64,19.14,28.1,47
shaanxi_guanzhong,2025-06-15,33.5,17.7,0.0,7.67,25.74,18.3,30
shaanxi_guanzhong,2025-06-16,36.3,20.4,0.0,7.03,26.0,13.7,23
shaanxi_guanzhong,2025-06-17,37.3,21.8,0.0,7.58,19.41,18.3,25
shaanxi_guanzhong,2025-06-18,29.5,21.6,9.9,2.77,9.54,14.2,69
shaanxi_guanzhong,2025-06-19,30.5,21.7,3.1,2.88,12.12,12.1,73
shaanxi_guanzhong,2025-06-20,30.6,21.4,0.0,3.05,12.07,13.1,68
shaanxi_guanzhong,2025-06-21,33.6,20.9,0.0,5.75,23.31,15.6,60
shaanxi_guanzhong,2025-06-22,32.6,23.3,1.3,4.48,15.08,24.3,57
shaanxi_guanzhong,2025-06-23,34.4,20.7,0.0,7.07,23.55,20.6,50
shaanxi_guanzhong,2025-06-24,29.4,21.4,0.0,4.65,9.64,22.4,45
shaanxi_guanzhong,2025-06-25,27.8,19.0,11.8,3.72,15.55,19.1,72
shaanxi_guanzhong,2025-06-26,30.4,17.9,0.0,5.55,24.89,12.5,55
shaanxi_guanzhong,2025-06-27,32.3,20.0,4.1,4.59,19.49,11.0,66
shaanxi_guanzhong,2025-06-28,35.7,19.1,0.0,5.56,23.13,13.4,56
shaanxi_guanzhong,2025-06-29,37.1,22.2,0.0,6.81,23.13,21.2,46
shaanxi_guanzhong,2025-06-30,26.6,20.5,7.0,2.87,10.39,20.9,75
shaanxi_guanzhong,2025-07-01,33.0,18.9,1.0,5.54,23.63,14.1,66
shaanxi_guanzhong,2025-07-02,33.5,23.1,0.0,4.0,15.55,10.9,67
shaanxi_guanzhong,2025-07-03,32.6,24.1,0.1,2.85,10.33,9.2,67
shaanxi_guanzhong,2025-07-04,39.7,23.4,6.1,6.09,22.16,33.0,59
shaanxi_guanzhong,2025-07-05,31.7,21.0,0.0,6.48,24.54,16.7,48
shaanxi_guanzhong,2025-07-06,32.8,23.0,0.2,5.24,21.07,16.5,53
shaanxi_guanzhong,2025-07-07,31.4,22.8,0.6,3.96,13.85,15.0,64
shaanxi_guanzhong,2025-07-08,31.0,22.4,64.1,3.72,16.02,17.2,75
shaanxi_guanzhong,2025-07-09,30.5,21.6,0.6,4.35,19.08,18.1,81
shaanxi_guanzhong,2025-07-10,32.5,23.9,0.8,5.19,20.53,22.0,73
shaanxi_guanzhong,2025-07-11,34.9,24.4,0.2,6.59,22.82,19.0,60
shaanxi_guanzhong,2025-07-12,36.1,24.7,0.2,7.54,24.48,19.4,52
shaanxi_guanzhong,2025-07-13,37.5,25.0,0.0,7.64,25.15,20.8,44
shaanxi_guanzhong,2025-07-14,40.0,26.3,0.0,6.61,25.19,12.6,42
shaanxi_guanzhong,2025-07-15,42.1,26.8,0.0,7.11,24.02,14.9,38
shaanxi_guanzhong,2025-07-16,40.0,29.4,0.1,6.58,21.23,16.8,42
shaanxi_guanzhong,2025-07-17,36.8,26.3,5.2,6.02,21.26,23.4,51
shaanxi_guanzhong,2025-07-18,38.2,28.2,2.6,6.66,22.58,16.8,53
shaanxi_guanzhong,2025-07-19,35.7,24.8,5.6,4.54,18.0,20.6,67
shaanxi_guanzhong,2025-07-20,27.5,21.2,9.3,3.0,13.23,21.1,77
shaanxi_guanzhong,2025-07-21,30.5,22.3,0.8,4.12,17.87,14.2,69
shaanxi_guanzhong,2025-07-22,31.1,23.1,0.5,5.0,21.93,17.6,73
shaanxi_guanzhong,2025-07-23,32.6,24.0,0.2,5.87,23.44,18.2,69
shaanxi_guanzhong,2025-07-24,34.6,25.0,0.0,5.71,20.95,17.4,64
shaanxi_guanzhong,2025-07-25,37.2,26.5,0.0,5.99,20.43,17.6,57
shaanxi_guanzhong,2025-07-26,37.4,26.6,0.2,5.26,19.92,12.9,58
shaanxi_guanzhong,2025-07-27,38.5,25.2,0.1,6.58,22.89,15.9,59
shaanxi_guanzhong,2025-07-28,38.5,27.5,0.0,7.4,23.51,16.1,45
shaanxi_guanzhong,2025-07-29,39.3,28.0,0.4,6.39,22.22,17.0,45
shaanxi_guanzhong,2025-07-30,39.0,26.5,0.1,7.2,23.94,18.3,46
shaanxi_guanzhong,2025-07-31,39.7,28.0,0.0,8.66,23.78,19.4,40
shaanxi_guanzhong,2025-08-01,38.5,28.3,0.0,8.02,21.54,21.6,39
shaanxi_guanzhong,2025-08-02,40.0,28.1,0.0,8.5,23.99,19.9,36
shaanxi_guanzhong,2025-08-03,41.3,28.9,0.0,8.16,23.55,20.2,38
shaanxi_guanzhong,2025-08-04,39.9,25.5,28.7,5.84,20.49,19.3,54
shaanxi_guanzhong,2025-08-05,33.8,25.7,6.7,3.67,14.3,12.8,72
shaanxi_guanzhong,2025-08-06,33.4,25.2,0.1,4.8,19.3,16.1,69
shaanxi_guanzhong,2025-08-07,34.7,25.4,1.2,5.62,21.48,17.3,66
shaanxi_guanzhong,2025-08-08,31.8,25.9,10.9,3.64,14.44,16.2,75
shaanxi_guanzhong,2025-08-09,33.7,24.7,0.0,5.08,18.85,18.6,57
shaanxi_guanzhong,2025-08-10,26.7,22.4,10.8,1.89,7.86,7.9,82
shaanxi_guanzhong,2025-08-11,32.6,19.9,0.0,5.03,23.13,9.8,72
shaanxi_guanzhong,2025-08-12,35.8,22.7,0.4,5.17,21.92,10.0,58
shaanxi_guanzhong,2025-08-13,37.6,21.2,0.0,6.81,24.25,18.2,44
shaanxi_guanzhong,2025-08-14,36.8,24.5,0.0,7.47,22.79,22.6,45
shaanxi_guanzhong,2025-08-15,33.2,25.0,1.9,5.47,18.7,19.6,62
shaanxi_guanzhong,2025-08-16,34.9,23.6,0.8,5.34,20.33,16.8,68
shaanxi_guanzhong,2025-08-17,35.6,24.3,0.0,5.45,18.27,15.9,57
shaanxi_guanzhong,2025-08-18,39.3,25.6,0.0,7.87,21.83,30.5,50
shaanxi_guanzhong,2025-08-19,39.0,26.8,0.0,7.69,20.75,23.5,43
shaanxi_guanzhong,2025-08-20,37.6,26.6,3.0,6.46,20.39,20.0,46
shaanxi_guanzhong,2025-08-21,33.9,24.0,7.7,5.52,16.82,19.4,50
shaanxi_guanzhong,2025-08-22,34.2,22.2,0.0,5.44,19.8,17.4,49
shaanxi_guanzhong,2025-08-23,28.8,24.4,1.6,2.74,9.35,11.1,62
shaanxi_guanzhong,2025-08-24,32.6,21.3,0.2,4.72,18.67,19.1,56
shaanxi_guanzhong,2025-08-25,30.6,23.6,3.0,3.5,12.85,17.8,66
shaanxi_guanzhong,2025-08-26,36.2,23.6,0.0,5.27,16.49,20.7,62
shaanxi_guanzhong,2025-08-27,31.2,24.6,0.0,4.75,14.93,18.4,60
shaanxi_guanzhong,2025-08-28,29.3,22.0,0.0,4.91,13.97,20.0,52
shaanxi_guanzhong,2025-08-29,21.5,17.3,7.8,1.77,6.14,19.3,82
shaanxi_guanzhong,2025-08-30,20.2,16.2,3.6,1.03,4.8,9.5,93
shaanxi_guanzhong,2025-08-31,27.7,16.1,0.0,4.18,21.07,10.8,79
shaanxi_guanzhong,2025-09-01,29.7,17.0,0.0,5.15,22.08,23.5,69
shaanxi_guanzhong,2025-09-02,23.7,19.4,10.1,1.88,5.89,19.2,80
shaanxi_guanzhong,2025-09-03,24.5,18.3,1.4,2.23,11.26,10.2,87
shaanxi_guanzhong,2025-09-04,23.4,19.6,6.5,1.76,8.56,17.6,90
shaanxi_guanzhong,2025-09-05,20.6,16.3,28.1,0.99,3.57,30.4,88
shaanxi_guanzhong,2025-09-06,24.5,12.4,0.0,3.84,21.02,7.6,74
shaanxi_guanzhong,2025-09-07,23.4,15.4,2.3,2.39,11.91,10.9,80
shaanxi_guanzhong,2025-09-08,27.3,17.5,0.9,4.26,21.36,11.3,72
shaanxi_guanzhong,2025-09-09,25.8,18.0,0.0,3.63,18.74,9.1,77
shaanxi_guanzhong,2025-09-10,25.0,20.0,9.1,2.3,11.23,14.8,81
shaanxi_guanzhong,2025-09-11,22.9,19.8,19.5,1.2,6.11,13.5,93
shaanxi_guanzhong,2025-09-12,24.6,18.4,1.1,2.49,12.77,12.6,85
shaanxi_guanzhong,2025-09-13,26.9,17.8,0.3,2.77,14.31,7.6,85
shaanxi_guanzhong,2025-09-14,28.6,18.9,0.0,3.87,19.2,12.1,82
shaanxi_guanzhong,2025-09-15,27.8,20.1,0.4,3.32,16.17,15.9,82
shaanxi_guanzhong,2025-09-16,24.4,20.4,7.7,1.54,7.34,16.6,89
shaanxi_guanzhong,2025-09-17,20.6,16.2,12.1,0.96,4.11,10.5,89
shaanxi_guanzhong,2025-09-18,16.1,12.5,53.4,0.57,2.26,22.2,93
shaanxi_guanzhong,2025-09-19,18.6,11.7,0.0,2.2,12.75,8.7,81
shaanxi_guanzhong,2025-09-20,19.7,11.2,0.6,1.84,10.31,13.2,85
shaanxi_guanzhong,2025-09-21,14.9,13.0,12.0,0.63,2.52,17.8,93
shaanxi_guanzhong,2025-09-22,15.8,12.8,4.3,0.89,4.24,12.6,90
shaanxi_guanzhong,2025-09-23,22.0,13.5,11.0,2.34,12.91,11.0,85
shaanxi_guanzhong,2025-09-24,21.7,11.3,0.0,2.84,17.03,9.8,86
shaanxi_guanzhong,2025-09-25,22.0,13.7,0.0,2.84,16.36,10.4,82
shaanxi_guanzhong,2025-09-26,21.7,15.0,0.3,2.09,10.45,12.9,76
shaanxi_guanzhong,2025-09-27,19.3,16.2,3.4,0.88,3.82,10.4,89
shaanxi_guanzhong,2025-09-28,19.4,16.2,16.2,0.62,2.47,7.7,94
shaanxi_guanzhong,2025-09-29,23.1,13.8,0.0,2.7,14.88,10.5,82
shaanxi_guanzhong,2025-09-30,25.1,13.5,0.0,3.26,17.59,6.7,78
shaanxi_guanzhong,2025-10-01,19.7,15.3,27.7,0.66,2.77,14.4,91
shaanxi_guanzhong,2025-10-02,19.5,15.1,1.1,1.86,9.59,14.8,82
shaanxi_guanzhong,2025-10-03,19.2,15.8,1.6,1.17,5.4,8.8,83
shaanxi_guanzhong,2025-10-04,17.4,15.8,9.4,0.7,3.22,8.7,95
shaanxi_guanzhong,2025-10-05,18.3,15.8,16.4,0.78,3.48,10.8,94
shaanxi_guanzhong,2025-10-06,17.1,14.6,7.0,0.77,3.3,17.9,90
shaanxi_guanzhong,2025-10-07,17.2,14.4,3.0,0.8,3.72,11.1,91
shaanxi_guanzhong,2025-10-08,23.3,15.0,0.3,1.75,9.2,13.1,90
shaanxi_guanzhong,2025-10-09,20.6,16.3,2.2,1.75,8.4,16.0,84
shaanxi_guanzhong,2025-10-10,16.2,14.3,4.9,0.72,2.83,12.5,89
shaanxi_guanzhong,2025-10-11,16.9,13.7,14.6,0.92,4.2,19.6,90
shaanxi_guanzhong,2025-10-12,16.7,13.2,21.2,0.96,4.26,15.8,88
shaanxi_guanzhong,2025-10-13,20.6,10.3,0.0,2.77,16.32,10.2,80
shaanxi_guanzhong,2025-10-14,17.0,12.6,7.4,1.25,6.56,14.8,87
shaanxi_guanzhong,2025-10-15,21.0,11.9,1.3,2.66,15.04,15.4,81
shaanxi_guanzhong,2025-10-16,17.2,13.4,6.9,0.78,2.98,13.9,89
shaanxi_guanzhong,2025-10-17,14.2,8.7,7.1,1.56,6.44,33.4,74
shaanxi_guanzhong,2025-10-18,15.3,6.9,0.3,1.39,8.33,9.7,83
shaanxi_guanzhong,2025-10-19,13.8,11.7,4.7,0.79,3.83,11.8,89
shaanxi_guanzhong,2025-10-20,12.1,6.6,23.0,0.39,1.98,18.8,94
shaanxi_guanzhong,2025-10-21,10.6,6.1,0.0,1.02,5.97,13.6,79
shaanxi_guanzhong,2025-10-22,12.0,8.0,0.2,1.26,7.54,10.4,75
shaanxi_guanzhong,2025-10-23,11.1,9.0,1.8,0.79,4.18,7.9,81
shaanxi_guanzhong,2025-10-24,9.9,8.6,8.3,0.47,2.46,12.1,94
shaanxi_guanzhong,2025-10-25,14.6,7.4,0.6,1.34,8.52,9.2,83
shaanxi_guanzhong,2025-10-26,18.0,6.3,0.0,2.14,12.96,8.6,76
shaanxi_guanzhong,2025-10-27,16.8,7.0,0.0,2.2,14.41,8.8,74
shaanxi_guanzhong,2025-10-28,17.8,6.1,0.0,2.12,13.85,6.9,82
shaanxi_guanzhong,2025-10-29,15.5,8.7,0.0,1.2,7.33,7.1,88
shaanxi_guanzhong,2025-10-30,19.2,7.7,0.0,2.21,13.85,10.3,83
shaanxi_guanzhong,2025-10-31,20.0,8.8,0.0,2.0,11.66,7.0,70
shaanxi_guanzhong,2025-11-01,18.0,6.0,0.0,1.9,11.5,7.4,70
shaanxi_guanzhong,2025-11-02,17.1,7.9,0.0,1.97,11.97,10.2,73
shaanxi_guanzhong,2025-11-03,15.9,7.9,0.0,1.8,11.75,7.2,71
shaanxi_guanzhong,2025-11-04,17.7,8.5,0.0,1.93,12.36,7.4,79
shaanxi_guanzhong,2025-11-05,17.7,10.4,0.0,1.75,5.75,22.5,74
shaanxi_guanzhong,2025-11-06,14.5,10.8,0.2,1.76,3.87,25.0,71
shaanxi_guanzhong,2025-11-07,12.8,7.7,8.0,0.88,3.85,20.3,80
shaanxi_guanzhong,2025-11-08,16.0,7.4,0.0,1.79,10.76,10.4,68
shaanxi_guanzhong,2025-11-09,15.4,7.1,0.0,1.99,12.41,9.2,67
shaanxi_guanzhong,2025-11-10,11.7,6.6,0.0,0.99,3.14,10.0,62
shaanxi_guanzhong,2025-11-11,15.4,4.2,0.0,1.76,11.8,8.1,73
shaanxi_guanzhong,2025-11-12,16.8,5.8,0.0,2.04,11.72,8.0,65
shaanxi_guanzhong,2025-11-13,14.2,4.6,0.0,1.87,12.11,8.9,59
shaanxi_guanzhong,2025-11-14,15.6,4.0,0.0,1.43,8.49,9.7,69
shaanxi_guanzhong,2025-11-15,17.3,4.9,0.0,1.84,12.01,8.0,74
shaanxi_guanzhong,2025-11-16,12.3,3.9,1.7,1.64,6.13,15.3,60
shaanxi_guanzhong,2025-11-17,4.0,0.0,6.1,0.98,7.39,10.2,70
shaanxi_guanzhong,2025-11-18,5.1,-2.9,0.0,2.22,12.75,19.4,31
shaanxi_guanzhong,2025-11-19,8.7,-4.2,0.0,1.52,11.14,7.6,52
shaanxi_guanzhong,2025-11-20,12.8,0.0,0.0,1.92,12.05,9.6,46
shaanxi_guanzhong,2025-11-21,11.7,-0.7,0.0,1.64,12.07,7.2,62
shaanxi_guanzhong,2025-11-22,11.5,3.0,0.0,1.31,5.74,12.5,61
shaanxi_guanzhong,2025-11-23,15.2,3.4,0.0,2.01,11.66,10.7,53
shaanxi_guanzhong,2025-11-24,10.0,1.2,0.0,2.92,10.53,28.2,35
shaanxi_guanzhong,2025-11-25,10.2,-3.4,0.0,1.46,11.81,8.9,67
shaanxi_guanzhong,2025-11-26,13.5,0.2,0.0,2.46,11.33,32.2,51
shaanxi_guanzhong,2025-11-27,15.5,0.2,0.0,2.3,11.58,19.6,50
shaanxi_guanzhong,2025-11-28,18.1,2.0,0.0,2.25,11.61,17.2,53
shaanxi_guanzhong,2025-11-29,16.5,2.4,0.0,2.07,11.57,11.6,46
shaanxi_guanzhong,2025-11-30,14.3,2.1,0.0,2.31,11.36,13.9,44
shaanxi_guanzhong,2025-12-01,8.8,-0.5,0.0,1.57,11.08,14.4,48
shaanxi_guanzhong,2025-12-02,7.3,0.5,0.0,1.95,10.87,14.2,42
shaanxi_guanzhong,2025-12-03,6.5,-2.9,0.0,1.63,10.98,15.8,50
shaanxi_guanzhong,2025-12-04,10.0,-1.8,0.0,1.5,10.92,9.8,56
shaanxi_guanzhong,2025-12-05,7.6,-2.9,0.0,1.26,10.93,7.1,68
shaanxi_guanzhong,2025-12-06,11.7,-1.8,0.0,1.33,10.57,9.0,74
shaanxi_guanzhong,2025-12-07,13.6,-0.3,0.0,1.99,10.72,16.0,46
shaanxi_guanzhong,2025-12-08,9.0,1.1,0.0,1.28,8.93,9.9,56
shaanxi_guanzhong,2025-12-09,9.0,-1.2,0.0,1.17,8.31,8.4,65
shaanxi_guanzhong,2025-12-10,14.9,1.7,0.0,1.57,10.45,12.2,68
shaanxi_guanzhong,2025-12-11,10.2,0.5,0.0,1.62,10.39,12.3,59
shaanxi_guanzhong,2025-12-12,5.2,1.2,4.7,0.85,2.05,25.8,71
shaanxi_guanzhong,2025-12-13,4.7,-4.5,0.0,1.65,11.1,22.6,44
shaanxi_guanzhong,2025-12-14,4.6,-5.4,0.0,1.09,10.66,7.4,64
shaanxi_guanzhong,2025-12-15,7.5,-3.9,0.0,1.17,10.5,7.2,74
shaanxi_guanzhong,2025-12-16,14.0,-1.7,0.0,1.69,10.03,14.8,65
shaanxi_guanzhong,2025-12-17,8.9,-1.3,0.0,1.4,10.45,12.2,63
shaanxi_guanzhong,2025-12-18,10.1,-2.4,0.0,1.23,10.39,7.6,77
shaanxi_guanzhong,2025-12-19,11.6,1.5,0.0,1.85,10.15,16.3,55
shaanxi_guanzhong,2025-12-20,7.9,0.4,0.0,1.51,6.0,16.5,52
shaanxi_guanzhong,2025-12-21,6.1,-2.2,0.0,1.23,8.99,10.8,56
shaanxi_guanzhong,2025-12-22,4.6,-0.8,0.2,0.86,5.69,19.7,72
shaanxi_guanzhong,2025-12-23,7.6,1.3,0.0,1.78,9.28,26.6,50
shaanxi_guanzhong,2025-12-24,9.0,-2.8,0.0,1.67,9.62,18.3,55
shaanxi_guanzhong,2025-12-25,5.4,-3.3,0.0,1.47,10.55,11.7,49
shaanxi_guanzhong,2025-12-26,4.6,-4.5,0.0,1.09,10.34,7.6,63
shaanxi_guanzhong,2025-12-27,6.8,-3.5,0.0,1.2,10.52,9.1,68
shaanxi_guanzhong,2025-12-28,9.4,-3.4,0.0,1.28,10.44,9.7,69
shaanxi_guanzhong,2025-12-29,8.4,-0.9,0.0,1.55,10.48,10.8,57
shaanxi_guanzhong,2025-12-30,6.2,-3.5,0.0,1.08,8.96,6.3,69
shaanxi_guanzhong,2025-12-31,3.4,-2.9,14.1,0.28,2.48,14.6,93
