site_id,date,soil_moisture_0_to_7cm_mean,soil_moisture_7_to_28cm_mean,soil_moisture_28_to_100cm_mean,soil_moisture_100_to_255cm_mean
henan_north,1981-01-01,0.168,0.187,0.192,0.188
henan_north,1981-01-02,0.168,0.186,0.19,0.175
henan_north,1981-01-03,0.168,0.186,0.19,0.175
henan_north,1981-01-04,0.169,0.186,0.19,0.175
henan_north,1981-01-05,0.169,0.186,0.19,0.175
henan_north,1981-01-06,0.169,0.185,0.19,0.175
henan_north,1981-01-07,0.169,0.185,0.19,0.175
henan_north,1981-01-08,0.169,0.185,0.19,0.175
henan_north,1981-01-09,0.169,0.185,0.19,0.175
henan_north,1981-01-10,0.169,0.184,0.19,0.175
henan_north,1981-01-11,0.168,0.184,0.19,0.175
henan_north,1981-01-12,0.168,0.183,0.19,0.175
henan_north,1981-01-13,0.166,0.183,0.19,0.175
henan_north,1981-01-14,0.165,0.182,0.19,0.175
henan_north,1981-01-15,0.164,0.181,0.189,0.175
henan_north,1981-01-16,0.164,0.181,0.189,0.175
henan_north,1981-01-17,0.164,0.181,0.189,0.175
henan_north,1981-01-18,0.164,0.181,0.189,0.175
henan_north,1981-01-19,0.164,0.18,0.189,0.175
henan_north,1981-01-20,0.164,0.18,0.189,0.175
henan_north,1981-01-21,0.164,0.18,0.189,0.175
henan_north,1981-01-22,0.164,0.18,0.189,0.175
henan_north,1981-01-23,0.165,0.18,0.189,0.175
henan_north,1981-01-24,0.168,0.179,0.189,0.175
henan_north,1981-01-25,0.168,0.179,0.189,0.175
henan_north,1981-01-26,0.169,0.179,0.189,0.175
henan_north,1981-01-27,0.169,0.179,0.189,0.175
henan_north,1981-01-28,0.171,0.179,0.189,0.175
henan_north,1981-01-29,0.177,0.179,0.189,0.175
henan_north,1981-01-30,0.189,0.179,0.189,0.175
henan_north,1981-01-31,0.202,0.179,0.189,0.175
henan_north,1981-02-01,0.213,0.18,0.189,0.175
henan_north,1981-02-02,0.218,0.18,0.189,0.175
henan_north,1981-02-03,0.217,0.18,0.189,0.175
henan_north,1981-02-04,0.217,0.181,0.189,0.175
henan_north,1981-02-05,0.216,0.181,0.189,0.175
henan_north,1981-02-06,0.215,0.182,0.189,0.175
henan_north,1981-02-07,0.212,0.182,0.188,0.175
henan_north,1981-02-08,0.207,0.182,0.188,0.175
henan_north,1981-02-09,0.202,0.181,0.188,0.175
henan_north,1981-02-10,0.197,0.181,0.188,0.175
henan_north,1981-02-11,0.193,0.18,0.188,0.175
henan_north,1981-02-12,0.189,0.179,0.187,0.175
henan_north,1981-02-13,0.185,0.179,0.187,0.175
henan_north,1981-02-14,0.182,0.178,0.187,0.175
henan_north,1981-02-15,0.179,0.178,0.187,0.175
henan_north,1981-02-16,0.176,0.177,0.187,0.175
henan_north,1981-02-17,0.175,0.177,0.187,0.175
henan_north,1981-02-18,0.176,0.176,0.186,0.175
henan_north,1981-02-19,0.18,0.176,0.186,0.175
henan_north,1981-02-20,0.185,0.176,0.186,0.175
henan_north,1981-02-21,0.185,0.175,0.186,0.175
henan_north,1981-02-22,0.208,0.175,0.186,0.175
henan_north,1981-02-23,0.211,0.175,0.186,0.175
henan_north,1981-02-24,0.209,0.175,0.186,0.175
henan_north,1981-02-25,0.204,0.175,0.186,0.175
henan_north,1981-02-26,0.2,0.175,0.185,0.175
henan_north,1981-02-27,0.198,0.175,0.185,0.175
henan_north,1981-02-28,0.196,0.175,0.185,0.175
henan_north,1981-03-01,0.194,0.175,0.185,0.175
henan_north,1981-03-02,0.194,0.174,0.185,0.175
henan_north,1981-03-03,0.196,0.174,0.185,0.175
henan_north,1981-03-04,0.19,0.174,0.185,0.175
henan_north,1981-03-05,0.184,0.172,0.184,0.175
henan_north,1981-03-06,0.179,0.172,0.184,0.175
henan_north,1981-03-07,0.172,0.17,0.183,0.175
henan_north,1981-03-08,0.167,0.169,0.183,0.175
henan_north,1981-03-09,0.163,0.168,0.183,0.175
henan_north,1981-03-10,0.159,0.167,0.182,0.175
henan_north,1981-03-11,0.156,0.166,0.182,0.175
henan_north,1981-03-12,0.153,0.164,0.182,0.175
henan_north,1981-03-13,0.149,0.163,0.181,0.175
henan_north,1981-03-14,0.146,0.161,0.181,0.175
henan_north,1981-03-15,0.143,0.16,0.18,0.175
henan_north,1981-03-16,0.14,0.158,0.179,0.175
henan_north,1981-03-17,0.138,0.157,0.179,0.175
henan_north,1981-03-18,0.136,0.156,0.178,0.175
henan_north,1981-03-19,0.135,0.155,0.178,0.175
henan_north,1981-03-20,0.253,0.156,0.177,0.175
henan_north,1981-03-21,0.268,0.163,0.177,0.175
henan_north,1981-03-22,0.244,0.165,0.177,0.175
henan_north,1981-03-23,0.25,0.167,0.176,0.175
henan_north,1981-03-24,0.31,0.179,0.176,0.175
henan_north,1981-03-25,0.27,0.185,0.176,0.175
henan_north,1981-03-26,0.245,0.186,0.176,0.175
henan_north,1981-03-27,0.231,0.185,0.175,0.175
henan_north,1981-03-28,0.222,0.185,0.175,0.175
henan_north,1981-03-29,0.217,0.184,0.175,0.175
henan_north,1981-03-30,0.226,0.184,0.174,0.175
henan_north,1981-03-31,0.225,0.184,0.174,0.175
henan_north,1981-04-01,0.218,0.184,0.174,0.175
henan_north,1981-04-02,0.209,0.183,0.174,0.175
henan_north,1981-04-03,0.205,0.182,0.174,0.175
henan_north,1981-04-04,0.199,0.18,0.173,0.175
henan_north,1981-04-05,0.189,0.178,0.173,0.175
henan_north,1981-04-06,0.18,0.175,0.172,0.175
henan_north,1981-04-07,0.172,0.173,0.172,0.175
henan_north,1981-04-08,0.179,0.172,0.172,0.175
henan_north,1981-04-09,0.178,0.171,0.172,0.175
henan_north,1981-04-10,0.17,0.168,0.171,0.175
henan_north,1981-04-11,0.162,0.166,0.17,0.175
henan_north,1981-04-12,0.158,0.164,0.17,0.175
henan_north,1981-04-13,0.157,0.163,0.17,0.175
henan_north,1981-04-14,0.18,0.162,0.169,0.175
henan_north,1981-04-15,0.176,0.16,0.169,0.175
henan_north,1981-04-16,0.167,0.158,0.168,0.174
henan_north,1981-04-17,0.16,0.157,0.168,0.174
henan_north,1981-04-18,0.156,0.155,0.167,0.174
henan_north,1981-04-19,0.149,0.153,0.166,0.174
henan_north,1981-04-20,0.144,0.152,0.166,0.174
henan_north,1981-04-21,0.143,0.151,0.165,0.174
henan_north,1981-04-22,0.143,0.149,0.165,0.174
henan_north,1981-04-23,0.139,0.147,0.164,0.174
henan_north,1981-04-24,0.136,0.146,0.163,0.174
henan_north,1981-04-25,0.133,0.144,0.162,0.174
henan_north,1981-04-26,0.131,0.143,0.162,0.174
henan_north,1981-04-27,0.129,0.142,0.161,0.174
henan_north,1981-04-28,0.128,0.141,0.16,0.174
henan_north,1981-04-29,0.127,0.14,0.159,0.174
henan_north,1981-04-30,0.126,0.139,0.159,0.174
henan_north,1981-05-01,0.125,0.138,0.158,0.174
henan_north,1981-05-02,0.124,0.138,0.157,0.174
henan_north,1981-05-03,0.123,0.137,0.157,0.174
henan_north,1981-05-04,0.123,0.137,0.156,0.174
henan_north,1981-05-05,0.122,0.136,0.156,0.174
henan_north,1981-05-06,0.122,0.136,0.155,0.174
henan_north,1981-05-07,0.121,0.135,0.154,0.173
henan_north,1981-05-08,0.128,0.135,0.153,0.173
henan_north,1981-05-09,0.147,0.135,0.153,0.173
henan_north,1981-05-10,0.143,0.135,0.152,0.173
henan_north,1981-05-11,0.138,0.134,0.152,0.173
henan_north,1981-05-12,0.134,0.134,0.152,0.173
henan_north,1981-05-13,0.132,0.134,0.151,0.173
henan_north,1981-05-14,0.136,0.134,0.151,0.173
henan_north,1981-05-15,0.134,0.134,0.15,0.173
henan_north,1981-05-16,0.132,0.134,0.15,0.173
henan_north,1981-05-17,0.13,0.134,0.149,0.173
henan_north,1981-05-18,0.128,0.134,0.149,0.173
henan_north,1981-05-19,0.127,0.133,0.149,0.173
henan_north,1981-05-20,0.126,0.133,0.148,0.173
henan_north,1981-05-21,0.125,0.133,0.148,0.173
henan_north,1981-05-22,0.124,0.133,0.147,0.173
henan_north,1981-05-23,0.123,0.133,0.147,0.173
henan_north,1981-05-24,0.123,0.133,0.147,0.173
henan_north,1981-05-25,0.122,0.133,0.146,0.173
henan_north,1981-05-26,0.122,0.133,0.146,0.173
henan_north,1981-05-27,0.121,0.133,0.145,0.172
henan_north,1981-05-28,0.121,0.133,0.145,0.172
henan_north,1981-05-29,0.121,0.133,0.145,0.172
henan_north,1981-05-30,0.12,0.133,0.144,0.172
henan_north,1981-05-31,0.121,0.133,0.144,0.172
henan_north,1981-06-01,0.123,0.133,0.144,0.172
henan_north,1981-06-02,0.123,0.133,0.144,0.172
henan_north,1981-06-03,0.124,0.133,0.143,0.172
henan_north,1981-06-04,0.124,0.133,0.143,0.172
henan_north,1981-06-05,0.123,0.133,0.143,0.172
henan_north,1981-06-06,0.122,0.133,0.143,0.172
henan_north,1981-06-07,0.121,0.133,0.142,0.172
henan_north,1981-06-08,0.173,0.133,0.142,0.172
henan_north,1981-06-09,0.195,0.133,0.142,0.172
henan_north,1981-06-10,0.185,0.134,0.142,0.172
henan_north,1981-06-11,0.176,0.134,0.142,0.172
henan_north,1981-06-12,0.165,0.134,0.142,0.172
henan_north,1981-06-13,0.153,0.134,0.142,0.172
henan_north,1981-06-14,0.144,0.134,0.141,0.172
henan_north,1981-06-15,0.137,0.134,0.141,0.172
henan_north,1981-06-16,0.132,0.134,0.141,0.172
henan_north,1981-06-17,0.129,0.134,0.141,0.171
henan_north,1981-06-18,0.127,0.133,0.14,0.171
henan_north,1981-06-19,0.126,0.133,0.14,0.171
henan_north,1981-06-20,0.295,0.14,0.14,0.171
henan_north,1981-06-21,0.345,0.194,0.14,0.171
henan_north,1981-06-22,0.28,0.207,0.14,0.171
henan_north,1981-06-23,0.248,0.205,0.14,0.171
henan_north,1981-06-24,0.253,0.202,0.14,0.171
henan_north,1981-06-25,0.246,0.201,0.14,0.171
henan_north,1981-06-26,0.22,0.196,0.14,0.171
henan_north,1981-06-27,0.2,0.191,0.14,0.171
henan_north,1981-06-28,0.182,0.185,0.14,0.171
henan_north,1981-06-29,0.165,0.178,0.139,0.171
henan_north,1981-06-30,0.154,0.173,0.139,0.171
henan_north,1981-07-01,0.147,0.169,0.139,0.171
henan_north,1981-07-02,0.14,0.164,0.139,0.171
henan_north,1981-07-03,0.322,0.171,0.139,0.171
henan_north,1981-07-04,0.374,0.255,0.139,0.171
henan_north,1981-07-05,0.358,0.29,0.14,0.171
henan_north,1981-07-06,0.407,0.371,0.144,0.171
henan_north,1981-07-07,0.4,0.384,0.156,0.171
henan_north,1981-07-08,0.401,0.378,0.164,0.171
henan_north,1981-07-09,0.386,0.377,0.174,0.171
henan_north,1981-07-10,0.364,0.357,0.18,0.171
henan_north,1981-07-11,0.332,0.336,0.183,0.171
henan_north,1981-07-12,0.313,0.319,0.184,0.171
henan_north,1981-07-13,0.322,0.309,0.185,0.171
henan_north,1981-07-14,0.378,0.326,0.186,0.171
henan_north,1981-07-15,0.4,0.364,0.189,0.171
henan_north,1981-07-16,0.389,0.386,0.203,0.171
henan_north,1981-07-17,0.358,0.359,0.208,0.171
henan_north,1981-07-18,0.366,0.344,0.211,0.171
henan_north,1981-07-19,0.385,0.357,0.213,0.171
henan_north,1981-07-20,0.352,0.346,0.216,0.171
henan_north,1981-07-21,0.322,0.328,0.216,0.171
henan_north,1981-07-22,0.298,0.312,0.217,0.171
henan_north,1981-07-23,0.28,0.298,0.216,0.171
henan_north,1981-07-24,0.267,0.286,0.216,0.171
henan_north,1981-07-25,0.268,0.277,0.215,0.171
henan_north,1981-07-26,0.269,0.271,0.215,0.171
henan_north,1981-07-27,0.256,0.263,0.214,0.171
henan_north,1981-07-28,0.245,0.254,0.213,0.171
henan_north,1981-07-29,0.325,0.254,0.212,0.171
henan_north,1981-07-30,0.358,0.283,0.212,0.171
henan_north,1981-07-31,0.316,0.286,0.212,0.171
henan_north,1981-08-01,0.311,0.281,0.212,0.171
henan_north,1981-08-02,0.29,0.274,0.211,0.171
henan_north,1981-08-03,0.262,0.263,0.21,0.171
henan_north,1981-08-04,0.249,0.254,0.209,0.171
henan_north,1981-08-05,0.234,0.247,0.208,0.171
henan_north,1981-08-06,0.221,0.241,0.207,0.171
henan_north,1981-08-07,0.207,0.232,0.206,0.17
henan_north,1981-08-08,0.192,0.223,0.205,0.17
henan_north,1981-08-09,0.269,0.242,0.204,0.17
henan_north,1981-08-10,0.406,0.388,0.209,0.17
henan_north,1981-08-11,0.373,0.369,0.216,0.17
henan_north,1981-08-12,0.353,0.351,0.219,0.17
henan_north,1981-08-13,0.332,0.336,0.221,0.17
henan_north,1981-08-14,0.313,0.321,0.221,0.17
henan_north,1981-08-15,0.339,0.315,0.222,0.17
henan_north,1981-08-16,0.412,0.38,0.226,0.17
henan_north,1981-08-17,0.412,0.399,0.238,0.17
henan_north,1981-08-18,0.404,0.394,0.249,0.17
henan_north,1981-08-19,0.412,0.404,0.266,0.171
henan_north,1981-08-20,0.403,0.395,0.287,0.171
henan_north,1981-08-21,0.383,0.379,0.292,0.171
henan_north,1981-08-22,0.385,0.374,0.294,0.171
henan_north,1981-08-23,0.403,0.387,0.297,0.171
henan_north,1981-08-24,0.414,0.412,0.318,0.171
henan_north,1981-08-25,0.388,0.39,0.325,0.171
henan_north,1981-08-26,0.365,0.372,0.326,0.172
henan_north,1981-08-27,0.346,0.357,0.325,0.172
henan_north,1981-08-28,0.331,0.344,0.323,0.172
henan_north,1981-08-29,0.321,0.334,0.321,0.172
henan_north,1981-08-30,0.308,0.324,0.319,0.173
henan_north,1981-08-31,0.303,0.316,0.318,0.173
henan_north,1981-09-01,0.298,0.31,0.316,0.173
henan_north,1981-09-02,0.28,0.3,0.313,0.173
henan_north,1981-09-03,0.265,0.291,0.311,0.174
henan_north,1981-09-04,0.255,0.283,0.308,0.174
henan_north,1981-09-05,0.25,0.277,0.307,0.174
henan_north,1981-09-06,0.25,0.273,0.305,0.174
henan_north,1981-09-07,0.265,0.272,0.304,0.174
henan_north,1981-09-08,0.261,0.268,0.302,0.174
henan_north,1981-09-09,0.247,0.263,0.3,0.174
henan_north,1981-09-10,0.239,0.26,0.299,0.175
henan_north,1981-09-11,0.228,0.254,0.296,0.175
henan_north,1981-09-12,0.223,0.25,0.295,0.175
henan_north,1981-09-13,0.244,0.248,0.293,0.175
henan_north,1981-09-14,0.297,0.25,0.292,0.175
henan_north,1981-09-15,0.279,0.251,0.291,0.175
henan_north,1981-09-16,0.261,0.248,0.289,0.175
henan_north,1981-09-17,0.246,0.245,0.287,0.175
henan_north,1981-09-18,0.236,0.241,0.285,0.175
henan_north,1981-09-19,0.229,0.238,0.284,0.176
henan_north,1981-09-20,0.22,0.234,0.282,0.176
henan_north,1981-09-21,0.209,0.23,0.28,0.176
henan_north,1981-09-22,0.199,0.225,0.278,0.176
henan_north,1981-09-23,0.192,0.222,0.276,0.176
henan_north,1981-09-24,0.185,0.218,0.274,0.176
henan_north,1981-09-25,0.178,0.214,0.272,0.176
henan_north,1981-09-26,0.172,0.211,0.27,0.176
henan_north,1981-09-27,0.19,0.209,0.269,0.176
henan_north,1981-09-28,0.314,0.223,0.269,0.176
henan_north,1981-09-29,0.34,0.262,0.268,0.176
henan_north,1981-09-30,0.321,0.271,0.268,0.176
henan_north,1981-10-01,0.297,0.272,0.267,0.176
henan_north,1981-10-02,0.281,0.27,0.266,0.176
henan_north,1981-10-03,0.274,0.268,0.266,0.176
henan_north,1981-10-04,0.288,0.267,0.265,0.176
henan_north,1981-10-05,0.281,0.267,0.265,0.176
henan_north,1981-10-06,0.273,0.265,0.264,0.176
henan_north,1981-10-07,0.269,0.263,0.264,0.176
henan_north,1981-10-08,0.259,0.261,0.263,0.176
henan_north,1981-10-09,0.248,0.258,0.262,0.176
henan_north,1981-10-10,0.239,0.254,0.261,0.177
henan_north,1981-10-11,0.232,0.251,0.261,0.177
henan_north,1981-10-12,0.225,0.247,0.26,0.177
henan_north,1981-10-13,0.22,0.244,0.259,0.177
henan_north,1981-10-14,0.216,0.241,0.258,0.177
henan_north,1981-10-15,0.212,0.239,0.258,0.177
henan_north,1981-10-16,0.209,0.237,0.257,0.177
henan_north,1981-10-17,0.206,0.234,0.256,0.177
henan_north,1981-10-18,0.208,0.233,0.256,0.177
henan_north,1981-10-19,0.224,0.232,0.255,0.177
henan_north,1981-10-20,0.227,0.23,0.255,0.177
henan_north,1981-10-21,0.278,0.231,0.254,0.177
henan_north,1981-10-22,0.277,0.234,0.254,0.177
henan_north,1981-10-23,0.262,0.234,0.253,0.177
henan_north,1981-10-24,0.251,0.233,0.253,0.177
henan_north,1981-10-25,0.241,0.232,0.252,0.177
henan_north,1981-10-26,0.234,0.231,0.252,0.177
henan_north,1981-10-27,0.234,0.23,0.251,0.177
henan_north,1981-10-28,0.239,0.229,0.251,0.177
henan_north,1981-10-29,0.231,0.228,0.25,0.177
henan_north,1981-10-30,0.225,0.226,0.25,0.177
henan_north,1981-10-31,0.218,0.225,0.249,0.177
henan_north,1981-11-01,0.243,0.224,0.248,0.177
henan_north,1981-11-02,0.282,0.227,0.248,0.177
henan_north,1981-11-03,0.266,0.228,0.248,0.177
henan_north,1981-11-04,0.26,0.229,0.247,0.177
henan_north,1981-11-05,0.301,0.232,0.247,0.177
henan_north,1981-11-06,0.326,0.244,0.247,0.177
henan_north,1981-11-07,0.302,0.251,0.247,0.177
henan_north,1981-11-08,0.288,0.253,0.247,0.177
henan_north,1981-11-09,0.276,0.254,0.246,0.177
henan_north,1981-11-10,0.267,0.253,0.246,0.177
henan_north,1981-11-11,0.26,0.252,0.245,0.177
henan_north,1981-11-12,0.255,0.251,0.245,0.177
henan_north,1981-11-13,0.25,0.249,0.245,0.177
henan_north,1981-11-14,0.245,0.248,0.244,0.178
henan_north,1981-11-15,0.24,0.246,0.244,0.178
henan_north,1981-11-16,0.235,0.244,0.244,0.178
henan_north,1981-11-17,0.232,0.243,0.243,0.178
henan_north,1981-11-18,0.229,0.242,0.243,0.178
henan_north,1981-11-19,0.227,0.24,0.243,0.178
henan_north,1981-11-20,0.224,0.239,0.243,0.178
henan_north,1981-11-21,0.222,0.238,0.242,0.178
henan_north,1981-11-22,0.23,0.237,0.242,0.178
henan_north,1981-11-23,0.236,0.237,0.242,0.178
henan_north,1981-11-24,0.234,0.236,0.242,0.178
henan_north,1981-11-25,0.24,0.235,0.242,0.178
henan_north,1981-11-26,0.243,0.236,0.241,0.178
henan_north,1981-11-27,0.24,0.235,0.241,0.178
henan_north,1981-11-28,0.237,0.235,0.241,0.178
henan_north,1981-11-29,0.234,0.234,0.241,0.178
henan_north,1981-11-30,0.233,0.233,0.24,0.178
henan_north,1981-12-01,0.231,0.233,0.24,0.178
henan_north,1981-12-02,0.23,0.232,0.24,0.178
henan_north,1981-12-03,0.228,0.232,0.24,0.178
henan_north,1981-12-04,0.227,0.231,0.24,0.178
henan_north,1981-12-05,0.226,0.231,0.24,0.178
henan_north,1981-12-06,0.224,0.23,0.239,0.178
henan_north,1981-12-07,0.222,0.229,0.239,0.178
henan_north,1981-12-08,0.22,0.229,0.239,0.178
henan_north,1981-12-09,0.219,0.228,0.239,0.178
henan_north,1981-12-10,0.217,0.227,0.238,0.178
henan_north,1981-12-11,0.214,0.226,0.238,0.178
henan_north,1981-12-12,0.212,0.225,0.238,0.178
henan_north,1981-12-13,0.21,0.224,0.237,0.178
henan_north,1981-12-14,0.209,0.223,0.237,0.178
henan_north,1981-12-15,0.208,0.222,0.237,0.178
henan_north,1981-12-16,0.208,0.222,0.237,0.178
henan_north,1981-12-17,0.207,0.221,0.237,0.178
henan_north,1981-12-18,0.206,0.221,0.236,0.178
henan_north,1981-12-19,0.205,0.22,0.236,0.178
henan_north,1981-12-20,0.204,0.22,0.236,0.178
henan_north,1981-12-21,0.204,0.219,0.236,0.178
henan_north,1981-12-22,0.202,0.218,0.236,0.178
henan_north,1981-12-23,0.2,0.217,0.235,0.178
henan_north,1981-12-24,0.199,0.217,0.235,0.178
henan_north,1981-12-25,0.199,0.216,0.235,0.178
henan_north,1981-12-26,0.197,0.215,0.235,0.178
henan_north,1981-12-27,0.196,0.214,0.234,0.178
henan_north,1981-12-28,0.195,0.213,0.234,0.178
henan_north,1981-12-29,0.194,0.213,0.234,0.178
henan_north,1981-12-30,0.193,0.212,0.234,0.178
henan_north,1981-12-31,0.192,0.212,0.233,0.178
henan_north,1982-01-01,0.192,0.211,0.233,0.178
henan_north,1982-01-02,0.192,0.211,0.233,0.178
henan_north,1982-01-03,0.194,0.21,0.233,0.178
henan_north,1982-01-04,0.194,0.21,0.233,0.178
henan_north,1982-01-05,0.193,0.209,0.232,0.178
henan_north,1982-01-06,0.193,0.209,0.232,0.178
henan_north,1982-01-07,0.192,0.208,0.232,0.178
henan_north,1982-01-08,0.191,0.208,0.232,0.178
henan_north,1982-01-09,0.189,0.207,0.232,0.178
henan_north,1982-01-10,0.188,0.207,0.231,0.178
henan_north,1982-01-11,0.187,0.206,0.231,0.179
henan_north,1982-01-12,0.186,0.205,0.231,0.179
henan_north,1982-01-13,0.185,0.205,0.231,0.179
henan_north,1982-01-14,0.185,0.204,0.23,0.179
henan_north,1982-01-15,0.184,0.204,0.23,0.179
henan_north,1982-01-16,0.184,0.203,0.23,0.179
henan_north,1982-01-17,0.184,0.203,0.23,0.179
henan_north,1982-01-18,0.184,0.203,0.23,0.179
henan_north,1982-01-19,0.185,0.203,0.23,0.179
henan_north,1982-01-20,0.185,0.203,0.23,0.179
henan_north,1982-01-21,0.185,0.203,0.23,0.179
henan_north,1982-01-22,0.184,0.202,0.229,0.179
henan_north,1982-01-23,0.184,0.202,0.229,0.179
henan_north,1982-01-24,0.186,0.202,0.229,0.179
henan_north,1982-01-25,0.192,0.201,0.229,0.179
henan_north,1982-01-26,0.195,0.201,0.229,0.179
henan_north,1982-01-27,0.195,0.201,0.228,0.179
henan_north,1982-01-28,0.194,0.2,0.228,0.179
henan_north,1982-01-29,0.193,0.2,0.228,0.179
henan_north,1982-01-30,0.192,0.2,0.228,0.179
henan_north,1982-01-31,0.194,0.2,0.228,0.179
henan_north,1982-02-01,0.199,0.2,0.228,0.179
henan_north,1982-02-02,0.201,0.2,0.227,0.179
henan_north,1982-02-03,0.203,0.2,0.227,0.179
henan_north,1982-02-04,0.205,0.2,0.227,0.179
henan_north,1982-02-05,0.209,0.2,0.227,0.179
henan_north,1982-02-06,0.217,0.2,0.227,0.179
henan_north,1982-02-07,0.223,0.201,0.227,0.179
henan_north,1982-02-08,0.228,0.201,0.227,0.179
henan_north,1982-02-09,0.235,0.202,0.226,0.179
henan_north,1982-02-10,0.239,0.202,0.226,0.179
henan_north,1982-02-11,0.238,0.203,0.226,0.179
henan_north,1982-02-12,0.235,0.203,0.226,0.179
henan_north,1982-02-13,0.231,0.203,0.225,0.179
henan_north,1982-02-14,0.226,0.203,0.225,0.179
henan_north,1982-02-15,0.221,0.203,0.225,0.179
henan_north,1982-02-16,0.218,0.203,0.224,0.179
henan_north,1982-02-17,0.214,0.202,0.224,0.179
henan_north,1982-02-18,0.244,0.203,0.224,0.179
henan_north,1982-02-19,0.244,0.204,0.224,0.179
henan_north,1982-02-20,0.238,0.204,0.224,0.179
henan_north,1982-02-21,0.232,0.205,0.223,0.179
henan_north,1982-02-22,0.239,0.205,0.223,0.179
henan_north,1982-02-23,0.24,0.205,0.223,0.179
henan_north,1982-02-24,0.257,0.207,0.223,0.179
henan_north,1982-02-25,0.249,0.208,0.223,0.179
henan_north,1982-02-26,0.243,0.208,0.222,0.179
henan_north,1982-02-27,0.236,0.208,0.222,0.179
henan_north,1982-02-28,0.235,0.207,0.222,0.179
henan_north,1982-03-01,0.229,0.207,0.221,0.179
henan_north,1982-03-02,0.222,0.206,0.221,0.179
henan_north,1982-03-03,0.215,0.205,0.22,0.179
henan_north,1982-03-04,0.216,0.204,0.22,0.179
henan_north,1982-03-05,0.237,0.204,0.22,0.179
henan_north,1982-03-06,0.24,0.204,0.219,0.179
henan_north,1982-03-07,0.235,0.204,0.219,0.179
henan_north,1982-03-08,0.227,0.204,0.219,0.179
henan_north,1982-03-09,0.217,0.202,0.218,0.179
henan_north,1982-03-10,0.207,0.2,0.217,0.179
henan_north,1982-03-11,0.2,0.198,0.217,0.179
henan_north,1982-03-12,0.194,0.196,0.216,0.179
henan_north,1982-03-13,0.189,0.195,0.216,0.179
henan_north,1982-03-14,0.185,0.193,0.215,0.179
henan_north,1982-03-15,0.183,0.191,0.215,0.179
henan_north,1982-03-16,0.209,0.189,0.214,0.179
henan_north,1982-03-17,0.287,0.192,0.214,0.179
henan_north,1982-03-18,0.295,0.198,0.213,0.179
henan_north,1982-03-19,0.319,0.212,0.213,0.179
henan_north,1982-03-20,0.29,0.219,0.213,0.179
henan_north,1982-03-21,0.271,0.221,0.212,0.179
henan_north,1982-03-22,0.254,0.22,0.212,0.179
henan_north,1982-03-23,0.247,0.219,0.211,0.179
henan_north,1982-03-24,0.243,0.219,0.211,0.179
henan_north,1982-03-25,0.24,0.218,0.211,0.179
henan_north,1982-03-26,0.24,0.217,0.211,0.179
henan_north,1982-03-27,0.239,0.216,0.211,0.179
henan_north,1982-03-28,0.23,0.215,0.21,0.179
henan_north,1982-03-29,0.228,0.213,0.21,0.179
henan_north,1982-03-30,0.225,0.212,0.209,0.179
henan_north,1982-03-31,0.214,0.209,0.209,0.179
henan_north,1982-04-01,0.218,0.207,0.208,0.179
henan_north,1982-04-02,0.263,0.207,0.208,0.179
henan_north,1982-04-03,0.247,0.207,0.207,0.179
henan_north,1982-04-04,0.233,0.205,0.207,0.179
henan_north,1982-04-05,0.221,0.203,0.206,0.179
henan_north,1982-04-06,0.209,0.199,0.205,0.179
henan_north,1982-04-07,0.196,0.195,0.204,0.179
henan_north,1982-04-08,0.184,0.192,0.203,0.179
henan_north,1982-04-09,0.175,0.188,0.202,0.179
henan_north,1982-04-10,0.167,0.185,0.201,0.179
henan_north,1982-04-11,0.161,0.182,0.2,0.179
henan_north,1982-04-12,0.156,0.178,0.199,0.179
henan_north,1982-04-13,0.151,0.175,0.198,0.179
henan_north,1982-04-14,0.146,0.171,0.197,0.179
henan_north,1982-04-15,0.141,0.168,0.196,0.179
henan_north,1982-04-16,0.138,0.165,0.194,0.179
henan_north,1982-04-17,0.136,0.162,0.193,0.178
henan_north,1982-04-18,0.134,0.16,0.192,0.178
henan_north,1982-04-19,0.133,0.158,0.191,0.178
henan_north,1982-04-20,0.133,0.156,0.19,0.178
henan_north,1982-04-21,0.132,0.155,0.189,0.178
henan_north,1982-04-22,0.132,0.153,0.188,0.178
henan_north,1982-04-23,0.131,0.151,0.187,0.178
henan_north,1982-04-24,0.13,0.149,0.185,0.178
henan_north,1982-04-25,0.129,0.147,0.184,0.178
henan_north,1982-04-26,0.129,0.146,0.184,0.178
henan_north,1982-04-27,0.134,0.145,0.182,0.178
henan_north,1982-04-28,0.144,0.145,0.182,0.178
henan_north,1982-04-29,0.14,0.144,0.181,0.178
henan_north,1982-04-30,0.137,0.143,0.18,0.178
henan_north,1982-05-01,0.135,0.142,0.179,0.178
henan_north,1982-05-02,0.132,0.141,0.178,0.178
henan_north,1982-05-03,0.13,0.14,0.177,0.178
henan_north,1982-05-04,0.129,0.14,0.176,0.178
henan_north,1982-05-05,0.127,0.139,0.175,0.178
henan_north,1982-05-06,0.126,0.138,0.174,0.178
henan_north,1982-05-07,0.125,0.138,0.173,0.178
henan_north,1982-05-08,0.124,0.137,0.172,0.178
henan_north,1982-05-09,0.123,0.137,0.171,0.178
henan_north,1982-05-10,0.123,0.136,0.169,0.177
henan_north,1982-05-11,0.123,0.136,0.169,0.177
henan_north,1982-05-12,0.264,0.14,0.168,0.177
henan_north,1982-05-13,0.28,0.154,0.168,0.177
henan_north,1982-05-14,0.239,0.156,0.167,0.177
henan_north,1982-05-15,0.211,0.156,0.167,0.177
henan_north,1982-05-16,0.188,0.154,0.166,0.177
henan_north,1982-05-17,0.171,0.152,0.165,0.177
henan_north,1982-05-18,0.159,0.15,0.164,0.177
henan_north,1982-05-19,0.149,0.148,0.163,0.177
henan_north,1982-05-20,0.141,0.146,0.162,0.177
henan_north,1982-05-21,0.136,0.144,0.162,0.177
henan_north,1982-05-22,0.133,0.143,0.161,0.177
henan_north,1982-05-23,0.13,0.141,0.16,0.177
henan_north,1982-05-24,0.128,0.14,0.159,0.177
henan_north,1982-05-25,0.127,0.139,0.158,0.177
henan_north,1982-05-26,0.183,0.138,0.157,0.177
henan_north,1982-05-27,0.228,0.141,0.157,0.177
henan_north,1982-05-28,0.222,0.141,0.157,0.177
henan_north,1982-05-29,0.29,0.147,0.157,0.177
henan_north,1982-05-30,0.314,0.163,0.157,0.177
henan_north,1982-05-31,0.277,0.173,0.157,0.176
henan_north,1982-06-01,0.341,0.229,0.156,0.176
henan_north,1982-06-02,0.296,0.251,0.156,0.176
henan_north,1982-06-03,0.26,0.243,0.156,0.176
henan_north,1982-06-04,0.236,0.235,0.156,0.176
henan_north,1982-06-05,0.219,0.229,0.156,0.176
henan_north,1982-06-06,0.202,0.221,0.156,0.176
henan_north,1982-06-07,0.194,0.213,0.155,0.176
henan_north,1982-06-08,0.2,0.208,0.155,0.176
henan_north,1982-06-09,0.272,0.206,0.155,0.176
henan_north,1982-06-10,0.343,0.229,0.155,0.176
henan_north,1982-06-11,0.306,0.237,0.155,0.176
henan_north,1982-06-12,0.304,0.24,0.155,0.176
henan_north,1982-06-13,0.268,0.236,0.155,0.176
henan_north,1982-06-14,0.245,0.231,0.155,0.176
henan_north,1982-06-15,0.278,0.228,0.155,0.176
henan_north,1982-06-16,0.276,0.227,0.155,0.176
henan_north,1982-06-17,0.256,0.223,0.154,0.176
henan_north,1982-06-18,0.237,0.217,0.154,0.176
henan_north,1982-06-19,0.215,0.211,0.154,0.176
henan_north,1982-06-20,0.198,0.204,0.154,0.176
henan_north,1982-06-21,0.232,0.201,0.153,0.176
henan_north,1982-06-22,0.249,0.2,0.153,0.176
henan_north,1982-06-23,0.222,0.195,0.153,0.176
henan_north,1982-06-24,0.203,0.191,0.153,0.176
henan_north,1982-06-25,0.184,0.185,0.152,0.176
henan_north,1982-06-26,0.169,0.179,0.152,0.176
henan_north,1982-06-27,0.159,0.176,0.152,0.176
henan_north,1982-06-28,0.153,0.173,0.151,0.176
henan_north,1982-06-29,0.147,0.169,0.151,0.176
henan_north,1982-06-30,0.141,0.165,0.151,0.176
henan_north,1982-07-01,0.136,0.16,0.15,0.175
henan_north,1982-07-02,0.133,0.157,0.149,0.175
henan_north,1982-07-03,0.14,0.154,0.149,0.175
henan_north,1982-07-04,0.344,0.187,0.149,0.175
henan_north,1982-07-05,0.298,0.215,0.149,0.175
henan_north,1982-07-06,0.258,0.212,0.149,0.175
henan_north,1982-07-07,0.229,0.206,0.148,0.175
henan_north,1982-07-08,0.226,0.2,0.148,0.175
henan_north,1982-07-09,0.378,0.32,0.149,0.175
henan_north,1982-07-10,0.363,0.333,0.152,0.175
henan_north,1982-07-11,0.349,0.33,0.154,0.175
henan_north,1982-07-12,0.361,0.333,0.156,0.175
henan_north,1982-07-13,0.378,0.368,0.162,0.175
henan_north,1982-07-14,0.344,0.345,0.167,0.175
henan_north,1982-07-15,0.318,0.325,0.169,0.175
henan_north,1982-07-16,0.294,0.308,0.17,0.175
henan_north,1982-07-17,0.273,0.292,0.17,0.175
henan_north,1982-07-18,0.253,0.278,0.171,0.175
henan_north,1982-07-19,0.239,0.266,0.17,0.175
henan_north,1982-07-20,0.231,0.258,0.17,0.175
henan_north,1982-07-21,0.233,0.252,0.17,0.175
henan_north,1982-07-22,0.242,0.247,0.17,0.175
henan_north,1982-07-23,0.252,0.242,0.17,0.175
henan_north,1982-07-24,0.336,0.246,0.17,0.175
henan_north,1982-07-25,0.341,0.264,0.17,0.175
henan_north,1982-07-26,0.305,0.263,0.17,0.175
henan_north,1982-07-27,0.283,0.257,0.17,0.175
henan_north,1982-07-28,0.341,0.262,0.17,0.175
henan_north,1982-07-29,0.306,0.263,0.17,0.175
henan_north,1982-07-30,0.359,0.272,0.17,0.175
henan_north,1982-07-31,0.381,0.324,0.171,0.175
henan_north,1982-08-01,0.426,0.413,0.191,0.175
henan_north,1982-08-02,0.427,0.421,0.25,0.175
henan_north,1982-08-03,0.427,0.421,0.288,0.175
henan_north,1982-08-04,0.419,0.415,0.314,0.175
henan_north,1982-08-05,0.388,0.39,0.322,0.175
henan_north,1982-08-06,0.367,0.372,0.323,0.175
henan_north,1982-08-07,0.356,0.358,0.322,0.176
henan_north,1982-08-08,0.354,0.35,0.321,0.176
henan_north,1982-08-09,0.359,0.343,0.32,0.176
henan_north,1982-08-10,0.406,0.379,0.32,0.176
henan_north,1982-08-11,0.409,0.403,0.325,0.177
henan_north,1982-08-12,0.425,0.418,0.34,0.177
henan_north,1982-08-13,0.416,0.414,0.358,0.178
henan_north,1982-08-14,0.394,0.397,0.362,0.178
henan_north,1982-08-15,0.393,0.387,0.362,0.179
henan_north,1982-08-16,0.383,0.383,0.36,0.18
henan_north,1982-08-17,0.364,0.372,0.358,0.18
henan_north,1982-08-18,0.348,0.36,0.355,0.181
henan_north,1982-08-19,0.331,0.347,0.352,0.182
henan_north,1982-08-20,0.316,0.335,0.349,0.182
henan_north,1982-08-21,0.309,0.326,0.346,0.183
henan_north,1982-08-22,0.301,0.319,0.343,0.183
henan_north,1982-08-23,0.289,0.31,0.34,0.183
henan_north,1982-08-24,0.301,0.306,0.337,0.184
henan_north,1982-08-25,0.303,0.303,0.335,0.184
henan_north,1982-08-26,0.286,0.297,0.332,0.184
henan_north,1982-08-27,0.27,0.289,0.329,0.185
henan_north,1982-08-28,0.261,0.283,0.326,0.185
henan_north,1982-08-29,0.263,0.279,0.324,0.185
henan_north,1982-08-30,0.274,0.279,0.322,0.185
henan_north,1982-08-31,0.351,0.288,0.321,0.186
henan_north,1982-09-01,0.356,0.312,0.32,0.186
henan_north,1982-09-02,0.366,0.322,0.32,0.186
henan_north,1982-09-03,0.396,0.353,0.319,0.186
henan_north,1982-09-04,0.368,0.362,0.32,0.187
henan_north,1982-09-05,0.349,0.353,0.319,0.187
henan_north,1982-09-06,0.331,0.342,0.318,0.187
henan_north,1982-09-07,0.321,0.333,0.316,0.187
henan_north,1982-09-08,0.312,0.325,0.315,0.187
henan_north,1982-09-09,0.302,0.317,0.313,0.188
henan_north,1982-09-10,0.291,0.309,0.312,0.188
henan_north,1982-09-11,0.281,0.301,0.31,0.188
henan_north,1982-09-12,0.271,0.294,0.308,0.188
henan_north,1982-09-13,0.264,0.287,0.306,0.188
henan_north,1982-09-14,0.26,0.282,0.304,0.188
henan_north,1982-09-15,0.253,0.276,0.303,0.188
henan_north,1982-09-16,0.245,0.271,0.301,0.189
henan_north,1982-09-17,0.304,0.27,0.3,0.189
henan_north,1982-09-18,0.326,0.279,0.299,0.189
henan_north,1982-09-19,0.304,0.281,0.298,0.189
henan_north,1982-09-20,0.284,0.277,0.296,0.189
henan_north,1982-09-21,0.267,0.272,0.295,0.189
henan_north,1982-09-22,0.256,0.268,0.293,0.189
henan_north,1982-09-23,0.246,0.264,0.291,0.189
henan_north,1982-09-24,0.237,0.259,0.29,0.189
henan_north,1982-09-25,0.233,0.255,0.288,0.189
henan_north,1982-09-26,0.256,0.253,0.287,0.19
henan_north,1982-09-27,0.249,0.251,0.286,0.19
henan_north,1982-09-28,0.239,0.249,0.285,0.19
henan_north,1982-09-29,0.232,0.246,0.284,0.19
henan_north,1982-09-30,0.227,0.244,0.283,0.19
henan_north,1982-10-01,0.319,0.256,0.282,0.19
henan_north,1982-10-02,0.349,0.299,0.282,0.19
henan_north,1982-10-03,0.318,0.3,0.281,0.19
henan_north,1982-10-04,0.303,0.297,0.28,0.19
henan_north,1982-10-05,0.291,0.293,0.279,0.19
henan_north,1982-10-06,0.28,0.289,0.279,0.19
henan_north,1982-10-07,0.27,0.284,0.278,0.19
henan_north,1982-10-08,0.261,0.278,0.277,0.19
henan_north,1982-10-09,0.254,0.273,0.276,0.19
henan_north,1982-10-10,0.247,0.269,0.275,0.19
henan_north,1982-10-11,0.241,0.265,0.274,0.19
henan_north,1982-10-12,0.236,0.261,0.273,0.19
henan_north,1982-10-13,0.236,0.258,0.272,0.191
henan_north,1982-10-14,0.242,0.255,0.271,0.191
henan_north,1982-10-15,0.237,0.253,0.271,0.191
henan_north,1982-10-16,0.231,0.25,0.27,0.191
henan_north,1982-10-17,0.227,0.248,0.269,0.191
henan_north,1982-10-18,0.22,0.245,0.268,0.191
henan_north,1982-10-19,0.213,0.242,0.267,0.191
henan_north,1982-10-20,0.207,0.239,0.266,0.191
henan_north,1982-10-21,0.203,0.236,0.265,0.191
henan_north,1982-10-22,0.199,0.233,0.264,0.191
henan_north,1982-10-23,0.266,0.233,0.264,0.191
henan_north,1982-10-24,0.278,0.235,0.264,0.191
henan_north,1982-10-25,0.267,0.236,0.263,0.191
henan_north,1982-10-26,0.257,0.236,0.263,0.191
henan_north,1982-10-27,0.249,0.236,0.262,0.191
henan_north,1982-10-28,0.243,0.235,0.261,0.191
henan_north,1982-10-29,0.239,0.235,0.261,0.191
henan_north,1982-10-30,0.243,0.234,0.261,0.191
henan_north,1982-10-31,0.242,0.234,0.26,0.191
henan_north,1982-11-01,0.234,0.232,0.259,0.191
henan_north,1982-11-02,0.227,0.231,0.259,0.191
henan_north,1982-11-03,0.223,0.23,0.258,0.191
henan_north,1982-11-04,0.219,0.229,0.257,0.191
henan_north,1982-11-05,0.216,0.227,0.257,0.191
henan_north,1982-11-06,0.215,0.226,0.257,0.191
henan_north,1982-11-07,0.214,0.226,0.256,0.191
henan_north,1982-11-08,0.267,0.226,0.256,0.191
henan_north,1982-11-09,0.275,0.229,0.255,0.191
henan_north,1982-11-10,0.263,0.23,0.255,0.191
henan_north,1982-11-11,0.253,0.23,0.254,0.191
henan_north,1982-11-12,0.245,0.23,0.254,0.191
henan_north,1982-11-13,0.241,0.23,0.253,0.191
henan_north,1982-11-14,0.235,0.229,0.253,0.192
henan_north,1982-11-15,0.232,0.228,0.253,0.192
henan_north,1982-11-16,0.228,0.228,0.252,0.192
henan_north,1982-11-17,0.224,0.227,0.252,0.192
henan_north,1982-11-18,0.221,0.226,0.251,0.192
henan_north,1982-11-19,0.218,0.225,0.251,0.192
henan_north,1982-11-20,0.216,0.224,0.251,0.192
henan_north,1982-11-21,0.228,0.224,0.25,0.192
henan_north,1982-11-22,0.229,0.224,0.25,0.192
henan_north,1982-11-23,0.225,0.224,0.25,0.192
henan_north,1982-11-24,0.221,0.223,0.249,0.192
henan_north,1982-11-25,0.218,0.222,0.249,0.192
henan_north,1982-11-26,0.216,0.222,0.249,0.192
henan_north,1982-11-27,0.223,0.221,0.248,0.192
henan_north,1982-11-28,0.296,0.224,0.248,0.192
henan_north,1982-11-29,0.286,0.229,0.248,0.192
henan_north,1982-11-30,0.273,0.231,0.248,0.192
henan_north,1982-12-01,0.263,0.232,0.247,0.192
henan_north,1982-12-02,0.255,0.233,0.247,0.192
henan_north,1982-12-03,0.25,0.233,0.247,0.192
henan_north,1982-12-04,0.245,0.232,0.246,0.192
henan_north,1982-12-05,0.24,0.232,0.246,0.192
henan_north,1982-12-06,0.237,0.232,0.246,0.192
henan_north,1982-12-07,0.235,0.232,0.246,0.192
henan_north,1982-12-08,0.233,0.231,0.245,0.192
henan_north,1982-12-09,0.232,0.231,0.245,0.192
henan_north,1982-12-10,0.234,0.231,0.245,0.192
henan_north,1982-12-11,0.232,0.231,0.245,0.192
henan_north,1982-12-12,0.23,0.23,0.245,0.192
henan_north,1982-12-13,0.229,0.23,0.244,0.192
henan_north,1982-12-14,0.227,0.23,0.244,0.192
henan_north,1982-12-15,0.228,0.229,0.244,0.192
henan_north,1982-12-16,0.232,0.229,0.244,0.192
henan_north,1982-12-17,0.231,0.229,0.244,0.192
henan_north,1982-12-18,0.231,0.229,0.244,0.192
henan_north,1982-12-19,0.231,0.229,0.243,0.192
henan_north,1982-12-20,0.229,0.228,0.243,0.192
henan_north,1982-12-21,0.227,0.227,0.243,0.192
henan_north,1982-12-22,0.222,0.226,0.242,0.192
henan_north,1982-12-23,0.219,0.226,0.242,0.192
henan_north,1982-12-24,0.217,0.225,0.242,0.192
henan_north,1982-12-25,0.215,0.224,0.242,0.192
henan_north,1982-12-26,0.213,0.224,0.241,0.192
henan_north,1982-12-27,0.212,0.223,0.241,0.192
henan_north,1982-12-28,0.211,0.223,0.241,0.192
henan_north,1982-12-29,0.21,0.222,0.241,0.192
henan_north,1982-12-30,0.208,0.221,0.24,0.192
henan_north,1982-12-31,0.207,0.221,0.24,0.192
henan_north,1983-01-01,0.206,0.22,0.24,0.192
henan_north,1983-01-02,0.205,0.219,0.24,0.192
henan_north,1983-01-03,0.205,0.219,0.24,0.192
henan_north,1983-01-04,0.206,0.219,0.239,0.192
henan_north,1983-01-05,0.206,0.218,0.239,0.192
henan_north,1983-01-06,0.205,0.218,0.239,0.192
henan_north,1983-01-07,0.205,0.218,0.239,0.192
henan_north,1983-01-08,0.204,0.217,0.239,0.192
henan_north,1983-01-09,0.205,0.217,0.239,0.193
henan_north,1983-01-10,0.205,0.217,0.239,0.193
henan_north,1983-01-11,0.206,0.217,0.238,0.193
henan_north,1983-01-12,0.205,0.217,0.238,0.193
henan_north,1983-01-13,0.205,0.217,0.238,0.193
henan_north,1983-01-14,0.204,0.216,0.238,0.193
henan_north,1983-01-15,0.203,0.216,0.238,0.193
henan_north,1983-01-16,0.202,0.215,0.238,0.193
henan_north,1983-01-17,0.202,0.215,0.237,0.193
henan_north,1983-01-18,0.201,0.214,0.237,0.193
henan_north,1983-01-19,0.203,0.214,0.237,0.193
henan_north,1983-01-20,0.204,0.214,0.237,0.193
henan_north,1983-01-21,0.205,0.214,0.237,0.193
henan_north,1983-01-22,0.206,0.213,0.237,0.193
henan_north,1983-01-23,0.207,0.213,0.236,0.193
henan_north,1983-01-24,0.207,0.213,0.236,0.193
henan_north,1983-01-25,0.207,0.213,0.236,0.193
henan_north,1983-01-26,0.206,0.213,0.236,0.193
henan_north,1983-01-27,0.204,0.212,0.236,0.193
henan_north,1983-01-28,0.202,0.211,0.235,0.193
henan_north,1983-01-29,0.201,0.211,0.235,0.193
henan_north,1983-01-30,0.198,0.21,0.235,0.193
henan_north,1983-01-31,0.197,0.209,0.235,0.193
henan_north,1983-02-01,0.199,0.209,0.234,0.193
henan_north,1983-02-02,0.202,0.209,0.234,0.193
henan_north,1983-02-03,0.205,0.209,0.234,0.193
henan_north,1983-02-04,0.206,0.208,0.234,0.193
henan_north,1983-02-05,0.204,0.207,0.233,0.193
henan_north,1983-02-06,0.2,0.206,0.233,0.193
henan_north,1983-02-07,0.198,0.206,0.233,0.193
henan_north,1983-02-08,0.194,0.205,0.232,0.193
henan_north,1983-02-09,0.191,0.204,0.232,0.193
henan_north,1983-02-10,0.189,0.203,0.232,0.193
henan_north,1983-02-11,0.187,0.202,0.231,0.193
henan_north,1983-02-12,0.185,0.202,0.231,0.193
henan_north,1983-02-13,0.184,0.201,0.231,0.193
henan_north,1983-02-14,0.185,0.2,0.23,0.193
henan_north,1983-02-15,0.182,0.199,0.23,0.193
henan_north,1983-02-16,0.179,0.198,0.229,0.193
henan_north,1983-02-17,0.176,0.197,0.229,0.193
henan_north,1983-02-18,0.175,0.196,0.229,0.193
henan_north,1983-02-19,0.174,0.196,0.228,0.193
henan_north,1983-02-20,0.174,0.195,0.228,0.193
henan_north,1983-02-21,0.174,0.195,0.228,0.193
henan_north,1983-02-22,0.174,0.195,0.228,0.193
henan_north,1983-02-23,0.172,0.194,0.228,0.193
henan_north,1983-02-24,0.17,0.193,0.227,0.193
henan_north,1983-02-25,0.168,0.192,0.227,0.193
henan_north,1983-02-26,0.167,0.191,0.226,0.193
henan_north,1983-02-27,0.165,0.19,0.226,0.193
henan_north,1983-02-28,0.176,0.189,0.226,0.193
henan_north,1983-03-01,0.233,0.19,0.225,0.193
henan_north,1983-03-02,0.24,0.191,0.225,0.193
henan_north,1983-03-03,0.243,0.192,0.225,0.193
henan_north,1983-03-04,0.269,0.194,0.224,0.193
henan_north,1983-03-05,0.252,0.196,0.224,0.193
henan_north,1983-03-06,0.237,0.196,0.223,0.193
henan_north,1983-03-07,0.226,0.195,0.223,0.193
henan_north,1983-03-08,0.217,0.194,0.222,0.193
henan_north,1983-03-09,0.216,0.194,0.222,0.193
henan_north,1983-03-10,0.209,0.192,0.221,0.193
henan_north,1983-03-11,0.201,0.191,0.221,0.193
henan_north,1983-03-12,0.195,0.19,0.22,0.193
henan_north,1983-03-13,0.19,0.189,0.22,0.193
henan_north,1983-03-14,0.185,0.187,0.219,0.193
henan_north,1983-03-15,0.179,0.186,0.218,0.193
henan_north,1983-03-16,0.174,0.184,0.217,0.193
henan_north,1983-03-17,0.169,0.182,0.217,0.193
henan_north,1983-03-18,0.165,0.181,0.216,0.193
henan_north,1983-03-19,0.161,0.179,0.215,0.193
henan_north,1983-03-20,0.158,0.178,0.215,0.193
henan_north,1983-03-21,0.156,0.177,0.214,0.193
henan_north,1983-03-22,0.203,0.176,0.214,0.193
henan_north,1983-03-23,0.259,0.179,0.214,0.193
henan_north,1983-03-24,0.243,0.18,0.213,0.193
henan_north,1983-03-25,0.228,0.18,0.213,0.193
henan_north,1983-03-26,0.216,0.18,0.212,0.193
henan_north,1983-03-27,0.207,0.179,0.211,0.193
henan_north,1983-03-28,0.199,0.178,0.211,0.193
henan_north,1983-03-29,0.192,0.177,0.21,0.193
henan_north,1983-03-30,0.185,0.175,0.209,0.193
henan_north,1983-03-31,0.178,0.173,0.209,0.193
henan_north,1983-04-01,0.17,0.171,0.208,0.193
henan_north,1983-04-02,0.162,0.169,0.207,0.192
henan_north,1983-04-03,0.158,0.167,0.205,0.192
henan_north,1983-04-04,0.153,0.165,0.205,0.192
henan_north,1983-04-05,0.148,0.163,0.203,0.192
henan_north,1983-04-06,0.144,0.161,0.202,0.192
henan_north,1983-04-07,0.141,0.159,0.201,0.192
henan_north,1983-04-08,0.139,0.158,0.2,0.192
henan_north,1983-04-09,0.138,0.157,0.199,0.192
henan_north,1983-04-10,0.137,0.156,0.199,0.192
henan_north,1983-04-11,0.155,0.155,0.198,0.192
henan_north,1983-04-12,0.154,0.154,0.197,0.192
henan_north,1983-04-13,0.168,0.153,0.197,0.192
henan_north,1983-04-14,0.168,0.153,0.196,0.192
henan_north,1983-04-15,0.177,0.152,0.196,0.192
henan_north,1983-04-16,0.167,0.151,0.195,0.192
henan_north,1983-04-17,0.159,0.15,0.194,0.192
henan_north,1983-04-18,0.155,0.149,0.193,0.192
henan_north,1983-04-19,0.15,0.148,0.192,0.192
henan_north,1983-04-20,0.145,0.147,0.191,0.192
henan_north,1983-04-21,0.142,0.146,0.19,0.192
henan_north,1983-04-22,0.138,0.145,0.189,0.192
henan_north,1983-04-23,0.135,0.144,0.188,0.192
henan_north,1983-04-24,0.133,0.143,0.187,0.192
henan_north,1983-04-25,0.309,0.201,0.186,0.192
henan_north,1983-04-26,0.33,0.268,0.186,0.192
henan_north,1983-04-27,0.289,0.265,0.185,0.192
henan_north,1983-04-28,0.27,0.259,0.185,0.192
henan_north,1983-04-29,0.25,0.252,0.185,0.191
henan_north,1983-04-30,0.234,0.246,0.184,0.191
henan_north,1983-05-01,0.222,0.239,0.184,0.191
henan_north,1983-05-02,0.21,0.233,0.184,0.191
henan_north,1983-05-03,0.202,0.227,0.183,0.191
henan_north,1983-05-04,0.199,0.224,0.183,0.191
henan_north,1983-05-05,0.198,0.221,0.183,0.191
henan_north,1983-05-06,0.191,0.217,0.182,0.191
henan_north,1983-05-07,0.179,0.21,0.182,0.191
henan_north,1983-05-08,0.169,0.203,0.181,0.191
henan_north,1983-05-09,0.161,0.197,0.18,0.191
henan_north,1983-05-10,0.154,0.191,0.179,0.191
henan_north,1983-05-11,0.149,0.186,0.178,0.191
henan_north,1983-05-12,0.146,0.182,0.178,0.191
henan_north,1983-05-13,0.149,0.179,0.177,0.191
henan_north,1983-05-14,0.291,0.184,0.177,0.191
henan_north,1983-05-15,0.323,0.22,0.177,0.191
henan_north,1983-05-16,0.277,0.222,0.176,0.191
henan_north,1983-05-17,0.249,0.218,0.176,0.191
henan_north,1983-05-18,0.235,0.214,0.175,0.191
henan_north,1983-05-19,0.237,0.21,0.175,0.191
henan_north,1983-05-20,0.228,0.206,0.174,0.191
henan_north,1983-05-21,0.213,0.202,0.174,0.191
henan_north,1983-05-22,0.339,0.214,0.173,0.191
henan_north,1983-05-23,0.337,0.256,0.174,0.191
henan_north,1983-05-24,0.364,0.273,0.174,0.191
henan_north,1983-05-25,0.342,0.295,0.174,0.191
henan_north,1983-05-26,0.319,0.293,0.175,0.191
henan_north,1983-05-27,0.307,0.289,0.176,0.191
henan_north,1983-05-28,0.279,0.279,0.176,0.191
henan_north,1983-05-29,0.257,0.268,0.176,0.191
henan_north,1983-05-30,0.24,0.259,0.175,0.191
henan_north,1983-05-31,0.223,0.249,0.175,0.19
henan_north,1983-06-01,0.247,0.243,0.175,0.19
henan_north,1983-06-02,0.248,0.239,0.175,0.19
henan_north,1983-06-03,0.228,0.231,0.174,0.19
henan_north,1983-06-04,0.209,0.224,0.174,0.19
henan_north,1983-06-05,0.195,0.217,0.173,0.19
henan_north,1983-06-06,0.184,0.212,0.173,0.19
henan_north,1983-06-07,0.171,0.205,0.172,0.19
henan_north,1983-06-08,0.16,0.197,0.171,0.19
henan_north,1983-06-09,0.151,0.191,0.17,0.19
henan_north,1983-06-10,0.145,0.185,0.17,0.19
henan_north,1983-06-11,0.247,0.184,0.169,0.19
henan_north,1983-06-12,0.286,0.193,0.169,0.19
henan_north,1983-06-13,0.245,0.192,0.168,0.19
henan_north,1983-06-14,0.221,0.189,0.168,0.19
henan_north,1983-06-15,0.203,0.185,0.167,0.19
henan_north,1983-06-16,0.187,0.182,0.167,0.19
henan_north,1983-06-17,0.174,0.178,0.166,0.19
henan_north,1983-06-18,0.162,0.174,0.165,0.19
henan_north,1983-06-19,0.157,0.171,0.165,0.19
henan_north,1983-06-20,0.151,0.168,0.165,0.19
henan_north,1983-06-21,0.148,0.166,0.164,0.19
henan_north,1983-06-22,0.178,0.165,0.164,0.189
henan_north,1983-06-23,0.21,0.164,0.163,0.189
henan_north,1983-06-24,0.304,0.169,0.163,0.189
henan_north,1983-06-25,0.295,0.184,0.163,0.189
henan_north,1983-06-26,0.264,0.188,0.163,0.189
henan_north,1983-06-27,0.235,0.186,0.162,0.189
henan_north,1983-06-28,0.209,0.181,0.162,0.189
henan_north,1983-06-29,0.189,0.177,0.161,0.189
henan_north,1983-06-30,0.173,0.173,0.161,0.189
henan_north,1983-07-01,0.201,0.171,0.16,0.189
henan_north,1983-07-02,0.232,0.171,0.16,0.189
henan_north,1983-07-03,0.205,0.168,0.16,0.189
henan_north,1983-07-04,0.18,0.163,0.159,0.189
henan_north,1983-07-05,0.161,0.159,0.158,0.189
henan_north,1983-07-06,0.148,0.155,0.157,0.189
henan_north,1983-07-07,0.14,0.152,0.156,0.189
henan_north,1983-07-08,0.135,0.149,0.156,0.189
henan_north,1983-07-09,0.133,0.147,0.155,0.188
henan_north,1983-07-10,0.141,0.146,0.154,0.188
henan_north,1983-07-11,0.139,0.144,0.154,0.188
henan_north,1983-07-12,0.136,0.143,0.153,0.188
henan_north,1983-07-13,0.148,0.142,0.153,0.188
henan_north,1983-07-14,0.176,0.141,0.152,0.188
henan_north,1983-07-15,0.158,0.14,0.151,0.188
henan_north,1983-07-16,0.147,0.139,0.151,0.188
henan_north,1983-07-17,0.138,0.138,0.15,0.188
henan_north,1983-07-18,0.204,0.137,0.149,0.188
henan_north,1983-07-19,0.313,0.147,0.149,0.188
henan_north,1983-07-20,0.293,0.164,0.149,0.188
henan_north,1983-07-21,0.254,0.168,0.149,0.188
henan_north,1983-07-22,0.226,0.167,0.149,0.188
henan_north,1983-07-23,0.207,0.166,0.149,0.188
henan_north,1983-07-24,0.19,0.163,0.148,0.188
henan_north,1983-07-25,0.171,0.159,0.148,0.187
henan_north,1983-07-26,0.157,0.155,0.147,0.187
henan_north,1983-07-27,0.158,0.152,0.147,0.187
henan_north,1983-07-28,0.216,0.151,0.147,0.187
henan_north,1983-07-29,0.25,0.152,0.146,0.187
henan_north,1983-07-30,0.339,0.169,0.146,0.187
henan_north,1983-07-31,0.343,0.228,0.146,0.187
henan_north,1983-08-01,0.333,0.243,0.147,0.187
henan_north,1983-08-02,0.286,0.243,0.147,0.187
henan_north,1983-08-03,0.25,0.235,0.147,0.187
henan_north,1983-08-04,0.245,0.224,0.146,0.187
henan_north,1983-08-05,0.308,0.226,0.146,0.187
henan_north,1983-08-06,0.259,0.221,0.146,0.187
henan_north,1983-08-07,0.258,0.215,0.146,0.187
henan_north,1983-08-08,0.251,0.211,0.146,0.187
henan_north,1983-08-09,0.268,0.209,0.146,0.187
henan_north,1983-08-10,0.306,0.213,0.146,0.187
henan_north,1983-08-11,0.289,0.219,0.146,0.187
henan_north,1983-08-12,0.267,0.218,0.146,0.187
henan_north,1983-08-13,0.286,0.217,0.146,0.187
henan_north,1983-08-14,0.275,0.217,0.146,0.187
henan_north,1983-08-15,0.245,0.212,0.146,0.187
henan_north,1983-08-16,0.221,0.206,0.146,0.186
henan_north,1983-08-17,0.208,0.201,0.146,0.186
henan_north,1983-08-18,0.2,0.199,0.146,0.186
henan_north,1983-08-19,0.19,0.195,0.145,0.186
henan_north,1983-08-20,0.177,0.189,0.145,0.186
henan_north,1983-08-21,0.163,0.182,0.145,0.186
henan_north,1983-08-22,0.156,0.177,0.145,0.186
henan_north,1983-08-23,0.151,0.174,0.145,0.186
henan_north,1983-08-24,0.146,0.169,0.144,0.186
henan_north,1983-08-25,0.203,0.167,0.144,0.186
henan_north,1983-08-26,0.279,0.172,0.144,0.186
henan_north,1983-08-27,0.246,0.173,0.144,0.186
henan_north,1983-08-28,0.219,0.171,0.144,0.186
henan_north,1983-08-29,0.195,0.167,0.143,0.186
henan_north,1983-08-30,0.174,0.162,0.143,0.186
henan_north,1983-08-31,0.239,0.163,0.143,0.186
henan_north,1983-09-01,0.331,0.227,0.143,0.186
henan_north,1983-09-02,0.284,0.23,0.143,0.186
henan_north,1983-09-03,0.254,0.225,0.143,0.186
henan_north,1983-09-04,0.233,0.218,0.143,0.185
henan_north,1983-09-05,0.322,0.223,0.143,0.185
henan_north,1983-09-06,0.304,0.235,0.143,0.185
henan_north,1983-09-07,0.367,0.288,0.143,0.185
henan_north,1983-09-08,0.409,0.404,0.176,0.185
henan_north,1983-09-09,0.372,0.369,0.191,0.185
henan_north,1983-09-10,0.349,0.349,0.195,0.185
henan_north,1983-09-11,0.333,0.333,0.197,0.185
henan_north,1983-09-12,0.323,0.322,0.198,0.185
henan_north,1983-09-13,0.305,0.311,0.199,0.185
henan_north,1983-09-14,0.287,0.299,0.199,0.185
henan_north,1983-09-15,0.273,0.289,0.199,0.185
henan_north,1983-09-16,0.267,0.281,0.199,0.185
henan_north,1983-09-17,0.26,0.274,0.199,0.185
henan_north,1983-09-18,0.245,0.265,0.199,0.185
henan_north,1983-09-19,0.234,0.258,0.198,0.185
henan_north,1983-09-20,0.237,0.253,0.198,0.185
henan_north,1983-09-21,0.314,0.254,0.198,0.185
henan_north,1983-09-22,0.358,0.272,0.198,0.185
henan_north,1983-09-23,0.374,0.33,0.199,0.185
henan_north,1983-09-24,0.336,0.327,0.201,0.185
henan_north,1983-09-25,0.316,0.316,0.202,0.185
henan_north,1983-09-26,0.307,0.309,0.203,0.185
henan_north,1983-09-27,0.308,0.304,0.203,0.185
henan_north,1983-09-28,0.297,0.298,0.204,0.185
henan_north,1983-09-29,0.285,0.292,0.204,0.185
henan_north,1983-09-30,0.273,0.284,0.204,0.185
henan_north,1983-10-01,0.262,0.277,0.204,0.185
henan_north,1983-10-02,0.253,0.271,0.204,0.185
henan_north,1983-10-03,0.248,0.266,0.204,0.185
henan_north,1983-10-04,0.269,0.263,0.204,0.185
henan_north,1983-10-05,0.303,0.264,0.204,0.185
henan_north,1983-10-06,0.296,0.265,0.204,0.185
henan_north,1983-10-07,0.287,0.265,0.204,0.185
henan_north,1983-10-08,0.276,0.263,0.204,0.185
henan_north,1983-10-09,0.268,0.261,0.204,0.185
henan_north,1983-10-10,0.261,0.258,0.204,0.185
henan_north,1983-10-11,0.256,0.255,0.204,0.185
henan_north,1983-10-12,0.315,0.258,0.204,0.185
henan_north,1983-10-13,0.352,0.29,0.204,0.185
henan_north,1983-10-14,0.33,0.294,0.205,0.185
henan_north,1983-10-15,0.325,0.297,0.205,0.185
henan_north,1983-10-16,0.33,0.297,0.206,0.185
henan_north,1983-10-17,0.411,0.348,0.207,0.185
henan_north,1983-10-18,0.413,0.398,0.216,0.185
henan_north,1983-10-19,0.394,0.386,0.229,0.185
henan_north,1983-10-20,0.379,0.372,0.235,0.185
henan_north,1983-10-21,0.363,0.36,0.238,0.185
henan_north,1983-10-22,0.35,0.35,0.241,0.185
henan_north,1983-10-23,0.34,0.341,0.243,0.185
henan_north,1983-10-24,0.334,0.334,0.244,0.185
henan_north,1983-10-25,0.366,0.335,0.245,0.185
henan_north,1983-10-26,0.354,0.339,0.246,0.185
henan_north,1983-10-27,0.337,0.334,0.247,0.185
henan_north,1983-10-28,0.327,0.328,0.248,0.185
henan_north,1983-10-29,0.318,0.322,0.249,0.185
henan_north,1983-10-30,0.312,0.316,0.249,0.185
henan_north,1983-10-31,0.305,0.311,0.249,0.185
henan_north,1983-11-01,0.298,0.306,0.25,0.185
henan_north,1983-11-02,0.292,0.301,0.25,0.185
henan_north,1983-11-03,0.288,0.297,0.25,0.185
henan_north,1983-11-04,0.284,0.294,0.25,0.185
henan_north,1983-11-05,0.28,0.29,0.25,0.185
henan_north,1983-11-06,0.277,0.287,0.249,0.185
henan_north,1983-11-07,0.292,0.285,0.249,0.185
henan_north,1983-11-08,0.297,0.285,0.25,0.185
henan_north,1983-11-09,0.315,0.286,0.25,0.185
henan_north,1983-11-10,0.31,0.287,0.25,0.185
henan_north,1983-11-11,0.298,0.286,0.249,0.185
henan_north,1983-11-12,0.289,0.284,0.249,0.186
henan_north,1983-11-13,0.283,0.283,0.249,0.186
henan_north,1983-11-14,0.279,0.28,0.249,0.186
henan_north,1983-11-15,0.272,0.278,0.249,0.186
henan_north,1983-11-16,0.266,0.275,0.249,0.186
henan_north,1983-11-17,0.263,0.272,0.248,0.186
henan_north,1983-11-18,0.26,0.27,0.248,0.186
henan_north,1983-11-19,0.257,0.268,0.248,0.186
henan_north,1983-11-20,0.254,0.266,0.248,0.186
henan_north,1983-11-21,0.272,0.264,0.248,0.186
henan_north,1983-11-22,0.303,0.266,0.247,0.186
henan_north,1983-11-23,0.291,0.267,0.247,0.186
henan_north,1983-11-24,0.28,0.266,0.247,0.186
henan_north,1983-11-25,0.273,0.266,0.247,0.186
henan_north,1983-11-26,0.267,0.264,0.246,0.186
henan_north,1983-11-27,0.263,0.263,0.246,0.186
henan_north,1983-11-28,0.259,0.262,0.246,0.186
henan_north,1983-11-29,0.255,0.26,0.246,0.186
henan_north,1983-11-30,0.252,0.259,0.246,0.186
henan_north,1983-12-01,0.249,0.257,0.245,0.186
henan_north,1983-12-02,0.246,0.255,0.245,0.186
henan_north,1983-12-03,0.243,0.254,0.245,0.186
henan_north,1983-12-04,0.241,0.252,0.245,0.186
henan_north,1983-12-05,0.239,0.251,0.244,0.186
henan_north,1983-12-06,0.236,0.249,0.244,0.186
henan_north,1983-12-07,0.234,0.248,0.244,0.186
henan_north,1983-12-08,0.232,0.246,0.244,0.186
henan_north,1983-12-09,0.229,0.244,0.243,0.186
henan_north,1983-12-10,0.227,0.243,0.243,0.186
henan_north,1983-12-11,0.224,0.241,0.243,0.186
henan_north,1983-12-12,0.221,0.24,0.242,0.186
henan_north,1983-12-13,0.22,0.238,0.242,0.186
henan_north,1983-12-14,0.219,0.237,0.242,0.186
henan_north,1983-12-15,0.218,0.236,0.242,0.186
henan_north,1983-12-16,0.217,0.235,0.242,0.186
henan_north,1983-12-17,0.216,0.234,0.241,0.186
henan_north,1983-12-18,0.215,0.233,0.241,0.186
henan_north,1983-12-19,0.214,0.232,0.241,0.186
henan_north,1983-12-20,0.213,0.231,0.241,0.186
henan_north,1983-12-21,0.213,0.23,0.24,0.186
henan_north,1983-12-22,0.212,0.229,0.24,0.186
henan_north,1983-12-23,0.211,0.228,0.24,0.186
henan_north,1983-12-24,0.211,0.228,0.24,0.186
henan_north,1983-12-25,0.21,0.227,0.24,0.186
henan_north,1983-12-26,0.21,0.226,0.239,0.186
henan_north,1983-12-27,0.209,0.226,0.239,0.186
henan_north,1983-12-28,0.208,0.225,0.239,0.186
henan_north,1983-12-29,0.208,0.224,0.239,0.186
henan_north,1983-12-30,0.208,0.224,0.239,0.186
henan_north,1983-12-31,0.208,0.224,0.239,0.186
henan_north,1984-01-01,0.209,0.223,0.239,0.186
henan_north,1984-01-02,0.209,0.223,0.238,0.186
henan_north,1984-01-03,0.208,0.223,0.238,0.186
henan_north,1984-01-04,0.209,0.222,0.238,0.186
henan_north,1984-01-05,0.209,0.222,0.238,0.186
henan_north,1984-01-06,0.209,0.222,0.238,0.187
henan_north,1984-01-07,0.209,0.222,0.238,0.187
henan_north,1984-01-08,0.208,0.222,0.238,0.187
henan_north,1984-01-09,0.206,0.221,0.238,0.187
henan_north,1984-01-10,0.204,0.22,0.237,0.187
henan_north,1984-01-11,0.202,0.219,0.237,0.187
henan_north,1984-01-12,0.201,0.218,0.237,0.187
henan_north,1984-01-13,0.199,0.217,0.236,0.187
henan_north,1984-01-14,0.199,0.216,0.236,0.187
henan_north,1984-01-15,0.197,0.216,0.236,0.187
henan_north,1984-01-16,0.196,0.215,0.236,0.187
henan_north,1984-01-17,0.196,0.215,0.236,0.187
henan_north,1984-01-18,0.196,0.215,0.235,0.187
henan_north,1984-01-19,0.196,0.214,0.235,0.187
henan_north,1984-01-20,0.196,0.214,0.235,0.187
henan_north,1984-01-21,0.196,0.213,0.235,0.187
henan_north,1984-01-22,0.195,0.213,0.235,0.187
henan_north,1984-01-23,0.195,0.213,0.235,0.187
henan_north,1984-01-24,0.196,0.212,0.235,0.187
henan_north,1984-01-25,0.196,0.212,0.234,0.187
henan_north,1984-01-26,0.196,0.212,0.234,0.187
henan_north,1984-01-27,0.196,0.212,0.234,0.187
henan_north,1984-01-28,0.197,0.212,0.234,0.187
henan_north,1984-01-29,0.197,0.212,0.234,0.187
henan_north,1984-01-30,0.198,0.212,0.234,0.187
henan_north,1984-01-31,0.199,0.212,0.234,0.187
henan_north,1984-02-01,0.199,0.211,0.234,0.187
henan_north,1984-02-02,0.198,0.211,0.234,0.187
henan_north,1984-02-03,0.198,0.211,0.233,0.187
henan_north,1984-02-04,0.198,0.211,0.233,0.187
henan_north,1984-02-05,0.198,0.211,0.233,0.187
henan_north,1984-02-06,0.198,0.211,0.233,0.187
henan_north,1984-02-07,0.198,0.21,0.233,0.187
henan_north,1984-02-08,0.198,0.21,0.233,0.187
henan_north,1984-02-09,0.197,0.21,0.233,0.187
henan_north,1984-02-10,0.197,0.21,0.233,0.187
henan_north,1984-02-11,0.198,0.21,0.232,0.187
henan_north,1984-02-12,0.2,0.209,0.232,0.187
henan_north,1984-02-13,0.202,0.209,0.232,0.187
henan_north,1984-02-14,0.202,0.209,0.232,0.187
henan_north,1984-02-15,0.201,0.208,0.232,0.187
henan_north,1984-02-16,0.201,0.208,0.231,0.187
henan_north,1984-02-17,0.204,0.208,0.231,0.187
henan_north,1984-02-18,0.208,0.207,0.231,0.187
henan_north,1984-02-19,0.208,0.207,0.231,0.187
henan_north,1984-02-20,0.21,0.206,0.23,0.187
henan_north,1984-02-21,0.211,0.206,0.23,0.187
henan_north,1984-02-22,0.214,0.206,0.23,0.187
henan_north,1984-02-23,0.215,0.205,0.23,0.187
henan_north,1984-02-24,0.213,0.205,0.229,0.187
henan_north,1984-02-25,0.21,0.204,0.229,0.187
henan_north,1984-02-26,0.206,0.203,0.229,0.187
henan_north,1984-02-27,0.202,0.202,0.228,0.187
henan_north,1984-02-28,0.197,0.201,0.228,0.187
henan_north,1984-02-29,0.193,0.2,0.227,0.187
henan_north,1984-03-01,0.189,0.198,0.227,0.187
henan_north,1984-03-02,0.184,0.197,0.226,0.187
henan_north,1984-03-03,0.18,0.195,0.226,0.187
henan_north,1984-03-04,0.176,0.194,0.225,0.187
henan_north,1984-03-05,0.172,0.192,0.224,0.187
henan_north,1984-03-06,0.169,0.191,0.224,0.187
henan_north,1984-03-07,0.167,0.19,0.223,0.187
henan_north,1984-03-08,0.168,0.189,0.223,0.187
henan_north,1984-03-09,0.17,0.188,0.223,0.187
henan_north,1984-03-10,0.167,0.187,0.222,0.187
henan_north,1984-03-11,0.164,0.185,0.222,0.187
henan_north,1984-03-12,0.161,0.184,0.221,0.187
henan_north,1984-03-13,0.172,0.183,0.22,0.187
henan_north,1984-03-14,0.2,0.183,0.22,0.187
henan_north,1984-03-15,0.214,0.182,0.22,0.187
henan_north,1984-03-16,0.211,0.181,0.219,0.187
henan_north,1984-03-17,0.204,0.181,0.218,0.187
henan_north,1984-03-18,0.198,0.18,0.218,0.187
henan_north,1984-03-19,0.192,0.179,0.217,0.187
henan_north,1984-03-20,0.185,0.178,0.217,0.187
henan_north,1984-03-21,0.178,0.176,0.216,0.187
henan_north,1984-03-22,0.173,0.175,0.215,0.187
henan_north,1984-03-23,0.168,0.174,0.215,0.187
henan_north,1984-03-24,0.164,0.172,0.214,0.187
henan_north,1984-03-25,0.16,0.171,0.213,0.187
henan_north,1984-03-26,0.158,0.17,0.212,0.187
henan_north,1984-03-27,0.154,0.168,0.211,0.187
henan_north,1984-03-28,0.15,0.167,0.211,0.187
henan_north,1984-03-29,0.146,0.165,0.209,0.187
henan_north,1984-03-30,0.143,0.163,0.208,0.187
henan_north,1984-03-31,0.141,0.162,0.208,0.187
henan_north,1984-04-01,0.139,0.161,0.207,0.187
henan_north,1984-04-02,0.142,0.16,0.206,0.187
henan_north,1984-04-03,0.142,0.159,0.205,0.187
henan_north,1984-04-04,0.17,0.158,0.205,0.187
henan_north,1984-04-05,0.191,0.159,0.205,0.187
henan_north,1984-04-06,0.184,0.158,0.204,0.187
henan_north,1984-04-07,0.179,0.158,0.204,0.187
henan_north,1984-04-08,0.173,0.157,0.203,0.187
henan_north,1984-04-09,0.168,0.156,0.202,0.187
henan_north,1984-04-10,0.162,0.155,0.201,0.187
henan_north,1984-04-11,0.158,0.154,0.201,0.187
henan_north,1984-04-12,0.157,0.154,0.2,0.187
henan_north,1984-04-13,0.153,0.153,0.199,0.187
henan_north,1984-04-14,0.149,0.152,0.198,0.187
henan_north,1984-04-15,0.144,0.151,0.197,0.187
henan_north,1984-04-16,0.154,0.149,0.196,0.186
henan_north,1984-04-17,0.211,0.149,0.196,0.186
henan_north,1984-04-18,0.197,0.149,0.195,0.186
henan_north,1984-04-19,0.185,0.149,0.194,0.186
henan_north,1984-04-20,0.202,0.148,0.193,0.186
henan_north,1984-04-21,0.192,0.148,0.192,0.186
henan_north,1984-04-22,0.178,0.148,0.191,0.186
henan_north,1984-04-23,0.167,0.147,0.19,0.186
henan_north,1984-04-24,0.161,0.146,0.189,0.186
henan_north,1984-04-25,0.157,0.146,0.188,0.186
henan_north,1984-04-26,0.198,0.145,0.187,0.186
henan_north,1984-04-27,0.31,0.164,0.187,0.186
henan_north,1984-04-28,0.264,0.171,0.186,0.186
henan_north,1984-04-29,0.237,0.172,0.186,0.186
henan_north,1984-04-30,0.217,0.17,0.185,0.186
henan_north,1984-05-01,0.2,0.169,0.184,0.186
henan_north,1984-05-02,0.195,0.168,0.184,0.186
henan_north,1984-05-03,0.302,0.174,0.184,0.186
henan_north,1984-05-04,0.291,0.186,0.184,0.186
henan_north,1984-05-05,0.263,0.189,0.183,0.186
henan_north,1984-05-06,0.239,0.189,0.183,0.186
henan_north,1984-05-07,0.216,0.185,0.182,0.186
henan_north,1984-05-08,0.196,0.181,0.181,0.186
henan_north,1984-05-09,0.18,0.177,0.18,0.186
henan_north,1984-05-10,0.197,0.173,0.179,0.186
henan_north,1984-05-11,0.194,0.171,0.178,0.186
henan_north,1984-05-12,0.29,0.175,0.178,0.186
henan_north,1984-05-13,0.258,0.179,0.178,0.186
henan_north,1984-05-14,0.23,0.177,0.177,0.186
henan_north,1984-05-15,0.218,0.176,0.176,0.186
henan_north,1984-05-16,0.208,0.175,0.176,0.186
henan_north,1984-05-17,0.193,0.173,0.175,0.185
henan_north,1984-05-18,0.179,0.17,0.175,0.185
henan_north,1984-05-19,0.167,0.166,0.174,0.185
henan_north,1984-05-20,0.16,0.164,0.173,0.185
henan_north,1984-05-21,0.159,0.162,0.173,0.185
henan_north,1984-05-22,0.154,0.161,0.172,0.185
henan_north,1984-05-23,0.15,0.159,0.172,0.185
henan_north,1984-05-24,0.27,0.161,0.171,0.185
henan_north,1984-05-25,0.27,0.168,0.171,0.185
henan_north,1984-05-26,0.243,0.17,0.171,0.185
henan_north,1984-05-27,0.226,0.17,0.17,0.185
henan_north,1984-05-28,0.213,0.168,0.17,0.185
henan_north,1984-05-29,0.199,0.166,0.169,0.185
henan_north,1984-05-30,0.193,0.164,0.169,0.185
henan_north,1984-05-31,0.179,0.162,0.168,0.185
henan_north,1984-06-01,0.167,0.16,0.167,0.185
henan_north,1984-06-02,0.157,0.157,0.167,0.185
henan_north,1984-06-03,0.17,0.155,0.166,0.185
henan_north,1984-06-04,0.202,0.154,0.165,0.185
henan_north,1984-06-05,0.218,0.154,0.165,0.185
henan_north,1984-06-06,0.254,0.156,0.165,0.185
henan_north,1984-06-07,0.241,0.158,0.165,0.185
henan_north,1984-06-08,0.215,0.158,0.164,0.185
henan_north,1984-06-09,0.196,0.157,0.164,0.185
henan_north,1984-06-10,0.174,0.154,0.163,0.185
henan_north,1984-06-11,0.159,0.152,0.162,0.185
henan_north,1984-06-12,0.153,0.151,0.161,0.184
henan_north,1984-06-13,0.167,0.15,0.161,0.184
henan_north,1984-06-14,0.171,0.15,0.161,0.184
henan_north,1984-06-15,0.187,0.149,0.161,0.184
henan_north,1984-06-16,0.172,0.148,0.16,0.184
henan_north,1984-06-17,0.158,0.146,0.16,0.184
henan_north,1984-06-18,0.15,0.145,0.159,0.184
henan_north,1984-06-19,0.143,0.144,0.158,0.184
henan_north,1984-06-20,0.138,0.142,0.158,0.184
henan_north,1984-06-21,0.15,0.142,0.157,0.184
henan_north,1984-06-22,0.355,0.2,0.157,0.184
henan_north,1984-06-23,0.387,0.311,0.158,0.184
henan_north,1984-06-24,0.353,0.335,0.161,0.184
henan_north,1984-06-25,0.339,0.325,0.163,0.184
henan_north,1984-06-26,0.322,0.316,0.165,0.184
henan_north,1984-06-27,0.329,0.308,0.166,0.184
henan_north,1984-06-28,0.346,0.312,0.167,0.184
henan_north,1984-06-29,0.311,0.303,0.168,0.184
henan_north,1984-06-30,0.286,0.291,0.168,0.184
henan_north,1984-07-01,0.271,0.28,0.169,0.184
henan_north,1984-07-02,0.349,0.295,0.169,0.184
henan_north,1984-07-03,0.33,0.307,0.17,0.184
henan_north,1984-07-04,0.299,0.296,0.171,0.184
henan_north,1984-07-05,0.28,0.286,0.171,0.184
henan_north,1984-07-06,0.346,0.287,0.172,0.184
henan_north,1984-07-07,0.404,0.364,0.175,0.184
henan_north,1984-07-08,0.365,0.361,0.18,0.184
henan_north,1984-07-09,0.339,0.341,0.184,0.184
henan_north,1984-07-10,0.403,0.364,0.187,0.184
henan_north,1984-07-11,0.408,0.397,0.199,0.184
henan_north,1984-07-12,0.387,0.377,0.208,0.184
henan_north,1984-07-13,0.355,0.356,0.213,0.184
henan_north,1984-07-14,0.332,0.338,0.215,0.184
henan_north,1984-07-15,0.309,0.321,0.215,0.184
henan_north,1984-07-16,0.285,0.304,0.215,0.184
henan_north,1984-07-17,0.333,0.321,0.215,0.184
henan_north,1984-07-18,0.424,0.416,0.243,0.184
henan_north,1984-07-19,0.392,0.39,0.262,0.184
henan_north,1984-07-20,0.376,0.372,0.267,0.184
henan_north,1984-07-21,0.359,0.359,0.269,0.184
henan_north,1984-07-22,0.335,0.343,0.27,0.184
henan_north,1984-07-23,0.318,0.33,0.27,0.184
henan_north,1984-07-24,0.385,0.35,0.27,0.184
henan_north,1984-07-25,0.375,0.365,0.272,0.184
henan_north,1984-07-26,0.394,0.37,0.275,0.184
henan_north,1984-07-27,0.368,0.367,0.278,0.184
henan_north,1984-07-28,0.342,0.35,0.278,0.184
henan_north,1984-07-29,0.331,0.336,0.278,0.184
henan_north,1984-07-30,0.323,0.326,0.278,0.184
henan_north,1984-07-31,0.305,0.315,0.277,0.184
henan_north,1984-08-01,0.289,0.304,0.275,0.184
henan_north,1984-08-02,0.28,0.294,0.274,0.184
henan_north,1984-08-03,0.27,0.286,0.272,0.184
henan_north,1984-08-04,0.257,0.277,0.271,0.184
henan_north,1984-08-05,0.24,0.266,0.268,0.184
henan_north,1984-08-06,0.234,0.257,0.267,0.184
henan_north,1984-08-07,0.296,0.258,0.265,0.184
henan_north,1984-08-08,0.366,0.294,0.265,0.184
henan_north,1984-08-09,0.424,0.396,0.281,0.185
henan_north,1984-08-10,0.403,0.406,0.328,0.185
henan_north,1984-08-11,0.394,0.389,0.331,0.185
henan_north,1984-08-12,0.42,0.416,0.342,0.185
henan_north,1984-08-13,0.409,0.41,0.354,0.186
henan_north,1984-08-14,0.388,0.39,0.356,0.186
henan_north,1984-08-15,0.363,0.373,0.354,0.187
henan_north,1984-08-16,0.346,0.359,0.352,0.188
henan_north,1984-08-17,0.331,0.347,0.349,0.188
henan_north,1984-08-18,0.325,0.337,0.346,0.189
henan_north,1984-08-19,0.34,0.334,0.344,0.189
henan_north,1984-08-20,0.348,0.334,0.342,0.189
henan_north,1984-08-21,0.33,0.33,0.34,0.19
henan_north,1984-08-22,0.317,0.324,0.337,0.19
henan_north,1984-08-23,0.337,0.32,0.335,0.19
henan_north,1984-08-24,0.349,0.325,0.333,0.191
henan_north,1984-08-25,0.38,0.34,0.332,0.191
henan_north,1984-08-26,0.369,0.357,0.331,0.191
henan_north,1984-08-27,0.359,0.353,0.33,0.192
henan_north,1984-08-28,0.374,0.353,0.329,0.192
henan_north,1984-08-29,0.389,0.366,0.329,0.192
henan_north,1984-08-30,0.375,0.374,0.33,0.193
henan_north,1984-08-31,0.353,0.362,0.33,0.193
henan_north,1984-09-01,0.334,0.348,0.328,0.193
henan_north,1984-09-02,0.319,0.336,0.326,0.193
henan_north,1984-09-03,0.308,0.326,0.324,0.194
henan_north,1984-09-04,0.3,0.317,0.322,0.194
henan_north,1984-09-05,0.32,0.313,0.321,0.194
henan_north,1984-09-06,0.327,0.314,0.32,0.194
henan_north,1984-09-07,0.343,0.315,0.319,0.194
henan_north,1984-09-08,0.418,0.378,0.32,0.195
henan_north,1984-09-09,0.394,0.394,0.325,0.195
henan_north,1984-09-10,0.376,0.38,0.328,0.195
henan_north,1984-09-11,0.358,0.366,0.328,0.195
henan_north,1984-09-12,0.344,0.353,0.327,0.196
henan_north,1984-09-13,0.343,0.344,0.325,0.196
henan_north,1984-09-14,0.374,0.356,0.325,0.196
henan_north,1984-09-15,0.357,0.354,0.324,0.196
henan_north,1984-09-16,0.376,0.354,0.324,0.196
henan_north,1984-09-17,0.395,0.382,0.325,0.197
henan_north,1984-09-18,0.378,0.375,0.326,0.197
henan_north,1984-09-19,0.377,0.369,0.327,0.197
henan_north,1984-09-20,0.371,0.366,0.327,0.197
henan_north,1984-09-21,0.356,0.36,0.327,0.198
henan_north,1984-09-22,0.356,0.354,0.327,0.198
henan_north,1984-09-23,0.397,0.372,0.327,0.198
henan_north,1984-09-24,0.421,0.415,0.337,0.198
henan_north,1984-09-25,0.406,0.405,0.346,0.199
henan_north,1984-09-26,0.42,0.408,0.35,0.199
henan_north,1984-09-27,0.426,0.423,0.365,0.2
henan_north,1984-09-28,0.406,0.41,0.379,0.201
henan_north,1984-09-29,0.389,0.395,0.378,0.202
henan_north,1984-09-30,0.384,0.387,0.377,0.203
henan_north,1984-10-01,0.386,0.384,0.375,0.204
henan_north,1984-10-02,0.4,0.389,0.373,0.205
henan_north,1984-10-03,0.386,0.389,0.373,0.206
henan_north,1984-10-04,0.373,0.38,0.371,0.207
henan_north,1984-10-05,0.362,0.371,0.368,0.208
henan_north,1984-10-06,0.354,0.364,0.366,0.208
henan_north,1984-10-07,0.349,0.358,0.363,0.209
henan_north,1984-10-08,0.347,0.354,0.361,0.21
henan_north,1984-10-09,0.34,0.349,0.359,0.21
henan_north,1984-10-10,0.335,0.344,0.357,0.211
henan_north,1984-10-11,0.362,0.344,0.355,0.211
henan_north,1984-10-12,0.387,0.375,0.354,0.212
henan_north,1984-10-13,0.366,0.37,0.353,0.212
henan_north,1984-10-14,0.356,0.363,0.352,0.213
henan_north,1984-10-15,0.349,0.357,0.351,0.213
henan_north,1984-10-16,0.342,0.351,0.349,0.214
henan_north,1984-10-17,0.334,0.345,0.347,0.214
henan_north,1984-10-18,0.327,0.339,0.346,0.215
henan_north,1984-10-19,0.321,0.334,0.344,0.215
henan_north,1984-10-20,0.315,0.329,0.342,0.215
henan_north,1984-10-21,0.309,0.324,0.34,0.216
henan_north,1984-10-22,0.303,0.319,0.339,0.216
henan_north,1984-10-23,0.297,0.314,0.337,0.216
henan_north,1984-10-24,0.293,0.311,0.335,0.216
henan_north,1984-10-25,0.29,0.307,0.334,0.217
henan_north,1984-10-26,0.287,0.304,0.332,0.217
henan_north,1984-10-27,0.284,0.301,0.33,0.217
henan_north,1984-10-28,0.279,0.298,0.329,0.217
henan_north,1984-10-29,0.276,0.296,0.327,0.218
henan_north,1984-10-30,0.275,0.293,0.326,0.218
henan_north,1984-10-31,0.273,0.291,0.325,0.218
henan_north,1984-11-01,0.27,0.289,0.323,0.218
henan_north,1984-11-02,0.267,0.287,0.322,0.219
henan_north,1984-11-03,0.262,0.284,0.321,0.219
henan_north,1984-11-04,0.258,0.281,0.319,0.219
henan_north,1984-11-05,0.256,0.279,0.318,0.219
henan_north,1984-11-06,0.254,0.277,0.316,0.219
henan_north,1984-11-07,0.252,0.275,0.315,0.219
henan_north,1984-11-08,0.249,0.272,0.314,0.219
henan_north,1984-11-09,0.267,0.271,0.312,0.22
henan_north,1984-11-10,0.296,0.273,0.312,0.22
henan_north,1984-11-11,0.288,0.274,0.311,0.22
henan_north,1984-11-12,0.288,0.274,0.31,0.22
henan_north,1984-11-13,0.328,0.28,0.309,0.22
henan_north,1984-11-14,0.325,0.286,0.308,0.22
henan_north,1984-11-15,0.311,0.29,0.308,0.22
henan_north,1984-11-16,0.303,0.291,0.307,0.22
henan_north,1984-11-17,0.3,0.291,0.306,0.221
henan_north,1984-11-18,0.319,0.294,0.306,0.221
henan_north,1984-11-19,0.308,0.295,0.305,0.221
henan_north,1984-11-20,0.301,0.295,0.305,0.221
henan_north,1984-11-21,0.3,0.295,0.304,0.221
henan_north,1984-11-22,0.3,0.295,0.304,0.221
henan_north,1984-11-23,0.303,0.295,0.303,0.221
henan_north,1984-11-24,0.298,0.295,0.303,0.221
henan_north,1984-11-25,0.294,0.294,0.302,0.221
henan_north,1984-11-26,0.292,0.294,0.302,0.222
henan_north,1984-11-27,0.289,0.293,0.301,0.222
henan_north,1984-11-28,0.286,0.291,0.301,0.222
henan_north,1984-11-29,0.283,0.29,0.3,0.222
henan_north,1984-11-30,0.279,0.288,0.3,0.222
henan_north,1984-12-01,0.275,0.286,0.299,0.222
henan_north,1984-12-02,0.273,0.284,0.298,0.222
henan_north,1984-12-03,0.272,0.283,0.298,0.222
henan_north,1984-12-04,0.273,0.282,0.297,0.222
henan_north,1984-12-05,0.271,0.281,0.297,0.222
henan_north,1984-12-06,0.27,0.28,0.296,0.222
henan_north,1984-12-07,0.273,0.279,0.296,0.223
henan_north,1984-12-08,0.288,0.279,0.296,0.223
henan_north,1984-12-09,0.327,0.283,0.295,0.223
henan_north,1984-12-10,0.316,0.288,0.295,0.223
henan_north,1984-12-11,0.316,0.29,0.295,0.223
henan_north,1984-12-12,0.312,0.293,0.294,0.223
henan_north,1984-12-13,0.312,0.294,0.294,0.223
henan_north,1984-12-14,0.312,0.296,0.294,0.223
henan_north,1984-12-15,0.308,0.297,0.294,0.223
henan_north,1984-12-16,0.305,0.297,0.293,0.223
henan_north,1984-12-17,0.304,0.298,0.293,0.223
henan_north,1984-12-18,0.302,0.298,0.293,0.223
henan_north,1984-12-19,0.302,0.298,0.293,0.223
henan_north,1984-12-20,0.306,0.298,0.293,0.223
henan_north,1984-12-21,0.307,0.299,0.293,0.224
henan_north,1984-12-22,0.305,0.3,0.292,0.224
henan_north,1984-12-23,0.305,0.3,0.292,0.224
henan_north,1984-12-24,0.305,0.3,0.292,0.224
henan_north,1984-12-25,0.305,0.3,0.292,0.224
henan_north,1984-12-26,0.304,0.3,0.292,0.224
henan_north,1984-12-27,0.306,0.301,0.292,0.224
henan_north,1984-12-28,0.308,0.301,0.292,0.224
henan_north,1984-12-29,0.307,0.301,0.292,0.224
henan_north,1984-12-30,0.312,0.302,0.292,0.224
henan_north,1984-12-31,0.321,0.303,0.292,0.224
henan_north,1985-01-01,0.325,0.305,0.292,0.224
henan_north,1985-01-02,0.325,0.307,0.292,0.224
henan_north,1985-01-03,0.321,0.308,0.292,0.225
henan_north,1985-01-04,0.315,0.308,0.292,0.225
henan_north,1985-01-05,0.312,0.308,0.292,0.225
henan_north,1985-01-06,0.31,0.308,0.292,0.225
henan_north,1985-01-07,0.309,0.308,0.292,0.225
henan_north,1985-01-08,0.309,0.307,0.292,0.225
henan_north,1985-01-09,0.309,0.307,0.292,0.225
henan_north,1985-01-10,0.307,0.306,0.292,0.225
henan_north,1985-01-11,0.306,0.306,0.291,0.225
henan_north,1985-01-12,0.303,0.305,0.291,0.225
henan_north,1985-01-13,0.302,0.304,0.291,0.225
henan_north,1985-01-14,0.301,0.303,0.291,0.225
henan_north,1985-01-15,0.299,0.303,0.291,0.225
henan_north,1985-01-16,0.298,0.302,0.291,0.225
henan_north,1985-01-17,0.297,0.301,0.291,0.225
henan_north,1985-01-18,0.296,0.3,0.291,0.226
henan_north,1985-01-19,0.294,0.299,0.291,0.226
henan_north,1985-01-20,0.293,0.298,0.29,0.226
henan_north,1985-01-21,0.292,0.296,0.29,0.226
henan_north,1985-01-22,0.309,0.296,0.29,0.226
henan_north,1985-01-23,0.304,0.296,0.29,0.226
henan_north,1985-01-24,0.302,0.296,0.289,0.226
henan_north,1985-01-25,0.302,0.296,0.289,0.226
henan_north,1985-01-26,0.302,0.296,0.289,0.226
henan_north,1985-01-27,0.302,0.296,0.289,0.226
henan_north,1985-01-28,0.302,0.296,0.289,0.226
henan_north,1985-01-29,0.302,0.297,0.289,0.226
henan_north,1985-01-30,0.3,0.297,0.289,0.226
henan_north,1985-01-31,0.301,0.297,0.289,0.226
henan_north,1985-02-01,0.299,0.296,0.288,0.226
henan_north,1985-02-02,0.294,0.294,0.288,0.226
henan_north,1985-02-03,0.289,0.292,0.287,0.226
henan_north,1985-02-04,0.286,0.29,0.287,0.227
henan_north,1985-02-05,0.283,0.289,0.287,0.227
henan_north,1985-02-06,0.281,0.287,0.286,0.227
henan_north,1985-02-07,0.28,0.286,0.286,0.227
henan_north,1985-02-08,0.288,0.285,0.286,0.227
henan_north,1985-02-09,0.29,0.285,0.285,0.227
henan_north,1985-02-10,0.283,0.284,0.285,0.227
henan_north,1985-02-11,0.283,0.283,0.285,0.227
henan_north,1985-02-12,0.282,0.282,0.284,0.227
henan_north,1985-02-13,0.278,0.281,0.284,0.227
henan_north,1985-02-14,0.275,0.279,0.284,0.227
henan_north,1985-02-15,0.272,0.278,0.283,0.227
henan_north,1985-02-16,0.271,0.277,0.283,0.227
henan_north,1985-02-17,0.268,0.275,0.282,0.227
henan_north,1985-02-18,0.267,0.275,0.282,0.227
henan_north,1985-02-19,0.267,0.274,0.282,0.227
henan_north,1985-02-20,0.268,0.274,0.282,0.227
henan_north,1985-02-21,0.268,0.274,0.282,0.227
henan_north,1985-02-22,0.268,0.274,0.281,0.227
henan_north,1985-02-23,0.268,0.273,0.281,0.227
henan_north,1985-02-24,0.267,0.273,0.281,0.227
henan_north,1985-02-25,0.269,0.272,0.281,0.228
henan_north,1985-02-26,0.275,0.272,0.28,0.228
henan_north,1985-02-27,0.282,0.271,0.28,0.228
henan_north,1985-02-28,0.286,0.272,0.28,0.228
henan_north,1985-03-01,0.287,0.272,0.28,0.228
henan_north,1985-03-02,0.285,0.273,0.279,0.228
henan_north,1985-03-03,0.28,0.272,0.279,0.228
henan_north,1985-03-04,0.274,0.271,0.278,0.228
henan_north,1985-03-05,0.269,0.27,0.278,0.228
henan_north,1985-03-06,0.268,0.269,0.278,0.228
henan_north,1985-03-07,0.277,0.269,0.277,0.228
henan_north,1985-03-08,0.314,0.271,0.277,0.228
henan_north,1985-03-09,0.301,0.273,0.277,0.228
henan_north,1985-03-10,0.292,0.274,0.276,0.228
henan_north,1985-03-11,0.29,0.274,0.276,0.228
henan_north,1985-03-12,0.284,0.273,0.275,0.228
henan_north,1985-03-13,0.275,0.271,0.275,0.228
henan_north,1985-03-14,0.267,0.269,0.274,0.228
henan_north,1985-03-15,0.26,0.266,0.273,0.228
henan_north,1985-03-16,0.254,0.263,0.273,0.228
henan_north,1985-03-17,0.249,0.26,0.272,0.228
henan_north,1985-03-18,0.245,0.258,0.271,0.228
henan_north,1985-03-19,0.242,0.256,0.271,0.228
henan_north,1985-03-20,0.237,0.253,0.27,0.228
henan_north,1985-03-21,0.232,0.25,0.269,0.228
henan_north,1985-03-22,0.227,0.247,0.268,0.228
henan_north,1985-03-23,0.224,0.245,0.268,0.228
henan_north,1985-03-24,0.227,0.242,0.267,0.228
henan_north,1985-03-25,0.252,0.241,0.266,0.228
henan_north,1985-03-26,0.28,0.24,0.265,0.228
henan_north,1985-03-27,0.291,0.244,0.265,0.228
henan_north,1985-03-28,0.273,0.244,0.264,0.228
henan_north,1985-03-29,0.259,0.242,0.263,0.228
henan_north,1985-03-30,0.246,0.239,0.262,0.228
henan_north,1985-03-31,0.234,0.236,0.261,0.228
henan_north,1985-04-01,0.224,0.232,0.26,0.228
henan_north,1985-04-02,0.218,0.229,0.259,0.228
henan_north,1985-04-03,0.217,0.228,0.258,0.228
henan_north,1985-04-04,0.212,0.226,0.258,0.228
henan_north,1985-04-05,0.207,0.223,0.257,0.228
henan_north,1985-04-06,0.201,0.22,0.256,0.228
henan_north,1985-04-07,0.193,0.216,0.254,0.228
henan_north,1985-04-08,0.185,0.212,0.253,0.228
henan_north,1985-04-09,0.178,0.209,0.251,0.228
henan_north,1985-04-10,0.174,0.206,0.25,0.228
henan_north,1985-04-11,0.168,0.203,0.249,0.228
henan_north,1985-04-12,0.163,0.2,0.248,0.228
henan_north,1985-04-13,0.163,0.197,0.247,0.228
henan_north,1985-04-14,0.161,0.194,0.245,0.228
henan_north,1985-04-15,0.161,0.191,0.244,0.228
henan_north,1985-04-16,0.164,0.188,0.242,0.228
henan_north,1985-04-17,0.157,0.185,0.24,0.228
henan_north,1985-04-18,0.151,0.181,0.238,0.228
henan_north,1985-04-19,0.146,0.177,0.236,0.228
henan_north,1985-04-20,0.142,0.174,0.235,0.227
henan_north,1985-04-21,0.15,0.171,0.233,0.227
henan_north,1985-04-22,0.144,0.168,0.23,0.227
henan_north,1985-04-23,0.14,0.165,0.228,0.227
henan_north,1985-04-24,0.14,0.163,0.226,0.227
henan_north,1985-04-25,0.157,0.162,0.226,0.227
henan_north,1985-04-26,0.153,0.161,0.224,0.227
henan_north,1985-04-27,0.147,0.159,0.223,0.227
henan_north,1985-04-28,0.142,0.157,0.221,0.227
henan_north,1985-04-29,0.139,0.155,0.219,0.227
henan_north,1985-04-30,0.136,0.153,0.217,0.227
henan_north,1985-05-01,0.134,0.152,0.215,0.227
henan_north,1985-05-02,0.163,0.151,0.214,0.227
henan_north,1985-05-03,0.333,0.171,0.214,0.226
henan_north,1985-05-04,0.318,0.212,0.214,0.226
henan_north,1985-05-05,0.305,0.219,0.213,0.226
henan_north,1985-05-06,0.307,0.228,0.213,0.226
henan_north,1985-05-07,0.274,0.228,0.212,0.226
henan_north,1985-05-08,0.25,0.225,0.211,0.226
henan_north,1985-05-09,0.232,0.22,0.211,0.226
henan_north,1985-05-10,0.224,0.217,0.21,0.226
henan_north,1985-05-11,0.313,0.24,0.209,0.226
henan_north,1985-05-12,0.417,0.406,0.226,0.226
henan_north,1985-05-13,0.378,0.379,0.238,0.226
henan_north,1985-05-14,0.357,0.359,0.242,0.226
henan_north,1985-05-15,0.343,0.346,0.244,0.226
henan_north,1985-05-16,0.324,0.332,0.244,0.226
henan_north,1985-05-17,0.344,0.325,0.245,0.226
henan_north,1985-05-18,0.353,0.331,0.246,0.226
henan_north,1985-05-19,0.323,0.322,0.246,0.226
henan_north,1985-05-20,0.298,0.309,0.246,0.226
henan_north,1985-05-21,0.282,0.299,0.245,0.226
henan_north,1985-05-22,0.268,0.289,0.244,0.226
henan_north,1985-05-23,0.255,0.28,0.243,0.226
henan_north,1985-05-24,0.242,0.271,0.242,0.226
henan_north,1985-05-25,0.234,0.263,0.241,0.226
henan_north,1985-05-26,0.346,0.271,0.241,0.226
henan_north,1985-05-27,0.328,0.285,0.241,0.226
henan_north,1985-05-28,0.297,0.281,0.24,0.226
henan_north,1985-05-29,0.28,0.276,0.239,0.226
henan_north,1985-05-30,0.27,0.272,0.239,0.226
henan_north,1985-05-31,0.259,0.266,0.238,0.226
henan_north,1985-06-01,0.248,0.26,0.237,0.226
henan_north,1985-06-02,0.242,0.253,0.237,0.226
henan_north,1985-06-03,0.233,0.248,0.235,0.226
henan_north,1985-06-04,0.238,0.243,0.235,0.226
henan_north,1985-06-05,0.232,0.239,0.234,0.226
henan_north,1985-06-06,0.222,0.234,0.233,0.225
henan_north,1985-06-07,0.205,0.227,0.231,0.225
henan_north,1985-06-08,0.188,0.219,0.229,0.225
henan_north,1985-06-09,0.175,0.212,0.228,0.225
henan_north,1985-06-10,0.166,0.206,0.226,0.225
henan_north,1985-06-11,0.17,0.202,0.225,0.225
henan_north,1985-06-12,0.175,0.2,0.225,0.225
henan_north,1985-06-13,0.167,0.195,0.223,0.225
henan_north,1985-06-14,0.157,0.19,0.222,0.225
henan_north,1985-06-15,0.2,0.191,0.22,0.225
henan_north,1985-06-16,0.353,0.309,0.22,0.225
henan_north,1985-06-17,0.317,0.308,0.22,0.225
henan_north,1985-06-18,0.297,0.299,0.22,0.225
henan_north,1985-06-19,0.277,0.288,0.22,0.225
henan_north,1985-06-20,0.261,0.279,0.22,0.225
henan_north,1985-06-21,0.246,0.27,0.219,0.225
henan_north,1985-06-22,0.233,0.26,0.218,0.225
henan_north,1985-06-23,0.222,0.252,0.217,0.225
henan_north,1985-06-24,0.211,0.243,0.216,0.224
henan_north,1985-06-25,0.195,0.233,0.214,0.224
henan_north,1985-06-26,0.181,0.223,0.213,0.224
henan_north,1985-06-27,0.169,0.214,0.211,0.224
henan_north,1985-06-28,0.159,0.205,0.209,0.224
henan_north,1985-06-29,0.154,0.199,0.208,0.224
henan_north,1985-06-30,0.152,0.194,0.207,0.224
henan_north,1985-07-01,0.148,0.189,0.206,0.224
henan_north,1985-07-02,0.145,0.185,0.205,0.224
henan_north,1985-07-03,0.143,0.18,0.203,0.224
henan_north,1985-07-04,0.284,0.181,0.202,0.224
henan_north,1985-07-05,0.257,0.183,0.201,0.224
henan_north,1985-07-06,0.235,0.182,0.2,0.224
henan_north,1985-07-07,0.212,0.179,0.199,0.223
henan_north,1985-07-08,0.193,0.175,0.197,0.223
henan_north,1985-07-09,0.201,0.171,0.196,0.223
henan_north,1985-07-10,0.183,0.168,0.195,0.223
henan_north,1985-07-11,0.357,0.216,0.194,0.223
henan_north,1985-07-12,0.329,0.249,0.194,0.223
henan_north,1985-07-13,0.289,0.25,0.193,0.223
henan_north,1985-07-14,0.283,0.244,0.192,0.223
henan_north,1985-07-15,0.376,0.272,0.192,0.223
henan_north,1985-07-16,0.384,0.337,0.193,0.223
henan_north,1985-07-17,0.342,0.334,0.195,0.223
henan_north,1985-07-18,0.31,0.317,0.196,0.223
henan_north,1985-07-19,0.301,0.302,0.196,0.223
henan_north,1985-07-20,0.337,0.299,0.197,0.223
henan_north,1985-07-21,0.312,0.293,0.197,0.223
henan_north,1985-07-22,0.308,0.286,0.197,0.223
henan_north,1985-07-23,0.306,0.279,0.196,0.222
henan_north,1985-07-24,0.377,0.317,0.197,0.222
henan_north,1985-07-25,0.367,0.344,0.199,0.222
henan_north,1985-07-26,0.338,0.331,0.2,0.222
henan_north,1985-07-27,0.325,0.319,0.201,0.222
henan_north,1985-07-28,0.311,0.307,0.202,0.222
henan_north,1985-07-29,0.293,0.296,0.202,0.222
henan_north,1985-07-30,0.281,0.286,0.202,0.222
henan_north,1985-07-31,0.285,0.278,0.202,0.222
henan_north,1985-08-01,0.316,0.273,0.201,0.222
henan_north,1985-08-02,0.341,0.279,0.201,0.222
henan_north,1985-08-03,0.321,0.278,0.201,0.222
henan_north,1985-08-04,0.328,0.281,0.2,0.222
henan_north,1985-08-05,0.294,0.275,0.2,0.222
henan_north,1985-08-06,0.278,0.269,0.2,0.222
henan_north,1985-08-07,0.273,0.263,0.199,0.222
henan_north,1985-08-08,0.262,0.256,0.199,0.222
henan_north,1985-08-09,0.271,0.248,0.198,0.222
henan_north,1985-08-10,0.341,0.257,0.198,0.222
henan_north,1985-08-11,0.36,0.273,0.197,0.222
henan_north,1985-08-12,0.362,0.304,0.198,0.222
henan_north,1985-08-13,0.337,0.305,0.198,0.221
henan_north,1985-08-14,0.334,0.303,0.199,0.221
henan_north,1985-08-15,0.305,0.295,0.199,0.221
henan_north,1985-08-16,0.285,0.287,0.199,0.221
henan_north,1985-08-17,0.294,0.28,0.199,0.221
henan_north,1985-08-18,0.375,0.306,0.199,0.221
henan_north,1985-08-19,0.336,0.318,0.2,0.221
henan_north,1985-08-20,0.313,0.308,0.201,0.221
henan_north,1985-08-21,0.301,0.299,0.201,0.221
henan_north,1985-08-22,0.38,0.314,0.201,0.221
henan_north,1985-08-23,0.402,0.369,0.205,0.221
henan_north,1985-08-24,0.391,0.372,0.211,0.221
henan_north,1985-08-25,0.386,0.368,0.216,0.221
henan_north,1985-08-26,0.377,0.359,0.219,0.221
henan_north,1985-08-27,0.368,0.354,0.222,0.221
henan_north,1985-08-28,0.383,0.355,0.225,0.221
henan_north,1985-08-29,0.388,0.367,0.229,0.221
henan_north,1985-08-30,0.402,0.381,0.234,0.221
henan_north,1985-08-31,0.373,0.37,0.239,0.221
henan_north,1985-09-01,0.381,0.364,0.242,0.221
henan_north,1985-09-02,0.368,0.364,0.246,0.221
henan_north,1985-09-03,0.343,0.347,0.247,0.221
henan_north,1985-09-04,0.327,0.334,0.248,0.221
henan_north,1985-09-05,0.318,0.324,0.249,0.221
henan_north,1985-09-06,0.303,0.314,0.249,0.221
henan_north,1985-09-07,0.298,0.305,0.248,0.221
henan_north,1985-09-08,0.303,0.299,0.248,0.221
henan_north,1985-09-09,0.366,0.325,0.248,0.221
henan_north,1985-09-10,0.336,0.325,0.249,0.221
henan_north,1985-09-11,0.323,0.32,0.249,0.221
henan_north,1985-09-12,0.331,0.315,0.249,0.221
henan_north,1985-09-13,0.355,0.318,0.25,0.221
henan_north,1985-09-14,0.391,0.335,0.251,0.221
henan_north,1985-09-15,0.427,0.405,0.259,0.221
henan_north,1985-09-16,0.428,0.423,0.293,0.221
henan_north,1985-09-17,0.41,0.406,0.319,0.221
henan_north,1985-09-18,0.39,0.39,0.325,0.221
henan_north,1985-09-19,0.376,0.379,0.327,0.222
henan_north,1985-09-20,0.36,0.367,0.328,0.222
henan_north,1985-09-21,0.365,0.359,0.327,0.222
henan_north,1985-09-22,0.369,0.36,0.328,0.222
henan_north,1985-09-23,0.362,0.357,0.328,0.222
henan_north,1985-09-24,0.349,0.351,0.327,0.223
henan_north,1985-09-25,0.337,0.344,0.326,0.223
henan_north,1985-09-26,0.329,0.338,0.325,0.223
henan_north,1985-09-27,0.322,0.332,0.324,0.223
henan_north,1985-09-28,0.314,0.326,0.323,0.223
henan_north,1985-09-29,0.306,0.32,0.322,0.223
henan_north,1985-09-30,0.298,0.314,0.32,0.224
henan_north,1985-10-01,0.288,0.307,0.319,0.224
henan_north,1985-10-02,0.281,0.301,0.317,0.224
henan_north,1985-10-03,0.273,0.295,0.316,0.224
henan_north,1985-10-04,0.267,0.29,0.314,0.224
henan_north,1985-10-05,0.26,0.285,0.312,0.224
henan_north,1985-10-06,0.253,0.28,0.311,0.224
henan_north,1985-10-07,0.246,0.275,0.309,0.225
henan_north,1985-10-08,0.241,0.27,0.307,0.225
henan_north,1985-10-09,0.278,0.269,0.306,0.225
henan_north,1985-10-10,0.297,0.271,0.305,0.225
henan_north,1985-10-11,0.303,0.271,0.304,0.225
henan_north,1985-10-12,0.379,0.302,0.303,0.225
henan_north,1985-10-13,0.344,0.318,0.303,0.225
henan_north,1985-10-14,0.347,0.322,0.303,0.225
henan_north,1985-10-15,0.4,0.356,0.303,0.225
henan_north,1985-10-16,0.39,0.381,0.306,0.225
henan_north,1985-10-17,0.377,0.374,0.309,0.226
henan_north,1985-10-18,0.37,0.368,0.311,0.226
henan_north,1985-10-19,0.381,0.366,0.312,0.226
henan_north,1985-10-20,0.373,0.368,0.314,0.226
henan_north,1985-10-21,0.359,0.361,0.315,0.226
henan_north,1985-10-22,0.349,0.354,0.315,0.226
henan_north,1985-10-23,0.34,0.347,0.315,0.226
henan_north,1985-10-24,0.335,0.342,0.315,0.226
henan_north,1985-10-25,0.331,0.337,0.315,0.227
henan_north,1985-10-26,0.326,0.333,0.314,0.227
henan_north,1985-10-27,0.375,0.34,0.314,0.227
henan_north,1985-10-28,0.361,0.351,0.314,0.227
henan_north,1985-10-29,0.349,0.348,0.315,0.227
henan_north,1985-10-30,0.343,0.344,0.315,0.227
henan_north,1985-10-31,0.335,0.34,0.315,0.227
henan_north,1985-11-01,0.327,0.335,0.314,0.228
henan_north,1985-11-02,0.323,0.331,0.314,0.228
henan_north,1985-11-03,0.319,0.327,0.313,0.228
henan_north,1985-11-04,0.318,0.324,0.313,0.228
henan_north,1985-11-05,0.326,0.322,0.312,0.228
henan_north,1985-11-06,0.319,0.32,0.312,0.228
henan_north,1985-11-07,0.32,0.318,0.311,0.228
henan_north,1985-11-08,0.333,0.319,0.311,0.228
henan_north,1985-11-09,0.321,0.318,0.31,0.229
henan_north,1985-11-10,0.313,0.316,0.31,0.229
henan_north,1985-11-11,0.307,0.313,0.309,0.229
henan_north,1985-11-12,0.301,0.31,0.309,0.229
henan_north,1985-11-13,0.297,0.307,0.308,0.229
henan_north,1985-11-14,0.293,0.304,0.307,0.229
henan_north,1985-11-15,0.29,0.301,0.306,0.229
henan_north,1985-11-16,0.286,0.298,0.306,0.229
henan_north,1985-11-17,0.282,0.296,0.305,0.229
henan_north,1985-11-18,0.279,0.293,0.304,0.229
henan_north,1985-11-19,0.275,0.29,0.303,0.23
henan_north,1985-11-20,0.272,0.288,0.303,0.23
henan_north,1985-11-21,0.272,0.286,0.302,0.23
henan_north,1985-11-22,0.274,0.285,0.302,0.23
henan_north,1985-11-23,0.278,0.284,0.301,0.23
henan_north,1985-11-24,0.276,0.283,0.301,0.23
henan_north,1985-11-25,0.272,0.282,0.3,0.23
henan_north,1985-11-26,0.27,0.28,0.299,0.23
henan_north,1985-11-27,0.268,0.279,0.299,0.23
henan_north,1985-11-28,0.266,0.278,0.298,0.23
henan_north,1985-11-29,0.264,0.276,0.298,0.23
henan_north,1985-11-30,0.261,0.275,0.297,0.23
henan_north,1985-12-01,0.258,0.273,0.296,0.23
henan_north,1985-12-02,0.256,0.272,0.296,0.231
henan_north,1985-12-03,0.254,0.27,0.295,0.231
henan_north,1985-12-04,0.253,0.269,0.294,0.231
henan_north,1985-12-05,0.252,0.268,0.294,0.231
henan_north,1985-12-06,0.251,0.267,0.293,0.231
henan_north,1985-12-07,0.252,0.266,0.293,0.231
henan_north,1985-12-08,0.252,0.266,0.293,0.231
henan_north,1985-12-09,0.253,0.266,0.292,0.231
henan_north,1985-12-10,0.255,0.266,0.292,0.231
henan_north,1985-12-11,0.256,0.266,0.292,0.231
henan_north,1985-12-12,0.257,0.266,0.291,0.231
henan_north,1985-12-13,0.259,0.266,0.291,0.231
henan_north,1985-12-14,0.26,0.266,0.291,0.231
henan_north,1985-12-15,0.26,0.266,0.29,0.231
henan_north,1985-12-16,0.262,0.267,0.29,0.231
henan_north,1985-12-17,0.264,0.267,0.29,0.232
henan_north,1985-12-18,0.266,0.267,0.29,0.232
henan_north,1985-12-19,0.267,0.267,0.289,0.232
henan_north,1985-12-20,0.268,0.268,0.289,0.232
henan_north,1985-12-21,0.27,0.268,0.289,0.232
henan_north,1985-12-22,0.272,0.268,0.288,0.232
henan_north,1985-12-23,0.274,0.269,0.288,0.232
henan_north,1985-12-24,0.275,0.269,0.288,0.232
henan_north,1985-12-25,0.275,0.269,0.287,0.232
henan_north,1985-12-26,0.274,0.269,0.287,0.232
henan_north,1985-12-27,0.272,0.269,0.287,0.232
henan_north,1985-12-28,0.273,0.269,0.286,0.232
henan_north,1985-12-29,0.282,0.27,0.286,0.232
henan_north,1985-12-30,0.307,0.272,0.286,0.232
henan_north,1985-12-31,0.296,0.274,0.286,0.232
henan_north,1986-01-01,0.289,0.275,0.285,0.232
henan_north,1986-01-02,0.285,0.276,0.285,0.232
henan_north,1986-01-03,0.28,0.276,0.285,0.232
henan_north,1986-01-04,0.276,0.275,0.284,0.232
henan_north,1986-01-05,0.275,0.275,0.284,0.232
henan_north,1986-01-06,0.275,0.275,0.284,0.233
henan_north,1986-01-07,0.273,0.275,0.284,0.233
henan_north,1986-01-08,0.271,0.275,0.284,0.233
henan_north,1986-01-09,0.27,0.275,0.283,0.233
henan_north,1986-01-10,0.269,0.274,0.283,0.233
henan_north,1986-01-11,0.268,0.274,0.283,0.233
henan_north,1986-01-12,0.268,0.273,0.283,0.233
henan_north,1986-01-13,0.267,0.273,0.282,0.233
henan_north,1986-01-14,0.266,0.272,0.282,0.233
henan_north,1986-01-15,0.267,0.271,0.282,0.233
henan_north,1986-01-16,0.265,0.27,0.281,0.233
henan_north,1986-01-17,0.264,0.269,0.281,0.233
henan_north,1986-01-18,0.262,0.268,0.281,0.233
henan_north,1986-01-19,0.26,0.267,0.28,0.233
henan_north,1986-01-20,0.26,0.266,0.28,0.233
henan_north,1986-01-21,0.26,0.266,0.28,0.233
henan_north,1986-01-22,0.259,0.266,0.279,0.233
henan_north,1986-01-23,0.257,0.265,0.279,0.233
henan_north,1986-01-24,0.256,0.264,0.279,0.233
henan_north,1986-01-25,0.254,0.263,0.278,0.233
henan_north,1986-01-26,0.252,0.262,0.278,0.233
henan_north,1986-01-27,0.25,0.261,0.278,0.233
henan_north,1986-01-28,0.249,0.26,0.277,0.233
henan_north,1986-01-29,0.248,0.259,0.277,0.233
henan_north,1986-01-30,0.245,0.257,0.277,0.233
henan_north,1986-01-31,0.243,0.257,0.276,0.233
henan_north,1986-02-01,0.242,0.256,0.276,0.233
henan_north,1986-02-02,0.24,0.254,0.275,0.234
henan_north,1986-02-03,0.24,0.254,0.275,0.234
henan_north,1986-02-04,0.239,0.253,0.275,0.234
henan_north,1986-02-05,0.24,0.253,0.275,0.234
henan_north,1986-02-06,0.24,0.252,0.274,0.234
henan_north,1986-02-07,0.24,0.251,0.274,0.234
henan_north,1986-02-08,0.239,0.251,0.274,0.234
henan_north,1986-02-09,0.238,0.25,0.273,0.234
henan_north,1986-02-10,0.238,0.249,0.273,0.234
henan_north,1986-02-11,0.236,0.248,0.272,0.234
henan_north,1986-02-12,0.235,0.247,0.272,0.234
henan_north,1986-02-13,0.232,0.246,0.272,0.234
henan_north,1986-02-14,0.23,0.245,0.271,0.234
henan_north,1986-02-15,0.227,0.244,0.27,0.234
henan_north,1986-02-16,0.226,0.243,0.27,0.234
henan_north,1986-02-17,0.226,0.242,0.27,0.234
henan_north,1986-02-18,0.224,0.241,0.269,0.234
henan_north,1986-02-19,0.224,0.239,0.269,0.234
henan_north,1986-02-20,0.226,0.239,0.268,0.234
henan_north,1986-02-21,0.223,0.237,0.268,0.234
henan_north,1986-02-22,0.219,0.236,0.267,0.234
henan_north,1986-02-23,0.215,0.234,0.266,0.234
henan_north,1986-02-24,0.212,0.232,0.266,0.234
henan_north,1986-02-25,0.209,0.231,0.265,0.234
henan_north,1986-02-26,0.208,0.23,0.265,0.234
henan_north,1986-02-27,0.206,0.229,0.264,0.234
henan_north,1986-02-28,0.204,0.228,0.264,0.234
henan_north,1986-03-01,0.203,0.227,0.263,0.234
henan_north,1986-03-02,0.2,0.225,0.263,0.234
henan_north,1986-03-03,0.196,0.223,0.262,0.234
henan_north,1986-03-04,0.192,0.22,0.261,0.234
henan_north,1986-03-05,0.187,0.218,0.26,0.234
henan_north,1986-03-06,0.183,0.215,0.259,0.234
henan_north,1986-03-07,0.178,0.212,0.258,0.234
henan_north,1986-03-08,0.204,0.21,0.257,0.234
henan_north,1986-03-09,0.261,0.211,0.256,0.234
henan_north,1986-03-10,0.252,0.212,0.256,0.234
henan_north,1986-03-11,0.248,0.213,0.255,0.234
henan_north,1986-03-12,0.238,0.212,0.254,0.234
henan_north,1986-03-13,0.294,0.215,0.253,0.234
henan_north,1986-03-14,0.277,0.218,0.253,0.234
henan_north,1986-03-15,0.261,0.219,0.252,0.234
henan_north,1986-03-16,0.247,0.219,0.251,0.234
henan_north,1986-03-17,0.267,0.219,0.251,0.234
henan_north,1986-03-18,0.29,0.223,0.251,0.234
henan_north,1986-03-19,0.281,0.226,0.25,0.234
henan_north,1986-03-20,0.27,0.227,0.25,0.234
henan_north,1986-03-21,0.264,0.228,0.249,0.234
henan_north,1986-03-22,0.257,0.228,0.249,0.234
henan_north,1986-03-23,0.247,0.227,0.248,0.234
henan_north,1986-03-24,0.237,0.225,0.247,0.234
henan_north,1986-03-25,0.229,0.224,0.247,0.234
henan_north,1986-03-26,0.223,0.221,0.246,0.234
henan_north,1986-03-27,0.216,0.22,0.245,0.234
henan_north,1986-03-28,0.21,0.217,0.244,0.234
henan_north,1986-03-29,0.204,0.215,0.244,0.234
henan_north,1986-03-30,0.196,0.212,0.243,0.234
henan_north,1986-03-31,0.188,0.208,0.242,0.234
henan_north,1986-04-01,0.181,0.205,0.24,0.233
henan_north,1986-04-02,0.176,0.202,0.239,0.233
henan_north,1986-04-03,0.172,0.2,0.239,0.233
henan_north,1986-04-04,0.166,0.196,0.237,0.233
henan_north,1986-04-05,0.159,0.192,0.236,0.233
henan_north,1986-04-06,0.154,0.188,0.234,0.233
henan_north,1986-04-07,0.15,0.185,0.233,0.233
henan_north,1986-04-08,0.146,0.182,0.231,0.233
henan_north,1986-04-09,0.143,0.179,0.23,0.233
henan_north,1986-04-10,0.141,0.176,0.228,0.233
henan_north,1986-04-11,0.139,0.174,0.227,0.233
henan_north,1986-04-12,0.137,0.172,0.226,0.233
henan_north,1986-04-13,0.136,0.17,0.224,0.233
henan_north,1986-04-14,0.135,0.167,0.223,0.233
henan_north,1986-04-15,0.134,0.164,0.221,0.233
henan_north,1986-04-16,0.133,0.163,0.22,0.232
henan_north,1986-04-17,0.135,0.161,0.218,0.232
henan_north,1986-04-18,0.14,0.159,0.217,0.232
henan_north,1986-04-19,0.137,0.157,0.215,0.232
henan_north,1986-04-20,0.135,0.155,0.213,0.232
henan_north,1986-04-21,0.136,0.154,0.212,0.232
henan_north,1986-04-22,0.135,0.152,0.211,0.232
henan_north,1986-04-23,0.134,0.151,0.209,0.232
henan_north,1986-04-24,0.133,0.15,0.208,0.232
henan_north,1986-04-25,0.133,0.149,0.207,0.232
henan_north,1986-04-26,0.144,0.149,0.207,0.232
henan_north,1986-04-27,0.167,0.149,0.207,0.232
henan_north,1986-04-28,0.162,0.149,0.206,0.232
henan_north,1986-04-29,0.172,0.148,0.205,0.232
henan_north,1986-04-30,0.276,0.152,0.205,0.232
henan_north,1986-05-01,0.269,0.158,0.204,0.232
henan_north,1986-05-02,0.24,0.161,0.204,0.231
henan_north,1986-05-03,0.218,0.161,0.202,0.231
henan_north,1986-05-04,0.201,0.16,0.201,0.231
henan_north,1986-05-05,0.189,0.158,0.2,0.231
henan_north,1986-05-06,0.176,0.156,0.199,0.231
henan_north,1986-05-07,0.163,0.154,0.197,0.231
henan_north,1986-05-08,0.153,0.152,0.196,0.231
henan_north,1986-05-09,0.146,0.15,0.194,0.231
henan_north,1986-05-10,0.142,0.149,0.193,0.231
henan_north,1986-05-11,0.139,0.148,0.192,0.231
henan_north,1986-05-12,0.148,0.147,0.191,0.231
henan_north,1986-05-13,0.144,0.146,0.19,0.23
henan_north,1986-05-14,0.138,0.145,0.189,0.23
henan_north,1986-05-15,0.134,0.143,0.187,0.23
henan_north,1986-05-16,0.132,0.142,0.186,0.23
henan_north,1986-05-17,0.132,0.141,0.184,0.23
henan_north,1986-05-18,0.375,0.247,0.183,0.23
henan_north,1986-05-19,0.335,0.3,0.184,0.23
henan_north,1986-05-20,0.311,0.296,0.185,0.23
henan_north,1986-05-21,0.29,0.287,0.185,0.23
henan_north,1986-05-22,0.266,0.276,0.185,0.23
henan_north,1986-05-23,0.245,0.265,0.185,0.229
henan_north,1986-05-24,0.23,0.256,0.184,0.229
henan_north,1986-05-25,0.297,0.254,0.184,0.229
henan_north,1986-05-26,0.343,0.275,0.185,0.229
henan_north,1986-05-27,0.303,0.275,0.185,0.229
henan_north,1986-05-28,0.294,0.268,0.184,0.229
henan_north,1986-05-29,0.303,0.265,0.184,0.229
henan_north,1986-05-30,0.272,0.259,0.184,0.229
henan_north,1986-05-31,0.249,0.25,0.184,0.229
henan_north,1986-06-01,0.229,0.242,0.183,0.229
henan_north,1986-06-02,0.211,0.233,0.182,0.229
henan_north,1986-06-03,0.193,0.223,0.182,0.229
henan_north,1986-06-04,0.183,0.217,0.181,0.229
henan_north,1986-06-05,0.191,0.212,0.18,0.229
henan_north,1986-06-06,0.18,0.205,0.18,0.229
henan_north,1986-06-07,0.167,0.198,0.179,0.228
henan_north,1986-06-08,0.157,0.192,0.178,0.228
henan_north,1986-06-09,0.15,0.186,0.177,0.228
henan_north,1986-06-10,0.144,0.182,0.176,0.228
henan_north,1986-06-11,0.145,0.178,0.175,0.228
henan_north,1986-06-12,0.159,0.176,0.175,0.228
henan_north,1986-06-13,0.155,0.174,0.175,0.228
henan_north,1986-06-14,0.152,0.173,0.175,0.228
henan_north,1986-06-15,0.15,0.172,0.174,0.228
henan_north,1986-06-16,0.146,0.169,0.174,0.228
henan_north,1986-06-17,0.14,0.165,0.173,0.228
henan_north,1986-06-18,0.136,0.162,0.172,0.228
henan_north,1986-06-19,0.133,0.159,0.171,0.227
henan_north,1986-06-20,0.13,0.156,0.17,0.227
henan_north,1986-06-21,0.135,0.153,0.169,0.227
henan_north,1986-06-22,0.149,0.151,0.168,0.227
henan_north,1986-06-23,0.142,0.149,0.167,0.227
henan_north,1986-06-24,0.14,0.147,0.166,0.227
henan_north,1986-06-25,0.136,0.146,0.166,0.227
henan_north,1986-06-26,0.143,0.144,0.165,0.226
henan_north,1986-06-27,0.304,0.198,0.165,0.226
henan_north,1986-06-28,0.259,0.209,0.164,0.226
henan_north,1986-06-29,0.224,0.202,0.164,0.226
henan_north,1986-06-30,0.201,0.196,0.163,0.226
henan_north,1986-07-01,0.186,0.191,0.163,0.226
henan_north,1986-07-02,0.193,0.189,0.162,0.226
henan_north,1986-07-03,0.218,0.189,0.162,0.226
henan_north,1986-07-04,0.255,0.188,0.162,0.226
henan_north,1986-07-05,0.241,0.188,0.162,0.226
henan_north,1986-07-06,0.215,0.184,0.162,0.226
henan_north,1986-07-07,0.193,0.179,0.161,0.226
henan_north,1986-07-08,0.177,0.174,0.16,0.225
henan_north,1986-07-09,0.167,0.171,0.16,0.225
henan_north,1986-07-10,0.16,0.167,0.159,0.225
henan_north,1986-07-11,0.149,0.162,0.158,0.225
henan_north,1986-07-12,0.141,0.157,0.158,0.225
henan_north,1986-07-13,0.136,0.154,0.157,0.225
henan_north,1986-07-14,0.133,0.151,0.156,0.225
henan_north,1986-07-15,0.131,0.147,0.155,0.224
henan_north,1986-07-16,0.131,0.145,0.154,0.224
henan_north,1986-07-17,0.131,0.143,0.154,0.224
henan_north,1986-07-18,0.132,0.142,0.153,0.224
henan_north,1986-07-19,0.132,0.141,0.152,0.224
henan_north,1986-07-20,0.184,0.14,0.152,0.224
henan_north,1986-07-21,0.176,0.14,0.152,0.223
henan_north,1986-07-22,0.162,0.139,0.151,0.223
henan_north,1986-07-23,0.154,0.138,0.15,0.223
henan_north,1986-07-24,0.152,0.137,0.15,0.223
henan_north,1986-07-25,0.157,0.137,0.149,0.223
henan_north,1986-07-26,0.193,0.137,0.149,0.223
henan_north,1986-07-27,0.219,0.138,0.149,0.223
henan_north,1986-07-28,0.191,0.138,0.148,0.222
henan_north,1986-07-29,0.176,0.138,0.148,0.222
henan_north,1986-07-30,0.255,0.14,0.148,0.222
henan_north,1986-07-31,0.339,0.175,0.148,0.222
henan_north,1986-08-01,0.28,0.188,0.147,0.222
henan_north,1986-08-02,0.243,0.186,0.147,0.222
henan_north,1986-08-03,0.215,0.182,0.147,0.222
henan_north,1986-08-04,0.197,0.177,0.147,0.222
henan_north,1986-08-05,0.19,0.174,0.147,0.222
henan_north,1986-08-06,0.228,0.172,0.146,0.222
henan_north,1986-08-07,0.206,0.17,0.146,0.222
henan_north,1986-08-08,0.184,0.165,0.146,0.221
henan_north,1986-08-09,0.168,0.161,0.146,0.221
henan_north,1986-08-10,0.162,0.158,0.145,0.221
henan_north,1986-08-11,0.178,0.156,0.145,0.221
henan_north,1986-08-12,0.171,0.154,0.145,0.221
henan_north,1986-08-13,0.156,0.15,0.144,0.221
henan_north,1986-08-14,0.217,0.158,0.144,0.221
henan_north,1986-08-15,0.377,0.259,0.144,0.221
henan_north,1986-08-16,0.318,0.282,0.145,0.22
henan_north,1986-08-17,0.288,0.274,0.145,0.22
henan_north,1986-08-18,0.278,0.266,0.146,0.22
henan_north,1986-08-19,0.393,0.361,0.149,0.22
henan_north,1986-08-20,0.358,0.351,0.154,0.22
henan_north,1986-08-21,0.343,0.334,0.157,0.22
henan_north,1986-08-22,0.316,0.318,0.16,0.22
henan_north,1986-08-23,0.291,0.302,0.161,0.22
henan_north,1986-08-24,0.27,0.287,0.161,0.22
henan_north,1986-08-25,0.252,0.274,0.161,0.22
henan_north,1986-08-26,0.237,0.263,0.161,0.22
henan_north,1986-08-27,0.222,0.252,0.161,0.22
henan_north,1986-08-28,0.206,0.24,0.161,0.22
henan_north,1986-08-29,0.191,0.229,0.161,0.22
henan_north,1986-08-30,0.178,0.219,0.16,0.219
henan_north,1986-08-31,0.168,0.211,0.16,0.219
henan_north,1986-09-01,0.165,0.203,0.159,0.219
henan_north,1986-09-02,0.16,0.195,0.159,0.219
henan_north,1986-09-03,0.151,0.188,0.158,0.219
henan_north,1986-09-04,0.144,0.181,0.158,0.219
henan_north,1986-09-05,0.14,0.175,0.157,0.219
henan_north,1986-09-06,0.138,0.172,0.157,0.219
henan_north,1986-09-07,0.143,0.169,0.156,0.219
henan_north,1986-09-08,0.205,0.168,0.156,0.219
henan_north,1986-09-09,0.347,0.199,0.156,0.219
henan_north,1986-09-10,0.32,0.22,0.156,0.219
henan_north,1986-09-11,0.284,0.225,0.156,0.219
henan_north,1986-09-12,0.259,0.222,0.156,0.218
henan_north,1986-09-13,0.239,0.219,0.156,0.218
henan_north,1986-09-14,0.222,0.214,0.156,0.218
henan_north,1986-09-15,0.214,0.209,0.156,0.218
henan_north,1986-09-16,0.202,0.205,0.155,0.218
henan_north,1986-09-17,0.189,0.201,0.155,0.218
henan_north,1986-09-18,0.179,0.196,0.155,0.218
henan_north,1986-09-19,0.169,0.191,0.155,0.218
henan_north,1986-09-20,0.164,0.187,0.154,0.218
henan_north,1986-09-21,0.161,0.184,0.154,0.218
henan_north,1986-09-22,0.154,0.18,0.154,0.218
henan_north,1986-09-23,0.148,0.176,0.154,0.218
henan_north,1986-09-24,0.143,0.173,0.153,0.218
henan_north,1986-09-25,0.141,0.17,0.153,0.218
henan_north,1986-09-26,0.14,0.168,0.153,0.217
henan_north,1986-09-27,0.174,0.166,0.153,0.217
henan_north,1986-09-28,0.272,0.169,0.153,0.217
henan_north,1986-09-29,0.287,0.178,0.153,0.217
henan_north,1986-09-30,0.256,0.181,0.153,0.217
henan_north,1986-10-01,0.234,0.181,0.152,0.217
henan_north,1986-10-02,0.218,0.179,0.152,0.217
henan_north,1986-10-03,0.205,0.178,0.152,0.217
henan_north,1986-10-04,0.195,0.176,0.152,0.217
henan_north,1986-10-05,0.186,0.174,0.152,0.217
henan_north,1986-10-06,0.178,0.172,0.152,0.217
henan_north,1986-10-07,0.173,0.171,0.152,0.217
henan_north,1986-10-08,0.18,0.17,0.151,0.217
henan_north,1986-10-09,0.173,0.168,0.151,0.217
henan_north,1986-10-10,0.166,0.167,0.151,0.217
henan_north,1986-10-11,0.162,0.166,0.151,0.217
henan_north,1986-10-12,0.157,0.165,0.151,0.217
henan_north,1986-10-13,0.153,0.164,0.151,0.217
henan_north,1986-10-14,0.149,0.162,0.151,0.217
henan_north,1986-10-15,0.146,0.161,0.151,0.217
henan_north,1986-10-16,0.146,0.16,0.151,0.217
henan_north,1986-10-17,0.305,0.168,0.151,0.217
henan_north,1986-10-18,0.294,0.183,0.151,0.217
henan_north,1986-10-19,0.297,0.19,0.151,0.217
henan_north,1986-10-20,0.372,0.24,0.151,0.216
henan_north,1986-10-21,0.326,0.264,0.151,0.216
henan_north,1986-10-22,0.302,0.266,0.152,0.216
henan_north,1986-10-23,0.289,0.266,0.152,0.216
henan_north,1986-10-24,0.279,0.264,0.153,0.216
henan_north,1986-10-25,0.27,0.261,0.153,0.216
henan_north,1986-10-26,0.261,0.258,0.153,0.216
henan_north,1986-10-27,0.254,0.255,0.154,0.216
henan_north,1986-10-28,0.248,0.252,0.154,0.216
henan_north,1986-10-29,0.241,0.248,0.154,0.216
henan_north,1986-10-30,0.236,0.245,0.154,0.216
henan_north,1986-10-31,0.231,0.243,0.155,0.216
henan_north,1986-11-01,0.226,0.24,0.155,0.216
henan_north,1986-11-02,0.221,0.237,0.155,0.216
henan_north,1986-11-03,0.217,0.234,0.155,0.216
henan_north,1986-11-04,0.213,0.231,0.155,0.216
henan_north,1986-11-05,0.209,0.229,0.155,0.216
henan_north,1986-11-06,0.206,0.226,0.155,0.216
henan_north,1986-11-07,0.203,0.224,0.155,0.216
henan_north,1986-11-08,0.2,0.222,0.155,0.216
henan_north,1986-11-09,0.196,0.22,0.156,0.216
henan_north,1986-11-10,0.193,0.217,0.156,0.216
henan_north,1986-11-11,0.19,0.216,0.156,0.216
henan_north,1986-11-12,0.189,0.214,0.156,0.216
henan_north,1986-11-13,0.187,0.212,0.156,0.216
henan_north,1986-11-14,0.184,0.211,0.156,0.216
henan_north,1986-11-15,0.181,0.209,0.156,0.216
henan_north,1986-11-16,0.18,0.208,0.156,0.216
henan_north,1986-11-17,0.179,0.206,0.156,0.216
henan_north,1986-11-18,0.178,0.205,0.156,0.216
henan_north,1986-11-19,0.18,0.204,0.156,0.216
henan_north,1986-11-20,0.183,0.203,0.156,0.216
henan_north,1986-11-21,0.182,0.202,0.156,0.216
henan_north,1986-11-22,0.222,0.202,0.156,0.216
henan_north,1986-11-23,0.228,0.202,0.156,0.216
henan_north,1986-11-24,0.228,0.202,0.156,0.216
henan_north,1986-11-25,0.224,0.202,0.156,0.216
henan_north,1986-11-26,0.219,0.202,0.156,0.216
henan_north,1986-11-27,0.216,0.202,0.156,0.216
henan_north,1986-11-28,0.213,0.201,0.156,0.216
henan_north,1986-11-29,0.211,0.201,0.156,0.216
henan_north,1986-11-30,0.208,0.2,0.157,0.216
henan_north,1986-12-01,0.206,0.2,0.157,0.216
henan_north,1986-12-02,0.21,0.199,0.157,0.216
henan_north,1986-12-03,0.206,0.199,0.157,0.216
henan_north,1986-12-04,0.203,0.198,0.157,0.216
henan_north,1986-12-05,0.2,0.197,0.157,0.215
henan_north,1986-12-06,0.197,0.196,0.157,0.215
henan_north,1986-12-07,0.194,0.196,0.157,0.215
henan_north,1986-12-08,0.192,0.195,0.157,0.215
henan_north,1986-12-09,0.19,0.194,0.157,0.215
henan_north,1986-12-10,0.188,0.194,0.157,0.215
henan_north,1986-12-11,0.186,0.193,0.157,0.215
henan_north,1986-12-12,0.194,0.192,0.157,0.215
henan_north,1986-12-13,0.252,0.193,0.157,0.215
henan_north,1986-12-14,0.246,0.195,0.157,0.215
henan_north,1986-12-15,0.239,0.196,0.157,0.215
henan_north,1986-12-16,0.234,0.196,0.157,0.215
henan_north,1986-12-17,0.235,0.197,0.157,0.215
henan_north,1986-12-18,0.237,0.198,0.157,0.215
henan_north,1986-12-19,0.235,0.198,0.157,0.215
henan_north,1986-12-20,0.232,0.199,0.157,0.215
henan_north,1986-12-21,0.232,0.199,0.157,0.215
henan_north,1986-12-22,0.234,0.2,0.157,0.215
henan_north,1986-12-23,0.237,0.2,0.157,0.215
henan_north,1986-12-24,0.243,0.201,0.157,0.215
henan_north,1986-12-25,0.243,0.202,0.157,0.215
henan_north,1986-12-26,0.238,0.202,0.157,0.215
henan_north,1986-12-27,0.239,0.203,0.158,0.215
henan_north,1986-12-28,0.241,0.204,0.158,0.215
henan_north,1986-12-29,0.24,0.204,0.158,0.215
henan_north,1986-12-30,0.242,0.205,0.158,0.215
henan_north,1986-12-31,0.24,0.206,0.158,0.215
henan_north,1987-01-01,0.236,0.206,0.158,0.215
henan_north,1987-01-02,0.237,0.207,0.158,0.215
henan_north,1987-01-03,0.244,0.207,0.158,0.215
henan_north,1987-01-04,0.25,0.208,0.158,0.215
henan_north,1987-01-05,0.258,0.21,0.158,0.215
henan_north,1987-01-06,0.273,0.212,0.158,0.215
henan_north,1987-01-07,0.283,0.215,0.158,0.215
henan_north,1987-01-08,0.285,0.219,0.158,0.215
henan_north,1987-01-09,0.28,0.222,0.159,0.215
henan_north,1987-01-10,0.271,0.224,0.159,0.215
henan_north,1987-01-11,0.266,0.226,0.159,0.215
henan_north,1987-01-12,0.261,0.226,0.159,0.215
henan_north,1987-01-13,0.256,0.227,0.159,0.215
henan_north,1987-01-14,0.252,0.227,0.159,0.215
henan_north,1987-01-15,0.249,0.227,0.159,0.215
henan_north,1987-01-16,0.246,0.227,0.159,0.215
henan_north,1987-01-17,0.241,0.226,0.159,0.215
henan_north,1987-01-18,0.238,0.225,0.16,0.215
henan_north,1987-01-19,0.234,0.225,0.16,0.215
henan_north,1987-01-20,0.232,0.224,0.16,0.215
henan_north,1987-01-21,0.235,0.224,0.16,0.215
henan_north,1987-01-22,0.235,0.223,0.16,0.215
henan_north,1987-01-23,0.238,0.223,0.16,0.215
henan_north,1987-01-24,0.237,0.223,0.16,0.215
henan_north,1987-01-25,0.233,0.222,0.16,0.215
henan_north,1987-01-26,0.229,0.221,0.16,0.215
henan_north,1987-01-27,0.225,0.22,0.161,0.215
henan_north,1987-01-28,0.221,0.219,0.161,0.215
henan_north,1987-01-29,0.218,0.218,0.161,0.215
henan_north,1987-01-30,0.214,0.217,0.161,0.215
henan_north,1987-01-31,0.211,0.215,0.161,0.215
henan_north,1987-02-01,0.209,0.214,0.161,0.215
henan_north,1987-02-02,0.209,0.213,0.161,0.215
henan_north,1987-02-03,0.207,0.212,0.161,0.215
henan_north,1987-02-04,0.205,0.211,0.161,0.215
henan_north,1987-02-05,0.204,0.21,0.161,0.215
henan_north,1987-02-06,0.202,0.209,0.161,0.214
henan_north,1987-02-07,0.199,0.207,0.161,0.214
henan_north,1987-02-08,0.196,0.206,0.161,0.214
henan_north,1987-02-09,0.193,0.204,0.161,0.214
henan_north,1987-02-10,0.194,0.203,0.161,0.214
henan_north,1987-02-11,0.215,0.202,0.161,0.214
henan_north,1987-02-12,0.213,0.202,0.161,0.214
henan_north,1987-02-13,0.209,0.201,0.161,0.214
henan_north,1987-02-14,0.213,0.2,0.161,0.214
henan_north,1987-02-15,0.216,0.2,0.161,0.214
henan_north,1987-02-16,0.23,0.2,0.161,0.214
henan_north,1987-02-17,0.251,0.201,0.161,0.214
henan_north,1987-02-18,0.25,0.202,0.161,0.214
henan_north,1987-02-19,0.243,0.203,0.161,0.214
henan_north,1987-02-20,0.246,0.204,0.161,0.214
henan_north,1987-02-21,0.256,0.205,0.161,0.214
henan_north,1987-02-22,0.262,0.206,0.161,0.214
henan_north,1987-02-23,0.257,0.207,0.161,0.214
henan_north,1987-02-24,0.245,0.206,0.161,0.214
henan_north,1987-02-25,0.236,0.206,0.161,0.214
henan_north,1987-02-26,0.23,0.206,0.161,0.214
henan_north,1987-02-27,0.225,0.205,0.161,0.214
henan_north,1987-02-28,0.217,0.203,0.161,0.214
henan_north,1987-03-01,0.21,0.201,0.161,0.214
henan_north,1987-03-02,0.203,0.2,0.161,0.214
henan_north,1987-03-03,0.198,0.198,0.161,0.214
henan_north,1987-03-04,0.19,0.196,0.161,0.214
henan_north,1987-03-05,0.183,0.193,0.16,0.214
henan_north,1987-03-06,0.189,0.192,0.16,0.214
henan_north,1987-03-07,0.206,0.192,0.16,0.214
henan_north,1987-03-08,0.21,0.191,0.16,0.214
henan_north,1987-03-09,0.236,0.191,0.16,0.214
henan_north,1987-03-10,0.241,0.192,0.16,0.214
henan_north,1987-03-11,0.234,0.192,0.16,0.214
henan_north,1987-03-12,0.228,0.192,0.16,0.214
henan_north,1987-03-13,0.229,0.192,0.16,0.214
henan_north,1987-03-14,0.232,0.192,0.16,0.214
henan_north,1987-03-15,0.225,0.192,0.16,0.214
henan_north,1987-03-16,0.216,0.191,0.16,0.214
henan_north,1987-03-17,0.207,0.189,0.16,0.214
henan_north,1987-03-18,0.209,0.187,0.16,0.214
henan_north,1987-03-19,0.221,0.187,0.16,0.214
henan_north,1987-03-20,0.213,0.186,0.16,0.214
henan_north,1987-03-21,0.208,0.186,0.16,0.213
henan_north,1987-03-22,0.215,0.185,0.16,0.213
henan_north,1987-03-23,0.213,0.185,0.159,0.213
henan_north,1987-03-24,0.213,0.184,0.159,0.213
henan_north,1987-03-25,0.212,0.184,0.159,0.213
henan_north,1987-03-26,0.204,0.182,0.159,0.213
henan_north,1987-03-27,0.197,0.181,0.159,0.213
henan_north,1987-03-28,0.189,0.179,0.159,0.213
henan_north,1987-03-29,0.183,0.177,0.159,0.213
henan_north,1987-03-30,0.178,0.176,0.159,0.213
henan_north,1987-03-31,0.174,0.175,0.158,0.213
henan_north,1987-04-01,0.173,0.174,0.158,0.213
henan_north,1987-04-02,0.169,0.172,0.158,0.213
henan_north,1987-04-03,0.162,0.17,0.158,0.213
henan_north,1987-04-04,0.157,0.168,0.158,0.213
henan_north,1987-04-05,0.159,0.166,0.157,0.213
henan_north,1987-04-06,0.16,0.165,0.157,0.213
henan_north,1987-04-07,0.154,0.163,0.157,0.213
henan_north,1987-04-08,0.149,0.161,0.157,0.213
henan_north,1987-04-09,0.155,0.159,0.156,0.213
henan_north,1987-04-10,0.172,0.158,0.156,0.213
henan_north,1987-04-11,0.166,0.157,0.156,0.213
henan_north,1987-04-12,0.162,0.156,0.156,0.213
henan_north,1987-04-13,0.157,0.155,0.155,0.212
henan_north,1987-04-14,0.152,0.154,0.155,0.212
henan_north,1987-04-15,0.147,0.152,0.155,0.212
henan_north,1987-04-16,0.144,0.151,0.155,0.212
henan_north,1987-04-17,0.14,0.15,0.154,0.212
henan_north,1987-04-18,0.137,0.148,0.154,0.212
henan_north,1987-04-19,0.135,0.147,0.153,0.212
henan_north,1987-04-20,0.246,0.148,0.153,0.212
henan_north,1987-04-21,0.271,0.156,0.153,0.212
henan_north,1987-04-22,0.237,0.158,0.153,0.212
henan_north,1987-04-23,0.213,0.158,0.153,0.212
henan_north,1987-04-24,0.198,0.157,0.152,0.212
henan_north,1987-04-25,0.194,0.156,0.152,0.212
henan_north,1987-04-26,0.187,0.156,0.152,0.212
henan_north,1987-04-27,0.176,0.155,0.152,0.212
henan_north,1987-04-28,0.166,0.153,0.152,0.212
henan_north,1987-04-29,0.157,0.151,0.151,0.211
henan_north,1987-04-30,0.15,0.149,0.151,0.211
henan_north,1987-05-01,0.147,0.148,0.151,0.211
henan_north,1987-05-02,0.149,0.148,0.15,0.211
henan_north,1987-05-03,0.147,0.147,0.15,0.211
henan_north,1987-05-04,0.143,0.146,0.15,0.211
henan_north,1987-05-05,0.14,0.145,0.15,0.211
henan_north,1987-05-06,0.137,0.144,0.149,0.211
henan_north,1987-05-07,0.135,0.143,0.149,0.211
henan_north,1987-05-08,0.133,0.142,0.149,0.211
henan_north,1987-05-09,0.132,0.141,0.149,0.211
henan_north,1987-05-10,0.131,0.141,0.148,0.211
henan_north,1987-05-11,0.13,0.14,0.148,0.211
henan_north,1987-05-12,0.143,0.139,0.148,0.211
henan_north,1987-05-13,0.148,0.139,0.148,0.21
henan_north,1987-05-14,0.143,0.139,0.148,0.21
henan_north,1987-05-15,0.139,0.138,0.147,0.21
henan_north,1987-05-16,0.136,0.138,0.147,0.21
henan_north,1987-05-17,0.133,0.137,0.147,0.21
henan_north,1987-05-18,0.131,0.137,0.146,0.21
henan_north,1987-05-19,0.129,0.136,0.146,0.21
henan_north,1987-05-20,0.128,0.136,0.146,0.21
henan_north,1987-05-21,0.128,0.135,0.145,0.21
henan_north,1987-05-22,0.128,0.135,0.145,0.21
henan_north,1987-05-23,0.128,0.135,0.145,0.209
henan_north,1987-05-24,0.143,0.135,0.145,0.209
henan_north,1987-05-25,0.245,0.136,0.145,0.209
henan_north,1987-05-26,0.257,0.141,0.145,0.209
henan_north,1987-05-27,0.238,0.145,0.144,0.209
henan_north,1987-05-28,0.211,0.145,0.144,0.209
henan_north,1987-05-29,0.189,0.145,0.144,0.209
henan_north,1987-05-30,0.172,0.144,0.144,0.209
henan_north,1987-05-31,0.218,0.144,0.144,0.209
henan_north,1987-06-01,0.403,0.287,0.144,0.209
henan_north,1987-06-02,0.375,0.367,0.151,0.209
henan_north,1987-06-03,0.34,0.342,0.155,0.209
henan_north,1987-06-04,0.317,0.324,0.158,0.209
henan_north,1987-06-05,0.326,0.315,0.159,0.209
henan_north,1987-06-06,0.406,0.386,0.166,0.209
henan_north,1987-06-07,0.366,0.365,0.174,0.209
henan_north,1987-06-08,0.334,0.34,0.178,0.209
henan_north,1987-06-09,0.31,0.321,0.18,0.209
henan_north,1987-06-10,0.292,0.307,0.181,0.209
henan_north,1987-06-11,0.281,0.296,0.181,0.209
henan_north,1987-06-12,0.295,0.29,0.182,0.209
henan_north,1987-06-13,0.289,0.285,0.182,0.208
henan_north,1987-06-14,0.273,0.278,0.182,0.208
henan_north,1987-06-15,0.258,0.27,0.182,0.208
henan_north,1987-06-16,0.241,0.261,0.182,0.208
henan_north,1987-06-17,0.225,0.252,0.182,0.208
henan_north,1987-06-18,0.209,0.242,0.181,0.208
henan_north,1987-06-19,0.196,0.233,0.181,0.208
henan_north,1987-06-20,0.184,0.225,0.18,0.208
henan_north,1987-06-21,0.249,0.221,0.18,0.208
henan_north,1987-06-22,0.399,0.304,0.18,0.208
henan_north,1987-06-23,0.359,0.339,0.182,0.208
henan_north,1987-06-24,0.334,0.328,0.184,0.208
henan_north,1987-06-25,0.315,0.316,0.185,0.208
henan_north,1987-06-26,0.329,0.309,0.186,0.208
henan_north,1987-06-27,0.322,0.306,0.187,0.208
henan_north,1987-06-28,0.309,0.3,0.188,0.208
henan_north,1987-06-29,0.284,0.288,0.188,0.208
henan_north,1987-06-30,0.262,0.277,0.188,0.208
henan_north,1987-07-01,0.248,0.267,0.188,0.208
henan_north,1987-07-02,0.236,0.257,0.187,0.208
henan_north,1987-07-03,0.219,0.247,0.187,0.208
henan_north,1987-07-04,0.205,0.237,0.186,0.208
henan_north,1987-07-05,0.191,0.228,0.185,0.208
henan_north,1987-07-06,0.188,0.221,0.184,0.208
henan_north,1987-07-07,0.187,0.213,0.184,0.207
henan_north,1987-07-08,0.188,0.206,0.182,0.207
henan_north,1987-07-09,0.379,0.276,0.182,0.207
henan_north,1987-07-10,0.397,0.375,0.187,0.207
henan_north,1987-07-11,0.371,0.363,0.192,0.207
henan_north,1987-07-12,0.344,0.345,0.196,0.207
henan_north,1987-07-13,0.323,0.328,0.197,0.207
henan_north,1987-07-14,0.315,0.313,0.198,0.207
henan_north,1987-07-15,0.348,0.308,0.198,0.207
henan_north,1987-07-16,0.366,0.331,0.199,0.207
henan_north,1987-07-17,0.378,0.344,0.201,0.207
henan_north,1987-07-18,0.399,0.363,0.204,0.207
henan_north,1987-07-19,0.384,0.371,0.21,0.207
henan_north,1987-07-20,0.363,0.356,0.214,0.207
henan_north,1987-07-21,0.34,0.34,0.216,0.207
henan_north,1987-07-22,0.309,0.321,0.216,0.207
henan_north,1987-07-23,0.283,0.303,0.216,0.207
henan_north,1987-07-24,0.26,0.287,0.215,0.207
henan_north,1987-07-25,0.242,0.273,0.214,0.207
henan_north,1987-07-26,0.228,0.262,0.213,0.207
henan_north,1987-07-27,0.225,0.252,0.212,0.207
henan_north,1987-07-28,0.245,0.245,0.211,0.207
henan_north,1987-07-29,0.234,0.237,0.211,0.207
henan_north,1987-07-30,0.214,0.229,0.209,0.207
henan_north,1987-07-31,0.197,0.22,0.208,0.207
henan_north,1987-08-01,0.183,0.212,0.206,0.206
henan_north,1987-08-02,0.18,0.206,0.205,0.206
henan_north,1987-08-03,0.267,0.204,0.204,0.206
henan_north,1987-08-04,0.36,0.25,0.204,0.206
henan_north,1987-08-05,0.315,0.262,0.204,0.206
henan_north,1987-08-06,0.328,0.264,0.203,0.206
henan_north,1987-08-07,0.315,0.27,0.203,0.206
henan_north,1987-08-08,0.276,0.262,0.202,0.206
henan_north,1987-08-09,0.256,0.252,0.202,0.206
henan_north,1987-08-10,0.262,0.245,0.201,0.206
henan_north,1987-08-11,0.277,0.241,0.2,0.206
henan_north,1987-08-12,0.256,0.236,0.199,0.206
henan_north,1987-08-13,0.257,0.232,0.199,0.206
henan_north,1987-08-14,0.396,0.33,0.199,0.206
henan_north,1987-08-15,0.37,0.364,0.205,0.206
henan_north,1987-08-16,0.35,0.346,0.208,0.206
henan_north,1987-08-17,0.342,0.334,0.209,0.206
henan_north,1987-08-18,0.37,0.334,0.211,0.206
henan_north,1987-08-19,0.353,0.332,0.212,0.206
henan_north,1987-08-20,0.326,0.321,0.213,0.206
henan_north,1987-08-21,0.313,0.31,0.213,0.206
henan_north,1987-08-22,0.306,0.301,0.213,0.206
henan_north,1987-08-23,0.296,0.292,0.213,0.206
henan_north,1987-08-24,0.303,0.285,0.213,0.206
henan_north,1987-08-25,0.292,0.279,0.213,0.206
henan_north,1987-08-26,0.371,0.319,0.213,0.206
henan_north,1987-08-27,0.369,0.356,0.215,0.206
henan_north,1987-08-28,0.337,0.339,0.217,0.206
henan_north,1987-08-29,0.315,0.324,0.218,0.206
henan_north,1987-08-30,0.303,0.31,0.218,0.206
henan_north,1987-08-31,0.318,0.3,0.218,0.205
henan_north,1987-09-01,0.342,0.302,0.218,0.205
henan_north,1987-09-02,0.368,0.331,0.219,0.205
henan_north,1987-09-03,0.413,0.389,0.234,0.205
henan_north,1987-09-04,0.393,0.39,0.257,0.205
henan_north,1987-09-05,0.367,0.368,0.261,0.205
henan_north,1987-09-06,0.344,0.351,0.263,0.205
henan_north,1987-09-07,0.327,0.337,0.263,0.205
henan_north,1987-09-08,0.314,0.326,0.263,0.206
henan_north,1987-09-09,0.302,0.315,0.263,0.206
henan_north,1987-09-10,0.289,0.305,0.262,0.206
henan_north,1987-09-11,0.274,0.295,0.261,0.206
henan_north,1987-09-12,0.26,0.286,0.26,0.206
henan_north,1987-09-13,0.248,0.276,0.259,0.205
henan_north,1987-09-14,0.246,0.27,0.258,0.206
henan_north,1987-09-15,0.244,0.266,0.257,0.206
henan_north,1987-09-16,0.235,0.261,0.256,0.206
henan_north,1987-09-17,0.226,0.254,0.255,0.206
henan_north,1987-09-18,0.217,0.248,0.254,0.206
henan_north,1987-09-19,0.207,0.241,0.252,0.205
henan_north,1987-09-20,0.205,0.233,0.25,0.205
henan_north,1987-09-21,0.216,0.228,0.249,0.205
henan_north,1987-09-22,0.204,0.224,0.248,0.205
henan_north,1987-09-23,0.195,0.219,0.246,0.205
henan_north,1987-09-24,0.189,0.216,0.245,0.205
henan_north,1987-09-25,0.183,0.212,0.244,0.205
henan_north,1987-09-26,0.175,0.208,0.243,0.205
henan_north,1987-09-27,0.169,0.204,0.242,0.205
henan_north,1987-09-28,0.164,0.201,0.24,0.205
henan_north,1987-09-29,0.16,0.198,0.239,0.205
henan_north,1987-09-30,0.155,0.195,0.238,0.205
henan_north,1987-10-01,0.151,0.192,0.237,0.205
henan_north,1987-10-02,0.147,0.188,0.235,0.205
henan_north,1987-10-03,0.144,0.185,0.234,0.205
henan_north,1987-10-04,0.142,0.182,0.232,0.205
henan_north,1987-10-05,0.141,0.18,0.231,0.205
henan_north,1987-10-06,0.139,0.178,0.23,0.205
henan_north,1987-10-07,0.137,0.176,0.229,0.205
henan_north,1987-10-08,0.136,0.174,0.228,0.205
henan_north,1987-10-09,0.135,0.172,0.227,0.205
henan_north,1987-10-10,0.135,0.171,0.226,0.205
henan_north,1987-10-11,0.135,0.17,0.225,0.205
henan_north,1987-10-12,0.203,0.169,0.224,0.205
henan_north,1987-10-13,0.348,0.233,0.224,0.205
henan_north,1987-10-14,0.32,0.253,0.224,0.205
henan_north,1987-10-15,0.308,0.26,0.224,0.205
henan_north,1987-10-16,0.294,0.261,0.224,0.205
henan_north,1987-10-17,0.332,0.266,0.224,0.205
henan_north,1987-10-18,0.347,0.289,0.224,0.205
henan_north,1987-10-19,0.314,0.29,0.224,0.205
henan_north,1987-10-20,0.3,0.289,0.225,0.205
henan_north,1987-10-21,0.293,0.287,0.225,0.205
henan_north,1987-10-22,0.285,0.284,0.225,0.205
henan_north,1987-10-23,0.278,0.281,0.225,0.205
henan_north,1987-10-24,0.271,0.277,0.225,0.205
henan_north,1987-10-25,0.265,0.274,0.225,0.205
henan_north,1987-10-26,0.259,0.27,0.225,0.205
henan_north,1987-10-27,0.253,0.267,0.224,0.205
henan_north,1987-10-28,0.249,0.263,0.224,0.205
henan_north,1987-10-29,0.246,0.261,0.224,0.205
henan_north,1987-10-30,0.241,0.258,0.224,0.205
henan_north,1987-10-31,0.274,0.258,0.224,0.205
henan_north,1987-11-01,0.355,0.277,0.224,0.205
henan_north,1987-11-02,0.334,0.288,0.224,0.205
henan_north,1987-11-03,0.313,0.29,0.225,0.205
henan_north,1987-11-04,0.3,0.288,0.225,0.205
henan_north,1987-11-05,0.29,0.285,0.225,0.205
henan_north,1987-11-06,0.284,0.283,0.225,0.205
henan_north,1987-11-07,0.278,0.28,0.225,0.205
henan_north,1987-11-08,0.271,0.277,0.225,0.205
henan_north,1987-11-09,0.265,0.274,0.225,0.205
henan_north,1987-11-10,0.26,0.27,0.225,0.205
henan_north,1987-11-11,0.256,0.268,0.225,0.205
henan_north,1987-11-12,0.251,0.265,0.225,0.205
henan_north,1987-11-13,0.246,0.262,0.225,0.205
henan_north,1987-11-14,0.243,0.259,0.225,0.205
henan_north,1987-11-15,0.242,0.257,0.225,0.205
henan_north,1987-11-16,0.239,0.255,0.224,0.205
henan_north,1987-11-17,0.236,0.253,0.224,0.205
henan_north,1987-11-18,0.232,0.25,0.224,0.205
henan_north,1987-11-19,0.229,0.248,0.224,0.205
henan_north,1987-11-20,0.226,0.245,0.224,0.205
henan_north,1987-11-21,0.223,0.243,0.223,0.205
henan_north,1987-11-22,0.23,0.241,0.223,0.205
henan_north,1987-11-23,0.239,0.24,0.223,0.205
henan_north,1987-11-24,0.241,0.239,0.223,0.205
henan_north,1987-11-25,0.273,0.24,0.223,0.205
henan_north,1987-11-26,0.328,0.247,0.223,0.205
henan_north,1987-11-27,0.344,0.268,0.223,0.205
henan_north,1987-11-28,0.316,0.276,0.223,0.205
henan_north,1987-11-29,0.304,0.278,0.224,0.205
henan_north,1987-11-30,0.297,0.279,0.224,0.205
henan_north,1987-12-01,0.292,0.279,0.224,0.205
henan_north,1987-12-02,0.288,0.278,0.224,0.205
henan_north,1987-12-03,0.286,0.278,0.225,0.205
henan_north,1987-12-04,0.288,0.277,0.225,0.205
henan_north,1987-12-05,0.289,0.277,0.225,0.205
henan_north,1987-12-06,0.289,0.277,0.225,0.205
henan_north,1987-12-07,0.298,0.277,0.226,0.205
henan_north,1987-12-08,0.308,0.278,0.226,0.205
henan_north,1987-12-09,0.317,0.28,0.226,0.205
henan_north,1987-12-10,0.317,0.283,0.226,0.205
henan_north,1987-12-11,0.306,0.284,0.226,0.205
henan_north,1987-12-12,0.302,0.284,0.227,0.205
henan_north,1987-12-13,0.3,0.284,0.227,0.205
henan_north,1987-12-14,0.299,0.284,0.227,0.205
henan_north,1987-12-15,0.297,0.284,0.227,0.205
henan_north,1987-12-16,0.295,0.283,0.228,0.205
henan_north,1987-12-17,0.293,0.282,0.228,0.205
henan_north,1987-12-18,0.29,0.281,0.228,0.205
henan_north,1987-12-19,0.287,0.28,0.228,0.205
henan_north,1987-12-20,0.284,0.279,0.228,0.205
henan_north,1987-12-21,0.28,0.277,0.228,0.205
henan_north,1987-12-22,0.277,0.276,0.229,0.205
henan_north,1987-12-23,0.274,0.274,0.229,0.205
henan_north,1987-12-24,0.271,0.272,0.229,0.205
henan_north,1987-12-25,0.268,0.27,0.229,0.205
henan_north,1987-12-26,0.264,0.269,0.229,0.205
henan_north,1987-12-27,0.261,0.266,0.229,0.205
henan_north,1987-12-28,0.257,0.264,0.229,0.205
henan_north,1987-12-29,0.254,0.262,0.229,0.205
henan_north,1987-12-30,0.252,0.261,0.229,0.205
henan_north,1987-12-31,0.251,0.259,0.229,0.205
henan_north,1988-01-01,0.249,0.258,0.229,0.205
henan_north,1988-01-02,0.248,0.257,0.228,0.205
henan_north,1988-01-03,0.252,0.256,0.228,0.205
henan_north,1988-01-04,0.257,0.255,0.228,0.205
henan_north,1988-01-05,0.258,0.254,0.228,0.205
henan_north,1988-01-06,0.26,0.254,0.228,0.205
henan_north,1988-01-07,0.261,0.253,0.228,0.205
henan_north,1988-01-08,0.26,0.252,0.228,0.205
henan_north,1988-01-09,0.256,0.251,0.228,0.205
henan_north,1988-01-10,0.254,0.251,0.228,0.205
henan_north,1988-01-11,0.252,0.25,0.228,0.205
henan_north,1988-01-12,0.25,0.25,0.228,0.205
henan_north,1988-01-13,0.249,0.249,0.228,0.205
henan_north,1988-01-14,0.26,0.248,0.228,0.205
henan_north,1988-01-15,0.256,0.248,0.228,0.205
henan_north,1988-01-16,0.252,0.247,0.228,0.205
henan_north,1988-01-17,0.248,0.246,0.228,0.205
henan_north,1988-01-18,0.245,0.245,0.228,0.205
henan_north,1988-01-19,0.242,0.244,0.228,0.205
henan_north,1988-01-20,0.239,0.243,0.227,0.205
henan_north,1988-01-21,0.237,0.242,0.227,0.205
henan_north,1988-01-22,0.233,0.241,0.227,0.205
henan_north,1988-01-23,0.231,0.24,0.227,0.205
henan_north,1988-01-24,0.231,0.239,0.227,0.205
henan_north,1988-01-25,0.23,0.239,0.227,0.205
henan_north,1988-01-26,0.229,0.238,0.227,0.205
henan_north,1988-01-27,0.228,0.237,0.227,0.205
henan_north,1988-01-28,0.226,0.236,0.227,0.205
henan_north,1988-01-29,0.223,0.235,0.226,0.205
henan_north,1988-01-30,0.221,0.234,0.226,0.205
henan_north,1988-01-31,0.219,0.232,0.226,0.205
henan_north,1988-02-01,0.218,0.231,0.226,0.205
henan_north,1988-02-02,0.215,0.23,0.226,0.205
henan_north,1988-02-03,0.213,0.229,0.226,0.205
henan_north,1988-02-04,0.211,0.227,0.225,0.205
henan_north,1988-02-05,0.208,0.226,0.225,0.205
henan_north,1988-02-06,0.206,0.225,0.225,0.205
henan_north,1988-02-07,0.204,0.223,0.225,0.205
henan_north,1988-02-08,0.203,0.222,0.224,0.205
henan_north,1988-02-09,0.201,0.221,0.224,0.205
henan_north,1988-02-10,0.199,0.22,0.224,0.205
henan_north,1988-02-11,0.197,0.218,0.224,0.205
henan_north,1988-02-12,0.195,0.217,0.224,0.205
henan_north,1988-02-13,0.193,0.216,0.223,0.205
henan_north,1988-02-14,0.191,0.214,0.223,0.205
henan_north,1988-02-15,0.189,0.213,0.223,0.205
henan_north,1988-02-16,0.189,0.212,0.223,0.205
henan_north,1988-02-17,0.19,0.211,0.222,0.205
henan_north,1988-02-18,0.191,0.21,0.222,0.205
henan_north,1988-02-19,0.191,0.209,0.222,0.205
henan_north,1988-02-20,0.191,0.209,0.222,0.205
henan_north,1988-02-21,0.19,0.208,0.222,0.205
henan_north,1988-02-22,0.189,0.207,0.221,0.205
henan_north,1988-02-23,0.19,0.206,0.221,0.205
henan_north,1988-02-24,0.187,0.205,0.221,0.205
henan_north,1988-02-25,0.188,0.203,0.22,0.205
henan_north,1988-02-26,0.194,0.203,0.22,0.205
henan_north,1988-02-27,0.194,0.202,0.22,0.205
henan_north,1988-02-28,0.192,0.202,0.22,0.205
henan_north,1988-02-29,0.195,0.202,0.22,0.205
henan_north,1988-03-01,0.203,0.201,0.22,0.205
henan_north,1988-03-02,0.205,0.2,0.219,0.205
henan_north,1988-03-03,0.202,0.199,0.219,0.205
henan_north,1988-03-04,0.199,0.198,0.218,0.205
henan_north,1988-03-05,0.195,0.197,0.218,0.205
henan_north,1988-03-06,0.19,0.195,0.218,0.205
henan_north,1988-03-07,0.187,0.195,0.217,0.205
henan_north,1988-03-08,0.183,0.193,0.217,0.205
henan_north,1988-03-09,0.179,0.191,0.216,0.205
henan_north,1988-03-10,0.174,0.19,0.216,0.205
henan_north,1988-03-11,0.17,0.188,0.215,0.205
henan_north,1988-03-12,0.165,0.186,0.214,0.205
henan_north,1988-03-13,0.163,0.184,0.214,0.205
henan_north,1988-03-14,0.208,0.184,0.213,0.205
henan_north,1988-03-15,0.226,0.184,0.213,0.205
henan_north,1988-03-16,0.217,0.184,0.213,0.205
henan_north,1988-03-17,0.21,0.184,0.212,0.205
henan_north,1988-03-18,0.203,0.183,0.212,0.205
henan_north,1988-03-19,0.197,0.182,0.211,0.205
henan_north,1988-03-20,0.195,0.182,0.211,0.205
henan_north,1988-03-21,0.225,0.181,0.211,0.205
henan_north,1988-03-22,0.237,0.183,0.211,0.205
henan_north,1988-03-23,0.232,0.184,0.211,0.205
henan_north,1988-03-24,0.236,0.185,0.21,0.205
henan_north,1988-03-25,0.228,0.185,0.21,0.205
henan_north,1988-03-26,0.219,0.185,0.21,0.205
henan_north,1988-03-27,0.21,0.184,0.209,0.205
henan_north,1988-03-28,0.201,0.182,0.209,0.205
henan_north,1988-03-29,0.194,0.181,0.208,0.204
henan_north,1988-03-30,0.189,0.18,0.207,0.204
henan_north,1988-03-31,0.182,0.178,0.207,0.204
henan_north,1988-04-01,0.176,0.176,0.206,0.204
henan_north,1988-04-02,0.17,0.175,0.205,0.204
henan_north,1988-04-03,0.167,0.173,0.205,0.204
henan_north,1988-04-04,0.166,0.172,0.204,0.204
henan_north,1988-04-05,0.165,0.171,0.204,0.204
henan_north,1988-04-06,0.21,0.171,0.204,0.204
henan_north,1988-04-07,0.216,0.171,0.203,0.204
henan_north,1988-04-08,0.212,0.171,0.202,0.204
henan_north,1988-04-09,0.204,0.17,0.202,0.204
henan_north,1988-04-10,0.193,0.168,0.201,0.204
henan_north,1988-04-11,0.185,0.167,0.2,0.204
henan_north,1988-04-12,0.176,0.165,0.199,0.204
henan_north,1988-04-13,0.165,0.163,0.198,0.204
henan_north,1988-04-14,0.156,0.16,0.197,0.204
henan_north,1988-04-15,0.15,0.158,0.196,0.204
henan_north,1988-04-16,0.145,0.156,0.195,0.204
henan_north,1988-04-17,0.141,0.154,0.193,0.204
henan_north,1988-04-18,0.138,0.152,0.192,0.204
henan_north,1988-04-19,0.135,0.151,0.191,0.204
henan_north,1988-04-20,0.133,0.149,0.19,0.204
henan_north,1988-04-21,0.131,0.148,0.189,0.204
henan_north,1988-04-22,0.13,0.147,0.188,0.203
henan_north,1988-04-23,0.129,0.146,0.187,0.203
henan_north,1988-04-24,0.128,0.145,0.185,0.203
henan_north,1988-04-25,0.127,0.144,0.184,0.203
henan_north,1988-04-26,0.128,0.143,0.184,0.203
henan_north,1988-04-27,0.127,0.142,0.183,0.203
henan_north,1988-04-28,0.126,0.141,0.181,0.203
henan_north,1988-04-29,0.125,0.14,0.18,0.203
henan_north,1988-04-30,0.124,0.139,0.178,0.203
henan_north,1988-05-01,0.123,0.138,0.177,0.203
henan_north,1988-05-02,0.125,0.138,0.176,0.203
henan_north,1988-05-03,0.13,0.138,0.175,0.203
henan_north,1988-05-04,0.129,0.137,0.174,0.202
henan_north,1988-05-05,0.128,0.137,0.173,0.202
henan_north,1988-05-06,0.278,0.17,0.173,0.202
henan_north,1988-05-07,0.309,0.226,0.173,0.202
henan_north,1988-05-08,0.279,0.227,0.172,0.202
henan_north,1988-05-09,0.268,0.226,0.172,0.202
henan_north,1988-05-10,0.25,0.224,0.172,0.202
henan_north,1988-05-11,0.235,0.22,0.172,0.202
henan_north,1988-05-12,0.216,0.214,0.171,0.202
henan_north,1988-05-13,0.201,0.209,0.171,0.202
henan_north,1988-05-14,0.187,0.203,0.17,0.202
henan_north,1988-05-15,0.174,0.197,0.169,0.202
henan_north,1988-05-16,0.163,0.19,0.169,0.202
henan_north,1988-05-17,0.154,0.184,0.168,0.202
henan_north,1988-05-18,0.204,0.181,0.167,0.202
henan_north,1988-05-19,0.274,0.184,0.167,0.202
henan_north,1988-05-20,0.308,0.191,0.167,0.202
henan_north,1988-05-21,0.338,0.214,0.167,0.202
henan_north,1988-05-22,0.301,0.228,0.167,0.202
henan_north,1988-05-23,0.269,0.226,0.167,0.202
henan_north,1988-05-24,0.247,0.223,0.166,0.202
henan_north,1988-05-25,0.226,0.217,0.166,0.202
henan_north,1988-05-26,0.223,0.212,0.166,0.201
henan_north,1988-05-27,0.242,0.208,0.165,0.201
henan_north,1988-05-28,0.223,0.204,0.165,0.201
henan_north,1988-05-29,0.207,0.2,0.165,0.201
henan_north,1988-05-30,0.211,0.196,0.164,0.201
henan_north,1988-05-31,0.212,0.194,0.164,0.201
henan_north,1988-06-01,0.199,0.189,0.164,0.201
henan_north,1988-06-02,0.191,0.185,0.163,0.201
henan_north,1988-06-03,0.174,0.18,0.162,0.201
henan_north,1988-06-04,0.16,0.175,0.162,0.201
henan_north,1988-06-05,0.155,0.17,0.161,0.201
henan_north,1988-06-06,0.158,0.166,0.161,0.201
henan_north,1988-06-07,0.157,0.163,0.16,0.201
henan_north,1988-06-08,0.221,0.162,0.16,0.201
henan_north,1988-06-09,0.284,0.167,0.159,0.201
henan_north,1988-06-10,0.252,0.17,0.159,0.201
henan_north,1988-06-11,0.226,0.17,0.159,0.201
henan_north,1988-06-12,0.206,0.168,0.159,0.201
henan_north,1988-06-13,0.185,0.165,0.158,0.2
henan_north,1988-06-14,0.17,0.162,0.157,0.2
henan_north,1988-06-15,0.157,0.159,0.157,0.2
henan_north,1988-06-16,0.148,0.157,0.156,0.2
henan_north,1988-06-17,0.14,0.154,0.156,0.2
henan_north,1988-06-18,0.135,0.151,0.155,0.2
henan_north,1988-06-19,0.133,0.149,0.155,0.2
henan_north,1988-06-20,0.133,0.147,0.154,0.2
henan_north,1988-06-21,0.131,0.146,0.154,0.2
henan_north,1988-06-22,0.13,0.145,0.153,0.2
henan_north,1988-06-23,0.128,0.144,0.153,0.2
henan_north,1988-06-24,0.126,0.142,0.152,0.2
henan_north,1988-06-25,0.125,0.141,0.152,0.199
henan_north,1988-06-26,0.124,0.14,0.151,0.199
henan_north,1988-06-27,0.125,0.139,0.151,0.199
henan_north,1988-06-28,0.13,0.139,0.15,0.199
henan_north,1988-06-29,0.142,0.138,0.15,0.199
henan_north,1988-06-30,0.136,0.137,0.149,0.199
henan_north,1988-07-01,0.175,0.137,0.149,0.199
henan_north,1988-07-02,0.253,0.141,0.149,0.199
henan_north,1988-07-03,0.283,0.151,0.148,0.199
henan_north,1988-07-04,0.369,0.237,0.148,0.199
henan_north,1988-07-05,0.344,0.263,0.149,0.199
henan_north,1988-07-06,0.309,0.268,0.149,0.199
henan_north,1988-07-07,0.276,0.26,0.149,0.199
henan_north,1988-07-08,0.262,0.252,0.15,0.199
henan_north,1988-07-09,0.281,0.247,0.15,0.199
henan_north,1988-07-10,0.277,0.245,0.15,0.199
henan_north,1988-07-11,0.259,0.239,0.15,0.198
henan_north,1988-07-12,0.239,0.233,0.15,0.198
henan_north,1988-07-13,0.223,0.226,0.15,0.198
henan_north,1988-07-14,0.214,0.219,0.15,0.198
henan_north,1988-07-15,0.244,0.214,0.15,0.198
henan_north,1988-07-16,0.336,0.245,0.15,0.198
henan_north,1988-07-17,0.369,0.3,0.15,0.198
henan_north,1988-07-18,0.338,0.32,0.152,0.198
henan_north,1988-07-19,0.33,0.311,0.154,0.198
henan_north,1988-07-20,0.378,0.333,0.156,0.198
henan_north,1988-07-21,0.37,0.336,0.158,0.198
henan_north,1988-07-22,0.34,0.326,0.161,0.198
henan_north,1988-07-23,0.35,0.32,0.162,0.198
henan_north,1988-07-24,0.418,0.399,0.174,0.198
henan_north,1988-07-25,0.388,0.381,0.193,0.198
henan_north,1988-07-26,0.361,0.358,0.199,0.198
henan_north,1988-07-27,0.333,0.338,0.201,0.198
henan_north,1988-07-28,0.307,0.32,0.202,0.198
henan_north,1988-07-29,0.309,0.307,0.202,0.198
henan_north,1988-07-30,0.383,0.323,0.203,0.198
henan_north,1988-07-31,0.385,0.36,0.206,0.198
henan_north,1988-08-01,0.386,0.358,0.21,0.198
henan_north,1988-08-02,0.408,0.38,0.215,0.198
henan_north,1988-08-03,0.393,0.38,0.221,0.198
henan_north,1988-08-04,0.377,0.362,0.226,0.198
henan_north,1988-08-05,0.4,0.385,0.231,0.198
henan_north,1988-08-06,0.368,0.368,0.237,0.198
henan_north,1988-08-07,0.347,0.35,0.239,0.198
henan_north,1988-08-08,0.338,0.337,0.24,0.198
henan_north,1988-08-09,0.348,0.328,0.241,0.198
henan_north,1988-08-10,0.394,0.346,0.242,0.198
henan_north,1988-08-11,0.39,0.363,0.244,0.198
henan_north,1988-08-12,0.383,0.361,0.247,0.198
henan_north,1988-08-13,0.415,0.399,0.254,0.198
henan_north,1988-08-14,0.388,0.384,0.263,0.198
henan_north,1988-08-15,0.414,0.401,0.273,0.198
henan_north,1988-08-16,0.398,0.396,0.289,0.198
henan_north,1988-08-17,0.373,0.375,0.293,0.198
henan_north,1988-08-18,0.385,0.37,0.295,0.198
henan_north,1988-08-19,0.393,0.377,0.298,0.198
henan_north,1988-08-20,0.38,0.374,0.3,0.198
henan_north,1988-08-21,0.356,0.361,0.301,0.198
henan_north,1988-08-22,0.338,0.348,0.301,0.199
henan_north,1988-08-23,0.32,0.334,0.3,0.199
henan_north,1988-08-24,0.304,0.322,0.298,0.199
henan_north,1988-08-25,0.292,0.312,0.297,0.199
henan_north,1988-08-26,0.284,0.304,0.296,0.199
henan_north,1988-08-27,0.273,0.296,0.294,0.199
henan_north,1988-08-28,0.263,0.287,0.292,0.199
henan_north,1988-08-29,0.253,0.279,0.29,0.199
henan_north,1988-08-30,0.245,0.272,0.289,0.199
henan_north,1988-08-31,0.245,0.267,0.288,0.199
henan_north,1988-09-01,0.325,0.283,0.287,0.199
henan_north,1988-09-02,0.363,0.338,0.287,0.199
henan_north,1988-09-03,0.335,0.333,0.286,0.199
henan_north,1988-09-04,0.317,0.323,0.286,0.199
henan_north,1988-09-05,0.308,0.316,0.285,0.2
henan_north,1988-09-06,0.298,0.309,0.284,0.2
henan_north,1988-09-07,0.313,0.302,0.283,0.2
henan_north,1988-09-08,0.338,0.304,0.282,0.2
henan_north,1988-09-09,0.338,0.307,0.282,0.2
henan_north,1988-09-10,0.317,0.306,0.281,0.2
henan_north,1988-09-11,0.296,0.299,0.28,0.2
henan_north,1988-09-12,0.279,0.291,0.278,0.2
henan_north,1988-09-13,0.271,0.285,0.277,0.2
henan_north,1988-09-14,0.267,0.281,0.277,0.2
henan_north,1988-09-15,0.256,0.275,0.276,0.2
henan_north,1988-09-16,0.247,0.269,0.274,0.2
henan_north,1988-09-17,0.239,0.264,0.273,0.2
henan_north,1988-09-18,0.242,0.26,0.272,0.2
henan_north,1988-09-19,0.24,0.257,0.271,0.2
henan_north,1988-09-20,0.23,0.251,0.27,0.2
henan_north,1988-09-21,0.223,0.247,0.269,0.2
henan_north,1988-09-22,0.213,0.242,0.267,0.2
henan_north,1988-09-23,0.208,0.237,0.266,0.2
henan_north,1988-09-24,0.201,0.233,0.265,0.2
henan_north,1988-09-25,0.195,0.229,0.263,0.2
henan_north,1988-09-26,0.188,0.225,0.262,0.2
henan_north,1988-09-27,0.183,0.221,0.261,0.2
henan_north,1988-09-28,0.177,0.217,0.259,0.2
henan_north,1988-09-29,0.173,0.214,0.258,0.2
henan_north,1988-09-30,0.171,0.211,0.257,0.2
henan_north,1988-10-01,0.17,0.21,0.256,0.2
henan_north,1988-10-02,0.17,0.209,0.256,0.2
henan_north,1988-10-03,0.168,0.207,0.255,0.2
henan_north,1988-10-04,0.168,0.206,0.254,0.2
henan_north,1988-10-05,0.171,0.204,0.253,0.2
henan_north,1988-10-06,0.166,0.202,0.252,0.2
henan_north,1988-10-07,0.162,0.199,0.251,0.2
henan_north,1988-10-08,0.159,0.197,0.25,0.2
henan_north,1988-10-09,0.155,0.195,0.249,0.2
henan_north,1988-10-10,0.153,0.193,0.248,0.2
henan_north,1988-10-11,0.153,0.192,0.247,0.2
henan_north,1988-10-12,0.173,0.191,0.246,0.2
henan_north,1988-10-13,0.169,0.19,0.245,0.2
henan_north,1988-10-14,0.166,0.189,0.245,0.2
henan_north,1988-10-15,0.222,0.19,0.245,0.2
henan_north,1988-10-16,0.298,0.197,0.244,0.2
henan_north,1988-10-17,0.28,0.203,0.244,0.2
henan_north,1988-10-18,0.261,0.205,0.243,0.2
henan_north,1988-10-19,0.249,0.206,0.243,0.2
henan_north,1988-10-20,0.304,0.211,0.242,0.2
henan_north,1988-10-21,0.292,0.219,0.242,0.2
henan_north,1988-10-22,0.281,0.223,0.242,0.2
henan_north,1988-10-23,0.329,0.233,0.242,0.2
henan_north,1988-10-24,0.297,0.24,0.241,0.2
henan_north,1988-10-25,0.278,0.242,0.241,0.2
henan_north,1988-10-26,0.265,0.241,0.24,0.2
henan_north,1988-10-27,0.256,0.241,0.24,0.2
henan_north,1988-10-28,0.247,0.239,0.239,0.2
henan_north,1988-10-29,0.239,0.238,0.239,0.2
henan_north,1988-10-30,0.233,0.236,0.238,0.2
henan_north,1988-10-31,0.228,0.234,0.238,0.2
henan_north,1988-11-01,0.226,0.233,0.238,0.2
henan_north,1988-11-02,0.221,0.231,0.237,0.2
henan_north,1988-11-03,0.217,0.229,0.237,0.2
henan_north,1988-11-04,0.211,0.227,0.237,0.2
henan_north,1988-11-05,0.206,0.225,0.236,0.2
henan_north,1988-11-06,0.202,0.223,0.236,0.2
henan_north,1988-11-07,0.199,0.221,0.235,0.2
henan_north,1988-11-08,0.195,0.219,0.235,0.2
henan_north,1988-11-09,0.191,0.217,0.234,0.2
henan_north,1988-11-10,0.189,0.216,0.234,0.2
henan_north,1988-11-11,0.186,0.214,0.233,0.2
henan_north,1988-11-12,0.181,0.212,0.233,0.2
henan_north,1988-11-13,0.178,0.21,0.232,0.2
henan_north,1988-11-14,0.175,0.209,0.232,0.2
henan_north,1988-11-15,0.174,0.207,0.231,0.2
henan_north,1988-11-16,0.172,0.206,0.231,0.2
henan_north,1988-11-17,0.171,0.205,0.231,0.2
henan_north,1988-11-18,0.17,0.204,0.23,0.2
henan_north,1988-11-19,0.168,0.202,0.23,0.2
henan_north,1988-11-20,0.167,0.201,0.23,0.2
henan_north,1988-11-21,0.166,0.2,0.229,0.2
henan_north,1988-11-22,0.165,0.199,0.229,0.2
henan_north,1988-11-23,0.163,0.198,0.228,0.2
henan_north,1988-11-24,0.162,0.197,0.228,0.2
henan_north,1988-11-25,0.161,0.196,0.228,0.2
henan_north,1988-11-26,0.16,0.195,0.227,0.2
henan_north,1988-11-27,0.159,0.194,0.227,0.2
henan_north,1988-11-28,0.159,0.193,0.227,0.2
henan_north,1988-11-29,0.158,0.192,0.226,0.2
henan_north,1988-11-30,0.158,0.192,0.226,0.2
henan_north,1988-12-01,0.157,0.191,0.226,0.2
henan_north,1988-12-02,0.156,0.19,0.226,0.2
henan_north,1988-12-03,0.156,0.189,0.225,0.2
henan_north,1988-12-04,0.155,0.189,0.225,0.2
henan_north,1988-12-05,0.155,0.188,0.225,0.2
henan_north,1988-12-06,0.154,0.187,0.224,0.2
henan_north,1988-12-07,0.153,0.187,0.224,0.2
henan_north,1988-12-08,0.153,0.186,0.224,0.2
henan_north,1988-12-09,0.152,0.185,0.223,0.2
henan_north,1988-12-10,0.151,0.185,0.223,0.2
henan_north,1988-12-11,0.151,0.184,0.223,0.2
henan_north,1988-12-12,0.15,0.183,0.223,0.2
henan_north,1988-12-13,0.149,0.183,0.222,0.2
henan_north,1988-12-14,0.148,0.182,0.222,0.2
henan_north,1988-12-15,0.148,0.182,0.222,0.2
henan_north,1988-12-16,0.149,0.182,0.222,0.2
henan_north,1988-12-17,0.149,0.181,0.221,0.2
henan_north,1988-12-18,0.149,0.181,0.221,0.2
henan_north,1988-12-19,0.151,0.181,0.221,0.2
henan_north,1988-12-20,0.165,0.18,0.221,0.2
henan_north,1988-12-21,0.164,0.18,0.221,0.2
henan_north,1988-12-22,0.184,0.18,0.22,0.2
henan_north,1988-12-23,0.25,0.182,0.22,0.2
henan_north,1988-12-24,0.248,0.184,0.22,0.2
henan_north,1988-12-25,0.241,0.186,0.22,0.2
henan_north,1988-12-26,0.234,0.187,0.22,0.2
henan_north,1988-12-27,0.229,0.188,0.22,0.2
henan_north,1988-12-28,0.224,0.188,0.219,0.2
henan_north,1988-12-29,0.222,0.189,0.219,0.2
henan_north,1988-12-30,0.221,0.19,0.219,0.2
henan_north,1988-12-31,0.22,0.19,0.219,0.2
henan_north,1989-01-01,0.22,0.191,0.219,0.2
henan_north,1989-01-02,0.219,0.191,0.219,0.2
henan_north,1989-01-03,0.218,0.191,0.219,0.2
henan_north,1989-01-04,0.22,0.192,0.219,0.2
henan_north,1989-01-05,0.229,0.193,0.219,0.2
henan_north,1989-01-06,0.244,0.194,0.219,0.2
henan_north,1989-01-07,0.264,0.196,0.218,0.2
henan_north,1989-01-08,0.288,0.201,0.218,0.2
henan_north,1989-01-09,0.321,0.21,0.218,0.2
henan_north,1989-01-10,0.36,0.257,0.218,0.2
henan_north,1989-01-11,0.32,0.272,0.219,0.2
henan_north,1989-01-12,0.309,0.275,0.219,0.2
henan_north,1989-01-13,0.311,0.277,0.219,0.2
henan_north,1989-01-14,0.318,0.281,0.219,0.2
henan_north,1989-01-15,0.316,0.283,0.22,0.2
henan_north,1989-01-16,0.32,0.286,0.22,0.2
henan_north,1989-01-17,0.328,0.289,0.221,0.2
henan_north,1989-01-18,0.336,0.294,0.221,0.2
henan_north,1989-01-19,0.34,0.3,0.222,0.2
henan_north,1989-01-20,0.338,0.304,0.222,0.2
henan_north,1989-01-21,0.334,0.307,0.223,0.2
henan_north,1989-01-22,0.329,0.308,0.223,0.2
henan_north,1989-01-23,0.324,0.307,0.224,0.2
henan_north,1989-01-24,0.318,0.305,0.225,0.2
henan_north,1989-01-25,0.312,0.303,0.225,0.2
henan_north,1989-01-26,0.305,0.3,0.226,0.2
henan_north,1989-01-27,0.3,0.298,0.226,0.2
henan_north,1989-01-28,0.297,0.296,0.226,0.2
henan_north,1989-01-29,0.294,0.294,0.227,0.2
henan_north,1989-01-30,0.291,0.291,0.227,0.2
henan_north,1989-01-31,0.287,0.289,0.227,0.2
henan_north,1989-02-01,0.284,0.286,0.228,0.2
henan_north,1989-02-02,0.281,0.284,0.228,0.2
henan_north,1989-02-03,0.279,0.282,0.228,0.2
henan_north,1989-02-04,0.276,0.28,0.228,0.2
henan_north,1989-02-05,0.274,0.278,0.228,0.2
henan_north,1989-02-06,0.275,0.277,0.229,0.201
henan_north,1989-02-07,0.285,0.276,0.229,0.201
henan_north,1989-02-08,0.293,0.276,0.229,0.201
henan_north,1989-02-09,0.294,0.275,0.229,0.201
henan_north,1989-02-10,0.289,0.275,0.229,0.201
henan_north,1989-02-11,0.283,0.273,0.229,0.201
henan_north,1989-02-12,0.277,0.271,0.229,0.201
henan_north,1989-02-13,0.271,0.269,0.229,0.201
henan_north,1989-02-14,0.266,0.267,0.229,0.201
henan_north,1989-02-15,0.262,0.265,0.229,0.201
henan_north,1989-02-16,0.263,0.263,0.229,0.201
henan_north,1989-02-17,0.271,0.263,0.229,0.201
henan_north,1989-02-18,0.273,0.262,0.229,0.201
henan_north,1989-02-19,0.274,0.261,0.228,0.201
henan_north,1989-02-20,0.271,0.26,0.228,0.201
henan_north,1989-02-21,0.265,0.258,0.228,0.201
henan_north,1989-02-22,0.261,0.257,0.228,0.201
henan_north,1989-02-23,0.259,0.256,0.228,0.201
henan_north,1989-02-24,0.259,0.255,0.228,0.201
henan_north,1989-02-25,0.258,0.254,0.228,0.201
henan_north,1989-02-26,0.255,0.252,0.228,0.201
henan_north,1989-02-27,0.251,0.25,0.228,0.201
henan_north,1989-02-28,0.245,0.248,0.227,0.201
henan_north,1989-03-01,0.245,0.247,0.227,0.201
henan_north,1989-03-02,0.307,0.249,0.227,0.201
henan_north,1989-03-03,0.351,0.267,0.227,0.201
henan_north,1989-03-04,0.331,0.279,0.227,0.201
henan_north,1989-03-05,0.317,0.282,0.227,0.201
henan_north,1989-03-06,0.307,0.282,0.227,0.201
henan_north,1989-03-07,0.297,0.281,0.227,0.201
henan_north,1989-03-08,0.287,0.278,0.227,0.201
henan_north,1989-03-09,0.277,0.274,0.227,0.201
henan_north,1989-03-10,0.268,0.27,0.226,0.201
henan_north,1989-03-11,0.259,0.266,0.226,0.201
henan_north,1989-03-12,0.25,0.261,0.226,0.2
henan_north,1989-03-13,0.239,0.256,0.225,0.2
henan_north,1989-03-14,0.229,0.251,0.224,0.2
henan_north,1989-03-15,0.222,0.246,0.224,0.2
henan_north,1989-03-16,0.215,0.241,0.223,0.2
henan_north,1989-03-17,0.209,0.238,0.223,0.2
henan_north,1989-03-18,0.205,0.234,0.222,0.2
henan_north,1989-03-19,0.202,0.231,0.222,0.2
henan_north,1989-03-20,0.205,0.229,0.222,0.2
henan_north,1989-03-21,0.202,0.227,0.221,0.2
henan_north,1989-03-22,0.199,0.224,0.221,0.2
henan_north,1989-03-23,0.245,0.223,0.22,0.2
henan_north,1989-03-24,0.248,0.223,0.22,0.2
henan_north,1989-03-25,0.238,0.221,0.22,0.2
henan_north,1989-03-26,0.24,0.219,0.219,0.2
henan_north,1989-03-27,0.245,0.217,0.219,0.2
henan_north,1989-03-28,0.231,0.215,0.218,0.2
henan_north,1989-03-29,0.219,0.212,0.217,0.2
henan_north,1989-03-30,0.212,0.208,0.216,0.2
henan_north,1989-03-31,0.199,0.204,0.215,0.2
henan_north,1989-04-01,0.189,0.2,0.214,0.2
henan_north,1989-04-02,0.182,0.197,0.213,0.2
henan_north,1989-04-03,0.175,0.193,0.212,0.2
henan_north,1989-04-04,0.166,0.19,0.211,0.2
henan_north,1989-04-05,0.16,0.186,0.21,0.2
henan_north,1989-04-06,0.154,0.183,0.209,0.2
henan_north,1989-04-07,0.15,0.18,0.208,0.2
henan_north,1989-04-08,0.147,0.177,0.207,0.2
henan_north,1989-04-09,0.144,0.174,0.206,0.2
henan_north,1989-04-10,0.141,0.171,0.205,0.2
henan_north,1989-04-11,0.138,0.169,0.204,0.2
henan_north,1989-04-12,0.137,0.167,0.203,0.2
henan_north,1989-04-13,0.136,0.165,0.202,0.2
henan_north,1989-04-14,0.135,0.164,0.201,0.2
henan_north,1989-04-15,0.139,0.162,0.2,0.2
henan_north,1989-04-16,0.144,0.161,0.2,0.2
henan_north,1989-04-17,0.14,0.158,0.198,0.2
henan_north,1989-04-18,0.137,0.156,0.197,0.199
henan_north,1989-04-19,0.136,0.155,0.196,0.199
henan_north,1989-04-20,0.161,0.154,0.195,0.199
henan_north,1989-04-21,0.167,0.153,0.195,0.199
henan_north,1989-04-22,0.161,0.152,0.194,0.199
henan_north,1989-04-23,0.154,0.151,0.193,0.199
henan_north,1989-04-24,0.149,0.15,0.192,0.199
henan_north,1989-04-25,0.149,0.149,0.191,0.199
henan_north,1989-04-26,0.156,0.148,0.19,0.199
henan_north,1989-04-27,0.15,0.147,0.189,0.199
henan_north,1989-04-28,0.146,0.146,0.188,0.199
henan_north,1989-04-29,0.146,0.146,0.188,0.199
henan_north,1989-04-30,0.148,0.146,0.188,0.199
henan_north,1989-05-01,0.144,0.145,0.187,0.199
henan_north,1989-05-02,0.141,0.144,0.186,0.199
henan_north,1989-05-03,0.138,0.144,0.185,0.199
henan_north,1989-05-04,0.137,0.143,0.184,0.199
henan_north,1989-05-05,0.134,0.142,0.183,0.199
henan_north,1989-05-06,0.141,0.141,0.182,0.199
henan_north,1989-05-07,0.164,0.141,0.182,0.199
henan_north,1989-05-08,0.156,0.14,0.181,0.199
henan_north,1989-05-09,0.152,0.14,0.18,0.198
henan_north,1989-05-10,0.294,0.148,0.179,0.198
henan_north,1989-05-11,0.296,0.171,0.179,0.198
henan_north,1989-05-12,0.27,0.176,0.179,0.198
henan_north,1989-05-13,0.246,0.177,0.178,0.198
henan_north,1989-05-14,0.219,0.176,0.178,0.198
henan_north,1989-05-15,0.202,0.173,0.177,0.198
henan_north,1989-05-16,0.188,0.171,0.176,0.198
henan_north,1989-05-17,0.174,0.168,0.175,0.198
henan_north,1989-05-18,0.164,0.165,0.175,0.198
henan_north,1989-05-19,0.157,0.163,0.174,0.198
henan_north,1989-05-20,0.152,0.161,0.174,0.198
henan_north,1989-05-21,0.151,0.159,0.173,0.198
henan_north,1989-05-22,0.148,0.158,0.173,0.198
henan_north,1989-05-23,0.143,0.155,0.172,0.198
henan_north,1989-05-24,0.142,0.153,0.171,0.198
henan_north,1989-05-25,0.139,0.151,0.17,0.198
henan_north,1989-05-26,0.135,0.15,0.169,0.198
henan_north,1989-05-27,0.133,0.148,0.169,0.198
henan_north,1989-05-28,0.131,0.147,0.168,0.197
henan_north,1989-05-29,0.13,0.146,0.167,0.197
henan_north,1989-05-30,0.128,0.145,0.166,0.197
henan_north,1989-05-31,0.127,0.143,0.166,0.197
henan_north,1989-06-01,0.126,0.142,0.165,0.197
henan_north,1989-06-02,0.125,0.141,0.164,0.197
henan_north,1989-06-03,0.144,0.14,0.163,0.197
henan_north,1989-06-04,0.252,0.142,0.163,0.197
henan_north,1989-06-05,0.221,0.144,0.162,0.197
henan_north,1989-06-06,0.205,0.144,0.162,0.197
henan_north,1989-06-07,0.206,0.145,0.162,0.197
henan_north,1989-06-08,0.207,0.145,0.161,0.197
henan_north,1989-06-09,0.192,0.145,0.161,0.197
henan_north,1989-06-10,0.184,0.145,0.161,0.197
henan_north,1989-06-11,0.176,0.145,0.16,0.197
henan_north,1989-06-12,0.283,0.149,0.16,0.197
henan_north,1989-06-13,0.374,0.211,0.16,0.197
henan_north,1989-06-14,0.333,0.261,0.16,0.197
henan_north,1989-06-15,0.29,0.259,0.16,0.197
henan_north,1989-06-16,0.261,0.251,0.16,0.197
henan_north,1989-06-17,0.239,0.243,0.16,0.197
henan_north,1989-06-18,0.229,0.236,0.16,0.196
henan_north,1989-06-19,0.224,0.229,0.16,0.196
henan_north,1989-06-20,0.214,0.225,0.16,0.196
henan_north,1989-06-21,0.21,0.22,0.16,0.196
henan_north,1989-06-22,0.195,0.214,0.159,0.196
henan_north,1989-06-23,0.18,0.206,0.159,0.196
henan_north,1989-06-24,0.168,0.199,0.158,0.196
henan_north,1989-06-25,0.158,0.193,0.158,0.196
henan_north,1989-06-26,0.152,0.188,0.158,0.196
henan_north,1989-06-27,0.145,0.182,0.157,0.196
henan_north,1989-06-28,0.139,0.175,0.156,0.196
henan_north,1989-06-29,0.135,0.17,0.156,0.196
henan_north,1989-06-30,0.132,0.164,0.155,0.196
henan_north,1989-07-01,0.136,0.161,0.154,0.196
henan_north,1989-07-02,0.138,0.158,0.154,0.196
henan_north,1989-07-03,0.134,0.155,0.153,0.195
henan_north,1989-07-04,0.132,0.152,0.153,0.195
henan_north,1989-07-05,0.276,0.154,0.152,0.195
henan_north,1989-07-06,0.34,0.175,0.152,0.195
henan_north,1989-07-07,0.357,0.213,0.152,0.195
henan_north,1989-07-08,0.313,0.237,0.152,0.195
henan_north,1989-07-09,0.277,0.236,0.152,0.195
henan_north,1989-07-10,0.32,0.242,0.152,0.195
henan_north,1989-07-11,0.339,0.269,0.153,0.195
henan_north,1989-07-12,0.303,0.269,0.153,0.195
henan_north,1989-07-13,0.276,0.261,0.154,0.195
henan_north,1989-07-14,0.26,0.254,0.154,0.195
henan_north,1989-07-15,0.282,0.249,0.154,0.195
henan_north,1989-07-16,0.355,0.28,0.154,0.195
henan_north,1989-07-17,0.34,0.293,0.155,0.195
henan_north,1989-07-18,0.339,0.291,0.156,0.195
henan_north,1989-07-19,0.333,0.293,0.157,0.195
henan_north,1989-07-20,0.318,0.289,0.157,0.195
henan_north,1989-07-21,0.388,0.337,0.159,0.195
henan_north,1989-07-22,0.366,0.344,0.162,0.195
henan_north,1989-07-23,0.343,0.333,0.165,0.195
henan_north,1989-07-24,0.372,0.331,0.167,0.195
henan_north,1989-07-25,0.343,0.329,0.169,0.195
henan_north,1989-07-26,0.317,0.316,0.171,0.195
henan_north,1989-07-27,0.299,0.304,0.172,0.195
henan_north,1989-07-28,0.277,0.29,0.172,0.195
henan_north,1989-07-29,0.262,0.279,0.172,0.195
henan_north,1989-07-30,0.307,0.274,0.173,0.195
henan_north,1989-07-31,0.394,0.334,0.174,0.195
henan_north,1989-08-01,0.383,0.357,0.178,0.195
henan_north,1989-08-02,0.352,0.345,0.181,0.195
henan_north,1989-08-03,0.323,0.326,0.183,0.195
henan_north,1989-08-04,0.3,0.309,0.184,0.194
henan_north,1989-08-05,0.369,0.315,0.185,0.194
henan_north,1989-08-06,0.379,0.358,0.188,0.194
henan_north,1989-08-07,0.348,0.344,0.191,0.194
henan_north,1989-08-08,0.321,0.326,0.193,0.194
henan_north,1989-08-09,0.298,0.31,0.193,0.194
henan_north,1989-08-10,0.308,0.298,0.194,0.194
henan_north,1989-08-11,0.318,0.293,0.194,0.194
henan_north,1989-08-12,0.294,0.286,0.194,0.194
henan_north,1989-08-13,0.283,0.28,0.194,0.194
henan_north,1989-08-14,0.27,0.272,0.194,0.194
henan_north,1989-08-15,0.312,0.268,0.193,0.194
henan_north,1989-08-16,0.323,0.27,0.194,0.194
henan_north,1989-08-17,0.352,0.287,0.194,0.194
henan_north,1989-08-18,0.316,0.288,0.194,0.194
henan_north,1989-08-19,0.317,0.286,0.194,0.194
henan_north,1989-08-20,0.31,0.285,0.195,0.194
henan_north,1989-08-21,0.286,0.278,0.195,0.194
henan_north,1989-08-22,0.264,0.269,0.194,0.194
henan_north,1989-08-23,0.246,0.26,0.194,0.194
henan_north,1989-08-24,0.232,0.252,0.193,0.194
henan_north,1989-08-25,0.219,0.243,0.192,0.194
henan_north,1989-08-26,0.217,0.237,0.192,0.194
henan_north,1989-08-27,0.217,0.231,0.191,0.194
henan_north,1989-08-28,0.204,0.224,0.191,0.194
henan_north,1989-08-29,0.195,0.217,0.19,0.194
henan_north,1989-08-30,0.187,0.212,0.189,0.194
henan_north,1989-08-31,0.183,0.207,0.189,0.194
henan_north,1989-09-01,0.182,0.202,0.188,0.194
henan_north,1989-09-02,0.177,0.197,0.187,0.194
henan_north,1989-09-03,0.166,0.191,0.186,0.194
henan_north,1989-09-04,0.168,0.188,0.185,0.194
henan_north,1989-09-05,0.166,0.185,0.185,0.194
henan_north,1989-09-06,0.159,0.181,0.184,0.193
henan_north,1989-09-07,0.153,0.178,0.183,0.193
henan_north,1989-09-08,0.15,0.175,0.182,0.193
henan_north,1989-09-09,0.146,0.172,0.182,0.193
henan_north,1989-09-10,0.145,0.171,0.181,0.193
henan_north,1989-09-11,0.143,0.168,0.181,0.193
henan_north,1989-09-12,0.139,0.165,0.179,0.193
henan_north,1989-09-13,0.136,0.162,0.179,0.193
henan_north,1989-09-14,0.133,0.159,0.178,0.193
henan_north,1989-09-15,0.131,0.156,0.176,0.193
henan_north,1989-09-16,0.13,0.155,0.176,0.193
henan_north,1989-09-17,0.129,0.153,0.175,0.193
henan_north,1989-09-18,0.167,0.152,0.174,0.193
henan_north,1989-09-19,0.226,0.152,0.174,0.193
henan_north,1989-09-20,0.243,0.154,0.174,0.193
henan_north,1989-09-21,0.261,0.158,0.174,0.193
henan_north,1989-09-22,0.241,0.161,0.173,0.193
henan_north,1989-09-23,0.231,0.162,0.173,0.193
henan_north,1989-09-24,0.232,0.163,0.173,0.193
henan_north,1989-09-25,0.253,0.165,0.173,0.193
henan_north,1989-09-26,0.314,0.176,0.173,0.193
henan_north,1989-09-27,0.287,0.187,0.173,0.193
henan_north,1989-09-28,0.261,0.19,0.172,0.193
henan_north,1989-09-29,0.238,0.189,0.172,0.193
henan_north,1989-09-30,0.222,0.187,0.172,0.193
henan_north,1989-10-01,0.209,0.185,0.171,0.193
henan_north,1989-10-02,0.198,0.183,0.171,0.193
henan_north,1989-10-03,0.189,0.181,0.171,0.193
henan_north,1989-10-04,0.183,0.179,0.17,0.193
henan_north,1989-10-05,0.192,0.179,0.17,0.192
henan_north,1989-10-06,0.188,0.178,0.17,0.192
henan_north,1989-10-07,0.183,0.177,0.17,0.192
henan_north,1989-10-08,0.177,0.175,0.169,0.192
henan_north,1989-10-09,0.172,0.174,0.169,0.192
henan_north,1989-10-10,0.166,0.172,0.169,0.192
henan_north,1989-10-11,0.16,0.17,0.169,0.192
henan_north,1989-10-12,0.155,0.169,0.168,0.192
henan_north,1989-10-13,0.151,0.168,0.168,0.192
henan_north,1989-10-14,0.165,0.167,0.168,0.192
henan_north,1989-10-15,0.169,0.167,0.168,0.192
henan_north,1989-10-16,0.165,0.166,0.168,0.192
henan_north,1989-10-17,0.161,0.165,0.168,0.192
henan_north,1989-10-18,0.158,0.165,0.167,0.192
henan_north,1989-10-19,0.154,0.164,0.167,0.192
henan_north,1989-10-20,0.151,0.163,0.167,0.192
henan_north,1989-10-21,0.148,0.162,0.167,0.192
henan_north,1989-10-22,0.145,0.161,0.167,0.192
henan_north,1989-10-23,0.143,0.16,0.166,0.192
henan_north,1989-10-24,0.141,0.159,0.166,0.192
henan_north,1989-10-25,0.14,0.159,0.166,0.192
henan_north,1989-10-26,0.147,0.158,0.166,0.192
henan_north,1989-10-27,0.222,0.158,0.166,0.192
henan_north,1989-10-28,0.211,0.158,0.165,0.192
henan_north,1989-10-29,0.203,0.158,0.165,0.192
henan_north,1989-10-30,0.195,0.158,0.165,0.192
henan_north,1989-10-31,0.187,0.158,0.165,0.192
henan_north,1989-11-01,0.181,0.157,0.165,0.192
henan_north,1989-11-02,0.182,0.157,0.165,0.192
henan_north,1989-11-03,0.193,0.157,0.165,0.192
henan_north,1989-11-04,0.189,0.157,0.165,0.192
henan_north,1989-11-05,0.186,0.157,0.164,0.192
henan_north,1989-11-06,0.184,0.157,0.164,0.192
henan_north,1989-11-07,0.285,0.162,0.164,0.192
henan_north,1989-11-08,0.275,0.17,0.164,0.192
henan_north,1989-11-09,0.257,0.174,0.164,0.192
henan_north,1989-11-10,0.249,0.176,0.164,0.192
henan_north,1989-11-11,0.252,0.179,0.164,0.192
henan_north,1989-11-12,0.25,0.181,0.164,0.192
henan_north,1989-11-13,0.239,0.182,0.164,0.192
henan_north,1989-11-14,0.23,0.183,0.164,0.192
henan_north,1989-11-15,0.224,0.183,0.164,0.192
henan_north,1989-11-16,0.218,0.183,0.164,0.192
henan_north,1989-11-17,0.212,0.183,0.164,0.192
henan_north,1989-11-18,0.207,0.183,0.164,0.192
henan_north,1989-11-19,0.203,0.182,0.164,0.192
henan_north,1989-11-20,0.199,0.182,0.164,0.192
henan_north,1989-11-21,0.195,0.182,0.164,0.192
henan_north,1989-11-22,0.192,0.181,0.164,0.192
henan_north,1989-11-23,0.189,0.181,0.164,0.192
henan_north,1989-11-24,0.187,0.18,0.163,0.192
henan_north,1989-11-25,0.184,0.179,0.163,0.192
henan_north,1989-11-26,0.182,0.179,0.163,0.192
henan_north,1989-11-27,0.179,0.178,0.163,0.192
henan_north,1989-11-28,0.176,0.178,0.163,0.192
henan_north,1989-11-29,0.174,0.177,0.163,0.192
henan_north,1989-11-30,0.173,0.177,0.163,0.192
henan_north,1989-12-01,0.171,0.176,0.163,0.192
henan_north,1989-12-02,0.168,0.175,0.163,0.192
henan_north,1989-12-03,0.166,0.175,0.163,0.192
henan_north,1989-12-04,0.162,0.174,0.163,0.192
henan_north,1989-12-05,0.161,0.173,0.163,0.192
henan_north,1989-12-06,0.159,0.173,0.163,0.192
henan_north,1989-12-07,0.159,0.172,0.163,0.192
henan_north,1989-12-08,0.159,0.172,0.163,0.192
henan_north,1989-12-09,0.158,0.172,0.163,0.192
henan_north,1989-12-10,0.158,0.171,0.163,0.192
henan_north,1989-12-11,0.156,0.171,0.162,0.192
henan_north,1989-12-12,0.162,0.171,0.162,0.192
henan_north,1989-12-13,0.165,0.17,0.162,0.192
henan_north,1989-12-14,0.164,0.17,0.162,0.192
henan_north,1989-12-15,0.163,0.17,0.162,0.192
henan_north,1989-12-16,0.162,0.169,0.162,0.192
henan_north,1989-12-17,0.162,0.169,0.162,0.192
henan_north,1989-12-18,0.171,0.169,0.162,0.192
henan_north,1989-12-19,0.171,0.169,0.162,0.192
henan_north,1989-12-20,0.174,0.169,0.162,0.192
henan_north,1989-12-21,0.178,0.169,0.162,0.191
henan_north,1989-12-22,0.18,0.169,0.162,0.191
henan_north,1989-12-23,0.183,0.169,0.162,0.191
henan_north,1989-12-24,0.187,0.169,0.162,0.191
henan_north,1989-12-25,0.19,0.169,0.162,0.191
henan_north,1989-12-26,0.194,0.169,0.162,0.191
henan_north,1989-12-27,0.194,0.17,0.162,0.191
henan_north,1989-12-28,0.199,0.17,0.162,0.191
henan_north,1989-12-29,0.208,0.17,0.162,0.191
henan_north,1989-12-30,0.22,0.171,0.162,0.191
henan_north,1989-12-31,0.238,0.172,0.162,0.191
henan_north,1990-01-01,0.253,0.174,0.162,0.191
henan_north,1990-01-02,0.258,0.178,0.162,0.191
henan_north,1990-01-03,0.259,0.18,0.162,0.191
henan_north,1990-01-04,0.266,0.184,0.162,0.191
henan_north,1990-01-05,0.27,0.188,0.162,0.191
henan_north,1990-01-06,0.266,0.191,0.162,0.191
henan_north,1990-01-07,0.26,0.194,0.162,0.191
henan_north,1990-01-08,0.257,0.196,0.162,0.191
henan_north,1990-01-09,0.279,0.199,0.162,0.191
henan_north,1990-01-10,0.279,0.204,0.162,0.191
henan_north,1990-01-11,0.273,0.207,0.162,0.191
henan_north,1990-01-12,0.268,0.21,0.163,0.191
henan_north,1990-01-13,0.261,0.212,0.163,0.191
henan_north,1990-01-14,0.256,0.213,0.163,0.191
henan_north,1990-01-15,0.252,0.214,0.163,0.191
henan_north,1990-01-16,0.251,0.215,0.163,0.191
henan_north,1990-01-17,0.25,0.215,0.163,0.191
henan_north,1990-01-18,0.246,0.216,0.163,0.191
henan_north,1990-01-19,0.242,0.216,0.163,0.191
henan_north,1990-01-20,0.238,0.216,0.163,0.191
henan_north,1990-01-21,0.236,0.216,0.163,0.191
henan_north,1990-01-22,0.233,0.216,0.163,0.191
henan_north,1990-01-23,0.231,0.216,0.163,0.191
henan_north,1990-01-24,0.229,0.216,0.163,0.191
henan_north,1990-01-25,0.228,0.216,0.163,0.191
henan_north,1990-01-26,0.227,0.216,0.163,0.191
henan_north,1990-01-27,0.227,0.216,0.164,0.191
henan_north,1990-01-28,0.228,0.216,0.164,0.191
henan_north,1990-01-29,0.229,0.216,0.164,0.191
henan_north,1990-01-30,0.228,0.216,0.164,0.191
henan_north,1990-01-31,0.227,0.216,0.164,0.191
henan_north,1990-02-01,0.226,0.216,0.164,0.191
henan_north,1990-02-02,0.226,0.216,0.164,0.191
henan_north,1990-02-03,0.225,0.216,0.164,0.191
henan_north,1990-02-04,0.227,0.216,0.164,0.191
henan_north,1990-02-05,0.233,0.216,0.164,0.191
henan_north,1990-02-06,0.246,0.216,0.164,0.191
henan_north,1990-02-07,0.269,0.217,0.164,0.191
henan_north,1990-02-08,0.298,0.221,0.165,0.191
henan_north,1990-02-09,0.317,0.228,0.165,0.191
henan_north,1990-02-10,0.326,0.239,0.165,0.191
henan_north,1990-02-11,0.319,0.248,0.165,0.191
henan_north,1990-02-12,0.306,0.253,0.165,0.191
henan_north,1990-02-13,0.341,0.262,0.165,0.191
henan_north,1990-02-14,0.324,0.272,0.166,0.191
henan_north,1990-02-15,0.319,0.276,0.166,0.191
henan_north,1990-02-16,0.322,0.279,0.167,0.191
henan_north,1990-02-17,0.382,0.304,0.168,0.191
henan_north,1990-02-18,0.385,0.345,0.17,0.191
henan_north,1990-02-19,0.356,0.343,0.173,0.191
henan_north,1990-02-20,0.381,0.342,0.176,0.191
henan_north,1990-02-21,0.395,0.369,0.181,0.191
henan_north,1990-02-22,0.37,0.36,0.186,0.191
henan_north,1990-02-23,0.361,0.351,0.19,0.191
henan_north,1990-02-24,0.346,0.341,0.192,0.191
henan_north,1990-02-25,0.338,0.333,0.195,0.191
henan_north,1990-02-26,0.331,0.326,0.196,0.191
henan_north,1990-02-27,0.325,0.321,0.198,0.191
henan_north,1990-02-28,0.319,0.316,0.199,0.191
henan_north,1990-03-01,0.311,0.31,0.2,0.191
henan_north,1990-03-02,0.303,0.304,0.201,0.191
henan_north,1990-03-03,0.297,0.299,0.201,0.191
henan_north,1990-03-04,0.299,0.295,0.202,0.191
henan_north,1990-03-05,0.298,0.292,0.202,0.191
henan_north,1990-03-06,0.288,0.287,0.203,0.191
henan_north,1990-03-07,0.279,0.282,0.203,0.191
henan_north,1990-03-08,0.321,0.281,0.203,0.191
henan_north,1990-03-09,0.305,0.281,0.203,0.191
henan_north,1990-03-10,0.29,0.278,0.203,0.191
henan_north,1990-03-11,0.278,0.274,0.203,0.191
henan_north,1990-03-12,0.267,0.269,0.203,0.191
henan_north,1990-03-13,0.258,0.265,0.203,0.191
henan_north,1990-03-14,0.249,0.26,0.203,0.191
henan_north,1990-03-15,0.239,0.255,0.202,0.191
henan_north,1990-03-16,0.232,0.25,0.202,0.191
henan_north,1990-03-17,0.224,0.245,0.202,0.191
henan_north,1990-03-18,0.217,0.241,0.202,0.191
henan_north,1990-03-19,0.212,0.237,0.201,0.191
henan_north,1990-03-20,0.208,0.233,0.201,0.191
henan_north,1990-03-21,0.259,0.233,0.201,0.191
henan_north,1990-03-22,0.317,0.241,0.201,0.191
henan_north,1990-03-23,0.308,0.247,0.201,0.191
henan_north,1990-03-24,0.314,0.253,0.201,0.191
henan_north,1990-03-25,0.326,0.26,0.201,0.191
henan_north,1990-03-26,0.369,0.279,0.201,0.191
henan_north,1990-03-27,0.377,0.313,0.202,0.191
henan_north,1990-03-28,0.356,0.324,0.203,0.191
henan_north,1990-03-29,0.338,0.322,0.205,0.191
henan_north,1990-03-30,0.324,0.316,0.206,0.191
henan_north,1990-03-31,0.311,0.309,0.206,0.191
henan_north,1990-04-01,0.301,0.302,0.207,0.191
henan_north,1990-04-02,0.293,0.294,0.207,0.191
henan_north,1990-04-03,0.347,0.297,0.207,0.191
henan_north,1990-04-04,0.315,0.296,0.207,0.191
henan_north,1990-04-05,0.294,0.289,0.207,0.191
henan_north,1990-04-06,0.279,0.282,0.207,0.191
henan_north,1990-04-07,0.264,0.275,0.207,0.191
henan_north,1990-04-08,0.248,0.267,0.207,0.191
henan_north,1990-04-09,0.235,0.258,0.206,0.191
henan_north,1990-04-10,0.225,0.251,0.205,0.191
henan_north,1990-04-11,0.225,0.246,0.205,0.191
henan_north,1990-04-12,0.242,0.244,0.205,0.191
henan_north,1990-04-13,0.242,0.241,0.205,0.191
henan_north,1990-04-14,0.228,0.235,0.204,0.191
henan_north,1990-04-15,0.214,0.229,0.203,0.191
henan_north,1990-04-16,0.202,0.223,0.202,0.191
henan_north,1990-04-17,0.195,0.219,0.202,0.191
henan_north,1990-04-18,0.188,0.215,0.201,0.191
henan_north,1990-04-19,0.212,0.211,0.2,0.191
henan_north,1990-04-20,0.216,0.209,0.2,0.191
henan_north,1990-04-21,0.215,0.206,0.199,0.191
henan_north,1990-04-22,0.215,0.204,0.199,0.19
henan_north,1990-04-23,0.264,0.203,0.198,0.19
henan_north,1990-04-24,0.242,0.201,0.198,0.19
henan_north,1990-04-25,0.222,0.197,0.197,0.19
henan_north,1990-04-26,0.203,0.193,0.196,0.19
henan_north,1990-04-27,0.192,0.19,0.195,0.19
henan_north,1990-04-28,0.185,0.188,0.194,0.19
henan_north,1990-04-29,0.188,0.185,0.194,0.19
henan_north,1990-04-30,0.213,0.185,0.194,0.19
henan_north,1990-05-01,0.253,0.186,0.193,0.19
henan_north,1990-05-02,0.238,0.186,0.193,0.19
henan_north,1990-05-03,0.231,0.185,0.192,0.19
henan_north,1990-05-04,0.214,0.183,0.192,0.19
henan_north,1990-05-05,0.198,0.18,0.191,0.19
henan_north,1990-05-06,0.184,0.176,0.19,0.19
henan_north,1990-05-07,0.17,0.172,0.189,0.19
henan_north,1990-05-08,0.16,0.169,0.187,0.19
henan_north,1990-05-09,0.152,0.165,0.186,0.19
henan_north,1990-05-10,0.155,0.163,0.185,0.19
henan_north,1990-05-11,0.151,0.161,0.184,0.19
henan_north,1990-05-12,0.157,0.158,0.183,0.19
henan_north,1990-05-13,0.279,0.161,0.182,0.19
henan_north,1990-05-14,0.245,0.164,0.182,0.19
henan_north,1990-05-15,0.231,0.164,0.181,0.19
henan_north,1990-05-16,0.402,0.258,0.181,0.19
henan_north,1990-05-17,0.368,0.329,0.182,0.19
henan_north,1990-05-18,0.331,0.322,0.184,0.19
henan_north,1990-05-19,0.309,0.311,0.185,0.19
henan_north,1990-05-20,0.293,0.3,0.185,0.19
henan_north,1990-05-21,0.276,0.29,0.186,0.19
henan_north,1990-05-22,0.26,0.279,0.186,0.189
henan_north,1990-05-23,0.247,0.27,0.186,0.189
henan_north,1990-05-24,0.234,0.261,0.185,0.189
henan_north,1990-05-25,0.221,0.252,0.185,0.189
henan_north,1990-05-26,0.208,0.243,0.184,0.189
henan_north,1990-05-27,0.197,0.235,0.184,0.189
henan_north,1990-05-28,0.188,0.228,0.183,0.189
henan_north,1990-05-29,0.199,0.223,0.183,0.189
henan_north,1990-05-30,0.282,0.223,0.183,0.189
henan_north,1990-05-31,0.309,0.235,0.183,0.189
henan_north,1990-06-01,0.275,0.234,0.182,0.189
henan_north,1990-06-02,0.249,0.228,0.182,0.189
henan_north,1990-06-03,0.227,0.222,0.181,0.189
henan_north,1990-06-04,0.207,0.215,0.18,0.189
henan_north,1990-06-05,0.19,0.208,0.179,0.189
henan_north,1990-06-06,0.176,0.201,0.179,0.189
henan_north,1990-06-07,0.298,0.221,0.178,0.189
henan_north,1990-06-08,0.335,0.278,0.178,0.189
henan_north,1990-06-09,0.292,0.273,0.178,0.189
henan_north,1990-06-10,0.262,0.263,0.178,0.189
henan_north,1990-06-11,0.245,0.256,0.178,0.189
henan_north,1990-06-12,0.228,0.248,0.177,0.189
henan_north,1990-06-13,0.211,0.238,0.177,0.189
henan_north,1990-06-14,0.206,0.232,0.176,0.189
henan_north,1990-06-15,0.204,0.226,0.176,0.189
henan_north,1990-06-16,0.189,0.219,0.176,0.189
henan_north,1990-06-17,0.195,0.213,0.175,0.189
henan_north,1990-06-18,0.342,0.228,0.175,0.189
henan_north,1990-06-19,0.352,0.262,0.175,0.189
henan_north,1990-06-20,0.36,0.293,0.176,0.189
henan_north,1990-06-21,0.314,0.293,0.176,0.189
henan_north,1990-06-22,0.284,0.283,0.176,0.189
henan_north,1990-06-23,0.277,0.274,0.176,0.188
henan_north,1990-06-24,0.355,0.283,0.177,0.188
henan_north,1990-06-25,0.382,0.322,0.178,0.188
henan_north,1990-06-26,0.36,0.336,0.18,0.188
henan_north,1990-06-27,0.328,0.324,0.182,0.188
henan_north,1990-06-28,0.307,0.311,0.183,0.188
henan_north,1990-06-29,0.296,0.299,0.183,0.188
henan_north,1990-06-30,0.295,0.29,0.184,0.188
henan_north,1990-07-01,0.288,0.285,0.184,0.188
henan_north,1990-07-02,0.311,0.282,0.185,0.188
henan_north,1990-07-03,0.3,0.278,0.185,0.188
henan_north,1990-07-04,0.281,0.272,0.185,0.188
henan_north,1990-07-05,0.261,0.263,0.184,0.188
henan_north,1990-07-06,0.32,0.263,0.184,0.188
henan_north,1990-07-07,0.32,0.27,0.184,0.188
henan_north,1990-07-08,0.274,0.261,0.184,0.188
henan_north,1990-07-09,0.26,0.25,0.183,0.188
henan_north,1990-07-10,0.313,0.248,0.183,0.188
henan_north,1990-07-11,0.342,0.284,0.183,0.188
henan_north,1990-07-12,0.329,0.29,0.183,0.188
henan_north,1990-07-13,0.323,0.289,0.183,0.188
henan_north,1990-07-14,0.296,0.282,0.184,0.188
henan_north,1990-07-15,0.266,0.27,0.183,0.188
henan_north,1990-07-16,0.246,0.259,0.183,0.188
henan_north,1990-07-17,0.326,0.275,0.183,0.188
henan_north,1990-07-18,0.289,0.271,0.182,0.188
henan_north,1990-07-19,0.274,0.263,0.182,0.188
henan_north,1990-07-20,0.275,0.258,0.182,0.188
henan_north,1990-07-21,0.42,0.391,0.201,0.188
henan_north,1990-07-22,0.387,0.383,0.223,0.188
henan_north,1990-07-23,0.36,0.361,0.227,0.188
henan_north,1990-07-24,0.344,0.342,0.229,0.188
henan_north,1990-07-25,0.377,0.344,0.23,0.188
henan_north,1990-07-26,0.392,0.358,0.232,0.188
henan_north,1990-07-27,0.382,0.363,0.235,0.188
henan_north,1990-07-28,0.38,0.358,0.238,0.188
henan_north,1990-07-29,0.419,0.399,0.245,0.188
henan_north,1990-07-30,0.415,0.412,0.276,0.188
henan_north,1990-07-31,0.385,0.384,0.286,0.188
henan_north,1990-08-01,0.366,0.366,0.289,0.188
henan_north,1990-08-02,0.37,0.356,0.289,0.188
henan_north,1990-08-03,0.351,0.349,0.29,0.188
henan_north,1990-08-04,0.324,0.335,0.289,0.188
henan_north,1990-08-05,0.305,0.321,0.287,0.188
henan_north,1990-08-06,0.318,0.312,0.286,0.188
henan_north,1990-08-07,0.348,0.317,0.285,0.188
henan_north,1990-08-08,0.332,0.315,0.284,0.188
henan_north,1990-08-09,0.319,0.31,0.284,0.189
henan_north,1990-08-10,0.297,0.302,0.282,0.189
henan_north,1990-08-11,0.281,0.293,0.281,0.189
henan_north,1990-08-12,0.274,0.285,0.279,0.189
henan_north,1990-08-13,0.285,0.281,0.278,0.189
henan_north,1990-08-14,0.354,0.311,0.277,0.189
henan_north,1990-08-15,0.401,0.363,0.279,0.189
henan_north,1990-08-16,0.42,0.414,0.298,0.189
henan_north,1990-08-17,0.388,0.39,0.308,0.189
henan_north,1990-08-18,0.365,0.371,0.31,0.189
henan_north,1990-08-19,0.346,0.355,0.31,0.189
henan_north,1990-08-20,0.328,0.341,0.309,0.19
henan_north,1990-08-21,0.31,0.327,0.307,0.19
henan_north,1990-08-22,0.294,0.315,0.305,0.19
henan_north,1990-08-23,0.279,0.304,0.302,0.19
henan_north,1990-08-24,0.265,0.293,0.3,0.19
henan_north,1990-08-25,0.269,0.284,0.298,0.19
henan_north,1990-08-26,0.4,0.343,0.297,0.19
henan_north,1990-08-27,0.404,0.386,0.301,0.19
henan_north,1990-08-28,0.384,0.381,0.305,0.191
henan_north,1990-08-29,0.362,0.366,0.306,0.191
henan_north,1990-08-30,0.34,0.351,0.306,0.191
henan_north,1990-08-31,0.323,0.337,0.304,0.191
henan_north,1990-09-01,0.305,0.324,0.303,0.191
henan_north,1990-09-02,0.289,0.312,0.301,0.191
henan_north,1990-09-03,0.276,0.301,0.299,0.191
henan_north,1990-09-04,0.28,0.294,0.297,0.191
henan_north,1990-09-05,0.287,0.291,0.296,0.192
henan_north,1990-09-06,0.273,0.285,0.295,0.192
henan_north,1990-09-07,0.271,0.279,0.293,0.192
henan_north,1990-09-08,0.265,0.274,0.292,0.192
henan_north,1990-09-09,0.285,0.271,0.29,0.192
henan_north,1990-09-10,0.305,0.272,0.29,0.192
henan_north,1990-09-11,0.285,0.27,0.288,0.192
henan_north,1990-09-12,0.268,0.266,0.287,0.192
henan_north,1990-09-13,0.258,0.263,0.285,0.192
henan_north,1990-09-14,0.244,0.257,0.284,0.192
henan_north,1990-09-15,0.234,0.252,0.282,0.192
henan_north,1990-09-16,0.224,0.247,0.28,0.192
henan_north,1990-09-17,0.213,0.242,0.278,0.192
henan_north,1990-09-18,0.203,0.237,0.276,0.192
henan_north,1990-09-19,0.195,0.231,0.275,0.192
henan_north,1990-09-20,0.187,0.226,0.273,0.193
henan_north,1990-09-21,0.181,0.222,0.271,0.193
henan_north,1990-09-22,0.22,0.22,0.27,0.193
henan_north,1990-09-23,0.355,0.268,0.269,0.193
henan_north,1990-09-24,0.31,0.274,0.268,0.193
henan_north,1990-09-25,0.292,0.273,0.267,0.193
henan_north,1990-09-26,0.28,0.271,0.266,0.193
henan_north,1990-09-27,0.275,0.268,0.266,0.193
henan_north,1990-09-28,0.263,0.264,0.265,0.193
henan_north,1990-09-29,0.253,0.26,0.264,0.193
henan_north,1990-09-30,0.245,0.256,0.263,0.193
henan_north,1990-10-01,0.234,0.251,0.262,0.193
henan_north,1990-10-02,0.226,0.247,0.261,0.193
henan_north,1990-10-03,0.23,0.245,0.26,0.193
henan_north,1990-10-04,0.226,0.241,0.259,0.193
henan_north,1990-10-05,0.217,0.237,0.258,0.193
henan_north,1990-10-06,0.209,0.233,0.257,0.193
henan_north,1990-10-07,0.202,0.231,0.256,0.193
henan_north,1990-10-08,0.197,0.227,0.255,0.193
henan_north,1990-10-09,0.192,0.225,0.254,0.193
henan_north,1990-10-10,0.203,0.224,0.254,0.193
henan_north,1990-10-11,0.204,0.222,0.253,0.193
henan_north,1990-10-12,0.199,0.22,0.252,0.193
henan_north,1990-10-13,0.194,0.218,0.251,0.193
henan_north,1990-10-14,0.189,0.215,0.251,0.193
henan_north,1990-10-15,0.184,0.213,0.25,0.193
henan_north,1990-10-16,0.179,0.21,0.249,0.193
henan_north,1990-10-17,0.176,0.209,0.248,0.193
henan_north,1990-10-18,0.173,0.207,0.247,0.193
henan_north,1990-10-19,0.17,0.205,0.247,0.193
henan_north,1990-10-20,0.169,0.204,0.246,0.193
henan_north,1990-10-21,0.167,0.202,0.245,0.193
henan_north,1990-10-22,0.165,0.201,0.245,0.193
henan_north,1990-10-23,0.162,0.199,0.244,0.193
henan_north,1990-10-24,0.161,0.198,0.243,0.193
henan_north,1990-10-25,0.159,0.197,0.243,0.193
henan_north,1990-10-26,0.157,0.195,0.242,0.193
henan_north,1990-10-27,0.155,0.194,0.241,0.193
henan_north,1990-10-28,0.153,0.192,0.24,0.193
henan_north,1990-10-29,0.152,0.191,0.24,0.193
henan_north,1990-10-30,0.151,0.19,0.239,0.193
henan_north,1990-10-31,0.15,0.189,0.238,0.193
henan_north,1990-11-01,0.149,0.187,0.238,0.193
henan_north,1990-11-02,0.148,0.187,0.237,0.193
henan_north,1990-11-03,0.147,0.186,0.237,0.193
henan_north,1990-11-04,0.149,0.186,0.236,0.193
henan_north,1990-11-05,0.15,0.185,0.236,0.193
henan_north,1990-11-06,0.149,0.184,0.235,0.193
henan_north,1990-11-07,0.297,0.195,0.235,0.193
henan_north,1990-11-08,0.373,0.302,0.235,0.193
henan_north,1990-11-09,0.335,0.313,0.236,0.193
henan_north,1990-11-10,0.32,0.311,0.236,0.193
henan_north,1990-11-11,0.31,0.307,0.237,0.193
henan_north,1990-11-12,0.302,0.303,0.237,0.193
henan_north,1990-11-13,0.295,0.299,0.237,0.193
henan_north,1990-11-14,0.288,0.294,0.237,0.193
henan_north,1990-11-15,0.284,0.291,0.237,0.193
henan_north,1990-11-16,0.281,0.288,0.237,0.193
henan_north,1990-11-17,0.279,0.286,0.237,0.193
henan_north,1990-11-18,0.333,0.288,0.238,0.193
henan_north,1990-11-19,0.352,0.301,0.238,0.193
henan_north,1990-11-20,0.327,0.305,0.238,0.193
henan_north,1990-11-21,0.313,0.303,0.239,0.193
henan_north,1990-11-22,0.306,0.301,0.239,0.193
henan_north,1990-11-23,0.302,0.299,0.239,0.193
henan_north,1990-11-24,0.298,0.297,0.24,0.193
henan_north,1990-11-25,0.294,0.294,0.24,0.193
henan_north,1990-11-26,0.289,0.291,0.24,0.193
henan_north,1990-11-27,0.284,0.289,0.24,0.193
henan_north,1990-11-28,0.281,0.286,0.24,0.193
henan_north,1990-11-29,0.279,0.284,0.24,0.193
henan_north,1990-11-30,0.276,0.282,0.24,0.193
henan_north,1990-12-01,0.272,0.279,0.24,0.193
henan_north,1990-12-02,0.269,0.277,0.24,0.193
henan_north,1990-12-03,0.267,0.275,0.24,0.193
henan_north,1990-12-04,0.265,0.273,0.24,0.193
henan_north,1990-12-05,0.262,0.271,0.24,0.193
henan_north,1990-12-06,0.259,0.269,0.24,0.194
henan_north,1990-12-07,0.256,0.267,0.24,0.194
henan_north,1990-12-08,0.254,0.265,0.24,0.194
henan_north,1990-12-09,0.252,0.263,0.24,0.194
henan_north,1990-12-10,0.25,0.261,0.239,0.194
henan_north,1990-12-11,0.248,0.26,0.239,0.194
henan_north,1990-12-12,0.247,0.258,0.239,0.194
henan_north,1990-12-13,0.247,0.257,0.239,0.194
henan_north,1990-12-14,0.247,0.256,0.239,0.194
henan_north,1990-12-15,0.246,0.255,0.239,0.194
henan_north,1990-12-16,0.25,0.254,0.239,0.194
henan_north,1990-12-17,0.254,0.253,0.239,0.194
henan_north,1990-12-18,0.253,0.253,0.239,0.194
henan_north,1990-12-19,0.253,0.252,0.239,0.194
henan_north,1990-12-20,0.251,0.251,0.238,0.194
henan_north,1990-12-21,0.248,0.25,0.238,0.194
henan_north,1990-12-22,0.244,0.248,0.238,0.194
henan_north,1990-12-23,0.241,0.247,0.238,0.194
henan_north,1990-12-24,0.24,0.246,0.238,0.194
henan_north,1990-12-25,0.238,0.245,0.237,0.194
henan_north,1990-12-26,0.236,0.244,0.237,0.194
henan_north,1990-12-27,0.235,0.243,0.237,0.194
henan_north,1990-12-28,0.234,0.243,0.237,0.194
henan_north,1990-12-29,0.233,0.242,0.237,0.194
henan_north,1990-12-30,0.236,0.242,0.237,0.194
henan_north,1990-12-31,0.246,0.241,0.237,0.194
henan_north,1991-01-01,0.254,0.241,0.237,0.194
henan_north,1991-01-02,0.256,0.241,0.237,0.194
henan_north,1991-01-03,0.254,0.242,0.237,0.194
henan_north,1991-01-04,0.253,0.242,0.236,0.194
henan_north,1991-01-05,0.253,0.242,0.236,0.194
henan_north,1991-01-06,0.254,0.242,0.236,0.194
henan_north,1991-01-07,0.253,0.243,0.236,0.194
henan_north,1991-01-08,0.251,0.243,0.236,0.194
henan_north,1991-01-09,0.25,0.243,0.236,0.194
henan_north,1991-01-10,0.25,0.243,0.236,0.194
henan_north,1991-01-11,0.25,0.243,0.236,0.194
henan_north,1991-01-12,0.253,0.243,0.236,0.194
henan_north,1991-01-13,0.254,0.243,0.236,0.194
henan_north,1991-01-14,0.253,0.243,0.236,0.194
henan_north,1991-01-15,0.251,0.242,0.236,0.194
henan_north,1991-01-16,0.248,0.242,0.236,0.194
henan_north,1991-01-17,0.245,0.241,0.235,0.194
henan_north,1991-01-18,0.241,0.24,0.235,0.194
henan_north,1991-01-19,0.24,0.239,0.235,0.194
henan_north,1991-01-20,0.242,0.239,0.235,0.194
henan_north,1991-01-21,0.269,0.239,0.235,0.194
henan_north,1991-01-22,0.268,0.241,0.235,0.194
henan_north,1991-01-23,0.262,0.241,0.235,0.194
henan_north,1991-01-24,0.258,0.241,0.235,0.194
henan_north,1991-01-25,0.254,0.241,0.234,0.194
henan_north,1991-01-26,0.251,0.24,0.234,0.194
henan_north,1991-01-27,0.249,0.24,0.234,0.194
henan_north,1991-01-28,0.276,0.241,0.234,0.194
henan_north,1991-01-29,0.278,0.243,0.234,0.194
henan_north,1991-01-30,0.273,0.244,0.234,0.194
henan_north,1991-01-31,0.267,0.245,0.234,0.194
henan_north,1991-02-01,0.263,0.245,0.233,0.194
henan_north,1991-02-02,0.259,0.245,0.233,0.194
henan_north,1991-02-03,0.254,0.244,0.233,0.194
henan_north,1991-02-04,0.25,0.243,0.233,0.194
henan_north,1991-02-05,0.246,0.242,0.233,0.194
henan_north,1991-02-06,0.242,0.241,0.233,0.194
henan_north,1991-02-07,0.238,0.24,0.232,0.194
henan_north,1991-02-08,0.236,0.239,0.232,0.194
henan_north,1991-02-09,0.241,0.238,0.232,0.194
henan_north,1991-02-10,0.238,0.237,0.232,0.194
henan_north,1991-02-11,0.233,0.236,0.231,0.194
henan_north,1991-02-12,0.236,0.235,0.231,0.194
henan_north,1991-02-13,0.272,0.236,0.231,0.194
henan_north,1991-02-14,0.273,0.237,0.231,0.194
henan_north,1991-02-15,0.265,0.237,0.231,0.194
henan_north,1991-02-16,0.258,0.237,0.23,0.194
henan_north,1991-02-17,0.252,0.237,0.23,0.194
henan_north,1991-02-18,0.246,0.236,0.23,0.194
henan_north,1991-02-19,0.24,0.235,0.23,0.194
henan_north,1991-02-20,0.234,0.234,0.23,0.194
henan_north,1991-02-21,0.228,0.232,0.229,0.194
henan_north,1991-02-22,0.222,0.23,0.229,0.194
henan_north,1991-02-23,0.219,0.229,0.229,0.194
henan_north,1991-02-24,0.216,0.228,0.228,0.194
henan_north,1991-02-25,0.214,0.227,0.228,0.194
henan_north,1991-02-26,0.224,0.226,0.228,0.194
henan_north,1991-02-27,0.245,0.226,0.228,0.194
henan_north,1991-02-28,0.242,0.226,0.228,0.194
henan_north,1991-03-01,0.238,0.225,0.227,0.194
henan_north,1991-03-02,0.233,0.224,0.227,0.194
henan_north,1991-03-03,0.227,0.222,0.227,0.194
henan_north,1991-03-04,0.222,0.221,0.226,0.194
henan_north,1991-03-05,0.216,0.219,0.226,0.194
henan_north,1991-03-06,0.222,0.218,0.225,0.194
henan_north,1991-03-07,0.283,0.22,0.225,0.194
henan_north,1991-03-08,0.284,0.223,0.225,0.194
henan_north,1991-03-09,0.296,0.227,0.225,0.194
henan_north,1991-03-10,0.309,0.234,0.225,0.194
henan_north,1991-03-11,0.309,0.241,0.225,0.194
henan_north,1991-03-12,0.308,0.246,0.225,0.194
henan_north,1991-03-13,0.297,0.25,0.224,0.194
henan_north,1991-03-14,0.287,0.252,0.224,0.194
henan_north,1991-03-15,0.297,0.253,0.224,0.194
henan_north,1991-03-16,0.302,0.256,0.224,0.194
henan_north,1991-03-17,0.289,0.256,0.224,0.194
henan_north,1991-03-18,0.275,0.254,0.223,0.194
henan_north,1991-03-19,0.262,0.251,0.223,0.194
henan_north,1991-03-20,0.255,0.249,0.222,0.194
henan_north,1991-03-21,0.252,0.248,0.222,0.194
henan_north,1991-03-22,0.248,0.246,0.222,0.194
henan_north,1991-03-23,0.243,0.243,0.222,0.194
henan_north,1991-03-24,0.277,0.243,0.221,0.194
henan_north,1991-03-25,0.279,0.244,0.221,0.194
henan_north,1991-03-26,0.346,0.254,0.221,0.194
henan_north,1991-03-27,0.343,0.274,0.221,0.194
henan_north,1991-03-28,0.334,0.282,0.221,0.194
henan_north,1991-03-29,0.325,0.286,0.222,0.194
henan_north,1991-03-30,0.314,0.287,0.222,0.194
henan_north,1991-03-31,0.309,0.285,0.222,0.194
henan_north,1991-04-01,0.298,0.283,0.222,0.194
henan_north,1991-04-02,0.283,0.278,0.221,0.194
henan_north,1991-04-03,0.27,0.273,0.221,0.194
henan_north,1991-04-04,0.259,0.268,0.221,0.194
henan_north,1991-04-05,0.25,0.263,0.22,0.194
henan_north,1991-04-06,0.243,0.258,0.22,0.194
henan_north,1991-04-07,0.237,0.253,0.219,0.194
henan_north,1991-04-08,0.243,0.249,0.219,0.194
henan_north,1991-04-09,0.239,0.247,0.219,0.194
henan_north,1991-04-10,0.232,0.243,0.218,0.194
henan_north,1991-04-11,0.237,0.24,0.218,0.194
henan_north,1991-04-12,0.285,0.24,0.218,0.194
henan_north,1991-04-13,0.271,0.24,0.217,0.194
henan_north,1991-04-14,0.254,0.236,0.217,0.194
henan_north,1991-04-15,0.243,0.233,0.216,0.194
henan_north,1991-04-16,0.254,0.232,0.216,0.194
henan_north,1991-04-17,0.331,0.241,0.216,0.194
henan_north,1991-04-18,0.301,0.247,0.216,0.194
henan_north,1991-04-19,0.275,0.245,0.215,0.194
henan_north,1991-04-20,0.257,0.241,0.214,0.194
henan_north,1991-04-21,0.242,0.237,0.213,0.194
henan_north,1991-04-22,0.227,0.232,0.213,0.194
henan_north,1991-04-23,0.214,0.226,0.212,0.194
henan_north,1991-04-24,0.202,0.22,0.211,0.194
henan_north,1991-04-25,0.192,0.215,0.21,0.194
henan_north,1991-04-26,0.185,0.211,0.209,0.194
henan_north,1991-04-27,0.177,0.206,0.208,0.194
henan_north,1991-04-28,0.204,0.202,0.207,0.194
henan_north,1991-04-29,0.227,0.2,0.207,0.194
henan_north,1991-04-30,0.208,0.196,0.205,0.194
henan_north,1991-05-01,0.193,0.192,0.204,0.194
henan_north,1991-05-02,0.181,0.188,0.203,0.194
henan_north,1991-05-03,0.171,0.184,0.202,0.194
henan_north,1991-05-04,0.179,0.182,0.201,0.194
henan_north,1991-05-05,0.244,0.183,0.201,0.194
henan_north,1991-05-06,0.274,0.188,0.201,0.194
henan_north,1991-05-07,0.248,0.188,0.2,0.194
henan_north,1991-05-08,0.223,0.185,0.199,0.194
henan_north,1991-05-09,0.204,0.182,0.198,0.193
henan_north,1991-05-10,0.192,0.179,0.197,0.193
henan_north,1991-05-11,0.18,0.175,0.196,0.193
henan_north,1991-05-12,0.168,0.171,0.195,0.193
henan_north,1991-05-13,0.159,0.168,0.193,0.193
henan_north,1991-05-14,0.151,0.165,0.192,0.193
henan_north,1991-05-15,0.144,0.161,0.191,0.193
henan_north,1991-05-16,0.139,0.158,0.189,0.193
henan_north,1991-05-17,0.135,0.155,0.187,0.193
henan_north,1991-05-18,0.132,0.153,0.186,0.193
henan_north,1991-05-19,0.161,0.152,0.185,0.193
henan_north,1991-05-20,0.183,0.151,0.185,0.193
henan_north,1991-05-21,0.171,0.15,0.184,0.193
henan_north,1991-05-22,0.163,0.149,0.183,0.193
henan_north,1991-05-23,0.16,0.148,0.182,0.193
henan_north,1991-05-24,0.209,0.148,0.182,0.193
henan_north,1991-05-25,0.362,0.243,0.182,0.193
henan_north,1991-05-26,0.314,0.259,0.182,0.193
henan_north,1991-05-27,0.284,0.257,0.182,0.193
henan_north,1991-05-28,0.269,0.253,0.182,0.193
henan_north,1991-05-29,0.271,0.251,0.182,0.193
henan_north,1991-05-30,0.291,0.251,0.182,0.193
henan_north,1991-05-31,0.319,0.254,0.182,0.193
henan_north,1991-06-01,0.372,0.3,0.182,0.193
henan_north,1991-06-02,0.349,0.314,0.183,0.193
henan_north,1991-06-03,0.318,0.307,0.184,0.193
henan_north,1991-06-04,0.297,0.298,0.185,0.192
henan_north,1991-06-05,0.279,0.288,0.185,0.192
henan_north,1991-06-06,0.261,0.278,0.185,0.192
henan_north,1991-06-07,0.246,0.268,0.185,0.192
henan_north,1991-06-08,0.235,0.26,0.185,0.192
henan_north,1991-06-09,0.229,0.254,0.185,0.192
henan_north,1991-06-10,0.252,0.25,0.185,0.192
henan_north,1991-06-11,0.263,0.246,0.184,0.192
henan_north,1991-06-12,0.239,0.239,0.184,0.192
henan_north,1991-06-13,0.229,0.233,0.183,0.192
henan_north,1991-06-14,0.37,0.261,0.183,0.192
henan_north,1991-06-15,0.322,0.283,0.183,0.192
henan_north,1991-06-16,0.291,0.277,0.183,0.192
henan_north,1991-06-17,0.268,0.269,0.183,0.192
henan_north,1991-06-18,0.251,0.261,0.183,0.192
henan_north,1991-06-19,0.237,0.254,0.183,0.192
henan_north,1991-06-20,0.223,0.245,0.182,0.192
henan_north,1991-06-21,0.215,0.238,0.182,0.192
henan_north,1991-06-22,0.219,0.231,0.181,0.192
henan_north,1991-06-23,0.256,0.227,0.181,0.192
henan_north,1991-06-24,0.339,0.24,0.181,0.192
henan_north,1991-06-25,0.294,0.244,0.18,0.192
henan_north,1991-06-26,0.269,0.241,0.18,0.192
henan_north,1991-06-27,0.244,0.234,0.179,0.192
henan_north,1991-06-28,0.242,0.228,0.179,0.192
henan_north,1991-06-29,0.229,0.221,0.178,0.192
henan_north,1991-06-30,0.205,0.213,0.177,0.192
henan_north,1991-07-01,0.184,0.204,0.176,0.192
henan_north,1991-07-02,0.17,0.196,0.175,0.191
henan_north,1991-07-03,0.159,0.189,0.174,0.191
henan_north,1991-07-04,0.156,0.183,0.173,0.191
henan_north,1991-07-05,0.16,0.178,0.172,0.191
henan_north,1991-07-06,0.16,0.173,0.172,0.191
henan_north,1991-07-07,0.18,0.17,0.171,0.191
henan_north,1991-07-08,0.17,0.167,0.17,0.191
henan_north,1991-07-09,0.16,0.163,0.169,0.191
henan_north,1991-07-10,0.152,0.16,0.168,0.191
henan_north,1991-07-11,0.153,0.158,0.168,0.191
henan_north,1991-07-12,0.165,0.156,0.167,0.191
henan_north,1991-07-13,0.155,0.153,0.166,0.191
henan_north,1991-07-14,0.148,0.151,0.165,0.191
henan_north,1991-07-15,0.146,0.149,0.165,0.191
henan_north,1991-07-16,0.18,0.148,0.164,0.191
henan_north,1991-07-17,0.404,0.283,0.164,0.191
henan_north,1991-07-18,0.4,0.388,0.174,0.191
henan_north,1991-07-19,0.397,0.38,0.183,0.191
henan_north,1991-07-20,0.385,0.375,0.19,0.191
henan_north,1991-07-21,0.362,0.355,0.195,0.19
henan_north,1991-07-22,0.332,0.336,0.197,0.19
henan_north,1991-07-23,0.314,0.318,0.198,0.19
henan_north,1991-07-24,0.39,0.334,0.199,0.19
henan_north,1991-07-25,0.405,0.4,0.212,0.19
henan_north,1991-07-26,0.4,0.391,0.224,0.19
henan_north,1991-07-27,0.418,0.407,0.238,0.19
henan_north,1991-07-28,0.427,0.42,0.269,0.19
henan_north,1991-07-29,0.399,0.4,0.29,0.19
henan_north,1991-07-30,0.365,0.372,0.294,0.191
henan_north,1991-07-31,0.343,0.353,0.294,0.191
henan_north,1991-08-01,0.328,0.339,0.294,0.191
henan_north,1991-08-02,0.314,0.327,0.293,0.191
henan_north,1991-08-03,0.297,0.316,0.291,0.191
henan_north,1991-08-04,0.284,0.305,0.29,0.191
henan_north,1991-08-05,0.275,0.297,0.288,0.191
henan_north,1991-08-06,0.267,0.289,0.287,0.191
henan_north,1991-08-07,0.254,0.28,0.285,0.191
henan_north,1991-08-08,0.239,0.269,0.283,0.191
henan_north,1991-08-09,0.225,0.26,0.28,0.191
henan_north,1991-08-10,0.218,0.252,0.278,0.191
henan_north,1991-08-11,0.254,0.248,0.277,0.191
henan_north,1991-08-12,0.328,0.254,0.276,0.191
henan_north,1991-08-13,0.308,0.258,0.274,0.191
henan_north,1991-08-14,0.296,0.257,0.273,0.191
henan_north,1991-08-15,0.277,0.254,0.271,0.191
henan_north,1991-08-16,0.263,0.249,0.269,0.192
henan_north,1991-08-17,0.344,0.253,0.268,0.192
henan_north,1991-08-18,0.381,0.304,0.267,0.192
henan_north,1991-08-19,0.347,0.318,0.267,0.192
henan_north,1991-08-20,0.323,0.314,0.266,0.192
henan_north,1991-08-21,0.302,0.305,0.266,0.192
henan_north,1991-08-22,0.279,0.294,0.264,0.192
henan_north,1991-08-23,0.261,0.282,0.262,0.192
henan_north,1991-08-24,0.251,0.274,0.261,0.192
henan_north,1991-08-25,0.395,0.318,0.26,0.192
henan_north,1991-08-26,0.369,0.349,0.262,0.192
henan_north,1991-08-27,0.342,0.341,0.263,0.192
henan_north,1991-08-28,0.322,0.329,0.263,0.192
henan_north,1991-08-29,0.33,0.321,0.263,0.192
henan_north,1991-08-30,0.317,0.316,0.263,0.192
henan_north,1991-08-31,0.297,0.306,0.262,0.192
henan_north,1991-09-01,0.325,0.3,0.261,0.192
henan_north,1991-09-02,0.388,0.374,0.263,0.192
henan_north,1991-09-03,0.393,0.378,0.267,0.192
henan_north,1991-09-04,0.386,0.386,0.273,0.192
henan_north,1991-09-05,0.358,0.364,0.276,0.192
henan_north,1991-09-06,0.338,0.347,0.276,0.192
henan_north,1991-09-07,0.321,0.334,0.276,0.192
henan_north,1991-09-08,0.304,0.321,0.276,0.192
henan_north,1991-09-09,0.29,0.309,0.275,0.192
henan_north,1991-09-10,0.339,0.307,0.274,0.192
henan_north,1991-09-11,0.355,0.323,0.274,0.192
henan_north,1991-09-12,0.328,0.32,0.274,0.192
henan_north,1991-09-13,0.325,0.314,0.273,0.192
henan_north,1991-09-14,0.313,0.309,0.273,0.192
henan_north,1991-09-15,0.303,0.304,0.272,0.192
henan_north,1991-09-16,0.295,0.3,0.272,0.192
henan_north,1991-09-17,0.285,0.294,0.271,0.193
henan_north,1991-09-18,0.274,0.287,0.27,0.193
henan_north,1991-09-19,0.26,0.28,0.269,0.193
henan_north,1991-09-20,0.246,0.272,0.267,0.193
henan_north,1991-09-21,0.237,0.265,0.266,0.193
henan_north,1991-09-22,0.23,0.26,0.265,0.193
henan_north,1991-09-23,0.223,0.254,0.264,0.193
henan_north,1991-09-24,0.215,0.249,0.263,0.193
henan_north,1991-09-25,0.208,0.244,0.261,0.193
henan_north,1991-09-26,0.202,0.238,0.26,0.193
henan_north,1991-09-27,0.196,0.234,0.259,0.193
henan_north,1991-09-28,0.196,0.23,0.258,0.193
henan_north,1991-09-29,0.195,0.226,0.257,0.193
henan_north,1991-09-30,0.189,0.223,0.256,0.193
henan_north,1991-10-01,0.185,0.219,0.254,0.193
henan_north,1991-10-02,0.188,0.217,0.253,0.193
henan_north,1991-10-03,0.228,0.216,0.253,0.193
henan_north,1991-10-04,0.222,0.215,0.252,0.193
henan_north,1991-10-05,0.214,0.213,0.251,0.193
henan_north,1991-10-06,0.204,0.21,0.25,0.193
henan_north,1991-10-07,0.196,0.208,0.249,0.193
henan_north,1991-10-08,0.19,0.206,0.248,0.193
henan_north,1991-10-09,0.184,0.204,0.247,0.193
henan_north,1991-10-10,0.179,0.202,0.246,0.193
henan_north,1991-10-11,0.176,0.201,0.246,0.193
henan_north,1991-10-12,0.173,0.2,0.245,0.193
henan_north,1991-10-13,0.17,0.198,0.244,0.193
henan_north,1991-10-14,0.167,0.197,0.243,0.193
henan_north,1991-10-15,0.176,0.196,0.243,0.193
henan_north,1991-10-16,0.18,0.195,0.243,0.193
henan_north,1991-10-17,0.175,0.194,0.242,0.193
henan_north,1991-10-18,0.169,0.192,0.241,0.193
henan_north,1991-10-19,0.165,0.191,0.24,0.193
henan_north,1991-10-20,0.162,0.19,0.239,0.193
henan_north,1991-10-21,0.159,0.189,0.238,0.193
henan_north,1991-10-22,0.156,0.187,0.238,0.193
henan_north,1991-10-23,0.154,0.186,0.237,0.193
henan_north,1991-10-24,0.151,0.185,0.236,0.193
henan_north,1991-10-25,0.148,0.183,0.235,0.193
henan_north,1991-10-26,0.146,0.182,0.235,0.193
henan_north,1991-10-27,0.145,0.181,0.234,0.193
henan_north,1991-10-28,0.143,0.18,0.233,0.193
henan_north,1991-10-29,0.142,0.179,0.233,0.193
henan_north,1991-10-30,0.141,0.178,0.232,0.193
henan_north,1991-10-31,0.14,0.177,0.231,0.193
henan_north,1991-11-01,0.139,0.177,0.231,0.193
henan_north,1991-11-02,0.138,0.176,0.23,0.193
henan_north,1991-11-03,0.137,0.175,0.23,0.193
henan_north,1991-11-04,0.137,0.174,0.229,0.193
henan_north,1991-11-05,0.137,0.174,0.229,0.193
henan_north,1991-11-06,0.176,0.173,0.228,0.193
henan_north,1991-11-07,0.242,0.175,0.228,0.193
henan_north,1991-11-08,0.233,0.177,0.228,0.193
henan_north,1991-11-09,0.223,0.177,0.227,0.193
henan_north,1991-11-10,0.215,0.178,0.227,0.193
henan_north,1991-11-11,0.209,0.178,0.226,0.193
henan_north,1991-11-12,0.204,0.178,0.226,0.193
henan_north,1991-11-13,0.198,0.178,0.225,0.193
henan_north,1991-11-14,0.194,0.177,0.225,0.193
henan_north,1991-11-15,0.19,0.177,0.225,0.193
henan_north,1991-11-16,0.186,0.177,0.224,0.193
henan_north,1991-11-17,0.182,0.177,0.224,0.193
henan_north,1991-11-18,0.178,0.176,0.223,0.193
henan_north,1991-11-19,0.174,0.176,0.223,0.193
henan_north,1991-11-20,0.172,0.175,0.223,0.193
henan_north,1991-11-21,0.17,0.175,0.222,0.193
henan_north,1991-11-22,0.168,0.175,0.222,0.193
henan_north,1991-11-23,0.166,0.175,0.222,0.193
henan_north,1991-11-24,0.164,0.174,0.221,0.193
henan_north,1991-11-25,0.162,0.174,0.221,0.193
henan_north,1991-11-26,0.163,0.174,0.221,0.193
henan_north,1991-11-27,0.163,0.174,0.221,0.193
henan_north,1991-11-28,0.161,0.174,0.22,0.193
henan_north,1991-11-29,0.159,0.173,0.22,0.193
henan_north,1991-11-30,0.158,0.173,0.219,0.193
henan_north,1991-12-01,0.157,0.172,0.219,0.193
henan_north,1991-12-02,0.156,0.172,0.219,0.193
henan_north,1991-12-03,0.155,0.172,0.219,0.193
henan_north,1991-12-04,0.153,0.172,0.218,0.193
henan_north,1991-12-05,0.152,0.171,0.218,0.193
henan_north,1991-12-06,0.151,0.171,0.218,0.193
henan_north,1991-12-07,0.199,0.171,0.217,0.193
henan_north,1991-12-08,0.207,0.172,0.217,0.193
henan_north,1991-12-09,0.205,0.172,0.217,0.193
henan_north,1991-12-10,0.206,0.173,0.217,0.193
henan_north,1991-12-11,0.203,0.173,0.217,0.193
henan_north,1991-12-12,0.2,0.173,0.217,0.193
henan_north,1991-12-13,0.198,0.173,0.216,0.193
henan_north,1991-12-14,0.195,0.174,0.216,0.193
henan_north,1991-12-15,0.192,0.174,0.216,0.193
henan_north,1991-12-16,0.191,0.174,0.216,0.193
henan_north,1991-12-17,0.189,0.174,0.216,0.193
henan_north,1991-12-18,0.187,0.174,0.215,0.193
henan_north,1991-12-19,0.186,0.174,0.215,0.193
henan_north,1991-12-20,0.184,0.174,0.215,0.193
henan_north,1991-12-21,0.183,0.174,0.215,0.193
henan_north,1991-12-22,0.21,0.175,0.215,0.193
henan_north,1991-12-23,0.247,0.176,0.215,0.193
henan_north,1991-12-24,0.24,0.179,0.215,0.193
henan_north,1991-12-25,0.234,0.18,0.215,0.193
henan_north,1991-12-26,0.229,0.181,0.214,0.193
henan_north,1991-12-27,0.225,0.182,0.214,0.193
henan_north,1991-12-28,0.223,0.183,0.214,0.193
henan_north,1991-12-29,0.222,0.184,0.214,0.193
henan_north,1991-12-30,0.221,0.185,0.214,0.193
henan_north,1991-12-31,0.223,0.186,0.214,0.193
henan_north,1992-01-01,0.229,0.187,0.214,0.193
henan_north,1992-01-02,0.233,0.188,0.214,0.193
henan_north,1992-01-03,0.235,0.189,0.214,0.193
henan_north,1992-01-04,0.236,0.19,0.214,0.193
henan_north,1992-01-05,0.239,0.192,0.214,0.193
henan_north,1992-01-06,0.241,0.193,0.214,0.193
henan_north,1992-01-07,0.243,0.194,0.214,0.193
henan_north,1992-01-08,0.242,0.196,0.214,0.193
henan_north,1992-01-09,0.241,0.197,0.214,0.193
henan_north,1992-01-10,0.239,0.198,0.213,0.193
henan_north,1992-01-11,0.236,0.199,0.213,0.193
henan_north,1992-01-12,0.234,0.199,0.213,0.193
henan_north,1992-01-13,0.238,0.2,0.213,0.193
henan_north,1992-01-14,0.234,0.201,0.213,0.193
henan_north,1992-01-15,0.231,0.201,0.213,0.193
henan_north,1992-01-16,0.227,0.202,0.213,0.193
henan_north,1992-01-17,0.224,0.202,0.213,0.193
henan_north,1992-01-18,0.221,0.202,0.213,0.193
henan_north,1992-01-19,0.219,0.202,0.213,0.193
henan_north,1992-01-20,0.217,0.202,0.213,0.193
henan_north,1992-01-21,0.214,0.202,0.212,0.193
henan_north,1992-01-22,0.212,0.202,0.212,0.193
henan_north,1992-01-23,0.21,0.202,0.212,0.193
henan_north,1992-01-24,0.208,0.202,0.212,0.193
henan_north,1992-01-25,0.206,0.201,0.212,0.193
henan_north,1992-01-26,0.203,0.201,0.212,0.193
henan_north,1992-01-27,0.201,0.2,0.212,0.193
henan_north,1992-01-28,0.199,0.2,0.211,0.193
henan_north,1992-01-29,0.196,0.199,0.211,0.193
henan_north,1992-01-30,0.194,0.199,0.211,0.193
henan_north,1992-01-31,0.192,0.198,0.211,0.193
henan_north,1992-02-01,0.191,0.198,0.211,0.193
henan_north,1992-02-02,0.191,0.198,0.211,0.193
henan_north,1992-02-03,0.191,0.197,0.211,0.193
henan_north,1992-02-04,0.193,0.197,0.21,0.193
henan_north,1992-02-05,0.195,0.196,0.21,0.193
henan_north,1992-02-06,0.196,0.196,0.21,0.193
henan_north,1992-02-07,0.195,0.195,0.21,0.193
henan_north,1992-02-08,0.195,0.195,0.21,0.193
henan_north,1992-02-09,0.194,0.194,0.21,0.193
henan_north,1992-02-10,0.193,0.194,0.209,0.193
henan_north,1992-02-11,0.191,0.193,0.209,0.193
henan_north,1992-02-12,0.189,0.193,0.209,0.193
henan_north,1992-02-13,0.187,0.192,0.209,0.193
henan_north,1992-02-14,0.185,0.192,0.209,0.193
henan_north,1992-02-15,0.181,0.191,0.208,0.193
henan_north,1992-02-16,0.178,0.189,0.208,0.193
henan_north,1992-02-17,0.176,0.189,0.208,0.193
henan_north,1992-02-18,0.173,0.188,0.207,0.193
henan_north,1992-02-19,0.17,0.187,0.207,0.193
henan_north,1992-02-20,0.168,0.186,0.207,0.193
henan_north,1992-02-21,0.166,0.185,0.207,0.193
henan_north,1992-02-22,0.164,0.184,0.206,0.193
henan_north,1992-02-23,0.16,0.183,0.206,0.193
henan_north,1992-02-24,0.158,0.182,0.205,0.193
henan_north,1992-02-25,0.156,0.18,0.205,0.193
henan_north,1992-02-26,0.153,0.178,0.204,0.193
henan_north,1992-02-27,0.15,0.177,0.204,0.193
henan_north,1992-02-28,0.177,0.176,0.203,0.193
henan_north,1992-02-29,0.209,0.176,0.203,0.193
henan_north,1992-03-01,0.202,0.176,0.203,0.193
henan_north,1992-03-02,0.199,0.176,0.203,0.193
henan_north,1992-03-03,0.196,0.176,0.203,0.193
henan_north,1992-03-04,0.2,0.176,0.203,0.193
henan_north,1992-03-05,0.215,0.176,0.202,0.193
henan_north,1992-03-06,0.228,0.176,0.202,0.193
henan_north,1992-03-07,0.233,0.177,0.202,0.193
henan_north,1992-03-08,0.23,0.177,0.202,0.193
henan_north,1992-03-09,0.222,0.177,0.201,0.193
henan_north,1992-03-10,0.213,0.177,0.201,0.193
henan_north,1992-03-11,0.205,0.176,0.2,0.193
henan_north,1992-03-12,0.197,0.175,0.2,0.193
henan_north,1992-03-13,0.195,0.174,0.199,0.193
henan_north,1992-03-14,0.241,0.175,0.199,0.193
henan_north,1992-03-15,0.244,0.176,0.199,0.193
henan_north,1992-03-16,0.241,0.178,0.199,0.193
henan_north,1992-03-17,0.233,0.179,0.198,0.193
henan_north,1992-03-18,0.225,0.179,0.198,0.193
henan_north,1992-03-19,0.219,0.179,0.198,0.193
henan_north,1992-03-20,0.249,0.18,0.197,0.193
henan_north,1992-03-21,0.245,0.182,0.197,0.193
henan_north,1992-03-22,0.27,0.184,0.197,0.193
henan_north,1992-03-23,0.277,0.19,0.197,0.193
henan_north,1992-03-24,0.264,0.193,0.197,0.193
henan_north,1992-03-25,0.253,0.194,0.197,0.193
henan_north,1992-03-26,0.244,0.195,0.196,0.193
henan_north,1992-03-27,0.233,0.195,0.196,0.193
henan_north,1992-03-28,0.223,0.193,0.196,0.193
henan_north,1992-03-29,0.213,0.192,0.195,0.193
henan_north,1992-03-30,0.204,0.19,0.195,0.192
henan_north,1992-03-31,0.198,0.188,0.194,0.192
henan_north,1992-04-01,0.191,0.187,0.194,0.192
henan_north,1992-04-02,0.185,0.184,0.193,0.192
henan_north,1992-04-03,0.177,0.182,0.192,0.192
henan_north,1992-04-04,0.17,0.179,0.192,0.192
henan_north,1992-04-05,0.167,0.177,0.191,0.192
henan_north,1992-04-06,0.17,0.175,0.191,0.192
henan_north,1992-04-07,0.167,0.174,0.19,0.192
henan_north,1992-04-08,0.165,0.173,0.19,0.192
henan_north,1992-04-09,0.233,0.173,0.19,0.192
henan_north,1992-04-10,0.245,0.175,0.189,0.192
henan_north,1992-04-11,0.225,0.174,0.189,0.192
henan_north,1992-04-12,0.207,0.173,0.188,0.192
henan_north,1992-04-13,0.192,0.17,0.187,0.192
henan_north,1992-04-14,0.18,0.168,0.186,0.192
henan_north,1992-04-15,0.169,0.165,0.185,0.192
henan_north,1992-04-16,0.161,0.163,0.185,0.192
henan_north,1992-04-17,0.158,0.161,0.184,0.192
henan_north,1992-04-18,0.162,0.159,0.183,0.192
henan_north,1992-04-19,0.154,0.157,0.182,0.192
henan_north,1992-04-20,0.149,0.155,0.181,0.192
henan_north,1992-04-21,0.149,0.153,0.18,0.192
henan_north,1992-04-22,0.143,0.151,0.179,0.192
henan_north,1992-04-23,0.139,0.149,0.178,0.192
henan_north,1992-04-24,0.135,0.148,0.177,0.192
henan_north,1992-04-25,0.134,0.147,0.176,0.191
henan_north,1992-04-26,0.132,0.146,0.175,0.191
henan_north,1992-04-27,0.131,0.145,0.174,0.191
henan_north,1992-04-28,0.129,0.143,0.173,0.191
henan_north,1992-04-29,0.149,0.142,0.173,0.191
henan_north,1992-04-30,0.149,0.142,0.172,0.191
henan_north,1992-05-01,0.154,0.141,0.172,0.191
henan_north,1992-05-02,0.152,0.141,0.171,0.191
henan_north,1992-05-03,0.146,0.14,0.17,0.191
henan_north,1992-05-04,0.235,0.142,0.17,0.191
henan_north,1992-05-05,0.393,0.281,0.17,0.191
henan_north,1992-05-06,0.342,0.316,0.171,0.191
henan_north,1992-05-07,0.32,0.309,0.173,0.191
henan_north,1992-05-08,0.301,0.3,0.173,0.191
henan_north,1992-05-09,0.292,0.291,0.174,0.191
henan_north,1992-05-10,0.276,0.282,0.174,0.191
henan_north,1992-05-11,0.263,0.274,0.174,0.191
henan_north,1992-05-12,0.257,0.267,0.174,0.191
henan_north,1992-05-13,0.247,0.261,0.174,0.191
henan_north,1992-05-14,0.26,0.256,0.174,0.191
henan_north,1992-05-15,0.26,0.251,0.174,0.191
henan_north,1992-05-16,0.244,0.245,0.174,0.191
henan_north,1992-05-17,0.231,0.24,0.174,0.191
henan_north,1992-05-18,0.216,0.232,0.174,0.191
henan_north,1992-05-19,0.207,0.225,0.173,0.191
henan_north,1992-05-20,0.2,0.217,0.173,0.191
henan_north,1992-05-21,0.185,0.21,0.172,0.191
henan_north,1992-05-22,0.172,0.202,0.171,0.19
henan_north,1992-05-23,0.16,0.195,0.17,0.19
henan_north,1992-05-24,0.152,0.189,0.169,0.19
henan_north,1992-05-25,0.146,0.183,0.169,0.19
henan_north,1992-05-26,0.145,0.179,0.168,0.19
henan_north,1992-05-27,0.147,0.175,0.168,0.19
henan_north,1992-05-28,0.141,0.17,0.167,0.19
henan_north,1992-05-29,0.137,0.166,0.166,0.19
henan_north,1992-05-30,0.134,0.162,0.165,0.19
henan_north,1992-05-31,0.131,0.159,0.164,0.19
henan_north,1992-06-01,0.129,0.155,0.163,0.19
henan_north,1992-06-02,0.128,0.153,0.163,0.19
henan_north,1992-06-03,0.127,0.152,0.162,0.19
henan_north,1992-06-04,0.126,0.149,0.161,0.19
henan_north,1992-06-05,0.125,0.147,0.16,0.19
henan_north,1992-06-06,0.157,0.146,0.16,0.189
henan_north,1992-06-07,0.151,0.145,0.159,0.189
henan_north,1992-06-08,0.143,0.144,0.159,0.189
henan_north,1992-06-09,0.137,0.142,0.158,0.189
henan_north,1992-06-10,0.133,0.141,0.158,0.189
henan_north,1992-06-11,0.131,0.141,0.157,0.189
henan_north,1992-06-12,0.175,0.14,0.157,0.189
henan_north,1992-06-13,0.382,0.259,0.157,0.189
henan_north,1992-06-14,0.345,0.334,0.16,0.189
henan_north,1992-06-15,0.318,0.319,0.162,0.189
henan_north,1992-06-16,0.296,0.305,0.163,0.189
henan_north,1992-06-17,0.274,0.291,0.164,0.189
henan_north,1992-06-18,0.255,0.278,0.164,0.189
henan_north,1992-06-19,0.24,0.268,0.164,0.189
henan_north,1992-06-20,0.233,0.26,0.164,0.189
henan_north,1992-06-21,0.279,0.255,0.164,0.189
henan_north,1992-06-22,0.26,0.249,0.164,0.189
henan_north,1992-06-23,0.241,0.242,0.164,0.189
henan_north,1992-06-24,0.224,0.235,0.164,0.189
henan_north,1992-06-25,0.21,0.227,0.164,0.189
henan_north,1992-06-26,0.202,0.221,0.163,0.189
henan_north,1992-06-27,0.189,0.214,0.163,0.189
henan_north,1992-06-28,0.177,0.207,0.162,0.189
henan_north,1992-06-29,0.168,0.201,0.162,0.189
henan_north,1992-06-30,0.159,0.195,0.162,0.189
henan_north,1992-07-01,0.152,0.188,0.161,0.188
henan_north,1992-07-02,0.145,0.181,0.16,0.188
henan_north,1992-07-03,0.139,0.174,0.159,0.188
henan_north,1992-07-04,0.136,0.169,0.159,0.188
henan_north,1992-07-05,0.134,0.163,0.158,0.188
henan_north,1992-07-06,0.132,0.158,0.157,0.188
henan_north,1992-07-07,0.13,0.154,0.156,0.188
henan_north,1992-07-08,0.128,0.15,0.155,0.188
henan_north,1992-07-09,0.126,0.147,0.154,0.188
henan_north,1992-07-10,0.147,0.145,0.153,0.188
henan_north,1992-07-11,0.35,0.17,0.153,0.188
henan_north,1992-07-12,0.346,0.246,0.153,0.188
henan_north,1992-07-13,0.297,0.251,0.153,0.188
henan_north,1992-07-14,0.315,0.254,0.153,0.187
henan_north,1992-07-15,0.382,0.3,0.154,0.187
henan_north,1992-07-16,0.365,0.328,0.156,0.187
henan_north,1992-07-17,0.33,0.321,0.158,0.187
henan_north,1992-07-18,0.297,0.303,0.159,0.187
henan_north,1992-07-19,0.354,0.316,0.16,0.187
henan_north,1992-07-20,0.417,0.408,0.186,0.187
henan_north,1992-07-21,0.379,0.377,0.202,0.187
henan_north,1992-07-22,0.354,0.352,0.206,0.187
henan_north,1992-07-23,0.363,0.341,0.208,0.187
henan_north,1992-07-24,0.328,0.328,0.209,0.187
henan_north,1992-07-25,0.3,0.312,0.209,0.187
henan_north,1992-07-26,0.275,0.296,0.209,0.187
henan_north,1992-07-27,0.288,0.283,0.209,0.187
henan_north,1992-07-28,0.314,0.279,0.208,0.187
henan_north,1992-07-29,0.278,0.27,0.207,0.187
henan_north,1992-07-30,0.248,0.258,0.206,0.187
henan_north,1992-07-31,0.228,0.247,0.205,0.187
henan_north,1992-08-01,0.34,0.249,0.204,0.187
henan_north,1992-08-02,0.353,0.27,0.204,0.187
henan_north,1992-08-03,0.355,0.283,0.204,0.187
henan_north,1992-08-04,0.37,0.311,0.204,0.187
henan_north,1992-08-05,0.401,0.375,0.207,0.187
henan_north,1992-08-06,0.386,0.37,0.214,0.187
henan_north,1992-08-07,0.366,0.36,0.218,0.187
henan_north,1992-08-08,0.34,0.342,0.22,0.187
henan_north,1992-08-09,0.359,0.335,0.221,0.187
henan_north,1992-08-10,0.398,0.355,0.223,0.187
henan_north,1992-08-11,0.421,0.413,0.249,0.187
henan_north,1992-08-12,0.419,0.406,0.273,0.187
henan_north,1992-08-13,0.414,0.402,0.285,0.187
henan_north,1992-08-14,0.397,0.392,0.293,0.187
henan_north,1992-08-15,0.401,0.4,0.301,0.187
henan_north,1992-08-16,0.373,0.377,0.305,0.187
henan_north,1992-08-17,0.36,0.362,0.305,0.188
henan_north,1992-08-18,0.353,0.352,0.305,0.188
henan_north,1992-08-19,0.341,0.342,0.305,0.188
henan_north,1992-08-20,0.327,0.333,0.304,0.188
henan_north,1992-08-21,0.326,0.325,0.303,0.188
henan_north,1992-08-22,0.307,0.316,0.301,0.188
henan_north,1992-08-23,0.29,0.306,0.299,0.188
henan_north,1992-08-24,0.277,0.297,0.297,0.188
henan_north,1992-08-25,0.266,0.288,0.295,0.188
henan_north,1992-08-26,0.255,0.279,0.293,0.189
henan_north,1992-08-27,0.243,0.271,0.291,0.189
henan_north,1992-08-28,0.233,0.263,0.289,0.189
henan_north,1992-08-29,0.282,0.26,0.288,0.189
henan_north,1992-08-30,0.364,0.285,0.287,0.189
henan_north,1992-08-31,0.335,0.296,0.286,0.189
henan_north,1992-09-01,0.357,0.304,0.285,0.189
henan_north,1992-09-02,0.325,0.306,0.284,0.189
henan_north,1992-09-03,0.3,0.299,0.283,0.189
henan_north,1992-09-04,0.281,0.291,0.281,0.189
henan_north,1992-09-05,0.266,0.283,0.279,0.189
henan_north,1992-09-06,0.252,0.274,0.278,0.189
henan_north,1992-09-07,0.238,0.266,0.276,0.189
henan_north,1992-09-08,0.228,0.259,0.274,0.189
henan_north,1992-09-09,0.22,0.253,0.273,0.189
henan_north,1992-09-10,0.212,0.247,0.271,0.189
henan_north,1992-09-11,0.242,0.244,0.27,0.189
henan_north,1992-09-12,0.338,0.254,0.27,0.189
henan_north,1992-09-13,0.307,0.26,0.269,0.19
henan_north,1992-09-14,0.329,0.266,0.268,0.19
henan_north,1992-09-15,0.309,0.271,0.268,0.19
henan_north,1992-09-16,0.292,0.271,0.267,0.19
henan_north,1992-09-17,0.28,0.269,0.266,0.19
henan_north,1992-09-18,0.267,0.266,0.265,0.19
henan_north,1992-09-19,0.374,0.299,0.265,0.19
henan_north,1992-09-20,0.42,0.404,0.271,0.19
henan_north,1992-09-21,0.394,0.391,0.282,0.19
henan_north,1992-09-22,0.375,0.375,0.286,0.19
henan_north,1992-09-23,0.359,0.362,0.288,0.19
henan_north,1992-09-24,0.347,0.352,0.289,0.19
henan_north,1992-09-25,0.336,0.343,0.29,0.19
henan_north,1992-09-26,0.323,0.333,0.289,0.19
henan_north,1992-09-27,0.32,0.326,0.289,0.19
henan_north,1992-09-28,0.337,0.323,0.289,0.19
henan_north,1992-09-29,0.317,0.318,0.288,0.19
henan_north,1992-09-30,0.305,0.312,0.287,0.191
henan_north,1992-10-01,0.309,0.306,0.287,0.191
henan_north,1992-10-02,0.376,0.321,0.286,0.191
henan_north,1992-10-03,0.375,0.336,0.286,0.191
henan_north,1992-10-04,0.365,0.348,0.287,0.191
henan_north,1992-10-05,0.346,0.344,0.288,0.191
henan_north,1992-10-06,0.334,0.338,0.288,0.191
henan_north,1992-10-07,0.324,0.331,0.288,0.191
henan_north,1992-10-08,0.315,0.324,0.288,0.191
henan_north,1992-10-09,0.308,0.318,0.287,0.191
henan_north,1992-10-10,0.302,0.313,0.287,0.191
henan_north,1992-10-11,0.296,0.308,0.286,0.191
henan_north,1992-10-12,0.292,0.304,0.286,0.192
henan_north,1992-10-13,0.289,0.301,0.286,0.192
henan_north,1992-10-14,0.286,0.298,0.285,0.192
henan_north,1992-10-15,0.294,0.295,0.285,0.192
henan_north,1992-10-16,0.287,0.292,0.284,0.192
henan_north,1992-10-17,0.279,0.289,0.283,0.192
henan_north,1992-10-18,0.273,0.285,0.283,0.192
henan_north,1992-10-19,0.267,0.281,0.282,0.192
henan_north,1992-10-20,0.261,0.278,0.281,0.192
henan_north,1992-10-21,0.258,0.274,0.28,0.192
henan_north,1992-10-22,0.26,0.272,0.279,0.192
henan_north,1992-10-23,0.253,0.269,0.279,0.192
henan_north,1992-10-24,0.247,0.266,0.278,0.192
henan_north,1992-10-25,0.243,0.263,0.277,0.192
henan_north,1992-10-26,0.239,0.26,0.277,0.192
henan_north,1992-10-27,0.236,0.258,0.276,0.192
henan_north,1992-10-28,0.232,0.255,0.275,0.193
henan_north,1992-10-29,0.227,0.252,0.274,0.193
henan_north,1992-10-30,0.222,0.249,0.273,0.193
henan_north,1992-10-31,0.218,0.246,0.272,0.193
henan_north,1992-11-01,0.214,0.244,0.272,0.193
henan_north,1992-11-02,0.215,0.242,0.271,0.193
henan_north,1992-11-03,0.215,0.241,0.271,0.193
henan_north,1992-11-04,0.212,0.239,0.27,0.193
henan_north,1992-11-05,0.21,0.237,0.269,0.193
henan_north,1992-11-06,0.208,0.236,0.269,0.193
henan_north,1992-11-07,0.311,0.239,0.268,0.193
henan_north,1992-11-08,0.31,0.249,0.268,0.193
henan_north,1992-11-09,0.295,0.253,0.267,0.193
henan_north,1992-11-10,0.282,0.254,0.267,0.193
henan_north,1992-11-11,0.272,0.254,0.266,0.193
henan_north,1992-11-12,0.263,0.253,0.266,0.193
henan_north,1992-11-13,0.256,0.252,0.265,0.193
henan_north,1992-11-14,0.251,0.251,0.265,0.193
henan_north,1992-11-15,0.246,0.25,0.264,0.193
henan_north,1992-11-16,0.242,0.249,0.264,0.193
henan_north,1992-11-17,0.239,0.248,0.263,0.193
henan_north,1992-11-18,0.237,0.246,0.263,0.193
henan_north,1992-11-19,0.234,0.245,0.263,0.193
henan_north,1992-11-20,0.232,0.244,0.262,0.193
henan_north,1992-11-21,0.229,0.243,0.262,0.193
henan_north,1992-11-22,0.225,0.241,0.261,0.194
henan_north,1992-11-23,0.222,0.24,0.261,0.194
henan_north,1992-11-24,0.219,0.238,0.26,0.194
henan_north,1992-11-25,0.216,0.237,0.26,0.194
henan_north,1992-11-26,0.214,0.235,0.259,0.194
henan_north,1992-11-27,0.213,0.234,0.259,0.194
henan_north,1992-11-28,0.212,0.233,0.258,0.194
henan_north,1992-11-29,0.211,0.232,0.258,0.194
henan_north,1992-11-30,0.209,0.231,0.258,0.194
henan_north,1992-12-01,0.208,0.23,0.257,0.194
henan_north,1992-12-02,0.207,0.229,0.257,0.194
henan_north,1992-12-03,0.206,0.228,0.257,0.194
henan_north,1992-12-04,0.206,0.228,0.256,0.194
henan_north,1992-12-05,0.214,0.227,0.256,0.194
henan_north,1992-12-06,0.232,0.227,0.256,0.194
henan_north,1992-12-07,0.233,0.227,0.255,0.194
henan_north,1992-12-08,0.231,0.227,0.255,0.194
henan_north,1992-12-09,0.231,0.227,0.255,0.194
henan_north,1992-12-10,0.228,0.226,0.254,0.194
henan_north,1992-12-11,0.225,0.226,0.254,0.194
henan_north,1992-12-12,0.222,0.225,0.254,0.194
henan_north,1992-12-13,0.219,0.225,0.253,0.194
henan_north,1992-12-14,0.216,0.224,0.253,0.194
henan_north,1992-12-15,0.215,0.224,0.253,0.194
henan_north,1992-12-16,0.214,0.223,0.252,0.194
henan_north,1992-12-17,0.213,0.223,0.252,0.194
henan_north,1992-12-18,0.212,0.223,0.252,0.194
henan_north,1992-12-19,0.212,0.222,0.251,0.194
henan_north,1992-12-20,0.211,0.222,0.251,0.194
henan_north,1992-12-21,0.21,0.222,0.251,0.194
henan_north,1992-12-22,0.209,0.221,0.251,0.194
henan_north,1992-12-23,0.208,0.221,0.25,0.194
henan_north,1992-12-24,0.208,0.221,0.25,0.194
henan_north,1992-12-25,0.207,0.22,0.25,0.194
henan_north,1992-12-26,0.218,0.22,0.25,0.194
henan_north,1992-12-27,0.242,0.221,0.25,0.194
henan_north,1992-12-28,0.255,0.222,0.249,0.194
henan_north,1992-12-29,0.266,0.224,0.249,0.194
henan_north,1992-12-30,0.273,0.226,0.249,0.194
henan_north,1992-12-31,0.278,0.228,0.249,0.195
henan_north,1993-01-01,0.279,0.231,0.249,0.195
henan_north,1993-01-02,0.277,0.234,0.248,0.195
henan_north,1993-01-03,0.272,0.236,0.248,0.195
henan_north,1993-01-04,0.266,0.237,0.248,0.195
henan_north,1993-01-05,0.262,0.238,0.248,0.195
henan_north,1993-01-06,0.259,0.238,0.248,0.195
henan_north,1993-01-07,0.257,0.239,0.247,0.195
henan_north,1993-01-08,0.256,0.239,0.247,0.195
henan_north,1993-01-09,0.254,0.24,0.247,0.195
henan_north,1993-01-10,0.255,0.24,0.247,0.195
henan_north,1993-01-11,0.259,0.241,0.247,0.195
henan_north,1993-01-12,0.264,0.241,0.247,0.195
henan_north,1993-01-13,0.267,0.242,0.247,0.195
henan_north,1993-01-14,0.267,0.243,0.247,0.195
henan_north,1993-01-15,0.264,0.244,0.247,0.195
henan_north,1993-01-16,0.263,0.245,0.246,0.195
henan_north,1993-01-17,0.263,0.246,0.246,0.195
henan_north,1993-01-18,0.263,0.246,0.246,0.195
henan_north,1993-01-19,0.262,0.247,0.246,0.195
henan_north,1993-01-20,0.263,0.248,0.246,0.195
henan_north,1993-01-21,0.266,0.248,0.246,0.195
henan_north,1993-01-22,0.268,0.249,0.246,0.195
henan_north,1993-01-23,0.27,0.25,0.246,0.195
henan_north,1993-01-24,0.272,0.251,0.246,0.195
henan_north,1993-01-25,0.271,0.252,0.246,0.195
henan_north,1993-01-26,0.27,0.252,0.246,0.195
henan_north,1993-01-27,0.266,0.252,0.246,0.195
henan_north,1993-01-28,0.264,0.253,0.246,0.195
henan_north,1993-01-29,0.262,0.253,0.246,0.195
henan_north,1993-01-30,0.259,0.253,0.246,0.195
henan_north,1993-01-31,0.255,0.252,0.245,0.195
henan_north,1993-02-01,0.251,0.251,0.245,0.195
henan_north,1993-02-02,0.248,0.25,0.245,0.195
henan_north,1993-02-03,0.245,0.249,0.245,0.195
henan_north,1993-02-04,0.241,0.248,0.244,0.195
henan_north,1993-02-05,0.237,0.246,0.244,0.195
henan_north,1993-02-06,0.233,0.244,0.244,0.195
henan_north,1993-02-07,0.229,0.242,0.243,0.195
henan_north,1993-02-08,0.226,0.24,0.243,0.195
henan_north,1993-02-09,0.223,0.239,0.243,0.195
henan_north,1993-02-10,0.221,0.237,0.242,0.195
henan_north,1993-02-11,0.218,0.235,0.242,0.195
henan_north,1993-02-12,0.215,0.234,0.242,0.195
henan_north,1993-02-13,0.212,0.232,0.241,0.195
henan_north,1993-02-14,0.208,0.23,0.241,0.195
henan_north,1993-02-15,0.258,0.23,0.24,0.195
henan_north,1993-02-16,0.277,0.232,0.24,0.195
henan_north,1993-02-17,0.289,0.235,0.24,0.195
henan_north,1993-02-18,0.288,0.239,0.24,0.195
henan_north,1993-02-19,0.303,0.243,0.24,0.195
henan_north,1993-02-20,0.31,0.249,0.24,0.195
henan_north,1993-02-21,0.301,0.253,0.24,0.195
henan_north,1993-02-22,0.291,0.255,0.239,0.195
henan_north,1993-02-23,0.282,0.255,0.239,0.195
henan_north,1993-02-24,0.276,0.255,0.239,0.195
henan_north,1993-02-25,0.271,0.255,0.239,0.195
henan_north,1993-02-26,0.265,0.254,0.238,0.195
henan_north,1993-02-27,0.26,0.252,0.238,0.195
henan_north,1993-02-28,0.253,0.25,0.238,0.195
henan_north,1993-03-01,0.246,0.248,0.237,0.195
henan_north,1993-03-02,0.241,0.246,0.237,0.195
henan_north,1993-03-03,0.235,0.244,0.237,0.195
henan_north,1993-03-04,0.229,0.241,0.236,0.195
henan_north,1993-03-05,0.228,0.238,0.236,0.195
henan_north,1993-03-06,0.228,0.237,0.235,0.195
henan_north,1993-03-07,0.223,0.234,0.235,0.195
henan_north,1993-03-08,0.219,0.232,0.234,0.195
henan_north,1993-03-09,0.213,0.23,0.234,0.195
henan_north,1993-03-10,0.211,0.227,0.233,0.195
henan_north,1993-03-11,0.213,0.225,0.233,0.195
henan_north,1993-03-12,0.207,0.222,0.232,0.195
henan_north,1993-03-13,0.258,0.221,0.232,0.195
henan_north,1993-03-14,0.316,0.228,0.232,0.195
henan_north,1993-03-15,0.295,0.235,0.231,0.195
henan_north,1993-03-16,0.273,0.236,0.231,0.195
henan_north,1993-03-17,0.258,0.234,0.23,0.195
henan_north,1993-03-18,0.247,0.233,0.23,0.195
henan_north,1993-03-19,0.237,0.23,0.229,0.195
henan_north,1993-03-20,0.229,0.228,0.229,0.195
henan_north,1993-03-21,0.223,0.226,0.228,0.195
henan_north,1993-03-22,0.217,0.224,0.228,0.195
henan_north,1993-03-23,0.215,0.222,0.227,0.195
henan_north,1993-03-24,0.212,0.22,0.227,0.195
henan_north,1993-03-25,0.206,0.218,0.226,0.195
henan_north,1993-03-26,0.202,0.216,0.226,0.195
henan_north,1993-03-27,0.197,0.214,0.225,0.195
henan_north,1993-03-28,0.191,0.211,0.224,0.195
henan_north,1993-03-29,0.184,0.208,0.224,0.195
henan_north,1993-03-30,0.179,0.205,0.223,0.195
henan_north,1993-03-31,0.172,0.2,0.222,0.195
henan_north,1993-04-01,0.165,0.197,0.221,0.195
henan_north,1993-04-02,0.163,0.194,0.22,0.195
henan_north,1993-04-03,0.177,0.192,0.219,0.195
henan_north,1993-04-04,0.185,0.191,0.219,0.195
henan_north,1993-04-05,0.18,0.189,0.218,0.195
henan_north,1993-04-06,0.173,0.187,0.217,0.195
henan_north,1993-04-07,0.166,0.184,0.216,0.195
henan_north,1993-04-08,0.165,0.182,0.215,0.195
henan_north,1993-04-09,0.162,0.18,0.215,0.195
henan_north,1993-04-10,0.158,0.178,0.214,0.195
henan_north,1993-04-11,0.153,0.175,0.213,0.195
henan_north,1993-04-12,0.15,0.174,0.212,0.195
henan_north,1993-04-13,0.147,0.172,0.211,0.195
henan_north,1993-04-14,0.145,0.17,0.21,0.195
henan_north,1993-04-15,0.142,0.168,0.209,0.195
henan_north,1993-04-16,0.14,0.165,0.208,0.195
henan_north,1993-04-17,0.138,0.163,0.207,0.195
henan_north,1993-04-18,0.135,0.161,0.205,0.195
henan_north,1993-04-19,0.133,0.158,0.203,0.195
henan_north,1993-04-20,0.132,0.156,0.202,0.195
henan_north,1993-04-21,0.131,0.154,0.2,0.195
henan_north,1993-04-22,0.129,0.151,0.198,0.195
henan_north,1993-04-23,0.132,0.149,0.197,0.194
henan_north,1993-04-24,0.137,0.148,0.195,0.194
henan_north,1993-04-25,0.135,0.147,0.194,0.194
henan_north,1993-04-26,0.133,0.146,0.193,0.194
henan_north,1993-04-27,0.131,0.145,0.192,0.194
henan_north,1993-04-28,0.131,0.144,0.191,0.194
henan_north,1993-04-29,0.136,0.143,0.189,0.194
henan_north,1993-04-30,0.373,0.28,0.189,0.194
henan_north,1993-05-01,0.373,0.364,0.194,0.194
henan_north,1993-05-02,0.351,0.348,0.197,0.194
henan_north,1993-05-03,0.327,0.332,0.199,0.194
henan_north,1993-05-04,0.311,0.319,0.2,0.194
henan_north,1993-05-05,0.301,0.31,0.201,0.194
henan_north,1993-05-06,0.29,0.3,0.201,0.194
henan_north,1993-05-07,0.278,0.29,0.202,0.194
henan_north,1993-05-08,0.268,0.283,0.202,0.194
henan_north,1993-05-09,0.256,0.274,0.202,0.194
henan_north,1993-05-10,0.242,0.266,0.201,0.194
henan_north,1993-05-11,0.263,0.26,0.201,0.194
henan_north,1993-05-12,0.407,0.365,0.203,0.194
henan_north,1993-05-13,0.384,0.374,0.209,0.194
henan_north,1993-05-14,0.361,0.357,0.213,0.194
henan_north,1993-05-15,0.348,0.344,0.216,0.194
henan_north,1993-05-16,0.339,0.335,0.218,0.194
henan_north,1993-05-17,0.322,0.325,0.219,0.194
henan_north,1993-05-18,0.306,0.314,0.219,0.194
henan_north,1993-05-19,0.295,0.305,0.219,0.194
henan_north,1993-05-20,0.321,0.3,0.22,0.194
henan_north,1993-05-21,0.312,0.297,0.22,0.194
henan_north,1993-05-22,0.292,0.289,0.22,0.194
henan_north,1993-05-23,0.275,0.28,0.219,0.194
henan_north,1993-05-24,0.254,0.27,0.218,0.194
henan_north,1993-05-25,0.238,0.262,0.217,0.194
henan_north,1993-05-26,0.228,0.255,0.217,0.194
henan_north,1993-05-27,0.218,0.248,0.216,0.194
henan_north,1993-05-28,0.209,0.242,0.215,0.194
henan_north,1993-05-29,0.198,0.234,0.214,0.194
henan_north,1993-05-30,0.187,0.227,0.213,0.193
henan_north,1993-05-31,0.178,0.22,0.212,0.193
henan_north,1993-06-01,0.177,0.214,0.211,0.193
henan_north,1993-06-02,0.172,0.209,0.21,0.193
henan_north,1993-06-03,0.164,0.204,0.209,0.193
henan_north,1993-06-04,0.157,0.199,0.208,0.193
henan_north,1993-06-05,0.151,0.194,0.207,0.193
henan_north,1993-06-06,0.146,0.189,0.205,0.193
henan_north,1993-06-07,0.142,0.185,0.204,0.193
henan_north,1993-06-08,0.139,0.181,0.203,0.193
henan_north,1993-06-09,0.136,0.176,0.201,0.193
henan_north,1993-06-10,0.133,0.172,0.2,0.193
henan_north,1993-06-11,0.218,0.173,0.199,0.193
henan_north,1993-06-12,0.312,0.197,0.199,0.193
henan_north,1993-06-13,0.264,0.199,0.198,0.193
henan_north,1993-06-14,0.234,0.196,0.197,0.193
henan_north,1993-06-15,0.206,0.191,0.195,0.193
henan_north,1993-06-16,0.193,0.187,0.194,0.193
henan_north,1993-06-17,0.186,0.183,0.193,0.193
henan_north,1993-06-18,0.172,0.179,0.192,0.193
henan_north,1993-06-19,0.159,0.174,0.19,0.193
henan_north,1993-06-20,0.149,0.169,0.189,0.192
henan_north,1993-06-21,0.252,0.169,0.188,0.192
henan_north,1993-06-22,0.275,0.177,0.188,0.192
henan_north,1993-06-23,0.236,0.177,0.187,0.192
henan_north,1993-06-24,0.22,0.174,0.186,0.192
henan_north,1993-06-25,0.204,0.172,0.185,0.192
henan_north,1993-06-26,0.188,0.169,0.184,0.192
henan_north,1993-06-27,0.257,0.171,0.183,0.192
henan_north,1993-06-28,0.408,0.345,0.185,0.192
henan_north,1993-06-29,0.372,0.368,0.192,0.192
henan_north,1993-06-30,0.345,0.346,0.195,0.192
henan_north,1993-07-01,0.324,0.33,0.197,0.192
henan_north,1993-07-02,0.304,0.314,0.198,0.192
henan_north,1993-07-03,0.288,0.301,0.198,0.192
henan_north,1993-07-04,0.273,0.289,0.198,0.192
henan_north,1993-07-05,0.254,0.277,0.198,0.192
henan_north,1993-07-06,0.24,0.267,0.197,0.192
henan_north,1993-07-07,0.234,0.258,0.197,0.192
henan_north,1993-07-08,0.22,0.248,0.196,0.192
henan_north,1993-07-09,0.261,0.25,0.195,0.192
henan_north,1993-07-10,0.313,0.273,0.195,0.192
henan_north,1993-07-11,0.308,0.27,0.195,0.192
henan_north,1993-07-12,0.405,0.367,0.197,0.192
henan_north,1993-07-13,0.419,0.415,0.231,0.192
henan_north,1993-07-14,0.39,0.385,0.248,0.192
henan_north,1993-07-15,0.422,0.406,0.259,0.192
henan_north,1993-07-16,0.4,0.397,0.276,0.192
henan_north,1993-07-17,0.37,0.374,0.281,0.192
henan_north,1993-07-18,0.346,0.354,0.282,0.192
henan_north,1993-07-19,0.323,0.338,0.282,0.192
henan_north,1993-07-20,0.313,0.326,0.281,0.192
henan_north,1993-07-21,0.319,0.319,0.281,0.192
henan_north,1993-07-22,0.349,0.319,0.281,0.192
henan_north,1993-07-23,0.37,0.34,0.281,0.192
henan_north,1993-07-24,0.34,0.336,0.281,0.192
henan_north,1993-07-25,0.323,0.328,0.281,0.192
henan_north,1993-07-26,0.313,0.319,0.28,0.192
henan_north,1993-07-27,0.309,0.311,0.279,0.192
henan_north,1993-07-28,0.297,0.304,0.278,0.193
henan_north,1993-07-29,0.288,0.296,0.277,0.193
henan_north,1993-07-30,0.324,0.293,0.276,0.193
henan_north,1993-07-31,0.332,0.297,0.276,0.193
henan_north,1993-08-01,0.307,0.293,0.274,0.193
henan_north,1993-08-02,0.289,0.286,0.273,0.193
henan_north,1993-08-03,0.283,0.279,0.272,0.193
henan_north,1993-08-04,0.389,0.317,0.271,0.193
henan_north,1993-08-05,0.404,0.395,0.276,0.193
henan_north,1993-08-06,0.374,0.376,0.281,0.193
henan_north,1993-08-07,0.349,0.357,0.282,0.193
henan_north,1993-08-08,0.339,0.343,0.282,0.193
henan_north,1993-08-09,0.331,0.333,0.282,0.193
henan_north,1993-08-10,0.312,0.322,0.281,0.193
henan_north,1993-08-11,0.329,0.314,0.28,0.193
henan_north,1993-08-12,0.313,0.309,0.28,0.193
henan_north,1993-08-13,0.307,0.302,0.279,0.193
henan_north,1993-08-14,0.346,0.301,0.278,0.193
henan_north,1993-08-15,0.393,0.353,0.278,0.193
henan_north,1993-08-16,0.357,0.354,0.279,0.193
henan_north,1993-08-17,0.345,0.342,0.28,0.193
henan_north,1993-08-18,0.357,0.337,0.28,0.193
henan_north,1993-08-19,0.35,0.335,0.28,0.194
henan_north,1993-08-20,0.33,0.328,0.28,0.194
henan_north,1993-08-21,0.313,0.32,0.279,0.194
henan_north,1993-08-22,0.329,0.314,0.278,0.194
henan_north,1993-08-23,0.381,0.33,0.278,0.194
henan_north,1993-08-24,0.351,0.338,0.279,0.194
henan_north,1993-08-25,0.333,0.331,0.279,0.194
henan_north,1993-08-26,0.316,0.323,0.278,0.194
henan_north,1993-08-27,0.302,0.314,0.278,0.194
henan_north,1993-08-28,0.319,0.309,0.277,0.194
henan_north,1993-08-29,0.327,0.309,0.277,0.194
henan_north,1993-08-30,0.307,0.303,0.276,0.194
henan_north,1993-08-31,0.289,0.296,0.275,0.194
henan_north,1993-09-01,0.285,0.288,0.273,0.194
henan_north,1993-09-02,0.309,0.285,0.272,0.194
henan_north,1993-09-03,0.294,0.282,0.272,0.194
henan_north,1993-09-04,0.277,0.276,0.27,0.194
henan_north,1993-09-05,0.266,0.27,0.269,0.194
henan_north,1993-09-06,0.254,0.264,0.268,0.194
henan_north,1993-09-07,0.243,0.259,0.266,0.194
henan_north,1993-09-08,0.256,0.255,0.265,0.194
henan_north,1993-09-09,0.262,0.254,0.265,0.194
henan_north,1993-09-10,0.286,0.254,0.264,0.194
henan_north,1993-09-11,0.29,0.256,0.264,0.194
henan_north,1993-09-12,0.268,0.252,0.262,0.194
henan_north,1993-09-13,0.328,0.255,0.261,0.194
henan_north,1993-09-14,0.313,0.262,0.26,0.194
henan_north,1993-09-15,0.291,0.263,0.26,0.194
henan_north,1993-09-16,0.368,0.29,0.259,0.195
henan_north,1993-09-17,0.349,0.324,0.259,0.195
henan_north,1993-09-18,0.326,0.32,0.26,0.195
henan_north,1993-09-19,0.308,0.312,0.259,0.195
henan_north,1993-09-20,0.297,0.305,0.259,0.195
henan_north,1993-09-21,0.287,0.298,0.258,0.195
henan_north,1993-09-22,0.272,0.289,0.257,0.195
henan_north,1993-09-23,0.258,0.28,0.256,0.195
henan_north,1993-09-24,0.246,0.272,0.255,0.195
henan_north,1993-09-25,0.236,0.265,0.254,0.195
henan_north,1993-09-26,0.23,0.259,0.253,0.195
henan_north,1993-09-27,0.222,0.254,0.252,0.195
henan_north,1993-09-28,0.216,0.249,0.251,0.195
henan_north,1993-09-29,0.209,0.244,0.25,0.195
henan_north,1993-09-30,0.2,0.238,0.249,0.195
henan_north,1993-10-01,0.194,0.233,0.248,0.195
henan_north,1993-10-02,0.189,0.229,0.247,0.195
henan_north,1993-10-03,0.184,0.225,0.246,0.195
henan_north,1993-10-04,0.18,0.221,0.245,0.195
henan_north,1993-10-05,0.18,0.218,0.244,0.195
henan_north,1993-10-06,0.189,0.215,0.243,0.195
henan_north,1993-10-07,0.184,0.212,0.242,0.195
henan_north,1993-10-08,0.178,0.209,0.241,0.195
henan_north,1993-10-09,0.172,0.206,0.24,0.195
henan_north,1993-10-10,0.166,0.203,0.239,0.195
henan_north,1993-10-11,0.262,0.204,0.238,0.195
henan_north,1993-10-12,0.381,0.246,0.238,0.195
henan_north,1993-10-13,0.397,0.342,0.239,0.195
henan_north,1993-10-14,0.364,0.354,0.242,0.195
henan_north,1993-10-15,0.349,0.346,0.244,0.195
henan_north,1993-10-16,0.339,0.339,0.245,0.195
henan_north,1993-10-17,0.329,0.332,0.246,0.195
henan_north,1993-10-18,0.318,0.324,0.247,0.195
henan_north,1993-10-19,0.308,0.316,0.247,0.195
henan_north,1993-10-20,0.297,0.309,0.247,0.195
henan_north,1993-10-21,0.287,0.302,0.247,0.195
henan_north,1993-10-22,0.28,0.296,0.247,0.195
henan_north,1993-10-23,0.273,0.29,0.247,0.195
henan_north,1993-10-24,0.267,0.285,0.246,0.195
henan_north,1993-10-25,0.263,0.281,0.246,0.195
henan_north,1993-10-26,0.259,0.277,0.246,0.195
henan_north,1993-10-27,0.26,0.274,0.246,0.195
henan_north,1993-10-28,0.273,0.272,0.246,0.195
henan_north,1993-10-29,0.27,0.27,0.245,0.195
henan_north,1993-10-30,0.261,0.267,0.245,0.195
henan_north,1993-10-31,0.253,0.264,0.245,0.195
henan_north,1993-11-01,0.247,0.261,0.244,0.195
henan_north,1993-11-02,0.242,0.258,0.244,0.195
henan_north,1993-11-03,0.238,0.255,0.243,0.195
henan_north,1993-11-04,0.234,0.252,0.243,0.195
henan_north,1993-11-05,0.231,0.25,0.243,0.195
henan_north,1993-11-06,0.285,0.25,0.242,0.195
henan_north,1993-11-07,0.327,0.26,0.242,0.195
henan_north,1993-11-08,0.358,0.275,0.242,0.195
henan_north,1993-11-09,0.407,0.38,0.245,0.195
henan_north,1993-11-10,0.383,0.376,0.251,0.195
henan_north,1993-11-11,0.41,0.394,0.258,0.195
henan_north,1993-11-12,0.385,0.382,0.266,0.195
henan_north,1993-11-13,0.37,0.369,0.269,0.195
henan_north,1993-11-14,0.359,0.359,0.272,0.195
henan_north,1993-11-15,0.354,0.352,0.274,0.195
henan_north,1993-11-16,0.391,0.361,0.275,0.195
henan_north,1993-11-17,0.382,0.372,0.278,0.195
henan_north,1993-11-18,0.367,0.365,0.281,0.195
henan_north,1993-11-19,0.359,0.358,0.283,0.195
henan_north,1993-11-20,0.355,0.353,0.285,0.195
henan_north,1993-11-21,0.351,0.349,0.286,0.196
henan_north,1993-11-22,0.352,0.346,0.287,0.196
henan_north,1993-11-23,0.351,0.345,0.288,0.196
henan_north,1993-11-24,0.347,0.343,0.289,0.196
henan_north,1993-11-25,0.361,0.343,0.29,0.196
henan_north,1993-11-26,0.38,0.352,0.291,0.196
henan_north,1993-11-27,0.385,0.363,0.292,0.196
henan_north,1993-11-28,0.38,0.367,0.294,0.196
henan_north,1993-11-29,0.382,0.366,0.296,0.196
henan_north,1993-11-30,0.382,0.368,0.298,0.196
henan_north,1993-12-01,0.377,0.367,0.3,0.197
henan_north,1993-12-02,0.372,0.365,0.302,0.197
henan_north,1993-12-03,0.366,0.361,0.303,0.197
henan_north,1993-12-04,0.361,0.357,0.304,0.197
henan_north,1993-12-05,0.357,0.354,0.305,0.197
henan_north,1993-12-06,0.354,0.351,0.306,0.197
henan_north,1993-12-07,0.351,0.348,0.306,0.197
henan_north,1993-12-08,0.348,0.345,0.307,0.197
henan_north,1993-12-09,0.346,0.343,0.307,0.198
henan_north,1993-12-10,0.343,0.341,0.307,0.198
henan_north,1993-12-11,0.339,0.339,0.308,0.198
henan_north,1993-12-12,0.336,0.337,0.308,0.198
henan_north,1993-12-13,0.331,0.334,0.308,0.198
henan_north,1993-12-14,0.328,0.331,0.308,0.198
henan_north,1993-12-15,0.325,0.329,0.307,0.199
henan_north,1993-12-16,0.323,0.327,0.307,0.199
henan_north,1993-12-17,0.32,0.325,0.307,0.199
henan_north,1993-12-18,0.318,0.323,0.307,0.199
henan_north,1993-12-19,0.316,0.321,0.307,0.199
henan_north,1993-12-20,0.314,0.319,0.306,0.199
henan_north,1993-12-21,0.313,0.317,0.306,0.199
henan_north,1993-12-22,0.312,0.316,0.306,0.2
henan_north,1993-12-23,0.312,0.316,0.306,0.2
henan_north,1993-12-24,0.309,0.314,0.305,0.2
henan_north,1993-12-25,0.305,0.312,0.305,0.2
henan_north,1993-12-26,0.301,0.309,0.304,0.2
henan_north,1993-12-27,0.298,0.307,0.304,0.2
henan_north,1993-12-28,0.297,0.305,0.303,0.2
henan_north,1993-12-29,0.296,0.303,0.303,0.2
henan_north,1993-12-30,0.295,0.302,0.302,0.201
henan_north,1993-12-31,0.292,0.3,0.302,0.201
henan_north,1994-01-01,0.29,0.298,0.301,0.201
henan_north,1994-01-02,0.288,0.297,0.301,0.201
henan_north,1994-01-03,0.287,0.296,0.3,0.201
henan_north,1994-01-04,0.287,0.294,0.3,0.201
henan_north,1994-01-05,0.285,0.293,0.299,0.201
henan_north,1994-01-06,0.283,0.291,0.299,0.201
henan_north,1994-01-07,0.281,0.29,0.298,0.201
henan_north,1994-01-08,0.278,0.288,0.297,0.202
henan_north,1994-01-09,0.276,0.286,0.297,0.202
henan_north,1994-01-10,0.274,0.285,0.296,0.202
henan_north,1994-01-11,0.273,0.284,0.296,0.202
henan_north,1994-01-12,0.278,0.283,0.295,0.202
henan_north,1994-01-13,0.277,0.282,0.295,0.202
henan_north,1994-01-14,0.275,0.281,0.294,0.202
henan_north,1994-01-15,0.274,0.28,0.294,0.202
henan_north,1994-01-16,0.293,0.28,0.293,0.202
henan_north,1994-01-17,0.29,0.281,0.293,0.202
henan_north,1994-01-18,0.286,0.281,0.292,0.203
henan_north,1994-01-19,0.285,0.281,0.292,0.203
henan_north,1994-01-20,0.283,0.281,0.292,0.203
henan_north,1994-01-21,0.283,0.281,0.291,0.203
henan_north,1994-01-22,0.282,0.281,0.291,0.203
henan_north,1994-01-23,0.28,0.281,0.291,0.203
henan_north,1994-01-24,0.279,0.28,0.29,0.203
henan_north,1994-01-25,0.277,0.279,0.29,0.203
henan_north,1994-01-26,0.274,0.278,0.289,0.203
henan_north,1994-01-27,0.271,0.277,0.289,0.203
henan_north,1994-01-28,0.269,0.276,0.288,0.203
henan_north,1994-01-29,0.267,0.275,0.288,0.203
henan_north,1994-01-30,0.267,0.274,0.287,0.204
henan_north,1994-01-31,0.266,0.273,0.287,0.204
henan_north,1994-02-01,0.265,0.273,0.287,0.204
henan_north,1994-02-02,0.264,0.272,0.286,0.204
henan_north,1994-02-03,0.264,0.27,0.286,0.204
henan_north,1994-02-04,0.27,0.27,0.285,0.204
henan_north,1994-02-05,0.267,0.269,0.285,0.204
henan_north,1994-02-06,0.263,0.268,0.284,0.204
henan_north,1994-02-07,0.259,0.266,0.284,0.204
henan_north,1994-02-08,0.254,0.264,0.283,0.204
henan_north,1994-02-09,0.25,0.263,0.282,0.204
henan_north,1994-02-10,0.248,0.261,0.282,0.204
henan_north,1994-02-11,0.25,0.261,0.281,0.204
henan_north,1994-02-12,0.255,0.26,0.281,0.204
henan_north,1994-02-13,0.256,0.259,0.28,0.204
henan_north,1994-02-14,0.259,0.259,0.28,0.204
henan_north,1994-02-15,0.263,0.259,0.28,0.205
henan_north,1994-02-16,0.265,0.258,0.279,0.205
henan_north,1994-02-17,0.263,0.258,0.279,0.205
henan_north,1994-02-18,0.261,0.258,0.278,0.205
henan_north,1994-02-19,0.259,0.257,0.278,0.205
henan_north,1994-02-20,0.254,0.255,0.277,0.205
henan_north,1994-02-21,0.247,0.254,0.276,0.205
henan_north,1994-02-22,0.242,0.252,0.276,0.205
henan_north,1994-02-23,0.237,0.251,0.275,0.205
henan_north,1994-02-24,0.236,0.25,0.275,0.205
henan_north,1994-02-25,0.241,0.249,0.274,0.205
henan_north,1994-02-26,0.247,0.248,0.273,0.205
henan_north,1994-02-27,0.248,0.246,0.273,0.205
henan_north,1994-02-28,0.244,0.246,0.272,0.205
henan_north,1994-03-01,0.239,0.244,0.272,0.205
henan_north,1994-03-02,0.234,0.242,0.271,0.205
henan_north,1994-03-03,0.23,0.24,0.27,0.205
henan_north,1994-03-04,0.224,0.238,0.269,0.205
henan_north,1994-03-05,0.222,0.237,0.268,0.205
henan_north,1994-03-06,0.286,0.237,0.268,0.205
henan_north,1994-03-07,0.286,0.241,0.268,0.205
henan_north,1994-03-08,0.274,0.243,0.267,0.205
henan_north,1994-03-09,0.268,0.243,0.266,0.205
henan_north,1994-03-10,0.266,0.243,0.266,0.205
henan_north,1994-03-11,0.279,0.243,0.265,0.205
henan_north,1994-03-12,0.296,0.247,0.265,0.206
henan_north,1994-03-13,0.285,0.249,0.265,0.206
henan_north,1994-03-14,0.278,0.249,0.264,0.206
henan_north,1994-03-15,0.268,0.248,0.263,0.206
henan_north,1994-03-16,0.258,0.246,0.263,0.206
henan_north,1994-03-17,0.247,0.244,0.262,0.206
henan_north,1994-03-18,0.237,0.24,0.261,0.206
henan_north,1994-03-19,0.226,0.237,0.259,0.206
henan_north,1994-03-20,0.237,0.234,0.258,0.206
henan_north,1994-03-21,0.298,0.237,0.258,0.206
henan_north,1994-03-22,0.275,0.237,0.257,0.206
henan_north,1994-03-23,0.259,0.236,0.256,0.206
henan_north,1994-03-24,0.244,0.233,0.255,0.206
henan_north,1994-03-25,0.232,0.23,0.254,0.206
henan_north,1994-03-26,0.222,0.227,0.253,0.206
henan_north,1994-03-27,0.216,0.225,0.252,0.206
henan_north,1994-03-28,0.213,0.222,0.251,0.206
henan_north,1994-03-29,0.205,0.219,0.25,0.206
henan_north,1994-03-30,0.197,0.216,0.249,0.206
henan_north,1994-03-31,0.189,0.212,0.248,0.206
henan_north,1994-04-01,0.186,0.209,0.246,0.206
henan_north,1994-04-02,0.186,0.205,0.245,0.206
henan_north,1994-04-03,0.177,0.2,0.243,0.206
henan_north,1994-04-04,0.169,0.196,0.242,0.206
henan_north,1994-04-05,0.164,0.193,0.24,0.205
henan_north,1994-04-06,0.16,0.191,0.239,0.205
henan_north,1994-04-07,0.156,0.188,0.238,0.205
henan_north,1994-04-08,0.204,0.187,0.237,0.205
henan_north,1994-04-09,0.288,0.191,0.237,0.205
henan_north,1994-04-10,0.312,0.206,0.237,0.205
henan_north,1994-04-11,0.36,0.233,0.236,0.205
henan_north,1994-04-12,0.339,0.281,0.236,0.205
henan_north,1994-04-13,0.301,0.279,0.236,0.205
henan_north,1994-04-14,0.276,0.273,0.235,0.205
henan_north,1994-04-15,0.257,0.265,0.233,0.205
henan_north,1994-04-16,0.241,0.257,0.232,0.205
henan_north,1994-04-17,0.269,0.253,0.232,0.205
henan_north,1994-04-18,0.303,0.255,0.231,0.205
henan_north,1994-04-19,0.398,0.302,0.231,0.205
henan_north,1994-04-20,0.362,0.341,0.233,0.205
henan_north,1994-04-21,0.34,0.335,0.234,0.205
henan_north,1994-04-22,0.321,0.325,0.235,0.205
henan_north,1994-04-23,0.307,0.314,0.235,0.205
henan_north,1994-04-24,0.295,0.306,0.235,0.205
henan_north,1994-04-25,0.283,0.297,0.235,0.205
henan_north,1994-04-26,0.271,0.287,0.234,0.205
henan_north,1994-04-27,0.263,0.279,0.234,0.205
henan_north,1994-04-28,0.255,0.272,0.233,0.205
henan_north,1994-04-29,0.24,0.263,0.232,0.205
henan_north,1994-04-30,0.224,0.253,0.23,0.205
henan_north,1994-05-01,0.21,0.244,0.229,0.205
henan_north,1994-05-02,0.231,0.237,0.228,0.205
henan_north,1994-05-03,0.282,0.236,0.227,0.205
henan_north,1994-05-04,0.253,0.232,0.226,0.205
henan_north,1994-05-05,0.231,0.226,0.225,0.205
henan_north,1994-05-06,0.21,0.219,0.223,0.205
henan_north,1994-05-07,0.191,0.211,0.221,0.205
henan_north,1994-05-08,0.176,0.204,0.219,0.205
henan_north,1994-05-09,0.166,0.198,0.218,0.205
henan_north,1994-05-10,0.16,0.193,0.216,0.205
henan_north,1994-05-11,0.152,0.188,0.215,0.205
henan_north,1994-05-12,0.151,0.183,0.213,0.205
henan_north,1994-05-13,0.158,0.18,0.212,0.204
henan_north,1994-05-14,0.195,0.177,0.211,0.204
henan_north,1994-05-15,0.18,0.174,0.209,0.204
henan_north,1994-05-16,0.168,0.17,0.208,0.204
henan_north,1994-05-17,0.158,0.168,0.207,0.204
henan_north,1994-05-18,0.15,0.164,0.205,0.204
henan_north,1994-05-19,0.144,0.161,0.203,0.204
henan_north,1994-05-20,0.139,0.159,0.202,0.204
henan_north,1994-05-21,0.136,0.157,0.2,0.204
henan_north,1994-05-22,0.133,0.154,0.199,0.204
henan_north,1994-05-23,0.134,0.152,0.197,0.204
henan_north,1994-05-24,0.161,0.151,0.196,0.204
henan_north,1994-05-25,0.157,0.15,0.195,0.204
henan_north,1994-05-26,0.153,0.149,0.194,0.204
henan_north,1994-05-27,0.145,0.147,0.193,0.204
henan_north,1994-05-28,0.141,0.146,0.191,0.203
henan_north,1994-05-29,0.14,0.145,0.189,0.203
henan_north,1994-05-30,0.136,0.143,0.188,0.203
henan_north,1994-05-31,0.135,0.143,0.187,0.203
henan_north,1994-06-01,0.134,0.142,0.186,0.203
henan_north,1994-06-02,0.132,0.141,0.185,0.203
henan_north,1994-06-03,0.129,0.14,0.183,0.203
henan_north,1994-06-04,0.127,0.139,0.182,0.203
henan_north,1994-06-05,0.125,0.139,0.181,0.203
henan_north,1994-06-06,0.125,0.138,0.18,0.203
henan_north,1994-06-07,0.13,0.138,0.179,0.203
henan_north,1994-06-08,0.138,0.138,0.179,0.203
henan_north,1994-06-09,0.135,0.138,0.178,0.203
henan_north,1994-06-10,0.133,0.137,0.177,0.203
henan_north,1994-06-11,0.131,0.137,0.177,0.202
henan_north,1994-06-12,0.17,0.137,0.176,0.202
henan_north,1994-06-13,0.293,0.149,0.175,0.202
henan_north,1994-06-14,0.249,0.155,0.175,0.202
henan_north,1994-06-15,0.219,0.155,0.174,0.202
henan_north,1994-06-16,0.202,0.155,0.174,0.202
henan_north,1994-06-17,0.188,0.154,0.173,0.202
henan_north,1994-06-18,0.172,0.152,0.172,0.202
henan_north,1994-06-19,0.159,0.15,0.171,0.202
henan_north,1994-06-20,0.151,0.148,0.17,0.202
henan_north,1994-06-21,0.147,0.147,0.17,0.202
henan_north,1994-06-22,0.141,0.146,0.169,0.202
henan_north,1994-06-23,0.138,0.145,0.168,0.202
henan_north,1994-06-24,0.207,0.157,0.168,0.202
henan_north,1994-06-25,0.389,0.359,0.17,0.202
henan_north,1994-06-26,0.349,0.348,0.174,0.202
henan_north,1994-06-27,0.321,0.328,0.177,0.202
henan_north,1994-06-28,0.329,0.316,0.178,0.201
henan_north,1994-06-29,0.391,0.373,0.182,0.201
henan_north,1994-06-30,0.401,0.372,0.188,0.201
henan_north,1994-07-01,0.376,0.371,0.195,0.201
henan_north,1994-07-02,0.344,0.347,0.198,0.201
henan_north,1994-07-03,0.393,0.378,0.203,0.201
henan_north,1994-07-04,0.364,0.364,0.209,0.201
henan_north,1994-07-05,0.36,0.348,0.212,0.201
henan_north,1994-07-06,0.4,0.364,0.215,0.201
henan_north,1994-07-07,0.393,0.389,0.224,0.201
henan_north,1994-07-08,0.365,0.362,0.229,0.201
henan_north,1994-07-09,0.352,0.346,0.231,0.201
henan_north,1994-07-10,0.351,0.334,0.232,0.201
henan_north,1994-07-11,0.39,0.366,0.235,0.201
henan_north,1994-07-12,0.429,0.422,0.277,0.201
henan_north,1994-07-13,0.413,0.409,0.33,0.201
henan_north,1994-07-14,0.416,0.41,0.339,0.202
henan_north,1994-07-15,0.404,0.403,0.345,0.202
henan_north,1994-07-16,0.387,0.388,0.347,0.203
henan_north,1994-07-17,0.371,0.375,0.347,0.203
henan_north,1994-07-18,0.356,0.364,0.345,0.203
henan_north,1994-07-19,0.342,0.352,0.343,0.204
henan_north,1994-07-20,0.326,0.341,0.341,0.204
henan_north,1994-07-21,0.329,0.331,0.338,0.204
henan_north,1994-07-22,0.364,0.333,0.336,0.205
henan_north,1994-07-23,0.381,0.348,0.335,0.205
henan_north,1994-07-24,0.36,0.35,0.333,0.205
henan_north,1994-07-25,0.335,0.341,0.331,0.206
henan_north,1994-07-26,0.314,0.329,0.329,0.206
henan_north,1994-07-27,0.296,0.317,0.326,0.206
henan_north,1994-07-28,0.294,0.307,0.323,0.206
henan_north,1994-07-29,0.297,0.301,0.321,0.206
henan_north,1994-07-30,0.277,0.293,0.318,0.207
henan_north,1994-07-31,0.262,0.283,0.315,0.207
henan_north,1994-08-01,0.257,0.276,0.313,0.207
henan_north,1994-08-02,0.247,0.269,0.31,0.207
henan_north,1994-08-03,0.249,0.262,0.307,0.207
henan_north,1994-08-04,0.301,0.259,0.305,0.207
henan_north,1994-08-05,0.283,0.256,0.302,0.207
henan_north,1994-08-06,0.353,0.273,0.301,0.207
henan_north,1994-08-07,0.378,0.333,0.3,0.207
henan_north,1994-08-08,0.339,0.333,0.299,0.207
henan_north,1994-08-09,0.317,0.324,0.298,0.208
henan_north,1994-08-10,0.303,0.314,0.296,0.208
henan_north,1994-08-11,0.296,0.307,0.295,0.208
henan_north,1994-08-12,0.311,0.302,0.294,0.208
henan_north,1994-08-13,0.313,0.297,0.293,0.208
henan_north,1994-08-14,0.369,0.318,0.292,0.208
henan_north,1994-08-15,0.322,0.316,0.29,0.208
henan_north,1994-08-16,0.296,0.306,0.288,0.208
henan_north,1994-08-17,0.278,0.295,0.286,0.208
henan_north,1994-08-18,0.267,0.286,0.285,0.208
henan_north,1994-08-19,0.255,0.278,0.283,0.208
henan_north,1994-08-20,0.283,0.271,0.281,0.208
henan_north,1994-08-21,0.28,0.268,0.28,0.208
henan_north,1994-08-22,0.261,0.261,0.278,0.208
henan_north,1994-08-23,0.241,0.254,0.276,0.208
henan_north,1994-08-24,0.243,0.247,0.274,0.208
henan_north,1994-08-25,0.232,0.241,0.272,0.208
henan_north,1994-08-26,0.34,0.269,0.271,0.208
henan_north,1994-08-27,0.347,0.314,0.271,0.208
henan_north,1994-08-28,0.316,0.309,0.27,0.208
henan_north,1994-08-29,0.304,0.304,0.269,0.208
henan_north,1994-08-30,0.304,0.299,0.269,0.208
henan_north,1994-08-31,0.317,0.297,0.269,0.208
henan_north,1994-09-01,0.332,0.297,0.268,0.208
henan_north,1994-09-02,0.322,0.297,0.267,0.208
henan_north,1994-09-03,0.341,0.298,0.267,0.208
henan_north,1994-09-04,0.33,0.301,0.266,0.208
henan_north,1994-09-05,0.303,0.295,0.265,0.208
henan_north,1994-09-06,0.281,0.287,0.264,0.208
henan_north,1994-09-07,0.264,0.279,0.263,0.208
henan_north,1994-09-08,0.252,0.271,0.262,0.208
henan_north,1994-09-09,0.248,0.266,0.261,0.208
henan_north,1994-09-10,0.245,0.263,0.26,0.208
henan_north,1994-09-11,0.239,0.259,0.259,0.208
henan_north,1994-09-12,0.228,0.253,0.258,0.208
henan_north,1994-09-13,0.218,0.246,0.257,0.208
henan_north,1994-09-14,0.211,0.241,0.256,0.208
henan_north,1994-09-15,0.206,0.238,0.255,0.208
henan_north,1994-09-16,0.203,0.235,0.254,0.208
henan_north,1994-09-17,0.197,0.231,0.253,0.208
henan_north,1994-09-18,0.19,0.226,0.252,0.208
henan_north,1994-09-19,0.182,0.221,0.25,0.208
henan_north,1994-09-20,0.174,0.215,0.249,0.208
henan_north,1994-09-21,0.168,0.21,0.247,0.208
henan_north,1994-09-22,0.161,0.206,0.245,0.208
henan_north,1994-09-23,0.156,0.201,0.244,0.208
henan_north,1994-09-24,0.153,0.198,0.242,0.208
henan_north,1994-09-25,0.151,0.195,0.241,0.208
henan_north,1994-09-26,0.147,0.192,0.24,0.208
henan_north,1994-09-27,0.144,0.188,0.238,0.208
henan_north,1994-09-28,0.141,0.185,0.237,0.208
henan_north,1994-09-29,0.138,0.182,0.235,0.208
henan_north,1994-09-30,0.136,0.179,0.234,0.208
henan_north,1994-10-01,0.135,0.177,0.232,0.208
henan_north,1994-10-02,0.134,0.174,0.231,0.208
henan_north,1994-10-03,0.133,0.172,0.23,0.208
henan_north,1994-10-04,0.132,0.171,0.229,0.208
henan_north,1994-10-05,0.131,0.169,0.228,0.208
henan_north,1994-10-06,0.131,0.168,0.226,0.208
henan_north,1994-10-07,0.129,0.166,0.225,0.208
henan_north,1994-10-08,0.129,0.165,0.224,0.208
henan_north,1994-10-09,0.128,0.164,0.224,0.208
henan_north,1994-10-10,0.129,0.164,0.223,0.208
henan_north,1994-10-11,0.133,0.163,0.223,0.208
henan_north,1994-10-12,0.132,0.162,0.222,0.208
henan_north,1994-10-13,0.131,0.162,0.221,0.208
henan_north,1994-10-14,0.261,0.167,0.22,0.208
henan_north,1994-10-15,0.376,0.231,0.22,0.208
henan_north,1994-10-16,0.386,0.289,0.22,0.208
henan_north,1994-10-17,0.358,0.323,0.221,0.208
henan_north,1994-10-18,0.355,0.325,0.223,0.208
henan_north,1994-10-19,0.346,0.327,0.224,0.208
henan_north,1994-10-20,0.332,0.323,0.225,0.208
henan_north,1994-10-21,0.319,0.317,0.226,0.208
henan_north,1994-10-22,0.308,0.311,0.226,0.208
henan_north,1994-10-23,0.299,0.305,0.227,0.208
henan_north,1994-10-24,0.292,0.299,0.227,0.208
henan_north,1994-10-25,0.286,0.294,0.227,0.208
henan_north,1994-10-26,0.28,0.29,0.227,0.208
henan_north,1994-10-27,0.275,0.285,0.227,0.208
henan_north,1994-10-28,0.273,0.282,0.227,0.208
henan_north,1994-10-29,0.267,0.278,0.227,0.208
henan_north,1994-10-30,0.26,0.274,0.227,0.208
henan_north,1994-10-31,0.255,0.27,0.227,0.208
henan_north,1994-11-01,0.25,0.266,0.227,0.208
henan_north,1994-11-02,0.245,0.263,0.226,0.207
henan_north,1994-11-03,0.239,0.259,0.226,0.207
henan_north,1994-11-04,0.236,0.256,0.226,0.207
henan_north,1994-11-05,0.233,0.254,0.226,0.207
henan_north,1994-11-06,0.228,0.25,0.225,0.207
henan_north,1994-11-07,0.224,0.247,0.225,0.207
henan_north,1994-11-08,0.222,0.244,0.225,0.207
henan_north,1994-11-09,0.22,0.242,0.225,0.207
henan_north,1994-11-10,0.214,0.239,0.224,0.207
henan_north,1994-11-11,0.21,0.236,0.224,0.207
henan_north,1994-11-12,0.208,0.234,0.224,0.207
henan_north,1994-11-13,0.304,0.238,0.224,0.207
henan_north,1994-11-14,0.388,0.298,0.224,0.207
henan_north,1994-11-15,0.356,0.32,0.225,0.207
henan_north,1994-11-16,0.356,0.324,0.226,0.207
henan_north,1994-11-17,0.37,0.332,0.227,0.207
henan_north,1994-11-18,0.379,0.344,0.229,0.207
henan_north,1994-11-19,0.381,0.354,0.232,0.207
henan_north,1994-11-20,0.378,0.357,0.234,0.207
henan_north,1994-11-21,0.375,0.357,0.237,0.207
henan_north,1994-11-22,0.365,0.354,0.24,0.207
henan_north,1994-11-23,0.357,0.349,0.242,0.207
henan_north,1994-11-24,0.349,0.343,0.244,0.207
henan_north,1994-11-25,0.349,0.339,0.246,0.207
henan_north,1994-11-26,0.342,0.336,0.247,0.208
henan_north,1994-11-27,0.336,0.331,0.248,0.208
henan_north,1994-11-28,0.331,0.328,0.249,0.208
henan_north,1994-11-29,0.325,0.324,0.25,0.208
henan_north,1994-11-30,0.32,0.32,0.251,0.208
henan_north,1994-12-01,0.315,0.316,0.251,0.208
henan_north,1994-12-02,0.309,0.312,0.252,0.208
henan_north,1994-12-03,0.305,0.309,0.252,0.208
henan_north,1994-12-04,0.301,0.305,0.252,0.208
henan_north,1994-12-05,0.298,0.302,0.253,0.208
henan_north,1994-12-06,0.295,0.3,0.253,0.208
henan_north,1994-12-07,0.293,0.297,0.253,0.208
henan_north,1994-12-08,0.311,0.297,0.253,0.208
henan_north,1994-12-09,0.308,0.297,0.253,0.208
henan_north,1994-12-10,0.36,0.303,0.254,0.208
henan_north,1994-12-11,0.368,0.323,0.254,0.208
henan_north,1994-12-12,0.349,0.33,0.255,0.208
henan_north,1994-12-13,0.339,0.329,0.256,0.208
henan_north,1994-12-14,0.332,0.326,0.257,0.208
henan_north,1994-12-15,0.327,0.323,0.258,0.208
henan_north,1994-12-16,0.322,0.321,0.258,0.208
henan_north,1994-12-17,0.319,0.318,0.259,0.208
henan_north,1994-12-18,0.316,0.315,0.259,0.208
henan_north,1994-12-19,0.315,0.313,0.26,0.208
henan_north,1994-12-20,0.315,0.311,0.26,0.208
henan_north,1994-12-21,0.314,0.31,0.261,0.208
henan_north,1994-12-22,0.313,0.308,0.261,0.208
henan_north,1994-12-23,0.312,0.306,0.261,0.208
henan_north,1994-12-24,0.308,0.305,0.261,0.208
henan_north,1994-12-25,0.303,0.303,0.261,0.208
henan_north,1994-12-26,0.3,0.301,0.262,0.208
henan_north,1994-12-27,0.298,0.299,0.262,0.208
henan_north,1994-12-28,0.297,0.298,0.262,0.208
henan_north,1994-12-29,0.299,0.296,0.262,0.208
henan_north,1994-12-30,0.359,0.304,0.262,0.208
henan_north,1994-12-31,0.338,0.313,0.262,0.208
henan_north,1995-01-01,0.327,0.313,0.263,0.208
henan_north,1995-01-02,0.321,0.313,0.263,0.208
henan_north,1995-01-03,0.316,0.311,0.263,0.208
henan_north,1995-01-04,0.312,0.309,0.264,0.208
henan_north,1995-01-05,0.309,0.307,0.264,0.208
henan_north,1995-01-06,0.305,0.305,0.264,0.208
henan_north,1995-01-07,0.301,0.303,0.264,0.208
henan_north,1995-01-08,0.297,0.3,0.264,0.209
henan_north,1995-01-09,0.293,0.297,0.264,0.209
henan_north,1995-01-10,0.29,0.295,0.264,0.209
henan_north,1995-01-11,0.289,0.293,0.264,0.209
henan_north,1995-01-12,0.286,0.291,0.264,0.209
henan_north,1995-01-13,0.284,0.29,0.264,0.209
henan_north,1995-01-14,0.283,0.288,0.264,0.209
henan_north,1995-01-15,0.281,0.287,0.264,0.209
henan_north,1995-01-16,0.28,0.285,0.264,0.209
henan_north,1995-01-17,0.278,0.284,0.264,0.209
henan_north,1995-01-18,0.275,0.282,0.264,0.209
henan_north,1995-01-19,0.272,0.28,0.264,0.209
henan_north,1995-01-20,0.271,0.279,0.263,0.209
henan_north,1995-01-21,0.27,0.277,0.263,0.209
henan_north,1995-01-22,0.269,0.276,0.263,0.209
henan_north,1995-01-23,0.267,0.274,0.263,0.209
henan_north,1995-01-24,0.264,0.273,0.263,0.209
henan_north,1995-01-25,0.261,0.271,0.263,0.209
henan_north,1995-01-26,0.258,0.269,0.262,0.209
henan_north,1995-01-27,0.256,0.268,0.262,0.209
henan_north,1995-01-28,0.255,0.266,0.262,0.209
henan_north,1995-01-29,0.254,0.265,0.262,0.209
henan_north,1995-01-30,0.253,0.264,0.261,0.209
henan_north,1995-01-31,0.252,0.263,0.261,0.209
henan_north,1995-02-01,0.251,0.262,0.261,0.209
henan_north,1995-02-02,0.25,0.261,0.261,0.209
henan_north,1995-02-03,0.25,0.26,0.261,0.209
henan_north,1995-02-04,0.252,0.259,0.261,0.209
henan_north,1995-02-05,0.254,0.258,0.26,0.209
henan_north,1995-02-06,0.254,0.258,0.26,0.209
henan_north,1995-02-07,0.254,0.257,0.26,0.209
henan_north,1995-02-08,0.253,0.256,0.259,0.209
henan_north,1995-02-09,0.25,0.254,0.259,0.209
henan_north,1995-02-10,0.247,0.253,0.259,0.209
henan_north,1995-02-11,0.244,0.251,0.258,0.209
henan_north,1995-02-12,0.243,0.25,0.258,0.209
henan_north,1995-02-13,0.241,0.249,0.258,0.209
henan_north,1995-02-14,0.242,0.248,0.257,0.209
henan_north,1995-02-15,0.238,0.246,0.257,0.209
henan_north,1995-02-16,0.234,0.245,0.257,0.209
henan_north,1995-02-17,0.231,0.243,0.256,0.209
henan_north,1995-02-18,0.227,0.242,0.256,0.21
henan_north,1995-02-19,0.224,0.24,0.255,0.21
henan_north,1995-02-20,0.221,0.238,0.255,0.21
henan_north,1995-02-21,0.218,0.237,0.254,0.21
henan_north,1995-02-22,0.215,0.235,0.254,0.21
henan_north,1995-02-23,0.213,0.234,0.253,0.21
henan_north,1995-02-24,0.21,0.231,0.253,0.21
henan_north,1995-02-25,0.206,0.229,0.252,0.21
henan_north,1995-02-26,0.201,0.227,0.252,0.21
henan_north,1995-02-27,0.197,0.225,0.251,0.21
henan_north,1995-02-28,0.194,0.222,0.25,0.21
henan_north,1995-03-01,0.191,0.22,0.25,0.21
henan_north,1995-03-02,0.189,0.219,0.249,0.21
henan_north,1995-03-03,0.186,0.217,0.249,0.21
henan_north,1995-03-04,0.184,0.215,0.248,0.21
henan_north,1995-03-05,0.18,0.213,0.247,0.21
henan_north,1995-03-06,0.176,0.21,0.246,0.21
henan_north,1995-03-07,0.172,0.207,0.245,0.21
henan_north,1995-03-08,0.176,0.205,0.244,0.21
henan_north,1995-03-09,0.224,0.204,0.244,0.21
henan_north,1995-03-10,0.214,0.202,0.243,0.21
henan_north,1995-03-11,0.205,0.201,0.242,0.21
henan_north,1995-03-12,0.197,0.199,0.241,0.21
henan_north,1995-03-13,0.191,0.197,0.24,0.21
henan_north,1995-03-14,0.185,0.195,0.239,0.21
henan_north,1995-03-15,0.181,0.194,0.239,0.209
henan_north,1995-03-16,0.206,0.194,0.238,0.209
henan_north,1995-03-17,0.219,0.194,0.238,0.209
henan_north,1995-03-18,0.21,0.192,0.237,0.209
henan_north,1995-03-19,0.2,0.191,0.236,0.209
henan_north,1995-03-20,0.191,0.189,0.235,0.209
henan_north,1995-03-21,0.183,0.186,0.234,0.209
henan_north,1995-03-22,0.175,0.184,0.232,0.209
henan_north,1995-03-23,0.17,0.182,0.231,0.209
henan_north,1995-03-24,0.214,0.182,0.231,0.209
henan_north,1995-03-25,0.225,0.183,0.231,0.209
henan_north,1995-03-26,0.216,0.182,0.23,0.209
henan_north,1995-03-27,0.205,0.181,0.229,0.209
henan_north,1995-03-28,0.245,0.181,0.228,0.209
henan_north,1995-03-29,0.25,0.183,0.228,0.209
henan_north,1995-03-30,0.238,0.184,0.227,0.209
henan_north,1995-03-31,0.233,0.184,0.226,0.209
henan_north,1995-04-01,0.219,0.183,0.226,0.209
henan_north,1995-04-02,0.207,0.182,0.225,0.209
henan_north,1995-04-03,0.198,0.181,0.224,0.209
henan_north,1995-04-04,0.189,0.179,0.223,0.209
henan_north,1995-04-05,0.181,0.177,0.222,0.209
henan_north,1995-04-06,0.172,0.175,0.221,0.209
henan_north,1995-04-07,0.163,0.172,0.219,0.209
henan_north,1995-04-08,0.156,0.169,0.218,0.209
henan_north,1995-04-09,0.15,0.167,0.216,0.209
henan_north,1995-04-10,0.151,0.165,0.215,0.209
henan_north,1995-04-11,0.151,0.163,0.214,0.209
henan_north,1995-04-12,0.146,0.161,0.213,0.209
henan_north,1995-04-13,0.143,0.16,0.212,0.209
henan_north,1995-04-14,0.141,0.159,0.211,0.209
henan_north,1995-04-15,0.14,0.158,0.21,0.209
henan_north,1995-04-16,0.139,0.157,0.209,0.209
henan_north,1995-04-17,0.136,0.155,0.208,0.209
henan_north,1995-04-18,0.134,0.154,0.206,0.208
henan_north,1995-04-19,0.133,0.152,0.205,0.208
henan_north,1995-04-20,0.136,0.151,0.204,0.208
henan_north,1995-04-21,0.151,0.15,0.203,0.208
henan_north,1995-04-22,0.154,0.15,0.202,0.208
henan_north,1995-04-23,0.15,0.149,0.201,0.208
henan_north,1995-04-24,0.145,0.148,0.2,0.208
henan_north,1995-04-25,0.14,0.147,0.199,0.208
henan_north,1995-04-26,0.138,0.146,0.198,0.208
henan_north,1995-04-27,0.136,0.145,0.197,0.208
henan_north,1995-04-28,0.134,0.145,0.196,0.208
henan_north,1995-04-29,0.132,0.144,0.194,0.208
henan_north,1995-04-30,0.131,0.143,0.193,0.208
henan_north,1995-05-01,0.129,0.142,0.192,0.208
henan_north,1995-05-02,0.141,0.141,0.191,0.208
henan_north,1995-05-03,0.145,0.141,0.19,0.208
henan_north,1995-05-04,0.147,0.14,0.189,0.207
henan_north,1995-05-05,0.141,0.14,0.187,0.207
henan_north,1995-05-06,0.137,0.139,0.186,0.207
henan_north,1995-05-07,0.134,0.139,0.185,0.207
henan_north,1995-05-08,0.131,0.138,0.183,0.207
henan_north,1995-05-09,0.132,0.138,0.182,0.207
henan_north,1995-05-10,0.134,0.137,0.182,0.207
henan_north,1995-05-11,0.132,0.137,0.181,0.207
henan_north,1995-05-12,0.163,0.137,0.18,0.207
henan_north,1995-05-13,0.18,0.137,0.179,0.207
henan_north,1995-05-14,0.17,0.137,0.179,0.207
henan_north,1995-05-15,0.161,0.137,0.178,0.207
henan_north,1995-05-16,0.152,0.137,0.177,0.207
henan_north,1995-05-17,0.145,0.136,0.176,0.207
henan_north,1995-05-18,0.142,0.136,0.175,0.206
henan_north,1995-05-19,0.194,0.136,0.175,0.206
henan_north,1995-05-20,0.187,0.137,0.174,0.206
henan_north,1995-05-21,0.175,0.137,0.174,0.206
henan_north,1995-05-22,0.161,0.137,0.173,0.206
henan_north,1995-05-23,0.151,0.136,0.172,0.206
henan_north,1995-05-24,0.145,0.136,0.171,0.206
henan_north,1995-05-25,0.14,0.136,0.17,0.206
henan_north,1995-05-26,0.136,0.136,0.169,0.206
henan_north,1995-05-27,0.14,0.135,0.168,0.206
henan_north,1995-05-28,0.145,0.135,0.168,0.206
henan_north,1995-05-29,0.14,0.135,0.167,0.206
henan_north,1995-05-30,0.138,0.135,0.166,0.206
henan_north,1995-05-31,0.135,0.135,0.165,0.205
henan_north,1995-06-01,0.134,0.135,0.165,0.205
henan_north,1995-06-02,0.141,0.134,0.164,0.205
henan_north,1995-06-03,0.149,0.134,0.164,0.205
henan_north,1995-06-04,0.141,0.134,0.163,0.205
henan_north,1995-06-05,0.136,0.134,0.162,0.205
henan_north,1995-06-06,0.133,0.134,0.161,0.205
henan_north,1995-06-07,0.14,0.134,0.16,0.205
henan_north,1995-06-08,0.229,0.135,0.16,0.205
henan_north,1995-06-09,0.267,0.151,0.16,0.205
henan_north,1995-06-10,0.411,0.353,0.161,0.205
henan_north,1995-06-11,0.394,0.379,0.169,0.205
henan_north,1995-06-12,0.358,0.357,0.175,0.205
henan_north,1995-06-13,0.332,0.336,0.178,0.205
henan_north,1995-06-14,0.313,0.321,0.18,0.205
henan_north,1995-06-15,0.296,0.308,0.181,0.205
henan_north,1995-06-16,0.28,0.296,0.182,0.205
henan_north,1995-06-17,0.276,0.286,0.182,0.204
henan_north,1995-06-18,0.266,0.276,0.182,0.204
henan_north,1995-06-19,0.242,0.264,0.182,0.204
henan_north,1995-06-20,0.228,0.255,0.181,0.204
henan_north,1995-06-21,0.217,0.247,0.181,0.204
henan_north,1995-06-22,0.201,0.237,0.18,0.204
henan_north,1995-06-23,0.186,0.227,0.179,0.204
henan_north,1995-06-24,0.174,0.218,0.179,0.204
henan_north,1995-06-25,0.164,0.21,0.178,0.204
henan_north,1995-06-26,0.156,0.202,0.177,0.204
henan_north,1995-06-27,0.149,0.194,0.176,0.204
henan_north,1995-06-28,0.144,0.188,0.175,0.204
henan_north,1995-06-29,0.208,0.184,0.174,0.204
henan_north,1995-06-30,0.264,0.186,0.174,0.204
henan_north,1995-07-01,0.258,0.186,0.174,0.204
henan_north,1995-07-02,0.24,0.184,0.173,0.204
henan_north,1995-07-03,0.215,0.181,0.172,0.204
henan_north,1995-07-04,0.193,0.176,0.171,0.203
henan_north,1995-07-05,0.173,0.171,0.17,0.203
henan_north,1995-07-06,0.158,0.166,0.169,0.203
henan_north,1995-07-07,0.151,0.163,0.168,0.203
henan_north,1995-07-08,0.151,0.16,0.168,0.203
henan_north,1995-07-09,0.145,0.157,0.167,0.203
henan_north,1995-07-10,0.15,0.154,0.166,0.203
henan_north,1995-07-11,0.268,0.156,0.165,0.203
henan_north,1995-07-12,0.242,0.158,0.165,0.203
henan_north,1995-07-13,0.317,0.165,0.164,0.203
henan_north,1995-07-14,0.335,0.22,0.164,0.203
henan_north,1995-07-15,0.314,0.225,0.164,0.203
henan_north,1995-07-16,0.329,0.245,0.164,0.203
henan_north,1995-07-17,0.377,0.277,0.164,0.203
henan_north,1995-07-18,0.407,0.393,0.172,0.203
henan_north,1995-07-19,0.374,0.368,0.181,0.202
henan_north,1995-07-20,0.36,0.351,0.185,0.202
henan_north,1995-07-21,0.336,0.335,0.188,0.202
henan_north,1995-07-22,0.317,0.321,0.189,0.202
henan_north,1995-07-23,0.349,0.319,0.19,0.202
henan_north,1995-07-24,0.418,0.388,0.196,0.202
henan_north,1995-07-25,0.417,0.414,0.251,0.202
henan_north,1995-07-26,0.38,0.381,0.271,0.202
henan_north,1995-07-27,0.362,0.362,0.273,0.202
henan_north,1995-07-28,0.353,0.351,0.274,0.202
henan_north,1995-07-29,0.334,0.338,0.275,0.202
henan_north,1995-07-30,0.326,0.328,0.274,0.203
henan_north,1995-07-31,0.342,0.323,0.274,0.203
henan_north,1995-08-01,0.333,0.317,0.273,0.203
henan_north,1995-08-02,0.314,0.309,0.272,0.203
henan_north,1995-08-03,0.324,0.304,0.271,0.203
henan_north,1995-08-04,0.375,0.319,0.271,0.203
henan_north,1995-08-05,0.372,0.331,0.272,0.203
henan_north,1995-08-06,0.394,0.356,0.272,0.203
henan_north,1995-08-07,0.399,0.394,0.278,0.203
henan_north,1995-08-08,0.368,0.372,0.282,0.203
henan_north,1995-08-09,0.345,0.354,0.283,0.203
henan_north,1995-08-10,0.332,0.339,0.283,0.203
henan_north,1995-08-11,0.335,0.331,0.283,0.203
henan_north,1995-08-12,0.349,0.326,0.282,0.203
henan_north,1995-08-13,0.386,0.346,0.283,0.203
henan_north,1995-08-14,0.396,0.362,0.284,0.203
henan_north,1995-08-15,0.408,0.385,0.287,0.203
henan_north,1995-08-16,0.398,0.391,0.293,0.203
henan_north,1995-08-17,0.381,0.378,0.297,0.203
henan_north,1995-08-18,0.361,0.364,0.298,0.203
henan_north,1995-08-19,0.338,0.348,0.298,0.204
henan_north,1995-08-20,0.322,0.334,0.297,0.204
henan_north,1995-08-21,0.338,0.327,0.296,0.204
henan_north,1995-08-22,0.397,0.375,0.297,0.204
henan_north,1995-08-23,0.365,0.367,0.299,0.204
henan_north,1995-08-24,0.346,0.353,0.299,0.204
henan_north,1995-08-25,0.332,0.341,0.299,0.204
henan_north,1995-08-26,0.32,0.33,0.298,0.204
henan_north,1995-08-27,0.314,0.32,0.297,0.204
henan_north,1995-08-28,0.314,0.314,0.296,0.204
henan_north,1995-08-29,0.401,0.375,0.3,0.204
henan_north,1995-08-30,0.408,0.4,0.314,0.204
henan_north,1995-08-31,0.419,0.411,0.324,0.205
henan_north,1995-09-01,0.402,0.399,0.332,0.205
henan_north,1995-09-02,0.38,0.384,0.335,0.205
henan_north,1995-09-03,0.369,0.372,0.335,0.206
henan_north,1995-09-04,0.381,0.369,0.335,0.206
henan_north,1995-09-05,0.372,0.367,0.335,0.206
henan_north,1995-09-06,0.379,0.367,0.335,0.206
henan_north,1995-09-07,0.372,0.366,0.335,0.207
henan_north,1995-09-08,0.386,0.37,0.336,0.207
henan_north,1995-09-09,0.382,0.377,0.337,0.207
henan_north,1995-09-10,0.371,0.372,0.337,0.208
henan_north,1995-09-11,0.359,0.364,0.337,0.208
henan_north,1995-09-12,0.349,0.357,0.336,0.208
henan_north,1995-09-13,0.339,0.349,0.335,0.209
henan_north,1995-09-14,0.331,0.34,0.334,0.209
henan_north,1995-09-15,0.321,0.333,0.332,0.209
henan_north,1995-09-16,0.311,0.326,0.33,0.209
henan_north,1995-09-17,0.3,0.318,0.328,0.21
henan_north,1995-09-18,0.29,0.31,0.326,0.21
henan_north,1995-09-19,0.288,0.305,0.324,0.21
henan_north,1995-09-20,0.304,0.302,0.323,0.21
henan_north,1995-09-21,0.301,0.3,0.321,0.21
henan_north,1995-09-22,0.287,0.295,0.319,0.211
henan_north,1995-09-23,0.298,0.291,0.318,0.211
henan_north,1995-09-24,0.325,0.293,0.316,0.211
henan_north,1995-09-25,0.3,0.291,0.314,0.211
henan_north,1995-09-26,0.283,0.286,0.312,0.211
henan_north,1995-09-27,0.271,0.282,0.31,0.211
henan_north,1995-09-28,0.261,0.278,0.309,0.211
henan_north,1995-09-29,0.253,0.273,0.307,0.212
henan_north,1995-09-30,0.273,0.27,0.305,0.212
henan_north,1995-10-01,0.294,0.27,0.304,0.212
henan_north,1995-10-02,0.397,0.336,0.304,0.212
henan_north,1995-10-03,0.362,0.351,0.304,0.212
henan_north,1995-10-04,0.343,0.345,0.304,0.212
henan_north,1995-10-05,0.328,0.337,0.304,0.212
henan_north,1995-10-06,0.318,0.33,0.303,0.212
henan_north,1995-10-07,0.312,0.324,0.303,0.212
henan_north,1995-10-08,0.306,0.318,0.302,0.212
henan_north,1995-10-09,0.299,0.313,0.301,0.213
henan_north,1995-10-10,0.292,0.307,0.3,0.213
henan_north,1995-10-11,0.286,0.302,0.299,0.213
henan_north,1995-10-12,0.309,0.3,0.299,0.213
henan_north,1995-10-13,0.4,0.347,0.299,0.213
henan_north,1995-10-14,0.388,0.385,0.302,0.213
henan_north,1995-10-15,0.367,0.371,0.305,0.213
henan_north,1995-10-16,0.356,0.361,0.306,0.213
henan_north,1995-10-17,0.356,0.353,0.306,0.213
henan_north,1995-10-18,0.407,0.395,0.31,0.213
henan_north,1995-10-19,0.386,0.385,0.314,0.214
henan_north,1995-10-20,0.385,0.378,0.317,0.214
henan_north,1995-10-21,0.371,0.372,0.319,0.214
henan_north,1995-10-22,0.363,0.364,0.32,0.214
henan_north,1995-10-23,0.387,0.368,0.321,0.214
henan_north,1995-10-24,0.366,0.366,0.321,0.215
henan_north,1995-10-25,0.354,0.358,0.322,0.215
henan_north,1995-10-26,0.346,0.351,0.322,0.215
henan_north,1995-10-27,0.339,0.346,0.321,0.215
henan_north,1995-10-28,0.333,0.341,0.321,0.215
henan_north,1995-10-29,0.327,0.336,0.32,0.215
henan_north,1995-10-30,0.32,0.33,0.32,0.216
henan_north,1995-10-31,0.312,0.325,0.318,0.216
henan_north,1995-11-01,0.307,0.32,0.318,0.216
henan_north,1995-11-02,0.303,0.317,0.317,0.216
henan_north,1995-11-03,0.3,0.313,0.316,0.216
henan_north,1995-11-04,0.296,0.309,0.315,0.216
henan_north,1995-11-05,0.292,0.306,0.314,0.217
henan_north,1995-11-06,0.288,0.302,0.313,0.217
henan_north,1995-11-07,0.282,0.298,0.312,0.217
henan_north,1995-11-08,0.277,0.295,0.311,0.217
henan_north,1995-11-09,0.274,0.292,0.31,0.217
henan_north,1995-11-10,0.27,0.289,0.309,0.217
henan_north,1995-11-11,0.267,0.286,0.308,0.217
henan_north,1995-11-12,0.264,0.283,0.307,0.217
henan_north,1995-11-13,0.26,0.28,0.306,0.218
henan_north,1995-11-14,0.257,0.277,0.305,0.218
henan_north,1995-11-15,0.255,0.275,0.304,0.218
henan_north,1995-11-16,0.253,0.273,0.303,0.218
henan_north,1995-11-17,0.25,0.271,0.302,0.218
henan_north,1995-11-18,0.25,0.27,0.301,0.218
henan_north,1995-11-19,0.252,0.269,0.301,0.218
henan_north,1995-11-20,0.25,0.267,0.3,0.218
henan_north,1995-11-21,0.248,0.266,0.299,0.218
henan_north,1995-11-22,0.245,0.264,0.298,0.218
henan_north,1995-11-23,0.243,0.263,0.297,0.218
henan_north,1995-11-24,0.241,0.261,0.296,0.219
henan_north,1995-11-25,0.24,0.26,0.296,0.219
henan_north,1995-11-26,0.238,0.258,0.295,0.219
henan_north,1995-11-27,0.237,0.257,0.294,0.219
henan_north,1995-11-28,0.236,0.256,0.293,0.219
henan_north,1995-11-29,0.236,0.255,0.292,0.219
henan_north,1995-11-30,0.236,0.254,0.292,0.219
henan_north,1995-12-01,0.237,0.254,0.291,0.219
henan_north,1995-12-02,0.247,0.253,0.291,0.219
henan_north,1995-12-03,0.248,0.253,0.29,0.219
henan_north,1995-12-04,0.246,0.253,0.29,0.219
henan_north,1995-12-05,0.243,0.253,0.289,0.219
henan_north,1995-12-06,0.241,0.252,0.288,0.219
henan_north,1995-12-07,0.24,0.252,0.288,0.219
henan_north,1995-12-08,0.239,0.251,0.287,0.22
henan_north,1995-12-09,0.238,0.251,0.287,0.22
henan_north,1995-12-10,0.238,0.25,0.286,0.22
henan_north,1995-12-11,0.237,0.25,0.286,0.22
henan_north,1995-12-12,0.235,0.249,0.285,0.22
henan_north,1995-12-13,0.234,0.249,0.284,0.22
henan_north,1995-12-14,0.233,0.248,0.284,0.22
henan_north,1995-12-15,0.231,0.247,0.283,0.22
henan_north,1995-12-16,0.233,0.247,0.283,0.22
henan_north,1995-12-17,0.235,0.246,0.282,0.22
henan_north,1995-12-18,0.235,0.246,0.282,0.22
henan_north,1995-12-19,0.235,0.246,0.281,0.22
henan_north,1995-12-20,0.235,0.245,0.281,0.22
henan_north,1995-12-21,0.235,0.245,0.28,0.22
henan_north,1995-12-22,0.233,0.244,0.28,0.22
henan_north,1995-12-23,0.232,0.244,0.279,0.22
henan_north,1995-12-24,0.23,0.243,0.279,0.22
henan_north,1995-12-25,0.229,0.243,0.278,0.22
henan_north,1995-12-26,0.228,0.242,0.278,0.22
henan_north,1995-12-27,0.227,0.242,0.277,0.22
henan_north,1995-12-28,0.227,0.242,0.277,0.221
henan_north,1995-12-29,0.226,0.241,0.277,0.221
henan_north,1995-12-30,0.226,0.241,0.276,0.221
henan_north,1995-12-31,0.224,0.24,0.276,0.221
henan_north,1996-01-01,0.223,0.24,0.275,0.221
henan_north,1996-01-02,0.221,0.239,0.275,0.221
henan_north,1996-01-03,0.219,0.238,0.274,0.221
henan_north,1996-01-04,0.218,0.237,0.274,0.221
henan_north,1996-01-05,0.218,0.237,0.273,0.221
henan_north,1996-01-06,0.217,0.236,0.273,0.221
henan_north,1996-01-07,0.216,0.236,0.272,0.221
henan_north,1996-01-08,0.215,0.235,0.272,0.221
henan_north,1996-01-09,0.216,0.235,0.272,0.221
henan_north,1996-01-10,0.216,0.235,0.271,0.221
henan_north,1996-01-11,0.216,0.235,0.271,0.221
henan_north,1996-01-12,0.216,0.234,0.271,0.221
henan_north,1996-01-13,0.216,0.234,0.27,0.221
henan_north,1996-01-14,0.216,0.234,0.27,0.221
henan_north,1996-01-15,0.218,0.233,0.27,0.221
henan_north,1996-01-16,0.219,0.233,0.269,0.221
henan_north,1996-01-17,0.221,0.233,0.269,0.221
henan_north,1996-01-18,0.223,0.233,0.269,0.221
henan_north,1996-01-19,0.227,0.233,0.269,0.221
henan_north,1996-01-20,0.23,0.233,0.268,0.221
henan_north,1996-01-21,0.234,0.233,0.268,0.221
henan_north,1996-01-22,0.241,0.234,0.268,0.221
henan_north,1996-01-23,0.247,0.234,0.267,0.221
henan_north,1996-01-24,0.249,0.234,0.267,0.221
henan_north,1996-01-25,0.25,0.235,0.267,0.221
henan_north,1996-01-26,0.251,0.236,0.266,0.221
henan_north,1996-01-27,0.25,0.236,0.266,0.221
henan_north,1996-01-28,0.247,0.236,0.266,0.221
henan_north,1996-01-29,0.244,0.236,0.265,0.221
henan_north,1996-01-30,0.241,0.236,0.265,0.222
henan_north,1996-01-31,0.238,0.236,0.265,0.222
henan_north,1996-02-01,0.235,0.235,0.264,0.222
henan_north,1996-02-02,0.233,0.235,0.264,0.222
henan_north,1996-02-03,0.231,0.235,0.264,0.222
henan_north,1996-02-04,0.229,0.235,0.263,0.222
henan_north,1996-02-05,0.226,0.234,0.263,0.222
henan_north,1996-02-06,0.223,0.233,0.262,0.222
henan_north,1996-02-07,0.221,0.232,0.262,0.222
henan_north,1996-02-08,0.218,0.231,0.262,0.222
henan_north,1996-02-09,0.216,0.231,0.261,0.222
henan_north,1996-02-10,0.215,0.23,0.261,0.222
henan_north,1996-02-11,0.212,0.229,0.26,0.222
henan_north,1996-02-12,0.209,0.227,0.26,0.222
henan_north,1996-02-13,0.205,0.225,0.259,0.222
henan_north,1996-02-14,0.2,0.223,0.258,0.222
henan_north,1996-02-15,0.196,0.222,0.258,0.222
henan_north,1996-02-16,0.194,0.221,0.257,0.222
henan_north,1996-02-17,0.195,0.221,0.257,0.222
henan_north,1996-02-18,0.196,0.221,0.257,0.222
henan_north,1996-02-19,0.199,0.221,0.257,0.222
henan_north,1996-02-20,0.206,0.22,0.256,0.222
henan_north,1996-02-21,0.217,0.22,0.256,0.222
henan_north,1996-02-22,0.232,0.221,0.256,0.222
henan_north,1996-02-23,0.252,0.221,0.256,0.222
henan_north,1996-02-24,0.268,0.223,0.255,0.222
henan_north,1996-02-25,0.278,0.225,0.255,0.222
henan_north,1996-02-26,0.277,0.228,0.255,0.222
henan_north,1996-02-27,0.269,0.229,0.254,0.222
henan_north,1996-02-28,0.264,0.23,0.254,0.222
henan_north,1996-02-29,0.257,0.229,0.253,0.222
henan_north,1996-03-01,0.248,0.229,0.252,0.222
henan_north,1996-03-02,0.239,0.227,0.252,0.222
henan_north,1996-03-03,0.232,0.226,0.251,0.222
henan_north,1996-03-04,0.226,0.224,0.25,0.222
henan_north,1996-03-05,0.221,0.223,0.25,0.222
henan_north,1996-03-06,0.214,0.221,0.249,0.222
henan_north,1996-03-07,0.208,0.219,0.249,0.222
henan_north,1996-03-08,0.202,0.217,0.248,0.222
henan_north,1996-03-09,0.197,0.215,0.247,0.222
henan_north,1996-03-10,0.193,0.213,0.246,0.222
henan_north,1996-03-11,0.188,0.211,0.245,0.222
henan_north,1996-03-12,0.184,0.209,0.245,0.222
henan_north,1996-03-13,0.179,0.206,0.244,0.222
henan_north,1996-03-14,0.176,0.204,0.243,0.222
henan_north,1996-03-15,0.172,0.203,0.243,0.222
henan_north,1996-03-16,0.171,0.201,0.242,0.222
henan_north,1996-03-17,0.169,0.2,0.241,0.222
henan_north,1996-03-18,0.167,0.198,0.24,0.222
henan_north,1996-03-19,0.164,0.196,0.24,0.222
henan_north,1996-03-20,0.168,0.196,0.239,0.222
henan_north,1996-03-21,0.234,0.196,0.239,0.222
henan_north,1996-03-22,0.23,0.196,0.239,0.222
henan_north,1996-03-23,0.222,0.196,0.238,0.222
henan_north,1996-03-24,0.218,0.196,0.238,0.222
henan_north,1996-03-25,0.212,0.195,0.237,0.222
henan_north,1996-03-26,0.205,0.194,0.236,0.222
henan_north,1996-03-27,0.2,0.193,0.236,0.222
henan_north,1996-03-28,0.211,0.192,0.235,0.222
henan_north,1996-03-29,0.26,0.194,0.235,0.222
henan_north,1996-03-30,0.276,0.198,0.235,0.222
henan_north,1996-03-31,0.256,0.2,0.234,0.222
henan_north,1996-04-01,0.241,0.2,0.233,0.222
henan_north,1996-04-02,0.229,0.199,0.233,0.222
henan_north,1996-04-03,0.219,0.198,0.232,0.222
henan_north,1996-04-04,0.211,0.196,0.231,0.221
henan_north,1996-04-05,0.203,0.194,0.23,0.221
henan_north,1996-04-06,0.193,0.192,0.229,0.221
henan_north,1996-04-07,0.183,0.189,0.228,0.221
henan_north,1996-04-08,0.175,0.186,0.227,0.221
henan_north,1996-04-09,0.17,0.184,0.226,0.221
henan_north,1996-04-10,0.167,0.182,0.225,0.221
henan_north,1996-04-11,0.166,0.181,0.224,0.221
henan_north,1996-04-12,0.186,0.18,0.224,0.221
henan_north,1996-04-13,0.189,0.179,0.223,0.221
henan_north,1996-04-14,0.184,0.178,0.223,0.221
henan_north,1996-04-15,0.178,0.177,0.222,0.221
henan_north,1996-04-16,0.171,0.175,0.22,0.221
henan_north,1996-04-17,0.163,0.172,0.219,0.221
henan_north,1996-04-18,0.166,0.17,0.218,0.221
henan_north,1996-04-19,0.172,0.169,0.217,0.221
henan_north,1996-04-20,0.163,0.167,0.216,0.221
henan_north,1996-04-21,0.156,0.165,0.215,0.221
henan_north,1996-04-22,0.15,0.162,0.213,0.221
henan_north,1996-04-23,0.144,0.16,0.211,0.221
henan_north,1996-04-24,0.14,0.158,0.21,0.221
henan_north,1996-04-25,0.137,0.156,0.208,0.22
henan_north,1996-04-26,0.134,0.153,0.207,0.22
henan_north,1996-04-27,0.145,0.153,0.205,0.22
henan_north,1996-04-28,0.234,0.154,0.205,0.22
henan_north,1996-04-29,0.253,0.156,0.205,0.22
henan_north,1996-04-30,0.232,0.158,0.204,0.22
henan_north,1996-05-01,0.217,0.158,0.203,0.22
henan_north,1996-05-02,0.204,0.158,0.202,0.22
henan_north,1996-05-03,0.242,0.159,0.202,0.22
henan_north,1996-05-04,0.238,0.161,0.202,0.22
henan_north,1996-05-05,0.218,0.161,0.201,0.22
henan_north,1996-05-06,0.208,0.16,0.2,0.22
henan_north,1996-05-07,0.193,0.159,0.199,0.22
henan_north,1996-05-08,0.176,0.157,0.197,0.22
henan_north,1996-05-09,0.164,0.155,0.196,0.22
henan_north,1996-05-10,0.154,0.153,0.195,0.22
henan_north,1996-05-11,0.147,0.151,0.193,0.22
henan_north,1996-05-12,0.141,0.149,0.192,0.219
henan_north,1996-05-13,0.137,0.148,0.191,0.219
henan_north,1996-05-14,0.136,0.147,0.19,0.219
henan_north,1996-05-15,0.134,0.146,0.189,0.219
henan_north,1996-05-16,0.132,0.145,0.188,0.219
henan_north,1996-05-17,0.13,0.144,0.187,0.219
henan_north,1996-05-18,0.129,0.143,0.185,0.219
henan_north,1996-05-19,0.127,0.142,0.184,0.219
henan_north,1996-05-20,0.126,0.141,0.182,0.219
henan_north,1996-05-21,0.124,0.14,0.181,0.219
henan_north,1996-05-22,0.124,0.139,0.18,0.218
henan_north,1996-05-23,0.175,0.139,0.179,0.218
henan_north,1996-05-24,0.249,0.141,0.178,0.218
henan_north,1996-05-25,0.235,0.144,0.178,0.218
henan_north,1996-05-26,0.227,0.144,0.177,0.218
henan_north,1996-05-27,0.347,0.166,0.177,0.218
henan_north,1996-05-28,0.324,0.204,0.176,0.218
henan_north,1996-05-29,0.282,0.21,0.176,0.218
henan_north,1996-05-30,0.252,0.208,0.176,0.218
henan_north,1996-05-31,0.228,0.204,0.175,0.218
henan_north,1996-06-01,0.209,0.199,0.174,0.218
henan_north,1996-06-02,0.198,0.196,0.174,0.218
henan_north,1996-06-03,0.193,0.193,0.174,0.218
henan_north,1996-06-04,0.21,0.191,0.173,0.218
henan_north,1996-06-05,0.203,0.189,0.173,0.218
henan_north,1996-06-06,0.212,0.187,0.173,0.218
henan_north,1996-06-07,0.214,0.185,0.172,0.217
henan_north,1996-06-08,0.203,0.183,0.172,0.217
henan_north,1996-06-09,0.193,0.181,0.172,0.217
henan_north,1996-06-10,0.18,0.178,0.171,0.217
henan_north,1996-06-11,0.167,0.174,0.17,0.217
henan_north,1996-06-12,0.157,0.17,0.17,0.217
henan_north,1996-06-13,0.15,0.167,0.169,0.217
henan_north,1996-06-14,0.147,0.164,0.168,0.217
henan_north,1996-06-15,0.209,0.161,0.168,0.217
henan_north,1996-06-16,0.236,0.161,0.167,0.217
henan_north,1996-06-17,0.265,0.164,0.167,0.217
henan_north,1996-06-18,0.243,0.165,0.166,0.217
henan_north,1996-06-19,0.335,0.216,0.166,0.217
henan_north,1996-06-20,0.27,0.221,0.165,0.217
henan_north,1996-06-21,0.239,0.215,0.165,0.216
henan_north,1996-06-22,0.217,0.209,0.165,0.216
henan_north,1996-06-23,0.211,0.205,0.164,0.216
henan_north,1996-06-24,0.209,0.202,0.164,0.216
henan_north,1996-06-25,0.192,0.196,0.164,0.216
henan_north,1996-06-26,0.177,0.191,0.163,0.216
henan_north,1996-06-27,0.166,0.185,0.163,0.216
henan_north,1996-06-28,0.205,0.181,0.162,0.216
henan_north,1996-06-29,0.288,0.187,0.162,0.216
henan_north,1996-06-30,0.246,0.185,0.161,0.216
henan_north,1996-07-01,0.221,0.182,0.161,0.216
henan_north,1996-07-02,0.197,0.177,0.16,0.216
henan_north,1996-07-03,0.264,0.176,0.159,0.216
henan_north,1996-07-04,0.315,0.198,0.159,0.215
henan_north,1996-07-05,0.259,0.198,0.159,0.215
henan_north,1996-07-06,0.225,0.193,0.158,0.215
henan_north,1996-07-07,0.202,0.187,0.158,0.215
henan_north,1996-07-08,0.254,0.186,0.158,0.215
henan_north,1996-07-09,0.334,0.2,0.158,0.215
henan_north,1996-07-10,0.333,0.231,0.158,0.215
henan_north,1996-07-11,0.356,0.255,0.158,0.215
henan_north,1996-07-12,0.313,0.267,0.158,0.215
henan_north,1996-07-13,0.296,0.264,0.158,0.215
henan_north,1996-07-14,0.3,0.264,0.159,0.215
henan_north,1996-07-15,0.284,0.26,0.159,0.215
henan_north,1996-07-16,0.273,0.253,0.159,0.215
henan_north,1996-07-17,0.293,0.249,0.159,0.215
henan_north,1996-07-18,0.289,0.247,0.159,0.215
henan_north,1996-07-19,0.288,0.244,0.159,0.215
henan_north,1996-07-20,0.265,0.238,0.159,0.215
henan_north,1996-07-21,0.272,0.234,0.159,0.215
henan_north,1996-07-22,0.249,0.229,0.159,0.215
henan_north,1996-07-23,0.235,0.221,0.158,0.214
henan_north,1996-07-24,0.216,0.213,0.158,0.214
henan_north,1996-07-25,0.237,0.207,0.158,0.214
henan_north,1996-07-26,0.367,0.256,0.158,0.214
henan_north,1996-07-27,0.37,0.306,0.159,0.214
henan_north,1996-07-28,0.354,0.312,0.16,0.214
henan_north,1996-07-29,0.366,0.317,0.161,0.214
henan_north,1996-07-30,0.38,0.338,0.163,0.214
henan_north,1996-07-31,0.417,0.399,0.174,0.214
henan_north,1996-08-01,0.386,0.377,0.186,0.214
henan_north,1996-08-02,0.395,0.372,0.193,0.214
henan_north,1996-08-03,0.428,0.412,0.212,0.214
henan_north,1996-08-04,0.429,0.426,0.302,0.214
henan_north,1996-08-05,0.428,0.425,0.352,0.214
henan_north,1996-08-06,0.413,0.411,0.375,0.215
henan_north,1996-08-07,0.416,0.414,0.378,0.216
henan_north,1996-08-08,0.414,0.409,0.38,0.217
henan_north,1996-08-09,0.419,0.419,0.385,0.218
henan_north,1996-08-10,0.41,0.41,0.388,0.22
henan_north,1996-08-11,0.408,0.412,0.39,0.221
henan_north,1996-08-12,0.393,0.396,0.388,0.223
henan_north,1996-08-13,0.388,0.389,0.384,0.224
henan_north,1996-08-14,0.377,0.381,0.381,0.225
henan_north,1996-08-15,0.367,0.373,0.378,0.226
henan_north,1996-08-16,0.362,0.365,0.374,0.227
henan_north,1996-08-17,0.356,0.358,0.37,0.228
henan_north,1996-08-18,0.344,0.351,0.367,0.228
henan_north,1996-08-19,0.33,0.342,0.363,0.229
henan_north,1996-08-20,0.315,0.332,0.359,0.23
henan_north,1996-08-21,0.303,0.323,0.356,0.23
henan_north,1996-08-22,0.296,0.316,0.352,0.23
henan_north,1996-08-23,0.3,0.312,0.35,0.231
henan_north,1996-08-24,0.296,0.31,0.348,0.231
henan_north,1996-08-25,0.307,0.309,0.346,0.232
henan_north,1996-08-26,0.318,0.31,0.344,0.232
henan_north,1996-08-27,0.332,0.312,0.342,0.232
henan_north,1996-08-28,0.312,0.309,0.34,0.232
henan_north,1996-08-29,0.311,0.305,0.337,0.233
henan_north,1996-08-30,0.314,0.303,0.335,0.233
henan_north,1996-08-31,0.296,0.298,0.332,0.233
henan_north,1996-09-01,0.28,0.292,0.33,0.233
henan_north,1996-09-02,0.27,0.286,0.327,0.233
henan_north,1996-09-03,0.279,0.283,0.325,0.234
henan_north,1996-09-04,0.293,0.283,0.323,0.234
henan_north,1996-09-05,0.407,0.349,0.323,0.234
henan_north,1996-09-06,0.383,0.383,0.326,0.234
henan_north,1996-09-07,0.368,0.371,0.327,0.234
henan_north,1996-09-08,0.359,0.363,0.327,0.234
henan_north,1996-09-09,0.35,0.356,0.327,0.235
henan_north,1996-09-10,0.343,0.349,0.327,0.235
henan_north,1996-09-11,0.372,0.351,0.326,0.235
henan_north,1996-09-12,0.353,0.35,0.326,0.235
henan_north,1996-09-13,0.336,0.342,0.325,0.235
henan_north,1996-09-14,0.33,0.335,0.324,0.236
henan_north,1996-09-15,0.32,0.328,0.322,0.236
henan_north,1996-09-16,0.309,0.321,0.321,0.236
henan_north,1996-09-17,0.396,0.375,0.322,0.236
henan_north,1996-09-18,0.408,0.408,0.337,0.236
henan_north,1996-09-19,0.384,0.388,0.341,0.236
henan_north,1996-09-20,0.365,0.373,0.341,0.237
henan_north,1996-09-21,0.351,0.361,0.341,0.237
henan_north,1996-09-22,0.339,0.351,0.339,0.237
henan_north,1996-09-23,0.329,0.342,0.338,0.237
henan_north,1996-09-24,0.319,0.334,0.336,0.238
henan_north,1996-09-25,0.311,0.326,0.334,0.238
henan_north,1996-09-26,0.31,0.321,0.333,0.238
henan_north,1996-09-27,0.311,0.317,0.331,0.238
henan_north,1996-09-28,0.303,0.313,0.33,0.238
henan_north,1996-09-29,0.295,0.308,0.328,0.239
henan_north,1996-09-30,0.287,0.303,0.326,0.239
henan_north,1996-10-01,0.295,0.3,0.325,0.239
henan_north,1996-10-02,0.301,0.299,0.324,0.239
henan_north,1996-10-03,0.29,0.296,0.322,0.239
henan_north,1996-10-04,0.282,0.293,0.321,0.239
henan_north,1996-10-05,0.363,0.313,0.32,0.24
henan_north,1996-10-06,0.367,0.351,0.32,0.24
henan_north,1996-10-07,0.35,0.349,0.32,0.24
henan_north,1996-10-08,0.337,0.343,0.319,0.24
henan_north,1996-10-09,0.328,0.336,0.319,0.24
henan_north,1996-10-10,0.32,0.33,0.318,0.24
henan_north,1996-10-11,0.314,0.325,0.317,0.24
henan_north,1996-10-12,0.308,0.32,0.316,0.24
henan_north,1996-10-13,0.302,0.315,0.315,0.241
henan_north,1996-10-14,0.295,0.31,0.314,0.241
henan_north,1996-10-15,0.289,0.305,0.313,0.241
henan_north,1996-10-16,0.288,0.302,0.312,0.241
henan_north,1996-10-17,0.337,0.304,0.312,0.241
henan_north,1996-10-18,0.319,0.306,0.311,0.241
henan_north,1996-10-19,0.308,0.304,0.31,0.241
henan_north,1996-10-20,0.301,0.302,0.309,0.241
henan_north,1996-10-21,0.293,0.299,0.308,0.241
henan_north,1996-10-22,0.288,0.297,0.308,0.241
henan_north,1996-10-23,0.295,0.295,0.307,0.242
henan_north,1996-10-24,0.341,0.3,0.306,0.242
henan_north,1996-10-25,0.32,0.303,0.306,0.242
henan_north,1996-10-26,0.306,0.301,0.305,0.242
henan_north,1996-10-27,0.296,0.299,0.304,0.242
henan_north,1996-10-28,0.289,0.296,0.303,0.242
henan_north,1996-10-29,0.282,0.293,0.303,0.242
henan_north,1996-10-30,0.278,0.29,0.302,0.242
henan_north,1996-10-31,0.349,0.295,0.301,0.242
henan_north,1996-11-01,0.377,0.333,0.301,0.242
henan_north,1996-11-02,0.348,0.338,0.302,0.242
henan_north,1996-11-03,0.34,0.336,0.302,0.242
henan_north,1996-11-04,0.337,0.334,0.302,0.242
henan_north,1996-11-05,0.33,0.331,0.302,0.242
henan_north,1996-11-06,0.326,0.328,0.302,0.243
henan_north,1996-11-07,0.371,0.334,0.302,0.243
henan_north,1996-11-08,0.356,0.341,0.303,0.243
henan_north,1996-11-09,0.343,0.339,0.303,0.243
henan_north,1996-11-10,0.336,0.336,0.303,0.243
henan_north,1996-11-11,0.332,0.334,0.303,0.243
henan_north,1996-11-12,0.347,0.333,0.303,0.243
henan_north,1996-11-13,0.335,0.332,0.303,0.243
henan_north,1996-11-14,0.33,0.33,0.303,0.243
henan_north,1996-11-15,0.328,0.328,0.303,0.243
henan_north,1996-11-16,0.337,0.327,0.303,0.243
henan_north,1996-11-17,0.338,0.328,0.304,0.243
henan_north,1996-11-18,0.328,0.326,0.303,0.243
henan_north,1996-11-19,0.321,0.323,0.303,0.243
henan_north,1996-11-20,0.316,0.32,0.303,0.244
henan_north,1996-11-21,0.31,0.317,0.303,0.244
henan_north,1996-11-22,0.307,0.314,0.302,0.244
henan_north,1996-11-23,0.303,0.311,0.302,0.244
henan_north,1996-11-24,0.299,0.308,0.301,0.244
henan_north,1996-11-25,0.298,0.306,0.301,0.244
henan_north,1996-11-26,0.298,0.304,0.301,0.244
henan_north,1996-11-27,0.294,0.302,0.3,0.244
henan_north,1996-11-28,0.292,0.301,0.3,0.244
henan_north,1996-11-29,0.29,0.299,0.3,0.244
henan_north,1996-11-30,0.287,0.296,0.299,0.244
henan_north,1996-12-01,0.285,0.295,0.299,0.244
henan_north,1996-12-02,0.284,0.294,0.298,0.244
henan_north,1996-12-03,0.285,0.292,0.298,0.244
henan_north,1996-12-04,0.298,0.292,0.298,0.244
henan_north,1996-12-05,0.293,0.291,0.297,0.245
henan_north,1996-12-06,0.288,0.29,0.297,0.245
henan_north,1996-12-07,0.284,0.289,0.296,0.245
henan_north,1996-12-08,0.282,0.288,0.296,0.245
henan_north,1996-12-09,0.279,0.287,0.296,0.245
henan_north,1996-12-10,0.276,0.285,0.295,0.245
henan_north,1996-12-11,0.273,0.283,0.295,0.245
henan_north,1996-12-12,0.271,0.282,0.294,0.245
henan_north,1996-12-13,0.269,0.28,0.294,0.245
henan_north,1996-12-14,0.267,0.279,0.293,0.245
henan_north,1996-12-15,0.266,0.277,0.293,0.245
henan_north,1996-12-16,0.265,0.276,0.292,0.245
henan_north,1996-12-17,0.262,0.275,0.292,0.245
henan_north,1996-12-18,0.261,0.274,0.291,0.245
henan_north,1996-12-19,0.261,0.273,0.291,0.245
henan_north,1996-12-20,0.261,0.272,0.291,0.245
henan_north,1996-12-21,0.259,0.271,0.29,0.245
henan_north,1996-12-22,0.257,0.27,0.29,0.245
henan_north,1996-12-23,0.255,0.269,0.289,0.245
henan_north,1996-12-24,0.253,0.267,0.289,0.245
henan_north,1996-12-25,0.251,0.266,0.288,0.245
henan_north,1996-12-26,0.25,0.264,0.288,0.245
henan_north,1996-12-27,0.249,0.263,0.287,0.246
henan_north,1996-12-28,0.247,0.262,0.287,0.246
henan_north,1996-12-29,0.246,0.261,0.286,0.246
henan_north,1996-12-30,0.246,0.26,0.286,0.246
henan_north,1996-12-31,0.247,0.26,0.286,0.246
henan_north,1997-01-01,0.247,0.259,0.285,0.246
henan_north,1997-01-02,0.246,0.258,0.285,0.246
henan_north,1997-01-03,0.245,0.258,0.284,0.246
henan_north,1997-01-04,0.246,0.258,0.284,0.246
henan_north,1997-01-05,0.246,0.257,0.284,0.246
henan_north,1997-01-06,0.247,0.257,0.284,0.246
henan_north,1997-01-07,0.248,0.258,0.283,0.246
henan_north,1997-01-08,0.248,0.258,0.283,0.246
henan_north,1997-01-09,0.249,0.258,0.283,0.246
henan_north,1997-01-10,0.249,0.258,0.283,0.246
henan_north,1997-01-11,0.249,0.258,0.283,0.246
henan_north,1997-01-12,0.25,0.258,0.282,0.246
henan_north,1997-01-13,0.249,0.257,0.282,0.246
henan_north,1997-01-14,0.248,0.257,0.282,0.246
henan_north,1997-01-15,0.247,0.257,0.281,0.246
henan_north,1997-01-16,0.247,0.256,0.281,0.246
henan_north,1997-01-17,0.247,0.256,0.281,0.246
henan_north,1997-01-18,0.246,0.255,0.28,0.246
henan_north,1997-01-19,0.244,0.255,0.28,0.246
henan_north,1997-01-20,0.242,0.254,0.28,0.246
henan_north,1997-01-21,0.24,0.253,0.279,0.246
henan_north,1997-01-22,0.239,0.252,0.279,0.246
henan_north,1997-01-23,0.239,0.252,0.279,0.246
henan_north,1997-01-24,0.243,0.251,0.278,0.246
henan_north,1997-01-25,0.248,0.251,0.278,0.246
henan_north,1997-01-26,0.251,0.251,0.278,0.246
henan_north,1997-01-27,0.25,0.25,0.277,0.246
henan_north,1997-01-28,0.248,0.249,0.277,0.246
henan_north,1997-01-29,0.246,0.249,0.276,0.246
henan_north,1997-01-30,0.255,0.248,0.276,0.246
henan_north,1997-01-31,0.261,0.249,0.275,0.247
henan_north,1997-02-01,0.265,0.249,0.275,0.247
henan_north,1997-02-02,0.262,0.25,0.275,0.247
henan_north,1997-02-03,0.258,0.25,0.274,0.247
henan_north,1997-02-04,0.254,0.25,0.274,0.247
henan_north,1997-02-05,0.251,0.249,0.274,0.247
henan_north,1997-02-06,0.247,0.249,0.273,0.247
henan_north,1997-02-07,0.244,0.248,0.273,0.247
henan_north,1997-02-08,0.241,0.247,0.272,0.247
henan_north,1997-02-09,0.238,0.246,0.272,0.247
henan_north,1997-02-10,0.234,0.245,0.271,0.247
henan_north,1997-02-11,0.231,0.244,0.271,0.247
henan_north,1997-02-12,0.229,0.243,0.27,0.247
henan_north,1997-02-13,0.226,0.241,0.27,0.247
henan_north,1997-02-14,0.224,0.24,0.269,0.247
henan_north,1997-02-15,0.22,0.238,0.269,0.247
henan_north,1997-02-16,0.217,0.237,0.268,0.247
henan_north,1997-02-17,0.215,0.235,0.268,0.247
henan_north,1997-02-18,0.212,0.234,0.267,0.247
henan_north,1997-02-19,0.209,0.232,0.267,0.247
henan_north,1997-02-20,0.205,0.23,0.266,0.247
henan_north,1997-02-21,0.201,0.228,0.265,0.247
henan_north,1997-02-22,0.198,0.226,0.264,0.247
henan_north,1997-02-23,0.196,0.224,0.264,0.247
henan_north,1997-02-24,0.194,0.223,0.263,0.247
henan_north,1997-02-25,0.194,0.222,0.263,0.247
henan_north,1997-02-26,0.193,0.221,0.262,0.247
henan_north,1997-02-27,0.258,0.222,0.262,0.247
henan_north,1997-02-28,0.332,0.243,0.262,0.247
henan_north,1997-03-01,0.298,0.249,0.261,0.247
henan_north,1997-03-02,0.28,0.25,0.26,0.247
henan_north,1997-03-03,0.267,0.248,0.26,0.247
henan_north,1997-03-04,0.256,0.247,0.259,0.247
henan_north,1997-03-05,0.246,0.244,0.258,0.247
henan_north,1997-03-06,0.238,0.242,0.258,0.246
henan_north,1997-03-07,0.229,0.238,0.257,0.246
henan_north,1997-03-08,0.221,0.235,0.256,0.246
henan_north,1997-03-09,0.216,0.233,0.255,0.246
henan_north,1997-03-10,0.212,0.231,0.255,0.246
henan_north,1997-03-11,0.235,0.229,0.254,0.246
henan_north,1997-03-12,0.29,0.233,0.254,0.246
henan_north,1997-03-13,0.339,0.253,0.254,0.246
henan_north,1997-03-14,0.356,0.314,0.254,0.246
henan_north,1997-03-15,0.331,0.315,0.254,0.246
henan_north,1997-03-16,0.315,0.311,0.254,0.246
henan_north,1997-03-17,0.304,0.306,0.254,0.246
henan_north,1997-03-18,0.296,0.301,0.254,0.246
henan_north,1997-03-19,0.291,0.298,0.254,0.246
henan_north,1997-03-20,0.284,0.293,0.254,0.246
henan_north,1997-03-21,0.277,0.288,0.254,0.246
henan_north,1997-03-22,0.271,0.284,0.254,0.246
henan_north,1997-03-23,0.267,0.279,0.253,0.246
henan_north,1997-03-24,0.26,0.275,0.253,0.246
henan_north,1997-03-25,0.253,0.271,0.252,0.246
henan_north,1997-03-26,0.247,0.266,0.252,0.246
henan_north,1997-03-27,0.243,0.262,0.251,0.246
henan_north,1997-03-28,0.238,0.258,0.251,0.246
henan_north,1997-03-29,0.229,0.252,0.25,0.246
henan_north,1997-03-30,0.218,0.247,0.249,0.246
henan_north,1997-03-31,0.212,0.242,0.248,0.246
henan_north,1997-04-01,0.274,0.24,0.247,0.246
henan_north,1997-04-02,0.281,0.242,0.247,0.246
henan_north,1997-04-03,0.271,0.243,0.247,0.246
henan_north,1997-04-04,0.263,0.242,0.246,0.246
henan_north,1997-04-05,0.25,0.239,0.245,0.246
henan_north,1997-04-06,0.237,0.235,0.244,0.246
henan_north,1997-04-07,0.228,0.232,0.243,0.246
henan_north,1997-04-08,0.222,0.229,0.243,0.246
henan_north,1997-04-09,0.212,0.225,0.242,0.246
henan_north,1997-04-10,0.203,0.221,0.241,0.246
henan_north,1997-04-11,0.193,0.216,0.239,0.246
henan_north,1997-04-12,0.184,0.211,0.238,0.246
henan_north,1997-04-13,0.176,0.207,0.237,0.245
henan_north,1997-04-14,0.171,0.203,0.236,0.245
henan_north,1997-04-15,0.166,0.2,0.234,0.245
henan_north,1997-04-16,0.162,0.197,0.233,0.245
henan_north,1997-04-17,0.231,0.195,0.232,0.245
henan_north,1997-04-18,0.244,0.195,0.232,0.245
henan_north,1997-04-19,0.227,0.193,0.231,0.245
henan_north,1997-04-20,0.215,0.192,0.23,0.245
henan_north,1997-04-21,0.204,0.19,0.229,0.245
henan_north,1997-04-22,0.194,0.188,0.228,0.245
henan_north,1997-04-23,0.191,0.187,0.227,0.245
henan_north,1997-04-24,0.189,0.185,0.226,0.245
henan_north,1997-04-25,0.181,0.183,0.225,0.245
henan_north,1997-04-26,0.173,0.181,0.224,0.245
henan_north,1997-04-27,0.165,0.178,0.223,0.245
henan_north,1997-04-28,0.158,0.174,0.221,0.245
henan_north,1997-04-29,0.152,0.171,0.219,0.244
henan_north,1997-04-30,0.146,0.168,0.217,0.244
henan_north,1997-05-01,0.141,0.165,0.216,0.244
henan_north,1997-05-02,0.138,0.162,0.215,0.244
henan_north,1997-05-03,0.136,0.16,0.213,0.244
henan_north,1997-05-04,0.134,0.158,0.211,0.244
henan_north,1997-05-05,0.132,0.157,0.21,0.244
henan_north,1997-05-06,0.219,0.158,0.209,0.244
henan_north,1997-05-07,0.323,0.192,0.209,0.244
henan_north,1997-05-08,0.275,0.198,0.208,0.244
henan_north,1997-05-09,0.248,0.197,0.207,0.244
henan_north,1997-05-10,0.243,0.196,0.206,0.243
henan_north,1997-05-11,0.281,0.198,0.206,0.243
henan_north,1997-05-12,0.269,0.201,0.206,0.243
henan_north,1997-05-13,0.256,0.202,0.205,0.243
henan_north,1997-05-14,0.233,0.2,0.205,0.243
henan_north,1997-05-15,0.21,0.195,0.203,0.243
henan_north,1997-05-16,0.191,0.19,0.202,0.243
henan_north,1997-05-17,0.177,0.185,0.201,0.243
henan_north,1997-05-18,0.164,0.18,0.199,0.243
henan_north,1997-05-19,0.155,0.176,0.198,0.243
henan_north,1997-05-20,0.147,0.172,0.197,0.243
henan_north,1997-05-21,0.142,0.169,0.195,0.242
henan_north,1997-05-22,0.141,0.166,0.194,0.242
henan_north,1997-05-23,0.143,0.163,0.193,0.242
henan_north,1997-05-24,0.138,0.16,0.192,0.242
henan_north,1997-05-25,0.135,0.157,0.19,0.242
henan_north,1997-05-26,0.132,0.154,0.189,0.242
henan_north,1997-05-27,0.142,0.153,0.188,0.242
henan_north,1997-05-28,0.154,0.152,0.188,0.242
henan_north,1997-05-29,0.151,0.151,0.187,0.242
henan_north,1997-05-30,0.149,0.149,0.186,0.241
henan_north,1997-05-31,0.142,0.148,0.184,0.241
henan_north,1997-06-01,0.139,0.146,0.183,0.241
henan_north,1997-06-02,0.135,0.145,0.182,0.241
henan_north,1997-06-03,0.132,0.144,0.181,0.241
henan_north,1997-06-04,0.13,0.143,0.18,0.241
henan_north,1997-06-05,0.129,0.142,0.179,0.241
henan_north,1997-06-06,0.13,0.141,0.178,0.24
henan_north,1997-06-07,0.133,0.141,0.178,0.24
henan_north,1997-06-08,0.138,0.141,0.177,0.24
henan_north,1997-06-09,0.135,0.14,0.177,0.24
henan_north,1997-06-10,0.133,0.139,0.176,0.24
henan_north,1997-06-11,0.134,0.139,0.175,0.24
henan_north,1997-06-12,0.132,0.138,0.174,0.24
henan_north,1997-06-13,0.131,0.138,0.172,0.24
henan_north,1997-06-14,0.131,0.137,0.171,0.239
henan_north,1997-06-15,0.134,0.137,0.171,0.239
henan_north,1997-06-16,0.131,0.136,0.17,0.239
henan_north,1997-06-17,0.129,0.136,0.169,0.239
henan_north,1997-06-18,0.128,0.136,0.168,0.239
henan_north,1997-06-19,0.126,0.135,0.168,0.239
henan_north,1997-06-20,0.127,0.135,0.167,0.239
henan_north,1997-06-21,0.126,0.135,0.166,0.238
henan_north,1997-06-22,0.125,0.135,0.165,0.238
henan_north,1997-06-23,0.124,0.134,0.163,0.238
henan_north,1997-06-24,0.123,0.134,0.162,0.238
henan_north,1997-06-25,0.151,0.134,0.162,0.238
henan_north,1997-06-26,0.211,0.135,0.161,0.238
henan_north,1997-06-27,0.201,0.136,0.161,0.237
henan_north,1997-06-28,0.185,0.136,0.161,0.237
henan_north,1997-06-29,0.184,0.136,0.16,0.237
henan_north,1997-06-30,0.218,0.137,0.16,0.237
henan_north,1997-07-01,0.198,0.138,0.159,0.237
henan_north,1997-07-02,0.237,0.139,0.159,0.237
henan_north,1997-07-03,0.281,0.144,0.159,0.237
henan_north,1997-07-04,0.357,0.198,0.158,0.237
henan_north,1997-07-05,0.301,0.218,0.158,0.237
henan_north,1997-07-06,0.264,0.217,0.158,0.237
henan_north,1997-07-07,0.235,0.211,0.158,0.236
henan_north,1997-07-08,0.213,0.204,0.157,0.236
henan_north,1997-07-09,0.196,0.197,0.157,0.236
henan_north,1997-07-10,0.179,0.19,0.157,0.236
henan_north,1997-07-11,0.165,0.183,0.156,0.236
henan_north,1997-07-12,0.153,0.176,0.155,0.236
henan_north,1997-07-13,0.147,0.171,0.155,0.236
henan_north,1997-07-14,0.159,0.169,0.154,0.235
henan_north,1997-07-15,0.164,0.166,0.154,0.235
henan_north,1997-07-16,0.152,0.161,0.154,0.235
henan_north,1997-07-17,0.166,0.159,0.153,0.235
henan_north,1997-07-18,0.209,0.158,0.153,0.235
henan_north,1997-07-19,0.231,0.158,0.153,0.235
henan_north,1997-07-20,0.247,0.16,0.153,0.235
henan_north,1997-07-21,0.215,0.159,0.152,0.235
henan_north,1997-07-22,0.262,0.159,0.152,0.235
henan_north,1997-07-23,0.323,0.184,0.152,0.235
henan_north,1997-07-24,0.279,0.191,0.152,0.234
henan_north,1997-07-25,0.246,0.189,0.152,0.234
henan_north,1997-07-26,0.214,0.183,0.151,0.234
henan_north,1997-07-27,0.189,0.177,0.151,0.234
henan_north,1997-07-28,0.17,0.171,0.15,0.234
henan_north,1997-07-29,0.157,0.166,0.15,0.234
henan_north,1997-07-30,0.154,0.161,0.149,0.233
henan_north,1997-07-31,0.177,0.158,0.149,0.233
henan_north,1997-08-01,0.239,0.157,0.149,0.233
henan_north,1997-08-02,0.337,0.191,0.148,0.233
henan_north,1997-08-03,0.282,0.201,0.148,0.233
henan_north,1997-08-04,0.313,0.206,0.148,0.233
henan_north,1997-08-05,0.27,0.208,0.148,0.233
henan_north,1997-08-06,0.241,0.204,0.148,0.233
henan_north,1997-08-07,0.276,0.202,0.148,0.233
henan_north,1997-08-08,0.273,0.204,0.148,0.233
henan_north,1997-08-09,0.231,0.197,0.148,0.232
henan_north,1997-08-10,0.202,0.19,0.147,0.232
henan_north,1997-08-11,0.182,0.183,0.147,0.232
henan_north,1997-08-12,0.166,0.176,0.147,0.232
henan_north,1997-08-13,0.152,0.169,0.146,0.232
henan_north,1997-08-14,0.143,0.163,0.146,0.231
henan_north,1997-08-15,0.137,0.158,0.145,0.231
henan_north,1997-08-16,0.134,0.153,0.145,0.231
henan_north,1997-08-17,0.132,0.151,0.145,0.231
henan_north,1997-08-18,0.13,0.148,0.144,0.231
henan_north,1997-08-19,0.128,0.145,0.144,0.23
henan_north,1997-08-20,0.137,0.143,0.143,0.23
henan_north,1997-08-21,0.136,0.142,0.143,0.23
henan_north,1997-08-22,0.133,0.14,0.143,0.23
henan_north,1997-08-23,0.13,0.139,0.142,0.23
henan_north,1997-08-24,0.128,0.138,0.142,0.229
henan_north,1997-08-25,0.127,0.137,0.142,0.229
henan_north,1997-08-26,0.126,0.136,0.141,0.229
henan_north,1997-08-27,0.125,0.136,0.141,0.229
henan_north,1997-08-28,0.125,0.135,0.141,0.229
henan_north,1997-08-29,0.133,0.135,0.141,0.228
henan_north,1997-08-30,0.145,0.135,0.14,0.228
henan_north,1997-08-31,0.141,0.134,0.14,0.228
henan_north,1997-09-01,0.137,0.134,0.14,0.228
henan_north,1997-09-02,0.134,0.134,0.14,0.228
henan_north,1997-09-03,0.132,0.134,0.14,0.228
henan_north,1997-09-04,0.13,0.134,0.14,0.228
henan_north,1997-09-05,0.128,0.134,0.14,0.227
henan_north,1997-09-06,0.126,0.133,0.139,0.227
henan_north,1997-09-07,0.125,0.133,0.139,0.227
henan_north,1997-09-08,0.124,0.133,0.139,0.227
henan_north,1997-09-09,0.123,0.133,0.139,0.227
henan_north,1997-09-10,0.123,0.133,0.139,0.227
henan_north,1997-09-11,0.125,0.133,0.139,0.226
henan_north,1997-09-12,0.245,0.137,0.139,0.226
henan_north,1997-09-13,0.39,0.211,0.139,0.226
henan_north,1997-09-14,0.377,0.293,0.14,0.226
henan_north,1997-09-15,0.348,0.306,0.141,0.226
henan_north,1997-09-16,0.324,0.304,0.142,0.226
henan_north,1997-09-17,0.31,0.296,0.144,0.226
henan_north,1997-09-18,0.332,0.294,0.145,0.226
henan_north,1997-09-19,0.302,0.288,0.146,0.226
henan_north,1997-09-20,0.281,0.28,0.146,0.226
henan_north,1997-09-21,0.264,0.271,0.147,0.226
henan_north,1997-09-22,0.25,0.263,0.147,0.226
henan_north,1997-09-23,0.239,0.256,0.148,0.226
henan_north,1997-09-24,0.229,0.25,0.148,0.226
henan_north,1997-09-25,0.218,0.243,0.148,0.226
henan_north,1997-09-26,0.207,0.236,0.148,0.226
henan_north,1997-09-27,0.199,0.231,0.148,0.226
henan_north,1997-09-28,0.191,0.225,0.148,0.226
henan_north,1997-09-29,0.183,0.219,0.148,0.226
henan_north,1997-09-30,0.177,0.214,0.148,0.225
henan_north,1997-10-01,0.171,0.209,0.148,0.225
henan_north,1997-10-02,0.166,0.205,0.148,0.225
henan_north,1997-10-03,0.176,0.202,0.148,0.225
henan_north,1997-10-04,0.193,0.201,0.148,0.225
henan_north,1997-10-05,0.186,0.198,0.148,0.225
henan_north,1997-10-06,0.179,0.195,0.148,0.225
henan_north,1997-10-07,0.172,0.192,0.148,0.225
henan_north,1997-10-08,0.166,0.189,0.148,0.225
henan_north,1997-10-09,0.16,0.187,0.148,0.225
henan_north,1997-10-10,0.155,0.184,0.148,0.225
henan_north,1997-10-11,0.151,0.181,0.148,0.225
henan_north,1997-10-12,0.148,0.179,0.148,0.225
henan_north,1997-10-13,0.145,0.177,0.148,0.225
henan_north,1997-10-14,0.142,0.175,0.148,0.225
henan_north,1997-10-15,0.139,0.173,0.148,0.225
henan_north,1997-10-16,0.137,0.171,0.147,0.225
henan_north,1997-10-17,0.136,0.169,0.147,0.224
henan_north,1997-10-18,0.134,0.167,0.147,0.224
henan_north,1997-10-19,0.133,0.166,0.147,0.224
henan_north,1997-10-20,0.132,0.164,0.147,0.224
henan_north,1997-10-21,0.131,0.162,0.147,0.224
henan_north,1997-10-22,0.13,0.161,0.147,0.224
henan_north,1997-10-23,0.129,0.16,0.147,0.224
henan_north,1997-10-24,0.139,0.159,0.147,0.224
henan_north,1997-10-25,0.142,0.159,0.147,0.224
henan_north,1997-10-26,0.141,0.158,0.147,0.224
henan_north,1997-10-27,0.139,0.158,0.147,0.224
henan_north,1997-10-28,0.138,0.157,0.147,0.224
henan_north,1997-10-29,0.137,0.156,0.147,0.224
henan_north,1997-10-30,0.136,0.156,0.147,0.224
henan_north,1997-10-31,0.135,0.155,0.147,0.224
henan_north,1997-11-01,0.134,0.154,0.147,0.224
henan_north,1997-11-02,0.133,0.154,0.147,0.224
henan_north,1997-11-03,0.133,0.153,0.147,0.224
henan_north,1997-11-04,0.132,0.153,0.147,0.224
henan_north,1997-11-05,0.131,0.152,0.147,0.224
henan_north,1997-11-06,0.131,0.152,0.147,0.224
henan_north,1997-11-07,0.13,0.151,0.147,0.224
henan_north,1997-11-08,0.138,0.151,0.147,0.223
henan_north,1997-11-09,0.159,0.151,0.147,0.223
henan_north,1997-11-10,0.166,0.151,0.147,0.223
henan_north,1997-11-11,0.291,0.155,0.147,0.223
henan_north,1997-11-12,0.308,0.17,0.147,0.223
henan_north,1997-11-13,0.295,0.181,0.147,0.223
henan_north,1997-11-14,0.275,0.187,0.147,0.223
henan_north,1997-11-15,0.259,0.191,0.147,0.223
henan_north,1997-11-16,0.296,0.195,0.147,0.223
henan_north,1997-11-17,0.278,0.201,0.147,0.223
henan_north,1997-11-18,0.263,0.204,0.147,0.223
henan_north,1997-11-19,0.252,0.205,0.147,0.223
henan_north,1997-11-20,0.245,0.205,0.147,0.223
henan_north,1997-11-21,0.24,0.206,0.147,0.223
henan_north,1997-11-22,0.234,0.205,0.147,0.223
henan_north,1997-11-23,0.229,0.205,0.147,0.223
henan_north,1997-11-24,0.239,0.205,0.148,0.223
henan_north,1997-11-25,0.24,0.206,0.148,0.223
henan_north,1997-11-26,0.243,0.206,0.148,0.223
henan_north,1997-11-27,0.257,0.207,0.148,0.223
henan_north,1997-11-28,0.284,0.21,0.148,0.223
henan_north,1997-11-29,0.279,0.214,0.148,0.223
henan_north,1997-11-30,0.273,0.217,0.148,0.223
henan_north,1997-12-01,0.28,0.219,0.148,0.223
henan_north,1997-12-02,0.269,0.221,0.148,0.223
henan_north,1997-12-03,0.261,0.222,0.149,0.223
henan_north,1997-12-04,0.255,0.223,0.149,0.223
henan_north,1997-12-05,0.255,0.223,0.149,0.223
henan_north,1997-12-06,0.263,0.224,0.149,0.223
henan_north,1997-12-07,0.27,0.225,0.149,0.223
henan_north,1997-12-08,0.28,0.228,0.149,0.223
henan_north,1997-12-09,0.27,0.229,0.15,0.223
henan_north,1997-12-10,0.263,0.23,0.15,0.223
henan_north,1997-12-11,0.258,0.23,0.15,0.223
henan_north,1997-12-12,0.254,0.23,0.15,0.223
henan_north,1997-12-13,0.25,0.23,0.15,0.223
henan_north,1997-12-14,0.247,0.23,0.151,0.223
henan_north,1997-12-15,0.244,0.229,0.151,0.223
henan_north,1997-12-16,0.257,0.229,0.151,0.223
henan_north,1997-12-17,0.259,0.229,0.151,0.223
henan_north,1997-12-18,0.252,0.229,0.151,0.223
henan_north,1997-12-19,0.246,0.229,0.151,0.223
henan_north,1997-12-20,0.24,0.228,0.152,0.223
henan_north,1997-12-21,0.235,0.227,0.152,0.223
henan_north,1997-12-22,0.232,0.226,0.152,0.222
henan_north,1997-12-23,0.229,0.225,0.152,0.222
henan_north,1997-12-24,0.227,0.224,0.152,0.222
henan_north,1997-12-25,0.225,0.223,0.152,0.222
henan_north,1997-12-26,0.223,0.222,0.152,0.222
henan_north,1997-12-27,0.221,0.221,0.153,0.222
henan_north,1997-12-28,0.22,0.22,0.153,0.222
henan_north,1997-12-29,0.241,0.22,0.153,0.222
henan_north,1997-12-30,0.24,0.22,0.153,0.222
henan_north,1997-12-31,0.236,0.22,0.153,0.222
henan_north,1998-01-01,0.232,0.219,0.153,0.222
henan_north,1998-01-02,0.229,0.218,0.153,0.222
henan_north,1998-01-03,0.226,0.217,0.153,0.222
henan_north,1998-01-04,0.222,0.217,0.153,0.222
henan_north,1998-01-05,0.219,0.216,0.154,0.222
henan_north,1998-01-06,0.216,0.215,0.154,0.222
henan_north,1998-01-07,0.215,0.214,0.154,0.222
henan_north,1998-01-08,0.213,0.214,0.154,0.222
henan_north,1998-01-09,0.212,0.213,0.154,0.222
henan_north,1998-01-10,0.219,0.212,0.154,0.222
henan_north,1998-01-11,0.243,0.212,0.154,0.222
henan_north,1998-01-12,0.246,0.213,0.154,0.222
henan_north,1998-01-13,0.248,0.214,0.154,0.222
henan_north,1998-01-14,0.247,0.214,0.155,0.222
henan_north,1998-01-15,0.243,0.215,0.155,0.222
henan_north,1998-01-16,0.239,0.215,0.155,0.222
henan_north,1998-01-17,0.238,0.216,0.155,0.222
henan_north,1998-01-18,0.236,0.216,0.155,0.222
henan_north,1998-01-19,0.235,0.216,0.155,0.222
henan_north,1998-01-20,0.238,0.216,0.155,0.222
henan_north,1998-01-21,0.245,0.216,0.155,0.222
henan_north,1998-01-22,0.251,0.217,0.156,0.222
henan_north,1998-01-23,0.251,0.218,0.156,0.222
henan_north,1998-01-24,0.249,0.219,0.156,0.222
henan_north,1998-01-25,0.249,0.219,0.156,0.222
henan_north,1998-01-26,0.251,0.22,0.156,0.222
henan_north,1998-01-27,0.25,0.22,0.156,0.222
henan_north,1998-01-28,0.248,0.221,0.156,0.222
henan_north,1998-01-29,0.245,0.221,0.156,0.222
henan_north,1998-01-30,0.243,0.221,0.157,0.222
henan_north,1998-01-31,0.239,0.221,0.157,0.222
henan_north,1998-02-01,0.239,0.22,0.157,0.222
henan_north,1998-02-02,0.245,0.22,0.157,0.222
henan_north,1998-02-03,0.247,0.221,0.157,0.222
henan_north,1998-02-04,0.244,0.22,0.157,0.222
henan_north,1998-02-05,0.241,0.22,0.157,0.222
henan_north,1998-02-06,0.237,0.22,0.157,0.222
henan_north,1998-02-07,0.232,0.219,0.157,0.222
henan_north,1998-02-08,0.228,0.218,0.158,0.222
henan_north,1998-02-09,0.224,0.217,0.158,0.222
henan_north,1998-02-10,0.22,0.216,0.158,0.222
henan_north,1998-02-11,0.215,0.214,0.158,0.221
henan_north,1998-02-12,0.21,0.212,0.158,0.221
henan_north,1998-02-13,0.205,0.211,0.158,0.221
henan_north,1998-02-14,0.201,0.21,0.158,0.221
henan_north,1998-02-15,0.197,0.208,0.158,0.221
henan_north,1998-02-16,0.194,0.207,0.158,0.221
henan_north,1998-02-17,0.191,0.205,0.158,0.221
henan_north,1998-02-18,0.196,0.204,0.158,0.221
henan_north,1998-02-19,0.24,0.204,0.158,0.221
henan_north,1998-02-20,0.275,0.207,0.158,0.221
henan_north,1998-02-21,0.279,0.21,0.158,0.221
henan_north,1998-02-22,0.266,0.212,0.158,0.221
henan_north,1998-02-23,0.257,0.213,0.158,0.221
henan_north,1998-02-24,0.248,0.213,0.158,0.221
henan_north,1998-02-25,0.24,0.212,0.158,0.221
henan_north,1998-02-26,0.231,0.21,0.158,0.221
henan_north,1998-02-27,0.222,0.209,0.158,0.221
henan_north,1998-02-28,0.214,0.207,0.158,0.221
henan_north,1998-03-01,0.208,0.205,0.158,0.221
henan_north,1998-03-02,0.202,0.203,0.158,0.221
henan_north,1998-03-03,0.197,0.201,0.158,0.221
henan_north,1998-03-04,0.192,0.199,0.158,0.221
henan_north,1998-03-05,0.188,0.198,0.158,0.221
henan_north,1998-03-06,0.185,0.197,0.158,0.221
henan_north,1998-03-07,0.182,0.196,0.158,0.221
henan_north,1998-03-08,0.178,0.194,0.158,0.221
henan_north,1998-03-09,0.231,0.194,0.158,0.221
henan_north,1998-03-10,0.322,0.204,0.158,0.221
henan_north,1998-03-11,0.301,0.214,0.158,0.221
henan_north,1998-03-12,0.284,0.218,0.158,0.221
henan_north,1998-03-13,0.268,0.218,0.158,0.221
henan_north,1998-03-14,0.253,0.217,0.158,0.221
henan_north,1998-03-15,0.242,0.216,0.158,0.221
henan_north,1998-03-16,0.233,0.214,0.158,0.221
henan_north,1998-03-17,0.223,0.212,0.158,0.22
henan_north,1998-03-18,0.274,0.211,0.158,0.22
henan_north,1998-03-19,0.34,0.237,0.158,0.22
henan_north,1998-03-20,0.301,0.245,0.158,0.22
henan_north,1998-03-21,0.281,0.245,0.158,0.22
henan_north,1998-03-22,0.267,0.243,0.158,0.22
henan_north,1998-03-23,0.257,0.241,0.158,0.22
henan_north,1998-03-24,0.251,0.239,0.159,0.22
henan_north,1998-03-25,0.248,0.237,0.159,0.22
henan_north,1998-03-26,0.24,0.235,0.159,0.22
henan_north,1998-03-27,0.228,0.231,0.159,0.22
henan_north,1998-03-28,0.216,0.225,0.159,0.22
henan_north,1998-03-29,0.21,0.22,0.159,0.22
henan_north,1998-03-30,0.259,0.217,0.158,0.22
henan_north,1998-03-31,0.327,0.237,0.158,0.22
henan_north,1998-04-01,0.361,0.304,0.159,0.22
henan_north,1998-04-02,0.331,0.305,0.16,0.22
henan_north,1998-04-03,0.316,0.3,0.161,0.22
henan_north,1998-04-04,0.307,0.295,0.162,0.22
henan_north,1998-04-05,0.299,0.29,0.163,0.22
henan_north,1998-04-06,0.289,0.285,0.164,0.22
henan_north,1998-04-07,0.309,0.282,0.164,0.22
henan_north,1998-04-08,0.293,0.279,0.165,0.22
henan_north,1998-04-09,0.276,0.272,0.165,0.22
henan_north,1998-04-10,0.266,0.266,0.165,0.22
henan_north,1998-04-11,0.29,0.264,0.166,0.22
henan_north,1998-04-12,0.304,0.265,0.166,0.22
henan_north,1998-04-13,0.275,0.259,0.166,0.22
henan_north,1998-04-14,0.253,0.251,0.166,0.219
henan_north,1998-04-15,0.236,0.243,0.166,0.219
henan_north,1998-04-16,0.219,0.235,0.166,0.219
henan_north,1998-04-17,0.204,0.228,0.165,0.219
henan_north,1998-04-18,0.193,0.22,0.165,0.219
henan_north,1998-04-19,0.182,0.214,0.165,0.219
henan_north,1998-04-20,0.172,0.207,0.164,0.219
henan_north,1998-04-21,0.17,0.2,0.164,0.219
henan_north,1998-04-22,0.21,0.196,0.163,0.219
henan_north,1998-04-23,0.271,0.202,0.163,0.219
henan_north,1998-04-24,0.339,0.271,0.163,0.219
henan_north,1998-04-25,0.298,0.269,0.163,0.219
henan_north,1998-04-26,0.274,0.263,0.164,0.219
henan_north,1998-04-27,0.262,0.257,0.164,0.219
henan_north,1998-04-28,0.268,0.253,0.164,0.219
henan_north,1998-04-29,0.32,0.256,0.164,0.219
henan_north,1998-04-30,0.303,0.259,0.164,0.219
henan_north,1998-05-01,0.374,0.321,0.165,0.219
henan_north,1998-05-02,0.337,0.33,0.168,0.218
henan_north,1998-05-03,0.309,0.314,0.169,0.218
henan_north,1998-05-04,0.291,0.301,0.17,0.218
henan_north,1998-05-05,0.276,0.29,0.171,0.218
henan_north,1998-05-06,0.262,0.28,0.171,0.218
henan_north,1998-05-07,0.35,0.285,0.171,0.218
henan_north,1998-05-08,0.333,0.298,0.172,0.218
henan_north,1998-05-09,0.377,0.318,0.173,0.218
henan_north,1998-05-10,0.403,0.357,0.176,0.218
henan_north,1998-05-11,0.374,0.363,0.181,0.218
henan_north,1998-05-12,0.351,0.348,0.185,0.218
henan_north,1998-05-13,0.334,0.334,0.188,0.218
henan_north,1998-05-14,0.323,0.323,0.189,0.218
henan_north,1998-05-15,0.31,0.313,0.19,0.218
henan_north,1998-05-16,0.296,0.303,0.191,0.218
henan_north,1998-05-17,0.282,0.293,0.191,0.218
henan_north,1998-05-18,0.263,0.282,0.191,0.218
henan_north,1998-05-19,0.251,0.273,0.191,0.218
henan_north,1998-05-20,0.293,0.269,0.191,0.218
henan_north,1998-05-21,0.421,0.372,0.198,0.218
henan_north,1998-05-22,0.392,0.391,0.226,0.218
henan_north,1998-05-23,0.371,0.367,0.232,0.218
henan_north,1998-05-24,0.354,0.353,0.235,0.218
henan_north,1998-05-25,0.329,0.337,0.236,0.218
henan_north,1998-05-26,0.307,0.321,0.236,0.218
henan_north,1998-05-27,0.292,0.309,0.236,0.218
henan_north,1998-05-28,0.281,0.298,0.236,0.218
henan_north,1998-05-29,0.265,0.288,0.235,0.218
henan_north,1998-05-30,0.254,0.279,0.235,0.218
henan_north,1998-05-31,0.276,0.274,0.234,0.218
henan_north,1998-06-01,0.353,0.283,0.234,0.218
henan_north,1998-06-02,0.329,0.294,0.234,0.218
henan_north,1998-06-03,0.298,0.288,0.234,0.218
henan_north,1998-06-04,0.277,0.28,0.233,0.217
henan_north,1998-06-05,0.291,0.274,0.232,0.217
henan_north,1998-06-06,0.271,0.268,0.231,0.217
henan_north,1998-06-07,0.265,0.261,0.23,0.217
henan_north,1998-06-08,0.309,0.261,0.23,0.217
henan_north,1998-06-09,0.287,0.259,0.229,0.217
henan_north,1998-06-10,0.261,0.253,0.228,0.217
henan_north,1998-06-11,0.241,0.246,0.227,0.217
henan_north,1998-06-12,0.35,0.269,0.226,0.217
henan_north,1998-06-13,0.343,0.312,0.227,0.217
henan_north,1998-06-14,0.313,0.306,0.227,0.217
henan_north,1998-06-15,0.289,0.296,0.226,0.217
henan_north,1998-06-16,0.272,0.286,0.226,0.217
henan_north,1998-06-17,0.258,0.278,0.225,0.217
henan_north,1998-06-18,0.245,0.269,0.225,0.217
henan_north,1998-06-19,0.228,0.259,0.224,0.217
henan_north,1998-06-20,0.209,0.248,0.222,0.217
henan_north,1998-06-21,0.195,0.238,0.221,0.217
henan_north,1998-06-22,0.184,0.229,0.22,0.217
henan_north,1998-06-23,0.175,0.222,0.218,0.217
henan_north,1998-06-24,0.167,0.215,0.217,0.217
henan_north,1998-06-25,0.162,0.209,0.216,0.217
henan_north,1998-06-26,0.157,0.203,0.214,0.217
henan_north,1998-06-27,0.151,0.196,0.212,0.216
henan_north,1998-06-28,0.145,0.189,0.21,0.216
henan_north,1998-06-29,0.153,0.184,0.209,0.216
henan_north,1998-06-30,0.16,0.18,0.208,0.216
henan_north,1998-07-01,0.162,0.177,0.206,0.216
henan_north,1998-07-02,0.173,0.173,0.205,0.216
henan_north,1998-07-03,0.16,0.169,0.203,0.216
henan_north,1998-07-04,0.159,0.166,0.202,0.216
henan_north,1998-07-05,0.191,0.165,0.201,0.216
henan_north,1998-07-06,0.295,0.172,0.201,0.216
henan_north,1998-07-07,0.365,0.209,0.2,0.216
henan_north,1998-07-08,0.39,0.279,0.2,0.216
henan_north,1998-07-09,0.377,0.338,0.202,0.216
henan_north,1998-07-10,0.384,0.352,0.204,0.216
henan_north,1998-07-11,0.373,0.348,0.207,0.216
henan_north,1998-07-12,0.401,0.371,0.21,0.216
henan_north,1998-07-13,0.394,0.383,0.217,0.216
henan_north,1998-07-14,0.368,0.362,0.222,0.216
henan_north,1998-07-15,0.368,0.349,0.225,0.216
henan_north,1998-07-16,0.408,0.38,0.228,0.216
henan_north,1998-07-17,0.383,0.374,0.235,0.216
henan_north,1998-07-18,0.363,0.359,0.238,0.216
henan_north,1998-07-19,0.334,0.34,0.239,0.216
henan_north,1998-07-20,0.31,0.324,0.239,0.215
henan_north,1998-07-21,0.311,0.31,0.239,0.215
henan_north,1998-07-22,0.36,0.321,0.239,0.215
henan_north,1998-07-23,0.323,0.315,0.239,0.215
henan_north,1998-07-24,0.3,0.304,0.238,0.215
henan_north,1998-07-25,0.28,0.293,0.238,0.215
henan_north,1998-07-26,0.262,0.282,0.237,0.215
henan_north,1998-07-27,0.247,0.272,0.236,0.215
henan_north,1998-07-28,0.356,0.31,0.235,0.215
henan_north,1998-07-29,0.352,0.337,0.236,0.215
henan_north,1998-07-30,0.365,0.334,0.237,0.215
henan_north,1998-07-31,0.348,0.334,0.238,0.215
henan_north,1998-08-01,0.323,0.323,0.238,0.215
henan_north,1998-08-02,0.305,0.311,0.238,0.215
henan_north,1998-08-03,0.344,0.31,0.238,0.215
henan_north,1998-08-04,0.423,0.408,0.254,0.215
henan_north,1998-08-05,0.389,0.389,0.274,0.215
henan_north,1998-08-06,0.38,0.371,0.278,0.215
henan_north,1998-08-07,0.409,0.407,0.3,0.215
henan_north,1998-08-08,0.376,0.38,0.307,0.215
henan_north,1998-08-09,0.363,0.364,0.308,0.215
henan_north,1998-08-10,0.386,0.377,0.309,0.216
henan_north,1998-08-11,0.357,0.363,0.309,0.216
henan_north,1998-08-12,0.339,0.349,0.309,0.216
henan_north,1998-08-13,0.325,0.337,0.308,0.216
henan_north,1998-08-14,0.379,0.358,0.308,0.216
henan_north,1998-08-15,0.41,0.409,0.33,0.216
henan_north,1998-08-16,0.383,0.388,0.335,0.216
henan_north,1998-08-17,0.363,0.371,0.335,0.217
henan_north,1998-08-18,0.345,0.357,0.334,0.217
henan_north,1998-08-19,0.328,0.343,0.332,0.217
henan_north,1998-08-20,0.318,0.333,0.33,0.217
henan_north,1998-08-21,0.393,0.366,0.329,0.218
henan_north,1998-08-22,0.41,0.413,0.359,0.218
henan_north,1998-08-23,0.384,0.391,0.362,0.219
henan_north,1998-08-24,0.384,0.381,0.362,0.219
henan_north,1998-08-25,0.391,0.39,0.361,0.22
henan_north,1998-08-26,0.403,0.393,0.361,0.22
henan_north,1998-08-27,0.395,0.396,0.363,0.221
henan_north,1998-08-28,0.381,0.385,0.363,0.222
henan_north,1998-08-29,0.364,0.373,0.361,0.222
henan_north,1998-08-30,0.368,0.364,0.359,0.223
henan_north,1998-08-31,0.376,0.368,0.357,0.223
henan_north,1998-09-01,0.357,0.363,0.355,0.224
henan_north,1998-09-02,0.346,0.354,0.353,0.224
henan_north,1998-09-03,0.337,0.347,0.351,0.225
henan_north,1998-09-04,0.325,0.338,0.349,0.225
henan_north,1998-09-05,0.311,0.328,0.346,0.225
henan_north,1998-09-06,0.298,0.319,0.343,0.226
henan_north,1998-09-07,0.286,0.31,0.34,0.226
henan_north,1998-09-08,0.277,0.302,0.337,0.226
henan_north,1998-09-09,0.267,0.295,0.334,0.226
henan_north,1998-09-10,0.257,0.288,0.331,0.227
henan_north,1998-09-11,0.247,0.28,0.328,0.227
henan_north,1998-09-12,0.24,0.274,0.325,0.227
henan_north,1998-09-13,0.241,0.27,0.323,0.227
henan_north,1998-09-14,0.256,0.267,0.321,0.227
henan_north,1998-09-15,0.267,0.265,0.319,0.227
henan_north,1998-09-16,0.253,0.262,0.316,0.228
henan_north,1998-09-17,0.24,0.258,0.314,0.228
henan_north,1998-09-18,0.231,0.254,0.312,0.228
henan_north,1998-09-19,0.227,0.252,0.31,0.228
henan_north,1998-09-20,0.226,0.249,0.308,0.228
henan_north,1998-09-21,0.215,0.245,0.306,0.228
henan_north,1998-09-22,0.208,0.241,0.303,0.228
henan_north,1998-09-23,0.202,0.238,0.301,0.228
henan_north,1998-09-24,0.195,0.234,0.299,0.228
henan_north,1998-09-25,0.19,0.231,0.297,0.228
henan_north,1998-09-26,0.187,0.229,0.296,0.228
henan_north,1998-09-27,0.182,0.226,0.294,0.228
henan_north,1998-09-28,0.177,0.222,0.291,0.228
henan_north,1998-09-29,0.172,0.219,0.289,0.228
henan_north,1998-09-30,0.167,0.215,0.287,0.228
henan_north,1998-10-01,0.162,0.212,0.285,0.228
henan_north,1998-10-02,0.156,0.208,0.283,0.228
henan_north,1998-10-03,0.153,0.206,0.281,0.228
henan_north,1998-10-04,0.152,0.205,0.28,0.228
henan_north,1998-10-05,0.151,0.203,0.278,0.228
henan_north,1998-10-06,0.15,0.202,0.277,0.228
henan_north,1998-10-07,0.148,0.2,0.275,0.228
henan_north,1998-10-08,0.146,0.198,0.274,0.228
henan_north,1998-10-09,0.146,0.196,0.272,0.228
henan_north,1998-10-10,0.146,0.195,0.271,0.228
henan_north,1998-10-11,0.147,0.195,0.27,0.228
henan_north,1998-10-12,0.147,0.194,0.269,0.228
henan_north,1998-10-13,0.168,0.194,0.268,0.229
henan_north,1998-10-14,0.182,0.194,0.268,0.229
henan_north,1998-10-15,0.175,0.193,0.266,0.229
henan_north,1998-10-16,0.17,0.192,0.265,0.228
henan_north,1998-10-17,0.171,0.19,0.264,0.228
henan_north,1998-10-18,0.166,0.189,0.263,0.228
henan_north,1998-10-19,0.162,0.188,0.261,0.228
henan_north,1998-10-20,0.159,0.187,0.26,0.228
henan_north,1998-10-21,0.156,0.187,0.259,0.228
henan_north,1998-10-22,0.154,0.186,0.258,0.228
henan_north,1998-10-23,0.151,0.185,0.257,0.228
henan_north,1998-10-24,0.15,0.185,0.257,0.228
henan_north,1998-10-25,0.154,0.184,0.256,0.228
henan_north,1998-10-26,0.16,0.184,0.255,0.228
henan_north,1998-10-27,0.157,0.184,0.254,0.228
henan_north,1998-10-28,0.169,0.183,0.254,0.228
henan_north,1998-10-29,0.173,0.183,0.253,0.228
henan_north,1998-10-30,0.171,0.184,0.252,0.228
henan_north,1998-10-31,0.167,0.183,0.252,0.228
henan_north,1998-11-01,0.163,0.182,0.251,0.228
henan_north,1998-11-02,0.159,0.182,0.25,0.228
henan_north,1998-11-03,0.156,0.181,0.249,0.228
henan_north,1998-11-04,0.153,0.18,0.248,0.228
henan_north,1998-11-05,0.151,0.179,0.248,0.228
henan_north,1998-11-06,0.149,0.179,0.247,0.228
henan_north,1998-11-07,0.147,0.178,0.246,0.228
henan_north,1998-11-08,0.145,0.178,0.245,0.228
henan_north,1998-11-09,0.144,0.177,0.244,0.228
henan_north,1998-11-10,0.143,0.177,0.244,0.228
henan_north,1998-11-11,0.142,0.176,0.243,0.228
henan_north,1998-11-12,0.141,0.175,0.242,0.228
henan_north,1998-11-13,0.14,0.175,0.242,0.228
henan_north,1998-11-14,0.139,0.174,0.241,0.228
henan_north,1998-11-15,0.138,0.174,0.24,0.228
henan_north,1998-11-16,0.138,0.174,0.24,0.228
henan_north,1998-11-17,0.138,0.173,0.239,0.228
henan_north,1998-11-18,0.137,0.173,0.239,0.228
henan_north,1998-11-19,0.137,0.173,0.238,0.228
henan_north,1998-11-20,0.137,0.173,0.238,0.228
henan_north,1998-11-21,0.137,0.172,0.238,0.228
henan_north,1998-11-22,0.136,0.172,0.237,0.228
henan_north,1998-11-23,0.136,0.172,0.237,0.228
henan_north,1998-11-24,0.137,0.172,0.236,0.228
henan_north,1998-11-25,0.168,0.172,0.236,0.228
henan_north,1998-11-26,0.194,0.173,0.236,0.228
henan_north,1998-11-27,0.224,0.174,0.236,0.228
henan_north,1998-11-28,0.219,0.175,0.235,0.228
henan_north,1998-11-29,0.214,0.175,0.235,0.228
henan_north,1998-11-30,0.21,0.176,0.235,0.228
henan_north,1998-12-01,0.21,0.177,0.234,0.228
henan_north,1998-12-02,0.208,0.177,0.234,0.228
henan_north,1998-12-03,0.208,0.178,0.234,0.228
henan_north,1998-12-04,0.216,0.179,0.234,0.228
henan_north,1998-12-05,0.225,0.18,0.233,0.228
henan_north,1998-12-06,0.228,0.181,0.233,0.228
henan_north,1998-12-07,0.231,0.182,0.233,0.228
henan_north,1998-12-08,0.233,0.183,0.233,0.228
henan_north,1998-12-09,0.234,0.184,0.233,0.228
henan_north,1998-12-10,0.233,0.186,0.232,0.228
henan_north,1998-12-11,0.231,0.187,0.232,0.228
henan_north,1998-12-12,0.229,0.188,0.232,0.228
henan_north,1998-12-13,0.226,0.188,0.232,0.228
henan_north,1998-12-14,0.221,0.189,0.231,0.228
henan_north,1998-12-15,0.216,0.189,0.231,0.228
henan_north,1998-12-16,0.212,0.189,0.231,0.228
henan_north,1998-12-17,0.208,0.189,0.23,0.228
henan_north,1998-12-18,0.205,0.189,0.23,0.228
henan_north,1998-12-19,0.202,0.189,0.23,0.228
henan_north,1998-12-20,0.199,0.189,0.229,0.228
henan_north,1998-12-21,0.196,0.188,0.229,0.228
henan_north,1998-12-22,0.194,0.188,0.229,0.228
henan_north,1998-12-23,0.191,0.188,0.229,0.228
henan_north,1998-12-24,0.188,0.188,0.228,0.228
henan_north,1998-12-25,0.186,0.188,0.228,0.228
henan_north,1998-12-26,0.184,0.187,0.228,0.228
henan_north,1998-12-27,0.182,0.187,0.227,0.228
henan_north,1998-12-28,0.18,0.187,0.227,0.228
henan_north,1998-12-29,0.178,0.186,0.227,0.228
henan_north,1998-12-30,0.176,0.186,0.227,0.228
henan_north,1998-12-31,0.176,0.186,0.226,0.228
henan_north,1999-01-01,0.175,0.186,0.226,0.228
henan_north,1999-01-02,0.174,0.185,0.226,0.228
henan_north,1999-01-03,0.173,0.185,0.226,0.228
henan_north,1999-01-04,0.172,0.185,0.225,0.228
henan_north,1999-01-05,0.171,0.184,0.225,0.228
henan_north,1999-01-06,0.171,0.184,0.225,0.228
henan_north,1999-01-07,0.169,0.184,0.225,0.228
henan_north,1999-01-08,0.168,0.184,0.225,0.228
henan_north,1999-01-09,0.167,0.183,0.224,0.228
henan_north,1999-01-10,0.167,0.183,0.224,0.228
henan_north,1999-01-11,0.166,0.183,0.224,0.228
henan_north,1999-01-12,0.166,0.183,0.224,0.228
henan_north,1999-01-13,0.166,0.183,0.224,0.228
henan_north,1999-01-14,0.167,0.183,0.224,0.228
henan_north,1999-01-15,0.168,0.183,0.223,0.228
henan_north,1999-01-16,0.169,0.183,0.223,0.228
henan_north,1999-01-17,0.171,0.183,0.223,0.228
henan_north,1999-01-18,0.171,0.182,0.223,0.228
henan_north,1999-01-19,0.17,0.182,0.223,0.228
henan_north,1999-01-20,0.17,0.182,0.223,0.228
henan_north,1999-01-21,0.169,0.182,0.222,0.228
henan_north,1999-01-22,0.169,0.182,0.222,0.228
henan_north,1999-01-23,0.167,0.181,0.222,0.228
henan_north,1999-01-24,0.166,0.181,0.222,0.228
henan_north,1999-01-25,0.164,0.18,0.221,0.228
henan_north,1999-01-26,0.162,0.18,0.221,0.228
henan_north,1999-01-27,0.16,0.179,0.221,0.228
henan_north,1999-01-28,0.159,0.179,0.22,0.228
henan_north,1999-01-29,0.157,0.178,0.22,0.228
henan_north,1999-01-30,0.156,0.178,0.22,0.228
henan_north,1999-01-31,0.155,0.177,0.219,0.228
henan_north,1999-02-01,0.154,0.177,0.219,0.228
henan_north,1999-02-02,0.152,0.176,0.219,0.228
henan_north,1999-02-03,0.151,0.176,0.218,0.228
henan_north,1999-02-04,0.15,0.175,0.218,0.228
henan_north,1999-02-05,0.149,0.175,0.218,0.227
henan_north,1999-02-06,0.149,0.174,0.218,0.227
henan_north,1999-02-07,0.147,0.174,0.217,0.227
henan_north,1999-02-08,0.146,0.173,0.217,0.227
henan_north,1999-02-09,0.146,0.172,0.216,0.227
henan_north,1999-02-10,0.145,0.172,0.216,0.227
henan_north,1999-02-11,0.144,0.171,0.216,0.227
henan_north,1999-02-12,0.143,0.171,0.215,0.227
henan_north,1999-02-13,0.142,0.17,0.215,0.227
henan_north,1999-02-14,0.141,0.17,0.215,0.227
henan_north,1999-02-15,0.14,0.169,0.214,0.227
henan_north,1999-02-16,0.14,0.169,0.214,0.227
henan_north,1999-02-17,0.139,0.168,0.213,0.227
henan_north,1999-02-18,0.138,0.167,0.213,0.227
henan_north,1999-02-19,0.137,0.167,0.213,0.227
henan_north,1999-02-20,0.137,0.166,0.212,0.227
henan_north,1999-02-21,0.137,0.165,0.212,0.227
henan_north,1999-02-22,0.136,0.165,0.212,0.227
henan_north,1999-02-23,0.136,0.164,0.211,0.227
henan_north,1999-02-24,0.136,0.164,0.211,0.227
henan_north,1999-02-25,0.135,0.163,0.211,0.227
henan_north,1999-02-26,0.141,0.163,0.21,0.227
henan_north,1999-02-27,0.139,0.162,0.21,0.227
henan_north,1999-02-28,0.138,0.162,0.209,0.227
henan_north,1999-03-01,0.136,0.161,0.209,0.227
henan_north,1999-03-02,0.135,0.16,0.208,0.227
henan_north,1999-03-03,0.134,0.159,0.207,0.227
henan_north,1999-03-04,0.133,0.158,0.206,0.227
henan_north,1999-03-05,0.132,0.157,0.206,0.227
henan_north,1999-03-06,0.132,0.157,0.205,0.227
henan_north,1999-03-07,0.133,0.156,0.205,0.227
henan_north,1999-03-08,0.133,0.156,0.205,0.227
henan_north,1999-03-09,0.134,0.156,0.204,0.227
henan_north,1999-03-10,0.133,0.155,0.204,0.227
henan_north,1999-03-11,0.133,0.155,0.204,0.227
henan_north,1999-03-12,0.133,0.155,0.203,0.227
henan_north,1999-03-13,0.133,0.154,0.203,0.227
henan_north,1999-03-14,0.133,0.154,0.203,0.227
henan_north,1999-03-15,0.133,0.154,0.202,0.227
henan_north,1999-03-16,0.138,0.153,0.202,0.227
henan_north,1999-03-17,0.158,0.153,0.202,0.227
henan_north,1999-03-18,0.259,0.155,0.202,0.226
henan_north,1999-03-19,0.276,0.162,0.202,0.226
henan_north,1999-03-20,0.281,0.168,0.201,0.226
henan_north,1999-03-21,0.272,0.174,0.201,0.226
henan_north,1999-03-22,0.255,0.177,0.201,0.226
henan_north,1999-03-23,0.245,0.178,0.201,0.226
henan_north,1999-03-24,0.234,0.179,0.2,0.226
henan_north,1999-03-25,0.224,0.179,0.2,0.226
henan_north,1999-03-26,0.237,0.179,0.199,0.226
henan_north,1999-03-27,0.236,0.18,0.199,0.226
henan_north,1999-03-28,0.226,0.179,0.199,0.226
henan_north,1999-03-29,0.227,0.179,0.198,0.226
henan_north,1999-03-30,0.217,0.179,0.198,0.226
henan_north,1999-03-31,0.21,0.179,0.198,0.226
henan_north,1999-04-01,0.205,0.179,0.197,0.226
henan_north,1999-04-02,0.198,0.177,0.197,0.226
henan_north,1999-04-03,0.191,0.176,0.196,0.226
henan_north,1999-04-04,0.182,0.174,0.196,0.226
henan_north,1999-04-05,0.17,0.171,0.195,0.226
henan_north,1999-04-06,0.162,0.168,0.194,0.226
henan_north,1999-04-07,0.156,0.166,0.193,0.226
henan_north,1999-04-08,0.355,0.207,0.192,0.226
henan_north,1999-04-09,0.326,0.256,0.192,0.226
henan_north,1999-04-10,0.292,0.256,0.192,0.226
henan_north,1999-04-11,0.355,0.27,0.192,0.226
henan_north,1999-04-12,0.323,0.284,0.192,0.226
henan_north,1999-04-13,0.294,0.279,0.192,0.226
henan_north,1999-04-14,0.274,0.272,0.192,0.225
henan_north,1999-04-15,0.256,0.264,0.192,0.225
henan_north,1999-04-16,0.244,0.257,0.191,0.225
henan_north,1999-04-17,0.235,0.251,0.191,0.225
henan_north,1999-04-18,0.223,0.245,0.191,0.225
henan_north,1999-04-19,0.213,0.238,0.19,0.225
henan_north,1999-04-20,0.218,0.233,0.19,0.225
henan_north,1999-04-21,0.21,0.229,0.19,0.225
henan_north,1999-04-22,0.201,0.223,0.189,0.225
henan_north,1999-04-23,0.296,0.223,0.189,0.225
henan_north,1999-04-24,0.292,0.229,0.188,0.225
henan_north,1999-04-25,0.268,0.229,0.188,0.225
henan_north,1999-04-26,0.267,0.227,0.188,0.225
henan_north,1999-04-27,0.297,0.23,0.188,0.225
henan_north,1999-04-28,0.27,0.229,0.187,0.225
henan_north,1999-04-29,0.245,0.224,0.187,0.225
henan_north,1999-04-30,0.226,0.219,0.186,0.225
henan_north,1999-05-01,0.211,0.214,0.185,0.225
henan_north,1999-05-02,0.199,0.209,0.185,0.225
henan_north,1999-05-03,0.278,0.209,0.184,0.225
henan_north,1999-05-04,0.261,0.209,0.184,0.224
henan_north,1999-05-05,0.233,0.205,0.183,0.224
henan_north,1999-05-06,0.214,0.2,0.182,0.224
henan_north,1999-05-07,0.202,0.195,0.182,0.224
henan_north,1999-05-08,0.195,0.191,0.181,0.224
henan_north,1999-05-09,0.192,0.187,0.18,0.224
henan_north,1999-05-10,0.246,0.185,0.18,0.224
henan_north,1999-05-11,0.225,0.183,0.179,0.224
henan_north,1999-05-12,0.205,0.18,0.178,0.224
henan_north,1999-05-13,0.188,0.176,0.178,0.224
henan_north,1999-05-14,0.183,0.173,0.177,0.224
henan_north,1999-05-15,0.236,0.173,0.176,0.224
henan_north,1999-05-16,0.24,0.173,0.176,0.224
henan_north,1999-05-17,0.246,0.174,0.176,0.224
henan_north,1999-05-18,0.293,0.18,0.176,0.224
henan_north,1999-05-19,0.264,0.185,0.175,0.223
henan_north,1999-05-20,0.234,0.183,0.175,0.223
henan_north,1999-05-21,0.211,0.18,0.174,0.223
henan_north,1999-05-22,0.193,0.177,0.173,0.223
henan_north,1999-05-23,0.186,0.174,0.173,0.223
henan_north,1999-05-24,0.187,0.173,0.173,0.223
henan_north,1999-05-25,0.201,0.172,0.172,0.223
henan_north,1999-05-26,0.216,0.17,0.172,0.223
henan_north,1999-05-27,0.192,0.167,0.171,0.223
henan_north,1999-05-28,0.175,0.164,0.17,0.223
henan_north,1999-05-29,0.164,0.161,0.17,0.223
henan_north,1999-05-30,0.153,0.158,0.169,0.223
henan_north,1999-05-31,0.148,0.157,0.168,0.222
henan_north,1999-06-01,0.144,0.155,0.168,0.222
henan_north,1999-06-02,0.139,0.153,0.167,0.222
henan_north,1999-06-03,0.135,0.152,0.166,0.222
henan_north,1999-06-04,0.134,0.151,0.166,0.222
henan_north,1999-06-05,0.151,0.15,0.166,0.222
henan_north,1999-06-06,0.252,0.152,0.166,0.222
henan_north,1999-06-07,0.249,0.156,0.165,0.222
henan_north,1999-06-08,0.22,0.156,0.165,0.222
henan_north,1999-06-09,0.198,0.155,0.164,0.222
henan_north,1999-06-10,0.181,0.153,0.164,0.222
henan_north,1999-06-11,0.167,0.152,0.163,0.222
henan_north,1999-06-12,0.157,0.15,0.163,0.222
henan_north,1999-06-13,0.15,0.149,0.162,0.221
henan_north,1999-06-14,0.147,0.148,0.162,0.221
henan_north,1999-06-15,0.274,0.152,0.162,0.221
henan_north,1999-06-16,0.292,0.17,0.162,0.221
henan_north,1999-06-17,0.25,0.173,0.161,0.221
henan_north,1999-06-18,0.232,0.172,0.161,0.221
henan_north,1999-06-19,0.221,0.17,0.16,0.221
henan_north,1999-06-20,0.2,0.168,0.16,0.221
henan_north,1999-06-21,0.187,0.166,0.159,0.221
henan_north,1999-06-22,0.208,0.164,0.159,0.221
henan_north,1999-06-23,0.262,0.167,0.159,0.221
henan_north,1999-06-24,0.232,0.167,0.159,0.221
henan_north,1999-06-25,0.204,0.164,0.158,0.221
henan_north,1999-06-26,0.18,0.161,0.157,0.22
henan_north,1999-06-27,0.163,0.157,0.157,0.22
henan_north,1999-06-28,0.152,0.155,0.156,0.22
henan_north,1999-06-29,0.145,0.152,0.156,0.22
henan_north,1999-06-30,0.139,0.15,0.155,0.22
henan_north,1999-07-01,0.134,0.147,0.154,0.22
henan_north,1999-07-02,0.13,0.145,0.153,0.22
henan_north,1999-07-03,0.128,0.143,0.153,0.219
henan_north,1999-07-04,0.224,0.147,0.152,0.219
henan_north,1999-07-05,0.422,0.355,0.158,0.219
henan_north,1999-07-06,0.42,0.41,0.199,0.219
henan_north,1999-07-07,0.388,0.384,0.215,0.219
henan_north,1999-07-08,0.362,0.361,0.22,0.219
henan_north,1999-07-09,0.34,0.344,0.222,0.219
henan_north,1999-07-10,0.318,0.327,0.223,0.219
henan_north,1999-07-11,0.303,0.314,0.223,0.219
henan_north,1999-07-12,0.354,0.31,0.223,0.219
henan_north,1999-07-13,0.363,0.322,0.224,0.219
henan_north,1999-07-14,0.333,0.319,0.225,0.219
henan_north,1999-07-15,0.31,0.309,0.225,0.219
henan_north,1999-07-16,0.291,0.298,0.224,0.219
henan_north,1999-07-17,0.275,0.287,0.224,0.219
henan_north,1999-07-18,0.257,0.276,0.223,0.219
henan_north,1999-07-19,0.239,0.264,0.222,0.219
henan_north,1999-07-20,0.222,0.253,0.22,0.219
henan_north,1999-07-21,0.207,0.242,0.219,0.219
henan_north,1999-07-22,0.194,0.232,0.217,0.219
henan_north,1999-07-23,0.182,0.222,0.216,0.219
henan_north,1999-07-24,0.168,0.212,0.214,0.218
henan_north,1999-07-25,0.159,0.202,0.211,0.218
henan_north,1999-07-26,0.166,0.194,0.209,0.218
henan_north,1999-07-27,0.265,0.191,0.208,0.218
henan_north,1999-07-28,0.336,0.217,0.207,0.218
henan_north,1999-07-29,0.28,0.221,0.206,0.218
henan_north,1999-07-30,0.242,0.215,0.204,0.218
henan_north,1999-07-31,0.221,0.207,0.203,0.218
henan_north,1999-08-01,0.33,0.216,0.202,0.218
henan_north,1999-08-02,0.292,0.228,0.201,0.218
henan_north,1999-08-03,0.253,0.222,0.2,0.218
henan_north,1999-08-04,0.226,0.215,0.198,0.218
henan_north,1999-08-05,0.204,0.207,0.197,0.217
henan_north,1999-08-06,0.191,0.2,0.196,0.217
henan_north,1999-08-07,0.181,0.195,0.195,0.217
henan_north,1999-08-08,0.259,0.192,0.194,0.217
henan_north,1999-08-09,0.324,0.204,0.193,0.217
henan_north,1999-08-10,0.304,0.225,0.193,0.217
henan_north,1999-08-11,0.256,0.22,0.192,0.217
henan_north,1999-08-12,0.227,0.213,0.191,0.217
henan_north,1999-08-13,0.214,0.208,0.19,0.217
henan_north,1999-08-14,0.22,0.205,0.189,0.217
henan_north,1999-08-15,0.226,0.202,0.189,0.217
henan_north,1999-08-16,0.237,0.199,0.188,0.217
henan_north,1999-08-17,0.218,0.195,0.187,0.217
henan_north,1999-08-18,0.203,0.189,0.186,0.217
henan_north,1999-08-19,0.24,0.186,0.185,0.217
henan_north,1999-08-20,0.226,0.184,0.185,0.217
henan_north,1999-08-21,0.205,0.18,0.184,0.216
henan_north,1999-08-22,0.187,0.176,0.183,0.216
henan_north,1999-08-23,0.172,0.172,0.182,0.216
henan_north,1999-08-24,0.161,0.168,0.18,0.216
henan_north,1999-08-25,0.163,0.165,0.179,0.216
henan_north,1999-08-26,0.19,0.164,0.179,0.216
henan_north,1999-08-27,0.184,0.162,0.178,0.216
henan_north,1999-08-28,0.171,0.159,0.177,0.216
henan_north,1999-08-29,0.159,0.156,0.176,0.216
henan_north,1999-08-30,0.152,0.153,0.175,0.216
henan_north,1999-08-31,0.153,0.152,0.174,0.216
henan_north,1999-09-01,0.158,0.15,0.173,0.215
henan_north,1999-09-02,0.154,0.148,0.172,0.215
henan_north,1999-09-03,0.147,0.147,0.172,0.215
henan_north,1999-09-04,0.225,0.147,0.171,0.215
henan_north,1999-09-05,0.279,0.155,0.171,0.215
henan_north,1999-09-06,0.26,0.159,0.171,0.215
henan_north,1999-09-07,0.238,0.161,0.17,0.215
henan_north,1999-09-08,0.268,0.162,0.169,0.215
henan_north,1999-09-09,0.316,0.188,0.169,0.215
henan_north,1999-09-10,0.281,0.193,0.169,0.215
henan_north,1999-09-11,0.354,0.227,0.168,0.215
henan_north,1999-09-12,0.296,0.239,0.168,0.215
henan_north,1999-09-13,0.299,0.239,0.168,0.215
henan_north,1999-09-14,0.367,0.265,0.168,0.215
henan_north,1999-09-15,0.32,0.279,0.169,0.215
henan_north,1999-09-16,0.293,0.275,0.169,0.215
henan_north,1999-09-17,0.278,0.269,0.169,0.215
henan_north,1999-09-18,0.263,0.263,0.169,0.215
henan_north,1999-09-19,0.257,0.258,0.169,0.215
henan_north,1999-09-20,0.244,0.252,0.169,0.214
henan_north,1999-09-21,0.231,0.246,0.169,0.214
henan_north,1999-09-22,0.22,0.24,0.169,0.214
henan_north,1999-09-23,0.21,0.234,0.169,0.214
henan_north,1999-09-24,0.201,0.228,0.169,0.214
henan_north,1999-09-25,0.192,0.223,0.169,0.214
henan_north,1999-09-26,0.184,0.217,0.168,0.214
henan_north,1999-09-27,0.179,0.213,0.168,0.214
henan_north,1999-09-28,0.182,0.21,0.168,0.214
henan_north,1999-09-29,0.177,0.206,0.168,0.214
henan_north,1999-09-30,0.207,0.204,0.167,0.214
henan_north,1999-10-01,0.32,0.211,0.167,0.214
henan_north,1999-10-02,0.339,0.238,0.168,0.214
henan_north,1999-10-03,0.302,0.246,0.168,0.214
henan_north,1999-10-04,0.338,0.253,0.168,0.214
henan_north,1999-10-05,0.342,0.28,0.168,0.214
henan_north,1999-10-06,0.312,0.282,0.169,0.214
henan_north,1999-10-07,0.293,0.278,0.169,0.214
henan_north,1999-10-08,0.279,0.273,0.17,0.214
henan_north,1999-10-09,0.293,0.27,0.17,0.214
henan_north,1999-10-10,0.321,0.273,0.17,0.214
henan_north,1999-10-11,0.302,0.274,0.171,0.214
henan_north,1999-10-12,0.288,0.271,0.171,0.214
henan_north,1999-10-13,0.278,0.268,0.171,0.214
henan_north,1999-10-14,0.309,0.267,0.172,0.214
henan_north,1999-10-15,0.32,0.273,0.172,0.214
henan_north,1999-10-16,0.297,0.273,0.172,0.214
henan_north,1999-10-17,0.282,0.27,0.173,0.214
henan_north,1999-10-18,0.27,0.266,0.173,0.214
henan_north,1999-10-19,0.26,0.262,0.173,0.214
henan_north,1999-10-20,0.252,0.258,0.173,0.214
henan_north,1999-10-21,0.243,0.254,0.173,0.214
henan_north,1999-10-22,0.236,0.25,0.173,0.214
henan_north,1999-10-23,0.229,0.246,0.174,0.214
henan_north,1999-10-24,0.224,0.243,0.174,0.214
henan_north,1999-10-25,0.22,0.239,0.174,0.213
henan_north,1999-10-26,0.22,0.237,0.174,0.213
henan_north,1999-10-27,0.214,0.234,0.174,0.213
henan_north,1999-10-28,0.21,0.23,0.174,0.213
henan_north,1999-10-29,0.205,0.228,0.173,0.213
henan_north,1999-10-30,0.244,0.226,0.173,0.213
henan_north,1999-10-31,0.348,0.246,0.174,0.213
henan_north,1999-11-01,0.308,0.256,0.174,0.213
henan_north,1999-11-02,0.289,0.257,0.174,0.213
henan_north,1999-11-03,0.276,0.255,0.174,0.213
henan_north,1999-11-04,0.267,0.253,0.174,0.213
henan_north,1999-11-05,0.26,0.252,0.174,0.213
henan_north,1999-11-06,0.254,0.25,0.175,0.213
henan_north,1999-11-07,0.248,0.247,0.175,0.213
henan_north,1999-11-08,0.24,0.245,0.175,0.213
henan_north,1999-11-09,0.235,0.242,0.175,0.213
henan_north,1999-11-10,0.278,0.242,0.175,0.213
henan_north,1999-11-11,0.327,0.255,0.175,0.213
henan_north,1999-11-12,0.301,0.259,0.175,0.213
henan_north,1999-11-13,0.287,0.259,0.175,0.213
henan_north,1999-11-14,0.301,0.26,0.176,0.213
henan_north,1999-11-15,0.288,0.261,0.176,0.213
henan_north,1999-11-16,0.28,0.26,0.176,0.213
henan_north,1999-11-17,0.276,0.26,0.176,0.213
henan_north,1999-11-18,0.268,0.258,0.177,0.213
henan_north,1999-11-19,0.262,0.256,0.177,0.213
henan_north,1999-11-20,0.256,0.253,0.177,0.213
henan_north,1999-11-21,0.251,0.251,0.177,0.213
henan_north,1999-11-22,0.246,0.249,0.177,0.213
henan_north,1999-11-23,0.245,0.247,0.177,0.213
henan_north,1999-11-24,0.247,0.245,0.177,0.213
henan_north,1999-11-25,0.243,0.244,0.178,0.213
henan_north,1999-11-26,0.24,0.242,0.178,0.213
henan_north,1999-11-27,0.237,0.241,0.178,0.213
henan_north,1999-11-28,0.234,0.239,0.178,0.213
henan_north,1999-11-29,0.231,0.238,0.178,0.213
henan_north,1999-11-30,0.228,0.236,0.178,0.213
henan_north,1999-12-01,0.226,0.235,0.178,0.213
henan_north,1999-12-02,0.224,0.233,0.178,0.213
henan_north,1999-12-03,0.222,0.232,0.178,0.213
henan_north,1999-12-04,0.221,0.23,0.178,0.213
henan_north,1999-12-05,0.218,0.229,0.178,0.213
henan_north,1999-12-06,0.215,0.228,0.178,0.213
henan_north,1999-12-07,0.213,0.226,0.178,0.213
henan_north,1999-12-08,0.21,0.224,0.178,0.213
henan_north,1999-12-09,0.207,0.223,0.178,0.213
henan_north,1999-12-10,0.205,0.221,0.178,0.213
henan_north,1999-12-11,0.201,0.22,0.178,0.213
henan_north,1999-12-12,0.2,0.218,0.178,0.213
henan_north,1999-12-13,0.198,0.217,0.178,0.213
henan_north,1999-12-14,0.196,0.216,0.178,0.213
henan_north,1999-12-15,0.194,0.214,0.178,0.213
henan_north,1999-12-16,0.192,0.213,0.178,0.213
henan_north,1999-12-17,0.191,0.212,0.178,0.213
henan_north,1999-12-18,0.19,0.211,0.178,0.213
henan_north,1999-12-19,0.189,0.21,0.178,0.213
henan_north,1999-12-20,0.189,0.209,0.178,0.213
henan_north,1999-12-21,0.189,0.209,0.178,0.213
henan_north,1999-12-22,0.19,0.208,0.178,0.213
henan_north,1999-12-23,0.19,0.208,0.178,0.213
henan_north,1999-12-24,0.19,0.207,0.178,0.213
henan_north,1999-12-25,0.189,0.207,0.178,0.213
henan_north,1999-12-26,0.188,0.206,0.178,0.213
henan_north,1999-12-27,0.187,0.205,0.178,0.213
henan_north,1999-12-28,0.186,0.204,0.178,0.212
henan_north,1999-12-29,0.185,0.203,0.178,0.212
henan_north,1999-12-30,0.183,0.202,0.178,0.212
henan_north,1999-12-31,0.182,0.201,0.178,0.212
henan_north,2000-01-01,0.183,0.2,0.178,0.212
henan_north,2000-01-02,0.183,0.2,0.178,0.212
henan_north,2000-01-03,0.182,0.199,0.178,0.212
henan_north,2000-01-04,0.181,0.198,0.178,0.212
henan_north,2000-01-05,0.181,0.198,0.178,0.212
henan_north,2000-01-06,0.181,0.197,0.178,0.212
henan_north,2000-01-07,0.181,0.197,0.178,0.212
henan_north,2000-01-08,0.181,0.196,0.178,0.212
henan_north,2000-01-09,0.181,0.196,0.178,0.212
henan_north,2000-01-10,0.182,0.195,0.178,0.212
henan_north,2000-01-11,0.182,0.195,0.178,0.212
henan_north,2000-01-12,0.186,0.195,0.178,0.212
henan_north,2000-01-13,0.192,0.195,0.178,0.212
henan_north,2000-01-14,0.197,0.195,0.178,0.212
henan_north,2000-01-15,0.202,0.195,0.178,0.212
henan_north,2000-01-16,0.202,0.195,0.178,0.212
henan_north,2000-01-17,0.215,0.195,0.178,0.212
henan_north,2000-01-18,0.246,0.196,0.178,0.212
henan_north,2000-01-19,0.261,0.198,0.178,0.212
henan_north,2000-01-20,0.256,0.2,0.178,0.212
henan_north,2000-01-21,0.25,0.202,0.178,0.212
henan_north,2000-01-22,0.255,0.204,0.178,0.212
henan_north,2000-01-23,0.263,0.206,0.178,0.212
henan_north,2000-01-24,0.261,0.208,0.178,0.212
henan_north,2000-01-25,0.257,0.21,0.178,0.212
henan_north,2000-01-26,0.259,0.211,0.178,0.212
henan_north,2000-01-27,0.264,0.213,0.178,0.212
henan_north,2000-01-28,0.268,0.215,0.179,0.212
henan_north,2000-01-29,0.274,0.217,0.179,0.212
henan_north,2000-01-30,0.276,0.22,0.179,0.212
henan_north,2000-01-31,0.27,0.222,0.179,0.212
henan_north,2000-02-01,0.265,0.224,0.179,0.212
henan_north,2000-02-02,0.268,0.225,0.179,0.212
henan_north,2000-02-03,0.278,0.227,0.179,0.212
henan_north,2000-02-04,0.283,0.229,0.179,0.212
henan_north,2000-02-05,0.283,0.232,0.179,0.212
henan_north,2000-02-06,0.279,0.234,0.179,0.212
henan_north,2000-02-07,0.273,0.235,0.179,0.212
henan_north,2000-02-08,0.266,0.236,0.18,0.212
henan_north,2000-02-09,0.26,0.236,0.18,0.212
henan_north,2000-02-10,0.256,0.236,0.18,0.212
henan_north,2000-02-11,0.251,0.236,0.18,0.212
henan_north,2000-02-12,0.246,0.235,0.18,0.212
henan_north,2000-02-13,0.251,0.234,0.18,0.212
henan_north,2000-02-14,0.256,0.234,0.18,0.212
henan_north,2000-02-15,0.249,0.233,0.18,0.212
henan_north,2000-02-16,0.244,0.232,0.18,0.212
henan_north,2000-02-17,0.238,0.231,0.18,0.212
henan_north,2000-02-18,0.24,0.23,0.18,0.212
henan_north,2000-02-19,0.25,0.23,0.18,0.212
henan_north,2000-02-20,0.249,0.23,0.18,0.212
henan_north,2000-02-21,0.244,0.229,0.18,0.212
henan_north,2000-02-22,0.24,0.228,0.18,0.212
henan_north,2000-02-23,0.236,0.227,0.18,0.212
henan_north,2000-02-24,0.233,0.226,0.18,0.212
henan_north,2000-02-25,0.234,0.225,0.18,0.212
henan_north,2000-02-26,0.23,0.223,0.18,0.212
henan_north,2000-02-27,0.224,0.221,0.18,0.212
henan_north,2000-02-28,0.218,0.219,0.18,0.212
henan_north,2000-02-29,0.213,0.217,0.18,0.212
henan_north,2000-03-01,0.208,0.215,0.18,0.212
henan_north,2000-03-02,0.204,0.213,0.179,0.212
henan_north,2000-03-03,0.199,0.211,0.179,0.212
henan_north,2000-03-04,0.194,0.209,0.179,0.212
henan_north,2000-03-05,0.188,0.207,0.179,0.212
henan_north,2000-03-06,0.183,0.204,0.179,0.212
henan_north,2000-03-07,0.178,0.202,0.178,0.212
henan_north,2000-03-08,0.174,0.199,0.178,0.212
henan_north,2000-03-09,0.17,0.197,0.178,0.212
henan_north,2000-03-10,0.167,0.195,0.178,0.212
henan_north,2000-03-11,0.164,0.193,0.177,0.212
henan_north,2000-03-12,0.162,0.191,0.177,0.212
henan_north,2000-03-13,0.159,0.189,0.177,0.211
henan_north,2000-03-14,0.157,0.187,0.177,0.211
henan_north,2000-03-15,0.154,0.185,0.176,0.211
henan_north,2000-03-16,0.151,0.182,0.176,0.211
henan_north,2000-03-17,0.149,0.18,0.175,0.211
henan_north,2000-03-18,0.147,0.178,0.175,0.211
henan_north,2000-03-19,0.143,0.175,0.175,0.211
henan_north,2000-03-20,0.142,0.173,0.174,0.211
henan_north,2000-03-21,0.14,0.172,0.174,0.211
henan_north,2000-03-22,0.139,0.17,0.174,0.211
henan_north,2000-03-23,0.138,0.168,0.173,0.211
henan_north,2000-03-24,0.137,0.166,0.173,0.211
henan_north,2000-03-25,0.135,0.164,0.172,0.211
henan_north,2000-03-26,0.133,0.161,0.172,0.211
henan_north,2000-03-27,0.132,0.159,0.171,0.211
henan_north,2000-03-28,0.131,0.157,0.17,0.211
henan_north,2000-03-29,0.13,0.156,0.17,0.211
henan_north,2000-03-30,0.129,0.154,0.169,0.211
henan_north,2000-03-31,0.128,0.152,0.169,0.211
henan_north,2000-04-01,0.191,0.151,0.168,0.211
henan_north,2000-04-02,0.291,0.16,0.168,0.211
henan_north,2000-04-03,0.26,0.166,0.168,0.21
henan_north,2000-04-04,0.239,0.167,0.168,0.21
henan_north,2000-04-05,0.219,0.167,0.167,0.21
henan_north,2000-04-06,0.203,0.166,0.167,0.21
henan_north,2000-04-07,0.188,0.164,0.166,0.21
henan_north,2000-04-08,0.183,0.162,0.166,0.21
henan_north,2000-04-09,0.214,0.161,0.165,0.21
henan_north,2000-04-10,0.198,0.16,0.165,0.21
henan_north,2000-04-11,0.185,0.158,0.165,0.21
henan_north,2000-04-12,0.172,0.156,0.164,0.21
henan_north,2000-04-13,0.162,0.154,0.163,0.21
henan_north,2000-04-14,0.201,0.154,0.163,0.21
henan_north,2000-04-15,0.218,0.154,0.163,0.21
henan_north,2000-04-16,0.2,0.154,0.162,0.21
henan_north,2000-04-17,0.185,0.152,0.162,0.21
henan_north,2000-04-18,0.192,0.151,0.161,0.21
henan_north,2000-04-19,0.183,0.151,0.161,0.21
henan_north,2000-04-20,0.173,0.149,0.161,0.209
henan_north,2000-04-21,0.161,0.148,0.16,0.209
henan_north,2000-04-22,0.151,0.146,0.159,0.209
henan_north,2000-04-23,0.144,0.145,0.159,0.209
henan_north,2000-04-24,0.14,0.144,0.158,0.209
henan_north,2000-04-25,0.137,0.142,0.158,0.209
henan_north,2000-04-26,0.133,0.142,0.157,0.209
henan_north,2000-04-27,0.131,0.141,0.156,0.209
henan_north,2000-04-28,0.13,0.14,0.156,0.209
henan_north,2000-04-29,0.128,0.139,0.155,0.209
henan_north,2000-04-30,0.127,0.138,0.155,0.208
henan_north,2000-05-01,0.125,0.137,0.154,0.208
henan_north,2000-05-02,0.124,0.137,0.153,0.208
henan_north,2000-05-03,0.123,0.136,0.153,0.208
henan_north,2000-05-04,0.123,0.136,0.152,0.208
henan_north,2000-05-05,0.122,0.135,0.151,0.208
henan_north,2000-05-06,0.123,0.135,0.151,0.208
henan_north,2000-05-07,0.123,0.135,0.151,0.208
henan_north,2000-05-08,0.122,0.135,0.15,0.208
henan_north,2000-05-09,0.123,0.134,0.15,0.207
henan_north,2000-05-10,0.124,0.134,0.149,0.207
henan_north,2000-05-11,0.19,0.134,0.149,0.207
henan_north,2000-05-12,0.243,0.138,0.149,0.207
henan_north,2000-05-13,0.213,0.139,0.149,0.207
henan_north,2000-05-14,0.208,0.14,0.148,0.207
henan_north,2000-05-15,0.199,0.14,0.148,0.207
henan_north,2000-05-16,0.188,0.14,0.148,0.207
henan_north,2000-05-17,0.186,0.14,0.148,0.207
henan_north,2000-05-18,0.193,0.14,0.147,0.207
henan_north,2000-05-19,0.171,0.139,0.147,0.207
henan_north,2000-05-20,0.156,0.139,0.147,0.207
henan_north,2000-05-21,0.144,0.138,0.146,0.206
henan_north,2000-05-22,0.137,0.137,0.146,0.206
henan_north,2000-05-23,0.133,0.136,0.145,0.206
henan_north,2000-05-24,0.13,0.136,0.145,0.206
henan_north,2000-05-25,0.135,0.136,0.145,0.206
henan_north,2000-05-26,0.145,0.135,0.144,0.206
henan_north,2000-05-27,0.146,0.135,0.144,0.206
henan_north,2000-05-28,0.142,0.135,0.144,0.206
henan_north,2000-05-29,0.139,0.135,0.144,0.206
henan_north,2000-05-30,0.136,0.135,0.144,0.206
henan_north,2000-05-31,0.133,0.135,0.144,0.206
henan_north,2000-06-01,0.131,0.134,0.143,0.205
henan_north,2000-06-02,0.224,0.136,0.143,0.205
henan_north,2000-06-03,0.3,0.151,0.143,0.205
henan_north,2000-06-04,0.261,0.158,0.143,0.205
henan_north,2000-06-05,0.236,0.159,0.143,0.205
henan_north,2000-06-06,0.214,0.159,0.143,0.205
henan_north,2000-06-07,0.193,0.157,0.143,0.205
henan_north,2000-06-08,0.177,0.155,0.143,0.205
henan_north,2000-06-09,0.163,0.153,0.142,0.205
henan_north,2000-06-10,0.153,0.151,0.142,0.205
henan_north,2000-06-11,0.151,0.15,0.142,0.205
henan_north,2000-06-12,0.161,0.148,0.142,0.205
henan_north,2000-06-13,0.15,0.146,0.142,0.205
henan_north,2000-06-14,0.142,0.145,0.142,0.205
henan_north,2000-06-15,0.139,0.144,0.141,0.204
henan_north,2000-06-16,0.141,0.143,0.141,0.204
henan_north,2000-06-17,0.137,0.142,0.141,0.204
henan_north,2000-06-18,0.133,0.141,0.141,0.204
henan_north,2000-06-19,0.13,0.14,0.141,0.204
henan_north,2000-06-20,0.137,0.139,0.14,0.204
henan_north,2000-06-21,0.214,0.139,0.14,0.204
henan_north,2000-06-22,0.273,0.142,0.14,0.204
henan_north,2000-06-23,0.263,0.15,0.14,0.204
henan_north,2000-06-24,0.23,0.151,0.14,0.204
henan_north,2000-06-25,0.301,0.159,0.14,0.204
henan_north,2000-06-26,0.362,0.228,0.14,0.204
henan_north,2000-06-27,0.346,0.254,0.14,0.204
henan_north,2000-06-28,0.348,0.267,0.141,0.204
henan_north,2000-06-29,0.324,0.277,0.142,0.204
henan_north,2000-06-30,0.283,0.268,0.142,0.204
henan_north,2000-07-01,0.253,0.255,0.142,0.203
henan_north,2000-07-02,0.235,0.245,0.143,0.203
henan_north,2000-07-03,0.297,0.255,0.143,0.203
henan_north,2000-07-04,0.427,0.413,0.171,0.203
henan_north,2000-07-05,0.43,0.425,0.261,0.203
henan_north,2000-07-06,0.43,0.427,0.33,0.203
henan_north,2000-07-07,0.415,0.417,0.375,0.204
henan_north,2000-07-08,0.39,0.397,0.377,0.205
henan_north,2000-07-09,0.373,0.382,0.374,0.206
henan_north,2000-07-10,0.384,0.374,0.371,0.207
henan_north,2000-07-11,0.377,0.375,0.368,0.208
henan_north,2000-07-12,0.356,0.366,0.365,0.209
henan_north,2000-07-13,0.346,0.356,0.362,0.209
henan_north,2000-07-14,0.404,0.379,0.36,0.21
henan_north,2000-07-15,0.428,0.429,0.394,0.211
henan_north,2000-07-16,0.42,0.423,0.416,0.215
henan_north,2000-07-17,0.41,0.411,0.409,0.219
henan_north,2000-07-18,0.42,0.422,0.409,0.222
henan_north,2000-07-19,0.409,0.411,0.405,0.225
henan_north,2000-07-20,0.401,0.403,0.4,0.227
henan_north,2000-07-21,0.383,0.392,0.395,0.229
henan_north,2000-07-22,0.373,0.38,0.39,0.231
henan_north,2000-07-23,0.377,0.376,0.386,0.232
henan_north,2000-07-24,0.358,0.367,0.381,0.233
henan_north,2000-07-25,0.342,0.356,0.377,0.234
henan_north,2000-07-26,0.339,0.347,0.373,0.235
henan_north,2000-07-27,0.364,0.347,0.369,0.236
henan_north,2000-07-28,0.395,0.386,0.367,0.236
henan_north,2000-07-29,0.369,0.377,0.365,0.237
henan_north,2000-07-30,0.349,0.363,0.362,0.237
henan_north,2000-07-31,0.332,0.349,0.359,0.238
henan_north,2000-08-01,0.32,0.338,0.355,0.238
henan_north,2000-08-02,0.311,0.329,0.352,0.239
henan_north,2000-08-03,0.314,0.323,0.35,0.239
henan_north,2000-08-04,0.383,0.337,0.348,0.239
henan_north,2000-08-05,0.417,0.398,0.349,0.24
henan_north,2000-08-06,0.402,0.399,0.353,0.24
henan_north,2000-08-07,0.385,0.389,0.355,0.241
henan_north,2000-08-08,0.375,0.377,0.355,0.241
henan_north,2000-08-09,0.395,0.389,0.354,0.241
henan_north,2000-08-10,0.371,0.378,0.354,0.242
henan_north,2000-08-11,0.362,0.367,0.353,0.242
henan_north,2000-08-12,0.355,0.359,0.351,0.243
henan_north,2000-08-13,0.346,0.351,0.349,0.243
henan_north,2000-08-14,0.333,0.343,0.347,0.243
henan_north,2000-08-15,0.343,0.337,0.345,0.243
henan_north,2000-08-16,0.337,0.334,0.343,0.244
henan_north,2000-08-17,0.32,0.326,0.34,0.244
henan_north,2000-08-18,0.352,0.326,0.339,0.244
henan_north,2000-08-19,0.34,0.329,0.337,0.244
henan_north,2000-08-20,0.318,0.322,0.335,0.245
henan_north,2000-08-21,0.3,0.314,0.332,0.245
henan_north,2000-08-22,0.29,0.307,0.33,0.245
henan_north,2000-08-23,0.285,0.301,0.328,0.245
henan_north,2000-08-24,0.271,0.293,0.326,0.245
henan_north,2000-08-25,0.256,0.284,0.323,0.245
henan_north,2000-08-26,0.241,0.275,0.319,0.245
henan_north,2000-08-27,0.229,0.267,0.316,0.245
henan_north,2000-08-28,0.232,0.26,0.313,0.246
henan_north,2000-08-29,0.229,0.254,0.311,0.246
henan_north,2000-08-30,0.25,0.251,0.309,0.246
henan_north,2000-08-31,0.256,0.249,0.307,0.246
henan_north,2000-09-01,0.24,0.245,0.304,0.246
henan_north,2000-09-02,0.225,0.24,0.302,0.246
henan_north,2000-09-03,0.215,0.236,0.299,0.246
henan_north,2000-09-04,0.227,0.233,0.297,0.246
henan_north,2000-09-05,0.389,0.321,0.296,0.246
henan_north,2000-09-06,0.359,0.353,0.297,0.246
henan_north,2000-09-07,0.34,0.344,0.297,0.246
henan_north,2000-09-08,0.325,0.334,0.297,0.246
henan_north,2000-09-09,0.314,0.325,0.296,0.246
henan_north,2000-09-10,0.305,0.318,0.295,0.246
henan_north,2000-09-11,0.295,0.31,0.294,0.246
henan_north,2000-09-12,0.283,0.302,0.293,0.246
henan_north,2000-09-13,0.269,0.293,0.292,0.246
henan_north,2000-09-14,0.258,0.285,0.29,0.246
henan_north,2000-09-15,0.25,0.277,0.289,0.246
henan_north,2000-09-16,0.241,0.27,0.287,0.246
henan_north,2000-09-17,0.231,0.263,0.285,0.246
henan_north,2000-09-18,0.221,0.256,0.283,0.246
henan_north,2000-09-19,0.219,0.251,0.282,0.246
henan_north,2000-09-20,0.249,0.248,0.281,0.246
henan_north,2000-09-21,0.389,0.285,0.28,0.246
henan_north,2000-09-22,0.355,0.317,0.28,0.246
henan_north,2000-09-23,0.375,0.334,0.28,0.246
henan_north,2000-09-24,0.415,0.384,0.283,0.246
henan_north,2000-09-25,0.389,0.389,0.29,0.246
henan_north,2000-09-26,0.368,0.371,0.294,0.246
henan_north,2000-09-27,0.363,0.361,0.295,0.246
henan_north,2000-09-28,0.352,0.354,0.296,0.246
henan_north,2000-09-29,0.338,0.345,0.297,0.246
henan_north,2000-09-30,0.33,0.337,0.297,0.246
henan_north,2000-10-01,0.338,0.333,0.297,0.246
henan_north,2000-10-02,0.335,0.331,0.297,0.246
henan_north,2000-10-03,0.321,0.325,0.297,0.246
henan_north,2000-10-04,0.31,0.319,0.296,0.246
henan_north,2000-10-05,0.307,0.315,0.296,0.246
henan_north,2000-10-06,0.302,0.31,0.295,0.247
henan_north,2000-10-07,0.295,0.306,0.295,0.247
henan_north,2000-10-08,0.295,0.302,0.294,0.247
henan_north,2000-10-09,0.323,0.301,0.294,0.247
henan_north,2000-10-10,0.405,0.342,0.294,0.247
henan_north,2000-10-11,0.413,0.39,0.297,0.247
henan_north,2000-10-12,0.395,0.393,0.304,0.247
henan_north,2000-10-13,0.378,0.379,0.308,0.247
henan_north,2000-10-14,0.365,0.368,0.31,0.247
henan_north,2000-10-15,0.354,0.359,0.31,0.247
henan_north,2000-10-16,0.347,0.352,0.311,0.247
henan_north,2000-10-17,0.34,0.346,0.311,0.247
henan_north,2000-10-18,0.334,0.34,0.311,0.247
henan_north,2000-10-19,0.334,0.336,0.311,0.247
henan_north,2000-10-20,0.329,0.333,0.311,0.248
henan_north,2000-10-21,0.324,0.329,0.311,0.248
henan_north,2000-10-22,0.359,0.331,0.311,0.248
henan_north,2000-10-23,0.354,0.337,0.311,0.248
henan_north,2000-10-24,0.379,0.344,0.311,0.248
henan_north,2000-10-25,0.376,0.36,0.312,0.248
henan_north,2000-10-26,0.359,0.357,0.313,0.248
henan_north,2000-10-27,0.358,0.353,0.313,0.248
henan_north,2000-10-28,0.364,0.354,0.314,0.248
henan_north,2000-10-29,0.351,0.351,0.314,0.248
henan_north,2000-10-30,0.341,0.346,0.315,0.249
henan_north,2000-10-31,0.335,0.341,0.315,0.249
henan_north,2000-11-01,0.328,0.336,0.314,0.249
henan_north,2000-11-02,0.323,0.331,0.314,0.249
henan_north,2000-11-03,0.319,0.327,0.313,0.249
henan_north,2000-11-04,0.317,0.323,0.313,0.249
henan_north,2000-11-05,0.311,0.32,0.312,0.249
henan_north,2000-11-06,0.306,0.316,0.312,0.249
henan_north,2000-11-07,0.301,0.313,0.311,0.249
henan_north,2000-11-08,0.303,0.311,0.311,0.249
henan_north,2000-11-09,0.34,0.313,0.311,0.249
henan_north,2000-11-10,0.347,0.32,0.31,0.25
henan_north,2000-11-11,0.344,0.323,0.31,0.25
henan_north,2000-11-12,0.342,0.325,0.31,0.25
henan_north,2000-11-13,0.339,0.326,0.31,0.25
henan_north,2000-11-14,0.337,0.326,0.31,0.25
henan_north,2000-11-15,0.339,0.327,0.31,0.25
henan_north,2000-11-16,0.349,0.329,0.31,0.25
henan_north,2000-11-17,0.345,0.331,0.309,0.25
henan_north,2000-11-18,0.341,0.332,0.309,0.25
henan_north,2000-11-19,0.343,0.332,0.309,0.25
henan_north,2000-11-20,0.337,0.332,0.309,0.25
henan_north,2000-11-21,0.33,0.33,0.309,0.251
henan_north,2000-11-22,0.326,0.327,0.309,0.251
henan_north,2000-11-23,0.323,0.325,0.309,0.251
henan_north,2000-11-24,0.321,0.323,0.309,0.251
henan_north,2000-11-25,0.318,0.322,0.309,0.251
henan_north,2000-11-26,0.316,0.319,0.309,0.251
henan_north,2000-11-27,0.312,0.317,0.308,0.251
henan_north,2000-11-28,0.309,0.315,0.308,0.251
henan_north,2000-11-29,0.309,0.314,0.308,0.251
henan_north,2000-11-30,0.31,0.312,0.307,0.251
henan_north,2000-12-01,0.308,0.311,0.307,0.251
henan_north,2000-12-02,0.307,0.31,0.307,0.251
henan_north,2000-12-03,0.303,0.308,0.306,0.251
henan_north,2000-12-04,0.299,0.306,0.306,0.252
henan_north,2000-12-05,0.296,0.304,0.305,0.252
henan_north,2000-12-06,0.294,0.302,0.305,0.252
henan_north,2000-12-07,0.292,0.301,0.305,0.252
henan_north,2000-12-08,0.291,0.299,0.304,0.252
henan_north,2000-12-09,0.29,0.298,0.304,0.252
henan_north,2000-12-10,0.288,0.296,0.303,0.252
henan_north,2000-12-11,0.286,0.295,0.303,0.252
henan_north,2000-12-12,0.285,0.294,0.303,0.252
henan_north,2000-12-13,0.284,0.292,0.302,0.252
henan_north,2000-12-14,0.283,0.291,0.302,0.252
henan_north,2000-12-15,0.282,0.29,0.301,0.252
henan_north,2000-12-16,0.28,0.289,0.301,0.252
henan_north,2000-12-17,0.28,0.287,0.3,0.252
henan_north,2000-12-18,0.279,0.287,0.3,0.252
henan_north,2000-12-19,0.278,0.285,0.3,0.253
henan_north,2000-12-20,0.276,0.285,0.299,0.253
henan_north,2000-12-21,0.274,0.283,0.299,0.253
henan_north,2000-12-22,0.271,0.282,0.298,0.253
henan_north,2000-12-23,0.268,0.28,0.298,0.253
henan_north,2000-12-24,0.267,0.279,0.297,0.253
henan_north,2000-12-25,0.264,0.277,0.297,0.253
henan_north,2000-12-26,0.263,0.276,0.296,0.253
henan_north,2000-12-27,0.263,0.275,0.296,0.253
henan_north,2000-12-28,0.262,0.274,0.295,0.253
henan_north,2000-12-29,0.262,0.274,0.295,0.253
henan_north,2000-12-30,0.262,0.273,0.295,0.253
henan_north,2000-12-31,0.261,0.272,0.294,0.253
henan_north,2001-01-01,0.26,0.271,0.294,0.253
henan_north,2001-01-02,0.258,0.27,0.293,0.253
henan_north,2001-01-03,0.256,0.269,0.293,0.253
henan_north,2001-01-04,0.255,0.268,0.292,0.253
henan_north,2001-01-05,0.256,0.268,0.292,0.253
henan_north,2001-01-06,0.256,0.268,0.292,0.253
henan_north,2001-01-07,0.265,0.268,0.291,0.253
henan_north,2001-01-08,0.274,0.268,0.291,0.253
henan_north,2001-01-09,0.276,0.269,0.291,0.253
henan_north,2001-01-10,0.293,0.27,0.291,0.253
henan_north,2001-01-11,0.309,0.274,0.291,0.254
henan_north,2001-01-12,0.31,0.278,0.29,0.254
henan_north,2001-01-13,0.309,0.281,0.29,0.254
henan_north,2001-01-14,0.306,0.284,0.29,0.254
henan_north,2001-01-15,0.304,0.286,0.29,0.254
henan_north,2001-01-16,0.312,0.288,0.29,0.254
henan_north,2001-01-17,0.33,0.292,0.29,0.254
henan_north,2001-01-18,0.338,0.299,0.29,0.254
henan_north,2001-01-19,0.334,0.304,0.29,0.254
henan_north,2001-01-20,0.334,0.308,0.29,0.254
henan_north,2001-01-21,0.334,0.311,0.29,0.254
henan_north,2001-01-22,0.329,0.313,0.29,0.254
henan_north,2001-01-23,0.322,0.314,0.29,0.254
henan_north,2001-01-24,0.318,0.314,0.29,0.254
henan_north,2001-01-25,0.316,0.313,0.29,0.254
henan_north,2001-01-26,0.32,0.313,0.29,0.254
henan_north,2001-01-27,0.332,0.313,0.291,0.254
henan_north,2001-01-28,0.336,0.316,0.291,0.254
henan_north,2001-01-29,0.334,0.317,0.291,0.254
henan_north,2001-01-30,0.336,0.319,0.291,0.254
henan_north,2001-01-31,0.334,0.319,0.291,0.254
henan_north,2001-02-01,0.329,0.319,0.291,0.254
henan_north,2001-02-02,0.325,0.318,0.291,0.254
henan_north,2001-02-03,0.321,0.317,0.291,0.254
henan_north,2001-02-04,0.317,0.315,0.291,0.254
henan_north,2001-02-05,0.314,0.314,0.291,0.254
henan_north,2001-02-06,0.312,0.313,0.291,0.254
henan_north,2001-02-07,0.31,0.312,0.291,0.255
henan_north,2001-02-08,0.319,0.311,0.291,0.255
henan_north,2001-02-09,0.333,0.312,0.291,0.255
henan_north,2001-02-10,0.334,0.314,0.291,0.255
henan_north,2001-02-11,0.327,0.316,0.291,0.255
henan_north,2001-02-12,0.321,0.316,0.291,0.255
henan_north,2001-02-13,0.332,0.315,0.292,0.255
henan_north,2001-02-14,0.35,0.319,0.292,0.255
henan_north,2001-02-15,0.35,0.324,0.292,0.255
henan_north,2001-02-16,0.34,0.326,0.292,0.255
henan_north,2001-02-17,0.337,0.325,0.292,0.255
henan_north,2001-02-18,0.332,0.324,0.292,0.255
henan_north,2001-02-19,0.325,0.322,0.292,0.255
henan_north,2001-02-20,0.321,0.32,0.292,0.255
henan_north,2001-02-21,0.315,0.317,0.292,0.255
henan_north,2001-02-22,0.324,0.314,0.292,0.255
henan_north,2001-02-23,0.373,0.335,0.292,0.255
henan_north,2001-02-24,0.347,0.338,0.292,0.255
henan_north,2001-02-25,0.337,0.335,0.293,0.255
henan_north,2001-02-26,0.334,0.332,0.293,0.255
henan_north,2001-02-27,0.335,0.33,0.293,0.255
henan_north,2001-02-28,0.327,0.327,0.293,0.255
henan_north,2001-03-01,0.318,0.322,0.293,0.255
henan_north,2001-03-02,0.31,0.317,0.293,0.255
henan_north,2001-03-03,0.303,0.313,0.292,0.255
henan_north,2001-03-04,0.294,0.307,0.292,0.255
henan_north,2001-03-05,0.288,0.302,0.291,0.255
henan_north,2001-03-06,0.282,0.297,0.29,0.255
henan_north,2001-03-07,0.276,0.293,0.29,0.255
henan_north,2001-03-08,0.271,0.288,0.289,0.255
henan_north,2001-03-09,0.265,0.284,0.288,0.255
henan_north,2001-03-10,0.259,0.28,0.287,0.255
henan_north,2001-03-11,0.254,0.276,0.287,0.255
henan_north,2001-03-12,0.249,0.271,0.286,0.255
henan_north,2001-03-13,0.244,0.267,0.285,0.255
henan_north,2001-03-14,0.238,0.263,0.284,0.255
henan_north,2001-03-15,0.232,0.259,0.283,0.255
henan_north,2001-03-16,0.245,0.257,0.282,0.255
henan_north,2001-03-17,0.245,0.254,0.281,0.255
henan_north,2001-03-18,0.235,0.25,0.28,0.255
henan_north,2001-03-19,0.226,0.246,0.279,0.255
henan_north,2001-03-20,0.215,0.241,0.277,0.255
henan_north,2001-03-21,0.204,0.236,0.275,0.255
henan_north,2001-03-22,0.195,0.231,0.273,0.255
henan_north,2001-03-23,0.189,0.227,0.272,0.255
henan_north,2001-03-24,0.183,0.223,0.271,0.255
henan_north,2001-03-25,0.178,0.219,0.269,0.255
henan_north,2001-03-26,0.173,0.216,0.268,0.255
henan_north,2001-03-27,0.176,0.214,0.267,0.255
henan_north,2001-03-28,0.175,0.212,0.266,0.255
henan_north,2001-03-29,0.171,0.208,0.264,0.255
henan_north,2001-03-30,0.166,0.205,0.263,0.255
henan_north,2001-03-31,0.162,0.203,0.261,0.255
henan_north,2001-04-01,0.159,0.2,0.26,0.255
henan_north,2001-04-02,0.155,0.197,0.258,0.255
henan_north,2001-04-03,0.152,0.194,0.257,0.255
henan_north,2001-04-04,0.149,0.192,0.256,0.255
henan_north,2001-04-05,0.147,0.189,0.254,0.255
henan_north,2001-04-06,0.145,0.187,0.252,0.255
henan_north,2001-04-07,0.143,0.185,0.251,0.254
henan_north,2001-04-08,0.143,0.183,0.25,0.254
henan_north,2001-04-09,0.149,0.182,0.249,0.254
henan_north,2001-04-10,0.213,0.182,0.248,0.254
henan_north,2001-04-11,0.205,0.181,0.247,0.254
henan_north,2001-04-12,0.192,0.179,0.245,0.254
henan_north,2001-04-13,0.181,0.177,0.244,0.254
henan_north,2001-04-14,0.174,0.175,0.242,0.254
henan_north,2001-04-15,0.165,0.173,0.24,0.254
henan_north,2001-04-16,0.156,0.17,0.238,0.254
henan_north,2001-04-17,0.15,0.167,0.236,0.254
henan_north,2001-04-18,0.144,0.165,0.234,0.254
henan_north,2001-04-19,0.141,0.163,0.232,0.254
henan_north,2001-04-20,0.139,0.162,0.231,0.253
henan_north,2001-04-21,0.137,0.161,0.23,0.253
henan_north,2001-04-22,0.135,0.16,0.229,0.253
henan_north,2001-04-23,0.135,0.159,0.228,0.253
henan_north,2001-04-24,0.136,0.158,0.227,0.253
henan_north,2001-04-25,0.134,0.157,0.225,0.253
henan_north,2001-04-26,0.133,0.156,0.224,0.253
henan_north,2001-04-27,0.136,0.155,0.223,0.253
henan_north,2001-04-28,0.136,0.154,0.222,0.253
henan_north,2001-04-29,0.136,0.153,0.221,0.253
henan_north,2001-04-30,0.135,0.153,0.22,0.253
henan_north,2001-05-01,0.133,0.152,0.218,0.253
henan_north,2001-05-02,0.132,0.15,0.217,0.252
henan_north,2001-05-03,0.131,0.149,0.215,0.252
henan_north,2001-05-04,0.131,0.148,0.214,0.252
henan_north,2001-05-05,0.13,0.148,0.212,0.252
henan_north,2001-05-06,0.129,0.146,0.211,0.252
henan_north,2001-05-07,0.18,0.146,0.21,0.252
henan_north,2001-05-08,0.189,0.146,0.209,0.252
henan_north,2001-05-09,0.172,0.145,0.207,0.252
henan_north,2001-05-10,0.166,0.145,0.205,0.252
henan_north,2001-05-11,0.165,0.144,0.204,0.251
henan_north,2001-05-12,0.158,0.143,0.203,0.251
henan_north,2001-05-13,0.154,0.143,0.201,0.251
henan_north,2001-05-14,0.149,0.142,0.2,0.251
henan_north,2001-05-15,0.146,0.141,0.198,0.251
henan_north,2001-05-16,0.14,0.14,0.197,0.251
henan_north,2001-05-17,0.136,0.14,0.196,0.251
henan_north,2001-05-18,0.133,0.139,0.194,0.25
henan_north,2001-05-19,0.13,0.139,0.192,0.25
henan_north,2001-05-20,0.128,0.138,0.19,0.25
henan_north,2001-05-21,0.126,0.137,0.189,0.25
henan_north,2001-05-22,0.126,0.137,0.187,0.25
henan_north,2001-05-23,0.125,0.137,0.186,0.25
henan_north,2001-05-24,0.124,0.136,0.185,0.249
henan_north,2001-05-25,0.123,0.136,0.184,0.249
henan_north,2001-05-26,0.123,0.136,0.183,0.249
henan_north,2001-05-27,0.122,0.136,0.182,0.249
henan_north,2001-05-28,0.122,0.135,0.181,0.249
henan_north,2001-05-29,0.121,0.135,0.18,0.249
henan_north,2001-05-30,0.125,0.135,0.179,0.249
henan_north,2001-05-31,0.125,0.135,0.179,0.248
henan_north,2001-06-01,0.123,0.135,0.177,0.248
henan_north,2001-06-02,0.123,0.135,0.176,0.248
henan_north,2001-06-03,0.122,0.134,0.175,0.248
henan_north,2001-06-04,0.123,0.134,0.174,0.248
henan_north,2001-06-05,0.122,0.134,0.173,0.248
henan_north,2001-06-06,0.123,0.134,0.172,0.247
henan_north,2001-06-07,0.125,0.134,0.171,0.247
henan_north,2001-06-08,0.123,0.134,0.17,0.247
henan_north,2001-06-09,0.153,0.134,0.169,0.247
henan_north,2001-06-10,0.163,0.134,0.169,0.247
henan_north,2001-06-11,0.152,0.134,0.168,0.247
henan_north,2001-06-12,0.146,0.134,0.168,0.246
henan_north,2001-06-13,0.142,0.134,0.167,0.246
henan_north,2001-06-14,0.138,0.134,0.166,0.246
henan_north,2001-06-15,0.144,0.134,0.166,0.246
henan_north,2001-06-16,0.16,0.134,0.166,0.246
henan_north,2001-06-17,0.153,0.134,0.165,0.246
henan_north,2001-06-18,0.148,0.134,0.165,0.246
henan_north,2001-06-19,0.163,0.134,0.164,0.246
henan_north,2001-06-20,0.209,0.135,0.164,0.246
henan_north,2001-06-21,0.239,0.136,0.163,0.245
henan_north,2001-06-22,0.296,0.15,0.163,0.245
henan_north,2001-06-23,0.314,0.164,0.162,0.245
henan_north,2001-06-24,0.303,0.175,0.162,0.245
henan_north,2001-06-25,0.307,0.191,0.162,0.245
henan_north,2001-06-26,0.262,0.193,0.162,0.245
henan_north,2001-06-27,0.229,0.189,0.161,0.245
henan_north,2001-06-28,0.245,0.187,0.161,0.245
henan_north,2001-06-29,0.392,0.338,0.162,0.245
henan_north,2001-06-30,0.346,0.344,0.166,0.245
henan_north,2001-07-01,0.312,0.322,0.168,0.244
henan_north,2001-07-02,0.288,0.304,0.169,0.244
henan_north,2001-07-03,0.322,0.296,0.17,0.244
henan_north,2001-07-04,0.329,0.299,0.171,0.244
henan_north,2001-07-05,0.292,0.288,0.171,0.244
henan_north,2001-07-06,0.263,0.274,0.171,0.244
henan_north,2001-07-07,0.238,0.261,0.171,0.244
henan_north,2001-07-08,0.217,0.248,0.171,0.244
henan_north,2001-07-09,0.207,0.237,0.17,0.244
henan_north,2001-07-10,0.259,0.231,0.17,0.243
henan_north,2001-07-11,0.267,0.23,0.17,0.243
henan_north,2001-07-12,0.252,0.226,0.17,0.243
henan_north,2001-07-13,0.224,0.218,0.169,0.243
henan_north,2001-07-14,0.202,0.21,0.169,0.243
henan_north,2001-07-15,0.185,0.202,0.168,0.243
henan_north,2001-07-16,0.171,0.194,0.167,0.243
henan_north,2001-07-17,0.158,0.186,0.166,0.243
henan_north,2001-07-18,0.148,0.179,0.165,0.242
henan_north,2001-07-19,0.141,0.173,0.164,0.242
henan_north,2001-07-20,0.153,0.168,0.164,0.242
henan_north,2001-07-21,0.318,0.176,0.163,0.242
henan_north,2001-07-22,0.294,0.191,0.163,0.242
henan_north,2001-07-23,0.373,0.223,0.163,0.242
henan_north,2001-07-24,0.419,0.387,0.17,0.242
henan_north,2001-07-25,0.401,0.389,0.187,0.242
henan_north,2001-07-26,0.419,0.402,0.199,0.242
henan_north,2001-07-27,0.425,0.417,0.232,0.242
henan_north,2001-07-28,0.412,0.409,0.261,0.242
henan_north,2001-07-29,0.388,0.381,0.271,0.242
henan_north,2001-07-30,0.385,0.374,0.275,0.242
henan_north,2001-07-31,0.36,0.361,0.277,0.242
henan_north,2001-08-01,0.341,0.345,0.277,0.242
henan_north,2001-08-02,0.326,0.333,0.277,0.242
henan_north,2001-08-03,0.308,0.32,0.277,0.242
henan_north,2001-08-04,0.294,0.309,0.275,0.242
henan_north,2001-08-05,0.286,0.299,0.274,0.242
henan_north,2001-08-06,0.278,0.29,0.273,0.242
henan_north,2001-08-07,0.37,0.305,0.272,0.242
henan_north,2001-08-08,0.34,0.324,0.272,0.242
henan_north,2001-08-09,0.314,0.315,0.271,0.242
henan_north,2001-08-10,0.296,0.305,0.27,0.241
henan_north,2001-08-11,0.278,0.294,0.269,0.241
henan_north,2001-08-12,0.261,0.284,0.267,0.241
henan_north,2001-08-13,0.246,0.274,0.265,0.241
henan_north,2001-08-14,0.237,0.264,0.263,0.241
henan_north,2001-08-15,0.288,0.258,0.262,0.241
henan_north,2001-08-16,0.321,0.264,0.261,0.241
henan_north,2001-08-17,0.3,0.264,0.26,0.241
henan_north,2001-08-18,0.291,0.262,0.259,0.241
henan_north,2001-08-19,0.305,0.262,0.258,0.241
henan_north,2001-08-20,0.295,0.262,0.258,0.241
henan_north,2001-08-21,0.274,0.259,0.256,0.241
henan_north,2001-08-22,0.25,0.251,0.255,0.241
henan_north,2001-08-23,0.231,0.243,0.253,0.241
henan_north,2001-08-24,0.215,0.235,0.251,0.241
henan_north,2001-08-25,0.202,0.229,0.249,0.241
henan_north,2001-08-26,0.19,0.222,0.247,0.241
henan_north,2001-08-27,0.179,0.215,0.246,0.241
henan_north,2001-08-28,0.171,0.21,0.244,0.241
henan_north,2001-08-29,0.172,0.206,0.243,0.241
henan_north,2001-08-30,0.175,0.203,0.242,0.24
henan_north,2001-08-31,0.179,0.201,0.241,0.24
henan_north,2001-09-01,0.176,0.197,0.239,0.24
henan_north,2001-09-02,0.169,0.193,0.238,0.24
henan_north,2001-09-03,0.164,0.19,0.236,0.24
henan_north,2001-09-04,0.16,0.187,0.235,0.24
henan_north,2001-09-05,0.157,0.183,0.233,0.24
henan_north,2001-09-06,0.155,0.179,0.231,0.24
henan_north,2001-09-07,0.149,0.176,0.23,0.24
henan_north,2001-09-08,0.146,0.174,0.229,0.24
henan_north,2001-09-09,0.143,0.172,0.227,0.24
henan_north,2001-09-10,0.139,0.169,0.226,0.24
henan_north,2001-09-11,0.137,0.167,0.224,0.24
henan_north,2001-09-12,0.134,0.164,0.222,0.24
henan_north,2001-09-13,0.133,0.162,0.221,0.239
henan_north,2001-09-14,0.132,0.161,0.219,0.239
henan_north,2001-09-15,0.131,0.159,0.218,0.239
henan_north,2001-09-16,0.13,0.157,0.216,0.239
henan_north,2001-09-17,0.168,0.156,0.215,0.239
henan_north,2001-09-18,0.18,0.156,0.215,0.239
henan_north,2001-09-19,0.173,0.156,0.214,0.239
henan_north,2001-09-20,0.174,0.156,0.214,0.239
henan_north,2001-09-21,0.243,0.157,0.214,0.239
henan_north,2001-09-22,0.26,0.162,0.214,0.239
henan_north,2001-09-23,0.241,0.165,0.213,0.239
henan_north,2001-09-24,0.285,0.169,0.213,0.239
henan_north,2001-09-25,0.265,0.175,0.212,0.239
henan_north,2001-09-26,0.241,0.176,0.211,0.239
henan_north,2001-09-27,0.223,0.175,0.21,0.239
henan_north,2001-09-28,0.208,0.174,0.21,0.239
henan_north,2001-09-29,0.205,0.174,0.209,0.239
henan_north,2001-09-30,0.203,0.173,0.209,0.239
henan_north,2001-10-01,0.192,0.172,0.208,0.239
henan_north,2001-10-02,0.185,0.171,0.207,0.238
henan_north,2001-10-03,0.181,0.17,0.207,0.238
henan_north,2001-10-04,0.175,0.169,0.206,0.238
henan_north,2001-10-05,0.17,0.168,0.206,0.238
henan_north,2001-10-06,0.167,0.167,0.205,0.238
henan_north,2001-10-07,0.192,0.167,0.205,0.238
henan_north,2001-10-08,0.188,0.167,0.205,0.238
henan_north,2001-10-09,0.181,0.166,0.204,0.238
henan_north,2001-10-10,0.174,0.165,0.204,0.238
henan_north,2001-10-11,0.184,0.165,0.203,0.238
henan_north,2001-10-12,0.208,0.165,0.203,0.238
henan_north,2001-10-13,0.232,0.166,0.203,0.238
henan_north,2001-10-14,0.227,0.167,0.203,0.238
henan_north,2001-10-15,0.221,0.168,0.203,0.238
henan_north,2001-10-16,0.212,0.168,0.202,0.238
henan_north,2001-10-17,0.203,0.168,0.202,0.238
henan_north,2001-10-18,0.196,0.168,0.202,0.238
henan_north,2001-10-19,0.19,0.168,0.201,0.238
henan_north,2001-10-20,0.186,0.167,0.201,0.238
henan_north,2001-10-21,0.181,0.167,0.201,0.238
henan_north,2001-10-22,0.176,0.166,0.2,0.238
henan_north,2001-10-23,0.171,0.166,0.2,0.238
henan_north,2001-10-24,0.171,0.165,0.2,0.238
henan_north,2001-10-25,0.361,0.212,0.199,0.238
henan_north,2001-10-26,0.329,0.251,0.2,0.238
henan_north,2001-10-27,0.301,0.256,0.2,0.238
henan_north,2001-10-28,0.283,0.256,0.2,0.238
henan_north,2001-10-29,0.27,0.254,0.2,0.238
henan_north,2001-10-30,0.261,0.252,0.199,0.238
henan_north,2001-10-31,0.259,0.251,0.199,0.238
henan_north,2001-11-01,0.254,0.249,0.199,0.238
henan_north,2001-11-02,0.25,0.247,0.2,0.237
henan_north,2001-11-03,0.252,0.247,0.2,0.237
henan_north,2001-11-04,0.267,0.247,0.2,0.237
henan_north,2001-11-05,0.265,0.246,0.2,0.237
henan_north,2001-11-06,0.257,0.245,0.2,0.237
henan_north,2001-11-07,0.25,0.244,0.2,0.237
henan_north,2001-11-08,0.244,0.242,0.2,0.237
henan_north,2001-11-09,0.238,0.24,0.2,0.237
henan_north,2001-11-10,0.233,0.238,0.2,0.237
henan_north,2001-11-11,0.229,0.236,0.199,0.237
henan_north,2001-11-12,0.225,0.235,0.199,0.237
henan_north,2001-11-13,0.224,0.233,0.199,0.237
henan_north,2001-11-14,0.219,0.231,0.199,0.237
henan_north,2001-11-15,0.216,0.229,0.199,0.237
henan_north,2001-11-16,0.212,0.227,0.199,0.237
henan_north,2001-11-17,0.21,0.226,0.199,0.237
henan_north,2001-11-18,0.207,0.224,0.199,0.237
henan_north,2001-11-19,0.204,0.222,0.199,0.237
henan_north,2001-11-20,0.202,0.221,0.198,0.237
henan_north,2001-11-21,0.199,0.219,0.198,0.237
henan_north,2001-11-22,0.197,0.217,0.198,0.237
henan_north,2001-11-23,0.195,0.216,0.198,0.237
henan_north,2001-11-24,0.193,0.214,0.198,0.237
henan_north,2001-11-25,0.19,0.213,0.198,0.237
henan_north,2001-11-26,0.189,0.212,0.198,0.237
henan_north,2001-11-27,0.187,0.211,0.198,0.237
henan_north,2001-11-28,0.186,0.21,0.198,0.237
henan_north,2001-11-29,0.184,0.208,0.197,0.237
henan_north,2001-11-30,0.182,0.207,0.197,0.237
henan_north,2001-12-01,0.181,0.206,0.197,0.237
henan_north,2001-12-02,0.196,0.205,0.197,0.237
henan_north,2001-12-03,0.272,0.207,0.197,0.237
henan_north,2001-12-04,0.27,0.21,0.197,0.237
henan_north,2001-12-05,0.271,0.213,0.197,0.237
henan_north,2001-12-06,0.272,0.215,0.197,0.237
henan_north,2001-12-07,0.272,0.218,0.197,0.237
henan_north,2001-12-08,0.277,0.22,0.197,0.237
henan_north,2001-12-09,0.288,0.224,0.197,0.237
henan_north,2001-12-10,0.289,0.228,0.197,0.237
henan_north,2001-12-11,0.289,0.232,0.198,0.237
henan_north,2001-12-12,0.298,0.236,0.198,0.237
henan_north,2001-12-13,0.297,0.241,0.198,0.237
henan_north,2001-12-14,0.289,0.244,0.198,0.237
henan_north,2001-12-15,0.289,0.247,0.198,0.237
henan_north,2001-12-16,0.293,0.249,0.198,0.237
henan_north,2001-12-17,0.291,0.252,0.198,0.237
henan_north,2001-12-18,0.283,0.253,0.198,0.237
henan_north,2001-12-19,0.278,0.254,0.199,0.237
henan_north,2001-12-20,0.277,0.254,0.199,0.236
henan_north,2001-12-21,0.278,0.255,0.199,0.236
henan_north,2001-12-22,0.279,0.255,0.199,0.236
henan_north,2001-12-23,0.281,0.256,0.199,0.236
henan_north,2001-12-24,0.279,0.256,0.199,0.236
henan_north,2001-12-25,0.274,0.257,0.2,0.236
henan_north,2001-12-26,0.274,0.257,0.2,0.236
henan_north,2001-12-27,0.275,0.257,0.2,0.236
henan_north,2001-12-28,0.275,0.257,0.2,0.236
henan_north,2001-12-29,0.274,0.257,0.201,0.236
henan_north,2001-12-30,0.272,0.257,0.201,0.236
henan_north,2001-12-31,0.269,0.256,0.201,0.236
henan_north,2002-01-01,0.265,0.256,0.202,0.243
henan_north,2002-01-02,0.262,0.255,0.203,0.246
henan_north,2002-01-03,0.258,0.254,0.203,0.246
henan_north,2002-01-04,0.254,0.253,0.203,0.246
henan_north,2002-01-05,0.251,0.251,0.204,0.246
henan_north,2002-01-06,0.247,0.249,0.204,0.246
henan_north,2002-01-07,0.244,0.248,0.204,0.246
henan_north,2002-01-08,0.242,0.246,0.204,0.246
henan_north,2002-01-09,0.239,0.245,0.204,0.246
henan_north,2002-01-10,0.236,0.243,0.204,0.246
henan_north,2002-01-11,0.232,0.241,0.204,0.246
henan_north,2002-01-12,0.241,0.24,0.204,0.246
henan_north,2002-01-13,0.255,0.24,0.204,0.246
henan_north,2002-01-14,0.253,0.24,0.204,0.246
henan_north,2002-01-15,0.256,0.24,0.204,0.246
henan_north,2002-01-16,0.255,0.239,0.204,0.245
henan_north,2002-01-17,0.252,0.239,0.204,0.245
henan_north,2002-01-18,0.25,0.238,0.204,0.245
henan_north,2002-01-19,0.248,0.238,0.204,0.245
henan_north,2002-01-20,0.245,0.237,0.204,0.245
henan_north,2002-01-21,0.241,0.236,0.204,0.245
henan_north,2002-01-22,0.237,0.235,0.204,0.245
henan_north,2002-01-23,0.234,0.234,0.204,0.245
henan_north,2002-01-24,0.233,0.233,0.204,0.245
henan_north,2002-01-25,0.231,0.232,0.204,0.245
henan_north,2002-01-26,0.229,0.231,0.204,0.245
henan_north,2002-01-27,0.227,0.23,0.204,0.245
henan_north,2002-01-28,0.225,0.23,0.204,0.245
henan_north,2002-01-29,0.223,0.228,0.204,0.245
henan_north,2002-01-30,0.22,0.227,0.204,0.245
henan_north,2002-01-31,0.217,0.226,0.204,0.245
henan_north,2002-02-01,0.214,0.224,0.203,0.245
henan_north,2002-02-02,0.211,0.223,0.203,0.245
henan_north,2002-02-03,0.208,0.222,0.203,0.245
henan_north,2002-02-04,0.206,0.22,0.203,0.245
henan_north,2002-02-05,0.203,0.218,0.203,0.245
henan_north,2002-02-06,0.2,0.217,0.203,0.245
henan_north,2002-02-07,0.198,0.216,0.203,0.245
henan_north,2002-02-08,0.195,0.214,0.202,0.245
henan_north,2002-02-09,0.192,0.213,0.202,0.245
henan_north,2002-02-10,0.19,0.211,0.202,0.245
henan_north,2002-02-11,0.187,0.21,0.202,0.245
henan_north,2002-02-12,0.183,0.208,0.202,0.245
henan_north,2002-02-13,0.18,0.206,0.201,0.245
henan_north,2002-02-14,0.178,0.205,0.201,0.245
henan_north,2002-02-15,0.176,0.204,0.201,0.245
henan_north,2002-02-16,0.175,0.202,0.201,0.245
henan_north,2002-02-17,0.171,0.2,0.201,0.245
henan_north,2002-02-18,0.169,0.199,0.2,0.245
henan_north,2002-02-19,0.168,0.198,0.2,0.245
henan_north,2002-02-20,0.166,0.197,0.2,0.244
henan_north,2002-02-21,0.164,0.195,0.2,0.244
henan_north,2002-02-22,0.161,0.193,0.2,0.244
henan_north,2002-02-23,0.159,0.192,0.199,0.244
henan_north,2002-02-24,0.157,0.19,0.199,0.244
henan_north,2002-02-25,0.156,0.189,0.199,0.244
henan_north,2002-02-26,0.154,0.187,0.198,0.244
henan_north,2002-02-27,0.152,0.186,0.198,0.244
henan_north,2002-02-28,0.151,0.184,0.198,0.244
henan_north,2002-03-01,0.15,0.183,0.198,0.244
henan_north,2002-03-02,0.189,0.182,0.197,0.244
henan_north,2002-03-03,0.192,0.182,0.197,0.244
henan_north,2002-03-04,0.205,0.182,0.197,0.244
henan_north,2002-03-05,0.226,0.182,0.197,0.244
henan_north,2002-03-06,0.232,0.182,0.197,0.244
henan_north,2002-03-07,0.228,0.182,0.197,0.244
henan_north,2002-03-08,0.22,0.182,0.196,0.244
henan_north,2002-03-09,0.211,0.181,0.196,0.244
henan_north,2002-03-10,0.206,0.18,0.195,0.244
henan_north,2002-03-11,0.205,0.179,0.195,0.244
henan_north,2002-03-12,0.198,0.178,0.195,0.244
henan_north,2002-03-13,0.221,0.177,0.194,0.244
henan_north,2002-03-14,0.248,0.179,0.194,0.244
henan_north,2002-03-15,0.23,0.179,0.194,0.244
henan_north,2002-03-16,0.219,0.178,0.193,0.243
henan_north,2002-03-17,0.207,0.177,0.193,0.243
henan_north,2002-03-18,0.197,0.176,0.192,0.243
henan_north,2002-03-19,0.188,0.174,0.192,0.243
henan_north,2002-03-20,0.19,0.173,0.191,0.243
henan_north,2002-03-21,0.194,0.173,0.191,0.243
henan_north,2002-03-22,0.19,0.172,0.191,0.243
henan_north,2002-03-23,0.181,0.17,0.19,0.243
henan_north,2002-03-24,0.174,0.169,0.19,0.243
henan_north,2002-03-25,0.168,0.167,0.189,0.243
henan_north,2002-03-26,0.162,0.166,0.189,0.243
henan_north,2002-03-27,0.158,0.164,0.188,0.243
henan_north,2002-03-28,0.156,0.163,0.188,0.243
henan_north,2002-03-29,0.154,0.161,0.187,0.243
henan_north,2002-03-30,0.153,0.159,0.186,0.243
henan_north,2002-03-31,0.147,0.157,0.185,0.242
henan_north,2002-04-01,0.143,0.155,0.185,0.242
henan_north,2002-04-02,0.139,0.154,0.184,0.242
henan_north,2002-04-03,0.137,0.152,0.183,0.242
henan_north,2002-04-04,0.136,0.151,0.182,0.242
henan_north,2002-04-05,0.158,0.151,0.182,0.242
henan_north,2002-04-06,0.17,0.151,0.182,0.242
henan_north,2002-04-07,0.162,0.15,0.181,0.242
henan_north,2002-04-08,0.157,0.149,0.181,0.242
henan_north,2002-04-09,0.151,0.148,0.18,0.242
henan_north,2002-04-10,0.147,0.147,0.179,0.242
henan_north,2002-04-11,0.143,0.146,0.179,0.241
henan_north,2002-04-12,0.14,0.145,0.178,0.241
henan_north,2002-04-13,0.137,0.144,0.177,0.241
henan_north,2002-04-14,0.134,0.143,0.176,0.241
henan_north,2002-04-15,0.135,0.142,0.175,0.241
henan_north,2002-04-16,0.152,0.142,0.175,0.241
henan_north,2002-04-17,0.146,0.141,0.174,0.241
henan_north,2002-04-18,0.142,0.14,0.173,0.241
henan_north,2002-04-19,0.139,0.14,0.173,0.24
henan_north,2002-04-20,0.136,0.139,0.172,0.24
henan_north,2002-04-21,0.134,0.139,0.171,0.24
henan_north,2002-04-22,0.134,0.138,0.171,0.24
henan_north,2002-04-23,0.147,0.138,0.17,0.24
henan_north,2002-04-24,0.157,0.138,0.17,0.24
henan_north,2002-04-25,0.152,0.138,0.17,0.24
henan_north,2002-04-26,0.153,0.138,0.17,0.24
henan_north,2002-04-27,0.154,0.138,0.17,0.24
henan_north,2002-04-28,0.214,0.139,0.17,0.24
henan_north,2002-04-29,0.289,0.146,0.17,0.24
henan_north,2002-04-30,0.259,0.153,0.169,0.24
henan_north,2002-05-01,0.242,0.155,0.169,0.24
henan_north,2002-05-02,0.276,0.159,0.169,0.24
henan_north,2002-05-03,0.247,0.162,0.168,0.24
henan_north,2002-05-04,0.226,0.162,0.168,0.239
henan_north,2002-05-05,0.279,0.165,0.168,0.239
henan_north,2002-05-06,0.35,0.199,0.168,0.239
henan_north,2002-05-07,0.297,0.216,0.168,0.239
henan_north,2002-05-08,0.269,0.216,0.168,0.239
henan_north,2002-05-09,0.265,0.216,0.168,0.239
henan_north,2002-05-10,0.283,0.218,0.168,0.239
henan_north,2002-05-11,0.257,0.216,0.167,0.239
henan_north,2002-05-12,0.237,0.213,0.167,0.239
henan_north,2002-05-13,0.256,0.211,0.167,0.239
henan_north,2002-05-14,0.395,0.272,0.167,0.239
henan_north,2002-05-15,0.365,0.336,0.169,0.239
henan_north,2002-05-16,0.334,0.327,0.171,0.239
henan_north,2002-05-17,0.313,0.314,0.173,0.239
henan_north,2002-05-18,0.297,0.303,0.174,0.239
henan_north,2002-05-19,0.28,0.292,0.174,0.239
henan_north,2002-05-20,0.271,0.283,0.175,0.239
henan_north,2002-05-21,0.273,0.278,0.175,0.238
henan_north,2002-05-22,0.266,0.272,0.175,0.238
henan_north,2002-05-23,0.249,0.263,0.175,0.238
henan_north,2002-05-24,0.232,0.254,0.175,0.238
henan_north,2002-05-25,0.221,0.244,0.175,0.238
henan_north,2002-05-26,0.213,0.236,0.174,0.238
henan_north,2002-05-27,0.204,0.228,0.174,0.238
henan_north,2002-05-28,0.197,0.222,0.174,0.238
henan_north,2002-05-29,0.186,0.216,0.173,0.238
henan_north,2002-05-30,0.174,0.209,0.173,0.238
henan_north,2002-05-31,0.164,0.202,0.172,0.238
henan_north,2002-06-01,0.159,0.195,0.171,0.237
henan_north,2002-06-02,0.164,0.188,0.17,0.237
henan_north,2002-06-03,0.167,0.183,0.17,0.237
henan_north,2002-06-04,0.155,0.177,0.169,0.237
henan_north,2002-06-05,0.146,0.172,0.168,0.237
henan_north,2002-06-06,0.139,0.167,0.167,0.237
henan_north,2002-06-07,0.136,0.163,0.166,0.237
henan_north,2002-06-08,0.14,0.16,0.165,0.236
henan_north,2002-06-09,0.243,0.168,0.165,0.236
henan_north,2002-06-10,0.303,0.222,0.165,0.236
henan_north,2002-06-11,0.259,0.219,0.165,0.236
henan_north,2002-06-12,0.227,0.213,0.164,0.236
henan_north,2002-06-13,0.203,0.205,0.164,0.236
henan_north,2002-06-14,0.185,0.199,0.163,0.236
henan_north,2002-06-15,0.172,0.194,0.163,0.236
henan_north,2002-06-16,0.163,0.189,0.162,0.236
henan_north,2002-06-17,0.155,0.183,0.162,0.236
henan_north,2002-06-18,0.146,0.178,0.161,0.235
henan_north,2002-06-19,0.14,0.173,0.161,0.235
henan_north,2002-06-20,0.144,0.169,0.16,0.235
henan_north,2002-06-21,0.159,0.166,0.16,0.235
henan_north,2002-06-22,0.185,0.164,0.159,0.235
henan_north,2002-06-23,0.216,0.164,0.159,0.235
henan_north,2002-06-24,0.229,0.165,0.159,0.235
henan_north,2002-06-25,0.212,0.164,0.159,0.235
henan_north,2002-06-26,0.221,0.164,0.159,0.235
henan_north,2002-06-27,0.295,0.169,0.159,0.235
henan_north,2002-06-28,0.274,0.177,0.159,0.235
henan_north,2002-06-29,0.246,0.178,0.158,0.235
henan_north,2002-06-30,0.232,0.177,0.158,0.234
henan_north,2002-07-01,0.249,0.176,0.158,0.234
henan_north,2002-07-02,0.294,0.18,0.158,0.234
henan_north,2002-07-03,0.295,0.186,0.157,0.234
henan_north,2002-07-04,0.319,0.197,0.157,0.234
henan_north,2002-07-05,0.357,0.231,0.157,0.234
henan_north,2002-07-06,0.299,0.245,0.157,0.234
henan_north,2002-07-07,0.266,0.239,0.157,0.234
henan_north,2002-07-08,0.243,0.232,0.157,0.234
henan_north,2002-07-09,0.22,0.223,0.157,0.234
henan_north,2002-07-10,0.197,0.213,0.156,0.234
henan_north,2002-07-11,0.178,0.203,0.156,0.233
henan_north,2002-07-12,0.163,0.194,0.155,0.233
henan_north,2002-07-13,0.156,0.186,0.155,0.233
henan_north,2002-07-14,0.151,0.179,0.154,0.233
henan_north,2002-07-15,0.14,0.17,0.153,0.233
henan_north,2002-07-16,0.134,0.162,0.152,0.232
henan_north,2002-07-17,0.135,0.157,0.152,0.232
henan_north,2002-07-18,0.199,0.153,0.151,0.232
henan_north,2002-07-19,0.276,0.156,0.151,0.232
henan_north,2002-07-20,0.331,0.183,0.15,0.232
henan_north,2002-07-21,0.283,0.197,0.15,0.232
henan_north,2002-07-22,0.355,0.22,0.15,0.232
henan_north,2002-07-23,0.318,0.247,0.15,0.232
henan_north,2002-07-24,0.282,0.245,0.151,0.232
henan_north,2002-07-25,0.267,0.238,0.151,0.231
henan_north,2002-07-26,0.266,0.234,0.151,0.231
henan_north,2002-07-27,0.326,0.237,0.151,0.231
henan_north,2002-07-28,0.336,0.253,0.151,0.231
henan_north,2002-07-29,0.306,0.257,0.151,0.231
henan_north,2002-07-30,0.276,0.252,0.152,0.231
henan_north,2002-07-31,0.25,0.242,0.152,0.231
henan_north,2002-08-01,0.24,0.234,0.151,0.231
henan_north,2002-08-02,0.243,0.227,0.151,0.231
henan_north,2002-08-03,0.222,0.218,0.151,0.231
henan_north,2002-08-04,0.239,0.211,0.151,0.231
henan_north,2002-08-05,0.264,0.206,0.151,0.23
henan_north,2002-08-06,0.327,0.219,0.151,0.23
henan_north,2002-08-07,0.273,0.221,0.151,0.23
henan_north,2002-08-08,0.238,0.214,0.15,0.23
henan_north,2002-08-09,0.214,0.206,0.15,0.23
henan_north,2002-08-10,0.197,0.2,0.15,0.23
henan_north,2002-08-11,0.183,0.194,0.15,0.23
henan_north,2002-08-12,0.171,0.188,0.149,0.23
henan_north,2002-08-13,0.161,0.182,0.149,0.23
henan_north,2002-08-14,0.153,0.176,0.149,0.229
henan_north,2002-08-15,0.147,0.171,0.148,0.229
henan_north,2002-08-16,0.15,0.167,0.148,0.229
henan_north,2002-08-17,0.194,0.164,0.148,0.229
henan_north,2002-08-18,0.199,0.162,0.148,0.229
henan_north,2002-08-19,0.214,0.16,0.147,0.229
henan_north,2002-08-20,0.215,0.159,0.147,0.229
henan_north,2002-08-21,0.246,0.16,0.147,0.229
henan_north,2002-08-22,0.22,0.159,0.147,0.229
henan_north,2002-08-23,0.197,0.157,0.146,0.228
henan_north,2002-08-24,0.257,0.157,0.146,0.228
henan_north,2002-08-25,0.283,0.166,0.146,0.228
henan_north,2002-08-26,0.278,0.17,0.146,0.228
henan_north,2002-08-27,0.272,0.175,0.146,0.228
henan_north,2002-08-28,0.236,0.174,0.146,0.228
henan_north,2002-08-29,0.218,0.171,0.146,0.228
henan_north,2002-08-30,0.214,0.169,0.145,0.228
henan_north,2002-08-31,0.191,0.165,0.145,0.228
henan_north,2002-09-01,0.171,0.161,0.145,0.227
henan_north,2002-09-02,0.156,0.157,0.144,0.227
henan_north,2002-09-03,0.147,0.154,0.144,0.227
henan_north,2002-09-04,0.142,0.152,0.144,0.227
henan_north,2002-09-05,0.141,0.151,0.144,0.227
henan_north,2002-09-06,0.138,0.149,0.144,0.227
henan_north,2002-09-07,0.135,0.147,0.144,0.227
henan_north,2002-09-08,0.132,0.145,0.143,0.227
henan_north,2002-09-09,0.13,0.144,0.143,0.226
henan_north,2002-09-10,0.129,0.142,0.143,0.226
henan_north,2002-09-11,0.171,0.142,0.143,0.226
henan_north,2002-09-12,0.239,0.143,0.143,0.226
henan_north,2002-09-13,0.288,0.149,0.143,0.226
henan_north,2002-09-14,0.321,0.167,0.143,0.226
henan_north,2002-09-15,0.312,0.184,0.143,0.226
henan_north,2002-09-16,0.272,0.19,0.143,0.226
henan_north,2002-09-17,0.245,0.189,0.143,0.226
henan_north,2002-09-18,0.225,0.187,0.143,0.226
henan_north,2002-09-19,0.211,0.185,0.143,0.226
henan_north,2002-09-20,0.221,0.184,0.143,0.226
henan_north,2002-09-21,0.271,0.186,0.143,0.226
henan_north,2002-09-22,0.252,0.188,0.143,0.226
henan_north,2002-09-23,0.23,0.186,0.143,0.225
henan_north,2002-09-24,0.213,0.183,0.143,0.225
henan_north,2002-09-25,0.199,0.181,0.143,0.225
henan_north,2002-09-26,0.189,0.178,0.143,0.225
henan_north,2002-09-27,0.207,0.176,0.143,0.225
henan_north,2002-09-28,0.193,0.174,0.142,0.225
henan_north,2002-09-29,0.182,0.171,0.142,0.225
henan_north,2002-09-30,0.173,0.169,0.142,0.225
henan_north,2002-10-01,0.164,0.167,0.142,0.225
henan_north,2002-10-02,0.157,0.165,0.142,0.225
henan_north,2002-10-03,0.151,0.163,0.142,0.225
henan_north,2002-10-04,0.147,0.161,0.142,0.225
henan_north,2002-10-05,0.143,0.159,0.142,0.225
henan_north,2002-10-06,0.139,0.158,0.142,0.224
henan_north,2002-10-07,0.137,0.156,0.142,0.224
henan_north,2002-10-08,0.135,0.155,0.142,0.224
henan_north,2002-10-09,0.134,0.154,0.142,0.224
henan_north,2002-10-10,0.133,0.153,0.142,0.224
henan_north,2002-10-11,0.132,0.152,0.142,0.224
henan_north,2002-10-12,0.131,0.151,0.142,0.224
henan_north,2002-10-13,0.129,0.15,0.142,0.224
henan_north,2002-10-14,0.133,0.15,0.142,0.224
henan_north,2002-10-15,0.132,0.149,0.142,0.224
henan_north,2002-10-16,0.13,0.148,0.142,0.224
henan_north,2002-10-17,0.131,0.147,0.141,0.224
henan_north,2002-10-18,0.162,0.147,0.142,0.224
henan_north,2002-10-19,0.203,0.147,0.142,0.224
henan_north,2002-10-20,0.276,0.152,0.142,0.224
henan_north,2002-10-21,0.254,0.157,0.142,0.224
henan_north,2002-10-22,0.238,0.16,0.142,0.224
henan_north,2002-10-23,0.226,0.161,0.142,0.224
henan_north,2002-10-24,0.215,0.161,0.142,0.224
henan_north,2002-10-25,0.209,0.161,0.142,0.224
henan_north,2002-10-26,0.205,0.162,0.142,0.224
henan_north,2002-10-27,0.199,0.162,0.142,0.223
henan_north,2002-10-28,0.194,0.162,0.142,0.223
henan_north,2002-10-29,0.19,0.162,0.142,0.223
henan_north,2002-10-30,0.203,0.162,0.142,0.223
henan_north,2002-10-31,0.207,0.162,0.142,0.223
henan_north,2002-11-01,0.204,0.163,0.142,0.223
henan_north,2002-11-02,0.198,0.163,0.142,0.223
henan_north,2002-11-03,0.191,0.162,0.142,0.223
henan_north,2002-11-04,0.185,0.162,0.142,0.223
henan_north,2002-11-05,0.18,0.161,0.142,0.223
henan_north,2002-11-06,0.175,0.161,0.142,0.223
henan_north,2002-11-07,0.172,0.161,0.142,0.223
henan_north,2002-11-08,0.169,0.16,0.142,0.223
henan_north,2002-11-09,0.166,0.16,0.142,0.223
henan_north,2002-11-10,0.163,0.159,0.142,0.223
henan_north,2002-11-11,0.16,0.159,0.142,0.223
henan_north,2002-11-12,0.158,0.158,0.142,0.223
henan_north,2002-11-13,0.155,0.158,0.142,0.223
henan_north,2002-11-14,0.154,0.157,0.142,0.223
henan_north,2002-11-15,0.152,0.157,0.142,0.223
henan_north,2002-11-16,0.151,0.157,0.142,0.223
henan_north,2002-11-17,0.149,0.156,0.142,0.223
henan_north,2002-11-18,0.148,0.156,0.142,0.223
henan_north,2002-11-19,0.148,0.156,0.142,0.223
henan_north,2002-11-20,0.15,0.156,0.142,0.223
henan_north,2002-11-21,0.151,0.155,0.142,0.223
henan_north,2002-11-22,0.153,0.155,0.142,0.223
henan_north,2002-11-23,0.154,0.155,0.142,0.223
henan_north,2002-11-24,0.154,0.155,0.142,0.223
henan_north,2002-11-25,0.153,0.154,0.142,0.223
henan_north,2002-11-26,0.152,0.154,0.142,0.223
henan_north,2002-11-27,0.151,0.154,0.143,0.223
henan_north,2002-11-28,0.149,0.153,0.143,0.222
henan_north,2002-11-29,0.148,0.153,0.143,0.222
henan_north,2002-11-30,0.147,0.153,0.143,0.222
henan_north,2002-12-01,0.146,0.153,0.143,0.222
henan_north,2002-12-02,0.146,0.152,0.143,0.222
henan_north,2002-12-03,0.194,0.152,0.143,0.222
henan_north,2002-12-04,0.194,0.153,0.143,0.222
henan_north,2002-12-05,0.191,0.153,0.143,0.222
henan_north,2002-12-06,0.194,0.153,0.143,0.222
henan_north,2002-12-07,0.195,0.153,0.143,0.222
henan_north,2002-12-08,0.197,0.154,0.143,0.222
henan_north,2002-12-09,0.201,0.154,0.143,0.222
henan_north,2002-12-10,0.204,0.155,0.143,0.222
henan_north,2002-12-11,0.209,0.155,0.143,0.222
henan_north,2002-12-12,0.213,0.156,0.143,0.222
henan_north,2002-12-13,0.217,0.157,0.143,0.222
henan_north,2002-12-14,0.225,0.158,0.143,0.222
henan_north,2002-12-15,0.227,0.159,0.143,0.222
henan_north,2002-12-16,0.224,0.16,0.143,0.222
henan_north,2002-12-17,0.222,0.162,0.143,0.222
henan_north,2002-12-18,0.219,0.162,0.143,0.222
henan_north,2002-12-19,0.216,0.163,0.143,0.222
henan_north,2002-12-20,0.215,0.164,0.143,0.222
henan_north,2002-12-21,0.222,0.165,0.143,0.222
henan_north,2002-12-22,0.228,0.166,0.143,0.222
henan_north,2002-12-23,0.224,0.167,0.143,0.222
henan_north,2002-12-24,0.221,0.168,0.144,0.222
henan_north,2002-12-25,0.219,0.169,0.144,0.222
henan_north,2002-12-26,0.221,0.17,0.144,0.222
henan_north,2002-12-27,0.221,0.171,0.144,0.222
henan_north,2002-12-28,0.229,0.172,0.144,0.222
henan_north,2002-12-29,0.241,0.173,0.144,0.222
henan_north,2002-12-30,0.244,0.175,0.144,0.222
henan_north,2002-12-31,0.247,0.177,0.144,0.222
henan_north,2003-01-01,0.249,0.179,0.144,0.222
henan_north,2003-01-02,0.254,0.182,0.144,0.222
henan_north,2003-01-03,0.255,0.184,0.144,0.222
henan_north,2003-01-04,0.25,0.187,0.144,0.222
henan_north,2003-01-05,0.246,0.188,0.144,0.222
henan_north,2003-01-06,0.243,0.19,0.144,0.222
henan_north,2003-01-07,0.243,0.191,0.144,0.222
henan_north,2003-01-08,0.246,0.192,0.145,0.222
henan_north,2003-01-09,0.252,0.194,0.145,0.222
henan_north,2003-01-10,0.257,0.196,0.145,0.222
henan_north,2003-01-11,0.257,0.198,0.145,0.222
henan_north,2003-01-12,0.253,0.199,0.145,0.222
henan_north,2003-01-13,0.248,0.2,0.145,0.221
henan_north,2003-01-14,0.241,0.201,0.145,0.221
henan_north,2003-01-15,0.236,0.201,0.145,0.221
henan_north,2003-01-16,0.232,0.201,0.145,0.221
henan_north,2003-01-17,0.228,0.201,0.145,0.221
henan_north,2003-01-18,0.224,0.201,0.145,0.221
henan_north,2003-01-19,0.22,0.201,0.145,0.221
henan_north,2003-01-20,0.217,0.201,0.146,0.221
henan_north,2003-01-21,0.219,0.2,0.146,0.221
henan_north,2003-01-22,0.23,0.2,0.146,0.221
henan_north,2003-01-23,0.225,0.2,0.146,0.221
henan_north,2003-01-24,0.222,0.2,0.146,0.221
henan_north,2003-01-25,0.221,0.2,0.146,0.221
henan_north,2003-01-26,0.229,0.2,0.146,0.221
henan_north,2003-01-27,0.225,0.2,0.146,0.221
henan_north,2003-01-28,0.22,0.199,0.146,0.221
henan_north,2003-01-29,0.217,0.199,0.146,0.221
henan_north,2003-01-30,0.215,0.199,0.146,0.221
henan_north,2003-01-31,0.215,0.199,0.146,0.221
henan_north,2003-02-01,0.222,0.199,0.146,0.221
henan_north,2003-02-02,0.235,0.199,0.147,0.221
henan_north,2003-02-03,0.243,0.199,0.147,0.221
henan_north,2003-02-04,0.243,0.2,0.147,0.221
henan_north,2003-02-05,0.238,0.2,0.147,0.221
henan_north,2003-02-06,0.233,0.2,0.147,0.221
henan_north,2003-02-07,0.229,0.2,0.147,0.221
henan_north,2003-02-08,0.225,0.2,0.147,0.221
henan_north,2003-02-09,0.279,0.201,0.147,0.221
henan_north,2003-02-10,0.293,0.21,0.147,0.221
henan_north,2003-02-11,0.277,0.214,0.147,0.221
henan_north,2003-02-12,0.275,0.217,0.147,0.221
henan_north,2003-02-13,0.283,0.219,0.147,0.221
henan_north,2003-02-14,0.284,0.223,0.148,0.221
henan_north,2003-02-15,0.282,0.226,0.148,0.221
henan_north,2003-02-16,0.276,0.227,0.148,0.221
henan_north,2003-02-17,0.268,0.228,0.148,0.221
henan_north,2003-02-18,0.259,0.228,0.148,0.221
henan_north,2003-02-19,0.25,0.227,0.148,0.221
henan_north,2003-02-20,0.243,0.225,0.148,0.221
henan_north,2003-02-21,0.276,0.226,0.149,0.221
henan_north,2003-02-22,0.286,0.229,0.149,0.221
henan_north,2003-02-23,0.274,0.231,0.149,0.221
henan_north,2003-02-24,0.263,0.231,0.149,0.221
henan_north,2003-02-25,0.257,0.23,0.149,0.22
henan_north,2003-02-26,0.252,0.23,0.15,0.22
henan_north,2003-02-27,0.245,0.229,0.15,0.22
henan_north,2003-02-28,0.24,0.228,0.15,0.22
henan_north,2003-03-01,0.235,0.227,0.15,0.22
henan_north,2003-03-02,0.229,0.225,0.15,0.22
henan_north,2003-03-03,0.225,0.223,0.15,0.22
henan_north,2003-03-04,0.22,0.221,0.15,0.22
henan_north,2003-03-05,0.218,0.22,0.15,0.22
henan_north,2003-03-06,0.229,0.219,0.151,0.22
henan_north,2003-03-07,0.252,0.219,0.151,0.22
henan_north,2003-03-08,0.26,0.218,0.151,0.22
henan_north,2003-03-09,0.256,0.217,0.151,0.22
henan_north,2003-03-10,0.25,0.216,0.151,0.22
henan_north,2003-03-11,0.244,0.216,0.151,0.22
henan_north,2003-03-12,0.242,0.215,0.151,0.22
henan_north,2003-03-13,0.235,0.214,0.151,0.22
henan_north,2003-03-14,0.319,0.219,0.151,0.22
henan_north,2003-03-15,0.337,0.239,0.151,0.22
henan_north,2003-03-16,0.341,0.26,0.152,0.22
henan_north,2003-03-17,0.311,0.266,0.152,0.22
henan_north,2003-03-18,0.294,0.266,0.152,0.22
henan_north,2003-03-19,0.28,0.263,0.153,0.22
henan_north,2003-03-20,0.268,0.259,0.153,0.22
henan_north,2003-03-21,0.256,0.254,0.153,0.22
henan_north,2003-03-22,0.247,0.25,0.154,0.22
henan_north,2003-03-23,0.239,0.246,0.154,0.22
henan_north,2003-03-24,0.23,0.241,0.154,0.22
henan_north,2003-03-25,0.221,0.236,0.154,0.22
henan_north,2003-03-26,0.216,0.232,0.154,0.22
henan_north,2003-03-27,0.211,0.229,0.154,0.22
henan_north,2003-03-28,0.205,0.224,0.154,0.22
henan_north,2003-03-29,0.198,0.22,0.154,0.219
henan_north,2003-03-30,0.192,0.216,0.154,0.219
henan_north,2003-03-31,0.188,0.213,0.154,0.219
henan_north,2003-04-01,0.184,0.211,0.154,0.219
henan_north,2003-04-02,0.184,0.209,0.154,0.219
henan_north,2003-04-03,0.189,0.207,0.154,0.219
henan_north,2003-04-04,0.185,0.204,0.154,0.219
henan_north,2003-04-05,0.178,0.2,0.154,0.219
henan_north,2003-04-06,0.172,0.197,0.154,0.219
henan_north,2003-04-07,0.166,0.193,0.154,0.219
henan_north,2003-04-08,0.16,0.189,0.153,0.219
henan_north,2003-04-09,0.155,0.185,0.153,0.219
henan_north,2003-04-10,0.157,0.183,0.153,0.219
henan_north,2003-04-11,0.158,0.182,0.153,0.219
henan_north,2003-04-12,0.153,0.178,0.153,0.219
henan_north,2003-04-13,0.149,0.175,0.152,0.219
henan_north,2003-04-14,0.144,0.171,0.152,0.219
henan_north,2003-04-15,0.141,0.168,0.152,0.219
henan_north,2003-04-16,0.138,0.165,0.152,0.218
henan_north,2003-04-17,0.277,0.215,0.151,0.218
henan_north,2003-04-18,0.337,0.296,0.152,0.218
henan_north,2003-04-19,0.311,0.292,0.153,0.218
henan_north,2003-04-20,0.295,0.286,0.154,0.218
henan_north,2003-04-21,0.282,0.28,0.155,0.218
henan_north,2003-04-22,0.321,0.279,0.155,0.218
henan_north,2003-04-23,0.317,0.282,0.156,0.218
henan_north,2003-04-24,0.297,0.279,0.157,0.218
henan_north,2003-04-25,0.28,0.273,0.157,0.218
henan_north,2003-04-26,0.264,0.265,0.157,0.218
henan_north,2003-04-27,0.248,0.257,0.157,0.218
henan_north,2003-04-28,0.233,0.249,0.157,0.218
henan_north,2003-04-29,0.226,0.242,0.157,0.218
henan_north,2003-04-30,0.215,0.235,0.157,0.218
henan_north,2003-05-01,0.2,0.227,0.157,0.218
henan_north,2003-05-02,0.187,0.219,0.157,0.218
henan_north,2003-05-03,0.182,0.213,0.157,0.218
henan_north,2003-05-04,0.186,0.209,0.157,0.218
henan_north,2003-05-05,0.185,0.207,0.157,0.217
henan_north,2003-05-06,0.265,0.208,0.157,0.217
henan_north,2003-05-07,0.35,0.25,0.157,0.217
henan_north,2003-05-08,0.309,0.259,0.157,0.217
henan_north,2003-05-09,0.285,0.257,0.157,0.217
henan_north,2003-05-10,0.265,0.252,0.157,0.217
henan_north,2003-05-11,0.246,0.245,0.157,0.217
henan_north,2003-05-12,0.229,0.238,0.157,0.217
henan_north,2003-05-13,0.219,0.232,0.157,0.217
henan_north,2003-05-14,0.298,0.233,0.157,0.217
henan_north,2003-05-15,0.307,0.242,0.158,0.217
henan_north,2003-05-16,0.284,0.243,0.158,0.217
henan_north,2003-05-17,0.267,0.241,0.158,0.217
henan_north,2003-05-18,0.255,0.237,0.158,0.217
henan_north,2003-05-19,0.24,0.231,0.158,0.217
henan_north,2003-05-20,0.219,0.224,0.157,0.217
henan_north,2003-05-21,0.203,0.217,0.157,0.217
henan_north,2003-05-22,0.189,0.21,0.157,0.217
henan_north,2003-05-23,0.178,0.204,0.157,0.217
henan_north,2003-05-24,0.171,0.2,0.156,0.217
henan_north,2003-05-25,0.163,0.194,0.156,0.216
henan_north,2003-05-26,0.156,0.189,0.156,0.216
henan_north,2003-05-27,0.151,0.186,0.156,0.216
henan_north,2003-05-28,0.146,0.181,0.155,0.216
henan_north,2003-05-29,0.141,0.176,0.155,0.216
henan_north,2003-05-30,0.137,0.171,0.154,0.216
henan_north,2003-05-31,0.134,0.167,0.154,0.216
henan_north,2003-06-01,0.131,0.163,0.153,0.216
henan_north,2003-06-02,0.268,0.166,0.153,0.216
henan_north,2003-06-03,0.316,0.19,0.153,0.216
henan_north,2003-06-04,0.273,0.196,0.153,0.216
henan_north,2003-06-05,0.243,0.194,0.153,0.216
henan_north,2003-06-06,0.22,0.19,0.152,0.216
henan_north,2003-06-07,0.197,0.185,0.152,0.215
henan_north,2003-06-08,0.182,0.18,0.152,0.215
henan_north,2003-06-09,0.204,0.178,0.151,0.215
henan_north,2003-06-10,0.32,0.19,0.151,0.215
henan_north,2003-06-11,0.271,0.196,0.151,0.215
henan_north,2003-06-12,0.239,0.194,0.151,0.215
henan_north,2003-06-13,0.215,0.19,0.151,0.215
henan_north,2003-06-14,0.196,0.185,0.15,0.215
henan_north,2003-06-15,0.183,0.181,0.15,0.215
henan_north,2003-06-16,0.169,0.177,0.15,0.215
henan_north,2003-06-17,0.159,0.173,0.15,0.215
henan_north,2003-06-18,0.158,0.169,0.149,0.215
henan_north,2003-06-19,0.162,0.166,0.149,0.214
henan_north,2003-06-20,0.165,0.163,0.149,0.214
henan_north,2003-06-21,0.197,0.161,0.148,0.214
henan_north,2003-06-22,0.32,0.175,0.148,0.214
henan_north,2003-06-23,0.31,0.207,0.148,0.214
henan_north,2003-06-24,0.269,0.208,0.148,0.214
henan_north,2003-06-25,0.248,0.206,0.148,0.214
henan_north,2003-06-26,0.237,0.203,0.148,0.214
henan_north,2003-06-27,0.222,0.2,0.148,0.214
henan_north,2003-06-28,0.205,0.193,0.148,0.214
henan_north,2003-06-29,0.227,0.189,0.148,0.214
henan_north,2003-06-30,0.336,0.208,0.147,0.214
henan_north,2003-07-01,0.292,0.217,0.148,0.214
henan_north,2003-07-02,0.365,0.258,0.148,0.214
henan_north,2003-07-03,0.31,0.269,0.148,0.214
henan_north,2003-07-04,0.279,0.262,0.148,0.214
henan_north,2003-07-05,0.254,0.253,0.149,0.214
henan_north,2003-07-06,0.236,0.244,0.149,0.213
henan_north,2003-07-07,0.247,0.237,0.149,0.213
henan_north,2003-07-08,0.262,0.233,0.149,0.213
henan_north,2003-07-09,0.248,0.228,0.149,0.213
henan_north,2003-07-10,0.225,0.22,0.149,0.213
henan_north,2003-07-11,0.208,0.212,0.149,0.213
henan_north,2003-07-12,0.366,0.267,0.149,0.213
henan_north,2003-07-13,0.374,0.309,0.15,0.213
henan_north,2003-07-14,0.384,0.341,0.152,0.213
henan_north,2003-07-15,0.384,0.347,0.156,0.213
henan_north,2003-07-16,0.427,0.414,0.182,0.213
henan_north,2003-07-17,0.395,0.389,0.213,0.213
henan_north,2003-07-18,0.367,0.365,0.219,0.213
henan_north,2003-07-19,0.353,0.349,0.222,0.213
henan_north,2003-07-20,0.342,0.338,0.224,0.213
henan_north,2003-07-21,0.389,0.367,0.226,0.213
henan_north,2003-07-22,0.364,0.362,0.23,0.213
henan_north,2003-07-23,0.342,0.345,0.232,0.213
henan_north,2003-07-24,0.36,0.339,0.234,0.213
henan_north,2003-07-25,0.358,0.346,0.235,0.213
henan_north,2003-07-26,0.326,0.331,0.235,0.213
henan_north,2003-07-27,0.303,0.316,0.236,0.213
henan_north,2003-07-28,0.288,0.304,0.235,0.213
henan_north,2003-07-29,0.28,0.294,0.235,0.213
henan_north,2003-07-30,0.275,0.285,0.234,0.213
henan_north,2003-07-31,0.259,0.276,0.233,0.213
henan_north,2003-08-01,0.255,0.269,0.232,0.213
henan_north,2003-08-02,0.245,0.262,0.232,0.213
henan_north,2003-08-03,0.248,0.256,0.231,0.213
henan_north,2003-08-04,0.256,0.252,0.23,0.213
henan_north,2003-08-05,0.266,0.248,0.23,0.212
henan_north,2003-08-06,0.276,0.245,0.229,0.212
henan_north,2003-08-07,0.266,0.239,0.228,0.212
henan_north,2003-08-08,0.288,0.239,0.226,0.212
henan_north,2003-08-09,0.34,0.278,0.226,0.212
henan_north,2003-08-10,0.323,0.28,0.225,0.212
henan_north,2003-08-11,0.308,0.28,0.225,0.212
henan_north,2003-08-12,0.298,0.276,0.225,0.212
henan_north,2003-08-13,0.323,0.278,0.225,0.212
henan_north,2003-08-14,0.306,0.279,0.225,0.212
henan_north,2003-08-15,0.381,0.316,0.225,0.212
henan_north,2003-08-16,0.347,0.333,0.226,0.212
henan_north,2003-08-17,0.328,0.324,0.227,0.212
henan_north,2003-08-18,0.313,0.315,0.227,0.212
henan_north,2003-08-19,0.296,0.305,0.227,0.212
henan_north,2003-08-20,0.279,0.294,0.227,0.212
henan_north,2003-08-21,0.271,0.285,0.227,0.212
henan_north,2003-08-22,0.291,0.28,0.226,0.212
henan_north,2003-08-23,0.299,0.275,0.226,0.212
henan_north,2003-08-24,0.328,0.278,0.226,0.212
henan_north,2003-08-25,0.334,0.282,0.226,0.212
henan_north,2003-08-26,0.399,0.338,0.227,0.212
henan_north,2003-08-27,0.39,0.379,0.231,0.212
henan_north,2003-08-28,0.36,0.36,0.235,0.212
henan_north,2003-08-29,0.418,0.389,0.24,0.212
henan_north,2003-08-30,0.419,0.415,0.272,0.212
henan_north,2003-08-31,0.389,0.388,0.285,0.212
henan_north,2003-09-01,0.417,0.403,0.293,0.212
henan_north,2003-09-02,0.395,0.395,0.305,0.212
henan_north,2003-09-03,0.389,0.38,0.309,0.212
henan_north,2003-09-04,0.401,0.387,0.312,0.212
henan_north,2003-09-05,0.392,0.385,0.315,0.213
henan_north,2003-09-06,0.422,0.41,0.322,0.213
henan_north,2003-09-07,0.408,0.404,0.332,0.213
henan_north,2003-09-08,0.383,0.387,0.336,0.213
henan_north,2003-09-09,0.366,0.373,0.336,0.214
henan_north,2003-09-10,0.352,0.361,0.336,0.214
henan_north,2003-09-11,0.339,0.35,0.334,0.214
henan_north,2003-09-12,0.327,0.34,0.333,0.214
henan_north,2003-09-13,0.315,0.331,0.331,0.215
henan_north,2003-09-14,0.305,0.322,0.329,0.215
henan_north,2003-09-15,0.299,0.315,0.327,0.215
henan_north,2003-09-16,0.297,0.309,0.325,0.215
henan_north,2003-09-17,0.318,0.305,0.323,0.215
henan_north,2003-09-18,0.371,0.318,0.322,0.216
henan_north,2003-09-19,0.388,0.343,0.322,0.216
henan_north,2003-09-20,0.37,0.362,0.322,0.216
henan_north,2003-09-21,0.351,0.355,0.322,0.216
henan_north,2003-09-22,0.338,0.346,0.321,0.216
henan_north,2003-09-23,0.328,0.338,0.32,0.217
henan_north,2003-09-24,0.32,0.331,0.319,0.217
henan_north,2003-09-25,0.31,0.323,0.318,0.217
henan_north,2003-09-26,0.302,0.317,0.316,0.217
henan_north,2003-09-27,0.295,0.311,0.315,0.217
henan_north,2003-09-28,0.313,0.308,0.314,0.217
henan_north,2003-09-29,0.39,0.332,0.314,0.217
henan_north,2003-09-30,0.388,0.355,0.314,0.218
henan_north,2003-10-01,0.416,0.396,0.317,0.218
henan_north,2003-10-02,0.404,0.398,0.324,0.218
henan_north,2003-10-03,0.391,0.39,0.328,0.218
henan_north,2003-10-04,0.385,0.381,0.331,0.218
henan_north,2003-10-05,0.383,0.378,0.332,0.219
henan_north,2003-10-06,0.368,0.371,0.333,0.219
henan_north,2003-10-07,0.359,0.363,0.333,0.219
henan_north,2003-10-08,0.353,0.357,0.333,0.219
henan_north,2003-10-09,0.346,0.352,0.332,0.22
henan_north,2003-10-10,0.387,0.366,0.332,0.22
henan_north,2003-10-11,0.419,0.42,0.361,0.22
henan_north,2003-10-12,0.401,0.403,0.371,0.221
henan_north,2003-10-13,0.386,0.392,0.372,0.222
henan_north,2003-10-14,0.375,0.382,0.37,0.223
henan_north,2003-10-15,0.366,0.374,0.368,0.223
henan_north,2003-10-16,0.358,0.367,0.366,0.224
henan_north,2003-10-17,0.351,0.36,0.364,0.225
henan_north,2003-10-18,0.344,0.354,0.362,0.225
henan_north,2003-10-19,0.34,0.35,0.36,0.226
henan_north,2003-10-20,0.337,0.346,0.358,0.226
henan_north,2003-10-21,0.33,0.341,0.356,0.227
henan_north,2003-10-22,0.322,0.336,0.354,0.227
henan_north,2003-10-23,0.317,0.332,0.352,0.228
henan_north,2003-10-24,0.313,0.328,0.35,0.228
henan_north,2003-10-25,0.31,0.324,0.348,0.229
henan_north,2003-10-26,0.304,0.32,0.346,0.229
henan_north,2003-10-27,0.298,0.315,0.344,0.229
henan_north,2003-10-28,0.293,0.312,0.342,0.23
henan_north,2003-10-29,0.29,0.308,0.34,0.23
henan_north,2003-10-30,0.288,0.306,0.338,0.23
henan_north,2003-10-31,0.285,0.303,0.337,0.23
henan_north,2003-11-01,0.281,0.3,0.335,0.231
henan_north,2003-11-02,0.278,0.297,0.333,0.231
henan_north,2003-11-03,0.275,0.295,0.332,0.231
henan_north,2003-11-04,0.273,0.292,0.33,0.231
henan_north,2003-11-05,0.273,0.291,0.329,0.232
henan_north,2003-11-06,0.296,0.29,0.327,0.232
henan_north,2003-11-07,0.38,0.311,0.327,0.232
henan_north,2003-11-08,0.357,0.33,0.326,0.232
henan_north,2003-11-09,0.35,0.334,0.326,0.232
henan_north,2003-11-10,0.352,0.337,0.325,0.233
henan_north,2003-11-11,0.352,0.339,0.325,0.233
henan_north,2003-11-12,0.351,0.34,0.325,0.233
henan_north,2003-11-13,0.349,0.34,0.324,0.233
henan_north,2003-11-14,0.346,0.34,0.324,0.233
henan_north,2003-11-15,0.341,0.338,0.324,0.233
henan_north,2003-11-16,0.335,0.336,0.323,0.234
henan_north,2003-11-17,0.329,0.333,0.323,0.234
henan_north,2003-11-18,0.338,0.332,0.322,0.234
henan_north,2003-11-19,0.362,0.337,0.322,0.234
henan_north,2003-11-20,0.348,0.34,0.322,0.234
henan_north,2003-11-21,0.339,0.339,0.322,0.234
henan_north,2003-11-22,0.333,0.336,0.322,0.235
henan_north,2003-11-23,0.342,0.334,0.321,0.235
henan_north,2003-11-24,0.356,0.339,0.321,0.235
henan_north,2003-11-25,0.343,0.339,0.321,0.235
henan_north,2003-11-26,0.348,0.339,0.321,0.235
henan_north,2003-11-27,0.34,0.338,0.32,0.235
henan_north,2003-11-28,0.335,0.336,0.32,0.236
henan_north,2003-11-29,0.331,0.334,0.32,0.236
henan_north,2003-11-30,0.328,0.332,0.32,0.236
henan_north,2003-12-01,0.325,0.33,0.319,0.236
henan_north,2003-12-02,0.323,0.328,0.319,0.236
henan_north,2003-12-03,0.321,0.326,0.319,0.236
henan_north,2003-12-04,0.384,0.339,0.318,0.236
henan_north,2003-12-05,0.371,0.358,0.319,0.237
henan_north,2003-12-06,0.359,0.357,0.32,0.237
henan_north,2003-12-07,0.352,0.353,0.32,0.237
henan_north,2003-12-08,0.348,0.35,0.32,0.237
henan_north,2003-12-09,0.345,0.347,0.32,0.237
henan_north,2003-12-10,0.343,0.344,0.321,0.237
henan_north,2003-12-11,0.34,0.342,0.321,0.238
henan_north,2003-12-12,0.337,0.339,0.32,0.238
henan_north,2003-12-13,0.335,0.337,0.32,0.238
henan_north,2003-12-14,0.332,0.335,0.32,0.238
henan_north,2003-12-15,0.33,0.333,0.32,0.238
henan_north,2003-12-16,0.328,0.331,0.32,0.238
henan_north,2003-12-17,0.325,0.329,0.319,0.238
henan_north,2003-12-18,0.322,0.327,0.319,0.239
henan_north,2003-12-19,0.319,0.325,0.318,0.239
henan_north,2003-12-20,0.318,0.323,0.318,0.239
henan_north,2003-12-21,0.316,0.322,0.318,0.239
henan_north,2003-12-22,0.314,0.32,0.317,0.239
henan_north,2003-12-23,0.312,0.318,0.317,0.239
henan_north,2003-12-24,0.31,0.316,0.316,0.239
henan_north,2003-12-25,0.308,0.315,0.316,0.24
henan_north,2003-12-26,0.307,0.313,0.315,0.24
henan_north,2003-12-27,0.305,0.312,0.315,0.24
henan_north,2003-12-28,0.304,0.31,0.314,0.24
henan_north,2003-12-29,0.302,0.309,0.314,0.24
henan_north,2003-12-30,0.3,0.307,0.313,0.24
henan_north,2003-12-31,0.298,0.306,0.313,0.24
henan_north,2004-01-01,0.296,0.304,0.312,0.24
henan_north,2004-01-02,0.294,0.302,0.312,0.24
henan_north,2004-01-03,0.292,0.301,0.311,0.241
henan_north,2004-01-04,0.292,0.3,0.311,0.241
henan_north,2004-01-05,0.291,0.299,0.31,0.241
henan_north,2004-01-06,0.292,0.298,0.31,0.241
henan_north,2004-01-07,0.29,0.296,0.309,0.241
henan_north,2004-01-08,0.287,0.295,0.309,0.241
henan_north,2004-01-09,0.286,0.294,0.308,0.241
henan_north,2004-01-10,0.285,0.293,0.308,0.241
henan_north,2004-01-11,0.284,0.292,0.307,0.241
henan_north,2004-01-12,0.283,0.291,0.307,0.241
henan_north,2004-01-13,0.282,0.29,0.306,0.242
henan_north,2004-01-14,0.282,0.29,0.306,0.242
henan_north,2004-01-15,0.282,0.289,0.305,0.242
henan_north,2004-01-16,0.281,0.288,0.305,0.242
henan_north,2004-01-17,0.281,0.288,0.304,0.242
henan_north,2004-01-18,0.283,0.287,0.304,0.242
henan_north,2004-01-19,0.287,0.287,0.303,0.242
henan_north,2004-01-20,0.29,0.287,0.303,0.242
henan_north,2004-01-21,0.291,0.288,0.303,0.242
henan_north,2004-01-22,0.29,0.288,0.302,0.242
henan_north,2004-01-23,0.289,0.288,0.302,0.242
henan_north,2004-01-24,0.288,0.289,0.302,0.242
henan_north,2004-01-25,0.288,0.289,0.302,0.243
henan_north,2004-01-26,0.289,0.289,0.301,0.243
henan_north,2004-01-27,0.289,0.289,0.301,0.243
henan_north,2004-01-28,0.288,0.289,0.301,0.243
henan_north,2004-01-29,0.287,0.289,0.3,0.243
henan_north,2004-01-30,0.285,0.288,0.3,0.243
henan_north,2004-01-31,0.285,0.287,0.299,0.243
henan_north,2004-02-01,0.285,0.287,0.299,0.243
henan_north,2004-02-02,0.282,0.286,0.299,0.243
henan_north,2004-02-03,0.278,0.285,0.298,0.243
henan_north,2004-02-04,0.275,0.283,0.298,0.243
henan_north,2004-02-05,0.272,0.282,0.297,0.243
henan_north,2004-02-06,0.27,0.281,0.297,0.243
henan_north,2004-02-07,0.267,0.279,0.296,0.243
henan_north,2004-02-08,0.265,0.277,0.296,0.243
henan_north,2004-02-09,0.262,0.276,0.295,0.243
henan_north,2004-02-10,0.26,0.274,0.294,0.244
henan_north,2004-02-11,0.258,0.272,0.294,0.244
henan_north,2004-02-12,0.254,0.27,0.293,0.244
henan_north,2004-02-13,0.25,0.268,0.292,0.244
henan_north,2004-02-14,0.245,0.265,0.291,0.244
henan_north,2004-02-15,0.241,0.263,0.291,0.244
henan_north,2004-02-16,0.238,0.26,0.29,0.244
henan_north,2004-02-17,0.235,0.258,0.289,0.244
henan_north,2004-02-18,0.231,0.255,0.288,0.244
henan_north,2004-02-19,0.229,0.253,0.287,0.244
henan_north,2004-02-20,0.269,0.253,0.286,0.244
henan_north,2004-02-21,0.354,0.281,0.286,0.244
henan_north,2004-02-22,0.323,0.289,0.286,0.244
henan_north,2004-02-23,0.309,0.291,0.286,0.244
henan_north,2004-02-24,0.297,0.29,0.285,0.244
henan_north,2004-02-25,0.285,0.286,0.284,0.244
henan_north,2004-02-26,0.276,0.283,0.284,0.244
henan_north,2004-02-27,0.268,0.279,0.283,0.244
henan_north,2004-02-28,0.262,0.276,0.282,0.244
henan_north,2004-02-29,0.256,0.273,0.281,0.244
henan_north,2004-03-01,0.253,0.27,0.281,0.244
henan_north,2004-03-02,0.25,0.268,0.28,0.244
henan_north,2004-03-03,0.25,0.266,0.28,0.244
henan_north,2004-03-04,0.243,0.262,0.279,0.244
henan_north,2004-03-05,0.236,0.258,0.278,0.244
henan_north,2004-03-06,0.231,0.255,0.277,0.244
henan_north,2004-03-07,0.227,0.252,0.276,0.244
henan_north,2004-03-08,0.221,0.248,0.275,0.244
henan_north,2004-03-09,0.214,0.244,0.274,0.244
henan_north,2004-03-10,0.207,0.24,0.273,0.244
henan_north,2004-03-11,0.202,0.237,0.272,0.244
henan_north,2004-03-12,0.199,0.234,0.271,0.244
henan_north,2004-03-13,0.194,0.231,0.27,0.244
henan_north,2004-03-14,0.191,0.228,0.269,0.244
henan_north,2004-03-15,0.186,0.224,0.268,0.244
henan_north,2004-03-16,0.183,0.221,0.266,0.244
henan_north,2004-03-17,0.194,0.218,0.265,0.244
henan_north,2004-03-18,0.193,0.216,0.264,0.244
henan_north,2004-03-19,0.197,0.215,0.263,0.244
henan_north,2004-03-20,0.198,0.215,0.263,0.244
henan_north,2004-03-21,0.195,0.214,0.262,0.244
henan_north,2004-03-22,0.191,0.212,0.261,0.244
henan_north,2004-03-23,0.186,0.21,0.26,0.244
henan_north,2004-03-24,0.184,0.208,0.259,0.244
henan_north,2004-03-25,0.182,0.207,0.259,0.244
henan_north,2004-03-26,0.178,0.205,0.258,0.244
henan_north,2004-03-27,0.173,0.202,0.257,0.244
henan_north,2004-03-28,0.169,0.2,0.255,0.244
henan_north,2004-03-29,0.164,0.197,0.254,0.244
henan_north,2004-03-30,0.159,0.194,0.252,0.244
henan_north,2004-03-31,0.156,0.192,0.251,0.244
henan_north,2004-04-01,0.164,0.19,0.249,0.244
henan_north,2004-04-02,0.159,0.187,0.248,0.243
henan_north,2004-04-03,0.156,0.185,0.247,0.243
henan_north,2004-04-04,0.154,0.183,0.245,0.243
henan_north,2004-04-05,0.15,0.181,0.244,0.243
henan_north,2004-04-06,0.147,0.179,0.243,0.243
henan_north,2004-04-07,0.145,0.177,0.242,0.243
henan_north,2004-04-08,0.142,0.175,0.24,0.243
henan_north,2004-04-09,0.139,0.172,0.238,0.243
henan_north,2004-04-10,0.138,0.17,0.237,0.243
henan_north,2004-04-11,0.136,0.168,0.235,0.243
henan_north,2004-04-12,0.135,0.166,0.233,0.243
henan_north,2004-04-13,0.169,0.165,0.232,0.243
henan_north,2004-04-14,0.174,0.164,0.23,0.243
henan_north,2004-04-15,0.165,0.162,0.229,0.243
henan_north,2004-04-16,0.156,0.16,0.227,0.243
henan_north,2004-04-17,0.15,0.158,0.225,0.242
henan_north,2004-04-18,0.146,0.157,0.224,0.242
henan_north,2004-04-19,0.142,0.155,0.222,0.242
henan_north,2004-04-20,0.138,0.153,0.22,0.242
henan_north,2004-04-21,0.135,0.151,0.218,0.242
henan_north,2004-04-22,0.133,0.15,0.216,0.242
henan_north,2004-04-23,0.131,0.149,0.215,0.242
henan_north,2004-04-24,0.13,0.149,0.214,0.242
henan_north,2004-04-25,0.135,0.148,0.212,0.242
henan_north,2004-04-26,0.204,0.148,0.212,0.242
henan_north,2004-04-27,0.194,0.148,0.211,0.242
henan_north,2004-04-28,0.182,0.148,0.21,0.241
henan_north,2004-04-29,0.173,0.147,0.209,0.241
henan_north,2004-04-30,0.174,0.147,0.208,0.241
henan_north,2004-05-01,0.166,0.147,0.207,0.241
henan_north,2004-05-02,0.168,0.146,0.206,0.241
henan_north,2004-05-03,0.208,0.147,0.206,0.241
henan_north,2004-05-04,0.195,0.147,0.205,0.241
henan_north,2004-05-05,0.178,0.146,0.203,0.241
henan_north,2004-05-06,0.164,0.145,0.202,0.241
henan_north,2004-05-07,0.155,0.144,0.2,0.241
henan_north,2004-05-08,0.148,0.144,0.199,0.241
henan_north,2004-05-09,0.143,0.143,0.197,0.24
henan_north,2004-05-10,0.143,0.142,0.196,0.24
henan_north,2004-05-11,0.311,0.151,0.195,0.24
henan_north,2004-05-12,0.3,0.174,0.195,0.24
henan_north,2004-05-13,0.257,0.177,0.194,0.24
henan_north,2004-05-14,0.233,0.177,0.193,0.24
henan_north,2004-05-15,0.218,0.176,0.193,0.24
henan_north,2004-05-16,0.201,0.174,0.192,0.24
henan_north,2004-05-17,0.184,0.171,0.191,0.24
henan_north,2004-05-18,0.174,0.167,0.189,0.24
henan_north,2004-05-19,0.168,0.164,0.189,0.239
henan_north,2004-05-20,0.156,0.161,0.187,0.239
henan_north,2004-05-21,0.147,0.158,0.186,0.239
henan_north,2004-05-22,0.142,0.156,0.185,0.239
henan_north,2004-05-23,0.137,0.153,0.184,0.239
henan_north,2004-05-24,0.134,0.151,0.182,0.239
henan_north,2004-05-25,0.132,0.15,0.181,0.239
henan_north,2004-05-26,0.133,0.148,0.181,0.239
henan_north,2004-05-27,0.244,0.15,0.18,0.238
henan_north,2004-05-28,0.284,0.161,0.18,0.238
henan_north,2004-05-29,0.244,0.163,0.179,0.238
henan_north,2004-05-30,0.219,0.163,0.179,0.238
henan_north,2004-05-31,0.197,0.161,0.178,0.238
henan_north,2004-06-01,0.182,0.159,0.177,0.238
henan_north,2004-06-02,0.172,0.158,0.176,0.238
henan_north,2004-06-03,0.162,0.156,0.176,0.238
henan_north,2004-06-04,0.157,0.155,0.175,0.238
henan_north,2004-06-05,0.17,0.155,0.175,0.238
henan_north,2004-06-06,0.169,0.155,0.175,0.238
henan_north,2004-06-07,0.165,0.153,0.174,0.238
henan_north,2004-06-08,0.163,0.152,0.174,0.238
henan_north,2004-06-09,0.154,0.15,0.173,0.237
henan_north,2004-06-10,0.146,0.148,0.172,0.237
henan_north,2004-06-11,0.139,0.147,0.171,0.237
henan_north,2004-06-12,0.135,0.145,0.17,0.237
henan_north,2004-06-13,0.132,0.144,0.169,0.237
henan_north,2004-06-14,0.168,0.143,0.169,0.237
henan_north,2004-06-15,0.203,0.144,0.169,0.237
henan_north,2004-06-16,0.207,0.145,0.169,0.237
henan_north,2004-06-17,0.195,0.145,0.168,0.237
henan_north,2004-06-18,0.184,0.144,0.168,0.236
henan_north,2004-06-19,0.175,0.144,0.167,0.236
henan_north,2004-06-20,0.17,0.143,0.167,0.236
henan_north,2004-06-21,0.172,0.142,0.166,0.236
henan_north,2004-06-22,0.163,0.141,0.165,0.236
henan_north,2004-06-23,0.154,0.141,0.165,0.236
henan_north,2004-06-24,0.153,0.14,0.164,0.236
henan_north,2004-06-25,0.15,0.139,0.163,0.236
henan_north,2004-06-26,0.152,0.139,0.162,0.235
henan_north,2004-06-27,0.159,0.138,0.162,0.235
henan_north,2004-06-28,0.15,0.138,0.161,0.235
henan_north,2004-06-29,0.148,0.137,0.16,0.235
henan_north,2004-06-30,0.231,0.145,0.16,0.235
henan_north,2004-07-01,0.293,0.201,0.16,0.235
henan_north,2004-07-02,0.251,0.199,0.159,0.235
henan_north,2004-07-03,0.221,0.194,0.159,0.235
henan_north,2004-07-04,0.198,0.187,0.158,0.234
henan_north,2004-07-05,0.186,0.182,0.158,0.234
henan_north,2004-07-06,0.247,0.178,0.157,0.234
henan_north,2004-07-07,0.224,0.175,0.157,0.234
henan_north,2004-07-08,0.197,0.17,0.156,0.234
henan_north,2004-07-09,0.194,0.167,0.156,0.234
henan_north,2004-07-10,0.354,0.186,0.155,0.234
henan_north,2004-07-11,0.328,0.22,0.155,0.234
henan_north,2004-07-12,0.326,0.229,0.155,0.234
henan_north,2004-07-13,0.303,0.236,0.155,0.233
henan_north,2004-07-14,0.277,0.234,0.155,0.233
henan_north,2004-07-15,0.307,0.232,0.155,0.233
henan_north,2004-07-16,0.377,0.265,0.155,0.233
henan_north,2004-07-17,0.416,0.4,0.175,0.233
henan_north,2004-07-18,0.378,0.374,0.192,0.233
henan_north,2004-07-19,0.354,0.352,0.196,0.233
henan_north,2004-07-20,0.39,0.357,0.199,0.233
henan_north,2004-07-21,0.387,0.379,0.206,0.233
henan_north,2004-07-22,0.353,0.355,0.21,0.233
henan_north,2004-07-23,0.324,0.334,0.212,0.233
henan_north,2004-07-24,0.338,0.326,0.213,0.233
henan_north,2004-07-25,0.358,0.333,0.214,0.233
henan_north,2004-07-26,0.34,0.327,0.215,0.233
henan_north,2004-07-27,0.331,0.321,0.216,0.233
henan_north,2004-07-28,0.345,0.316,0.217,0.233
henan_north,2004-07-29,0.351,0.317,0.217,0.233
henan_north,2004-07-30,0.393,0.348,0.218,0.233
henan_north,2004-07-31,0.367,0.357,0.221,0.233
henan_north,2004-08-01,0.347,0.344,0.224,0.233
henan_north,2004-08-02,0.383,0.345,0.225,0.233
henan_north,2004-08-03,0.388,0.369,0.229,0.233
henan_north,2004-08-04,0.398,0.377,0.233,0.233
henan_north,2004-08-05,0.361,0.363,0.238,0.233
henan_north,2004-08-06,0.333,0.342,0.239,0.232
henan_north,2004-08-07,0.314,0.326,0.24,0.232
henan_north,2004-08-08,0.297,0.313,0.24,0.232
henan_north,2004-08-09,0.355,0.309,0.239,0.232
henan_north,2004-08-10,0.399,0.363,0.241,0.232
henan_north,2004-08-11,0.407,0.389,0.247,0.232
henan_north,2004-08-12,0.393,0.382,0.254,0.232
henan_north,2004-08-13,0.369,0.366,0.257,0.232
henan_north,2004-08-14,0.35,0.351,0.259,0.232
henan_north,2004-08-15,0.348,0.341,0.26,0.232
henan_north,2004-08-16,0.414,0.376,0.262,0.232
henan_north,2004-08-17,0.386,0.385,0.27,0.232
henan_north,2004-08-18,0.361,0.364,0.273,0.232
henan_north,2004-08-19,0.341,0.348,0.273,0.232
henan_north,2004-08-20,0.346,0.338,0.274,0.232
henan_north,2004-08-21,0.371,0.342,0.275,0.232
henan_north,2004-08-22,0.346,0.34,0.275,0.232
henan_north,2004-08-23,0.327,0.33,0.275,0.232
henan_north,2004-08-24,0.314,0.321,0.275,0.232
henan_north,2004-08-25,0.311,0.314,0.274,0.232
henan_north,2004-08-26,0.311,0.309,0.274,0.232
henan_north,2004-08-27,0.366,0.317,0.274,0.232
henan_north,2004-08-28,0.338,0.321,0.274,0.232
henan_north,2004-08-29,0.319,0.315,0.273,0.232
henan_north,2004-08-30,0.302,0.307,0.273,0.232
henan_north,2004-08-31,0.283,0.297,0.271,0.232
henan_north,2004-09-01,0.268,0.288,0.27,0.232
henan_north,2004-09-02,0.254,0.279,0.269,0.232
henan_north,2004-09-03,0.26,0.273,0.267,0.232
henan_north,2004-09-04,0.256,0.269,0.267,0.232
henan_north,2004-09-05,0.249,0.265,0.266,0.232
henan_north,2004-09-06,0.24,0.259,0.265,0.232
henan_north,2004-09-07,0.228,0.252,0.263,0.232
henan_north,2004-09-08,0.215,0.245,0.261,0.232
henan_north,2004-09-09,0.203,0.238,0.26,0.232
henan_north,2004-09-10,0.194,0.231,0.258,0.232
henan_north,2004-09-11,0.185,0.225,0.256,0.232
henan_north,2004-09-12,0.177,0.219,0.254,0.232
henan_north,2004-09-13,0.171,0.214,0.253,0.232
henan_north,2004-09-14,0.242,0.213,0.252,0.232
henan_north,2004-09-15,0.264,0.214,0.251,0.232
henan_north,2004-09-16,0.245,0.213,0.25,0.232
henan_north,2004-09-17,0.236,0.21,0.249,0.232
henan_north,2004-09-18,0.34,0.227,0.248,0.232
henan_north,2004-09-19,0.325,0.239,0.247,0.232
henan_north,2004-09-20,0.348,0.276,0.247,0.232
henan_north,2004-09-21,0.305,0.278,0.246,0.232
henan_north,2004-09-22,0.283,0.273,0.245,0.232
henan_north,2004-09-23,0.266,0.268,0.245,0.232
henan_north,2004-09-24,0.255,0.263,0.244,0.232
henan_north,2004-09-25,0.27,0.261,0.244,0.232
henan_north,2004-09-26,0.262,0.258,0.243,0.232
henan_north,2004-09-27,0.249,0.253,0.242,0.232
henan_north,2004-09-28,0.238,0.249,0.241,0.232
henan_north,2004-09-29,0.231,0.245,0.241,0.232
henan_north,2004-09-30,0.366,0.293,0.24,0.232
henan_north,2004-10-01,0.364,0.349,0.242,0.232
henan_north,2004-10-02,0.34,0.34,0.244,0.232
henan_north,2004-10-03,0.324,0.329,0.244,0.231
henan_north,2004-10-04,0.312,0.32,0.245,0.231
henan_north,2004-10-05,0.302,0.312,0.245,0.231
henan_north,2004-10-06,0.293,0.305,0.245,0.231
henan_north,2004-10-07,0.285,0.299,0.245,0.231
henan_north,2004-10-08,0.278,0.293,0.245,0.231
henan_north,2004-10-09,0.27,0.287,0.244,0.231
henan_north,2004-10-10,0.265,0.282,0.244,0.231
henan_north,2004-10-11,0.259,0.277,0.244,0.231
henan_north,2004-10-12,0.251,0.272,0.243,0.231
henan_north,2004-10-13,0.244,0.267,0.243,0.231
henan_north,2004-10-14,0.236,0.262,0.242,0.231
henan_north,2004-10-15,0.231,0.258,0.242,0.231
henan_north,2004-10-16,0.229,0.255,0.242,0.231
henan_north,2004-10-17,0.231,0.253,0.241,0.231
henan_north,2004-10-18,0.229,0.251,0.241,0.231
henan_north,2004-10-19,0.224,0.247,0.241,0.231
henan_north,2004-10-20,0.219,0.244,0.24,0.231
henan_north,2004-10-21,0.215,0.241,0.24,0.231
henan_north,2004-10-22,0.212,0.239,0.239,0.231
henan_north,2004-10-23,0.21,0.237,0.239,0.231
henan_north,2004-10-24,0.207,0.234,0.238,0.231
henan_north,2004-10-25,0.203,0.232,0.238,0.231
henan_north,2004-10-26,0.2,0.229,0.238,0.231
henan_north,2004-10-27,0.197,0.227,0.237,0.231
henan_north,2004-10-28,0.195,0.225,0.237,0.231
henan_north,2004-10-29,0.193,0.223,0.236,0.231
henan_north,2004-10-30,0.191,0.222,0.236,0.231
henan_north,2004-10-31,0.193,0.22,0.236,0.231
henan_north,2004-11-01,0.19,0.218,0.235,0.231
henan_north,2004-11-02,0.186,0.216,0.235,0.231
henan_north,2004-11-03,0.184,0.214,0.234,0.231
henan_north,2004-11-04,0.181,0.212,0.234,0.231
henan_north,2004-11-05,0.179,0.21,0.233,0.231
henan_north,2004-11-06,0.177,0.209,0.233,0.231
henan_north,2004-11-07,0.175,0.207,0.232,0.231
henan_north,2004-11-08,0.175,0.206,0.232,0.231
henan_north,2004-11-09,0.274,0.207,0.232,0.231
henan_north,2004-11-10,0.274,0.211,0.232,0.231
henan_north,2004-11-11,0.26,0.213,0.231,0.231
henan_north,2004-11-12,0.253,0.214,0.231,0.231
henan_north,2004-11-13,0.273,0.216,0.231,0.231
henan_north,2004-11-14,0.263,0.218,0.231,0.231
henan_north,2004-11-15,0.253,0.219,0.231,0.231
henan_north,2004-11-16,0.244,0.219,0.23,0.231
henan_north,2004-11-17,0.236,0.218,0.23,0.231
henan_north,2004-11-18,0.231,0.217,0.23,0.231
henan_north,2004-11-19,0.225,0.217,0.229,0.231
henan_north,2004-11-20,0.221,0.216,0.229,0.231
henan_north,2004-11-21,0.217,0.215,0.229,0.231
henan_north,2004-11-22,0.214,0.214,0.228,0.231
henan_north,2004-11-23,0.21,0.213,0.228,0.231
henan_north,2004-11-24,0.214,0.212,0.228,0.231
henan_north,2004-11-25,0.252,0.213,0.228,0.231
henan_north,2004-11-26,0.259,0.214,0.228,0.231
henan_north,2004-11-27,0.267,0.216,0.228,0.231
henan_north,2004-11-28,0.274,0.218,0.227,0.231
henan_north,2004-11-29,0.277,0.221,0.227,0.231
henan_north,2004-11-30,0.278,0.223,0.227,0.231
henan_north,2004-12-01,0.279,0.226,0.227,0.231
henan_north,2004-12-02,0.289,0.23,0.227,0.231
henan_north,2004-12-03,0.293,0.234,0.227,0.231
henan_north,2004-12-04,0.281,0.237,0.227,0.231
henan_north,2004-12-05,0.27,0.238,0.227,0.231
henan_north,2004-12-06,0.261,0.238,0.226,0.231
henan_north,2004-12-07,0.253,0.238,0.226,0.231
henan_north,2004-12-08,0.247,0.237,0.226,0.231
henan_north,2004-12-09,0.243,0.236,0.226,0.231
henan_north,2004-12-10,0.239,0.236,0.226,0.231
henan_north,2004-12-11,0.235,0.235,0.226,0.231
henan_north,2004-12-12,0.232,0.233,0.225,0.231
henan_north,2004-12-13,0.229,0.233,0.225,0.231
henan_north,2004-12-14,0.237,0.232,0.225,0.231
henan_north,2004-12-15,0.244,0.232,0.225,0.231
henan_north,2004-12-16,0.241,0.232,0.225,0.231
henan_north,2004-12-17,0.239,0.232,0.225,0.231
henan_north,2004-12-18,0.236,0.231,0.225,0.231
henan_north,2004-12-19,0.235,0.231,0.225,0.231
henan_north,2004-12-20,0.232,0.23,0.225,0.231
henan_north,2004-12-21,0.229,0.23,0.225,0.231
henan_north,2004-12-22,0.229,0.23,0.225,0.231
henan_north,2004-12-23,0.228,0.23,0.225,0.231
henan_north,2004-12-24,0.228,0.229,0.225,0.231
henan_north,2004-12-25,0.227,0.229,0.225,0.231
henan_north,2004-12-26,0.227,0.229,0.225,0.231
henan_north,2004-12-27,0.228,0.229,0.225,0.231
henan_north,2004-12-28,0.228,0.229,0.225,0.231
henan_north,2004-12-29,0.227,0.229,0.225,0.231
henan_north,2004-12-30,0.227,0.229,0.225,0.231
henan_north,2004-12-31,0.228,0.229,0.225,0.231
henan_north,2005-01-01,0.229,0.229,0.225,0.231
henan_north,2005-01-02,0.231,0.229,0.225,0.231
henan_north,2005-01-03,0.237,0.229,0.225,0.23
henan_north,2005-01-04,0.241,0.229,0.225,0.23
henan_north,2005-01-05,0.241,0.229,0.225,0.23
henan_north,2005-01-06,0.25,0.229,0.225,0.23
henan_north,2005-01-07,0.26,0.23,0.225,0.23
henan_north,2005-01-08,0.263,0.231,0.225,0.23
henan_north,2005-01-09,0.264,0.232,0.225,0.23
henan_north,2005-01-10,0.265,0.233,0.225,0.23
henan_north,2005-01-11,0.267,0.235,0.225,0.23
henan_north,2005-01-12,0.267,0.236,0.225,0.23
henan_north,2005-01-13,0.265,0.237,0.225,0.23
henan_north,2005-01-14,0.263,0.238,0.224,0.23
henan_north,2005-01-15,0.26,0.238,0.224,0.23
henan_north,2005-01-16,0.257,0.239,0.224,0.23
henan_north,2005-01-17,0.254,0.239,0.224,0.23
henan_north,2005-01-18,0.251,0.239,0.224,0.23
henan_north,2005-01-19,0.248,0.238,0.224,0.23
henan_north,2005-01-20,0.245,0.238,0.224,0.23
henan_north,2005-01-21,0.243,0.238,0.224,0.23
henan_north,2005-01-22,0.242,0.238,0.224,0.23
henan_north,2005-01-23,0.24,0.237,0.224,0.23
henan_north,2005-01-24,0.238,0.237,0.224,0.23
henan_north,2005-01-25,0.236,0.236,0.224,0.23
henan_north,2005-01-26,0.233,0.235,0.224,0.23
henan_north,2005-01-27,0.233,0.235,0.224,0.23
henan_north,2005-01-28,0.232,0.234,0.224,0.23
henan_north,2005-01-29,0.23,0.233,0.224,0.23
henan_north,2005-01-30,0.227,0.232,0.224,0.23
henan_north,2005-01-31,0.225,0.232,0.224,0.23
henan_north,2005-02-01,0.224,0.231,0.223,0.23
henan_north,2005-02-02,0.224,0.231,0.223,0.23
henan_north,2005-02-03,0.223,0.23,0.223,0.23
henan_north,2005-02-04,0.222,0.229,0.223,0.23
henan_north,2005-02-05,0.22,0.229,0.223,0.23
henan_north,2005-02-06,0.22,0.229,0.223,0.23
henan_north,2005-02-07,0.223,0.228,0.223,0.23
henan_north,2005-02-08,0.227,0.228,0.223,0.23
henan_north,2005-02-09,0.228,0.228,0.223,0.23
henan_north,2005-02-10,0.228,0.228,0.223,0.23
henan_north,2005-02-11,0.229,0.227,0.223,0.23
henan_north,2005-02-12,0.233,0.227,0.223,0.23
henan_north,2005-02-13,0.238,0.227,0.223,0.23
henan_north,2005-02-14,0.248,0.227,0.223,0.23
henan_north,2005-02-15,0.28,0.229,0.223,0.23
henan_north,2005-02-16,0.29,0.233,0.223,0.23
henan_north,2005-02-17,0.282,0.236,0.223,0.23
henan_north,2005-02-18,0.276,0.238,0.223,0.23
henan_north,2005-02-19,0.273,0.239,0.223,0.23
henan_north,2005-02-20,0.268,0.24,0.223,0.23
henan_north,2005-02-21,0.267,0.24,0.223,0.23
henan_north,2005-02-22,0.264,0.24,0.223,0.23
henan_north,2005-02-23,0.257,0.239,0.222,0.23
henan_north,2005-02-24,0.252,0.239,0.222,0.23
henan_north,2005-02-25,0.246,0.238,0.222,0.23
henan_north,2005-02-26,0.241,0.237,0.222,0.23
henan_north,2005-02-27,0.237,0.236,0.222,0.23
henan_north,2005-02-28,0.233,0.234,0.221,0.23
henan_north,2005-03-01,0.228,0.232,0.221,0.23
henan_north,2005-03-02,0.233,0.231,0.221,0.23
henan_north,2005-03-03,0.229,0.229,0.221,0.23
henan_north,2005-03-04,0.223,0.228,0.22,0.23
henan_north,2005-03-05,0.218,0.226,0.22,0.23
henan_north,2005-03-06,0.213,0.224,0.22,0.23
henan_north,2005-03-07,0.207,0.221,0.219,0.23
henan_north,2005-03-08,0.201,0.218,0.219,0.23
henan_north,2005-03-09,0.196,0.216,0.218,0.23
henan_north,2005-03-10,0.193,0.214,0.218,0.23
henan_north,2005-03-11,0.19,0.212,0.217,0.23
henan_north,2005-03-12,0.188,0.211,0.217,0.23
henan_north,2005-03-13,0.185,0.209,0.217,0.23
henan_north,2005-03-14,0.182,0.207,0.216,0.23
henan_north,2005-03-15,0.178,0.204,0.216,0.23
henan_north,2005-03-16,0.175,0.202,0.215,0.23
henan_north,2005-03-17,0.172,0.2,0.215,0.23
henan_north,2005-03-18,0.168,0.198,0.214,0.23
henan_north,2005-03-19,0.166,0.196,0.214,0.23
henan_north,2005-03-20,0.164,0.194,0.213,0.23
henan_north,2005-03-21,0.236,0.193,0.213,0.23
henan_north,2005-03-22,0.246,0.195,0.213,0.23
henan_north,2005-03-23,0.234,0.194,0.212,0.23
henan_north,2005-03-24,0.219,0.192,0.211,0.23
henan_north,2005-03-25,0.208,0.191,0.211,0.229
henan_north,2005-03-26,0.198,0.189,0.21,0.229
henan_north,2005-03-27,0.19,0.186,0.209,0.229
henan_north,2005-03-28,0.183,0.185,0.209,0.229
henan_north,2005-03-29,0.186,0.183,0.208,0.229
henan_north,2005-03-30,0.185,0.181,0.208,0.229
henan_north,2005-03-31,0.177,0.179,0.207,0.229
henan_north,2005-04-01,0.17,0.177,0.206,0.229
henan_north,2005-04-02,0.165,0.175,0.205,0.229
henan_north,2005-04-03,0.161,0.173,0.204,0.229
henan_north,2005-04-04,0.155,0.171,0.203,0.229
henan_north,2005-04-05,0.15,0.168,0.202,0.229
henan_north,2005-04-06,0.147,0.166,0.201,0.229
henan_north,2005-04-07,0.142,0.163,0.2,0.229
henan_north,2005-04-08,0.146,0.161,0.199,0.229
henan_north,2005-04-09,0.234,0.162,0.199,0.229
henan_north,2005-04-10,0.221,0.162,0.198,0.229
henan_north,2005-04-11,0.208,0.161,0.197,0.229
henan_north,2005-04-12,0.197,0.161,0.197,0.228
henan_north,2005-04-13,0.184,0.159,0.196,0.228
henan_north,2005-04-14,0.173,0.158,0.195,0.228
henan_north,2005-04-15,0.167,0.156,0.194,0.228
henan_north,2005-04-16,0.161,0.155,0.193,0.228
henan_north,2005-04-17,0.154,0.153,0.192,0.228
henan_north,2005-04-18,0.148,0.151,0.191,0.228
henan_north,2005-04-19,0.144,0.15,0.189,0.228
henan_north,2005-04-20,0.14,0.148,0.188,0.228
henan_north,2005-04-21,0.137,0.147,0.187,0.228
henan_north,2005-04-22,0.134,0.146,0.186,0.228
henan_north,2005-04-23,0.133,0.145,0.185,0.227
henan_north,2005-04-24,0.132,0.144,0.184,0.227
henan_north,2005-04-25,0.131,0.143,0.183,0.227
henan_north,2005-04-26,0.131,0.142,0.181,0.227
henan_north,2005-04-27,0.133,0.141,0.18,0.227
henan_north,2005-04-28,0.13,0.14,0.178,0.227
henan_north,2005-04-29,0.128,0.139,0.177,0.227
henan_north,2005-04-30,0.132,0.138,0.176,0.227
henan_north,2005-05-01,0.136,0.138,0.175,0.226
henan_north,2005-05-02,0.135,0.137,0.174,0.226
henan_north,2005-05-03,0.132,0.137,0.173,0.226
henan_north,2005-05-04,0.155,0.137,0.173,0.226
henan_north,2005-05-05,0.204,0.137,0.172,0.226
henan_north,2005-05-06,0.202,0.138,0.172,0.226
henan_north,2005-05-07,0.184,0.138,0.171,0.226
henan_north,2005-05-08,0.169,0.138,0.171,0.226
henan_north,2005-05-09,0.158,0.138,0.17,0.226
henan_north,2005-05-10,0.164,0.137,0.169,0.226
henan_north,2005-05-11,0.159,0.137,0.169,0.225
henan_north,2005-05-12,0.151,0.137,0.168,0.225
henan_north,2005-05-13,0.151,0.137,0.167,0.225
henan_north,2005-05-14,0.15,0.137,0.167,0.225
henan_north,2005-05-15,0.162,0.136,0.166,0.225
henan_north,2005-05-16,0.256,0.139,0.166,0.225
henan_north,2005-05-17,0.333,0.186,0.166,0.225
henan_north,2005-05-18,0.284,0.197,0.166,0.225
henan_north,2005-05-19,0.251,0.196,0.166,0.225
henan_north,2005-05-20,0.227,0.193,0.165,0.225
henan_north,2005-05-21,0.208,0.189,0.165,0.225
henan_north,2005-05-22,0.192,0.185,0.165,0.225
henan_north,2005-05-23,0.177,0.181,0.164,0.225
henan_north,2005-05-24,0.165,0.176,0.163,0.225
henan_north,2005-05-25,0.156,0.172,0.163,0.224
henan_north,2005-05-26,0.148,0.168,0.162,0.224
henan_north,2005-05-27,0.143,0.165,0.162,0.224
henan_north,2005-05-28,0.139,0.162,0.161,0.224
henan_north,2005-05-29,0.136,0.159,0.161,0.224
henan_north,2005-05-30,0.134,0.158,0.16,0.224
henan_north,2005-05-31,0.133,0.156,0.16,0.224
henan_north,2005-06-01,0.131,0.154,0.159,0.224
henan_north,2005-06-02,0.128,0.151,0.159,0.224
henan_north,2005-06-03,0.126,0.148,0.158,0.223
henan_north,2005-06-04,0.125,0.146,0.157,0.223
henan_north,2005-06-05,0.128,0.145,0.156,0.223
henan_north,2005-06-06,0.178,0.144,0.156,0.223
henan_north,2005-06-07,0.166,0.143,0.156,0.223
henan_north,2005-06-08,0.158,0.142,0.155,0.223
henan_north,2005-06-09,0.348,0.224,0.155,0.223
henan_north,2005-06-10,0.307,0.251,0.155,0.223
henan_north,2005-06-11,0.274,0.247,0.155,0.223
henan_north,2005-06-12,0.246,0.239,0.155,0.223
henan_north,2005-06-13,0.222,0.231,0.155,0.223
henan_north,2005-06-14,0.204,0.223,0.155,0.223
henan_north,2005-06-15,0.189,0.215,0.155,0.222
henan_north,2005-06-16,0.176,0.208,0.154,0.222
henan_north,2005-06-17,0.165,0.201,0.154,0.222
henan_north,2005-06-18,0.155,0.194,0.154,0.222
henan_north,2005-06-19,0.148,0.187,0.153,0.222
henan_north,2005-06-20,0.151,0.181,0.153,0.222
henan_north,2005-06-21,0.166,0.176,0.152,0.222
henan_north,2005-06-22,0.156,0.171,0.152,0.222
henan_north,2005-06-23,0.145,0.165,0.152,0.221
henan_north,2005-06-24,0.137,0.16,0.151,0.221
henan_north,2005-06-25,0.169,0.158,0.15,0.221
henan_north,2005-06-26,0.35,0.215,0.15,0.221
henan_north,2005-06-27,0.302,0.234,0.15,0.221
henan_north,2005-06-28,0.307,0.235,0.15,0.221
henan_north,2005-06-29,0.318,0.248,0.151,0.221
henan_north,2005-06-30,0.282,0.244,0.151,0.221
henan_north,2005-07-01,0.347,0.277,0.151,0.221
henan_north,2005-07-02,0.324,0.284,0.152,0.221
henan_north,2005-07-03,0.371,0.3,0.152,0.221
henan_north,2005-07-04,0.335,0.306,0.154,0.221
henan_north,2005-07-05,0.313,0.3,0.155,0.221
henan_north,2005-07-06,0.293,0.291,0.156,0.221
henan_north,2005-07-07,0.272,0.28,0.156,0.221
henan_north,2005-07-08,0.253,0.269,0.157,0.22
henan_north,2005-07-09,0.236,0.258,0.157,0.22
henan_north,2005-07-10,0.225,0.249,0.157,0.22
henan_north,2005-07-11,0.222,0.241,0.157,0.22
henan_north,2005-07-12,0.218,0.231,0.157,0.22
henan_north,2005-07-13,0.241,0.224,0.156,0.22
henan_north,2005-07-14,0.218,0.216,0.156,0.22
henan_north,2005-07-15,0.214,0.209,0.156,0.22
henan_north,2005-07-16,0.343,0.217,0.156,0.22
henan_north,2005-07-17,0.413,0.359,0.158,0.22
henan_north,2005-07-18,0.415,0.405,0.177,0.22
henan_north,2005-07-19,0.387,0.377,0.191,0.22
henan_north,2005-07-20,0.364,0.356,0.196,0.22
henan_north,2005-07-21,0.352,0.338,0.198,0.22
henan_north,2005-07-22,0.418,0.385,0.203,0.22
henan_north,2005-07-23,0.412,0.397,0.215,0.22
henan_north,2005-07-24,0.389,0.381,0.225,0.22
henan_north,2005-07-25,0.358,0.36,0.229,0.22
henan_north,2005-07-26,0.332,0.34,0.231,0.22
henan_north,2005-07-27,0.358,0.333,0.232,0.22
henan_north,2005-07-28,0.35,0.335,0.233,0.22
henan_north,2005-07-29,0.338,0.323,0.233,0.22
henan_north,2005-07-30,0.39,0.364,0.235,0.22
henan_north,2005-07-31,0.401,0.376,0.239,0.22
henan_north,2005-08-01,0.366,0.365,0.243,0.219
henan_north,2005-08-02,0.368,0.355,0.245,0.219
henan_north,2005-08-03,0.387,0.373,0.249,0.219
henan_north,2005-08-04,0.402,0.399,0.259,0.219
henan_north,2005-08-05,0.372,0.372,0.265,0.219
henan_north,2005-08-06,0.357,0.356,0.267,0.219
henan_north,2005-08-07,0.343,0.344,0.268,0.219
henan_north,2005-08-08,0.325,0.331,0.268,0.219
henan_north,2005-08-09,0.307,0.319,0.267,0.219
henan_north,2005-08-10,0.315,0.31,0.266,0.219
henan_north,2005-08-11,0.297,0.302,0.265,0.219
henan_north,2005-08-12,0.274,0.29,0.264,0.219
henan_north,2005-08-13,0.256,0.279,0.262,0.219
henan_north,2005-08-14,0.255,0.271,0.261,0.219
henan_north,2005-08-15,0.267,0.266,0.26,0.219
henan_north,2005-08-16,0.337,0.268,0.259,0.219
henan_north,2005-08-17,0.364,0.302,0.258,0.219
henan_north,2005-08-18,0.342,0.312,0.258,0.219
henan_north,2005-08-19,0.31,0.305,0.258,0.219
henan_north,2005-08-20,0.291,0.297,0.257,0.219
henan_north,2005-08-21,0.28,0.291,0.256,0.219
henan_north,2005-08-22,0.274,0.284,0.255,0.219
henan_north,2005-08-23,0.358,0.292,0.255,0.219
henan_north,2005-08-24,0.33,0.303,0.255,0.219
henan_north,2005-08-25,0.3,0.295,0.254,0.219
henan_north,2005-08-26,0.28,0.287,0.253,0.219
henan_north,2005-08-27,0.262,0.277,0.252,0.219
henan_north,2005-08-28,0.261,0.27,0.25,0.219
henan_north,2005-08-29,0.342,0.276,0.25,0.219
henan_north,2005-08-30,0.318,0.283,0.25,0.219
henan_north,2005-08-31,0.287,0.277,0.249,0.219
henan_north,2005-09-01,0.266,0.269,0.247,0.219
henan_north,2005-09-02,0.259,0.263,0.246,0.219
henan_north,2005-09-03,0.252,0.257,0.245,0.219
henan_north,2005-09-04,0.232,0.249,0.244,0.219
henan_north,2005-09-05,0.217,0.241,0.242,0.219
henan_north,2005-09-06,0.203,0.234,0.241,0.219
henan_north,2005-09-07,0.192,0.226,0.239,0.219
henan_north,2005-09-08,0.184,0.22,0.238,0.219
henan_north,2005-09-09,0.177,0.215,0.236,0.219
henan_north,2005-09-10,0.17,0.209,0.235,0.219
henan_north,2005-09-11,0.163,0.204,0.233,0.219
henan_north,2005-09-12,0.157,0.199,0.231,0.219
henan_north,2005-09-13,0.152,0.194,0.23,0.219
henan_north,2005-09-14,0.152,0.19,0.229,0.218
henan_north,2005-09-15,0.204,0.189,0.228,0.218
henan_north,2005-09-16,0.338,0.207,0.228,0.218
henan_north,2005-09-17,0.291,0.218,0.227,0.218
henan_north,2005-09-18,0.267,0.217,0.226,0.218
henan_north,2005-09-19,0.283,0.219,0.225,0.218
henan_north,2005-09-20,0.383,0.297,0.226,0.218
henan_north,2005-09-21,0.386,0.349,0.227,0.218
henan_north,2005-09-22,0.351,0.347,0.229,0.218
henan_north,2005-09-23,0.331,0.334,0.231,0.218
henan_north,2005-09-24,0.317,0.324,0.231,0.218
henan_north,2005-09-25,0.369,0.327,0.232,0.218
henan_north,2005-09-26,0.36,0.332,0.233,0.218
henan_north,2005-09-27,0.379,0.341,0.235,0.218
henan_north,2005-09-28,0.424,0.402,0.241,0.218
henan_north,2005-09-29,0.419,0.412,0.27,0.218
henan_north,2005-09-30,0.405,0.395,0.282,0.218
henan_north,2005-10-01,0.413,0.404,0.292,0.218
henan_north,2005-10-02,0.408,0.399,0.301,0.218
henan_north,2005-10-03,0.399,0.392,0.307,0.219
henan_north,2005-10-04,0.377,0.379,0.311,0.219
henan_north,2005-10-05,0.362,0.367,0.312,0.219
henan_north,2005-10-06,0.362,0.359,0.313,0.219
henan_north,2005-10-07,0.359,0.355,0.313,0.219
henan_north,2005-10-08,0.342,0.347,0.313,0.219
henan_north,2005-10-09,0.331,0.34,0.312,0.219
henan_north,2005-10-10,0.322,0.333,0.312,0.22
henan_north,2005-10-11,0.315,0.326,0.311,0.22
henan_north,2005-10-12,0.311,0.321,0.31,0.22
henan_north,2005-10-13,0.307,0.317,0.309,0.22
henan_north,2005-10-14,0.304,0.313,0.309,0.22
henan_north,2005-10-15,0.297,0.309,0.308,0.22
henan_north,2005-10-16,0.288,0.304,0.307,0.22
henan_north,2005-10-17,0.281,0.299,0.306,0.22
henan_north,2005-10-18,0.274,0.295,0.305,0.22
henan_north,2005-10-19,0.273,0.292,0.304,0.221
henan_north,2005-10-20,0.28,0.29,0.303,0.221
henan_north,2005-10-21,0.302,0.29,0.303,0.221
henan_north,2005-10-22,0.292,0.289,0.302,0.221
henan_north,2005-10-23,0.284,0.287,0.301,0.221
henan_north,2005-10-24,0.276,0.284,0.3,0.221
henan_north,2005-10-25,0.27,0.281,0.299,0.221
henan_north,2005-10-26,0.267,0.279,0.298,0.221
henan_north,2005-10-27,0.264,0.277,0.298,0.221
henan_north,2005-10-28,0.261,0.275,0.297,0.221
henan_north,2005-10-29,0.256,0.273,0.296,0.221
henan_north,2005-10-30,0.252,0.27,0.295,0.221
henan_north,2005-10-31,0.247,0.267,0.294,0.222
henan_north,2005-11-01,0.244,0.265,0.293,0.222
henan_north,2005-11-02,0.241,0.263,0.292,0.222
henan_north,2005-11-03,0.237,0.26,0.291,0.222
henan_north,2005-11-04,0.234,0.258,0.291,0.222
henan_north,2005-11-05,0.269,0.257,0.29,0.222
henan_north,2005-11-06,0.268,0.257,0.289,0.222
henan_north,2005-11-07,0.259,0.255,0.288,0.222
henan_north,2005-11-08,0.252,0.254,0.287,0.222
henan_north,2005-11-09,0.254,0.253,0.286,0.222
henan_north,2005-11-10,0.248,0.252,0.285,0.222
henan_north,2005-11-11,0.243,0.25,0.285,0.222
henan_north,2005-11-12,0.238,0.249,0.284,0.222
henan_north,2005-11-13,0.262,0.249,0.283,0.222
henan_north,2005-11-14,0.261,0.249,0.283,0.222
henan_north,2005-11-15,0.256,0.249,0.282,0.222
henan_north,2005-11-16,0.252,0.249,0.282,0.222
henan_north,2005-11-17,0.247,0.248,0.281,0.222
henan_north,2005-11-18,0.243,0.248,0.28,0.222
henan_north,2005-11-19,0.246,0.247,0.28,0.222
henan_north,2005-11-20,0.245,0.247,0.279,0.223
henan_north,2005-11-21,0.241,0.246,0.279,0.223
henan_north,2005-11-22,0.237,0.245,0.278,0.223
henan_north,2005-11-23,0.233,0.244,0.277,0.223
henan_north,2005-11-24,0.228,0.243,0.277,0.223
henan_north,2005-11-25,0.224,0.241,0.276,0.223
henan_north,2005-11-26,0.22,0.24,0.276,0.223
henan_north,2005-11-27,0.218,0.238,0.275,0.223
henan_north,2005-11-28,0.215,0.237,0.274,0.223
henan_north,2005-11-29,0.212,0.236,0.273,0.223
henan_north,2005-11-30,0.209,0.234,0.273,0.223
henan_north,2005-12-01,0.206,0.233,0.272,0.223
henan_north,2005-12-02,0.205,0.232,0.272,0.223
henan_north,2005-12-03,0.204,0.231,0.271,0.223
henan_north,2005-12-04,0.204,0.23,0.271,0.223
henan_north,2005-12-05,0.204,0.23,0.27,0.223
henan_north,2005-12-06,0.204,0.229,0.27,0.223
henan_north,2005-12-07,0.205,0.229,0.27,0.223
henan_north,2005-12-08,0.205,0.229,0.269,0.223
henan_north,2005-12-09,0.205,0.228,0.269,0.223
henan_north,2005-12-10,0.204,0.228,0.268,0.223
henan_north,2005-12-11,0.204,0.227,0.268,0.223
henan_north,2005-12-12,0.204,0.227,0.268,0.223
henan_north,2005-12-13,0.204,0.227,0.267,0.223
henan_north,2005-12-14,0.204,0.226,0.267,0.223
henan_north,2005-12-15,0.204,0.226,0.267,0.223
henan_north,2005-12-16,0.204,0.226,0.266,0.223
henan_north,2005-12-17,0.205,0.226,0.266,0.223
henan_north,2005-12-18,0.205,0.226,0.266,0.223
henan_north,2005-12-19,0.205,0.226,0.266,0.223
henan_north,2005-12-20,0.205,0.226,0.265,0.223
henan_north,2005-12-21,0.205,0.225,0.265,0.223
henan_north,2005-12-22,0.205,0.225,0.265,0.223
henan_north,2005-12-23,0.203,0.224,0.264,0.223
henan_north,2005-12-24,0.202,0.224,0.264,0.223
henan_north,2005-12-25,0.201,0.223,0.263,0.223
henan_north,2005-12-26,0.2,0.222,0.263,0.223
henan_north,2005-12-27,0.2,0.222,0.262,0.223
henan_north,2005-12-28,0.2,0.222,0.262,0.223
henan_north,2005-12-29,0.2,0.221,0.262,0.223
henan_north,2005-12-30,0.203,0.221,0.262,0.224
henan_north,2005-12-31,0.211,0.221,0.261,0.224
henan_north,2006-01-01,0.213,0.221,0.261,0.224
henan_north,2006-01-02,0.214,0.221,0.261,0.224
henan_north,2006-01-03,0.215,0.221,0.26,0.224
henan_north,2006-01-04,0.216,0.221,0.26,0.224
henan_north,2006-01-05,0.215,0.221,0.26,0.224
henan_north,2006-01-06,0.216,0.222,0.26,0.224
henan_north,2006-01-07,0.218,0.222,0.259,0.224
henan_north,2006-01-08,0.22,0.222,0.259,0.224
henan_north,2006-01-09,0.223,0.223,0.259,0.224
henan_north,2006-01-10,0.225,0.223,0.259,0.224
henan_north,2006-01-11,0.225,0.223,0.259,0.224
henan_north,2006-01-12,0.224,0.223,0.258,0.224
henan_north,2006-01-13,0.224,0.223,0.258,0.224
henan_north,2006-01-14,0.224,0.223,0.258,0.224
henan_north,2006-01-15,0.222,0.223,0.257,0.224
henan_north,2006-01-16,0.22,0.223,0.257,0.224
henan_north,2006-01-17,0.22,0.222,0.257,0.224
henan_north,2006-01-18,0.219,0.222,0.257,0.224
henan_north,2006-01-19,0.218,0.223,0.256,0.224
henan_north,2006-01-20,0.227,0.223,0.256,0.224
henan_north,2006-01-21,0.246,0.223,0.256,0.224
henan_north,2006-01-22,0.264,0.225,0.256,0.224
henan_north,2006-01-23,0.274,0.227,0.255,0.224
henan_north,2006-01-24,0.279,0.229,0.255,0.224
henan_north,2006-01-25,0.28,0.232,0.255,0.224
henan_north,2006-01-26,0.278,0.235,0.255,0.224
henan_north,2006-01-27,0.274,0.236,0.254,0.224
henan_north,2006-01-28,0.27,0.238,0.254,0.224
henan_north,2006-01-29,0.265,0.239,0.254,0.224
henan_north,2006-01-30,0.263,0.239,0.254,0.224
henan_north,2006-01-31,0.261,0.24,0.253,0.224
henan_north,2006-02-01,0.261,0.24,0.253,0.224
henan_north,2006-02-02,0.26,0.241,0.253,0.224
henan_north,2006-02-03,0.256,0.241,0.253,0.224
henan_north,2006-02-04,0.253,0.241,0.253,0.224
henan_north,2006-02-05,0.251,0.242,0.253,0.224
henan_north,2006-02-06,0.262,0.242,0.252,0.224
henan_north,2006-02-07,0.276,0.243,0.252,0.224
henan_north,2006-02-08,0.275,0.244,0.252,0.224
henan_north,2006-02-09,0.271,0.245,0.252,0.224
henan_north,2006-02-10,0.271,0.245,0.252,0.224
henan_north,2006-02-11,0.268,0.245,0.251,0.224
henan_north,2006-02-12,0.263,0.245,0.251,0.224
henan_north,2006-02-13,0.258,0.245,0.251,0.224
henan_north,2006-02-14,0.25,0.244,0.25,0.224
henan_north,2006-02-15,0.244,0.243,0.25,0.224
henan_north,2006-02-16,0.241,0.242,0.25,0.224
henan_north,2006-02-17,0.236,0.24,0.249,0.224
henan_north,2006-02-18,0.231,0.239,0.249,0.224
henan_north,2006-02-19,0.226,0.237,0.248,0.224
henan_north,2006-02-20,0.222,0.235,0.248,0.224
henan_north,2006-02-21,0.218,0.233,0.247,0.224
henan_north,2006-02-22,0.214,0.231,0.247,0.224
henan_north,2006-02-23,0.21,0.23,0.246,0.224
henan_north,2006-02-24,0.208,0.228,0.246,0.224
henan_north,2006-02-25,0.205,0.227,0.246,0.224
henan_north,2006-02-26,0.203,0.225,0.245,0.224
henan_north,2006-02-27,0.202,0.224,0.245,0.224
henan_north,2006-02-28,0.205,0.224,0.245,0.224
henan_north,2006-03-01,0.213,0.222,0.244,0.224
henan_north,2006-03-02,0.219,0.221,0.244,0.224
henan_north,2006-03-03,0.221,0.22,0.244,0.224
henan_north,2006-03-04,0.22,0.218,0.243,0.224
henan_north,2006-03-05,0.215,0.215,0.242,0.224
henan_north,2006-03-06,0.211,0.214,0.241,0.224
henan_north,2006-03-07,0.205,0.212,0.241,0.224
henan_north,2006-03-08,0.271,0.213,0.24,0.224
henan_north,2006-03-09,0.301,0.222,0.24,0.224
henan_north,2006-03-10,0.28,0.226,0.24,0.224
henan_north,2006-03-11,0.265,0.227,0.239,0.224
henan_north,2006-03-12,0.254,0.227,0.239,0.224
henan_north,2006-03-13,0.244,0.225,0.238,0.224
henan_north,2006-03-14,0.233,0.223,0.238,0.224
henan_north,2006-03-15,0.223,0.221,0.237,0.224
henan_north,2006-03-16,0.212,0.218,0.236,0.224
henan_north,2006-03-17,0.204,0.215,0.235,0.224
henan_north,2006-03-18,0.197,0.212,0.234,0.224
henan_north,2006-03-19,0.19,0.209,0.233,0.224
henan_north,2006-03-20,0.184,0.206,0.233,0.224
henan_north,2006-03-21,0.179,0.203,0.232,0.224
henan_north,2006-03-22,0.176,0.201,0.231,0.224
henan_north,2006-03-23,0.17,0.198,0.23,0.224
henan_north,2006-03-24,0.165,0.194,0.229,0.224
henan_north,2006-03-25,0.159,0.191,0.228,0.224
henan_north,2006-03-26,0.154,0.188,0.226,0.223
henan_north,2006-03-27,0.151,0.185,0.225,0.223
henan_north,2006-03-28,0.147,0.182,0.224,0.223
henan_north,2006-03-29,0.144,0.18,0.223,0.223
henan_north,2006-03-30,0.141,0.176,0.222,0.223
henan_north,2006-03-31,0.139,0.174,0.22,0.223
henan_north,2006-04-01,0.137,0.172,0.219,0.223
henan_north,2006-04-02,0.135,0.169,0.217,0.223
henan_north,2006-04-03,0.153,0.167,0.216,0.223
henan_north,2006-04-04,0.166,0.166,0.216,0.223
henan_north,2006-04-05,0.165,0.165,0.215,0.223
henan_north,2006-04-06,0.159,0.164,0.214,0.223
henan_north,2006-04-07,0.153,0.162,0.213,0.223
henan_north,2006-04-08,0.148,0.16,0.211,0.223
henan_north,2006-04-09,0.144,0.159,0.21,0.223
henan_north,2006-04-10,0.141,0.157,0.209,0.223
henan_north,2006-04-11,0.141,0.155,0.208,0.223
henan_north,2006-04-12,0.255,0.156,0.207,0.223
henan_north,2006-04-13,0.248,0.16,0.206,0.222
henan_north,2006-04-14,0.229,0.161,0.206,0.222
henan_north,2006-04-15,0.212,0.161,0.205,0.222
henan_north,2006-04-16,0.196,0.16,0.204,0.222
henan_north,2006-04-17,0.183,0.158,0.202,0.222
henan_north,2006-04-18,0.172,0.156,0.201,0.222
henan_north,2006-04-19,0.162,0.155,0.2,0.222
henan_north,2006-04-20,0.155,0.153,0.199,0.222
henan_north,2006-04-21,0.165,0.153,0.198,0.222
henan_north,2006-04-22,0.163,0.152,0.197,0.222
henan_north,2006-04-23,0.155,0.15,0.196,0.222
henan_north,2006-04-24,0.148,0.149,0.195,0.222
henan_north,2006-04-25,0.155,0.148,0.194,0.222
henan_north,2006-04-26,0.16,0.148,0.193,0.222
henan_north,2006-04-27,0.152,0.146,0.192,0.222
henan_north,2006-04-28,0.147,0.146,0.191,0.221
henan_north,2006-04-29,0.142,0.144,0.19,0.221
henan_north,2006-04-30,0.137,0.143,0.188,0.221
henan_north,2006-05-01,0.134,0.142,0.187,0.221
henan_north,2006-05-02,0.132,0.141,0.186,0.221
henan_north,2006-05-03,0.13,0.141,0.185,0.221
henan_north,2006-05-04,0.171,0.14,0.184,0.221
henan_north,2006-05-05,0.308,0.151,0.183,0.221
henan_north,2006-05-06,0.272,0.162,0.183,0.221
henan_north,2006-05-07,0.24,0.164,0.182,0.221
henan_north,2006-05-08,0.219,0.164,0.182,0.221
henan_north,2006-05-09,0.208,0.163,0.181,0.221
henan_north,2006-05-10,0.204,0.162,0.18,0.221
henan_north,2006-05-11,0.212,0.161,0.18,0.22
henan_north,2006-05-12,0.28,0.166,0.18,0.22
henan_north,2006-05-13,0.25,0.169,0.179,0.22
henan_north,2006-05-14,0.221,0.167,0.178,0.22
henan_north,2006-05-15,0.197,0.165,0.177,0.22
henan_north,2006-05-16,0.179,0.162,0.177,0.22
henan_north,2006-05-17,0.166,0.159,0.175,0.22
henan_north,2006-05-18,0.156,0.157,0.175,0.22
henan_north,2006-05-19,0.148,0.155,0.174,0.22
henan_north,2006-05-20,0.143,0.153,0.173,0.22
henan_north,2006-05-21,0.268,0.156,0.172,0.22
henan_north,2006-05-22,0.294,0.174,0.172,0.22
henan_north,2006-05-23,0.252,0.176,0.172,0.22
henan_north,2006-05-24,0.248,0.175,0.171,0.219
henan_north,2006-05-25,0.346,0.2,0.171,0.219
henan_north,2006-05-26,0.318,0.217,0.171,0.219
henan_north,2006-05-27,0.293,0.224,0.171,0.219
henan_north,2006-05-28,0.258,0.221,0.17,0.219
henan_north,2006-05-29,0.233,0.215,0.17,0.219
henan_north,2006-05-30,0.211,0.209,0.169,0.219
henan_north,2006-05-31,0.193,0.202,0.169,0.219
henan_north,2006-06-01,0.178,0.196,0.168,0.219
henan_north,2006-06-02,0.166,0.19,0.167,0.219
henan_north,2006-06-03,0.157,0.186,0.167,0.219
henan_north,2006-06-04,0.152,0.182,0.166,0.219
henan_north,2006-06-05,0.145,0.177,0.166,0.219
henan_north,2006-06-06,0.14,0.173,0.165,0.218
henan_north,2006-06-07,0.137,0.169,0.164,0.218
henan_north,2006-06-08,0.133,0.165,0.164,0.218
henan_north,2006-06-09,0.13,0.161,0.163,0.218
henan_north,2006-06-10,0.129,0.157,0.162,0.218
henan_north,2006-06-11,0.127,0.154,0.161,0.218
henan_north,2006-06-12,0.126,0.152,0.16,0.218
henan_north,2006-06-13,0.138,0.149,0.16,0.218
henan_north,2006-06-14,0.278,0.153,0.159,0.218
henan_north,2006-06-15,0.237,0.156,0.159,0.217
henan_north,2006-06-16,0.205,0.155,0.158,0.217
henan_north,2006-06-17,0.181,0.153,0.158,0.217
henan_north,2006-06-18,0.164,0.151,0.157,0.217
henan_north,2006-06-19,0.151,0.148,0.156,0.217
henan_north,2006-06-20,0.141,0.146,0.156,0.217
henan_north,2006-06-21,0.147,0.145,0.155,0.217
henan_north,2006-06-22,0.197,0.145,0.155,0.217
henan_north,2006-06-23,0.235,0.147,0.155,0.217
henan_north,2006-06-24,0.209,0.147,0.154,0.217
henan_north,2006-06-25,0.187,0.146,0.154,0.216
henan_north,2006-06-26,0.179,0.145,0.153,0.216
henan_north,2006-06-27,0.164,0.144,0.153,0.216
henan_north,2006-06-28,0.182,0.143,0.152,0.216
henan_north,2006-06-29,0.308,0.202,0.152,0.216
henan_north,2006-06-30,0.264,0.209,0.152,0.216
henan_north,2006-07-01,0.239,0.206,0.152,0.216
henan_north,2006-07-02,0.321,0.215,0.152,0.216
henan_north,2006-07-03,0.407,0.351,0.154,0.216
henan_north,2006-07-04,0.37,0.365,0.161,0.216
henan_north,2006-07-05,0.34,0.342,0.165,0.216
henan_north,2006-07-06,0.32,0.324,0.167,0.216
henan_north,2006-07-07,0.312,0.311,0.169,0.216
henan_north,2006-07-08,0.288,0.297,0.17,0.216
henan_north,2006-07-09,0.268,0.283,0.17,0.216
henan_north,2006-07-10,0.262,0.272,0.17,0.215
henan_north,2006-07-11,0.244,0.261,0.17,0.215
henan_north,2006-07-12,0.229,0.25,0.17,0.215
henan_north,2006-07-13,0.221,0.24,0.169,0.215
henan_north,2006-07-14,0.262,0.233,0.169,0.215
henan_north,2006-07-15,0.247,0.227,0.168,0.215
henan_north,2006-07-16,0.242,0.222,0.168,0.215
henan_north,2006-07-17,0.239,0.219,0.168,0.215
henan_north,2006-07-18,0.222,0.213,0.168,0.215
henan_north,2006-07-19,0.256,0.209,0.167,0.215
henan_north,2006-07-20,0.245,0.207,0.167,0.215
henan_north,2006-07-21,0.231,0.204,0.166,0.215
henan_north,2006-07-22,0.217,0.201,0.166,0.215
henan_north,2006-07-23,0.205,0.197,0.166,0.215
henan_north,2006-07-24,0.189,0.192,0.165,0.215
henan_north,2006-07-25,0.18,0.187,0.165,0.215
henan_north,2006-07-26,0.17,0.182,0.164,0.214
henan_north,2006-07-27,0.159,0.177,0.163,0.214
henan_north,2006-07-28,0.165,0.174,0.163,0.214
henan_north,2006-07-29,0.283,0.174,0.163,0.214
henan_north,2006-07-30,0.338,0.236,0.162,0.214
henan_north,2006-07-31,0.299,0.241,0.162,0.214
henan_north,2006-08-01,0.311,0.243,0.162,0.214
henan_north,2006-08-02,0.288,0.241,0.162,0.214
henan_north,2006-08-03,0.332,0.244,0.162,0.214
henan_north,2006-08-04,0.36,0.285,0.162,0.214
henan_north,2006-08-05,0.346,0.295,0.163,0.214
henan_north,2006-08-06,0.355,0.312,0.164,0.214
henan_north,2006-08-07,0.365,0.323,0.166,0.214
henan_north,2006-08-08,0.337,0.317,0.168,0.214
henan_north,2006-08-09,0.314,0.306,0.169,0.214
henan_north,2006-08-10,0.295,0.294,0.169,0.214
henan_north,2006-08-11,0.275,0.282,0.17,0.214
henan_north,2006-08-12,0.255,0.27,0.17,0.214
henan_north,2006-08-13,0.239,0.259,0.169,0.213
henan_north,2006-08-14,0.25,0.252,0.169,0.213
henan_north,2006-08-15,0.252,0.247,0.169,0.213
henan_north,2006-08-16,0.234,0.239,0.169,0.213
henan_north,2006-08-17,0.211,0.228,0.169,0.213
henan_north,2006-08-18,0.19,0.217,0.168,0.213
henan_north,2006-08-19,0.174,0.207,0.167,0.213
henan_north,2006-08-20,0.162,0.197,0.166,0.213
henan_north,2006-08-21,0.155,0.192,0.165,0.213
henan_north,2006-08-22,0.152,0.188,0.165,0.213
henan_north,2006-08-23,0.147,0.182,0.164,0.213
henan_north,2006-08-24,0.144,0.177,0.164,0.213
henan_north,2006-08-25,0.181,0.174,0.163,0.212
henan_north,2006-08-26,0.342,0.2,0.163,0.212
henan_north,2006-08-27,0.287,0.212,0.163,0.212
henan_north,2006-08-28,0.323,0.217,0.163,0.212
henan_north,2006-08-29,0.36,0.265,0.163,0.212
henan_north,2006-08-30,0.317,0.274,0.163,0.212
henan_north,2006-08-31,0.381,0.298,0.164,0.212
henan_north,2006-09-01,0.359,0.319,0.165,0.212
henan_north,2006-09-02,0.337,0.317,0.167,0.212
henan_north,2006-09-03,0.317,0.308,0.168,0.212
henan_north,2006-09-04,0.331,0.302,0.169,0.212
henan_north,2006-09-05,0.344,0.309,0.17,0.212
henan_north,2006-09-06,0.31,0.301,0.171,0.212
henan_north,2006-09-07,0.294,0.292,0.171,0.212
henan_north,2006-09-08,0.286,0.286,0.172,0.212
henan_north,2006-09-09,0.266,0.275,0.172,0.212
henan_north,2006-09-10,0.248,0.265,0.172,0.212
henan_north,2006-09-11,0.233,0.256,0.172,0.212
henan_north,2006-09-12,0.22,0.247,0.172,0.212
henan_north,2006-09-13,0.209,0.24,0.172,0.212
henan_north,2006-09-14,0.203,0.234,0.171,0.212
henan_north,2006-09-15,0.197,0.229,0.171,0.212
henan_north,2006-09-16,0.188,0.222,0.171,0.212
henan_north,2006-09-17,0.179,0.216,0.17,0.212
henan_north,2006-09-18,0.17,0.209,0.17,0.211
henan_north,2006-09-19,0.163,0.204,0.169,0.211
henan_north,2006-09-20,0.174,0.198,0.169,0.211
henan_north,2006-09-21,0.222,0.195,0.168,0.211
henan_north,2006-09-22,0.209,0.193,0.168,0.211
henan_north,2006-09-23,0.197,0.19,0.168,0.211
henan_north,2006-09-24,0.189,0.187,0.167,0.211
henan_north,2006-09-25,0.181,0.185,0.167,0.211
henan_north,2006-09-26,0.197,0.184,0.167,0.211
henan_north,2006-09-27,0.284,0.186,0.167,0.211
henan_north,2006-09-28,0.328,0.212,0.167,0.211
henan_north,2006-09-29,0.287,0.219,0.167,0.211
henan_north,2006-09-30,0.274,0.22,0.167,0.211
henan_north,2006-10-01,0.256,0.219,0.166,0.211
henan_north,2006-10-02,0.238,0.216,0.166,0.211
henan_north,2006-10-03,0.224,0.213,0.166,0.211
henan_north,2006-10-04,0.214,0.21,0.166,0.211
henan_north,2006-10-05,0.203,0.206,0.166,0.211
henan_north,2006-10-06,0.194,0.203,0.165,0.211
henan_north,2006-10-07,0.186,0.2,0.165,0.211
henan_north,2006-10-08,0.18,0.197,0.165,0.211
henan_north,2006-10-09,0.173,0.194,0.165,0.211
henan_north,2006-10-10,0.167,0.191,0.164,0.211
henan_north,2006-10-11,0.162,0.189,0.164,0.211
henan_north,2006-10-12,0.159,0.187,0.164,0.211
henan_north,2006-10-13,0.155,0.185,0.164,0.21
henan_north,2006-10-14,0.152,0.183,0.164,0.21
henan_north,2006-10-15,0.149,0.18,0.163,0.21
henan_north,2006-10-16,0.149,0.179,0.163,0.21
henan_north,2006-10-17,0.15,0.178,0.163,0.21
henan_north,2006-10-18,0.148,0.177,0.163,0.21
henan_north,2006-10-19,0.147,0.176,0.163,0.21
henan_north,2006-10-20,0.145,0.174,0.163,0.21
henan_north,2006-10-21,0.152,0.173,0.163,0.21
henan_north,2006-10-22,0.154,0.173,0.163,0.21
henan_north,2006-10-23,0.15,0.171,0.162,0.21
henan_north,2006-10-24,0.156,0.17,0.162,0.21
henan_north,2006-10-25,0.155,0.169,0.162,0.21
henan_north,2006-10-26,0.152,0.168,0.162,0.21
henan_north,2006-10-27,0.15,0.168,0.162,0.21
henan_north,2006-10-28,0.148,0.166,0.162,0.21
henan_north,2006-10-29,0.145,0.165,0.162,0.21
henan_north,2006-10-30,0.143,0.164,0.161,0.21
henan_north,2006-10-31,0.141,0.163,0.161,0.21
henan_north,2006-11-01,0.139,0.162,0.161,0.21
henan_north,2006-11-02,0.138,0.161,0.161,0.21
henan_north,2006-11-03,0.136,0.16,0.161,0.21
henan_north,2006-11-04,0.135,0.159,0.161,0.21
henan_north,2006-11-05,0.134,0.158,0.16,0.21
henan_north,2006-11-06,0.133,0.158,0.16,0.21
henan_north,2006-11-07,0.132,0.157,0.16,0.21
henan_north,2006-11-08,0.131,0.156,0.16,0.21
henan_north,2006-11-09,0.131,0.155,0.16,0.21
henan_north,2006-11-10,0.13,0.155,0.16,0.21
henan_north,2006-11-11,0.129,0.154,0.16,0.21
henan_north,2006-11-12,0.129,0.154,0.16,0.21
henan_north,2006-11-13,0.129,0.153,0.159,0.21
henan_north,2006-11-14,0.128,0.153,0.159,0.21
henan_north,2006-11-15,0.129,0.152,0.159,0.21
henan_north,2006-11-16,0.138,0.152,0.159,0.209
henan_north,2006-11-17,0.137,0.152,0.159,0.209
henan_north,2006-11-18,0.138,0.151,0.159,0.209
henan_north,2006-11-19,0.151,0.151,0.159,0.209
henan_north,2006-11-20,0.151,0.151,0.159,0.209
henan_north,2006-11-21,0.149,0.151,0.159,0.209
henan_north,2006-11-22,0.173,0.15,0.159,0.209
henan_north,2006-11-23,0.29,0.156,0.159,0.209
henan_north,2006-11-24,0.28,0.165,0.159,0.209
henan_north,2006-11-25,0.34,0.181,0.159,0.209
henan_north,2006-11-26,0.338,0.211,0.159,0.209
henan_north,2006-11-27,0.341,0.234,0.159,0.209
henan_north,2006-11-28,0.306,0.245,0.159,0.209
henan_north,2006-11-29,0.288,0.247,0.159,0.209
henan_north,2006-11-30,0.277,0.247,0.16,0.209
henan_north,2006-12-01,0.268,0.247,0.16,0.209
henan_north,2006-12-02,0.261,0.246,0.16,0.209
henan_north,2006-12-03,0.256,0.244,0.16,0.209
henan_north,2006-12-04,0.252,0.243,0.16,0.209
henan_north,2006-12-05,0.248,0.242,0.161,0.209
henan_north,2006-12-06,0.245,0.241,0.161,0.209
henan_north,2006-12-07,0.245,0.24,0.161,0.209
henan_north,2006-12-08,0.242,0.239,0.161,0.209
henan_north,2006-12-09,0.24,0.238,0.161,0.209
henan_north,2006-12-10,0.238,0.237,0.162,0.209
henan_north,2006-12-11,0.235,0.236,0.162,0.209
henan_north,2006-12-12,0.232,0.234,0.162,0.209
henan_north,2006-12-13,0.229,0.233,0.162,0.209
henan_north,2006-12-14,0.226,0.231,0.162,0.209
henan_north,2006-12-15,0.223,0.23,0.162,0.209
henan_north,2006-12-16,0.22,0.228,0.162,0.209
henan_north,2006-12-17,0.217,0.226,0.162,0.209
henan_north,2006-12-18,0.215,0.225,0.162,0.209
henan_north,2006-12-19,0.213,0.224,0.163,0.209
henan_north,2006-12-20,0.211,0.223,0.163,0.209
henan_north,2006-12-21,0.21,0.221,0.163,0.209
henan_north,2006-12-22,0.208,0.22,0.163,0.209
henan_north,2006-12-23,0.207,0.219,0.163,0.209
henan_north,2006-12-24,0.206,0.218,0.163,0.209
henan_north,2006-12-25,0.205,0.217,0.163,0.209
henan_north,2006-12-26,0.204,0.216,0.163,0.209
henan_north,2006-12-27,0.202,0.215,0.163,0.209
henan_north,2006-12-28,0.201,0.214,0.163,0.209
henan_north,2006-12-29,0.201,0.213,0.163,0.209
henan_north,2006-12-30,0.2,0.212,0.163,0.209
henan_north,2006-12-31,0.201,0.212,0.163,0.209
henan_north,2007-01-01,0.202,0.211,0.163,0.209
henan_north,2007-01-02,0.203,0.211,0.163,0.209
henan_north,2007-01-03,0.203,0.21,0.163,0.209
henan_north,2007-01-04,0.203,0.209,0.163,0.209
henan_north,2007-01-05,0.203,0.208,0.163,0.209
henan_north,2007-01-06,0.202,0.207,0.163,0.209
henan_north,2007-01-07,0.201,0.207,0.164,0.209
henan_north,2007-01-08,0.201,0.206,0.164,0.209
henan_north,2007-01-09,0.201,0.206,0.164,0.209
henan_north,2007-01-10,0.2,0.205,0.164,0.209
henan_north,2007-01-11,0.198,0.205,0.164,0.209
henan_north,2007-01-12,0.197,0.204,0.164,0.209
henan_north,2007-01-13,0.196,0.203,0.164,0.209
henan_north,2007-01-14,0.196,0.203,0.164,0.209
henan_north,2007-01-15,0.195,0.202,0.164,0.209
henan_north,2007-01-16,0.194,0.202,0.164,0.209
henan_north,2007-01-17,0.193,0.201,0.164,0.209
henan_north,2007-01-18,0.192,0.2,0.164,0.209
henan_north,2007-01-19,0.19,0.2,0.164,0.209
henan_north,2007-01-20,0.189,0.199,0.164,0.209
henan_north,2007-01-21,0.188,0.198,0.164,0.209
henan_north,2007-01-22,0.186,0.197,0.164,0.209
henan_north,2007-01-23,0.184,0.197,0.164,0.209
henan_north,2007-01-24,0.183,0.196,0.164,0.209
henan_north,2007-01-25,0.181,0.195,0.164,0.209
henan_north,2007-01-26,0.178,0.194,0.164,0.209
henan_north,2007-01-27,0.176,0.193,0.164,0.209
henan_north,2007-01-28,0.175,0.192,0.164,0.208
henan_north,2007-01-29,0.173,0.191,0.164,0.208
henan_north,2007-01-30,0.171,0.19,0.164,0.208
henan_north,2007-01-31,0.169,0.189,0.164,0.208
henan_north,2007-02-01,0.169,0.188,0.164,0.208
henan_north,2007-02-02,0.167,0.188,0.164,0.208
henan_north,2007-02-03,0.165,0.187,0.163,0.208
henan_north,2007-02-04,0.164,0.186,0.163,0.208
henan_north,2007-02-05,0.162,0.185,0.163,0.208
henan_north,2007-02-06,0.16,0.183,0.163,0.208
henan_north,2007-02-07,0.189,0.183,0.163,0.208
henan_north,2007-02-08,0.211,0.183,0.163,0.208
henan_north,2007-02-09,0.206,0.182,0.163,0.208
henan_north,2007-02-10,0.2,0.182,0.163,0.208
henan_north,2007-02-11,0.195,0.181,0.163,0.208
henan_north,2007-02-12,0.191,0.181,0.163,0.208
henan_north,2007-02-13,0.188,0.18,0.163,0.208
henan_north,2007-02-14,0.182,0.179,0.163,0.208
henan_north,2007-02-15,0.179,0.178,0.163,0.208
henan_north,2007-02-16,0.177,0.177,0.163,0.208
henan_north,2007-02-17,0.177,0.177,0.163,0.208
henan_north,2007-02-18,0.174,0.176,0.162,0.208
henan_north,2007-02-19,0.171,0.175,0.162,0.208
henan_north,2007-02-20,0.168,0.174,0.162,0.208
henan_north,2007-02-21,0.165,0.174,0.162,0.208
henan_north,2007-02-22,0.162,0.172,0.162,0.208
henan_north,2007-02-23,0.158,0.171,0.162,0.208
henan_north,2007-02-24,0.167,0.171,0.162,0.208
henan_north,2007-02-25,0.165,0.17,0.162,0.208
henan_north,2007-02-26,0.162,0.169,0.162,0.208
henan_north,2007-02-27,0.159,0.168,0.161,0.208
henan_north,2007-02-28,0.197,0.168,0.161,0.208
henan_north,2007-03-01,0.261,0.17,0.161,0.208
henan_north,2007-03-02,0.255,0.173,0.161,0.208
henan_north,2007-03-03,0.395,0.258,0.161,0.208
henan_north,2007-03-04,0.371,0.351,0.164,0.208
henan_north,2007-03-05,0.351,0.342,0.168,0.208
henan_north,2007-03-06,0.336,0.332,0.17,0.208
henan_north,2007-03-07,0.325,0.323,0.172,0.208
henan_north,2007-03-08,0.315,0.315,0.174,0.208
henan_north,2007-03-09,0.306,0.307,0.175,0.208
henan_north,2007-03-10,0.295,0.3,0.176,0.208
henan_north,2007-03-11,0.286,0.293,0.177,0.208
henan_north,2007-03-12,0.28,0.287,0.177,0.208
henan_north,2007-03-13,0.275,0.282,0.178,0.208
henan_north,2007-03-14,0.278,0.278,0.178,0.208
henan_north,2007-03-15,0.29,0.276,0.179,0.208
henan_north,2007-03-16,0.348,0.282,0.179,0.208
henan_north,2007-03-17,0.325,0.289,0.18,0.208
henan_north,2007-03-18,0.308,0.288,0.18,0.208
henan_north,2007-03-19,0.295,0.284,0.181,0.208
henan_north,2007-03-20,0.282,0.279,0.181,0.208
henan_north,2007-03-21,0.271,0.274,0.181,0.208
henan_north,2007-03-22,0.261,0.268,0.181,0.208
henan_north,2007-03-23,0.252,0.263,0.181,0.207
henan_north,2007-03-24,0.243,0.257,0.181,0.207
henan_north,2007-03-25,0.232,0.251,0.181,0.207
henan_north,2007-03-26,0.222,0.244,0.181,0.207
henan_north,2007-03-27,0.211,0.238,0.181,0.207
henan_north,2007-03-28,0.203,0.232,0.18,0.207
henan_north,2007-03-29,0.194,0.226,0.18,0.207
henan_north,2007-03-30,0.188,0.222,0.179,0.207
henan_north,2007-03-31,0.186,0.218,0.179,0.207
henan_north,2007-04-01,0.181,0.214,0.179,0.207
henan_north,2007-04-02,0.176,0.21,0.179,0.207
henan_north,2007-04-03,0.17,0.205,0.178,0.207
henan_north,2007-04-04,0.164,0.201,0.178,0.207
henan_north,2007-04-05,0.16,0.197,0.177,0.207
henan_north,2007-04-06,0.156,0.193,0.177,0.207
henan_north,2007-04-07,0.152,0.189,0.176,0.207
henan_north,2007-04-08,0.148,0.185,0.175,0.207
henan_north,2007-04-09,0.145,0.181,0.175,0.207
henan_north,2007-04-10,0.142,0.178,0.174,0.207
henan_north,2007-04-11,0.14,0.175,0.174,0.207
henan_north,2007-04-12,0.139,0.172,0.173,0.207
henan_north,2007-04-13,0.138,0.17,0.173,0.207
henan_north,2007-04-14,0.136,0.168,0.172,0.206
henan_north,2007-04-15,0.152,0.165,0.172,0.206
henan_north,2007-04-16,0.163,0.164,0.171,0.206
henan_north,2007-04-17,0.157,0.162,0.171,0.206
henan_north,2007-04-18,0.151,0.16,0.17,0.206
henan_north,2007-04-19,0.146,0.157,0.169,0.206
henan_north,2007-04-20,0.142,0.155,0.169,0.206
henan_north,2007-04-21,0.139,0.154,0.168,0.206
henan_north,2007-04-22,0.136,0.152,0.167,0.206
henan_north,2007-04-23,0.134,0.151,0.167,0.206
henan_north,2007-04-24,0.132,0.149,0.166,0.206
henan_north,2007-04-25,0.131,0.147,0.166,0.206
henan_north,2007-04-26,0.129,0.146,0.165,0.206
henan_north,2007-04-27,0.128,0.145,0.164,0.206
henan_north,2007-04-28,0.127,0.144,0.164,0.206
henan_north,2007-04-29,0.126,0.143,0.163,0.205
henan_north,2007-04-30,0.127,0.142,0.162,0.205
henan_north,2007-05-01,0.138,0.141,0.162,0.205
henan_north,2007-05-02,0.134,0.14,0.161,0.205
henan_north,2007-05-03,0.132,0.139,0.16,0.205
henan_north,2007-05-04,0.13,0.138,0.16,0.205
henan_north,2007-05-05,0.128,0.138,0.159,0.205
henan_north,2007-05-06,0.127,0.137,0.158,0.205
henan_north,2007-05-07,0.126,0.137,0.157,0.205
henan_north,2007-05-08,0.124,0.136,0.157,0.205
henan_north,2007-05-09,0.123,0.136,0.156,0.204
henan_north,2007-05-10,0.123,0.135,0.156,0.204
henan_north,2007-05-11,0.142,0.135,0.155,0.204
henan_north,2007-05-12,0.14,0.135,0.155,0.204
henan_north,2007-05-13,0.135,0.135,0.154,0.204
henan_north,2007-05-14,0.132,0.135,0.153,0.204
henan_north,2007-05-15,0.13,0.134,0.153,0.204
henan_north,2007-05-16,0.128,0.134,0.152,0.204
henan_north,2007-05-17,0.126,0.134,0.152,0.204
henan_north,2007-05-18,0.125,0.134,0.151,0.204
henan_north,2007-05-19,0.124,0.134,0.151,0.203
henan_north,2007-05-20,0.123,0.133,0.15,0.203
henan_north,2007-05-21,0.125,0.133,0.15,0.203
henan_north,2007-05-22,0.229,0.135,0.15,0.203
henan_north,2007-05-23,0.33,0.171,0.149,0.203
henan_north,2007-05-24,0.278,0.182,0.149,0.203
henan_north,2007-05-25,0.236,0.18,0.149,0.203
henan_north,2007-05-26,0.207,0.176,0.149,0.203
henan_north,2007-05-27,0.185,0.172,0.148,0.203
henan_north,2007-05-28,0.168,0.167,0.148,0.203
henan_north,2007-05-29,0.156,0.163,0.148,0.203
henan_north,2007-05-30,0.217,0.162,0.147,0.203
henan_north,2007-05-31,0.337,0.276,0.147,0.203
henan_north,2007-06-01,0.302,0.279,0.148,0.203
henan_north,2007-06-02,0.276,0.271,0.149,0.203
henan_north,2007-06-03,0.255,0.262,0.149,0.202
henan_north,2007-06-04,0.236,0.253,0.149,0.202
henan_north,2007-06-05,0.221,0.244,0.149,0.202
henan_north,2007-06-06,0.205,0.234,0.149,0.202
henan_north,2007-06-07,0.189,0.225,0.149,0.202
henan_north,2007-06-08,0.176,0.215,0.149,0.202
henan_north,2007-06-09,0.164,0.206,0.149,0.202
henan_north,2007-06-10,0.155,0.2,0.148,0.202
henan_north,2007-06-11,0.149,0.194,0.148,0.202
henan_north,2007-06-12,0.144,0.187,0.148,0.202
henan_north,2007-06-13,0.144,0.182,0.148,0.202
henan_north,2007-06-14,0.153,0.178,0.147,0.202
henan_north,2007-06-15,0.146,0.174,0.147,0.202
henan_north,2007-06-16,0.14,0.17,0.147,0.202
henan_north,2007-06-17,0.136,0.166,0.147,0.201
henan_north,2007-06-18,0.143,0.164,0.146,0.201
henan_north,2007-06-19,0.356,0.19,0.146,0.201
henan_north,2007-06-20,0.334,0.226,0.147,0.201
henan_north,2007-06-21,0.331,0.241,0.147,0.201
henan_north,2007-06-22,0.337,0.251,0.147,0.201
henan_north,2007-06-23,0.309,0.258,0.147,0.201
henan_north,2007-06-24,0.272,0.251,0.147,0.201
henan_north,2007-06-25,0.245,0.242,0.147,0.201
henan_north,2007-06-26,0.226,0.234,0.147,0.201
henan_north,2007-06-27,0.233,0.229,0.147,0.201
henan_north,2007-06-28,0.224,0.222,0.147,0.201
henan_north,2007-06-29,0.239,0.215,0.147,0.201
henan_north,2007-06-30,0.387,0.295,0.148,0.201
henan_north,2007-07-01,0.337,0.312,0.149,0.201
henan_north,2007-07-02,0.303,0.299,0.15,0.201
henan_north,2007-07-03,0.277,0.286,0.151,0.201
henan_north,2007-07-04,0.257,0.273,0.152,0.201
henan_north,2007-07-05,0.306,0.269,0.152,0.201
henan_north,2007-07-06,0.373,0.293,0.153,0.201
henan_north,2007-07-07,0.333,0.302,0.154,0.201
henan_north,2007-07-08,0.306,0.295,0.155,0.201
henan_north,2007-07-09,0.285,0.285,0.156,0.201
henan_north,2007-07-10,0.259,0.272,0.156,0.201
henan_north,2007-07-11,0.237,0.258,0.156,0.201
henan_north,2007-07-12,0.261,0.249,0.156,0.2
henan_north,2007-07-13,0.353,0.266,0.156,0.2
henan_north,2007-07-14,0.355,0.288,0.157,0.2
henan_north,2007-07-15,0.351,0.309,0.158,0.2
henan_north,2007-07-16,0.311,0.3,0.159,0.2
henan_north,2007-07-17,0.294,0.289,0.16,0.2
henan_north,2007-07-18,0.305,0.282,0.16,0.2
henan_north,2007-07-19,0.384,0.314,0.161,0.2
henan_north,2007-07-20,0.357,0.325,0.163,0.2
henan_north,2007-07-21,0.341,0.323,0.165,0.2
henan_north,2007-07-22,0.314,0.311,0.167,0.2
henan_north,2007-07-23,0.292,0.298,0.167,0.2
henan_north,2007-07-24,0.272,0.286,0.168,0.2
henan_north,2007-07-25,0.261,0.275,0.168,0.2
henan_north,2007-07-26,0.249,0.265,0.168,0.2
henan_north,2007-07-27,0.272,0.263,0.168,0.2
henan_north,2007-07-28,0.379,0.319,0.169,0.2
henan_north,2007-07-29,0.379,0.353,0.172,0.2
henan_north,2007-07-30,0.378,0.349,0.175,0.2
henan_north,2007-07-31,0.379,0.368,0.18,0.2
henan_north,2007-08-01,0.341,0.345,0.184,0.2
henan_north,2007-08-02,0.354,0.332,0.186,0.2
henan_north,2007-08-03,0.344,0.329,0.187,0.2
henan_north,2007-08-04,0.311,0.314,0.188,0.2
henan_north,2007-08-05,0.287,0.299,0.189,0.2
henan_north,2007-08-06,0.337,0.31,0.189,0.2
henan_north,2007-08-07,0.378,0.345,0.191,0.2
henan_north,2007-08-08,0.351,0.341,0.194,0.2
henan_north,2007-08-09,0.334,0.329,0.196,0.2
henan_north,2007-08-10,0.401,0.375,0.199,0.2
henan_north,2007-08-11,0.364,0.365,0.206,0.2
henan_north,2007-08-12,0.335,0.341,0.208,0.2
henan_north,2007-08-13,0.315,0.324,0.209,0.199
henan_north,2007-08-14,0.294,0.309,0.209,0.199
henan_north,2007-08-15,0.28,0.295,0.209,0.199
henan_north,2007-08-16,0.279,0.285,0.209,0.199
henan_north,2007-08-17,0.265,0.275,0.209,0.199
henan_north,2007-08-18,0.248,0.266,0.208,0.199
henan_north,2007-08-19,0.231,0.256,0.207,0.199
henan_north,2007-08-20,0.215,0.245,0.206,0.199
henan_north,2007-08-21,0.203,0.236,0.205,0.199
henan_north,2007-08-22,0.201,0.228,0.204,0.199
henan_north,2007-08-23,0.19,0.221,0.203,0.199
henan_north,2007-08-24,0.18,0.214,0.202,0.199
henan_north,2007-08-25,0.207,0.209,0.201,0.199
henan_north,2007-08-26,0.236,0.207,0.2,0.199
henan_north,2007-08-27,0.227,0.204,0.2,0.199
henan_north,2007-08-28,0.211,0.2,0.199,0.199
henan_north,2007-08-29,0.199,0.197,0.198,0.199
henan_north,2007-08-30,0.298,0.201,0.198,0.199
henan_north,2007-08-31,0.368,0.239,0.198,0.199
henan_north,2007-09-01,0.318,0.263,0.198,0.199
henan_north,2007-09-02,0.283,0.259,0.197,0.199
henan_north,2007-09-03,0.273,0.254,0.197,0.199
henan_north,2007-09-04,0.313,0.255,0.196,0.199
henan_north,2007-09-05,0.282,0.252,0.196,0.199
henan_north,2007-09-06,0.259,0.247,0.195,0.199
henan_north,2007-09-07,0.241,0.24,0.195,0.199
henan_north,2007-09-08,0.229,0.235,0.194,0.199
henan_north,2007-09-09,0.214,0.229,0.194,0.199
henan_north,2007-09-10,0.2,0.222,0.193,0.198
henan_north,2007-09-11,0.189,0.215,0.192,0.198
henan_north,2007-09-12,0.181,0.211,0.191,0.198
henan_north,2007-09-13,0.185,0.208,0.191,0.198
henan_north,2007-09-14,0.196,0.205,0.19,0.198
henan_north,2007-09-15,0.194,0.202,0.19,0.198
henan_north,2007-09-16,0.184,0.197,0.189,0.198
henan_north,2007-09-17,0.177,0.193,0.188,0.198
henan_north,2007-09-18,0.169,0.19,0.188,0.198
henan_north,2007-09-19,0.16,0.185,0.187,0.198
henan_north,2007-09-20,0.153,0.181,0.186,0.198
henan_north,2007-09-21,0.148,0.177,0.185,0.198
henan_north,2007-09-22,0.143,0.174,0.184,0.198
henan_north,2007-09-23,0.139,0.171,0.183,0.198
henan_north,2007-09-24,0.137,0.168,0.182,0.198
henan_north,2007-09-25,0.135,0.165,0.182,0.198
henan_north,2007-09-26,0.134,0.164,0.181,0.198
henan_north,2007-09-27,0.201,0.163,0.181,0.198
henan_north,2007-09-28,0.235,0.164,0.181,0.198
henan_north,2007-09-29,0.235,0.166,0.181,0.198
henan_north,2007-09-30,0.246,0.168,0.181,0.198
henan_north,2007-10-01,0.261,0.171,0.18,0.198
henan_north,2007-10-02,0.25,0.174,0.18,0.198
henan_north,2007-10-03,0.235,0.174,0.18,0.198
henan_north,2007-10-04,0.226,0.175,0.18,0.198
henan_north,2007-10-05,0.222,0.175,0.18,0.198
henan_north,2007-10-06,0.221,0.176,0.18,0.198
henan_north,2007-10-07,0.25,0.177,0.179,0.198
henan_north,2007-10-08,0.236,0.178,0.179,0.198
henan_north,2007-10-09,0.222,0.178,0.179,0.198
henan_north,2007-10-10,0.213,0.178,0.179,0.198
henan_north,2007-10-11,0.222,0.178,0.179,0.198
henan_north,2007-10-12,0.223,0.179,0.179,0.198
henan_north,2007-10-13,0.222,0.18,0.179,0.198
henan_north,2007-10-14,0.215,0.18,0.178,0.198
henan_north,2007-10-15,0.207,0.179,0.178,0.198
henan_north,2007-10-16,0.199,0.178,0.178,0.198
henan_north,2007-10-17,0.191,0.177,0.178,0.197
henan_north,2007-10-18,0.184,0.176,0.177,0.197
henan_north,2007-10-19,0.178,0.175,0.177,0.197
henan_north,2007-10-20,0.173,0.174,0.177,0.197
henan_north,2007-10-21,0.168,0.173,0.177,0.197
henan_north,2007-10-22,0.163,0.172,0.176,0.197
henan_north,2007-10-23,0.16,0.171,0.176,0.197
henan_north,2007-10-24,0.158,0.17,0.176,0.197
henan_north,2007-10-25,0.155,0.169,0.176,0.197
henan_north,2007-10-26,0.152,0.168,0.175,0.197
henan_north,2007-10-27,0.152,0.167,0.175,0.197
henan_north,2007-10-28,0.17,0.166,0.175,0.197
henan_north,2007-10-29,0.167,0.166,0.175,0.197
henan_north,2007-10-30,0.164,0.165,0.175,0.197
henan_north,2007-10-31,0.161,0.165,0.175,0.197
henan_north,2007-11-01,0.158,0.164,0.174,0.197
henan_north,2007-11-02,0.155,0.163,0.174,0.197
henan_north,2007-11-03,0.152,0.163,0.174,0.197
henan_north,2007-11-04,0.15,0.162,0.174,0.197
henan_north,2007-11-05,0.148,0.161,0.174,0.197
henan_north,2007-11-06,0.147,0.161,0.174,0.197
henan_north,2007-11-07,0.145,0.16,0.173,0.197
henan_north,2007-11-08,0.144,0.16,0.173,0.197
henan_north,2007-11-09,0.142,0.159,0.173,0.197
henan_north,2007-11-10,0.141,0.159,0.173,0.197
henan_north,2007-11-11,0.14,0.158,0.173,0.197
henan_north,2007-11-12,0.139,0.158,0.173,0.197
henan_north,2007-11-13,0.138,0.157,0.172,0.197
henan_north,2007-11-14,0.138,0.157,0.172,0.197
henan_north,2007-11-15,0.149,0.157,0.172,0.197
henan_north,2007-11-16,0.182,0.157,0.172,0.197
henan_north,2007-11-17,0.18,0.157,0.172,0.197
henan_north,2007-11-18,0.176,0.156,0.172,0.197
henan_north,2007-11-19,0.173,0.156,0.172,0.197
henan_north,2007-11-20,0.17,0.156,0.172,0.197
henan_north,2007-11-21,0.166,0.156,0.172,0.197
henan_north,2007-11-22,0.164,0.155,0.171,0.197
henan_north,2007-11-23,0.161,0.155,0.171,0.197
henan_north,2007-11-24,0.16,0.155,0.171,0.197
henan_north,2007-11-25,0.158,0.155,0.171,0.197
henan_north,2007-11-26,0.156,0.154,0.171,0.197
henan_north,2007-11-27,0.154,0.154,0.171,0.197
henan_north,2007-11-28,0.153,0.154,0.171,0.197
henan_north,2007-11-29,0.151,0.153,0.171,0.197
henan_north,2007-11-30,0.15,0.153,0.171,0.197
henan_north,2007-12-01,0.152,0.153,0.17,0.197
henan_north,2007-12-02,0.189,0.153,0.17,0.197
henan_north,2007-12-03,0.195,0.153,0.17,0.197
henan_north,2007-12-04,0.191,0.154,0.17,0.197
henan_north,2007-12-05,0.188,0.154,0.17,0.197
henan_north,2007-12-06,0.185,0.154,0.17,0.197
henan_north,2007-12-07,0.182,0.154,0.17,0.197
henan_north,2007-12-08,0.18,0.154,0.17,0.197
henan_north,2007-12-09,0.178,0.154,0.17,0.197
henan_north,2007-12-10,0.175,0.154,0.17,0.197
henan_north,2007-12-11,0.175,0.154,0.17,0.197
henan_north,2007-12-12,0.176,0.154,0.17,0.197
henan_north,2007-12-13,0.174,0.154,0.17,0.197
henan_north,2007-12-14,0.172,0.154,0.17,0.197
henan_north,2007-12-15,0.17,0.154,0.169,0.197
henan_north,2007-12-16,0.168,0.154,0.169,0.197
henan_north,2007-12-17,0.167,0.154,0.169,0.197
henan_north,2007-12-18,0.165,0.154,0.169,0.197
henan_north,2007-12-19,0.164,0.154,0.169,0.197
henan_north,2007-12-20,0.162,0.153,0.169,0.197
henan_north,2007-12-21,0.161,0.153,0.169,0.197
henan_north,2007-12-22,0.16,0.153,0.169,0.197
henan_north,2007-12-23,0.16,0.153,0.169,0.197
henan_north,2007-12-24,0.159,0.153,0.169,0.197
henan_north,2007-12-25,0.159,0.153,0.169,0.197
henan_north,2007-12-26,0.158,0.153,0.169,0.197
henan_north,2007-12-27,0.158,0.153,0.169,0.197
henan_north,2007-12-28,0.158,0.153,0.169,0.197
henan_north,2007-12-29,0.156,0.153,0.169,0.197
henan_north,2007-12-30,0.156,0.153,0.169,0.197
henan_north,2007-12-31,0.155,0.152,0.169,0.197
henan_north,2008-01-01,0.154,0.152,0.169,0.197
henan_north,2008-01-02,0.154,0.152,0.168,0.197
henan_north,2008-01-03,0.154,0.152,0.168,0.197
henan_north,2008-01-04,0.153,0.152,0.168,0.197
henan_north,2008-01-05,0.152,0.152,0.168,0.197
henan_north,2008-01-06,0.151,0.152,0.168,0.197
henan_north,2008-01-07,0.151,0.152,0.168,0.196
henan_north,2008-01-08,0.149,0.152,0.168,0.196
henan_north,2008-01-09,0.148,0.151,0.168,0.196
henan_north,2008-01-10,0.148,0.151,0.168,0.196
henan_north,2008-01-11,0.148,0.151,0.168,0.196
henan_north,2008-01-12,0.149,0.151,0.168,0.196
henan_north,2008-01-13,0.148,0.151,0.168,0.196
henan_north,2008-01-14,0.149,0.151,0.168,0.196
henan_north,2008-01-15,0.15,0.151,0.168,0.196
henan_north,2008-01-16,0.152,0.151,0.168,0.196
henan_north,2008-01-17,0.153,0.151,0.168,0.196
henan_north,2008-01-18,0.155,0.151,0.168,0.196
henan_north,2008-01-19,0.158,0.151,0.168,0.196
henan_north,2008-01-20,0.158,0.151,0.168,0.196
henan_north,2008-01-21,0.158,0.151,0.168,0.196
henan_north,2008-01-22,0.163,0.151,0.168,0.196
henan_north,2008-01-23,0.17,0.152,0.168,0.196
henan_north,2008-01-24,0.171,0.152,0.168,0.196
henan_north,2008-01-25,0.174,0.152,0.168,0.196
henan_north,2008-01-26,0.177,0.152,0.168,0.196
henan_north,2008-01-27,0.185,0.152,0.168,0.196
henan_north,2008-01-28,0.198,0.153,0.168,0.196
henan_north,2008-01-29,0.214,0.153,0.168,0.196
henan_north,2008-01-30,0.222,0.155,0.168,0.196
henan_north,2008-01-31,0.224,0.156,0.168,0.196
henan_north,2008-02-01,0.227,0.157,0.168,0.196
henan_north,2008-02-02,0.228,0.158,0.168,0.196
henan_north,2008-02-03,0.229,0.16,0.168,0.196
henan_north,2008-02-04,0.229,0.161,0.168,0.196
henan_north,2008-02-05,0.226,0.163,0.168,0.196
henan_north,2008-02-06,0.222,0.164,0.168,0.196
henan_north,2008-02-07,0.218,0.165,0.168,0.196
henan_north,2008-02-08,0.215,0.165,0.168,0.196
henan_north,2008-02-09,0.211,0.166,0.168,0.196
henan_north,2008-02-10,0.208,0.166,0.168,0.196
henan_north,2008-02-11,0.204,0.167,0.168,0.196
henan_north,2008-02-12,0.201,0.167,0.168,0.196
henan_north,2008-02-13,0.198,0.167,0.167,0.196
henan_north,2008-02-14,0.195,0.167,0.167,0.196
henan_north,2008-02-15,0.192,0.167,0.167,0.196
henan_north,2008-02-16,0.188,0.167,0.167,0.196
henan_north,2008-02-17,0.185,0.166,0.167,0.196
henan_north,2008-02-18,0.182,0.166,0.167,0.196
henan_north,2008-02-19,0.179,0.166,0.167,0.196
henan_north,2008-02-20,0.175,0.165,0.167,0.196
henan_north,2008-02-21,0.172,0.165,0.167,0.196
henan_north,2008-02-22,0.169,0.164,0.167,0.196
henan_north,2008-02-23,0.166,0.164,0.166,0.196
henan_north,2008-02-24,0.164,0.163,0.166,0.196
henan_north,2008-02-25,0.166,0.163,0.166,0.196
henan_north,2008-02-26,0.173,0.163,0.166,0.196
henan_north,2008-02-27,0.181,0.162,0.166,0.196
henan_north,2008-02-28,0.191,0.162,0.166,0.196
henan_north,2008-02-29,0.194,0.161,0.166,0.196
henan_north,2008-03-01,0.191,0.161,0.166,0.196
henan_north,2008-03-02,0.185,0.16,0.165,0.196
henan_north,2008-03-03,0.18,0.16,0.165,0.196
henan_north,2008-03-04,0.175,0.159,0.165,0.196
henan_north,2008-03-05,0.17,0.158,0.165,0.196
henan_north,2008-03-06,0.166,0.158,0.165,0.196
henan_north,2008-03-07,0.162,0.157,0.164,0.196
henan_north,2008-03-08,0.159,0.156,0.164,0.196
henan_north,2008-03-09,0.156,0.156,0.164,0.196
henan_north,2008-03-10,0.152,0.155,0.164,0.196
henan_north,2008-03-11,0.148,0.153,0.163,0.196
henan_north,2008-03-12,0.145,0.152,0.163,0.196
henan_north,2008-03-13,0.143,0.152,0.163,0.196
henan_north,2008-03-14,0.141,0.151,0.163,0.196
henan_north,2008-03-15,0.139,0.15,0.162,0.196
henan_north,2008-03-16,0.137,0.149,0.162,0.196
henan_north,2008-03-17,0.136,0.149,0.162,0.196
henan_north,2008-03-18,0.139,0.148,0.161,0.196
henan_north,2008-03-19,0.144,0.147,0.161,0.196
henan_north,2008-03-20,0.142,0.147,0.161,0.195
henan_north,2008-03-21,0.153,0.146,0.161,0.195
henan_north,2008-03-22,0.149,0.146,0.16,0.195
henan_north,2008-03-23,0.145,0.145,0.16,0.195
henan_north,2008-03-24,0.141,0.144,0.16,0.195
henan_north,2008-03-25,0.139,0.143,0.159,0.195
henan_north,2008-03-26,0.136,0.143,0.159,0.195
henan_north,2008-03-27,0.135,0.142,0.159,0.195
henan_north,2008-03-28,0.133,0.142,0.158,0.195
henan_north,2008-03-29,0.136,0.141,0.158,0.195
henan_north,2008-03-30,0.135,0.141,0.158,0.195
henan_north,2008-03-31,0.134,0.141,0.158,0.195
henan_north,2008-04-01,0.133,0.14,0.157,0.195
henan_north,2008-04-02,0.132,0.14,0.157,0.195
henan_north,2008-04-03,0.13,0.139,0.157,0.195
henan_north,2008-04-04,0.129,0.139,0.156,0.195
henan_north,2008-04-05,0.129,0.139,0.156,0.195
henan_north,2008-04-06,0.128,0.138,0.156,0.195
henan_north,2008-04-07,0.127,0.138,0.155,0.195
henan_north,2008-04-08,0.272,0.145,0.155,0.195
henan_north,2008-04-09,0.328,0.19,0.155,0.195
henan_north,2008-04-10,0.283,0.199,0.155,0.195
henan_north,2008-04-11,0.275,0.201,0.155,0.195
henan_north,2008-04-12,0.264,0.202,0.155,0.195
henan_north,2008-04-13,0.244,0.202,0.154,0.195
henan_north,2008-04-14,0.227,0.199,0.154,0.195
henan_north,2008-04-15,0.215,0.196,0.154,0.194
henan_north,2008-04-16,0.202,0.192,0.154,0.194
henan_north,2008-04-17,0.189,0.188,0.154,0.194
henan_north,2008-04-18,0.18,0.185,0.153,0.194
henan_north,2008-04-19,0.342,0.197,0.153,0.194
henan_north,2008-04-20,0.35,0.25,0.153,0.194
henan_north,2008-04-21,0.306,0.258,0.154,0.194
henan_north,2008-04-22,0.281,0.255,0.154,0.194
henan_north,2008-04-23,0.257,0.248,0.154,0.194
henan_north,2008-04-24,0.237,0.24,0.154,0.194
henan_north,2008-04-25,0.217,0.232,0.154,0.194
henan_north,2008-04-26,0.201,0.223,0.154,0.194
henan_north,2008-04-27,0.189,0.216,0.153,0.194
henan_north,2008-04-28,0.178,0.21,0.153,0.194
henan_north,2008-04-29,0.168,0.203,0.153,0.194
henan_north,2008-04-30,0.16,0.196,0.152,0.194
henan_north,2008-05-01,0.152,0.189,0.152,0.194
henan_north,2008-05-02,0.146,0.183,0.152,0.194
henan_north,2008-05-03,0.213,0.181,0.151,0.194
henan_north,2008-05-04,0.305,0.196,0.151,0.194
henan_north,2008-05-05,0.26,0.197,0.151,0.194
henan_north,2008-05-06,0.231,0.193,0.151,0.194
henan_north,2008-05-07,0.211,0.19,0.151,0.193
henan_north,2008-05-08,0.202,0.187,0.15,0.193
henan_north,2008-05-09,0.195,0.185,0.15,0.193
henan_north,2008-05-10,0.185,0.181,0.15,0.193
henan_north,2008-05-11,0.182,0.178,0.15,0.193
henan_north,2008-05-12,0.18,0.176,0.15,0.193
henan_north,2008-05-13,0.169,0.172,0.149,0.193
henan_north,2008-05-14,0.159,0.169,0.149,0.193
henan_north,2008-05-15,0.151,0.165,0.149,0.193
henan_north,2008-05-16,0.149,0.162,0.148,0.193
henan_north,2008-05-17,0.215,0.161,0.148,0.193
henan_north,2008-05-18,0.322,0.22,0.148,0.193
henan_north,2008-05-19,0.273,0.222,0.148,0.193
henan_north,2008-05-20,0.24,0.215,0.148,0.193
henan_north,2008-05-21,0.213,0.208,0.148,0.193
henan_north,2008-05-22,0.192,0.2,0.147,0.193
henan_north,2008-05-23,0.177,0.193,0.147,0.193
henan_north,2008-05-24,0.164,0.186,0.147,0.193
henan_north,2008-05-25,0.155,0.181,0.147,0.192
henan_north,2008-05-26,0.157,0.178,0.146,0.192
henan_north,2008-05-27,0.158,0.174,0.146,0.192
henan_north,2008-05-28,0.148,0.17,0.146,0.192
henan_north,2008-05-29,0.141,0.166,0.146,0.192
henan_north,2008-05-30,0.137,0.162,0.145,0.192
henan_north,2008-05-31,0.133,0.158,0.145,0.192
henan_north,2008-06-01,0.13,0.155,0.145,0.192
henan_north,2008-06-02,0.128,0.153,0.144,0.192
henan_north,2008-06-03,0.197,0.151,0.144,0.192
henan_north,2008-06-04,0.224,0.152,0.144,0.192
henan_north,2008-06-05,0.201,0.151,0.144,0.192
henan_north,2008-06-06,0.202,0.15,0.144,0.192
henan_north,2008-06-07,0.206,0.15,0.144,0.192
henan_north,2008-06-08,0.183,0.149,0.143,0.192
henan_north,2008-06-09,0.167,0.147,0.143,0.191
henan_north,2008-06-10,0.157,0.146,0.143,0.191
henan_north,2008-06-11,0.163,0.145,0.143,0.191
henan_north,2008-06-12,0.162,0.144,0.142,0.191
henan_north,2008-06-13,0.179,0.143,0.142,0.191
henan_north,2008-06-14,0.174,0.142,0.142,0.191
henan_north,2008-06-15,0.162,0.142,0.142,0.191
henan_north,2008-06-16,0.169,0.141,0.142,0.191
henan_north,2008-06-17,0.166,0.141,0.142,0.191
henan_north,2008-06-18,0.158,0.141,0.142,0.191
henan_north,2008-06-19,0.15,0.14,0.141,0.191
henan_north,2008-06-20,0.145,0.14,0.141,0.191
henan_north,2008-06-21,0.141,0.139,0.141,0.191
henan_north,2008-06-22,0.141,0.138,0.141,0.191
henan_north,2008-06-23,0.14,0.138,0.141,0.191
henan_north,2008-06-24,0.136,0.137,0.141,0.191
henan_north,2008-06-25,0.136,0.137,0.141,0.191
henan_north,2008-06-26,0.142,0.136,0.14,0.19
henan_north,2008-06-27,0.137,0.136,0.14,0.19
henan_north,2008-06-28,0.134,0.136,0.14,0.19
henan_north,2008-06-29,0.131,0.135,0.14,0.19
henan_north,2008-06-30,0.149,0.135,0.14,0.19
henan_north,2008-07-01,0.312,0.147,0.14,0.19
henan_north,2008-07-02,0.275,0.162,0.139,0.19
henan_north,2008-07-03,0.233,0.163,0.139,0.19
henan_north,2008-07-04,0.24,0.161,0.139,0.19
henan_north,2008-07-05,0.349,0.205,0.139,0.19
henan_north,2008-07-06,0.294,0.22,0.139,0.19
henan_north,2008-07-07,0.259,0.217,0.139,0.19
henan_north,2008-07-08,0.239,0.213,0.139,0.19
henan_north,2008-07-09,0.223,0.209,0.139,0.19
henan_north,2008-07-10,0.229,0.204,0.139,0.19
henan_north,2008-07-11,0.216,0.198,0.139,0.19
henan_north,2008-07-12,0.354,0.235,0.139,0.19
henan_north,2008-07-13,0.305,0.248,0.14,0.19
henan_north,2008-07-14,0.383,0.274,0.14,0.19
henan_north,2008-07-15,0.404,0.377,0.145,0.19
henan_north,2008-07-16,0.365,0.362,0.153,0.189
henan_north,2008-07-17,0.343,0.34,0.157,0.189
henan_north,2008-07-18,0.394,0.377,0.163,0.189
henan_north,2008-07-19,0.354,0.354,0.17,0.189
henan_north,2008-07-20,0.325,0.332,0.173,0.189
henan_north,2008-07-21,0.304,0.315,0.174,0.189
henan_north,2008-07-22,0.325,0.308,0.175,0.189
henan_north,2008-07-23,0.387,0.335,0.177,0.189
henan_north,2008-07-24,0.354,0.347,0.18,0.189
henan_north,2008-07-25,0.323,0.328,0.182,0.189
henan_north,2008-07-26,0.306,0.312,0.183,0.189
henan_north,2008-07-27,0.299,0.301,0.184,0.189
henan_north,2008-07-28,0.293,0.292,0.184,0.189
henan_north,2008-07-29,0.29,0.284,0.184,0.189
henan_north,2008-07-30,0.309,0.278,0.184,0.189
henan_north,2008-07-31,0.316,0.279,0.185,0.189
henan_north,2008-08-01,0.314,0.276,0.185,0.189
henan_north,2008-08-02,0.337,0.286,0.185,0.189
henan_north,2008-08-03,0.295,0.279,0.184,0.189
henan_north,2008-08-04,0.269,0.269,0.184,0.189
henan_north,2008-08-05,0.258,0.259,0.184,0.189
henan_north,2008-08-06,0.378,0.299,0.184,0.189
henan_north,2008-08-07,0.338,0.31,0.185,0.189
henan_north,2008-08-08,0.312,0.302,0.185,0.189
henan_north,2008-08-09,0.288,0.29,0.185,0.189
henan_north,2008-08-10,0.266,0.278,0.185,0.189
henan_north,2008-08-11,0.25,0.267,0.185,0.189
henan_north,2008-08-12,0.246,0.258,0.185,0.189
henan_north,2008-08-13,0.359,0.322,0.186,0.189
henan_north,2008-08-14,0.397,0.388,0.199,0.189
henan_north,2008-08-15,0.363,0.362,0.205,0.189
henan_north,2008-08-16,0.343,0.343,0.208,0.189
henan_north,2008-08-17,0.347,0.332,0.209,0.189
henan_north,2008-08-18,0.318,0.319,0.21,0.189
henan_north,2008-08-19,0.296,0.306,0.21,0.189
henan_north,2008-08-20,0.295,0.297,0.21,0.189
henan_north,2008-08-21,0.376,0.334,0.211,0.189
henan_north,2008-08-22,0.352,0.347,0.214,0.189
henan_north,2008-08-23,0.325,0.33,0.215,0.189
henan_north,2008-08-24,0.305,0.316,0.215,0.189
henan_north,2008-08-25,0.291,0.304,0.215,0.189
henan_north,2008-08-26,0.276,0.293,0.215,0.188
henan_north,2008-08-27,0.274,0.284,0.215,0.188
henan_north,2008-08-28,0.304,0.279,0.215,0.188
henan_north,2008-08-29,0.291,0.274,0.214,0.188
henan_north,2008-08-30,0.305,0.273,0.214,0.188
henan_north,2008-08-31,0.288,0.27,0.214,0.188
henan_north,2008-09-01,0.264,0.261,0.213,0.188
henan_north,2008-09-02,0.244,0.253,0.212,0.188
henan_north,2008-09-03,0.227,0.245,0.211,0.188
henan_north,2008-09-04,0.213,0.237,0.21,0.188
henan_north,2008-09-05,0.199,0.229,0.209,0.188
henan_north,2008-09-06,0.188,0.222,0.208,0.188
henan_north,2008-09-07,0.188,0.217,0.207,0.188
henan_north,2008-09-08,0.224,0.216,0.207,0.188
henan_north,2008-09-09,0.231,0.214,0.206,0.188
henan_north,2008-09-10,0.23,0.211,0.206,0.188
henan_north,2008-09-11,0.221,0.208,0.205,0.188
henan_north,2008-09-12,0.204,0.203,0.204,0.188
henan_north,2008-09-13,0.19,0.198,0.203,0.188
henan_north,2008-09-14,0.178,0.193,0.202,0.188
henan_north,2008-09-15,0.168,0.189,0.2,0.188
henan_north,2008-09-16,0.16,0.184,0.199,0.188
henan_north,2008-09-17,0.154,0.181,0.198,0.188
henan_north,2008-09-18,0.153,0.178,0.197,0.188
henan_north,2008-09-19,0.271,0.18,0.197,0.188
henan_north,2008-09-20,0.266,0.184,0.197,0.188
henan_north,2008-09-21,0.243,0.185,0.196,0.188
henan_north,2008-09-22,0.232,0.184,0.195,0.188
henan_north,2008-09-23,0.219,0.183,0.195,0.188
henan_north,2008-09-24,0.214,0.183,0.195,0.188
henan_north,2008-09-25,0.21,0.182,0.194,0.188
henan_north,2008-09-26,0.202,0.182,0.194,0.188
henan_north,2008-09-27,0.254,0.182,0.194,0.188
henan_north,2008-09-28,0.306,0.19,0.194,0.188
henan_north,2008-09-29,0.299,0.201,0.194,0.188
henan_north,2008-09-30,0.27,0.205,0.193,0.188
henan_north,2008-10-01,0.248,0.204,0.193,0.188
henan_north,2008-10-02,0.233,0.202,0.192,0.188
henan_north,2008-10-03,0.22,0.2,0.192,0.188
henan_north,2008-10-04,0.21,0.198,0.191,0.188
henan_north,2008-10-05,0.203,0.196,0.191,0.188
henan_north,2008-10-06,0.196,0.195,0.191,0.188
henan_north,2008-10-07,0.191,0.193,0.19,0.188
henan_north,2008-10-08,0.204,0.192,0.19,0.188
henan_north,2008-10-09,0.197,0.191,0.19,0.188
henan_north,2008-10-10,0.19,0.189,0.189,0.188
henan_north,2008-10-11,0.184,0.187,0.189,0.188
henan_north,2008-10-12,0.178,0.186,0.189,0.187
henan_north,2008-10-13,0.172,0.184,0.188,0.187
henan_north,2008-10-14,0.166,0.182,0.188,0.187
henan_north,2008-10-15,0.161,0.18,0.187,0.187
henan_north,2008-10-16,0.157,0.178,0.187,0.187
henan_north,2008-10-17,0.153,0.176,0.186,0.187
henan_north,2008-10-18,0.15,0.175,0.186,0.187
henan_north,2008-10-19,0.148,0.173,0.186,0.187
henan_north,2008-10-20,0.151,0.172,0.185,0.187
henan_north,2008-10-21,0.206,0.172,0.185,0.187
henan_north,2008-10-22,0.206,0.172,0.185,0.187
henan_north,2008-10-23,0.213,0.172,0.185,0.187
henan_north,2008-10-24,0.204,0.172,0.184,0.187
henan_north,2008-10-25,0.195,0.171,0.184,0.187
henan_north,2008-10-26,0.188,0.17,0.184,0.187
henan_north,2008-10-27,0.182,0.169,0.184,0.187
henan_north,2008-10-28,0.179,0.169,0.183,0.187
henan_north,2008-10-29,0.177,0.169,0.183,0.187
henan_north,2008-10-30,0.174,0.168,0.183,0.187
henan_north,2008-10-31,0.17,0.167,0.183,0.187
henan_north,2008-11-01,0.166,0.166,0.182,0.187
henan_north,2008-11-02,0.161,0.166,0.182,0.187
henan_north,2008-11-03,0.158,0.165,0.182,0.187
henan_north,2008-11-04,0.154,0.164,0.182,0.187
henan_north,2008-11-05,0.152,0.163,0.181,0.187
henan_north,2008-11-06,0.149,0.163,0.181,0.187
henan_north,2008-11-07,0.147,0.162,0.181,0.187
henan_north,2008-11-08,0.146,0.161,0.181,0.187
henan_north,2008-11-09,0.144,0.161,0.181,0.187
henan_north,2008-11-10,0.143,0.161,0.18,0.187
henan_north,2008-11-11,0.142,0.16,0.18,0.187
henan_north,2008-11-12,0.141,0.16,0.18,0.187
henan_north,2008-11-13,0.141,0.159,0.18,0.187
henan_north,2008-11-14,0.174,0.159,0.18,0.187
henan_north,2008-11-15,0.222,0.16,0.18,0.187
henan_north,2008-11-16,0.215,0.161,0.18,0.187
henan_north,2008-11-17,0.207,0.161,0.179,0.187
henan_north,2008-11-18,0.201,0.161,0.179,0.187
henan_north,2008-11-19,0.196,0.161,0.179,0.187
henan_north,2008-11-20,0.191,0.161,0.179,0.187
henan_north,2008-11-21,0.187,0.161,0.179,0.187
henan_north,2008-11-22,0.183,0.161,0.179,0.187
henan_north,2008-11-23,0.18,0.161,0.179,0.187
henan_north,2008-11-24,0.178,0.161,0.178,0.187
henan_north,2008-11-25,0.174,0.16,0.178,0.187
henan_north,2008-11-26,0.171,0.16,0.178,0.187
henan_north,2008-11-27,0.168,0.16,0.178,0.187
henan_north,2008-11-28,0.166,0.159,0.178,0.187
henan_north,2008-11-29,0.163,0.159,0.178,0.187
henan_north,2008-11-30,0.161,0.159,0.178,0.187
henan_north,2008-12-01,0.159,0.159,0.177,0.187
henan_north,2008-12-02,0.156,0.158,0.177,0.187
henan_north,2008-12-03,0.159,0.158,0.177,0.187
henan_north,2008-12-04,0.161,0.158,0.177,0.187
henan_north,2008-12-05,0.16,0.158,0.177,0.187
henan_north,2008-12-06,0.159,0.157,0.177,0.187
henan_north,2008-12-07,0.157,0.157,0.177,0.187
henan_north,2008-12-08,0.155,0.157,0.177,0.187
henan_north,2008-12-09,0.153,0.156,0.176,0.187
henan_north,2008-12-10,0.152,0.156,0.176,0.187
henan_north,2008-12-11,0.151,0.156,0.176,0.187
henan_north,2008-12-12,0.15,0.156,0.176,0.187
henan_north,2008-12-13,0.149,0.156,0.176,0.187
henan_north,2008-12-14,0.148,0.156,0.176,0.187
henan_north,2008-12-15,0.147,0.155,0.176,0.187
henan_north,2008-12-16,0.146,0.155,0.176,0.187
henan_north,2008-12-17,0.145,0.155,0.176,0.187
henan_north,2008-12-18,0.144,0.155,0.175,0.187
henan_north,2008-12-19,0.144,0.154,0.175,0.187
henan_north,2008-12-20,0.143,0.154,0.175,0.187
henan_north,2008-12-21,0.143,0.154,0.175,0.187
henan_north,2008-12-22,0.143,0.154,0.175,0.187
henan_north,2008-12-23,0.143,0.154,0.175,0.187
henan_north,2008-12-24,0.143,0.154,0.175,0.187
henan_north,2008-12-25,0.143,0.154,0.175,0.187
henan_north,2008-12-26,0.142,0.153,0.175,0.187
henan_north,2008-12-27,0.142,0.153,0.175,0.187
henan_north,2008-12-28,0.142,0.153,0.175,0.187
henan_north,2008-12-29,0.142,0.153,0.175,0.187
henan_north,2008-12-30,0.142,0.153,0.175,0.187
henan_north,2008-12-31,0.142,0.153,0.175,0.187
henan_north,2009-01-01,0.142,0.153,0.175,0.187
henan_north,2009-01-02,0.142,0.153,0.175,0.187
henan_north,2009-01-03,0.143,0.153,0.175,0.187
henan_north,2009-01-04,0.143,0.153,0.175,0.187
henan_north,2009-01-05,0.143,0.153,0.175,0.187
henan_north,2009-01-06,0.143,0.153,0.174,0.187
henan_north,2009-01-07,0.144,0.153,0.174,0.187
henan_north,2009-01-08,0.144,0.153,0.174,0.187
henan_north,2009-01-09,0.144,0.152,0.174,0.187
henan_north,2009-01-10,0.144,0.152,0.174,0.187
henan_north,2009-01-11,0.144,0.152,0.174,0.187
henan_north,2009-01-12,0.144,0.152,0.174,0.187
henan_north,2009-01-13,0.144,0.152,0.174,0.187
henan_north,2009-01-14,0.144,0.152,0.174,0.187
henan_north,2009-01-15,0.144,0.152,0.174,0.187
henan_north,2009-01-16,0.144,0.152,0.174,0.187
henan_north,2009-01-17,0.144,0.152,0.174,0.187
henan_north,2009-01-18,0.144,0.152,0.174,0.187
henan_north,2009-01-19,0.144,0.152,0.174,0.187
henan_north,2009-01-20,0.144,0.152,0.174,0.187
henan_north,2009-01-21,0.144,0.152,0.174,0.187
henan_north,2009-01-22,0.143,0.152,0.174,0.187
henan_north,2009-01-23,0.142,0.152,0.174,0.187
henan_north,2009-01-24,0.142,0.151,0.174,0.187
henan_north,2009-01-25,0.142,0.151,0.174,0.187
henan_north,2009-01-26,0.142,0.151,0.174,0.187
henan_north,2009-01-27,0.142,0.151,0.174,0.187
henan_north,2009-01-28,0.141,0.151,0.173,0.187
henan_north,2009-01-29,0.141,0.151,0.173,0.187
henan_north,2009-01-30,0.14,0.151,0.173,0.187
henan_north,2009-01-31,0.139,0.15,0.173,0.187
henan_north,2009-02-01,0.139,0.15,0.173,0.187
henan_north,2009-02-02,0.138,0.15,0.173,0.187
henan_north,2009-02-03,0.138,0.15,0.173,0.187
henan_north,2009-02-04,0.137,0.15,0.173,0.187
henan_north,2009-02-05,0.137,0.15,0.173,0.187
henan_north,2009-02-06,0.136,0.149,0.172,0.187
henan_north,2009-02-07,0.139,0.149,0.172,0.187
henan_north,2009-02-08,0.218,0.15,0.172,0.187
henan_north,2009-02-09,0.251,0.153,0.172,0.187
henan_north,2009-02-10,0.235,0.156,0.172,0.187
henan_north,2009-02-11,0.223,0.157,0.172,0.187
henan_north,2009-02-12,0.227,0.158,0.172,0.187
henan_north,2009-02-13,0.227,0.159,0.172,0.187
henan_north,2009-02-14,0.219,0.16,0.172,0.186
henan_north,2009-02-15,0.213,0.161,0.171,0.186
henan_north,2009-02-16,0.209,0.161,0.171,0.186
henan_north,2009-02-17,0.209,0.162,0.171,0.186
henan_north,2009-02-18,0.211,0.162,0.171,0.186
henan_north,2009-02-19,0.245,0.164,0.171,0.186
henan_north,2009-02-20,0.235,0.165,0.171,0.186
henan_north,2009-02-21,0.226,0.166,0.171,0.186
henan_north,2009-02-22,0.218,0.167,0.171,0.186
henan_north,2009-02-23,0.211,0.167,0.171,0.186
henan_north,2009-02-24,0.216,0.167,0.171,0.186
henan_north,2009-02-25,0.226,0.168,0.171,0.186
henan_north,2009-02-26,0.228,0.169,0.171,0.186
henan_north,2009-02-27,0.238,0.171,0.171,0.186
henan_north,2009-02-28,0.236,0.172,0.17,0.186
henan_north,2009-03-01,0.23,0.173,0.17,0.186
henan_north,2009-03-02,0.226,0.174,0.17,0.186
henan_north,2009-03-03,0.235,0.174,0.17,0.186
henan_north,2009-03-04,0.244,0.176,0.17,0.186
henan_north,2009-03-05,0.24,0.177,0.17,0.186
henan_north,2009-03-06,0.231,0.177,0.17,0.186
henan_north,2009-03-07,0.221,0.177,0.17,0.186
henan_north,2009-03-08,0.212,0.177,0.169,0.186
henan_north,2009-03-09,0.203,0.176,0.169,0.186
henan_north,2009-03-10,0.196,0.175,0.169,0.186
henan_north,2009-03-11,0.197,0.174,0.169,0.186
henan_north,2009-03-12,0.256,0.175,0.169,0.186
henan_north,2009-03-13,0.257,0.178,0.169,0.186
henan_north,2009-03-14,0.239,0.179,0.168,0.186
henan_north,2009-03-15,0.224,0.179,0.168,0.186
henan_north,2009-03-16,0.209,0.177,0.168,0.186
henan_north,2009-03-17,0.197,0.175,0.167,0.186
henan_north,2009-03-18,0.186,0.173,0.167,0.186
henan_north,2009-03-19,0.177,0.171,0.166,0.186
henan_north,2009-03-20,0.172,0.17,0.166,0.186
henan_north,2009-03-21,0.172,0.169,0.166,0.186
henan_north,2009-03-22,0.171,0.167,0.166,0.186
henan_north,2009-03-23,0.165,0.166,0.165,0.186
henan_north,2009-03-24,0.162,0.165,0.165,0.186
henan_north,2009-03-25,0.158,0.164,0.165,0.186
henan_north,2009-03-26,0.155,0.162,0.165,0.186
henan_north,2009-03-27,0.151,0.161,0.164,0.186
henan_north,2009-03-28,0.149,0.16,0.164,0.186
henan_north,2009-03-29,0.146,0.159,0.164,0.186
henan_north,2009-03-30,0.143,0.158,0.164,0.186
henan_north,2009-03-31,0.142,0.157,0.163,0.186
henan_north,2009-04-01,0.141,0.156,0.163,0.186
henan_north,2009-04-02,0.14,0.155,0.163,0.186
henan_north,2009-04-03,0.141,0.155,0.163,0.186
henan_north,2009-04-04,0.139,0.153,0.162,0.186
henan_north,2009-04-05,0.138,0.152,0.162,0.186
henan_north,2009-04-06,0.137,0.151,0.161,0.186
henan_north,2009-04-07,0.135,0.149,0.161,0.186
henan_north,2009-04-08,0.133,0.148,0.16,0.186
henan_north,2009-04-09,0.132,0.146,0.16,0.185
henan_north,2009-04-10,0.132,0.145,0.159,0.185
henan_north,2009-04-11,0.133,0.144,0.159,0.185
henan_north,2009-04-12,0.131,0.143,0.158,0.185
henan_north,2009-04-13,0.13,0.142,0.158,0.185
henan_north,2009-04-14,0.129,0.141,0.157,0.185
henan_north,2009-04-15,0.129,0.141,0.157,0.185
henan_north,2009-04-16,0.129,0.14,0.157,0.185
henan_north,2009-04-17,0.128,0.14,0.156,0.185
henan_north,2009-04-18,0.13,0.139,0.156,0.185
henan_north,2009-04-19,0.367,0.207,0.156,0.185
henan_north,2009-04-20,0.329,0.271,0.156,0.185
henan_north,2009-04-21,0.292,0.267,0.156,0.185
henan_north,2009-04-22,0.272,0.261,0.156,0.185
henan_north,2009-04-23,0.261,0.255,0.157,0.185
henan_north,2009-04-24,0.245,0.248,0.157,0.185
henan_north,2009-04-25,0.227,0.24,0.157,0.185
henan_north,2009-04-26,0.212,0.232,0.156,0.185
henan_north,2009-04-27,0.198,0.224,0.156,0.185
henan_north,2009-04-28,0.186,0.216,0.156,0.185
henan_north,2009-04-29,0.175,0.209,0.156,0.185
henan_north,2009-04-30,0.166,0.203,0.155,0.185
henan_north,2009-05-01,0.161,0.198,0.155,0.185
henan_north,2009-05-02,0.155,0.193,0.155,0.185
henan_north,2009-05-03,0.15,0.187,0.154,0.185
henan_north,2009-05-04,0.146,0.182,0.154,0.184
henan_north,2009-05-05,0.141,0.176,0.153,0.184
henan_north,2009-05-06,0.138,0.172,0.153,0.184
henan_north,2009-05-07,0.135,0.167,0.153,0.184
henan_north,2009-05-08,0.133,0.164,0.152,0.184
henan_north,2009-05-09,0.213,0.162,0.152,0.184
henan_north,2009-05-10,0.345,0.186,0.152,0.184
henan_north,2009-05-11,0.344,0.217,0.152,0.184
henan_north,2009-05-12,0.306,0.23,0.152,0.184
henan_north,2009-05-13,0.273,0.228,0.152,0.184
henan_north,2009-05-14,0.299,0.229,0.152,0.184
henan_north,2009-05-15,0.357,0.25,0.152,0.184
henan_north,2009-05-16,0.323,0.271,0.152,0.184
henan_north,2009-05-17,0.287,0.266,0.153,0.184
henan_north,2009-05-18,0.261,0.257,0.153,0.184
henan_north,2009-05-19,0.239,0.248,0.153,0.184
henan_north,2009-05-20,0.22,0.239,0.153,0.184
henan_north,2009-05-21,0.206,0.231,0.153,0.184
henan_north,2009-05-22,0.229,0.226,0.153,0.184
henan_north,2009-05-23,0.223,0.22,0.152,0.184
henan_north,2009-05-24,0.203,0.213,0.152,0.184
henan_north,2009-05-25,0.191,0.208,0.152,0.184
henan_north,2009-05-26,0.182,0.203,0.152,0.184
henan_north,2009-05-27,0.174,0.198,0.152,0.184
henan_north,2009-05-28,0.197,0.196,0.152,0.184
henan_north,2009-05-29,0.198,0.194,0.152,0.184
henan_north,2009-05-30,0.181,0.188,0.151,0.184
henan_north,2009-05-31,0.165,0.182,0.151,0.184
henan_north,2009-06-01,0.153,0.176,0.15,0.183
henan_north,2009-06-02,0.144,0.171,0.15,0.183
henan_north,2009-06-03,0.138,0.166,0.149,0.183
henan_north,2009-06-04,0.134,0.161,0.149,0.183
henan_north,2009-06-05,0.131,0.157,0.148,0.183
henan_north,2009-06-06,0.236,0.159,0.148,0.183
henan_north,2009-06-07,0.297,0.176,0.148,0.183
henan_north,2009-06-08,0.362,0.24,0.148,0.183
henan_north,2009-06-09,0.334,0.302,0.149,0.183
henan_north,2009-06-10,0.3,0.292,0.15,0.183
henan_north,2009-06-11,0.271,0.279,0.151,0.183
henan_north,2009-06-12,0.246,0.266,0.151,0.183
henan_north,2009-06-13,0.226,0.254,0.151,0.183
henan_north,2009-06-14,0.212,0.244,0.151,0.183
henan_north,2009-06-15,0.206,0.236,0.151,0.183
henan_north,2009-06-16,0.195,0.228,0.151,0.183
henan_north,2009-06-17,0.182,0.22,0.151,0.183
henan_north,2009-06-18,0.179,0.213,0.151,0.183
henan_north,2009-06-19,0.226,0.21,0.151,0.183
henan_north,2009-06-20,0.218,0.206,0.15,0.183
henan_north,2009-06-21,0.194,0.198,0.15,0.183
henan_north,2009-06-22,0.173,0.19,0.15,0.182
henan_north,2009-06-23,0.159,0.183,0.149,0.182
henan_north,2009-06-24,0.147,0.176,0.149,0.182
henan_north,2009-06-25,0.138,0.168,0.148,0.182
henan_north,2009-06-26,0.134,0.162,0.148,0.182
henan_north,2009-06-27,0.132,0.158,0.147,0.182
henan_north,2009-06-28,0.14,0.155,0.147,0.182
henan_north,2009-06-29,0.135,0.152,0.146,0.182
henan_north,2009-06-30,0.131,0.149,0.146,0.182
henan_north,2009-07-01,0.128,0.146,0.145,0.182
henan_north,2009-07-02,0.126,0.143,0.145,0.182
henan_north,2009-07-03,0.125,0.141,0.144,0.182
henan_north,2009-07-04,0.123,0.14,0.144,0.181
henan_north,2009-07-05,0.127,0.138,0.143,0.181
henan_north,2009-07-06,0.187,0.138,0.143,0.181
henan_north,2009-07-07,0.176,0.138,0.143,0.181
henan_north,2009-07-08,0.284,0.149,0.143,0.181
henan_north,2009-07-09,0.359,0.258,0.143,0.181
henan_north,2009-07-10,0.307,0.266,0.143,0.181
henan_north,2009-07-11,0.301,0.264,0.144,0.181
henan_north,2009-07-12,0.271,0.255,0.144,0.181
henan_north,2009-07-13,0.338,0.279,0.144,0.181
henan_north,2009-07-14,0.328,0.3,0.145,0.181
henan_north,2009-07-15,0.292,0.287,0.146,0.181
henan_north,2009-07-16,0.285,0.277,0.147,0.181
henan_north,2009-07-17,0.278,0.269,0.147,0.181
henan_north,2009-07-18,0.264,0.259,0.147,0.181
henan_north,2009-07-19,0.241,0.249,0.148,0.181
henan_north,2009-07-20,0.25,0.241,0.148,0.181
henan_north,2009-07-21,0.304,0.241,0.148,0.181
henan_north,2009-07-22,0.31,0.242,0.148,0.181
henan_north,2009-07-23,0.304,0.247,0.148,0.181
henan_north,2009-07-24,0.3,0.248,0.148,0.181
henan_north,2009-07-25,0.337,0.291,0.149,0.181
henan_north,2009-07-26,0.299,0.284,0.149,0.181
henan_north,2009-07-27,0.271,0.272,0.15,0.181
henan_north,2009-07-28,0.248,0.26,0.15,0.181
henan_north,2009-07-29,0.228,0.249,0.15,0.181
henan_north,2009-07-30,0.22,0.239,0.15,0.18
henan_north,2009-07-31,0.21,0.231,0.15,0.18
henan_north,2009-08-01,0.198,0.223,0.15,0.18
henan_north,2009-08-02,0.196,0.215,0.15,0.18
henan_north,2009-08-03,0.209,0.21,0.15,0.18
henan_north,2009-08-04,0.236,0.207,0.149,0.18
henan_north,2009-08-05,0.245,0.206,0.149,0.18
henan_north,2009-08-06,0.239,0.205,0.149,0.18
henan_north,2009-08-07,0.225,0.201,0.149,0.18
henan_north,2009-08-08,0.211,0.196,0.149,0.18
henan_north,2009-08-09,0.199,0.191,0.149,0.18
henan_north,2009-08-10,0.189,0.186,0.149,0.18
henan_north,2009-08-11,0.177,0.181,0.148,0.18
henan_north,2009-08-12,0.16,0.173,0.148,0.18
henan_north,2009-08-13,0.147,0.165,0.147,0.18
henan_north,2009-08-14,0.139,0.159,0.146,0.18
henan_north,2009-08-15,0.134,0.153,0.146,0.18
henan_north,2009-08-16,0.132,0.15,0.145,0.18
henan_north,2009-08-17,0.338,0.236,0.145,0.179
henan_north,2009-08-18,0.343,0.314,0.146,0.179
henan_north,2009-08-19,0.337,0.308,0.148,0.179
henan_north,2009-08-20,0.307,0.297,0.149,0.179
henan_north,2009-08-21,0.306,0.287,0.15,0.179
henan_north,2009-08-22,0.357,0.296,0.151,0.179
henan_north,2009-08-23,0.32,0.296,0.152,0.179
henan_north,2009-08-24,0.294,0.287,0.152,0.179
henan_north,2009-08-25,0.277,0.278,0.153,0.179
henan_north,2009-08-26,0.32,0.289,0.153,0.179
henan_north,2009-08-27,0.331,0.309,0.155,0.179
henan_north,2009-08-28,0.303,0.297,0.156,0.179
henan_north,2009-08-29,0.406,0.358,0.158,0.179
henan_north,2009-08-30,0.373,0.368,0.166,0.179
henan_north,2009-08-31,0.344,0.345,0.17,0.179
henan_north,2009-09-01,0.322,0.327,0.173,0.179
henan_north,2009-09-02,0.311,0.314,0.174,0.179
henan_north,2009-09-03,0.323,0.307,0.175,0.179
henan_north,2009-09-04,0.367,0.313,0.176,0.179
henan_north,2009-09-05,0.358,0.32,0.178,0.179
henan_north,2009-09-06,0.355,0.321,0.179,0.179
henan_north,2009-09-07,0.338,0.32,0.18,0.179
henan_north,2009-09-08,0.325,0.314,0.182,0.179
henan_north,2009-09-09,0.311,0.307,0.183,0.179
henan_north,2009-09-10,0.304,0.299,0.183,0.179
henan_north,2009-09-11,0.335,0.297,0.184,0.179
henan_north,2009-09-12,0.317,0.296,0.185,0.179
henan_north,2009-09-13,0.315,0.291,0.185,0.179
henan_north,2009-09-14,0.361,0.303,0.186,0.179
henan_north,2009-09-15,0.325,0.304,0.187,0.179
henan_north,2009-09-16,0.309,0.298,0.187,0.179
henan_north,2009-09-17,0.347,0.299,0.188,0.179
henan_north,2009-09-18,0.346,0.305,0.189,0.179
henan_north,2009-09-19,0.383,0.322,0.19,0.179
henan_north,2009-09-20,0.399,0.369,0.193,0.179
henan_north,2009-09-21,0.362,0.359,0.198,0.179
henan_north,2009-09-22,0.338,0.341,0.201,0.179
henan_north,2009-09-23,0.321,0.327,0.203,0.179
henan_north,2009-09-24,0.312,0.317,0.204,0.179
henan_north,2009-09-25,0.309,0.31,0.204,0.179
henan_north,2009-09-26,0.296,0.302,0.205,0.179
henan_north,2009-09-27,0.286,0.295,0.205,0.179
henan_north,2009-09-28,0.277,0.287,0.205,0.179
henan_north,2009-09-29,0.272,0.281,0.205,0.179
henan_north,2009-09-30,0.263,0.275,0.205,0.179
henan_north,2009-10-01,0.251,0.268,0.205,0.179
henan_north,2009-10-02,0.241,0.261,0.205,0.179
henan_north,2009-10-03,0.231,0.255,0.204,0.179
henan_north,2009-10-04,0.221,0.249,0.204,0.179
henan_north,2009-10-05,0.212,0.243,0.203,0.179
henan_north,2009-10-06,0.204,0.238,0.203,0.179
henan_north,2009-10-07,0.201,0.234,0.202,0.179
henan_north,2009-10-08,0.244,0.232,0.202,0.179
henan_north,2009-10-09,0.258,0.232,0.202,0.179
henan_north,2009-10-10,0.251,0.231,0.202,0.179
henan_north,2009-10-11,0.245,0.231,0.202,0.179
henan_north,2009-10-12,0.255,0.23,0.202,0.179
henan_north,2009-10-13,0.246,0.229,0.201,0.179
henan_north,2009-10-14,0.234,0.226,0.201,0.179
henan_north,2009-10-15,0.225,0.224,0.201,0.179
henan_north,2009-10-16,0.214,0.221,0.2,0.179
henan_north,2009-10-17,0.205,0.218,0.2,0.179
henan_north,2009-10-18,0.198,0.215,0.199,0.179
henan_north,2009-10-19,0.191,0.212,0.199,0.179
henan_north,2009-10-20,0.185,0.21,0.199,0.179
henan_north,2009-10-21,0.179,0.207,0.198,0.179
henan_north,2009-10-22,0.174,0.204,0.198,0.179
henan_north,2009-10-23,0.169,0.201,0.197,0.179
henan_north,2009-10-24,0.166,0.199,0.197,0.179
henan_north,2009-10-25,0.163,0.197,0.196,0.179
henan_north,2009-10-26,0.161,0.195,0.196,0.179
henan_north,2009-10-27,0.159,0.193,0.196,0.179
henan_north,2009-10-28,0.156,0.191,0.195,0.179
henan_north,2009-10-29,0.154,0.189,0.195,0.179
henan_north,2009-10-30,0.152,0.188,0.195,0.179
henan_north,2009-10-31,0.281,0.192,0.194,0.179
henan_north,2009-11-01,0.29,0.202,0.194,0.179
henan_north,2009-11-02,0.267,0.205,0.194,0.179
henan_north,2009-11-03,0.254,0.206,0.194,0.179
henan_north,2009-11-04,0.242,0.207,0.194,0.179
henan_north,2009-11-05,0.233,0.206,0.194,0.179
henan_north,2009-11-06,0.224,0.205,0.193,0.179
henan_north,2009-11-07,0.217,0.204,0.193,0.179
henan_north,2009-11-08,0.211,0.202,0.193,0.179
henan_north,2009-11-09,0.212,0.202,0.193,0.179
henan_north,2009-11-10,0.229,0.202,0.193,0.179
henan_north,2009-11-11,0.25,0.203,0.193,0.179
henan_north,2009-11-12,0.246,0.204,0.193,0.179
henan_north,2009-11-13,0.249,0.205,0.193,0.179
henan_north,2009-11-14,0.268,0.207,0.193,0.179
henan_north,2009-11-15,0.277,0.211,0.193,0.179
henan_north,2009-11-16,0.268,0.214,0.193,0.179
henan_north,2009-11-17,0.275,0.217,0.193,0.179
henan_north,2009-11-18,0.295,0.221,0.193,0.179
henan_north,2009-11-19,0.317,0.229,0.193,0.179
henan_north,2009-11-20,0.333,0.242,0.193,0.179
henan_north,2009-11-21,0.335,0.257,0.193,0.179
henan_north,2009-11-22,0.334,0.267,0.193,0.179
henan_north,2009-11-23,0.331,0.276,0.193,0.179
henan_north,2009-11-24,0.325,0.281,0.194,0.179
henan_north,2009-11-25,0.316,0.283,0.194,0.179
henan_north,2009-11-26,0.307,0.283,0.195,0.179
henan_north,2009-11-27,0.301,0.283,0.195,0.179
henan_north,2009-11-28,0.297,0.282,0.195,0.179
henan_north,2009-11-29,0.297,0.281,0.196,0.179
henan_north,2009-11-30,0.295,0.28,0.196,0.179
henan_north,2009-12-01,0.292,0.279,0.197,0.179
henan_north,2009-12-02,0.287,0.277,0.197,0.179
henan_north,2009-12-03,0.281,0.275,0.197,0.179
henan_north,2009-12-04,0.276,0.272,0.197,0.179
henan_north,2009-12-05,0.27,0.27,0.198,0.179
henan_north,2009-12-06,0.267,0.268,0.198,0.179
henan_north,2009-12-07,0.265,0.266,0.198,0.179
henan_north,2009-12-08,0.272,0.265,0.198,0.179
henan_north,2009-12-09,0.269,0.264,0.198,0.179
henan_north,2009-12-10,0.265,0.262,0.199,0.179
henan_north,2009-12-11,0.263,0.261,0.199,0.179
henan_north,2009-12-12,0.259,0.259,0.199,0.179
henan_north,2009-12-13,0.256,0.258,0.199,0.179
henan_north,2009-12-14,0.254,0.257,0.199,0.179
henan_north,2009-12-15,0.254,0.255,0.199,0.179
henan_north,2009-12-16,0.253,0.254,0.199,0.179
henan_north,2009-12-17,0.252,0.253,0.199,0.179
henan_north,2009-12-18,0.25,0.252,0.2,0.179
henan_north,2009-12-19,0.249,0.251,0.2,0.179
henan_north,2009-12-20,0.248,0.25,0.2,0.179
henan_north,2009-12-21,0.248,0.25,0.2,0.179
henan_north,2009-12-22,0.246,0.249,0.2,0.179
henan_north,2009-12-23,0.244,0.248,0.2,0.179
henan_north,2009-12-24,0.242,0.246,0.2,0.179
henan_north,2009-12-25,0.24,0.245,0.2,0.179
henan_north,2009-12-26,0.238,0.244,0.2,0.179
henan_north,2009-12-27,0.238,0.243,0.2,0.179
henan_north,2009-12-28,0.238,0.243,0.2,0.179
henan_north,2009-12-29,0.236,0.242,0.2,0.179
henan_north,2009-12-30,0.235,0.241,0.2,0.179
henan_north,2009-12-31,0.234,0.24,0.2,0.179
henan_north,2010-01-01,0.233,0.239,0.201,0.179
henan_north,2010-01-02,0.231,0.238,0.201,0.179
henan_north,2010-01-03,0.23,0.237,0.201,0.179
henan_north,2010-01-04,0.23,0.237,0.201,0.179
henan_north,2010-01-05,0.229,0.236,0.201,0.179
henan_north,2010-01-06,0.23,0.236,0.201,0.179
henan_north,2010-01-07,0.23,0.235,0.201,0.179
henan_north,2010-01-08,0.23,0.235,0.201,0.179
henan_north,2010-01-09,0.23,0.235,0.201,0.179
henan_north,2010-01-10,0.231,0.234,0.201,0.179
henan_north,2010-01-11,0.231,0.234,0.201,0.179
henan_north,2010-01-12,0.23,0.234,0.201,0.179
henan_north,2010-01-13,0.23,0.233,0.201,0.179
henan_north,2010-01-14,0.23,0.233,0.201,0.179
henan_north,2010-01-15,0.229,0.233,0.201,0.179
henan_north,2010-01-16,0.228,0.232,0.201,0.179
henan_north,2010-01-17,0.226,0.232,0.201,0.179
henan_north,2010-01-18,0.225,0.231,0.201,0.179
henan_north,2010-01-19,0.227,0.23,0.201,0.179
henan_north,2010-01-20,0.228,0.23,0.201,0.179
henan_north,2010-01-21,0.226,0.229,0.201,0.179
henan_north,2010-01-22,0.223,0.228,0.201,0.179
henan_north,2010-01-23,0.222,0.228,0.201,0.179
henan_north,2010-01-24,0.22,0.227,0.201,0.179
henan_north,2010-01-25,0.218,0.226,0.201,0.179
henan_north,2010-01-26,0.217,0.225,0.201,0.179
henan_north,2010-01-27,0.215,0.224,0.201,0.179
henan_north,2010-01-28,0.212,0.223,0.201,0.179
henan_north,2010-01-29,0.21,0.222,0.201,0.179
henan_north,2010-01-30,0.207,0.22,0.201,0.179
henan_north,2010-01-31,0.205,0.219,0.201,0.179
henan_north,2010-02-01,0.202,0.217,0.2,0.179
henan_north,2010-02-02,0.2,0.216,0.2,0.179
henan_north,2010-02-03,0.198,0.215,0.2,0.179
henan_north,2010-02-04,0.197,0.214,0.2,0.179
henan_north,2010-02-05,0.196,0.213,0.2,0.179
henan_north,2010-02-06,0.195,0.212,0.2,0.179
henan_north,2010-02-07,0.199,0.212,0.2,0.179
henan_north,2010-02-08,0.208,0.212,0.2,0.179
henan_north,2010-02-09,0.217,0.211,0.2,0.179
henan_north,2010-02-10,0.219,0.211,0.2,0.179
henan_north,2010-02-11,0.217,0.211,0.2,0.179
henan_north,2010-02-12,0.217,0.211,0.2,0.179
henan_north,2010-02-13,0.223,0.211,0.2,0.179
henan_north,2010-02-14,0.234,0.211,0.2,0.179
henan_north,2010-02-15,0.238,0.211,0.2,0.179
henan_north,2010-02-16,0.243,0.211,0.199,0.179
henan_north,2010-02-17,0.253,0.212,0.199,0.179
henan_north,2010-02-18,0.257,0.213,0.199,0.179
henan_north,2010-02-19,0.256,0.213,0.199,0.179
henan_north,2010-02-20,0.252,0.213,0.199,0.179
henan_north,2010-02-21,0.245,0.213,0.199,0.179
henan_north,2010-02-22,0.237,0.212,0.198,0.179
henan_north,2010-02-23,0.229,0.211,0.198,0.179
henan_north,2010-02-24,0.222,0.21,0.198,0.179
henan_north,2010-02-25,0.218,0.209,0.198,0.179
henan_north,2010-02-26,0.214,0.208,0.197,0.179
henan_north,2010-02-27,0.207,0.207,0.197,0.179
henan_north,2010-02-28,0.228,0.206,0.197,0.179
henan_north,2010-03-01,0.257,0.207,0.197,0.179
henan_north,2010-03-02,0.251,0.208,0.197,0.179
henan_north,2010-03-03,0.253,0.208,0.197,0.179
henan_north,2010-03-04,0.257,0.21,0.197,0.179
henan_north,2010-03-05,0.254,0.211,0.196,0.179
henan_north,2010-03-06,0.246,0.211,0.196,0.179
henan_north,2010-03-07,0.239,0.211,0.196,0.179
henan_north,2010-03-08,0.232,0.211,0.196,0.179
henan_north,2010-03-09,0.226,0.21,0.196,0.179
henan_north,2010-03-10,0.22,0.208,0.195,0.179
henan_north,2010-03-11,0.214,0.206,0.195,0.179
henan_north,2010-03-12,0.206,0.204,0.195,0.179
henan_north,2010-03-13,0.199,0.202,0.194,0.179
henan_north,2010-03-14,0.203,0.201,0.194,0.179
henan_north,2010-03-15,0.215,0.2,0.194,0.179
henan_north,2010-03-16,0.207,0.198,0.194,0.178
henan_north,2010-03-17,0.201,0.196,0.193,0.178
henan_north,2010-03-18,0.249,0.196,0.193,0.178
henan_north,2010-03-19,0.237,0.195,0.192,0.178
henan_north,2010-03-20,0.221,0.194,0.192,0.178
henan_north,2010-03-21,0.213,0.192,0.191,0.178
henan_north,2010-03-22,0.21,0.191,0.191,0.178
henan_north,2010-03-23,0.203,0.19,0.191,0.178
henan_north,2010-03-24,0.195,0.188,0.19,0.178
henan_north,2010-03-25,0.188,0.186,0.19,0.178
henan_north,2010-03-26,0.181,0.184,0.189,0.178
henan_north,2010-03-27,0.176,0.181,0.189,0.178
henan_north,2010-03-28,0.171,0.179,0.188,0.178
henan_north,2010-03-29,0.168,0.178,0.188,0.178
henan_north,2010-03-30,0.173,0.177,0.188,0.178
henan_north,2010-03-31,0.17,0.175,0.187,0.178
henan_north,2010-04-01,0.171,0.173,0.187,0.178
henan_north,2010-04-02,0.164,0.171,0.186,0.178
henan_north,2010-04-03,0.158,0.169,0.185,0.178
henan_north,2010-04-04,0.153,0.167,0.185,0.178
henan_north,2010-04-05,0.148,0.164,0.184,0.178
henan_north,2010-04-06,0.145,0.163,0.183,0.178
henan_north,2010-04-07,0.142,0.161,0.182,0.178
henan_north,2010-04-08,0.139,0.159,0.182,0.178
henan_north,2010-04-09,0.137,0.157,0.181,0.178
henan_north,2010-04-10,0.137,0.156,0.18,0.178
henan_north,2010-04-11,0.138,0.156,0.18,0.178
henan_north,2010-04-12,0.14,0.155,0.18,0.178
henan_north,2010-04-13,0.14,0.155,0.18,0.178
henan_north,2010-04-14,0.149,0.154,0.179,0.178
henan_north,2010-04-15,0.153,0.153,0.179,0.178
henan_north,2010-04-16,0.149,0.152,0.178,0.178
henan_north,2010-04-17,0.146,0.151,0.178,0.178
henan_north,2010-04-18,0.143,0.15,0.177,0.178
henan_north,2010-04-19,0.141,0.149,0.177,0.178
henan_north,2010-04-20,0.156,0.148,0.176,0.178
henan_north,2010-04-21,0.347,0.178,0.176,0.178
henan_north,2010-04-22,0.291,0.198,0.176,0.178
henan_north,2010-04-23,0.259,0.198,0.175,0.178
henan_north,2010-04-24,0.236,0.196,0.175,0.178
henan_north,2010-04-25,0.222,0.194,0.174,0.178
henan_north,2010-04-26,0.209,0.192,0.174,0.178
henan_north,2010-04-27,0.196,0.188,0.173,0.178
henan_north,2010-04-28,0.185,0.185,0.173,0.178
henan_north,2010-04-29,0.174,0.181,0.172,0.178
henan_north,2010-04-30,0.163,0.177,0.171,0.178
henan_north,2010-05-01,0.155,0.172,0.171,0.178
henan_north,2010-05-02,0.147,0.168,0.17,0.177
henan_north,2010-05-03,0.142,0.164,0.169,0.177
henan_north,2010-05-04,0.149,0.162,0.168,0.177
henan_north,2010-05-05,0.16,0.16,0.168,0.177
henan_north,2010-05-06,0.152,0.158,0.167,0.177
henan_north,2010-05-07,0.145,0.155,0.166,0.177
henan_north,2010-05-08,0.141,0.153,0.166,0.177
henan_north,2010-05-09,0.138,0.152,0.165,0.177
henan_north,2010-05-10,0.135,0.15,0.164,0.177
henan_north,2010-05-11,0.132,0.148,0.163,0.177
henan_north,2010-05-12,0.131,0.146,0.163,0.177
henan_north,2010-05-13,0.13,0.146,0.162,0.177
henan_north,2010-05-14,0.129,0.145,0.162,0.177
henan_north,2010-05-15,0.128,0.143,0.161,0.177
henan_north,2010-05-16,0.178,0.143,0.161,0.177
henan_north,2010-05-17,0.257,0.146,0.161,0.177
henan_north,2010-05-18,0.232,0.148,0.16,0.177
henan_north,2010-05-19,0.203,0.148,0.16,0.177
henan_north,2010-05-20,0.182,0.147,0.159,0.177
henan_north,2010-05-21,0.171,0.146,0.159,0.177
henan_north,2010-05-22,0.166,0.145,0.158,0.177
henan_north,2010-05-23,0.156,0.144,0.158,0.177
henan_north,2010-05-24,0.148,0.143,0.157,0.177
henan_north,2010-05-25,0.141,0.142,0.156,0.177
henan_north,2010-05-26,0.136,0.141,0.156,0.176
henan_north,2010-05-27,0.147,0.141,0.156,0.176
henan_north,2010-05-28,0.18,0.141,0.156,0.176
henan_north,2010-05-29,0.169,0.14,0.155,0.176
henan_north,2010-05-30,0.157,0.139,0.155,0.176
henan_north,2010-05-31,0.148,0.139,0.154,0.176
henan_north,2010-06-01,0.143,0.138,0.154,0.176
henan_north,2010-06-02,0.14,0.138,0.153,0.176
henan_north,2010-06-03,0.194,0.138,0.153,0.176
henan_north,2010-06-04,0.324,0.161,0.153,0.176
henan_north,2010-06-05,0.269,0.171,0.153,0.176
henan_north,2010-06-06,0.237,0.171,0.152,0.176
henan_north,2010-06-07,0.213,0.17,0.152,0.176
henan_north,2010-06-08,0.199,0.168,0.152,0.176
henan_north,2010-06-09,0.294,0.173,0.152,0.176
henan_north,2010-06-10,0.283,0.182,0.152,0.176
henan_north,2010-06-11,0.251,0.183,0.152,0.176
henan_north,2010-06-12,0.225,0.181,0.151,0.176
henan_north,2010-06-13,0.202,0.177,0.151,0.176
henan_north,2010-06-14,0.182,0.173,0.151,0.176
henan_north,2010-06-15,0.166,0.169,0.15,0.176
henan_north,2010-06-16,0.154,0.165,0.15,0.176
henan_north,2010-06-17,0.145,0.161,0.149,0.176
henan_north,2010-06-18,0.14,0.158,0.149,0.176
henan_north,2010-06-19,0.136,0.156,0.149,0.176
henan_north,2010-06-20,0.133,0.153,0.148,0.176
henan_north,2010-06-21,0.132,0.15,0.148,0.175
henan_north,2010-06-22,0.131,0.147,0.147,0.175
henan_north,2010-06-23,0.135,0.146,0.147,0.175
henan_north,2010-06-24,0.134,0.144,0.146,0.175
henan_north,2010-06-25,0.139,0.143,0.146,0.175
henan_north,2010-06-26,0.135,0.142,0.146,0.175
henan_north,2010-06-27,0.132,0.14,0.145,0.175
henan_north,2010-06-28,0.129,0.139,0.145,0.175
henan_north,2010-06-29,0.127,0.138,0.144,0.175
henan_north,2010-06-30,0.136,0.137,0.144,0.175
henan_north,2010-07-01,0.3,0.142,0.144,0.175
henan_north,2010-07-02,0.329,0.192,0.144,0.175
henan_north,2010-07-03,0.274,0.198,0.143,0.175
henan_north,2010-07-04,0.246,0.197,0.143,0.175
henan_north,2010-07-05,0.22,0.192,0.143,0.175
henan_north,2010-07-06,0.196,0.185,0.143,0.175
henan_north,2010-07-07,0.174,0.178,0.143,0.175
henan_north,2010-07-08,0.164,0.172,0.142,0.174
henan_north,2010-07-09,0.155,0.168,0.142,0.174
henan_north,2010-07-10,0.208,0.165,0.142,0.174
henan_north,2010-07-11,0.21,0.164,0.142,0.174
henan_north,2010-07-12,0.187,0.16,0.142,0.174
henan_north,2010-07-13,0.168,0.157,0.141,0.174
henan_north,2010-07-14,0.154,0.153,0.141,0.174
henan_north,2010-07-15,0.154,0.151,0.141,0.174
henan_north,2010-07-16,0.153,0.149,0.141,0.174
henan_north,2010-07-17,0.237,0.151,0.141,0.174
henan_north,2010-07-18,0.305,0.172,0.141,0.174
henan_north,2010-07-19,0.396,0.337,0.144,0.174
henan_north,2010-07-20,0.363,0.361,0.153,0.174
henan_north,2010-07-21,0.332,0.336,0.157,0.174
henan_north,2010-07-22,0.306,0.317,0.159,0.174
henan_north,2010-07-23,0.331,0.306,0.16,0.174
henan_north,2010-07-24,0.365,0.32,0.162,0.174
henan_north,2010-07-25,0.329,0.315,0.163,0.174
henan_north,2010-07-26,0.302,0.302,0.164,0.174
henan_north,2010-07-27,0.285,0.289,0.165,0.174
henan_north,2010-07-28,0.266,0.277,0.165,0.174
henan_north,2010-07-29,0.242,0.263,0.165,0.174
henan_north,2010-07-30,0.224,0.251,0.165,0.174
henan_north,2010-07-31,0.209,0.239,0.164,0.174
henan_north,2010-08-01,0.281,0.233,0.164,0.174
henan_north,2010-08-02,0.273,0.232,0.164,0.174
henan_north,2010-08-03,0.245,0.226,0.163,0.174
henan_north,2010-08-04,0.233,0.217,0.163,0.174
henan_north,2010-08-05,0.329,0.229,0.162,0.174
henan_north,2010-08-06,0.274,0.228,0.162,0.174
henan_north,2010-08-07,0.243,0.222,0.162,0.173
henan_north,2010-08-08,0.225,0.215,0.161,0.173
henan_north,2010-08-09,0.242,0.21,0.161,0.173
henan_north,2010-08-10,0.3,0.213,0.161,0.173
henan_north,2010-08-11,0.275,0.215,0.16,0.173
henan_north,2010-08-12,0.339,0.225,0.16,0.173
henan_north,2010-08-13,0.322,0.241,0.16,0.173
henan_north,2010-08-14,0.366,0.298,0.161,0.173
henan_north,2010-08-15,0.322,0.3,0.162,0.173
henan_north,2010-08-16,0.294,0.289,0.163,0.173
henan_north,2010-08-17,0.267,0.276,0.163,0.173
henan_north,2010-08-18,0.265,0.264,0.163,0.173
henan_north,2010-08-19,0.39,0.3,0.163,0.173
henan_north,2010-08-20,0.399,0.375,0.168,0.173
henan_north,2010-08-21,0.404,0.38,0.176,0.173
henan_north,2010-08-22,0.416,0.403,0.191,0.173
henan_north,2010-08-23,0.387,0.38,0.204,0.173
henan_north,2010-08-24,0.419,0.405,0.218,0.173
henan_north,2010-08-25,0.401,0.391,0.238,0.173
henan_north,2010-08-26,0.393,0.388,0.246,0.173
henan_north,2010-08-27,0.382,0.372,0.251,0.173
henan_north,2010-08-28,0.355,0.356,0.254,0.173
henan_north,2010-08-29,0.333,0.341,0.255,0.173
henan_north,2010-08-30,0.317,0.328,0.255,0.173
henan_north,2010-08-31,0.307,0.318,0.255,0.173
henan_north,2010-09-01,0.298,0.309,0.255,0.173
henan_north,2010-09-02,0.286,0.3,0.254,0.173
henan_north,2010-09-03,0.278,0.292,0.253,0.173
henan_north,2010-09-04,0.276,0.285,0.252,0.173
henan_north,2010-09-05,0.294,0.28,0.252,0.173
henan_north,2010-09-06,0.395,0.335,0.252,0.174
henan_north,2010-09-07,0.421,0.41,0.264,0.174
henan_north,2010-09-08,0.402,0.395,0.277,0.174
henan_north,2010-09-09,0.379,0.377,0.282,0.174
henan_north,2010-09-10,0.377,0.368,0.285,0.174
henan_north,2010-09-11,0.353,0.356,0.285,0.174
henan_north,2010-09-12,0.335,0.343,0.286,0.174
henan_north,2010-09-13,0.32,0.331,0.285,0.174
henan_north,2010-09-14,0.307,0.321,0.284,0.174
henan_north,2010-09-15,0.297,0.312,0.284,0.174
henan_north,2010-09-16,0.289,0.305,0.283,0.174
henan_north,2010-09-17,0.316,0.301,0.282,0.174
henan_north,2010-09-18,0.341,0.303,0.281,0.174
henan_north,2010-09-19,0.324,0.305,0.281,0.174
henan_north,2010-09-20,0.31,0.303,0.28,0.175
henan_north,2010-09-21,0.307,0.301,0.28,0.175
henan_north,2010-09-22,0.298,0.298,0.279,0.175
henan_north,2010-09-23,0.285,0.292,0.278,0.175
henan_north,2010-09-24,0.284,0.288,0.277,0.175
henan_north,2010-09-25,0.3,0.288,0.277,0.175
henan_north,2010-09-26,0.292,0.285,0.277,0.175
henan_north,2010-09-27,0.279,0.281,0.276,0.175
henan_north,2010-09-28,0.266,0.276,0.274,0.175
henan_north,2010-09-29,0.255,0.272,0.273,0.175
henan_north,2010-09-30,0.247,0.267,0.272,0.175
henan_north,2010-10-01,0.24,0.262,0.271,0.175
henan_north,2010-10-02,0.233,0.257,0.27,0.175
henan_north,2010-10-03,0.223,0.252,0.269,0.175
henan_north,2010-10-04,0.214,0.247,0.267,0.175
henan_north,2010-10-05,0.207,0.242,0.266,0.175
henan_north,2010-10-06,0.201,0.237,0.265,0.175
henan_north,2010-10-07,0.196,0.234,0.264,0.176
henan_north,2010-10-08,0.192,0.23,0.263,0.176
henan_north,2010-10-09,0.188,0.227,0.262,0.176
henan_north,2010-10-10,0.185,0.224,0.26,0.176
henan_north,2010-10-11,0.183,0.222,0.26,0.176
henan_north,2010-10-12,0.18,0.22,0.259,0.176
henan_north,2010-10-13,0.179,0.218,0.258,0.176
henan_north,2010-10-14,0.176,0.215,0.257,0.176
henan_north,2010-10-15,0.172,0.213,0.256,0.176
henan_north,2010-10-16,0.168,0.21,0.255,0.176
henan_north,2010-10-17,0.165,0.208,0.254,0.176
henan_north,2010-10-18,0.163,0.207,0.253,0.176
henan_north,2010-10-19,0.162,0.205,0.253,0.176
henan_north,2010-10-20,0.161,0.204,0.252,0.176
henan_north,2010-10-21,0.16,0.203,0.251,0.176
henan_north,2010-10-22,0.16,0.202,0.251,0.176
henan_north,2010-10-23,0.159,0.201,0.25,0.176
henan_north,2010-10-24,0.158,0.199,0.249,0.176
henan_north,2010-10-25,0.168,0.198,0.249,0.176
henan_north,2010-10-26,0.166,0.198,0.248,0.176
henan_north,2010-10-27,0.164,0.197,0.248,0.176
henan_north,2010-10-28,0.163,0.196,0.247,0.176
henan_north,2010-10-29,0.161,0.195,0.246,0.176
henan_north,2010-10-30,0.16,0.194,0.246,0.176
henan_north,2010-10-31,0.158,0.193,0.245,0.176
henan_north,2010-11-01,0.157,0.192,0.244,0.176
henan_north,2010-11-02,0.158,0.192,0.244,0.176
henan_north,2010-11-03,0.157,0.191,0.243,0.176
henan_north,2010-11-04,0.155,0.19,0.243,0.176
henan_north,2010-11-05,0.154,0.189,0.242,0.176
henan_north,2010-11-06,0.153,0.188,0.241,0.176
henan_north,2010-11-07,0.151,0.187,0.241,0.176
henan_north,2010-11-08,0.149,0.186,0.24,0.176
henan_north,2010-11-09,0.148,0.185,0.239,0.176
henan_north,2010-11-10,0.147,0.184,0.239,0.176
henan_north,2010-11-11,0.145,0.183,0.238,0.176
henan_north,2010-11-12,0.144,0.182,0.238,0.176
henan_north,2010-11-13,0.143,0.182,0.237,0.176
henan_north,2010-11-14,0.142,0.181,0.236,0.176
henan_north,2010-11-15,0.142,0.18,0.236,0.176
henan_north,2010-11-16,0.141,0.18,0.235,0.176
henan_north,2010-11-17,0.141,0.179,0.235,0.176
henan_north,2010-11-18,0.141,0.179,0.234,0.176
henan_north,2010-11-19,0.14,0.178,0.234,0.176
henan_north,2010-11-20,0.14,0.178,0.233,0.176
henan_north,2010-11-21,0.14,0.177,0.233,0.176
henan_north,2010-11-22,0.139,0.176,0.232,0.176
henan_north,2010-11-23,0.139,0.176,0.232,0.176
henan_north,2010-11-24,0.139,0.175,0.231,0.177
henan_north,2010-11-25,0.138,0.175,0.231,0.177
henan_north,2010-11-26,0.138,0.175,0.23,0.177
henan_north,2010-11-27,0.138,0.174,0.23,0.177
henan_north,2010-11-28,0.137,0.174,0.23,0.177
henan_north,2010-11-29,0.137,0.173,0.229,0.177
henan_north,2010-11-30,0.137,0.173,0.229,0.177
henan_north,2010-12-01,0.136,0.172,0.228,0.177
henan_north,2010-12-02,0.136,0.172,0.228,0.177
henan_north,2010-12-03,0.135,0.171,0.227,0.177
henan_north,2010-12-04,0.135,0.171,0.227,0.177
henan_north,2010-12-05,0.135,0.17,0.226,0.177
henan_north,2010-12-06,0.135,0.17,0.226,0.177
henan_north,2010-12-07,0.135,0.17,0.225,0.177
henan_north,2010-12-08,0.134,0.169,0.225,0.177
henan_north,2010-12-09,0.134,0.169,0.225,0.177
henan_north,2010-12-10,0.134,0.169,0.224,0.177
henan_north,2010-12-11,0.134,0.168,0.224,0.177
henan_north,2010-12-12,0.134,0.168,0.223,0.177
henan_north,2010-12-13,0.134,0.168,0.223,0.177
henan_north,2010-12-14,0.134,0.168,0.223,0.177
henan_north,2010-12-15,0.134,0.168,0.223,0.177
henan_north,2010-12-16,0.134,0.168,0.222,0.177
henan_north,2010-12-17,0.135,0.168,0.222,0.177
henan_north,2010-12-18,0.135,0.167,0.222,0.177
henan_north,2010-12-19,0.135,0.167,0.222,0.177
henan_north,2010-12-20,0.135,0.167,0.221,0.177
henan_north,2010-12-21,0.135,0.167,0.221,0.177
henan_north,2010-12-22,0.135,0.166,0.221,0.177
henan_north,2010-12-23,0.135,0.166,0.22,0.177
henan_north,2010-12-24,0.135,0.166,0.22,0.177
henan_north,2010-12-25,0.135,0.166,0.22,0.177
henan_north,2010-12-26,0.135,0.166,0.22,0.177
henan_north,2010-12-27,0.136,0.166,0.219,0.177
henan_north,2010-12-28,0.136,0.166,0.219,0.177
henan_north,2010-12-29,0.136,0.165,0.219,0.177
henan_north,2010-12-30,0.136,0.165,0.218,0.177
henan_north,2010-12-31,0.136,0.165,0.218,0.177
henan_north,2011-01-01,0.136,0.165,0.218,0.177
henan_north,2011-01-02,0.137,0.165,0.218,0.177
henan_north,2011-01-03,0.137,0.166,0.218,0.177
henan_north,2011-01-04,0.138,0.166,0.218,0.177
henan_north,2011-01-05,0.138,0.166,0.218,0.177
henan_north,2011-01-06,0.139,0.166,0.218,0.177
henan_north,2011-01-07,0.139,0.166,0.217,0.177
henan_north,2011-01-08,0.14,0.166,0.217,0.177
henan_north,2011-01-09,0.14,0.166,0.217,0.177
henan_north,2011-01-10,0.141,0.166,0.217,0.177
henan_north,2011-01-11,0.141,0.166,0.217,0.177
henan_north,2011-01-12,0.141,0.167,0.217,0.177
henan_north,2011-01-13,0.142,0.167,0.217,0.177
henan_north,2011-01-14,0.142,0.167,0.217,0.177
henan_north,2011-01-15,0.142,0.167,0.216,0.177
henan_north,2011-01-16,0.142,0.167,0.216,0.177
henan_north,2011-01-17,0.143,0.167,0.216,0.177
henan_north,2011-01-18,0.143,0.167,0.216,0.177
henan_north,2011-01-19,0.144,0.167,0.216,0.177
henan_north,2011-01-20,0.144,0.167,0.216,0.177
henan_north,2011-01-21,0.144,0.167,0.216,0.177
henan_north,2011-01-22,0.145,0.167,0.216,0.177
henan_north,2011-01-23,0.145,0.167,0.216,0.177
henan_north,2011-01-24,0.145,0.167,0.215,0.177
henan_north,2011-01-25,0.145,0.167,0.215,0.177
henan_north,2011-01-26,0.145,0.167,0.215,0.177
henan_north,2011-01-27,0.145,0.167,0.215,0.177
henan_north,2011-01-28,0.145,0.167,0.215,0.177
henan_north,2011-01-29,0.146,0.167,0.215,0.177
henan_north,2011-01-30,0.146,0.167,0.214,0.177
henan_north,2011-01-31,0.146,0.167,0.214,0.177
henan_north,2011-02-01,0.146,0.167,0.214,0.177
henan_north,2011-02-02,0.146,0.167,0.214,0.177
henan_north,2011-02-03,0.146,0.167,0.214,0.177
henan_north,2011-02-04,0.146,0.167,0.214,0.177
henan_north,2011-02-05,0.145,0.167,0.213,0.177
henan_north,2011-02-06,0.144,0.166,0.213,0.177
henan_north,2011-02-07,0.143,0.166,0.213,0.177
henan_north,2011-02-08,0.143,0.165,0.212,0.177
henan_north,2011-02-09,0.143,0.165,0.212,0.177
henan_north,2011-02-10,0.146,0.165,0.212,0.177
henan_north,2011-02-11,0.153,0.165,0.212,0.177
henan_north,2011-02-12,0.157,0.165,0.211,0.177
henan_north,2011-02-13,0.157,0.165,0.211,0.177
henan_north,2011-02-14,0.158,0.165,0.211,0.177
henan_north,2011-02-15,0.16,0.165,0.211,0.177
henan_north,2011-02-16,0.164,0.165,0.211,0.177
henan_north,2011-02-17,0.171,0.165,0.21,0.177
henan_north,2011-02-18,0.176,0.165,0.21,0.177
henan_north,2011-02-19,0.176,0.165,0.21,0.177
henan_north,2011-02-20,0.176,0.164,0.21,0.177
henan_north,2011-02-21,0.174,0.164,0.209,0.177
henan_north,2011-02-22,0.171,0.164,0.209,0.177
henan_north,2011-02-23,0.167,0.163,0.208,0.177
henan_north,2011-02-24,0.164,0.163,0.208,0.177
henan_north,2011-02-25,0.162,0.162,0.208,0.177
henan_north,2011-02-26,0.226,0.163,0.207,0.177
henan_north,2011-02-27,0.278,0.168,0.207,0.177
henan_north,2011-02-28,0.264,0.173,0.207,0.177
henan_north,2011-03-01,0.263,0.176,0.207,0.177
henan_north,2011-03-02,0.266,0.18,0.207,0.177
henan_north,2011-03-03,0.259,0.183,0.206,0.177
henan_north,2011-03-04,0.249,0.185,0.206,0.177
henan_north,2011-03-05,0.24,0.186,0.206,0.177
henan_north,2011-03-06,0.232,0.186,0.205,0.177
henan_north,2011-03-07,0.223,0.186,0.205,0.177
henan_north,2011-03-08,0.214,0.185,0.205,0.177
henan_north,2011-03-09,0.205,0.184,0.204,0.177
henan_north,2011-03-10,0.197,0.183,0.204,0.177
henan_north,2011-03-11,0.19,0.181,0.203,0.177
henan_north,2011-03-12,0.182,0.179,0.202,0.177
henan_north,2011-03-13,0.175,0.177,0.202,0.177
henan_north,2011-03-14,0.171,0.176,0.201,0.177
henan_north,2011-03-15,0.167,0.175,0.201,0.177
henan_north,2011-03-16,0.161,0.173,0.2,0.177
henan_north,2011-03-17,0.156,0.172,0.199,0.177
henan_north,2011-03-18,0.152,0.17,0.199,0.177
henan_north,2011-03-19,0.151,0.168,0.198,0.177
henan_north,2011-03-20,0.16,0.168,0.198,0.177
henan_north,2011-03-21,0.16,0.167,0.197,0.177
henan_north,2011-03-22,0.156,0.166,0.197,0.177
henan_north,2011-03-23,0.152,0.165,0.196,0.177
henan_north,2011-03-24,0.149,0.163,0.196,0.177
henan_north,2011-03-25,0.146,0.162,0.195,0.177
henan_north,2011-03-26,0.143,0.16,0.194,0.177
henan_north,2011-03-27,0.14,0.159,0.193,0.177
henan_north,2011-03-28,0.137,0.157,0.192,0.177
henan_north,2011-03-29,0.135,0.156,0.192,0.177
henan_north,2011-03-30,0.134,0.154,0.191,0.177
henan_north,2011-03-31,0.133,0.153,0.19,0.177
henan_north,2011-04-01,0.131,0.151,0.189,0.177
henan_north,2011-04-02,0.15,0.151,0.188,0.177
henan_north,2011-04-03,0.164,0.15,0.188,0.177
henan_north,2011-04-04,0.165,0.15,0.187,0.177
henan_north,2011-04-05,0.163,0.149,0.187,0.177
henan_north,2011-04-06,0.159,0.148,0.186,0.176
henan_north,2011-04-07,0.155,0.148,0.185,0.176
henan_north,2011-04-08,0.149,0.146,0.184,0.176
henan_north,2011-04-09,0.144,0.146,0.183,0.176
henan_north,2011-04-10,0.14,0.145,0.182,0.176
henan_north,2011-04-11,0.138,0.144,0.182,0.176
henan_north,2011-04-12,0.136,0.143,0.181,0.176
henan_north,2011-04-13,0.134,0.142,0.18,0.176
henan_north,2011-04-14,0.132,0.142,0.179,0.176
henan_north,2011-04-15,0.13,0.141,0.178,0.176
henan_north,2011-04-16,0.129,0.14,0.177,0.176
henan_north,2011-04-17,0.128,0.139,0.176,0.176
henan_north,2011-04-18,0.126,0.138,0.175,0.176
henan_north,2011-04-19,0.125,0.138,0.174,0.176
henan_north,2011-04-20,0.125,0.138,0.173,0.176
henan_north,2011-04-21,0.132,0.137,0.172,0.176
henan_north,2011-04-22,0.133,0.137,0.171,0.176
henan_north,2011-04-23,0.133,0.137,0.171,0.176
henan_north,2011-04-24,0.131,0.136,0.17,0.176
henan_north,2011-04-25,0.13,0.136,0.169,0.176
henan_north,2011-04-26,0.128,0.136,0.168,0.176
henan_north,2011-04-27,0.128,0.135,0.167,0.176
henan_north,2011-04-28,0.126,0.135,0.166,0.176
henan_north,2011-04-29,0.125,0.135,0.165,0.176
henan_north,2011-04-30,0.126,0.135,0.165,0.175
henan_north,2011-05-01,0.125,0.134,0.164,0.175
henan_north,2011-05-02,0.124,0.134,0.163,0.175
henan_north,2011-05-03,0.124,0.134,0.163,0.175
henan_north,2011-05-04,0.123,0.134,0.162,0.175
henan_north,2011-05-05,0.123,0.134,0.162,0.175
henan_north,2011-05-06,0.122,0.134,0.161,0.175
henan_north,2011-05-07,0.124,0.134,0.16,0.175
henan_north,2011-05-08,0.156,0.134,0.16,0.175
henan_north,2011-05-09,0.172,0.134,0.16,0.175
henan_north,2011-05-10,0.365,0.208,0.16,0.175
henan_north,2011-05-11,0.324,0.266,0.16,0.175
henan_north,2011-05-12,0.288,0.262,0.16,0.175
henan_north,2011-05-13,0.258,0.253,0.16,0.175
henan_north,2011-05-14,0.235,0.243,0.16,0.175
henan_north,2011-05-15,0.215,0.234,0.16,0.175
henan_north,2011-05-16,0.2,0.226,0.159,0.175
henan_north,2011-05-17,0.188,0.219,0.159,0.175
henan_north,2011-05-18,0.176,0.21,0.159,0.175
henan_north,2011-05-19,0.165,0.203,0.158,0.175
henan_north,2011-05-20,0.214,0.2,0.158,0.175
henan_north,2011-05-21,0.3,0.204,0.158,0.175
henan_north,2011-05-22,0.281,0.21,0.158,0.175
henan_north,2011-05-23,0.257,0.209,0.158,0.175
henan_north,2011-05-24,0.235,0.206,0.157,0.175
henan_north,2011-05-25,0.219,0.202,0.157,0.175
henan_north,2011-05-26,0.204,0.198,0.157,0.175
henan_north,2011-05-27,0.188,0.193,0.157,0.175
henan_north,2011-05-28,0.175,0.188,0.156,0.175
henan_north,2011-05-29,0.166,0.184,0.156,0.175
henan_north,2011-05-30,0.161,0.182,0.156,0.175
henan_north,2011-05-31,0.153,0.177,0.155,0.175
henan_north,2011-06-01,0.144,0.172,0.155,0.174
henan_north,2011-06-02,0.139,0.167,0.154,0.174
henan_north,2011-06-03,0.135,0.163,0.154,0.174
henan_north,2011-06-04,0.132,0.159,0.153,0.174
henan_north,2011-06-05,0.129,0.156,0.152,0.174
henan_north,2011-06-06,0.128,0.153,0.152,0.174
henan_north,2011-06-07,0.127,0.15,0.151,0.174
henan_north,2011-06-08,0.125,0.148,0.151,0.174
henan_north,2011-06-09,0.124,0.146,0.15,0.174
henan_north,2011-06-10,0.123,0.144,0.15,0.174
henan_north,2011-06-11,0.122,0.143,0.149,0.174
henan_north,2011-06-12,0.122,0.142,0.149,0.174
henan_north,2011-06-13,0.122,0.141,0.148,0.174
henan_north,2011-06-14,0.121,0.14,0.148,0.174
henan_north,2011-06-15,0.122,0.139,0.148,0.174
henan_north,2011-06-16,0.121,0.138,0.147,0.174
henan_north,2011-06-17,0.121,0.138,0.147,0.174
henan_north,2011-06-18,0.122,0.138,0.147,0.174
henan_north,2011-06-19,0.122,0.137,0.147,0.174
henan_north,2011-06-20,0.121,0.136,0.146,0.173
henan_north,2011-06-21,0.121,0.136,0.146,0.173
henan_north,2011-06-22,0.145,0.136,0.146,0.173
henan_north,2011-06-23,0.241,0.137,0.146,0.173
henan_north,2011-06-24,0.245,0.141,0.145,0.173
henan_north,2011-06-25,0.319,0.154,0.145,0.173
henan_north,2011-06-26,0.273,0.167,0.145,0.173
henan_north,2011-06-27,0.239,0.168,0.145,0.173
henan_north,2011-06-28,0.215,0.167,0.145,0.173
henan_north,2011-06-29,0.192,0.164,0.145,0.173
henan_north,2011-06-30,0.174,0.16,0.144,0.173
henan_north,2011-07-01,0.159,0.157,0.144,0.173
henan_north,2011-07-02,0.187,0.155,0.144,0.173
henan_north,2011-07-03,0.315,0.179,0.144,0.173
henan_north,2011-07-04,0.314,0.209,0.144,0.173
henan_north,2011-07-05,0.346,0.228,0.144,0.173
henan_north,2011-07-06,0.356,0.253,0.144,0.173
henan_north,2011-07-07,0.337,0.294,0.145,0.173
henan_north,2011-07-08,0.287,0.28,0.145,0.173
henan_north,2011-07-09,0.254,0.265,0.146,0.173
henan_north,2011-07-10,0.233,0.253,0.146,0.173
henan_north,2011-07-11,0.213,0.24,0.146,0.173
henan_north,2011-07-12,0.193,0.228,0.146,0.173
henan_north,2011-07-13,0.179,0.217,0.146,0.173
henan_north,2011-07-14,0.167,0.207,0.145,0.173
henan_north,2011-07-15,0.158,0.197,0.145,0.173
henan_north,2011-07-16,0.152,0.187,0.145,0.173
henan_north,2011-07-17,0.143,0.178,0.144,0.172
henan_north,2011-07-18,0.141,0.172,0.144,0.172
henan_north,2011-07-19,0.146,0.167,0.144,0.172
henan_north,2011-07-20,0.144,0.163,0.143,0.172
henan_north,2011-07-21,0.142,0.158,0.143,0.172
henan_north,2011-07-22,0.138,0.155,0.143,0.172
henan_north,2011-07-23,0.138,0.152,0.142,0.172
henan_north,2011-07-24,0.145,0.149,0.142,0.172
henan_north,2011-07-25,0.143,0.146,0.142,0.172
henan_north,2011-07-26,0.135,0.143,0.141,0.172
henan_north,2011-07-27,0.132,0.141,0.141,0.172
henan_north,2011-07-28,0.129,0.139,0.14,0.172
henan_north,2011-07-29,0.156,0.138,0.14,0.172
henan_north,2011-07-30,0.225,0.139,0.14,0.172
henan_north,2011-07-31,0.209,0.14,0.14,0.172
henan_north,2011-08-01,0.265,0.143,0.14,0.172
henan_north,2011-08-02,0.385,0.241,0.14,0.172
henan_north,2011-08-03,0.344,0.314,0.142,0.171
henan_north,2011-08-04,0.313,0.304,0.143,0.171
henan_north,2011-08-05,0.297,0.294,0.144,0.171
henan_north,2011-08-06,0.365,0.312,0.145,0.171
henan_north,2011-08-07,0.359,0.338,0.148,0.171
henan_north,2011-08-08,0.327,0.323,0.151,0.171
henan_north,2011-08-09,0.3,0.306,0.152,0.171
henan_north,2011-08-10,0.337,0.297,0.153,0.171
henan_north,2011-08-11,0.344,0.299,0.154,0.171
henan_north,2011-08-12,0.314,0.293,0.155,0.171
henan_north,2011-08-13,0.289,0.282,0.155,0.171
henan_north,2011-08-14,0.269,0.271,0.156,0.171
henan_north,2011-08-15,0.257,0.262,0.156,0.171
henan_north,2011-08-16,0.27,0.255,0.156,0.171
henan_north,2011-08-17,0.282,0.25,0.156,0.171
henan_north,2011-08-18,0.328,0.252,0.156,0.171
henan_north,2011-08-19,0.314,0.259,0.156,0.171
henan_north,2011-08-20,0.374,0.285,0.157,0.171
henan_north,2011-08-21,0.4,0.344,0.159,0.171
henan_north,2011-08-22,0.372,0.36,0.164,0.171
henan_north,2011-08-23,0.35,0.343,0.168,0.171
henan_north,2011-08-24,0.327,0.328,0.17,0.171
henan_north,2011-08-25,0.304,0.312,0.172,0.171
henan_north,2011-08-26,0.292,0.299,0.172,0.171
henan_north,2011-08-27,0.282,0.288,0.173,0.171
henan_north,2011-08-28,0.266,0.278,0.173,0.171
henan_north,2011-08-29,0.249,0.267,0.173,0.171
henan_north,2011-08-30,0.232,0.256,0.173,0.171
henan_north,2011-08-31,0.216,0.246,0.172,0.171
henan_north,2011-09-01,0.201,0.235,0.172,0.171
henan_north,2011-09-02,0.19,0.227,0.171,0.171
henan_north,2011-09-03,0.184,0.222,0.171,0.171
henan_north,2011-09-04,0.212,0.219,0.171,0.171
henan_north,2011-09-05,0.242,0.218,0.171,0.171
henan_north,2011-09-06,0.266,0.218,0.171,0.171
henan_north,2011-09-07,0.344,0.231,0.171,0.171
henan_north,2011-09-08,0.318,0.247,0.171,0.171
henan_north,2011-09-09,0.292,0.249,0.171,0.171
henan_north,2011-09-10,0.286,0.248,0.171,0.171
henan_north,2011-09-11,0.346,0.259,0.171,0.171
henan_north,2011-09-12,0.415,0.38,0.175,0.171
henan_north,2011-09-13,0.396,0.38,0.186,0.171
henan_north,2011-09-14,0.424,0.412,0.21,0.171
henan_north,2011-09-15,0.408,0.4,0.232,0.171
henan_north,2011-09-16,0.378,0.376,0.241,0.171
henan_north,2011-09-17,0.418,0.393,0.247,0.171
henan_north,2011-09-18,0.415,0.401,0.258,0.171
henan_north,2011-09-19,0.395,0.394,0.269,0.171
henan_north,2011-09-20,0.369,0.371,0.274,0.171
henan_north,2011-09-21,0.35,0.356,0.275,0.171
henan_north,2011-09-22,0.334,0.343,0.276,0.171
henan_north,2011-09-23,0.319,0.331,0.276,0.171
henan_north,2011-09-24,0.307,0.321,0.275,0.171
henan_north,2011-09-25,0.296,0.312,0.274,0.171
henan_north,2011-09-26,0.285,0.303,0.273,0.171
henan_north,2011-09-27,0.281,0.296,0.273,0.171
henan_north,2011-09-28,0.392,0.327,0.272,0.172
henan_north,2011-09-29,0.365,0.35,0.274,0.172
henan_north,2011-09-30,0.346,0.344,0.275,0.172
henan_north,2011-10-01,0.332,0.336,0.275,0.172
henan_north,2011-10-02,0.32,0.328,0.275,0.172
henan_north,2011-10-03,0.31,0.321,0.275,0.172
henan_north,2011-10-04,0.303,0.315,0.275,0.172
henan_north,2011-10-05,0.297,0.309,0.274,0.172
henan_north,2011-10-06,0.287,0.302,0.274,0.172
henan_north,2011-10-07,0.278,0.295,0.273,0.172
henan_north,2011-10-08,0.27,0.29,0.272,0.172
henan_north,2011-10-09,0.287,0.285,0.271,0.172
henan_north,2011-10-10,0.33,0.286,0.271,0.172
henan_north,2011-10-11,0.351,0.3,0.271,0.172
henan_north,2011-10-12,0.352,0.311,0.271,0.172
henan_north,2011-10-13,0.327,0.312,0.271,0.173
henan_north,2011-10-14,0.309,0.308,0.27,0.173
henan_north,2011-10-15,0.294,0.302,0.27,0.173
henan_north,2011-10-16,0.282,0.297,0.269,0.173
henan_north,2011-10-17,0.273,0.291,0.268,0.173
henan_north,2011-10-18,0.267,0.286,0.268,0.173
henan_north,2011-10-19,0.262,0.281,0.267,0.173
henan_north,2011-10-20,0.258,0.277,0.266,0.173
henan_north,2011-10-21,0.254,0.274,0.266,0.173
henan_north,2011-10-22,0.259,0.27,0.265,0.173
henan_north,2011-10-23,0.348,0.277,0.265,0.173
henan_north,2011-10-24,0.325,0.287,0.265,0.173
henan_north,2011-10-25,0.305,0.288,0.264,0.173
henan_north,2011-10-26,0.295,0.286,0.264,0.173
henan_north,2011-10-27,0.287,0.284,0.264,0.173
henan_north,2011-10-28,0.281,0.282,0.263,0.173
henan_north,2011-10-29,0.275,0.28,0.263,0.173
henan_north,2011-10-30,0.27,0.277,0.263,0.173
henan_north,2011-10-31,0.269,0.276,0.262,0.173
henan_north,2011-11-01,0.269,0.274,0.262,0.173
henan_north,2011-11-02,0.264,0.272,0.262,0.173
henan_north,2011-11-03,0.263,0.27,0.261,0.174
henan_north,2011-11-04,0.295,0.27,0.261,0.174
henan_north,2011-11-05,0.309,0.273,0.261,0.174
henan_north,2011-11-06,0.299,0.275,0.261,0.174
henan_north,2011-11-07,0.351,0.283,0.26,0.174
henan_north,2011-11-08,0.356,0.314,0.261,0.174
henan_north,2011-11-09,0.333,0.317,0.261,0.174
henan_north,2011-11-10,0.322,0.315,0.261,0.174
henan_north,2011-11-11,0.314,0.312,0.261,0.174
henan_north,2011-11-12,0.307,0.309,0.262,0.174
henan_north,2011-11-13,0.302,0.306,0.262,0.174
henan_north,2011-11-14,0.296,0.302,0.262,0.174
henan_north,2011-11-15,0.293,0.299,0.261,0.174
henan_north,2011-11-16,0.309,0.297,0.262,0.174
henan_north,2011-11-17,0.376,0.313,0.262,0.174
henan_north,2011-11-18,0.381,0.342,0.263,0.174
henan_north,2011-11-19,0.352,0.344,0.264,0.174
henan_north,2011-11-20,0.34,0.339,0.265,0.174
henan_north,2011-11-21,0.336,0.334,0.266,0.174
henan_north,2011-11-22,0.361,0.335,0.266,0.174
henan_north,2011-11-23,0.341,0.334,0.267,0.174
henan_north,2011-11-24,0.332,0.33,0.268,0.175
henan_north,2011-11-25,0.325,0.326,0.268,0.175
henan_north,2011-11-26,0.32,0.322,0.269,0.175
henan_north,2011-11-27,0.316,0.319,0.269,0.175
henan_north,2011-11-28,0.316,0.316,0.269,0.175
henan_north,2011-11-29,0.369,0.334,0.27,0.175
henan_north,2011-11-30,0.374,0.361,0.272,0.175
henan_north,2011-12-01,0.363,0.357,0.274,0.175
henan_north,2011-12-02,0.361,0.352,0.275,0.175
henan_north,2011-12-03,0.36,0.35,0.277,0.175
henan_north,2011-12-04,0.364,0.349,0.278,0.175
henan_north,2011-12-05,0.377,0.351,0.279,0.175
henan_north,2011-12-06,0.374,0.357,0.281,0.175
henan_north,2011-12-07,0.37,0.357,0.283,0.175
henan_north,2011-12-08,0.36,0.354,0.284,0.175
henan_north,2011-12-09,0.352,0.35,0.286,0.176
henan_north,2011-12-10,0.346,0.345,0.286,0.176
henan_north,2011-12-11,0.343,0.341,0.287,0.176
henan_north,2011-12-12,0.34,0.338,0.288,0.176
henan_north,2011-12-13,0.336,0.335,0.288,0.176
henan_north,2011-12-14,0.332,0.332,0.288,0.176
henan_north,2011-12-15,0.326,0.329,0.289,0.176
henan_north,2011-12-16,0.323,0.326,0.289,0.176
henan_north,2011-12-17,0.321,0.323,0.289,0.176
henan_north,2011-12-18,0.319,0.321,0.289,0.176
henan_north,2011-12-19,0.317,0.319,0.289,0.177
henan_north,2011-12-20,0.315,0.317,0.289,0.177
henan_north,2011-12-21,0.313,0.316,0.289,0.177
henan_north,2011-12-22,0.311,0.313,0.289,0.177
henan_north,2011-12-23,0.308,0.312,0.289,0.177
henan_north,2011-12-24,0.306,0.31,0.289,0.177
henan_north,2011-12-25,0.303,0.308,0.289,0.177
henan_north,2011-12-26,0.302,0.306,0.288,0.177
henan_north,2011-12-27,0.301,0.305,0.288,0.177
henan_north,2011-12-28,0.3,0.304,0.288,0.178
henan_north,2011-12-29,0.298,0.302,0.288,0.178
henan_north,2011-12-30,0.297,0.301,0.288,0.178
henan_north,2011-12-31,0.295,0.3,0.287,0.178
henan_north,2012-01-01,0.294,0.298,0.287,0.178
henan_north,2012-01-02,0.292,0.297,0.287,0.178
henan_north,2012-01-03,0.29,0.296,0.286,0.178
henan_north,2012-01-04,0.289,0.294,0.286,0.178
henan_north,2012-01-05,0.289,0.294,0.286,0.178
henan_north,2012-01-06,0.289,0.293,0.286,0.178
henan_north,2012-01-07,0.288,0.293,0.286,0.178
henan_north,2012-01-08,0.287,0.292,0.285,0.179
henan_north,2012-01-09,0.286,0.291,0.285,0.179
henan_north,2012-01-10,0.285,0.29,0.285,0.179
henan_north,2012-01-11,0.284,0.289,0.285,0.179
henan_north,2012-01-12,0.282,0.288,0.284,0.179
henan_north,2012-01-13,0.281,0.287,0.284,0.179
henan_north,2012-01-14,0.281,0.286,0.284,0.179
henan_north,2012-01-15,0.28,0.285,0.283,0.179
henan_north,2012-01-16,0.279,0.284,0.283,0.179
henan_north,2012-01-17,0.28,0.284,0.283,0.179
henan_north,2012-01-18,0.28,0.283,0.283,0.179
henan_north,2012-01-19,0.28,0.283,0.282,0.18
henan_north,2012-01-20,0.28,0.282,0.282,0.18
henan_north,2012-01-21,0.279,0.281,0.282,0.18
henan_north,2012-01-22,0.277,0.281,0.281,0.18
henan_north,2012-01-23,0.277,0.28,0.281,0.18
henan_north,2012-01-24,0.277,0.28,0.281,0.18
henan_north,2012-01-25,0.277,0.28,0.281,0.18
henan_north,2012-01-26,0.277,0.28,0.28,0.18
henan_north,2012-01-27,0.277,0.279,0.28,0.18
henan_north,2012-01-28,0.275,0.278,0.28,0.18
henan_north,2012-01-29,0.273,0.277,0.279,0.18
henan_north,2012-01-30,0.271,0.276,0.279,0.18
henan_north,2012-01-31,0.269,0.275,0.279,0.18
henan_north,2012-02-01,0.266,0.274,0.278,0.181
henan_north,2012-02-02,0.264,0.273,0.278,0.181
henan_north,2012-02-03,0.262,0.272,0.278,0.181
henan_north,2012-02-04,0.261,0.27,0.277,0.181
henan_north,2012-02-05,0.26,0.27,0.277,0.181
henan_north,2012-02-06,0.259,0.268,0.276,0.181
henan_north,2012-02-07,0.256,0.267,0.276,0.181
henan_north,2012-02-08,0.255,0.266,0.276,0.181
henan_north,2012-02-09,0.253,0.265,0.275,0.181
henan_north,2012-02-10,0.252,0.264,0.275,0.181
henan_north,2012-02-11,0.25,0.263,0.275,0.181
henan_north,2012-02-12,0.25,0.262,0.274,0.181
henan_north,2012-02-13,0.249,0.261,0.274,0.181
henan_north,2012-02-14,0.247,0.259,0.273,0.181
henan_north,2012-02-15,0.245,0.258,0.273,0.181
henan_north,2012-02-16,0.242,0.256,0.272,0.182
henan_north,2012-02-17,0.24,0.255,0.272,0.182
henan_north,2012-02-18,0.238,0.253,0.271,0.182
henan_north,2012-02-19,0.235,0.252,0.271,0.182
henan_north,2012-02-20,0.233,0.25,0.27,0.182
henan_north,2012-02-21,0.23,0.248,0.269,0.182
henan_north,2012-02-22,0.228,0.246,0.269,0.182
henan_north,2012-02-23,0.225,0.245,0.268,0.182
henan_north,2012-02-24,0.222,0.243,0.268,0.182
henan_north,2012-02-25,0.218,0.241,0.267,0.182
henan_north,2012-02-26,0.216,0.239,0.266,0.182
henan_north,2012-02-27,0.213,0.237,0.266,0.182
henan_north,2012-02-28,0.211,0.236,0.265,0.182
henan_north,2012-02-29,0.209,0.234,0.264,0.182
henan_north,2012-03-01,0.24,0.234,0.264,0.182
henan_north,2012-03-02,0.282,0.236,0.264,0.182
henan_north,2012-03-03,0.271,0.238,0.263,0.182
henan_north,2012-03-04,0.264,0.238,0.263,0.182
henan_north,2012-03-05,0.257,0.238,0.262,0.182
henan_north,2012-03-06,0.249,0.237,0.262,0.182
henan_north,2012-03-07,0.241,0.235,0.261,0.182
henan_north,2012-03-08,0.234,0.234,0.26,0.182
henan_north,2012-03-09,0.227,0.232,0.259,0.183
henan_north,2012-03-10,0.221,0.23,0.258,0.183
henan_north,2012-03-11,0.215,0.228,0.258,0.183
henan_north,2012-03-12,0.21,0.226,0.257,0.183
henan_north,2012-03-13,0.204,0.224,0.256,0.183
henan_north,2012-03-14,0.199,0.221,0.255,0.183
henan_north,2012-03-15,0.201,0.219,0.254,0.183
henan_north,2012-03-16,0.212,0.218,0.254,0.183
henan_north,2012-03-17,0.206,0.216,0.253,0.183
henan_north,2012-03-18,0.2,0.215,0.252,0.183
henan_north,2012-03-19,0.198,0.213,0.251,0.183
henan_north,2012-03-20,0.198,0.212,0.251,0.183
henan_north,2012-03-21,0.25,0.212,0.25,0.183
henan_north,2012-03-22,0.313,0.222,0.25,0.183
henan_north,2012-03-23,0.291,0.228,0.25,0.183
henan_north,2012-03-24,0.266,0.228,0.249,0.183
henan_north,2012-03-25,0.248,0.226,0.247,0.183
henan_north,2012-03-26,0.235,0.223,0.246,0.183
henan_north,2012-03-27,0.223,0.219,0.245,0.183
henan_north,2012-03-28,0.209,0.215,0.244,0.183
henan_north,2012-03-29,0.2,0.211,0.243,0.183
henan_north,2012-03-30,0.19,0.208,0.241,0.183
henan_north,2012-03-31,0.18,0.203,0.239,0.183
henan_north,2012-04-01,0.171,0.199,0.238,0.183
henan_north,2012-04-02,0.17,0.197,0.237,0.183
henan_north,2012-04-03,0.172,0.194,0.236,0.183
henan_north,2012-04-04,0.164,0.191,0.234,0.183
henan_north,2012-04-05,0.157,0.187,0.233,0.183
henan_north,2012-04-06,0.151,0.183,0.231,0.183
henan_north,2012-04-07,0.146,0.179,0.229,0.183
henan_north,2012-04-08,0.141,0.175,0.227,0.183
henan_north,2012-04-09,0.139,0.172,0.225,0.183
henan_north,2012-04-10,0.138,0.17,0.224,0.183
henan_north,2012-04-11,0.137,0.169,0.223,0.183
henan_north,2012-04-12,0.162,0.168,0.222,0.183
henan_north,2012-04-13,0.168,0.166,0.221,0.183
henan_north,2012-04-14,0.159,0.164,0.22,0.183
henan_north,2012-04-15,0.153,0.162,0.218,0.183
henan_north,2012-04-16,0.148,0.16,0.217,0.183
henan_north,2012-04-17,0.144,0.159,0.216,0.183
henan_north,2012-04-18,0.141,0.158,0.214,0.182
henan_north,2012-04-19,0.139,0.156,0.213,0.182
henan_north,2012-04-20,0.139,0.155,0.212,0.182
henan_north,2012-04-21,0.14,0.154,0.211,0.182
henan_north,2012-04-22,0.139,0.153,0.21,0.182
henan_north,2012-04-23,0.143,0.152,0.209,0.182
henan_north,2012-04-24,0.341,0.17,0.208,0.182
henan_north,2012-04-25,0.297,0.194,0.207,0.182
henan_north,2012-04-26,0.257,0.194,0.206,0.182
henan_north,2012-04-27,0.23,0.192,0.205,0.182
henan_north,2012-04-28,0.209,0.188,0.204,0.182
henan_north,2012-04-29,0.192,0.184,0.203,0.182
henan_north,2012-04-30,0.181,0.181,0.202,0.182
henan_north,2012-05-01,0.175,0.179,0.201,0.182
henan_north,2012-05-02,0.166,0.175,0.2,0.182
henan_north,2012-05-03,0.157,0.172,0.198,0.182
henan_north,2012-05-04,0.15,0.168,0.197,0.182
henan_north,2012-05-05,0.143,0.165,0.196,0.182
henan_north,2012-05-06,0.138,0.161,0.194,0.182
henan_north,2012-05-07,0.141,0.159,0.193,0.182
henan_north,2012-05-08,0.147,0.157,0.192,0.182
henan_north,2012-05-09,0.145,0.155,0.191,0.182
henan_north,2012-05-10,0.147,0.154,0.19,0.182
henan_north,2012-05-11,0.144,0.152,0.189,0.182
henan_north,2012-05-12,0.182,0.151,0.188,0.182
henan_north,2012-05-13,0.181,0.151,0.187,0.182
henan_north,2012-05-14,0.168,0.149,0.186,0.182
henan_north,2012-05-15,0.156,0.147,0.185,0.182
henan_north,2012-05-16,0.148,0.146,0.183,0.181
henan_north,2012-05-17,0.145,0.145,0.182,0.181
henan_north,2012-05-18,0.14,0.143,0.181,0.181
henan_north,2012-05-19,0.138,0.142,0.18,0.181
henan_north,2012-05-20,0.135,0.141,0.179,0.181
henan_north,2012-05-21,0.132,0.141,0.177,0.181
henan_north,2012-05-22,0.131,0.14,0.177,0.181
henan_north,2012-05-23,0.132,0.14,0.176,0.181
henan_north,2012-05-24,0.133,0.139,0.176,0.181
henan_north,2012-05-25,0.131,0.139,0.175,0.181
henan_north,2012-05-26,0.129,0.138,0.174,0.181
henan_north,2012-05-27,0.128,0.138,0.173,0.181
henan_north,2012-05-28,0.128,0.137,0.172,0.181
henan_north,2012-05-29,0.127,0.137,0.171,0.181
henan_north,2012-05-30,0.126,0.137,0.17,0.181
henan_north,2012-05-31,0.125,0.136,0.17,0.181
henan_north,2012-06-01,0.125,0.136,0.169,0.181
henan_north,2012-06-02,0.124,0.136,0.169,0.181
henan_north,2012-06-03,0.123,0.136,0.168,0.181
henan_north,2012-06-04,0.123,0.135,0.167,0.181
henan_north,2012-06-05,0.122,0.135,0.166,0.181
henan_north,2012-06-06,0.122,0.135,0.165,0.18
henan_north,2012-06-07,0.122,0.135,0.165,0.18
henan_north,2012-06-08,0.121,0.134,0.164,0.18
henan_north,2012-06-09,0.121,0.134,0.163,0.18
henan_north,2012-06-10,0.12,0.134,0.162,0.18
henan_north,2012-06-11,0.12,0.134,0.161,0.18
henan_north,2012-06-12,0.12,0.134,0.16,0.18
henan_north,2012-06-13,0.12,0.134,0.159,0.18
henan_north,2012-06-14,0.12,0.133,0.158,0.18
henan_north,2012-06-15,0.12,0.133,0.158,0.18
henan_north,2012-06-16,0.12,0.133,0.157,0.18
henan_north,2012-06-17,0.12,0.133,0.156,0.18
henan_north,2012-06-18,0.12,0.133,0.155,0.18
henan_north,2012-06-19,0.12,0.133,0.155,0.18
henan_north,2012-06-20,0.12,0.133,0.154,0.179
henan_north,2012-06-21,0.12,0.133,0.153,0.179
henan_north,2012-06-22,0.121,0.133,0.152,0.179
henan_north,2012-06-23,0.125,0.133,0.152,0.179
henan_north,2012-06-24,0.135,0.133,0.151,0.179
henan_north,2012-06-25,0.135,0.133,0.151,0.179
henan_north,2012-06-26,0.143,0.133,0.151,0.179
henan_north,2012-06-27,0.165,0.133,0.15,0.179
henan_north,2012-06-28,0.16,0.133,0.15,0.179
henan_north,2012-06-29,0.176,0.133,0.15,0.179
henan_north,2012-06-30,0.2,0.134,0.15,0.179
henan_north,2012-07-01,0.18,0.134,0.149,0.179
henan_north,2012-07-02,0.163,0.134,0.149,0.179
henan_north,2012-07-03,0.151,0.134,0.149,0.179
henan_north,2012-07-04,0.19,0.134,0.148,0.179
henan_north,2012-07-05,0.355,0.281,0.148,0.179
henan_north,2012-07-06,0.304,0.284,0.149,0.179
henan_north,2012-07-07,0.314,0.276,0.15,0.179
henan_north,2012-07-08,0.368,0.308,0.151,0.179
henan_north,2012-07-09,0.376,0.319,0.153,0.179
henan_north,2012-07-10,0.395,0.361,0.157,0.179
henan_north,2012-07-11,0.354,0.352,0.163,0.179
henan_north,2012-07-12,0.322,0.329,0.166,0.179
henan_north,2012-07-13,0.297,0.31,0.167,0.179
henan_north,2012-07-14,0.287,0.298,0.168,0.179
henan_north,2012-07-15,0.273,0.286,0.168,0.179
henan_north,2012-07-16,0.254,0.274,0.168,0.178
henan_north,2012-07-17,0.234,0.261,0.168,0.178
henan_north,2012-07-18,0.221,0.249,0.168,0.178
henan_north,2012-07-19,0.205,0.238,0.168,0.178
henan_north,2012-07-20,0.191,0.228,0.167,0.178
henan_north,2012-07-21,0.194,0.221,0.167,0.178
henan_north,2012-07-22,0.202,0.217,0.166,0.178
henan_north,2012-07-23,0.194,0.211,0.166,0.178
henan_north,2012-07-24,0.188,0.203,0.165,0.178
henan_north,2012-07-25,0.352,0.262,0.165,0.178
henan_north,2012-07-26,0.307,0.271,0.165,0.178
henan_north,2012-07-27,0.271,0.26,0.165,0.178
henan_north,2012-07-28,0.245,0.249,0.165,0.178
henan_north,2012-07-29,0.22,0.237,0.164,0.178
henan_north,2012-07-30,0.244,0.228,0.164,0.178
henan_north,2012-07-31,0.355,0.258,0.164,0.178
henan_north,2012-08-01,0.37,0.289,0.164,0.178
henan_north,2012-08-02,0.326,0.299,0.165,0.178
henan_north,2012-08-03,0.293,0.289,0.165,0.178
henan_north,2012-08-04,0.322,0.283,0.166,0.178
henan_north,2012-08-05,0.405,0.381,0.17,0.178
henan_north,2012-08-06,0.371,0.366,0.178,0.178
henan_north,2012-08-07,0.342,0.344,0.182,0.178
henan_north,2012-08-08,0.315,0.324,0.184,0.178
henan_north,2012-08-09,0.292,0.307,0.184,0.178
henan_north,2012-08-10,0.272,0.292,0.185,0.178
henan_north,2012-08-11,0.253,0.278,0.185,0.178
henan_north,2012-08-12,0.239,0.266,0.184,0.178
henan_north,2012-08-13,0.306,0.262,0.184,0.178
henan_north,2012-08-14,0.294,0.261,0.184,0.178
henan_north,2012-08-15,0.274,0.257,0.184,0.178
henan_north,2012-08-16,0.25,0.249,0.183,0.178
henan_north,2012-08-17,0.23,0.24,0.183,0.178
henan_north,2012-08-18,0.222,0.233,0.182,0.178
henan_north,2012-08-19,0.223,0.228,0.182,0.178
henan_north,2012-08-20,0.345,0.242,0.182,0.177
henan_north,2012-08-21,0.349,0.276,0.182,0.177
henan_north,2012-08-22,0.309,0.278,0.182,0.177
henan_north,2012-08-23,0.277,0.269,0.182,0.177
henan_north,2012-08-24,0.253,0.258,0.181,0.177
henan_north,2012-08-25,0.233,0.248,0.181,0.177
henan_north,2012-08-26,0.218,0.239,0.18,0.177
henan_north,2012-08-27,0.271,0.235,0.18,0.177
henan_north,2012-08-28,0.268,0.234,0.179,0.177
henan_north,2012-08-29,0.243,0.227,0.179,0.177
henan_north,2012-08-30,0.221,0.22,0.178,0.177
henan_north,2012-08-31,0.212,0.214,0.178,0.177
henan_north,2012-09-01,0.275,0.213,0.177,0.177
henan_north,2012-09-02,0.367,0.244,0.177,0.177
henan_north,2012-09-03,0.312,0.261,0.177,0.177
henan_north,2012-09-04,0.279,0.256,0.177,0.177
henan_north,2012-09-05,0.259,0.25,0.177,0.177
henan_north,2012-09-06,0.242,0.243,0.177,0.177
henan_north,2012-09-07,0.229,0.237,0.176,0.177
henan_north,2012-09-08,0.306,0.239,0.176,0.177
henan_north,2012-09-09,0.314,0.253,0.176,0.177
henan_north,2012-09-10,0.284,0.251,0.176,0.177
henan_north,2012-09-11,0.349,0.262,0.176,0.177
henan_north,2012-09-12,0.326,0.277,0.176,0.177
henan_north,2012-09-13,0.303,0.275,0.176,0.177
henan_north,2012-09-14,0.277,0.268,0.176,0.177
henan_north,2012-09-15,0.257,0.26,0.176,0.177
henan_north,2012-09-16,0.24,0.252,0.176,0.177
henan_north,2012-09-17,0.225,0.245,0.176,0.177
henan_north,2012-09-18,0.217,0.238,0.175,0.177
henan_north,2012-09-19,0.22,0.232,0.175,0.177
henan_north,2012-09-20,0.218,0.227,0.175,0.177
henan_north,2012-09-21,0.212,0.224,0.175,0.177
henan_north,2012-09-22,0.208,0.221,0.175,0.177
henan_north,2012-09-23,0.201,0.217,0.174,0.177
henan_north,2012-09-24,0.193,0.213,0.174,0.177
henan_north,2012-09-25,0.197,0.21,0.174,0.177
henan_north,2012-09-26,0.222,0.208,0.174,0.177
henan_north,2012-09-27,0.215,0.206,0.173,0.177
henan_north,2012-09-28,0.202,0.203,0.173,0.177
henan_north,2012-09-29,0.19,0.199,0.172,0.177
henan_north,2012-09-30,0.181,0.195,0.172,0.177
henan_north,2012-10-01,0.173,0.192,0.172,0.177
henan_north,2012-10-02,0.165,0.188,0.171,0.177
henan_north,2012-10-03,0.159,0.185,0.171,0.177
henan_north,2012-10-04,0.153,0.182,0.17,0.177
henan_north,2012-10-05,0.156,0.18,0.17,0.177
henan_north,2012-10-06,0.155,0.178,0.17,0.177
henan_north,2012-10-07,0.151,0.177,0.169,0.176
henan_north,2012-10-08,0.149,0.175,0.169,0.176
henan_north,2012-10-09,0.145,0.173,0.169,0.176
henan_north,2012-10-10,0.142,0.171,0.168,0.176
henan_north,2012-10-11,0.139,0.169,0.168,0.176
henan_north,2012-10-12,0.137,0.168,0.168,0.176
henan_north,2012-10-13,0.136,0.166,0.168,0.176
henan_north,2012-10-14,0.134,0.165,0.167,0.176
henan_north,2012-10-15,0.134,0.164,0.167,0.176
henan_north,2012-10-16,0.133,0.163,0.167,0.176
henan_north,2012-10-17,0.133,0.162,0.167,0.176
henan_north,2012-10-18,0.132,0.161,0.166,0.176
henan_north,2012-10-19,0.131,0.16,0.166,0.176
henan_north,2012-10-20,0.13,0.159,0.166,0.176
henan_north,2012-10-21,0.135,0.158,0.166,0.176
henan_north,2012-10-22,0.147,0.158,0.166,0.176
henan_north,2012-10-23,0.144,0.157,0.165,0.176
henan_north,2012-10-24,0.141,0.156,0.165,0.176
henan_north,2012-10-25,0.139,0.155,0.165,0.176
henan_north,2012-10-26,0.138,0.155,0.165,0.176
henan_north,2012-10-27,0.137,0.154,0.165,0.176
henan_north,2012-10-28,0.136,0.153,0.164,0.176
henan_north,2012-10-29,0.157,0.153,0.164,0.176
henan_north,2012-10-30,0.157,0.153,0.164,0.176
henan_north,2012-10-31,0.154,0.152,0.164,0.176
henan_north,2012-11-01,0.151,0.152,0.164,0.176
henan_north,2012-11-02,0.149,0.151,0.164,0.176
henan_north,2012-11-03,0.185,0.151,0.163,0.176
henan_north,2012-11-04,0.207,0.152,0.163,0.176
henan_north,2012-11-05,0.199,0.152,0.163,0.176
henan_north,2012-11-06,0.194,0.152,0.163,0.176
henan_north,2012-11-07,0.189,0.152,0.163,0.176
henan_north,2012-11-08,0.186,0.152,0.163,0.176
henan_north,2012-11-09,0.182,0.152,0.163,0.176
henan_north,2012-11-10,0.204,0.153,0.163,0.176
henan_north,2012-11-11,0.215,0.154,0.163,0.176
henan_north,2012-11-12,0.207,0.154,0.163,0.176
henan_north,2012-11-13,0.2,0.154,0.163,0.176
henan_north,2012-11-14,0.194,0.154,0.162,0.176
henan_north,2012-11-15,0.189,0.154,0.162,0.176
henan_north,2012-11-16,0.187,0.155,0.162,0.176
henan_north,2012-11-17,0.183,0.154,0.162,0.176
henan_north,2012-11-18,0.18,0.154,0.162,0.176
henan_north,2012-11-19,0.176,0.154,0.162,0.176
henan_north,2012-11-20,0.173,0.154,0.162,0.176
henan_north,2012-11-21,0.171,0.154,0.162,0.176
henan_north,2012-11-22,0.169,0.154,0.162,0.176
henan_north,2012-11-23,0.167,0.154,0.162,0.176
henan_north,2012-11-24,0.165,0.154,0.162,0.176
henan_north,2012-11-25,0.216,0.154,0.162,0.176
henan_north,2012-11-26,0.23,0.156,0.162,0.176
henan_north,2012-11-27,0.221,0.157,0.161,0.176
henan_north,2012-11-28,0.213,0.158,0.161,0.176
henan_north,2012-11-29,0.207,0.158,0.161,0.176
henan_north,2012-11-30,0.203,0.158,0.161,0.176
henan_north,2012-12-01,0.199,0.159,0.161,0.176
henan_north,2012-12-02,0.199,0.159,0.161,0.176
henan_north,2012-12-03,0.199,0.159,0.161,0.176
henan_north,2012-12-04,0.196,0.159,0.161,0.176
henan_north,2012-12-05,0.194,0.16,0.161,0.176
henan_north,2012-12-06,0.191,0.16,0.161,0.176
henan_north,2012-12-07,0.188,0.16,0.161,0.176
henan_north,2012-12-08,0.186,0.16,0.161,0.176
henan_north,2012-12-09,0.184,0.16,0.161,0.176
henan_north,2012-12-10,0.182,0.16,0.161,0.176
henan_north,2012-12-11,0.181,0.16,0.161,0.176
henan_north,2012-12-12,0.179,0.16,0.161,0.176
henan_north,2012-12-13,0.179,0.16,0.161,0.176
henan_north,2012-12-14,0.188,0.16,0.161,0.176
henan_north,2012-12-15,0.204,0.16,0.161,0.176
henan_north,2012-12-16,0.221,0.161,0.161,0.176
henan_north,2012-12-17,0.228,0.162,0.161,0.176
henan_north,2012-12-18,0.225,0.164,0.161,0.176
henan_north,2012-12-19,0.221,0.165,0.161,0.176
henan_north,2012-12-20,0.218,0.166,0.161,0.176
henan_north,2012-12-21,0.221,0.166,0.161,0.176
henan_north,2012-12-22,0.227,0.167,0.161,0.176
henan_north,2012-12-23,0.227,0.169,0.161,0.176
henan_north,2012-12-24,0.224,0.17,0.161,0.176
henan_north,2012-12-25,0.221,0.171,0.161,0.176
henan_north,2012-12-26,0.219,0.172,0.161,0.176
henan_north,2012-12-27,0.219,0.172,0.161,0.176
henan_north,2012-12-28,0.223,0.173,0.161,0.176
henan_north,2012-12-29,0.225,0.174,0.161,0.176
henan_north,2012-12-30,0.223,0.175,0.161,0.176
henan_north,2012-12-31,0.222,0.176,0.161,0.176
henan_north,2013-01-01,0.224,0.177,0.161,0.176
henan_north,2013-01-02,0.224,0.178,0.161,0.176
henan_north,2013-01-03,0.221,0.178,0.161,0.176
henan_north,2013-01-04,0.219,0.179,0.161,0.176
henan_north,2013-01-05,0.217,0.18,0.161,0.176
henan_north,2013-01-06,0.217,0.18,0.161,0.176
henan_north,2013-01-07,0.217,0.181,0.161,0.176
henan_north,2013-01-08,0.217,0.181,0.161,0.176
henan_north,2013-01-09,0.215,0.182,0.161,0.176
henan_north,2013-01-10,0.214,0.182,0.161,0.176
henan_north,2013-01-11,0.212,0.182,0.161,0.176
henan_north,2013-01-12,0.21,0.183,0.161,0.176
henan_north,2013-01-13,0.208,0.183,0.161,0.176
henan_north,2013-01-14,0.206,0.183,0.161,0.176
henan_north,2013-01-15,0.204,0.183,0.161,0.176
henan_north,2013-01-16,0.202,0.183,0.161,0.176
henan_north,2013-01-17,0.201,0.183,0.161,0.176
henan_north,2013-01-18,0.2,0.183,0.161,0.176
henan_north,2013-01-19,0.198,0.183,0.161,0.176
henan_north,2013-01-20,0.202,0.183,0.161,0.176
henan_north,2013-01-21,0.206,0.183,0.161,0.176
henan_north,2013-01-22,0.214,0.183,0.161,0.176
henan_north,2013-01-23,0.219,0.183,0.161,0.176
henan_north,2013-01-24,0.221,0.184,0.161,0.176
henan_north,2013-01-25,0.218,0.184,0.161,0.176
henan_north,2013-01-26,0.215,0.184,0.161,0.176
henan_north,2013-01-27,0.212,0.184,0.161,0.176
henan_north,2013-01-28,0.21,0.184,0.161,0.176
henan_north,2013-01-29,0.207,0.184,0.16,0.176
henan_north,2013-01-30,0.204,0.183,0.16,0.176
henan_north,2013-01-31,0.203,0.183,0.16,0.176
henan_north,2013-02-01,0.201,0.183,0.16,0.176
henan_north,2013-02-02,0.198,0.183,0.16,0.176
henan_north,2013-02-03,0.248,0.184,0.16,0.176
henan_north,2013-02-04,0.274,0.188,0.16,0.176
henan_north,2013-02-05,0.268,0.191,0.16,0.176
henan_north,2013-02-06,0.268,0.195,0.16,0.176
henan_north,2013-02-07,0.261,0.197,0.16,0.176
henan_north,2013-02-08,0.251,0.199,0.16,0.176
henan_north,2013-02-09,0.246,0.2,0.16,0.176
henan_north,2013-02-10,0.241,0.201,0.16,0.176
henan_north,2013-02-11,0.237,0.202,0.16,0.176
henan_north,2013-02-12,0.238,0.202,0.16,0.176
henan_north,2013-02-13,0.24,0.202,0.16,0.176
henan_north,2013-02-14,0.239,0.202,0.16,0.176
henan_north,2013-02-15,0.235,0.202,0.16,0.176
henan_north,2013-02-16,0.231,0.202,0.16,0.176
henan_north,2013-02-17,0.226,0.202,0.16,0.176
henan_north,2013-02-18,0.221,0.201,0.16,0.176
henan_north,2013-02-19,0.218,0.201,0.16,0.176
henan_north,2013-02-20,0.214,0.2,0.16,0.176
henan_north,2013-02-21,0.21,0.199,0.16,0.176
henan_north,2013-02-22,0.206,0.198,0.16,0.176
henan_north,2013-02-23,0.201,0.197,0.16,0.176
henan_north,2013-02-24,0.197,0.196,0.16,0.176
henan_north,2013-02-25,0.194,0.195,0.16,0.176
henan_north,2013-02-26,0.19,0.194,0.16,0.176
henan_north,2013-02-27,0.187,0.193,0.16,0.176
henan_north,2013-02-28,0.185,0.192,0.16,0.176
henan_north,2013-03-01,0.183,0.19,0.16,0.176
henan_north,2013-03-02,0.179,0.189,0.16,0.176
henan_north,2013-03-03,0.175,0.187,0.16,0.176
henan_north,2013-03-04,0.169,0.185,0.159,0.176
henan_north,2013-03-05,0.165,0.183,0.159,0.176
henan_north,2013-03-06,0.162,0.181,0.159,0.175
henan_north,2013-03-07,0.157,0.179,0.159,0.175
henan_north,2013-03-08,0.153,0.177,0.159,0.175
henan_north,2013-03-09,0.148,0.174,0.158,0.175
henan_north,2013-03-10,0.144,0.172,0.158,0.175
henan_north,2013-03-11,0.143,0.17,0.158,0.175
henan_north,2013-03-12,0.143,0.169,0.158,0.175
henan_north,2013-03-13,0.141,0.168,0.158,0.175
henan_north,2013-03-14,0.14,0.167,0.157,0.175
henan_north,2013-03-15,0.139,0.166,0.157,0.175
henan_north,2013-03-16,0.139,0.165,0.157,0.175
henan_north,2013-03-17,0.148,0.164,0.157,0.175
henan_north,2013-03-18,0.144,0.162,0.157,0.175
henan_north,2013-03-19,0.142,0.16,0.156,0.175
henan_north,2013-03-20,0.14,0.159,0.156,0.175
henan_north,2013-03-21,0.139,0.159,0.156,0.175
henan_north,2013-03-22,0.138,0.158,0.156,0.175
henan_north,2013-03-23,0.137,0.156,0.156,0.175
henan_north,2013-03-24,0.135,0.155,0.155,0.175
henan_north,2013-03-25,0.135,0.155,0.155,0.175
henan_north,2013-03-26,0.151,0.154,0.155,0.175
henan_north,2013-03-27,0.158,0.154,0.155,0.175
henan_north,2013-03-28,0.153,0.152,0.155,0.175
henan_north,2013-03-29,0.151,0.152,0.155,0.175
henan_north,2013-03-30,0.15,0.151,0.155,0.175
henan_north,2013-03-31,0.148,0.151,0.154,0.175
henan_north,2013-04-01,0.145,0.15,0.154,0.175
henan_north,2013-04-02,0.141,0.149,0.154,0.175
henan_north,2013-04-03,0.139,0.148,0.154,0.175
henan_north,2013-04-04,0.137,0.147,0.153,0.175
henan_north,2013-04-05,0.146,0.146,0.153,0.175
henan_north,2013-04-06,0.152,0.146,0.153,0.175
henan_north,2013-04-07,0.147,0.145,0.153,0.175
henan_north,2013-04-08,0.144,0.144,0.152,0.175
henan_north,2013-04-09,0.14,0.144,0.152,0.175
henan_north,2013-04-10,0.137,0.143,0.152,0.175
henan_north,2013-04-11,0.135,0.142,0.151,0.175
henan_north,2013-04-12,0.133,0.141,0.151,0.175
henan_north,2013-04-13,0.131,0.14,0.151,0.175
henan_north,2013-04-14,0.129,0.139,0.15,0.175
henan_north,2013-04-15,0.127,0.138,0.149,0.174
henan_north,2013-04-16,0.126,0.138,0.149,0.174
henan_north,2013-04-17,0.125,0.137,0.149,0.174
henan_north,2013-04-18,0.125,0.137,0.148,0.174
henan_north,2013-04-19,0.146,0.137,0.148,0.174
henan_north,2013-04-20,0.223,0.137,0.148,0.174
henan_north,2013-04-21,0.225,0.139,0.148,0.174
henan_north,2013-04-22,0.24,0.141,0.148,0.174
henan_north,2013-04-23,0.251,0.145,0.148,0.174
henan_north,2013-04-24,0.229,0.147,0.148,0.174
henan_north,2013-04-25,0.204,0.147,0.148,0.174
henan_north,2013-04-26,0.187,0.146,0.147,0.174
henan_north,2013-04-27,0.173,0.145,0.147,0.174
henan_north,2013-04-28,0.161,0.144,0.147,0.174
henan_north,2013-04-29,0.153,0.143,0.146,0.174
henan_north,2013-04-30,0.147,0.142,0.146,0.174
henan_north,2013-05-01,0.141,0.141,0.146,0.174
henan_north,2013-05-02,0.137,0.14,0.145,0.174
henan_north,2013-05-03,0.134,0.139,0.145,0.174
henan_north,2013-05-04,0.132,0.139,0.145,0.174
henan_north,2013-05-05,0.13,0.138,0.145,0.174
henan_north,2013-05-06,0.135,0.138,0.144,0.174
henan_north,2013-05-07,0.159,0.138,0.144,0.174
henan_north,2013-05-08,0.185,0.138,0.144,0.174
henan_north,2013-05-09,0.182,0.138,0.144,0.174
henan_north,2013-05-10,0.17,0.138,0.144,0.174
henan_north,2013-05-11,0.155,0.137,0.144,0.174
henan_north,2013-05-12,0.144,0.137,0.143,0.174
henan_north,2013-05-13,0.137,0.136,0.143,0.173
henan_north,2013-05-14,0.133,0.135,0.142,0.173
henan_north,2013-05-15,0.132,0.135,0.142,0.173
henan_north,2013-05-16,0.131,0.135,0.142,0.173
henan_north,2013-05-17,0.13,0.135,0.142,0.173
henan_north,2013-05-18,0.175,0.135,0.142,0.173
henan_north,2013-05-19,0.166,0.135,0.141,0.173
henan_north,2013-05-20,0.151,0.135,0.141,0.173
henan_north,2013-05-21,0.142,0.134,0.141,0.173
henan_north,2013-05-22,0.136,0.134,0.141,0.173
henan_north,2013-05-23,0.133,0.134,0.14,0.173
henan_north,2013-05-24,0.132,0.134,0.14,0.173
henan_north,2013-05-25,0.185,0.134,0.14,0.173
henan_north,2013-05-26,0.402,0.264,0.14,0.173
henan_north,2013-05-27,0.351,0.33,0.143,0.173
henan_north,2013-05-28,0.34,0.319,0.145,0.173
henan_north,2013-05-29,0.352,0.32,0.147,0.173
henan_north,2013-05-30,0.322,0.312,0.149,0.173
henan_north,2013-05-31,0.3,0.302,0.15,0.173
henan_north,2013-06-01,0.284,0.292,0.151,0.173
henan_north,2013-06-02,0.264,0.28,0.151,0.173
henan_north,2013-06-03,0.244,0.268,0.152,0.173
henan_north,2013-06-04,0.226,0.256,0.152,0.173
henan_north,2013-06-05,0.209,0.245,0.152,0.173
henan_north,2013-06-06,0.197,0.235,0.152,0.173
henan_north,2013-06-07,0.196,0.227,0.152,0.173
henan_north,2013-06-08,0.215,0.222,0.152,0.173
henan_north,2013-06-09,0.247,0.218,0.151,0.173
henan_north,2013-06-10,0.348,0.244,0.152,0.173
henan_north,2013-06-11,0.301,0.251,0.152,0.172
henan_north,2013-06-12,0.273,0.246,0.152,0.172
henan_north,2013-06-13,0.246,0.238,0.152,0.172
henan_north,2013-06-14,0.223,0.23,0.152,0.172
henan_north,2013-06-15,0.203,0.222,0.151,0.172
henan_north,2013-06-16,0.187,0.214,0.151,0.172
henan_north,2013-06-17,0.173,0.206,0.151,0.172
henan_north,2013-06-18,0.162,0.2,0.151,0.172
henan_north,2013-06-19,0.158,0.195,0.15,0.172
henan_north,2013-06-20,0.152,0.19,0.15,0.172
henan_north,2013-06-21,0.147,0.185,0.15,0.172
henan_north,2013-06-22,0.144,0.181,0.15,0.172
henan_north,2013-06-23,0.146,0.178,0.149,0.172
henan_north,2013-06-24,0.142,0.175,0.149,0.172
henan_north,2013-06-25,0.138,0.17,0.149,0.172
henan_north,2013-06-26,0.135,0.166,0.149,0.172
henan_north,2013-06-27,0.137,0.163,0.148,0.172
henan_north,2013-06-28,0.139,0.158,0.148,0.172
henan_north,2013-06-29,0.135,0.155,0.147,0.172
henan_north,2013-06-30,0.14,0.153,0.147,0.172
henan_north,2013-07-01,0.262,0.155,0.147,0.172
henan_north,2013-07-02,0.338,0.194,0.147,0.172
henan_north,2013-07-03,0.352,0.264,0.147,0.172
henan_north,2013-07-04,0.35,0.278,0.147,0.172
henan_north,2013-07-05,0.337,0.299,0.148,0.172
henan_north,2013-07-06,0.297,0.288,0.149,0.172
henan_north,2013-07-07,0.269,0.275,0.15,0.172
henan_north,2013-07-08,0.252,0.263,0.15,0.172
henan_north,2013-07-09,0.332,0.262,0.15,0.172
henan_north,2013-07-10,0.307,0.263,0.15,0.172
henan_north,2013-07-11,0.297,0.262,0.151,0.172
henan_north,2013-07-12,0.305,0.26,0.151,0.172
henan_north,2013-07-13,0.338,0.264,0.151,0.172
henan_north,2013-07-14,0.321,0.27,0.152,0.172
henan_north,2013-07-15,0.307,0.269,0.152,0.171
henan_north,2013-07-16,0.345,0.278,0.152,0.171
henan_north,2013-07-17,0.294,0.273,0.153,0.171
henan_north,2013-07-18,0.376,0.293,0.153,0.171
henan_north,2013-07-19,0.401,0.383,0.159,0.171
henan_north,2013-07-20,0.376,0.364,0.167,0.171
henan_north,2013-07-21,0.344,0.344,0.171,0.171
henan_north,2013-07-22,0.331,0.326,0.173,0.171
henan_north,2013-07-23,0.387,0.36,0.176,0.171
henan_north,2013-07-24,0.349,0.349,0.18,0.171
henan_north,2013-07-25,0.329,0.331,0.183,0.171
henan_north,2013-07-26,0.315,0.318,0.184,0.171
henan_north,2013-07-27,0.294,0.304,0.185,0.171
henan_north,2013-07-28,0.276,0.291,0.185,0.171
henan_north,2013-07-29,0.272,0.279,0.185,0.171
henan_north,2013-07-30,0.307,0.272,0.185,0.171
henan_north,2013-07-31,0.272,0.262,0.184,0.171
henan_north,2013-08-01,0.267,0.253,0.184,0.171
henan_north,2013-08-02,0.3,0.25,0.183,0.171
henan_north,2013-08-03,0.303,0.25,0.183,0.171
henan_north,2013-08-04,0.268,0.244,0.182,0.171
henan_north,2013-08-05,0.239,0.235,0.182,0.171
henan_north,2013-08-06,0.214,0.224,0.181,0.171
henan_north,2013-08-07,0.195,0.214,0.179,0.171
henan_north,2013-08-08,0.181,0.205,0.179,0.171
henan_north,2013-08-09,0.166,0.196,0.177,0.171
henan_north,2013-08-10,0.155,0.187,0.176,0.171
henan_north,2013-08-11,0.15,0.18,0.174,0.171
henan_north,2013-08-12,0.149,0.173,0.173,0.171
henan_north,2013-08-13,0.142,0.167,0.172,0.171
henan_north,2013-08-14,0.137,0.161,0.17,0.171
henan_north,2013-08-15,0.134,0.156,0.169,0.171
henan_north,2013-08-16,0.131,0.151,0.167,0.17
henan_north,2013-08-17,0.128,0.147,0.165,0.17
henan_north,2013-08-18,0.126,0.144,0.164,0.17
henan_north,2013-08-19,0.125,0.142,0.162,0.17
henan_north,2013-08-20,0.124,0.14,0.161,0.17
henan_north,2013-08-21,0.123,0.139,0.16,0.17
henan_north,2013-08-22,0.122,0.138,0.158,0.17
henan_north,2013-08-23,0.122,0.137,0.157,0.17
henan_north,2013-08-24,0.121,0.136,0.156,0.17
henan_north,2013-08-25,0.121,0.136,0.156,0.17
henan_north,2013-08-26,0.121,0.135,0.155,0.17
henan_north,2013-08-27,0.124,0.135,0.154,0.17
henan_north,2013-08-28,0.134,0.135,0.154,0.17
henan_north,2013-08-29,0.135,0.134,0.153,0.169
henan_north,2013-08-30,0.131,0.134,0.152,0.169
henan_north,2013-08-31,0.129,0.134,0.151,0.169
henan_north,2013-09-01,0.127,0.134,0.151,0.169
henan_north,2013-09-02,0.126,0.134,0.15,0.169
henan_north,2013-09-03,0.125,0.133,0.15,0.169
henan_north,2013-09-04,0.124,0.133,0.149,0.169
henan_north,2013-09-05,0.123,0.133,0.149,0.169
henan_north,2013-09-06,0.123,0.133,0.149,0.169
henan_north,2013-09-07,0.123,0.133,0.148,0.169
henan_north,2013-09-08,0.131,0.133,0.148,0.169
henan_north,2013-09-09,0.144,0.133,0.148,0.169
henan_north,2013-09-10,0.14,0.133,0.147,0.169
henan_north,2013-09-11,0.137,0.133,0.147,0.169
henan_north,2013-09-12,0.135,0.133,0.147,0.169
henan_north,2013-09-13,0.133,0.133,0.146,0.169
henan_north,2013-09-14,0.131,0.133,0.146,0.169
henan_north,2013-09-15,0.13,0.133,0.146,0.169
henan_north,2013-09-16,0.131,0.133,0.146,0.169
henan_north,2013-09-17,0.133,0.133,0.145,0.169
henan_north,2013-09-18,0.131,0.133,0.145,0.169
henan_north,2013-09-19,0.129,0.133,0.145,0.169
henan_north,2013-09-20,0.128,0.133,0.144,0.169
henan_north,2013-09-21,0.132,0.133,0.144,0.169
henan_north,2013-09-22,0.142,0.133,0.144,0.169
henan_north,2013-09-23,0.169,0.133,0.144,0.168
henan_north,2013-09-24,0.171,0.133,0.144,0.168
henan_north,2013-09-25,0.163,0.133,0.144,0.168
henan_north,2013-09-26,0.156,0.133,0.144,0.168
henan_north,2013-09-27,0.151,0.133,0.144,0.168
henan_north,2013-09-28,0.147,0.134,0.144,0.168
henan_north,2013-09-29,0.143,0.133,0.143,0.168
henan_north,2013-09-30,0.14,0.133,0.143,0.168
henan_north,2013-10-01,0.137,0.133,0.143,0.168
henan_north,2013-10-02,0.135,0.133,0.143,0.168
henan_north,2013-10-03,0.133,0.133,0.143,0.168
henan_north,2013-10-04,0.132,0.133,0.143,0.168
henan_north,2013-10-05,0.13,0.133,0.143,0.168
henan_north,2013-10-06,0.129,0.133,0.143,0.168
henan_north,2013-10-07,0.127,0.133,0.142,0.168
henan_north,2013-10-08,0.126,0.133,0.142,0.168
henan_north,2013-10-09,0.126,0.133,0.142,0.168
henan_north,2013-10-10,0.125,0.133,0.142,0.168
henan_north,2013-10-11,0.124,0.133,0.142,0.168
henan_north,2013-10-12,0.123,0.133,0.142,0.168
henan_north,2013-10-13,0.123,0.133,0.142,0.168
henan_north,2013-10-14,0.129,0.133,0.142,0.168
henan_north,2013-10-15,0.142,0.133,0.142,0.168
henan_north,2013-10-16,0.141,0.133,0.142,0.168
henan_north,2013-10-17,0.139,0.133,0.141,0.168
henan_north,2013-10-18,0.137,0.133,0.141,0.168
henan_north,2013-10-19,0.136,0.133,0.141,0.168
henan_north,2013-10-20,0.134,0.133,0.141,0.168
henan_north,2013-10-21,0.133,0.133,0.141,0.168
henan_north,2013-10-22,0.132,0.133,0.141,0.168
henan_north,2013-10-23,0.131,0.133,0.141,0.168
henan_north,2013-10-24,0.13,0.133,0.141,0.168
henan_north,2013-10-25,0.129,0.133,0.141,0.168
henan_north,2013-10-26,0.128,0.133,0.141,0.168
henan_north,2013-10-27,0.128,0.133,0.141,0.168
henan_north,2013-10-28,0.127,0.133,0.141,0.168
henan_north,2013-10-29,0.127,0.133,0.141,0.168
henan_north,2013-10-30,0.131,0.133,0.141,0.168
henan_north,2013-10-31,0.171,0.133,0.141,0.168
henan_north,2013-11-01,0.212,0.134,0.141,0.168
henan_north,2013-11-02,0.222,0.136,0.141,0.168
henan_north,2013-11-03,0.212,0.137,0.141,0.168
henan_north,2013-11-04,0.203,0.138,0.141,0.168
henan_north,2013-11-05,0.196,0.138,0.141,0.168
henan_north,2013-11-06,0.189,0.139,0.141,0.168
henan_north,2013-11-07,0.183,0.139,0.141,0.168
henan_north,2013-11-08,0.18,0.139,0.141,0.168
henan_north,2013-11-09,0.189,0.139,0.141,0.168
henan_north,2013-11-10,0.208,0.14,0.141,0.168
henan_north,2013-11-11,0.2,0.141,0.141,0.168
henan_north,2013-11-12,0.194,0.141,0.141,0.168
henan_north,2013-11-13,0.189,0.142,0.141,0.168
henan_north,2013-11-14,0.185,0.142,0.141,0.168
henan_north,2013-11-15,0.179,0.142,0.14,0.168
henan_north,2013-11-16,0.174,0.142,0.14,0.168
henan_north,2013-11-17,0.17,0.142,0.14,0.168
henan_north,2013-11-18,0.167,0.142,0.14,0.168
henan_north,2013-11-19,0.164,0.142,0.14,0.168
henan_north,2013-11-20,0.161,0.142,0.14,0.168
henan_north,2013-11-21,0.159,0.142,0.14,0.168
henan_north,2013-11-22,0.157,0.142,0.14,0.168
henan_north,2013-11-23,0.196,0.142,0.14,0.168
henan_north,2013-11-24,0.281,0.147,0.14,0.168
henan_north,2013-11-25,0.264,0.154,0.14,0.168
henan_north,2013-11-26,0.246,0.157,0.14,0.168
henan_north,2013-11-27,0.234,0.159,0.14,0.168
henan_north,2013-11-28,0.225,0.16,0.14,0.168
henan_north,2013-11-29,0.217,0.161,0.14,0.168
henan_north,2013-11-30,0.211,0.161,0.14,0.168
henan_north,2013-12-01,0.205,0.161,0.14,0.168
henan_north,2013-12-02,0.2,0.162,0.14,0.168
henan_north,2013-12-03,0.196,0.162,0.14,0.168
henan_north,2013-12-04,0.192,0.162,0.14,0.168
henan_north,2013-12-05,0.188,0.161,0.14,0.168
henan_north,2013-12-06,0.184,0.161,0.14,0.168
henan_north,2013-12-07,0.181,0.161,0.14,0.168
henan_north,2013-12-08,0.181,0.161,0.14,0.168
henan_north,2013-12-09,0.188,0.161,0.14,0.168
henan_north,2013-12-10,0.185,0.161,0.14,0.168
henan_north,2013-12-11,0.183,0.161,0.14,0.168
henan_north,2013-12-12,0.18,0.161,0.14,0.168
henan_north,2013-12-13,0.177,0.16,0.14,0.168
henan_north,2013-12-14,0.175,0.16,0.14,0.168
henan_north,2013-12-15,0.173,0.16,0.14,0.168
henan_north,2013-12-16,0.172,0.16,0.14,0.168
henan_north,2013-12-17,0.171,0.16,0.14,0.168
henan_north,2013-12-18,0.169,0.16,0.14,0.168
henan_north,2013-12-19,0.168,0.16,0.14,0.168
henan_north,2013-12-20,0.167,0.159,0.14,0.168
henan_north,2013-12-21,0.167,0.159,0.14,0.168
henan_north,2013-12-22,0.166,0.159,0.14,0.168
henan_north,2013-12-23,0.165,0.159,0.14,0.167
henan_north,2013-12-24,0.165,0.159,0.14,0.167
henan_north,2013-12-25,0.164,0.159,0.14,0.167
henan_north,2013-12-26,0.163,0.159,0.14,0.167
henan_north,2013-12-27,0.163,0.159,0.14,0.167
henan_north,2013-12-28,0.162,0.159,0.14,0.167
henan_north,2013-12-29,0.162,0.158,0.14,0.167
henan_north,2013-12-30,0.161,0.158,0.14,0.167
henan_north,2013-12-31,0.159,0.158,0.14,0.167
henan_north,2014-01-01,0.157,0.158,0.14,0.167
henan_north,2014-01-02,0.156,0.157,0.14,0.167
henan_north,2014-01-03,0.155,0.157,0.14,0.167
henan_north,2014-01-04,0.153,0.157,0.14,0.167
henan_north,2014-01-05,0.152,0.156,0.14,0.167
henan_north,2014-01-06,0.151,0.156,0.14,0.167
henan_north,2014-01-07,0.152,0.156,0.14,0.167
henan_north,2014-01-08,0.151,0.156,0.14,0.167
henan_north,2014-01-09,0.151,0.156,0.14,0.167
henan_north,2014-01-10,0.15,0.156,0.14,0.167
henan_north,2014-01-11,0.149,0.155,0.14,0.167
henan_north,2014-01-12,0.149,0.155,0.14,0.167
henan_north,2014-01-13,0.148,0.155,0.14,0.167
henan_north,2014-01-14,0.147,0.155,0.14,0.167
henan_north,2014-01-15,0.147,0.155,0.14,0.167
henan_north,2014-01-16,0.147,0.154,0.14,0.167
henan_north,2014-01-17,0.146,0.154,0.14,0.167
henan_north,2014-01-18,0.146,0.154,0.14,0.167
henan_north,2014-01-19,0.145,0.154,0.14,0.167
henan_north,2014-01-20,0.144,0.153,0.14,0.167
henan_north,2014-01-21,0.144,0.153,0.14,0.167
henan_north,2014-01-22,0.143,0.153,0.14,0.167
henan_north,2014-01-23,0.143,0.153,0.14,0.167
henan_north,2014-01-24,0.142,0.152,0.14,0.167
henan_north,2014-01-25,0.141,0.152,0.14,0.167
henan_north,2014-01-26,0.14,0.152,0.14,0.167
henan_north,2014-01-27,0.139,0.151,0.14,0.167
henan_north,2014-01-28,0.138,0.151,0.14,0.167
henan_north,2014-01-29,0.138,0.151,0.14,0.167
henan_north,2014-01-30,0.137,0.151,0.14,0.167
henan_north,2014-01-31,0.139,0.15,0.14,0.167
henan_north,2014-02-01,0.154,0.15,0.14,0.167
henan_north,2014-02-02,0.152,0.15,0.14,0.167
henan_north,2014-02-03,0.151,0.15,0.14,0.167
henan_north,2014-02-04,0.15,0.149,0.14,0.167
henan_north,2014-02-05,0.149,0.149,0.14,0.167
henan_north,2014-02-06,0.149,0.149,0.14,0.167
henan_north,2014-02-07,0.149,0.149,0.14,0.167
henan_north,2014-02-08,0.156,0.149,0.14,0.167
henan_north,2014-02-09,0.163,0.149,0.14,0.167
henan_north,2014-02-10,0.162,0.149,0.14,0.167
henan_north,2014-02-11,0.162,0.149,0.14,0.167
henan_north,2014-02-12,0.164,0.149,0.14,0.167
henan_north,2014-02-13,0.178,0.149,0.14,0.167
henan_north,2014-02-14,0.197,0.15,0.14,0.167
henan_north,2014-02-15,0.217,0.15,0.14,0.167
henan_north,2014-02-16,0.242,0.152,0.14,0.167
henan_north,2014-02-17,0.274,0.157,0.14,0.167
henan_north,2014-02-18,0.271,0.163,0.14,0.167
henan_north,2014-02-19,0.261,0.167,0.14,0.167
henan_north,2014-02-20,0.251,0.17,0.14,0.167
henan_north,2014-02-21,0.242,0.172,0.14,0.167
henan_north,2014-02-22,0.232,0.173,0.14,0.167
henan_north,2014-02-23,0.225,0.173,0.14,0.167
henan_north,2014-02-24,0.218,0.174,0.14,0.167
henan_north,2014-02-25,0.212,0.174,0.14,0.167
henan_north,2014-02-26,0.206,0.174,0.14,0.167
henan_north,2014-02-27,0.202,0.173,0.14,0.167
henan_north,2014-02-28,0.202,0.173,0.14,0.167
henan_north,2014-03-01,0.21,0.173,0.14,0.167
henan_north,2014-03-02,0.204,0.173,0.14,0.167
henan_north,2014-03-03,0.198,0.172,0.14,0.167
henan_north,2014-03-04,0.193,0.172,0.14,0.167
henan_north,2014-03-05,0.188,0.171,0.14,0.167
henan_north,2014-03-06,0.188,0.171,0.14,0.167
henan_north,2014-03-07,0.186,0.17,0.14,0.167
henan_north,2014-03-08,0.183,0.17,0.14,0.167
henan_north,2014-03-09,0.178,0.169,0.14,0.167
henan_north,2014-03-10,0.172,0.167,0.14,0.167
henan_north,2014-03-11,0.167,0.166,0.14,0.167
henan_north,2014-03-12,0.166,0.165,0.14,0.167
henan_north,2014-03-13,0.166,0.165,0.14,0.167
henan_north,2014-03-14,0.161,0.163,0.14,0.167
henan_north,2014-03-15,0.156,0.161,0.14,0.167
henan_north,2014-03-16,0.15,0.16,0.14,0.167
henan_north,2014-03-17,0.146,0.158,0.139,0.167
henan_north,2014-03-18,0.149,0.156,0.139,0.167
henan_north,2014-03-19,0.171,0.156,0.139,0.167
henan_north,2014-03-20,0.165,0.155,0.139,0.167
henan_north,2014-03-21,0.159,0.154,0.139,0.167
henan_north,2014-03-22,0.153,0.152,0.139,0.167
henan_north,2014-03-23,0.148,0.151,0.139,0.167
henan_north,2014-03-24,0.145,0.15,0.139,0.167
henan_north,2014-03-25,0.142,0.149,0.139,0.167
henan_north,2014-03-26,0.139,0.148,0.139,0.167
henan_north,2014-03-27,0.136,0.146,0.139,0.167
henan_north,2014-03-28,0.134,0.145,0.139,0.167
henan_north,2014-03-29,0.132,0.144,0.138,0.167
henan_north,2014-03-30,0.131,0.143,0.138,0.167
henan_north,2014-03-31,0.133,0.143,0.138,0.167
henan_north,2014-04-01,0.131,0.142,0.138,0.167
henan_north,2014-04-02,0.13,0.141,0.138,0.167
henan_north,2014-04-03,0.131,0.14,0.138,0.167
henan_north,2014-04-04,0.132,0.14,0.138,0.167
henan_north,2014-04-05,0.131,0.139,0.138,0.166
henan_north,2014-04-06,0.129,0.139,0.138,0.166
henan_north,2014-04-07,0.129,0.138,0.138,0.166
henan_north,2014-04-08,0.128,0.138,0.138,0.166
henan_north,2014-04-09,0.127,0.137,0.138,0.166
henan_north,2014-04-10,0.128,0.137,0.137,0.166
henan_north,2014-04-11,0.159,0.137,0.137,0.166
henan_north,2014-04-12,0.226,0.138,0.137,0.166
henan_north,2014-04-13,0.211,0.139,0.137,0.166
henan_north,2014-04-14,0.195,0.14,0.137,0.166
henan_north,2014-04-15,0.2,0.14,0.137,0.166
henan_north,2014-04-16,0.196,0.14,0.137,0.166
henan_north,2014-04-17,0.185,0.14,0.137,0.166
henan_north,2014-04-18,0.223,0.141,0.137,0.166
henan_north,2014-04-19,0.332,0.183,0.137,0.166
henan_north,2014-04-20,0.285,0.194,0.137,0.166
henan_north,2014-04-21,0.263,0.196,0.137,0.166
henan_north,2014-04-22,0.245,0.196,0.137,0.166
henan_north,2014-04-23,0.226,0.193,0.137,0.166
henan_north,2014-04-24,0.212,0.191,0.137,0.166
henan_north,2014-04-25,0.24,0.189,0.137,0.166
henan_north,2014-04-26,0.28,0.193,0.137,0.166
henan_north,2014-04-27,0.253,0.194,0.137,0.166
henan_north,2014-04-28,0.228,0.191,0.137,0.166
henan_north,2014-04-29,0.211,0.187,0.137,0.166
henan_north,2014-04-30,0.196,0.183,0.137,0.166
henan_north,2014-05-01,0.182,0.179,0.137,0.166
henan_north,2014-05-02,0.169,0.175,0.137,0.166
henan_north,2014-05-03,0.159,0.171,0.137,0.166
henan_north,2014-05-04,0.152,0.168,0.137,0.166
henan_north,2014-05-05,0.147,0.165,0.137,0.166
henan_north,2014-05-06,0.142,0.162,0.137,0.166
henan_north,2014-05-07,0.138,0.159,0.137,0.166
henan_north,2014-05-08,0.136,0.156,0.137,0.166
henan_north,2014-05-09,0.134,0.153,0.137,0.166
henan_north,2014-05-10,0.182,0.152,0.136,0.166
henan_north,2014-05-11,0.296,0.163,0.136,0.166
henan_north,2014-05-12,0.247,0.166,0.136,0.166
henan_north,2014-05-13,0.219,0.165,0.136,0.166
henan_north,2014-05-14,0.202,0.164,0.136,0.166
henan_north,2014-05-15,0.186,0.162,0.136,0.165
henan_north,2014-05-16,0.172,0.159,0.136,0.165
henan_north,2014-05-17,0.162,0.157,0.136,0.165
henan_north,2014-05-18,0.152,0.154,0.136,0.165
henan_north,2014-05-19,0.146,0.152,0.136,0.165
henan_north,2014-05-20,0.142,0.15,0.136,0.165
henan_north,2014-05-21,0.136,0.148,0.136,0.165
henan_north,2014-05-22,0.133,0.146,0.136,0.165
henan_north,2014-05-23,0.134,0.144,0.136,0.165
henan_north,2014-05-24,0.254,0.146,0.136,0.165
henan_north,2014-05-25,0.234,0.148,0.136,0.165
henan_north,2014-05-26,0.2,0.148,0.136,0.165
henan_north,2014-05-27,0.174,0.146,0.135,0.165
henan_north,2014-05-28,0.156,0.144,0.135,0.165
henan_north,2014-05-29,0.144,0.142,0.135,0.165
henan_north,2014-05-30,0.137,0.141,0.135,0.165
henan_north,2014-05-31,0.134,0.14,0.135,0.165
henan_north,2014-06-01,0.132,0.139,0.135,0.165
henan_north,2014-06-02,0.13,0.139,0.135,0.165
henan_north,2014-06-03,0.128,0.138,0.135,0.165
henan_north,2014-06-04,0.126,0.138,0.135,0.165
henan_north,2014-06-05,0.125,0.137,0.135,0.165
henan_north,2014-06-06,0.124,0.136,0.135,0.165
henan_north,2014-06-07,0.128,0.136,0.135,0.165
henan_north,2014-06-08,0.126,0.135,0.135,0.164
henan_north,2014-06-09,0.124,0.135,0.135,0.164
henan_north,2014-06-10,0.123,0.135,0.135,0.164
henan_north,2014-06-11,0.123,0.134,0.135,0.164
henan_north,2014-06-12,0.124,0.134,0.135,0.164
henan_north,2014-06-13,0.123,0.134,0.134,0.164
henan_north,2014-06-14,0.122,0.134,0.134,0.164
henan_north,2014-06-15,0.122,0.134,0.134,0.164
henan_north,2014-06-16,0.123,0.134,0.134,0.164
henan_north,2014-06-17,0.125,0.134,0.134,0.164
henan_north,2014-06-18,0.139,0.134,0.134,0.164
henan_north,2014-06-19,0.195,0.134,0.134,0.164
henan_north,2014-06-20,0.312,0.194,0.134,0.164
henan_north,2014-06-21,0.264,0.2,0.134,0.164
henan_north,2014-06-22,0.236,0.197,0.134,0.164
henan_north,2014-06-23,0.224,0.194,0.134,0.164
henan_north,2014-06-24,0.208,0.19,0.135,0.164
henan_north,2014-06-25,0.22,0.187,0.135,0.164
henan_north,2014-06-26,0.212,0.185,0.135,0.164
henan_north,2014-06-27,0.192,0.18,0.135,0.164
henan_north,2014-06-28,0.176,0.175,0.135,0.164
henan_north,2014-06-29,0.212,0.173,0.135,0.164
henan_north,2014-06-30,0.259,0.176,0.135,0.164
henan_north,2014-07-01,0.233,0.175,0.135,0.164
henan_north,2014-07-02,0.217,0.173,0.135,0.164
henan_north,2014-07-03,0.205,0.17,0.135,0.164
henan_north,2014-07-04,0.248,0.171,0.135,0.164
henan_north,2014-07-05,0.33,0.212,0.135,0.164
henan_north,2014-07-06,0.277,0.215,0.135,0.164
henan_north,2014-07-07,0.24,0.209,0.135,0.164
henan_north,2014-07-08,0.212,0.201,0.135,0.164
henan_north,2014-07-09,0.194,0.195,0.135,0.164
henan_north,2014-07-10,0.215,0.191,0.135,0.164
henan_north,2014-07-11,0.227,0.189,0.135,0.164
henan_north,2014-07-12,0.209,0.184,0.135,0.164
henan_north,2014-07-13,0.219,0.18,0.135,0.164
henan_north,2014-07-14,0.201,0.175,0.135,0.163
henan_north,2014-07-15,0.192,0.17,0.135,0.163
henan_north,2014-07-16,0.171,0.165,0.135,0.163
henan_north,2014-07-17,0.156,0.16,0.135,0.163
henan_north,2014-07-18,0.15,0.156,0.135,0.163
henan_north,2014-07-19,0.187,0.153,0.135,0.163
henan_north,2014-07-20,0.173,0.151,0.135,0.163
henan_north,2014-07-21,0.16,0.149,0.135,0.163
henan_north,2014-07-22,0.149,0.146,0.134,0.163
henan_north,2014-07-23,0.17,0.145,0.134,0.163
henan_north,2014-07-24,0.16,0.144,0.134,0.163
henan_north,2014-07-25,0.149,0.142,0.134,0.163
henan_north,2014-07-26,0.141,0.14,0.134,0.163
henan_north,2014-07-27,0.135,0.139,0.134,0.163
henan_north,2014-07-28,0.131,0.137,0.134,0.163
henan_north,2014-07-29,0.16,0.136,0.134,0.163
henan_north,2014-07-30,0.259,0.14,0.134,0.163
henan_north,2014-07-31,0.229,0.143,0.134,0.163
henan_north,2014-08-01,0.202,0.143,0.134,0.163
henan_north,2014-08-02,0.186,0.142,0.134,0.163
henan_north,2014-08-03,0.167,0.141,0.134,0.162
henan_north,2014-08-04,0.151,0.139,0.134,0.162
henan_north,2014-08-05,0.156,0.138,0.134,0.162
henan_north,2014-08-06,0.203,0.138,0.134,0.162
henan_north,2014-08-07,0.383,0.216,0.134,0.162
henan_north,2014-08-08,0.327,0.259,0.134,0.162
henan_north,2014-08-09,0.34,0.267,0.135,0.162
henan_north,2014-08-10,0.304,0.268,0.135,0.162
henan_north,2014-08-11,0.275,0.26,0.136,0.162
henan_north,2014-08-12,0.251,0.251,0.136,0.162
henan_north,2014-08-13,0.23,0.241,0.136,0.162
henan_north,2014-08-14,0.214,0.231,0.137,0.162
henan_north,2014-08-15,0.198,0.222,0.137,0.162
henan_north,2014-08-16,0.188,0.213,0.137,0.162
henan_north,2014-08-17,0.198,0.207,0.137,0.162
henan_north,2014-08-18,0.24,0.202,0.137,0.162
henan_north,2014-08-19,0.225,0.198,0.137,0.162
henan_north,2014-08-20,0.201,0.191,0.137,0.162
henan_north,2014-08-21,0.182,0.184,0.137,0.162
henan_north,2014-08-22,0.168,0.178,0.137,0.162
henan_north,2014-08-23,0.159,0.174,0.137,0.162
henan_north,2014-08-24,0.153,0.17,0.136,0.162
henan_north,2014-08-25,0.15,0.166,0.136,0.162
henan_north,2014-08-26,0.168,0.163,0.136,0.162
henan_north,2014-08-27,0.2,0.16,0.136,0.162
henan_north,2014-08-28,0.185,0.158,0.136,0.162
henan_north,2014-08-29,0.17,0.156,0.136,0.162
henan_north,2014-08-30,0.174,0.153,0.136,0.162
henan_north,2014-08-31,0.202,0.153,0.136,0.162
henan_north,2014-09-01,0.201,0.152,0.136,0.162
henan_north,2014-09-02,0.211,0.152,0.136,0.162
henan_north,2014-09-03,0.202,0.151,0.136,0.162
henan_north,2014-09-04,0.182,0.15,0.136,0.162
henan_north,2014-09-05,0.167,0.148,0.136,0.162
henan_north,2014-09-06,0.157,0.146,0.136,0.161
henan_north,2014-09-07,0.158,0.146,0.136,0.161
henan_north,2014-09-08,0.167,0.145,0.136,0.161
henan_north,2014-09-09,0.254,0.147,0.136,0.161
henan_north,2014-09-10,0.257,0.152,0.136,0.161
henan_north,2014-09-11,0.342,0.181,0.136,0.161
henan_north,2014-09-12,0.363,0.253,0.136,0.161
henan_north,2014-09-13,0.316,0.27,0.136,0.161
henan_north,2014-09-14,0.348,0.28,0.137,0.161
henan_north,2014-09-15,0.395,0.33,0.139,0.161
henan_north,2014-09-16,0.414,0.377,0.144,0.161
henan_north,2014-09-17,0.417,0.4,0.161,0.161
henan_north,2014-09-18,0.391,0.382,0.175,0.161
henan_north,2014-09-19,0.364,0.361,0.181,0.161
henan_north,2014-09-20,0.342,0.343,0.185,0.161
henan_north,2014-09-21,0.326,0.329,0.187,0.161
henan_north,2014-09-22,0.312,0.318,0.188,0.161
henan_north,2014-09-23,0.299,0.307,0.189,0.161
henan_north,2014-09-24,0.29,0.299,0.189,0.161
henan_north,2014-09-25,0.282,0.291,0.19,0.161
henan_north,2014-09-26,0.273,0.284,0.19,0.161
henan_north,2014-09-27,0.271,0.277,0.19,0.161
henan_north,2014-09-28,0.398,0.329,0.191,0.161
henan_north,2014-09-29,0.359,0.347,0.194,0.161
henan_north,2014-09-30,0.338,0.335,0.196,0.161
henan_north,2014-10-01,0.347,0.328,0.198,0.161
henan_north,2014-10-02,0.348,0.328,0.199,0.161
henan_north,2014-10-03,0.327,0.321,0.201,0.161
henan_north,2014-10-04,0.316,0.314,0.202,0.161
henan_north,2014-10-05,0.309,0.307,0.202,0.161
henan_north,2014-10-06,0.297,0.3,0.203,0.161
henan_north,2014-10-07,0.285,0.293,0.203,0.161
henan_north,2014-10-08,0.275,0.287,0.203,0.161
henan_north,2014-10-09,0.267,0.281,0.203,0.161
henan_north,2014-10-10,0.258,0.275,0.203,0.161
henan_north,2014-10-11,0.251,0.269,0.203,0.161
henan_north,2014-10-12,0.245,0.265,0.203,0.161
henan_north,2014-10-13,0.24,0.261,0.203,0.161
henan_north,2014-10-14,0.234,0.257,0.203,0.161
henan_north,2014-10-15,0.227,0.252,0.203,0.161
henan_north,2014-10-16,0.22,0.248,0.202,0.161
henan_north,2014-10-17,0.214,0.243,0.202,0.161
henan_north,2014-10-18,0.209,0.24,0.202,0.161
henan_north,2014-10-19,0.206,0.237,0.202,0.161
henan_north,2014-10-20,0.215,0.235,0.202,0.161
henan_north,2014-10-21,0.241,0.234,0.202,0.161
henan_north,2014-10-22,0.236,0.232,0.201,0.161
henan_north,2014-10-23,0.228,0.23,0.201,0.161
henan_north,2014-10-24,0.221,0.227,0.201,0.161
henan_north,2014-10-25,0.214,0.225,0.201,0.161
henan_north,2014-10-26,0.208,0.222,0.2,0.161
henan_north,2014-10-27,0.202,0.221,0.2,0.161
henan_north,2014-10-28,0.198,0.219,0.2,0.161
henan_north,2014-10-29,0.196,0.218,0.2,0.161
henan_north,2014-10-30,0.194,0.217,0.2,0.161
henan_north,2014-10-31,0.191,0.215,0.199,0.161
henan_north,2014-11-01,0.191,0.214,0.199,0.161
henan_north,2014-11-02,0.188,0.212,0.199,0.161
henan_north,2014-11-03,0.185,0.21,0.199,0.161
henan_north,2014-11-04,0.182,0.208,0.199,0.161
henan_north,2014-11-05,0.18,0.207,0.198,0.161
henan_north,2014-11-06,0.178,0.206,0.198,0.161
henan_north,2014-11-07,0.175,0.204,0.198,0.161
henan_north,2014-11-08,0.174,0.203,0.198,0.161
henan_north,2014-11-09,0.172,0.202,0.198,0.161
henan_north,2014-11-10,0.171,0.2,0.197,0.161
henan_north,2014-11-11,0.169,0.199,0.197,0.161
henan_north,2014-11-12,0.166,0.197,0.197,0.161
henan_north,2014-11-13,0.164,0.196,0.197,0.161
henan_north,2014-11-14,0.162,0.195,0.196,0.161
henan_north,2014-11-15,0.192,0.194,0.196,0.161
henan_north,2014-11-16,0.195,0.193,0.196,0.161
henan_north,2014-11-17,0.191,0.192,0.196,0.161
henan_north,2014-11-18,0.188,0.191,0.196,0.161
henan_north,2014-11-19,0.186,0.191,0.195,0.161
henan_north,2014-11-20,0.184,0.19,0.195,0.161
henan_north,2014-11-21,0.181,0.189,0.195,0.161
henan_north,2014-11-22,0.181,0.188,0.195,0.161
henan_north,2014-11-23,0.23,0.189,0.195,0.161
henan_north,2014-11-24,0.227,0.189,0.195,0.161
henan_north,2014-11-25,0.224,0.189,0.195,0.161
henan_north,2014-11-26,0.221,0.19,0.194,0.161
henan_north,2014-11-27,0.221,0.19,0.194,0.161
henan_north,2014-11-28,0.225,0.191,0.194,0.161
henan_north,2014-11-29,0.23,0.191,0.194,0.161
henan_north,2014-11-30,0.238,0.192,0.194,0.161
henan_north,2014-12-01,0.231,0.193,0.194,0.161
henan_north,2014-12-02,0.225,0.193,0.194,0.161
henan_north,2014-12-03,0.221,0.193,0.194,0.161
henan_north,2014-12-04,0.217,0.193,0.194,0.161
henan_north,2014-12-05,0.214,0.193,0.194,0.161
henan_north,2014-12-06,0.211,0.193,0.193,0.161
henan_north,2014-12-07,0.208,0.193,0.193,0.161
henan_north,2014-12-08,0.205,0.192,0.193,0.161
henan_north,2014-12-09,0.203,0.192,0.193,0.161
henan_north,2014-12-10,0.211,0.192,0.193,0.161
henan_north,2014-12-11,0.208,0.192,0.193,0.161
henan_north,2014-12-12,0.205,0.192,0.193,0.161
henan_north,2014-12-13,0.202,0.191,0.193,0.161
henan_north,2014-12-14,0.2,0.191,0.193,0.161
henan_north,2014-12-15,0.198,0.191,0.193,0.161
henan_north,2014-12-16,0.195,0.19,0.192,0.161
henan_north,2014-12-17,0.193,0.19,0.192,0.161
henan_north,2014-12-18,0.191,0.189,0.192,0.161
henan_north,2014-12-19,0.189,0.189,0.192,0.161
henan_north,2014-12-20,0.187,0.189,0.192,0.161
henan_north,2014-12-21,0.185,0.188,0.192,0.161
henan_north,2014-12-22,0.184,0.188,0.192,0.161
henan_north,2014-12-23,0.182,0.187,0.192,0.161
henan_north,2014-12-24,0.18,0.187,0.191,0.161
henan_north,2014-12-25,0.179,0.186,0.191,0.161
henan_north,2014-12-26,0.178,0.186,0.191,0.161
henan_north,2014-12-27,0.177,0.185,0.191,0.161
henan_north,2014-12-28,0.175,0.185,0.191,0.161
henan_north,2014-12-29,0.173,0.184,0.191,0.161
henan_north,2014-12-30,0.171,0.184,0.191,0.161
henan_north,2014-12-31,0.169,0.183,0.191,0.161
henan_north,2015-01-01,0.168,0.182,0.19,0.161
henan_north,2015-01-02,0.167,0.182,0.19,0.161
henan_north,2015-01-03,0.168,0.182,0.19,0.161
henan_north,2015-01-04,0.167,0.181,0.19,0.161
henan_north,2015-01-05,0.166,0.18,0.19,0.161
henan_north,2015-01-06,0.164,0.18,0.19,0.161
henan_north,2015-01-07,0.163,0.18,0.19,0.161
henan_north,2015-01-08,0.162,0.179,0.19,0.161
henan_north,2015-01-09,0.161,0.178,0.189,0.161
henan_north,2015-01-10,0.16,0.178,0.189,0.161
henan_north,2015-01-11,0.158,0.177,0.189,0.161
henan_north,2015-01-12,0.157,0.177,0.189,0.161
henan_north,2015-01-13,0.157,0.176,0.189,0.161
henan_north,2015-01-14,0.156,0.176,0.189,0.161
henan_north,2015-01-15,0.156,0.175,0.189,0.161
henan_north,2015-01-16,0.155,0.175,0.189,0.161
henan_north,2015-01-17,0.154,0.174,0.188,0.161
henan_north,2015-01-18,0.153,0.174,0.188,0.161
henan_north,2015-01-19,0.152,0.173,0.188,0.161
henan_north,2015-01-20,0.151,0.173,0.188,0.161
henan_north,2015-01-21,0.15,0.172,0.188,0.161
henan_north,2015-01-22,0.149,0.172,0.188,0.161
henan_north,2015-01-23,0.149,0.171,0.187,0.161
henan_north,2015-01-24,0.158,0.171,0.187,0.161
henan_north,2015-01-25,0.182,0.171,0.187,0.161
henan_north,2015-01-26,0.191,0.171,0.187,0.161
henan_north,2015-01-27,0.195,0.171,0.187,0.161
henan_north,2015-01-28,0.192,0.171,0.187,0.161
henan_north,2015-01-29,0.193,0.171,0.187,0.161
henan_north,2015-01-30,0.198,0.171,0.187,0.161
henan_north,2015-01-31,0.202,0.171,0.187,0.161
henan_north,2015-02-01,0.205,0.171,0.187,0.161
henan_north,2015-02-02,0.206,0.171,0.187,0.161
henan_north,2015-02-03,0.208,0.172,0.186,0.161
henan_north,2015-02-04,0.207,0.172,0.186,0.161
henan_north,2015-02-05,0.205,0.172,0.186,0.161
henan_north,2015-02-06,0.202,0.172,0.186,0.161
henan_north,2015-02-07,0.198,0.172,0.186,0.161
henan_north,2015-02-08,0.195,0.172,0.186,0.161
henan_north,2015-02-09,0.192,0.172,0.186,0.161
henan_north,2015-02-10,0.188,0.171,0.185,0.161
henan_north,2015-02-11,0.183,0.171,0.185,0.161
henan_north,2015-02-12,0.179,0.17,0.185,0.161
henan_north,2015-02-13,0.176,0.17,0.185,0.161
henan_north,2015-02-14,0.172,0.169,0.185,0.161
henan_north,2015-02-15,0.17,0.168,0.184,0.161
henan_north,2015-02-16,0.166,0.168,0.184,0.161
henan_north,2015-02-17,0.163,0.167,0.184,0.161
henan_north,2015-02-18,0.159,0.166,0.184,0.161
henan_north,2015-02-19,0.158,0.166,0.183,0.161
henan_north,2015-02-20,0.157,0.165,0.183,0.161
henan_north,2015-02-21,0.158,0.165,0.183,0.161
henan_north,2015-02-22,0.156,0.165,0.183,0.161
henan_north,2015-02-23,0.155,0.164,0.183,0.161
henan_north,2015-02-24,0.154,0.164,0.183,0.161
henan_north,2015-02-25,0.152,0.163,0.182,0.161
henan_north,2015-02-26,0.15,0.162,0.182,0.161
henan_north,2015-02-27,0.15,0.162,0.182,0.161
henan_north,2015-02-28,0.151,0.161,0.182,0.161
henan_north,2015-03-01,0.153,0.161,0.181,0.161
henan_north,2015-03-02,0.152,0.16,0.181,0.161
henan_north,2015-03-03,0.15,0.159,0.181,0.161
henan_north,2015-03-04,0.148,0.159,0.18,0.161
henan_north,2015-03-05,0.146,0.158,0.18,0.161
henan_north,2015-03-06,0.145,0.158,0.18,0.161
henan_north,2015-03-07,0.143,0.157,0.18,0.161
henan_north,2015-03-08,0.142,0.156,0.179,0.161
henan_north,2015-03-09,0.144,0.156,0.179,0.161
henan_north,2015-03-10,0.144,0.155,0.179,0.161
henan_north,2015-03-11,0.142,0.155,0.179,0.161
henan_north,2015-03-12,0.14,0.154,0.178,0.161
henan_north,2015-03-13,0.138,0.153,0.178,0.161
henan_north,2015-03-14,0.136,0.152,0.177,0.161
henan_north,2015-03-15,0.135,0.151,0.177,0.161
henan_north,2015-03-16,0.134,0.151,0.177,0.161
henan_north,2015-03-17,0.162,0.15,0.176,0.161
henan_north,2015-03-18,0.165,0.15,0.176,0.161
henan_north,2015-03-19,0.163,0.15,0.176,0.161
henan_north,2015-03-20,0.161,0.149,0.176,0.161
henan_north,2015-03-21,0.155,0.149,0.175,0.161
henan_north,2015-03-22,0.15,0.148,0.174,0.161
henan_north,2015-03-23,0.154,0.147,0.174,0.161
henan_north,2015-03-24,0.153,0.147,0.174,0.161
henan_north,2015-03-25,0.15,0.146,0.173,0.161
henan_north,2015-03-26,0.159,0.146,0.173,0.161
henan_north,2015-03-27,0.157,0.145,0.173,0.161
henan_north,2015-03-28,0.151,0.145,0.172,0.161
henan_north,2015-03-29,0.146,0.144,0.171,0.161
henan_north,2015-03-30,0.143,0.143,0.171,0.161
henan_north,2015-03-31,0.187,0.143,0.17,0.161
henan_north,2015-04-01,0.362,0.172,0.17,0.161
henan_north,2015-04-02,0.35,0.251,0.17,0.161
henan_north,2015-04-03,0.305,0.258,0.17,0.161
henan_north,2015-04-04,0.303,0.258,0.171,0.161
henan_north,2015-04-05,0.288,0.258,0.171,0.161
henan_north,2015-04-06,0.274,0.256,0.171,0.161
henan_north,2015-04-07,0.261,0.253,0.171,0.161
henan_north,2015-04-08,0.25,0.248,0.171,0.161
henan_north,2015-04-09,0.239,0.244,0.171,0.161
henan_north,2015-04-10,0.233,0.239,0.171,0.161
henan_north,2015-04-11,0.224,0.233,0.17,0.161
henan_north,2015-04-12,0.213,0.228,0.17,0.161
henan_north,2015-04-13,0.203,0.223,0.17,0.161
henan_north,2015-04-14,0.194,0.218,0.17,0.161
henan_north,2015-04-15,0.182,0.211,0.169,0.161
henan_north,2015-04-16,0.171,0.204,0.168,0.161
henan_north,2015-04-17,0.167,0.199,0.168,0.161
henan_north,2015-04-18,0.175,0.197,0.168,0.161
henan_north,2015-04-19,0.233,0.197,0.168,0.161
henan_north,2015-04-20,0.25,0.197,0.168,0.161
henan_north,2015-04-21,0.23,0.194,0.167,0.161
henan_north,2015-04-22,0.212,0.191,0.167,0.161
henan_north,2015-04-23,0.195,0.187,0.166,0.161
henan_north,2015-04-24,0.18,0.182,0.165,0.161
henan_north,2015-04-25,0.169,0.178,0.165,0.161
henan_north,2015-04-26,0.161,0.174,0.164,0.161
henan_north,2015-04-27,0.154,0.17,0.164,0.161
henan_north,2015-04-28,0.147,0.166,0.163,0.161
henan_north,2015-04-29,0.142,0.163,0.162,0.161
henan_north,2015-04-30,0.138,0.16,0.162,0.161
henan_north,2015-05-01,0.149,0.157,0.161,0.161
henan_north,2015-05-02,0.337,0.188,0.161,0.161
henan_north,2015-05-03,0.279,0.2,0.16,0.161
henan_north,2015-05-04,0.251,0.199,0.16,0.161
henan_north,2015-05-05,0.226,0.195,0.16,0.161
henan_north,2015-05-06,0.208,0.192,0.159,0.161
henan_north,2015-05-07,0.205,0.189,0.159,0.161
henan_north,2015-05-08,0.315,0.196,0.159,0.16
henan_north,2015-05-09,0.276,0.201,0.158,0.16
henan_north,2015-05-10,0.273,0.203,0.158,0.16
henan_north,2015-05-11,0.323,0.214,0.158,0.16
henan_north,2015-05-12,0.271,0.216,0.158,0.16
henan_north,2015-05-13,0.238,0.21,0.158,0.16
henan_north,2015-05-14,0.215,0.204,0.157,0.16
henan_north,2015-05-15,0.196,0.198,0.157,0.16
henan_north,2015-05-16,0.18,0.193,0.156,0.16
henan_north,2015-05-17,0.168,0.188,0.156,0.16
henan_north,2015-05-18,0.158,0.182,0.156,0.16
henan_north,2015-05-19,0.149,0.176,0.155,0.16
henan_north,2015-05-20,0.142,0.172,0.154,0.16
henan_north,2015-05-21,0.139,0.169,0.154,0.16
henan_north,2015-05-22,0.137,0.166,0.154,0.16
henan_north,2015-05-23,0.134,0.163,0.153,0.16
henan_north,2015-05-24,0.132,0.16,0.153,0.16
henan_north,2015-05-25,0.13,0.156,0.152,0.16
henan_north,2015-05-26,0.129,0.154,0.152,0.16
henan_north,2015-05-27,0.127,0.152,0.152,0.16
henan_north,2015-05-28,0.126,0.15,0.151,0.16
henan_north,2015-05-29,0.132,0.149,0.151,0.16
henan_north,2015-05-30,0.132,0.147,0.15,0.16
henan_north,2015-05-31,0.13,0.146,0.15,0.16
henan_north,2015-06-01,0.128,0.145,0.15,0.16
henan_north,2015-06-02,0.127,0.144,0.149,0.16
henan_north,2015-06-03,0.126,0.142,0.149,0.16
henan_north,2015-06-04,0.127,0.142,0.149,0.16
henan_north,2015-06-05,0.128,0.141,0.148,0.16
henan_north,2015-06-06,0.127,0.14,0.148,0.16
henan_north,2015-06-07,0.126,0.139,0.148,0.16
henan_north,2015-06-08,0.125,0.138,0.147,0.16
henan_north,2015-06-09,0.123,0.138,0.147,0.16
henan_north,2015-06-10,0.123,0.137,0.146,0.16
henan_north,2015-06-11,0.123,0.136,0.146,0.16
henan_north,2015-06-12,0.122,0.136,0.145,0.16
henan_north,2015-06-13,0.121,0.135,0.145,0.159
henan_north,2015-06-14,0.121,0.135,0.145,0.159
henan_north,2015-06-15,0.124,0.135,0.144,0.159
henan_north,2015-06-16,0.126,0.135,0.144,0.159
henan_north,2015-06-17,0.138,0.135,0.144,0.159
henan_north,2015-06-18,0.134,0.134,0.144,0.159
henan_north,2015-06-19,0.131,0.134,0.144,0.159
henan_north,2015-06-20,0.129,0.134,0.143,0.159
henan_north,2015-06-21,0.127,0.134,0.143,0.159
henan_north,2015-06-22,0.126,0.134,0.143,0.159
henan_north,2015-06-23,0.138,0.134,0.143,0.159
henan_north,2015-06-24,0.357,0.184,0.143,0.159
henan_north,2015-06-25,0.382,0.273,0.143,0.159
henan_north,2015-06-26,0.334,0.297,0.144,0.159
henan_north,2015-06-27,0.348,0.3,0.145,0.159
henan_north,2015-06-28,0.315,0.296,0.146,0.159
henan_north,2015-06-29,0.313,0.29,0.147,0.159
henan_north,2015-06-30,0.317,0.289,0.148,0.159
henan_north,2015-07-01,0.29,0.281,0.149,0.159
henan_north,2015-07-02,0.26,0.268,0.149,0.159
henan_north,2015-07-03,0.238,0.257,0.149,0.159
henan_north,2015-07-04,0.22,0.246,0.149,0.159
henan_north,2015-07-05,0.202,0.235,0.149,0.159
henan_north,2015-07-06,0.192,0.226,0.149,0.159
henan_north,2015-07-07,0.188,0.219,0.149,0.159
henan_north,2015-07-08,0.186,0.212,0.149,0.159
henan_north,2015-07-09,0.173,0.203,0.148,0.159
henan_north,2015-07-10,0.162,0.196,0.148,0.159
henan_north,2015-07-11,0.156,0.189,0.148,0.159
henan_north,2015-07-12,0.149,0.182,0.147,0.159
henan_north,2015-07-13,0.141,0.174,0.147,0.159
henan_north,2015-07-14,0.137,0.167,0.146,0.159
henan_north,2015-07-15,0.279,0.179,0.146,0.159
henan_north,2015-07-16,0.335,0.244,0.146,0.159
henan_north,2015-07-17,0.292,0.246,0.146,0.159
henan_north,2015-07-18,0.268,0.241,0.146,0.159
henan_north,2015-07-19,0.251,0.234,0.146,0.159
henan_north,2015-07-20,0.233,0.227,0.146,0.159
henan_north,2015-07-21,0.214,0.219,0.146,0.159
henan_north,2015-07-22,0.208,0.212,0.146,0.159
henan_north,2015-07-23,0.332,0.218,0.146,0.159
henan_north,2015-07-24,0.326,0.248,0.146,0.159
henan_north,2015-07-25,0.282,0.245,0.146,0.159
henan_north,2015-07-26,0.251,0.237,0.146,0.159
henan_north,2015-07-27,0.226,0.227,0.146,0.159
henan_north,2015-07-28,0.207,0.218,0.146,0.158
henan_north,2015-07-29,0.187,0.207,0.146,0.158
henan_north,2015-07-30,0.193,0.199,0.146,0.158
henan_north,2015-07-31,0.262,0.195,0.145,0.158
henan_north,2015-08-01,0.286,0.198,0.145,0.158
henan_north,2015-08-02,0.267,0.199,0.145,0.158
henan_north,2015-08-03,0.278,0.198,0.145,0.158
henan_north,2015-08-04,0.37,0.29,0.145,0.158
henan_north,2015-08-05,0.333,0.298,0.147,0.158
henan_north,2015-08-06,0.306,0.291,0.148,0.158
henan_north,2015-08-07,0.278,0.279,0.148,0.158
henan_north,2015-08-08,0.258,0.267,0.148,0.158
henan_north,2015-08-09,0.262,0.258,0.149,0.158
henan_north,2015-08-10,0.285,0.252,0.149,0.158
henan_north,2015-08-11,0.259,0.244,0.149,0.158
henan_north,2015-08-12,0.233,0.234,0.149,0.158
henan_north,2015-08-13,0.213,0.225,0.149,0.158
henan_north,2015-08-14,0.207,0.216,0.148,0.158
henan_north,2015-08-15,0.21,0.21,0.148,0.158
henan_north,2015-08-16,0.192,0.201,0.148,0.158
henan_north,2015-08-17,0.176,0.193,0.148,0.158
henan_north,2015-08-18,0.169,0.188,0.147,0.158
henan_north,2015-08-19,0.168,0.185,0.147,0.158
henan_north,2015-08-20,0.16,0.181,0.147,0.158
henan_north,2015-08-21,0.152,0.175,0.147,0.158
henan_north,2015-08-22,0.151,0.169,0.146,0.158
henan_north,2015-08-23,0.157,0.165,0.146,0.158
henan_north,2015-08-24,0.153,0.162,0.146,0.158
henan_north,2015-08-25,0.149,0.159,0.145,0.158
henan_north,2015-08-26,0.144,0.156,0.145,0.158
henan_north,2015-08-27,0.142,0.153,0.145,0.158
henan_north,2015-08-28,0.14,0.15,0.144,0.158
henan_north,2015-08-29,0.152,0.148,0.144,0.158
henan_north,2015-08-30,0.223,0.147,0.144,0.158
henan_north,2015-08-31,0.39,0.264,0.144,0.158
henan_north,2015-09-01,0.356,0.328,0.146,0.158
henan_north,2015-09-02,0.324,0.316,0.148,0.158
henan_north,2015-09-03,0.301,0.303,0.15,0.158
henan_north,2015-09-04,0.342,0.3,0.151,0.158
henan_north,2015-09-05,0.339,0.307,0.152,0.158
henan_north,2015-09-06,0.379,0.322,0.153,0.158
henan_north,2015-09-07,0.34,0.325,0.156,0.158
henan_north,2015-09-08,0.313,0.312,0.157,0.158
henan_north,2015-09-09,0.297,0.301,0.158,0.158
henan_north,2015-09-10,0.3,0.295,0.159,0.158
henan_north,2015-09-11,0.329,0.294,0.16,0.158
henan_north,2015-09-12,0.305,0.289,0.161,0.158
henan_north,2015-09-13,0.282,0.28,0.161,0.158
henan_north,2015-09-14,0.264,0.271,0.162,0.158
henan_north,2015-09-15,0.249,0.263,0.162,0.158
henan_north,2015-09-16,0.235,0.255,0.162,0.158
henan_north,2015-09-17,0.227,0.247,0.162,0.158
henan_north,2015-09-18,0.218,0.241,0.162,0.158
henan_north,2015-09-19,0.21,0.235,0.162,0.158
henan_north,2015-09-20,0.201,0.229,0.161,0.158
henan_north,2015-09-21,0.191,0.222,0.161,0.157
henan_north,2015-09-22,0.186,0.218,0.161,0.157
henan_north,2015-09-23,0.183,0.214,0.161,0.157
henan_north,2015-09-24,0.178,0.21,0.161,0.157
henan_north,2015-09-25,0.173,0.206,0.16,0.157
henan_north,2015-09-26,0.167,0.201,0.16,0.157
henan_north,2015-09-27,0.162,0.197,0.16,0.157
henan_north,2015-09-28,0.158,0.194,0.16,0.157
henan_north,2015-09-29,0.156,0.192,0.16,0.157
henan_north,2015-09-30,0.154,0.19,0.159,0.157
henan_north,2015-10-01,0.15,0.187,0.159,0.157
henan_north,2015-10-02,0.146,0.184,0.159,0.157
henan_north,2015-10-03,0.143,0.182,0.159,0.157
henan_north,2015-10-04,0.141,0.179,0.158,0.157
henan_north,2015-10-05,0.139,0.177,0.158,0.157
henan_north,2015-10-06,0.155,0.175,0.158,0.157
henan_north,2015-10-07,0.274,0.177,0.158,0.157
henan_north,2015-10-08,0.254,0.18,0.158,0.157
henan_north,2015-10-09,0.236,0.18,0.158,0.157
henan_north,2015-10-10,0.22,0.179,0.157,0.157
henan_north,2015-10-11,0.209,0.178,0.157,0.157
henan_north,2015-10-12,0.198,0.177,0.157,0.157
henan_north,2015-10-13,0.189,0.175,0.157,0.157
henan_north,2015-10-14,0.182,0.174,0.157,0.157
henan_north,2015-10-15,0.174,0.172,0.156,0.157
henan_north,2015-10-16,0.168,0.171,0.156,0.157
henan_north,2015-10-17,0.162,0.169,0.156,0.157
henan_north,2015-10-18,0.158,0.168,0.156,0.157
henan_north,2015-10-19,0.157,0.167,0.156,0.157
henan_north,2015-10-20,0.155,0.166,0.156,0.157
henan_north,2015-10-21,0.152,0.165,0.155,0.157
henan_north,2015-10-22,0.149,0.164,0.155,0.157
henan_north,2015-10-23,0.149,0.164,0.155,0.157
henan_north,2015-10-24,0.147,0.163,0.155,0.157
henan_north,2015-10-25,0.281,0.168,0.155,0.157
henan_north,2015-10-26,0.345,0.226,0.155,0.157
henan_north,2015-10-27,0.302,0.237,0.155,0.157
henan_north,2015-10-28,0.281,0.238,0.155,0.157
henan_north,2015-10-29,0.268,0.238,0.156,0.157
henan_north,2015-10-30,0.255,0.236,0.156,0.157
henan_north,2015-10-31,0.249,0.235,0.156,0.157
henan_north,2015-11-01,0.245,0.233,0.156,0.157
henan_north,2015-11-02,0.238,0.231,0.156,0.157
henan_north,2015-11-03,0.231,0.229,0.156,0.157
henan_north,2015-11-04,0.226,0.227,0.156,0.157
henan_north,2015-11-05,0.233,0.225,0.156,0.157
henan_north,2015-11-06,0.344,0.236,0.156,0.157
henan_north,2015-11-07,0.329,0.254,0.157,0.157
henan_north,2015-11-08,0.329,0.263,0.157,0.157
henan_north,2015-11-09,0.307,0.267,0.157,0.157
henan_north,2015-11-10,0.302,0.268,0.158,0.157
henan_north,2015-11-11,0.294,0.269,0.158,0.157
henan_north,2015-11-12,0.287,0.268,0.159,0.157
henan_north,2015-11-13,0.282,0.267,0.159,0.157
henan_north,2015-11-14,0.276,0.265,0.159,0.157
henan_north,2015-11-15,0.286,0.264,0.16,0.157
henan_north,2015-11-16,0.318,0.268,0.16,0.157
henan_north,2015-11-17,0.305,0.27,0.161,0.157
henan_north,2015-11-18,0.311,0.272,0.161,0.157
henan_north,2015-11-19,0.298,0.272,0.162,0.157
henan_north,2015-11-20,0.291,0.272,0.162,0.157
henan_north,2015-11-21,0.299,0.271,0.163,0.157
henan_north,2015-11-22,0.335,0.276,0.163,0.157
henan_north,2015-11-23,0.319,0.282,0.164,0.157
henan_north,2015-11-24,0.308,0.283,0.164,0.157
henan_north,2015-11-25,0.301,0.282,0.165,0.157
henan_north,2015-11-26,0.296,0.282,0.166,0.157
henan_north,2015-11-27,0.293,0.281,0.166,0.157
henan_north,2015-11-28,0.294,0.279,0.167,0.157
henan_north,2015-11-29,0.303,0.279,0.168,0.157
henan_north,2015-11-30,0.317,0.281,0.168,0.157
henan_north,2015-12-01,0.352,0.288,0.169,0.157
henan_north,2015-12-02,0.345,0.301,0.17,0.157
henan_north,2015-12-03,0.331,0.303,0.171,0.157
henan_north,2015-12-04,0.322,0.302,0.172,0.157
henan_north,2015-12-05,0.317,0.3,0.173,0.157
henan_north,2015-12-06,0.313,0.298,0.174,0.157
henan_north,2015-12-07,0.31,0.296,0.174,0.157
henan_north,2015-12-08,0.306,0.293,0.175,0.157
henan_north,2015-12-09,0.302,0.291,0.176,0.157
henan_north,2015-12-10,0.298,0.289,0.177,0.157
henan_north,2015-12-11,0.293,0.286,0.177,0.157
henan_north,2015-12-12,0.288,0.284,0.178,0.157
henan_north,2015-12-13,0.284,0.281,0.178,0.157
henan_north,2015-12-14,0.28,0.278,0.179,0.157
henan_north,2015-12-15,0.275,0.276,0.179,0.157
henan_north,2015-12-16,0.272,0.273,0.18,0.157
henan_north,2015-12-17,0.269,0.271,0.18,0.157
henan_north,2015-12-18,0.267,0.269,0.18,0.157
henan_north,2015-12-19,0.265,0.267,0.181,0.157
henan_north,2015-12-20,0.262,0.265,0.181,0.157
henan_north,2015-12-21,0.26,0.263,0.181,0.157
henan_north,2015-12-22,0.258,0.261,0.182,0.157
henan_north,2015-12-23,0.256,0.259,0.182,0.157
henan_north,2015-12-24,0.255,0.258,0.182,0.157
henan_north,2015-12-25,0.252,0.256,0.182,0.157
henan_north,2015-12-26,0.248,0.254,0.182,0.157
henan_north,2015-12-27,0.245,0.252,0.182,0.157
henan_north,2015-12-28,0.244,0.25,0.183,0.157
henan_north,2015-12-29,0.242,0.249,0.183,0.157
henan_north,2015-12-30,0.24,0.247,0.183,0.157
henan_north,2015-12-31,0.238,0.246,0.183,0.157
henan_north,2016-01-01,0.236,0.244,0.183,0.157
henan_north,2016-01-02,0.234,0.243,0.183,0.157
henan_north,2016-01-03,0.232,0.241,0.183,0.157
henan_north,2016-01-04,0.231,0.24,0.183,0.157
henan_north,2016-01-05,0.23,0.239,0.183,0.157
henan_north,2016-01-06,0.228,0.237,0.183,0.157
henan_north,2016-01-07,0.227,0.236,0.183,0.157
henan_north,2016-01-08,0.227,0.235,0.183,0.157
henan_north,2016-01-09,0.226,0.234,0.184,0.157
henan_north,2016-01-10,0.226,0.233,0.184,0.157
henan_north,2016-01-11,0.224,0.232,0.184,0.157
henan_north,2016-01-12,0.223,0.231,0.184,0.157
henan_north,2016-01-13,0.222,0.23,0.184,0.157
henan_north,2016-01-14,0.222,0.23,0.184,0.157
henan_north,2016-01-15,0.221,0.229,0.184,0.157
henan_north,2016-01-16,0.22,0.228,0.184,0.157
henan_north,2016-01-17,0.22,0.227,0.184,0.157
henan_north,2016-01-18,0.219,0.227,0.184,0.157
henan_north,2016-01-19,0.218,0.226,0.184,0.157
henan_north,2016-01-20,0.217,0.225,0.184,0.157
henan_north,2016-01-21,0.217,0.225,0.184,0.157
henan_north,2016-01-22,0.216,0.224,0.184,0.157
henan_north,2016-01-23,0.215,0.223,0.184,0.157
henan_north,2016-01-24,0.216,0.223,0.184,0.157
henan_north,2016-01-25,0.216,0.222,0.184,0.157
henan_north,2016-01-26,0.218,0.222,0.184,0.157
henan_north,2016-01-27,0.22,0.222,0.184,0.157
henan_north,2016-01-28,0.22,0.222,0.184,0.157
henan_north,2016-01-29,0.218,0.221,0.184,0.157
henan_north,2016-01-30,0.217,0.22,0.184,0.157
henan_north,2016-01-31,0.217,0.22,0.184,0.157
henan_north,2016-02-01,0.217,0.22,0.184,0.157
henan_north,2016-02-02,0.219,0.219,0.185,0.157
henan_north,2016-02-03,0.22,0.219,0.185,0.157
henan_north,2016-02-04,0.219,0.218,0.185,0.157
henan_north,2016-02-05,0.217,0.217,0.184,0.157
henan_north,2016-02-06,0.215,0.216,0.184,0.157
henan_north,2016-02-07,0.211,0.215,0.184,0.157
henan_north,2016-02-08,0.207,0.214,0.184,0.157
henan_north,2016-02-09,0.203,0.212,0.184,0.157
henan_north,2016-02-10,0.2,0.211,0.184,0.157
henan_north,2016-02-11,0.197,0.21,0.184,0.157
henan_north,2016-02-12,0.24,0.209,0.184,0.157
henan_north,2016-02-13,0.355,0.235,0.184,0.157
henan_north,2016-02-14,0.315,0.251,0.184,0.157
henan_north,2016-02-15,0.295,0.254,0.184,0.157
henan_north,2016-02-16,0.282,0.255,0.184,0.157
henan_north,2016-02-17,0.273,0.253,0.184,0.157
henan_north,2016-02-18,0.266,0.252,0.184,0.157
henan_north,2016-02-19,0.259,0.249,0.184,0.157
henan_north,2016-02-20,0.252,0.247,0.184,0.157
henan_north,2016-02-21,0.247,0.245,0.184,0.157
henan_north,2016-02-22,0.247,0.244,0.184,0.157
henan_north,2016-02-23,0.241,0.242,0.184,0.157
henan_north,2016-02-24,0.236,0.239,0.184,0.157
henan_north,2016-02-25,0.231,0.237,0.184,0.157
henan_north,2016-02-26,0.224,0.234,0.184,0.157
henan_north,2016-02-27,0.218,0.232,0.184,0.157
henan_north,2016-02-28,0.213,0.229,0.184,0.157
henan_north,2016-02-29,0.209,0.226,0.184,0.157
henan_north,2016-03-01,0.205,0.224,0.184,0.157
henan_north,2016-03-02,0.199,0.221,0.183,0.157
henan_north,2016-03-03,0.193,0.217,0.183,0.157
henan_north,2016-03-04,0.187,0.214,0.183,0.157
henan_north,2016-03-05,0.184,0.211,0.182,0.157
henan_north,2016-03-06,0.181,0.208,0.182,0.157
henan_north,2016-03-07,0.181,0.206,0.182,0.157
henan_north,2016-03-08,0.191,0.204,0.182,0.157
henan_north,2016-03-09,0.186,0.202,0.181,0.157
henan_north,2016-03-10,0.182,0.2,0.181,0.157
henan_north,2016-03-11,0.178,0.198,0.181,0.157
henan_north,2016-03-12,0.175,0.196,0.181,0.157
henan_north,2016-03-13,0.171,0.194,0.18,0.157
henan_north,2016-03-14,0.167,0.192,0.18,0.157
henan_north,2016-03-15,0.163,0.19,0.18,0.157
henan_north,2016-03-16,0.161,0.188,0.179,0.157
henan_north,2016-03-17,0.158,0.185,0.179,0.157
henan_north,2016-03-18,0.154,0.183,0.179,0.157
henan_north,2016-03-19,0.151,0.18,0.178,0.157
henan_north,2016-03-20,0.147,0.178,0.178,0.157
henan_north,2016-03-21,0.145,0.175,0.177,0.157
henan_north,2016-03-22,0.142,0.173,0.177,0.157
henan_north,2016-03-23,0.14,0.171,0.176,0.157
henan_north,2016-03-24,0.139,0.17,0.176,0.157
henan_north,2016-03-25,0.139,0.168,0.175,0.157
henan_north,2016-03-26,0.141,0.167,0.175,0.157
henan_north,2016-03-27,0.139,0.165,0.174,0.157
henan_north,2016-03-28,0.137,0.162,0.174,0.157
henan_north,2016-03-29,0.135,0.16,0.173,0.157
henan_north,2016-03-30,0.133,0.158,0.173,0.157
henan_north,2016-03-31,0.132,0.157,0.172,0.157
henan_north,2016-04-01,0.131,0.155,0.171,0.157
henan_north,2016-04-02,0.13,0.153,0.171,0.157
henan_north,2016-04-03,0.138,0.152,0.17,0.157
henan_north,2016-04-04,0.138,0.152,0.17,0.157
henan_north,2016-04-05,0.137,0.151,0.169,0.157
henan_north,2016-04-06,0.14,0.15,0.169,0.157
henan_north,2016-04-07,0.144,0.149,0.169,0.157
henan_north,2016-04-08,0.14,0.148,0.168,0.157
henan_north,2016-04-09,0.137,0.146,0.167,0.157
henan_north,2016-04-10,0.134,0.145,0.167,0.157
henan_north,2016-04-11,0.132,0.144,0.166,0.157
henan_north,2016-04-12,0.132,0.143,0.165,0.157
henan_north,2016-04-13,0.132,0.142,0.165,0.157
henan_north,2016-04-14,0.131,0.141,0.164,0.157
henan_north,2016-04-15,0.131,0.141,0.163,0.157
henan_north,2016-04-16,0.214,0.141,0.163,0.157
henan_north,2016-04-17,0.218,0.142,0.162,0.157
henan_north,2016-04-18,0.199,0.142,0.162,0.157
henan_north,2016-04-19,0.185,0.142,0.161,0.157
henan_north,2016-04-20,0.176,0.142,0.161,0.157
henan_north,2016-04-21,0.167,0.142,0.161,0.157
henan_north,2016-04-22,0.156,0.141,0.16,0.157
henan_north,2016-04-23,0.155,0.14,0.159,0.156
henan_north,2016-04-24,0.153,0.14,0.159,0.156
henan_north,2016-04-25,0.148,0.139,0.159,0.156
henan_north,2016-04-26,0.147,0.139,0.158,0.156
henan_north,2016-04-27,0.147,0.139,0.158,0.156
henan_north,2016-04-28,0.15,0.139,0.158,0.156
henan_north,2016-04-29,0.148,0.138,0.158,0.156
henan_north,2016-04-30,0.142,0.138,0.157,0.156
henan_north,2016-05-01,0.138,0.137,0.156,0.156
henan_north,2016-05-02,0.135,0.137,0.156,0.156
henan_north,2016-05-03,0.132,0.136,0.155,0.156
henan_north,2016-05-04,0.13,0.136,0.155,0.156
henan_north,2016-05-05,0.13,0.136,0.154,0.156
henan_north,2016-05-06,0.13,0.135,0.154,0.156
henan_north,2016-05-07,0.129,0.135,0.153,0.156
henan_north,2016-05-08,0.14,0.135,0.153,0.156
henan_north,2016-05-09,0.161,0.135,0.153,0.156
henan_north,2016-05-10,0.17,0.135,0.153,0.156
henan_north,2016-05-11,0.16,0.135,0.152,0.156
henan_north,2016-05-12,0.151,0.135,0.152,0.156
henan_north,2016-05-13,0.147,0.135,0.152,0.156
henan_north,2016-05-14,0.2,0.135,0.151,0.156
henan_north,2016-05-15,0.252,0.139,0.151,0.156
henan_north,2016-05-16,0.219,0.141,0.151,0.156
henan_north,2016-05-17,0.194,0.141,0.15,0.156
henan_north,2016-05-18,0.179,0.141,0.15,0.156
henan_north,2016-05-19,0.167,0.14,0.15,0.156
henan_north,2016-05-20,0.158,0.14,0.149,0.156
henan_north,2016-05-21,0.151,0.139,0.149,0.156
henan_north,2016-05-22,0.145,0.139,0.149,0.156
henan_north,2016-05-23,0.14,0.138,0.149,0.156
henan_north,2016-05-24,0.136,0.138,0.148,0.156
henan_north,2016-05-25,0.133,0.137,0.148,0.156
henan_north,2016-05-26,0.131,0.137,0.147,0.156
henan_north,2016-05-27,0.152,0.137,0.147,0.156
henan_north,2016-05-28,0.173,0.137,0.147,0.156
henan_north,2016-05-29,0.161,0.137,0.147,0.156
henan_north,2016-05-30,0.151,0.136,0.147,0.156
henan_north,2016-05-31,0.168,0.136,0.146,0.156
henan_north,2016-06-01,0.208,0.137,0.146,0.156
henan_north,2016-06-02,0.189,0.137,0.146,0.156
henan_north,2016-06-03,0.181,0.137,0.146,0.156
henan_north,2016-06-04,0.172,0.137,0.146,0.156
henan_north,2016-06-05,0.358,0.23,0.145,0.156
henan_north,2016-06-06,0.374,0.314,0.147,0.156
henan_north,2016-06-07,0.353,0.316,0.148,0.156
henan_north,2016-06-08,0.366,0.333,0.15,0.156
henan_north,2016-06-09,0.33,0.322,0.153,0.156
henan_north,2016-06-10,0.303,0.308,0.154,0.156
henan_north,2016-06-11,0.285,0.295,0.155,0.156
henan_north,2016-06-12,0.273,0.283,0.156,0.156
henan_north,2016-06-13,0.258,0.273,0.156,0.156
henan_north,2016-06-14,0.246,0.264,0.156,0.156
henan_north,2016-06-15,0.228,0.254,0.156,0.156
henan_north,2016-06-16,0.212,0.244,0.156,0.156
henan_north,2016-06-17,0.194,0.233,0.156,0.156
henan_north,2016-06-18,0.179,0.223,0.156,0.156
henan_north,2016-06-19,0.168,0.214,0.155,0.156
henan_north,2016-06-20,0.159,0.206,0.155,0.155
henan_north,2016-06-21,0.153,0.198,0.155,0.155
henan_north,2016-06-22,0.152,0.191,0.154,0.155
henan_north,2016-06-23,0.257,0.2,0.154,0.155
henan_north,2016-06-24,0.32,0.246,0.154,0.155
henan_north,2016-06-25,0.275,0.242,0.154,0.155
henan_north,2016-06-26,0.243,0.233,0.154,0.155
henan_north,2016-06-27,0.219,0.225,0.153,0.155
henan_north,2016-06-28,0.199,0.217,0.153,0.155
henan_north,2016-06-29,0.183,0.208,0.153,0.155
henan_north,2016-06-30,0.173,0.202,0.152,0.155
henan_north,2016-07-01,0.167,0.198,0.152,0.155
henan_north,2016-07-02,0.159,0.191,0.152,0.155
henan_north,2016-07-03,0.154,0.185,0.152,0.155
henan_north,2016-07-04,0.15,0.179,0.151,0.155
henan_north,2016-07-05,0.149,0.175,0.151,0.155
henan_north,2016-07-06,0.143,0.171,0.15,0.155
henan_north,2016-07-07,0.145,0.167,0.15,0.155
henan_north,2016-07-08,0.158,0.165,0.15,0.155
henan_north,2016-07-09,0.263,0.166,0.15,0.155
henan_north,2016-07-10,0.341,0.206,0.15,0.155
henan_north,2016-07-11,0.283,0.214,0.149,0.155
henan_north,2016-07-12,0.258,0.21,0.149,0.155
henan_north,2016-07-13,0.264,0.208,0.149,0.155
henan_north,2016-07-14,0.289,0.208,0.149,0.155
henan_north,2016-07-15,0.363,0.297,0.15,0.155
henan_north,2016-07-16,0.324,0.301,0.151,0.155
henan_north,2016-07-17,0.32,0.296,0.152,0.155
henan_north,2016-07-18,0.306,0.29,0.153,0.155
henan_north,2016-07-19,0.403,0.353,0.16,0.155
henan_north,2016-07-20,0.405,0.399,0.204,0.155
henan_north,2016-07-21,0.374,0.371,0.213,0.155
henan_north,2016-07-22,0.346,0.35,0.217,0.155
henan_north,2016-07-23,0.323,0.331,0.218,0.155
henan_north,2016-07-24,0.309,0.317,0.218,0.155
henan_north,2016-07-25,0.292,0.303,0.218,0.155
henan_north,2016-07-26,0.271,0.29,0.217,0.155
henan_north,2016-07-27,0.256,0.279,0.217,0.155
henan_north,2016-07-28,0.242,0.269,0.216,0.155
henan_north,2016-07-29,0.223,0.256,0.215,0.155
henan_north,2016-07-30,0.214,0.246,0.213,0.155
henan_north,2016-07-31,0.283,0.24,0.212,0.155
henan_north,2016-08-01,0.361,0.255,0.212,0.155
henan_north,2016-08-02,0.364,0.297,0.211,0.155
henan_north,2016-08-03,0.316,0.297,0.211,0.155
henan_north,2016-08-04,0.331,0.292,0.211,0.155
henan_north,2016-08-05,0.412,0.368,0.213,0.155
henan_north,2016-08-06,0.413,0.399,0.226,0.155
henan_north,2016-08-07,0.395,0.384,0.236,0.155
henan_north,2016-08-08,0.374,0.372,0.242,0.155
henan_north,2016-08-09,0.351,0.353,0.244,0.155
henan_north,2016-08-10,0.339,0.34,0.245,0.155
henan_north,2016-08-11,0.321,0.327,0.246,0.155
henan_north,2016-08-12,0.308,0.315,0.245,0.155
henan_north,2016-08-13,0.293,0.304,0.245,0.155
henan_north,2016-08-14,0.287,0.295,0.244,0.155
henan_north,2016-08-15,0.278,0.287,0.244,0.155
henan_north,2016-08-16,0.268,0.281,0.243,0.155
henan_north,2016-08-17,0.264,0.275,0.242,0.155
henan_north,2016-08-18,0.278,0.27,0.242,0.155
henan_north,2016-08-19,0.291,0.266,0.241,0.155
henan_north,2016-08-20,0.283,0.262,0.24,0.155
henan_north,2016-08-21,0.258,0.254,0.238,0.155
henan_north,2016-08-22,0.237,0.247,0.237,0.155
henan_north,2016-08-23,0.227,0.241,0.236,0.155
henan_north,2016-08-24,0.219,0.235,0.235,0.155
henan_north,2016-08-25,0.327,0.269,0.234,0.155
henan_north,2016-08-26,0.345,0.32,0.234,0.155
henan_north,2016-08-27,0.313,0.31,0.234,0.155
henan_north,2016-08-28,0.289,0.298,0.233,0.156
henan_north,2016-08-29,0.267,0.286,0.232,0.156
henan_north,2016-08-30,0.25,0.275,0.231,0.156
henan_north,2016-08-31,0.233,0.263,0.23,0.156
henan_north,2016-09-01,0.217,0.252,0.228,0.156
henan_north,2016-09-02,0.201,0.241,0.226,0.156
henan_north,2016-09-03,0.19,0.232,0.225,0.156
henan_north,2016-09-04,0.184,0.226,0.224,0.156
henan_north,2016-09-05,0.175,0.219,0.222,0.156
henan_north,2016-09-06,0.169,0.212,0.221,0.156
henan_north,2016-09-07,0.186,0.207,0.22,0.156
henan_north,2016-09-08,0.175,0.201,0.218,0.156
henan_north,2016-09-09,0.165,0.195,0.216,0.156
henan_north,2016-09-10,0.157,0.189,0.214,0.156
henan_north,2016-09-11,0.15,0.184,0.213,0.156
henan_north,2016-09-12,0.147,0.18,0.211,0.155
henan_north,2016-09-13,0.329,0.24,0.211,0.156
henan_north,2016-09-14,0.32,0.277,0.21,0.156
henan_north,2016-09-15,0.297,0.274,0.21,0.156
henan_north,2016-09-16,0.28,0.268,0.21,0.156
henan_north,2016-09-17,0.264,0.262,0.209,0.156
henan_north,2016-09-18,0.25,0.256,0.209,0.156
henan_north,2016-09-19,0.248,0.252,0.208,0.156
henan_north,2016-09-20,0.237,0.247,0.208,0.156
henan_north,2016-09-21,0.225,0.241,0.207,0.156
henan_north,2016-09-22,0.213,0.234,0.206,0.156
henan_north,2016-09-23,0.201,0.228,0.205,0.155
henan_north,2016-09-24,0.193,0.223,0.205,0.155
henan_north,2016-09-25,0.189,0.22,0.204,0.155
henan_north,2016-09-26,0.21,0.218,0.204,0.155
henan_north,2016-09-27,0.293,0.22,0.204,0.156
henan_north,2016-09-28,0.268,0.222,0.203,0.156
henan_north,2016-09-29,0.249,0.22,0.203,0.156
henan_north,2016-09-30,0.234,0.217,0.202,0.156
henan_north,2016-10-01,0.223,0.215,0.202,0.156
henan_north,2016-10-02,0.217,0.212,0.201,0.155
henan_north,2016-10-03,0.208,0.209,0.201,0.155
henan_north,2016-10-04,0.198,0.206,0.2,0.155
henan_north,2016-10-05,0.189,0.203,0.199,0.155
henan_north,2016-10-06,0.182,0.2,0.199,0.155
henan_north,2016-10-07,0.185,0.199,0.199,0.155
henan_north,2016-10-08,0.188,0.198,0.198,0.155
henan_north,2016-10-09,0.184,0.197,0.198,0.155
henan_north,2016-10-10,0.18,0.196,0.198,0.155
henan_north,2016-10-11,0.175,0.194,0.197,0.155
henan_north,2016-10-12,0.172,0.192,0.197,0.155
henan_north,2016-10-13,0.168,0.191,0.197,0.155
henan_north,2016-10-14,0.165,0.189,0.196,0.155
henan_north,2016-10-15,0.221,0.188,0.196,0.155
henan_north,2016-10-16,0.249,0.19,0.196,0.156
henan_north,2016-10-17,0.236,0.19,0.196,0.156
henan_north,2016-10-18,0.225,0.19,0.195,0.156
henan_north,2016-10-19,0.216,0.189,0.195,0.156
henan_north,2016-10-20,0.229,0.189,0.195,0.156
henan_north,2016-10-21,0.254,0.191,0.195,0.156
henan_north,2016-10-22,0.257,0.193,0.195,0.156
henan_north,2016-10-23,0.27,0.196,0.195,0.156
henan_north,2016-10-24,0.297,0.201,0.195,0.156
henan_north,2016-10-25,0.315,0.216,0.195,0.156
henan_north,2016-10-26,0.292,0.222,0.194,0.156
henan_north,2016-10-27,0.317,0.229,0.194,0.156
henan_north,2016-10-28,0.318,0.242,0.195,0.156
henan_north,2016-10-29,0.296,0.247,0.195,0.156
henan_north,2016-10-30,0.282,0.248,0.195,0.156
henan_north,2016-10-31,0.271,0.248,0.195,0.156
henan_north,2016-11-01,0.263,0.247,0.195,0.156
henan_north,2016-11-02,0.257,0.246,0.195,0.156
henan_north,2016-11-03,0.25,0.244,0.195,0.156
henan_north,2016-11-04,0.243,0.242,0.194,0.156
henan_north,2016-11-05,0.236,0.24,0.194,0.156
henan_north,2016-11-06,0.233,0.238,0.194,0.156
henan_north,2016-11-07,0.323,0.244,0.194,0.156
henan_north,2016-11-08,0.319,0.258,0.194,0.156
henan_north,2016-11-09,0.299,0.261,0.195,0.156
henan_north,2016-11-10,0.286,0.262,0.195,0.156
henan_north,2016-11-11,0.275,0.26,0.195,0.156
henan_north,2016-11-12,0.268,0.258,0.195,0.156
henan_north,2016-11-13,0.261,0.256,0.195,0.156
henan_north,2016-11-14,0.256,0.254,0.195,0.156
henan_north,2016-11-15,0.25,0.252,0.195,0.156
henan_north,2016-11-16,0.246,0.25,0.195,0.156
henan_north,2016-11-17,0.244,0.249,0.195,0.156
henan_north,2016-11-18,0.255,0.248,0.195,0.156
henan_north,2016-11-19,0.251,0.246,0.195,0.156
henan_north,2016-11-20,0.25,0.245,0.195,0.156
henan_north,2016-11-21,0.265,0.245,0.195,0.156
henan_north,2016-11-22,0.262,0.245,0.195,0.156
henan_north,2016-11-23,0.258,0.245,0.195,0.156
henan_north,2016-11-24,0.256,0.244,0.195,0.156
henan_north,2016-11-25,0.254,0.244,0.195,0.156
henan_north,2016-11-26,0.257,0.243,0.195,0.156
henan_north,2016-11-27,0.259,0.242,0.195,0.156
henan_north,2016-11-28,0.257,0.241,0.195,0.156
henan_north,2016-11-29,0.256,0.241,0.195,0.156
henan_north,2016-11-30,0.254,0.24,0.195,0.156
henan_north,2016-12-01,0.249,0.239,0.195,0.156
henan_north,2016-12-02,0.245,0.238,0.195,0.156
henan_north,2016-12-03,0.241,0.237,0.195,0.156
henan_north,2016-12-04,0.237,0.236,0.195,0.156
henan_north,2016-12-05,0.233,0.234,0.195,0.156
henan_north,2016-12-06,0.23,0.233,0.195,0.156
henan_north,2016-12-07,0.227,0.232,0.195,0.156
henan_north,2016-12-08,0.223,0.23,0.195,0.156
henan_north,2016-12-09,0.219,0.229,0.195,0.156
henan_north,2016-12-10,0.216,0.228,0.195,0.156
henan_north,2016-12-11,0.219,0.226,0.195,0.156
henan_north,2016-12-12,0.229,0.226,0.195,0.156
henan_north,2016-12-13,0.23,0.226,0.195,0.156
henan_north,2016-12-14,0.228,0.225,0.195,0.156
henan_north,2016-12-15,0.226,0.225,0.195,0.156
henan_north,2016-12-16,0.223,0.224,0.195,0.156
henan_north,2016-12-17,0.221,0.223,0.195,0.156
henan_north,2016-12-18,0.218,0.222,0.194,0.156
henan_north,2016-12-19,0.216,0.221,0.194,0.156
henan_north,2016-12-20,0.218,0.22,0.194,0.156
henan_north,2016-12-21,0.317,0.226,0.194,0.156
henan_north,2016-12-22,0.31,0.238,0.194,0.156
henan_north,2016-12-23,0.29,0.242,0.194,0.156
henan_north,2016-12-24,0.279,0.244,0.194,0.156
henan_north,2016-12-25,0.277,0.245,0.195,0.156
henan_north,2016-12-26,0.306,0.248,0.195,0.156
henan_north,2016-12-27,0.297,0.252,0.195,0.156
henan_north,2016-12-28,0.286,0.254,0.195,0.156
henan_north,2016-12-29,0.279,0.254,0.195,0.156
henan_north,2016-12-30,0.274,0.254,0.195,0.156
henan_north,2016-12-31,0.269,0.254,0.195,0.156
henan_north,2017-01-01,0.292,0.288,0.259,0.193
henan_north,2017-01-02,0.308,0.306,0.292,0.212
henan_north,2017-01-03,0.306,0.307,0.293,0.212
henan_north,2017-01-04,0.31,0.308,0.295,0.212
henan_north,2017-01-05,0.344,0.312,0.295,0.212
henan_north,2017-01-06,0.331,0.316,0.296,0.212
henan_north,2017-01-07,0.356,0.322,0.296,0.212
henan_north,2017-01-08,0.343,0.328,0.297,0.213
henan_north,2017-01-09,0.334,0.329,0.298,0.213
henan_north,2017-01-10,0.329,0.329,0.299,0.213
henan_north,2017-01-11,0.325,0.328,0.301,0.213
henan_north,2017-01-12,0.322,0.327,0.302,0.213
henan_north,2017-01-13,0.317,0.324,0.302,0.213
henan_north,2017-01-14,0.314,0.321,0.302,0.213
henan_north,2017-01-15,0.311,0.318,0.302,0.213
henan_north,2017-01-16,0.309,0.316,0.301,0.213
henan_north,2017-01-17,0.307,0.314,0.301,0.214
henan_north,2017-01-18,0.306,0.313,0.302,0.214
henan_north,2017-01-19,0.305,0.312,0.302,0.214
henan_north,2017-01-20,0.302,0.31,0.302,0.214
henan_north,2017-01-21,0.298,0.306,0.3,0.214
henan_north,2017-01-22,0.294,0.303,0.299,0.214
henan_north,2017-01-23,0.291,0.3,0.298,0.214
henan_north,2017-01-24,0.288,0.297,0.297,0.214
henan_north,2017-01-25,0.286,0.295,0.296,0.214
henan_north,2017-01-26,0.283,0.292,0.295,0.214
henan_north,2017-01-27,0.279,0.29,0.294,0.215
henan_north,2017-01-28,0.277,0.286,0.292,0.215
henan_north,2017-01-29,0.282,0.285,0.292,0.215
henan_north,2017-01-30,0.278,0.285,0.292,0.215
henan_north,2017-01-31,0.275,0.283,0.291,0.215
henan_north,2017-02-01,0.273,0.282,0.291,0.215
henan_north,2017-02-02,0.272,0.282,0.292,0.215
henan_north,2017-02-03,0.271,0.282,0.292,0.215
henan_north,2017-02-04,0.27,0.28,0.291,0.215
henan_north,2017-02-05,0.27,0.28,0.292,0.215
henan_north,2017-02-06,0.269,0.28,0.293,0.215
henan_north,2017-02-07,0.269,0.279,0.293,0.216
henan_north,2017-02-08,0.268,0.279,0.293,0.216
henan_north,2017-02-09,0.27,0.281,0.295,0.216
henan_north,2017-02-10,0.268,0.279,0.295,0.216
henan_north,2017-02-11,0.263,0.276,0.293,0.216
henan_north,2017-02-12,0.256,0.271,0.289,0.216
henan_north,2017-02-13,0.249,0.266,0.286,0.216
henan_north,2017-02-14,0.241,0.26,0.283,0.216
henan_north,2017-02-15,0.234,0.255,0.279,0.216
henan_north,2017-02-16,0.226,0.25,0.276,0.216
henan_north,2017-02-17,0.221,0.246,0.275,0.216
henan_north,2017-02-18,0.217,0.244,0.273,0.216
henan_north,2017-02-19,0.21,0.239,0.271,0.216
henan_north,2017-02-20,0.205,0.236,0.27,0.216
henan_north,2017-02-21,0.203,0.235,0.269,0.216
henan_north,2017-02-22,0.207,0.235,0.27,0.216
henan_north,2017-02-23,0.217,0.237,0.271,0.216
henan_north,2017-02-24,0.215,0.236,0.272,0.216
henan_north,2017-02-25,0.212,0.235,0.271,0.216
henan_north,2017-02-26,0.209,0.233,0.271,0.216
henan_north,2017-02-27,0.203,0.23,0.268,0.216
henan_north,2017-02-28,0.196,0.225,0.266,0.216
henan_north,2017-03-01,0.192,0.22,0.263,0.216
henan_north,2017-03-02,0.187,0.217,0.261,0.216
henan_north,2017-03-03,0.178,0.211,0.258,0.216
henan_north,2017-03-04,0.169,0.205,0.253,0.216
henan_north,2017-03-05,0.165,0.203,0.252,0.216
henan_north,2017-03-06,0.163,0.202,0.252,0.216
henan_north,2017-03-07,0.158,0.2,0.25,0.216
henan_north,2017-03-08,0.154,0.197,0.248,0.216
henan_north,2017-03-09,0.148,0.191,0.245,0.216
henan_north,2017-03-10,0.139,0.186,0.241,0.216
henan_north,2017-03-11,0.132,0.181,0.238,0.216
henan_north,2017-03-12,0.127,0.175,0.234,0.216
henan_north,2017-03-13,0.131,0.176,0.235,0.216
henan_north,2017-03-14,0.135,0.177,0.236,0.216
henan_north,2017-03-15,0.131,0.174,0.234,0.216
henan_north,2017-03-16,0.13,0.174,0.234,0.216
henan_north,2017-03-17,0.132,0.174,0.234,0.216
henan_north,2017-03-18,0.132,0.175,0.235,0.216
henan_north,2017-03-19,0.132,0.173,0.233,0.216
henan_north,2017-03-20,0.16,0.175,0.235,0.216
henan_north,2017-03-21,0.144,0.179,0.238,0.216
henan_north,2017-03-22,0.164,0.182,0.239,0.216
henan_north,2017-03-23,0.177,0.184,0.24,0.216
henan_north,2017-03-24,0.181,0.188,0.243,0.216
henan_north,2017-03-25,0.179,0.193,0.247,0.216
henan_north,2017-03-26,0.173,0.191,0.246,0.216
henan_north,2017-03-27,0.166,0.188,0.244,0.216
henan_north,2017-03-28,0.156,0.182,0.24,0.216
henan_north,2017-03-29,0.154,0.183,0.241,0.216
henan_north,2017-03-30,0.169,0.185,0.243,0.216
henan_north,2017-03-31,0.196,0.185,0.243,0.216
henan_north,2017-04-01,0.196,0.186,0.243,0.216
henan_north,2017-04-02,0.182,0.181,0.24,0.216
henan_north,2017-04-03,0.168,0.173,0.234,0.216
henan_north,2017-04-04,0.187,0.17,0.232,0.216
henan_north,2017-04-05,0.218,0.171,0.231,0.216
henan_north,2017-04-06,0.211,0.174,0.232,0.216
henan_north,2017-04-07,0.204,0.176,0.234,0.216
henan_north,2017-04-08,0.249,0.18,0.236,0.216
henan_north,2017-04-09,0.261,0.184,0.236,0.216
henan_north,2017-04-10,0.269,0.188,0.237,0.216
henan_north,2017-04-11,0.263,0.192,0.237,0.216
henan_north,2017-04-12,0.244,0.195,0.238,0.216
henan_north,2017-04-13,0.231,0.193,0.237,0.216
henan_north,2017-04-14,0.229,0.19,0.234,0.216
henan_north,2017-04-15,0.219,0.188,0.233,0.216
henan_north,2017-04-16,0.223,0.187,0.233,0.216
henan_north,2017-04-17,0.267,0.191,0.232,0.216
henan_north,2017-04-18,0.232,0.185,0.227,0.215
henan_north,2017-04-19,0.215,0.177,0.221,0.215
henan_north,2017-04-20,0.206,0.177,0.222,0.215
henan_north,2017-04-21,0.19,0.176,0.221,0.215
henan_north,2017-04-22,0.179,0.174,0.221,0.215
henan_north,2017-04-23,0.166,0.17,0.219,0.215
henan_north,2017-04-24,0.157,0.167,0.217,0.215
henan_north,2017-04-25,0.153,0.168,0.218,0.215
henan_north,2017-04-26,0.15,0.168,0.219,0.215
henan_north,2017-04-27,0.149,0.17,0.221,0.215
henan_north,2017-04-28,0.145,0.168,0.221,0.215
henan_north,2017-04-29,0.14,0.166,0.219,0.215
henan_north,2017-04-30,0.137,0.165,0.219,0.215
henan_north,2017-05-01,0.139,0.167,0.221,0.215
henan_north,2017-05-02,0.142,0.171,0.225,0.215
henan_north,2017-05-03,0.193,0.174,0.227,0.214
henan_north,2017-05-04,0.263,0.178,0.227,0.214
henan_north,2017-05-05,0.238,0.182,0.228,0.214
henan_north,2017-05-06,0.219,0.185,0.231,0.214
henan_north,2017-05-07,0.2,0.182,0.23,0.214
henan_north,2017-05-08,0.185,0.18,0.23,0.214
henan_north,2017-05-09,0.177,0.181,0.231,0.214
henan_north,2017-05-10,0.168,0.182,0.233,0.214
henan_north,2017-05-11,0.156,0.179,0.232,0.214
henan_north,2017-05-12,0.149,0.175,0.23,0.214
henan_north,2017-05-13,0.141,0.171,0.227,0.214
henan_north,2017-05-14,0.137,0.168,0.225,0.214
henan_north,2017-05-15,0.143,0.169,0.226,0.214
henan_north,2017-05-16,0.15,0.171,0.228,0.214
henan_north,2017-05-17,0.149,0.171,0.229,0.214
henan_north,2017-05-18,0.161,0.169,0.228,0.214
henan_north,2017-05-19,0.155,0.169,0.229,0.213
henan_north,2017-05-20,0.152,0.162,0.223,0.213
henan_north,2017-05-21,0.143,0.157,0.219,0.213
henan_north,2017-05-22,0.163,0.157,0.22,0.213
henan_north,2017-05-23,0.326,0.183,0.221,0.213
henan_north,2017-05-24,0.268,0.192,0.223,0.213
henan_north,2017-05-25,0.231,0.188,0.22,0.213
henan_north,2017-05-26,0.202,0.179,0.215,0.213
henan_north,2017-05-27,0.179,0.173,0.211,0.213
henan_north,2017-05-28,0.161,0.169,0.209,0.213
henan_north,2017-05-29,0.148,0.165,0.207,0.213
henan_north,2017-05-30,0.146,0.167,0.21,0.213
henan_north,2017-05-31,0.146,0.17,0.213,0.213
henan_north,2017-06-01,0.14,0.166,0.211,0.212
henan_north,2017-06-02,0.135,0.164,0.211,0.212
henan_north,2017-06-03,0.136,0.165,0.212,0.212
henan_north,2017-06-04,0.138,0.168,0.215,0.212
henan_north,2017-06-05,0.275,0.176,0.217,0.212
henan_north,2017-06-06,0.323,0.209,0.218,0.212
henan_north,2017-06-07,0.279,0.216,0.221,0.212
henan_north,2017-06-08,0.256,0.211,0.217,0.212
henan_north,2017-06-09,0.238,0.209,0.216,0.212
henan_north,2017-06-10,0.22,0.204,0.214,0.212
henan_north,2017-06-11,0.203,0.201,0.214,0.212
henan_north,2017-06-12,0.195,0.198,0.214,0.212
henan_north,2017-06-13,0.213,0.192,0.212,0.212
henan_north,2017-06-14,0.192,0.19,0.211,0.212
henan_north,2017-06-15,0.177,0.185,0.209,0.212
henan_north,2017-06-16,0.162,0.179,0.206,0.212
henan_north,2017-06-17,0.146,0.171,0.202,0.212
henan_north,2017-06-18,0.135,0.164,0.198,0.212
henan_north,2017-06-19,0.131,0.16,0.197,0.211
henan_north,2017-06-20,0.128,0.158,0.196,0.211
henan_north,2017-06-21,0.162,0.156,0.194,0.211
henan_north,2017-06-22,0.306,0.171,0.197,0.211
henan_north,2017-06-23,0.295,0.194,0.202,0.211
henan_north,2017-06-24,0.266,0.197,0.202,0.211
henan_north,2017-06-25,0.24,0.194,0.199,0.211
henan_north,2017-06-26,0.219,0.187,0.195,0.211
henan_north,2017-06-27,0.196,0.18,0.192,0.21
henan_north,2017-06-28,0.174,0.174,0.19,0.209
henan_north,2017-06-29,0.157,0.168,0.187,0.209
henan_north,2017-06-30,0.15,0.164,0.186,0.209
henan_north,2017-07-01,0.143,0.163,0.187,0.209
henan_north,2017-07-02,0.136,0.159,0.185,0.209
henan_north,2017-07-03,0.131,0.156,0.184,0.209
henan_north,2017-07-04,0.129,0.155,0.184,0.209
henan_north,2017-07-05,0.139,0.161,0.19,0.208
henan_north,2017-07-06,0.213,0.168,0.194,0.208
henan_north,2017-07-07,0.299,0.186,0.195,0.208
henan_north,2017-07-08,0.246,0.185,0.193,0.208
henan_north,2017-07-09,0.216,0.18,0.191,0.208
henan_north,2017-07-10,0.201,0.179,0.192,0.208
henan_north,2017-07-11,0.183,0.181,0.185,0.208
henan_north,2017-07-12,0.197,0.225,0.171,0.209
henan_north,2017-07-13,0.182,0.215,0.17,0.209
henan_north,2017-07-14,0.189,0.207,0.169,0.209
henan_north,2017-07-15,0.299,0.212,0.17,0.209
henan_north,2017-07-16,0.297,0.22,0.171,0.209
henan_north,2017-07-17,0.272,0.217,0.171,0.209
henan_north,2017-07-18,0.369,0.265,0.168,0.209
henan_north,2017-07-19,0.342,0.318,0.173,0.209
henan_north,2017-07-20,0.307,0.307,0.176,0.209
henan_north,2017-07-21,0.284,0.293,0.177,0.209
henan_north,2017-07-22,0.29,0.284,0.178,0.209
henan_north,2017-07-23,0.282,0.278,0.179,0.209
henan_north,2017-07-24,0.262,0.273,0.182,0.209
henan_north,2017-07-25,0.259,0.265,0.183,0.209
henan_north,2017-07-26,0.286,0.26,0.184,0.208
henan_north,2017-07-27,0.352,0.281,0.187,0.208
henan_north,2017-07-28,0.35,0.295,0.189,0.208
henan_north,2017-07-29,0.333,0.301,0.191,0.208
henan_north,2017-07-30,0.352,0.304,0.194,0.208
henan_north,2017-07-31,0.344,0.306,0.195,0.208
henan_north,2017-08-01,0.316,0.3,0.194,0.208
henan_north,2017-08-02,0.352,0.307,0.195,0.208
henan_north,2017-08-03,0.339,0.319,0.196,0.208
henan_north,2017-08-04,0.31,0.308,0.196,0.208
henan_north,2017-08-05,0.292,0.297,0.196,0.208
henan_north,2017-08-06,0.269,0.284,0.196,0.208
henan_north,2017-08-07,0.255,0.274,0.196,0.208
henan_north,2017-08-08,0.25,0.267,0.198,0.208
henan_north,2017-08-09,0.243,0.256,0.197,0.208
henan_north,2017-08-10,0.231,0.244,0.194,0.208
henan_north,2017-08-11,0.211,0.233,0.192,0.208
henan_north,2017-08-12,0.236,0.227,0.191,0.208
henan_north,2017-08-13,0.325,0.253,0.188,0.208
henan_north,2017-08-14,0.284,0.251,0.188,0.208
henan_north,2017-08-15,0.258,0.244,0.187,0.208
henan_north,2017-08-16,0.239,0.236,0.187,0.208
henan_north,2017-08-17,0.222,0.228,0.186,0.208
henan_north,2017-08-18,0.224,0.221,0.185,0.208
henan_north,2017-08-19,0.224,0.216,0.183,0.208
henan_north,2017-08-20,0.212,0.211,0.183,0.208
henan_north,2017-08-21,0.198,0.206,0.183,0.207
henan_north,2017-08-22,0.187,0.2,0.183,0.207
henan_north,2017-08-23,0.205,0.194,0.181,0.207
henan_north,2017-08-24,0.182,0.186,0.177,0.207
henan_north,2017-08-25,0.201,0.18,0.175,0.207
henan_north,2017-08-26,0.174,0.19,0.182,0.207
henan_north,2017-08-27,0.171,0.188,0.182,0.207
henan_north,2017-08-28,0.171,0.185,0.181,0.207
henan_north,2017-08-29,0.198,0.186,0.182,0.207
henan_north,2017-08-30,0.364,0.22,0.182,0.207
henan_north,2017-08-31,0.32,0.257,0.183,0.207
henan_north,2017-09-01,0.292,0.257,0.184,0.207
henan_north,2017-09-02,0.303,0.257,0.184,0.207
henan_north,2017-09-03,0.291,0.259,0.185,0.207
henan_north,2017-09-04,0.28,0.259,0.186,0.207
henan_north,2017-09-05,0.309,0.261,0.188,0.207
henan_north,2017-09-06,0.348,0.281,0.189,0.207
henan_north,2017-09-07,0.309,0.282,0.188,0.207
henan_north,2017-09-08,0.285,0.274,0.187,0.207
henan_north,2017-09-09,0.276,0.269,0.186,0.207
henan_north,2017-09-10,0.33,0.271,0.186,0.207
henan_north,2017-09-11,0.322,0.281,0.187,0.207
henan_north,2017-09-12,0.293,0.275,0.186,0.207
henan_north,2017-09-13,0.27,0.265,0.183,0.207
henan_north,2017-09-14,0.252,0.256,0.181,0.207
henan_north,2017-09-15,0.236,0.247,0.179,0.207
henan_north,2017-09-16,0.226,0.24,0.177,0.207
henan_north,2017-09-17,0.216,0.235,0.178,0.207
henan_north,2017-09-18,0.204,0.229,0.177,0.207
henan_north,2017-09-19,0.191,0.22,0.174,0.207
henan_north,2017-09-20,0.178,0.211,0.172,0.207
henan_north,2017-09-21,0.172,0.204,0.171,0.207
henan_north,2017-09-22,0.168,0.201,0.171,0.207
henan_north,2017-09-23,0.161,0.196,0.171,0.206
henan_north,2017-09-24,0.156,0.192,0.169,0.206
henan_north,2017-09-25,0.21,0.192,0.172,0.206
henan_north,2017-09-26,0.276,0.196,0.172,0.206
henan_north,2017-09-27,0.309,0.207,0.172,0.206
henan_north,2017-09-28,0.28,0.214,0.173,0.206
henan_north,2017-09-29,0.261,0.217,0.174,0.206
henan_north,2017-09-30,0.266,0.217,0.175,0.206
henan_north,2017-10-01,0.331,0.239,0.178,0.206
henan_north,2017-10-02,0.314,0.257,0.18,0.206
henan_north,2017-10-03,0.354,0.268,0.181,0.206
henan_north,2017-10-04,0.369,0.297,0.181,0.206
henan_north,2017-10-05,0.342,0.31,0.183,0.206
henan_north,2017-10-06,0.324,0.309,0.185,0.206
henan_north,2017-10-07,0.314,0.306,0.187,0.206
henan_north,2017-10-08,0.324,0.305,0.188,0.206
henan_north,2017-10-09,0.347,0.308,0.19,0.206
henan_north,2017-10-10,0.361,0.32,0.192,0.206
henan_north,2017-10-11,0.35,0.325,0.194,0.206
henan_north,2017-10-12,0.358,0.328,0.196,0.206
henan_north,2017-10-13,0.339,0.327,0.199,0.206
henan_north,2017-10-14,0.327,0.323,0.203,0.206
henan_north,2017-10-15,0.324,0.321,0.206,0.206
henan_north,2017-10-16,0.327,0.319,0.208,0.206
henan_north,2017-10-17,0.337,0.317,0.21,0.206
henan_north,2017-10-18,0.348,0.32,0.211,0.206
henan_north,2017-10-19,0.331,0.32,0.214,0.206
henan_north,2017-10-20,0.319,0.316,0.215,0.206
henan_north,2017-10-21,0.31,0.311,0.216,0.206
henan_north,2017-10-22,0.304,0.307,0.217,0.206
henan_north,2017-10-23,0.299,0.305,0.221,0.206
henan_north,2017-10-24,0.293,0.301,0.221,0.206
henan_north,2017-10-25,0.29,0.297,0.222,0.206
henan_north,2017-10-26,0.287,0.294,0.223,0.206
henan_north,2017-10-27,0.281,0.289,0.223,0.206
henan_north,2017-10-28,0.274,0.284,0.223,0.206
henan_north,2017-10-29,0.265,0.279,0.222,0.206
henan_north,2017-10-30,0.259,0.274,0.221,0.206
henan_north,2017-10-31,0.254,0.269,0.219,0.206
henan_north,2017-11-01,0.257,0.265,0.218,0.206
henan_north,2017-11-02,0.252,0.262,0.218,0.206
henan_north,2017-11-03,0.244,0.257,0.216,0.206
henan_north,2017-11-04,0.238,0.253,0.215,0.206
henan_north,2017-11-05,0.232,0.249,0.214,0.206
henan_north,2017-11-06,0.226,0.245,0.212,0.206
henan_north,2017-11-07,0.224,0.24,0.211,0.206
henan_north,2017-11-08,0.218,0.235,0.208,0.206
henan_north,2017-11-09,0.216,0.232,0.207,0.206
henan_north,2017-11-10,0.269,0.229,0.206,0.206
henan_north,2017-11-11,0.254,0.227,0.204,0.206
henan_north,2017-11-12,0.244,0.226,0.203,0.206
henan_north,2017-11-13,0.237,0.224,0.203,0.206
henan_north,2017-11-14,0.229,0.222,0.202,0.206
henan_north,2017-11-15,0.223,0.219,0.201,0.206
henan_north,2017-11-16,0.217,0.218,0.2,0.206
henan_north,2017-11-17,0.212,0.216,0.2,0.206
henan_north,2017-11-18,0.207,0.214,0.199,0.206
henan_north,2017-11-19,0.205,0.213,0.198,0.206
henan_north,2017-11-20,0.204,0.212,0.198,0.206
henan_north,2017-11-21,0.201,0.211,0.198,0.206
henan_north,2017-11-22,0.196,0.21,0.197,0.206
henan_north,2017-11-23,0.191,0.207,0.196,0.206
henan_north,2017-11-24,0.186,0.204,0.194,0.206
henan_north,2017-11-25,0.179,0.2,0.193,0.206
henan_north,2017-11-26,0.171,0.196,0.19,0.206
henan_north,2017-11-27,0.166,0.193,0.188,0.206
henan_north,2017-11-28,0.161,0.191,0.187,0.206
henan_north,2017-11-29,0.159,0.189,0.186,0.206
henan_north,2017-11-30,0.159,0.189,0.187,0.206
henan_north,2017-12-01,0.161,0.19,0.188,0.206
henan_north,2017-12-02,0.159,0.189,0.188,0.206
henan_north,2017-12-03,0.159,0.188,0.188,0.206
henan_north,2017-12-04,0.16,0.189,0.189,0.206
henan_north,2017-12-05,0.162,0.19,0.19,0.206
henan_north,2017-12-06,0.16,0.189,0.19,0.206
henan_north,2017-12-07,0.158,0.188,0.19,0.206
henan_north,2017-12-08,0.155,0.186,0.189,0.206
henan_north,2017-12-09,0.15,0.183,0.187,0.206
henan_north,2017-12-10,0.143,0.18,0.184,0.206
henan_north,2017-12-11,0.136,0.175,0.182,0.206
henan_north,2017-12-12,0.132,0.173,0.18,0.206
henan_north,2017-12-13,0.132,0.173,0.18,0.206
henan_north,2017-12-14,0.136,0.174,0.181,0.206
henan_north,2017-12-15,0.144,0.175,0.183,0.206
henan_north,2017-12-16,0.15,0.178,0.186,0.206
henan_north,2017-12-17,0.153,0.178,0.186,0.206
henan_north,2017-12-18,0.153,0.177,0.185,0.206
henan_north,2017-12-19,0.151,0.175,0.184,0.206
henan_north,2017-12-20,0.147,0.173,0.183,0.206
henan_north,2017-12-21,0.136,0.169,0.179,0.206
henan_north,2017-12-22,0.126,0.164,0.176,0.206
henan_north,2017-12-23,0.118,0.161,0.174,0.206
henan_north,2017-12-24,0.114,0.159,0.172,0.206
henan_north,2017-12-25,0.112,0.157,0.171,0.206
henan_north,2017-12-26,0.112,0.155,0.169,0.206
henan_north,2017-12-27,0.109,0.152,0.167,0.206
henan_north,2017-12-28,0.109,0.152,0.167,0.206
henan_north,2017-12-29,0.109,0.153,0.168,0.206
henan_north,2017-12-30,0.111,0.156,0.17,0.206
henan_north,2017-12-31,0.113,0.159,0.173,0.206
henan_north,2018-01-01,0.111,0.16,0.174,0.206
henan_north,2018-01-02,0.111,0.159,0.174,0.206
henan_north,2018-01-03,0.112,0.16,0.174,0.206
henan_north,2018-01-04,0.114,0.161,0.175,0.206
henan_north,2018-01-05,0.115,0.162,0.175,0.206
henan_north,2018-01-06,0.116,0.163,0.176,0.206
henan_north,2018-01-07,0.117,0.164,0.176,0.206
henan_north,2018-01-08,0.121,0.166,0.18,0.206
henan_north,2018-01-09,0.122,0.165,0.18,0.206
henan_north,2018-01-10,0.122,0.162,0.178,0.206
henan_north,2018-01-11,0.121,0.16,0.176,0.206
henan_north,2018-01-12,0.12,0.158,0.174,0.206
henan_north,2018-01-13,0.12,0.157,0.174,0.206
henan_north,2018-01-14,0.12,0.157,0.174,0.206
henan_north,2018-01-15,0.12,0.157,0.175,0.206
henan_north,2018-01-16,0.121,0.157,0.175,0.206
henan_north,2018-01-17,0.127,0.161,0.178,0.206
henan_north,2018-01-18,0.136,0.166,0.183,0.206
henan_north,2018-01-19,0.144,0.171,0.187,0.206
henan_north,2018-01-20,0.15,0.173,0.189,0.206
henan_north,2018-01-21,0.155,0.177,0.191,0.206
henan_north,2018-01-22,0.158,0.179,0.192,0.206
henan_north,2018-01-23,0.16,0.18,0.193,0.206
henan_north,2018-01-24,0.167,0.183,0.195,0.206
henan_north,2018-01-25,0.175,0.185,0.197,0.206
henan_north,2018-01-26,0.181,0.185,0.197,0.206
henan_north,2018-01-27,0.184,0.185,0.197,0.206
henan_north,2018-01-28,0.185,0.184,0.197,0.206
henan_north,2018-01-29,0.187,0.184,0.199,0.206
henan_north,2018-01-30,0.187,0.184,0.199,0.206
henan_north,2018-01-31,0.19,0.185,0.2,0.206
henan_north,2018-02-01,0.19,0.186,0.2,0.206
henan_north,2018-02-02,0.187,0.186,0.2,0.206
henan_north,2018-02-03,0.192,0.186,0.201,0.206
henan_north,2018-02-04,0.197,0.187,0.201,0.206
henan_north,2018-02-05,0.2,0.187,0.201,0.206
henan_north,2018-02-06,0.2,0.187,0.201,0.206
henan_north,2018-02-07,0.198,0.187,0.201,0.206
henan_north,2018-02-08,0.195,0.186,0.201,0.206
henan_north,2018-02-09,0.189,0.184,0.2,0.206
henan_north,2018-02-10,0.183,0.182,0.198,0.206
henan_north,2018-02-11,0.18,0.182,0.198,0.206
henan_north,2018-02-12,0.178,0.182,0.198,0.206
henan_north,2018-02-13,0.172,0.179,0.197,0.206
henan_north,2018-02-14,0.16,0.175,0.194,0.206
henan_north,2018-02-15,0.153,0.172,0.192,0.206
henan_north,2018-02-16,0.143,0.167,0.188,0.206
henan_north,2018-02-17,0.135,0.164,0.186,0.206
henan_north,2018-02-18,0.135,0.163,0.186,0.206
henan_north,2018-02-19,0.133,0.163,0.187,0.206
henan_north,2018-02-20,0.132,0.164,0.187,0.206
henan_north,2018-02-21,0.135,0.165,0.188,0.206
henan_north,2018-02-22,0.142,0.165,0.189,0.206
henan_north,2018-02-23,0.137,0.163,0.187,0.206
henan_north,2018-02-24,0.128,0.158,0.184,0.206
henan_north,2018-02-25,0.121,0.156,0.182,0.206
henan_north,2018-02-26,0.115,0.152,0.179,0.206
henan_north,2018-02-27,0.111,0.148,0.177,0.206
henan_north,2018-02-28,0.116,0.15,0.178,0.206
henan_north,2018-03-01,0.123,0.158,0.185,0.206
henan_north,2018-03-02,0.124,0.159,0.186,0.206
henan_north,2018-03-03,0.124,0.16,0.187,0.206
henan_north,2018-03-04,0.133,0.159,0.186,0.206
henan_north,2018-03-05,0.152,0.16,0.187,0.206
henan_north,2018-03-06,0.157,0.166,0.193,0.206
henan_north,2018-03-07,0.164,0.169,0.195,0.206
henan_north,2018-03-08,0.165,0.172,0.197,0.206
henan_north,2018-03-09,0.162,0.172,0.197,0.206
henan_north,2018-03-10,0.16,0.172,0.198,0.206
henan_north,2018-03-11,0.153,0.169,0.196,0.206
henan_north,2018-03-12,0.148,0.167,0.195,0.206
henan_north,2018-03-13,0.143,0.163,0.193,0.206
henan_north,2018-03-14,0.136,0.157,0.189,0.206
henan_north,2018-03-15,0.132,0.155,0.188,0.206
henan_north,2018-03-16,0.132,0.155,0.188,0.206
henan_north,2018-03-17,0.144,0.155,0.188,0.206
henan_north,2018-03-18,0.222,0.159,0.19,0.206
henan_north,2018-03-19,0.231,0.163,0.192,0.206
henan_north,2018-03-20,0.225,0.165,0.193,0.206
henan_north,2018-03-21,0.212,0.164,0.192,0.206
henan_north,2018-03-22,0.198,0.16,0.188,0.206
henan_north,2018-03-23,0.186,0.156,0.186,0.205
henan_north,2018-03-24,0.195,0.151,0.181,0.205
henan_north,2018-03-25,0.186,0.144,0.176,0.205
henan_north,2018-03-26,0.171,0.138,0.171,0.205
henan_north,2018-03-27,0.158,0.135,0.168,0.205
henan_north,2018-03-28,0.145,0.13,0.165,0.205
henan_north,2018-03-29,0.134,0.125,0.161,0.205
henan_north,2018-03-30,0.134,0.126,0.162,0.205
henan_north,2018-03-31,0.131,0.126,0.163,0.205
henan_north,2018-04-01,0.133,0.128,0.167,0.205
henan_north,2018-04-02,0.128,0.127,0.166,0.205
henan_north,2018-04-03,0.124,0.126,0.165,0.205
henan_north,2018-04-04,0.132,0.127,0.167,0.205
henan_north,2018-04-05,0.168,0.128,0.169,0.205
henan_north,2018-04-06,0.171,0.13,0.172,0.205
henan_north,2018-04-07,0.164,0.13,0.172,0.205
henan_north,2018-04-08,0.155,0.129,0.17,0.205
henan_north,2018-04-09,0.144,0.125,0.167,0.205
henan_north,2018-04-10,0.136,0.123,0.165,0.205
henan_north,2018-04-11,0.137,0.124,0.169,0.205
henan_north,2018-04-12,0.294,0.144,0.17,0.204
henan_north,2018-04-13,0.351,0.19,0.17,0.204
henan_north,2018-04-14,0.317,0.224,0.171,0.204
henan_north,2018-04-15,0.285,0.231,0.174,0.204
henan_north,2018-04-16,0.26,0.229,0.174,0.204
henan_north,2018-04-17,0.24,0.223,0.173,0.204
henan_north,2018-04-18,0.224,0.218,0.172,0.204
henan_north,2018-04-19,0.208,0.212,0.171,0.204
henan_north,2018-04-20,0.194,0.205,0.17,0.204
henan_north,2018-04-21,0.359,0.225,0.169,0.204
henan_north,2018-04-22,0.367,0.298,0.17,0.204
henan_north,2018-04-23,0.326,0.302,0.174,0.204
henan_north,2018-04-24,0.307,0.3,0.177,0.204
henan_north,2018-04-25,0.295,0.294,0.179,0.204
henan_north,2018-04-26,0.284,0.287,0.18,0.204
henan_north,2018-04-27,0.267,0.278,0.18,0.204
henan_north,2018-04-28,0.251,0.267,0.18,0.204
henan_north,2018-04-29,0.231,0.253,0.176,0.204
henan_north,2018-04-30,0.214,0.242,0.174,0.204
henan_north,2018-05-01,0.241,0.239,0.176,0.204
henan_north,2018-05-02,0.252,0.238,0.178,0.204
henan_north,2018-05-03,0.238,0.234,0.179,0.204
henan_north,2018-05-04,0.219,0.226,0.178,0.204
henan_north,2018-05-05,0.209,0.225,0.182,0.204
henan_north,2018-05-06,0.207,0.229,0.187,0.204
henan_north,2018-05-07,0.202,0.227,0.188,0.204
henan_north,2018-05-08,0.191,0.221,0.188,0.204
henan_north,2018-05-09,0.181,0.214,0.187,0.204
henan_north,2018-05-10,0.174,0.209,0.188,0.204
henan_north,2018-05-11,0.208,0.208,0.189,0.204
henan_north,2018-05-12,0.208,0.211,0.194,0.204
henan_north,2018-05-13,0.193,0.208,0.196,0.203
henan_north,2018-05-14,0.179,0.202,0.195,0.203
henan_north,2018-05-15,0.3,0.211,0.194,0.203
henan_north,2018-05-16,0.344,0.241,0.194,0.203
henan_north,2018-05-17,0.299,0.238,0.193,0.203
henan_north,2018-05-18,0.28,0.242,0.194,0.203
henan_north,2018-05-19,0.306,0.244,0.195,0.203
henan_north,2018-05-20,0.348,0.265,0.197,0.203
henan_north,2018-05-21,0.32,0.275,0.2,0.203
henan_north,2018-05-22,0.339,0.285,0.202,0.203
henan_north,2018-05-23,0.311,0.287,0.203,0.203
henan_north,2018-05-24,0.289,0.278,0.2,0.203
henan_north,2018-05-25,0.315,0.276,0.2,0.203
henan_north,2018-05-26,0.308,0.276,0.2,0.203
henan_north,2018-05-27,0.28,0.268,0.197,0.203
henan_north,2018-05-28,0.25,0.252,0.191,0.203
henan_north,2018-05-29,0.229,0.239,0.185,0.203
henan_north,2018-05-30,0.216,0.234,0.185,0.203
henan_north,2018-05-31,0.197,0.221,0.18,0.203
henan_north,2018-06-01,0.177,0.207,0.174,0.203
henan_north,2018-06-02,0.161,0.196,0.17,0.203
henan_north,2018-06-03,0.15,0.187,0.167,0.203
henan_north,2018-06-04,0.144,0.183,0.167,0.203
henan_north,2018-06-05,0.137,0.178,0.166,0.203
henan_north,2018-06-06,0.133,0.177,0.165,0.203
henan_north,2018-06-07,0.121,0.167,0.16,0.203
henan_north,2018-06-08,0.119,0.162,0.159,0.203
henan_north,2018-06-09,0.24,0.163,0.16,0.203
henan_north,2018-06-10,0.232,0.169,0.164,0.202
henan_north,2018-06-11,0.213,0.172,0.167,0.202
henan_north,2018-06-12,0.193,0.169,0.167,0.202
henan_north,2018-06-13,0.175,0.165,0.166,0.202
henan_north,2018-06-14,0.163,0.162,0.165,0.202
henan_north,2018-06-15,0.154,0.16,0.165,0.202
henan_north,2018-06-16,0.148,0.16,0.166,0.202
henan_north,2018-06-17,0.146,0.158,0.165,0.202
henan_north,2018-06-18,0.171,0.158,0.166,0.202
henan_north,2018-06-19,0.218,0.159,0.166,0.202
henan_north,2018-06-20,0.203,0.16,0.168,0.202
henan_north,2018-06-21,0.183,0.156,0.166,0.202
henan_north,2018-06-22,0.163,0.147,0.159,0.202
henan_north,2018-06-23,0.148,0.14,0.154,0.202
henan_north,2018-06-24,0.139,0.138,0.153,0.202
henan_north,2018-06-25,0.297,0.166,0.152,0.202
henan_north,2018-06-26,0.408,0.362,0.156,0.202
henan_north,2018-06-27,0.37,0.366,0.164,0.202
henan_north,2018-06-28,0.332,0.336,0.165,0.202
henan_north,2018-06-29,0.301,0.311,0.161,0.201
henan_north,2018-06-30,0.277,0.292,0.158,0.201
henan_north,2018-07-01,0.261,0.28,0.158,0.201
henan_north,2018-07-02,0.25,0.27,0.158,0.201
henan_north,2018-07-03,0.243,0.264,0.16,0.201
henan_north,2018-07-04,0.262,0.26,0.16,0.201
henan_north,2018-07-05,0.285,0.259,0.163,0.201
henan_north,2018-07-06,0.257,0.251,0.163,0.201
henan_north,2018-07-07,0.234,0.241,0.163,0.201
henan_north,2018-07-08,0.219,0.233,0.162,0.201
henan_north,2018-07-09,0.24,0.229,0.162,0.201
henan_north,2018-07-10,0.253,0.229,0.164,0.201
henan_north,2018-07-11,0.271,0.23,0.166,0.201
henan_north,2018-07-12,0.264,0.231,0.166,0.201
henan_north,2018-07-13,0.35,0.243,0.167,0.201
henan_north,2018-07-14,0.392,0.327,0.168,0.201
henan_north,2018-07-15,0.381,0.357,0.173,0.201
henan_north,2018-07-16,0.345,0.342,0.175,0.201
henan_north,2018-07-17,0.375,0.347,0.177,0.201
henan_north,2018-07-18,0.342,0.34,0.181,0.201
henan_north,2018-07-19,0.311,0.32,0.182,0.201
henan_north,2018-07-20,0.285,0.303,0.183,0.201
henan_north,2018-07-21,0.264,0.289,0.183,0.201
henan_north,2018-07-22,0.244,0.275,0.183,0.201
henan_north,2018-07-23,0.225,0.262,0.184,0.201
henan_north,2018-07-24,0.209,0.25,0.184,0.201
henan_north,2018-07-25,0.194,0.24,0.186,0.201
henan_north,2018-07-26,0.232,0.231,0.186,0.201
henan_north,2018-07-27,0.301,0.23,0.186,0.2
henan_north,2018-07-28,0.309,0.235,0.184,0.2
henan_north,2018-07-29,0.285,0.235,0.184,0.2
henan_north,2018-07-30,0.351,0.246,0.182,0.2
henan_north,2018-07-31,0.361,0.297,0.182,0.2
henan_north,2018-08-01,0.317,0.295,0.182,0.2
henan_north,2018-08-02,0.311,0.288,0.182,0.2
henan_north,2018-08-03,0.284,0.277,0.18,0.2
henan_north,2018-08-04,0.261,0.265,0.179,0.2
henan_north,2018-08-05,0.318,0.26,0.178,0.2
henan_north,2018-08-06,0.339,0.268,0.177,0.2
henan_north,2018-08-07,0.294,0.263,0.175,0.2
henan_north,2018-08-08,0.262,0.251,0.173,0.2
henan_north,2018-08-09,0.246,0.24,0.171,0.2
henan_north,2018-08-10,0.24,0.231,0.17,0.2
henan_north,2018-08-11,0.243,0.223,0.168,0.2
henan_north,2018-08-12,0.228,0.216,0.167,0.2
henan_north,2018-08-13,0.213,0.211,0.168,0.2
henan_north,2018-08-14,0.205,0.205,0.168,0.2
henan_north,2018-08-15,0.206,0.2,0.167,0.2
henan_north,2018-08-16,0.225,0.197,0.168,0.2
henan_north,2018-08-17,0.257,0.197,0.167,0.2
henan_north,2018-08-18,0.322,0.207,0.166,0.2
henan_north,2018-08-19,0.42,0.382,0.174,0.2
henan_north,2018-08-20,0.38,0.378,0.192,0.2
henan_north,2018-08-21,0.35,0.352,0.196,0.2
henan_north,2018-08-22,0.324,0.332,0.197,0.199
henan_north,2018-08-23,0.304,0.316,0.197,0.199
henan_north,2018-08-24,0.284,0.3,0.196,0.199
henan_north,2018-08-25,0.265,0.286,0.195,0.199
henan_north,2018-08-26,0.246,0.271,0.193,0.199
henan_north,2018-08-27,0.227,0.257,0.19,0.199
henan_north,2018-08-28,0.209,0.243,0.186,0.199
henan_north,2018-08-29,0.194,0.231,0.184,0.199
henan_north,2018-08-30,0.184,0.221,0.182,0.199
henan_north,2018-08-31,0.178,0.215,0.182,0.199
henan_north,2018-09-01,0.187,0.212,0.182,0.199
henan_north,2018-09-02,0.192,0.211,0.185,0.199
henan_north,2018-09-03,0.203,0.207,0.185,0.199
henan_north,2018-09-04,0.182,0.196,0.181,0.199
henan_north,2018-09-05,0.169,0.186,0.176,0.199
henan_north,2018-09-06,0.17,0.187,0.179,0.199
henan_north,2018-09-07,0.155,0.18,0.177,0.199
henan_north,2018-09-08,0.146,0.174,0.175,0.199
henan_north,2018-09-09,0.143,0.171,0.175,0.199
henan_north,2018-09-10,0.141,0.169,0.174,0.199
henan_north,2018-09-11,0.136,0.166,0.172,0.199
henan_north,2018-09-12,0.137,0.165,0.173,0.198
henan_north,2018-09-13,0.144,0.167,0.177,0.198
henan_north,2018-09-14,0.161,0.168,0.178,0.198
henan_north,2018-09-15,0.217,0.171,0.179,0.198
henan_north,2018-09-16,0.336,0.186,0.18,0.198
henan_north,2018-09-17,0.325,0.222,0.181,0.198
henan_north,2018-09-18,0.354,0.245,0.182,0.198
henan_north,2018-09-19,0.407,0.325,0.183,0.198
henan_north,2018-09-20,0.383,0.371,0.189,0.198
henan_north,2018-09-21,0.358,0.356,0.195,0.198
henan_north,2018-09-22,0.334,0.338,0.197,0.198
henan_north,2018-09-23,0.314,0.322,0.197,0.198
henan_north,2018-09-24,0.296,0.307,0.195,0.198
henan_north,2018-09-25,0.328,0.3,0.194,0.198
henan_north,2018-09-26,0.328,0.301,0.195,0.198
henan_north,2018-09-27,0.31,0.298,0.197,0.198
henan_north,2018-09-28,0.3,0.292,0.197,0.198
henan_north,2018-09-29,0.283,0.284,0.196,0.198
henan_north,2018-09-30,0.264,0.272,0.193,0.198
henan_north,2018-10-01,0.248,0.262,0.19,0.198
henan_north,2018-10-02,0.236,0.255,0.189,0.198
henan_north,2018-10-03,0.227,0.249,0.188,0.198
henan_north,2018-10-04,0.217,0.241,0.187,0.198
henan_north,2018-10-05,0.21,0.236,0.186,0.198
henan_north,2018-10-06,0.204,0.232,0.187,0.198
henan_north,2018-10-07,0.197,0.228,0.187,0.198
henan_north,2018-10-08,0.193,0.225,0.186,0.198
henan_north,2018-10-09,0.185,0.22,0.185,0.198
henan_north,2018-10-10,0.18,0.216,0.184,0.198
henan_north,2018-10-11,0.176,0.212,0.184,0.198
henan_north,2018-10-12,0.171,0.209,0.183,0.198
henan_north,2018-10-13,0.165,0.205,0.182,0.198
henan_north,2018-10-14,0.165,0.204,0.183,0.198
henan_north,2018-10-15,0.164,0.203,0.183,0.198
henan_north,2018-10-16,0.164,0.203,0.184,0.198
henan_north,2018-10-17,0.165,0.203,0.186,0.198
henan_north,2018-10-18,0.165,0.203,0.187,0.198
henan_north,2018-10-19,0.165,0.203,0.188,0.198
henan_north,2018-10-20,0.166,0.202,0.189,0.198
henan_north,2018-10-21,0.165,0.202,0.19,0.198
henan_north,2018-10-22,0.164,0.201,0.19,0.198
henan_north,2018-10-23,0.164,0.2,0.191,0.198
henan_north,2018-10-24,0.162,0.198,0.19,0.198
henan_north,2018-10-25,0.158,0.194,0.189,0.198
henan_north,2018-10-26,0.156,0.192,0.187,0.198
henan_north,2018-10-27,0.155,0.19,0.187,0.198
henan_north,2018-10-28,0.151,0.187,0.186,0.198
henan_north,2018-10-29,0.147,0.183,0.184,0.198
henan_north,2018-10-30,0.145,0.181,0.183,0.198
henan_north,2018-10-31,0.143,0.178,0.182,0.198
henan_north,2018-11-01,0.142,0.177,0.182,0.198
henan_north,2018-11-02,0.142,0.176,0.182,0.198
henan_north,2018-11-03,0.143,0.176,0.182,0.198
henan_north,2018-11-04,0.142,0.175,0.182,0.198
henan_north,2018-11-05,0.154,0.175,0.183,0.198
henan_north,2018-11-06,0.192,0.176,0.184,0.198
henan_north,2018-11-07,0.201,0.178,0.185,0.198
henan_north,2018-11-08,0.257,0.182,0.188,0.198
henan_north,2018-11-09,0.25,0.188,0.191,0.198
henan_north,2018-11-10,0.246,0.191,0.193,0.198
henan_north,2018-11-11,0.262,0.195,0.194,0.198
henan_north,2018-11-12,0.255,0.199,0.196,0.198
henan_north,2018-11-13,0.247,0.202,0.199,0.198
henan_north,2018-11-14,0.242,0.207,0.203,0.198
henan_north,2018-11-15,0.239,0.211,0.206,0.198
henan_north,2018-11-16,0.236,0.212,0.207,0.198
henan_north,2018-11-17,0.244,0.214,0.209,0.198
henan_north,2018-11-18,0.243,0.218,0.211,0.198
henan_north,2018-11-19,0.239,0.22,0.214,0.198
henan_north,2018-11-20,0.235,0.221,0.215,0.198
henan_north,2018-11-21,0.232,0.221,0.215,0.198
henan_north,2018-11-22,0.229,0.222,0.216,0.198
henan_north,2018-11-23,0.224,0.221,0.216,0.198
henan_north,2018-11-24,0.22,0.22,0.216,0.198
henan_north,2018-11-25,0.217,0.22,0.217,0.198
henan_north,2018-11-26,0.214,0.219,0.216,0.198
henan_north,2018-11-27,0.211,0.219,0.217,0.198
henan_north,2018-11-28,0.209,0.218,0.216,0.198
henan_north,2018-11-29,0.205,0.217,0.216,0.198
henan_north,2018-11-30,0.204,0.218,0.217,0.198
henan_north,2018-12-01,0.206,0.219,0.218,0.198
henan_north,2018-12-02,0.258,0.221,0.219,0.198
henan_north,2018-12-03,0.259,0.225,0.218,0.198
henan_north,2018-12-04,0.253,0.227,0.22,0.198
henan_north,2018-12-05,0.255,0.229,0.22,0.198
henan_north,2018-12-06,0.266,0.231,0.221,0.198
henan_north,2018-12-07,0.263,0.235,0.225,0.198
henan_north,2018-12-08,0.259,0.237,0.226,0.198
henan_north,2018-12-09,0.258,0.244,0.228,0.198
henan_north,2018-12-10,0.258,0.248,0.23,0.198
henan_north,2018-12-11,0.257,0.25,0.232,0.198
henan_north,2018-12-12,0.256,0.252,0.234,0.198
henan_north,2018-12-13,0.256,0.254,0.236,0.198
henan_north,2018-12-14,0.254,0.255,0.237,0.198
henan_north,2018-12-15,0.252,0.254,0.237,0.198
henan_north,2018-12-16,0.25,0.254,0.238,0.198
henan_north,2018-12-17,0.245,0.252,0.237,0.198
henan_north,2018-12-18,0.238,0.247,0.234,0.198
henan_north,2018-12-19,0.232,0.243,0.232,0.198
henan_north,2018-12-20,0.228,0.241,0.231,0.198
henan_north,2018-12-21,0.226,0.24,0.231,0.198
henan_north,2018-12-22,0.225,0.24,0.232,0.198
henan_north,2018-12-23,0.223,0.239,0.232,0.198
henan_north,2018-12-24,0.221,0.238,0.231,0.198
henan_north,2018-12-25,0.22,0.237,0.232,0.198
henan_north,2018-12-26,0.219,0.236,0.232,0.198
henan_north,2018-12-27,0.22,0.236,0.233,0.198
henan_north,2018-12-28,0.226,0.238,0.235,0.198
henan_north,2018-12-29,0.235,0.238,0.234,0.198
henan_north,2018-12-30,0.245,0.238,0.234,0.198
henan_north,2018-12-31,0.248,0.238,0.234,0.198
henan_north,2019-01-01,0.249,0.239,0.234,0.198
henan_north,2019-01-02,0.249,0.239,0.234,0.198
henan_north,2019-01-03,0.248,0.24,0.235,0.198
henan_north,2019-01-04,0.246,0.24,0.235,0.198
henan_north,2019-01-05,0.246,0.24,0.234,0.198
henan_north,2019-01-06,0.248,0.241,0.235,0.198
henan_north,2019-01-07,0.248,0.241,0.235,0.198
henan_north,2019-01-08,0.248,0.241,0.234,0.198
henan_north,2019-01-09,0.248,0.241,0.234,0.198
henan_north,2019-01-10,0.248,0.241,0.233,0.198
henan_north,2019-01-11,0.248,0.241,0.234,0.198
henan_north,2019-01-12,0.249,0.245,0.237,0.198
henan_north,2019-01-13,0.252,0.249,0.24,0.198
henan_north,2019-01-14,0.253,0.25,0.241,0.198
henan_north,2019-01-15,0.255,0.253,0.245,0.198
henan_north,2019-01-16,0.259,0.254,0.245,0.198
henan_north,2019-01-17,0.259,0.253,0.245,0.198
henan_north,2019-01-18,0.255,0.251,0.244,0.198
henan_north,2019-01-19,0.251,0.25,0.243,0.198
henan_north,2019-01-20,0.25,0.251,0.244,0.198
henan_north,2019-01-21,0.248,0.25,0.244,0.198
henan_north,2019-01-22,0.243,0.247,0.242,0.198
henan_north,2019-01-23,0.233,0.241,0.239,0.198
henan_north,2019-01-24,0.225,0.236,0.235,0.198
henan_north,2019-01-25,0.219,0.232,0.233,0.198
henan_north,2019-01-26,0.215,0.23,0.232,0.198
henan_north,2019-01-27,0.211,0.227,0.23,0.198
henan_north,2019-01-28,0.209,0.226,0.229,0.198
henan_north,2019-01-29,0.207,0.224,0.228,0.198
henan_north,2019-01-30,0.211,0.223,0.229,0.198
henan_north,2019-01-31,0.216,0.223,0.228,0.198
henan_north,2019-02-01,0.217,0.225,0.231,0.198
henan_north,2019-02-02,0.218,0.228,0.233,0.198
henan_north,2019-02-03,0.22,0.229,0.235,0.198
henan_north,2019-02-04,0.215,0.227,0.236,0.198
henan_north,2019-02-05,0.211,0.225,0.234,0.198
henan_north,2019-02-06,0.208,0.223,0.233,0.198
henan_north,2019-02-07,0.211,0.223,0.235,0.198
henan_north,2019-02-08,0.213,0.224,0.237,0.198
henan_north,2019-02-09,0.214,0.226,0.238,0.198
henan_north,2019-02-10,0.215,0.226,0.239,0.198
henan_north,2019-02-11,0.216,0.227,0.239,0.198
henan_north,2019-02-12,0.218,0.227,0.24,0.198
henan_north,2019-02-13,0.216,0.225,0.239,0.198
henan_north,2019-02-14,0.216,0.225,0.239,0.198
henan_north,2019-02-15,0.218,0.226,0.239,0.198
henan_north,2019-02-16,0.224,0.226,0.24,0.198
henan_north,2019-02-17,0.227,0.228,0.242,0.198
henan_north,2019-02-18,0.229,0.229,0.243,0.198
henan_north,2019-02-19,0.232,0.23,0.244,0.198
henan_north,2019-02-20,0.235,0.234,0.246,0.198
henan_north,2019-02-21,0.235,0.236,0.248,0.198
henan_north,2019-02-22,0.234,0.238,0.251,0.198
henan_north,2019-02-23,0.229,0.236,0.25,0.198
henan_north,2019-02-24,0.225,0.233,0.249,0.198
henan_north,2019-02-25,0.219,0.229,0.246,0.198
henan_north,2019-02-26,0.212,0.225,0.244,0.198
henan_north,2019-02-27,0.207,0.221,0.242,0.198
henan_north,2019-02-28,0.202,0.218,0.241,0.198
henan_north,2019-03-01,0.199,0.217,0.241,0.198
henan_north,2019-03-02,0.199,0.214,0.24,0.198
henan_north,2019-03-03,0.202,0.212,0.239,0.198
henan_north,2019-03-04,0.2,0.211,0.24,0.198
henan_north,2019-03-05,0.194,0.209,0.238,0.198
henan_north,2019-03-06,0.183,0.201,0.234,0.198
henan_north,2019-03-07,0.174,0.196,0.231,0.198
henan_north,2019-03-08,0.164,0.19,0.227,0.198
henan_north,2019-03-09,0.157,0.185,0.223,0.198
henan_north,2019-03-10,0.151,0.181,0.221,0.198
henan_north,2019-03-11,0.145,0.178,0.219,0.198
henan_north,2019-03-12,0.136,0.173,0.216,0.198
henan_north,2019-03-13,0.128,0.167,0.212,0.198
henan_north,2019-03-14,0.126,0.165,0.211,0.198
henan_north,2019-03-15,0.124,0.16,0.208,0.198
henan_north,2019-03-16,0.117,0.153,0.203,0.198
henan_north,2019-03-17,0.109,0.145,0.197,0.198
henan_north,2019-03-18,0.107,0.142,0.194,0.198
henan_north,2019-03-19,0.108,0.141,0.193,0.197
henan_north,2019-03-20,0.125,0.141,0.193,0.197
henan_north,2019-03-21,0.116,0.142,0.194,0.197
henan_north,2019-03-22,0.121,0.147,0.197,0.197
henan_north,2019-03-23,0.127,0.151,0.2,0.197
henan_north,2019-03-24,0.131,0.154,0.202,0.197
henan_north,2019-03-25,0.13,0.154,0.202,0.197
henan_north,2019-03-26,0.124,0.15,0.2,0.197
henan_north,2019-03-27,0.117,0.144,0.195,0.197
henan_north,2019-03-28,0.114,0.143,0.194,0.197
henan_north,2019-03-29,0.115,0.147,0.198,0.197
henan_north,2019-03-30,0.116,0.148,0.198,0.197
henan_north,2019-03-31,0.118,0.149,0.198,0.197
henan_north,2019-04-01,0.118,0.147,0.197,0.197
henan_north,2019-04-02,0.116,0.146,0.196,0.197
henan_north,2019-04-03,0.118,0.149,0.199,0.197
henan_north,2019-04-04,0.121,0.152,0.201,0.197
henan_north,2019-04-05,0.123,0.155,0.203,0.197
henan_north,2019-04-06,0.126,0.158,0.205,0.197
henan_north,2019-04-07,0.128,0.16,0.207,0.197
henan_north,2019-04-08,0.147,0.159,0.207,0.197
henan_north,2019-04-09,0.32,0.197,0.207,0.197
henan_north,2019-04-10,0.303,0.227,0.21,0.197
henan_north,2019-04-11,0.28,0.232,0.212,0.197
henan_north,2019-04-12,0.266,0.234,0.214,0.197
henan_north,2019-04-13,0.258,0.235,0.215,0.197
henan_north,2019-04-14,0.241,0.23,0.213,0.197
henan_north,2019-04-15,0.223,0.221,0.21,0.197
henan_north,2019-04-16,0.238,0.216,0.208,0.197
henan_north,2019-04-17,0.229,0.209,0.205,0.197
henan_north,2019-04-18,0.208,0.201,0.201,0.197
henan_north,2019-04-19,0.195,0.197,0.2,0.197
henan_north,2019-04-20,0.189,0.195,0.2,0.196
henan_north,2019-04-21,0.251,0.196,0.202,0.196
henan_north,2019-04-22,0.279,0.202,0.205,0.196
henan_north,2019-04-23,0.273,0.208,0.205,0.196
henan_north,2019-04-24,0.254,0.213,0.209,0.196
henan_north,2019-04-25,0.31,0.222,0.212,0.196
henan_north,2019-04-26,0.288,0.232,0.216,0.196
henan_north,2019-04-27,0.299,0.237,0.218,0.196
henan_north,2019-04-28,0.318,0.249,0.219,0.196
henan_north,2019-04-29,0.321,0.257,0.221,0.196
henan_north,2019-04-30,0.29,0.259,0.223,0.196
henan_north,2019-05-01,0.267,0.253,0.221,0.196
henan_north,2019-05-02,0.244,0.241,0.216,0.196
henan_north,2019-05-03,0.222,0.229,0.211,0.196
henan_north,2019-05-04,0.214,0.223,0.209,0.196
henan_north,2019-05-05,0.206,0.218,0.208,0.196
henan_north,2019-05-06,0.195,0.214,0.208,0.196
henan_north,2019-05-07,0.186,0.211,0.208,0.196
henan_north,2019-05-08,0.18,0.209,0.209,0.196
henan_north,2019-05-09,0.175,0.206,0.209,0.196
henan_north,2019-05-10,0.168,0.2,0.207,0.196
henan_north,2019-05-11,0.159,0.195,0.206,0.196
henan_north,2019-05-12,0.157,0.196,0.21,0.196
henan_north,2019-05-13,0.16,0.2,0.215,0.196
henan_north,2019-05-14,0.158,0.197,0.216,0.196
henan_north,2019-05-15,0.157,0.197,0.217,0.196
henan_north,2019-05-16,0.156,0.196,0.219,0.196
henan_north,2019-05-17,0.152,0.194,0.22,0.196
henan_north,2019-05-18,0.146,0.189,0.218,0.196
henan_north,2019-05-19,0.143,0.185,0.217,0.196
henan_north,2019-05-20,0.137,0.179,0.214,0.196
henan_north,2019-05-21,0.132,0.172,0.21,0.196
henan_north,2019-05-22,0.126,0.163,0.204,0.195
henan_north,2019-05-23,0.117,0.151,0.196,0.195
henan_north,2019-05-24,0.114,0.144,0.191,0.195
henan_north,2019-05-25,0.114,0.141,0.188,0.195
henan_north,2019-05-26,0.116,0.142,0.189,0.195
henan_north,2019-05-27,0.119,0.147,0.192,0.195
henan_north,2019-05-28,0.123,0.148,0.192,0.195
henan_north,2019-05-29,0.124,0.148,0.192,0.195
henan_north,2019-05-30,0.126,0.147,0.191,0.195
henan_north,2019-05-31,0.127,0.146,0.19,0.195
henan_north,2019-06-01,0.126,0.146,0.189,0.195
henan_north,2019-06-02,0.122,0.143,0.187,0.195
henan_north,2019-06-03,0.113,0.137,0.182,0.195
henan_north,2019-06-04,0.107,0.132,0.177,0.195
henan_north,2019-06-05,0.162,0.135,0.178,0.195
henan_north,2019-06-06,0.325,0.172,0.179,0.194
henan_north,2019-06-07,0.275,0.187,0.183,0.194
henan_north,2019-06-08,0.239,0.182,0.18,0.194
henan_north,2019-06-09,0.205,0.169,0.172,0.194
henan_north,2019-06-10,0.175,0.155,0.163,0.194
henan_north,2019-06-11,0.15,0.141,0.153,0.194
henan_north,2019-06-12,0.136,0.137,0.148,0.194
henan_north,2019-06-13,0.134,0.138,0.15,0.194
henan_north,2019-06-14,0.131,0.138,0.149,0.194
henan_north,2019-06-15,0.128,0.137,0.149,0.194
henan_north,2019-06-16,0.13,0.137,0.149,0.194
henan_north,2019-06-17,0.127,0.137,0.149,0.194
henan_north,2019-06-18,0.124,0.136,0.148,0.194
henan_north,2019-06-19,0.123,0.135,0.147,0.194
henan_north,2019-06-20,0.208,0.137,0.148,0.194
henan_north,2019-06-21,0.224,0.148,0.154,0.193
henan_north,2019-06-22,0.205,0.148,0.151,0.193
henan_north,2019-06-23,0.189,0.139,0.145,0.193
henan_north,2019-06-24,0.165,0.132,0.141,0.193
henan_north,2019-06-25,0.152,0.129,0.139,0.193
henan_north,2019-06-26,0.14,0.124,0.136,0.193
henan_north,2019-06-27,0.143,0.126,0.136,0.193
henan_north,2019-06-28,0.233,0.132,0.137,0.193
henan_north,2019-06-29,0.237,0.14,0.136,0.193
henan_north,2019-06-30,0.203,0.145,0.136,0.193
henan_north,2019-07-01,0.179,0.145,0.136,0.193
henan_north,2019-07-02,0.159,0.144,0.136,0.193
henan_north,2019-07-03,0.148,0.144,0.137,0.193
henan_north,2019-07-04,0.142,0.145,0.138,0.193
henan_north,2019-07-05,0.136,0.142,0.138,0.192
henan_north,2019-07-06,0.132,0.14,0.138,0.192
henan_north,2019-07-07,0.129,0.139,0.138,0.192
henan_north,2019-07-08,0.13,0.14,0.138,0.192
henan_north,2019-07-09,0.136,0.141,0.141,0.192
henan_north,2019-07-10,0.165,0.144,0.139,0.192
henan_north,2019-07-11,0.172,0.15,0.139,0.192
henan_north,2019-07-12,0.164,0.154,0.139,0.192
henan_north,2019-07-13,0.159,0.162,0.138,0.192
henan_north,2019-07-14,0.148,0.158,0.137,0.192
henan_north,2019-07-15,0.147,0.166,0.14,0.192
henan_north,2019-07-16,0.147,0.171,0.142,0.191
henan_north,2019-07-17,0.163,0.172,0.141,0.191
henan_north,2019-07-18,0.165,0.17,0.139,0.191
henan_north,2019-07-19,0.156,0.166,0.14,0.191
henan_north,2019-07-20,0.152,0.165,0.141,0.191
henan_north,2019-07-21,0.158,0.175,0.144,0.191
henan_north,2019-07-22,0.15,0.167,0.143,0.191
henan_north,2019-07-23,0.15,0.17,0.144,0.191
henan_north,2019-07-24,0.138,0.158,0.144,0.191
henan_north,2019-07-25,0.134,0.155,0.144,0.191
henan_north,2019-07-26,0.132,0.151,0.144,0.19
henan_north,2019-07-27,0.29,0.161,0.144,0.19
henan_north,2019-07-28,0.312,0.183,0.138,0.19
henan_north,2019-07-29,0.303,0.192,0.133,0.19
henan_north,2019-07-30,0.34,0.254,0.137,0.19
henan_north,2019-07-31,0.311,0.28,0.135,0.19
henan_north,2019-08-01,0.321,0.273,0.133,0.19
henan_north,2019-08-02,0.384,0.332,0.133,0.19
henan_north,2019-08-03,0.336,0.326,0.135,0.19
henan_north,2019-08-04,0.372,0.327,0.135,0.19
henan_north,2019-08-05,0.358,0.335,0.138,0.19
henan_north,2019-08-06,0.337,0.322,0.138,0.19
henan_north,2019-08-07,0.358,0.324,0.14,0.19
henan_north,2019-08-08,0.325,0.314,0.142,0.19
henan_north,2019-08-09,0.31,0.3,0.142,0.19
henan_north,2019-08-10,0.409,0.383,0.146,0.19
henan_north,2019-08-11,0.36,0.356,0.151,0.19
henan_north,2019-08-12,0.376,0.345,0.156,0.19
henan_north,2019-08-13,0.353,0.337,0.159,0.19
henan_north,2019-08-14,0.321,0.32,0.16,0.19
henan_north,2019-08-15,0.297,0.304,0.161,0.19
henan_north,2019-08-16,0.27,0.286,0.161,0.19
henan_north,2019-08-17,0.242,0.268,0.159,0.19
henan_north,2019-08-18,0.219,0.251,0.158,0.19
henan_north,2019-08-19,0.2,0.237,0.157,0.19
henan_north,2019-08-20,0.188,0.228,0.158,0.19
henan_north,2019-08-21,0.286,0.227,0.158,0.19
henan_north,2019-08-22,0.304,0.239,0.158,0.19
henan_north,2019-08-23,0.268,0.235,0.158,0.189
henan_north,2019-08-24,0.24,0.227,0.158,0.189
henan_north,2019-08-25,0.232,0.224,0.16,0.189
henan_north,2019-08-26,0.232,0.225,0.163,0.189
henan_north,2019-08-27,0.227,0.221,0.163,0.189
henan_north,2019-08-28,0.228,0.22,0.166,0.189
henan_north,2019-08-29,0.199,0.208,0.164,0.189
henan_north,2019-08-30,0.179,0.198,0.164,0.189
henan_north,2019-08-31,0.166,0.191,0.164,0.189
henan_north,2019-09-01,0.158,0.187,0.164,0.189
henan_north,2019-09-02,0.157,0.184,0.164,0.189
henan_north,2019-09-03,0.154,0.18,0.165,0.189
henan_north,2019-09-04,0.153,0.179,0.165,0.189
henan_north,2019-09-05,0.156,0.182,0.168,0.189
henan_north,2019-09-06,0.154,0.18,0.17,0.189
henan_north,2019-09-07,0.153,0.179,0.171,0.189
henan_north,2019-09-08,0.15,0.176,0.171,0.189
henan_north,2019-09-09,0.143,0.171,0.17,0.189
henan_north,2019-09-10,0.14,0.167,0.169,0.189
henan_north,2019-09-11,0.229,0.168,0.169,0.189
henan_north,2019-09-12,0.318,0.183,0.169,0.189
henan_north,2019-09-13,0.316,0.201,0.172,0.189
henan_north,2019-09-14,0.296,0.214,0.177,0.189
henan_north,2019-09-15,0.361,0.245,0.178,0.189
henan_north,2019-09-16,0.334,0.276,0.178,0.189
henan_north,2019-09-17,0.332,0.281,0.18,0.189
henan_north,2019-09-18,0.323,0.285,0.181,0.189
henan_north,2019-09-19,0.3,0.281,0.182,0.189
henan_north,2019-09-20,0.298,0.283,0.183,0.189
henan_north,2019-09-21,0.29,0.28,0.184,0.189
henan_north,2019-09-22,0.269,0.271,0.183,0.188
henan_north,2019-09-23,0.253,0.264,0.182,0.188
henan_north,2019-09-24,0.236,0.255,0.18,0.188
henan_north,2019-09-25,0.223,0.247,0.179,0.188
henan_north,2019-09-26,0.208,0.238,0.179,0.188
henan_north,2019-09-27,0.197,0.23,0.179,0.188
henan_north,2019-09-28,0.185,0.223,0.177,0.188
henan_north,2019-09-29,0.173,0.215,0.176,0.188
henan_north,2019-09-30,0.164,0.208,0.176,0.188
henan_north,2019-10-01,0.158,0.203,0.175,0.188
henan_north,2019-10-02,0.156,0.2,0.176,0.188
henan_north,2019-10-03,0.16,0.201,0.178,0.188
henan_north,2019-10-04,0.235,0.204,0.178,0.188
henan_north,2019-10-05,0.338,0.233,0.18,0.188
henan_north,2019-10-06,0.356,0.255,0.182,0.188
henan_north,2019-10-07,0.336,0.273,0.182,0.188
henan_north,2019-10-08,0.314,0.278,0.183,0.188
henan_north,2019-10-09,0.333,0.281,0.185,0.188
henan_north,2019-10-10,0.355,0.304,0.191,0.188
henan_north,2019-10-11,0.333,0.308,0.194,0.188
henan_north,2019-10-12,0.319,0.307,0.196,0.188
henan_north,2019-10-13,0.311,0.303,0.199,0.188
henan_north,2019-10-14,0.326,0.302,0.201,0.188
henan_north,2019-10-15,0.316,0.304,0.203,0.188
henan_north,2019-10-16,0.311,0.301,0.203,0.188
henan_north,2019-10-17,0.308,0.299,0.206,0.188
henan_north,2019-10-18,0.308,0.301,0.21,0.188
henan_north,2019-10-19,0.301,0.299,0.211,0.188
henan_north,2019-10-20,0.289,0.293,0.211,0.188
henan_north,2019-10-21,0.279,0.287,0.21,0.188
henan_north,2019-10-22,0.29,0.282,0.209,0.188
henan_north,2019-10-23,0.299,0.282,0.208,0.188
henan_north,2019-10-24,0.295,0.283,0.209,0.188
henan_north,2019-10-25,0.288,0.284,0.211,0.188
henan_north,2019-10-26,0.285,0.284,0.215,0.188
henan_north,2019-10-27,0.276,0.281,0.217,0.188
henan_north,2019-10-28,0.259,0.271,0.215,0.188
henan_north,2019-10-29,0.25,0.266,0.214,0.188
henan_north,2019-10-30,0.236,0.256,0.211,0.188
henan_north,2019-10-31,0.223,0.247,0.207,0.188
henan_north,2019-11-01,0.218,0.243,0.206,0.188
henan_north,2019-11-02,0.203,0.232,0.203,0.188
henan_north,2019-11-03,0.197,0.228,0.202,0.188
henan_north,2019-11-04,0.197,0.228,0.203,0.188
henan_north,2019-11-05,0.201,0.23,0.204,0.188
henan_north,2019-11-06,0.2,0.229,0.205,0.188
henan_north,2019-11-07,0.202,0.229,0.206,0.188
henan_north,2019-11-08,0.21,0.235,0.21,0.188
henan_north,2019-11-09,0.211,0.235,0.211,0.188
henan_north,2019-11-10,0.212,0.233,0.212,0.188
henan_north,2019-11-11,0.207,0.23,0.211,0.188
henan_north,2019-11-12,0.196,0.221,0.209,0.188
henan_north,2019-11-13,0.188,0.213,0.208,0.188
henan_north,2019-11-14,0.186,0.209,0.208,0.188
henan_north,2019-11-15,0.179,0.205,0.207,0.188
henan_north,2019-11-16,0.177,0.202,0.207,0.188
henan_north,2019-11-17,0.187,0.201,0.21,0.188
henan_north,2019-11-18,0.191,0.194,0.209,0.188
henan_north,2019-11-19,0.188,0.189,0.208,0.188
henan_north,2019-11-20,0.187,0.187,0.206,0.188
henan_north,2019-11-21,0.176,0.175,0.201,0.188
henan_north,2019-11-22,0.172,0.171,0.199,0.188
henan_north,2019-11-23,0.166,0.166,0.197,0.188
henan_north,2019-11-24,0.162,0.164,0.195,0.188
henan_north,2019-11-25,0.16,0.165,0.194,0.188
henan_north,2019-11-26,0.158,0.164,0.193,0.188
henan_north,2019-11-27,0.157,0.166,0.194,0.188
henan_north,2019-11-28,0.155,0.166,0.194,0.188
henan_north,2019-11-29,0.152,0.165,0.193,0.188
henan_north,2019-11-30,0.15,0.163,0.192,0.188
henan_north,2019-12-01,0.149,0.163,0.192,0.188
henan_north,2019-12-02,0.152,0.164,0.191,0.188
henan_north,2019-12-03,0.154,0.166,0.19,0.188
henan_north,2019-12-04,0.145,0.16,0.188,0.188
henan_north,2019-12-05,0.141,0.157,0.187,0.188
henan_north,2019-12-06,0.139,0.155,0.186,0.188
henan_north,2019-12-07,0.143,0.157,0.188,0.188
henan_north,2019-12-08,0.149,0.163,0.189,0.188
henan_north,2019-12-09,0.151,0.166,0.191,0.188
henan_north,2019-12-10,0.15,0.164,0.191,0.188
henan_north,2019-12-11,0.15,0.164,0.191,0.188
henan_north,2019-12-12,0.148,0.164,0.19,0.188
henan_north,2019-12-13,0.144,0.162,0.189,0.188
henan_north,2019-12-14,0.142,0.161,0.188,0.188
henan_north,2019-12-15,0.156,0.16,0.188,0.188
henan_north,2019-12-16,0.208,0.162,0.188,0.188
henan_north,2019-12-17,0.216,0.174,0.191,0.188
henan_north,2019-12-18,0.223,0.182,0.194,0.188
henan_north,2019-12-19,0.225,0.188,0.195,0.188
henan_north,2019-12-20,0.218,0.187,0.193,0.188
henan_north,2019-12-21,0.218,0.191,0.193,0.188
henan_north,2019-12-22,0.22,0.195,0.194,0.188
henan_north,2019-12-23,0.222,0.199,0.196,0.188
henan_north,2019-12-24,0.217,0.203,0.198,0.188
henan_north,2019-12-25,0.213,0.202,0.199,0.188
henan_north,2019-12-26,0.225,0.208,0.201,0.188
henan_north,2019-12-27,0.223,0.209,0.2,0.188
henan_north,2019-12-28,0.224,0.211,0.202,0.188
henan_north,2019-12-29,0.218,0.21,0.202,0.188
henan_north,2019-12-30,0.214,0.209,0.202,0.188
henan_north,2019-12-31,0.212,0.208,0.201,0.188
henan_north,2020-01-01,0.214,0.211,0.202,0.188
henan_north,2020-01-02,0.213,0.211,0.202,0.188
henan_north,2020-01-03,0.209,0.208,0.2,0.188
henan_north,2020-01-04,0.203,0.205,0.198,0.188
henan_north,2020-01-05,0.278,0.206,0.198,0.188
henan_north,2020-01-06,0.304,0.217,0.199,0.188
henan_north,2020-01-07,0.32,0.229,0.202,0.188
henan_north,2020-01-08,0.315,0.244,0.207,0.188
henan_north,2020-01-09,0.305,0.253,0.206,0.188
henan_north,2020-01-10,0.284,0.25,0.203,0.188
henan_north,2020-01-11,0.288,0.255,0.202,0.188
henan_north,2020-01-12,0.282,0.256,0.204,0.188
henan_north,2020-01-13,0.278,0.257,0.202,0.188
henan_north,2020-01-14,0.277,0.258,0.202,0.188
henan_north,2020-01-15,0.273,0.258,0.202,0.188
henan_north,2020-01-16,0.273,0.259,0.205,0.188
henan_north,2020-01-17,0.277,0.263,0.208,0.188
henan_north,2020-01-18,0.283,0.268,0.21,0.188
henan_north,2020-01-19,0.282,0.27,0.213,0.188
henan_north,2020-01-20,0.277,0.269,0.213,0.188
henan_north,2020-01-21,0.275,0.269,0.213,0.188
henan_north,2020-01-22,0.276,0.271,0.213,0.188
henan_north,2020-01-23,0.278,0.272,0.214,0.188
henan_north,2020-01-24,0.286,0.278,0.217,0.188
henan_north,2020-01-25,0.284,0.278,0.218,0.188
henan_north,2020-01-26,0.286,0.28,0.22,0.188
henan_north,2020-01-27,0.291,0.282,0.222,0.188
henan_north,2020-01-28,0.288,0.281,0.222,0.188
henan_north,2020-01-29,0.283,0.279,0.222,0.188
henan_north,2020-01-30,0.28,0.278,0.222,0.188
henan_north,2020-01-31,0.277,0.277,0.222,0.188
henan_north,2020-02-01,0.263,0.269,0.221,0.188
henan_north,2020-02-02,0.26,0.267,0.222,0.188
henan_north,2020-02-03,0.25,0.261,0.22,0.188
henan_north,2020-02-04,0.239,0.253,0.218,0.188
henan_north,2020-02-05,0.238,0.252,0.217,0.188
henan_north,2020-02-06,0.242,0.254,0.218,0.188
henan_north,2020-02-07,0.254,0.26,0.222,0.188
henan_north,2020-02-08,0.257,0.261,0.224,0.188
henan_north,2020-02-09,0.256,0.261,0.224,0.188
henan_north,2020-02-10,0.248,0.257,0.224,0.188
henan_north,2020-02-11,0.241,0.252,0.223,0.188
henan_north,2020-02-12,0.237,0.249,0.22,0.188
henan_north,2020-02-13,0.234,0.246,0.22,0.188
henan_north,2020-02-14,0.234,0.245,0.22,0.188
henan_north,2020-02-15,0.239,0.239,0.217,0.188
henan_north,2020-02-16,0.238,0.237,0.216,0.188
henan_north,2020-02-17,0.235,0.235,0.216,0.188
henan_north,2020-02-18,0.226,0.231,0.215,0.188
henan_north,2020-02-19,0.211,0.223,0.212,0.188
henan_north,2020-02-20,0.191,0.213,0.209,0.188
henan_north,2020-02-21,0.184,0.21,0.207,0.188
henan_north,2020-02-22,0.179,0.208,0.207,0.188
henan_north,2020-02-23,0.169,0.2,0.205,0.188
henan_north,2020-02-24,0.176,0.191,0.202,0.188
henan_north,2020-02-25,0.187,0.192,0.204,0.188
henan_north,2020-02-26,0.187,0.197,0.206,0.188
henan_north,2020-02-27,0.196,0.203,0.21,0.188
henan_north,2020-02-28,0.244,0.207,0.211,0.188
henan_north,2020-02-29,0.251,0.218,0.214,0.188
henan_north,2020-03-01,0.247,0.225,0.217,0.188
henan_north,2020-03-02,0.248,0.226,0.216,0.188
henan_north,2020-03-03,0.244,0.226,0.216,0.188
henan_north,2020-03-04,0.232,0.221,0.214,0.188
henan_north,2020-03-05,0.216,0.213,0.21,0.188
henan_north,2020-03-06,0.199,0.204,0.208,0.188
henan_north,2020-03-07,0.189,0.199,0.206,0.188
henan_north,2020-03-08,0.184,0.195,0.204,0.188
henan_north,2020-03-09,0.193,0.195,0.206,0.188
henan_north,2020-03-10,0.197,0.193,0.205,0.188
henan_north,2020-03-11,0.183,0.187,0.201,0.188
henan_north,2020-03-12,0.168,0.178,0.198,0.188
henan_north,2020-03-13,0.154,0.172,0.195,0.188
henan_north,2020-03-14,0.15,0.171,0.195,0.188
henan_north,2020-03-15,0.146,0.168,0.191,0.188
henan_north,2020-03-16,0.138,0.161,0.187,0.188
henan_north,2020-03-17,0.137,0.161,0.187,0.188
henan_north,2020-03-18,0.138,0.161,0.187,0.188
henan_north,2020-03-19,0.136,0.159,0.186,0.188
henan_north,2020-03-20,0.136,0.159,0.186,0.188
henan_north,2020-03-21,0.133,0.157,0.185,0.188
henan_north,2020-03-22,0.132,0.156,0.185,0.188
henan_north,2020-03-23,0.132,0.155,0.184,0.188
henan_north,2020-03-24,0.13,0.153,0.183,0.188
henan_north,2020-03-25,0.15,0.155,0.183,0.188
henan_north,2020-03-26,0.172,0.162,0.185,0.188
henan_north,2020-03-27,0.172,0.164,0.186,0.188
henan_north,2020-03-28,0.171,0.173,0.187,0.188
henan_north,2020-03-29,0.171,0.176,0.188,0.188
henan_north,2020-03-30,0.171,0.177,0.188,0.188
henan_north,2020-03-31,0.173,0.18,0.189,0.188
henan_north,2020-04-01,0.174,0.184,0.19,0.188
henan_north,2020-04-02,0.196,0.188,0.192,0.188
henan_north,2020-04-03,0.201,0.192,0.194,0.188
henan_north,2020-04-04,0.192,0.193,0.195,0.188
henan_north,2020-04-05,0.179,0.19,0.195,0.188
henan_north,2020-04-06,0.164,0.182,0.192,0.187
henan_north,2020-04-07,0.154,0.174,0.189,0.187
henan_north,2020-04-08,0.146,0.166,0.186,0.187
henan_north,2020-04-09,0.154,0.169,0.188,0.187
henan_north,2020-04-10,0.294,0.189,0.194,0.187
henan_north,2020-04-11,0.314,0.215,0.193,0.187
henan_north,2020-04-12,0.28,0.22,0.193,0.187
henan_north,2020-04-13,0.251,0.216,0.194,0.187
henan_north,2020-04-14,0.219,0.207,0.192,0.187
henan_north,2020-04-15,0.199,0.2,0.19,0.187
henan_north,2020-04-16,0.184,0.195,0.187,0.187
henan_north,2020-04-17,0.175,0.191,0.184,0.187
henan_north,2020-04-18,0.185,0.19,0.183,0.187
henan_north,2020-04-19,0.238,0.193,0.182,0.187
henan_north,2020-04-20,0.224,0.195,0.182,0.187
henan_north,2020-04-21,0.212,0.193,0.181,0.187
henan_north,2020-04-22,0.201,0.19,0.181,0.187
henan_north,2020-04-23,0.193,0.188,0.181,0.187
henan_north,2020-04-24,0.185,0.186,0.182,0.187
henan_north,2020-04-25,0.173,0.183,0.182,0.187
henan_north,2020-04-26,0.164,0.18,0.182,0.187
henan_north,2020-04-27,0.172,0.179,0.182,0.187
henan_north,2020-04-28,0.168,0.175,0.18,0.187
henan_north,2020-04-29,0.165,0.173,0.18,0.187
henan_north,2020-04-30,0.162,0.172,0.181,0.187
henan_north,2020-05-01,0.154,0.168,0.181,0.187
henan_north,2020-05-02,0.152,0.164,0.182,0.187
henan_north,2020-05-03,0.164,0.166,0.188,0.187
henan_north,2020-05-04,0.194,0.164,0.187,0.187
henan_north,2020-05-05,0.339,0.247,0.185,0.186
henan_north,2020-05-06,0.317,0.286,0.187,0.186
henan_north,2020-05-07,0.328,0.288,0.194,0.186
henan_north,2020-05-08,0.391,0.346,0.197,0.186
henan_north,2020-05-09,0.372,0.346,0.201,0.186
henan_north,2020-05-10,0.359,0.347,0.203,0.186
henan_north,2020-05-11,0.325,0.33,0.199,0.186
henan_north,2020-05-12,0.295,0.311,0.197,0.186
henan_north,2020-05-13,0.267,0.292,0.191,0.186
henan_north,2020-05-14,0.248,0.279,0.191,0.186
henan_north,2020-05-15,0.241,0.271,0.194,0.186
henan_north,2020-05-16,0.228,0.261,0.195,0.186
henan_north,2020-05-17,0.219,0.254,0.198,0.186
henan_north,2020-05-18,0.205,0.245,0.196,0.186
henan_north,2020-05-19,0.189,0.233,0.196,0.186
henan_north,2020-05-20,0.173,0.222,0.194,0.186
henan_north,2020-05-21,0.158,0.211,0.191,0.186
henan_north,2020-05-22,0.156,0.205,0.191,0.186
henan_north,2020-05-23,0.155,0.201,0.192,0.186
henan_north,2020-05-24,0.163,0.201,0.198,0.186
henan_north,2020-05-25,0.164,0.199,0.201,0.186
henan_north,2020-05-26,0.155,0.193,0.199,0.186
henan_north,2020-05-27,0.148,0.188,0.198,0.186
henan_north,2020-05-28,0.14,0.181,0.196,0.186
henan_north,2020-05-29,0.136,0.176,0.195,0.186
henan_north,2020-05-30,0.138,0.175,0.195,0.186
henan_north,2020-05-31,0.155,0.18,0.198,0.186
henan_north,2020-06-01,0.147,0.177,0.197,0.186
henan_north,2020-06-02,0.148,0.179,0.197,0.186
henan_north,2020-06-03,0.144,0.178,0.197,0.186
henan_north,2020-06-04,0.136,0.17,0.194,0.185
henan_north,2020-06-05,0.136,0.171,0.194,0.185
henan_north,2020-06-06,0.135,0.168,0.193,0.185
henan_north,2020-06-07,0.135,0.166,0.192,0.185
henan_north,2020-06-08,0.133,0.163,0.191,0.185
henan_north,2020-06-09,0.156,0.161,0.19,0.185
henan_north,2020-06-10,0.218,0.163,0.19,0.185
henan_north,2020-06-11,0.234,0.168,0.19,0.185
henan_north,2020-06-12,0.339,0.2,0.188,0.185
henan_north,2020-06-13,0.297,0.221,0.192,0.185
henan_north,2020-06-14,0.271,0.228,0.198,0.185
henan_north,2020-06-15,0.267,0.223,0.194,0.185
henan_north,2020-06-16,0.378,0.264,0.197,0.185
henan_north,2020-06-17,0.412,0.36,0.201,0.185
henan_north,2020-06-18,0.377,0.37,0.206,0.185
henan_north,2020-06-19,0.351,0.352,0.21,0.185
henan_north,2020-06-20,0.329,0.336,0.209,0.185
henan_north,2020-06-21,0.312,0.321,0.209,0.185
henan_north,2020-06-22,0.305,0.31,0.207,0.185
henan_north,2020-06-23,0.297,0.302,0.207,0.185
henan_north,2020-06-24,0.28,0.291,0.207,0.185
henan_north,2020-06-25,0.266,0.276,0.201,0.185
henan_north,2020-06-26,0.234,0.262,0.194,0.185
henan_north,2020-06-27,0.22,0.251,0.19,0.185
henan_north,2020-06-28,0.217,0.244,0.189,0.185
henan_north,2020-06-29,0.217,0.241,0.193,0.185
henan_north,2020-06-30,0.213,0.239,0.196,0.185
henan_north,2020-07-01,0.225,0.246,0.212,0.185
henan_north,2020-07-02,0.244,0.236,0.208,0.185
henan_north,2020-07-03,0.328,0.253,0.21,0.185
henan_north,2020-07-04,0.33,0.265,0.209,0.185
henan_north,2020-07-05,0.366,0.326,0.209,0.185
henan_north,2020-07-06,0.321,0.32,0.206,0.185
henan_north,2020-07-07,0.281,0.299,0.196,0.185
henan_north,2020-07-08,0.264,0.283,0.19,0.185
henan_north,2020-07-09,0.26,0.274,0.19,0.185
henan_north,2020-07-10,0.251,0.268,0.194,0.185
henan_north,2020-07-11,0.283,0.266,0.197,0.185
henan_north,2020-07-12,0.373,0.303,0.198,0.185
henan_north,2020-07-13,0.329,0.31,0.205,0.185
henan_north,2020-07-14,0.318,0.305,0.207,0.185
henan_north,2020-07-15,0.316,0.302,0.207,0.185
henan_north,2020-07-16,0.288,0.291,0.206,0.185
henan_north,2020-07-17,0.288,0.281,0.204,0.185
henan_north,2020-07-18,0.296,0.278,0.205,0.185
henan_north,2020-07-19,0.295,0.274,0.208,0.185
henan_north,2020-07-20,0.274,0.268,0.209,0.185
henan_north,2020-07-21,0.249,0.255,0.205,0.185
henan_north,2020-07-22,0.262,0.249,0.202,0.185
henan_north,2020-07-23,0.247,0.244,0.197,0.185
henan_north,2020-07-24,0.223,0.233,0.195,0.185
henan_north,2020-07-25,0.207,0.226,0.195,0.185
henan_north,2020-07-26,0.241,0.223,0.195,0.185
henan_north,2020-07-27,0.249,0.225,0.195,0.185
henan_north,2020-07-28,0.238,0.224,0.198,0.185
henan_north,2020-07-29,0.219,0.217,0.197,0.184
henan_north,2020-07-30,0.204,0.211,0.195,0.184
henan_north,2020-07-31,0.249,0.205,0.192,0.184
henan_north,2020-08-01,0.247,0.202,0.19,0.184
henan_north,2020-08-02,0.35,0.234,0.189,0.184
henan_north,2020-08-03,0.298,0.244,0.186,0.184
henan_north,2020-08-04,0.375,0.288,0.186,0.184
henan_north,2020-08-05,0.414,0.378,0.192,0.184
henan_north,2020-08-06,0.423,0.409,0.21,0.184
henan_north,2020-08-07,0.419,0.412,0.227,0.184
henan_north,2020-08-08,0.38,0.377,0.235,0.184
henan_north,2020-08-09,0.354,0.357,0.239,0.184
henan_north,2020-08-10,0.334,0.338,0.239,0.184
henan_north,2020-08-11,0.31,0.321,0.238,0.184
henan_north,2020-08-12,0.32,0.308,0.237,0.184
henan_north,2020-08-13,0.374,0.331,0.238,0.184
henan_north,2020-08-14,0.336,0.33,0.238,0.184
henan_north,2020-08-15,0.393,0.363,0.238,0.184
henan_north,2020-08-16,0.38,0.367,0.242,0.184
henan_north,2020-08-17,0.365,0.357,0.245,0.184
henan_north,2020-08-18,0.349,0.343,0.246,0.184
henan_north,2020-08-19,0.334,0.328,0.245,0.184
henan_north,2020-08-20,0.395,0.362,0.246,0.184
henan_north,2020-08-21,0.378,0.377,0.251,0.184
henan_north,2020-08-22,0.358,0.359,0.254,0.184
henan_north,2020-08-23,0.35,0.347,0.256,0.184
henan_north,2020-08-24,0.363,0.343,0.257,0.184
henan_north,2020-08-25,0.338,0.334,0.257,0.184
henan_north,2020-08-26,0.308,0.318,0.255,0.184
henan_north,2020-08-27,0.273,0.296,0.25,0.184
henan_north,2020-08-28,0.246,0.277,0.246,0.184
henan_north,2020-08-29,0.222,0.259,0.242,0.184
henan_north,2020-08-30,0.2,0.243,0.237,0.184
henan_north,2020-08-31,0.185,0.23,0.234,0.184
henan_north,2020-09-01,0.173,0.219,0.231,0.184
henan_north,2020-09-02,0.151,0.202,0.226,0.184
henan_north,2020-09-03,0.136,0.189,0.221,0.184
henan_north,2020-09-04,0.124,0.176,0.216,0.184
henan_north,2020-09-05,0.118,0.168,0.212,0.184
henan_north,2020-09-06,0.118,0.164,0.21,0.184
henan_north,2020-09-07,0.119,0.161,0.208,0.184
henan_north,2020-09-08,0.117,0.157,0.206,0.184
henan_north,2020-09-09,0.123,0.156,0.205,0.184
henan_north,2020-09-10,0.148,0.158,0.205,0.184
henan_north,2020-09-11,0.142,0.165,0.206,0.184
henan_north,2020-09-12,0.14,0.166,0.206,0.184
henan_north,2020-09-13,0.138,0.165,0.206,0.184
henan_north,2020-09-14,0.139,0.166,0.205,0.184
henan_north,2020-09-15,0.145,0.165,0.205,0.184
henan_north,2020-09-16,0.15,0.174,0.207,0.184
henan_north,2020-09-17,0.15,0.177,0.207,0.184
henan_north,2020-09-18,0.15,0.176,0.206,0.184
henan_north,2020-09-19,0.139,0.165,0.202,0.184
henan_north,2020-09-20,0.13,0.156,0.198,0.184
henan_north,2020-09-21,0.139,0.161,0.2,0.184
henan_north,2020-09-22,0.15,0.163,0.202,0.184
henan_north,2020-09-23,0.158,0.166,0.203,0.183
henan_north,2020-09-24,0.154,0.167,0.203,0.183
henan_north,2020-09-25,0.156,0.169,0.203,0.183
henan_north,2020-09-26,0.156,0.17,0.203,0.183
henan_north,2020-09-27,0.159,0.169,0.202,0.183
henan_north,2020-09-28,0.165,0.172,0.202,0.183
henan_north,2020-09-29,0.165,0.176,0.203,0.183
henan_north,2020-09-30,0.165,0.181,0.204,0.183
henan_north,2020-10-01,0.168,0.186,0.205,0.183
henan_north,2020-10-02,0.185,0.189,0.207,0.183
henan_north,2020-10-03,0.213,0.195,0.208,0.183
henan_north,2020-10-04,0.217,0.196,0.208,0.183
henan_north,2020-10-05,0.223,0.208,0.212,0.183
henan_north,2020-10-06,0.224,0.213,0.214,0.183
henan_north,2020-10-07,0.218,0.213,0.215,0.183
henan_north,2020-10-08,0.212,0.214,0.215,0.183
henan_north,2020-10-09,0.21,0.215,0.216,0.183
henan_north,2020-10-10,0.213,0.216,0.217,0.183
henan_north,2020-10-11,0.232,0.216,0.217,0.183
henan_north,2020-10-12,0.228,0.214,0.217,0.183
henan_north,2020-10-13,0.252,0.212,0.216,0.183
henan_north,2020-10-14,0.367,0.242,0.215,0.183
henan_north,2020-10-15,0.32,0.259,0.213,0.183
henan_north,2020-10-16,0.31,0.266,0.215,0.183
henan_north,2020-10-17,0.307,0.272,0.217,0.183
henan_north,2020-10-18,0.291,0.271,0.218,0.183
henan_north,2020-10-19,0.282,0.27,0.217,0.183
henan_north,2020-10-20,0.27,0.266,0.216,0.183
henan_north,2020-10-21,0.257,0.262,0.215,0.183
henan_north,2020-10-22,0.25,0.259,0.214,0.183
henan_north,2020-10-23,0.234,0.252,0.212,0.183
henan_north,2020-10-24,0.22,0.245,0.21,0.183
henan_north,2020-10-25,0.196,0.234,0.207,0.183
henan_north,2020-10-26,0.179,0.225,0.204,0.183
henan_north,2020-10-27,0.165,0.217,0.202,0.183
henan_north,2020-10-28,0.165,0.216,0.201,0.183
henan_north,2020-10-29,0.16,0.213,0.2,0.183
henan_north,2020-10-30,0.156,0.209,0.2,0.183
henan_north,2020-10-31,0.157,0.208,0.2,0.183
henan_north,2020-11-01,0.159,0.207,0.2,0.183
henan_north,2020-11-02,0.16,0.206,0.201,0.183
henan_north,2020-11-03,0.155,0.202,0.2,0.183
henan_north,2020-11-04,0.148,0.198,0.2,0.183
henan_north,2020-11-05,0.14,0.193,0.199,0.183
henan_north,2020-11-06,0.138,0.19,0.198,0.183
henan_north,2020-11-07,0.138,0.189,0.198,0.183
henan_north,2020-11-08,0.134,0.185,0.197,0.183
henan_north,2020-11-09,0.131,0.182,0.196,0.183
henan_north,2020-11-10,0.126,0.179,0.195,0.183
henan_north,2020-11-11,0.121,0.176,0.194,0.183
henan_north,2020-11-12,0.113,0.172,0.193,0.183
henan_north,2020-11-13,0.112,0.17,0.192,0.183
henan_north,2020-11-14,0.111,0.168,0.192,0.183
henan_north,2020-11-15,0.114,0.168,0.192,0.183
henan_north,2020-11-16,0.12,0.169,0.193,0.183
henan_north,2020-11-17,0.232,0.174,0.194,0.183
henan_north,2020-11-18,0.362,0.229,0.194,0.183
henan_north,2020-11-19,0.316,0.248,0.195,0.183
henan_north,2020-11-20,0.303,0.255,0.195,0.183
henan_north,2020-11-21,0.328,0.263,0.195,0.183
henan_north,2020-11-22,0.322,0.272,0.196,0.183
henan_north,2020-11-23,0.318,0.277,0.197,0.183
henan_north,2020-11-24,0.321,0.281,0.196,0.183
henan_north,2020-11-25,0.31,0.284,0.197,0.183
henan_north,2020-11-26,0.305,0.286,0.198,0.183
henan_north,2020-11-27,0.298,0.285,0.199,0.183
henan_north,2020-11-28,0.296,0.286,0.201,0.183
henan_north,2020-11-29,0.296,0.287,0.202,0.183
henan_north,2020-11-30,0.3,0.29,0.204,0.183
henan_north,2020-12-01,0.308,0.291,0.205,0.183
henan_north,2020-12-02,0.311,0.293,0.204,0.183
henan_north,2020-12-03,0.312,0.296,0.206,0.183
henan_north,2020-12-04,0.305,0.294,0.205,0.183
henan_north,2020-12-05,0.299,0.292,0.206,0.183
henan_north,2020-12-06,0.293,0.29,0.206,0.183
henan_north,2020-12-07,0.291,0.289,0.207,0.183
henan_north,2020-12-08,0.288,0.287,0.209,0.183
henan_north,2020-12-09,0.281,0.282,0.207,0.183
henan_north,2020-12-10,0.276,0.279,0.206,0.183
henan_north,2020-12-11,0.277,0.278,0.207,0.183
henan_north,2020-12-12,0.275,0.277,0.208,0.183
henan_north,2020-12-13,0.266,0.271,0.206,0.183
henan_north,2020-12-14,0.261,0.268,0.206,0.183
henan_north,2020-12-15,0.259,0.266,0.206,0.183
henan_north,2020-12-16,0.261,0.266,0.206,0.183
henan_north,2020-12-17,0.259,0.264,0.206,0.183
henan_north,2020-12-18,0.257,0.263,0.207,0.183
henan_north,2020-12-19,0.256,0.262,0.209,0.183
henan_north,2020-12-20,0.254,0.261,0.209,0.183
henan_north,2020-12-21,0.252,0.258,0.208,0.183
henan_north,2020-12-22,0.249,0.256,0.208,0.183
henan_north,2020-12-23,0.239,0.249,0.207,0.183
henan_north,2020-12-24,0.234,0.245,0.206,0.183
henan_north,2020-12-25,0.229,0.241,0.205,0.183
henan_north,2020-12-26,0.215,0.232,0.203,0.183
henan_north,2020-12-27,0.209,0.228,0.204,0.183
henan_north,2020-12-28,0.196,0.218,0.201,0.183
henan_north,2020-12-29,0.195,0.216,0.202,0.183
henan_north,2020-12-30,0.193,0.214,0.201,0.183
henan_north,2020-12-31,0.194,0.214,0.201,0.183
henan_north,2021-01-01,0.195,0.214,0.201,0.183
henan_north,2021-01-02,0.194,0.213,0.201,0.183
henan_north,2021-01-03,0.194,0.214,0.202,0.183
henan_north,2021-01-04,0.195,0.214,0.203,0.183
henan_north,2021-01-05,0.195,0.213,0.203,0.183
henan_north,2021-01-06,0.195,0.213,0.203,0.183
henan_north,2021-01-07,0.196,0.213,0.203,0.183
henan_north,2021-01-08,0.197,0.212,0.203,0.183
henan_north,2021-01-09,0.197,0.212,0.203,0.183
henan_north,2021-01-10,0.198,0.212,0.203,0.183
henan_north,2021-01-11,0.198,0.212,0.203,0.183
henan_north,2021-01-12,0.194,0.21,0.203,0.183
henan_north,2021-01-13,0.18,0.201,0.202,0.183
henan_north,2021-01-14,0.161,0.187,0.197,0.183
henan_north,2021-01-15,0.155,0.183,0.195,0.183
henan_north,2021-01-16,0.159,0.186,0.196,0.183
henan_north,2021-01-17,0.159,0.186,0.197,0.183
henan_north,2021-01-18,0.157,0.184,0.196,0.183
henan_north,2021-01-19,0.137,0.171,0.192,0.183
henan_north,2021-01-20,0.133,0.168,0.191,0.183
henan_north,2021-01-21,0.141,0.173,0.194,0.183
henan_north,2021-01-22,0.146,0.177,0.196,0.183
henan_north,2021-01-23,0.146,0.176,0.196,0.183
henan_north,2021-01-24,0.143,0.175,0.196,0.183
henan_north,2021-01-25,0.158,0.176,0.197,0.183
henan_north,2021-01-26,0.161,0.176,0.196,0.183
henan_north,2021-01-27,0.156,0.173,0.195,0.183
henan_north,2021-01-28,0.148,0.168,0.193,0.183
henan_north,2021-01-29,0.137,0.16,0.188,0.183
henan_north,2021-01-30,0.132,0.157,0.188,0.183
henan_north,2021-01-31,0.119,0.148,0.183,0.183
henan_north,2021-02-01,0.117,0.146,0.183,0.183
henan_north,2021-02-02,0.107,0.14,0.18,0.183
henan_north,2021-02-03,0.099,0.135,0.178,0.183
henan_north,2021-02-04,0.094,0.132,0.177,0.183
henan_north,2021-02-05,0.091,0.13,0.175,0.183
henan_north,2021-02-06,0.085,0.126,0.173,0.183
henan_north,2021-02-07,0.077,0.121,0.171,0.183
henan_north,2021-02-08,0.074,0.12,0.17,0.183
henan_north,2021-02-09,0.072,0.118,0.169,0.183
henan_north,2021-02-10,0.064,0.113,0.167,0.183
henan_north,2021-02-11,0.053,0.107,0.165,0.183
henan_north,2021-02-12,0.044,0.102,0.163,0.183
henan_north,2021-02-13,0.05,0.102,0.163,0.183
henan_north,2021-02-14,0.176,0.106,0.164,0.183
henan_north,2021-02-15,0.197,0.114,0.166,0.183
henan_north,2021-02-16,0.192,0.114,0.166,0.183
henan_north,2021-02-17,0.187,0.116,0.166,0.183
henan_north,2021-02-18,0.18,0.117,0.165,0.183
henan_north,2021-02-19,0.173,0.116,0.165,0.183
henan_north,2021-02-20,0.162,0.113,0.164,0.183
henan_north,2021-02-21,0.15,0.108,0.162,0.183
henan_north,2021-02-22,0.139,0.105,0.161,0.183
henan_north,2021-02-23,0.139,0.108,0.162,0.183
henan_north,2021-02-24,0.141,0.109,0.163,0.183
henan_north,2021-02-25,0.207,0.112,0.163,0.183
henan_north,2021-02-26,0.252,0.116,0.162,0.183
henan_north,2021-02-27,0.263,0.124,0.163,0.183
henan_north,2021-02-28,0.297,0.136,0.166,0.183
henan_north,2021-03-01,0.317,0.159,0.166,0.183
henan_north,2021-03-02,0.282,0.171,0.166,0.183
henan_north,2021-03-03,0.266,0.179,0.167,0.183
henan_north,2021-03-04,0.25,0.182,0.168,0.183
henan_north,2021-03-05,0.238,0.183,0.168,0.183
henan_north,2021-03-06,0.225,0.182,0.167,0.183
henan_north,2021-03-07,0.214,0.18,0.165,0.183
henan_north,2021-03-08,0.206,0.179,0.165,0.183
henan_north,2021-03-09,0.198,0.177,0.165,0.183
henan_north,2021-03-10,0.189,0.174,0.165,0.183
henan_north,2021-03-11,0.197,0.175,0.165,0.183
henan_north,2021-03-12,0.199,0.178,0.167,0.183
henan_north,2021-03-13,0.2,0.183,0.17,0.183
henan_north,2021-03-14,0.203,0.188,0.171,0.183
henan_north,2021-03-15,0.234,0.189,0.171,0.183
henan_north,2021-03-16,0.223,0.187,0.17,0.183
henan_north,2021-03-17,0.205,0.18,0.166,0.183
henan_north,2021-03-18,0.197,0.177,0.165,0.183
henan_north,2021-03-19,0.225,0.185,0.167,0.183
henan_north,2021-03-20,0.246,0.19,0.169,0.183
henan_north,2021-03-21,0.23,0.191,0.17,0.183
henan_north,2021-03-22,0.211,0.186,0.168,0.183
henan_north,2021-03-23,0.192,0.179,0.165,0.183
henan_north,2021-03-24,0.177,0.172,0.163,0.183
henan_north,2021-03-25,0.164,0.166,0.158,0.183
henan_north,2021-03-26,0.174,0.16,0.156,0.183
henan_north,2021-03-27,0.245,0.163,0.157,0.183
henan_north,2021-03-28,0.226,0.168,0.16,0.183
henan_north,2021-03-29,0.199,0.16,0.157,0.183
henan_north,2021-03-30,0.184,0.156,0.156,0.183
henan_north,2021-03-31,0.175,0.153,0.155,0.183
henan_north,2021-04-01,0.177,0.157,0.155,0.183
henan_north,2021-04-02,0.189,0.163,0.157,0.183
henan_north,2021-04-03,0.207,0.164,0.158,0.183
henan_north,2021-04-04,0.204,0.177,0.164,0.183
henan_north,2021-04-05,0.203,0.184,0.167,0.183
henan_north,2021-04-06,0.194,0.182,0.167,0.183
henan_north,2021-04-07,0.182,0.177,0.165,0.183
henan_north,2021-04-08,0.173,0.174,0.164,0.183
henan_north,2021-04-09,0.16,0.167,0.163,0.183
henan_north,2021-04-10,0.149,0.162,0.161,0.183
henan_north,2021-04-11,0.144,0.159,0.16,0.183
henan_north,2021-04-12,0.15,0.164,0.165,0.183
henan_north,2021-04-13,0.147,0.164,0.165,0.183
henan_north,2021-04-14,0.143,0.161,0.165,0.183
henan_north,2021-04-15,0.143,0.161,0.164,0.182
henan_north,2021-04-16,0.135,0.156,0.163,0.182
henan_north,2021-04-17,0.134,0.155,0.163,0.182
henan_north,2021-04-18,0.133,0.154,0.162,0.182
henan_north,2021-04-19,0.131,0.152,0.162,0.182
henan_north,2021-04-20,0.169,0.153,0.161,0.182
henan_north,2021-04-21,0.265,0.159,0.162,0.182
henan_north,2021-04-22,0.261,0.171,0.166,0.182
henan_north,2021-04-23,0.247,0.179,0.168,0.182
henan_north,2021-04-24,0.235,0.179,0.166,0.182
henan_north,2021-04-25,0.226,0.18,0.167,0.182
henan_north,2021-04-26,0.226,0.186,0.17,0.182
henan_north,2021-04-27,0.215,0.186,0.171,0.182
henan_north,2021-04-28,0.194,0.18,0.17,0.182
henan_north,2021-04-29,0.175,0.174,0.167,0.182
henan_north,2021-04-30,0.16,0.169,0.165,0.182
henan_north,2021-05-01,0.156,0.168,0.165,0.182
henan_north,2021-05-02,0.153,0.167,0.166,0.182
henan_north,2021-05-03,0.179,0.167,0.166,0.182
henan_north,2021-05-04,0.191,0.168,0.167,0.182
henan_north,2021-05-05,0.174,0.166,0.17,0.182
henan_north,2021-05-06,0.156,0.155,0.167,0.182
henan_north,2021-05-07,0.146,0.146,0.165,0.182
henan_north,2021-05-08,0.143,0.143,0.163,0.182
henan_north,2021-05-09,0.141,0.145,0.163,0.182
henan_north,2021-05-10,0.141,0.148,0.163,0.182
henan_north,2021-05-11,0.144,0.154,0.165,0.182
henan_north,2021-05-12,0.154,0.175,0.174,0.182
henan_north,2021-05-13,0.155,0.174,0.173,0.182
henan_north,2021-05-14,0.176,0.189,0.179,0.182
henan_north,2021-05-15,0.251,0.207,0.185,0.182
henan_north,2021-05-16,0.307,0.219,0.19,0.182
henan_north,2021-05-17,0.282,0.224,0.189,0.182
henan_north,2021-05-18,0.252,0.212,0.186,0.182
henan_north,2021-05-19,0.23,0.208,0.185,0.182
henan_north,2021-05-20,0.218,0.207,0.186,0.182
henan_north,2021-05-21,0.205,0.21,0.189,0.181
henan_north,2021-05-22,0.194,0.211,0.19,0.181
henan_north,2021-05-23,0.186,0.203,0.185,0.181
henan_north,2021-05-24,0.174,0.206,0.183,0.181
henan_north,2021-05-25,0.163,0.201,0.18,0.181
henan_north,2021-05-26,0.159,0.197,0.181,0.181
henan_north,2021-05-27,0.154,0.195,0.184,0.181
henan_north,2021-05-28,0.143,0.189,0.182,0.181
henan_north,2021-05-29,0.137,0.183,0.181,0.181
henan_north,2021-05-30,0.134,0.178,0.181,0.181
henan_north,2021-05-31,0.134,0.175,0.18,0.181
henan_north,2021-06-01,0.136,0.171,0.178,0.181
henan_north,2021-06-02,0.159,0.172,0.179,0.181
henan_north,2021-06-03,0.214,0.17,0.177,0.181
henan_north,2021-06-04,0.141,0.169,0.178,0.181
henan_north,2021-06-05,0.137,0.162,0.174,0.181
henan_north,2021-06-06,0.133,0.158,0.172,0.181
henan_north,2021-06-07,0.13,0.155,0.171,0.181
henan_north,2021-06-08,0.128,0.156,0.171,0.181
henan_north,2021-06-09,0.128,0.152,0.17,0.181
henan_north,2021-06-10,0.131,0.146,0.169,0.181
henan_north,2021-06-11,0.134,0.144,0.168,0.181
henan_north,2021-06-12,0.134,0.145,0.166,0.181
henan_north,2021-06-13,0.183,0.146,0.164,0.18
henan_north,2021-06-14,0.319,0.167,0.158,0.18
henan_north,2021-06-15,0.298,0.191,0.161,0.18
henan_north,2021-06-16,0.272,0.197,0.165,0.18
henan_north,2021-06-17,0.295,0.203,0.16,0.18
henan_north,2021-06-18,0.276,0.208,0.152,0.18
henan_north,2021-06-19,0.24,0.203,0.154,0.18
henan_north,2021-06-20,0.194,0.189,0.153,0.18
henan_north,2021-06-21,0.157,0.175,0.141,0.18
henan_north,2021-06-22,0.132,0.163,0.135,0.18
henan_north,2021-06-23,0.115,0.152,0.128,0.18
henan_north,2021-06-24,0.105,0.146,0.124,0.18
henan_north,2021-06-25,0.117,0.144,0.123,0.18
henan_north,2021-06-26,0.116,0.143,0.123,0.18
henan_north,2021-06-27,0.128,0.147,0.128,0.18
henan_north,2021-06-28,0.134,0.148,0.134,0.18
henan_north,2021-06-29,0.138,0.147,0.135,0.18
henan_north,2021-06-30,0.137,0.147,0.136,0.18
henan_north,2021-07-01,0.163,0.153,0.14,0.18
henan_north,2021-07-02,0.257,0.158,0.144,0.18
henan_north,2021-07-03,0.336,0.212,0.149,0.18
henan_north,2021-07-04,0.286,0.229,0.149,0.18
henan_north,2021-07-05,0.249,0.222,0.147,0.18
henan_north,2021-07-06,0.225,0.216,0.149,0.18
henan_north,2021-07-07,0.212,0.213,0.154,0.179
henan_north,2021-07-08,0.2,0.209,0.157,0.179
henan_north,2021-07-09,0.186,0.203,0.16,0.179
henan_north,2021-07-10,0.176,0.198,0.162,0.179
henan_north,2021-07-11,0.313,0.23,0.165,0.179
henan_north,2021-07-12,0.363,0.323,0.164,0.179
henan_north,2021-07-13,0.32,0.317,0.165,0.179
henan_north,2021-07-14,0.306,0.301,0.162,0.179
henan_north,2021-07-15,0.36,0.3,0.158,0.179
henan_north,2021-07-16,0.342,0.302,0.158,0.179
henan_north,2021-07-17,0.331,0.299,0.158,0.179
henan_north,2021-07-18,0.387,0.315,0.163,0.179
henan_north,2021-07-19,0.411,0.377,0.173,0.179
henan_north,2021-07-20,0.429,0.418,0.199,0.179
henan_north,2021-07-21,0.43,0.426,0.271,0.179
henan_north,2021-07-22,0.42,0.416,0.315,0.179
henan_north,2021-07-23,0.414,0.407,0.324,0.18
henan_north,2021-07-24,0.39,0.389,0.329,0.18
henan_north,2021-07-25,0.361,0.369,0.329,0.18
henan_north,2021-07-26,0.34,0.353,0.327,0.18
henan_north,2021-07-27,0.317,0.334,0.324,0.181
henan_north,2021-07-28,0.323,0.323,0.321,0.181
henan_north,2021-07-29,0.315,0.316,0.319,0.181
henan_north,2021-07-30,0.3,0.308,0.317,0.181
henan_north,2021-07-31,0.277,0.295,0.313,0.181
henan_north,2021-08-01,0.255,0.281,0.307,0.182
henan_north,2021-08-02,0.23,0.264,0.299,0.182
henan_north,2021-08-03,0.206,0.247,0.292,0.182
henan_north,2021-08-04,0.189,0.233,0.286,0.182
henan_north,2021-08-05,0.328,0.245,0.282,0.182
henan_north,2021-08-06,0.307,0.256,0.28,0.182
henan_north,2021-08-07,0.29,0.249,0.276,0.182
henan_north,2021-08-08,0.265,0.246,0.275,0.182
henan_north,2021-08-09,0.248,0.24,0.272,0.182
henan_north,2021-08-10,0.228,0.231,0.268,0.182
henan_north,2021-08-11,0.213,0.225,0.265,0.182
henan_north,2021-08-12,0.2,0.216,0.26,0.182
henan_north,2021-08-13,0.268,0.215,0.257,0.182
henan_north,2021-08-14,0.269,0.216,0.257,0.182
henan_north,2021-08-15,0.244,0.212,0.254,0.182
henan_north,2021-08-16,0.218,0.204,0.248,0.182
henan_north,2021-08-17,0.2,0.197,0.243,0.182
henan_north,2021-08-18,0.188,0.191,0.24,0.182
henan_north,2021-08-19,0.177,0.186,0.237,0.182
henan_north,2021-08-20,0.316,0.202,0.236,0.182
henan_north,2021-08-21,0.284,0.213,0.237,0.182
henan_north,2021-08-22,0.363,0.282,0.239,0.182
henan_north,2021-08-23,0.401,0.399,0.259,0.182
henan_north,2021-08-24,0.371,0.374,0.269,0.182
henan_north,2021-08-25,0.337,0.349,0.269,0.182
henan_north,2021-08-26,0.315,0.33,0.268,0.182
henan_north,2021-08-27,0.304,0.319,0.268,0.182
henan_north,2021-08-28,0.313,0.311,0.267,0.182
henan_north,2021-08-29,0.428,0.412,0.281,0.182
henan_north,2021-08-30,0.418,0.412,0.309,0.182
henan_north,2021-08-31,0.422,0.417,0.333,0.183
henan_north,2021-09-01,0.424,0.422,0.356,0.183
henan_north,2021-09-02,0.397,0.401,0.363,0.184
henan_north,2021-09-03,0.382,0.385,0.363,0.185
henan_north,2021-09-04,0.419,0.411,0.368,0.185
henan_north,2021-09-05,0.401,0.405,0.376,0.186
henan_north,2021-09-06,0.406,0.402,0.375,0.187
henan_north,2021-09-07,0.394,0.397,0.375,0.188
henan_north,2021-09-08,0.374,0.383,0.372,0.19
henan_north,2021-09-09,0.356,0.368,0.368,0.19
henan_north,2021-09-10,0.34,0.354,0.363,0.191
henan_north,2021-09-11,0.315,0.335,0.355,0.192
henan_north,2021-09-12,0.301,0.323,0.351,0.192
henan_north,2021-09-13,0.276,0.304,0.342,0.193
henan_north,2021-09-14,0.278,0.294,0.339,0.193
henan_north,2021-09-15,0.267,0.287,0.334,0.193
henan_north,2021-09-16,0.252,0.275,0.328,0.194
henan_north,2021-09-17,0.267,0.272,0.325,0.194
henan_north,2021-09-18,0.356,0.285,0.323,0.194
henan_north,2021-09-19,0.428,0.419,0.335,0.194
henan_north,2021-09-20,0.404,0.406,0.354,0.195
henan_north,2021-09-21,0.378,0.386,0.354,0.195
henan_north,2021-09-22,0.358,0.369,0.352,0.196
henan_north,2021-09-23,0.334,0.351,0.35,0.196
henan_north,2021-09-24,0.391,0.37,0.351,0.197
henan_north,2021-09-25,0.422,0.421,0.372,0.198
henan_north,2021-09-26,0.42,0.419,0.382,0.199
henan_north,2021-09-27,0.413,0.41,0.386,0.2
henan_north,2021-09-28,0.426,0.424,0.393,0.202
henan_north,2021-09-29,0.41,0.414,0.401,0.204
henan_north,2021-09-30,0.392,0.4,0.396,0.206
henan_north,2021-10-01,0.38,0.389,0.392,0.208
henan_north,2021-10-02,0.374,0.382,0.388,0.21
henan_north,2021-10-03,0.376,0.375,0.384,0.211
henan_north,2021-10-04,0.42,0.412,0.383,0.212
henan_north,2021-10-05,0.417,0.412,0.386,0.213
henan_north,2021-10-06,0.425,0.422,0.394,0.215
henan_north,2021-10-07,0.413,0.417,0.4,0.217
henan_north,2021-10-08,0.416,0.414,0.396,0.219
henan_north,2021-10-09,0.41,0.411,0.395,0.221
henan_north,2021-10-10,0.399,0.401,0.392,0.223
henan_north,2021-10-11,0.38,0.382,0.377,0.224
henan_north,2021-10-12,0.374,0.379,0.374,0.224
henan_north,2021-10-13,0.372,0.379,0.38,0.22
henan_north,2021-10-14,0.377,0.373,0.376,0.221
henan_north,2021-10-15,0.387,0.378,0.374,0.222
henan_north,2021-10-16,0.369,0.375,0.378,0.222
henan_north,2021-10-17,0.355,0.363,0.373,0.223
henan_north,2021-10-18,0.341,0.352,0.366,0.224
henan_north,2021-10-19,0.336,0.347,0.362,0.225
henan_north,2021-10-20,0.338,0.343,0.359,0.225
henan_north,2021-10-21,0.339,0.341,0.355,0.226
henan_north,2021-10-22,0.337,0.34,0.349,0.226
henan_north,2021-10-23,0.332,0.338,0.347,0.227
henan_north,2021-10-24,0.33,0.337,0.348,0.227
henan_north,2021-10-25,0.328,0.336,0.347,0.227
henan_north,2021-10-26,0.322,0.332,0.343,0.228
henan_north,2021-10-27,0.311,0.323,0.338,0.228
henan_north,2021-10-28,0.302,0.316,0.334,0.228
henan_north,2021-10-29,0.29,0.307,0.328,0.228
henan_north,2021-10-30,0.281,0.299,0.322,0.229
henan_north,2021-10-31,0.271,0.29,0.314,0.229
henan_north,2021-11-01,0.268,0.289,0.316,0.229
henan_north,2021-11-02,0.274,0.286,0.313,0.229
henan_north,2021-11-03,0.28,0.286,0.312,0.229
henan_north,2021-11-04,0.275,0.283,0.309,0.229
henan_north,2021-11-05,0.269,0.28,0.309,0.229
henan_north,2021-11-06,0.267,0.279,0.309,0.23
henan_north,2021-11-07,0.364,0.302,0.31,0.23
henan_north,2021-11-08,0.343,0.32,0.31,0.23
henan_north,2021-11-09,0.323,0.318,0.307,0.23
henan_north,2021-11-10,0.308,0.313,0.305,0.23
henan_north,2021-11-11,0.295,0.306,0.301,0.23
henan_north,2021-11-12,0.288,0.301,0.299,0.23
henan_north,2021-11-13,0.278,0.294,0.291,0.23
henan_north,2021-11-14,0.259,0.281,0.278,0.23
henan_north,2021-11-15,0.237,0.266,0.264,0.23
henan_north,2021-11-16,0.225,0.256,0.258,0.23
henan_north,2021-11-17,0.219,0.25,0.254,0.23
henan_north,2021-11-18,0.214,0.245,0.25,0.23
henan_north,2021-11-19,0.205,0.238,0.247,0.23
henan_north,2021-11-20,0.209,0.237,0.248,0.23
henan_north,2021-11-21,0.223,0.236,0.248,0.23
henan_north,2021-11-22,0.216,0.236,0.252,0.23
henan_north,2021-11-23,0.216,0.237,0.253,0.23
henan_north,2021-11-24,0.21,0.233,0.246,0.23
henan_north,2021-11-25,0.198,0.223,0.239,0.23
henan_north,2021-11-26,0.184,0.212,0.238,0.23
henan_north,2021-11-27,0.168,0.201,0.23,0.23
henan_north,2021-11-28,0.161,0.195,0.227,0.23
henan_north,2021-11-29,0.172,0.191,0.224,0.23
henan_north,2021-11-30,0.217,0.194,0.227,0.23
henan_north,2021-12-01,0.206,0.189,0.22,0.23
henan_north,2021-12-02,0.2,0.187,0.216,0.23
henan_north,2021-12-03,0.192,0.183,0.213,0.23
henan_north,2021-12-04,0.181,0.177,0.209,0.23
henan_north,2021-12-05,0.168,0.168,0.201,0.23
henan_north,2021-12-06,0.158,0.163,0.197,0.23
henan_north,2021-12-07,0.153,0.162,0.197,0.23
henan_north,2021-12-08,0.15,0.16,0.196,0.23
henan_north,2021-12-09,0.15,0.162,0.197,0.23
henan_north,2021-12-10,0.157,0.165,0.201,0.23
henan_north,2021-12-11,0.23,0.169,0.205,0.23
henan_north,2021-12-12,0.229,0.173,0.209,0.23
henan_north,2021-12-13,0.223,0.175,0.21,0.23
henan_north,2021-12-14,0.219,0.177,0.212,0.23
henan_north,2021-12-15,0.212,0.177,0.211,0.23
henan_north,2021-12-16,0.209,0.178,0.212,0.23
henan_north,2021-12-17,0.206,0.177,0.214,0.23
henan_north,2021-12-18,0.202,0.177,0.214,0.23
henan_north,2021-12-19,0.196,0.176,0.213,0.23
henan_north,2021-12-20,0.188,0.174,0.209,0.23
henan_north,2021-12-21,0.178,0.17,0.205,0.23
henan_north,2021-12-22,0.169,0.166,0.2,0.23
henan_north,2021-12-23,0.169,0.166,0.199,0.23
henan_north,2021-12-24,0.175,0.168,0.199,0.23
henan_north,2021-12-25,0.174,0.167,0.194,0.23
henan_north,2021-12-26,0.173,0.167,0.194,0.23
henan_north,2021-12-27,0.173,0.167,0.194,0.23
henan_north,2021-12-28,0.174,0.168,0.195,0.23
henan_north,2021-12-29,0.175,0.17,0.196,0.23
henan_north,2021-12-30,0.176,0.171,0.197,0.23
henan_north,2021-12-31,0.175,0.171,0.197,0.23
henan_north,2022-01-01,0.175,0.172,0.197,0.23
henan_north,2022-01-02,0.17,0.17,0.195,0.23
henan_north,2022-01-03,0.168,0.17,0.196,0.23
henan_north,2022-01-04,0.168,0.17,0.196,0.23
henan_north,2022-01-05,0.178,0.173,0.197,0.23
henan_north,2022-01-06,0.193,0.175,0.199,0.23
henan_north,2022-01-07,0.204,0.176,0.197,0.23
henan_north,2022-01-08,0.206,0.177,0.198,0.23
henan_north,2022-01-09,0.205,0.179,0.201,0.23
henan_north,2022-01-10,0.206,0.182,0.204,0.23
henan_north,2022-01-11,0.21,0.186,0.209,0.23
henan_north,2022-01-12,0.21,0.187,0.211,0.23
henan_north,2022-01-13,0.212,0.191,0.215,0.23
henan_north,2022-01-14,0.211,0.192,0.215,0.23
henan_north,2022-01-15,0.212,0.195,0.219,0.23
henan_north,2022-01-16,0.21,0.196,0.219,0.23
henan_north,2022-01-17,0.208,0.197,0.219,0.23
henan_north,2022-01-18,0.208,0.199,0.221,0.23
henan_north,2022-01-19,0.208,0.201,0.222,0.23
henan_north,2022-01-20,0.209,0.203,0.225,0.23
henan_north,2022-01-21,0.209,0.204,0.227,0.23
henan_north,2022-01-22,0.208,0.204,0.227,0.23
henan_north,2022-01-23,0.208,0.204,0.227,0.23
henan_north,2022-01-24,0.208,0.205,0.227,0.23
henan_north,2022-01-25,0.21,0.206,0.228,0.23
henan_north,2022-01-26,0.226,0.216,0.236,0.23
henan_north,2022-01-27,0.241,0.228,0.245,0.23
henan_north,2022-01-28,0.242,0.231,0.247,0.23
henan_north,2022-01-29,0.243,0.233,0.251,0.23
henan_north,2022-01-30,0.243,0.235,0.254,0.23
henan_north,2022-01-31,0.238,0.234,0.253,0.23
henan_north,2022-02-01,0.232,0.232,0.252,0.23
henan_north,2022-02-02,0.232,0.233,0.253,0.23
henan_north,2022-02-03,0.231,0.233,0.253,0.23
henan_north,2022-02-04,0.226,0.231,0.251,0.23
henan_north,2022-02-05,0.225,0.232,0.251,0.23
henan_north,2022-02-06,0.225,0.233,0.253,0.23
henan_north,2022-02-07,0.225,0.234,0.255,0.23
henan_north,2022-02-08,0.225,0.235,0.255,0.23
henan_north,2022-02-09,0.223,0.234,0.255,0.23
henan_north,2022-02-10,0.221,0.234,0.255,0.23
henan_north,2022-02-11,0.222,0.234,0.256,0.23
henan_north,2022-02-12,0.22,0.233,0.255,0.23
henan_north,2022-02-13,0.218,0.232,0.254,0.23
henan_north,2022-02-14,0.219,0.233,0.255,0.23
henan_north,2022-02-15,0.216,0.231,0.254,0.23
henan_north,2022-02-16,0.217,0.232,0.254,0.23
henan_north,2022-02-17,0.222,0.236,0.256,0.23
henan_north,2022-02-18,0.225,0.238,0.258,0.23
henan_north,2022-02-19,0.228,0.241,0.262,0.23
henan_north,2022-02-20,0.226,0.24,0.262,0.23
henan_north,2022-02-21,0.22,0.237,0.26,0.23
henan_north,2022-02-22,0.214,0.233,0.258,0.23
henan_north,2022-02-23,0.21,0.231,0.257,0.23
henan_north,2022-02-24,0.2,0.224,0.253,0.23
henan_north,2022-02-25,0.18,0.209,0.242,0.23
henan_north,2022-02-26,0.155,0.192,0.227,0.23
henan_north,2022-02-27,0.135,0.177,0.217,0.23
henan_north,2022-02-28,0.118,0.168,0.208,0.23
henan_north,2022-03-01,0.114,0.165,0.205,0.23
henan_north,2022-03-02,0.112,0.161,0.203,0.23
henan_north,2022-03-03,0.107,0.157,0.2,0.23
henan_north,2022-03-04,0.102,0.153,0.197,0.23
henan_north,2022-03-05,0.101,0.151,0.196,0.23
henan_north,2022-03-06,0.111,0.156,0.199,0.23
henan_north,2022-03-07,0.112,0.156,0.199,0.23
henan_north,2022-03-08,0.11,0.155,0.198,0.229
henan_north,2022-03-09,0.106,0.151,0.196,0.229
henan_north,2022-03-10,0.111,0.153,0.197,0.229
henan_north,2022-03-11,0.114,0.153,0.197,0.229
henan_north,2022-03-12,0.146,0.161,0.202,0.229
henan_north,2022-03-13,0.218,0.168,0.207,0.229
henan_north,2022-03-14,0.211,0.176,0.218,0.229
henan_north,2022-03-15,0.203,0.179,0.223,0.229
henan_north,2022-03-16,0.224,0.18,0.221,0.229
henan_north,2022-03-17,0.221,0.182,0.222,0.229
henan_north,2022-03-18,0.212,0.18,0.225,0.229
henan_north,2022-03-19,0.211,0.183,0.229,0.229
henan_north,2022-03-20,0.217,0.185,0.23,0.229
henan_north,2022-03-21,0.214,0.185,0.23,0.229
henan_north,2022-03-22,0.207,0.184,0.228,0.229
henan_north,2022-03-23,0.2,0.183,0.226,0.229
henan_north,2022-03-24,0.194,0.182,0.225,0.229
henan_north,2022-03-25,0.219,0.185,0.227,0.229
henan_north,2022-03-26,0.235,0.184,0.229,0.229
henan_north,2022-03-27,0.218,0.182,0.228,0.229
henan_north,2022-03-28,0.198,0.176,0.223,0.229
henan_north,2022-03-29,0.189,0.172,0.218,0.229
henan_north,2022-03-30,0.185,0.171,0.221,0.229
henan_north,2022-03-31,0.194,0.177,0.23,0.229
henan_north,2022-04-01,0.184,0.176,0.232,0.229
henan_north,2022-04-02,0.17,0.171,0.229,0.229
henan_north,2022-04-03,0.157,0.166,0.226,0.229
henan_north,2022-04-04,0.146,0.161,0.22,0.229
henan_north,2022-04-05,0.136,0.157,0.216,0.229
henan_north,2022-04-06,0.131,0.154,0.213,0.229
henan_north,2022-04-07,0.131,0.154,0.212,0.229
henan_north,2022-04-08,0.135,0.156,0.215,0.229
henan_north,2022-04-09,0.134,0.154,0.213,0.228
henan_north,2022-04-10,0.132,0.153,0.212,0.228
henan_north,2022-04-11,0.133,0.152,0.212,0.228
henan_north,2022-04-12,0.153,0.153,0.211,0.228
henan_north,2022-04-13,0.159,0.158,0.212,0.228
henan_north,2022-04-14,0.155,0.16,0.216,0.228
henan_north,2022-04-15,0.155,0.164,0.222,0.228
henan_north,2022-04-16,0.153,0.166,0.222,0.228
henan_north,2022-04-17,0.153,0.169,0.221,0.228
henan_north,2022-04-18,0.152,0.171,0.22,0.228
henan_north,2022-04-19,0.145,0.165,0.215,0.228
henan_north,2022-04-20,0.141,0.163,0.211,0.228
henan_north,2022-04-21,0.14,0.163,0.21,0.228
henan_north,2022-04-22,0.142,0.166,0.211,0.228
henan_north,2022-04-23,0.142,0.172,0.215,0.228
henan_north,2022-04-24,0.146,0.176,0.216,0.227
henan_north,2022-04-25,0.146,0.178,0.215,0.227
henan_north,2022-04-26,0.14,0.175,0.211,0.227
henan_north,2022-04-27,0.138,0.19,0.213,0.227
henan_north,2022-04-28,0.197,0.195,0.217,0.227
henan_north,2022-04-29,0.236,0.202,0.222,0.227
henan_north,2022-04-30,0.226,0.205,0.223,0.227
henan_north,2022-05-01,0.214,0.204,0.223,0.227
henan_north,2022-05-02,0.196,0.193,0.218,0.227
henan_north,2022-05-03,0.18,0.183,0.217,0.227
henan_north,2022-05-04,0.163,0.171,0.211,0.227
henan_north,2022-05-05,0.148,0.163,0.207,0.227
henan_north,2022-05-06,0.144,0.161,0.205,0.227
henan_north,2022-05-07,0.155,0.167,0.207,0.227
henan_north,2022-05-08,0.173,0.178,0.216,0.227
henan_north,2022-05-09,0.226,0.188,0.223,0.227
henan_north,2022-05-10,0.262,0.195,0.227,0.227
henan_north,2022-05-11,0.255,0.211,0.234,0.227
henan_north,2022-05-12,0.253,0.218,0.234,0.227
henan_north,2022-05-13,0.255,0.213,0.226,0.227
henan_north,2022-05-14,0.24,0.211,0.228,0.227
henan_north,2022-05-15,0.231,0.21,0.225,0.227
henan_north,2022-05-16,0.21,0.201,0.218,0.226
henan_north,2022-05-17,0.181,0.187,0.211,0.226
henan_north,2022-05-18,0.155,0.172,0.203,0.226
henan_north,2022-05-19,0.148,0.169,0.202,0.226
henan_north,2022-05-20,0.141,0.165,0.201,0.226
henan_north,2022-05-21,0.137,0.161,0.199,0.226
henan_north,2022-05-22,0.137,0.161,0.198,0.226
henan_north,2022-05-23,0.134,0.157,0.196,0.226
henan_north,2022-05-24,0.134,0.155,0.195,0.226
henan_north,2022-05-25,0.133,0.153,0.194,0.226
henan_north,2022-05-26,0.132,0.153,0.193,0.225
henan_north,2022-05-27,0.13,0.15,0.191,0.225
henan_north,2022-05-28,0.129,0.149,0.19,0.225
henan_north,2022-05-29,0.135,0.15,0.19,0.225
henan_north,2022-05-30,0.144,0.147,0.186,0.225
henan_north,2022-05-31,0.138,0.144,0.182,0.225
henan_north,2022-06-01,0.132,0.145,0.182,0.225
henan_north,2022-06-02,0.128,0.143,0.182,0.225
henan_north,2022-06-03,0.124,0.139,0.179,0.225
henan_north,2022-06-04,0.13,0.143,0.18,0.224
henan_north,2022-06-05,0.141,0.151,0.18,0.224
henan_north,2022-06-06,0.135,0.149,0.176,0.224
henan_north,2022-06-07,0.129,0.145,0.175,0.224
henan_north,2022-06-08,0.125,0.14,0.172,0.224
henan_north,2022-06-09,0.132,0.14,0.172,0.224
henan_north,2022-06-10,0.185,0.143,0.172,0.224
henan_north,2022-06-11,0.141,0.142,0.171,0.224
henan_north,2022-06-12,0.154,0.144,0.171,0.224
henan_north,2022-06-13,0.158,0.143,0.17,0.224
henan_north,2022-06-14,0.169,0.149,0.171,0.224
henan_north,2022-06-15,0.154,0.146,0.17,0.223
henan_north,2022-06-16,0.135,0.135,0.166,0.223
henan_north,2022-06-17,0.125,0.131,0.164,0.223
henan_north,2022-06-18,0.122,0.131,0.164,0.223
henan_north,2022-06-19,0.122,0.133,0.165,0.223
henan_north,2022-06-20,0.122,0.134,0.165,0.223
henan_north,2022-06-21,0.125,0.135,0.163,0.223
henan_north,2022-06-22,0.152,0.134,0.161,0.222
henan_north,2022-06-23,0.265,0.137,0.161,0.222
henan_north,2022-06-24,0.202,0.133,0.157,0.222
henan_north,2022-06-25,0.169,0.123,0.146,0.222
henan_north,2022-06-26,0.187,0.12,0.145,0.222
henan_north,2022-06-27,0.273,0.13,0.148,0.222
henan_north,2022-06-28,0.294,0.173,0.143,0.222
henan_north,2022-06-29,0.249,0.172,0.138,0.222
henan_north,2022-06-30,0.272,0.169,0.141,0.222
henan_north,2022-07-01,0.261,0.168,0.141,0.222
henan_north,2022-07-02,0.285,0.164,0.135,0.222
henan_north,2022-07-03,0.374,0.208,0.133,0.221
henan_north,2022-07-04,0.342,0.284,0.139,0.221
henan_north,2022-07-05,0.357,0.306,0.137,0.221
henan_north,2022-07-06,0.397,0.386,0.15,0.221
henan_north,2022-07-07,0.355,0.357,0.159,0.221
henan_north,2022-07-08,0.313,0.326,0.159,0.221
henan_north,2022-07-09,0.278,0.3,0.157,0.221
henan_north,2022-07-10,0.278,0.285,0.157,0.221
henan_north,2022-07-11,0.268,0.285,0.162,0.221
henan_north,2022-07-12,0.291,0.283,0.164,0.221
henan_north,2022-07-13,0.349,0.306,0.167,0.221
henan_north,2022-07-14,0.332,0.313,0.169,0.221
henan_north,2022-07-15,0.319,0.301,0.168,0.221
henan_north,2022-07-16,0.396,0.355,0.172,0.221
henan_north,2022-07-17,0.39,0.388,0.196,0.221
henan_north,2022-07-18,0.349,0.354,0.202,0.221
henan_north,2022-07-19,0.324,0.33,0.203,0.221
henan_north,2022-07-20,0.389,0.358,0.206,0.221
henan_north,2022-07-21,0.362,0.359,0.211,0.221
henan_north,2022-07-22,0.384,0.37,0.215,0.221
henan_north,2022-07-23,0.39,0.39,0.234,0.221
henan_north,2022-07-24,0.352,0.358,0.238,0.221
henan_north,2022-07-25,0.337,0.339,0.239,0.221
henan_north,2022-07-26,0.377,0.363,0.241,0.22
henan_north,2022-07-27,0.368,0.353,0.242,0.22
henan_north,2022-07-28,0.381,0.362,0.244,0.22
henan_north,2022-07-29,0.344,0.347,0.246,0.22
henan_north,2022-07-30,0.32,0.329,0.245,0.22
henan_north,2022-07-31,0.302,0.312,0.243,0.22
henan_north,2022-08-01,0.279,0.295,0.241,0.22
henan_north,2022-08-02,0.26,0.281,0.239,0.22
henan_north,2022-08-03,0.242,0.267,0.237,0.22
henan_north,2022-08-04,0.232,0.249,0.232,0.22
henan_north,2022-08-05,0.203,0.235,0.228,0.22
henan_north,2022-08-06,0.188,0.226,0.227,0.22
henan_north,2022-08-07,0.178,0.22,0.227,0.22
henan_north,2022-08-08,0.176,0.218,0.228,0.22
henan_north,2022-08-09,0.24,0.217,0.228,0.22
henan_north,2022-08-10,0.277,0.225,0.23,0.22
henan_north,2022-08-11,0.263,0.231,0.232,0.22
henan_north,2022-08-12,0.244,0.229,0.233,0.22
henan_north,2022-08-13,0.224,0.223,0.232,0.22
henan_north,2022-08-14,0.211,0.22,0.232,0.22
henan_north,2022-08-15,0.202,0.218,0.235,0.22
henan_north,2022-08-16,0.194,0.213,0.234,0.219
henan_north,2022-08-17,0.181,0.207,0.232,0.219
henan_north,2022-08-18,0.221,0.202,0.23,0.219
henan_north,2022-08-19,0.205,0.201,0.232,0.219
henan_north,2022-08-20,0.187,0.194,0.229,0.219
henan_north,2022-08-21,0.174,0.188,0.227,0.219
henan_north,2022-08-22,0.179,0.188,0.229,0.219
henan_north,2022-08-23,0.17,0.186,0.229,0.219
henan_north,2022-08-24,0.161,0.183,0.228,0.219
henan_north,2022-08-25,0.179,0.189,0.233,0.219
henan_north,2022-08-26,0.193,0.191,0.234,0.219
henan_north,2022-08-27,0.192,0.198,0.239,0.219
henan_north,2022-08-28,0.278,0.213,0.245,0.219
henan_north,2022-08-29,0.348,0.246,0.246,0.219
henan_north,2022-08-30,0.355,0.27,0.247,0.219
henan_north,2022-08-31,0.306,0.27,0.246,0.219
henan_north,2022-09-01,0.281,0.266,0.245,0.219
henan_north,2022-09-02,0.254,0.256,0.242,0.219
henan_north,2022-09-03,0.239,0.248,0.239,0.219
henan_north,2022-09-04,0.244,0.245,0.238,0.219
henan_north,2022-09-05,0.225,0.237,0.236,0.219
henan_north,2022-09-06,0.204,0.227,0.231,0.219
henan_north,2022-09-07,0.182,0.215,0.227,0.218
henan_north,2022-09-08,0.17,0.207,0.225,0.218
henan_north,2022-09-09,0.171,0.204,0.224,0.218
henan_north,2022-09-10,0.214,0.204,0.226,0.218
henan_north,2022-09-11,0.188,0.207,0.229,0.218
henan_north,2022-09-12,0.184,0.208,0.23,0.218
henan_north,2022-09-13,0.177,0.205,0.23,0.218
henan_north,2022-09-14,0.17,0.202,0.229,0.218
henan_north,2022-09-15,0.166,0.199,0.229,0.218
henan_north,2022-09-16,0.166,0.198,0.229,0.218
henan_north,2022-09-17,0.164,0.198,0.23,0.218
henan_north,2022-09-18,0.158,0.194,0.229,0.218
henan_north,2022-09-19,0.148,0.188,0.226,0.218
henan_north,2022-09-20,0.147,0.186,0.226,0.218
henan_north,2022-09-21,0.151,0.188,0.227,0.218
henan_north,2022-09-22,0.147,0.185,0.226,0.218
henan_north,2022-09-23,0.142,0.181,0.224,0.218
henan_north,2022-09-24,0.142,0.18,0.223,0.218
henan_north,2022-09-25,0.136,0.177,0.222,0.218
henan_north,2022-09-26,0.132,0.174,0.221,0.218
henan_north,2022-09-27,0.132,0.172,0.22,0.218
henan_north,2022-09-28,0.134,0.172,0.22,0.218
henan_north,2022-09-29,0.131,0.169,0.218,0.218
henan_north,2022-09-30,0.137,0.167,0.217,0.217
henan_north,2022-10-01,0.306,0.172,0.217,0.217
henan_north,2022-10-02,0.357,0.252,0.218,0.217
henan_north,2022-10-03,0.368,0.307,0.22,0.217
henan_north,2022-10-04,0.383,0.345,0.22,0.217
henan_north,2022-10-05,0.383,0.354,0.228,0.217
henan_north,2022-10-06,0.375,0.362,0.234,0.217
henan_north,2022-10-07,0.36,0.355,0.238,0.217
henan_north,2022-10-08,0.35,0.347,0.242,0.217
henan_north,2022-10-09,0.338,0.339,0.243,0.217
henan_north,2022-10-10,0.325,0.33,0.244,0.217
henan_north,2022-10-11,0.311,0.319,0.242,0.217
henan_north,2022-10-12,0.296,0.308,0.24,0.217
henan_north,2022-10-13,0.284,0.298,0.238,0.217
henan_north,2022-10-14,0.278,0.292,0.236,0.217
henan_north,2022-10-15,0.269,0.284,0.235,0.217
henan_north,2022-10-16,0.264,0.281,0.234,0.217
henan_north,2022-10-17,0.257,0.276,0.232,0.217
henan_north,2022-10-18,0.252,0.272,0.229,0.217
henan_north,2022-10-19,0.247,0.268,0.219,0.216
henan_north,2022-10-20,0.231,0.256,0.214,0.216
henan_north,2022-10-21,0.216,0.244,0.211,0.216
henan_north,2022-10-22,0.21,0.239,0.21,0.216
henan_north,2022-10-23,0.202,0.234,0.209,0.216
henan_north,2022-10-24,0.2,0.231,0.209,0.216
henan_north,2022-10-25,0.197,0.228,0.21,0.216
henan_north,2022-10-26,0.196,0.223,0.208,0.216
henan_north,2022-10-27,0.195,0.221,0.207,0.216
henan_north,2022-10-28,0.195,0.221,0.207,0.216
henan_north,2022-10-29,0.195,0.22,0.207,0.216
henan_north,2022-10-30,0.199,0.219,0.207,0.216
henan_north,2022-10-31,0.197,0.218,0.207,0.216
henan_north,2022-11-01,0.192,0.212,0.203,0.216
henan_north,2022-11-02,0.186,0.208,0.202,0.216
henan_north,2022-11-03,0.182,0.206,0.201,0.216
henan_north,2022-11-04,0.187,0.209,0.203,0.216
henan_north,2022-11-05,0.194,0.215,0.205,0.216
henan_north,2022-11-06,0.193,0.214,0.205,0.216
henan_north,2022-11-07,0.189,0.212,0.205,0.216
henan_north,2022-11-08,0.186,0.212,0.206,0.216
henan_north,2022-11-09,0.191,0.212,0.207,0.216
henan_north,2022-11-10,0.274,0.213,0.207,0.216
henan_north,2022-11-11,0.266,0.214,0.204,0.216
henan_north,2022-11-12,0.282,0.215,0.201,0.216
henan_north,2022-11-13,0.274,0.22,0.203,0.216
henan_north,2022-11-14,0.267,0.224,0.204,0.216
henan_north,2022-11-15,0.258,0.225,0.204,0.216
henan_north,2022-11-16,0.247,0.223,0.203,0.216
henan_north,2022-11-17,0.24,0.222,0.202,0.216
henan_north,2022-11-18,0.244,0.22,0.2,0.216
henan_north,2022-11-19,0.251,0.221,0.199,0.216
henan_north,2022-11-20,0.249,0.224,0.201,0.216
henan_north,2022-11-21,0.275,0.23,0.205,0.216
henan_north,2022-11-22,0.307,0.234,0.205,0.216
henan_north,2022-11-23,0.292,0.239,0.208,0.216
henan_north,2022-11-24,0.288,0.246,0.211,0.216
henan_north,2022-11-25,0.284,0.25,0.213,0.216
henan_north,2022-11-26,0.281,0.254,0.217,0.216
henan_north,2022-11-27,0.298,0.257,0.22,0.216
henan_north,2022-11-28,0.337,0.266,0.221,0.216
henan_north,2022-11-29,0.313,0.274,0.222,0.216
henan_north,2022-11-30,0.304,0.279,0.222,0.216
henan_north,2022-12-01,0.294,0.279,0.221,0.216
henan_north,2022-12-02,0.286,0.278,0.222,0.216
henan_north,2022-12-03,0.28,0.276,0.222,0.216
henan_north,2022-12-04,0.275,0.274,0.221,0.216
henan_north,2022-12-05,0.267,0.271,0.22,0.216
henan_north,2022-12-06,0.264,0.268,0.22,0.216
henan_north,2022-12-07,0.265,0.268,0.221,0.216
henan_north,2022-12-08,0.264,0.267,0.221,0.216
henan_north,2022-12-09,0.259,0.264,0.22,0.216
henan_north,2022-12-10,0.256,0.262,0.22,0.216
henan_north,2022-12-11,0.252,0.26,0.22,0.216
henan_north,2022-12-12,0.246,0.256,0.219,0.216
henan_north,2022-12-13,0.24,0.253,0.22,0.216
henan_north,2022-12-14,0.235,0.25,0.219,0.216
henan_north,2022-12-15,0.233,0.248,0.219,0.216
henan_north,2022-12-16,0.233,0.248,0.22,0.216
henan_north,2022-12-17,0.232,0.247,0.22,0.216
henan_north,2022-12-18,0.23,0.245,0.22,0.216
henan_north,2022-12-19,0.229,0.245,0.219,0.216
henan_north,2022-12-20,0.223,0.24,0.219,0.216
henan_north,2022-12-21,0.218,0.237,0.218,0.216
henan_north,2022-12-22,0.213,0.233,0.217,0.216
henan_north,2022-12-23,0.21,0.231,0.216,0.216
henan_north,2022-12-24,0.21,0.23,0.216,0.216
henan_north,2022-12-25,0.209,0.229,0.216,0.216
henan_north,2022-12-26,0.211,0.229,0.216,0.216
henan_north,2022-12-27,0.215,0.231,0.218,0.216
henan_north,2022-12-28,0.216,0.231,0.218,0.216
henan_north,2022-12-29,0.219,0.233,0.218,0.216
henan_north,2022-12-30,0.22,0.232,0.218,0.216
henan_north,2022-12-31,0.22,0.232,0.218,0.216
henan_north,2023-01-01,0.22,0.231,0.218,0.216
henan_north,2023-01-02,0.215,0.229,0.218,0.216
henan_north,2023-01-03,0.214,0.227,0.218,0.216
henan_north,2023-01-04,0.213,0.226,0.218,0.216
henan_north,2023-01-05,0.212,0.226,0.218,0.216
henan_north,2023-01-06,0.208,0.223,0.216,0.216
henan_north,2023-01-07,0.198,0.216,0.214,0.216
henan_north,2023-01-08,0.185,0.207,0.21,0.216
henan_north,2023-01-09,0.17,0.197,0.206,0.216
henan_north,2023-01-10,0.16,0.189,0.204,0.216
henan_north,2023-01-11,0.158,0.187,0.202,0.216
henan_north,2023-01-12,0.165,0.19,0.203,0.216
henan_north,2023-01-13,0.17,0.19,0.204,0.216
henan_north,2023-01-14,0.176,0.19,0.205,0.216
henan_north,2023-01-15,0.179,0.192,0.206,0.216
henan_north,2023-01-16,0.182,0.188,0.207,0.216
henan_north,2023-01-17,0.182,0.188,0.207,0.216
henan_north,2023-01-18,0.184,0.192,0.209,0.216
henan_north,2023-01-19,0.184,0.194,0.21,0.216
henan_north,2023-01-20,0.184,0.194,0.21,0.216
henan_north,2023-01-21,0.183,0.194,0.21,0.216
henan_north,2023-01-22,0.183,0.194,0.21,0.216
henan_north,2023-01-23,0.183,0.195,0.211,0.216
henan_north,2023-01-24,0.184,0.196,0.211,0.216
henan_north,2023-01-25,0.184,0.196,0.211,0.216
henan_north,2023-01-26,0.184,0.196,0.211,0.216
henan_north,2023-01-27,0.185,0.196,0.211,0.216
henan_north,2023-01-28,0.185,0.196,0.211,0.216
henan_north,2023-01-29,0.183,0.195,0.21,0.216
henan_north,2023-01-30,0.174,0.19,0.208,0.216
henan_north,2023-01-31,0.158,0.18,0.204,0.216
henan_north,2023-02-01,0.146,0.173,0.198,0.216
henan_north,2023-02-02,0.14,0.169,0.196,0.216
henan_north,2023-02-03,0.138,0.167,0.196,0.216
henan_north,2023-02-04,0.14,0.168,0.197,0.216
henan_north,2023-02-05,0.137,0.166,0.196,0.216
henan_north,2023-02-06,0.127,0.159,0.193,0.216
henan_north,2023-02-07,0.123,0.156,0.192,0.216
henan_north,2023-02-08,0.122,0.154,0.191,0.216
henan_north,2023-02-09,0.136,0.156,0.191,0.216
henan_north,2023-02-10,0.15,0.16,0.193,0.216
henan_north,2023-02-11,0.178,0.168,0.197,0.216
henan_north,2023-02-12,0.244,0.174,0.199,0.216
henan_north,2023-02-13,0.249,0.177,0.199,0.216
henan_north,2023-02-14,0.236,0.176,0.198,0.216
henan_north,2023-02-15,0.227,0.177,0.198,0.216
henan_north,2023-02-16,0.218,0.176,0.197,0.216
henan_north,2023-02-17,0.206,0.173,0.195,0.216
henan_north,2023-02-18,0.189,0.168,0.193,0.216
henan_north,2023-02-19,0.175,0.162,0.19,0.216
henan_north,2023-02-20,0.157,0.154,0.185,0.216
henan_north,2023-02-21,0.147,0.15,0.183,0.216
henan_north,2023-02-22,0.142,0.148,0.182,0.216
henan_north,2023-02-23,0.147,0.15,0.183,0.216
henan_north,2023-02-24,0.148,0.151,0.183,0.216
henan_north,2023-02-25,0.148,0.15,0.183,0.216
henan_north,2023-02-26,0.145,0.149,0.182,0.216
henan_north,2023-02-27,0.136,0.146,0.181,0.216
henan_north,2023-02-28,0.118,0.138,0.178,0.216
henan_north,2023-03-01,0.115,0.136,0.176,0.216
henan_north,2023-03-02,0.108,0.132,0.174,0.216
henan_north,2023-03-03,0.095,0.126,0.171,0.216
henan_north,2023-03-04,0.093,0.126,0.171,0.216
henan_north,2023-03-05,0.096,0.127,0.171,0.216
henan_north,2023-03-06,0.09,0.123,0.169,0.215
henan_north,2023-03-07,0.09,0.122,0.168,0.215
henan_north,2023-03-08,0.083,0.119,0.166,0.215
henan_north,2023-03-09,0.085,0.12,0.166,0.215
henan_north,2023-03-10,0.081,0.119,0.165,0.215
henan_north,2023-03-11,0.078,0.118,0.164,0.215
henan_north,2023-03-12,0.081,0.118,0.164,0.215
henan_north,2023-03-13,0.093,0.12,0.165,0.215
henan_north,2023-03-14,0.097,0.121,0.165,0.215
henan_north,2023-03-15,0.101,0.122,0.165,0.215
henan_north,2023-03-16,0.152,0.126,0.165,0.215
henan_north,2023-03-17,0.23,0.128,0.166,0.215
henan_north,2023-03-18,0.24,0.137,0.167,0.215
henan_north,2023-03-19,0.23,0.146,0.169,0.215
henan_north,2023-03-20,0.217,0.15,0.171,0.215
henan_north,2023-03-21,0.21,0.151,0.171,0.215
henan_north,2023-03-22,0.196,0.15,0.171,0.215
henan_north,2023-03-23,0.185,0.149,0.17,0.215
henan_north,2023-03-24,0.175,0.148,0.169,0.215
henan_north,2023-03-25,0.164,0.146,0.17,0.215
henan_north,2023-03-26,0.16,0.148,0.17,0.215
henan_north,2023-03-27,0.158,0.149,0.17,0.215
henan_north,2023-03-28,0.152,0.149,0.17,0.215
henan_north,2023-03-29,0.143,0.146,0.17,0.215
henan_north,2023-03-30,0.138,0.144,0.169,0.215
henan_north,2023-03-31,0.138,0.144,0.168,0.215
henan_north,2023-04-01,0.136,0.145,0.168,0.215
henan_north,2023-04-02,0.142,0.151,0.17,0.215
henan_north,2023-04-03,0.313,0.167,0.172,0.214
henan_north,2023-04-04,0.33,0.2,0.172,0.214
henan_north,2023-04-05,0.294,0.212,0.172,0.214
henan_north,2023-04-06,0.27,0.214,0.172,0.214
henan_north,2023-04-07,0.249,0.212,0.169,0.214
henan_north,2023-04-08,0.226,0.207,0.166,0.214
henan_north,2023-04-09,0.204,0.2,0.164,0.214
henan_north,2023-04-10,0.183,0.192,0.161,0.214
henan_north,2023-04-11,0.16,0.182,0.166,0.214
henan_north,2023-04-12,0.146,0.175,0.166,0.214
henan_north,2023-04-13,0.149,0.175,0.167,0.214
henan_north,2023-04-14,0.162,0.176,0.17,0.214
henan_north,2023-04-15,0.16,0.177,0.171,0.214
henan_north,2023-04-16,0.155,0.175,0.169,0.214
henan_north,2023-04-17,0.148,0.17,0.168,0.214
henan_north,2023-04-18,0.148,0.171,0.169,0.214
henan_north,2023-04-19,0.146,0.17,0.169,0.214
henan_north,2023-04-20,0.145,0.168,0.169,0.214
henan_north,2023-04-21,0.168,0.168,0.173,0.214
henan_north,2023-04-22,0.26,0.18,0.178,0.214
henan_north,2023-04-23,0.355,0.207,0.178,0.214
henan_north,2023-04-24,0.352,0.252,0.178,0.214
henan_north,2023-04-25,0.307,0.26,0.182,0.214
henan_north,2023-04-26,0.28,0.257,0.181,0.214
henan_north,2023-04-27,0.253,0.249,0.178,0.214
henan_north,2023-04-28,0.234,0.242,0.176,0.213
henan_north,2023-04-29,0.229,0.24,0.178,0.213
henan_north,2023-04-30,0.205,0.23,0.177,0.213
henan_north,2023-05-01,0.184,0.219,0.177,0.213
henan_north,2023-05-02,0.176,0.213,0.176,0.213
henan_north,2023-05-03,0.265,0.212,0.177,0.213
henan_north,2023-05-04,0.369,0.267,0.177,0.213
henan_north,2023-05-05,0.322,0.281,0.18,0.213
henan_north,2023-05-06,0.308,0.284,0.187,0.213
henan_north,2023-05-07,0.295,0.283,0.192,0.213
henan_north,2023-05-08,0.269,0.273,0.191,0.213
henan_north,2023-05-09,0.241,0.258,0.184,0.213
henan_north,2023-05-10,0.227,0.249,0.181,0.213
henan_north,2023-05-11,0.216,0.242,0.179,0.213
henan_north,2023-05-12,0.204,0.235,0.179,0.213
henan_north,2023-05-13,0.191,0.226,0.179,0.213
henan_north,2023-05-14,0.178,0.218,0.178,0.213
henan_north,2023-05-15,0.169,0.211,0.179,0.213
henan_north,2023-05-16,0.167,0.208,0.182,0.213
henan_north,2023-05-17,0.169,0.206,0.185,0.213
henan_north,2023-05-18,0.184,0.204,0.187,0.213
henan_north,2023-05-19,0.175,0.21,0.195,0.212
henan_north,2023-05-20,0.175,0.209,0.197,0.212
henan_north,2023-05-21,0.332,0.258,0.198,0.212
henan_north,2023-05-22,0.338,0.295,0.199,0.212
henan_north,2023-05-23,0.305,0.292,0.198,0.212
henan_north,2023-05-24,0.285,0.286,0.198,0.212
henan_north,2023-05-25,0.293,0.284,0.199,0.212
henan_north,2023-05-26,0.301,0.289,0.2,0.212
henan_north,2023-05-27,0.357,0.3,0.205,0.212
henan_north,2023-05-28,0.378,0.335,0.208,0.212
henan_north,2023-05-29,0.359,0.339,0.213,0.212
henan_north,2023-05-30,0.382,0.352,0.217,0.212
henan_north,2023-05-31,0.352,0.346,0.22,0.212
henan_north,2023-06-01,0.324,0.33,0.22,0.212
henan_north,2023-06-02,0.289,0.31,0.215,0.212
henan_north,2023-06-03,0.296,0.302,0.216,0.212
henan_north,2023-06-04,0.358,0.307,0.217,0.212
henan_north,2023-06-05,0.35,0.324,0.221,0.212
henan_north,2023-06-06,0.315,0.314,0.221,0.212
henan_north,2023-06-07,0.273,0.292,0.213,0.212
henan_north,2023-06-08,0.237,0.272,0.207,0.212
henan_north,2023-06-09,0.2,0.251,0.199,0.212
henan_north,2023-06-10,0.162,0.228,0.192,0.212
henan_north,2023-06-11,0.142,0.212,0.184,0.212
henan_north,2023-06-12,0.138,0.204,0.184,0.212
henan_north,2023-06-13,0.134,0.197,0.184,0.212
henan_north,2023-06-14,0.131,0.188,0.181,0.212
henan_north,2023-06-15,0.126,0.178,0.174,0.212
henan_north,2023-06-16,0.125,0.173,0.173,0.211
henan_north,2023-06-17,0.202,0.175,0.175,0.211
henan_north,2023-06-18,0.222,0.176,0.179,0.211
henan_north,2023-06-19,0.242,0.182,0.184,0.211
henan_north,2023-06-20,0.234,0.189,0.187,0.211
henan_north,2023-06-21,0.211,0.184,0.188,0.211
henan_north,2023-06-22,0.18,0.172,0.184,0.211
henan_north,2023-06-23,0.149,0.158,0.178,0.211
henan_north,2023-06-24,0.128,0.148,0.173,0.211
henan_north,2023-06-25,0.121,0.143,0.169,0.211
henan_north,2023-06-26,0.124,0.142,0.169,0.211
henan_north,2023-06-27,0.129,0.143,0.168,0.211
henan_north,2023-06-28,0.146,0.145,0.16,0.212
henan_north,2023-06-29,0.178,0.149,0.165,0.212
henan_north,2023-06-30,0.149,0.147,0.164,0.212
henan_north,2023-07-01,0.137,0.138,0.16,0.212
henan_north,2023-07-02,0.135,0.137,0.16,0.212
henan_north,2023-07-03,0.2,0.146,0.167,0.212
henan_north,2023-07-04,0.256,0.155,0.171,0.211
henan_north,2023-07-05,0.217,0.154,0.171,0.211
henan_north,2023-07-06,0.181,0.147,0.171,0.211
henan_north,2023-07-07,0.167,0.148,0.168,0.211
henan_north,2023-07-08,0.153,0.147,0.167,0.211
henan_north,2023-07-09,0.142,0.145,0.165,0.211
henan_north,2023-07-10,0.137,0.143,0.164,0.211
henan_north,2023-07-11,0.222,0.15,0.16,0.211
henan_north,2023-07-12,0.397,0.316,0.16,0.21
henan_north,2023-07-13,0.369,0.352,0.162,0.21
henan_north,2023-07-14,0.344,0.338,0.163,0.21
henan_north,2023-07-15,0.305,0.316,0.163,0.21
henan_north,2023-07-16,0.267,0.292,0.157,0.21
henan_north,2023-07-17,0.232,0.269,0.148,0.21
henan_north,2023-07-18,0.206,0.25,0.143,0.21
henan_north,2023-07-19,0.192,0.237,0.145,0.21
henan_north,2023-07-20,0.189,0.228,0.145,0.21
henan_north,2023-07-21,0.267,0.222,0.141,0.21
henan_north,2023-07-22,0.266,0.222,0.143,0.21
henan_north,2023-07-23,0.25,0.22,0.148,0.21
henan_north,2023-07-24,0.226,0.213,0.148,0.21
henan_north,2023-07-25,0.218,0.209,0.151,0.21
henan_north,2023-07-26,0.23,0.204,0.156,0.21
henan_north,2023-07-27,0.208,0.196,0.154,0.209
henan_north,2023-07-28,0.214,0.193,0.156,0.209
henan_north,2023-07-29,0.413,0.351,0.163,0.209
henan_north,2023-07-30,0.424,0.41,0.187,0.209
henan_north,2023-07-31,0.413,0.4,0.205,0.209
henan_north,2023-08-01,0.42,0.41,0.226,0.209
henan_north,2023-08-02,0.38,0.378,0.233,0.209
henan_north,2023-08-03,0.347,0.353,0.236,0.209
henan_north,2023-08-04,0.317,0.331,0.236,0.209
henan_north,2023-08-05,0.312,0.315,0.236,0.209
henan_north,2023-08-06,0.323,0.31,0.235,0.209
henan_north,2023-08-07,0.296,0.298,0.234,0.209
henan_north,2023-08-08,0.272,0.285,0.233,0.209
henan_north,2023-08-09,0.253,0.274,0.232,0.209
henan_north,2023-08-10,0.235,0.262,0.231,0.209
henan_north,2023-08-11,0.22,0.252,0.23,0.209
henan_north,2023-08-12,0.337,0.297,0.23,0.209
henan_north,2023-08-13,0.376,0.376,0.237,0.209
henan_north,2023-08-14,0.346,0.353,0.239,0.209
henan_north,2023-08-15,0.32,0.332,0.238,0.209
henan_north,2023-08-16,0.302,0.317,0.238,0.209
henan_north,2023-08-17,0.285,0.304,0.238,0.209
henan_north,2023-08-18,0.289,0.295,0.238,0.209
henan_north,2023-08-19,0.321,0.295,0.239,0.209
henan_north,2023-08-20,0.371,0.323,0.241,0.209
henan_north,2023-08-21,0.35,0.326,0.241,0.209
henan_north,2023-08-22,0.327,0.319,0.241,0.209
henan_north,2023-08-23,0.328,0.312,0.242,0.209
henan_north,2023-08-24,0.397,0.373,0.243,0.209
henan_north,2023-08-25,0.363,0.362,0.247,0.209
henan_north,2023-08-26,0.387,0.366,0.249,0.209
henan_north,2023-08-27,0.421,0.417,0.275,0.209
henan_north,2023-08-28,0.382,0.385,0.289,0.209
henan_north,2023-08-29,0.354,0.361,0.29,0.209
henan_north,2023-08-30,0.332,0.342,0.29,0.209
henan_north,2023-08-31,0.31,0.325,0.288,0.209
henan_north,2023-09-01,0.291,0.31,0.286,0.209
henan_north,2023-09-02,0.279,0.299,0.284,0.209
henan_north,2023-09-03,0.263,0.288,0.282,0.209
henan_north,2023-09-04,0.244,0.274,0.279,0.209
henan_north,2023-09-05,0.23,0.264,0.277,0.209
henan_north,2023-09-06,0.218,0.254,0.275,0.209
henan_north,2023-09-07,0.209,0.248,0.273,0.209
henan_north,2023-09-08,0.203,0.243,0.272,0.209
henan_north,2023-09-09,0.202,0.241,0.271,0.209
henan_north,2023-09-10,0.343,0.267,0.271,0.209
henan_north,2023-09-11,0.333,0.294,0.272,0.209
henan_north,2023-09-12,0.344,0.302,0.272,0.209
henan_north,2023-09-13,0.318,0.303,0.272,0.209
henan_north,2023-09-14,0.297,0.297,0.27,0.209
henan_north,2023-09-15,0.278,0.287,0.268,0.209
henan_north,2023-09-16,0.26,0.277,0.264,0.209
henan_north,2023-09-17,0.246,0.268,0.262,0.209
henan_north,2023-09-18,0.234,0.26,0.259,0.209
henan_north,2023-09-19,0.335,0.284,0.257,0.209
henan_north,2023-09-20,0.366,0.352,0.259,0.209
henan_north,2023-09-21,0.34,0.341,0.261,0.209
henan_north,2023-09-22,0.32,0.329,0.26,0.209
henan_north,2023-09-23,0.321,0.32,0.259,0.209
henan_north,2023-09-24,0.362,0.323,0.26,0.209
henan_north,2023-09-25,0.37,0.332,0.26,0.209
henan_north,2023-09-26,0.377,0.344,0.261,0.209
henan_north,2023-09-27,0.377,0.353,0.265,0.209
henan_north,2023-09-28,0.367,0.352,0.267,0.209
henan_north,2023-09-29,0.373,0.355,0.269,0.209
henan_north,2023-09-30,0.352,0.35,0.271,0.209
henan_north,2023-10-01,0.351,0.347,0.276,0.209
henan_north,2023-10-02,0.373,0.351,0.278,0.209
henan_north,2023-10-03,0.356,0.351,0.281,0.209
henan_north,2023-10-04,0.35,0.344,0.282,0.209
henan_north,2023-10-05,0.352,0.343,0.282,0.209
henan_north,2023-10-06,0.346,0.342,0.284,0.21
henan_north,2023-10-07,0.339,0.34,0.285,0.21
henan_north,2023-10-08,0.331,0.335,0.286,0.21
henan_north,2023-10-09,0.324,0.33,0.287,0.21
henan_north,2023-10-10,0.315,0.324,0.287,0.21
henan_north,2023-10-11,0.309,0.32,0.288,0.21
henan_north,2023-10-12,0.307,0.316,0.288,0.21
henan_north,2023-10-13,0.301,0.311,0.287,0.21
henan_north,2023-10-14,0.294,0.306,0.286,0.21
henan_north,2023-10-15,0.286,0.3,0.285,0.21
henan_north,2023-10-16,0.274,0.292,0.283,0.21
henan_north,2023-10-17,0.264,0.284,0.281,0.21
henan_north,2023-10-18,0.259,0.279,0.28,0.21
henan_north,2023-10-19,0.264,0.28,0.28,0.21
henan_north,2023-10-20,0.269,0.277,0.277,0.21
henan_north,2023-10-21,0.269,0.275,0.276,0.21
henan_north,2023-10-22,0.258,0.268,0.274,0.21
henan_north,2023-10-23,0.242,0.258,0.271,0.21
henan_north,2023-10-24,0.225,0.247,0.267,0.21
henan_north,2023-10-25,0.209,0.236,0.263,0.21
henan_north,2023-10-26,0.196,0.228,0.26,0.21
henan_north,2023-10-27,0.189,0.224,0.258,0.21
henan_north,2023-10-28,0.185,0.22,0.257,0.21
henan_north,2023-10-29,0.18,0.217,0.256,0.21
henan_north,2023-10-30,0.172,0.211,0.254,0.21
henan_north,2023-10-31,0.166,0.207,0.251,0.21
henan_north,2023-11-01,0.155,0.199,0.248,0.21
henan_north,2023-11-02,0.144,0.191,0.245,0.21
henan_north,2023-11-03,0.164,0.191,0.245,0.21
henan_north,2023-11-04,0.169,0.19,0.245,0.21
henan_north,2023-11-05,0.305,0.201,0.248,0.21
henan_north,2023-11-06,0.301,0.217,0.252,0.21
henan_north,2023-11-07,0.286,0.229,0.255,0.21
henan_north,2023-11-08,0.273,0.232,0.256,0.21
henan_north,2023-11-09,0.263,0.232,0.255,0.21
henan_north,2023-11-10,0.256,0.235,0.256,0.21
henan_north,2023-11-11,0.264,0.241,0.263,0.21
henan_north,2023-11-12,0.271,0.246,0.267,0.211
henan_north,2023-11-13,0.277,0.253,0.272,0.211
henan_north,2023-11-14,0.273,0.256,0.274,0.211
henan_north,2023-11-15,0.266,0.255,0.273,0.211
henan_north,2023-11-16,0.257,0.253,0.272,0.211
henan_north,2023-11-17,0.246,0.25,0.269,0.211
henan_north,2023-11-18,0.241,0.248,0.268,0.211
henan_north,2023-11-19,0.233,0.245,0.265,0.211
henan_north,2023-11-20,0.221,0.239,0.263,0.211
henan_north,2023-11-21,0.207,0.232,0.26,0.211
henan_north,2023-11-22,0.202,0.229,0.258,0.211
henan_north,2023-11-23,0.198,0.227,0.257,0.211
henan_north,2023-11-24,0.193,0.224,0.256,0.211
henan_north,2023-11-25,0.191,0.222,0.256,0.211
henan_north,2023-11-26,0.195,0.219,0.255,0.211
henan_north,2023-11-27,0.198,0.221,0.257,0.211
henan_north,2023-11-28,0.193,0.22,0.256,0.211
henan_north,2023-11-29,0.183,0.215,0.254,0.211
henan_north,2023-11-30,0.184,0.215,0.254,0.211
henan_north,2023-12-01,0.189,0.217,0.254,0.211
henan_north,2023-12-02,0.187,0.216,0.253,0.211
henan_north,2023-12-03,0.185,0.214,0.253,0.211
henan_north,2023-12-04,0.17,0.206,0.25,0.211
henan_north,2023-12-05,0.154,0.197,0.246,0.211
henan_north,2023-12-06,0.148,0.194,0.245,0.211
henan_north,2023-12-07,0.141,0.19,0.243,0.211
henan_north,2023-12-08,0.131,0.184,0.239,0.211
henan_north,2023-12-09,0.124,0.179,0.237,0.211
henan_north,2023-12-10,0.163,0.179,0.237,0.211
henan_north,2023-12-11,0.198,0.181,0.236,0.211
henan_north,2023-12-12,0.201,0.185,0.238,0.211
henan_north,2023-12-13,0.215,0.185,0.238,0.211
henan_north,2023-12-14,0.278,0.188,0.237,0.211
henan_north,2023-12-15,0.273,0.193,0.237,0.211
henan_north,2023-12-16,0.262,0.197,0.237,0.211
henan_north,2023-12-17,0.254,0.2,0.237,0.211
henan_north,2023-12-18,0.248,0.202,0.237,0.211
henan_north,2023-12-19,0.244,0.203,0.237,0.211
henan_north,2023-12-20,0.239,0.205,0.237,0.211
henan_north,2023-12-21,0.237,0.206,0.237,0.211
henan_north,2023-12-22,0.235,0.207,0.236,0.211
henan_north,2023-12-23,0.233,0.208,0.236,0.211
henan_north,2023-12-24,0.231,0.208,0.236,0.211
henan_north,2023-12-25,0.23,0.209,0.236,0.211
henan_north,2023-12-26,0.228,0.209,0.236,0.211
henan_north,2023-12-27,0.225,0.21,0.236,0.211
henan_north,2023-12-28,0.225,0.21,0.236,0.211
henan_north,2023-12-29,0.235,0.211,0.236,0.211
henan_north,2023-12-30,0.245,0.212,0.236,0.211
henan_north,2023-12-31,0.242,0.215,0.236,0.211
henan_north,2024-01-01,0.241,0.219,0.237,0.211
henan_north,2024-01-02,0.243,0.223,0.237,0.211
henan_north,2024-01-03,0.24,0.227,0.239,0.211
henan_north,2024-01-04,0.231,0.231,0.24,0.211
henan_north,2024-01-05,0.23,0.23,0.24,0.211
henan_north,2024-01-06,0.228,0.229,0.24,0.211
henan_north,2024-01-07,0.227,0.23,0.24,0.211
henan_north,2024-01-08,0.226,0.23,0.24,0.211
henan_north,2024-01-09,0.225,0.231,0.241,0.211
henan_north,2024-01-10,0.222,0.23,0.241,0.211
henan_north,2024-01-11,0.219,0.23,0.241,0.211
henan_north,2024-01-12,0.218,0.23,0.242,0.211
henan_north,2024-01-13,0.216,0.23,0.242,0.211
henan_north,2024-01-14,0.218,0.228,0.241,0.211
henan_north,2024-01-15,0.219,0.229,0.242,0.211
henan_north,2024-01-16,0.227,0.231,0.243,0.211
henan_north,2024-01-17,0.256,0.235,0.244,0.211
henan_north,2024-01-18,0.272,0.238,0.242,0.211
henan_north,2024-01-19,0.274,0.241,0.242,0.211
henan_north,2024-01-20,0.269,0.242,0.242,0.211
henan_north,2024-01-21,0.266,0.246,0.244,0.211
henan_north,2024-01-22,0.257,0.245,0.243,0.211
henan_north,2024-01-23,0.255,0.245,0.243,0.211
henan_north,2024-01-24,0.254,0.245,0.243,0.211
henan_north,2024-01-25,0.251,0.246,0.243,0.211
henan_north,2024-01-26,0.247,0.246,0.244,0.211
henan_north,2024-01-27,0.247,0.246,0.244,0.211
henan_north,2024-01-28,0.252,0.25,0.246,0.211
henan_north,2024-01-29,0.248,0.249,0.245,0.211
henan_north,2024-01-30,0.247,0.248,0.245,0.211
henan_north,2024-01-31,0.251,0.25,0.246,0.211
henan_north,2024-02-01,0.252,0.25,0.245,0.211
henan_north,2024-02-02,0.25,0.25,0.245,0.211
henan_north,2024-02-03,0.249,0.25,0.245,0.211
henan_north,2024-02-04,0.249,0.25,0.245,0.211
henan_north,2024-02-05,0.249,0.25,0.245,0.211
henan_north,2024-02-06,0.249,0.25,0.245,0.211
henan_north,2024-02-07,0.249,0.25,0.245,0.211
henan_north,2024-02-08,0.248,0.25,0.245,0.211
henan_north,2024-02-09,0.248,0.251,0.246,0.211
henan_north,2024-02-10,0.247,0.251,0.246,0.211
henan_north,2024-02-11,0.246,0.25,0.246,0.211
henan_north,2024-02-12,0.231,0.243,0.243,0.211
henan_north,2024-02-13,0.217,0.236,0.241,0.211
henan_north,2024-02-14,0.208,0.229,0.239,0.211
henan_north,2024-02-15,0.209,0.227,0.24,0.211
henan_north,2024-02-16,0.206,0.227,0.24,0.211
henan_north,2024-02-17,0.202,0.225,0.24,0.211
henan_north,2024-02-18,0.204,0.225,0.241,0.211
henan_north,2024-02-19,0.227,0.228,0.242,0.211
henan_north,2024-02-20,0.257,0.224,0.24,0.211
henan_north,2024-02-21,0.254,0.22,0.238,0.211
henan_north,2024-02-22,0.249,0.221,0.238,0.211
henan_north,2024-02-23,0.245,0.222,0.238,0.211
henan_north,2024-02-24,0.242,0.222,0.237,0.211
henan_north,2024-02-25,0.241,0.225,0.238,0.211
henan_north,2024-02-26,0.24,0.229,0.24,0.211
henan_north,2024-02-27,0.237,0.231,0.241,0.211
henan_north,2024-02-28,0.231,0.229,0.24,0.211
henan_north,2024-02-29,0.229,0.23,0.24,0.211
henan_north,2024-03-01,0.227,0.228,0.24,0.211
henan_north,2024-03-02,0.224,0.228,0.24,0.211
henan_north,2024-03-03,0.219,0.227,0.24,0.211
henan_north,2024-03-04,0.213,0.225,0.239,0.211
henan_north,2024-03-05,0.215,0.224,0.239,0.211
henan_north,2024-03-06,0.219,0.225,0.24,0.211
henan_north,2024-03-07,0.223,0.23,0.243,0.211
henan_north,2024-03-08,0.207,0.222,0.24,0.211
henan_north,2024-03-09,0.182,0.208,0.234,0.211
henan_north,2024-03-10,0.167,0.201,0.232,0.211
henan_north,2024-03-11,0.157,0.196,0.229,0.211
henan_north,2024-03-12,0.153,0.193,0.229,0.211
henan_north,2024-03-13,0.149,0.189,0.227,0.211
henan_north,2024-03-14,0.157,0.188,0.227,0.211
henan_north,2024-03-15,0.159,0.189,0.227,0.211
henan_north,2024-03-16,0.156,0.187,0.226,0.211
henan_north,2024-03-17,0.157,0.187,0.226,0.211
henan_north,2024-03-18,0.164,0.191,0.227,0.211
henan_north,2024-03-19,0.16,0.19,0.227,0.211
henan_north,2024-03-20,0.151,0.186,0.226,0.211
henan_north,2024-03-21,0.148,0.182,0.224,0.211
henan_north,2024-03-22,0.141,0.177,0.223,0.211
henan_north,2024-03-23,0.165,0.177,0.222,0.211
henan_north,2024-03-24,0.19,0.179,0.225,0.211
henan_north,2024-03-25,0.301,0.199,0.231,0.211
henan_north,2024-03-26,0.28,0.208,0.234,0.211
henan_north,2024-03-27,0.265,0.211,0.235,0.211
henan_north,2024-03-28,0.251,0.212,0.235,0.211
henan_north,2024-03-29,0.231,0.209,0.233,0.211
henan_north,2024-03-30,0.21,0.203,0.229,0.21
henan_north,2024-03-31,0.196,0.199,0.227,0.21
henan_north,2024-04-01,0.18,0.194,0.224,0.21
henan_north,2024-04-02,0.221,0.193,0.224,0.21
henan_north,2024-04-03,0.209,0.194,0.225,0.21
henan_north,2024-04-04,0.215,0.194,0.219,0.21
henan_north,2024-04-05,0.225,0.202,0.221,0.21
henan_north,2024-04-06,0.215,0.2,0.22,0.21
henan_north,2024-04-07,0.199,0.195,0.217,0.21
henan_north,2024-04-08,0.18,0.187,0.214,0.21
henan_north,2024-04-09,0.171,0.184,0.213,0.21
henan_north,2024-04-10,0.177,0.186,0.214,0.21
henan_north,2024-04-11,0.17,0.185,0.213,0.21
henan_north,2024-04-12,0.174,0.186,0.214,0.21
henan_north,2024-04-13,0.169,0.184,0.213,0.21
henan_north,2024-04-14,0.297,0.197,0.215,0.21
henan_north,2024-04-15,0.31,0.227,0.218,0.21
henan_north,2024-04-16,0.284,0.238,0.218,0.21
henan_north,2024-04-17,0.26,0.236,0.217,0.21
henan_north,2024-04-18,0.24,0.23,0.215,0.21
henan_north,2024-04-19,0.238,0.227,0.215,0.21
henan_north,2024-04-20,0.246,0.226,0.213,0.21
henan_north,2024-04-21,0.238,0.229,0.215,0.21
henan_north,2024-04-22,0.23,0.23,0.216,0.21
henan_north,2024-04-23,0.217,0.226,0.216,0.21
henan_north,2024-04-24,0.203,0.224,0.218,0.21
henan_north,2024-04-25,0.191,0.22,0.218,0.21
henan_north,2024-04-26,0.185,0.218,0.219,0.21
henan_north,2024-04-27,0.18,0.217,0.22,0.21
henan_north,2024-04-28,0.185,0.222,0.222,0.21
henan_north,2024-04-29,0.186,0.223,0.223,0.209
henan_north,2024-04-30,0.214,0.223,0.225,0.209
henan_north,2024-05-01,0.214,0.22,0.225,0.209
henan_north,2024-05-02,0.2,0.212,0.222,0.209
henan_north,2024-05-03,0.191,0.206,0.22,0.209
henan_north,2024-05-04,0.202,0.207,0.221,0.209
henan_north,2024-05-05,0.197,0.216,0.228,0.209
henan_north,2024-05-06,0.195,0.22,0.231,0.209
henan_north,2024-05-07,0.187,0.214,0.23,0.209
henan_north,2024-05-08,0.175,0.206,0.227,0.209
henan_north,2024-05-09,0.168,0.203,0.227,0.209
henan_north,2024-05-10,0.165,0.203,0.228,0.209
henan_north,2024-05-11,0.165,0.203,0.229,0.209
henan_north,2024-05-12,0.165,0.2,0.229,0.209
henan_north,2024-05-13,0.159,0.195,0.228,0.209
henan_north,2024-05-14,0.153,0.191,0.226,0.209
henan_north,2024-05-15,0.152,0.19,0.225,0.209
henan_north,2024-05-16,0.157,0.19,0.225,0.209
henan_north,2024-05-17,0.153,0.186,0.224,0.209
henan_north,2024-05-18,0.144,0.18,0.222,0.209
henan_north,2024-05-19,0.141,0.176,0.22,0.209
henan_north,2024-05-20,0.145,0.18,0.22,0.209
henan_north,2024-05-21,0.148,0.2,0.226,0.208
henan_north,2024-05-22,0.145,0.197,0.225,0.208
henan_north,2024-05-23,0.142,0.197,0.225,0.208
henan_north,2024-05-24,0.14,0.193,0.224,0.208
henan_north,2024-05-25,0.147,0.194,0.223,0.208
henan_north,2024-05-26,0.242,0.207,0.224,0.208
henan_north,2024-05-27,0.249,0.206,0.223,0.208
henan_north,2024-05-28,0.22,0.199,0.216,0.208
henan_north,2024-05-29,0.195,0.187,0.211,0.208
henan_north,2024-05-30,0.176,0.179,0.21,0.208
henan_north,2024-05-31,0.157,0.171,0.209,0.208
henan_north,2024-06-01,0.143,0.165,0.207,0.208
henan_north,2024-06-02,0.135,0.16,0.205,0.208
henan_north,2024-06-03,0.133,0.159,0.204,0.208
henan_north,2024-06-04,0.134,0.159,0.203,0.208
henan_north,2024-06-05,0.136,0.159,0.202,0.208
henan_north,2024-06-06,0.141,0.16,0.2,0.208
henan_north,2024-06-07,0.143,0.161,0.199,0.208
henan_north,2024-06-08,0.143,0.159,0.198,0.208
henan_north,2024-06-09,0.142,0.159,0.198,0.208
henan_north,2024-06-10,0.139,0.158,0.196,0.208
henan_north,2024-06-11,0.135,0.155,0.195,0.207
henan_north,2024-06-12,0.134,0.153,0.193,0.207
henan_north,2024-06-13,0.131,0.151,0.192,0.207
henan_north,2024-06-14,0.133,0.151,0.191,0.207
henan_north,2024-06-15,0.141,0.152,0.191,0.207
henan_north,2024-06-16,0.186,0.152,0.193,0.207
henan_north,2024-06-17,0.221,0.154,0.205,0.207
henan_north,2024-06-18,0.198,0.151,0.201,0.207
henan_north,2024-06-19,0.181,0.15,0.2,0.207
henan_north,2024-06-20,0.168,0.149,0.199,0.207
henan_north,2024-06-21,0.25,0.152,0.199,0.207
henan_north,2024-06-22,0.231,0.153,0.202,0.207
henan_north,2024-06-23,0.204,0.152,0.198,0.207
henan_north,2024-06-24,0.171,0.146,0.186,0.207
henan_north,2024-06-25,0.147,0.14,0.177,0.206
henan_north,2024-06-26,0.134,0.135,0.171,0.206
henan_north,2024-06-27,0.131,0.135,0.17,0.206
henan_north,2024-06-28,0.13,0.136,0.17,0.206
henan_north,2024-06-29,0.14,0.137,0.17,0.206
henan_north,2024-06-30,0.147,0.139,0.173,0.206
henan_north,2024-07-01,0.2,0.14,0.173,0.206
henan_north,2024-07-02,0.327,0.158,0.174,0.206
henan_north,2024-07-03,0.286,0.177,0.18,0.206
henan_north,2024-07-04,0.301,0.184,0.18,0.206
henan_north,2024-07-05,0.347,0.249,0.178,0.206
henan_north,2024-07-06,0.386,0.381,0.184,0.206
henan_north,2024-07-07,0.363,0.357,0.188,0.206
henan_north,2024-07-08,0.407,0.378,0.192,0.206
henan_north,2024-07-09,0.36,0.352,0.194,0.206
henan_north,2024-07-10,0.335,0.337,0.198,0.206
henan_north,2024-07-11,0.31,0.32,0.199,0.206
henan_north,2024-07-12,0.286,0.304,0.198,0.206
henan_north,2024-07-13,0.269,0.29,0.198,0.206
henan_north,2024-07-14,0.25,0.277,0.197,0.205
henan_north,2024-07-15,0.272,0.27,0.197,0.205
henan_north,2024-07-16,0.353,0.294,0.203,0.205
henan_north,2024-07-17,0.384,0.333,0.206,0.205
henan_north,2024-07-18,0.377,0.373,0.212,0.205
henan_north,2024-07-19,0.361,0.356,0.216,0.205
henan_north,2024-07-20,0.393,0.385,0.223,0.205
henan_north,2024-07-21,0.36,0.363,0.229,0.205
henan_north,2024-07-22,0.36,0.347,0.232,0.205
henan_north,2024-07-23,0.368,0.345,0.233,0.205
henan_north,2024-07-24,0.368,0.338,0.232,0.205
henan_north,2024-07-25,0.399,0.373,0.234,0.205
henan_north,2024-07-26,0.393,0.387,0.242,0.205
henan_north,2024-07-27,0.351,0.354,0.242,0.205
henan_north,2024-07-28,0.336,0.337,0.243,0.205
henan_north,2024-07-29,0.404,0.372,0.246,0.205
henan_north,2024-07-30,0.398,0.386,0.253,0.205
henan_north,2024-07-31,0.396,0.387,0.259,0.205
henan_north,2024-08-01,0.358,0.361,0.261,0.205
henan_north,2024-08-02,0.333,0.343,0.261,0.205
henan_north,2024-08-03,0.314,0.326,0.26,0.205
henan_north,2024-08-04,0.332,0.317,0.258,0.205
henan_north,2024-08-05,0.327,0.316,0.258,0.205
henan_north,2024-08-06,0.314,0.306,0.257,0.205
henan_north,2024-08-07,0.339,0.304,0.255,0.205
henan_north,2024-08-08,0.376,0.339,0.255,0.205
henan_north,2024-08-09,0.409,0.389,0.259,0.205
henan_north,2024-08-10,0.383,0.384,0.267,0.205
henan_north,2024-08-11,0.346,0.357,0.269,0.205
henan_north,2024-08-12,0.314,0.332,0.268,0.205
henan_north,2024-08-13,0.281,0.306,0.264,0.205
henan_north,2024-08-14,0.253,0.285,0.26,0.205
henan_north,2024-08-15,0.233,0.267,0.256,0.205
henan_north,2024-08-16,0.223,0.253,0.253,0.205
henan_north,2024-08-17,0.301,0.246,0.251,0.205
henan_north,2024-08-18,0.314,0.251,0.249,0.205
henan_north,2024-08-19,0.333,0.262,0.249,0.205
henan_north,2024-08-20,0.323,0.271,0.248,0.205
henan_north,2024-08-21,0.277,0.257,0.246,0.205
henan_north,2024-08-22,0.253,0.249,0.244,0.205
henan_north,2024-08-23,0.228,0.238,0.241,0.205
henan_north,2024-08-24,0.208,0.229,0.239,0.205
henan_north,2024-08-25,0.211,0.222,0.237,0.205
henan_north,2024-08-26,0.317,0.229,0.238,0.205
henan_north,2024-08-27,0.272,0.228,0.237,0.205
henan_north,2024-08-28,0.243,0.223,0.237,0.205
henan_north,2024-08-29,0.218,0.215,0.233,0.205
henan_north,2024-08-30,0.201,0.209,0.231,0.205
henan_north,2024-08-31,0.189,0.202,0.228,0.205
henan_north,2024-09-01,0.176,0.195,0.225,0.205
henan_north,2024-09-02,0.172,0.192,0.224,0.205
henan_north,2024-09-03,0.168,0.19,0.224,0.205
henan_north,2024-09-04,0.159,0.185,0.223,0.204
henan_north,2024-09-05,0.149,0.18,0.221,0.204
henan_north,2024-09-06,0.149,0.179,0.221,0.204
henan_north,2024-09-07,0.15,0.179,0.221,0.204
henan_north,2024-09-08,0.167,0.183,0.223,0.204
henan_north,2024-09-09,0.171,0.184,0.224,0.204
henan_north,2024-09-10,0.187,0.184,0.224,0.204
henan_north,2024-09-11,0.264,0.189,0.225,0.204
henan_north,2024-09-12,0.239,0.191,0.225,0.204
henan_north,2024-09-13,0.226,0.189,0.223,0.204
henan_north,2024-09-14,0.224,0.19,0.222,0.204
henan_north,2024-09-15,0.212,0.192,0.222,0.204
henan_north,2024-09-16,0.203,0.192,0.222,0.204
henan_north,2024-09-17,0.186,0.186,0.22,0.204
henan_north,2024-09-18,0.282,0.19,0.219,0.204
henan_north,2024-09-19,0.351,0.233,0.22,0.204
henan_north,2024-09-20,0.338,0.265,0.22,0.204
henan_north,2024-09-21,0.343,0.286,0.22,0.204
henan_north,2024-09-22,0.293,0.268,0.219,0.204
henan_north,2024-09-23,0.269,0.262,0.217,0.204
henan_north,2024-09-24,0.247,0.253,0.214,0.204
henan_north,2024-09-25,0.227,0.245,0.21,0.204
henan_north,2024-09-26,0.21,0.236,0.207,0.204
henan_north,2024-09-27,0.202,0.23,0.205,0.204
henan_north,2024-09-28,0.2,0.226,0.205,0.204
henan_north,2024-09-29,0.207,0.224,0.205,0.204
henan_north,2024-09-30,0.414,0.36,0.206,0.204
henan_north,2024-10-01,0.38,0.374,0.209,0.204
henan_north,2024-10-02,0.353,0.354,0.208,0.204
henan_north,2024-10-03,0.337,0.34,0.21,0.204
henan_north,2024-10-04,0.319,0.326,0.211,0.204
henan_north,2024-10-05,0.302,0.313,0.209,0.204
henan_north,2024-10-06,0.296,0.305,0.209,0.204
henan_north,2024-10-07,0.291,0.3,0.211,0.204
henan_north,2024-10-08,0.289,0.297,0.212,0.204
henan_north,2024-10-09,0.287,0.294,0.214,0.204
henan_north,2024-10-10,0.282,0.292,0.216,0.204
henan_north,2024-10-11,0.279,0.29,0.219,0.204
henan_north,2024-10-12,0.272,0.285,0.219,0.204
henan_north,2024-10-13,0.266,0.279,0.217,0.204
henan_north,2024-10-14,0.259,0.273,0.217,0.204
henan_north,2024-10-15,0.252,0.269,0.217,0.204
henan_north,2024-10-16,0.246,0.265,0.217,0.204
henan_north,2024-10-17,0.26,0.262,0.216,0.204
henan_north,2024-10-18,0.394,0.337,0.216,0.204
henan_north,2024-10-19,0.348,0.337,0.22,0.204
henan_north,2024-10-20,0.339,0.332,0.222,0.204
henan_north,2024-10-21,0.337,0.33,0.224,0.204
henan_north,2024-10-22,0.332,0.328,0.226,0.204
henan_north,2024-10-23,0.324,0.322,0.227,0.204
henan_north,2024-10-24,0.312,0.315,0.227,0.204
henan_north,2024-10-25,0.297,0.305,0.226,0.204
henan_north,2024-10-26,0.288,0.297,0.225,0.204
henan_north,2024-10-27,0.282,0.292,0.225,0.204
henan_north,2024-10-28,0.277,0.287,0.226,0.204
henan_north,2024-10-29,0.272,0.283,0.225,0.204
henan_north,2024-10-30,0.265,0.277,0.224,0.204
henan_north,2024-10-31,0.265,0.274,0.224,0.204
henan_north,2024-11-01,0.269,0.273,0.225,0.204
henan_north,2024-11-02,0.266,0.272,0.226,0.204
henan_north,2024-11-03,0.262,0.27,0.226,0.204
henan_north,2024-11-04,0.259,0.269,0.226,0.204
henan_north,2024-11-05,0.254,0.266,0.226,0.204
henan_north,2024-11-06,0.249,0.263,0.226,0.204
henan_north,2024-11-07,0.239,0.256,0.225,0.204
henan_north,2024-11-08,0.229,0.249,0.223,0.204
henan_north,2024-11-09,0.221,0.242,0.221,0.204
henan_north,2024-11-10,0.22,0.241,0.221,0.204
henan_north,2024-11-11,0.219,0.24,0.221,0.204
henan_north,2024-11-12,0.214,0.226,0.215,0.206
henan_north,2024-11-13,0.136,0.127,0.155,0.217
henan_north,2024-11-14,0.199,0.128,0.16,0.217
henan_north,2024-11-15,0.21,0.129,0.165,0.217
henan_north,2024-11-16,0.215,0.131,0.17,0.217
henan_north,2024-11-17,0.227,0.132,0.186,0.217
henan_north,2024-11-18,0.217,0.135,0.199,0.217
henan_north,2024-11-19,0.233,0.155,0.218,0.217
henan_north,2024-11-20,0.224,0.165,0.227,0.217
henan_north,2024-11-21,0.211,0.165,0.225,0.217
henan_north,2024-11-22,0.196,0.162,0.227,0.217
henan_north,2024-11-23,0.186,0.165,0.23,0.217
henan_north,2024-11-24,0.184,0.167,0.231,0.217
henan_north,2024-11-25,0.239,0.161,0.23,0.217
henan_north,2024-11-26,0.236,0.162,0.231,0.217
henan_north,2024-11-27,0.203,0.165,0.228,0.217
henan_north,2024-11-28,0.163,0.16,0.225,0.217
henan_north,2024-11-29,0.121,0.146,0.22,0.217
henan_north,2024-11-30,0.084,0.129,0.215,0.217
henan_north,2024-12-01,0.041,0.13,0.203,0.217
henan_north,2024-12-02,0.022,0.13,0.194,0.217
henan_north,2024-12-03,0.02,0.13,0.194,0.217
henan_north,2024-12-04,0.028,0.13,0.196,0.217
henan_north,2024-12-05,0.032,0.13,0.196,0.217
henan_north,2024-12-06,0.033,0.13,0.197,0.217
henan_north,2024-12-07,0.037,0.13,0.197,0.217
henan_north,2024-12-08,0.034,0.13,0.198,0.217
henan_north,2024-12-09,0.01,0.13,0.193,0.217
henan_north,2024-12-10,0.01,0.13,0.185,0.217
henan_north,2024-12-11,0.01,0.13,0.193,0.217
henan_north,2024-12-12,0.01,0.13,0.196,0.217
henan_north,2024-12-13,0.011,0.13,0.196,0.217
henan_north,2024-12-14,0.016,0.13,0.198,0.217
henan_north,2024-12-15,0.022,0.13,0.199,0.217
henan_north,2024-12-16,0.017,0.13,0.199,0.217
henan_north,2024-12-17,0.014,0.13,0.194,0.217
henan_north,2024-12-18,0.013,0.13,0.191,0.217
henan_north,2024-12-19,0.02,0.13,0.194,0.217
henan_north,2024-12-20,0.026,0.13,0.194,0.217
henan_north,2024-12-21,0.026,0.13,0.194,0.217
henan_north,2024-12-22,0.029,0.13,0.194,0.217
henan_north,2024-12-23,0.029,0.13,0.194,0.217
henan_north,2024-12-24,0.03,0.13,0.194,0.217
henan_north,2024-12-25,0.027,0.13,0.193,0.217
henan_north,2024-12-26,0.016,0.13,0.192,0.217
henan_north,2024-12-27,0.015,0.13,0.193,0.217
henan_north,2024-12-28,0.027,0.13,0.197,0.217
henan_north,2024-12-29,0.024,0.13,0.196,0.217
henan_north,2024-12-30,0.031,0.13,0.199,0.217
henan_north,2024-12-31,0.03,0.131,0.198,0.217
henan_north,2025-01-01,0.017,0.131,0.197,0.217
henan_north,2025-01-02,0.01,0.131,0.198,0.217
henan_north,2025-01-03,0.012,0.131,0.199,0.217
henan_north,2025-01-04,0.029,0.131,0.2,0.217
henan_north,2025-01-05,0.039,0.131,0.201,0.217
henan_north,2025-01-06,0.024,0.131,0.197,0.217
henan_north,2025-01-07,0.024,0.131,0.196,0.217
henan_north,2025-01-08,0.024,0.131,0.196,0.217
henan_north,2025-01-09,0.035,0.131,0.198,0.217
henan_north,2025-01-10,0.052,0.131,0.199,0.217
henan_north,2025-01-11,0.054,0.131,0.199,0.217
henan_north,2025-01-12,0.063,0.131,0.198,0.217
henan_north,2025-01-13,0.064,0.131,0.2,0.217
henan_north,2025-01-14,0.055,0.132,0.199,0.217
henan_north,2025-01-15,0.057,0.132,0.197,0.217
henan_north,2025-01-16,0.084,0.132,0.201,0.217
henan_north,2025-01-17,0.087,0.132,0.2,0.217
henan_north,2025-01-18,0.087,0.132,0.2,0.217
henan_north,2025-01-19,0.086,0.132,0.201,0.217
henan_north,2025-01-20,0.083,0.132,0.201,0.217
henan_north,2025-01-21,0.086,0.132,0.201,0.217
henan_north,2025-01-22,0.081,0.133,0.197,0.217
henan_north,2025-01-23,0.073,0.133,0.194,0.217
henan_north,2025-01-24,0.09,0.134,0.192,0.217
henan_north,2025-01-25,0.096,0.132,0.191,0.217
henan_north,2025-01-26,0.126,0.131,0.186,0.217
henan_north,2025-01-27,0.131,0.131,0.183,0.217
henan_north,2025-01-28,0.133,0.131,0.186,0.217
henan_north,2025-01-29,0.131,0.131,0.188,0.217
henan_north,2025-01-30,0.126,0.132,0.191,0.217
henan_north,2025-01-31,0.125,0.132,0.193,0.217
henan_north,2025-02-01,0.133,0.132,0.195,0.217
henan_north,2025-02-02,0.152,0.132,0.198,0.217
henan_north,2025-02-03,0.187,0.132,0.197,0.217
henan_north,2025-02-04,0.179,0.142,0.205,0.217
henan_north,2025-02-05,0.169,0.151,0.208,0.217
henan_north,2025-02-06,0.156,0.153,0.209,0.217
henan_north,2025-02-07,0.142,0.155,0.208,0.217
henan_north,2025-02-08,0.139,0.155,0.208,0.217
henan_north,2025-02-09,0.14,0.155,0.208,0.217
henan_north,2025-02-10,0.137,0.155,0.209,0.217
henan_north,2025-02-11,0.12,0.146,0.206,0.217
henan_north,2025-02-12,0.124,0.149,0.206,0.217
henan_north,2025-02-13,0.121,0.15,0.205,0.217
henan_north,2025-02-14,0.098,0.145,0.203,0.217
henan_north,2025-02-15,0.086,0.139,0.2,0.217
henan_north,2025-02-16,0.079,0.138,0.2,0.217
henan_north,2025-02-17,0.089,0.143,0.202,0.217
henan_north,2025-02-18,0.089,0.142,0.201,0.217
henan_north,2025-02-19,0.088,0.141,0.2,0.217
henan_north,2025-02-20,0.09,0.142,0.2,0.217
henan_north,2025-02-21,0.106,0.145,0.201,0.217
henan_north,2025-02-22,0.138,0.174,0.211,0.217
henan_north,2025-02-23,0.143,0.189,0.216,0.217
henan_north,2025-02-24,0.142,0.191,0.217,0.217
henan_north,2025-02-25,0.124,0.177,0.214,0.217
henan_north,2025-02-26,0.11,0.18,0.218,0.217
henan_north,2025-02-27,0.086,0.175,0.215,0.217
henan_north,2025-02-28,0.072,0.169,0.212,0.217
henan_north,2025-03-01,0.086,0.172,0.213,0.217
henan_north,2025-03-02,0.281,0.2,0.219,0.217
henan_north,2025-03-03,0.319,0.226,0.221,0.217
henan_north,2025-03-04,0.298,0.235,0.221,0.217
henan_north,2025-03-05,0.293,0.241,0.223,0.217
henan_north,2025-03-06,0.283,0.247,0.226,0.217
henan_north,2025-03-07,0.258,0.244,0.23,0.217
henan_north,2025-03-08,0.228,0.236,0.223,0.217
henan_north,2025-03-09,0.192,0.223,0.211,0.217
henan_north,2025-03-10,0.166,0.213,0.205,0.217
henan_north,2025-03-11,0.148,0.204,0.207,0.217
henan_north,2025-03-12,0.139,0.201,0.205,0.217
henan_north,2025-03-13,0.116,0.188,0.183,0.217
henan_north,2025-03-14,0.106,0.185,0.173,0.217
henan_north,2025-03-15,0.106,0.184,0.172,0.217
henan_north,2025-03-16,0.109,0.184,0.174,0.217
henan_north,2025-03-17,0.092,0.177,0.171,0.217
henan_north,2025-03-18,0.064,0.161,0.166,0.217
henan_north,2025-03-19,0.036,0.146,0.168,0.217
henan_north,2025-03-20,0.029,0.14,0.165,0.217
henan_north,2025-03-21,0.027,0.138,0.162,0.217
henan_north,2025-03-22,0.027,0.138,0.161,0.217
henan_north,2025-03-23,0.027,0.137,0.16,0.217
henan_north,2025-03-24,0.027,0.137,0.16,0.217
henan_north,2025-03-25,0.027,0.136,0.16,0.216
henan_north,2025-03-26,0.028,0.136,0.159,0.216
henan_north,2025-03-27,0.028,0.136,0.159,0.216
henan_north,2025-03-28,0.034,0.138,0.16,0.216
henan_north,2025-03-29,0.039,0.138,0.161,0.216
henan_north,2025-03-30,0.043,0.139,0.161,0.216
henan_north,2025-03-31,0.043,0.138,0.161,0.216
henan_north,2025-04-01,0.043,0.138,0.161,0.216
henan_north,2025-04-02,0.044,0.137,0.16,0.216
henan_north,2025-04-03,0.044,0.137,0.16,0.216
henan_north,2025-04-04,0.044,0.137,0.16,0.216
henan_north,2025-04-05,0.044,0.136,0.159,0.216
henan_north,2025-04-06,0.05,0.137,0.159,0.216
henan_north,2025-04-07,0.051,0.137,0.159,0.216
henan_north,2025-04-08,0.051,0.137,0.158,0.216
henan_north,2025-04-09,0.053,0.138,0.158,0.216
henan_north,2025-04-10,0.07,0.151,0.156,0.216
henan_north,2025-04-11,0.083,0.165,0.161,0.215
henan_north,2025-04-12,0.088,0.181,0.165,0.215
henan_north,2025-04-13,0.088,0.178,0.164,0.215
henan_north,2025-04-14,0.088,0.174,0.164,0.215
henan_north,2025-04-15,0.087,0.171,0.163,0.215
henan_north,2025-04-16,0.087,0.166,0.163,0.215
henan_north,2025-04-17,0.087,0.162,0.162,0.215
henan_north,2025-04-18,0.102,0.158,0.161,0.215
henan_north,2025-04-19,0.174,0.153,0.152,0.215
henan_north,2025-04-20,0.176,0.175,0.159,0.215
henan_north,2025-04-21,0.184,0.178,0.165,0.215
henan_north,2025-04-22,0.142,0.182,0.172,0.215
henan_north,2025-04-23,0.104,0.169,0.151,0.215
henan_north,2025-04-24,0.088,0.166,0.132,0.215
henan_north,2025-04-25,0.087,0.163,0.144,0.215
henan_north,2025-04-26,0.093,0.161,0.154,0.214
henan_north,2025-04-27,0.092,0.16,0.149,0.214
henan_north,2025-04-28,0.091,0.157,0.143,0.214
henan_north,2025-04-29,0.086,0.154,0.14,0.214
henan_north,2025-04-30,0.087,0.152,0.139,0.214
henan_north,2025-05-01,0.085,0.149,0.138,0.214
henan_north,2025-05-02,0.086,0.147,0.139,0.214
henan_north,2025-05-03,0.084,0.144,0.143,0.214
henan_north,2025-05-04,0.091,0.143,0.145,0.214
henan_north,2025-05-05,0.109,0.145,0.147,0.214
henan_north,2025-05-06,0.091,0.156,0.153,0.213
henan_north,2025-05-07,0.09,0.159,0.154,0.213
henan_north,2025-05-08,0.088,0.158,0.154,0.213
henan_north,2025-05-09,0.099,0.156,0.153,0.213
henan_north,2025-05-10,0.092,0.15,0.149,0.213
henan_north,2025-05-11,0.084,0.151,0.146,0.213
henan_north,2025-05-12,0.079,0.148,0.145,0.213
henan_north,2025-05-13,0.082,0.148,0.145,0.213
henan_north,2025-05-14,0.082,0.147,0.145,0.213
henan_north,2025-05-15,0.082,0.146,0.145,0.213
henan_north,2025-05-16,0.082,0.144,0.145,0.213
henan_north,2025-05-17,0.081,0.143,0.144,0.212
henan_north,2025-05-18,0.081,0.141,0.144,0.212
henan_north,2025-05-19,0.08,0.138,0.143,0.212
henan_north,2025-05-20,0.079,0.139,0.146,0.212
henan_north,2025-05-21,0.079,0.138,0.145,0.212
henan_north,2025-05-22,0.282,0.201,0.146,0.212
henan_north,2025-05-23,0.348,0.325,0.147,0.212
henan_north,2025-05-24,0.302,0.316,0.148,0.212
henan_north,2025-05-25,0.228,0.287,0.138,0.212
henan_north,2025-05-26,0.199,0.274,0.136,0.212
henan_north,2025-05-27,0.157,0.256,0.132,0.212
henan_north,2025-05-28,0.134,0.244,0.131,0.212
henan_north,2025-05-29,0.113,0.234,0.131,0.212
henan_north,2025-05-30,0.103,0.227,0.131,0.212
henan_north,2025-05-31,0.103,0.222,0.131,0.212
henan_north,2025-06-01,0.099,0.219,0.131,0.212
henan_north,2025-06-02,0.103,0.216,0.131,0.212
henan_north,2025-06-03,0.092,0.208,0.132,0.211
henan_north,2025-06-04,0.089,0.202,0.132,0.211
henan_north,2025-06-05,0.088,0.195,0.132,0.211
henan_north,2025-06-06,0.087,0.19,0.132,0.211
henan_north,2025-06-07,0.087,0.185,0.132,0.211
henan_north,2025-06-08,0.088,0.181,0.132,0.211
henan_north,2025-06-09,0.087,0.177,0.132,0.211
henan_north,2025-06-10,0.087,0.174,0.132,0.211
henan_north,2025-06-11,0.087,0.171,0.132,0.211
henan_north,2025-06-12,0.087,0.169,0.132,0.211
henan_north,2025-06-13,0.087,0.166,0.132,0.211
henan_north,2025-06-14,0.088,0.164,0.132,0.211
henan_north,2025-06-15,0.086,0.161,0.132,0.211
henan_north,2025-06-16,0.085,0.156,0.132,0.211
henan_north,2025-06-17,0.078,0.15,0.132,0.211
henan_north,2025-06-18,0.102,0.154,0.132,0.21
henan_north,2025-06-19,0.206,0.169,0.131,0.21
henan_north,2025-06-20,0.296,0.212,0.128,0.21
henan_north,2025-06-21,0.218,0.205,0.128,0.21
henan_north,2025-06-22,0.14,0.187,0.128,0.21
henan_north,2025-06-23,0.085,0.169,0.128,0.21
henan_north,2025-06-24,0.06,0.157,0.128,0.21
henan_north,2025-06-25,0.056,0.153,0.128,0.21
henan_north,2025-06-26,0.086,0.162,0.128,0.21
henan_north,2025-06-27,0.119,0.185,0.128,0.21
henan_north,2025-06-28,0.22,0.187,0.128,0.21
henan_north,2025-06-29,0.166,0.179,0.128,0.21
henan_north,2025-06-30,0.27,0.184,0.128,0.21
henan_north,2025-07-01,0.396,0.31,0.129,0.21
henan_north,2025-07-02,0.371,0.367,0.134,0.21
henan_north,2025-07-03,0.289,0.333,0.136,0.21
henan_north,2025-07-04,0.244,0.308,0.136,0.21
henan_north,2025-07-05,0.187,0.282,0.133,0.21
henan_north,2025-07-06,0.132,0.251,0.128,0.21
henan_north,2025-07-07,0.108,0.236,0.127,0.21
henan_north,2025-07-08,0.123,0.242,0.126,0.21
henan_north,2025-07-09,0.253,0.247,0.127,0.209
henan_north,2025-07-10,0.245,0.24,0.13,0.209
henan_north,2025-07-11,0.198,0.23,0.13,0.209
henan_north,2025-07-12,0.155,0.222,0.13,0.209
henan_north,2025-07-13,0.125,0.215,0.131,0.209
henan_north,2025-07-14,0.108,0.212,0.13,0.209
henan_north,2025-07-15,0.111,0.221,0.131,0.209
henan_north,2025-07-16,0.126,0.236,0.131,0.209
henan_north,2025-07-17,0.109,0.228,0.131,0.209
henan_north,2025-07-18,0.094,0.216,0.131,0.209
henan_north,2025-07-19,0.089,0.206,0.131,0.209
henan_north,2025-07-20,0.088,0.197,0.131,0.209
henan_north,2025-07-21,0.096,0.19,0.132,0.209
henan_north,2025-07-22,0.191,0.186,0.132,0.208
henan_north,2025-07-23,0.335,0.207,0.132,0.208
henan_north,2025-07-24,0.326,0.247,0.132,0.208
henan_north,2025-07-25,0.324,0.264,0.133,0.208
henan_north,2025-07-26,0.265,0.265,0.133,0.208
henan_north,2025-07-27,0.226,0.258,0.134,0.208
henan_north,2025-07-28,0.186,0.249,0.135,0.208
henan_north,2025-07-29,0.159,0.243,0.138,0.208
henan_north,2025-07-30,0.135,0.235,0.14,0.208
henan_north,2025-07-31,0.114,0.226,0.142,0.208
henan_north,2025-08-01,0.107,0.221,0.145,0.208
henan_north,2025-08-02,0.111,0.218,0.149,0.208
henan_north,2025-08-03,0.103,0.211,0.15,0.208
henan_north,2025-08-04,0.11,0.203,0.15,0.208
henan_north,2025-08-05,0.138,0.201,0.151,0.208
henan_north,2025-08-06,0.369,0.264,0.151,0.208
henan_north,2025-08-07,0.312,0.272,0.151,0.207
henan_north,2025-08-08,0.313,0.274,0.151,0.207
henan_north,2025-08-09,0.365,0.31,0.151,0.207
henan_north,2025-08-10,0.34,0.33,0.153,0.207
henan_north,2025-08-11,0.302,0.316,0.151,0.207
henan_north,2025-08-12,0.251,0.297,0.148,0.207
henan_north,2025-08-13,0.211,0.28,0.146,0.207
henan_north,2025-08-14,0.184,0.265,0.145,0.207
henan_north,2025-08-15,0.234,0.257,0.142,0.207
henan_north,2025-08-16,0.317,0.267,0.13,0.207
henan_north,2025-08-17,0.318,0.262,0.131,0.207
henan_north,2025-08-18,0.301,0.264,0.131,0.207
henan_north,2025-08-19,0.204,0.239,0.131,0.207
henan_north,2025-08-20,0.175,0.236,0.132,0.207
henan_north,2025-08-21,0.195,0.238,0.132,0.207
henan_north,2025-08-22,0.154,0.233,0.132,0.207
henan_north,2025-08-23,0.226,0.227,0.133,0.207
henan_north,2025-08-24,0.232,0.222,0.133,0.207
henan_north,2025-08-25,0.324,0.233,0.134,0.207
henan_north,2025-08-26,0.277,0.238,0.136,0.207
henan_north,2025-08-27,0.253,0.235,0.136,0.207
henan_north,2025-08-28,0.257,0.231,0.135,0.207
henan_north,2025-08-29,0.328,0.238,0.134,0.207
henan_north,2025-08-30,0.27,0.232,0.134,0.207
henan_north,2025-08-31,0.343,0.245,0.132,0.207
henan_north,2025-09-01,0.273,0.24,0.132,0.207
henan_north,2025-09-02,0.223,0.232,0.132,0.207
henan_north,2025-09-03,0.276,0.23,0.132,0.206
henan_north,2025-09-04,0.379,0.303,0.133,0.206
henan_north,2025-09-05,0.413,0.394,0.143,0.206
henan_north,2025-09-06,0.378,0.376,0.156,0.206
henan_north,2025-09-07,0.333,0.349,0.161,0.206
henan_north,2025-09-08,0.301,0.323,0.162,0.206
henan_north,2025-09-09,0.279,0.31,0.164,0.206
henan_north,2025-09-10,0.263,0.299,0.164,0.206
henan_north,2025-09-11,0.382,0.327,0.166,0.206
henan_north,2025-09-12,0.381,0.368,0.171,0.206
henan_north,2025-09-13,0.351,0.355,0.177,0.206
henan_north,2025-09-14,0.318,0.338,0.18,0.206
henan_north,2025-09-15,0.305,0.323,0.182,0.206
henan_north,2025-09-16,0.364,0.342,0.183,0.206
henan_north,2025-09-17,0.354,0.36,0.189,0.206
henan_north,2025-09-18,0.392,0.363,0.195,0.206
henan_north,2025-09-19,0.415,0.41,0.218,0.206
henan_north,2025-09-20,0.374,0.378,0.231,0.206
henan_north,2025-09-21,0.363,0.361,0.235,0.206
henan_north,2025-09-22,0.419,0.396,0.241,0.206
henan_north,2025-09-23,0.421,0.409,0.255,0.206
henan_north,2025-09-24,0.395,0.398,0.278,0.206
henan_north,2025-09-25,0.364,0.375,0.284,0.206
henan_north,2025-09-26,0.354,0.358,0.285,0.207
henan_north,2025-09-27,0.394,0.372,0.289,0.207
henan_north,2025-09-28,0.403,0.394,0.297,0.207
henan_north,2025-09-29,0.389,0.389,0.304,0.207
henan_north,2025-09-30,0.362,0.374,0.306,0.207
henan_north,2025-10-01,0.358,0.362,0.307,0.207
henan_north,2025-10-02,0.415,0.402,0.315,0.207
henan_north,2025-10-03,0.387,0.389,0.321,0.208
henan_north,2025-10-04,0.401,0.388,0.324,0.208
henan_north,2025-10-05,0.416,0.406,0.334,0.208
henan_north,2025-10-06,0.411,0.405,0.34,0.208
henan_north,2025-10-07,0.404,0.398,0.346,0.208
henan_north,2025-10-08,0.406,0.395,0.349,0.209
henan_north,2025-10-09,0.422,0.41,0.356,0.209
henan_north,2025-10-10,0.421,0.413,0.361,0.21
henan_north,2025-10-11,0.412,0.408,0.368,0.211
henan_north,2025-10-12,0.41,0.405,0.37,0.211
henan_north,2025-10-13,0.404,0.403,0.373,0.212
henan_north,2025-10-14,0.391,0.393,0.375,0.213
henan_north,2025-10-15,0.4,0.394,0.375,0.214
henan_north,2025-10-16,0.381,0.388,0.384,0.215
henan_north,2025-10-17,0.404,0.394,0.383,0.216
henan_north,2025-10-18,0.384,0.394,0.382,0.218
henan_north,2025-10-19,0.371,0.384,0.38,0.219
henan_north,2025-10-20,0.37,0.381,0.378,0.22
henan_north,2025-10-21,0.363,0.376,0.376,0.221
henan_north,2025-10-22,0.358,0.371,0.384,0.222
henan_north,2025-10-23,0.357,0.367,0.382,0.223
henan_north,2025-10-24,0.347,0.363,0.382,0.224
henan_north,2025-10-25,0.367,0.362,0.384,0.225
henan_north,2025-10-26,0.352,0.363,0.391,0.227
henan_north,2025-10-27,0.348,0.362,0.386,0.228
henan_north,2025-10-28,0.349,0.358,0.383,0.229
henan_north,2025-10-29,0.349,0.365,0.383,0.23
henan_north,2025-10-30,0.358,0.365,0.384,0.231
henan_north,2025-10-31,0.357,0.368,0.386,0.233
henan_north,2025-11-01,0.36,0.374,0.397,0.235
henan_north,2025-11-02,0.352,0.372,0.393,0.236
henan_north,2025-11-03,0.346,0.366,0.389,0.238
henan_north,2025-11-04,0.344,0.361,0.385,0.239
henan_north,2025-11-05,0.333,0.353,0.382,0.24
henan_north,2025-11-06,0.335,0.351,0.378,0.241
henan_north,2025-11-07,0.397,0.365,0.377,0.242
henan_north,2025-11-08,0.39,0.387,0.376,0.243
henan_north,2025-11-09,0.381,0.386,0.374,0.243
henan_north,2025-11-10,0.371,0.38,0.372,0.244
henan_north,2025-11-11,0.359,0.372,0.368,0.245
henan_north,2025-11-12,0.347,0.361,0.363,0.246
henan_north,2025-11-13,0.334,0.35,0.353,0.246
henan_north,2025-11-14,0.32,0.338,0.343,0.246
henan_north,2025-11-15,0.302,0.321,0.326,0.247
henan_north,2025-11-16,0.29,0.308,0.304,0.247
henan_north,2025-11-17,0.264,0.292,0.277,0.247
henan_north,2025-11-18,0.252,0.284,0.253,0.247
henan_north,2025-11-19,0.239,0.279,0.224,0.247
henan_north,2025-11-20,0.226,0.271,0.212,0.247
henan_north,2025-11-21,0.217,0.261,0.203,0.247
henan_north,2025-11-22,0.203,0.251,0.191,0.247
henan_north,2025-11-23,0.175,0.218,0.161,0.247
henan_north,2025-11-24,0.154,0.212,0.158,0.247
henan_north,2025-11-25,0.135,0.198,0.148,0.247
henan_north,2025-11-26,0.126,0.193,0.142,0.247
henan_north,2025-11-27,0.11,0.185,0.135,0.247
henan_north,2025-11-28,0.103,0.182,0.132,0.247
henan_north,2025-11-29,0.093,0.173,0.132,0.247
henan_north,2025-11-30,0.09,0.169,0.132,0.247
henan_north,2025-12-01,0.089,0.167,0.133,0.246
henan_north,2025-12-02,0.083,0.154,0.133,0.246
henan_north,2025-12-03,0.08,0.146,0.133,0.246
henan_north,2025-12-04,0.078,0.141,0.132,0.246
henan_north,2025-12-05,0.077,0.138,0.132,0.246
henan_north,2025-12-06,0.073,0.135,0.132,0.246
henan_north,2025-12-07,0.066,0.131,0.132,0.246
henan_north,2025-12-08,0.064,0.131,0.132,0.246
henan_north,2025-12-09,0.063,0.131,0.133,0.246
henan_north,2025-12-10,0.063,0.131,0.133,0.246
henan_north,2025-12-11,0.065,0.131,0.134,0.246
henan_north,2025-12-12,0.071,0.131,0.136,0.246
henan_north,2025-12-13,0.079,0.131,0.134,0.246
henan_north,2025-12-14,0.077,0.131,0.127,0.246
henan_north,2025-12-15,0.082,0.131,0.127,0.246
henan_north,2025-12-16,0.099,0.13,0.127,0.246
henan_north,2025-12-17,0.104,0.13,0.127,0.246
henan_north,2025-12-18,0.098,0.13,0.128,0.246
henan_north,2025-12-19,0.102,0.13,0.128,0.246
henan_north,2025-12-20,0.126,0.13,0.128,0.246
henan_north,2025-12-21,0.144,0.13,0.128,0.246
henan_north,2025-12-22,0.139,0.13,0.128,0.246
henan_north,2025-12-23,0.171,0.13,0.128,0.246
henan_north,2025-12-24,0.158,0.131,0.128,0.246
henan_north,2025-12-25,0.153,0.131,0.128,0.246
henan_north,2025-12-26,0.146,0.131,0.129,0.246
henan_north,2025-12-27,0.141,0.131,0.129,0.246
henan_north,2025-12-28,0.136,0.131,0.129,0.246
henan_north,2025-12-29,0.121,0.131,0.129,0.246
henan_north,2025-12-30,0.106,0.131,0.129,0.246
henan_north,2025-12-31,0.101,0.131,0.129,0.246
