site_id,date,soil_moisture_0_to_7cm_mean,soil_moisture_7_to_28cm_mean,soil_moisture_28_to_100cm_mean,soil_moisture_100_to_255cm_mean
shaanxi_guanzhong,1981-01-01,0.341,0.344,0.359,0.362
shaanxi_guanzhong,1981-01-02,0.339,0.344,0.358,0.364
shaanxi_guanzhong,1981-01-03,0.339,0.343,0.358,0.364
shaanxi_guanzhong,1981-01-04,0.338,0.343,0.357,0.364
shaanxi_guanzhong,1981-01-05,0.338,0.342,0.357,0.364
shaanxi_guanzhong,1981-01-06,0.337,0.342,0.357,0.364
shaanxi_guanzhong,1981-01-07,0.34,0.342,0.356,0.364
shaanxi_guanzhong,1981-01-08,0.347,0.342,0.356,0.363
shaanxi_guanzhong,1981-01-09,0.353,0.344,0.356,0.363
shaanxi_guanzhong,1981-01-10,0.354,0.346,0.355,0.363
shaanxi_guanzhong,1981-01-11,0.355,0.348,0.355,0.363
shaanxi_guanzhong,1981-01-12,0.357,0.349,0.355,0.363
shaanxi_guanzhong,1981-01-13,0.357,0.351,0.354,0.363
shaanxi_guanzhong,1981-01-14,0.356,0.351,0.354,0.363
shaanxi_guanzhong,1981-01-15,0.353,0.351,0.354,0.363
shaanxi_guanzhong,1981-01-16,0.35,0.351,0.354,0.363
shaanxi_guanzhong,1981-01-17,0.348,0.35,0.353,0.363
shaanxi_guanzhong,1981-01-18,0.346,0.349,0.353,0.363
shaanxi_guanzhong,1981-01-19,0.344,0.348,0.353,0.363
shaanxi_guanzhong,1981-01-20,0.345,0.347,0.353,0.363
shaanxi_guanzhong,1981-01-21,0.346,0.347,0.352,0.363
shaanxi_guanzhong,1981-01-22,0.345,0.347,0.352,0.363
shaanxi_guanzhong,1981-01-23,0.343,0.346,0.352,0.362
shaanxi_guanzhong,1981-01-24,0.343,0.346,0.352,0.362
shaanxi_guanzhong,1981-01-25,0.343,0.345,0.351,0.362
shaanxi_guanzhong,1981-01-26,0.342,0.345,0.351,0.362
shaanxi_guanzhong,1981-01-27,0.342,0.345,0.351,0.362
shaanxi_guanzhong,1981-01-28,0.345,0.344,0.351,0.362
shaanxi_guanzhong,1981-01-29,0.35,0.345,0.351,0.362
shaanxi_guanzhong,1981-01-30,0.357,0.347,0.351,0.362
shaanxi_guanzhong,1981-01-31,0.366,0.35,0.35,0.362
shaanxi_guanzhong,1981-02-01,0.37,0.355,0.35,0.362
shaanxi_guanzhong,1981-02-02,0.372,0.358,0.35,0.362
shaanxi_guanzhong,1981-02-03,0.37,0.36,0.351,0.362
shaanxi_guanzhong,1981-02-04,0.366,0.361,0.351,0.362
shaanxi_guanzhong,1981-02-05,0.363,0.361,0.351,0.362
shaanxi_guanzhong,1981-02-06,0.36,0.359,0.351,0.361
shaanxi_guanzhong,1981-02-07,0.356,0.357,0.351,0.361
shaanxi_guanzhong,1981-02-08,0.352,0.355,0.351,0.361
shaanxi_guanzhong,1981-02-09,0.349,0.353,0.35,0.361
shaanxi_guanzhong,1981-02-10,0.347,0.351,0.35,0.361
shaanxi_guanzhong,1981-02-11,0.343,0.349,0.35,0.361
shaanxi_guanzhong,1981-02-12,0.341,0.347,0.349,0.361
shaanxi_guanzhong,1981-02-13,0.338,0.345,0.349,0.361
shaanxi_guanzhong,1981-02-14,0.334,0.342,0.349,0.361
shaanxi_guanzhong,1981-02-15,0.366,0.345,0.348,0.361
shaanxi_guanzhong,1981-02-16,0.395,0.374,0.349,0.361
shaanxi_guanzhong,1981-02-17,0.383,0.377,0.35,0.361
shaanxi_guanzhong,1981-02-18,0.381,0.375,0.351,0.361
shaanxi_guanzhong,1981-02-19,0.381,0.376,0.352,0.36
shaanxi_guanzhong,1981-02-20,0.371,0.373,0.352,0.36
shaanxi_guanzhong,1981-02-21,0.363,0.368,0.352,0.36
shaanxi_guanzhong,1981-02-22,0.359,0.364,0.352,0.36
shaanxi_guanzhong,1981-02-23,0.357,0.361,0.352,0.36
shaanxi_guanzhong,1981-02-24,0.354,0.358,0.352,0.36
shaanxi_guanzhong,1981-02-25,0.35,0.355,0.352,0.36
shaanxi_guanzhong,1981-02-26,0.348,0.353,0.352,0.36
shaanxi_guanzhong,1981-02-27,0.348,0.352,0.352,0.36
shaanxi_guanzhong,1981-02-28,0.347,0.35,0.351,0.36
shaanxi_guanzhong,1981-03-01,0.345,0.348,0.351,0.36
shaanxi_guanzhong,1981-03-02,0.341,0.345,0.35,0.36
shaanxi_guanzhong,1981-03-03,0.338,0.343,0.35,0.36
shaanxi_guanzhong,1981-03-04,0.332,0.339,0.349,0.36
shaanxi_guanzhong,1981-03-05,0.327,0.336,0.348,0.36
shaanxi_guanzhong,1981-03-06,0.322,0.332,0.347,0.359
shaanxi_guanzhong,1981-03-07,0.317,0.328,0.346,0.359
shaanxi_guanzhong,1981-03-08,0.311,0.324,0.345,0.359
shaanxi_guanzhong,1981-03-09,0.306,0.32,0.344,0.359
shaanxi_guanzhong,1981-03-10,0.301,0.316,0.343,0.359
shaanxi_guanzhong,1981-03-11,0.297,0.312,0.341,0.359
shaanxi_guanzhong,1981-03-12,0.294,0.309,0.34,0.359
shaanxi_guanzhong,1981-03-13,0.29,0.305,0.339,0.359
shaanxi_guanzhong,1981-03-14,0.284,0.302,0.337,0.358
shaanxi_guanzhong,1981-03-15,0.279,0.298,0.336,0.358
shaanxi_guanzhong,1981-03-16,0.273,0.294,0.334,0.358
shaanxi_guanzhong,1981-03-17,0.269,0.291,0.333,0.358
shaanxi_guanzhong,1981-03-18,0.264,0.287,0.331,0.358
shaanxi_guanzhong,1981-03-19,0.271,0.284,0.33,0.358
shaanxi_guanzhong,1981-03-20,0.287,0.283,0.328,0.358
shaanxi_guanzhong,1981-03-21,0.276,0.28,0.327,0.357
shaanxi_guanzhong,1981-03-22,0.268,0.278,0.325,0.357
shaanxi_guanzhong,1981-03-23,0.325,0.281,0.324,0.357
shaanxi_guanzhong,1981-03-24,0.339,0.297,0.323,0.357
shaanxi_guanzhong,1981-03-25,0.313,0.297,0.322,0.357
shaanxi_guanzhong,1981-03-26,0.297,0.293,0.321,0.356
shaanxi_guanzhong,1981-03-27,0.302,0.291,0.319,0.356
shaanxi_guanzhong,1981-03-28,0.307,0.292,0.319,0.356
shaanxi_guanzhong,1981-03-29,0.296,0.291,0.318,0.356
shaanxi_guanzhong,1981-03-30,0.286,0.288,0.317,0.356
shaanxi_guanzhong,1981-03-31,0.279,0.286,0.316,0.356
shaanxi_guanzhong,1981-04-01,0.291,0.285,0.315,0.355
shaanxi_guanzhong,1981-04-02,0.315,0.286,0.315,0.355
shaanxi_guanzhong,1981-04-03,0.352,0.298,0.315,0.355
shaanxi_guanzhong,1981-04-04,0.328,0.303,0.314,0.355
shaanxi_guanzhong,1981-04-05,0.311,0.302,0.313,0.355
shaanxi_guanzhong,1981-04-06,0.299,0.298,0.312,0.355
shaanxi_guanzhong,1981-04-07,0.31,0.296,0.311,0.354
shaanxi_guanzhong,1981-04-08,0.332,0.3,0.311,0.354
shaanxi_guanzhong,1981-04-09,0.313,0.3,0.311,0.354
shaanxi_guanzhong,1981-04-10,0.302,0.297,0.31,0.354
shaanxi_guanzhong,1981-04-11,0.291,0.293,0.309,0.354
shaanxi_guanzhong,1981-04-12,0.278,0.287,0.307,0.353
shaanxi_guanzhong,1981-04-13,0.27,0.283,0.306,0.353
shaanxi_guanzhong,1981-04-14,0.36,0.295,0.305,0.353
shaanxi_guanzhong,1981-04-15,0.335,0.306,0.305,0.353
shaanxi_guanzhong,1981-04-16,0.315,0.304,0.304,0.353
shaanxi_guanzhong,1981-04-17,0.345,0.305,0.303,0.352
shaanxi_guanzhong,1981-04-18,0.365,0.322,0.304,0.352
shaanxi_guanzhong,1981-04-19,0.353,0.325,0.304,0.352
shaanxi_guanzhong,1981-04-20,0.388,0.348,0.304,0.352
shaanxi_guanzhong,1981-04-21,0.354,0.347,0.305,0.352
shaanxi_guanzhong,1981-04-22,0.334,0.338,0.305,0.351
shaanxi_guanzhong,1981-04-23,0.327,0.329,0.304,0.351
shaanxi_guanzhong,1981-04-24,0.324,0.323,0.303,0.351
shaanxi_guanzhong,1981-04-25,0.309,0.316,0.303,0.351
shaanxi_guanzhong,1981-04-26,0.297,0.309,0.302,0.351
shaanxi_guanzhong,1981-04-27,0.284,0.301,0.3,0.35
shaanxi_guanzhong,1981-04-28,0.272,0.293,0.299,0.35
shaanxi_guanzhong,1981-04-29,0.262,0.286,0.297,0.35
shaanxi_guanzhong,1981-04-30,0.265,0.279,0.296,0.35
shaanxi_guanzhong,1981-05-01,0.259,0.274,0.295,0.349
shaanxi_guanzhong,1981-05-02,0.242,0.266,0.293,0.349
shaanxi_guanzhong,1981-05-03,0.231,0.259,0.291,0.349
shaanxi_guanzhong,1981-05-04,0.222,0.253,0.289,0.349
shaanxi_guanzhong,1981-05-05,0.212,0.246,0.287,0.348
shaanxi_guanzhong,1981-05-06,0.201,0.239,0.285,0.348
shaanxi_guanzhong,1981-05-07,0.191,0.231,0.282,0.348
shaanxi_guanzhong,1981-05-08,0.182,0.224,0.28,0.347
shaanxi_guanzhong,1981-05-09,0.192,0.219,0.277,0.347
shaanxi_guanzhong,1981-05-10,0.338,0.228,0.276,0.347
shaanxi_guanzhong,1981-05-11,0.302,0.238,0.275,0.346
shaanxi_guanzhong,1981-05-12,0.275,0.238,0.274,0.346
shaanxi_guanzhong,1981-05-13,0.283,0.237,0.273,0.346
shaanxi_guanzhong,1981-05-14,0.294,0.241,0.273,0.346
shaanxi_guanzhong,1981-05-15,0.266,0.238,0.271,0.345
shaanxi_guanzhong,1981-05-16,0.243,0.233,0.269,0.345
shaanxi_guanzhong,1981-05-17,0.226,0.228,0.268,0.345
shaanxi_guanzhong,1981-05-18,0.213,0.223,0.266,0.344
shaanxi_guanzhong,1981-05-19,0.203,0.219,0.265,0.344
shaanxi_guanzhong,1981-05-20,0.196,0.216,0.263,0.344
shaanxi_guanzhong,1981-05-21,0.223,0.214,0.263,0.344
shaanxi_guanzhong,1981-05-22,0.228,0.212,0.262,0.343
shaanxi_guanzhong,1981-05-23,0.22,0.209,0.26,0.343
shaanxi_guanzhong,1981-05-24,0.205,0.205,0.259,0.343
shaanxi_guanzhong,1981-05-25,0.193,0.201,0.257,0.342
shaanxi_guanzhong,1981-05-26,0.183,0.198,0.255,0.342
shaanxi_guanzhong,1981-05-27,0.181,0.194,0.253,0.342
shaanxi_guanzhong,1981-05-28,0.175,0.192,0.252,0.341
shaanxi_guanzhong,1981-05-29,0.174,0.19,0.251,0.341
shaanxi_guanzhong,1981-05-30,0.167,0.187,0.249,0.341
shaanxi_guanzhong,1981-05-31,0.16,0.184,0.247,0.34
shaanxi_guanzhong,1981-06-01,0.154,0.181,0.246,0.34
shaanxi_guanzhong,1981-06-02,0.154,0.179,0.244,0.34
shaanxi_guanzhong,1981-06-03,0.191,0.179,0.244,0.339
shaanxi_guanzhong,1981-06-04,0.209,0.178,0.243,0.339
shaanxi_guanzhong,1981-06-05,0.193,0.176,0.242,0.339
shaanxi_guanzhong,1981-06-06,0.18,0.174,0.24,0.338
shaanxi_guanzhong,1981-06-07,0.186,0.173,0.239,0.338
shaanxi_guanzhong,1981-06-08,0.22,0.174,0.239,0.338
shaanxi_guanzhong,1981-06-09,0.208,0.173,0.238,0.338
shaanxi_guanzhong,1981-06-10,0.195,0.171,0.236,0.337
shaanxi_guanzhong,1981-06-11,0.209,0.171,0.236,0.337
shaanxi_guanzhong,1981-06-12,0.205,0.17,0.234,0.336
shaanxi_guanzhong,1981-06-13,0.187,0.168,0.232,0.336
shaanxi_guanzhong,1981-06-14,0.172,0.166,0.23,0.336
shaanxi_guanzhong,1981-06-15,0.161,0.164,0.229,0.335
shaanxi_guanzhong,1981-06-16,0.153,0.162,0.227,0.335
shaanxi_guanzhong,1981-06-17,0.148,0.16,0.225,0.334
shaanxi_guanzhong,1981-06-18,0.144,0.159,0.224,0.334
shaanxi_guanzhong,1981-06-19,0.141,0.157,0.222,0.334
shaanxi_guanzhong,1981-06-20,0.156,0.156,0.221,0.333
shaanxi_guanzhong,1981-06-21,0.216,0.156,0.22,0.333
shaanxi_guanzhong,1981-06-22,0.208,0.156,0.219,0.332
shaanxi_guanzhong,1981-06-23,0.218,0.157,0.219,0.332
shaanxi_guanzhong,1981-06-24,0.354,0.185,0.218,0.332
shaanxi_guanzhong,1981-06-25,0.298,0.208,0.218,0.332
shaanxi_guanzhong,1981-06-26,0.267,0.207,0.217,0.331
shaanxi_guanzhong,1981-06-27,0.276,0.206,0.217,0.331
shaanxi_guanzhong,1981-06-28,0.245,0.204,0.216,0.331
shaanxi_guanzhong,1981-06-29,0.227,0.199,0.215,0.33
shaanxi_guanzhong,1981-06-30,0.293,0.202,0.214,0.33
shaanxi_guanzhong,1981-07-01,0.256,0.202,0.213,0.33
shaanxi_guanzhong,1981-07-02,0.266,0.2,0.212,0.329
shaanxi_guanzhong,1981-07-03,0.424,0.372,0.222,0.329
shaanxi_guanzhong,1981-07-04,0.414,0.41,0.259,0.329
shaanxi_guanzhong,1981-07-05,0.428,0.425,0.293,0.329
shaanxi_guanzhong,1981-07-06,0.409,0.405,0.315,0.329
shaanxi_guanzhong,1981-07-07,0.404,0.395,0.321,0.329
shaanxi_guanzhong,1981-07-08,0.392,0.39,0.324,0.329
shaanxi_guanzhong,1981-07-09,0.379,0.379,0.326,0.329
shaanxi_guanzhong,1981-07-10,0.419,0.397,0.329,0.329
shaanxi_guanzhong,1981-07-11,0.415,0.41,0.338,0.329
shaanxi_guanzhong,1981-07-12,0.396,0.397,0.343,0.329
shaanxi_guanzhong,1981-07-13,0.416,0.408,0.348,0.329
shaanxi_guanzhong,1981-07-14,0.425,0.423,0.364,0.329
shaanxi_guanzhong,1981-07-15,0.408,0.417,0.389,0.33
shaanxi_guanzhong,1981-07-16,0.386,0.398,0.389,0.33
shaanxi_guanzhong,1981-07-17,0.37,0.383,0.386,0.331
shaanxi_guanzhong,1981-07-18,0.368,0.374,0.383,0.332
shaanxi_guanzhong,1981-07-19,0.366,0.37,0.381,0.332
shaanxi_guanzhong,1981-07-20,0.36,0.364,0.379,0.333
shaanxi_guanzhong,1981-07-21,0.35,0.358,0.376,0.333
shaanxi_guanzhong,1981-07-22,0.331,0.347,0.373,0.333
shaanxi_guanzhong,1981-07-23,0.317,0.337,0.37,0.334
shaanxi_guanzhong,1981-07-24,0.324,0.33,0.366,0.334
shaanxi_guanzhong,1981-07-25,0.365,0.342,0.364,0.334
shaanxi_guanzhong,1981-07-26,0.34,0.339,0.362,0.334
shaanxi_guanzhong,1981-07-27,0.321,0.331,0.359,0.334
shaanxi_guanzhong,1981-07-28,0.308,0.323,0.356,0.334
shaanxi_guanzhong,1981-07-29,0.317,0.318,0.354,0.334
shaanxi_guanzhong,1981-07-30,0.336,0.319,0.352,0.334
shaanxi_guanzhong,1981-07-31,0.313,0.315,0.35,0.334
shaanxi_guanzhong,1981-08-01,0.294,0.307,0.347,0.334
shaanxi_guanzhong,1981-08-02,0.278,0.299,0.344,0.334
shaanxi_guanzhong,1981-08-03,0.263,0.29,0.341,0.334
shaanxi_guanzhong,1981-08-04,0.249,0.281,0.337,0.334
shaanxi_guanzhong,1981-08-05,0.238,0.274,0.334,0.334
shaanxi_guanzhong,1981-08-06,0.251,0.269,0.331,0.334
shaanxi_guanzhong,1981-08-07,0.247,0.265,0.329,0.334
shaanxi_guanzhong,1981-08-08,0.241,0.261,0.326,0.334
shaanxi_guanzhong,1981-08-09,0.325,0.296,0.324,0.334
shaanxi_guanzhong,1981-08-10,0.393,0.381,0.328,0.334
shaanxi_guanzhong,1981-08-11,0.363,0.366,0.33,0.333
shaanxi_guanzhong,1981-08-12,0.362,0.357,0.33,0.333
shaanxi_guanzhong,1981-08-13,0.344,0.349,0.329,0.333
shaanxi_guanzhong,1981-08-14,0.354,0.343,0.328,0.333
shaanxi_guanzhong,1981-08-15,0.429,0.41,0.348,0.333
shaanxi_guanzhong,1981-08-16,0.431,0.432,0.41,0.334
shaanxi_guanzhong,1981-08-17,0.427,0.429,0.43,0.341
shaanxi_guanzhong,1981-08-18,0.429,0.43,0.43,0.35
shaanxi_guanzhong,1981-08-19,0.428,0.428,0.431,0.361
shaanxi_guanzhong,1981-08-20,0.423,0.425,0.43,0.368
shaanxi_guanzhong,1981-08-21,0.42,0.422,0.427,0.373
shaanxi_guanzhong,1981-08-22,0.428,0.429,0.43,0.379
shaanxi_guanzhong,1981-08-23,0.428,0.429,0.43,0.384
shaanxi_guanzhong,1981-08-24,0.424,0.425,0.43,0.392
shaanxi_guanzhong,1981-08-25,0.402,0.41,0.425,0.395
shaanxi_guanzhong,1981-08-26,0.385,0.395,0.42,0.397
shaanxi_guanzhong,1981-08-27,0.371,0.383,0.415,0.399
shaanxi_guanzhong,1981-08-28,0.374,0.376,0.41,0.399
shaanxi_guanzhong,1981-08-29,0.377,0.377,0.408,0.4
shaanxi_guanzhong,1981-08-30,0.369,0.373,0.405,0.4
shaanxi_guanzhong,1981-08-31,0.418,0.394,0.404,0.4
shaanxi_guanzhong,1981-09-01,0.428,0.431,0.422,0.401
shaanxi_guanzhong,1981-09-02,0.427,0.427,0.432,0.409
shaanxi_guanzhong,1981-09-03,0.42,0.418,0.429,0.415
shaanxi_guanzhong,1981-09-04,0.415,0.412,0.426,0.417
shaanxi_guanzhong,1981-09-05,0.428,0.428,0.429,0.419
shaanxi_guanzhong,1981-09-06,0.429,0.429,0.432,0.424
shaanxi_guanzhong,1981-09-07,0.429,0.43,0.433,0.43
shaanxi_guanzhong,1981-09-08,0.408,0.414,0.428,0.431
shaanxi_guanzhong,1981-09-09,0.405,0.405,0.419,0.431
shaanxi_guanzhong,1981-09-10,0.397,0.402,0.41,0.43
shaanxi_guanzhong,1981-09-11,0.388,0.395,0.403,0.429
shaanxi_guanzhong,1981-09-12,0.379,0.388,0.396,0.428
shaanxi_guanzhong,1981-09-13,0.383,0.384,0.39,0.427
shaanxi_guanzhong,1981-09-14,0.386,0.385,0.385,0.426
shaanxi_guanzhong,1981-09-15,0.374,0.381,0.381,0.425
shaanxi_guanzhong,1981-09-16,0.365,0.374,0.377,0.424
shaanxi_guanzhong,1981-09-17,0.356,0.367,0.373,0.423
shaanxi_guanzhong,1981-09-18,0.346,0.359,0.369,0.422
shaanxi_guanzhong,1981-09-19,0.337,0.351,0.364,0.421
shaanxi_guanzhong,1981-09-20,0.332,0.345,0.361,0.42
shaanxi_guanzhong,1981-09-21,0.328,0.341,0.358,0.419
shaanxi_guanzhong,1981-09-22,0.387,0.368,0.357,0.418
shaanxi_guanzhong,1981-09-23,0.408,0.41,0.365,0.418
shaanxi_guanzhong,1981-09-24,0.387,0.395,0.366,0.417
shaanxi_guanzhong,1981-09-25,0.373,0.383,0.364,0.416
shaanxi_guanzhong,1981-09-26,0.363,0.373,0.362,0.416
shaanxi_guanzhong,1981-09-27,0.38,0.37,0.36,0.415
shaanxi_guanzhong,1981-09-28,0.423,0.419,0.37,0.414
shaanxi_guanzhong,1981-09-29,0.413,0.412,0.379,0.414
shaanxi_guanzhong,1981-09-30,0.407,0.41,0.381,0.414
shaanxi_guanzhong,1981-10-01,0.393,0.4,0.382,0.413
shaanxi_guanzhong,1981-10-02,0.402,0.396,0.381,0.413
shaanxi_guanzhong,1981-10-03,0.429,0.422,0.385,0.413
shaanxi_guanzhong,1981-10-04,0.424,0.425,0.396,0.413
shaanxi_guanzhong,1981-10-05,0.409,0.413,0.399,0.414
shaanxi_guanzhong,1981-10-06,0.404,0.406,0.398,0.414
shaanxi_guanzhong,1981-10-07,0.408,0.407,0.397,0.414
shaanxi_guanzhong,1981-10-08,0.396,0.401,0.396,0.414
shaanxi_guanzhong,1981-10-09,0.382,0.392,0.394,0.414
shaanxi_guanzhong,1981-10-10,0.374,0.384,0.391,0.413
shaanxi_guanzhong,1981-10-11,0.366,0.378,0.388,0.413
shaanxi_guanzhong,1981-10-12,0.359,0.371,0.385,0.413
shaanxi_guanzhong,1981-10-13,0.353,0.365,0.382,0.413
shaanxi_guanzhong,1981-10-14,0.37,0.364,0.379,0.412
shaanxi_guanzhong,1981-10-15,0.386,0.371,0.377,0.412
shaanxi_guanzhong,1981-10-16,0.375,0.373,0.376,0.411
shaanxi_guanzhong,1981-10-17,0.378,0.373,0.374,0.411
shaanxi_guanzhong,1981-10-18,0.375,0.372,0.372,0.411
shaanxi_guanzhong,1981-10-19,0.41,0.385,0.371,0.41
shaanxi_guanzhong,1981-10-20,0.423,0.413,0.374,0.41
shaanxi_guanzhong,1981-10-21,0.418,0.416,0.38,0.41
shaanxi_guanzhong,1981-10-22,0.399,0.406,0.383,0.409
shaanxi_guanzhong,1981-10-23,0.387,0.395,0.383,0.409
shaanxi_guanzhong,1981-10-24,0.378,0.387,0.381,0.409
shaanxi_guanzhong,1981-10-25,0.371,0.38,0.38,0.409
shaanxi_guanzhong,1981-10-26,0.366,0.375,0.378,0.408
shaanxi_guanzhong,1981-10-27,0.378,0.374,0.377,0.408
shaanxi_guanzhong,1981-10-28,0.376,0.376,0.375,0.408
shaanxi_guanzhong,1981-10-29,0.365,0.371,0.374,0.407
shaanxi_guanzhong,1981-10-30,0.358,0.367,0.372,0.407
shaanxi_guanzhong,1981-10-31,0.369,0.364,0.37,0.407
shaanxi_guanzhong,1981-11-01,0.416,0.401,0.37,0.406
shaanxi_guanzhong,1981-11-02,0.395,0.399,0.373,0.406
shaanxi_guanzhong,1981-11-03,0.391,0.393,0.373,0.406
shaanxi_guanzhong,1981-11-04,0.395,0.39,0.373,0.406
shaanxi_guanzhong,1981-11-05,0.431,0.422,0.38,0.405
shaanxi_guanzhong,1981-11-06,0.42,0.421,0.393,0.405
shaanxi_guanzhong,1981-11-07,0.418,0.417,0.397,0.406
shaanxi_guanzhong,1981-11-08,0.402,0.409,0.399,0.406
shaanxi_guanzhong,1981-11-09,0.392,0.4,0.398,0.406
shaanxi_guanzhong,1981-11-10,0.385,0.394,0.397,0.406
shaanxi_guanzhong,1981-11-11,0.38,0.388,0.395,0.406
shaanxi_guanzhong,1981-11-12,0.375,0.384,0.393,0.406
shaanxi_guanzhong,1981-11-13,0.371,0.38,0.391,0.406
shaanxi_guanzhong,1981-11-14,0.369,0.377,0.389,0.406
shaanxi_guanzhong,1981-11-15,0.366,0.374,0.387,0.406
shaanxi_guanzhong,1981-11-16,0.362,0.371,0.385,0.406
shaanxi_guanzhong,1981-11-17,0.358,0.367,0.383,0.405
shaanxi_guanzhong,1981-11-18,0.356,0.365,0.381,0.405
shaanxi_guanzhong,1981-11-19,0.355,0.363,0.38,0.405
shaanxi_guanzhong,1981-11-20,0.353,0.361,0.378,0.405
shaanxi_guanzhong,1981-11-21,0.359,0.359,0.376,0.405
shaanxi_guanzhong,1981-11-22,0.381,0.364,0.375,0.404
shaanxi_guanzhong,1981-11-23,0.372,0.369,0.374,0.404
shaanxi_guanzhong,1981-11-24,0.364,0.367,0.373,0.404
shaanxi_guanzhong,1981-11-25,0.364,0.366,0.371,0.404
shaanxi_guanzhong,1981-11-26,0.368,0.366,0.37,0.403
shaanxi_guanzhong,1981-11-27,0.362,0.365,0.369,0.403
shaanxi_guanzhong,1981-11-28,0.361,0.363,0.368,0.403
shaanxi_guanzhong,1981-11-29,0.367,0.364,0.367,0.402
shaanxi_guanzhong,1981-11-30,0.361,0.363,0.366,0.402
shaanxi_guanzhong,1981-12-01,0.356,0.361,0.365,0.402
shaanxi_guanzhong,1981-12-02,0.354,0.359,0.364,0.402
shaanxi_guanzhong,1981-12-03,0.353,0.358,0.364,0.401
shaanxi_guanzhong,1981-12-04,0.351,0.357,0.363,0.401
shaanxi_guanzhong,1981-12-05,0.349,0.355,0.362,0.401
shaanxi_guanzhong,1981-12-06,0.348,0.353,0.361,0.4
shaanxi_guanzhong,1981-12-07,0.347,0.352,0.36,0.4
shaanxi_guanzhong,1981-12-08,0.346,0.351,0.359,0.4
shaanxi_guanzhong,1981-12-09,0.345,0.35,0.358,0.399
shaanxi_guanzhong,1981-12-10,0.344,0.349,0.357,0.399
shaanxi_guanzhong,1981-12-11,0.342,0.348,0.356,0.399
shaanxi_guanzhong,1981-12-12,0.344,0.347,0.355,0.399
shaanxi_guanzhong,1981-12-13,0.363,0.349,0.355,0.398
shaanxi_guanzhong,1981-12-14,0.361,0.352,0.354,0.398
shaanxi_guanzhong,1981-12-15,0.362,0.354,0.354,0.398
shaanxi_guanzhong,1981-12-16,0.358,0.355,0.353,0.397
shaanxi_guanzhong,1981-12-17,0.355,0.355,0.352,0.397
shaanxi_guanzhong,1981-12-18,0.352,0.354,0.352,0.397
shaanxi_guanzhong,1981-12-19,0.353,0.353,0.352,0.396
shaanxi_guanzhong,1981-12-20,0.356,0.353,0.351,0.396
shaanxi_guanzhong,1981-12-21,0.357,0.354,0.351,0.396
shaanxi_guanzhong,1981-12-22,0.358,0.354,0.35,0.396
shaanxi_guanzhong,1981-12-23,0.358,0.355,0.35,0.395
shaanxi_guanzhong,1981-12-24,0.357,0.355,0.35,0.395
shaanxi_guanzhong,1981-12-25,0.356,0.355,0.35,0.395
shaanxi_guanzhong,1981-12-26,0.354,0.354,0.349,0.394
shaanxi_guanzhong,1981-12-27,0.352,0.353,0.349,0.394
shaanxi_guanzhong,1981-12-28,0.35,0.352,0.349,0.394
shaanxi_guanzhong,1981-12-29,0.348,0.351,0.348,0.394
shaanxi_guanzhong,1981-12-30,0.351,0.351,0.348,0.393
shaanxi_guanzhong,1981-12-31,0.354,0.351,0.348,0.393
shaanxi_guanzhong,1982-01-01,0.355,0.351,0.347,0.393
shaanxi_guanzhong,1982-01-02,0.354,0.352,0.347,0.393
shaanxi_guanzhong,1982-01-03,0.353,0.352,0.347,0.392
shaanxi_guanzhong,1982-01-04,0.35,0.351,0.346,0.392
shaanxi_guanzhong,1982-01-05,0.348,0.35,0.346,0.392
shaanxi_guanzhong,1982-01-06,0.346,0.349,0.346,0.392
shaanxi_guanzhong,1982-01-07,0.344,0.347,0.345,0.391
shaanxi_guanzhong,1982-01-08,0.342,0.346,0.345,0.391
shaanxi_guanzhong,1982-01-09,0.339,0.344,0.344,0.391
shaanxi_guanzhong,1982-01-10,0.337,0.343,0.344,0.39
shaanxi_guanzhong,1982-01-11,0.335,0.341,0.343,0.39
shaanxi_guanzhong,1982-01-12,0.334,0.339,0.343,0.39
shaanxi_guanzhong,1982-01-13,0.333,0.338,0.342,0.39
shaanxi_guanzhong,1982-01-14,0.33,0.336,0.342,0.389
shaanxi_guanzhong,1982-01-15,0.329,0.335,0.341,0.389
shaanxi_guanzhong,1982-01-16,0.328,0.334,0.34,0.389
shaanxi_guanzhong,1982-01-17,0.334,0.333,0.34,0.389
shaanxi_guanzhong,1982-01-18,0.335,0.334,0.34,0.388
shaanxi_guanzhong,1982-01-19,0.333,0.334,0.339,0.388
shaanxi_guanzhong,1982-01-20,0.331,0.334,0.339,0.388
shaanxi_guanzhong,1982-01-21,0.329,0.333,0.338,0.388
shaanxi_guanzhong,1982-01-22,0.328,0.332,0.338,0.387
shaanxi_guanzhong,1982-01-23,0.328,0.332,0.338,0.387
shaanxi_guanzhong,1982-01-24,0.333,0.331,0.337,0.387
shaanxi_guanzhong,1982-01-25,0.342,0.332,0.337,0.387
shaanxi_guanzhong,1982-01-26,0.343,0.334,0.336,0.386
shaanxi_guanzhong,1982-01-27,0.341,0.335,0.336,0.386
shaanxi_guanzhong,1982-01-28,0.339,0.335,0.336,0.386
shaanxi_guanzhong,1982-01-29,0.336,0.335,0.335,0.386
shaanxi_guanzhong,1982-01-30,0.336,0.335,0.335,0.385
shaanxi_guanzhong,1982-01-31,0.346,0.336,0.335,0.385
shaanxi_guanzhong,1982-02-01,0.358,0.339,0.335,0.385
shaanxi_guanzhong,1982-02-02,0.359,0.343,0.335,0.385
shaanxi_guanzhong,1982-02-03,0.363,0.346,0.335,0.385
shaanxi_guanzhong,1982-02-04,0.363,0.35,0.335,0.384
shaanxi_guanzhong,1982-02-05,0.366,0.352,0.335,0.384
shaanxi_guanzhong,1982-02-06,0.369,0.355,0.335,0.384
shaanxi_guanzhong,1982-02-07,0.368,0.357,0.336,0.384
shaanxi_guanzhong,1982-02-08,0.366,0.358,0.336,0.383
shaanxi_guanzhong,1982-02-09,0.366,0.358,0.336,0.383
shaanxi_guanzhong,1982-02-10,0.368,0.359,0.337,0.383
shaanxi_guanzhong,1982-02-11,0.37,0.36,0.337,0.383
shaanxi_guanzhong,1982-02-12,0.368,0.361,0.338,0.383
shaanxi_guanzhong,1982-02-13,0.376,0.362,0.338,0.382
shaanxi_guanzhong,1982-02-14,0.382,0.368,0.339,0.382
shaanxi_guanzhong,1982-02-15,0.377,0.369,0.34,0.382
shaanxi_guanzhong,1982-02-16,0.373,0.367,0.34,0.382
shaanxi_guanzhong,1982-02-17,0.369,0.366,0.341,0.382
shaanxi_guanzhong,1982-02-18,0.37,0.364,0.341,0.381
shaanxi_guanzhong,1982-02-19,0.361,0.361,0.341,0.381
shaanxi_guanzhong,1982-02-20,0.354,0.357,0.341,0.381
shaanxi_guanzhong,1982-02-21,0.349,0.353,0.341,0.381
shaanxi_guanzhong,1982-02-22,0.368,0.353,0.34,0.381
shaanxi_guanzhong,1982-02-23,0.385,0.366,0.341,0.381
shaanxi_guanzhong,1982-02-24,0.365,0.364,0.341,0.38
shaanxi_guanzhong,1982-02-25,0.368,0.361,0.341,0.38
shaanxi_guanzhong,1982-02-26,0.367,0.362,0.342,0.38
shaanxi_guanzhong,1982-02-27,0.36,0.36,0.342,0.38
shaanxi_guanzhong,1982-02-28,0.353,0.356,0.342,0.38
shaanxi_guanzhong,1982-03-01,0.346,0.352,0.341,0.38
shaanxi_guanzhong,1982-03-02,0.341,0.348,0.341,0.379
shaanxi_guanzhong,1982-03-03,0.342,0.344,0.34,0.379
shaanxi_guanzhong,1982-03-04,0.36,0.346,0.34,0.379
shaanxi_guanzhong,1982-03-05,0.349,0.346,0.339,0.379
shaanxi_guanzhong,1982-03-06,0.345,0.345,0.339,0.379
shaanxi_guanzhong,1982-03-07,0.361,0.346,0.339,0.379
shaanxi_guanzhong,1982-03-08,0.354,0.348,0.339,0.378
shaanxi_guanzhong,1982-03-09,0.343,0.345,0.338,0.378
shaanxi_guanzhong,1982-03-10,0.335,0.34,0.337,0.378
shaanxi_guanzhong,1982-03-11,0.327,0.336,0.336,0.378
shaanxi_guanzhong,1982-03-12,0.325,0.332,0.336,0.378
shaanxi_guanzhong,1982-03-13,0.326,0.33,0.335,0.377
shaanxi_guanzhong,1982-03-14,0.327,0.328,0.335,0.377
shaanxi_guanzhong,1982-03-15,0.323,0.325,0.333,0.377
shaanxi_guanzhong,1982-03-16,0.363,0.328,0.333,0.377
shaanxi_guanzhong,1982-03-17,0.369,0.342,0.332,0.377
shaanxi_guanzhong,1982-03-18,0.371,0.347,0.332,0.377
shaanxi_guanzhong,1982-03-19,0.37,0.353,0.333,0.376
shaanxi_guanzhong,1982-03-20,0.355,0.351,0.333,0.376
shaanxi_guanzhong,1982-03-21,0.342,0.346,0.332,0.376
shaanxi_guanzhong,1982-03-22,0.331,0.339,0.331,0.376
shaanxi_guanzhong,1982-03-23,0.363,0.339,0.33,0.376
shaanxi_guanzhong,1982-03-24,0.396,0.368,0.331,0.375
shaanxi_guanzhong,1982-03-25,0.383,0.371,0.333,0.375
shaanxi_guanzhong,1982-03-26,0.388,0.373,0.334,0.375
shaanxi_guanzhong,1982-03-27,0.392,0.377,0.336,0.375
shaanxi_guanzhong,1982-03-28,0.4,0.382,0.337,0.375
shaanxi_guanzhong,1982-03-29,0.402,0.393,0.34,0.375
shaanxi_guanzhong,1982-03-30,0.384,0.385,0.342,0.375
shaanxi_guanzhong,1982-03-31,0.37,0.375,0.343,0.374
shaanxi_guanzhong,1982-04-01,0.393,0.378,0.343,0.374
shaanxi_guanzhong,1982-04-02,0.389,0.388,0.346,0.374
shaanxi_guanzhong,1982-04-03,0.371,0.377,0.346,0.374
shaanxi_guanzhong,1982-04-04,0.359,0.368,0.346,0.374
shaanxi_guanzhong,1982-04-05,0.348,0.359,0.345,0.374
shaanxi_guanzhong,1982-04-06,0.34,0.352,0.344,0.374
shaanxi_guanzhong,1982-04-07,0.333,0.345,0.343,0.373
shaanxi_guanzhong,1982-04-08,0.323,0.337,0.342,0.373
shaanxi_guanzhong,1982-04-09,0.315,0.33,0.34,0.373
shaanxi_guanzhong,1982-04-10,0.32,0.326,0.339,0.373
shaanxi_guanzhong,1982-04-11,0.312,0.322,0.338,0.373
shaanxi_guanzhong,1982-04-12,0.302,0.316,0.336,0.373
shaanxi_guanzhong,1982-04-13,0.291,0.309,0.334,0.372
shaanxi_guanzhong,1982-04-14,0.281,0.302,0.332,0.372
shaanxi_guanzhong,1982-04-15,0.272,0.296,0.33,0.372
shaanxi_guanzhong,1982-04-16,0.282,0.291,0.328,0.372
shaanxi_guanzhong,1982-04-17,0.395,0.325,0.327,0.372
shaanxi_guanzhong,1982-04-18,0.368,0.347,0.327,0.371
shaanxi_guanzhong,1982-04-19,0.362,0.348,0.328,0.371
shaanxi_guanzhong,1982-04-20,0.355,0.347,0.328,0.371
shaanxi_guanzhong,1982-04-21,0.337,0.34,0.327,0.371
shaanxi_guanzhong,1982-04-22,0.324,0.332,0.326,0.371
shaanxi_guanzhong,1982-04-23,0.313,0.325,0.324,0.37
shaanxi_guanzhong,1982-04-24,0.312,0.32,0.324,0.37
shaanxi_guanzhong,1982-04-25,0.312,0.317,0.323,0.37
shaanxi_guanzhong,1982-04-26,0.299,0.311,0.321,0.37
shaanxi_guanzhong,1982-04-27,0.346,0.312,0.32,0.37
shaanxi_guanzhong,1982-04-28,0.356,0.327,0.32,0.369
shaanxi_guanzhong,1982-04-29,0.362,0.33,0.32,0.369
shaanxi_guanzhong,1982-04-30,0.349,0.334,0.32,0.369
shaanxi_guanzhong,1982-05-01,0.326,0.327,0.318,0.369
shaanxi_guanzhong,1982-05-02,0.307,0.317,0.317,0.369
shaanxi_guanzhong,1982-05-03,0.291,0.307,0.315,0.368
shaanxi_guanzhong,1982-05-04,0.278,0.299,0.313,0.368
shaanxi_guanzhong,1982-05-05,0.268,0.291,0.312,0.368
shaanxi_guanzhong,1982-05-06,0.259,0.284,0.31,0.367
shaanxi_guanzhong,1982-05-07,0.248,0.276,0.307,0.367
shaanxi_guanzhong,1982-05-08,0.238,0.269,0.306,0.367
shaanxi_guanzhong,1982-05-09,0.233,0.263,0.304,0.367
shaanxi_guanzhong,1982-05-10,0.224,0.257,0.301,0.366
shaanxi_guanzhong,1982-05-11,0.237,0.252,0.3,0.366
shaanxi_guanzhong,1982-05-12,0.322,0.258,0.299,0.366
shaanxi_guanzhong,1982-05-13,0.306,0.265,0.298,0.365
shaanxi_guanzhong,1982-05-14,0.281,0.262,0.296,0.365
shaanxi_guanzhong,1982-05-15,0.262,0.258,0.295,0.365
shaanxi_guanzhong,1982-05-16,0.248,0.253,0.293,0.365
shaanxi_guanzhong,1982-05-17,0.236,0.248,0.291,0.364
shaanxi_guanzhong,1982-05-18,0.224,0.243,0.289,0.364
shaanxi_guanzhong,1982-05-19,0.21,0.236,0.287,0.363
shaanxi_guanzhong,1982-05-20,0.202,0.231,0.285,0.363
shaanxi_guanzhong,1982-05-21,0.194,0.226,0.283,0.363
shaanxi_guanzhong,1982-05-22,0.185,0.22,0.281,0.362
shaanxi_guanzhong,1982-05-23,0.176,0.214,0.278,0.362
shaanxi_guanzhong,1982-05-24,0.173,0.21,0.275,0.361
shaanxi_guanzhong,1982-05-25,0.173,0.206,0.273,0.361
shaanxi_guanzhong,1982-05-26,0.175,0.203,0.272,0.361
shaanxi_guanzhong,1982-05-27,0.191,0.202,0.271,0.36
shaanxi_guanzhong,1982-05-28,0.186,0.2,0.269,0.36
shaanxi_guanzhong,1982-05-29,0.289,0.202,0.268,0.36
shaanxi_guanzhong,1982-05-30,0.285,0.208,0.268,0.359
shaanxi_guanzhong,1982-05-31,0.258,0.209,0.266,0.359
shaanxi_guanzhong,1982-06-01,0.318,0.214,0.265,0.359
shaanxi_guanzhong,1982-06-02,0.291,0.222,0.264,0.358
shaanxi_guanzhong,1982-06-03,0.262,0.221,0.263,0.358
shaanxi_guanzhong,1982-06-04,0.244,0.219,0.262,0.358
shaanxi_guanzhong,1982-06-05,0.229,0.216,0.261,0.357
shaanxi_guanzhong,1982-06-06,0.215,0.213,0.259,0.357
shaanxi_guanzhong,1982-06-07,0.202,0.208,0.258,0.356
shaanxi_guanzhong,1982-06-08,0.193,0.204,0.256,0.356
shaanxi_guanzhong,1982-06-09,0.182,0.2,0.254,0.356
shaanxi_guanzhong,1982-06-10,0.173,0.196,0.253,0.355
shaanxi_guanzhong,1982-06-11,0.194,0.194,0.252,0.355
shaanxi_guanzhong,1982-06-12,0.2,0.192,0.25,0.354
shaanxi_guanzhong,1982-06-13,0.186,0.189,0.249,0.354
shaanxi_guanzhong,1982-06-14,0.178,0.186,0.247,0.354
shaanxi_guanzhong,1982-06-15,0.193,0.183,0.246,0.353
shaanxi_guanzhong,1982-06-16,0.18,0.181,0.244,0.353
shaanxi_guanzhong,1982-06-17,0.168,0.177,0.242,0.352
shaanxi_guanzhong,1982-06-18,0.159,0.174,0.239,0.352
shaanxi_guanzhong,1982-06-19,0.153,0.171,0.238,0.351
shaanxi_guanzhong,1982-06-20,0.152,0.169,0.236,0.351
shaanxi_guanzhong,1982-06-21,0.175,0.169,0.236,0.35
shaanxi_guanzhong,1982-06-22,0.169,0.167,0.234,0.35
shaanxi_guanzhong,1982-06-23,0.159,0.165,0.232,0.349
shaanxi_guanzhong,1982-06-24,0.152,0.163,0.23,0.349
shaanxi_guanzhong,1982-06-25,0.146,0.161,0.228,0.348
shaanxi_guanzhong,1982-06-26,0.159,0.16,0.227,0.348
shaanxi_guanzhong,1982-06-27,0.32,0.174,0.227,0.347
shaanxi_guanzhong,1982-06-28,0.331,0.224,0.227,0.347
shaanxi_guanzhong,1982-06-29,0.287,0.227,0.226,0.347
shaanxi_guanzhong,1982-06-30,0.259,0.225,0.226,0.346
shaanxi_guanzhong,1982-07-01,0.237,0.22,0.225,0.346
shaanxi_guanzhong,1982-07-02,0.218,0.215,0.224,0.346
shaanxi_guanzhong,1982-07-03,0.202,0.209,0.223,0.345
shaanxi_guanzhong,1982-07-04,0.188,0.203,0.222,0.345
shaanxi_guanzhong,1982-07-05,0.177,0.197,0.221,0.344
shaanxi_guanzhong,1982-07-06,0.168,0.192,0.219,0.344
shaanxi_guanzhong,1982-07-07,0.161,0.187,0.218,0.343
shaanxi_guanzhong,1982-07-08,0.23,0.187,0.218,0.343
shaanxi_guanzhong,1982-07-09,0.354,0.228,0.218,0.343
shaanxi_guanzhong,1982-07-10,0.353,0.256,0.218,0.342
shaanxi_guanzhong,1982-07-11,0.315,0.263,0.218,0.342
shaanxi_guanzhong,1982-07-12,0.362,0.272,0.218,0.342
shaanxi_guanzhong,1982-07-13,0.336,0.286,0.218,0.341
shaanxi_guanzhong,1982-07-14,0.302,0.282,0.218,0.341
shaanxi_guanzhong,1982-07-15,0.279,0.274,0.218,0.341
shaanxi_guanzhong,1982-07-16,0.261,0.266,0.218,0.34
shaanxi_guanzhong,1982-07-17,0.242,0.256,0.218,0.34
shaanxi_guanzhong,1982-07-18,0.226,0.248,0.217,0.34
shaanxi_guanzhong,1982-07-19,0.211,0.238,0.216,0.339
shaanxi_guanzhong,1982-07-20,0.198,0.23,0.215,0.339
shaanxi_guanzhong,1982-07-21,0.259,0.231,0.215,0.338
shaanxi_guanzhong,1982-07-22,0.405,0.327,0.216,0.338
shaanxi_guanzhong,1982-07-23,0.395,0.361,0.222,0.338
shaanxi_guanzhong,1982-07-24,0.355,0.348,0.226,0.338
shaanxi_guanzhong,1982-07-25,0.324,0.33,0.228,0.337
shaanxi_guanzhong,1982-07-26,0.305,0.316,0.228,0.337
shaanxi_guanzhong,1982-07-27,0.295,0.306,0.229,0.337
shaanxi_guanzhong,1982-07-28,0.295,0.299,0.229,0.337
shaanxi_guanzhong,1982-07-29,0.424,0.383,0.237,0.336
shaanxi_guanzhong,1982-07-30,0.43,0.427,0.297,0.336
shaanxi_guanzhong,1982-07-31,0.426,0.424,0.339,0.336
shaanxi_guanzhong,1982-08-01,0.422,0.421,0.364,0.336
shaanxi_guanzhong,1982-08-02,0.407,0.408,0.37,0.337
shaanxi_guanzhong,1982-08-03,0.39,0.397,0.371,0.337
shaanxi_guanzhong,1982-08-04,0.405,0.405,0.371,0.338
shaanxi_guanzhong,1982-08-05,0.392,0.401,0.374,0.338
shaanxi_guanzhong,1982-08-06,0.372,0.385,0.373,0.339
shaanxi_guanzhong,1982-08-07,0.379,0.377,0.371,0.339
shaanxi_guanzhong,1982-08-08,0.361,0.369,0.369,0.339
shaanxi_guanzhong,1982-08-09,0.367,0.363,0.367,0.34
shaanxi_guanzhong,1982-08-10,0.357,0.36,0.365,0.34
shaanxi_guanzhong,1982-08-11,0.344,0.352,0.363,0.34
shaanxi_guanzhong,1982-08-12,0.36,0.35,0.361,0.34
shaanxi_guanzhong,1982-08-13,0.402,0.385,0.361,0.34
shaanxi_guanzhong,1982-08-14,0.386,0.384,0.361,0.341
shaanxi_guanzhong,1982-08-15,0.394,0.384,0.361,0.341
shaanxi_guanzhong,1982-08-16,0.404,0.393,0.362,0.341
shaanxi_guanzhong,1982-08-17,0.394,0.399,0.365,0.341
shaanxi_guanzhong,1982-08-18,0.372,0.383,0.365,0.341
shaanxi_guanzhong,1982-08-19,0.36,0.372,0.363,0.341
shaanxi_guanzhong,1982-08-20,0.354,0.363,0.362,0.341
shaanxi_guanzhong,1982-08-21,0.399,0.374,0.361,0.342
shaanxi_guanzhong,1982-08-22,0.376,0.376,0.361,0.342
shaanxi_guanzhong,1982-08-23,0.385,0.374,0.361,0.342
shaanxi_guanzhong,1982-08-24,0.405,0.395,0.362,0.342
shaanxi_guanzhong,1982-08-25,0.386,0.389,0.364,0.342
shaanxi_guanzhong,1982-08-26,0.371,0.379,0.364,0.342
shaanxi_guanzhong,1982-08-27,0.362,0.37,0.363,0.342
shaanxi_guanzhong,1982-08-28,0.392,0.372,0.362,0.343
shaanxi_guanzhong,1982-08-29,0.43,0.418,0.369,0.343
shaanxi_guanzhong,1982-08-30,0.429,0.429,0.408,0.344
shaanxi_guanzhong,1982-08-31,0.427,0.428,0.418,0.347
shaanxi_guanzhong,1982-09-01,0.425,0.427,0.423,0.351
shaanxi_guanzhong,1982-09-02,0.43,0.431,0.425,0.355
shaanxi_guanzhong,1982-09-03,0.426,0.428,0.429,0.36
shaanxi_guanzhong,1982-09-04,0.425,0.423,0.426,0.365
shaanxi_guanzhong,1982-09-05,0.41,0.42,0.427,0.369
shaanxi_guanzhong,1982-09-06,0.392,0.401,0.421,0.373
shaanxi_guanzhong,1982-09-07,0.411,0.412,0.419,0.375
shaanxi_guanzhong,1982-09-08,0.406,0.417,0.421,0.377
shaanxi_guanzhong,1982-09-09,0.39,0.401,0.416,0.379
shaanxi_guanzhong,1982-09-10,0.388,0.391,0.413,0.381
shaanxi_guanzhong,1982-09-11,0.4,0.392,0.41,0.382
shaanxi_guanzhong,1982-09-12,0.418,0.412,0.41,0.383
shaanxi_guanzhong,1982-09-13,0.412,0.415,0.411,0.383
shaanxi_guanzhong,1982-09-14,0.394,0.404,0.41,0.384
shaanxi_guanzhong,1982-09-15,0.396,0.397,0.408,0.385
shaanxi_guanzhong,1982-09-16,0.417,0.408,0.407,0.386
shaanxi_guanzhong,1982-09-17,0.425,0.424,0.412,0.387
shaanxi_guanzhong,1982-09-18,0.413,0.418,0.415,0.388
shaanxi_guanzhong,1982-09-19,0.397,0.407,0.413,0.389
shaanxi_guanzhong,1982-09-20,0.386,0.396,0.41,0.39
shaanxi_guanzhong,1982-09-21,0.4,0.396,0.408,0.391
shaanxi_guanzhong,1982-09-22,0.421,0.421,0.411,0.392
shaanxi_guanzhong,1982-09-23,0.405,0.412,0.413,0.393
shaanxi_guanzhong,1982-09-24,0.408,0.408,0.412,0.394
shaanxi_guanzhong,1982-09-25,0.427,0.425,0.415,0.394
shaanxi_guanzhong,1982-09-26,0.418,0.422,0.421,0.396
shaanxi_guanzhong,1982-09-27,0.401,0.411,0.419,0.398
shaanxi_guanzhong,1982-09-28,0.39,0.4,0.416,0.399
shaanxi_guanzhong,1982-09-29,0.387,0.392,0.413,0.399
shaanxi_guanzhong,1982-09-30,0.403,0.398,0.411,0.4
shaanxi_guanzhong,1982-10-01,0.417,0.409,0.41,0.4
shaanxi_guanzhong,1982-10-02,0.403,0.409,0.412,0.401
shaanxi_guanzhong,1982-10-03,0.389,0.399,0.41,0.401
shaanxi_guanzhong,1982-10-04,0.379,0.39,0.408,0.401
shaanxi_guanzhong,1982-10-05,0.37,0.381,0.405,0.402
shaanxi_guanzhong,1982-10-06,0.362,0.374,0.402,0.402
shaanxi_guanzhong,1982-10-07,0.355,0.368,0.399,0.402
shaanxi_guanzhong,1982-10-08,0.351,0.362,0.396,0.402
shaanxi_guanzhong,1982-10-09,0.349,0.358,0.394,0.401
shaanxi_guanzhong,1982-10-10,0.345,0.355,0.391,0.401
shaanxi_guanzhong,1982-10-11,0.344,0.353,0.389,0.401
shaanxi_guanzhong,1982-10-12,0.364,0.354,0.387,0.401
shaanxi_guanzhong,1982-10-13,0.412,0.389,0.387,0.401
shaanxi_guanzhong,1982-10-14,0.398,0.402,0.391,0.401
shaanxi_guanzhong,1982-10-15,0.384,0.393,0.391,0.4
shaanxi_guanzhong,1982-10-16,0.407,0.402,0.391,0.4
shaanxi_guanzhong,1982-10-17,0.399,0.406,0.393,0.4
shaanxi_guanzhong,1982-10-18,0.385,0.395,0.393,0.4
shaanxi_guanzhong,1982-10-19,0.375,0.386,0.392,0.4
shaanxi_guanzhong,1982-10-20,0.368,0.379,0.39,0.4
shaanxi_guanzhong,1982-10-21,0.361,0.372,0.388,0.4
shaanxi_guanzhong,1982-10-22,0.364,0.367,0.386,0.4
shaanxi_guanzhong,1982-10-23,0.414,0.408,0.388,0.399
shaanxi_guanzhong,1982-10-24,0.4,0.403,0.39,0.399
shaanxi_guanzhong,1982-10-25,0.404,0.401,0.391,0.399
shaanxi_guanzhong,1982-10-26,0.394,0.399,0.392,0.399
shaanxi_guanzhong,1982-10-27,0.386,0.393,0.391,0.399
shaanxi_guanzhong,1982-10-28,0.392,0.39,0.391,0.399
shaanxi_guanzhong,1982-10-29,0.406,0.397,0.391,0.399
shaanxi_guanzhong,1982-10-30,0.423,0.418,0.395,0.399
shaanxi_guanzhong,1982-10-31,0.403,0.411,0.4,0.399
shaanxi_guanzhong,1982-11-01,0.392,0.401,0.401,0.399
shaanxi_guanzhong,1982-11-02,0.385,0.394,0.4,0.399
shaanxi_guanzhong,1982-11-03,0.381,0.389,0.399,0.399
shaanxi_guanzhong,1982-11-04,0.378,0.385,0.398,0.399
shaanxi_guanzhong,1982-11-05,0.374,0.381,0.396,0.399
shaanxi_guanzhong,1982-11-06,0.403,0.39,0.395,0.399
shaanxi_guanzhong,1982-11-07,0.403,0.396,0.395,0.399
shaanxi_guanzhong,1982-11-08,0.407,0.409,0.397,0.399
shaanxi_guanzhong,1982-11-09,0.391,0.4,0.397,0.399
shaanxi_guanzhong,1982-11-10,0.383,0.393,0.397,0.399
shaanxi_guanzhong,1982-11-11,0.378,0.387,0.396,0.399
shaanxi_guanzhong,1982-11-12,0.373,0.382,0.394,0.399
shaanxi_guanzhong,1982-11-13,0.37,0.378,0.393,0.398
shaanxi_guanzhong,1982-11-14,0.367,0.375,0.392,0.398
shaanxi_guanzhong,1982-11-15,0.368,0.372,0.39,0.398
shaanxi_guanzhong,1982-11-16,0.365,0.371,0.389,0.398
shaanxi_guanzhong,1982-11-17,0.36,0.368,0.388,0.398
shaanxi_guanzhong,1982-11-18,0.357,0.365,0.386,0.398
shaanxi_guanzhong,1982-11-19,0.353,0.362,0.385,0.398
shaanxi_guanzhong,1982-11-20,0.351,0.359,0.383,0.398
shaanxi_guanzhong,1982-11-21,0.36,0.358,0.382,0.398
shaanxi_guanzhong,1982-11-22,0.354,0.358,0.381,0.397
shaanxi_guanzhong,1982-11-23,0.35,0.356,0.379,0.397
shaanxi_guanzhong,1982-11-24,0.347,0.354,0.378,0.397
shaanxi_guanzhong,1982-11-25,0.346,0.353,0.376,0.397
shaanxi_guanzhong,1982-11-26,0.364,0.354,0.375,0.397
shaanxi_guanzhong,1982-11-27,0.406,0.372,0.374,0.397
shaanxi_guanzhong,1982-11-28,0.404,0.394,0.376,0.396
shaanxi_guanzhong,1982-11-29,0.387,0.39,0.377,0.396
shaanxi_guanzhong,1982-11-30,0.379,0.384,0.377,0.396
shaanxi_guanzhong,1982-12-01,0.373,0.38,0.377,0.396
shaanxi_guanzhong,1982-12-02,0.369,0.376,0.376,0.396
shaanxi_guanzhong,1982-12-03,0.366,0.373,0.375,0.396
shaanxi_guanzhong,1982-12-04,0.364,0.37,0.375,0.395
shaanxi_guanzhong,1982-12-05,0.36,0.367,0.374,0.395
shaanxi_guanzhong,1982-12-06,0.357,0.364,0.373,0.395
shaanxi_guanzhong,1982-12-07,0.356,0.362,0.372,0.395
shaanxi_guanzhong,1982-12-08,0.355,0.361,0.371,0.395
shaanxi_guanzhong,1982-12-09,0.354,0.359,0.37,0.395
shaanxi_guanzhong,1982-12-10,0.353,0.358,0.37,0.394
shaanxi_guanzhong,1982-12-11,0.35,0.356,0.369,0.394
shaanxi_guanzhong,1982-12-12,0.349,0.355,0.368,0.394
shaanxi_guanzhong,1982-12-13,0.349,0.354,0.367,0.394
shaanxi_guanzhong,1982-12-14,0.349,0.353,0.366,0.394
shaanxi_guanzhong,1982-12-15,0.349,0.353,0.366,0.393
shaanxi_guanzhong,1982-12-16,0.348,0.352,0.365,0.393
shaanxi_guanzhong,1982-12-17,0.348,0.351,0.364,0.393
shaanxi_guanzhong,1982-12-18,0.348,0.351,0.363,0.393
shaanxi_guanzhong,1982-12-19,0.347,0.35,0.363,0.393
shaanxi_guanzhong,1982-12-20,0.346,0.35,0.362,0.392
shaanxi_guanzhong,1982-12-21,0.344,0.349,0.361,0.392
shaanxi_guanzhong,1982-12-22,0.343,0.348,0.36,0.392
shaanxi_guanzhong,1982-12-23,0.342,0.347,0.36,0.392
shaanxi_guanzhong,1982-12-24,0.34,0.346,0.359,0.392
shaanxi_guanzhong,1982-12-25,0.338,0.345,0.358,0.391
shaanxi_guanzhong,1982-12-26,0.339,0.344,0.357,0.391
shaanxi_guanzhong,1982-12-27,0.34,0.343,0.357,0.391
shaanxi_guanzhong,1982-12-28,0.34,0.343,0.356,0.391
shaanxi_guanzhong,1982-12-29,0.339,0.342,0.355,0.391
shaanxi_guanzhong,1982-12-30,0.337,0.342,0.355,0.39
shaanxi_guanzhong,1982-12-31,0.339,0.341,0.354,0.39
shaanxi_guanzhong,1983-01-01,0.344,0.341,0.353,0.39
shaanxi_guanzhong,1983-01-02,0.348,0.342,0.353,0.39
shaanxi_guanzhong,1983-01-03,0.358,0.344,0.352,0.39
shaanxi_guanzhong,1983-01-04,0.36,0.348,0.352,0.389
shaanxi_guanzhong,1983-01-05,0.359,0.35,0.351,0.389
shaanxi_guanzhong,1983-01-06,0.358,0.352,0.351,0.389
shaanxi_guanzhong,1983-01-07,0.353,0.352,0.351,0.389
shaanxi_guanzhong,1983-01-08,0.349,0.351,0.35,0.388
shaanxi_guanzhong,1983-01-09,0.348,0.351,0.35,0.388
shaanxi_guanzhong,1983-01-10,0.347,0.35,0.35,0.388
shaanxi_guanzhong,1983-01-11,0.346,0.349,0.35,0.388
shaanxi_guanzhong,1983-01-12,0.348,0.349,0.349,0.388
shaanxi_guanzhong,1983-01-13,0.35,0.349,0.349,0.387
shaanxi_guanzhong,1983-01-14,0.35,0.349,0.349,0.387
shaanxi_guanzhong,1983-01-15,0.351,0.349,0.349,0.387
shaanxi_guanzhong,1983-01-16,0.349,0.349,0.348,0.387
shaanxi_guanzhong,1983-01-17,0.35,0.349,0.348,0.387
shaanxi_guanzhong,1983-01-18,0.35,0.349,0.348,0.386
shaanxi_guanzhong,1983-01-19,0.349,0.349,0.348,0.386
shaanxi_guanzhong,1983-01-20,0.35,0.349,0.348,0.386
shaanxi_guanzhong,1983-01-21,0.351,0.349,0.347,0.386
shaanxi_guanzhong,1983-01-22,0.351,0.349,0.347,0.386
shaanxi_guanzhong,1983-01-23,0.351,0.349,0.347,0.386
shaanxi_guanzhong,1983-01-24,0.353,0.349,0.347,0.385
shaanxi_guanzhong,1983-01-25,0.352,0.349,0.347,0.385
shaanxi_guanzhong,1983-01-26,0.35,0.349,0.346,0.385
shaanxi_guanzhong,1983-01-27,0.347,0.348,0.346,0.385
shaanxi_guanzhong,1983-01-28,0.344,0.347,0.346,0.385
shaanxi_guanzhong,1983-01-29,0.341,0.346,0.345,0.384
shaanxi_guanzhong,1983-01-30,0.34,0.344,0.345,0.384
shaanxi_guanzhong,1983-01-31,0.343,0.344,0.344,0.384
shaanxi_guanzhong,1983-02-01,0.343,0.343,0.344,0.384
shaanxi_guanzhong,1983-02-02,0.341,0.342,0.344,0.384
shaanxi_guanzhong,1983-02-03,0.341,0.342,0.343,0.383
shaanxi_guanzhong,1983-02-04,0.339,0.341,0.343,0.383
shaanxi_guanzhong,1983-02-05,0.337,0.34,0.343,0.383
shaanxi_guanzhong,1983-02-06,0.335,0.339,0.342,0.383
shaanxi_guanzhong,1983-02-07,0.337,0.338,0.342,0.383
shaanxi_guanzhong,1983-02-08,0.343,0.337,0.341,0.382
shaanxi_guanzhong,1983-02-09,0.346,0.338,0.341,0.382
shaanxi_guanzhong,1983-02-10,0.344,0.339,0.341,0.382
shaanxi_guanzhong,1983-02-11,0.341,0.339,0.34,0.382
shaanxi_guanzhong,1983-02-12,0.337,0.339,0.34,0.382
shaanxi_guanzhong,1983-02-13,0.336,0.337,0.339,0.381
shaanxi_guanzhong,1983-02-14,0.337,0.337,0.339,0.381
shaanxi_guanzhong,1983-02-15,0.337,0.336,0.339,0.381
shaanxi_guanzhong,1983-02-16,0.337,0.336,0.338,0.381
shaanxi_guanzhong,1983-02-17,0.332,0.335,0.338,0.381
shaanxi_guanzhong,1983-02-18,0.328,0.333,0.337,0.381
shaanxi_guanzhong,1983-02-19,0.325,0.331,0.337,0.38
shaanxi_guanzhong,1983-02-20,0.322,0.33,0.336,0.38
shaanxi_guanzhong,1983-02-21,0.32,0.329,0.336,0.38
shaanxi_guanzhong,1983-02-22,0.319,0.327,0.335,0.38
shaanxi_guanzhong,1983-02-23,0.318,0.325,0.335,0.38
shaanxi_guanzhong,1983-02-24,0.316,0.324,0.334,0.379
shaanxi_guanzhong,1983-02-25,0.314,0.322,0.334,0.379
shaanxi_guanzhong,1983-02-26,0.312,0.321,0.333,0.379
shaanxi_guanzhong,1983-02-27,0.311,0.319,0.332,0.379
shaanxi_guanzhong,1983-02-28,0.318,0.318,0.332,0.378
shaanxi_guanzhong,1983-03-01,0.322,0.318,0.332,0.378
shaanxi_guanzhong,1983-03-02,0.318,0.318,0.331,0.378
shaanxi_guanzhong,1983-03-03,0.313,0.316,0.33,0.378
shaanxi_guanzhong,1983-03-04,0.307,0.314,0.329,0.378
shaanxi_guanzhong,1983-03-05,0.303,0.311,0.329,0.377
shaanxi_guanzhong,1983-03-06,0.299,0.309,0.328,0.377
shaanxi_guanzhong,1983-03-07,0.296,0.307,0.327,0.377
shaanxi_guanzhong,1983-03-08,0.294,0.305,0.326,0.377
shaanxi_guanzhong,1983-03-09,0.292,0.303,0.325,0.377
shaanxi_guanzhong,1983-03-10,0.287,0.3,0.324,0.376
shaanxi_guanzhong,1983-03-11,0.282,0.296,0.323,0.376
shaanxi_guanzhong,1983-03-12,0.276,0.292,0.322,0.376
shaanxi_guanzhong,1983-03-13,0.27,0.288,0.321,0.376
shaanxi_guanzhong,1983-03-14,0.268,0.286,0.32,0.375
shaanxi_guanzhong,1983-03-15,0.266,0.283,0.319,0.375
shaanxi_guanzhong,1983-03-16,0.259,0.279,0.317,0.375
shaanxi_guanzhong,1983-03-17,0.253,0.276,0.316,0.374
shaanxi_guanzhong,1983-03-18,0.249,0.273,0.315,0.374
shaanxi_guanzhong,1983-03-19,0.247,0.27,0.313,0.374
shaanxi_guanzhong,1983-03-20,0.243,0.267,0.312,0.374
shaanxi_guanzhong,1983-03-21,0.241,0.265,0.311,0.373
shaanxi_guanzhong,1983-03-22,0.33,0.269,0.31,0.373
shaanxi_guanzhong,1983-03-23,0.365,0.288,0.31,0.373
shaanxi_guanzhong,1983-03-24,0.347,0.304,0.31,0.373
shaanxi_guanzhong,1983-03-25,0.326,0.306,0.309,0.372
shaanxi_guanzhong,1983-03-26,0.317,0.306,0.309,0.372
shaanxi_guanzhong,1983-03-27,0.308,0.304,0.308,0.372
shaanxi_guanzhong,1983-03-28,0.301,0.301,0.308,0.372
shaanxi_guanzhong,1983-03-29,0.295,0.299,0.307,0.371
shaanxi_guanzhong,1983-03-30,0.293,0.296,0.307,0.371
shaanxi_guanzhong,1983-03-31,0.284,0.292,0.306,0.371
shaanxi_guanzhong,1983-04-01,0.275,0.287,0.305,0.371
shaanxi_guanzhong,1983-04-02,0.27,0.283,0.304,0.37
shaanxi_guanzhong,1983-04-03,0.265,0.279,0.303,0.37
shaanxi_guanzhong,1983-04-04,0.257,0.274,0.302,0.37
shaanxi_guanzhong,1983-04-05,0.25,0.27,0.3,0.369
shaanxi_guanzhong,1983-04-06,0.242,0.264,0.298,0.369
shaanxi_guanzhong,1983-04-07,0.234,0.259,0.297,0.369
shaanxi_guanzhong,1983-04-08,0.263,0.257,0.296,0.368
shaanxi_guanzhong,1983-04-09,0.297,0.261,0.296,0.368
shaanxi_guanzhong,1983-04-10,0.348,0.279,0.295,0.368
shaanxi_guanzhong,1983-04-11,0.383,0.347,0.296,0.368
shaanxi_guanzhong,1983-04-12,0.357,0.346,0.297,0.367
shaanxi_guanzhong,1983-04-13,0.362,0.345,0.298,0.367
shaanxi_guanzhong,1983-04-14,0.365,0.346,0.299,0.367
shaanxi_guanzhong,1983-04-15,0.364,0.346,0.299,0.367
shaanxi_guanzhong,1983-04-16,0.341,0.339,0.299,0.366
shaanxi_guanzhong,1983-04-17,0.326,0.331,0.299,0.366
shaanxi_guanzhong,1983-04-18,0.316,0.324,0.299,0.366
shaanxi_guanzhong,1983-04-19,0.316,0.318,0.298,0.366
shaanxi_guanzhong,1983-04-20,0.352,0.319,0.298,0.365
shaanxi_guanzhong,1983-04-21,0.351,0.326,0.298,0.365
shaanxi_guanzhong,1983-04-22,0.325,0.32,0.297,0.365
shaanxi_guanzhong,1983-04-23,0.308,0.313,0.296,0.364
shaanxi_guanzhong,1983-04-24,0.299,0.305,0.296,0.364
shaanxi_guanzhong,1983-04-25,0.39,0.328,0.295,0.364
shaanxi_guanzhong,1983-04-26,0.371,0.354,0.297,0.364
shaanxi_guanzhong,1983-04-27,0.346,0.344,0.297,0.363
shaanxi_guanzhong,1983-04-28,0.328,0.334,0.297,0.363
shaanxi_guanzhong,1983-04-29,0.316,0.326,0.297,0.363
shaanxi_guanzhong,1983-04-30,0.311,0.319,0.297,0.363
shaanxi_guanzhong,1983-05-01,0.3,0.312,0.296,0.362
shaanxi_guanzhong,1983-05-02,0.301,0.307,0.295,0.362
shaanxi_guanzhong,1983-05-03,0.309,0.305,0.295,0.362
shaanxi_guanzhong,1983-05-04,0.299,0.302,0.295,0.362
shaanxi_guanzhong,1983-05-05,0.287,0.296,0.294,0.362
shaanxi_guanzhong,1983-05-06,0.275,0.289,0.293,0.361
shaanxi_guanzhong,1983-05-07,0.266,0.282,0.291,0.361
shaanxi_guanzhong,1983-05-08,0.253,0.274,0.289,0.361
shaanxi_guanzhong,1983-05-09,0.241,0.267,0.288,0.36
shaanxi_guanzhong,1983-05-10,0.229,0.259,0.286,0.36
shaanxi_guanzhong,1983-05-11,0.219,0.252,0.284,0.36
shaanxi_guanzhong,1983-05-12,0.209,0.245,0.282,0.359
shaanxi_guanzhong,1983-05-13,0.216,0.24,0.281,0.359
shaanxi_guanzhong,1983-05-14,0.37,0.294,0.281,0.359
shaanxi_guanzhong,1983-05-15,0.351,0.33,0.281,0.359
shaanxi_guanzhong,1983-05-16,0.328,0.323,0.281,0.358
shaanxi_guanzhong,1983-05-17,0.314,0.316,0.281,0.358
shaanxi_guanzhong,1983-05-18,0.296,0.307,0.28,0.358
shaanxi_guanzhong,1983-05-19,0.283,0.298,0.279,0.357
shaanxi_guanzhong,1983-05-20,0.272,0.29,0.278,0.357
shaanxi_guanzhong,1983-05-21,0.278,0.284,0.277,0.357
shaanxi_guanzhong,1983-05-22,0.297,0.282,0.277,0.357
shaanxi_guanzhong,1983-05-23,0.312,0.28,0.276,0.356
shaanxi_guanzhong,1983-05-24,0.406,0.32,0.277,0.356
shaanxi_guanzhong,1983-05-25,0.429,0.412,0.288,0.356
shaanxi_guanzhong,1983-05-26,0.42,0.418,0.319,0.356
shaanxi_guanzhong,1983-05-27,0.387,0.394,0.328,0.356
shaanxi_guanzhong,1983-05-28,0.367,0.376,0.329,0.356
shaanxi_guanzhong,1983-05-29,0.354,0.364,0.329,0.355
shaanxi_guanzhong,1983-05-30,0.338,0.352,0.328,0.355
shaanxi_guanzhong,1983-05-31,0.332,0.341,0.327,0.355
shaanxi_guanzhong,1983-06-01,0.362,0.341,0.327,0.355
shaanxi_guanzhong,1983-06-02,0.34,0.338,0.326,0.355
shaanxi_guanzhong,1983-06-03,0.322,0.33,0.324,0.355
shaanxi_guanzhong,1983-06-04,0.378,0.335,0.323,0.355
shaanxi_guanzhong,1983-06-05,0.372,0.351,0.324,0.355
shaanxi_guanzhong,1983-06-06,0.35,0.347,0.323,0.355
shaanxi_guanzhong,1983-06-07,0.332,0.339,0.323,0.354
shaanxi_guanzhong,1983-06-08,0.316,0.329,0.321,0.354
shaanxi_guanzhong,1983-06-09,0.304,0.321,0.32,0.354
shaanxi_guanzhong,1983-06-10,0.293,0.313,0.318,0.354
shaanxi_guanzhong,1983-06-11,0.331,0.309,0.317,0.354
shaanxi_guanzhong,1983-06-12,0.326,0.311,0.316,0.354
shaanxi_guanzhong,1983-06-13,0.304,0.305,0.315,0.353
shaanxi_guanzhong,1983-06-14,0.292,0.3,0.313,0.353
shaanxi_guanzhong,1983-06-15,0.278,0.293,0.311,0.353
shaanxi_guanzhong,1983-06-16,0.263,0.285,0.309,0.353
shaanxi_guanzhong,1983-06-17,0.25,0.277,0.307,0.353
shaanxi_guanzhong,1983-06-18,0.262,0.271,0.305,0.352
shaanxi_guanzhong,1983-06-19,0.36,0.294,0.304,0.352
shaanxi_guanzhong,1983-06-20,0.322,0.297,0.303,0.352
shaanxi_guanzhong,1983-06-21,0.372,0.311,0.303,0.352
shaanxi_guanzhong,1983-06-22,0.411,0.363,0.304,0.352
shaanxi_guanzhong,1983-06-23,0.425,0.404,0.313,0.352
shaanxi_guanzhong,1983-06-24,0.42,0.417,0.339,0.352
shaanxi_guanzhong,1983-06-25,0.422,0.419,0.351,0.352
shaanxi_guanzhong,1983-06-26,0.402,0.405,0.359,0.352
shaanxi_guanzhong,1983-06-27,0.38,0.39,0.36,0.352
shaanxi_guanzhong,1983-06-28,0.362,0.375,0.358,0.352
shaanxi_guanzhong,1983-06-29,0.346,0.361,0.356,0.353
shaanxi_guanzhong,1983-06-30,0.37,0.361,0.355,0.353
shaanxi_guanzhong,1983-07-01,0.38,0.372,0.355,0.353
shaanxi_guanzhong,1983-07-02,0.382,0.369,0.353,0.353
shaanxi_guanzhong,1983-07-03,0.356,0.361,0.351,0.353
shaanxi_guanzhong,1983-07-04,0.342,0.352,0.35,0.353
shaanxi_guanzhong,1983-07-05,0.33,0.343,0.348,0.353
shaanxi_guanzhong,1983-07-06,0.322,0.336,0.347,0.353
shaanxi_guanzhong,1983-07-07,0.312,0.329,0.344,0.353
shaanxi_guanzhong,1983-07-08,0.301,0.321,0.342,0.353
shaanxi_guanzhong,1983-07-09,0.293,0.314,0.34,0.353
shaanxi_guanzhong,1983-07-10,0.301,0.311,0.339,0.353
shaanxi_guanzhong,1983-07-11,0.31,0.31,0.338,0.353
shaanxi_guanzhong,1983-07-12,0.31,0.31,0.337,0.353
shaanxi_guanzhong,1983-07-13,0.326,0.31,0.336,0.352
shaanxi_guanzhong,1983-07-14,0.325,0.312,0.334,0.352
shaanxi_guanzhong,1983-07-15,0.301,0.305,0.332,0.352
shaanxi_guanzhong,1983-07-16,0.283,0.297,0.33,0.352
shaanxi_guanzhong,1983-07-17,0.269,0.289,0.327,0.352
shaanxi_guanzhong,1983-07-18,0.305,0.286,0.325,0.352
shaanxi_guanzhong,1983-07-19,0.414,0.349,0.325,0.352
shaanxi_guanzhong,1983-07-20,0.416,0.394,0.333,0.352
shaanxi_guanzhong,1983-07-21,0.387,0.388,0.339,0.352
shaanxi_guanzhong,1983-07-22,0.365,0.373,0.339,0.352
shaanxi_guanzhong,1983-07-23,0.347,0.36,0.338,0.352
shaanxi_guanzhong,1983-07-24,0.331,0.347,0.337,0.352
shaanxi_guanzhong,1983-07-25,0.317,0.336,0.335,0.351
shaanxi_guanzhong,1983-07-26,0.307,0.326,0.333,0.351
shaanxi_guanzhong,1983-07-27,0.297,0.317,0.331,0.351
shaanxi_guanzhong,1983-07-28,0.342,0.317,0.33,0.351
shaanxi_guanzhong,1983-07-29,0.42,0.389,0.332,0.351
shaanxi_guanzhong,1983-07-30,0.429,0.429,0.364,0.351
shaanxi_guanzhong,1983-07-31,0.422,0.424,0.398,0.352
shaanxi_guanzhong,1983-08-01,0.402,0.411,0.399,0.354
shaanxi_guanzhong,1983-08-02,0.389,0.398,0.397,0.356
shaanxi_guanzhong,1983-08-03,0.392,0.392,0.394,0.357
shaanxi_guanzhong,1983-08-04,0.402,0.398,0.393,0.357
shaanxi_guanzhong,1983-08-05,0.418,0.411,0.395,0.358
shaanxi_guanzhong,1983-08-06,0.407,0.408,0.397,0.359
shaanxi_guanzhong,1983-08-07,0.392,0.4,0.396,0.36
shaanxi_guanzhong,1983-08-08,0.38,0.39,0.394,0.361
shaanxi_guanzhong,1983-08-09,0.381,0.382,0.391,0.362
shaanxi_guanzhong,1983-08-10,0.419,0.407,0.392,0.362
shaanxi_guanzhong,1983-08-11,0.42,0.421,0.399,0.363
shaanxi_guanzhong,1983-08-12,0.408,0.412,0.401,0.364
shaanxi_guanzhong,1983-08-13,0.397,0.403,0.4,0.365
shaanxi_guanzhong,1983-08-14,0.393,0.396,0.398,0.366
shaanxi_guanzhong,1983-08-15,0.383,0.389,0.396,0.367
shaanxi_guanzhong,1983-08-16,0.422,0.407,0.395,0.367
shaanxi_guanzhong,1983-08-17,0.43,0.431,0.425,0.37
shaanxi_guanzhong,1983-08-18,0.426,0.427,0.431,0.379
shaanxi_guanzhong,1983-08-19,0.406,0.41,0.427,0.386
shaanxi_guanzhong,1983-08-20,0.386,0.395,0.421,0.389
shaanxi_guanzhong,1983-08-21,0.388,0.387,0.415,0.39
shaanxi_guanzhong,1983-08-22,0.407,0.405,0.414,0.391
shaanxi_guanzhong,1983-08-23,0.386,0.394,0.411,0.392
shaanxi_guanzhong,1983-08-24,0.378,0.384,0.408,0.393
shaanxi_guanzhong,1983-08-25,0.365,0.375,0.405,0.393
shaanxi_guanzhong,1983-08-26,0.351,0.365,0.401,0.394
shaanxi_guanzhong,1983-08-27,0.339,0.356,0.397,0.394
shaanxi_guanzhong,1983-08-28,0.382,0.367,0.394,0.394
shaanxi_guanzhong,1983-08-29,0.369,0.372,0.392,0.394
shaanxi_guanzhong,1983-08-30,0.363,0.364,0.389,0.394
shaanxi_guanzhong,1983-08-31,0.402,0.382,0.388,0.393
shaanxi_guanzhong,1983-09-01,0.394,0.4,0.39,0.393
shaanxi_guanzhong,1983-09-02,0.374,0.385,0.389,0.393
shaanxi_guanzhong,1983-09-03,0.361,0.374,0.387,0.393
shaanxi_guanzhong,1983-09-04,0.379,0.373,0.385,0.393
shaanxi_guanzhong,1983-09-05,0.395,0.391,0.386,0.393
shaanxi_guanzhong,1983-09-06,0.397,0.389,0.386,0.393
shaanxi_guanzhong,1983-09-07,0.426,0.42,0.398,0.393
shaanxi_guanzhong,1983-09-08,0.408,0.417,0.415,0.394
shaanxi_guanzhong,1983-09-09,0.395,0.403,0.413,0.395
shaanxi_guanzhong,1983-09-10,0.387,0.396,0.41,0.396
shaanxi_guanzhong,1983-09-11,0.373,0.385,0.407,0.396
shaanxi_guanzhong,1983-09-12,0.388,0.382,0.404,0.396
shaanxi_guanzhong,1983-09-13,0.388,0.389,0.403,0.396
shaanxi_guanzhong,1983-09-14,0.371,0.381,0.4,0.397
shaanxi_guanzhong,1983-09-15,0.366,0.373,0.398,0.397
shaanxi_guanzhong,1983-09-16,0.367,0.371,0.396,0.397
shaanxi_guanzhong,1983-09-17,0.362,0.367,0.394,0.397
shaanxi_guanzhong,1983-09-18,0.377,0.368,0.392,0.397
shaanxi_guanzhong,1983-09-19,0.368,0.367,0.39,0.396
shaanxi_guanzhong,1983-09-20,0.415,0.388,0.39,0.396
shaanxi_guanzhong,1983-09-21,0.426,0.427,0.405,0.396
shaanxi_guanzhong,1983-09-22,0.428,0.429,0.424,0.398
shaanxi_guanzhong,1983-09-23,0.415,0.422,0.427,0.402
shaanxi_guanzhong,1983-09-24,0.399,0.408,0.423,0.404
shaanxi_guanzhong,1983-09-25,0.415,0.412,0.421,0.405
shaanxi_guanzhong,1983-09-26,0.428,0.43,0.429,0.408
shaanxi_guanzhong,1983-09-27,0.425,0.425,0.432,0.415
shaanxi_guanzhong,1983-09-28,0.402,0.407,0.428,0.42
shaanxi_guanzhong,1983-09-29,0.387,0.395,0.422,0.421
shaanxi_guanzhong,1983-09-30,0.376,0.385,0.417,0.421
shaanxi_guanzhong,1983-10-01,0.367,0.377,0.412,0.421
shaanxi_guanzhong,1983-10-02,0.361,0.371,0.407,0.421
shaanxi_guanzhong,1983-10-03,0.413,0.395,0.405,0.42
shaanxi_guanzhong,1983-10-04,0.428,0.427,0.417,0.42
shaanxi_guanzhong,1983-10-05,0.43,0.43,0.43,0.422
shaanxi_guanzhong,1983-10-06,0.43,0.426,0.432,0.427
shaanxi_guanzhong,1983-10-07,0.409,0.414,0.429,0.429
shaanxi_guanzhong,1983-10-08,0.391,0.398,0.422,0.429
shaanxi_guanzhong,1983-10-09,0.381,0.389,0.415,0.429
shaanxi_guanzhong,1983-10-10,0.384,0.385,0.408,0.428
shaanxi_guanzhong,1983-10-11,0.404,0.39,0.403,0.427
shaanxi_guanzhong,1983-10-12,0.429,0.426,0.41,0.427
shaanxi_guanzhong,1983-10-13,0.411,0.419,0.418,0.427
shaanxi_guanzhong,1983-10-14,0.411,0.412,0.415,0.426
shaanxi_guanzhong,1983-10-15,0.412,0.41,0.412,0.426
shaanxi_guanzhong,1983-10-16,0.429,0.426,0.412,0.426
shaanxi_guanzhong,1983-10-17,0.427,0.428,0.422,0.426
shaanxi_guanzhong,1983-10-18,0.425,0.427,0.425,0.427
shaanxi_guanzhong,1983-10-19,0.416,0.421,0.424,0.428
shaanxi_guanzhong,1983-10-20,0.408,0.412,0.42,0.427
shaanxi_guanzhong,1983-10-21,0.417,0.413,0.416,0.427
shaanxi_guanzhong,1983-10-22,0.421,0.419,0.415,0.427
shaanxi_guanzhong,1983-10-23,0.422,0.42,0.414,0.426
shaanxi_guanzhong,1983-10-24,0.428,0.427,0.416,0.426
shaanxi_guanzhong,1983-10-25,0.42,0.426,0.427,0.427
shaanxi_guanzhong,1983-10-26,0.401,0.41,0.424,0.427
shaanxi_guanzhong,1983-10-27,0.39,0.399,0.419,0.427
shaanxi_guanzhong,1983-10-28,0.382,0.39,0.414,0.426
shaanxi_guanzhong,1983-10-29,0.376,0.384,0.409,0.426
shaanxi_guanzhong,1983-10-30,0.373,0.379,0.404,0.425
shaanxi_guanzhong,1983-10-31,0.372,0.375,0.399,0.424
shaanxi_guanzhong,1983-11-01,0.365,0.371,0.394,0.424
shaanxi_guanzhong,1983-11-02,0.359,0.367,0.39,0.423
shaanxi_guanzhong,1983-11-03,0.355,0.364,0.386,0.422
shaanxi_guanzhong,1983-11-04,0.351,0.36,0.382,0.421
shaanxi_guanzhong,1983-11-05,0.347,0.357,0.379,0.421
shaanxi_guanzhong,1983-11-06,0.347,0.354,0.376,0.42
shaanxi_guanzhong,1983-11-07,0.379,0.357,0.373,0.419
shaanxi_guanzhong,1983-11-08,0.405,0.381,0.371,0.419
shaanxi_guanzhong,1983-11-09,0.41,0.396,0.371,0.418
shaanxi_guanzhong,1983-11-10,0.393,0.396,0.372,0.417
shaanxi_guanzhong,1983-11-11,0.381,0.388,0.371,0.417
shaanxi_guanzhong,1983-11-12,0.373,0.381,0.37,0.416
shaanxi_guanzhong,1983-11-13,0.368,0.376,0.368,0.415
shaanxi_guanzhong,1983-11-14,0.364,0.371,0.367,0.415
shaanxi_guanzhong,1983-11-15,0.358,0.367,0.365,0.414
shaanxi_guanzhong,1983-11-16,0.354,0.362,0.363,0.414
shaanxi_guanzhong,1983-11-17,0.35,0.358,0.361,0.413
shaanxi_guanzhong,1983-11-18,0.346,0.355,0.359,0.412
shaanxi_guanzhong,1983-11-19,0.343,0.352,0.357,0.412
shaanxi_guanzhong,1983-11-20,0.384,0.364,0.356,0.411
shaanxi_guanzhong,1983-11-21,0.391,0.388,0.357,0.411
shaanxi_guanzhong,1983-11-22,0.379,0.382,0.357,0.41
shaanxi_guanzhong,1983-11-23,0.371,0.376,0.357,0.41
shaanxi_guanzhong,1983-11-24,0.366,0.372,0.356,0.409
shaanxi_guanzhong,1983-11-25,0.362,0.368,0.355,0.409
shaanxi_guanzhong,1983-11-26,0.357,0.364,0.354,0.408
shaanxi_guanzhong,1983-11-27,0.353,0.36,0.353,0.408
shaanxi_guanzhong,1983-11-28,0.35,0.357,0.352,0.407
shaanxi_guanzhong,1983-11-29,0.347,0.354,0.351,0.407
shaanxi_guanzhong,1983-11-30,0.344,0.351,0.35,0.406
shaanxi_guanzhong,1983-12-01,0.341,0.348,0.349,0.406
shaanxi_guanzhong,1983-12-02,0.341,0.346,0.348,0.405
shaanxi_guanzhong,1983-12-03,0.338,0.344,0.347,0.405
shaanxi_guanzhong,1983-12-04,0.336,0.342,0.346,0.404
shaanxi_guanzhong,1983-12-05,0.336,0.341,0.345,0.404
shaanxi_guanzhong,1983-12-06,0.333,0.338,0.344,0.403
shaanxi_guanzhong,1983-12-07,0.33,0.337,0.343,0.403
shaanxi_guanzhong,1983-12-08,0.328,0.335,0.342,0.402
shaanxi_guanzhong,1983-12-09,0.326,0.333,0.341,0.402
shaanxi_guanzhong,1983-12-10,0.324,0.331,0.34,0.401
shaanxi_guanzhong,1983-12-11,0.323,0.33,0.339,0.401
shaanxi_guanzhong,1983-12-12,0.322,0.329,0.338,0.401
shaanxi_guanzhong,1983-12-13,0.322,0.328,0.337,0.4
shaanxi_guanzhong,1983-12-14,0.322,0.327,0.336,0.4
shaanxi_guanzhong,1983-12-15,0.322,0.326,0.336,0.399
shaanxi_guanzhong,1983-12-16,0.324,0.325,0.335,0.399
shaanxi_guanzhong,1983-12-17,0.326,0.326,0.334,0.398
shaanxi_guanzhong,1983-12-18,0.323,0.325,0.334,0.398
shaanxi_guanzhong,1983-12-19,0.323,0.325,0.333,0.398
shaanxi_guanzhong,1983-12-20,0.323,0.324,0.332,0.397
shaanxi_guanzhong,1983-12-21,0.322,0.324,0.332,0.397
shaanxi_guanzhong,1983-12-22,0.321,0.324,0.331,0.396
shaanxi_guanzhong,1983-12-23,0.321,0.323,0.331,0.396
shaanxi_guanzhong,1983-12-24,0.321,0.323,0.33,0.396
shaanxi_guanzhong,1983-12-25,0.323,0.323,0.33,0.395
shaanxi_guanzhong,1983-12-26,0.324,0.323,0.329,0.395
shaanxi_guanzhong,1983-12-27,0.325,0.324,0.329,0.394
shaanxi_guanzhong,1983-12-28,0.324,0.324,0.329,0.394
shaanxi_guanzhong,1983-12-29,0.323,0.324,0.328,0.394
shaanxi_guanzhong,1983-12-30,0.323,0.324,0.328,0.393
shaanxi_guanzhong,1983-12-31,0.324,0.324,0.328,0.393
shaanxi_guanzhong,1984-01-01,0.328,0.324,0.327,0.393
shaanxi_guanzhong,1984-01-02,0.329,0.325,0.327,0.392
shaanxi_guanzhong,1984-01-03,0.327,0.325,0.327,0.392
shaanxi_guanzhong,1984-01-04,0.326,0.325,0.327,0.392
shaanxi_guanzhong,1984-01-05,0.327,0.325,0.326,0.391
shaanxi_guanzhong,1984-01-06,0.329,0.326,0.326,0.391
shaanxi_guanzhong,1984-01-07,0.329,0.326,0.326,0.39
shaanxi_guanzhong,1984-01-08,0.328,0.326,0.326,0.39
shaanxi_guanzhong,1984-01-09,0.328,0.326,0.326,0.39
shaanxi_guanzhong,1984-01-10,0.327,0.326,0.325,0.389
shaanxi_guanzhong,1984-01-11,0.325,0.326,0.325,0.389
shaanxi_guanzhong,1984-01-12,0.323,0.325,0.325,0.389
shaanxi_guanzhong,1984-01-13,0.32,0.324,0.324,0.389
shaanxi_guanzhong,1984-01-14,0.319,0.323,0.324,0.388
shaanxi_guanzhong,1984-01-15,0.317,0.322,0.324,0.388
shaanxi_guanzhong,1984-01-16,0.316,0.321,0.323,0.388
shaanxi_guanzhong,1984-01-17,0.316,0.32,0.323,0.387
shaanxi_guanzhong,1984-01-18,0.317,0.32,0.323,0.387
shaanxi_guanzhong,1984-01-19,0.317,0.32,0.323,0.387
shaanxi_guanzhong,1984-01-20,0.321,0.32,0.323,0.386
shaanxi_guanzhong,1984-01-21,0.323,0.32,0.323,0.386
shaanxi_guanzhong,1984-01-22,0.323,0.321,0.322,0.386
shaanxi_guanzhong,1984-01-23,0.323,0.321,0.322,0.385
shaanxi_guanzhong,1984-01-24,0.325,0.321,0.322,0.385
shaanxi_guanzhong,1984-01-25,0.33,0.322,0.322,0.385
shaanxi_guanzhong,1984-01-26,0.332,0.323,0.322,0.385
shaanxi_guanzhong,1984-01-27,0.329,0.324,0.322,0.384
shaanxi_guanzhong,1984-01-28,0.326,0.324,0.322,0.384
shaanxi_guanzhong,1984-01-29,0.325,0.324,0.322,0.384
shaanxi_guanzhong,1984-01-30,0.326,0.324,0.322,0.384
shaanxi_guanzhong,1984-01-31,0.333,0.324,0.322,0.383
shaanxi_guanzhong,1984-02-01,0.339,0.326,0.321,0.383
shaanxi_guanzhong,1984-02-02,0.341,0.328,0.321,0.383
shaanxi_guanzhong,1984-02-03,0.339,0.329,0.321,0.382
shaanxi_guanzhong,1984-02-04,0.346,0.33,0.321,0.382
shaanxi_guanzhong,1984-02-05,0.355,0.333,0.322,0.382
shaanxi_guanzhong,1984-02-06,0.353,0.336,0.322,0.382
shaanxi_guanzhong,1984-02-07,0.352,0.337,0.322,0.381
shaanxi_guanzhong,1984-02-08,0.355,0.339,0.322,0.381
shaanxi_guanzhong,1984-02-09,0.353,0.34,0.322,0.381
shaanxi_guanzhong,1984-02-10,0.35,0.341,0.323,0.381
shaanxi_guanzhong,1984-02-11,0.354,0.341,0.323,0.381
shaanxi_guanzhong,1984-02-12,0.367,0.344,0.323,0.38
shaanxi_guanzhong,1984-02-13,0.373,0.35,0.324,0.38
shaanxi_guanzhong,1984-02-14,0.371,0.353,0.324,0.38
shaanxi_guanzhong,1984-02-15,0.366,0.354,0.325,0.38
shaanxi_guanzhong,1984-02-16,0.359,0.353,0.325,0.379
shaanxi_guanzhong,1984-02-17,0.352,0.351,0.326,0.379
shaanxi_guanzhong,1984-02-18,0.347,0.348,0.326,0.379
shaanxi_guanzhong,1984-02-19,0.344,0.346,0.326,0.379
shaanxi_guanzhong,1984-02-20,0.34,0.343,0.326,0.379
shaanxi_guanzhong,1984-02-21,0.338,0.341,0.326,0.378
shaanxi_guanzhong,1984-02-22,0.338,0.339,0.326,0.378
shaanxi_guanzhong,1984-02-23,0.336,0.337,0.326,0.378
shaanxi_guanzhong,1984-02-24,0.335,0.336,0.326,0.378
shaanxi_guanzhong,1984-02-25,0.333,0.334,0.325,0.378
shaanxi_guanzhong,1984-02-26,0.33,0.333,0.325,0.377
shaanxi_guanzhong,1984-02-27,0.328,0.331,0.325,0.377
shaanxi_guanzhong,1984-02-28,0.331,0.329,0.324,0.377
shaanxi_guanzhong,1984-02-29,0.326,0.328,0.324,0.377
shaanxi_guanzhong,1984-03-01,0.323,0.326,0.324,0.376
shaanxi_guanzhong,1984-03-02,0.318,0.324,0.323,0.376
shaanxi_guanzhong,1984-03-03,0.314,0.321,0.323,0.376
shaanxi_guanzhong,1984-03-04,0.31,0.319,0.322,0.376
shaanxi_guanzhong,1984-03-05,0.305,0.316,0.322,0.376
shaanxi_guanzhong,1984-03-06,0.305,0.312,0.321,0.375
shaanxi_guanzhong,1984-03-07,0.316,0.312,0.32,0.375
shaanxi_guanzhong,1984-03-08,0.309,0.31,0.32,0.375
shaanxi_guanzhong,1984-03-09,0.304,0.308,0.319,0.375
shaanxi_guanzhong,1984-03-10,0.302,0.307,0.318,0.375
shaanxi_guanzhong,1984-03-11,0.303,0.305,0.318,0.374
shaanxi_guanzhong,1984-03-12,0.297,0.302,0.317,0.374
shaanxi_guanzhong,1984-03-13,0.335,0.304,0.316,0.374
shaanxi_guanzhong,1984-03-14,0.331,0.307,0.316,0.374
shaanxi_guanzhong,1984-03-15,0.325,0.309,0.315,0.373
shaanxi_guanzhong,1984-03-16,0.312,0.307,0.315,0.373
shaanxi_guanzhong,1984-03-17,0.301,0.303,0.314,0.373
shaanxi_guanzhong,1984-03-18,0.295,0.3,0.313,0.373
shaanxi_guanzhong,1984-03-19,0.291,0.298,0.312,0.372
shaanxi_guanzhong,1984-03-20,0.285,0.294,0.311,0.372
shaanxi_guanzhong,1984-03-21,0.279,0.291,0.31,0.372
shaanxi_guanzhong,1984-03-22,0.275,0.288,0.309,0.372
shaanxi_guanzhong,1984-03-23,0.271,0.284,0.308,0.371
shaanxi_guanzhong,1984-03-24,0.269,0.282,0.308,0.371
shaanxi_guanzhong,1984-03-25,0.27,0.28,0.307,0.371
shaanxi_guanzhong,1984-03-26,0.265,0.278,0.306,0.371
shaanxi_guanzhong,1984-03-27,0.283,0.276,0.305,0.37
shaanxi_guanzhong,1984-03-28,0.275,0.274,0.304,0.37
shaanxi_guanzhong,1984-03-29,0.262,0.27,0.303,0.37
shaanxi_guanzhong,1984-03-30,0.252,0.266,0.301,0.37
shaanxi_guanzhong,1984-03-31,0.247,0.263,0.3,0.369
shaanxi_guanzhong,1984-04-01,0.24,0.26,0.299,0.369
shaanxi_guanzhong,1984-04-02,0.269,0.258,0.298,0.369
shaanxi_guanzhong,1984-04-03,0.3,0.26,0.297,0.368
shaanxi_guanzhong,1984-04-04,0.38,0.293,0.297,0.368
shaanxi_guanzhong,1984-04-05,0.339,0.308,0.297,0.368
shaanxi_guanzhong,1984-04-06,0.321,0.306,0.297,0.368
shaanxi_guanzhong,1984-04-07,0.316,0.304,0.296,0.367
shaanxi_guanzhong,1984-04-08,0.344,0.306,0.296,0.367
shaanxi_guanzhong,1984-04-09,0.326,0.307,0.296,0.367
shaanxi_guanzhong,1984-04-10,0.314,0.306,0.295,0.367
shaanxi_guanzhong,1984-04-11,0.323,0.304,0.295,0.366
shaanxi_guanzhong,1984-04-12,0.319,0.304,0.295,0.366
shaanxi_guanzhong,1984-04-13,0.301,0.299,0.294,0.366
shaanxi_guanzhong,1984-04-14,0.286,0.292,0.293,0.366
shaanxi_guanzhong,1984-04-15,0.272,0.285,0.292,0.365
shaanxi_guanzhong,1984-04-16,0.265,0.278,0.29,0.365
shaanxi_guanzhong,1984-04-17,0.275,0.275,0.289,0.365
shaanxi_guanzhong,1984-04-18,0.297,0.274,0.289,0.364
shaanxi_guanzhong,1984-04-19,0.289,0.272,0.288,0.364
shaanxi_guanzhong,1984-04-20,0.292,0.271,0.288,0.364
shaanxi_guanzhong,1984-04-21,0.274,0.267,0.286,0.363
shaanxi_guanzhong,1984-04-22,0.259,0.262,0.285,0.363
shaanxi_guanzhong,1984-04-23,0.279,0.259,0.284,0.363
shaanxi_guanzhong,1984-04-24,0.281,0.259,0.283,0.363
shaanxi_guanzhong,1984-04-25,0.261,0.254,0.282,0.362
shaanxi_guanzhong,1984-04-26,0.243,0.249,0.28,0.362
shaanxi_guanzhong,1984-04-27,0.231,0.244,0.279,0.362
shaanxi_guanzhong,1984-04-28,0.221,0.239,0.277,0.361
shaanxi_guanzhong,1984-04-29,0.212,0.234,0.276,0.361
shaanxi_guanzhong,1984-04-30,0.203,0.229,0.274,0.36
shaanxi_guanzhong,1984-05-01,0.199,0.225,0.273,0.36
shaanxi_guanzhong,1984-05-02,0.298,0.227,0.272,0.36
shaanxi_guanzhong,1984-05-03,0.331,0.242,0.272,0.36
shaanxi_guanzhong,1984-05-04,0.311,0.25,0.272,0.359
shaanxi_guanzhong,1984-05-05,0.285,0.251,0.272,0.359
shaanxi_guanzhong,1984-05-06,0.264,0.247,0.27,0.359
shaanxi_guanzhong,1984-05-07,0.246,0.241,0.269,0.358
shaanxi_guanzhong,1984-05-08,0.23,0.236,0.267,0.358
shaanxi_guanzhong,1984-05-09,0.216,0.23,0.265,0.358
shaanxi_guanzhong,1984-05-10,0.205,0.225,0.264,0.357
shaanxi_guanzhong,1984-05-11,0.286,0.225,0.263,0.357
shaanxi_guanzhong,1984-05-12,0.366,0.272,0.263,0.357
shaanxi_guanzhong,1984-05-13,0.322,0.28,0.263,0.356
shaanxi_guanzhong,1984-05-14,0.315,0.279,0.263,0.356
shaanxi_guanzhong,1984-05-15,0.353,0.291,0.263,0.356
shaanxi_guanzhong,1984-05-16,0.327,0.294,0.263,0.355
shaanxi_guanzhong,1984-05-17,0.312,0.292,0.263,0.355
shaanxi_guanzhong,1984-05-18,0.293,0.287,0.262,0.355
shaanxi_guanzhong,1984-05-19,0.287,0.281,0.262,0.355
shaanxi_guanzhong,1984-05-20,0.366,0.296,0.262,0.354
shaanxi_guanzhong,1984-05-21,0.341,0.302,0.262,0.354
shaanxi_guanzhong,1984-05-22,0.379,0.318,0.262,0.354
shaanxi_guanzhong,1984-05-23,0.371,0.341,0.264,0.353
shaanxi_guanzhong,1984-05-24,0.354,0.338,0.266,0.353
shaanxi_guanzhong,1984-05-25,0.332,0.329,0.267,0.353
shaanxi_guanzhong,1984-05-26,0.342,0.323,0.267,0.353
shaanxi_guanzhong,1984-05-27,0.324,0.318,0.267,0.352
shaanxi_guanzhong,1984-05-28,0.305,0.309,0.267,0.352
shaanxi_guanzhong,1984-05-29,0.289,0.3,0.267,0.352
shaanxi_guanzhong,1984-05-30,0.277,0.292,0.266,0.352
shaanxi_guanzhong,1984-05-31,0.271,0.287,0.266,0.351
shaanxi_guanzhong,1984-06-01,0.261,0.28,0.265,0.351
shaanxi_guanzhong,1984-06-02,0.247,0.271,0.264,0.351
shaanxi_guanzhong,1984-06-03,0.234,0.262,0.263,0.35
shaanxi_guanzhong,1984-06-04,0.224,0.254,0.261,0.35
shaanxi_guanzhong,1984-06-05,0.363,0.302,0.26,0.35
shaanxi_guanzhong,1984-06-06,0.412,0.41,0.277,0.35
shaanxi_guanzhong,1984-06-07,0.378,0.384,0.285,0.349
shaanxi_guanzhong,1984-06-08,0.357,0.366,0.287,0.349
shaanxi_guanzhong,1984-06-09,0.337,0.35,0.288,0.349
shaanxi_guanzhong,1984-06-10,0.318,0.335,0.287,0.349
shaanxi_guanzhong,1984-06-11,0.302,0.322,0.287,0.348
shaanxi_guanzhong,1984-06-12,0.319,0.314,0.286,0.348
shaanxi_guanzhong,1984-06-13,0.376,0.325,0.286,0.348
shaanxi_guanzhong,1984-06-14,0.422,0.395,0.293,0.348
shaanxi_guanzhong,1984-06-15,0.392,0.397,0.306,0.348
shaanxi_guanzhong,1984-06-16,0.367,0.376,0.308,0.348
shaanxi_guanzhong,1984-06-17,0.353,0.363,0.309,0.348
shaanxi_guanzhong,1984-06-18,0.338,0.351,0.309,0.347
shaanxi_guanzhong,1984-06-19,0.324,0.339,0.308,0.347
shaanxi_guanzhong,1984-06-20,0.356,0.337,0.308,0.347
shaanxi_guanzhong,1984-06-21,0.4,0.359,0.309,0.347
shaanxi_guanzhong,1984-06-22,0.425,0.418,0.322,0.347
shaanxi_guanzhong,1984-06-23,0.425,0.419,0.335,0.347
shaanxi_guanzhong,1984-06-24,0.407,0.414,0.356,0.347
shaanxi_guanzhong,1984-06-25,0.398,0.399,0.361,0.348
shaanxi_guanzhong,1984-06-26,0.395,0.394,0.362,0.348
shaanxi_guanzhong,1984-06-27,0.385,0.389,0.363,0.348
shaanxi_guanzhong,1984-06-28,0.372,0.38,0.362,0.348
shaanxi_guanzhong,1984-06-29,0.358,0.369,0.361,0.349
shaanxi_guanzhong,1984-06-30,0.344,0.358,0.359,0.349
shaanxi_guanzhong,1984-07-01,0.354,0.351,0.357,0.349
shaanxi_guanzhong,1984-07-02,0.399,0.37,0.356,0.349
shaanxi_guanzhong,1984-07-03,0.376,0.375,0.356,0.349
shaanxi_guanzhong,1984-07-04,0.375,0.368,0.355,0.349
shaanxi_guanzhong,1984-07-05,0.424,0.411,0.364,0.349
shaanxi_guanzhong,1984-07-06,0.426,0.427,0.39,0.35
shaanxi_guanzhong,1984-07-07,0.402,0.412,0.403,0.353
shaanxi_guanzhong,1984-07-08,0.385,0.397,0.399,0.354
shaanxi_guanzhong,1984-07-09,0.388,0.389,0.396,0.355
shaanxi_guanzhong,1984-07-10,0.425,0.418,0.397,0.356
shaanxi_guanzhong,1984-07-11,0.425,0.427,0.41,0.358
shaanxi_guanzhong,1984-07-12,0.419,0.419,0.414,0.361
shaanxi_guanzhong,1984-07-13,0.421,0.423,0.414,0.363
shaanxi_guanzhong,1984-07-14,0.403,0.413,0.413,0.364
shaanxi_guanzhong,1984-07-15,0.387,0.399,0.41,0.366
shaanxi_guanzhong,1984-07-16,0.372,0.385,0.406,0.367
shaanxi_guanzhong,1984-07-17,0.399,0.391,0.403,0.368
shaanxi_guanzhong,1984-07-18,0.422,0.424,0.411,0.369
shaanxi_guanzhong,1984-07-19,0.405,0.413,0.412,0.37
shaanxi_guanzhong,1984-07-20,0.39,0.401,0.409,0.372
shaanxi_guanzhong,1984-07-21,0.375,0.388,0.406,0.372
shaanxi_guanzhong,1984-07-22,0.379,0.381,0.403,0.373
shaanxi_guanzhong,1984-07-23,0.421,0.408,0.405,0.374
shaanxi_guanzhong,1984-07-24,0.43,0.429,0.419,0.376
shaanxi_guanzhong,1984-07-25,0.426,0.43,0.429,0.381
shaanxi_guanzhong,1984-07-26,0.399,0.407,0.427,0.388
shaanxi_guanzhong,1984-07-27,0.377,0.389,0.42,0.39
shaanxi_guanzhong,1984-07-28,0.361,0.376,0.413,0.391
shaanxi_guanzhong,1984-07-29,0.352,0.366,0.408,0.392
shaanxi_guanzhong,1984-07-30,0.357,0.362,0.404,0.392
shaanxi_guanzhong,1984-07-31,0.396,0.377,0.402,0.393
shaanxi_guanzhong,1984-08-01,0.4,0.391,0.401,0.393
shaanxi_guanzhong,1984-08-02,0.401,0.393,0.401,0.393
shaanxi_guanzhong,1984-08-03,0.425,0.422,0.411,0.393
shaanxi_guanzhong,1984-08-04,0.4,0.411,0.413,0.395
shaanxi_guanzhong,1984-08-05,0.385,0.397,0.41,0.395
shaanxi_guanzhong,1984-08-06,0.374,0.387,0.407,0.396
shaanxi_guanzhong,1984-08-07,0.36,0.375,0.403,0.396
shaanxi_guanzhong,1984-08-08,0.348,0.365,0.399,0.396
shaanxi_guanzhong,1984-08-09,0.341,0.357,0.395,0.396
shaanxi_guanzhong,1984-08-10,0.33,0.349,0.392,0.396
shaanxi_guanzhong,1984-08-11,0.321,0.341,0.388,0.396
shaanxi_guanzhong,1984-08-12,0.367,0.35,0.384,0.396
shaanxi_guanzhong,1984-08-13,0.375,0.355,0.382,0.396
shaanxi_guanzhong,1984-08-14,0.392,0.384,0.38,0.395
shaanxi_guanzhong,1984-08-15,0.366,0.374,0.378,0.395
shaanxi_guanzhong,1984-08-16,0.348,0.363,0.376,0.395
shaanxi_guanzhong,1984-08-17,0.336,0.352,0.373,0.395
shaanxi_guanzhong,1984-08-18,0.33,0.345,0.371,0.394
shaanxi_guanzhong,1984-08-19,0.338,0.342,0.37,0.394
shaanxi_guanzhong,1984-08-20,0.335,0.34,0.368,0.394
shaanxi_guanzhong,1984-08-21,0.321,0.333,0.365,0.394
shaanxi_guanzhong,1984-08-22,0.314,0.326,0.362,0.393
shaanxi_guanzhong,1984-08-23,0.302,0.32,0.36,0.393
shaanxi_guanzhong,1984-08-24,0.307,0.314,0.357,0.392
shaanxi_guanzhong,1984-08-25,0.319,0.313,0.355,0.392
shaanxi_guanzhong,1984-08-26,0.308,0.31,0.352,0.392
shaanxi_guanzhong,1984-08-27,0.385,0.339,0.351,0.391
shaanxi_guanzhong,1984-08-28,0.379,0.356,0.351,0.391
shaanxi_guanzhong,1984-08-29,0.376,0.363,0.351,0.391
shaanxi_guanzhong,1984-08-30,0.355,0.357,0.35,0.391
shaanxi_guanzhong,1984-08-31,0.341,0.348,0.349,0.39
shaanxi_guanzhong,1984-09-01,0.33,0.341,0.347,0.39
shaanxi_guanzhong,1984-09-02,0.318,0.332,0.345,0.389
shaanxi_guanzhong,1984-09-03,0.307,0.324,0.343,0.389
shaanxi_guanzhong,1984-09-04,0.373,0.344,0.342,0.389
shaanxi_guanzhong,1984-09-05,0.425,0.418,0.355,0.389
shaanxi_guanzhong,1984-09-06,0.414,0.413,0.37,0.388
shaanxi_guanzhong,1984-09-07,0.405,0.404,0.374,0.388
shaanxi_guanzhong,1984-09-08,0.429,0.427,0.392,0.388
shaanxi_guanzhong,1984-09-09,0.427,0.43,0.416,0.389
shaanxi_guanzhong,1984-09-10,0.414,0.421,0.423,0.393
shaanxi_guanzhong,1984-09-11,0.395,0.406,0.419,0.395
shaanxi_guanzhong,1984-09-12,0.382,0.393,0.415,0.396
shaanxi_guanzhong,1984-09-13,0.382,0.384,0.411,0.397
shaanxi_guanzhong,1984-09-14,0.385,0.384,0.408,0.397
shaanxi_guanzhong,1984-09-15,0.377,0.378,0.405,0.397
shaanxi_guanzhong,1984-09-16,0.417,0.405,0.404,0.398
shaanxi_guanzhong,1984-09-17,0.401,0.409,0.406,0.398
shaanxi_guanzhong,1984-09-18,0.392,0.399,0.405,0.398
shaanxi_guanzhong,1984-09-19,0.384,0.39,0.403,0.398
shaanxi_guanzhong,1984-09-20,0.407,0.397,0.402,0.398
shaanxi_guanzhong,1984-09-21,0.416,0.406,0.402,0.398
shaanxi_guanzhong,1984-09-22,0.424,0.426,0.412,0.399
shaanxi_guanzhong,1984-09-23,0.427,0.429,0.423,0.4
shaanxi_guanzhong,1984-09-24,0.421,0.423,0.426,0.404
shaanxi_guanzhong,1984-09-25,0.426,0.426,0.426,0.406
shaanxi_guanzhong,1984-09-26,0.429,0.429,0.431,0.41
shaanxi_guanzhong,1984-09-27,0.426,0.428,0.431,0.415
shaanxi_guanzhong,1984-09-28,0.405,0.413,0.428,0.417
shaanxi_guanzhong,1984-09-29,0.394,0.401,0.423,0.419
shaanxi_guanzhong,1984-09-30,0.417,0.415,0.421,0.419
shaanxi_guanzhong,1984-10-01,0.421,0.425,0.423,0.419
shaanxi_guanzhong,1984-10-02,0.422,0.425,0.426,0.42
shaanxi_guanzhong,1984-10-03,0.415,0.419,0.425,0.421
shaanxi_guanzhong,1984-10-04,0.401,0.409,0.422,0.421
shaanxi_guanzhong,1984-10-05,0.389,0.398,0.419,0.421
shaanxi_guanzhong,1984-10-06,0.38,0.389,0.414,0.421
shaanxi_guanzhong,1984-10-07,0.372,0.381,0.41,0.421
shaanxi_guanzhong,1984-10-08,0.367,0.376,0.406,0.42
shaanxi_guanzhong,1984-10-09,0.364,0.372,0.402,0.42
shaanxi_guanzhong,1984-10-10,0.361,0.368,0.398,0.42
shaanxi_guanzhong,1984-10-11,0.415,0.395,0.396,0.419
shaanxi_guanzhong,1984-10-12,0.406,0.412,0.399,0.419
shaanxi_guanzhong,1984-10-13,0.392,0.401,0.398,0.418
shaanxi_guanzhong,1984-10-14,0.382,0.393,0.396,0.418
shaanxi_guanzhong,1984-10-15,0.377,0.386,0.393,0.417
shaanxi_guanzhong,1984-10-16,0.374,0.382,0.391,0.417
shaanxi_guanzhong,1984-10-17,0.368,0.377,0.388,0.417
shaanxi_guanzhong,1984-10-18,0.36,0.371,0.385,0.416
shaanxi_guanzhong,1984-10-19,0.353,0.365,0.382,0.416
shaanxi_guanzhong,1984-10-20,0.347,0.359,0.379,0.415
shaanxi_guanzhong,1984-10-21,0.343,0.354,0.377,0.415
shaanxi_guanzhong,1984-10-22,0.338,0.35,0.374,0.414
shaanxi_guanzhong,1984-10-23,0.333,0.345,0.371,0.413
shaanxi_guanzhong,1984-10-24,0.329,0.342,0.368,0.413
shaanxi_guanzhong,1984-10-25,0.327,0.339,0.366,0.412
shaanxi_guanzhong,1984-10-26,0.325,0.336,0.364,0.412
shaanxi_guanzhong,1984-10-27,0.324,0.334,0.361,0.411
shaanxi_guanzhong,1984-10-28,0.327,0.333,0.36,0.411
shaanxi_guanzhong,1984-10-29,0.395,0.352,0.358,0.41
shaanxi_guanzhong,1984-10-30,0.39,0.371,0.357,0.41
shaanxi_guanzhong,1984-10-31,0.404,0.39,0.358,0.409
shaanxi_guanzhong,1984-11-01,0.384,0.387,0.359,0.409
shaanxi_guanzhong,1984-11-02,0.374,0.38,0.359,0.408
shaanxi_guanzhong,1984-11-03,0.366,0.373,0.358,0.408
shaanxi_guanzhong,1984-11-04,0.359,0.367,0.357,0.407
shaanxi_guanzhong,1984-11-05,0.354,0.362,0.356,0.407
shaanxi_guanzhong,1984-11-06,0.348,0.358,0.355,0.406
shaanxi_guanzhong,1984-11-07,0.345,0.354,0.354,0.406
shaanxi_guanzhong,1984-11-08,0.341,0.35,0.352,0.405
shaanxi_guanzhong,1984-11-09,0.347,0.348,0.351,0.405
shaanxi_guanzhong,1984-11-10,0.369,0.352,0.35,0.404
shaanxi_guanzhong,1984-11-11,0.362,0.355,0.35,0.404
shaanxi_guanzhong,1984-11-12,0.374,0.358,0.349,0.403
shaanxi_guanzhong,1984-11-13,0.395,0.369,0.349,0.403
shaanxi_guanzhong,1984-11-14,0.389,0.381,0.35,0.403
shaanxi_guanzhong,1984-11-15,0.376,0.377,0.35,0.402
shaanxi_guanzhong,1984-11-16,0.369,0.372,0.351,0.402
shaanxi_guanzhong,1984-11-17,0.363,0.368,0.351,0.402
shaanxi_guanzhong,1984-11-18,0.361,0.364,0.35,0.401
shaanxi_guanzhong,1984-11-19,0.355,0.361,0.35,0.401
shaanxi_guanzhong,1984-11-20,0.357,0.358,0.349,0.4
shaanxi_guanzhong,1984-11-21,0.361,0.358,0.349,0.4
shaanxi_guanzhong,1984-11-22,0.373,0.359,0.348,0.4
shaanxi_guanzhong,1984-11-23,0.376,0.365,0.348,0.399
shaanxi_guanzhong,1984-11-24,0.382,0.367,0.348,0.399
shaanxi_guanzhong,1984-11-25,0.411,0.388,0.349,0.399
shaanxi_guanzhong,1984-11-26,0.409,0.401,0.352,0.398
shaanxi_guanzhong,1984-11-27,0.39,0.393,0.355,0.398
shaanxi_guanzhong,1984-11-28,0.381,0.386,0.356,0.398
shaanxi_guanzhong,1984-11-29,0.374,0.38,0.356,0.398
shaanxi_guanzhong,1984-11-30,0.368,0.375,0.356,0.397
shaanxi_guanzhong,1984-12-01,0.364,0.37,0.356,0.397
shaanxi_guanzhong,1984-12-02,0.36,0.366,0.356,0.397
shaanxi_guanzhong,1984-12-03,0.359,0.363,0.355,0.396
shaanxi_guanzhong,1984-12-04,0.357,0.361,0.355,0.396
shaanxi_guanzhong,1984-12-05,0.353,0.359,0.354,0.396
shaanxi_guanzhong,1984-12-06,0.351,0.356,0.353,0.396
shaanxi_guanzhong,1984-12-07,0.353,0.355,0.353,0.395
shaanxi_guanzhong,1984-12-08,0.367,0.356,0.352,0.395
shaanxi_guanzhong,1984-12-09,0.371,0.36,0.352,0.395
shaanxi_guanzhong,1984-12-10,0.375,0.363,0.352,0.395
shaanxi_guanzhong,1984-12-11,0.375,0.366,0.352,0.395
shaanxi_guanzhong,1984-12-12,0.368,0.366,0.351,0.394
shaanxi_guanzhong,1984-12-13,0.381,0.367,0.351,0.394
shaanxi_guanzhong,1984-12-14,0.401,0.379,0.352,0.394
shaanxi_guanzhong,1984-12-15,0.388,0.384,0.353,0.394
shaanxi_guanzhong,1984-12-16,0.379,0.381,0.354,0.393
shaanxi_guanzhong,1984-12-17,0.374,0.378,0.355,0.393
shaanxi_guanzhong,1984-12-18,0.371,0.375,0.355,0.393
shaanxi_guanzhong,1984-12-19,0.369,0.372,0.355,0.393
shaanxi_guanzhong,1984-12-20,0.369,0.37,0.355,0.393
shaanxi_guanzhong,1984-12-21,0.367,0.369,0.356,0.392
shaanxi_guanzhong,1984-12-22,0.365,0.368,0.355,0.392
shaanxi_guanzhong,1984-12-23,0.363,0.366,0.355,0.392
shaanxi_guanzhong,1984-12-24,0.362,0.365,0.355,0.392
shaanxi_guanzhong,1984-12-25,0.362,0.364,0.355,0.392
shaanxi_guanzhong,1984-12-26,0.361,0.363,0.355,0.391
shaanxi_guanzhong,1984-12-27,0.361,0.362,0.355,0.391
shaanxi_guanzhong,1984-12-28,0.362,0.361,0.354,0.391
shaanxi_guanzhong,1984-12-29,0.368,0.362,0.354,0.391
shaanxi_guanzhong,1984-12-30,0.379,0.365,0.354,0.391
shaanxi_guanzhong,1984-12-31,0.381,0.37,0.354,0.391
shaanxi_guanzhong,1985-01-01,0.381,0.373,0.355,0.39
shaanxi_guanzhong,1985-01-02,0.382,0.374,0.355,0.39
shaanxi_guanzhong,1985-01-03,0.38,0.375,0.355,0.39
shaanxi_guanzhong,1985-01-04,0.375,0.374,0.356,0.39
shaanxi_guanzhong,1985-01-05,0.375,0.373,0.356,0.39
shaanxi_guanzhong,1985-01-06,0.375,0.372,0.356,0.39
shaanxi_guanzhong,1985-01-07,0.371,0.371,0.357,0.389
shaanxi_guanzhong,1985-01-08,0.372,0.37,0.357,0.389
shaanxi_guanzhong,1985-01-09,0.374,0.37,0.357,0.389
shaanxi_guanzhong,1985-01-10,0.378,0.371,0.357,0.389
shaanxi_guanzhong,1985-01-11,0.378,0.373,0.357,0.389
shaanxi_guanzhong,1985-01-12,0.375,0.373,0.358,0.389
shaanxi_guanzhong,1985-01-13,0.379,0.372,0.358,0.389
shaanxi_guanzhong,1985-01-14,0.384,0.375,0.358,0.388
shaanxi_guanzhong,1985-01-15,0.389,0.378,0.359,0.388
shaanxi_guanzhong,1985-01-16,0.391,0.381,0.359,0.388
shaanxi_guanzhong,1985-01-17,0.39,0.382,0.36,0.388
shaanxi_guanzhong,1985-01-18,0.386,0.382,0.361,0.388
shaanxi_guanzhong,1985-01-19,0.382,0.38,0.361,0.388
shaanxi_guanzhong,1985-01-20,0.378,0.378,0.362,0.388
shaanxi_guanzhong,1985-01-21,0.376,0.376,0.362,0.388
shaanxi_guanzhong,1985-01-22,0.381,0.376,0.362,0.387
shaanxi_guanzhong,1985-01-23,0.401,0.383,0.362,0.387
shaanxi_guanzhong,1985-01-24,0.393,0.388,0.363,0.387
shaanxi_guanzhong,1985-01-25,0.387,0.386,0.364,0.387
shaanxi_guanzhong,1985-01-26,0.383,0.383,0.365,0.387
shaanxi_guanzhong,1985-01-27,0.378,0.38,0.365,0.387
shaanxi_guanzhong,1985-01-28,0.374,0.377,0.365,0.387
shaanxi_guanzhong,1985-01-29,0.37,0.374,0.365,0.387
shaanxi_guanzhong,1985-01-30,0.367,0.372,0.365,0.387
shaanxi_guanzhong,1985-01-31,0.363,0.369,0.365,0.387
shaanxi_guanzhong,1985-02-01,0.36,0.366,0.364,0.386
shaanxi_guanzhong,1985-02-02,0.357,0.363,0.364,0.386
shaanxi_guanzhong,1985-02-03,0.354,0.361,0.363,0.386
shaanxi_guanzhong,1985-02-04,0.352,0.358,0.363,0.386
shaanxi_guanzhong,1985-02-05,0.349,0.356,0.362,0.386
shaanxi_guanzhong,1985-02-06,0.347,0.354,0.361,0.386
shaanxi_guanzhong,1985-02-07,0.353,0.353,0.36,0.386
shaanxi_guanzhong,1985-02-08,0.381,0.361,0.36,0.386
shaanxi_guanzhong,1985-02-09,0.364,0.362,0.359,0.386
shaanxi_guanzhong,1985-02-10,0.356,0.359,0.358,0.385
shaanxi_guanzhong,1985-02-11,0.37,0.36,0.358,0.385
shaanxi_guanzhong,1985-02-12,0.357,0.359,0.357,0.385
shaanxi_guanzhong,1985-02-13,0.35,0.355,0.356,0.385
shaanxi_guanzhong,1985-02-14,0.346,0.352,0.355,0.385
shaanxi_guanzhong,1985-02-15,0.344,0.35,0.355,0.385
shaanxi_guanzhong,1985-02-16,0.339,0.347,0.354,0.385
shaanxi_guanzhong,1985-02-17,0.337,0.344,0.353,0.384
shaanxi_guanzhong,1985-02-18,0.336,0.343,0.352,0.384
shaanxi_guanzhong,1985-02-19,0.337,0.342,0.352,0.384
shaanxi_guanzhong,1985-02-20,0.34,0.341,0.351,0.384
shaanxi_guanzhong,1985-02-21,0.341,0.341,0.35,0.384
shaanxi_guanzhong,1985-02-22,0.34,0.341,0.35,0.384
shaanxi_guanzhong,1985-02-23,0.339,0.34,0.349,0.384
shaanxi_guanzhong,1985-02-24,0.338,0.34,0.349,0.383
shaanxi_guanzhong,1985-02-25,0.338,0.339,0.348,0.383
shaanxi_guanzhong,1985-02-26,0.34,0.338,0.347,0.383
shaanxi_guanzhong,1985-02-27,0.343,0.338,0.347,0.383
shaanxi_guanzhong,1985-02-28,0.341,0.338,0.346,0.383
shaanxi_guanzhong,1985-03-01,0.339,0.337,0.345,0.383
shaanxi_guanzhong,1985-03-02,0.339,0.337,0.345,0.382
shaanxi_guanzhong,1985-03-03,0.338,0.336,0.344,0.382
shaanxi_guanzhong,1985-03-04,0.336,0.336,0.344,0.382
shaanxi_guanzhong,1985-03-05,0.329,0.333,0.343,0.382
shaanxi_guanzhong,1985-03-06,0.343,0.332,0.342,0.382
shaanxi_guanzhong,1985-03-07,0.358,0.336,0.341,0.381
shaanxi_guanzhong,1985-03-08,0.38,0.352,0.341,0.381
shaanxi_guanzhong,1985-03-09,0.361,0.354,0.341,0.381
shaanxi_guanzhong,1985-03-10,0.357,0.353,0.341,0.381
shaanxi_guanzhong,1985-03-11,0.358,0.352,0.341,0.381
shaanxi_guanzhong,1985-03-12,0.353,0.35,0.34,0.381
shaanxi_guanzhong,1985-03-13,0.348,0.348,0.34,0.38
shaanxi_guanzhong,1985-03-14,0.342,0.345,0.339,0.38
shaanxi_guanzhong,1985-03-15,0.338,0.342,0.339,0.38
shaanxi_guanzhong,1985-03-16,0.333,0.339,0.338,0.38
shaanxi_guanzhong,1985-03-17,0.33,0.336,0.338,0.38
shaanxi_guanzhong,1985-03-18,0.345,0.335,0.337,0.379
shaanxi_guanzhong,1985-03-19,0.339,0.335,0.337,0.379
shaanxi_guanzhong,1985-03-20,0.336,0.334,0.336,0.379
shaanxi_guanzhong,1985-03-21,0.327,0.331,0.335,0.379
shaanxi_guanzhong,1985-03-22,0.32,0.327,0.335,0.379
shaanxi_guanzhong,1985-03-23,0.314,0.323,0.334,0.378
shaanxi_guanzhong,1985-03-24,0.335,0.322,0.333,0.378
shaanxi_guanzhong,1985-03-25,0.332,0.324,0.332,0.378
shaanxi_guanzhong,1985-03-26,0.326,0.321,0.331,0.378
shaanxi_guanzhong,1985-03-27,0.321,0.319,0.33,0.378
shaanxi_guanzhong,1985-03-28,0.331,0.318,0.329,0.377
shaanxi_guanzhong,1985-03-29,0.321,0.318,0.328,0.377
shaanxi_guanzhong,1985-03-30,0.312,0.315,0.328,0.377
shaanxi_guanzhong,1985-03-31,0.302,0.31,0.326,0.377
shaanxi_guanzhong,1985-04-01,0.295,0.306,0.325,0.376
shaanxi_guanzhong,1985-04-02,0.286,0.301,0.324,0.376
shaanxi_guanzhong,1985-04-03,0.277,0.295,0.322,0.376
shaanxi_guanzhong,1985-04-04,0.27,0.29,0.321,0.376
shaanxi_guanzhong,1985-04-05,0.269,0.287,0.319,0.375
shaanxi_guanzhong,1985-04-06,0.268,0.284,0.318,0.375
shaanxi_guanzhong,1985-04-07,0.259,0.279,0.316,0.375
shaanxi_guanzhong,1985-04-08,0.25,0.274,0.314,0.374
shaanxi_guanzhong,1985-04-09,0.288,0.272,0.313,0.374
shaanxi_guanzhong,1985-04-10,0.35,0.288,0.313,0.374
shaanxi_guanzhong,1985-04-11,0.321,0.293,0.312,0.374
shaanxi_guanzhong,1985-04-12,0.377,0.308,0.311,0.373
shaanxi_guanzhong,1985-04-13,0.367,0.333,0.311,0.373
shaanxi_guanzhong,1985-04-14,0.343,0.332,0.311,0.373
shaanxi_guanzhong,1985-04-15,0.327,0.326,0.311,0.373
shaanxi_guanzhong,1985-04-16,0.313,0.318,0.31,0.372
shaanxi_guanzhong,1985-04-17,0.304,0.313,0.309,0.372
shaanxi_guanzhong,1985-04-18,0.294,0.306,0.308,0.372
shaanxi_guanzhong,1985-04-19,0.281,0.298,0.306,0.371
shaanxi_guanzhong,1985-04-20,0.273,0.291,0.305,0.371
shaanxi_guanzhong,1985-04-21,0.273,0.285,0.304,0.371
shaanxi_guanzhong,1985-04-22,0.263,0.279,0.302,0.37
shaanxi_guanzhong,1985-04-23,0.255,0.274,0.301,0.37
shaanxi_guanzhong,1985-04-24,0.319,0.282,0.3,0.37
shaanxi_guanzhong,1985-04-25,0.37,0.321,0.3,0.37
shaanxi_guanzhong,1985-04-26,0.337,0.322,0.299,0.369
shaanxi_guanzhong,1985-04-27,0.316,0.315,0.299,0.369
shaanxi_guanzhong,1985-04-28,0.3,0.307,0.298,0.369
shaanxi_guanzhong,1985-04-29,0.286,0.299,0.296,0.368
shaanxi_guanzhong,1985-04-30,0.272,0.291,0.295,0.368
shaanxi_guanzhong,1985-05-01,0.26,0.283,0.293,0.368
shaanxi_guanzhong,1985-05-02,0.252,0.276,0.292,0.367
shaanxi_guanzhong,1985-05-03,0.386,0.304,0.291,0.367
shaanxi_guanzhong,1985-05-04,0.414,0.372,0.295,0.367
shaanxi_guanzhong,1985-05-05,0.412,0.395,0.306,0.367
shaanxi_guanzhong,1985-05-06,0.383,0.384,0.311,0.366
shaanxi_guanzhong,1985-05-07,0.365,0.371,0.313,0.366
shaanxi_guanzhong,1985-05-08,0.35,0.359,0.314,0.366
shaanxi_guanzhong,1985-05-09,0.334,0.347,0.313,0.366
shaanxi_guanzhong,1985-05-10,0.32,0.335,0.312,0.366
shaanxi_guanzhong,1985-05-11,0.356,0.335,0.311,0.365
shaanxi_guanzhong,1985-05-12,0.397,0.369,0.313,0.365
shaanxi_guanzhong,1985-05-13,0.402,0.376,0.314,0.365
shaanxi_guanzhong,1985-05-14,0.417,0.403,0.32,0.365
shaanxi_guanzhong,1985-05-15,0.394,0.394,0.327,0.365
shaanxi_guanzhong,1985-05-16,0.395,0.386,0.329,0.365
shaanxi_guanzhong,1985-05-17,0.419,0.416,0.338,0.365
shaanxi_guanzhong,1985-05-18,0.398,0.401,0.345,0.365
shaanxi_guanzhong,1985-05-19,0.379,0.387,0.347,0.364
shaanxi_guanzhong,1985-05-20,0.36,0.372,0.346,0.364
shaanxi_guanzhong,1985-05-21,0.345,0.359,0.345,0.364
shaanxi_guanzhong,1985-05-22,0.334,0.348,0.343,0.364
shaanxi_guanzhong,1985-05-23,0.332,0.34,0.341,0.364
shaanxi_guanzhong,1985-05-24,0.317,0.332,0.339,0.364
shaanxi_guanzhong,1985-05-25,0.344,0.335,0.338,0.364
shaanxi_guanzhong,1985-05-26,0.418,0.415,0.347,0.364
shaanxi_guanzhong,1985-05-27,0.407,0.404,0.353,0.364
shaanxi_guanzhong,1985-05-28,0.39,0.395,0.356,0.364
shaanxi_guanzhong,1985-05-29,0.386,0.386,0.357,0.364
shaanxi_guanzhong,1985-05-30,0.379,0.382,0.357,0.364
shaanxi_guanzhong,1985-05-31,0.361,0.371,0.356,0.364
shaanxi_guanzhong,1985-06-01,0.347,0.36,0.354,0.364
shaanxi_guanzhong,1985-06-02,0.338,0.351,0.353,0.364
shaanxi_guanzhong,1985-06-03,0.336,0.345,0.351,0.364
shaanxi_guanzhong,1985-06-04,0.338,0.343,0.35,0.364
shaanxi_guanzhong,1985-06-05,0.387,0.351,0.349,0.364
shaanxi_guanzhong,1985-06-06,0.376,0.369,0.349,0.364
shaanxi_guanzhong,1985-06-07,0.351,0.358,0.348,0.364
shaanxi_guanzhong,1985-06-08,0.339,0.348,0.346,0.364
shaanxi_guanzhong,1985-06-09,0.346,0.342,0.345,0.364
shaanxi_guanzhong,1985-06-10,0.336,0.338,0.344,0.364
shaanxi_guanzhong,1985-06-11,0.398,0.357,0.343,0.364
shaanxi_guanzhong,1985-06-12,0.398,0.388,0.345,0.364
shaanxi_guanzhong,1985-06-13,0.373,0.377,0.346,0.364
shaanxi_guanzhong,1985-06-14,0.366,0.368,0.346,0.364
shaanxi_guanzhong,1985-06-15,0.367,0.365,0.346,0.363
shaanxi_guanzhong,1985-06-16,0.345,0.354,0.344,0.363
shaanxi_guanzhong,1985-06-17,0.329,0.344,0.343,0.363
shaanxi_guanzhong,1985-06-18,0.315,0.333,0.341,0.363
shaanxi_guanzhong,1985-06-19,0.308,0.325,0.339,0.363
shaanxi_guanzhong,1985-06-20,0.353,0.33,0.338,0.363
shaanxi_guanzhong,1985-06-21,0.375,0.356,0.338,0.363
shaanxi_guanzhong,1985-06-22,0.349,0.349,0.337,0.363
shaanxi_guanzhong,1985-06-23,0.336,0.342,0.336,0.363
shaanxi_guanzhong,1985-06-24,0.32,0.333,0.334,0.362
shaanxi_guanzhong,1985-06-25,0.303,0.322,0.332,0.362
shaanxi_guanzhong,1985-06-26,0.289,0.311,0.329,0.362
shaanxi_guanzhong,1985-06-27,0.276,0.302,0.327,0.362
shaanxi_guanzhong,1985-06-28,0.265,0.294,0.325,0.362
shaanxi_guanzhong,1985-06-29,0.332,0.298,0.323,0.361
shaanxi_guanzhong,1985-06-30,0.395,0.337,0.323,0.361
shaanxi_guanzhong,1985-07-01,0.403,0.374,0.325,0.361
shaanxi_guanzhong,1985-07-02,0.37,0.369,0.327,0.361
shaanxi_guanzhong,1985-07-03,0.347,0.355,0.327,0.361
shaanxi_guanzhong,1985-07-04,0.326,0.341,0.325,0.361
shaanxi_guanzhong,1985-07-05,0.315,0.331,0.324,0.361
shaanxi_guanzhong,1985-07-06,0.312,0.324,0.323,0.36
shaanxi_guanzhong,1985-07-07,0.298,0.316,0.321,0.36
shaanxi_guanzhong,1985-07-08,0.285,0.307,0.319,0.36
shaanxi_guanzhong,1985-07-09,0.273,0.298,0.317,0.36
shaanxi_guanzhong,1985-07-10,0.296,0.292,0.316,0.36
shaanxi_guanzhong,1985-07-11,0.404,0.334,0.315,0.36
shaanxi_guanzhong,1985-07-12,0.376,0.367,0.317,0.359
shaanxi_guanzhong,1985-07-13,0.348,0.353,0.317,0.359
shaanxi_guanzhong,1985-07-14,0.329,0.34,0.316,0.359
shaanxi_guanzhong,1985-07-15,0.381,0.352,0.316,0.359
shaanxi_guanzhong,1985-07-16,0.393,0.364,0.317,0.359
shaanxi_guanzhong,1985-07-17,0.365,0.36,0.318,0.359
shaanxi_guanzhong,1985-07-18,0.339,0.346,0.318,0.358
shaanxi_guanzhong,1985-07-19,0.32,0.333,0.316,0.358
shaanxi_guanzhong,1985-07-20,0.304,0.321,0.314,0.358
shaanxi_guanzhong,1985-07-21,0.297,0.312,0.313,0.358
shaanxi_guanzhong,1985-07-22,0.317,0.307,0.312,0.357
shaanxi_guanzhong,1985-07-23,0.297,0.3,0.31,0.357
shaanxi_guanzhong,1985-07-24,0.322,0.295,0.308,0.357
shaanxi_guanzhong,1985-07-25,0.313,0.292,0.306,0.357
shaanxi_guanzhong,1985-07-26,0.287,0.286,0.304,0.357
shaanxi_guanzhong,1985-07-27,0.268,0.278,0.302,0.356
shaanxi_guanzhong,1985-07-28,0.329,0.279,0.301,0.356
shaanxi_guanzhong,1985-07-29,0.376,0.312,0.3,0.356
shaanxi_guanzhong,1985-07-30,0.356,0.322,0.301,0.356
shaanxi_guanzhong,1985-07-31,0.328,0.318,0.3,0.356
shaanxi_guanzhong,1985-08-01,0.308,0.31,0.299,0.355
shaanxi_guanzhong,1985-08-02,0.29,0.3,0.297,0.355
shaanxi_guanzhong,1985-08-03,0.272,0.29,0.295,0.355
shaanxi_guanzhong,1985-08-04,0.257,0.28,0.293,0.355
shaanxi_guanzhong,1985-08-05,0.244,0.271,0.291,0.354
shaanxi_guanzhong,1985-08-06,0.233,0.263,0.29,0.354
shaanxi_guanzhong,1985-08-07,0.311,0.262,0.288,0.354
shaanxi_guanzhong,1985-08-08,0.314,0.269,0.288,0.354
shaanxi_guanzhong,1985-08-09,0.35,0.276,0.287,0.353
shaanxi_guanzhong,1985-08-10,0.379,0.313,0.287,0.353
shaanxi_guanzhong,1985-08-11,0.383,0.335,0.287,0.353
shaanxi_guanzhong,1985-08-12,0.364,0.338,0.288,0.353
shaanxi_guanzhong,1985-08-13,0.353,0.333,0.289,0.353
shaanxi_guanzhong,1985-08-14,0.33,0.325,0.289,0.352
shaanxi_guanzhong,1985-08-15,0.317,0.315,0.288,0.352
shaanxi_guanzhong,1985-08-16,0.32,0.309,0.287,0.352
shaanxi_guanzhong,1985-08-17,0.375,0.326,0.287,0.352
shaanxi_guanzhong,1985-08-18,0.341,0.326,0.287,0.351
shaanxi_guanzhong,1985-08-19,0.319,0.317,0.287,0.351
shaanxi_guanzhong,1985-08-20,0.302,0.308,0.286,0.351
shaanxi_guanzhong,1985-08-21,0.285,0.298,0.285,0.351
shaanxi_guanzhong,1985-08-22,0.273,0.29,0.284,0.351
shaanxi_guanzhong,1985-08-23,0.292,0.285,0.283,0.35
shaanxi_guanzhong,1985-08-24,0.324,0.289,0.283,0.35
shaanxi_guanzhong,1985-08-25,0.336,0.292,0.282,0.35
shaanxi_guanzhong,1985-08-26,0.344,0.299,0.282,0.35
shaanxi_guanzhong,1985-08-27,0.342,0.304,0.282,0.35
shaanxi_guanzhong,1985-08-28,0.325,0.303,0.282,0.349
shaanxi_guanzhong,1985-08-29,0.385,0.318,0.282,0.349
shaanxi_guanzhong,1985-08-30,0.37,0.34,0.283,0.349
shaanxi_guanzhong,1985-08-31,0.388,0.345,0.284,0.349
shaanxi_guanzhong,1985-09-01,0.375,0.356,0.285,0.349
shaanxi_guanzhong,1985-09-02,0.348,0.347,0.286,0.349
shaanxi_guanzhong,1985-09-03,0.331,0.337,0.286,0.348
shaanxi_guanzhong,1985-09-04,0.359,0.336,0.286,0.348
shaanxi_guanzhong,1985-09-05,0.403,0.38,0.29,0.348
shaanxi_guanzhong,1985-09-06,0.381,0.372,0.293,0.348
shaanxi_guanzhong,1985-09-07,0.398,0.379,0.296,0.348
shaanxi_guanzhong,1985-09-08,0.414,0.409,0.308,0.348
shaanxi_guanzhong,1985-09-09,0.402,0.396,0.315,0.348
shaanxi_guanzhong,1985-09-10,0.405,0.394,0.319,0.348
shaanxi_guanzhong,1985-09-11,0.398,0.39,0.323,0.348
shaanxi_guanzhong,1985-09-12,0.417,0.402,0.327,0.348
shaanxi_guanzhong,1985-09-13,0.428,0.419,0.335,0.348
shaanxi_guanzhong,1985-09-14,0.429,0.429,0.361,0.348
shaanxi_guanzhong,1985-09-15,0.428,0.428,0.394,0.349
shaanxi_guanzhong,1985-09-16,0.426,0.429,0.406,0.353
shaanxi_guanzhong,1985-09-17,0.411,0.417,0.409,0.356
shaanxi_guanzhong,1985-09-18,0.41,0.41,0.407,0.358
shaanxi_guanzhong,1985-09-19,0.4,0.407,0.406,0.359
shaanxi_guanzhong,1985-09-20,0.392,0.398,0.403,0.36
shaanxi_guanzhong,1985-09-21,0.406,0.402,0.402,0.361
shaanxi_guanzhong,1985-09-22,0.392,0.399,0.4,0.362
shaanxi_guanzhong,1985-09-23,0.387,0.392,0.399,0.363
shaanxi_guanzhong,1985-09-24,0.382,0.387,0.397,0.363
shaanxi_guanzhong,1985-09-25,0.417,0.409,0.399,0.364
shaanxi_guanzhong,1985-09-26,0.415,0.421,0.412,0.365
shaanxi_guanzhong,1985-09-27,0.398,0.408,0.41,0.367
shaanxi_guanzhong,1985-09-28,0.384,0.396,0.407,0.368
shaanxi_guanzhong,1985-09-29,0.375,0.387,0.404,0.369
shaanxi_guanzhong,1985-09-30,0.384,0.381,0.401,0.37
shaanxi_guanzhong,1985-10-01,0.383,0.382,0.399,0.37
shaanxi_guanzhong,1985-10-02,0.37,0.377,0.397,0.371
shaanxi_guanzhong,1985-10-03,0.362,0.371,0.394,0.371
shaanxi_guanzhong,1985-10-04,0.352,0.364,0.392,0.371
shaanxi_guanzhong,1985-10-05,0.344,0.358,0.389,0.372
shaanxi_guanzhong,1985-10-06,0.337,0.352,0.386,0.372
shaanxi_guanzhong,1985-10-07,0.333,0.347,0.384,0.372
shaanxi_guanzhong,1985-10-08,0.332,0.345,0.382,0.372
shaanxi_guanzhong,1985-10-09,0.397,0.38,0.381,0.372
shaanxi_guanzhong,1985-10-10,0.391,0.393,0.382,0.372
shaanxi_guanzhong,1985-10-11,0.402,0.392,0.383,0.372
shaanxi_guanzhong,1985-10-12,0.412,0.407,0.384,0.372
shaanxi_guanzhong,1985-10-13,0.42,0.413,0.387,0.372
shaanxi_guanzhong,1985-10-14,0.427,0.427,0.399,0.373
shaanxi_guanzhong,1985-10-15,0.426,0.427,0.416,0.374
shaanxi_guanzhong,1985-10-16,0.411,0.418,0.418,0.376
shaanxi_guanzhong,1985-10-17,0.421,0.421,0.417,0.378
shaanxi_guanzhong,1985-10-18,0.42,0.424,0.42,0.38
shaanxi_guanzhong,1985-10-19,0.419,0.421,0.419,0.382
shaanxi_guanzhong,1985-10-20,0.403,0.412,0.418,0.383
shaanxi_guanzhong,1985-10-21,0.393,0.402,0.415,0.385
shaanxi_guanzhong,1985-10-22,0.384,0.393,0.412,0.386
shaanxi_guanzhong,1985-10-23,0.377,0.386,0.409,0.387
shaanxi_guanzhong,1985-10-24,0.371,0.38,0.407,0.387
shaanxi_guanzhong,1985-10-25,0.366,0.376,0.404,0.388
shaanxi_guanzhong,1985-10-26,0.397,0.382,0.402,0.388
shaanxi_guanzhong,1985-10-27,0.401,0.397,0.402,0.389
shaanxi_guanzhong,1985-10-28,0.39,0.394,0.401,0.389
shaanxi_guanzhong,1985-10-29,0.387,0.39,0.4,0.389
shaanxi_guanzhong,1985-10-30,0.387,0.386,0.399,0.389
shaanxi_guanzhong,1985-10-31,0.391,0.39,0.398,0.39
shaanxi_guanzhong,1985-11-01,0.379,0.386,0.397,0.39
shaanxi_guanzhong,1985-11-02,0.373,0.381,0.396,0.39
shaanxi_guanzhong,1985-11-03,0.378,0.379,0.395,0.39
shaanxi_guanzhong,1985-11-04,0.376,0.379,0.394,0.39
shaanxi_guanzhong,1985-11-05,0.368,0.375,0.392,0.39
shaanxi_guanzhong,1985-11-06,0.364,0.371,0.391,0.39
shaanxi_guanzhong,1985-11-07,0.392,0.376,0.39,0.39
shaanxi_guanzhong,1985-11-08,0.382,0.382,0.389,0.39
shaanxi_guanzhong,1985-11-09,0.373,0.378,0.388,0.39
shaanxi_guanzhong,1985-11-10,0.367,0.374,0.387,0.39
shaanxi_guanzhong,1985-11-11,0.362,0.37,0.386,0.39
shaanxi_guanzhong,1985-11-12,0.358,0.366,0.385,0.39
shaanxi_guanzhong,1985-11-13,0.355,0.363,0.384,0.39
shaanxi_guanzhong,1985-11-14,0.351,0.36,0.382,0.39
shaanxi_guanzhong,1985-11-15,0.349,0.357,0.381,0.39
shaanxi_guanzhong,1985-11-16,0.346,0.354,0.38,0.39
shaanxi_guanzhong,1985-11-17,0.343,0.352,0.378,0.39
shaanxi_guanzhong,1985-11-18,0.34,0.349,0.377,0.389
shaanxi_guanzhong,1985-11-19,0.338,0.347,0.376,0.389
shaanxi_guanzhong,1985-11-20,0.335,0.345,0.374,0.389
shaanxi_guanzhong,1985-11-21,0.334,0.343,0.373,0.389
shaanxi_guanzhong,1985-11-22,0.333,0.341,0.371,0.389
shaanxi_guanzhong,1985-11-23,0.356,0.343,0.37,0.389
shaanxi_guanzhong,1985-11-24,0.346,0.344,0.369,0.389
shaanxi_guanzhong,1985-11-25,0.34,0.344,0.368,0.388
shaanxi_guanzhong,1985-11-26,0.337,0.342,0.367,0.388
shaanxi_guanzhong,1985-11-27,0.337,0.342,0.366,0.388
shaanxi_guanzhong,1985-11-28,0.336,0.341,0.365,0.388
shaanxi_guanzhong,1985-11-29,0.334,0.34,0.364,0.388
shaanxi_guanzhong,1985-11-30,0.332,0.339,0.363,0.388
shaanxi_guanzhong,1985-12-01,0.33,0.337,0.362,0.387
shaanxi_guanzhong,1985-12-02,0.328,0.336,0.361,0.387
shaanxi_guanzhong,1985-12-03,0.327,0.335,0.36,0.387
shaanxi_guanzhong,1985-12-04,0.325,0.333,0.359,0.387
shaanxi_guanzhong,1985-12-05,0.324,0.332,0.358,0.387
shaanxi_guanzhong,1985-12-06,0.326,0.331,0.357,0.386
shaanxi_guanzhong,1985-12-07,0.338,0.332,0.356,0.386
shaanxi_guanzhong,1985-12-08,0.332,0.332,0.355,0.386
shaanxi_guanzhong,1985-12-09,0.329,0.332,0.355,0.386
shaanxi_guanzhong,1985-12-10,0.328,0.332,0.354,0.386
shaanxi_guanzhong,1985-12-11,0.328,0.332,0.354,0.385
shaanxi_guanzhong,1985-12-12,0.328,0.332,0.353,0.385
shaanxi_guanzhong,1985-12-13,0.328,0.332,0.352,0.385
shaanxi_guanzhong,1985-12-14,0.328,0.332,0.352,0.385
shaanxi_guanzhong,1985-12-15,0.328,0.332,0.351,0.385
shaanxi_guanzhong,1985-12-16,0.329,0.332,0.351,0.384
shaanxi_guanzhong,1985-12-17,0.329,0.332,0.35,0.384
shaanxi_guanzhong,1985-12-18,0.329,0.332,0.35,0.384
shaanxi_guanzhong,1985-12-19,0.329,0.332,0.35,0.384
shaanxi_guanzhong,1985-12-20,0.329,0.332,0.349,0.384
shaanxi_guanzhong,1985-12-21,0.331,0.332,0.349,0.384
shaanxi_guanzhong,1985-12-22,0.334,0.333,0.348,0.383
shaanxi_guanzhong,1985-12-23,0.334,0.333,0.348,0.383
shaanxi_guanzhong,1985-12-24,0.334,0.333,0.347,0.383
shaanxi_guanzhong,1985-12-25,0.333,0.333,0.347,0.383
shaanxi_guanzhong,1985-12-26,0.331,0.332,0.346,0.383
shaanxi_guanzhong,1985-12-27,0.33,0.332,0.346,0.382
shaanxi_guanzhong,1985-12-28,0.333,0.332,0.345,0.382
shaanxi_guanzhong,1985-12-29,0.337,0.333,0.345,0.382
shaanxi_guanzhong,1985-12-30,0.336,0.333,0.344,0.382
shaanxi_guanzhong,1985-12-31,0.335,0.333,0.344,0.382
shaanxi_guanzhong,1986-01-01,0.334,0.333,0.344,0.381
shaanxi_guanzhong,1986-01-02,0.333,0.333,0.343,0.381
shaanxi_guanzhong,1986-01-03,0.332,0.333,0.343,0.381
shaanxi_guanzhong,1986-01-04,0.33,0.333,0.343,0.381
shaanxi_guanzhong,1986-01-05,0.33,0.332,0.342,0.381
shaanxi_guanzhong,1986-01-06,0.329,0.332,0.342,0.38
shaanxi_guanzhong,1986-01-07,0.328,0.332,0.342,0.38
shaanxi_guanzhong,1986-01-08,0.326,0.331,0.341,0.38
shaanxi_guanzhong,1986-01-09,0.325,0.33,0.341,0.38
shaanxi_guanzhong,1986-01-10,0.324,0.329,0.34,0.38
shaanxi_guanzhong,1986-01-11,0.322,0.328,0.34,0.379
shaanxi_guanzhong,1986-01-12,0.322,0.327,0.34,0.379
shaanxi_guanzhong,1986-01-13,0.321,0.327,0.339,0.379
shaanxi_guanzhong,1986-01-14,0.322,0.326,0.339,0.379
shaanxi_guanzhong,1986-01-15,0.324,0.326,0.338,0.379
shaanxi_guanzhong,1986-01-16,0.324,0.325,0.338,0.379
shaanxi_guanzhong,1986-01-17,0.343,0.327,0.338,0.378
shaanxi_guanzhong,1986-01-18,0.339,0.329,0.337,0.378
shaanxi_guanzhong,1986-01-19,0.334,0.329,0.337,0.378
shaanxi_guanzhong,1986-01-20,0.329,0.329,0.337,0.378
shaanxi_guanzhong,1986-01-21,0.332,0.328,0.336,0.378
shaanxi_guanzhong,1986-01-22,0.331,0.329,0.336,0.377
shaanxi_guanzhong,1986-01-23,0.328,0.328,0.335,0.377
shaanxi_guanzhong,1986-01-24,0.325,0.328,0.335,0.377
shaanxi_guanzhong,1986-01-25,0.323,0.327,0.335,0.377
shaanxi_guanzhong,1986-01-26,0.322,0.326,0.334,0.377
shaanxi_guanzhong,1986-01-27,0.32,0.325,0.334,0.376
shaanxi_guanzhong,1986-01-28,0.318,0.324,0.334,0.376
shaanxi_guanzhong,1986-01-29,0.316,0.322,0.333,0.376
shaanxi_guanzhong,1986-01-30,0.314,0.321,0.333,0.376
shaanxi_guanzhong,1986-01-31,0.313,0.32,0.332,0.376
shaanxi_guanzhong,1986-02-01,0.312,0.319,0.332,0.376
shaanxi_guanzhong,1986-02-02,0.311,0.318,0.331,0.375
shaanxi_guanzhong,1986-02-03,0.311,0.317,0.331,0.375
shaanxi_guanzhong,1986-02-04,0.31,0.316,0.331,0.375
shaanxi_guanzhong,1986-02-05,0.311,0.316,0.33,0.375
shaanxi_guanzhong,1986-02-06,0.311,0.315,0.33,0.375
shaanxi_guanzhong,1986-02-07,0.31,0.314,0.33,0.374
shaanxi_guanzhong,1986-02-08,0.309,0.313,0.329,0.374
shaanxi_guanzhong,1986-02-09,0.307,0.312,0.329,0.374
shaanxi_guanzhong,1986-02-10,0.305,0.311,0.328,0.374
shaanxi_guanzhong,1986-02-11,0.303,0.311,0.328,0.374
shaanxi_guanzhong,1986-02-12,0.302,0.309,0.327,0.373
shaanxi_guanzhong,1986-02-13,0.3,0.308,0.327,0.373
shaanxi_guanzhong,1986-02-14,0.297,0.306,0.326,0.373
shaanxi_guanzhong,1986-02-15,0.298,0.304,0.325,0.373
shaanxi_guanzhong,1986-02-16,0.302,0.304,0.325,0.373
shaanxi_guanzhong,1986-02-17,0.313,0.304,0.324,0.373
shaanxi_guanzhong,1986-02-18,0.322,0.305,0.324,0.372
shaanxi_guanzhong,1986-02-19,0.319,0.306,0.323,0.372
shaanxi_guanzhong,1986-02-20,0.314,0.306,0.323,0.372
shaanxi_guanzhong,1986-02-21,0.309,0.306,0.322,0.372
shaanxi_guanzhong,1986-02-22,0.304,0.304,0.322,0.372
shaanxi_guanzhong,1986-02-23,0.3,0.303,0.321,0.371
shaanxi_guanzhong,1986-02-24,0.295,0.3,0.32,0.371
shaanxi_guanzhong,1986-02-25,0.312,0.3,0.32,0.371
shaanxi_guanzhong,1986-02-26,0.324,0.303,0.319,0.371
shaanxi_guanzhong,1986-02-27,0.315,0.304,0.319,0.37
shaanxi_guanzhong,1986-02-28,0.31,0.304,0.319,0.37
shaanxi_guanzhong,1986-03-01,0.306,0.304,0.318,0.37
shaanxi_guanzhong,1986-03-02,0.303,0.303,0.318,0.37
shaanxi_guanzhong,1986-03-03,0.3,0.302,0.317,0.37
shaanxi_guanzhong,1986-03-04,0.295,0.3,0.317,0.37
shaanxi_guanzhong,1986-03-05,0.29,0.297,0.316,0.369
shaanxi_guanzhong,1986-03-06,0.284,0.294,0.315,0.369
shaanxi_guanzhong,1986-03-07,0.305,0.293,0.314,0.369
shaanxi_guanzhong,1986-03-08,0.365,0.306,0.314,0.369
shaanxi_guanzhong,1986-03-09,0.341,0.314,0.314,0.368
shaanxi_guanzhong,1986-03-10,0.326,0.314,0.313,0.368
shaanxi_guanzhong,1986-03-11,0.316,0.312,0.312,0.368
shaanxi_guanzhong,1986-03-12,0.306,0.308,0.312,0.368
shaanxi_guanzhong,1986-03-13,0.3,0.305,0.311,0.368
shaanxi_guanzhong,1986-03-14,0.294,0.301,0.31,0.367
shaanxi_guanzhong,1986-03-15,0.288,0.298,0.309,0.367
shaanxi_guanzhong,1986-03-16,0.323,0.297,0.309,0.367
shaanxi_guanzhong,1986-03-17,0.332,0.301,0.309,0.367
shaanxi_guanzhong,1986-03-18,0.335,0.304,0.308,0.366
shaanxi_guanzhong,1986-03-19,0.335,0.306,0.308,0.366
shaanxi_guanzhong,1986-03-20,0.356,0.312,0.308,0.366
shaanxi_guanzhong,1986-03-21,0.368,0.325,0.307,0.366
shaanxi_guanzhong,1986-03-22,0.344,0.328,0.307,0.366
shaanxi_guanzhong,1986-03-23,0.33,0.325,0.307,0.365
shaanxi_guanzhong,1986-03-24,0.322,0.322,0.307,0.365
shaanxi_guanzhong,1986-03-25,0.342,0.321,0.307,0.365
shaanxi_guanzhong,1986-03-26,0.35,0.326,0.307,0.365
shaanxi_guanzhong,1986-03-27,0.337,0.327,0.307,0.365
shaanxi_guanzhong,1986-03-28,0.324,0.323,0.307,0.364
shaanxi_guanzhong,1986-03-29,0.314,0.318,0.306,0.364
shaanxi_guanzhong,1986-03-30,0.304,0.313,0.305,0.364
shaanxi_guanzhong,1986-03-31,0.296,0.308,0.305,0.364
shaanxi_guanzhong,1986-04-01,0.303,0.305,0.304,0.363
shaanxi_guanzhong,1986-04-02,0.318,0.305,0.304,0.363
shaanxi_guanzhong,1986-04-03,0.315,0.305,0.304,0.363
shaanxi_guanzhong,1986-04-04,0.302,0.302,0.303,0.363
shaanxi_guanzhong,1986-04-05,0.29,0.298,0.302,0.363
shaanxi_guanzhong,1986-04-06,0.279,0.292,0.301,0.362
shaanxi_guanzhong,1986-04-07,0.271,0.287,0.3,0.362
shaanxi_guanzhong,1986-04-08,0.263,0.281,0.299,0.362
shaanxi_guanzhong,1986-04-09,0.253,0.275,0.298,0.362
shaanxi_guanzhong,1986-04-10,0.245,0.269,0.296,0.361
shaanxi_guanzhong,1986-04-11,0.238,0.264,0.295,0.361
shaanxi_guanzhong,1986-04-12,0.233,0.26,0.294,0.361
shaanxi_guanzhong,1986-04-13,0.239,0.257,0.293,0.361
shaanxi_guanzhong,1986-04-14,0.257,0.254,0.292,0.36
shaanxi_guanzhong,1986-04-15,0.243,0.25,0.29,0.36
shaanxi_guanzhong,1986-04-16,0.233,0.246,0.289,0.36
shaanxi_guanzhong,1986-04-17,0.223,0.242,0.287,0.359
shaanxi_guanzhong,1986-04-18,0.213,0.237,0.285,0.359
shaanxi_guanzhong,1986-04-19,0.204,0.232,0.283,0.359
shaanxi_guanzhong,1986-04-20,0.215,0.227,0.282,0.358
shaanxi_guanzhong,1986-04-21,0.288,0.228,0.281,0.358
shaanxi_guanzhong,1986-04-22,0.27,0.229,0.279,0.358
shaanxi_guanzhong,1986-04-23,0.251,0.226,0.278,0.358
shaanxi_guanzhong,1986-04-24,0.241,0.225,0.277,0.357
shaanxi_guanzhong,1986-04-25,0.244,0.225,0.276,0.357
shaanxi_guanzhong,1986-04-26,0.327,0.231,0.276,0.357
shaanxi_guanzhong,1986-04-27,0.33,0.25,0.276,0.357
shaanxi_guanzhong,1986-04-28,0.304,0.255,0.276,0.356
shaanxi_guanzhong,1986-04-29,0.319,0.259,0.275,0.356
shaanxi_guanzhong,1986-04-30,0.339,0.269,0.275,0.356
shaanxi_guanzhong,1986-05-01,0.318,0.276,0.275,0.356
shaanxi_guanzhong,1986-05-02,0.294,0.274,0.275,0.355
shaanxi_guanzhong,1986-05-03,0.282,0.271,0.274,0.355
shaanxi_guanzhong,1986-05-04,0.278,0.268,0.273,0.355
shaanxi_guanzhong,1986-05-05,0.263,0.263,0.272,0.355
shaanxi_guanzhong,1986-05-06,0.248,0.257,0.271,0.354
shaanxi_guanzhong,1986-05-07,0.233,0.25,0.269,0.354
shaanxi_guanzhong,1986-05-08,0.219,0.242,0.267,0.354
shaanxi_guanzhong,1986-05-09,0.207,0.235,0.266,0.353
shaanxi_guanzhong,1986-05-10,0.198,0.229,0.264,0.353
shaanxi_guanzhong,1986-05-11,0.192,0.224,0.263,0.352
shaanxi_guanzhong,1986-05-12,0.202,0.221,0.262,0.352
shaanxi_guanzhong,1986-05-13,0.196,0.217,0.26,0.352
shaanxi_guanzhong,1986-05-14,0.185,0.211,0.258,0.351
shaanxi_guanzhong,1986-05-15,0.175,0.206,0.256,0.351
shaanxi_guanzhong,1986-05-16,0.168,0.201,0.254,0.351
shaanxi_guanzhong,1986-05-17,0.185,0.197,0.253,0.35
shaanxi_guanzhong,1986-05-18,0.33,0.213,0.253,0.35
shaanxi_guanzhong,1986-05-19,0.4,0.271,0.253,0.35
shaanxi_guanzhong,1986-05-20,0.372,0.322,0.254,0.349
shaanxi_guanzhong,1986-05-21,0.342,0.322,0.255,0.349
shaanxi_guanzhong,1986-05-22,0.319,0.314,0.255,0.349
shaanxi_guanzhong,1986-05-23,0.304,0.306,0.255,0.349
shaanxi_guanzhong,1986-05-24,0.304,0.302,0.255,0.348
shaanxi_guanzhong,1986-05-25,0.368,0.31,0.256,0.348
shaanxi_guanzhong,1986-05-26,0.353,0.325,0.257,0.348
shaanxi_guanzhong,1986-05-27,0.331,0.321,0.257,0.348
shaanxi_guanzhong,1986-05-28,0.317,0.314,0.258,0.347
shaanxi_guanzhong,1986-05-29,0.296,0.304,0.257,0.347
shaanxi_guanzhong,1986-05-30,0.34,0.304,0.257,0.347
shaanxi_guanzhong,1986-05-31,0.338,0.311,0.257,0.347
shaanxi_guanzhong,1986-06-01,0.311,0.304,0.257,0.346
shaanxi_guanzhong,1986-06-02,0.291,0.296,0.257,0.346
shaanxi_guanzhong,1986-06-03,0.286,0.289,0.256,0.346
shaanxi_guanzhong,1986-06-04,0.333,0.29,0.256,0.346
shaanxi_guanzhong,1986-06-05,0.34,0.299,0.257,0.345
shaanxi_guanzhong,1986-06-06,0.373,0.311,0.257,0.345
shaanxi_guanzhong,1986-06-07,0.361,0.322,0.258,0.345
shaanxi_guanzhong,1986-06-08,0.352,0.324,0.259,0.345
shaanxi_guanzhong,1986-06-09,0.395,0.36,0.261,0.345
shaanxi_guanzhong,1986-06-10,0.36,0.354,0.263,0.344
shaanxi_guanzhong,1986-06-11,0.337,0.341,0.264,0.344
shaanxi_guanzhong,1986-06-12,0.318,0.328,0.265,0.344
shaanxi_guanzhong,1986-06-13,0.319,0.319,0.265,0.344
shaanxi_guanzhong,1986-06-14,0.389,0.342,0.265,0.343
shaanxi_guanzhong,1986-06-15,0.414,0.406,0.276,0.343
shaanxi_guanzhong,1986-06-16,0.384,0.387,0.283,0.343
shaanxi_guanzhong,1986-06-17,0.359,0.367,0.286,0.343
shaanxi_guanzhong,1986-06-18,0.344,0.353,0.286,0.343
shaanxi_guanzhong,1986-06-19,0.396,0.37,0.288,0.343
shaanxi_guanzhong,1986-06-20,0.375,0.374,0.291,0.342
shaanxi_guanzhong,1986-06-21,0.353,0.359,0.292,0.342
shaanxi_guanzhong,1986-06-22,0.333,0.345,0.292,0.342
shaanxi_guanzhong,1986-06-23,0.321,0.332,0.291,0.342
shaanxi_guanzhong,1986-06-24,0.314,0.323,0.29,0.342
shaanxi_guanzhong,1986-06-25,0.36,0.324,0.29,0.342
shaanxi_guanzhong,1986-06-26,0.385,0.346,0.29,0.342
shaanxi_guanzhong,1986-06-27,0.374,0.366,0.292,0.341
shaanxi_guanzhong,1986-06-28,0.346,0.352,0.292,0.341
shaanxi_guanzhong,1986-06-29,0.33,0.34,0.292,0.341
shaanxi_guanzhong,1986-06-30,0.322,0.332,0.292,0.341
shaanxi_guanzhong,1986-07-01,0.363,0.333,0.292,0.341
shaanxi_guanzhong,1986-07-02,0.417,0.384,0.295,0.341
shaanxi_guanzhong,1986-07-03,0.422,0.413,0.31,0.341
shaanxi_guanzhong,1986-07-04,0.401,0.401,0.318,0.341
shaanxi_guanzhong,1986-07-05,0.376,0.382,0.321,0.341
shaanxi_guanzhong,1986-07-06,0.354,0.365,0.321,0.34
shaanxi_guanzhong,1986-07-07,0.342,0.352,0.321,0.34
shaanxi_guanzhong,1986-07-08,0.325,0.34,0.319,0.34
shaanxi_guanzhong,1986-07-09,0.39,0.382,0.328,0.34
shaanxi_guanzhong,1986-07-10,0.413,0.417,0.364,0.34
shaanxi_guanzhong,1986-07-11,0.391,0.399,0.368,0.341
shaanxi_guanzhong,1986-07-12,0.374,0.385,0.367,0.341
shaanxi_guanzhong,1986-07-13,0.364,0.375,0.366,0.341
shaanxi_guanzhong,1986-07-14,0.355,0.366,0.364,0.341
shaanxi_guanzhong,1986-07-15,0.345,0.357,0.363,0.342
shaanxi_guanzhong,1986-07-16,0.333,0.348,0.361,0.342
shaanxi_guanzhong,1986-07-17,0.318,0.338,0.358,0.342
shaanxi_guanzhong,1986-07-18,0.305,0.327,0.355,0.342
shaanxi_guanzhong,1986-07-19,0.297,0.32,0.352,0.342
shaanxi_guanzhong,1986-07-20,0.29,0.313,0.35,0.342
shaanxi_guanzhong,1986-07-21,0.279,0.306,0.347,0.342
shaanxi_guanzhong,1986-07-22,0.267,0.298,0.344,0.342
shaanxi_guanzhong,1986-07-23,0.257,0.29,0.341,0.342
shaanxi_guanzhong,1986-07-24,0.248,0.283,0.338,0.342
shaanxi_guanzhong,1986-07-25,0.239,0.276,0.335,0.342
shaanxi_guanzhong,1986-07-26,0.23,0.269,0.331,0.342
shaanxi_guanzhong,1986-07-27,0.219,0.262,0.328,0.341
shaanxi_guanzhong,1986-07-28,0.21,0.255,0.325,0.341
shaanxi_guanzhong,1986-07-29,0.207,0.25,0.321,0.341
shaanxi_guanzhong,1986-07-30,0.378,0.304,0.32,0.341
shaanxi_guanzhong,1986-07-31,0.347,0.326,0.319,0.341
shaanxi_guanzhong,1986-08-01,0.319,0.318,0.318,0.341
shaanxi_guanzhong,1986-08-02,0.303,0.309,0.316,0.341
shaanxi_guanzhong,1986-08-03,0.368,0.317,0.315,0.34
shaanxi_guanzhong,1986-08-04,0.354,0.331,0.315,0.34
shaanxi_guanzhong,1986-08-05,0.327,0.323,0.314,0.34
shaanxi_guanzhong,1986-08-06,0.316,0.314,0.313,0.34
shaanxi_guanzhong,1986-08-07,0.302,0.307,0.311,0.34
shaanxi_guanzhong,1986-08-08,0.288,0.299,0.309,0.34
shaanxi_guanzhong,1986-08-09,0.273,0.29,0.307,0.34
shaanxi_guanzhong,1986-08-10,0.26,0.282,0.305,0.34
shaanxi_guanzhong,1986-08-11,0.246,0.273,0.303,0.339
shaanxi_guanzhong,1986-08-12,0.232,0.263,0.301,0.339
shaanxi_guanzhong,1986-08-13,0.221,0.256,0.298,0.339
shaanxi_guanzhong,1986-08-14,0.228,0.251,0.297,0.339
shaanxi_guanzhong,1986-08-15,0.27,0.251,0.296,0.339
shaanxi_guanzhong,1986-08-16,0.286,0.253,0.295,0.339
shaanxi_guanzhong,1986-08-17,0.313,0.259,0.294,0.338
shaanxi_guanzhong,1986-08-18,0.379,0.294,0.294,0.338
shaanxi_guanzhong,1986-08-19,0.343,0.308,0.294,0.338
shaanxi_guanzhong,1986-08-20,0.312,0.301,0.292,0.338
shaanxi_guanzhong,1986-08-21,0.289,0.291,0.291,0.338
shaanxi_guanzhong,1986-08-22,0.277,0.283,0.29,0.338
shaanxi_guanzhong,1986-08-23,0.357,0.299,0.289,0.337
shaanxi_guanzhong,1986-08-24,0.358,0.323,0.29,0.337
shaanxi_guanzhong,1986-08-25,0.327,0.315,0.29,0.337
shaanxi_guanzhong,1986-08-26,0.308,0.306,0.289,0.337
shaanxi_guanzhong,1986-08-27,0.294,0.299,0.288,0.337
shaanxi_guanzhong,1986-08-28,0.279,0.29,0.287,0.337
shaanxi_guanzhong,1986-08-29,0.266,0.282,0.286,0.336
shaanxi_guanzhong,1986-08-30,0.257,0.275,0.285,0.336
shaanxi_guanzhong,1986-08-31,0.248,0.269,0.283,0.336
shaanxi_guanzhong,1986-09-01,0.238,0.262,0.281,0.336
shaanxi_guanzhong,1986-09-02,0.225,0.254,0.28,0.336
shaanxi_guanzhong,1986-09-03,0.217,0.248,0.278,0.336
shaanxi_guanzhong,1986-09-04,0.211,0.243,0.276,0.335
shaanxi_guanzhong,1986-09-05,0.203,0.237,0.275,0.335
shaanxi_guanzhong,1986-09-06,0.207,0.233,0.274,0.335
shaanxi_guanzhong,1986-09-07,0.247,0.233,0.273,0.335
shaanxi_guanzhong,1986-09-08,0.404,0.302,0.274,0.335
shaanxi_guanzhong,1986-09-09,0.42,0.395,0.282,0.335
shaanxi_guanzhong,1986-09-10,0.396,0.395,0.294,0.335
shaanxi_guanzhong,1986-09-11,0.376,0.379,0.298,0.334
shaanxi_guanzhong,1986-09-12,0.361,0.366,0.3,0.334
shaanxi_guanzhong,1986-09-13,0.349,0.356,0.3,0.334
shaanxi_guanzhong,1986-09-14,0.345,0.347,0.301,0.334
shaanxi_guanzhong,1986-09-15,0.335,0.34,0.301,0.334
shaanxi_guanzhong,1986-09-16,0.356,0.337,0.301,0.334
shaanxi_guanzhong,1986-09-17,0.339,0.334,0.3,0.334
shaanxi_guanzhong,1986-09-18,0.328,0.33,0.3,0.334
shaanxi_guanzhong,1986-09-19,0.312,0.322,0.299,0.334
shaanxi_guanzhong,1986-09-20,0.298,0.313,0.298,0.334
shaanxi_guanzhong,1986-09-21,0.287,0.305,0.297,0.333
shaanxi_guanzhong,1986-09-22,0.278,0.298,0.296,0.333
shaanxi_guanzhong,1986-09-23,0.269,0.291,0.295,0.333
shaanxi_guanzhong,1986-09-24,0.282,0.286,0.294,0.333
shaanxi_guanzhong,1986-09-25,0.33,0.29,0.293,0.333
shaanxi_guanzhong,1986-09-26,0.307,0.29,0.292,0.333
shaanxi_guanzhong,1986-09-27,0.323,0.288,0.291,0.333
shaanxi_guanzhong,1986-09-28,0.387,0.329,0.291,0.333
shaanxi_guanzhong,1986-09-29,0.352,0.335,0.291,0.333
shaanxi_guanzhong,1986-09-30,0.331,0.329,0.291,0.332
shaanxi_guanzhong,1986-10-01,0.317,0.322,0.291,0.332
shaanxi_guanzhong,1986-10-02,0.318,0.316,0.29,0.332
shaanxi_guanzhong,1986-10-03,0.365,0.323,0.29,0.332
shaanxi_guanzhong,1986-10-04,0.343,0.327,0.29,0.332
shaanxi_guanzhong,1986-10-05,0.327,0.323,0.29,0.332
shaanxi_guanzhong,1986-10-06,0.314,0.317,0.29,0.332
shaanxi_guanzhong,1986-10-07,0.318,0.313,0.29,0.332
shaanxi_guanzhong,1986-10-08,0.322,0.313,0.29,0.332
shaanxi_guanzhong,1986-10-09,0.31,0.309,0.289,0.332
shaanxi_guanzhong,1986-10-10,0.299,0.304,0.289,0.331
shaanxi_guanzhong,1986-10-11,0.291,0.3,0.288,0.331
shaanxi_guanzhong,1986-10-12,0.315,0.298,0.288,0.331
shaanxi_guanzhong,1986-10-13,0.315,0.299,0.288,0.331
shaanxi_guanzhong,1986-10-14,0.301,0.296,0.287,0.331
shaanxi_guanzhong,1986-10-15,0.29,0.292,0.286,0.331
shaanxi_guanzhong,1986-10-16,0.313,0.291,0.286,0.331
shaanxi_guanzhong,1986-10-17,0.391,0.318,0.286,0.331
shaanxi_guanzhong,1986-10-18,0.398,0.347,0.287,0.331
shaanxi_guanzhong,1986-10-19,0.408,0.373,0.29,0.331
shaanxi_guanzhong,1986-10-20,0.407,0.39,0.294,0.331
shaanxi_guanzhong,1986-10-21,0.39,0.384,0.299,0.331
shaanxi_guanzhong,1986-10-22,0.385,0.378,0.302,0.33
shaanxi_guanzhong,1986-10-23,0.401,0.386,0.305,0.33
shaanxi_guanzhong,1986-10-24,0.38,0.38,0.308,0.33
shaanxi_guanzhong,1986-10-25,0.372,0.371,0.31,0.33
shaanxi_guanzhong,1986-10-26,0.363,0.365,0.312,0.33
shaanxi_guanzhong,1986-10-27,0.354,0.358,0.312,0.33
shaanxi_guanzhong,1986-10-28,0.356,0.353,0.313,0.33
shaanxi_guanzhong,1986-10-29,0.346,0.349,0.313,0.33
shaanxi_guanzhong,1986-10-30,0.338,0.344,0.313,0.33
shaanxi_guanzhong,1986-10-31,0.333,0.339,0.313,0.33
shaanxi_guanzhong,1986-11-01,0.327,0.334,0.313,0.33
shaanxi_guanzhong,1986-11-02,0.321,0.33,0.313,0.33
shaanxi_guanzhong,1986-11-03,0.316,0.326,0.312,0.33
shaanxi_guanzhong,1986-11-04,0.312,0.322,0.312,0.33
shaanxi_guanzhong,1986-11-05,0.312,0.318,0.312,0.33
shaanxi_guanzhong,1986-11-06,0.314,0.316,0.311,0.33
shaanxi_guanzhong,1986-11-07,0.344,0.318,0.311,0.33
shaanxi_guanzhong,1986-11-08,0.35,0.326,0.311,0.33
shaanxi_guanzhong,1986-11-09,0.335,0.326,0.311,0.33
shaanxi_guanzhong,1986-11-10,0.326,0.324,0.311,0.33
shaanxi_guanzhong,1986-11-11,0.367,0.33,0.31,0.33
shaanxi_guanzhong,1986-11-12,0.356,0.339,0.311,0.33
shaanxi_guanzhong,1986-11-13,0.343,0.338,0.311,0.33
shaanxi_guanzhong,1986-11-14,0.335,0.335,0.311,0.33
shaanxi_guanzhong,1986-11-15,0.33,0.332,0.311,0.33
shaanxi_guanzhong,1986-11-16,0.328,0.33,0.311,0.329
shaanxi_guanzhong,1986-11-17,0.329,0.328,0.311,0.329
shaanxi_guanzhong,1986-11-18,0.349,0.329,0.311,0.329
shaanxi_guanzhong,1986-11-19,0.347,0.333,0.311,0.329
shaanxi_guanzhong,1986-11-20,0.337,0.332,0.311,0.329
shaanxi_guanzhong,1986-11-21,0.333,0.33,0.312,0.329
shaanxi_guanzhong,1986-11-22,0.34,0.33,0.312,0.329
shaanxi_guanzhong,1986-11-23,0.385,0.34,0.312,0.329
shaanxi_guanzhong,1986-11-24,0.376,0.355,0.313,0.329
shaanxi_guanzhong,1986-11-25,0.36,0.355,0.314,0.329
shaanxi_guanzhong,1986-11-26,0.353,0.352,0.315,0.329
shaanxi_guanzhong,1986-11-27,0.349,0.349,0.315,0.329
shaanxi_guanzhong,1986-11-28,0.348,0.347,0.316,0.329
shaanxi_guanzhong,1986-11-29,0.345,0.345,0.316,0.329
shaanxi_guanzhong,1986-11-30,0.343,0.342,0.316,0.329
shaanxi_guanzhong,1986-12-01,0.348,0.341,0.317,0.329
shaanxi_guanzhong,1986-12-02,0.352,0.342,0.317,0.329
shaanxi_guanzhong,1986-12-03,0.349,0.342,0.317,0.329
shaanxi_guanzhong,1986-12-04,0.348,0.342,0.317,0.329
shaanxi_guanzhong,1986-12-05,0.345,0.34,0.318,0.329
shaanxi_guanzhong,1986-12-06,0.341,0.338,0.318,0.329
shaanxi_guanzhong,1986-12-07,0.337,0.337,0.318,0.329
shaanxi_guanzhong,1986-12-08,0.335,0.335,0.318,0.329
shaanxi_guanzhong,1986-12-09,0.333,0.333,0.318,0.329
shaanxi_guanzhong,1986-12-10,0.33,0.332,0.318,0.329
shaanxi_guanzhong,1986-12-11,0.327,0.33,0.318,0.329
shaanxi_guanzhong,1986-12-12,0.329,0.329,0.318,0.329
shaanxi_guanzhong,1986-12-13,0.346,0.33,0.318,0.329
shaanxi_guanzhong,1986-12-14,0.349,0.333,0.318,0.329
shaanxi_guanzhong,1986-12-15,0.377,0.343,0.318,0.329
shaanxi_guanzhong,1986-12-16,0.36,0.348,0.319,0.329
shaanxi_guanzhong,1986-12-17,0.353,0.348,0.319,0.329
shaanxi_guanzhong,1986-12-18,0.353,0.346,0.32,0.329
shaanxi_guanzhong,1986-12-19,0.353,0.346,0.32,0.329
shaanxi_guanzhong,1986-12-20,0.352,0.346,0.32,0.329
shaanxi_guanzhong,1986-12-21,0.356,0.346,0.321,0.329
shaanxi_guanzhong,1986-12-22,0.356,0.347,0.321,0.329
shaanxi_guanzhong,1986-12-23,0.355,0.347,0.322,0.329
shaanxi_guanzhong,1986-12-24,0.355,0.347,0.322,0.329
shaanxi_guanzhong,1986-12-25,0.353,0.347,0.322,0.329
shaanxi_guanzhong,1986-12-26,0.352,0.346,0.323,0.329
shaanxi_guanzhong,1986-12-27,0.351,0.346,0.323,0.329
shaanxi_guanzhong,1986-12-28,0.35,0.345,0.323,0.329
shaanxi_guanzhong,1986-12-29,0.348,0.345,0.323,0.329
shaanxi_guanzhong,1986-12-30,0.345,0.344,0.324,0.329
shaanxi_guanzhong,1986-12-31,0.343,0.342,0.324,0.329
shaanxi_guanzhong,1987-01-01,0.341,0.341,0.324,0.329
shaanxi_guanzhong,1987-01-02,0.343,0.34,0.324,0.329
shaanxi_guanzhong,1987-01-03,0.347,0.34,0.324,0.329
shaanxi_guanzhong,1987-01-04,0.348,0.34,0.324,0.329
shaanxi_guanzhong,1987-01-05,0.348,0.341,0.324,0.329
shaanxi_guanzhong,1987-01-06,0.346,0.341,0.324,0.329
shaanxi_guanzhong,1987-01-07,0.342,0.34,0.324,0.329
shaanxi_guanzhong,1987-01-08,0.339,0.338,0.324,0.329
shaanxi_guanzhong,1987-01-09,0.335,0.336,0.324,0.329
shaanxi_guanzhong,1987-01-10,0.332,0.334,0.324,0.329
shaanxi_guanzhong,1987-01-11,0.33,0.332,0.324,0.329
shaanxi_guanzhong,1987-01-12,0.327,0.331,0.324,0.329
shaanxi_guanzhong,1987-01-13,0.325,0.329,0.324,0.329
shaanxi_guanzhong,1987-01-14,0.324,0.328,0.324,0.329
shaanxi_guanzhong,1987-01-15,0.322,0.327,0.323,0.329
shaanxi_guanzhong,1987-01-16,0.32,0.326,0.323,0.329
shaanxi_guanzhong,1987-01-17,0.319,0.324,0.323,0.329
shaanxi_guanzhong,1987-01-18,0.318,0.323,0.323,0.329
shaanxi_guanzhong,1987-01-19,0.317,0.322,0.322,0.329
shaanxi_guanzhong,1987-01-20,0.316,0.321,0.322,0.329
shaanxi_guanzhong,1987-01-21,0.318,0.32,0.322,0.329
shaanxi_guanzhong,1987-01-22,0.331,0.32,0.322,0.329
shaanxi_guanzhong,1987-01-23,0.329,0.321,0.322,0.329
shaanxi_guanzhong,1987-01-24,0.324,0.321,0.321,0.329
shaanxi_guanzhong,1987-01-25,0.322,0.321,0.321,0.329
shaanxi_guanzhong,1987-01-26,0.32,0.321,0.321,0.329
shaanxi_guanzhong,1987-01-27,0.318,0.321,0.321,0.329
shaanxi_guanzhong,1987-01-28,0.316,0.32,0.321,0.329
shaanxi_guanzhong,1987-01-29,0.314,0.318,0.321,0.329
shaanxi_guanzhong,1987-01-30,0.312,0.317,0.32,0.329
shaanxi_guanzhong,1987-01-31,0.31,0.316,0.32,0.329
shaanxi_guanzhong,1987-02-01,0.308,0.314,0.32,0.329
shaanxi_guanzhong,1987-02-02,0.305,0.313,0.319,0.329
shaanxi_guanzhong,1987-02-03,0.304,0.311,0.319,0.329
shaanxi_guanzhong,1987-02-04,0.303,0.31,0.319,0.329
shaanxi_guanzhong,1987-02-05,0.302,0.309,0.318,0.329
shaanxi_guanzhong,1987-02-06,0.299,0.307,0.318,0.329
shaanxi_guanzhong,1987-02-07,0.296,0.305,0.317,0.329
shaanxi_guanzhong,1987-02-08,0.294,0.303,0.317,0.329
shaanxi_guanzhong,1987-02-09,0.293,0.302,0.316,0.329
shaanxi_guanzhong,1987-02-10,0.313,0.301,0.316,0.329
shaanxi_guanzhong,1987-02-11,0.31,0.302,0.315,0.329
shaanxi_guanzhong,1987-02-12,0.303,0.301,0.315,0.329
shaanxi_guanzhong,1987-02-13,0.297,0.299,0.314,0.329
shaanxi_guanzhong,1987-02-14,0.295,0.298,0.314,0.329
shaanxi_guanzhong,1987-02-15,0.295,0.298,0.313,0.329
shaanxi_guanzhong,1987-02-16,0.3,0.297,0.313,0.329
shaanxi_guanzhong,1987-02-17,0.362,0.305,0.313,0.329
shaanxi_guanzhong,1987-02-18,0.368,0.326,0.313,0.329
shaanxi_guanzhong,1987-02-19,0.348,0.331,0.313,0.329
shaanxi_guanzhong,1987-02-20,0.346,0.332,0.313,0.329
shaanxi_guanzhong,1987-02-21,0.356,0.334,0.314,0.329
shaanxi_guanzhong,1987-02-22,0.365,0.339,0.314,0.329
shaanxi_guanzhong,1987-02-23,0.369,0.344,0.314,0.329
shaanxi_guanzhong,1987-02-24,0.367,0.347,0.315,0.328
shaanxi_guanzhong,1987-02-25,0.359,0.346,0.315,0.328
shaanxi_guanzhong,1987-02-26,0.352,0.345,0.315,0.328
shaanxi_guanzhong,1987-02-27,0.349,0.343,0.316,0.328
shaanxi_guanzhong,1987-02-28,0.34,0.339,0.316,0.328
shaanxi_guanzhong,1987-03-01,0.333,0.335,0.316,0.328
shaanxi_guanzhong,1987-03-02,0.325,0.33,0.315,0.328
shaanxi_guanzhong,1987-03-03,0.318,0.326,0.315,0.328
shaanxi_guanzhong,1987-03-04,0.311,0.321,0.314,0.328
shaanxi_guanzhong,1987-03-05,0.305,0.316,0.314,0.328
shaanxi_guanzhong,1987-03-06,0.299,0.312,0.313,0.328
shaanxi_guanzhong,1987-03-07,0.299,0.309,0.312,0.328
shaanxi_guanzhong,1987-03-08,0.349,0.311,0.312,0.328
shaanxi_guanzhong,1987-03-09,0.383,0.329,0.312,0.328
shaanxi_guanzhong,1987-03-10,0.381,0.35,0.312,0.328
shaanxi_guanzhong,1987-03-11,0.366,0.352,0.313,0.328
shaanxi_guanzhong,1987-03-12,0.364,0.351,0.314,0.328
shaanxi_guanzhong,1987-03-13,0.362,0.35,0.314,0.328
shaanxi_guanzhong,1987-03-14,0.357,0.349,0.315,0.328
shaanxi_guanzhong,1987-03-15,0.352,0.347,0.315,0.328
shaanxi_guanzhong,1987-03-16,0.341,0.342,0.315,0.328
shaanxi_guanzhong,1987-03-17,0.332,0.336,0.315,0.328
shaanxi_guanzhong,1987-03-18,0.358,0.336,0.315,0.328
shaanxi_guanzhong,1987-03-19,0.355,0.341,0.315,0.328
shaanxi_guanzhong,1987-03-20,0.339,0.337,0.315,0.328
shaanxi_guanzhong,1987-03-21,0.36,0.336,0.314,0.327
shaanxi_guanzhong,1987-03-22,0.379,0.346,0.315,0.327
shaanxi_guanzhong,1987-03-23,0.371,0.352,0.315,0.327
shaanxi_guanzhong,1987-03-24,0.387,0.359,0.316,0.327
shaanxi_guanzhong,1987-03-25,0.382,0.37,0.318,0.327
shaanxi_guanzhong,1987-03-26,0.373,0.365,0.318,0.327
shaanxi_guanzhong,1987-03-27,0.364,0.361,0.319,0.327
shaanxi_guanzhong,1987-03-28,0.352,0.354,0.319,0.327
shaanxi_guanzhong,1987-03-29,0.341,0.347,0.319,0.327
shaanxi_guanzhong,1987-03-30,0.333,0.34,0.319,0.327
shaanxi_guanzhong,1987-03-31,0.372,0.345,0.318,0.327
shaanxi_guanzhong,1987-04-01,0.4,0.382,0.32,0.327
shaanxi_guanzhong,1987-04-02,0.375,0.376,0.322,0.327
shaanxi_guanzhong,1987-04-03,0.357,0.364,0.323,0.327
shaanxi_guanzhong,1987-04-04,0.348,0.355,0.323,0.327
shaanxi_guanzhong,1987-04-05,0.347,0.35,0.323,0.327
shaanxi_guanzhong,1987-04-06,0.338,0.344,0.323,0.327
shaanxi_guanzhong,1987-04-07,0.327,0.337,0.322,0.327
shaanxi_guanzhong,1987-04-08,0.316,0.329,0.321,0.327
shaanxi_guanzhong,1987-04-09,0.311,0.323,0.32,0.327
shaanxi_guanzhong,1987-04-10,0.306,0.318,0.319,0.327
shaanxi_guanzhong,1987-04-11,0.358,0.323,0.318,0.327
shaanxi_guanzhong,1987-04-12,0.371,0.345,0.319,0.327
shaanxi_guanzhong,1987-04-13,0.352,0.345,0.319,0.327
shaanxi_guanzhong,1987-04-14,0.34,0.34,0.319,0.327
shaanxi_guanzhong,1987-04-15,0.327,0.333,0.318,0.327
shaanxi_guanzhong,1987-04-16,0.316,0.326,0.317,0.327
shaanxi_guanzhong,1987-04-17,0.305,0.319,0.316,0.327
shaanxi_guanzhong,1987-04-18,0.293,0.31,0.314,0.326
shaanxi_guanzhong,1987-04-19,0.307,0.305,0.313,0.326
shaanxi_guanzhong,1987-04-20,0.384,0.345,0.312,0.326
shaanxi_guanzhong,1987-04-21,0.35,0.342,0.312,0.326
shaanxi_guanzhong,1987-04-22,0.333,0.334,0.311,0.326
shaanxi_guanzhong,1987-04-23,0.317,0.326,0.31,0.326
shaanxi_guanzhong,1987-04-24,0.311,0.319,0.309,0.326
shaanxi_guanzhong,1987-04-25,0.381,0.33,0.309,0.326
shaanxi_guanzhong,1987-04-26,0.361,0.341,0.309,0.326
shaanxi_guanzhong,1987-04-27,0.369,0.343,0.309,0.326
shaanxi_guanzhong,1987-04-28,0.347,0.341,0.31,0.326
shaanxi_guanzhong,1987-04-29,0.327,0.332,0.309,0.326
shaanxi_guanzhong,1987-04-30,0.312,0.322,0.308,0.326
shaanxi_guanzhong,1987-05-01,0.303,0.315,0.307,0.325
shaanxi_guanzhong,1987-05-02,0.317,0.311,0.306,0.325
shaanxi_guanzhong,1987-05-03,0.315,0.307,0.305,0.325
shaanxi_guanzhong,1987-05-04,0.326,0.308,0.304,0.325
shaanxi_guanzhong,1987-05-05,0.32,0.307,0.304,0.325
shaanxi_guanzhong,1987-05-06,0.311,0.305,0.303,0.325
shaanxi_guanzhong,1987-05-07,0.297,0.3,0.302,0.325
shaanxi_guanzhong,1987-05-08,0.284,0.294,0.301,0.325
shaanxi_guanzhong,1987-05-09,0.276,0.288,0.3,0.325
shaanxi_guanzhong,1987-05-10,0.268,0.284,0.299,0.325
shaanxi_guanzhong,1987-05-11,0.283,0.28,0.298,0.325
shaanxi_guanzhong,1987-05-12,0.368,0.296,0.298,0.325
shaanxi_guanzhong,1987-05-13,0.346,0.311,0.298,0.325
shaanxi_guanzhong,1987-05-14,0.323,0.308,0.297,0.325
shaanxi_guanzhong,1987-05-15,0.308,0.303,0.296,0.324
shaanxi_guanzhong,1987-05-16,0.287,0.295,0.294,0.324
shaanxi_guanzhong,1987-05-17,0.271,0.286,0.292,0.324
shaanxi_guanzhong,1987-05-18,0.269,0.278,0.291,0.324
shaanxi_guanzhong,1987-05-19,0.281,0.274,0.29,0.324
shaanxi_guanzhong,1987-05-20,0.289,0.271,0.288,0.324
shaanxi_guanzhong,1987-05-21,0.3,0.273,0.288,0.324
shaanxi_guanzhong,1987-05-22,0.276,0.269,0.286,0.324
shaanxi_guanzhong,1987-05-23,0.259,0.263,0.284,0.323
shaanxi_guanzhong,1987-05-24,0.351,0.28,0.283,0.323
shaanxi_guanzhong,1987-05-25,0.377,0.302,0.283,0.323
shaanxi_guanzhong,1987-05-26,0.381,0.324,0.284,0.323
shaanxi_guanzhong,1987-05-27,0.408,0.357,0.287,0.323
shaanxi_guanzhong,1987-05-28,0.384,0.369,0.292,0.323
shaanxi_guanzhong,1987-05-29,0.355,0.355,0.294,0.323
shaanxi_guanzhong,1987-05-30,0.334,0.341,0.294,0.323
shaanxi_guanzhong,1987-05-31,0.387,0.376,0.298,0.323
shaanxi_guanzhong,1987-06-01,0.392,0.398,0.312,0.323
shaanxi_guanzhong,1987-06-02,0.368,0.377,0.314,0.323
shaanxi_guanzhong,1987-06-03,0.352,0.362,0.314,0.323
shaanxi_guanzhong,1987-06-04,0.341,0.35,0.314,0.323
shaanxi_guanzhong,1987-06-05,0.378,0.353,0.313,0.323
shaanxi_guanzhong,1987-06-06,0.364,0.356,0.314,0.323
shaanxi_guanzhong,1987-06-07,0.344,0.348,0.314,0.323
shaanxi_guanzhong,1987-06-08,0.325,0.337,0.313,0.322
shaanxi_guanzhong,1987-06-09,0.311,0.327,0.311,0.322
shaanxi_guanzhong,1987-06-10,0.3,0.318,0.31,0.322
shaanxi_guanzhong,1987-06-11,0.373,0.335,0.309,0.322
shaanxi_guanzhong,1987-06-12,0.426,0.406,0.315,0.322
shaanxi_guanzhong,1987-06-13,0.418,0.413,0.33,0.322
shaanxi_guanzhong,1987-06-14,0.419,0.414,0.34,0.323
shaanxi_guanzhong,1987-06-15,0.391,0.398,0.346,0.323
shaanxi_guanzhong,1987-06-16,0.374,0.383,0.346,0.323
shaanxi_guanzhong,1987-06-17,0.363,0.372,0.346,0.323
shaanxi_guanzhong,1987-06-18,0.358,0.364,0.345,0.324
shaanxi_guanzhong,1987-06-19,0.357,0.36,0.344,0.324
shaanxi_guanzhong,1987-06-20,0.371,0.359,0.344,0.324
shaanxi_guanzhong,1987-06-21,0.402,0.375,0.344,0.324
shaanxi_guanzhong,1987-06-22,0.406,0.388,0.345,0.324
shaanxi_guanzhong,1987-06-23,0.384,0.386,0.346,0.325
shaanxi_guanzhong,1987-06-24,0.362,0.372,0.345,0.325
shaanxi_guanzhong,1987-06-25,0.362,0.362,0.344,0.325
shaanxi_guanzhong,1987-06-26,0.428,0.409,0.349,0.325
shaanxi_guanzhong,1987-06-27,0.41,0.413,0.361,0.325
shaanxi_guanzhong,1987-06-28,0.387,0.396,0.363,0.326
shaanxi_guanzhong,1987-06-29,0.369,0.381,0.362,0.326
shaanxi_guanzhong,1987-06-30,0.355,0.368,0.36,0.327
shaanxi_guanzhong,1987-07-01,0.349,0.36,0.358,0.327
shaanxi_guanzhong,1987-07-02,0.337,0.351,0.356,0.327
shaanxi_guanzhong,1987-07-03,0.325,0.342,0.354,0.327
shaanxi_guanzhong,1987-07-04,0.315,0.334,0.351,0.328
shaanxi_guanzhong,1987-07-05,0.328,0.327,0.349,0.328
shaanxi_guanzhong,1987-07-06,0.308,0.32,0.346,0.328
shaanxi_guanzhong,1987-07-07,0.29,0.31,0.343,0.328
shaanxi_guanzhong,1987-07-08,0.28,0.303,0.34,0.328
shaanxi_guanzhong,1987-07-09,0.336,0.304,0.338,0.328
shaanxi_guanzhong,1987-07-10,0.394,0.336,0.337,0.328
shaanxi_guanzhong,1987-07-11,0.382,0.362,0.338,0.328
shaanxi_guanzhong,1987-07-12,0.358,0.356,0.338,0.328
shaanxi_guanzhong,1987-07-13,0.337,0.345,0.336,0.328
shaanxi_guanzhong,1987-07-14,0.319,0.334,0.334,0.328
shaanxi_guanzhong,1987-07-15,0.304,0.323,0.332,0.328
shaanxi_guanzhong,1987-07-16,0.295,0.314,0.33,0.328
shaanxi_guanzhong,1987-07-17,0.391,0.342,0.33,0.328
shaanxi_guanzhong,1987-07-18,0.419,0.411,0.343,0.328
shaanxi_guanzhong,1987-07-19,0.401,0.401,0.35,0.328
shaanxi_guanzhong,1987-07-20,0.38,0.388,0.351,0.328
shaanxi_guanzhong,1987-07-21,0.365,0.375,0.351,0.328
shaanxi_guanzhong,1987-07-22,0.348,0.362,0.349,0.329
shaanxi_guanzhong,1987-07-23,0.329,0.348,0.346,0.329
shaanxi_guanzhong,1987-07-24,0.313,0.335,0.344,0.329
shaanxi_guanzhong,1987-07-25,0.301,0.325,0.341,0.329
shaanxi_guanzhong,1987-07-26,0.289,0.315,0.338,0.329
shaanxi_guanzhong,1987-07-27,0.291,0.308,0.336,0.329
shaanxi_guanzhong,1987-07-28,0.388,0.337,0.335,0.329
shaanxi_guanzhong,1987-07-29,0.36,0.348,0.335,0.329
shaanxi_guanzhong,1987-07-30,0.334,0.338,0.333,0.329
shaanxi_guanzhong,1987-07-31,0.314,0.326,0.331,0.329
shaanxi_guanzhong,1987-08-01,0.296,0.315,0.329,0.329
shaanxi_guanzhong,1987-08-02,0.291,0.306,0.327,0.329
shaanxi_guanzhong,1987-08-03,0.414,0.376,0.328,0.329
shaanxi_guanzhong,1987-08-04,0.42,0.419,0.352,0.329
shaanxi_guanzhong,1987-08-05,0.413,0.409,0.361,0.329
shaanxi_guanzhong,1987-08-06,0.424,0.426,0.386,0.33
shaanxi_guanzhong,1987-08-07,0.397,0.407,0.391,0.332
shaanxi_guanzhong,1987-08-08,0.375,0.389,0.387,0.334
shaanxi_guanzhong,1987-08-09,0.358,0.374,0.383,0.334
shaanxi_guanzhong,1987-08-10,0.345,0.363,0.379,0.335
shaanxi_guanzhong,1987-08-11,0.346,0.354,0.376,0.335
shaanxi_guanzhong,1987-08-12,0.405,0.372,0.374,0.336
shaanxi_guanzhong,1987-08-13,0.419,0.42,0.387,0.336
shaanxi_guanzhong,1987-08-14,0.394,0.405,0.391,0.337
shaanxi_guanzhong,1987-08-15,0.377,0.389,0.389,0.338
shaanxi_guanzhong,1987-08-16,0.363,0.377,0.386,0.339
shaanxi_guanzhong,1987-08-17,0.352,0.367,0.383,0.339
shaanxi_guanzhong,1987-08-18,0.343,0.359,0.38,0.34
shaanxi_guanzhong,1987-08-19,0.335,0.351,0.377,0.34
shaanxi_guanzhong,1987-08-20,0.327,0.343,0.374,0.34
shaanxi_guanzhong,1987-08-21,0.315,0.335,0.371,0.341
shaanxi_guanzhong,1987-08-22,0.308,0.329,0.367,0.341
shaanxi_guanzhong,1987-08-23,0.301,0.323,0.365,0.341
shaanxi_guanzhong,1987-08-24,0.297,0.316,0.362,0.341
shaanxi_guanzhong,1987-08-25,0.287,0.31,0.359,0.341
shaanxi_guanzhong,1987-08-26,0.371,0.349,0.357,0.341
shaanxi_guanzhong,1987-08-27,0.376,0.376,0.357,0.341
shaanxi_guanzhong,1987-08-28,0.356,0.364,0.356,0.341
shaanxi_guanzhong,1987-08-29,0.34,0.353,0.354,0.341
shaanxi_guanzhong,1987-08-30,0.326,0.342,0.353,0.341
shaanxi_guanzhong,1987-08-31,0.316,0.334,0.35,0.341
shaanxi_guanzhong,1987-09-01,0.304,0.325,0.348,0.341
shaanxi_guanzhong,1987-09-02,0.371,0.335,0.347,0.341
shaanxi_guanzhong,1987-09-03,0.409,0.396,0.35,0.341
shaanxi_guanzhong,1987-09-04,0.379,0.384,0.352,0.341
shaanxi_guanzhong,1987-09-05,0.36,0.371,0.352,0.341
shaanxi_guanzhong,1987-09-06,0.346,0.36,0.351,0.341
shaanxi_guanzhong,1987-09-07,0.335,0.35,0.349,0.341
shaanxi_guanzhong,1987-09-08,0.325,0.341,0.348,0.341
shaanxi_guanzhong,1987-09-09,0.318,0.333,0.346,0.341
shaanxi_guanzhong,1987-09-10,0.314,0.327,0.344,0.341
shaanxi_guanzhong,1987-09-11,0.308,0.322,0.343,0.341
shaanxi_guanzhong,1987-09-12,0.296,0.315,0.341,0.34
shaanxi_guanzhong,1987-09-13,0.288,0.309,0.339,0.34
shaanxi_guanzhong,1987-09-14,0.298,0.306,0.338,0.34
shaanxi_guanzhong,1987-09-15,0.301,0.305,0.337,0.34
shaanxi_guanzhong,1987-09-16,0.289,0.3,0.335,0.34
shaanxi_guanzhong,1987-09-17,0.278,0.295,0.333,0.34
shaanxi_guanzhong,1987-09-18,0.267,0.289,0.331,0.34
shaanxi_guanzhong,1987-09-19,0.257,0.283,0.328,0.34
shaanxi_guanzhong,1987-09-20,0.25,0.277,0.326,0.34
shaanxi_guanzhong,1987-09-21,0.246,0.272,0.324,0.34
shaanxi_guanzhong,1987-09-22,0.24,0.268,0.322,0.339
shaanxi_guanzhong,1987-09-23,0.253,0.265,0.32,0.339
shaanxi_guanzhong,1987-09-24,0.3,0.266,0.319,0.339
shaanxi_guanzhong,1987-09-25,0.278,0.265,0.317,0.339
shaanxi_guanzhong,1987-09-26,0.263,0.263,0.315,0.339
shaanxi_guanzhong,1987-09-27,0.256,0.26,0.313,0.339
shaanxi_guanzhong,1987-09-28,0.306,0.263,0.312,0.339
shaanxi_guanzhong,1987-09-29,0.294,0.266,0.311,0.339
shaanxi_guanzhong,1987-09-30,0.275,0.264,0.309,0.338
shaanxi_guanzhong,1987-10-01,0.261,0.261,0.308,0.338
shaanxi_guanzhong,1987-10-02,0.25,0.257,0.306,0.338
shaanxi_guanzhong,1987-10-03,0.243,0.254,0.304,0.338
shaanxi_guanzhong,1987-10-04,0.239,0.251,0.303,0.338
shaanxi_guanzhong,1987-10-05,0.232,0.248,0.302,0.338
shaanxi_guanzhong,1987-10-06,0.225,0.245,0.3,0.337
shaanxi_guanzhong,1987-10-07,0.217,0.242,0.298,0.337
shaanxi_guanzhong,1987-10-08,0.211,0.239,0.297,0.337
shaanxi_guanzhong,1987-10-09,0.207,0.236,0.295,0.337
shaanxi_guanzhong,1987-10-10,0.202,0.234,0.294,0.337
shaanxi_guanzhong,1987-10-11,0.199,0.231,0.293,0.337
shaanxi_guanzhong,1987-10-12,0.377,0.308,0.292,0.336
shaanxi_guanzhong,1987-10-13,0.412,0.394,0.301,0.336
shaanxi_guanzhong,1987-10-14,0.394,0.386,0.307,0.336
shaanxi_guanzhong,1987-10-15,0.42,0.399,0.312,0.336
shaanxi_guanzhong,1987-10-16,0.425,0.413,0.321,0.336
shaanxi_guanzhong,1987-10-17,0.42,0.412,0.332,0.336
shaanxi_guanzhong,1987-10-18,0.401,0.404,0.339,0.336
shaanxi_guanzhong,1987-10-19,0.383,0.389,0.343,0.336
shaanxi_guanzhong,1987-10-20,0.398,0.386,0.344,0.336
shaanxi_guanzhong,1987-10-21,0.412,0.402,0.348,0.336
shaanxi_guanzhong,1987-10-22,0.39,0.394,0.351,0.336
shaanxi_guanzhong,1987-10-23,0.382,0.386,0.353,0.336
shaanxi_guanzhong,1987-10-24,0.373,0.379,0.353,0.336
shaanxi_guanzhong,1987-10-25,0.364,0.372,0.353,0.337
shaanxi_guanzhong,1987-10-26,0.357,0.366,0.353,0.337
shaanxi_guanzhong,1987-10-27,0.351,0.36,0.353,0.337
shaanxi_guanzhong,1987-10-28,0.346,0.355,0.352,0.337
shaanxi_guanzhong,1987-10-29,0.341,0.35,0.351,0.337
shaanxi_guanzhong,1987-10-30,0.357,0.348,0.35,0.337
shaanxi_guanzhong,1987-10-31,0.411,0.381,0.351,0.337
shaanxi_guanzhong,1987-11-01,0.415,0.403,0.354,0.337
shaanxi_guanzhong,1987-11-02,0.406,0.403,0.359,0.337
shaanxi_guanzhong,1987-11-03,0.398,0.396,0.361,0.337
shaanxi_guanzhong,1987-11-04,0.392,0.391,0.363,0.338
shaanxi_guanzhong,1987-11-05,0.385,0.386,0.363,0.338
shaanxi_guanzhong,1987-11-06,0.378,0.381,0.364,0.338
shaanxi_guanzhong,1987-11-07,0.372,0.377,0.364,0.338
shaanxi_guanzhong,1987-11-08,0.366,0.372,0.363,0.338
shaanxi_guanzhong,1987-11-09,0.36,0.367,0.363,0.338
shaanxi_guanzhong,1987-11-10,0.355,0.363,0.362,0.339
shaanxi_guanzhong,1987-11-11,0.373,0.362,0.361,0.339
shaanxi_guanzhong,1987-11-12,0.376,0.369,0.361,0.339
shaanxi_guanzhong,1987-11-13,0.374,0.368,0.361,0.339
shaanxi_guanzhong,1987-11-14,0.424,0.412,0.365,0.339
shaanxi_guanzhong,1987-11-15,0.405,0.408,0.372,0.339
shaanxi_guanzhong,1987-11-16,0.397,0.398,0.374,0.34
shaanxi_guanzhong,1987-11-17,0.402,0.399,0.375,0.34
shaanxi_guanzhong,1987-11-18,0.408,0.411,0.378,0.34
shaanxi_guanzhong,1987-11-19,0.392,0.399,0.38,0.341
shaanxi_guanzhong,1987-11-20,0.384,0.392,0.38,0.341
shaanxi_guanzhong,1987-11-21,0.378,0.386,0.38,0.342
shaanxi_guanzhong,1987-11-22,0.373,0.381,0.379,0.342
shaanxi_guanzhong,1987-11-23,0.368,0.376,0.378,0.342
shaanxi_guanzhong,1987-11-24,0.376,0.374,0.377,0.343
shaanxi_guanzhong,1987-11-25,0.405,0.384,0.377,0.343
shaanxi_guanzhong,1987-11-26,0.425,0.412,0.379,0.343
shaanxi_guanzhong,1987-11-27,0.411,0.416,0.387,0.344
shaanxi_guanzhong,1987-11-28,0.397,0.405,0.389,0.344
shaanxi_guanzhong,1987-11-29,0.39,0.398,0.39,0.345
shaanxi_guanzhong,1987-11-30,0.386,0.393,0.389,0.346
shaanxi_guanzhong,1987-12-01,0.381,0.389,0.389,0.346
shaanxi_guanzhong,1987-12-02,0.378,0.385,0.388,0.347
shaanxi_guanzhong,1987-12-03,0.376,0.382,0.387,0.347
shaanxi_guanzhong,1987-12-04,0.373,0.38,0.386,0.348
shaanxi_guanzhong,1987-12-05,0.371,0.377,0.385,0.348
shaanxi_guanzhong,1987-12-06,0.371,0.375,0.384,0.348
shaanxi_guanzhong,1987-12-07,0.376,0.375,0.384,0.349
shaanxi_guanzhong,1987-12-08,0.38,0.376,0.383,0.349
shaanxi_guanzhong,1987-12-09,0.382,0.378,0.382,0.349
shaanxi_guanzhong,1987-12-10,0.381,0.379,0.381,0.35
shaanxi_guanzhong,1987-12-11,0.377,0.379,0.381,0.35
shaanxi_guanzhong,1987-12-12,0.375,0.377,0.38,0.35
shaanxi_guanzhong,1987-12-13,0.373,0.376,0.38,0.351
shaanxi_guanzhong,1987-12-14,0.373,0.375,0.379,0.351
shaanxi_guanzhong,1987-12-15,0.373,0.374,0.379,0.351
shaanxi_guanzhong,1987-12-16,0.372,0.373,0.378,0.351
shaanxi_guanzhong,1987-12-17,0.369,0.372,0.377,0.351
shaanxi_guanzhong,1987-12-18,0.367,0.37,0.377,0.352
shaanxi_guanzhong,1987-12-19,0.364,0.368,0.376,0.352
shaanxi_guanzhong,1987-12-20,0.361,0.366,0.375,0.352
shaanxi_guanzhong,1987-12-21,0.359,0.364,0.375,0.352
shaanxi_guanzhong,1987-12-22,0.356,0.362,0.374,0.352
shaanxi_guanzhong,1987-12-23,0.354,0.36,0.373,0.352
shaanxi_guanzhong,1987-12-24,0.352,0.358,0.372,0.353
shaanxi_guanzhong,1987-12-25,0.349,0.356,0.372,0.353
shaanxi_guanzhong,1987-12-26,0.347,0.354,0.371,0.353
shaanxi_guanzhong,1987-12-27,0.345,0.352,0.37,0.353
shaanxi_guanzhong,1987-12-28,0.343,0.35,0.369,0.353
shaanxi_guanzhong,1987-12-29,0.34,0.348,0.368,0.353
shaanxi_guanzhong,1987-12-30,0.339,0.347,0.367,0.353
shaanxi_guanzhong,1987-12-31,0.339,0.346,0.366,0.353
shaanxi_guanzhong,1988-01-01,0.337,0.344,0.366,0.353
shaanxi_guanzhong,1988-01-02,0.335,0.343,0.365,0.353
shaanxi_guanzhong,1988-01-03,0.334,0.341,0.364,0.353
shaanxi_guanzhong,1988-01-04,0.332,0.34,0.363,0.353
shaanxi_guanzhong,1988-01-05,0.331,0.339,0.362,0.353
shaanxi_guanzhong,1988-01-06,0.332,0.338,0.361,0.353
shaanxi_guanzhong,1988-01-07,0.337,0.338,0.361,0.353
shaanxi_guanzhong,1988-01-08,0.342,0.339,0.36,0.353
shaanxi_guanzhong,1988-01-09,0.34,0.34,0.359,0.353
shaanxi_guanzhong,1988-01-10,0.338,0.34,0.359,0.353
shaanxi_guanzhong,1988-01-11,0.339,0.34,0.358,0.353
shaanxi_guanzhong,1988-01-12,0.338,0.339,0.357,0.353
shaanxi_guanzhong,1988-01-13,0.34,0.339,0.357,0.353
shaanxi_guanzhong,1988-01-14,0.351,0.341,0.356,0.353
shaanxi_guanzhong,1988-01-15,0.345,0.342,0.356,0.353
shaanxi_guanzhong,1988-01-16,0.343,0.342,0.355,0.353
shaanxi_guanzhong,1988-01-17,0.345,0.342,0.355,0.353
shaanxi_guanzhong,1988-01-18,0.35,0.344,0.355,0.353
shaanxi_guanzhong,1988-01-19,0.354,0.346,0.354,0.353
shaanxi_guanzhong,1988-01-20,0.357,0.348,0.354,0.353
shaanxi_guanzhong,1988-01-21,0.356,0.349,0.354,0.353
shaanxi_guanzhong,1988-01-22,0.351,0.349,0.353,0.353
shaanxi_guanzhong,1988-01-23,0.348,0.349,0.353,0.353
shaanxi_guanzhong,1988-01-24,0.346,0.349,0.353,0.353
shaanxi_guanzhong,1988-01-25,0.347,0.348,0.353,0.353
shaanxi_guanzhong,1988-01-26,0.347,0.348,0.353,0.353
shaanxi_guanzhong,1988-01-27,0.347,0.348,0.353,0.353
shaanxi_guanzhong,1988-01-28,0.345,0.347,0.352,0.353
shaanxi_guanzhong,1988-01-29,0.342,0.346,0.352,0.353
shaanxi_guanzhong,1988-01-30,0.346,0.345,0.352,0.353
shaanxi_guanzhong,1988-01-31,0.353,0.345,0.351,0.353
shaanxi_guanzhong,1988-02-01,0.354,0.347,0.351,0.353
shaanxi_guanzhong,1988-02-02,0.352,0.347,0.351,0.353
shaanxi_guanzhong,1988-02-03,0.349,0.347,0.35,0.353
shaanxi_guanzhong,1988-02-04,0.346,0.346,0.35,0.353
shaanxi_guanzhong,1988-02-05,0.341,0.344,0.349,0.353
shaanxi_guanzhong,1988-02-06,0.337,0.342,0.349,0.353
shaanxi_guanzhong,1988-02-07,0.335,0.34,0.348,0.353
shaanxi_guanzhong,1988-02-08,0.332,0.339,0.348,0.353
shaanxi_guanzhong,1988-02-09,0.331,0.337,0.348,0.353
shaanxi_guanzhong,1988-02-10,0.33,0.336,0.347,0.353
shaanxi_guanzhong,1988-02-11,0.33,0.335,0.347,0.353
shaanxi_guanzhong,1988-02-12,0.33,0.334,0.346,0.353
shaanxi_guanzhong,1988-02-13,0.329,0.332,0.346,0.353
shaanxi_guanzhong,1988-02-14,0.326,0.331,0.345,0.353
shaanxi_guanzhong,1988-02-15,0.325,0.33,0.345,0.353
shaanxi_guanzhong,1988-02-16,0.324,0.33,0.344,0.353
shaanxi_guanzhong,1988-02-17,0.325,0.329,0.344,0.353
shaanxi_guanzhong,1988-02-18,0.331,0.329,0.344,0.353
shaanxi_guanzhong,1988-02-19,0.346,0.331,0.343,0.353
shaanxi_guanzhong,1988-02-20,0.357,0.336,0.343,0.352
shaanxi_guanzhong,1988-02-21,0.355,0.339,0.343,0.352
shaanxi_guanzhong,1988-02-22,0.357,0.342,0.342,0.352
shaanxi_guanzhong,1988-02-23,0.363,0.345,0.342,0.352
shaanxi_guanzhong,1988-02-24,0.381,0.355,0.342,0.352
shaanxi_guanzhong,1988-02-25,0.387,0.364,0.343,0.352
shaanxi_guanzhong,1988-02-26,0.381,0.37,0.344,0.352
shaanxi_guanzhong,1988-02-27,0.374,0.37,0.345,0.352
shaanxi_guanzhong,1988-02-28,0.369,0.368,0.346,0.352
shaanxi_guanzhong,1988-02-29,0.368,0.366,0.347,0.352
shaanxi_guanzhong,1988-03-01,0.379,0.367,0.348,0.352
shaanxi_guanzhong,1988-03-02,0.381,0.372,0.349,0.352
shaanxi_guanzhong,1988-03-03,0.378,0.372,0.349,0.352
shaanxi_guanzhong,1988-03-04,0.385,0.374,0.35,0.352
shaanxi_guanzhong,1988-03-05,0.395,0.381,0.352,0.352
shaanxi_guanzhong,1988-03-06,0.387,0.385,0.354,0.352
shaanxi_guanzhong,1988-03-07,0.384,0.38,0.355,0.352
shaanxi_guanzhong,1988-03-08,0.387,0.38,0.356,0.352
shaanxi_guanzhong,1988-03-09,0.384,0.38,0.357,0.352
shaanxi_guanzhong,1988-03-10,0.378,0.377,0.358,0.352
shaanxi_guanzhong,1988-03-11,0.37,0.373,0.358,0.352
shaanxi_guanzhong,1988-03-12,0.36,0.366,0.358,0.352
shaanxi_guanzhong,1988-03-13,0.365,0.362,0.357,0.352
shaanxi_guanzhong,1988-03-14,0.422,0.396,0.358,0.352
shaanxi_guanzhong,1988-03-15,0.425,0.418,0.367,0.352
shaanxi_guanzhong,1988-03-16,0.414,0.413,0.375,0.352
shaanxi_guanzhong,1988-03-17,0.414,0.412,0.38,0.353
shaanxi_guanzhong,1988-03-18,0.413,0.411,0.383,0.353
shaanxi_guanzhong,1988-03-19,0.422,0.416,0.387,0.353
shaanxi_guanzhong,1988-03-20,0.425,0.422,0.395,0.354
shaanxi_guanzhong,1988-03-21,0.424,0.424,0.402,0.355
shaanxi_guanzhong,1988-03-22,0.407,0.413,0.404,0.357
shaanxi_guanzhong,1988-03-23,0.397,0.404,0.403,0.358
shaanxi_guanzhong,1988-03-24,0.401,0.4,0.401,0.359
shaanxi_guanzhong,1988-03-25,0.405,0.403,0.4,0.36
shaanxi_guanzhong,1988-03-26,0.406,0.406,0.4,0.361
shaanxi_guanzhong,1988-03-27,0.408,0.405,0.4,0.362
shaanxi_guanzhong,1988-03-28,0.423,0.417,0.401,0.362
shaanxi_guanzhong,1988-03-29,0.417,0.42,0.407,0.364
shaanxi_guanzhong,1988-03-30,0.4,0.409,0.407,0.365
shaanxi_guanzhong,1988-03-31,0.395,0.401,0.405,0.366
shaanxi_guanzhong,1988-04-01,0.394,0.397,0.403,0.367
shaanxi_guanzhong,1988-04-02,0.423,0.414,0.404,0.368
shaanxi_guanzhong,1988-04-03,0.405,0.413,0.407,0.369
shaanxi_guanzhong,1988-04-04,0.407,0.405,0.405,0.369
shaanxi_guanzhong,1988-04-05,0.422,0.417,0.406,0.37
shaanxi_guanzhong,1988-04-06,0.42,0.424,0.413,0.372
shaanxi_guanzhong,1988-04-07,0.404,0.411,0.412,0.373
shaanxi_guanzhong,1988-04-08,0.391,0.4,0.409,0.374
shaanxi_guanzhong,1988-04-09,0.381,0.391,0.406,0.375
shaanxi_guanzhong,1988-04-10,0.373,0.383,0.403,0.376
shaanxi_guanzhong,1988-04-11,0.364,0.376,0.401,0.376
shaanxi_guanzhong,1988-04-12,0.354,0.368,0.397,0.376
shaanxi_guanzhong,1988-04-13,0.346,0.36,0.394,0.377
shaanxi_guanzhong,1988-04-14,0.337,0.353,0.391,0.377
shaanxi_guanzhong,1988-04-15,0.334,0.348,0.388,0.377
shaanxi_guanzhong,1988-04-16,0.331,0.345,0.385,0.377
shaanxi_guanzhong,1988-04-17,0.32,0.338,0.382,0.377
shaanxi_guanzhong,1988-04-18,0.31,0.331,0.378,0.377
shaanxi_guanzhong,1988-04-19,0.3,0.324,0.375,0.377
shaanxi_guanzhong,1988-04-20,0.292,0.317,0.371,0.377
shaanxi_guanzhong,1988-04-21,0.287,0.313,0.368,0.376
shaanxi_guanzhong,1988-04-22,0.282,0.308,0.365,0.376
shaanxi_guanzhong,1988-04-23,0.274,0.302,0.362,0.376
shaanxi_guanzhong,1988-04-24,0.266,0.297,0.359,0.376
shaanxi_guanzhong,1988-04-25,0.303,0.298,0.356,0.376
shaanxi_guanzhong,1988-04-26,0.362,0.326,0.354,0.375
shaanxi_guanzhong,1988-04-27,0.331,0.324,0.352,0.375
shaanxi_guanzhong,1988-04-28,0.311,0.318,0.35,0.375
shaanxi_guanzhong,1988-04-29,0.295,0.31,0.347,0.375
shaanxi_guanzhong,1988-04-30,0.283,0.302,0.345,0.374
shaanxi_guanzhong,1988-05-01,0.273,0.296,0.342,0.374
shaanxi_guanzhong,1988-05-02,0.261,0.289,0.339,0.374
shaanxi_guanzhong,1988-05-03,0.272,0.283,0.337,0.373
shaanxi_guanzhong,1988-05-04,0.321,0.284,0.335,0.373
shaanxi_guanzhong,1988-05-05,0.305,0.284,0.333,0.373
shaanxi_guanzhong,1988-05-06,0.38,0.313,0.332,0.372
shaanxi_guanzhong,1988-05-07,0.375,0.335,0.331,0.372
shaanxi_guanzhong,1988-05-08,0.383,0.348,0.332,0.372
shaanxi_guanzhong,1988-05-09,0.365,0.353,0.332,0.371
shaanxi_guanzhong,1988-05-10,0.354,0.348,0.332,0.371
shaanxi_guanzhong,1988-05-11,0.349,0.346,0.332,0.371
shaanxi_guanzhong,1988-05-12,0.36,0.344,0.332,0.371
shaanxi_guanzhong,1988-05-13,0.389,0.362,0.333,0.37
shaanxi_guanzhong,1988-05-14,0.36,0.358,0.333,0.37
shaanxi_guanzhong,1988-05-15,0.34,0.347,0.333,0.37
shaanxi_guanzhong,1988-05-16,0.326,0.338,0.331,0.37
shaanxi_guanzhong,1988-05-17,0.314,0.329,0.33,0.369
shaanxi_guanzhong,1988-05-18,0.303,0.321,0.329,0.369
shaanxi_guanzhong,1988-05-19,0.291,0.312,0.327,0.369
shaanxi_guanzhong,1988-05-20,0.346,0.315,0.325,0.368
shaanxi_guanzhong,1988-05-21,0.347,0.318,0.324,0.368
shaanxi_guanzhong,1988-05-22,0.319,0.313,0.322,0.368
shaanxi_guanzhong,1988-05-23,0.311,0.308,0.321,0.368
shaanxi_guanzhong,1988-05-24,0.309,0.306,0.32,0.367
shaanxi_guanzhong,1988-05-25,0.298,0.301,0.319,0.367
shaanxi_guanzhong,1988-05-26,0.29,0.296,0.317,0.367
shaanxi_guanzhong,1988-05-27,0.282,0.291,0.316,0.366
shaanxi_guanzhong,1988-05-28,0.319,0.29,0.315,0.366
shaanxi_guanzhong,1988-05-29,0.32,0.29,0.314,0.366
shaanxi_guanzhong,1988-05-30,0.376,0.311,0.313,0.366
shaanxi_guanzhong,1988-05-31,0.338,0.318,0.312,0.365
shaanxi_guanzhong,1988-06-01,0.312,0.31,0.311,0.365
shaanxi_guanzhong,1988-06-02,0.293,0.301,0.309,0.365
shaanxi_guanzhong,1988-06-03,0.275,0.291,0.307,0.364
shaanxi_guanzhong,1988-06-04,0.261,0.283,0.305,0.364
shaanxi_guanzhong,1988-06-05,0.298,0.28,0.304,0.364
shaanxi_guanzhong,1988-06-06,0.303,0.28,0.304,0.363
shaanxi_guanzhong,1988-06-07,0.294,0.279,0.303,0.363
shaanxi_guanzhong,1988-06-08,0.3,0.278,0.302,0.363
shaanxi_guanzhong,1988-06-09,0.375,0.296,0.302,0.363
shaanxi_guanzhong,1988-06-10,0.356,0.322,0.302,0.362
shaanxi_guanzhong,1988-06-11,0.359,0.325,0.301,0.362
shaanxi_guanzhong,1988-06-12,0.334,0.323,0.301,0.362
shaanxi_guanzhong,1988-06-13,0.315,0.316,0.3,0.362
shaanxi_guanzhong,1988-06-14,0.3,0.309,0.299,0.361
shaanxi_guanzhong,1988-06-15,0.286,0.301,0.298,0.361
shaanxi_guanzhong,1988-06-16,0.272,0.292,0.297,0.361
shaanxi_guanzhong,1988-06-17,0.258,0.283,0.295,0.36
shaanxi_guanzhong,1988-06-18,0.246,0.275,0.293,0.36
shaanxi_guanzhong,1988-06-19,0.232,0.265,0.291,0.36
shaanxi_guanzhong,1988-06-20,0.22,0.257,0.289,0.359
shaanxi_guanzhong,1988-06-21,0.212,0.25,0.287,0.359
shaanxi_guanzhong,1988-06-22,0.203,0.243,0.285,0.358
shaanxi_guanzhong,1988-06-23,0.192,0.235,0.283,0.358
shaanxi_guanzhong,1988-06-24,0.188,0.228,0.281,0.358
shaanxi_guanzhong,1988-06-25,0.188,0.223,0.279,0.357
shaanxi_guanzhong,1988-06-26,0.191,0.219,0.277,0.357
shaanxi_guanzhong,1988-06-27,0.193,0.215,0.275,0.357
shaanxi_guanzhong,1988-06-28,0.184,0.211,0.273,0.356
shaanxi_guanzhong,1988-06-29,0.174,0.205,0.271,0.356
shaanxi_guanzhong,1988-06-30,0.165,0.2,0.268,0.355
shaanxi_guanzhong,1988-07-01,0.17,0.197,0.266,0.355
shaanxi_guanzhong,1988-07-02,0.19,0.196,0.265,0.354
shaanxi_guanzhong,1988-07-03,0.246,0.197,0.265,0.354
shaanxi_guanzhong,1988-07-04,0.42,0.335,0.266,0.354
shaanxi_guanzhong,1988-07-05,0.421,0.414,0.279,0.354
shaanxi_guanzhong,1988-07-06,0.401,0.395,0.289,0.353
shaanxi_guanzhong,1988-07-07,0.421,0.405,0.296,0.353
shaanxi_guanzhong,1988-07-08,0.418,0.409,0.307,0.353
shaanxi_guanzhong,1988-07-09,0.424,0.416,0.318,0.353
shaanxi_guanzhong,1988-07-10,0.426,0.422,0.337,0.353
shaanxi_guanzhong,1988-07-11,0.404,0.407,0.35,0.353
shaanxi_guanzhong,1988-07-12,0.38,0.389,0.352,0.353
shaanxi_guanzhong,1988-07-13,0.368,0.375,0.352,0.353
shaanxi_guanzhong,1988-07-14,0.364,0.366,0.351,0.353
shaanxi_guanzhong,1988-07-15,0.375,0.363,0.35,0.353
shaanxi_guanzhong,1988-07-16,0.388,0.37,0.349,0.353
shaanxi_guanzhong,1988-07-17,0.374,0.369,0.349,0.353
shaanxi_guanzhong,1988-07-18,0.368,0.363,0.349,0.353
shaanxi_guanzhong,1988-07-19,0.416,0.392,0.351,0.352
shaanxi_guanzhong,1988-07-20,0.42,0.412,0.361,0.353
shaanxi_guanzhong,1988-07-21,0.399,0.402,0.366,0.353
shaanxi_guanzhong,1988-07-22,0.384,0.387,0.366,0.353
shaanxi_guanzhong,1988-07-23,0.403,0.393,0.365,0.353
shaanxi_guanzhong,1988-07-24,0.425,0.424,0.379,0.353
shaanxi_guanzhong,1988-07-25,0.42,0.422,0.394,0.354
shaanxi_guanzhong,1988-07-26,0.405,0.41,0.395,0.356
shaanxi_guanzhong,1988-07-27,0.386,0.396,0.393,0.357
shaanxi_guanzhong,1988-07-28,0.416,0.407,0.392,0.358
shaanxi_guanzhong,1988-07-29,0.406,0.412,0.395,0.358
shaanxi_guanzhong,1988-07-30,0.419,0.417,0.398,0.359
shaanxi_guanzhong,1988-07-31,0.424,0.426,0.407,0.361
shaanxi_guanzhong,1988-08-01,0.409,0.416,0.408,0.363
shaanxi_guanzhong,1988-08-02,0.389,0.401,0.406,0.364
shaanxi_guanzhong,1988-08-03,0.378,0.388,0.402,0.365
shaanxi_guanzhong,1988-08-04,0.414,0.403,0.4,0.366
shaanxi_guanzhong,1988-08-05,0.408,0.409,0.401,0.367
shaanxi_guanzhong,1988-08-06,0.396,0.4,0.4,0.368
shaanxi_guanzhong,1988-08-07,0.393,0.394,0.398,0.368
shaanxi_guanzhong,1988-08-08,0.424,0.415,0.4,0.369
shaanxi_guanzhong,1988-08-09,0.415,0.42,0.406,0.37
shaanxi_guanzhong,1988-08-10,0.414,0.414,0.406,0.371
shaanxi_guanzhong,1988-08-11,0.412,0.412,0.406,0.372
shaanxi_guanzhong,1988-08-12,0.417,0.423,0.412,0.373
shaanxi_guanzhong,1988-08-13,0.401,0.407,0.411,0.375
shaanxi_guanzhong,1988-08-14,0.43,0.429,0.414,0.376
shaanxi_guanzhong,1988-08-15,0.413,0.42,0.418,0.379
shaanxi_guanzhong,1988-08-16,0.395,0.406,0.415,0.38
shaanxi_guanzhong,1988-08-17,0.389,0.396,0.412,0.381
shaanxi_guanzhong,1988-08-18,0.414,0.418,0.415,0.382
shaanxi_guanzhong,1988-08-19,0.421,0.423,0.42,0.384
shaanxi_guanzhong,1988-08-20,0.405,0.416,0.423,0.387
shaanxi_guanzhong,1988-08-21,0.394,0.401,0.418,0.388
shaanxi_guanzhong,1988-08-22,0.384,0.393,0.414,0.389
shaanxi_guanzhong,1988-08-23,0.366,0.38,0.41,0.39
shaanxi_guanzhong,1988-08-24,0.356,0.37,0.405,0.39
shaanxi_guanzhong,1988-08-25,0.411,0.405,0.408,0.391
shaanxi_guanzhong,1988-08-26,0.421,0.425,0.422,0.392
shaanxi_guanzhong,1988-08-27,0.401,0.411,0.42,0.394
shaanxi_guanzhong,1988-08-28,0.388,0.398,0.417,0.395
shaanxi_guanzhong,1988-08-29,0.377,0.388,0.413,0.395
shaanxi_guanzhong,1988-08-30,0.371,0.38,0.409,0.396
shaanxi_guanzhong,1988-08-31,0.379,0.378,0.406,0.396
shaanxi_guanzhong,1988-09-01,0.414,0.407,0.407,0.396
shaanxi_guanzhong,1988-09-02,0.406,0.416,0.415,0.397
shaanxi_guanzhong,1988-09-03,0.39,0.402,0.413,0.398
shaanxi_guanzhong,1988-09-04,0.38,0.391,0.41,0.398
shaanxi_guanzhong,1988-09-05,0.38,0.384,0.407,0.398
shaanxi_guanzhong,1988-09-06,0.381,0.382,0.404,0.398
shaanxi_guanzhong,1988-09-07,0.382,0.378,0.401,0.398
shaanxi_guanzhong,1988-09-08,0.413,0.399,0.399,0.398
shaanxi_guanzhong,1988-09-09,0.399,0.401,0.4,0.399
shaanxi_guanzhong,1988-09-10,0.383,0.391,0.399,0.399
shaanxi_guanzhong,1988-09-11,0.373,0.382,0.397,0.399
shaanxi_guanzhong,1988-09-12,0.38,0.377,0.395,0.398
shaanxi_guanzhong,1988-09-13,0.425,0.417,0.4,0.398
shaanxi_guanzhong,1988-09-14,0.4,0.411,0.405,0.399
shaanxi_guanzhong,1988-09-15,0.384,0.396,0.404,0.399
shaanxi_guanzhong,1988-09-16,0.372,0.385,0.401,0.399
shaanxi_guanzhong,1988-09-17,0.366,0.376,0.398,0.399
shaanxi_guanzhong,1988-09-18,0.399,0.382,0.396,0.399
shaanxi_guanzhong,1988-09-19,0.385,0.386,0.395,0.399
shaanxi_guanzhong,1988-09-20,0.389,0.384,0.393,0.398
shaanxi_guanzhong,1988-09-21,0.395,0.39,0.393,0.398
shaanxi_guanzhong,1988-09-22,0.39,0.389,0.392,0.398
shaanxi_guanzhong,1988-09-23,0.399,0.393,0.392,0.398
shaanxi_guanzhong,1988-09-24,0.386,0.39,0.391,0.398
shaanxi_guanzhong,1988-09-25,0.388,0.387,0.391,0.398
shaanxi_guanzhong,1988-09-26,0.385,0.386,0.39,0.398
shaanxi_guanzhong,1988-09-27,0.417,0.4,0.39,0.398
shaanxi_guanzhong,1988-09-28,0.425,0.423,0.398,0.398
shaanxi_guanzhong,1988-09-29,0.406,0.413,0.404,0.398
shaanxi_guanzhong,1988-09-30,0.401,0.405,0.404,0.398
shaanxi_guanzhong,1988-10-01,0.41,0.408,0.404,0.398
shaanxi_guanzhong,1988-10-02,0.412,0.411,0.405,0.398
shaanxi_guanzhong,1988-10-03,0.415,0.415,0.406,0.399
shaanxi_guanzhong,1988-10-04,0.422,0.421,0.41,0.399
shaanxi_guanzhong,1988-10-05,0.406,0.414,0.412,0.4
shaanxi_guanzhong,1988-10-06,0.397,0.404,0.411,0.4
shaanxi_guanzhong,1988-10-07,0.402,0.403,0.409,0.401
shaanxi_guanzhong,1988-10-08,0.388,0.397,0.408,0.401
shaanxi_guanzhong,1988-10-09,0.379,0.389,0.406,0.401
shaanxi_guanzhong,1988-10-10,0.387,0.385,0.404,0.401
shaanxi_guanzhong,1988-10-11,0.414,0.399,0.403,0.401
shaanxi_guanzhong,1988-10-12,0.427,0.424,0.409,0.401
shaanxi_guanzhong,1988-10-13,0.429,0.429,0.421,0.403
shaanxi_guanzhong,1988-10-14,0.42,0.424,0.424,0.405
shaanxi_guanzhong,1988-10-15,0.421,0.425,0.426,0.407
shaanxi_guanzhong,1988-10-16,0.423,0.426,0.427,0.409
shaanxi_guanzhong,1988-10-17,0.403,0.413,0.425,0.411
shaanxi_guanzhong,1988-10-18,0.391,0.4,0.421,0.412
shaanxi_guanzhong,1988-10-19,0.412,0.404,0.417,0.413
shaanxi_guanzhong,1988-10-20,0.419,0.418,0.418,0.413
shaanxi_guanzhong,1988-10-21,0.414,0.416,0.418,0.413
shaanxi_guanzhong,1988-10-22,0.426,0.423,0.419,0.414
shaanxi_guanzhong,1988-10-23,0.414,0.421,0.422,0.414
shaanxi_guanzhong,1988-10-24,0.397,0.407,0.42,0.415
shaanxi_guanzhong,1988-10-25,0.388,0.397,0.416,0.415
shaanxi_guanzhong,1988-10-26,0.385,0.391,0.413,0.415
shaanxi_guanzhong,1988-10-27,0.377,0.386,0.41,0.415
shaanxi_guanzhong,1988-10-28,0.371,0.38,0.407,0.415
shaanxi_guanzhong,1988-10-29,0.371,0.377,0.404,0.415
shaanxi_guanzhong,1988-10-30,0.366,0.373,0.401,0.414
shaanxi_guanzhong,1988-10-31,0.363,0.37,0.398,0.414
shaanxi_guanzhong,1988-11-01,0.404,0.38,0.396,0.414
shaanxi_guanzhong,1988-11-02,0.4,0.395,0.395,0.413
shaanxi_guanzhong,1988-11-03,0.384,0.39,0.394,0.413
shaanxi_guanzhong,1988-11-04,0.375,0.383,0.393,0.413
shaanxi_guanzhong,1988-11-05,0.369,0.377,0.391,0.412
shaanxi_guanzhong,1988-11-06,0.364,0.373,0.389,0.412
shaanxi_guanzhong,1988-11-07,0.359,0.368,0.387,0.411
shaanxi_guanzhong,1988-11-08,0.354,0.364,0.384,0.411
shaanxi_guanzhong,1988-11-09,0.349,0.359,0.382,0.411
shaanxi_guanzhong,1988-11-10,0.345,0.355,0.38,0.41
shaanxi_guanzhong,1988-11-11,0.342,0.352,0.378,0.41
shaanxi_guanzhong,1988-11-12,0.339,0.35,0.376,0.409
shaanxi_guanzhong,1988-11-13,0.336,0.346,0.373,0.409
shaanxi_guanzhong,1988-11-14,0.332,0.343,0.371,0.408
shaanxi_guanzhong,1988-11-15,0.33,0.34,0.369,0.408
shaanxi_guanzhong,1988-11-16,0.327,0.338,0.367,0.408
shaanxi_guanzhong,1988-11-17,0.325,0.336,0.366,0.407
shaanxi_guanzhong,1988-11-18,0.323,0.334,0.364,0.407
shaanxi_guanzhong,1988-11-19,0.321,0.332,0.362,0.406
shaanxi_guanzhong,1988-11-20,0.319,0.33,0.36,0.406
shaanxi_guanzhong,1988-11-21,0.317,0.328,0.358,0.405
shaanxi_guanzhong,1988-11-22,0.315,0.326,0.357,0.405
shaanxi_guanzhong,1988-11-23,0.313,0.324,0.355,0.404
shaanxi_guanzhong,1988-11-24,0.311,0.323,0.354,0.404
shaanxi_guanzhong,1988-11-25,0.315,0.322,0.352,0.403
shaanxi_guanzhong,1988-11-26,0.314,0.322,0.351,0.403
shaanxi_guanzhong,1988-11-27,0.312,0.32,0.35,0.403
shaanxi_guanzhong,1988-11-28,0.31,0.319,0.348,0.402
shaanxi_guanzhong,1988-11-29,0.309,0.318,0.347,0.402
shaanxi_guanzhong,1988-11-30,0.309,0.317,0.346,0.401
shaanxi_guanzhong,1988-12-01,0.307,0.316,0.345,0.401
shaanxi_guanzhong,1988-12-02,0.305,0.315,0.343,0.4
shaanxi_guanzhong,1988-12-03,0.304,0.314,0.342,0.4
shaanxi_guanzhong,1988-12-04,0.302,0.312,0.341,0.399
shaanxi_guanzhong,1988-12-05,0.3,0.311,0.34,0.399
shaanxi_guanzhong,1988-12-06,0.299,0.31,0.339,0.399
shaanxi_guanzhong,1988-12-07,0.298,0.309,0.338,0.398
shaanxi_guanzhong,1988-12-08,0.297,0.308,0.337,0.398
shaanxi_guanzhong,1988-12-09,0.296,0.307,0.336,0.397
shaanxi_guanzhong,1988-12-10,0.295,0.306,0.335,0.397
shaanxi_guanzhong,1988-12-11,0.295,0.305,0.334,0.396
shaanxi_guanzhong,1988-12-12,0.295,0.304,0.333,0.396
shaanxi_guanzhong,1988-12-13,0.294,0.304,0.332,0.396
shaanxi_guanzhong,1988-12-14,0.294,0.303,0.331,0.395
shaanxi_guanzhong,1988-12-15,0.294,0.303,0.331,0.395
shaanxi_guanzhong,1988-12-16,0.293,0.302,0.33,0.394
shaanxi_guanzhong,1988-12-17,0.292,0.302,0.329,0.394
shaanxi_guanzhong,1988-12-18,0.292,0.301,0.329,0.394
shaanxi_guanzhong,1988-12-19,0.292,0.301,0.328,0.393
shaanxi_guanzhong,1988-12-20,0.292,0.3,0.327,0.393
shaanxi_guanzhong,1988-12-21,0.292,0.3,0.327,0.392
shaanxi_guanzhong,1988-12-22,0.312,0.3,0.326,0.392
shaanxi_guanzhong,1988-12-23,0.325,0.303,0.326,0.392
shaanxi_guanzhong,1988-12-24,0.33,0.306,0.325,0.391
shaanxi_guanzhong,1988-12-25,0.348,0.313,0.325,0.391
shaanxi_guanzhong,1988-12-26,0.339,0.317,0.324,0.391
shaanxi_guanzhong,1988-12-27,0.337,0.32,0.324,0.39
shaanxi_guanzhong,1988-12-28,0.336,0.322,0.324,0.39
shaanxi_guanzhong,1988-12-29,0.34,0.324,0.324,0.389
shaanxi_guanzhong,1988-12-30,0.345,0.327,0.324,0.389
shaanxi_guanzhong,1988-12-31,0.348,0.33,0.324,0.389
shaanxi_guanzhong,1989-01-01,0.353,0.333,0.324,0.388
shaanxi_guanzhong,1989-01-02,0.356,0.337,0.323,0.388
shaanxi_guanzhong,1989-01-03,0.362,0.34,0.324,0.388
shaanxi_guanzhong,1989-01-04,0.378,0.349,0.324,0.387
shaanxi_guanzhong,1989-01-05,0.374,0.357,0.325,0.387
shaanxi_guanzhong,1989-01-06,0.371,0.359,0.325,0.387
shaanxi_guanzhong,1989-01-07,0.372,0.36,0.326,0.387
shaanxi_guanzhong,1989-01-08,0.381,0.363,0.327,0.386
shaanxi_guanzhong,1989-01-09,0.389,0.369,0.328,0.386
shaanxi_guanzhong,1989-01-10,0.402,0.381,0.33,0.386
shaanxi_guanzhong,1989-01-11,0.388,0.385,0.332,0.385
shaanxi_guanzhong,1989-01-12,0.378,0.38,0.335,0.385
shaanxi_guanzhong,1989-01-13,0.373,0.375,0.336,0.385
shaanxi_guanzhong,1989-01-14,0.369,0.371,0.337,0.385
shaanxi_guanzhong,1989-01-15,0.365,0.368,0.338,0.385
shaanxi_guanzhong,1989-01-16,0.363,0.365,0.339,0.384
shaanxi_guanzhong,1989-01-17,0.36,0.363,0.339,0.384
shaanxi_guanzhong,1989-01-18,0.36,0.361,0.34,0.384
shaanxi_guanzhong,1989-01-19,0.364,0.36,0.34,0.384
shaanxi_guanzhong,1989-01-20,0.369,0.361,0.34,0.384
shaanxi_guanzhong,1989-01-21,0.369,0.362,0.341,0.383
shaanxi_guanzhong,1989-01-22,0.377,0.364,0.341,0.383
shaanxi_guanzhong,1989-01-23,0.389,0.372,0.342,0.383
shaanxi_guanzhong,1989-01-24,0.397,0.382,0.343,0.383
shaanxi_guanzhong,1989-01-25,0.398,0.389,0.345,0.383
shaanxi_guanzhong,1989-01-26,0.393,0.39,0.347,0.383
shaanxi_guanzhong,1989-01-27,0.385,0.386,0.349,0.382
shaanxi_guanzhong,1989-01-28,0.378,0.381,0.351,0.382
shaanxi_guanzhong,1989-01-29,0.38,0.378,0.352,0.382
shaanxi_guanzhong,1989-01-30,0.385,0.379,0.353,0.382
shaanxi_guanzhong,1989-01-31,0.384,0.379,0.354,0.382
shaanxi_guanzhong,1989-02-01,0.38,0.378,0.355,0.382
shaanxi_guanzhong,1989-02-02,0.379,0.377,0.355,0.382
shaanxi_guanzhong,1989-02-03,0.38,0.376,0.356,0.382
shaanxi_guanzhong,1989-02-04,0.38,0.376,0.357,0.382
shaanxi_guanzhong,1989-02-05,0.38,0.376,0.357,0.381
shaanxi_guanzhong,1989-02-06,0.383,0.376,0.358,0.381
shaanxi_guanzhong,1989-02-07,0.387,0.378,0.358,0.381
shaanxi_guanzhong,1989-02-08,0.388,0.381,0.359,0.381
shaanxi_guanzhong,1989-02-09,0.385,0.381,0.36,0.381
shaanxi_guanzhong,1989-02-10,0.384,0.38,0.361,0.381
shaanxi_guanzhong,1989-02-11,0.387,0.381,0.362,0.381
shaanxi_guanzhong,1989-02-12,0.388,0.382,0.362,0.381
shaanxi_guanzhong,1989-02-13,0.384,0.381,0.363,0.381
shaanxi_guanzhong,1989-02-14,0.379,0.379,0.363,0.381
shaanxi_guanzhong,1989-02-15,0.382,0.377,0.363,0.381
shaanxi_guanzhong,1989-02-16,0.41,0.39,0.364,0.381
shaanxi_guanzhong,1989-02-17,0.407,0.4,0.367,0.381
shaanxi_guanzhong,1989-02-18,0.398,0.397,0.369,0.381
shaanxi_guanzhong,1989-02-19,0.403,0.396,0.371,0.381
shaanxi_guanzhong,1989-02-20,0.4,0.398,0.373,0.381
shaanxi_guanzhong,1989-02-21,0.392,0.394,0.374,0.381
shaanxi_guanzhong,1989-02-22,0.386,0.39,0.375,0.381
shaanxi_guanzhong,1989-02-23,0.385,0.387,0.375,0.381
shaanxi_guanzhong,1989-02-24,0.397,0.389,0.375,0.381
shaanxi_guanzhong,1989-02-25,0.406,0.398,0.376,0.381
shaanxi_guanzhong,1989-02-26,0.409,0.404,0.378,0.381
shaanxi_guanzhong,1989-02-27,0.406,0.404,0.381,0.382
shaanxi_guanzhong,1989-02-28,0.399,0.4,0.382,0.382
shaanxi_guanzhong,1989-03-01,0.399,0.397,0.382,0.382
shaanxi_guanzhong,1989-03-02,0.412,0.402,0.383,0.382
shaanxi_guanzhong,1989-03-03,0.419,0.412,0.386,0.383
shaanxi_guanzhong,1989-03-04,0.416,0.417,0.392,0.383
shaanxi_guanzhong,1989-03-05,0.406,0.409,0.394,0.384
shaanxi_guanzhong,1989-03-06,0.4,0.403,0.394,0.384
shaanxi_guanzhong,1989-03-07,0.393,0.397,0.393,0.385
shaanxi_guanzhong,1989-03-08,0.386,0.392,0.392,0.385
shaanxi_guanzhong,1989-03-09,0.38,0.387,0.391,0.386
shaanxi_guanzhong,1989-03-10,0.374,0.382,0.389,0.386
shaanxi_guanzhong,1989-03-11,0.371,0.378,0.388,0.386
shaanxi_guanzhong,1989-03-12,0.367,0.374,0.387,0.386
shaanxi_guanzhong,1989-03-13,0.36,0.369,0.385,0.386
shaanxi_guanzhong,1989-03-14,0.351,0.363,0.383,0.386
shaanxi_guanzhong,1989-03-15,0.346,0.358,0.381,0.386
shaanxi_guanzhong,1989-03-16,0.343,0.354,0.379,0.386
shaanxi_guanzhong,1989-03-17,0.338,0.351,0.377,0.386
shaanxi_guanzhong,1989-03-18,0.337,0.348,0.376,0.386
shaanxi_guanzhong,1989-03-19,0.334,0.344,0.374,0.386
shaanxi_guanzhong,1989-03-20,0.33,0.342,0.372,0.386
shaanxi_guanzhong,1989-03-21,0.327,0.339,0.37,0.386
shaanxi_guanzhong,1989-03-22,0.361,0.341,0.369,0.386
shaanxi_guanzhong,1989-03-23,0.384,0.359,0.368,0.385
shaanxi_guanzhong,1989-03-24,0.377,0.364,0.368,0.385
shaanxi_guanzhong,1989-03-25,0.378,0.369,0.368,0.385
shaanxi_guanzhong,1989-03-26,0.361,0.364,0.367,0.385
shaanxi_guanzhong,1989-03-27,0.348,0.357,0.365,0.385
shaanxi_guanzhong,1989-03-28,0.339,0.35,0.363,0.385
shaanxi_guanzhong,1989-03-29,0.331,0.343,0.362,0.385
shaanxi_guanzhong,1989-03-30,0.324,0.337,0.36,0.384
shaanxi_guanzhong,1989-03-31,0.319,0.332,0.358,0.384
shaanxi_guanzhong,1989-04-01,0.325,0.33,0.357,0.384
shaanxi_guanzhong,1989-04-02,0.352,0.332,0.355,0.384
shaanxi_guanzhong,1989-04-03,0.344,0.335,0.355,0.384
shaanxi_guanzhong,1989-04-04,0.336,0.334,0.353,0.384
shaanxi_guanzhong,1989-04-05,0.333,0.332,0.352,0.383
shaanxi_guanzhong,1989-04-06,0.332,0.33,0.351,0.383
shaanxi_guanzhong,1989-04-07,0.335,0.33,0.35,0.383
shaanxi_guanzhong,1989-04-08,0.323,0.327,0.349,0.383
shaanxi_guanzhong,1989-04-09,0.314,0.322,0.347,0.383
shaanxi_guanzhong,1989-04-10,0.311,0.318,0.345,0.382
shaanxi_guanzhong,1989-04-11,0.342,0.32,0.344,0.382
shaanxi_guanzhong,1989-04-12,0.389,0.337,0.344,0.382
shaanxi_guanzhong,1989-04-13,0.37,0.352,0.344,0.382
shaanxi_guanzhong,1989-04-14,0.351,0.349,0.343,0.382
shaanxi_guanzhong,1989-04-15,0.339,0.343,0.342,0.381
shaanxi_guanzhong,1989-04-16,0.327,0.336,0.341,0.381
shaanxi_guanzhong,1989-04-17,0.316,0.328,0.339,0.381
shaanxi_guanzhong,1989-04-18,0.306,0.321,0.338,0.381
shaanxi_guanzhong,1989-04-19,0.309,0.316,0.336,0.38
shaanxi_guanzhong,1989-04-20,0.351,0.319,0.335,0.38
shaanxi_guanzhong,1989-04-21,0.379,0.342,0.335,0.38
shaanxi_guanzhong,1989-04-22,0.352,0.343,0.335,0.38
shaanxi_guanzhong,1989-04-23,0.335,0.337,0.334,0.379
shaanxi_guanzhong,1989-04-24,0.321,0.329,0.332,0.379
shaanxi_guanzhong,1989-04-25,0.309,0.321,0.33,0.379
shaanxi_guanzhong,1989-04-26,0.296,0.313,0.329,0.379
shaanxi_guanzhong,1989-04-27,0.374,0.344,0.328,0.378
shaanxi_guanzhong,1989-04-28,0.41,0.397,0.334,0.378
shaanxi_guanzhong,1989-04-29,0.424,0.414,0.344,0.378
shaanxi_guanzhong,1989-04-30,0.398,0.403,0.352,0.378
shaanxi_guanzhong,1989-05-01,0.379,0.388,0.354,0.378
shaanxi_guanzhong,1989-05-02,0.365,0.375,0.354,0.378
shaanxi_guanzhong,1989-05-03,0.352,0.365,0.353,0.377
shaanxi_guanzhong,1989-05-04,0.34,0.354,0.351,0.377
shaanxi_guanzhong,1989-05-05,0.327,0.344,0.349,0.377
shaanxi_guanzhong,1989-05-06,0.352,0.34,0.348,0.377
shaanxi_guanzhong,1989-05-07,0.351,0.343,0.347,0.377
shaanxi_guanzhong,1989-05-08,0.331,0.337,0.345,0.377
shaanxi_guanzhong,1989-05-09,0.342,0.332,0.344,0.376
shaanxi_guanzhong,1989-05-10,0.402,0.368,0.343,0.376
shaanxi_guanzhong,1989-05-11,0.381,0.372,0.344,0.376
shaanxi_guanzhong,1989-05-12,0.401,0.385,0.345,0.376
shaanxi_guanzhong,1989-05-13,0.375,0.378,0.346,0.376
shaanxi_guanzhong,1989-05-14,0.356,0.366,0.345,0.376
shaanxi_guanzhong,1989-05-15,0.393,0.372,0.345,0.376
shaanxi_guanzhong,1989-05-16,0.379,0.379,0.346,0.375
shaanxi_guanzhong,1989-05-17,0.358,0.366,0.346,0.375
shaanxi_guanzhong,1989-05-18,0.345,0.356,0.344,0.375
shaanxi_guanzhong,1989-05-19,0.333,0.346,0.343,0.375
shaanxi_guanzhong,1989-05-20,0.327,0.339,0.342,0.375
shaanxi_guanzhong,1989-05-21,0.367,0.343,0.341,0.375
shaanxi_guanzhong,1989-05-22,0.373,0.357,0.341,0.374
shaanxi_guanzhong,1989-05-23,0.346,0.35,0.339,0.374
shaanxi_guanzhong,1989-05-24,0.328,0.339,0.338,0.374
shaanxi_guanzhong,1989-05-25,0.313,0.329,0.336,0.374
shaanxi_guanzhong,1989-05-26,0.306,0.322,0.334,0.374
shaanxi_guanzhong,1989-05-27,0.302,0.317,0.333,0.373
shaanxi_guanzhong,1989-05-28,0.29,0.31,0.331,0.373
shaanxi_guanzhong,1989-05-29,0.28,0.303,0.329,0.373
shaanxi_guanzhong,1989-05-30,0.272,0.296,0.327,0.373
shaanxi_guanzhong,1989-05-31,0.261,0.289,0.325,0.372
shaanxi_guanzhong,1989-06-01,0.247,0.28,0.322,0.372
shaanxi_guanzhong,1989-06-02,0.238,0.272,0.319,0.372
shaanxi_guanzhong,1989-06-03,0.38,0.328,0.318,0.372
shaanxi_guanzhong,1989-06-04,0.362,0.354,0.319,0.371
shaanxi_guanzhong,1989-06-05,0.338,0.343,0.318,0.371
shaanxi_guanzhong,1989-06-06,0.374,0.343,0.317,0.371
shaanxi_guanzhong,1989-06-07,0.408,0.378,0.319,0.371
shaanxi_guanzhong,1989-06-08,0.376,0.375,0.322,0.37
shaanxi_guanzhong,1989-06-09,0.357,0.362,0.322,0.37
shaanxi_guanzhong,1989-06-10,0.341,0.351,0.322,0.37
shaanxi_guanzhong,1989-06-11,0.326,0.34,0.321,0.37
shaanxi_guanzhong,1989-06-12,0.379,0.347,0.321,0.369
shaanxi_guanzhong,1989-06-13,0.42,0.399,0.325,0.369
shaanxi_guanzhong,1989-06-14,0.393,0.398,0.333,0.369
shaanxi_guanzhong,1989-06-15,0.372,0.38,0.335,0.369
shaanxi_guanzhong,1989-06-16,0.359,0.369,0.335,0.369
shaanxi_guanzhong,1989-06-17,0.346,0.358,0.334,0.369
shaanxi_guanzhong,1989-06-18,0.331,0.347,0.333,0.369
shaanxi_guanzhong,1989-06-19,0.319,0.336,0.332,0.368
shaanxi_guanzhong,1989-06-20,0.323,0.331,0.331,0.368
shaanxi_guanzhong,1989-06-21,0.339,0.33,0.33,0.368
shaanxi_guanzhong,1989-06-22,0.326,0.326,0.329,0.368
shaanxi_guanzhong,1989-06-23,0.31,0.32,0.327,0.368
shaanxi_guanzhong,1989-06-24,0.301,0.313,0.326,0.367
shaanxi_guanzhong,1989-06-25,0.302,0.31,0.325,0.367
shaanxi_guanzhong,1989-06-26,0.312,0.308,0.324,0.367
shaanxi_guanzhong,1989-06-27,0.299,0.303,0.322,0.367
shaanxi_guanzhong,1989-06-28,0.283,0.296,0.32,0.367
shaanxi_guanzhong,1989-06-29,0.275,0.289,0.318,0.366
shaanxi_guanzhong,1989-06-30,0.265,0.282,0.315,0.366
shaanxi_guanzhong,1989-07-01,0.253,0.275,0.313,0.366
shaanxi_guanzhong,1989-07-02,0.242,0.268,0.311,0.366
shaanxi_guanzhong,1989-07-03,0.236,0.264,0.309,0.365
shaanxi_guanzhong,1989-07-04,0.232,0.26,0.307,0.365
shaanxi_guanzhong,1989-07-05,0.32,0.265,0.306,0.365
shaanxi_guanzhong,1989-07-06,0.411,0.341,0.306,0.365
shaanxi_guanzhong,1989-07-07,0.419,0.399,0.314,0.365
shaanxi_guanzhong,1989-07-08,0.387,0.39,0.321,0.364
shaanxi_guanzhong,1989-07-09,0.365,0.373,0.322,0.364
shaanxi_guanzhong,1989-07-10,0.399,0.378,0.323,0.364
shaanxi_guanzhong,1989-07-11,0.385,0.386,0.326,0.364
shaanxi_guanzhong,1989-07-12,0.36,0.369,0.326,0.364
shaanxi_guanzhong,1989-07-13,0.343,0.355,0.326,0.364
shaanxi_guanzhong,1989-07-14,0.333,0.344,0.325,0.363
shaanxi_guanzhong,1989-07-15,0.329,0.336,0.324,0.363
shaanxi_guanzhong,1989-07-16,0.368,0.338,0.323,0.363
shaanxi_guanzhong,1989-07-17,0.379,0.356,0.323,0.363
shaanxi_guanzhong,1989-07-18,0.358,0.349,0.322,0.363
shaanxi_guanzhong,1989-07-19,0.354,0.346,0.322,0.363
shaanxi_guanzhong,1989-07-20,0.332,0.337,0.321,0.362
shaanxi_guanzhong,1989-07-21,0.314,0.326,0.319,0.362
shaanxi_guanzhong,1989-07-22,0.313,0.318,0.318,0.362
shaanxi_guanzhong,1989-07-23,0.417,0.393,0.326,0.362
shaanxi_guanzhong,1989-07-24,0.393,0.399,0.34,0.362
shaanxi_guanzhong,1989-07-25,0.386,0.385,0.342,0.362
shaanxi_guanzhong,1989-07-26,0.423,0.418,0.36,0.362
shaanxi_guanzhong,1989-07-27,0.397,0.405,0.373,0.362
shaanxi_guanzhong,1989-07-28,0.378,0.389,0.373,0.362
shaanxi_guanzhong,1989-07-29,0.361,0.375,0.371,0.362
shaanxi_guanzhong,1989-07-30,0.346,0.362,0.369,0.362
shaanxi_guanzhong,1989-07-31,0.335,0.352,0.366,0.362
shaanxi_guanzhong,1989-08-01,0.325,0.344,0.364,0.362
shaanxi_guanzhong,1989-08-02,0.312,0.334,0.361,0.362
shaanxi_guanzhong,1989-08-03,0.331,0.328,0.358,0.362
shaanxi_guanzhong,1989-08-04,0.408,0.387,0.358,0.362
shaanxi_guanzhong,1989-08-05,0.383,0.385,0.36,0.362
shaanxi_guanzhong,1989-08-06,0.365,0.372,0.36,0.362
shaanxi_guanzhong,1989-08-07,0.398,0.375,0.359,0.362
shaanxi_guanzhong,1989-08-08,0.388,0.388,0.358,0.362
shaanxi_guanzhong,1989-08-09,0.368,0.377,0.358,0.362
shaanxi_guanzhong,1989-08-10,0.355,0.366,0.357,0.362
shaanxi_guanzhong,1989-08-11,0.354,0.358,0.356,0.362
shaanxi_guanzhong,1989-08-12,0.406,0.394,0.356,0.362
shaanxi_guanzhong,1989-08-13,0.386,0.387,0.358,0.362
shaanxi_guanzhong,1989-08-14,0.395,0.385,0.359,0.362
shaanxi_guanzhong,1989-08-15,0.424,0.42,0.369,0.362
shaanxi_guanzhong,1989-08-16,0.425,0.423,0.384,0.363
shaanxi_guanzhong,1989-08-17,0.424,0.422,0.392,0.363
shaanxi_guanzhong,1989-08-18,0.429,0.431,0.416,0.365
shaanxi_guanzhong,1989-08-19,0.415,0.423,0.429,0.371
shaanxi_guanzhong,1989-08-20,0.392,0.402,0.422,0.375
shaanxi_guanzhong,1989-08-21,0.375,0.387,0.416,0.377
shaanxi_guanzhong,1989-08-22,0.363,0.376,0.411,0.378
shaanxi_guanzhong,1989-08-23,0.356,0.368,0.406,0.379
shaanxi_guanzhong,1989-08-24,0.353,0.363,0.403,0.38
shaanxi_guanzhong,1989-08-25,0.362,0.361,0.399,0.38
shaanxi_guanzhong,1989-08-26,0.419,0.409,0.401,0.381
shaanxi_guanzhong,1989-08-27,0.398,0.404,0.403,0.381
shaanxi_guanzhong,1989-08-28,0.385,0.394,0.401,0.382
shaanxi_guanzhong,1989-08-29,0.372,0.384,0.399,0.382
shaanxi_guanzhong,1989-08-30,0.412,0.4,0.398,0.383
shaanxi_guanzhong,1989-08-31,0.414,0.419,0.406,0.383
shaanxi_guanzhong,1989-09-01,0.394,0.405,0.406,0.384
shaanxi_guanzhong,1989-09-02,0.381,0.392,0.403,0.384
shaanxi_guanzhong,1989-09-03,0.38,0.383,0.401,0.385
shaanxi_guanzhong,1989-09-04,0.413,0.418,0.403,0.385
shaanxi_guanzhong,1989-09-05,0.391,0.402,0.403,0.386
shaanxi_guanzhong,1989-09-06,0.378,0.39,0.401,0.386
shaanxi_guanzhong,1989-09-07,0.374,0.382,0.399,0.386
shaanxi_guanzhong,1989-09-08,0.383,0.379,0.397,0.387
shaanxi_guanzhong,1989-09-09,0.428,0.418,0.4,0.387
shaanxi_guanzhong,1989-09-10,0.423,0.425,0.41,0.387
shaanxi_guanzhong,1989-09-11,0.401,0.412,0.411,0.389
shaanxi_guanzhong,1989-09-12,0.385,0.397,0.409,0.389
shaanxi_guanzhong,1989-09-13,0.373,0.385,0.406,0.39
shaanxi_guanzhong,1989-09-14,0.362,0.376,0.403,0.39
shaanxi_guanzhong,1989-09-15,0.352,0.367,0.399,0.39
shaanxi_guanzhong,1989-09-16,0.345,0.36,0.396,0.391
shaanxi_guanzhong,1989-09-17,0.337,0.353,0.393,0.391
shaanxi_guanzhong,1989-09-18,0.329,0.346,0.39,0.391
shaanxi_guanzhong,1989-09-19,0.346,0.344,0.387,0.391
shaanxi_guanzhong,1989-09-20,0.374,0.356,0.385,0.391
shaanxi_guanzhong,1989-09-21,0.353,0.354,0.383,0.39
shaanxi_guanzhong,1989-09-22,0.341,0.349,0.381,0.39
shaanxi_guanzhong,1989-09-23,0.406,0.397,0.384,0.39
shaanxi_guanzhong,1989-09-24,0.426,0.424,0.396,0.39
shaanxi_guanzhong,1989-09-25,0.424,0.426,0.413,0.391
shaanxi_guanzhong,1989-09-26,0.426,0.427,0.42,0.392
shaanxi_guanzhong,1989-09-27,0.414,0.42,0.422,0.395
shaanxi_guanzhong,1989-09-28,0.397,0.407,0.419,0.396
shaanxi_guanzhong,1989-09-29,0.386,0.396,0.416,0.398
shaanxi_guanzhong,1989-09-30,0.378,0.388,0.412,0.398
shaanxi_guanzhong,1989-10-01,0.371,0.381,0.409,0.399
shaanxi_guanzhong,1989-10-02,0.371,0.376,0.406,0.399
shaanxi_guanzhong,1989-10-03,0.366,0.371,0.403,0.399
shaanxi_guanzhong,1989-10-04,0.405,0.382,0.401,0.399
shaanxi_guanzhong,1989-10-05,0.401,0.4,0.401,0.4
shaanxi_guanzhong,1989-10-06,0.386,0.393,0.401,0.4
shaanxi_guanzhong,1989-10-07,0.375,0.385,0.399,0.4
shaanxi_guanzhong,1989-10-08,0.367,0.377,0.397,0.4
shaanxi_guanzhong,1989-10-09,0.362,0.372,0.395,0.4
shaanxi_guanzhong,1989-10-10,0.356,0.366,0.393,0.399
shaanxi_guanzhong,1989-10-11,0.348,0.36,0.391,0.399
shaanxi_guanzhong,1989-10-12,0.341,0.355,0.388,0.399
shaanxi_guanzhong,1989-10-13,0.335,0.35,0.386,0.399
shaanxi_guanzhong,1989-10-14,0.334,0.346,0.384,0.399
shaanxi_guanzhong,1989-10-15,0.351,0.347,0.382,0.399
shaanxi_guanzhong,1989-10-16,0.35,0.349,0.38,0.398
shaanxi_guanzhong,1989-10-17,0.344,0.348,0.378,0.398
shaanxi_guanzhong,1989-10-18,0.359,0.348,0.377,0.398
shaanxi_guanzhong,1989-10-19,0.349,0.349,0.375,0.398
shaanxi_guanzhong,1989-10-20,0.34,0.346,0.373,0.398
shaanxi_guanzhong,1989-10-21,0.333,0.342,0.371,0.397
shaanxi_guanzhong,1989-10-22,0.327,0.338,0.369,0.397
shaanxi_guanzhong,1989-10-23,0.322,0.335,0.367,0.397
shaanxi_guanzhong,1989-10-24,0.317,0.331,0.365,0.397
shaanxi_guanzhong,1989-10-25,0.313,0.328,0.363,0.396
shaanxi_guanzhong,1989-10-26,0.321,0.326,0.362,0.396
shaanxi_guanzhong,1989-10-27,0.336,0.328,0.361,0.396
shaanxi_guanzhong,1989-10-28,0.327,0.328,0.359,0.395
shaanxi_guanzhong,1989-10-29,0.321,0.326,0.358,0.395
shaanxi_guanzhong,1989-10-30,0.315,0.324,0.356,0.395
shaanxi_guanzhong,1989-10-31,0.309,0.321,0.354,0.395
shaanxi_guanzhong,1989-11-01,0.306,0.318,0.353,0.394
shaanxi_guanzhong,1989-11-02,0.305,0.317,0.351,0.394
shaanxi_guanzhong,1989-11-03,0.321,0.317,0.35,0.394
shaanxi_guanzhong,1989-11-04,0.362,0.325,0.349,0.393
shaanxi_guanzhong,1989-11-05,0.359,0.337,0.349,0.393
shaanxi_guanzhong,1989-11-06,0.371,0.342,0.348,0.393
shaanxi_guanzhong,1989-11-07,0.403,0.382,0.349,0.392
shaanxi_guanzhong,1989-11-08,0.379,0.38,0.351,0.392
shaanxi_guanzhong,1989-11-09,0.369,0.373,0.351,0.392
shaanxi_guanzhong,1989-11-10,0.373,0.37,0.351,0.392
shaanxi_guanzhong,1989-11-11,0.4,0.378,0.352,0.391
shaanxi_guanzhong,1989-11-12,0.399,0.393,0.354,0.391
shaanxi_guanzhong,1989-11-13,0.397,0.389,0.356,0.391
shaanxi_guanzhong,1989-11-14,0.405,0.398,0.359,0.391
shaanxi_guanzhong,1989-11-15,0.391,0.393,0.361,0.391
shaanxi_guanzhong,1989-11-16,0.383,0.387,0.362,0.39
shaanxi_guanzhong,1989-11-17,0.376,0.381,0.363,0.39
shaanxi_guanzhong,1989-11-18,0.369,0.376,0.363,0.39
shaanxi_guanzhong,1989-11-19,0.365,0.371,0.363,0.39
shaanxi_guanzhong,1989-11-20,0.364,0.368,0.362,0.39
shaanxi_guanzhong,1989-11-21,0.365,0.366,0.362,0.39
shaanxi_guanzhong,1989-11-22,0.359,0.364,0.361,0.389
shaanxi_guanzhong,1989-11-23,0.356,0.361,0.361,0.389
shaanxi_guanzhong,1989-11-24,0.355,0.359,0.36,0.389
shaanxi_guanzhong,1989-11-25,0.355,0.358,0.36,0.389
shaanxi_guanzhong,1989-11-26,0.367,0.359,0.359,0.389
shaanxi_guanzhong,1989-11-27,0.357,0.358,0.358,0.389
shaanxi_guanzhong,1989-11-28,0.351,0.356,0.358,0.389
shaanxi_guanzhong,1989-11-29,0.348,0.354,0.357,0.388
shaanxi_guanzhong,1989-11-30,0.345,0.351,0.356,0.388
shaanxi_guanzhong,1989-12-01,0.343,0.349,0.356,0.388
shaanxi_guanzhong,1989-12-02,0.34,0.347,0.355,0.388
shaanxi_guanzhong,1989-12-03,0.337,0.344,0.354,0.388
shaanxi_guanzhong,1989-12-04,0.334,0.342,0.353,0.387
shaanxi_guanzhong,1989-12-05,0.332,0.34,0.352,0.387
shaanxi_guanzhong,1989-12-06,0.33,0.337,0.351,0.387
shaanxi_guanzhong,1989-12-07,0.327,0.335,0.351,0.387
shaanxi_guanzhong,1989-12-08,0.325,0.334,0.35,0.387
shaanxi_guanzhong,1989-12-09,0.325,0.332,0.349,0.386
shaanxi_guanzhong,1989-12-10,0.326,0.331,0.348,0.386
shaanxi_guanzhong,1989-12-11,0.327,0.331,0.347,0.386
shaanxi_guanzhong,1989-12-12,0.368,0.336,0.347,0.386
shaanxi_guanzhong,1989-12-13,0.357,0.344,0.346,0.386
shaanxi_guanzhong,1989-12-14,0.347,0.344,0.346,0.385
shaanxi_guanzhong,1989-12-15,0.341,0.343,0.345,0.385
shaanxi_guanzhong,1989-12-16,0.338,0.341,0.345,0.385
shaanxi_guanzhong,1989-12-17,0.335,0.339,0.344,0.385
shaanxi_guanzhong,1989-12-18,0.352,0.339,0.344,0.385
shaanxi_guanzhong,1989-12-19,0.36,0.344,0.343,0.384
shaanxi_guanzhong,1989-12-20,0.354,0.346,0.343,0.384
shaanxi_guanzhong,1989-12-21,0.368,0.349,0.343,0.384
shaanxi_guanzhong,1989-12-22,0.371,0.355,0.343,0.384
shaanxi_guanzhong,1989-12-23,0.371,0.359,0.343,0.384
shaanxi_guanzhong,1989-12-24,0.372,0.362,0.344,0.383
shaanxi_guanzhong,1989-12-25,0.375,0.364,0.344,0.383
shaanxi_guanzhong,1989-12-26,0.377,0.366,0.344,0.383
shaanxi_guanzhong,1989-12-27,0.377,0.368,0.345,0.383
shaanxi_guanzhong,1989-12-28,0.381,0.37,0.346,0.383
shaanxi_guanzhong,1989-12-29,0.383,0.373,0.347,0.383
shaanxi_guanzhong,1989-12-30,0.384,0.375,0.347,0.382
shaanxi_guanzhong,1989-12-31,0.384,0.376,0.348,0.382
shaanxi_guanzhong,1990-01-01,0.383,0.376,0.349,0.382
shaanxi_guanzhong,1990-01-02,0.38,0.376,0.35,0.382
shaanxi_guanzhong,1990-01-03,0.378,0.375,0.351,0.382
shaanxi_guanzhong,1990-01-04,0.376,0.373,0.351,0.382
shaanxi_guanzhong,1990-01-05,0.373,0.372,0.352,0.382
shaanxi_guanzhong,1990-01-06,0.37,0.37,0.352,0.382
shaanxi_guanzhong,1990-01-07,0.367,0.368,0.353,0.381
shaanxi_guanzhong,1990-01-08,0.367,0.366,0.353,0.381
shaanxi_guanzhong,1990-01-09,0.368,0.366,0.353,0.381
shaanxi_guanzhong,1990-01-10,0.365,0.365,0.353,0.381
shaanxi_guanzhong,1990-01-11,0.362,0.363,0.353,0.381
shaanxi_guanzhong,1990-01-12,0.359,0.362,0.353,0.381
shaanxi_guanzhong,1990-01-13,0.357,0.36,0.353,0.381
shaanxi_guanzhong,1990-01-14,0.356,0.359,0.353,0.381
shaanxi_guanzhong,1990-01-15,0.358,0.358,0.352,0.38
shaanxi_guanzhong,1990-01-16,0.36,0.357,0.352,0.38
shaanxi_guanzhong,1990-01-17,0.358,0.357,0.352,0.38
shaanxi_guanzhong,1990-01-18,0.354,0.356,0.352,0.38
shaanxi_guanzhong,1990-01-19,0.351,0.354,0.351,0.38
shaanxi_guanzhong,1990-01-20,0.349,0.353,0.351,0.38
shaanxi_guanzhong,1990-01-21,0.349,0.352,0.351,0.38
shaanxi_guanzhong,1990-01-22,0.346,0.35,0.351,0.38
shaanxi_guanzhong,1990-01-23,0.344,0.349,0.35,0.38
shaanxi_guanzhong,1990-01-24,0.343,0.347,0.35,0.379
shaanxi_guanzhong,1990-01-25,0.341,0.346,0.349,0.379
shaanxi_guanzhong,1990-01-26,0.339,0.345,0.349,0.379
shaanxi_guanzhong,1990-01-27,0.338,0.343,0.348,0.379
shaanxi_guanzhong,1990-01-28,0.34,0.342,0.348,0.379
shaanxi_guanzhong,1990-01-29,0.341,0.342,0.347,0.379
shaanxi_guanzhong,1990-01-30,0.345,0.342,0.347,0.379
shaanxi_guanzhong,1990-01-31,0.35,0.343,0.347,0.378
shaanxi_guanzhong,1990-02-01,0.351,0.345,0.347,0.378
shaanxi_guanzhong,1990-02-02,0.355,0.347,0.346,0.378
shaanxi_guanzhong,1990-02-03,0.361,0.349,0.346,0.378
shaanxi_guanzhong,1990-02-04,0.362,0.352,0.346,0.378
shaanxi_guanzhong,1990-02-05,0.369,0.355,0.346,0.378
shaanxi_guanzhong,1990-02-06,0.376,0.36,0.346,0.378
shaanxi_guanzhong,1990-02-07,0.379,0.364,0.347,0.378
shaanxi_guanzhong,1990-02-08,0.38,0.368,0.347,0.378
shaanxi_guanzhong,1990-02-09,0.38,0.37,0.348,0.377
shaanxi_guanzhong,1990-02-10,0.377,0.37,0.348,0.377
shaanxi_guanzhong,1990-02-11,0.372,0.368,0.348,0.377
shaanxi_guanzhong,1990-02-12,0.368,0.366,0.349,0.377
shaanxi_guanzhong,1990-02-13,0.368,0.365,0.349,0.377
shaanxi_guanzhong,1990-02-14,0.363,0.363,0.349,0.377
shaanxi_guanzhong,1990-02-15,0.384,0.365,0.349,0.377
shaanxi_guanzhong,1990-02-16,0.427,0.406,0.352,0.377
shaanxi_guanzhong,1990-02-17,0.417,0.414,0.363,0.377
shaanxi_guanzhong,1990-02-18,0.403,0.405,0.368,0.377
shaanxi_guanzhong,1990-02-19,0.391,0.396,0.37,0.377
shaanxi_guanzhong,1990-02-20,0.396,0.392,0.371,0.377
shaanxi_guanzhong,1990-02-21,0.407,0.397,0.373,0.377
shaanxi_guanzhong,1990-02-22,0.404,0.402,0.375,0.377
shaanxi_guanzhong,1990-02-23,0.392,0.396,0.377,0.377
shaanxi_guanzhong,1990-02-24,0.388,0.391,0.377,0.377
shaanxi_guanzhong,1990-02-25,0.386,0.387,0.377,0.377
shaanxi_guanzhong,1990-02-26,0.384,0.385,0.377,0.377
shaanxi_guanzhong,1990-02-27,0.383,0.383,0.377,0.377
shaanxi_guanzhong,1990-02-28,0.381,0.381,0.377,0.377
shaanxi_guanzhong,1990-03-01,0.38,0.38,0.376,0.378
shaanxi_guanzhong,1990-03-02,0.391,0.382,0.376,0.378
shaanxi_guanzhong,1990-03-03,0.38,0.382,0.376,0.378
shaanxi_guanzhong,1990-03-04,0.373,0.377,0.375,0.378
shaanxi_guanzhong,1990-03-05,0.368,0.373,0.375,0.378
shaanxi_guanzhong,1990-03-06,0.361,0.368,0.374,0.378
shaanxi_guanzhong,1990-03-07,0.356,0.364,0.373,0.378
shaanxi_guanzhong,1990-03-08,0.351,0.36,0.372,0.378
shaanxi_guanzhong,1990-03-09,0.345,0.355,0.37,0.378
shaanxi_guanzhong,1990-03-10,0.34,0.351,0.369,0.378
shaanxi_guanzhong,1990-03-11,0.336,0.347,0.367,0.378
shaanxi_guanzhong,1990-03-12,0.337,0.343,0.366,0.378
shaanxi_guanzhong,1990-03-13,0.351,0.344,0.365,0.377
shaanxi_guanzhong,1990-03-14,0.343,0.343,0.364,0.377
shaanxi_guanzhong,1990-03-15,0.333,0.34,0.362,0.377
shaanxi_guanzhong,1990-03-16,0.327,0.337,0.361,0.377
shaanxi_guanzhong,1990-03-17,0.322,0.333,0.359,0.377
shaanxi_guanzhong,1990-03-18,0.315,0.328,0.357,0.377
shaanxi_guanzhong,1990-03-19,0.309,0.324,0.355,0.377
shaanxi_guanzhong,1990-03-20,0.314,0.321,0.354,0.377
shaanxi_guanzhong,1990-03-21,0.374,0.331,0.353,0.377
shaanxi_guanzhong,1990-03-22,0.379,0.345,0.352,0.376
shaanxi_guanzhong,1990-03-23,0.388,0.358,0.352,0.376
shaanxi_guanzhong,1990-03-24,0.403,0.373,0.352,0.376
shaanxi_guanzhong,1990-03-25,0.415,0.398,0.355,0.376
shaanxi_guanzhong,1990-03-26,0.417,0.406,0.359,0.376
shaanxi_guanzhong,1990-03-27,0.41,0.407,0.364,0.376
shaanxi_guanzhong,1990-03-28,0.396,0.398,0.367,0.376
shaanxi_guanzhong,1990-03-29,0.385,0.39,0.368,0.376
shaanxi_guanzhong,1990-03-30,0.375,0.382,0.368,0.376
shaanxi_guanzhong,1990-03-31,0.366,0.374,0.368,0.376
shaanxi_guanzhong,1990-04-01,0.359,0.368,0.367,0.376
shaanxi_guanzhong,1990-04-02,0.393,0.377,0.366,0.376
shaanxi_guanzhong,1990-04-03,0.392,0.393,0.368,0.376
shaanxi_guanzhong,1990-04-04,0.377,0.384,0.368,0.376
shaanxi_guanzhong,1990-04-05,0.365,0.375,0.368,0.376
shaanxi_guanzhong,1990-04-06,0.355,0.366,0.367,0.375
shaanxi_guanzhong,1990-04-07,0.343,0.357,0.365,0.375
shaanxi_guanzhong,1990-04-08,0.334,0.349,0.363,0.375
shaanxi_guanzhong,1990-04-09,0.327,0.342,0.361,0.375
shaanxi_guanzhong,1990-04-10,0.323,0.336,0.36,0.375
shaanxi_guanzhong,1990-04-11,0.363,0.339,0.358,0.375
shaanxi_guanzhong,1990-04-12,0.343,0.34,0.357,0.375
shaanxi_guanzhong,1990-04-13,0.328,0.334,0.355,0.375
shaanxi_guanzhong,1990-04-14,0.316,0.328,0.353,0.375
shaanxi_guanzhong,1990-04-15,0.311,0.323,0.351,0.374
shaanxi_guanzhong,1990-04-16,0.371,0.33,0.35,0.374
shaanxi_guanzhong,1990-04-17,0.355,0.337,0.349,0.374
shaanxi_guanzhong,1990-04-18,0.34,0.336,0.348,0.374
shaanxi_guanzhong,1990-04-19,0.333,0.333,0.347,0.374
shaanxi_guanzhong,1990-04-20,0.354,0.334,0.346,0.374
shaanxi_guanzhong,1990-04-21,0.4,0.357,0.346,0.374
shaanxi_guanzhong,1990-04-22,0.379,0.37,0.346,0.374
shaanxi_guanzhong,1990-04-23,0.377,0.367,0.346,0.373
shaanxi_guanzhong,1990-04-24,0.371,0.367,0.347,0.373
shaanxi_guanzhong,1990-04-25,0.355,0.359,0.346,0.373
shaanxi_guanzhong,1990-04-26,0.34,0.35,0.345,0.373
shaanxi_guanzhong,1990-04-27,0.335,0.343,0.344,0.373
shaanxi_guanzhong,1990-04-28,0.368,0.346,0.343,0.373
shaanxi_guanzhong,1990-04-29,0.407,0.368,0.344,0.373
shaanxi_guanzhong,1990-04-30,0.424,0.409,0.348,0.372
shaanxi_guanzhong,1990-05-01,0.401,0.404,0.356,0.372
shaanxi_guanzhong,1990-05-02,0.411,0.403,0.359,0.372
shaanxi_guanzhong,1990-05-03,0.402,0.406,0.365,0.372
shaanxi_guanzhong,1990-05-04,0.381,0.39,0.366,0.372
shaanxi_guanzhong,1990-05-05,0.364,0.377,0.365,0.372
shaanxi_guanzhong,1990-05-06,0.35,0.364,0.363,0.372
shaanxi_guanzhong,1990-05-07,0.336,0.353,0.361,0.372
shaanxi_guanzhong,1990-05-08,0.324,0.343,0.359,0.372
shaanxi_guanzhong,1990-05-09,0.315,0.334,0.357,0.372
shaanxi_guanzhong,1990-05-10,0.306,0.327,0.354,0.372
shaanxi_guanzhong,1990-05-11,0.296,0.319,0.352,0.371
shaanxi_guanzhong,1990-05-12,0.287,0.312,0.349,0.371
shaanxi_guanzhong,1990-05-13,0.279,0.305,0.347,0.371
shaanxi_guanzhong,1990-05-14,0.273,0.299,0.344,0.371
shaanxi_guanzhong,1990-05-15,0.395,0.346,0.343,0.371
shaanxi_guanzhong,1990-05-16,0.425,0.417,0.354,0.371
shaanxi_guanzhong,1990-05-17,0.4,0.405,0.362,0.371
shaanxi_guanzhong,1990-05-18,0.377,0.388,0.363,0.371
shaanxi_guanzhong,1990-05-19,0.362,0.374,0.362,0.371
shaanxi_guanzhong,1990-05-20,0.351,0.364,0.361,0.37
shaanxi_guanzhong,1990-05-21,0.345,0.357,0.36,0.37
shaanxi_guanzhong,1990-05-22,0.344,0.352,0.359,0.37
shaanxi_guanzhong,1990-05-23,0.334,0.346,0.357,0.37
shaanxi_guanzhong,1990-05-24,0.321,0.337,0.355,0.37
shaanxi_guanzhong,1990-05-25,0.307,0.328,0.352,0.37
shaanxi_guanzhong,1990-05-26,0.296,0.319,0.35,0.37
shaanxi_guanzhong,1990-05-27,0.286,0.312,0.347,0.37
shaanxi_guanzhong,1990-05-28,0.336,0.311,0.345,0.37
shaanxi_guanzhong,1990-05-29,0.341,0.319,0.344,0.369
shaanxi_guanzhong,1990-05-30,0.317,0.315,0.341,0.369
shaanxi_guanzhong,1990-05-31,0.298,0.308,0.339,0.369
shaanxi_guanzhong,1990-06-01,0.281,0.3,0.336,0.369
shaanxi_guanzhong,1990-06-02,0.268,0.292,0.334,0.369
shaanxi_guanzhong,1990-06-03,0.257,0.285,0.331,0.368
shaanxi_guanzhong,1990-06-04,0.244,0.277,0.328,0.368
shaanxi_guanzhong,1990-06-05,0.233,0.27,0.325,0.368
shaanxi_guanzhong,1990-06-06,0.233,0.265,0.323,0.368
shaanxi_guanzhong,1990-06-07,0.31,0.267,0.322,0.367
shaanxi_guanzhong,1990-06-08,0.291,0.267,0.319,0.367
shaanxi_guanzhong,1990-06-09,0.266,0.262,0.317,0.367
shaanxi_guanzhong,1990-06-10,0.261,0.259,0.315,0.367
shaanxi_guanzhong,1990-06-11,0.285,0.258,0.313,0.366
shaanxi_guanzhong,1990-06-12,0.263,0.255,0.31,0.366
shaanxi_guanzhong,1990-06-13,0.244,0.25,0.308,0.366
shaanxi_guanzhong,1990-06-14,0.248,0.246,0.306,0.365
shaanxi_guanzhong,1990-06-15,0.256,0.245,0.304,0.365
shaanxi_guanzhong,1990-06-16,0.242,0.241,0.302,0.365
shaanxi_guanzhong,1990-06-17,0.333,0.252,0.301,0.365
shaanxi_guanzhong,1990-06-18,0.404,0.312,0.301,0.364
shaanxi_guanzhong,1990-06-19,0.409,0.37,0.304,0.364
shaanxi_guanzhong,1990-06-20,0.379,0.373,0.308,0.364
shaanxi_guanzhong,1990-06-21,0.351,0.356,0.309,0.364
shaanxi_guanzhong,1990-06-22,0.33,0.342,0.308,0.364
shaanxi_guanzhong,1990-06-23,0.316,0.33,0.307,0.363
shaanxi_guanzhong,1990-06-24,0.404,0.383,0.313,0.363
shaanxi_guanzhong,1990-06-25,0.406,0.406,0.327,0.363
shaanxi_guanzhong,1990-06-26,0.378,0.386,0.331,0.363
shaanxi_guanzhong,1990-06-27,0.359,0.37,0.331,0.363
shaanxi_guanzhong,1990-06-28,0.343,0.357,0.33,0.362
shaanxi_guanzhong,1990-06-29,0.347,0.348,0.33,0.362
shaanxi_guanzhong,1990-06-30,0.421,0.403,0.343,0.362
shaanxi_guanzhong,1990-07-01,0.41,0.414,0.374,0.362
shaanxi_guanzhong,1990-07-02,0.386,0.396,0.375,0.363
shaanxi_guanzhong,1990-07-03,0.368,0.381,0.373,0.363
shaanxi_guanzhong,1990-07-04,0.368,0.371,0.371,0.363
shaanxi_guanzhong,1990-07-05,0.399,0.386,0.37,0.363
shaanxi_guanzhong,1990-07-06,0.424,0.421,0.381,0.364
shaanxi_guanzhong,1990-07-07,0.399,0.41,0.393,0.365
shaanxi_guanzhong,1990-07-08,0.378,0.391,0.391,0.365
shaanxi_guanzhong,1990-07-09,0.392,0.389,0.388,0.366
shaanxi_guanzhong,1990-07-10,0.37,0.38,0.385,0.366
shaanxi_guanzhong,1990-07-11,0.356,0.369,0.383,0.367
shaanxi_guanzhong,1990-07-12,0.397,0.38,0.381,0.367
shaanxi_guanzhong,1990-07-13,0.394,0.391,0.38,0.367
shaanxi_guanzhong,1990-07-14,0.367,0.377,0.378,0.367
shaanxi_guanzhong,1990-07-15,0.347,0.363,0.376,0.367
shaanxi_guanzhong,1990-07-16,0.336,0.351,0.373,0.367
shaanxi_guanzhong,1990-07-17,0.34,0.344,0.37,0.367
shaanxi_guanzhong,1990-07-18,0.321,0.336,0.367,0.367
shaanxi_guanzhong,1990-07-19,0.305,0.326,0.364,0.367
shaanxi_guanzhong,1990-07-20,0.299,0.319,0.361,0.367
shaanxi_guanzhong,1990-07-21,0.324,0.317,0.359,0.367
shaanxi_guanzhong,1990-07-22,0.361,0.325,0.358,0.367
shaanxi_guanzhong,1990-07-23,0.367,0.341,0.357,0.367
shaanxi_guanzhong,1990-07-24,0.342,0.338,0.355,0.367
shaanxi_guanzhong,1990-07-25,0.343,0.333,0.353,0.367
shaanxi_guanzhong,1990-07-26,0.365,0.343,0.352,0.366
shaanxi_guanzhong,1990-07-27,0.342,0.339,0.35,0.366
shaanxi_guanzhong,1990-07-28,0.327,0.331,0.348,0.366
shaanxi_guanzhong,1990-07-29,0.385,0.346,0.347,0.366
shaanxi_guanzhong,1990-07-30,0.41,0.376,0.35,0.366
shaanxi_guanzhong,1990-07-31,0.406,0.394,0.359,0.366
shaanxi_guanzhong,1990-08-01,0.386,0.385,0.361,0.366
shaanxi_guanzhong,1990-08-02,0.363,0.373,0.36,0.366
shaanxi_guanzhong,1990-08-03,0.343,0.358,0.358,0.366
shaanxi_guanzhong,1990-08-04,0.325,0.344,0.355,0.366
shaanxi_guanzhong,1990-08-05,0.308,0.332,0.352,0.366
shaanxi_guanzhong,1990-08-06,0.293,0.32,0.349,0.365
shaanxi_guanzhong,1990-08-07,0.28,0.31,0.346,0.365
shaanxi_guanzhong,1990-08-08,0.272,0.302,0.343,0.365
shaanxi_guanzhong,1990-08-09,0.267,0.296,0.34,0.365
shaanxi_guanzhong,1990-08-10,0.255,0.288,0.337,0.365
shaanxi_guanzhong,1990-08-11,0.25,0.281,0.334,0.365
shaanxi_guanzhong,1990-08-12,0.286,0.279,0.332,0.364
shaanxi_guanzhong,1990-08-13,0.406,0.33,0.331,0.364
shaanxi_guanzhong,1990-08-14,0.419,0.397,0.337,0.364
shaanxi_guanzhong,1990-08-15,0.424,0.414,0.348,0.364
shaanxi_guanzhong,1990-08-16,0.418,0.418,0.374,0.364
shaanxi_guanzhong,1990-08-17,0.425,0.422,0.383,0.365
shaanxi_guanzhong,1990-08-18,0.409,0.414,0.393,0.366
shaanxi_guanzhong,1990-08-19,0.388,0.399,0.392,0.367
shaanxi_guanzhong,1990-08-20,0.372,0.385,0.389,0.368
shaanxi_guanzhong,1990-08-21,0.359,0.374,0.386,0.368
shaanxi_guanzhong,1990-08-22,0.345,0.362,0.382,0.368
shaanxi_guanzhong,1990-08-23,0.333,0.352,0.379,0.368
shaanxi_guanzhong,1990-08-24,0.326,0.345,0.376,0.369
shaanxi_guanzhong,1990-08-25,0.327,0.34,0.373,0.369
shaanxi_guanzhong,1990-08-26,0.328,0.337,0.371,0.369
shaanxi_guanzhong,1990-08-27,0.346,0.337,0.369,0.369
shaanxi_guanzhong,1990-08-28,0.382,0.352,0.368,0.369
shaanxi_guanzhong,1990-08-29,0.359,0.355,0.367,0.368
shaanxi_guanzhong,1990-08-30,0.342,0.348,0.365,0.368
shaanxi_guanzhong,1990-08-31,0.331,0.34,0.363,0.368
shaanxi_guanzhong,1990-09-01,0.341,0.336,0.361,0.368
shaanxi_guanzhong,1990-09-02,0.393,0.36,0.36,0.368
shaanxi_guanzhong,1990-09-03,0.421,0.416,0.373,0.368
shaanxi_guanzhong,1990-09-04,0.419,0.418,0.383,0.368
shaanxi_guanzhong,1990-09-05,0.407,0.411,0.389,0.369
shaanxi_guanzhong,1990-09-06,0.393,0.401,0.389,0.37
shaanxi_guanzhong,1990-09-07,0.396,0.395,0.388,0.37
shaanxi_guanzhong,1990-09-08,0.407,0.405,0.389,0.37
shaanxi_guanzhong,1990-09-09,0.405,0.403,0.389,0.371
shaanxi_guanzhong,1990-09-10,0.422,0.416,0.394,0.371
shaanxi_guanzhong,1990-09-11,0.405,0.414,0.403,0.373
shaanxi_guanzhong,1990-09-12,0.394,0.402,0.401,0.374
shaanxi_guanzhong,1990-09-13,0.384,0.394,0.399,0.374
shaanxi_guanzhong,1990-09-14,0.372,0.384,0.397,0.375
shaanxi_guanzhong,1990-09-15,0.361,0.375,0.394,0.375
shaanxi_guanzhong,1990-09-16,0.354,0.367,0.391,0.376
shaanxi_guanzhong,1990-09-17,0.345,0.36,0.388,0.376
shaanxi_guanzhong,1990-09-18,0.335,0.352,0.385,0.376
shaanxi_guanzhong,1990-09-19,0.326,0.344,0.382,0.376
shaanxi_guanzhong,1990-09-20,0.318,0.338,0.379,0.376
shaanxi_guanzhong,1990-09-21,0.311,0.332,0.376,0.376
shaanxi_guanzhong,1990-09-22,0.373,0.353,0.374,0.376
shaanxi_guanzhong,1990-09-23,0.389,0.387,0.375,0.376
shaanxi_guanzhong,1990-09-24,0.372,0.378,0.375,0.376
shaanxi_guanzhong,1990-09-25,0.36,0.37,0.374,0.375
shaanxi_guanzhong,1990-09-26,0.382,0.372,0.373,0.375
shaanxi_guanzhong,1990-09-27,0.382,0.381,0.373,0.375
shaanxi_guanzhong,1990-09-28,0.366,0.373,0.372,0.375
shaanxi_guanzhong,1990-09-29,0.357,0.366,0.371,0.375
shaanxi_guanzhong,1990-09-30,0.349,0.36,0.37,0.375
shaanxi_guanzhong,1990-10-01,0.347,0.355,0.368,0.375
shaanxi_guanzhong,1990-10-02,0.407,0.382,0.368,0.375
shaanxi_guanzhong,1990-10-03,0.384,0.386,0.369,0.375
shaanxi_guanzhong,1990-10-04,0.37,0.378,0.369,0.375
shaanxi_guanzhong,1990-10-05,0.36,0.37,0.368,0.375
shaanxi_guanzhong,1990-10-06,0.354,0.364,0.367,0.375
shaanxi_guanzhong,1990-10-07,0.349,0.359,0.366,0.375
shaanxi_guanzhong,1990-10-08,0.367,0.358,0.365,0.374
shaanxi_guanzhong,1990-10-09,0.429,0.417,0.371,0.374
shaanxi_guanzhong,1990-10-10,0.428,0.425,0.387,0.374
shaanxi_guanzhong,1990-10-11,0.412,0.416,0.394,0.375
shaanxi_guanzhong,1990-10-12,0.396,0.405,0.396,0.375
shaanxi_guanzhong,1990-10-13,0.385,0.395,0.395,0.376
shaanxi_guanzhong,1990-10-14,0.376,0.386,0.393,0.376
shaanxi_guanzhong,1990-10-15,0.377,0.38,0.391,0.376
shaanxi_guanzhong,1990-10-16,0.427,0.412,0.393,0.377
shaanxi_guanzhong,1990-10-17,0.422,0.425,0.41,0.378
shaanxi_guanzhong,1990-10-18,0.407,0.414,0.411,0.379
shaanxi_guanzhong,1990-10-19,0.397,0.405,0.41,0.381
shaanxi_guanzhong,1990-10-20,0.404,0.402,0.408,0.382
shaanxi_guanzhong,1990-10-21,0.424,0.418,0.408,0.382
shaanxi_guanzhong,1990-10-22,0.419,0.425,0.417,0.384
shaanxi_guanzhong,1990-10-23,0.421,0.423,0.419,0.386
shaanxi_guanzhong,1990-10-24,0.411,0.418,0.418,0.388
shaanxi_guanzhong,1990-10-25,0.396,0.406,0.416,0.389
shaanxi_guanzhong,1990-10-26,0.387,0.397,0.413,0.39
shaanxi_guanzhong,1990-10-27,0.38,0.389,0.41,0.391
shaanxi_guanzhong,1990-10-28,0.374,0.383,0.407,0.391
shaanxi_guanzhong,1990-10-29,0.368,0.378,0.405,0.391
shaanxi_guanzhong,1990-10-30,0.363,0.373,0.402,0.392
shaanxi_guanzhong,1990-10-31,0.358,0.368,0.399,0.392
shaanxi_guanzhong,1990-11-01,0.354,0.365,0.397,0.392
shaanxi_guanzhong,1990-11-02,0.384,0.37,0.395,0.392
shaanxi_guanzhong,1990-11-03,0.384,0.379,0.394,0.392
shaanxi_guanzhong,1990-11-04,0.375,0.378,0.392,0.392
shaanxi_guanzhong,1990-11-05,0.373,0.374,0.391,0.392
shaanxi_guanzhong,1990-11-06,0.375,0.373,0.389,0.392
shaanxi_guanzhong,1990-11-07,0.418,0.404,0.39,0.392
shaanxi_guanzhong,1990-11-08,0.414,0.42,0.4,0.392
shaanxi_guanzhong,1990-11-09,0.398,0.408,0.404,0.392
shaanxi_guanzhong,1990-11-10,0.389,0.399,0.403,0.393
shaanxi_guanzhong,1990-11-11,0.382,0.391,0.402,0.393
shaanxi_guanzhong,1990-11-12,0.376,0.386,0.4,0.393
shaanxi_guanzhong,1990-11-13,0.371,0.38,0.399,0.393
shaanxi_guanzhong,1990-11-14,0.366,0.376,0.397,0.393
shaanxi_guanzhong,1990-11-15,0.362,0.371,0.395,0.393
shaanxi_guanzhong,1990-11-16,0.358,0.368,0.393,0.393
shaanxi_guanzhong,1990-11-17,0.359,0.365,0.391,0.393
shaanxi_guanzhong,1990-11-18,0.394,0.371,0.39,0.393
shaanxi_guanzhong,1990-11-19,0.404,0.39,0.389,0.393
shaanxi_guanzhong,1990-11-20,0.389,0.391,0.389,0.393
shaanxi_guanzhong,1990-11-21,0.381,0.387,0.389,0.393
shaanxi_guanzhong,1990-11-22,0.378,0.383,0.388,0.393
shaanxi_guanzhong,1990-11-23,0.379,0.381,0.387,0.393
shaanxi_guanzhong,1990-11-24,0.373,0.379,0.387,0.393
shaanxi_guanzhong,1990-11-25,0.368,0.375,0.386,0.393
shaanxi_guanzhong,1990-11-26,0.364,0.371,0.384,0.393
shaanxi_guanzhong,1990-11-27,0.36,0.368,0.383,0.393
shaanxi_guanzhong,1990-11-28,0.356,0.364,0.382,0.393
shaanxi_guanzhong,1990-11-29,0.398,0.38,0.381,0.392
shaanxi_guanzhong,1990-11-30,0.384,0.386,0.381,0.392
shaanxi_guanzhong,1990-12-01,0.377,0.383,0.381,0.392
shaanxi_guanzhong,1990-12-02,0.373,0.38,0.381,0.392
shaanxi_guanzhong,1990-12-03,0.372,0.377,0.381,0.392
shaanxi_guanzhong,1990-12-04,0.373,0.375,0.38,0.392
shaanxi_guanzhong,1990-12-05,0.375,0.374,0.38,0.392
shaanxi_guanzhong,1990-12-06,0.376,0.374,0.379,0.392
shaanxi_guanzhong,1990-12-07,0.375,0.374,0.378,0.391
shaanxi_guanzhong,1990-12-08,0.374,0.373,0.378,0.391
shaanxi_guanzhong,1990-12-09,0.372,0.372,0.377,0.391
shaanxi_guanzhong,1990-12-10,0.369,0.37,0.377,0.391
shaanxi_guanzhong,1990-12-11,0.365,0.369,0.376,0.391
shaanxi_guanzhong,1990-12-12,0.365,0.367,0.375,0.391
shaanxi_guanzhong,1990-12-13,0.367,0.367,0.375,0.391
shaanxi_guanzhong,1990-12-14,0.365,0.366,0.374,0.39
shaanxi_guanzhong,1990-12-15,0.363,0.365,0.373,0.39
shaanxi_guanzhong,1990-12-16,0.366,0.364,0.373,0.39
shaanxi_guanzhong,1990-12-17,0.367,0.365,0.372,0.39
shaanxi_guanzhong,1990-12-18,0.364,0.364,0.372,0.39
shaanxi_guanzhong,1990-12-19,0.362,0.363,0.371,0.39
shaanxi_guanzhong,1990-12-20,0.36,0.362,0.371,0.389
shaanxi_guanzhong,1990-12-21,0.356,0.36,0.37,0.389
shaanxi_guanzhong,1990-12-22,0.354,0.358,0.369,0.389
shaanxi_guanzhong,1990-12-23,0.352,0.357,0.369,0.389
shaanxi_guanzhong,1990-12-24,0.351,0.356,0.368,0.389
shaanxi_guanzhong,1990-12-25,0.349,0.354,0.367,0.389
shaanxi_guanzhong,1990-12-26,0.348,0.353,0.367,0.388
shaanxi_guanzhong,1990-12-27,0.346,0.352,0.366,0.388
shaanxi_guanzhong,1990-12-28,0.345,0.351,0.365,0.388
shaanxi_guanzhong,1990-12-29,0.344,0.35,0.365,0.388
shaanxi_guanzhong,1990-12-30,0.343,0.349,0.364,0.388
shaanxi_guanzhong,1990-12-31,0.343,0.348,0.364,0.388
shaanxi_guanzhong,1991-01-01,0.343,0.347,0.363,0.387
shaanxi_guanzhong,1991-01-02,0.342,0.347,0.362,0.387
shaanxi_guanzhong,1991-01-03,0.342,0.346,0.362,0.387
shaanxi_guanzhong,1991-01-04,0.342,0.346,0.361,0.387
shaanxi_guanzhong,1991-01-05,0.341,0.346,0.361,0.387
shaanxi_guanzhong,1991-01-06,0.34,0.345,0.36,0.387
shaanxi_guanzhong,1991-01-07,0.339,0.344,0.36,0.386
shaanxi_guanzhong,1991-01-08,0.338,0.343,0.359,0.386
shaanxi_guanzhong,1991-01-09,0.337,0.343,0.358,0.386
shaanxi_guanzhong,1991-01-10,0.337,0.342,0.358,0.386
shaanxi_guanzhong,1991-01-11,0.335,0.341,0.357,0.386
shaanxi_guanzhong,1991-01-12,0.334,0.34,0.357,0.385
shaanxi_guanzhong,1991-01-13,0.333,0.339,0.356,0.385
shaanxi_guanzhong,1991-01-14,0.335,0.339,0.355,0.385
shaanxi_guanzhong,1991-01-15,0.337,0.338,0.355,0.385
shaanxi_guanzhong,1991-01-16,0.337,0.338,0.354,0.385
shaanxi_guanzhong,1991-01-17,0.336,0.338,0.354,0.384
shaanxi_guanzhong,1991-01-18,0.334,0.337,0.353,0.384
shaanxi_guanzhong,1991-01-19,0.333,0.337,0.352,0.384
shaanxi_guanzhong,1991-01-20,0.356,0.338,0.352,0.384
shaanxi_guanzhong,1991-01-21,0.361,0.345,0.352,0.384
shaanxi_guanzhong,1991-01-22,0.363,0.348,0.351,0.384
shaanxi_guanzhong,1991-01-23,0.393,0.365,0.351,0.383
shaanxi_guanzhong,1991-01-24,0.379,0.371,0.352,0.383
shaanxi_guanzhong,1991-01-25,0.373,0.37,0.352,0.383
shaanxi_guanzhong,1991-01-26,0.369,0.368,0.353,0.383
shaanxi_guanzhong,1991-01-27,0.367,0.366,0.353,0.383
shaanxi_guanzhong,1991-01-28,0.372,0.366,0.353,0.383
shaanxi_guanzhong,1991-01-29,0.368,0.366,0.354,0.382
shaanxi_guanzhong,1991-01-30,0.367,0.365,0.354,0.382
shaanxi_guanzhong,1991-01-31,0.372,0.365,0.354,0.382
shaanxi_guanzhong,1991-02-01,0.374,0.367,0.354,0.382
shaanxi_guanzhong,1991-02-02,0.376,0.368,0.354,0.382
shaanxi_guanzhong,1991-02-03,0.377,0.37,0.355,0.382
shaanxi_guanzhong,1991-02-04,0.371,0.369,0.355,0.381
shaanxi_guanzhong,1991-02-05,0.367,0.367,0.355,0.381
shaanxi_guanzhong,1991-02-06,0.362,0.364,0.355,0.381
shaanxi_guanzhong,1991-02-07,0.357,0.361,0.355,0.381
shaanxi_guanzhong,1991-02-08,0.356,0.359,0.354,0.381
shaanxi_guanzhong,1991-02-09,0.355,0.357,0.354,0.381
shaanxi_guanzhong,1991-02-10,0.349,0.354,0.354,0.381
shaanxi_guanzhong,1991-02-11,0.346,0.352,0.353,0.38
shaanxi_guanzhong,1991-02-12,0.35,0.35,0.353,0.38
shaanxi_guanzhong,1991-02-13,0.362,0.352,0.352,0.38
shaanxi_guanzhong,1991-02-14,0.371,0.355,0.352,0.38
shaanxi_guanzhong,1991-02-15,0.367,0.358,0.352,0.38
shaanxi_guanzhong,1991-02-16,0.364,0.359,0.352,0.38
shaanxi_guanzhong,1991-02-17,0.37,0.359,0.351,0.38
shaanxi_guanzhong,1991-02-18,0.393,0.371,0.352,0.38
shaanxi_guanzhong,1991-02-19,0.379,0.375,0.352,0.379
shaanxi_guanzhong,1991-02-20,0.374,0.372,0.353,0.379
shaanxi_guanzhong,1991-02-21,0.37,0.369,0.353,0.379
shaanxi_guanzhong,1991-02-22,0.363,0.366,0.353,0.379
shaanxi_guanzhong,1991-02-23,0.357,0.362,0.353,0.379
shaanxi_guanzhong,1991-02-24,0.352,0.358,0.353,0.379
shaanxi_guanzhong,1991-02-25,0.347,0.354,0.352,0.379
shaanxi_guanzhong,1991-02-26,0.345,0.35,0.351,0.378
shaanxi_guanzhong,1991-02-27,0.344,0.348,0.351,0.378
shaanxi_guanzhong,1991-02-28,0.357,0.348,0.35,0.378
shaanxi_guanzhong,1991-03-01,0.359,0.35,0.35,0.378
shaanxi_guanzhong,1991-03-02,0.35,0.349,0.349,0.378
shaanxi_guanzhong,1991-03-03,0.342,0.346,0.349,0.378
shaanxi_guanzhong,1991-03-04,0.335,0.342,0.348,0.378
shaanxi_guanzhong,1991-03-05,0.329,0.338,0.347,0.377
shaanxi_guanzhong,1991-03-06,0.344,0.335,0.346,0.377
shaanxi_guanzhong,1991-03-07,0.413,0.372,0.346,0.377
shaanxi_guanzhong,1991-03-08,0.397,0.391,0.348,0.377
shaanxi_guanzhong,1991-03-09,0.38,0.384,0.35,0.377
shaanxi_guanzhong,1991-03-10,0.38,0.378,0.351,0.377
shaanxi_guanzhong,1991-03-11,0.376,0.375,0.352,0.377
shaanxi_guanzhong,1991-03-12,0.378,0.373,0.352,0.376
shaanxi_guanzhong,1991-03-13,0.367,0.37,0.352,0.376
shaanxi_guanzhong,1991-03-14,0.38,0.369,0.353,0.376
shaanxi_guanzhong,1991-03-15,0.386,0.375,0.353,0.376
shaanxi_guanzhong,1991-03-16,0.368,0.371,0.353,0.376
shaanxi_guanzhong,1991-03-17,0.357,0.365,0.353,0.376
shaanxi_guanzhong,1991-03-18,0.348,0.358,0.352,0.376
shaanxi_guanzhong,1991-03-19,0.34,0.351,0.351,0.376
shaanxi_guanzhong,1991-03-20,0.338,0.346,0.35,0.375
shaanxi_guanzhong,1991-03-21,0.36,0.347,0.349,0.375
shaanxi_guanzhong,1991-03-22,0.346,0.346,0.349,0.375
shaanxi_guanzhong,1991-03-23,0.34,0.342,0.348,0.375
shaanxi_guanzhong,1991-03-24,0.384,0.352,0.347,0.375
shaanxi_guanzhong,1991-03-25,0.393,0.364,0.347,0.375
shaanxi_guanzhong,1991-03-26,0.412,0.401,0.35,0.375
shaanxi_guanzhong,1991-03-27,0.389,0.393,0.353,0.375
shaanxi_guanzhong,1991-03-28,0.378,0.384,0.355,0.375
shaanxi_guanzhong,1991-03-29,0.374,0.377,0.355,0.374
shaanxi_guanzhong,1991-03-30,0.409,0.39,0.357,0.374
shaanxi_guanzhong,1991-03-31,0.389,0.392,0.359,0.374
shaanxi_guanzhong,1991-04-01,0.375,0.382,0.359,0.374
shaanxi_guanzhong,1991-04-02,0.365,0.374,0.359,0.374
shaanxi_guanzhong,1991-04-03,0.357,0.367,0.359,0.374
shaanxi_guanzhong,1991-04-04,0.35,0.36,0.358,0.374
shaanxi_guanzhong,1991-04-05,0.343,0.354,0.357,0.374
shaanxi_guanzhong,1991-04-06,0.335,0.347,0.355,0.374
shaanxi_guanzhong,1991-04-07,0.327,0.34,0.354,0.374
shaanxi_guanzhong,1991-04-08,0.323,0.336,0.353,0.373
shaanxi_guanzhong,1991-04-09,0.328,0.334,0.352,0.373
shaanxi_guanzhong,1991-04-10,0.326,0.331,0.351,0.373
shaanxi_guanzhong,1991-04-11,0.378,0.339,0.349,0.373
shaanxi_guanzhong,1991-04-12,0.39,0.363,0.349,0.373
shaanxi_guanzhong,1991-04-13,0.363,0.362,0.349,0.373
shaanxi_guanzhong,1991-04-14,0.349,0.355,0.348,0.373
shaanxi_guanzhong,1991-04-15,0.34,0.349,0.347,0.373
shaanxi_guanzhong,1991-04-16,0.344,0.345,0.346,0.372
shaanxi_guanzhong,1991-04-17,0.377,0.352,0.345,0.372
shaanxi_guanzhong,1991-04-18,0.369,0.353,0.345,0.372
shaanxi_guanzhong,1991-04-19,0.39,0.369,0.345,0.372
shaanxi_guanzhong,1991-04-20,0.365,0.366,0.345,0.372
shaanxi_guanzhong,1991-04-21,0.352,0.358,0.344,0.372
shaanxi_guanzhong,1991-04-22,0.35,0.352,0.344,0.372
shaanxi_guanzhong,1991-04-23,0.335,0.345,0.342,0.372
shaanxi_guanzhong,1991-04-24,0.322,0.336,0.34,0.371
shaanxi_guanzhong,1991-04-25,0.32,0.329,0.339,0.371
shaanxi_guanzhong,1991-04-26,0.313,0.324,0.338,0.371
shaanxi_guanzhong,1991-04-27,0.304,0.317,0.336,0.371
shaanxi_guanzhong,1991-04-28,0.352,0.317,0.335,0.371
shaanxi_guanzhong,1991-04-29,0.331,0.317,0.333,0.37
shaanxi_guanzhong,1991-04-30,0.313,0.313,0.331,0.37
shaanxi_guanzhong,1991-05-01,0.302,0.309,0.33,0.37
shaanxi_guanzhong,1991-05-02,0.29,0.303,0.328,0.37
shaanxi_guanzhong,1991-05-03,0.321,0.301,0.327,0.37
shaanxi_guanzhong,1991-05-04,0.337,0.304,0.326,0.369
shaanxi_guanzhong,1991-05-05,0.373,0.322,0.326,0.369
shaanxi_guanzhong,1991-05-06,0.368,0.332,0.325,0.369
shaanxi_guanzhong,1991-05-07,0.356,0.339,0.325,0.369
shaanxi_guanzhong,1991-05-08,0.335,0.335,0.325,0.369
shaanxi_guanzhong,1991-05-09,0.318,0.327,0.323,0.368
shaanxi_guanzhong,1991-05-10,0.308,0.319,0.322,0.368
shaanxi_guanzhong,1991-05-11,0.299,0.313,0.321,0.368
shaanxi_guanzhong,1991-05-12,0.286,0.305,0.319,0.368
shaanxi_guanzhong,1991-05-13,0.275,0.297,0.317,0.368
shaanxi_guanzhong,1991-05-14,0.263,0.289,0.315,0.367
shaanxi_guanzhong,1991-05-15,0.251,0.281,0.313,0.367
shaanxi_guanzhong,1991-05-16,0.239,0.273,0.311,0.367
shaanxi_guanzhong,1991-05-17,0.232,0.266,0.309,0.366
shaanxi_guanzhong,1991-05-18,0.228,0.261,0.307,0.366
shaanxi_guanzhong,1991-05-19,0.22,0.255,0.305,0.366
shaanxi_guanzhong,1991-05-20,0.215,0.248,0.302,0.365
shaanxi_guanzhong,1991-05-21,0.264,0.245,0.3,0.365
shaanxi_guanzhong,1991-05-22,0.247,0.242,0.298,0.365
shaanxi_guanzhong,1991-05-23,0.237,0.238,0.296,0.365
shaanxi_guanzhong,1991-05-24,0.376,0.282,0.295,0.364
shaanxi_guanzhong,1991-05-25,0.349,0.323,0.296,0.364
shaanxi_guanzhong,1991-05-26,0.321,0.316,0.295,0.364
shaanxi_guanzhong,1991-05-27,0.308,0.31,0.294,0.363
shaanxi_guanzhong,1991-05-28,0.383,0.334,0.294,0.363
shaanxi_guanzhong,1991-05-29,0.411,0.381,0.297,0.363
shaanxi_guanzhong,1991-05-30,0.403,0.388,0.303,0.363
shaanxi_guanzhong,1991-05-31,0.402,0.386,0.307,0.363
shaanxi_guanzhong,1991-06-01,0.409,0.392,0.312,0.362
shaanxi_guanzhong,1991-06-02,0.402,0.395,0.317,0.362
shaanxi_guanzhong,1991-06-03,0.377,0.381,0.32,0.362
shaanxi_guanzhong,1991-06-04,0.359,0.368,0.32,0.362
shaanxi_guanzhong,1991-06-05,0.342,0.355,0.32,0.362
shaanxi_guanzhong,1991-06-06,0.325,0.341,0.319,0.362
shaanxi_guanzhong,1991-06-07,0.311,0.33,0.318,0.361
shaanxi_guanzhong,1991-06-08,0.303,0.32,0.316,0.361
shaanxi_guanzhong,1991-06-09,0.351,0.321,0.315,0.361
shaanxi_guanzhong,1991-06-10,0.375,0.335,0.314,0.361
shaanxi_guanzhong,1991-06-11,0.35,0.342,0.314,0.361
shaanxi_guanzhong,1991-06-12,0.396,0.382,0.319,0.36
shaanxi_guanzhong,1991-06-13,0.429,0.425,0.344,0.36
shaanxi_guanzhong,1991-06-14,0.415,0.418,0.362,0.36
shaanxi_guanzhong,1991-06-15,0.39,0.398,0.367,0.36
shaanxi_guanzhong,1991-06-16,0.37,0.383,0.366,0.361
shaanxi_guanzhong,1991-06-17,0.365,0.371,0.365,0.361
shaanxi_guanzhong,1991-06-18,0.405,0.387,0.365,0.361
shaanxi_guanzhong,1991-06-19,0.378,0.383,0.365,0.361
shaanxi_guanzhong,1991-06-20,0.363,0.373,0.364,0.361
shaanxi_guanzhong,1991-06-21,0.352,0.364,0.363,0.361
shaanxi_guanzhong,1991-06-22,0.339,0.353,0.36,0.361
shaanxi_guanzhong,1991-06-23,0.328,0.342,0.358,0.361
shaanxi_guanzhong,1991-06-24,0.315,0.333,0.355,0.361
shaanxi_guanzhong,1991-06-25,0.304,0.324,0.353,0.361
shaanxi_guanzhong,1991-06-26,0.29,0.315,0.35,0.361
shaanxi_guanzhong,1991-06-27,0.279,0.307,0.347,0.36
shaanxi_guanzhong,1991-06-28,0.268,0.299,0.344,0.36
shaanxi_guanzhong,1991-06-29,0.259,0.292,0.342,0.36
shaanxi_guanzhong,1991-06-30,0.253,0.287,0.339,0.36
shaanxi_guanzhong,1991-07-01,0.24,0.278,0.336,0.36
shaanxi_guanzhong,1991-07-02,0.229,0.27,0.332,0.36
shaanxi_guanzhong,1991-07-03,0.22,0.263,0.329,0.359
shaanxi_guanzhong,1991-07-04,0.21,0.256,0.325,0.359
shaanxi_guanzhong,1991-07-05,0.207,0.25,0.322,0.359
shaanxi_guanzhong,1991-07-06,0.213,0.247,0.32,0.359
shaanxi_guanzhong,1991-07-07,0.207,0.243,0.317,0.358
shaanxi_guanzhong,1991-07-08,0.201,0.24,0.315,0.358
shaanxi_guanzhong,1991-07-09,0.193,0.235,0.312,0.358
shaanxi_guanzhong,1991-07-10,0.185,0.23,0.308,0.358
shaanxi_guanzhong,1991-07-11,0.178,0.224,0.305,0.357
shaanxi_guanzhong,1991-07-12,0.171,0.219,0.302,0.357
shaanxi_guanzhong,1991-07-13,0.165,0.214,0.298,0.357
shaanxi_guanzhong,1991-07-14,0.184,0.211,0.296,0.356
shaanxi_guanzhong,1991-07-15,0.206,0.21,0.294,0.356
shaanxi_guanzhong,1991-07-16,0.228,0.21,0.292,0.356
shaanxi_guanzhong,1991-07-17,0.246,0.209,0.29,0.356
shaanxi_guanzhong,1991-07-18,0.235,0.209,0.288,0.355
shaanxi_guanzhong,1991-07-19,0.218,0.207,0.286,0.355
shaanxi_guanzhong,1991-07-20,0.204,0.203,0.283,0.355
shaanxi_guanzhong,1991-07-21,0.194,0.201,0.28,0.354
shaanxi_guanzhong,1991-07-22,0.186,0.198,0.278,0.354
shaanxi_guanzhong,1991-07-23,0.178,0.194,0.275,0.354
shaanxi_guanzhong,1991-07-24,0.175,0.191,0.272,0.353
shaanxi_guanzhong,1991-07-25,0.192,0.189,0.271,0.353
shaanxi_guanzhong,1991-07-26,0.193,0.188,0.269,0.352
shaanxi_guanzhong,1991-07-27,0.201,0.187,0.267,0.352
shaanxi_guanzhong,1991-07-28,0.3,0.201,0.266,0.352
shaanxi_guanzhong,1991-07-29,0.294,0.217,0.265,0.352
shaanxi_guanzhong,1991-07-30,0.258,0.215,0.263,0.351
shaanxi_guanzhong,1991-07-31,0.233,0.212,0.261,0.351
shaanxi_guanzhong,1991-08-01,0.214,0.207,0.259,0.35
shaanxi_guanzhong,1991-08-02,0.198,0.202,0.257,0.35
shaanxi_guanzhong,1991-08-03,0.186,0.198,0.255,0.35
shaanxi_guanzhong,1991-08-04,0.177,0.195,0.254,0.349
shaanxi_guanzhong,1991-08-05,0.383,0.327,0.254,0.349
shaanxi_guanzhong,1991-08-06,0.424,0.416,0.27,0.349
shaanxi_guanzhong,1991-08-07,0.392,0.394,0.286,0.349
shaanxi_guanzhong,1991-08-08,0.366,0.373,0.289,0.348
shaanxi_guanzhong,1991-08-09,0.35,0.358,0.29,0.348
shaanxi_guanzhong,1991-08-10,0.336,0.345,0.29,0.348
shaanxi_guanzhong,1991-08-11,0.318,0.332,0.29,0.348
shaanxi_guanzhong,1991-08-12,0.303,0.321,0.289,0.347
shaanxi_guanzhong,1991-08-13,0.29,0.31,0.288,0.347
shaanxi_guanzhong,1991-08-14,0.305,0.303,0.287,0.347
shaanxi_guanzhong,1991-08-15,0.299,0.298,0.286,0.347
shaanxi_guanzhong,1991-08-16,0.284,0.291,0.285,0.347
shaanxi_guanzhong,1991-08-17,0.271,0.284,0.284,0.346
shaanxi_guanzhong,1991-08-18,0.261,0.278,0.283,0.346
shaanxi_guanzhong,1991-08-19,0.34,0.283,0.282,0.346
shaanxi_guanzhong,1991-08-20,0.388,0.33,0.282,0.346
shaanxi_guanzhong,1991-08-21,0.355,0.341,0.283,0.346
shaanxi_guanzhong,1991-08-22,0.331,0.332,0.283,0.345
shaanxi_guanzhong,1991-08-23,0.312,0.321,0.283,0.345
shaanxi_guanzhong,1991-08-24,0.293,0.309,0.281,0.345
shaanxi_guanzhong,1991-08-25,0.303,0.301,0.28,0.345
shaanxi_guanzhong,1991-08-26,0.371,0.313,0.28,0.345
shaanxi_guanzhong,1991-08-27,0.389,0.333,0.281,0.344
shaanxi_guanzhong,1991-08-28,0.388,0.359,0.283,0.344
shaanxi_guanzhong,1991-08-29,0.359,0.354,0.285,0.344
shaanxi_guanzhong,1991-08-30,0.336,0.341,0.285,0.344
shaanxi_guanzhong,1991-08-31,0.317,0.329,0.285,0.344
shaanxi_guanzhong,1991-09-01,0.357,0.335,0.284,0.344
shaanxi_guanzhong,1991-09-02,0.387,0.377,0.288,0.343
shaanxi_guanzhong,1991-09-03,0.363,0.363,0.29,0.343
shaanxi_guanzhong,1991-09-04,0.346,0.352,0.291,0.343
shaanxi_guanzhong,1991-09-05,0.329,0.34,0.291,0.343
shaanxi_guanzhong,1991-09-06,0.315,0.329,0.291,0.343
shaanxi_guanzhong,1991-09-07,0.314,0.32,0.29,0.343
shaanxi_guanzhong,1991-09-08,0.318,0.316,0.29,0.342
shaanxi_guanzhong,1991-09-09,0.307,0.311,0.289,0.342
shaanxi_guanzhong,1991-09-10,0.372,0.321,0.289,0.342
shaanxi_guanzhong,1991-09-11,0.36,0.339,0.29,0.342
shaanxi_guanzhong,1991-09-12,0.338,0.334,0.29,0.342
shaanxi_guanzhong,1991-09-13,0.32,0.325,0.289,0.342
shaanxi_guanzhong,1991-09-14,0.323,0.318,0.289,0.342
shaanxi_guanzhong,1991-09-15,0.412,0.372,0.29,0.341
shaanxi_guanzhong,1991-09-16,0.418,0.41,0.304,0.341
shaanxi_guanzhong,1991-09-17,0.401,0.4,0.317,0.341
shaanxi_guanzhong,1991-09-18,0.394,0.389,0.321,0.341
shaanxi_guanzhong,1991-09-19,0.374,0.378,0.323,0.341
shaanxi_guanzhong,1991-09-20,0.356,0.365,0.323,0.341
shaanxi_guanzhong,1991-09-21,0.352,0.357,0.323,0.341
shaanxi_guanzhong,1991-09-22,0.366,0.356,0.324,0.341
shaanxi_guanzhong,1991-09-23,0.359,0.355,0.324,0.341
shaanxi_guanzhong,1991-09-24,0.346,0.35,0.324,0.341
shaanxi_guanzhong,1991-09-25,0.336,0.344,0.324,0.341
shaanxi_guanzhong,1991-09-26,0.327,0.337,0.323,0.341
shaanxi_guanzhong,1991-09-27,0.317,0.33,0.322,0.341
shaanxi_guanzhong,1991-09-28,0.311,0.324,0.321,0.341
shaanxi_guanzhong,1991-09-29,0.305,0.319,0.32,0.341
shaanxi_guanzhong,1991-09-30,0.297,0.313,0.319,0.341
shaanxi_guanzhong,1991-10-01,0.332,0.311,0.318,0.34
shaanxi_guanzhong,1991-10-02,0.412,0.349,0.318,0.34
shaanxi_guanzhong,1991-10-03,0.401,0.388,0.321,0.34
shaanxi_guanzhong,1991-10-04,0.379,0.38,0.323,0.34
shaanxi_guanzhong,1991-10-05,0.367,0.372,0.324,0.34
shaanxi_guanzhong,1991-10-06,0.355,0.362,0.325,0.34
shaanxi_guanzhong,1991-10-07,0.347,0.355,0.325,0.34
shaanxi_guanzhong,1991-10-08,0.341,0.349,0.325,0.34
shaanxi_guanzhong,1991-10-09,0.35,0.345,0.325,0.34
shaanxi_guanzhong,1991-10-10,0.355,0.345,0.325,0.34
shaanxi_guanzhong,1991-10-11,0.386,0.357,0.325,0.34
shaanxi_guanzhong,1991-10-12,0.366,0.361,0.326,0.34
shaanxi_guanzhong,1991-10-13,0.356,0.357,0.326,0.34
shaanxi_guanzhong,1991-10-14,0.352,0.353,0.326,0.34
shaanxi_guanzhong,1991-10-15,0.368,0.353,0.327,0.34
shaanxi_guanzhong,1991-10-16,0.354,0.351,0.327,0.34
shaanxi_guanzhong,1991-10-17,0.343,0.346,0.327,0.34
shaanxi_guanzhong,1991-10-18,0.336,0.342,0.326,0.34
shaanxi_guanzhong,1991-10-19,0.331,0.338,0.326,0.34
shaanxi_guanzhong,1991-10-20,0.325,0.334,0.325,0.34
shaanxi_guanzhong,1991-10-21,0.322,0.33,0.325,0.34
shaanxi_guanzhong,1991-10-22,0.318,0.326,0.324,0.34
shaanxi_guanzhong,1991-10-23,0.333,0.324,0.324,0.34
shaanxi_guanzhong,1991-10-24,0.321,0.322,0.323,0.34
shaanxi_guanzhong,1991-10-25,0.312,0.318,0.322,0.339
shaanxi_guanzhong,1991-10-26,0.305,0.314,0.322,0.339
shaanxi_guanzhong,1991-10-27,0.299,0.311,0.321,0.339
shaanxi_guanzhong,1991-10-28,0.295,0.308,0.32,0.339
shaanxi_guanzhong,1991-10-29,0.291,0.305,0.319,0.339
shaanxi_guanzhong,1991-10-30,0.287,0.301,0.318,0.339
shaanxi_guanzhong,1991-10-31,0.282,0.298,0.317,0.339
shaanxi_guanzhong,1991-11-01,0.286,0.296,0.317,0.339
shaanxi_guanzhong,1991-11-02,0.288,0.294,0.316,0.339
shaanxi_guanzhong,1991-11-03,0.282,0.292,0.315,0.339
shaanxi_guanzhong,1991-11-04,0.277,0.289,0.314,0.339
shaanxi_guanzhong,1991-11-05,0.287,0.287,0.313,0.339
shaanxi_guanzhong,1991-11-06,0.389,0.329,0.313,0.339
shaanxi_guanzhong,1991-11-07,0.357,0.34,0.313,0.339
shaanxi_guanzhong,1991-11-08,0.343,0.338,0.314,0.339
shaanxi_guanzhong,1991-11-09,0.335,0.335,0.314,0.339
shaanxi_guanzhong,1991-11-10,0.328,0.331,0.314,0.338
shaanxi_guanzhong,1991-11-11,0.323,0.327,0.313,0.338
shaanxi_guanzhong,1991-11-12,0.318,0.324,0.313,0.338
shaanxi_guanzhong,1991-11-13,0.315,0.321,0.313,0.338
shaanxi_guanzhong,1991-11-14,0.312,0.319,0.313,0.338
shaanxi_guanzhong,1991-11-15,0.308,0.316,0.312,0.338
shaanxi_guanzhong,1991-11-16,0.305,0.313,0.312,0.338
shaanxi_guanzhong,1991-11-17,0.303,0.311,0.312,0.338
shaanxi_guanzhong,1991-11-18,0.301,0.309,0.311,0.338
shaanxi_guanzhong,1991-11-19,0.297,0.306,0.311,0.338
shaanxi_guanzhong,1991-11-20,0.295,0.304,0.311,0.338
shaanxi_guanzhong,1991-11-21,0.293,0.303,0.31,0.338
shaanxi_guanzhong,1991-11-22,0.292,0.301,0.31,0.338
shaanxi_guanzhong,1991-11-23,0.291,0.299,0.309,0.338
shaanxi_guanzhong,1991-11-24,0.292,0.299,0.309,0.338
shaanxi_guanzhong,1991-11-25,0.295,0.297,0.309,0.338
shaanxi_guanzhong,1991-11-26,0.335,0.3,0.309,0.338
shaanxi_guanzhong,1991-11-27,0.321,0.303,0.308,0.337
shaanxi_guanzhong,1991-11-28,0.312,0.303,0.308,0.337
shaanxi_guanzhong,1991-11-29,0.307,0.303,0.308,0.337
shaanxi_guanzhong,1991-11-30,0.302,0.302,0.307,0.337
shaanxi_guanzhong,1991-12-01,0.314,0.301,0.307,0.337
shaanxi_guanzhong,1991-12-02,0.323,0.303,0.307,0.337
shaanxi_guanzhong,1991-12-03,0.313,0.304,0.307,0.337
shaanxi_guanzhong,1991-12-04,0.307,0.303,0.306,0.337
shaanxi_guanzhong,1991-12-05,0.303,0.302,0.306,0.337
shaanxi_guanzhong,1991-12-06,0.302,0.301,0.306,0.337
shaanxi_guanzhong,1991-12-07,0.305,0.301,0.306,0.337
shaanxi_guanzhong,1991-12-08,0.3,0.3,0.305,0.337
shaanxi_guanzhong,1991-12-09,0.305,0.299,0.305,0.337
shaanxi_guanzhong,1991-12-10,0.316,0.301,0.305,0.337
shaanxi_guanzhong,1991-12-11,0.309,0.301,0.305,0.337
shaanxi_guanzhong,1991-12-12,0.304,0.301,0.305,0.337
shaanxi_guanzhong,1991-12-13,0.301,0.3,0.304,0.336
shaanxi_guanzhong,1991-12-14,0.298,0.299,0.304,0.336
shaanxi_guanzhong,1991-12-15,0.295,0.298,0.304,0.336
shaanxi_guanzhong,1991-12-16,0.293,0.297,0.304,0.336
shaanxi_guanzhong,1991-12-17,0.291,0.296,0.303,0.336
shaanxi_guanzhong,1991-12-18,0.289,0.294,0.303,0.336
shaanxi_guanzhong,1991-12-19,0.288,0.293,0.303,0.336
shaanxi_guanzhong,1991-12-20,0.289,0.293,0.303,0.336
shaanxi_guanzhong,1991-12-21,0.29,0.292,0.303,0.336
shaanxi_guanzhong,1991-12-22,0.303,0.292,0.302,0.336
shaanxi_guanzhong,1991-12-23,0.304,0.293,0.302,0.336
shaanxi_guanzhong,1991-12-24,0.301,0.294,0.302,0.336
shaanxi_guanzhong,1991-12-25,0.299,0.294,0.302,0.336
shaanxi_guanzhong,1991-12-26,0.297,0.294,0.302,0.336
shaanxi_guanzhong,1991-12-27,0.296,0.295,0.302,0.336
shaanxi_guanzhong,1991-12-28,0.295,0.295,0.302,0.336
shaanxi_guanzhong,1991-12-29,0.297,0.295,0.302,0.335
shaanxi_guanzhong,1991-12-30,0.3,0.295,0.302,0.335
shaanxi_guanzhong,1991-12-31,0.306,0.296,0.302,0.335
shaanxi_guanzhong,1992-01-01,0.314,0.298,0.302,0.335
shaanxi_guanzhong,1992-01-02,0.321,0.3,0.302,0.335
shaanxi_guanzhong,1992-01-03,0.327,0.303,0.302,0.335
shaanxi_guanzhong,1992-01-04,0.331,0.306,0.302,0.335
shaanxi_guanzhong,1992-01-05,0.333,0.309,0.302,0.335
shaanxi_guanzhong,1992-01-06,0.338,0.312,0.302,0.335
shaanxi_guanzhong,1992-01-07,0.34,0.316,0.302,0.335
shaanxi_guanzhong,1992-01-08,0.342,0.319,0.303,0.335
shaanxi_guanzhong,1992-01-09,0.344,0.322,0.303,0.335
shaanxi_guanzhong,1992-01-10,0.342,0.324,0.303,0.335
shaanxi_guanzhong,1992-01-11,0.341,0.325,0.304,0.335
shaanxi_guanzhong,1992-01-12,0.337,0.326,0.304,0.335
shaanxi_guanzhong,1992-01-13,0.332,0.325,0.304,0.335
shaanxi_guanzhong,1992-01-14,0.33,0.325,0.304,0.335
shaanxi_guanzhong,1992-01-15,0.328,0.324,0.305,0.335
shaanxi_guanzhong,1992-01-16,0.326,0.324,0.305,0.335
shaanxi_guanzhong,1992-01-17,0.324,0.323,0.305,0.334
shaanxi_guanzhong,1992-01-18,0.322,0.322,0.305,0.334
shaanxi_guanzhong,1992-01-19,0.32,0.321,0.305,0.334
shaanxi_guanzhong,1992-01-20,0.318,0.319,0.305,0.334
shaanxi_guanzhong,1992-01-21,0.316,0.318,0.305,0.334
shaanxi_guanzhong,1992-01-22,0.314,0.317,0.305,0.334
shaanxi_guanzhong,1992-01-23,0.312,0.316,0.305,0.334
shaanxi_guanzhong,1992-01-24,0.311,0.315,0.305,0.334
shaanxi_guanzhong,1992-01-25,0.309,0.314,0.305,0.334
shaanxi_guanzhong,1992-01-26,0.307,0.312,0.305,0.334
shaanxi_guanzhong,1992-01-27,0.305,0.311,0.305,0.334
shaanxi_guanzhong,1992-01-28,0.304,0.309,0.305,0.334
shaanxi_guanzhong,1992-01-29,0.303,0.308,0.305,0.334
shaanxi_guanzhong,1992-01-30,0.302,0.307,0.305,0.334
shaanxi_guanzhong,1992-01-31,0.302,0.306,0.305,0.334
shaanxi_guanzhong,1992-02-01,0.3,0.305,0.304,0.334
shaanxi_guanzhong,1992-02-02,0.3,0.304,0.304,0.334
shaanxi_guanzhong,1992-02-03,0.302,0.303,0.304,0.334
shaanxi_guanzhong,1992-02-04,0.302,0.302,0.304,0.334
shaanxi_guanzhong,1992-02-05,0.301,0.302,0.304,0.333
shaanxi_guanzhong,1992-02-06,0.298,0.301,0.304,0.333
shaanxi_guanzhong,1992-02-07,0.296,0.3,0.303,0.333
shaanxi_guanzhong,1992-02-08,0.296,0.299,0.303,0.333
shaanxi_guanzhong,1992-02-09,0.301,0.298,0.303,0.333
shaanxi_guanzhong,1992-02-10,0.309,0.298,0.303,0.333
shaanxi_guanzhong,1992-02-11,0.313,0.299,0.303,0.333
shaanxi_guanzhong,1992-02-12,0.312,0.3,0.302,0.333
shaanxi_guanzhong,1992-02-13,0.309,0.3,0.302,0.333
shaanxi_guanzhong,1992-02-14,0.305,0.3,0.302,0.333
shaanxi_guanzhong,1992-02-15,0.301,0.3,0.302,0.333
shaanxi_guanzhong,1992-02-16,0.299,0.299,0.302,0.333
shaanxi_guanzhong,1992-02-17,0.296,0.298,0.301,0.333
shaanxi_guanzhong,1992-02-18,0.293,0.297,0.301,0.333
shaanxi_guanzhong,1992-02-19,0.289,0.295,0.301,0.333
shaanxi_guanzhong,1992-02-20,0.286,0.293,0.3,0.333
shaanxi_guanzhong,1992-02-21,0.283,0.291,0.3,0.333
shaanxi_guanzhong,1992-02-22,0.28,0.289,0.3,0.332
shaanxi_guanzhong,1992-02-23,0.277,0.287,0.299,0.332
shaanxi_guanzhong,1992-02-24,0.273,0.284,0.299,0.332
shaanxi_guanzhong,1992-02-25,0.27,0.282,0.298,0.332
shaanxi_guanzhong,1992-02-26,0.266,0.279,0.297,0.332
shaanxi_guanzhong,1992-02-27,0.261,0.276,0.297,0.332
shaanxi_guanzhong,1992-02-28,0.257,0.273,0.296,0.332
shaanxi_guanzhong,1992-02-29,0.253,0.27,0.295,0.332
shaanxi_guanzhong,1992-03-01,0.277,0.269,0.294,0.332
shaanxi_guanzhong,1992-03-02,0.308,0.272,0.294,0.332
shaanxi_guanzhong,1992-03-03,0.311,0.276,0.294,0.332
shaanxi_guanzhong,1992-03-04,0.316,0.279,0.294,0.332
shaanxi_guanzhong,1992-03-05,0.326,0.284,0.294,0.331
shaanxi_guanzhong,1992-03-06,0.329,0.288,0.293,0.331
shaanxi_guanzhong,1992-03-07,0.327,0.292,0.293,0.331
shaanxi_guanzhong,1992-03-08,0.321,0.294,0.293,0.331
shaanxi_guanzhong,1992-03-09,0.313,0.294,0.292,0.331
shaanxi_guanzhong,1992-03-10,0.304,0.292,0.292,0.331
shaanxi_guanzhong,1992-03-11,0.295,0.29,0.291,0.331
shaanxi_guanzhong,1992-03-12,0.286,0.287,0.29,0.331
shaanxi_guanzhong,1992-03-13,0.279,0.284,0.29,0.331
shaanxi_guanzhong,1992-03-14,0.275,0.282,0.289,0.331
shaanxi_guanzhong,1992-03-15,0.354,0.288,0.289,0.331
shaanxi_guanzhong,1992-03-16,0.407,0.351,0.29,0.33
shaanxi_guanzhong,1992-03-17,0.39,0.369,0.293,0.33
shaanxi_guanzhong,1992-03-18,0.376,0.366,0.295,0.33
shaanxi_guanzhong,1992-03-19,0.375,0.362,0.297,0.33
shaanxi_guanzhong,1992-03-20,0.389,0.369,0.299,0.33
shaanxi_guanzhong,1992-03-21,0.378,0.367,0.301,0.33
shaanxi_guanzhong,1992-03-22,0.386,0.369,0.303,0.33
shaanxi_guanzhong,1992-03-23,0.374,0.367,0.305,0.33
shaanxi_guanzhong,1992-03-24,0.365,0.362,0.307,0.33
shaanxi_guanzhong,1992-03-25,0.386,0.363,0.308,0.33
shaanxi_guanzhong,1992-03-26,0.37,0.365,0.309,0.33
shaanxi_guanzhong,1992-03-27,0.356,0.358,0.31,0.33
shaanxi_guanzhong,1992-03-28,0.346,0.351,0.311,0.33
shaanxi_guanzhong,1992-03-29,0.341,0.345,0.311,0.33
shaanxi_guanzhong,1992-03-30,0.34,0.34,0.311,0.33
shaanxi_guanzhong,1992-03-31,0.348,0.339,0.311,0.33
shaanxi_guanzhong,1992-04-01,0.332,0.334,0.311,0.33
shaanxi_guanzhong,1992-04-02,0.323,0.329,0.31,0.33
shaanxi_guanzhong,1992-04-03,0.317,0.324,0.31,0.329
shaanxi_guanzhong,1992-04-04,0.307,0.318,0.309,0.329
shaanxi_guanzhong,1992-04-05,0.297,0.311,0.308,0.329
shaanxi_guanzhong,1992-04-06,0.289,0.304,0.307,0.329
shaanxi_guanzhong,1992-04-07,0.297,0.299,0.305,0.329
shaanxi_guanzhong,1992-04-08,0.371,0.312,0.305,0.329
shaanxi_guanzhong,1992-04-09,0.388,0.361,0.306,0.329
shaanxi_guanzhong,1992-04-10,0.364,0.358,0.307,0.329
shaanxi_guanzhong,1992-04-11,0.35,0.35,0.307,0.329
shaanxi_guanzhong,1992-04-12,0.336,0.342,0.307,0.329
shaanxi_guanzhong,1992-04-13,0.324,0.334,0.307,0.329
shaanxi_guanzhong,1992-04-14,0.312,0.325,0.306,0.329
shaanxi_guanzhong,1992-04-15,0.302,0.317,0.305,0.329
shaanxi_guanzhong,1992-04-16,0.291,0.309,0.304,0.328
shaanxi_guanzhong,1992-04-17,0.281,0.301,0.302,0.328
shaanxi_guanzhong,1992-04-18,0.277,0.294,0.301,0.328
shaanxi_guanzhong,1992-04-19,0.272,0.288,0.3,0.328
shaanxi_guanzhong,1992-04-20,0.275,0.284,0.299,0.328
shaanxi_guanzhong,1992-04-21,0.282,0.281,0.298,0.328
shaanxi_guanzhong,1992-04-22,0.271,0.277,0.297,0.328
shaanxi_guanzhong,1992-04-23,0.261,0.272,0.295,0.328
shaanxi_guanzhong,1992-04-24,0.248,0.266,0.293,0.328
shaanxi_guanzhong,1992-04-25,0.239,0.261,0.292,0.327
shaanxi_guanzhong,1992-04-26,0.229,0.255,0.29,0.327
shaanxi_guanzhong,1992-04-27,0.219,0.249,0.288,0.327
shaanxi_guanzhong,1992-04-28,0.219,0.243,0.286,0.327
shaanxi_guanzhong,1992-04-29,0.322,0.246,0.284,0.327
shaanxi_guanzhong,1992-04-30,0.288,0.247,0.283,0.327
shaanxi_guanzhong,1992-05-01,0.326,0.25,0.282,0.327
shaanxi_guanzhong,1992-05-02,0.354,0.273,0.282,0.326
shaanxi_guanzhong,1992-05-03,0.314,0.278,0.28,0.326
shaanxi_guanzhong,1992-05-04,0.343,0.284,0.28,0.326
shaanxi_guanzhong,1992-05-05,0.386,0.327,0.28,0.326
shaanxi_guanzhong,1992-05-06,0.363,0.336,0.281,0.326
shaanxi_guanzhong,1992-05-07,0.335,0.329,0.281,0.326
shaanxi_guanzhong,1992-05-08,0.337,0.323,0.281,0.326
shaanxi_guanzhong,1992-05-09,0.415,0.384,0.286,0.326
shaanxi_guanzhong,1992-05-10,0.383,0.382,0.294,0.326
shaanxi_guanzhong,1992-05-11,0.395,0.377,0.297,0.326
shaanxi_guanzhong,1992-05-12,0.386,0.38,0.3,0.326
shaanxi_guanzhong,1992-05-13,0.377,0.369,0.302,0.325
shaanxi_guanzhong,1992-05-14,0.383,0.37,0.303,0.325
shaanxi_guanzhong,1992-05-15,0.359,0.36,0.304,0.325
shaanxi_guanzhong,1992-05-16,0.345,0.351,0.304,0.325
shaanxi_guanzhong,1992-05-17,0.334,0.343,0.304,0.325
shaanxi_guanzhong,1992-05-18,0.323,0.334,0.304,0.325
shaanxi_guanzhong,1992-05-19,0.31,0.325,0.303,0.325
shaanxi_guanzhong,1992-05-20,0.295,0.314,0.301,0.325
shaanxi_guanzhong,1992-05-21,0.28,0.303,0.3,0.325
shaanxi_guanzhong,1992-05-22,0.268,0.294,0.298,0.325
shaanxi_guanzhong,1992-05-23,0.257,0.285,0.296,0.324
shaanxi_guanzhong,1992-05-24,0.246,0.277,0.294,0.324
shaanxi_guanzhong,1992-05-25,0.236,0.269,0.292,0.324
shaanxi_guanzhong,1992-05-26,0.225,0.261,0.29,0.324
shaanxi_guanzhong,1992-05-27,0.216,0.254,0.288,0.324
shaanxi_guanzhong,1992-05-28,0.279,0.252,0.287,0.324
shaanxi_guanzhong,1992-05-29,0.297,0.255,0.287,0.324
shaanxi_guanzhong,1992-05-30,0.274,0.253,0.285,0.324
shaanxi_guanzhong,1992-05-31,0.255,0.249,0.283,0.323
shaanxi_guanzhong,1992-06-01,0.27,0.245,0.282,0.323
shaanxi_guanzhong,1992-06-02,0.378,0.312,0.281,0.323
shaanxi_guanzhong,1992-06-03,0.34,0.325,0.281,0.323
shaanxi_guanzhong,1992-06-04,0.313,0.315,0.28,0.323
shaanxi_guanzhong,1992-06-05,0.294,0.304,0.279,0.323
shaanxi_guanzhong,1992-06-06,0.283,0.296,0.278,0.323
shaanxi_guanzhong,1992-06-07,0.265,0.285,0.276,0.322
shaanxi_guanzhong,1992-06-08,0.246,0.274,0.274,0.322
shaanxi_guanzhong,1992-06-09,0.229,0.263,0.272,0.322
shaanxi_guanzhong,1992-06-10,0.215,0.253,0.27,0.322
shaanxi_guanzhong,1992-06-11,0.249,0.248,0.269,0.322
shaanxi_guanzhong,1992-06-12,0.389,0.28,0.269,0.322
shaanxi_guanzhong,1992-06-13,0.403,0.358,0.27,0.322
shaanxi_guanzhong,1992-06-14,0.397,0.37,0.274,0.321
shaanxi_guanzhong,1992-06-15,0.416,0.391,0.28,0.321
shaanxi_guanzhong,1992-06-16,0.386,0.386,0.288,0.321
shaanxi_guanzhong,1992-06-17,0.361,0.368,0.29,0.321
shaanxi_guanzhong,1992-06-18,0.373,0.359,0.291,0.321
shaanxi_guanzhong,1992-06-19,0.414,0.389,0.294,0.321
shaanxi_guanzhong,1992-06-20,0.426,0.42,0.314,0.321
shaanxi_guanzhong,1992-06-21,0.401,0.403,0.325,0.321
shaanxi_guanzhong,1992-06-22,0.377,0.385,0.328,0.321
shaanxi_guanzhong,1992-06-23,0.362,0.371,0.328,0.321
shaanxi_guanzhong,1992-06-24,0.351,0.361,0.328,0.321
shaanxi_guanzhong,1992-06-25,0.349,0.354,0.327,0.321
shaanxi_guanzhong,1992-06-26,0.344,0.349,0.327,0.322
shaanxi_guanzhong,1992-06-27,0.331,0.341,0.326,0.322
shaanxi_guanzhong,1992-06-28,0.357,0.339,0.325,0.322
shaanxi_guanzhong,1992-06-29,0.35,0.343,0.325,0.322
shaanxi_guanzhong,1992-06-30,0.331,0.336,0.323,0.322
shaanxi_guanzhong,1992-07-01,0.313,0.326,0.321,0.322
shaanxi_guanzhong,1992-07-02,0.297,0.316,0.319,0.322
shaanxi_guanzhong,1992-07-03,0.282,0.305,0.317,0.322
shaanxi_guanzhong,1992-07-04,0.265,0.294,0.315,0.322
shaanxi_guanzhong,1992-07-05,0.252,0.285,0.312,0.321
shaanxi_guanzhong,1992-07-06,0.242,0.276,0.31,0.321
shaanxi_guanzhong,1992-07-07,0.229,0.267,0.307,0.321
shaanxi_guanzhong,1992-07-08,0.22,0.26,0.304,0.321
shaanxi_guanzhong,1992-07-09,0.214,0.254,0.302,0.321
shaanxi_guanzhong,1992-07-10,0.209,0.248,0.3,0.321
shaanxi_guanzhong,1992-07-11,0.203,0.243,0.298,0.321
shaanxi_guanzhong,1992-07-12,0.313,0.26,0.296,0.321
shaanxi_guanzhong,1992-07-13,0.404,0.342,0.296,0.321
shaanxi_guanzhong,1992-07-14,0.429,0.416,0.316,0.321
shaanxi_guanzhong,1992-07-15,0.43,0.428,0.357,0.321
shaanxi_guanzhong,1992-07-16,0.407,0.413,0.377,0.322
shaanxi_guanzhong,1992-07-17,0.388,0.396,0.376,0.322
shaanxi_guanzhong,1992-07-18,0.369,0.381,0.374,0.323
shaanxi_guanzhong,1992-07-19,0.355,0.369,0.371,0.324
shaanxi_guanzhong,1992-07-20,0.35,0.359,0.369,0.324
shaanxi_guanzhong,1992-07-21,0.349,0.352,0.366,0.324
shaanxi_guanzhong,1992-07-22,0.331,0.343,0.362,0.325
shaanxi_guanzhong,1992-07-23,0.322,0.336,0.36,0.325
shaanxi_guanzhong,1992-07-24,0.323,0.331,0.357,0.325
shaanxi_guanzhong,1992-07-25,0.339,0.329,0.355,0.325
shaanxi_guanzhong,1992-07-26,0.354,0.338,0.353,0.325
shaanxi_guanzhong,1992-07-27,0.334,0.333,0.351,0.325
shaanxi_guanzhong,1992-07-28,0.33,0.327,0.349,0.326
shaanxi_guanzhong,1992-07-29,0.341,0.328,0.348,0.326
shaanxi_guanzhong,1992-07-30,0.324,0.324,0.346,0.326
shaanxi_guanzhong,1992-07-31,0.305,0.316,0.343,0.326
shaanxi_guanzhong,1992-08-01,0.291,0.308,0.341,0.326
shaanxi_guanzhong,1992-08-02,0.29,0.301,0.338,0.326
shaanxi_guanzhong,1992-08-03,0.351,0.316,0.337,0.326
shaanxi_guanzhong,1992-08-04,0.378,0.331,0.336,0.326
shaanxi_guanzhong,1992-08-05,0.376,0.348,0.336,0.326
shaanxi_guanzhong,1992-08-06,0.352,0.343,0.336,0.326
shaanxi_guanzhong,1992-08-07,0.335,0.335,0.335,0.326
shaanxi_guanzhong,1992-08-08,0.329,0.328,0.334,0.326
shaanxi_guanzhong,1992-08-09,0.328,0.325,0.333,0.326
shaanxi_guanzhong,1992-08-10,0.327,0.321,0.332,0.326
shaanxi_guanzhong,1992-08-11,0.347,0.326,0.331,0.326
shaanxi_guanzhong,1992-08-12,0.399,0.365,0.333,0.326
shaanxi_guanzhong,1992-08-13,0.409,0.414,0.353,0.326
shaanxi_guanzhong,1992-08-14,0.38,0.391,0.355,0.326
shaanxi_guanzhong,1992-08-15,0.361,0.374,0.354,0.326
shaanxi_guanzhong,1992-08-16,0.347,0.362,0.353,0.326
shaanxi_guanzhong,1992-08-17,0.374,0.364,0.351,0.327
shaanxi_guanzhong,1992-08-18,0.412,0.406,0.354,0.327
shaanxi_guanzhong,1992-08-19,0.406,0.399,0.357,0.327
shaanxi_guanzhong,1992-08-20,0.428,0.425,0.378,0.327
shaanxi_guanzhong,1992-08-21,0.405,0.413,0.393,0.329
shaanxi_guanzhong,1992-08-22,0.386,0.397,0.391,0.33
shaanxi_guanzhong,1992-08-23,0.371,0.384,0.388,0.331
shaanxi_guanzhong,1992-08-24,0.36,0.374,0.385,0.332
shaanxi_guanzhong,1992-08-25,0.351,0.365,0.382,0.333
shaanxi_guanzhong,1992-08-26,0.342,0.357,0.379,0.333
shaanxi_guanzhong,1992-08-27,0.331,0.349,0.376,0.333
shaanxi_guanzhong,1992-08-28,0.343,0.344,0.373,0.334
shaanxi_guanzhong,1992-08-29,0.393,0.37,0.371,0.334
shaanxi_guanzhong,1992-08-30,0.397,0.381,0.371,0.334
shaanxi_guanzhong,1992-08-31,0.421,0.423,0.389,0.335
shaanxi_guanzhong,1992-09-01,0.407,0.415,0.398,0.336
shaanxi_guanzhong,1992-09-02,0.389,0.4,0.397,0.337
shaanxi_guanzhong,1992-09-03,0.374,0.387,0.394,0.338
shaanxi_guanzhong,1992-09-04,0.364,0.376,0.391,0.338
shaanxi_guanzhong,1992-09-05,0.405,0.387,0.389,0.339
shaanxi_guanzhong,1992-09-06,0.395,0.392,0.388,0.34
shaanxi_guanzhong,1992-09-07,0.395,0.391,0.388,0.34
shaanxi_guanzhong,1992-09-08,0.42,0.413,0.39,0.341
shaanxi_guanzhong,1992-09-09,0.398,0.406,0.392,0.342
shaanxi_guanzhong,1992-09-10,0.385,0.394,0.391,0.342
shaanxi_guanzhong,1992-09-11,0.399,0.396,0.39,0.343
shaanxi_guanzhong,1992-09-12,0.415,0.421,0.4,0.344
shaanxi_guanzhong,1992-09-13,0.397,0.406,0.4,0.345
shaanxi_guanzhong,1992-09-14,0.409,0.405,0.399,0.346
shaanxi_guanzhong,1992-09-15,0.412,0.409,0.4,0.347
shaanxi_guanzhong,1992-09-16,0.42,0.417,0.401,0.348
shaanxi_guanzhong,1992-09-17,0.423,0.422,0.406,0.349
shaanxi_guanzhong,1992-09-18,0.419,0.42,0.41,0.35
shaanxi_guanzhong,1992-09-19,0.429,0.428,0.415,0.352
shaanxi_guanzhong,1992-09-20,0.422,0.425,0.423,0.355
shaanxi_guanzhong,1992-09-21,0.43,0.43,0.424,0.359
shaanxi_guanzhong,1992-09-22,0.421,0.426,0.429,0.364
shaanxi_guanzhong,1992-09-23,0.422,0.421,0.426,0.369
shaanxi_guanzhong,1992-09-24,0.417,0.423,0.425,0.373
shaanxi_guanzhong,1992-09-25,0.411,0.415,0.421,0.375
shaanxi_guanzhong,1992-09-26,0.425,0.428,0.427,0.379
shaanxi_guanzhong,1992-09-27,0.422,0.427,0.427,0.382
shaanxi_guanzhong,1992-09-28,0.404,0.413,0.426,0.386
shaanxi_guanzhong,1992-09-29,0.388,0.398,0.42,0.389
shaanxi_guanzhong,1992-09-30,0.376,0.387,0.416,0.39
shaanxi_guanzhong,1992-10-01,0.377,0.38,0.411,0.391
shaanxi_guanzhong,1992-10-02,0.408,0.399,0.409,0.391
shaanxi_guanzhong,1992-10-03,0.417,0.408,0.409,0.392
shaanxi_guanzhong,1992-10-04,0.422,0.421,0.413,0.392
shaanxi_guanzhong,1992-10-05,0.428,0.428,0.42,0.393
shaanxi_guanzhong,1992-10-06,0.415,0.422,0.424,0.396
shaanxi_guanzhong,1992-10-07,0.398,0.408,0.421,0.398
shaanxi_guanzhong,1992-10-08,0.398,0.401,0.418,0.399
shaanxi_guanzhong,1992-10-09,0.418,0.419,0.418,0.4
shaanxi_guanzhong,1992-10-10,0.401,0.41,0.417,0.401
shaanxi_guanzhong,1992-10-11,0.389,0.399,0.414,0.401
shaanxi_guanzhong,1992-10-12,0.386,0.391,0.411,0.402
shaanxi_guanzhong,1992-10-13,0.411,0.4,0.409,0.402
shaanxi_guanzhong,1992-10-14,0.411,0.416,0.411,0.402
shaanxi_guanzhong,1992-10-15,0.396,0.406,0.41,0.402
shaanxi_guanzhong,1992-10-16,0.387,0.396,0.408,0.403
shaanxi_guanzhong,1992-10-17,0.379,0.389,0.406,0.403
shaanxi_guanzhong,1992-10-18,0.414,0.398,0.404,0.403
shaanxi_guanzhong,1992-10-19,0.416,0.418,0.406,0.403
shaanxi_guanzhong,1992-10-20,0.414,0.413,0.408,0.403
shaanxi_guanzhong,1992-10-21,0.423,0.428,0.417,0.403
shaanxi_guanzhong,1992-10-22,0.405,0.415,0.42,0.405
shaanxi_guanzhong,1992-10-23,0.393,0.403,0.418,0.405
shaanxi_guanzhong,1992-10-24,0.385,0.394,0.415,0.406
shaanxi_guanzhong,1992-10-25,0.378,0.387,0.412,0.406
shaanxi_guanzhong,1992-10-26,0.373,0.382,0.409,0.406
shaanxi_guanzhong,1992-10-27,0.378,0.379,0.406,0.407
shaanxi_guanzhong,1992-10-28,0.374,0.378,0.403,0.407
shaanxi_guanzhong,1992-10-29,0.366,0.374,0.401,0.407
shaanxi_guanzhong,1992-10-30,0.36,0.369,0.398,0.406
shaanxi_guanzhong,1992-10-31,0.355,0.365,0.395,0.406
shaanxi_guanzhong,1992-11-01,0.351,0.361,0.393,0.406
shaanxi_guanzhong,1992-11-02,0.364,0.36,0.391,0.406
shaanxi_guanzhong,1992-11-03,0.358,0.36,0.389,0.405
shaanxi_guanzhong,1992-11-04,0.35,0.357,0.386,0.405
shaanxi_guanzhong,1992-11-05,0.345,0.354,0.384,0.405
shaanxi_guanzhong,1992-11-06,0.37,0.354,0.382,0.404
shaanxi_guanzhong,1992-11-07,0.393,0.378,0.381,0.404
shaanxi_guanzhong,1992-11-08,0.373,0.376,0.381,0.404
shaanxi_guanzhong,1992-11-09,0.365,0.372,0.379,0.403
shaanxi_guanzhong,1992-11-10,0.36,0.368,0.378,0.403
shaanxi_guanzhong,1992-11-11,0.356,0.364,0.377,0.403
shaanxi_guanzhong,1992-11-12,0.352,0.36,0.376,0.403
shaanxi_guanzhong,1992-11-13,0.348,0.357,0.374,0.402
shaanxi_guanzhong,1992-11-14,0.345,0.353,0.373,0.402
shaanxi_guanzhong,1992-11-15,0.342,0.351,0.371,0.402
shaanxi_guanzhong,1992-11-16,0.339,0.348,0.37,0.401
shaanxi_guanzhong,1992-11-17,0.342,0.346,0.369,0.401
shaanxi_guanzhong,1992-11-18,0.342,0.345,0.367,0.401
shaanxi_guanzhong,1992-11-19,0.353,0.346,0.366,0.4
shaanxi_guanzhong,1992-11-20,0.345,0.346,0.365,0.4
shaanxi_guanzhong,1992-11-21,0.34,0.345,0.364,0.4
shaanxi_guanzhong,1992-11-22,0.336,0.343,0.363,0.399
shaanxi_guanzhong,1992-11-23,0.334,0.341,0.362,0.399
shaanxi_guanzhong,1992-11-24,0.332,0.339,0.36,0.399
shaanxi_guanzhong,1992-11-25,0.329,0.337,0.359,0.398
shaanxi_guanzhong,1992-11-26,0.327,0.335,0.358,0.398
shaanxi_guanzhong,1992-11-27,0.324,0.333,0.357,0.398
shaanxi_guanzhong,1992-11-28,0.323,0.332,0.356,0.397
shaanxi_guanzhong,1992-11-29,0.321,0.33,0.355,0.397
shaanxi_guanzhong,1992-11-30,0.319,0.328,0.353,0.397
shaanxi_guanzhong,1992-12-01,0.317,0.327,0.352,0.396
shaanxi_guanzhong,1992-12-02,0.316,0.325,0.351,0.396
shaanxi_guanzhong,1992-12-03,0.315,0.324,0.35,0.396
shaanxi_guanzhong,1992-12-04,0.321,0.323,0.349,0.395
shaanxi_guanzhong,1992-12-05,0.347,0.326,0.348,0.395
shaanxi_guanzhong,1992-12-06,0.356,0.333,0.348,0.395
shaanxi_guanzhong,1992-12-07,0.343,0.335,0.347,0.394
shaanxi_guanzhong,1992-12-08,0.35,0.336,0.346,0.394
shaanxi_guanzhong,1992-12-09,0.346,0.339,0.346,0.394
shaanxi_guanzhong,1992-12-10,0.339,0.339,0.345,0.393
shaanxi_guanzhong,1992-12-11,0.335,0.338,0.345,0.393
shaanxi_guanzhong,1992-12-12,0.333,0.337,0.344,0.393
shaanxi_guanzhong,1992-12-13,0.331,0.335,0.344,0.392
shaanxi_guanzhong,1992-12-14,0.329,0.334,0.343,0.392
shaanxi_guanzhong,1992-12-15,0.328,0.333,0.343,0.392
shaanxi_guanzhong,1992-12-16,0.327,0.332,0.342,0.391
shaanxi_guanzhong,1992-12-17,0.326,0.331,0.342,0.391
shaanxi_guanzhong,1992-12-18,0.326,0.33,0.341,0.391
shaanxi_guanzhong,1992-12-19,0.327,0.33,0.341,0.39
shaanxi_guanzhong,1992-12-20,0.326,0.329,0.34,0.39
shaanxi_guanzhong,1992-12-21,0.325,0.329,0.34,0.39
shaanxi_guanzhong,1992-12-22,0.324,0.328,0.339,0.39
shaanxi_guanzhong,1992-12-23,0.323,0.328,0.339,0.389
shaanxi_guanzhong,1992-12-24,0.323,0.327,0.338,0.389
shaanxi_guanzhong,1992-12-25,0.323,0.327,0.338,0.389
shaanxi_guanzhong,1992-12-26,0.324,0.327,0.338,0.389
shaanxi_guanzhong,1992-12-27,0.326,0.327,0.337,0.388
shaanxi_guanzhong,1992-12-28,0.325,0.327,0.337,0.388
shaanxi_guanzhong,1992-12-29,0.324,0.326,0.336,0.388
shaanxi_guanzhong,1992-12-30,0.323,0.326,0.336,0.387
shaanxi_guanzhong,1992-12-31,0.322,0.325,0.336,0.387
shaanxi_guanzhong,1993-01-01,0.321,0.325,0.335,0.387
shaanxi_guanzhong,1993-01-02,0.321,0.324,0.335,0.387
shaanxi_guanzhong,1993-01-03,0.322,0.324,0.334,0.386
shaanxi_guanzhong,1993-01-04,0.321,0.323,0.334,0.386
shaanxi_guanzhong,1993-01-05,0.325,0.323,0.334,0.386
shaanxi_guanzhong,1993-01-06,0.331,0.324,0.333,0.386
shaanxi_guanzhong,1993-01-07,0.334,0.325,0.333,0.385
shaanxi_guanzhong,1993-01-08,0.341,0.327,0.333,0.385
shaanxi_guanzhong,1993-01-09,0.34,0.33,0.332,0.385
shaanxi_guanzhong,1993-01-10,0.338,0.331,0.332,0.385
shaanxi_guanzhong,1993-01-11,0.342,0.332,0.332,0.384
shaanxi_guanzhong,1993-01-12,0.345,0.334,0.332,0.384
shaanxi_guanzhong,1993-01-13,0.342,0.335,0.332,0.384
shaanxi_guanzhong,1993-01-14,0.338,0.336,0.332,0.384
shaanxi_guanzhong,1993-01-15,0.338,0.336,0.332,0.383
shaanxi_guanzhong,1993-01-16,0.34,0.336,0.332,0.383
shaanxi_guanzhong,1993-01-17,0.346,0.337,0.332,0.383
shaanxi_guanzhong,1993-01-18,0.347,0.339,0.332,0.383
shaanxi_guanzhong,1993-01-19,0.343,0.339,0.332,0.382
shaanxi_guanzhong,1993-01-20,0.342,0.339,0.332,0.382
shaanxi_guanzhong,1993-01-21,0.341,0.339,0.332,0.382
shaanxi_guanzhong,1993-01-22,0.348,0.339,0.332,0.382
shaanxi_guanzhong,1993-01-23,0.357,0.341,0.332,0.382
shaanxi_guanzhong,1993-01-24,0.364,0.345,0.332,0.381
shaanxi_guanzhong,1993-01-25,0.368,0.349,0.332,0.381
shaanxi_guanzhong,1993-01-26,0.366,0.352,0.332,0.381
shaanxi_guanzhong,1993-01-27,0.361,0.353,0.333,0.381
shaanxi_guanzhong,1993-01-28,0.358,0.352,0.333,0.381
shaanxi_guanzhong,1993-01-29,0.356,0.352,0.333,0.38
shaanxi_guanzhong,1993-01-30,0.353,0.351,0.333,0.38
shaanxi_guanzhong,1993-01-31,0.349,0.349,0.334,0.38
shaanxi_guanzhong,1993-02-01,0.346,0.348,0.334,0.38
shaanxi_guanzhong,1993-02-02,0.343,0.346,0.334,0.38
shaanxi_guanzhong,1993-02-03,0.34,0.344,0.334,0.379
shaanxi_guanzhong,1993-02-04,0.336,0.341,0.333,0.379
shaanxi_guanzhong,1993-02-05,0.332,0.339,0.333,0.379
shaanxi_guanzhong,1993-02-06,0.328,0.335,0.332,0.379
shaanxi_guanzhong,1993-02-07,0.327,0.332,0.332,0.378
shaanxi_guanzhong,1993-02-08,0.348,0.333,0.331,0.378
shaanxi_guanzhong,1993-02-09,0.337,0.333,0.331,0.378
shaanxi_guanzhong,1993-02-10,0.331,0.331,0.33,0.378
shaanxi_guanzhong,1993-02-11,0.324,0.329,0.33,0.378
shaanxi_guanzhong,1993-02-12,0.32,0.326,0.329,0.377
shaanxi_guanzhong,1993-02-13,0.33,0.324,0.329,0.377
shaanxi_guanzhong,1993-02-14,0.388,0.339,0.329,0.377
shaanxi_guanzhong,1993-02-15,0.391,0.376,0.33,0.377
shaanxi_guanzhong,1993-02-16,0.374,0.372,0.331,0.377
shaanxi_guanzhong,1993-02-17,0.377,0.37,0.332,0.376
shaanxi_guanzhong,1993-02-18,0.368,0.367,0.333,0.376
shaanxi_guanzhong,1993-02-19,0.393,0.37,0.334,0.376
shaanxi_guanzhong,1993-02-20,0.395,0.384,0.336,0.376
shaanxi_guanzhong,1993-02-21,0.383,0.381,0.338,0.376
shaanxi_guanzhong,1993-02-22,0.375,0.376,0.34,0.376
shaanxi_guanzhong,1993-02-23,0.368,0.37,0.34,0.376
shaanxi_guanzhong,1993-02-24,0.363,0.366,0.341,0.375
shaanxi_guanzhong,1993-02-25,0.361,0.363,0.341,0.375
shaanxi_guanzhong,1993-02-26,0.358,0.36,0.341,0.375
shaanxi_guanzhong,1993-02-27,0.354,0.357,0.341,0.375
shaanxi_guanzhong,1993-02-28,0.349,0.353,0.341,0.375
shaanxi_guanzhong,1993-03-01,0.345,0.35,0.341,0.375
shaanxi_guanzhong,1993-03-02,0.342,0.347,0.341,0.375
shaanxi_guanzhong,1993-03-03,0.339,0.344,0.34,0.374
shaanxi_guanzhong,1993-03-04,0.332,0.34,0.339,0.374
shaanxi_guanzhong,1993-03-05,0.327,0.336,0.338,0.374
shaanxi_guanzhong,1993-03-06,0.321,0.331,0.337,0.374
shaanxi_guanzhong,1993-03-07,0.317,0.328,0.337,0.374
shaanxi_guanzhong,1993-03-08,0.317,0.325,0.336,0.374
shaanxi_guanzhong,1993-03-09,0.316,0.323,0.335,0.374
shaanxi_guanzhong,1993-03-10,0.309,0.319,0.334,0.373
shaanxi_guanzhong,1993-03-11,0.302,0.315,0.333,0.373
shaanxi_guanzhong,1993-03-12,0.305,0.311,0.332,0.373
shaanxi_guanzhong,1993-03-13,0.354,0.316,0.331,0.373
shaanxi_guanzhong,1993-03-14,0.367,0.327,0.331,0.373
shaanxi_guanzhong,1993-03-15,0.389,0.344,0.331,0.373
shaanxi_guanzhong,1993-03-16,0.405,0.368,0.331,0.372
shaanxi_guanzhong,1993-03-17,0.411,0.391,0.334,0.372
shaanxi_guanzhong,1993-03-18,0.415,0.403,0.339,0.372
shaanxi_guanzhong,1993-03-19,0.414,0.406,0.346,0.372
shaanxi_guanzhong,1993-03-20,0.415,0.407,0.352,0.372
shaanxi_guanzhong,1993-03-21,0.404,0.402,0.357,0.372
shaanxi_guanzhong,1993-03-22,0.394,0.394,0.359,0.372
shaanxi_guanzhong,1993-03-23,0.386,0.387,0.36,0.372
shaanxi_guanzhong,1993-03-24,0.377,0.382,0.361,0.372
shaanxi_guanzhong,1993-03-25,0.374,0.376,0.361,0.372
shaanxi_guanzhong,1993-03-26,0.384,0.376,0.361,0.372
shaanxi_guanzhong,1993-03-27,0.385,0.377,0.361,0.372
shaanxi_guanzhong,1993-03-28,0.404,0.386,0.362,0.372
shaanxi_guanzhong,1993-03-29,0.404,0.395,0.364,0.372
shaanxi_guanzhong,1993-03-30,0.385,0.39,0.365,0.372
shaanxi_guanzhong,1993-03-31,0.372,0.38,0.365,0.372
shaanxi_guanzhong,1993-04-01,0.363,0.372,0.364,0.372
shaanxi_guanzhong,1993-04-02,0.373,0.369,0.364,0.372
shaanxi_guanzhong,1993-04-03,0.416,0.392,0.364,0.372
shaanxi_guanzhong,1993-04-04,0.422,0.415,0.372,0.372
shaanxi_guanzhong,1993-04-05,0.41,0.411,0.378,0.372
shaanxi_guanzhong,1993-04-06,0.393,0.4,0.38,0.373
shaanxi_guanzhong,1993-04-07,0.396,0.394,0.38,0.373
shaanxi_guanzhong,1993-04-08,0.393,0.395,0.38,0.373
shaanxi_guanzhong,1993-04-09,0.382,0.388,0.379,0.374
shaanxi_guanzhong,1993-04-10,0.374,0.382,0.379,0.374
shaanxi_guanzhong,1993-04-11,0.364,0.374,0.377,0.374
shaanxi_guanzhong,1993-04-12,0.359,0.368,0.376,0.374
shaanxi_guanzhong,1993-04-13,0.384,0.371,0.375,0.374
shaanxi_guanzhong,1993-04-14,0.376,0.374,0.374,0.374
shaanxi_guanzhong,1993-04-15,0.364,0.37,0.373,0.374
shaanxi_guanzhong,1993-04-16,0.353,0.362,0.371,0.374
shaanxi_guanzhong,1993-04-17,0.375,0.362,0.37,0.374
shaanxi_guanzhong,1993-04-18,0.368,0.365,0.369,0.374
shaanxi_guanzhong,1993-04-19,0.351,0.358,0.367,0.374
shaanxi_guanzhong,1993-04-20,0.339,0.35,0.365,0.374
shaanxi_guanzhong,1993-04-21,0.327,0.342,0.363,0.374
shaanxi_guanzhong,1993-04-22,0.316,0.334,0.361,0.374
shaanxi_guanzhong,1993-04-23,0.306,0.326,0.358,0.374
shaanxi_guanzhong,1993-04-24,0.296,0.319,0.356,0.374
shaanxi_guanzhong,1993-04-25,0.286,0.311,0.353,0.374
shaanxi_guanzhong,1993-04-26,0.277,0.304,0.35,0.373
shaanxi_guanzhong,1993-04-27,0.27,0.298,0.347,0.373
shaanxi_guanzhong,1993-04-28,0.266,0.292,0.344,0.373
shaanxi_guanzhong,1993-04-29,0.268,0.288,0.342,0.373
shaanxi_guanzhong,1993-04-30,0.359,0.311,0.34,0.373
shaanxi_guanzhong,1993-05-01,0.389,0.346,0.34,0.373
shaanxi_guanzhong,1993-05-02,0.363,0.356,0.339,0.372
shaanxi_guanzhong,1993-05-03,0.344,0.348,0.338,0.372
shaanxi_guanzhong,1993-05-04,0.331,0.34,0.337,0.372
shaanxi_guanzhong,1993-05-05,0.322,0.333,0.336,0.372
shaanxi_guanzhong,1993-05-06,0.317,0.328,0.335,0.372
shaanxi_guanzhong,1993-05-07,0.319,0.324,0.334,0.371
shaanxi_guanzhong,1993-05-08,0.368,0.333,0.333,0.371
shaanxi_guanzhong,1993-05-09,0.351,0.34,0.332,0.371
shaanxi_guanzhong,1993-05-10,0.331,0.333,0.331,0.371
shaanxi_guanzhong,1993-05-11,0.32,0.327,0.33,0.371
shaanxi_guanzhong,1993-05-12,0.358,0.328,0.329,0.371
shaanxi_guanzhong,1993-05-13,0.372,0.343,0.329,0.37
shaanxi_guanzhong,1993-05-14,0.355,0.343,0.329,0.37
shaanxi_guanzhong,1993-05-15,0.384,0.351,0.329,0.37
shaanxi_guanzhong,1993-05-16,0.361,0.354,0.329,0.37
shaanxi_guanzhong,1993-05-17,0.345,0.347,0.329,0.37
shaanxi_guanzhong,1993-05-18,0.333,0.34,0.328,0.369
shaanxi_guanzhong,1993-05-19,0.328,0.333,0.327,0.369
shaanxi_guanzhong,1993-05-20,0.363,0.336,0.327,0.369
shaanxi_guanzhong,1993-05-21,0.34,0.335,0.326,0.369
shaanxi_guanzhong,1993-05-22,0.321,0.327,0.324,0.369
shaanxi_guanzhong,1993-05-23,0.306,0.319,0.323,0.368
shaanxi_guanzhong,1993-05-24,0.291,0.309,0.321,0.368
shaanxi_guanzhong,1993-05-25,0.277,0.3,0.319,0.368
shaanxi_guanzhong,1993-05-26,0.274,0.295,0.318,0.368
shaanxi_guanzhong,1993-05-27,0.284,0.291,0.317,0.367
shaanxi_guanzhong,1993-05-28,0.294,0.287,0.315,0.367
shaanxi_guanzhong,1993-05-29,0.283,0.283,0.313,0.367
shaanxi_guanzhong,1993-05-30,0.28,0.28,0.312,0.367
shaanxi_guanzhong,1993-05-31,0.302,0.278,0.31,0.367
shaanxi_guanzhong,1993-06-01,0.336,0.291,0.309,0.366
shaanxi_guanzhong,1993-06-02,0.308,0.289,0.308,0.366
shaanxi_guanzhong,1993-06-03,0.371,0.311,0.307,0.366
shaanxi_guanzhong,1993-06-04,0.356,0.335,0.308,0.366
shaanxi_guanzhong,1993-06-05,0.328,0.327,0.307,0.365
shaanxi_guanzhong,1993-06-06,0.309,0.317,0.306,0.365
shaanxi_guanzhong,1993-06-07,0.294,0.308,0.304,0.365
shaanxi_guanzhong,1993-06-08,0.281,0.299,0.303,0.364
shaanxi_guanzhong,1993-06-09,0.268,0.291,0.301,0.364
shaanxi_guanzhong,1993-06-10,0.265,0.285,0.3,0.364
shaanxi_guanzhong,1993-06-11,0.354,0.301,0.3,0.364
shaanxi_guanzhong,1993-06-12,0.322,0.302,0.299,0.363
shaanxi_guanzhong,1993-06-13,0.298,0.295,0.297,0.363
shaanxi_guanzhong,1993-06-14,0.28,0.288,0.295,0.363
shaanxi_guanzhong,1993-06-15,0.261,0.279,0.294,0.362
shaanxi_guanzhong,1993-06-16,0.259,0.272,0.292,0.362
shaanxi_guanzhong,1993-06-17,0.251,0.266,0.291,0.362
shaanxi_guanzhong,1993-06-18,0.237,0.259,0.289,0.361
shaanxi_guanzhong,1993-06-19,0.226,0.253,0.287,0.361
shaanxi_guanzhong,1993-06-20,0.281,0.253,0.287,0.361
shaanxi_guanzhong,1993-06-21,0.336,0.267,0.287,0.361
shaanxi_guanzhong,1993-06-22,0.302,0.268,0.285,0.36
shaanxi_guanzhong,1993-06-23,0.275,0.263,0.284,0.36
shaanxi_guanzhong,1993-06-24,0.26,0.258,0.282,0.36
shaanxi_guanzhong,1993-06-25,0.245,0.251,0.28,0.359
shaanxi_guanzhong,1993-06-26,0.311,0.253,0.279,0.359
shaanxi_guanzhong,1993-06-27,0.426,0.374,0.285,0.359
shaanxi_guanzhong,1993-06-28,0.422,0.421,0.324,0.359
shaanxi_guanzhong,1993-06-29,0.389,0.396,0.335,0.359
shaanxi_guanzhong,1993-06-30,0.365,0.377,0.336,0.358
shaanxi_guanzhong,1993-07-01,0.355,0.363,0.336,0.358
shaanxi_guanzhong,1993-07-02,0.353,0.356,0.335,0.358
shaanxi_guanzhong,1993-07-03,0.376,0.362,0.335,0.358
shaanxi_guanzhong,1993-07-04,0.352,0.355,0.334,0.358
shaanxi_guanzhong,1993-07-05,0.335,0.345,0.333,0.358
shaanxi_guanzhong,1993-07-06,0.328,0.338,0.332,0.358
shaanxi_guanzhong,1993-07-07,0.317,0.331,0.33,0.358
shaanxi_guanzhong,1993-07-08,0.303,0.321,0.328,0.357
shaanxi_guanzhong,1993-07-09,0.295,0.312,0.326,0.357
shaanxi_guanzhong,1993-07-10,0.289,0.305,0.325,0.357
shaanxi_guanzhong,1993-07-11,0.303,0.302,0.323,0.357
shaanxi_guanzhong,1993-07-12,0.337,0.306,0.322,0.357
shaanxi_guanzhong,1993-07-13,0.425,0.391,0.328,0.357
shaanxi_guanzhong,1993-07-14,0.419,0.409,0.34,0.357
shaanxi_guanzhong,1993-07-15,0.425,0.42,0.351,0.357
shaanxi_guanzhong,1993-07-16,0.408,0.41,0.362,0.357
shaanxi_guanzhong,1993-07-17,0.384,0.393,0.364,0.357
shaanxi_guanzhong,1993-07-18,0.374,0.379,0.362,0.357
shaanxi_guanzhong,1993-07-19,0.38,0.374,0.361,0.357
shaanxi_guanzhong,1993-07-20,0.367,0.369,0.361,0.358
shaanxi_guanzhong,1993-07-21,0.42,0.405,0.367,0.358
shaanxi_guanzhong,1993-07-22,0.42,0.424,0.399,0.359
shaanxi_guanzhong,1993-07-23,0.408,0.412,0.401,0.361
shaanxi_guanzhong,1993-07-24,0.393,0.401,0.399,0.362
shaanxi_guanzhong,1993-07-25,0.379,0.39,0.396,0.363
shaanxi_guanzhong,1993-07-26,0.366,0.379,0.393,0.364
shaanxi_guanzhong,1993-07-27,0.362,0.371,0.39,0.364
shaanxi_guanzhong,1993-07-28,0.393,0.375,0.388,0.365
shaanxi_guanzhong,1993-07-29,0.402,0.39,0.386,0.365
shaanxi_guanzhong,1993-07-30,0.377,0.386,0.385,0.365
shaanxi_guanzhong,1993-07-31,0.361,0.374,0.382,0.365
shaanxi_guanzhong,1993-08-01,0.348,0.363,0.38,0.366
shaanxi_guanzhong,1993-08-02,0.335,0.353,0.377,0.366
shaanxi_guanzhong,1993-08-03,0.349,0.347,0.375,0.366
shaanxi_guanzhong,1993-08-04,0.414,0.411,0.385,0.366
shaanxi_guanzhong,1993-08-05,0.412,0.41,0.393,0.366
shaanxi_guanzhong,1993-08-06,0.416,0.415,0.396,0.367
shaanxi_guanzhong,1993-08-07,0.398,0.406,0.397,0.367
shaanxi_guanzhong,1993-08-08,0.389,0.395,0.395,0.368
shaanxi_guanzhong,1993-08-09,0.413,0.41,0.395,0.368
shaanxi_guanzhong,1993-08-10,0.418,0.414,0.398,0.369
shaanxi_guanzhong,1993-08-11,0.41,0.416,0.403,0.369
shaanxi_guanzhong,1993-08-12,0.393,0.402,0.402,0.37
shaanxi_guanzhong,1993-08-13,0.391,0.396,0.401,0.371
shaanxi_guanzhong,1993-08-14,0.415,0.406,0.401,0.371
shaanxi_guanzhong,1993-08-15,0.422,0.425,0.412,0.372
shaanxi_guanzhong,1993-08-16,0.399,0.411,0.413,0.374
shaanxi_guanzhong,1993-08-17,0.382,0.395,0.409,0.375
shaanxi_guanzhong,1993-08-18,0.37,0.383,0.406,0.376
shaanxi_guanzhong,1993-08-19,0.382,0.378,0.402,0.377
shaanxi_guanzhong,1993-08-20,0.387,0.385,0.4,0.377
shaanxi_guanzhong,1993-08-21,0.367,0.377,0.398,0.378
shaanxi_guanzhong,1993-08-22,0.363,0.369,0.395,0.378
shaanxi_guanzhong,1993-08-23,0.42,0.412,0.402,0.378
shaanxi_guanzhong,1993-08-24,0.412,0.417,0.412,0.379
shaanxi_guanzhong,1993-08-25,0.413,0.418,0.412,0.381
shaanxi_guanzhong,1993-08-26,0.39,0.402,0.41,0.382
shaanxi_guanzhong,1993-08-27,0.377,0.389,0.406,0.382
shaanxi_guanzhong,1993-08-28,0.411,0.397,0.404,0.383
shaanxi_guanzhong,1993-08-29,0.402,0.404,0.404,0.384
shaanxi_guanzhong,1993-08-30,0.39,0.396,0.402,0.384
shaanxi_guanzhong,1993-08-31,0.384,0.389,0.401,0.384
shaanxi_guanzhong,1993-09-01,0.386,0.385,0.399,0.385
shaanxi_guanzhong,1993-09-02,0.371,0.378,0.396,0.385
shaanxi_guanzhong,1993-09-03,0.357,0.369,0.394,0.385
shaanxi_guanzhong,1993-09-04,0.347,0.361,0.391,0.385
shaanxi_guanzhong,1993-09-05,0.342,0.354,0.388,0.385
shaanxi_guanzhong,1993-09-06,0.36,0.353,0.386,0.385
shaanxi_guanzhong,1993-09-07,0.413,0.384,0.385,0.385
shaanxi_guanzhong,1993-09-08,0.395,0.396,0.387,0.385
shaanxi_guanzhong,1993-09-09,0.395,0.391,0.386,0.385
shaanxi_guanzhong,1993-09-10,0.41,0.41,0.39,0.385
shaanxi_guanzhong,1993-09-11,0.393,0.4,0.391,0.385
shaanxi_guanzhong,1993-09-12,0.381,0.39,0.391,0.385
shaanxi_guanzhong,1993-09-13,0.372,0.382,0.389,0.385
shaanxi_guanzhong,1993-09-14,0.422,0.42,0.403,0.385
shaanxi_guanzhong,1993-09-15,0.407,0.416,0.416,0.387
shaanxi_guanzhong,1993-09-16,0.417,0.421,0.417,0.388
shaanxi_guanzhong,1993-09-17,0.396,0.407,0.415,0.39
shaanxi_guanzhong,1993-09-18,0.385,0.396,0.412,0.391
shaanxi_guanzhong,1993-09-19,0.388,0.389,0.409,0.392
shaanxi_guanzhong,1993-09-20,0.41,0.407,0.407,0.392
shaanxi_guanzhong,1993-09-21,0.389,0.399,0.406,0.393
shaanxi_guanzhong,1993-09-22,0.376,0.388,0.404,0.393
shaanxi_guanzhong,1993-09-23,0.366,0.378,0.401,0.393
shaanxi_guanzhong,1993-09-24,0.357,0.37,0.398,0.393
shaanxi_guanzhong,1993-09-25,0.349,0.363,0.396,0.393
shaanxi_guanzhong,1993-09-26,0.366,0.361,0.393,0.393
shaanxi_guanzhong,1993-09-27,0.395,0.381,0.392,0.393
shaanxi_guanzhong,1993-09-28,0.376,0.38,0.391,0.393
shaanxi_guanzhong,1993-09-29,0.364,0.372,0.389,0.393
shaanxi_guanzhong,1993-09-30,0.354,0.365,0.387,0.393
shaanxi_guanzhong,1993-10-01,0.351,0.36,0.386,0.393
shaanxi_guanzhong,1993-10-02,0.348,0.357,0.384,0.393
shaanxi_guanzhong,1993-10-03,0.36,0.355,0.382,0.393
shaanxi_guanzhong,1993-10-04,0.411,0.386,0.382,0.393
shaanxi_guanzhong,1993-10-05,0.392,0.391,0.383,0.393
shaanxi_guanzhong,1993-10-06,0.377,0.383,0.383,0.392
shaanxi_guanzhong,1993-10-07,0.367,0.376,0.382,0.392
shaanxi_guanzhong,1993-10-08,0.38,0.374,0.381,0.392
shaanxi_guanzhong,1993-10-09,0.38,0.378,0.381,0.392
shaanxi_guanzhong,1993-10-10,0.388,0.379,0.38,0.392
shaanxi_guanzhong,1993-10-11,0.426,0.416,0.384,0.392
shaanxi_guanzhong,1993-10-12,0.431,0.429,0.396,0.392
shaanxi_guanzhong,1993-10-13,0.418,0.424,0.413,0.393
shaanxi_guanzhong,1993-10-14,0.406,0.412,0.415,0.394
shaanxi_guanzhong,1993-10-15,0.398,0.406,0.413,0.395
shaanxi_guanzhong,1993-10-16,0.394,0.4,0.411,0.395
shaanxi_guanzhong,1993-10-17,0.387,0.395,0.409,0.396
shaanxi_guanzhong,1993-10-18,0.377,0.387,0.407,0.396
shaanxi_guanzhong,1993-10-19,0.37,0.38,0.404,0.397
shaanxi_guanzhong,1993-10-20,0.363,0.374,0.402,0.397
shaanxi_guanzhong,1993-10-21,0.357,0.369,0.399,0.397
shaanxi_guanzhong,1993-10-22,0.353,0.364,0.397,0.397
shaanxi_guanzhong,1993-10-23,0.35,0.361,0.394,0.397
shaanxi_guanzhong,1993-10-24,0.351,0.358,0.392,0.397
shaanxi_guanzhong,1993-10-25,0.408,0.38,0.391,0.397
shaanxi_guanzhong,1993-10-26,0.395,0.393,0.392,0.397
shaanxi_guanzhong,1993-10-27,0.392,0.39,0.392,0.397
shaanxi_guanzhong,1993-10-28,0.412,0.402,0.393,0.397
shaanxi_guanzhong,1993-10-29,0.393,0.399,0.394,0.397
shaanxi_guanzhong,1993-10-30,0.383,0.391,0.394,0.397
shaanxi_guanzhong,1993-10-31,0.375,0.384,0.393,0.397
shaanxi_guanzhong,1993-11-01,0.369,0.379,0.392,0.396
shaanxi_guanzhong,1993-11-02,0.364,0.373,0.39,0.396
shaanxi_guanzhong,1993-11-03,0.359,0.369,0.389,0.396
shaanxi_guanzhong,1993-11-04,0.355,0.365,0.387,0.396
shaanxi_guanzhong,1993-11-05,0.358,0.362,0.385,0.396
shaanxi_guanzhong,1993-11-06,0.365,0.362,0.384,0.396
shaanxi_guanzhong,1993-11-07,0.383,0.366,0.383,0.396
shaanxi_guanzhong,1993-11-08,0.411,0.388,0.382,0.396
shaanxi_guanzhong,1993-11-09,0.404,0.398,0.384,0.396
shaanxi_guanzhong,1993-11-10,0.418,0.407,0.385,0.396
shaanxi_guanzhong,1993-11-11,0.405,0.409,0.389,0.395
shaanxi_guanzhong,1993-11-12,0.391,0.399,0.39,0.395
shaanxi_guanzhong,1993-11-13,0.383,0.392,0.39,0.395
shaanxi_guanzhong,1993-11-14,0.377,0.386,0.389,0.395
shaanxi_guanzhong,1993-11-15,0.372,0.381,0.388,0.395
shaanxi_guanzhong,1993-11-16,0.383,0.379,0.388,0.395
shaanxi_guanzhong,1993-11-17,0.406,0.399,0.388,0.395
shaanxi_guanzhong,1993-11-18,0.391,0.396,0.388,0.395
shaanxi_guanzhong,1993-11-19,0.386,0.392,0.389,0.395
shaanxi_guanzhong,1993-11-20,0.382,0.389,0.389,0.395
shaanxi_guanzhong,1993-11-21,0.38,0.386,0.389,0.395
shaanxi_guanzhong,1993-11-22,0.378,0.384,0.388,0.395
shaanxi_guanzhong,1993-11-23,0.377,0.382,0.388,0.395
shaanxi_guanzhong,1993-11-24,0.38,0.381,0.387,0.395
shaanxi_guanzhong,1993-11-25,0.395,0.386,0.387,0.395
shaanxi_guanzhong,1993-11-26,0.4,0.392,0.387,0.394
shaanxi_guanzhong,1993-11-27,0.408,0.402,0.388,0.394
shaanxi_guanzhong,1993-11-28,0.412,0.41,0.39,0.394
shaanxi_guanzhong,1993-11-29,0.413,0.413,0.394,0.394
shaanxi_guanzhong,1993-11-30,0.412,0.412,0.397,0.394
shaanxi_guanzhong,1993-12-01,0.41,0.411,0.399,0.394
shaanxi_guanzhong,1993-12-02,0.404,0.408,0.401,0.395
shaanxi_guanzhong,1993-12-03,0.4,0.404,0.401,0.395
shaanxi_guanzhong,1993-12-04,0.394,0.4,0.401,0.395
shaanxi_guanzhong,1993-12-05,0.395,0.397,0.401,0.395
shaanxi_guanzhong,1993-12-06,0.395,0.396,0.4,0.395
shaanxi_guanzhong,1993-12-07,0.393,0.395,0.4,0.395
shaanxi_guanzhong,1993-12-08,0.39,0.392,0.399,0.396
shaanxi_guanzhong,1993-12-09,0.386,0.39,0.398,0.396
shaanxi_guanzhong,1993-12-10,0.381,0.386,0.398,0.396
shaanxi_guanzhong,1993-12-11,0.377,0.383,0.397,0.396
shaanxi_guanzhong,1993-12-12,0.375,0.381,0.396,0.396
shaanxi_guanzhong,1993-12-13,0.372,0.378,0.395,0.396
shaanxi_guanzhong,1993-12-14,0.37,0.376,0.394,0.396
shaanxi_guanzhong,1993-12-15,0.368,0.374,0.393,0.396
shaanxi_guanzhong,1993-12-16,0.367,0.373,0.392,0.396
shaanxi_guanzhong,1993-12-17,0.367,0.371,0.391,0.396
shaanxi_guanzhong,1993-12-18,0.371,0.371,0.39,0.396
shaanxi_guanzhong,1993-12-19,0.374,0.372,0.389,0.396
shaanxi_guanzhong,1993-12-20,0.371,0.372,0.388,0.395
shaanxi_guanzhong,1993-12-21,0.367,0.372,0.387,0.395
shaanxi_guanzhong,1993-12-22,0.367,0.37,0.386,0.395
shaanxi_guanzhong,1993-12-23,0.366,0.37,0.386,0.395
shaanxi_guanzhong,1993-12-24,0.367,0.369,0.385,0.395
shaanxi_guanzhong,1993-12-25,0.366,0.369,0.384,0.395
shaanxi_guanzhong,1993-12-26,0.364,0.368,0.383,0.395
shaanxi_guanzhong,1993-12-27,0.361,0.366,0.382,0.395
shaanxi_guanzhong,1993-12-28,0.359,0.365,0.381,0.395
shaanxi_guanzhong,1993-12-29,0.357,0.363,0.38,0.395
shaanxi_guanzhong,1993-12-30,0.355,0.361,0.379,0.395
shaanxi_guanzhong,1993-12-31,0.353,0.359,0.378,0.394
shaanxi_guanzhong,1994-01-01,0.352,0.358,0.377,0.394
shaanxi_guanzhong,1994-01-02,0.352,0.357,0.376,0.394
shaanxi_guanzhong,1994-01-03,0.35,0.356,0.375,0.394
shaanxi_guanzhong,1994-01-04,0.349,0.355,0.374,0.394
shaanxi_guanzhong,1994-01-05,0.349,0.354,0.373,0.394
shaanxi_guanzhong,1994-01-06,0.348,0.353,0.372,0.394
shaanxi_guanzhong,1994-01-07,0.348,0.352,0.372,0.393
shaanxi_guanzhong,1994-01-08,0.347,0.352,0.371,0.393
shaanxi_guanzhong,1994-01-09,0.345,0.351,0.37,0.393
shaanxi_guanzhong,1994-01-10,0.343,0.35,0.369,0.393
shaanxi_guanzhong,1994-01-11,0.348,0.348,0.368,0.393
shaanxi_guanzhong,1994-01-12,0.363,0.351,0.367,0.393
shaanxi_guanzhong,1994-01-13,0.355,0.353,0.366,0.392
shaanxi_guanzhong,1994-01-14,0.351,0.353,0.365,0.392
shaanxi_guanzhong,1994-01-15,0.349,0.351,0.365,0.392
shaanxi_guanzhong,1994-01-16,0.348,0.351,0.364,0.392
shaanxi_guanzhong,1994-01-17,0.345,0.35,0.363,0.392
shaanxi_guanzhong,1994-01-18,0.345,0.349,0.362,0.391
shaanxi_guanzhong,1994-01-19,0.346,0.349,0.362,0.391
shaanxi_guanzhong,1994-01-20,0.346,0.349,0.361,0.391
shaanxi_guanzhong,1994-01-21,0.347,0.349,0.361,0.391
shaanxi_guanzhong,1994-01-22,0.352,0.349,0.36,0.391
shaanxi_guanzhong,1994-01-23,0.356,0.35,0.36,0.391
shaanxi_guanzhong,1994-01-24,0.357,0.352,0.359,0.39
shaanxi_guanzhong,1994-01-25,0.356,0.352,0.359,0.39
shaanxi_guanzhong,1994-01-26,0.352,0.352,0.358,0.39
shaanxi_guanzhong,1994-01-27,0.349,0.352,0.358,0.39
shaanxi_guanzhong,1994-01-28,0.347,0.35,0.357,0.39
shaanxi_guanzhong,1994-01-29,0.346,0.35,0.356,0.389
shaanxi_guanzhong,1994-01-30,0.348,0.349,0.356,0.389
shaanxi_guanzhong,1994-01-31,0.352,0.349,0.355,0.389
shaanxi_guanzhong,1994-02-01,0.353,0.349,0.355,0.389
shaanxi_guanzhong,1994-02-02,0.351,0.349,0.354,0.389
shaanxi_guanzhong,1994-02-03,0.349,0.349,0.354,0.388
shaanxi_guanzhong,1994-02-04,0.347,0.349,0.353,0.388
shaanxi_guanzhong,1994-02-05,0.344,0.347,0.353,0.388
shaanxi_guanzhong,1994-02-06,0.342,0.346,0.352,0.388
shaanxi_guanzhong,1994-02-07,0.339,0.344,0.352,0.388
shaanxi_guanzhong,1994-02-08,0.337,0.343,0.351,0.387
shaanxi_guanzhong,1994-02-09,0.334,0.341,0.35,0.387
shaanxi_guanzhong,1994-02-10,0.334,0.339,0.35,0.387
shaanxi_guanzhong,1994-02-11,0.335,0.338,0.349,0.387
shaanxi_guanzhong,1994-02-12,0.334,0.337,0.348,0.387
shaanxi_guanzhong,1994-02-13,0.334,0.337,0.348,0.386
shaanxi_guanzhong,1994-02-14,0.338,0.336,0.347,0.386
shaanxi_guanzhong,1994-02-15,0.34,0.336,0.346,0.386
shaanxi_guanzhong,1994-02-16,0.337,0.336,0.346,0.386
shaanxi_guanzhong,1994-02-17,0.333,0.334,0.345,0.385
shaanxi_guanzhong,1994-02-18,0.331,0.333,0.344,0.385
shaanxi_guanzhong,1994-02-19,0.328,0.332,0.344,0.385
shaanxi_guanzhong,1994-02-20,0.323,0.33,0.343,0.385
shaanxi_guanzhong,1994-02-21,0.318,0.327,0.342,0.385
shaanxi_guanzhong,1994-02-22,0.317,0.324,0.341,0.384
shaanxi_guanzhong,1994-02-23,0.319,0.323,0.34,0.384
shaanxi_guanzhong,1994-02-24,0.319,0.323,0.34,0.384
shaanxi_guanzhong,1994-02-25,0.32,0.324,0.339,0.384
shaanxi_guanzhong,1994-02-26,0.33,0.324,0.339,0.383
shaanxi_guanzhong,1994-02-27,0.357,0.328,0.339,0.383
shaanxi_guanzhong,1994-02-28,0.375,0.341,0.338,0.383
shaanxi_guanzhong,1994-03-01,0.386,0.356,0.338,0.383
shaanxi_guanzhong,1994-03-02,0.39,0.37,0.339,0.383
shaanxi_guanzhong,1994-03-03,0.39,0.375,0.34,0.382
shaanxi_guanzhong,1994-03-04,0.382,0.375,0.341,0.382
shaanxi_guanzhong,1994-03-05,0.381,0.372,0.342,0.382
shaanxi_guanzhong,1994-03-06,0.391,0.377,0.343,0.382
shaanxi_guanzhong,1994-03-07,0.374,0.374,0.344,0.382
shaanxi_guanzhong,1994-03-08,0.373,0.37,0.345,0.381
shaanxi_guanzhong,1994-03-09,0.386,0.372,0.345,0.381
shaanxi_guanzhong,1994-03-10,0.4,0.383,0.346,0.381
shaanxi_guanzhong,1994-03-11,0.402,0.393,0.349,0.381
shaanxi_guanzhong,1994-03-12,0.406,0.396,0.352,0.381
shaanxi_guanzhong,1994-03-13,0.404,0.4,0.356,0.381
shaanxi_guanzhong,1994-03-14,0.397,0.394,0.358,0.381
shaanxi_guanzhong,1994-03-15,0.394,0.39,0.36,0.381
shaanxi_guanzhong,1994-03-16,0.388,0.387,0.361,0.38
shaanxi_guanzhong,1994-03-17,0.381,0.382,0.361,0.38
shaanxi_guanzhong,1994-03-18,0.371,0.376,0.361,0.38
shaanxi_guanzhong,1994-03-19,0.361,0.368,0.361,0.38
shaanxi_guanzhong,1994-03-20,0.369,0.365,0.36,0.38
shaanxi_guanzhong,1994-03-21,0.368,0.367,0.36,0.38
shaanxi_guanzhong,1994-03-22,0.36,0.362,0.359,0.38
shaanxi_guanzhong,1994-03-23,0.351,0.357,0.358,0.38
shaanxi_guanzhong,1994-03-24,0.34,0.35,0.356,0.38
shaanxi_guanzhong,1994-03-25,0.333,0.344,0.355,0.379
shaanxi_guanzhong,1994-03-26,0.327,0.339,0.353,0.379
shaanxi_guanzhong,1994-03-27,0.326,0.335,0.352,0.379
shaanxi_guanzhong,1994-03-28,0.324,0.332,0.351,0.379
shaanxi_guanzhong,1994-03-29,0.316,0.328,0.349,0.379
shaanxi_guanzhong,1994-03-30,0.31,0.323,0.348,0.379
shaanxi_guanzhong,1994-03-31,0.305,0.319,0.346,0.379
shaanxi_guanzhong,1994-04-01,0.3,0.314,0.344,0.378
shaanxi_guanzhong,1994-04-02,0.292,0.309,0.342,0.378
shaanxi_guanzhong,1994-04-03,0.287,0.305,0.34,0.378
shaanxi_guanzhong,1994-04-04,0.28,0.3,0.338,0.378
shaanxi_guanzhong,1994-04-05,0.272,0.295,0.336,0.377
shaanxi_guanzhong,1994-04-06,0.264,0.289,0.334,0.377
shaanxi_guanzhong,1994-04-07,0.263,0.285,0.332,0.377
shaanxi_guanzhong,1994-04-08,0.343,0.289,0.331,0.377
shaanxi_guanzhong,1994-04-09,0.394,0.32,0.33,0.377
shaanxi_guanzhong,1994-04-10,0.381,0.35,0.33,0.376
shaanxi_guanzhong,1994-04-11,0.402,0.368,0.331,0.376
shaanxi_guanzhong,1994-04-12,0.377,0.375,0.332,0.376
shaanxi_guanzhong,1994-04-13,0.359,0.365,0.332,0.376
shaanxi_guanzhong,1994-04-14,0.346,0.355,0.332,0.376
shaanxi_guanzhong,1994-04-15,0.335,0.347,0.331,0.375
shaanxi_guanzhong,1994-04-16,0.328,0.339,0.33,0.375
shaanxi_guanzhong,1994-04-17,0.333,0.334,0.33,0.375
shaanxi_guanzhong,1994-04-18,0.389,0.344,0.329,0.375
shaanxi_guanzhong,1994-04-19,0.424,0.403,0.333,0.375
shaanxi_guanzhong,1994-04-20,0.404,0.404,0.342,0.374
shaanxi_guanzhong,1994-04-21,0.386,0.391,0.345,0.374
shaanxi_guanzhong,1994-04-22,0.374,0.38,0.346,0.374
shaanxi_guanzhong,1994-04-23,0.373,0.373,0.346,0.374
shaanxi_guanzhong,1994-04-24,0.382,0.372,0.347,0.374
shaanxi_guanzhong,1994-04-25,0.382,0.376,0.348,0.374
shaanxi_guanzhong,1994-04-26,0.381,0.374,0.348,0.374
shaanxi_guanzhong,1994-04-27,0.369,0.371,0.348,0.374
shaanxi_guanzhong,1994-04-28,0.352,0.361,0.347,0.373
shaanxi_guanzhong,1994-04-29,0.338,0.351,0.346,0.373
shaanxi_guanzhong,1994-04-30,0.324,0.341,0.344,0.373
shaanxi_guanzhong,1994-05-01,0.314,0.331,0.342,0.373
shaanxi_guanzhong,1994-05-02,0.316,0.324,0.34,0.373
shaanxi_guanzhong,1994-05-03,0.315,0.319,0.338,0.373
shaanxi_guanzhong,1994-05-04,0.297,0.311,0.336,0.372
shaanxi_guanzhong,1994-05-05,0.284,0.304,0.334,0.372
shaanxi_guanzhong,1994-05-06,0.272,0.297,0.331,0.372
shaanxi_guanzhong,1994-05-07,0.261,0.289,0.329,0.372
shaanxi_guanzhong,1994-05-08,0.25,0.281,0.326,0.371
shaanxi_guanzhong,1994-05-09,0.242,0.275,0.324,0.371
shaanxi_guanzhong,1994-05-10,0.234,0.269,0.321,0.371
shaanxi_guanzhong,1994-05-11,0.223,0.261,0.318,0.371
shaanxi_guanzhong,1994-05-12,0.217,0.256,0.316,0.37
shaanxi_guanzhong,1994-05-13,0.214,0.252,0.314,0.37
shaanxi_guanzhong,1994-05-14,0.204,0.245,0.311,0.37
shaanxi_guanzhong,1994-05-15,0.196,0.24,0.308,0.369
shaanxi_guanzhong,1994-05-16,0.191,0.235,0.305,0.369
shaanxi_guanzhong,1994-05-17,0.186,0.231,0.303,0.369
shaanxi_guanzhong,1994-05-18,0.18,0.226,0.3,0.368
shaanxi_guanzhong,1994-05-19,0.176,0.222,0.298,0.368
shaanxi_guanzhong,1994-05-20,0.173,0.219,0.296,0.368
shaanxi_guanzhong,1994-05-21,0.167,0.214,0.293,0.367
shaanxi_guanzhong,1994-05-22,0.163,0.21,0.29,0.367
shaanxi_guanzhong,1994-05-23,0.159,0.206,0.287,0.366
shaanxi_guanzhong,1994-05-24,0.156,0.203,0.285,0.366
shaanxi_guanzhong,1994-05-25,0.156,0.2,0.283,0.365
shaanxi_guanzhong,1994-05-26,0.155,0.198,0.281,0.365
shaanxi_guanzhong,1994-05-27,0.151,0.194,0.278,0.365
shaanxi_guanzhong,1994-05-28,0.148,0.19,0.275,0.364
shaanxi_guanzhong,1994-05-29,0.145,0.187,0.272,0.364
shaanxi_guanzhong,1994-05-30,0.145,0.184,0.27,0.363
shaanxi_guanzhong,1994-05-31,0.146,0.182,0.268,0.363
shaanxi_guanzhong,1994-06-01,0.143,0.179,0.265,0.362
shaanxi_guanzhong,1994-06-02,0.142,0.177,0.262,0.362
shaanxi_guanzhong,1994-06-03,0.159,0.176,0.261,0.361
shaanxi_guanzhong,1994-06-04,0.273,0.179,0.261,0.361
shaanxi_guanzhong,1994-06-05,0.265,0.183,0.26,0.361
shaanxi_guanzhong,1994-06-06,0.355,0.202,0.26,0.36
shaanxi_guanzhong,1994-06-07,0.408,0.313,0.26,0.36
shaanxi_guanzhong,1994-06-08,0.363,0.347,0.263,0.36
shaanxi_guanzhong,1994-06-09,0.335,0.334,0.263,0.359
shaanxi_guanzhong,1994-06-10,0.318,0.324,0.264,0.359
shaanxi_guanzhong,1994-06-11,0.31,0.316,0.264,0.359
shaanxi_guanzhong,1994-06-12,0.299,0.309,0.264,0.358
shaanxi_guanzhong,1994-06-13,0.286,0.299,0.264,0.358
shaanxi_guanzhong,1994-06-14,0.312,0.295,0.264,0.358
shaanxi_guanzhong,1994-06-15,0.354,0.303,0.264,0.357
shaanxi_guanzhong,1994-06-16,0.37,0.32,0.265,0.357
shaanxi_guanzhong,1994-06-17,0.338,0.321,0.265,0.357
shaanxi_guanzhong,1994-06-18,0.315,0.313,0.265,0.357
shaanxi_guanzhong,1994-06-19,0.299,0.305,0.265,0.356
shaanxi_guanzhong,1994-06-20,0.295,0.299,0.265,0.356
shaanxi_guanzhong,1994-06-21,0.289,0.294,0.265,0.356
shaanxi_guanzhong,1994-06-22,0.27,0.285,0.264,0.355
shaanxi_guanzhong,1994-06-23,0.255,0.276,0.263,0.355
shaanxi_guanzhong,1994-06-24,0.344,0.333,0.267,0.355
shaanxi_guanzhong,1994-06-25,0.397,0.4,0.29,0.355
shaanxi_guanzhong,1994-06-26,0.368,0.376,0.294,0.354
shaanxi_guanzhong,1994-06-27,0.349,0.359,0.295,0.354
shaanxi_guanzhong,1994-06-28,0.35,0.349,0.295,0.354
shaanxi_guanzhong,1994-06-29,0.416,0.388,0.299,0.354
shaanxi_guanzhong,1994-06-30,0.421,0.417,0.317,0.354
shaanxi_guanzhong,1994-07-01,0.392,0.397,0.326,0.354
shaanxi_guanzhong,1994-07-02,0.384,0.383,0.329,0.353
shaanxi_guanzhong,1994-07-03,0.382,0.38,0.33,0.353
shaanxi_guanzhong,1994-07-04,0.357,0.366,0.33,0.353
shaanxi_guanzhong,1994-07-05,0.339,0.353,0.329,0.353
shaanxi_guanzhong,1994-07-06,0.349,0.344,0.328,0.353
shaanxi_guanzhong,1994-07-07,0.408,0.375,0.329,0.353
shaanxi_guanzhong,1994-07-08,0.419,0.419,0.348,0.353
shaanxi_guanzhong,1994-07-09,0.399,0.401,0.356,0.353
shaanxi_guanzhong,1994-07-10,0.422,0.416,0.363,0.353
shaanxi_guanzhong,1994-07-11,0.408,0.408,0.369,0.354
shaanxi_guanzhong,1994-07-12,0.393,0.398,0.371,0.354
shaanxi_guanzhong,1994-07-13,0.371,0.383,0.369,0.354
shaanxi_guanzhong,1994-07-14,0.354,0.369,0.367,0.355
shaanxi_guanzhong,1994-07-15,0.343,0.358,0.364,0.355
shaanxi_guanzhong,1994-07-16,0.376,0.357,0.362,0.355
shaanxi_guanzhong,1994-07-17,0.364,0.358,0.36,0.355
shaanxi_guanzhong,1994-07-18,0.343,0.351,0.358,0.355
shaanxi_guanzhong,1994-07-19,0.328,0.341,0.356,0.355
shaanxi_guanzhong,1994-07-20,0.322,0.333,0.353,0.355
shaanxi_guanzhong,1994-07-21,0.316,0.327,0.351,0.355
shaanxi_guanzhong,1994-07-22,0.314,0.32,0.348,0.355
shaanxi_guanzhong,1994-07-23,0.363,0.33,0.346,0.355
shaanxi_guanzhong,1994-07-24,0.332,0.327,0.344,0.355
shaanxi_guanzhong,1994-07-25,0.318,0.32,0.342,0.355
shaanxi_guanzhong,1994-07-26,0.31,0.313,0.34,0.355
shaanxi_guanzhong,1994-07-27,0.295,0.306,0.337,0.355
shaanxi_guanzhong,1994-07-28,0.318,0.304,0.336,0.355
shaanxi_guanzhong,1994-07-29,0.306,0.301,0.334,0.355
shaanxi_guanzhong,1994-07-30,0.284,0.294,0.331,0.354
shaanxi_guanzhong,1994-07-31,0.266,0.286,0.328,0.354
shaanxi_guanzhong,1994-08-01,0.251,0.277,0.325,0.354
shaanxi_guanzhong,1994-08-02,0.239,0.27,0.322,0.354
shaanxi_guanzhong,1994-08-03,0.227,0.262,0.319,0.354
shaanxi_guanzhong,1994-08-04,0.215,0.254,0.316,0.353
shaanxi_guanzhong,1994-08-05,0.219,0.247,0.312,0.353
shaanxi_guanzhong,1994-08-06,0.346,0.258,0.31,0.353
shaanxi_guanzhong,1994-08-07,0.313,0.267,0.308,0.353
shaanxi_guanzhong,1994-08-08,0.284,0.264,0.306,0.353
shaanxi_guanzhong,1994-08-09,0.263,0.259,0.304,0.352
shaanxi_guanzhong,1994-08-10,0.245,0.253,0.301,0.352
shaanxi_guanzhong,1994-08-11,0.24,0.247,0.299,0.352
shaanxi_guanzhong,1994-08-12,0.248,0.243,0.297,0.352
shaanxi_guanzhong,1994-08-13,0.28,0.243,0.295,0.351
shaanxi_guanzhong,1994-08-14,0.253,0.239,0.293,0.351
shaanxi_guanzhong,1994-08-15,0.232,0.234,0.29,0.351
shaanxi_guanzhong,1994-08-16,0.215,0.228,0.287,0.35
shaanxi_guanzhong,1994-08-17,0.201,0.222,0.285,0.35
shaanxi_guanzhong,1994-08-18,0.189,0.217,0.282,0.35
shaanxi_guanzhong,1994-08-19,0.181,0.212,0.279,0.349
shaanxi_guanzhong,1994-08-20,0.176,0.209,0.277,0.349
shaanxi_guanzhong,1994-08-21,0.174,0.206,0.276,0.349
shaanxi_guanzhong,1994-08-22,0.17,0.204,0.274,0.349
shaanxi_guanzhong,1994-08-23,0.165,0.2,0.271,0.348
shaanxi_guanzhong,1994-08-24,0.159,0.196,0.269,0.348
shaanxi_guanzhong,1994-08-25,0.16,0.194,0.267,0.348
shaanxi_guanzhong,1994-08-26,0.232,0.194,0.266,0.347
shaanxi_guanzhong,1994-08-27,0.244,0.195,0.265,0.347
shaanxi_guanzhong,1994-08-28,0.231,0.195,0.264,0.347
shaanxi_guanzhong,1994-08-29,0.22,0.195,0.262,0.346
shaanxi_guanzhong,1994-08-30,0.209,0.193,0.261,0.346
shaanxi_guanzhong,1994-08-31,0.206,0.192,0.26,0.346
shaanxi_guanzhong,1994-09-01,0.213,0.191,0.258,0.346
shaanxi_guanzhong,1994-09-02,0.213,0.19,0.257,0.345
shaanxi_guanzhong,1994-09-03,0.201,0.189,0.256,0.345
shaanxi_guanzhong,1994-09-04,0.259,0.189,0.255,0.345
shaanxi_guanzhong,1994-09-05,0.247,0.19,0.253,0.344
shaanxi_guanzhong,1994-09-06,0.225,0.189,0.252,0.344
shaanxi_guanzhong,1994-09-07,0.209,0.187,0.25,0.344
shaanxi_guanzhong,1994-09-08,0.198,0.186,0.249,0.343
shaanxi_guanzhong,1994-09-09,0.271,0.187,0.248,0.343
shaanxi_guanzhong,1994-09-10,0.374,0.224,0.248,0.343
shaanxi_guanzhong,1994-09-11,0.333,0.265,0.249,0.343
shaanxi_guanzhong,1994-09-12,0.301,0.266,0.248,0.342
shaanxi_guanzhong,1994-09-13,0.283,0.264,0.248,0.342
shaanxi_guanzhong,1994-09-14,0.287,0.262,0.248,0.342
shaanxi_guanzhong,1994-09-15,0.4,0.297,0.248,0.342
shaanxi_guanzhong,1994-09-16,0.4,0.355,0.25,0.342
shaanxi_guanzhong,1994-09-17,0.368,0.357,0.253,0.341
shaanxi_guanzhong,1994-09-18,0.347,0.346,0.255,0.341
shaanxi_guanzhong,1994-09-19,0.337,0.338,0.257,0.341
shaanxi_guanzhong,1994-09-20,0.335,0.332,0.258,0.341
shaanxi_guanzhong,1994-09-21,0.342,0.331,0.259,0.341
shaanxi_guanzhong,1994-09-22,0.332,0.327,0.26,0.34
shaanxi_guanzhong,1994-09-23,0.322,0.322,0.26,0.34
shaanxi_guanzhong,1994-09-24,0.365,0.324,0.261,0.34
shaanxi_guanzhong,1994-09-25,0.379,0.341,0.262,0.34
shaanxi_guanzhong,1994-09-26,0.349,0.34,0.263,0.34
shaanxi_guanzhong,1994-09-27,0.33,0.331,0.264,0.34
shaanxi_guanzhong,1994-09-28,0.316,0.323,0.264,0.339
shaanxi_guanzhong,1994-09-29,0.303,0.314,0.264,0.339
shaanxi_guanzhong,1994-09-30,0.293,0.306,0.264,0.339
shaanxi_guanzhong,1994-10-01,0.288,0.3,0.263,0.339
shaanxi_guanzhong,1994-10-02,0.278,0.293,0.263,0.339
shaanxi_guanzhong,1994-10-03,0.269,0.287,0.263,0.338
shaanxi_guanzhong,1994-10-04,0.261,0.281,0.262,0.338
shaanxi_guanzhong,1994-10-05,0.255,0.276,0.262,0.338
shaanxi_guanzhong,1994-10-06,0.265,0.272,0.261,0.338
shaanxi_guanzhong,1994-10-07,0.347,0.283,0.261,0.338
shaanxi_guanzhong,1994-10-08,0.325,0.288,0.261,0.337
shaanxi_guanzhong,1994-10-09,0.314,0.29,0.261,0.337
shaanxi_guanzhong,1994-10-10,0.357,0.297,0.261,0.337
shaanxi_guanzhong,1994-10-11,0.369,0.32,0.262,0.337
shaanxi_guanzhong,1994-10-12,0.344,0.323,0.263,0.337
shaanxi_guanzhong,1994-10-13,0.339,0.322,0.264,0.337
shaanxi_guanzhong,1994-10-14,0.368,0.325,0.264,0.337
shaanxi_guanzhong,1994-10-15,0.424,0.383,0.268,0.336
shaanxi_guanzhong,1994-10-16,0.428,0.418,0.284,0.336
shaanxi_guanzhong,1994-10-17,0.428,0.419,0.302,0.336
shaanxi_guanzhong,1994-10-18,0.414,0.412,0.319,0.336
shaanxi_guanzhong,1994-10-19,0.389,0.393,0.326,0.336
shaanxi_guanzhong,1994-10-20,0.374,0.38,0.328,0.336
shaanxi_guanzhong,1994-10-21,0.364,0.371,0.329,0.336
shaanxi_guanzhong,1994-10-22,0.356,0.363,0.329,0.336
shaanxi_guanzhong,1994-10-23,0.348,0.356,0.329,0.336
shaanxi_guanzhong,1994-10-24,0.342,0.351,0.329,0.336
shaanxi_guanzhong,1994-10-25,0.336,0.345,0.329,0.336
shaanxi_guanzhong,1994-10-26,0.332,0.341,0.329,0.336
shaanxi_guanzhong,1994-10-27,0.376,0.346,0.328,0.336
shaanxi_guanzhong,1994-10-28,0.378,0.363,0.329,0.336
shaanxi_guanzhong,1994-10-29,0.361,0.36,0.329,0.336
shaanxi_guanzhong,1994-10-30,0.352,0.355,0.329,0.336
shaanxi_guanzhong,1994-10-31,0.345,0.35,0.329,0.336
shaanxi_guanzhong,1994-11-01,0.339,0.346,0.329,0.336
shaanxi_guanzhong,1994-11-02,0.334,0.342,0.329,0.336
shaanxi_guanzhong,1994-11-03,0.336,0.338,0.329,0.336
shaanxi_guanzhong,1994-11-04,0.359,0.34,0.328,0.336
shaanxi_guanzhong,1994-11-05,0.344,0.34,0.328,0.336
shaanxi_guanzhong,1994-11-06,0.335,0.337,0.328,0.336
shaanxi_guanzhong,1994-11-07,0.328,0.333,0.327,0.336
shaanxi_guanzhong,1994-11-08,0.323,0.33,0.327,0.336
shaanxi_guanzhong,1994-11-09,0.319,0.327,0.326,0.336
shaanxi_guanzhong,1994-11-10,0.314,0.323,0.325,0.336
shaanxi_guanzhong,1994-11-11,0.311,0.32,0.325,0.336
shaanxi_guanzhong,1994-11-12,0.321,0.318,0.324,0.336
shaanxi_guanzhong,1994-11-13,0.423,0.384,0.326,0.336
shaanxi_guanzhong,1994-11-14,0.426,0.423,0.344,0.336
shaanxi_guanzhong,1994-11-15,0.406,0.408,0.356,0.336
shaanxi_guanzhong,1994-11-16,0.401,0.4,0.359,0.336
shaanxi_guanzhong,1994-11-17,0.406,0.4,0.362,0.337
shaanxi_guanzhong,1994-11-18,0.411,0.406,0.365,0.337
shaanxi_guanzhong,1994-11-19,0.414,0.413,0.37,0.337
shaanxi_guanzhong,1994-11-20,0.416,0.415,0.376,0.338
shaanxi_guanzhong,1994-11-21,0.415,0.413,0.381,0.338
shaanxi_guanzhong,1994-11-22,0.409,0.409,0.383,0.339
shaanxi_guanzhong,1994-11-23,0.403,0.404,0.385,0.34
shaanxi_guanzhong,1994-11-24,0.396,0.399,0.385,0.34
shaanxi_guanzhong,1994-11-25,0.392,0.395,0.385,0.341
shaanxi_guanzhong,1994-11-26,0.387,0.391,0.384,0.342
shaanxi_guanzhong,1994-11-27,0.39,0.389,0.384,0.342
shaanxi_guanzhong,1994-11-28,0.391,0.39,0.383,0.343
shaanxi_guanzhong,1994-11-29,0.401,0.392,0.383,0.343
shaanxi_guanzhong,1994-11-30,0.398,0.399,0.384,0.344
shaanxi_guanzhong,1994-12-01,0.388,0.393,0.384,0.344
shaanxi_guanzhong,1994-12-02,0.381,0.388,0.384,0.345
shaanxi_guanzhong,1994-12-03,0.376,0.383,0.383,0.345
shaanxi_guanzhong,1994-12-04,0.372,0.379,0.382,0.346
shaanxi_guanzhong,1994-12-05,0.368,0.376,0.381,0.346
shaanxi_guanzhong,1994-12-06,0.365,0.372,0.38,0.346
shaanxi_guanzhong,1994-12-07,0.361,0.369,0.379,0.347
shaanxi_guanzhong,1994-12-08,0.369,0.368,0.378,0.347
shaanxi_guanzhong,1994-12-09,0.374,0.369,0.377,0.347
shaanxi_guanzhong,1994-12-10,0.411,0.392,0.377,0.348
shaanxi_guanzhong,1994-12-11,0.397,0.397,0.379,0.348
shaanxi_guanzhong,1994-12-12,0.389,0.392,0.38,0.348
shaanxi_guanzhong,1994-12-13,0.382,0.388,0.38,0.349
shaanxi_guanzhong,1994-12-14,0.377,0.383,0.38,0.349
shaanxi_guanzhong,1994-12-15,0.373,0.38,0.379,0.349
shaanxi_guanzhong,1994-12-16,0.373,0.377,0.378,0.35
shaanxi_guanzhong,1994-12-17,0.376,0.376,0.378,0.35
shaanxi_guanzhong,1994-12-18,0.379,0.376,0.378,0.35
shaanxi_guanzhong,1994-12-19,0.387,0.38,0.377,0.351
shaanxi_guanzhong,1994-12-20,0.382,0.381,0.377,0.351
shaanxi_guanzhong,1994-12-21,0.377,0.38,0.377,0.351
shaanxi_guanzhong,1994-12-22,0.376,0.378,0.377,0.351
shaanxi_guanzhong,1994-12-23,0.376,0.377,0.376,0.352
shaanxi_guanzhong,1994-12-24,0.374,0.376,0.376,0.352
shaanxi_guanzhong,1994-12-25,0.371,0.375,0.375,0.352
shaanxi_guanzhong,1994-12-26,0.371,0.373,0.375,0.352
shaanxi_guanzhong,1994-12-27,0.371,0.372,0.375,0.352
shaanxi_guanzhong,1994-12-28,0.37,0.371,0.374,0.353
shaanxi_guanzhong,1994-12-29,0.37,0.37,0.374,0.353
shaanxi_guanzhong,1994-12-30,0.374,0.371,0.373,0.353
shaanxi_guanzhong,1994-12-31,0.368,0.37,0.373,0.353
shaanxi_guanzhong,1995-01-01,0.366,0.369,0.373,0.353
shaanxi_guanzhong,1995-01-02,0.368,0.368,0.372,0.354
shaanxi_guanzhong,1995-01-03,0.369,0.369,0.372,0.354
shaanxi_guanzhong,1995-01-04,0.37,0.369,0.372,0.354
shaanxi_guanzhong,1995-01-05,0.374,0.37,0.371,0.354
shaanxi_guanzhong,1995-01-06,0.379,0.372,0.371,0.354
shaanxi_guanzhong,1995-01-07,0.38,0.374,0.371,0.354
shaanxi_guanzhong,1995-01-08,0.379,0.375,0.371,0.354
shaanxi_guanzhong,1995-01-09,0.374,0.375,0.371,0.355
shaanxi_guanzhong,1995-01-10,0.37,0.374,0.371,0.355
shaanxi_guanzhong,1995-01-11,0.371,0.372,0.371,0.355
shaanxi_guanzhong,1995-01-12,0.373,0.372,0.371,0.355
shaanxi_guanzhong,1995-01-13,0.371,0.372,0.371,0.355
shaanxi_guanzhong,1995-01-14,0.369,0.371,0.371,0.355
shaanxi_guanzhong,1995-01-15,0.372,0.371,0.37,0.355
shaanxi_guanzhong,1995-01-16,0.373,0.371,0.37,0.355
shaanxi_guanzhong,1995-01-17,0.371,0.371,0.37,0.356
shaanxi_guanzhong,1995-01-18,0.371,0.37,0.37,0.356
shaanxi_guanzhong,1995-01-19,0.367,0.369,0.37,0.356
shaanxi_guanzhong,1995-01-20,0.365,0.368,0.369,0.356
shaanxi_guanzhong,1995-01-21,0.369,0.367,0.369,0.356
shaanxi_guanzhong,1995-01-22,0.364,0.367,0.369,0.356
shaanxi_guanzhong,1995-01-23,0.362,0.365,0.368,0.356
shaanxi_guanzhong,1995-01-24,0.361,0.364,0.368,0.356
shaanxi_guanzhong,1995-01-25,0.36,0.363,0.368,0.356
shaanxi_guanzhong,1995-01-26,0.358,0.362,0.367,0.356
shaanxi_guanzhong,1995-01-27,0.356,0.361,0.367,0.357
shaanxi_guanzhong,1995-01-28,0.355,0.359,0.367,0.357
shaanxi_guanzhong,1995-01-29,0.353,0.358,0.366,0.357
shaanxi_guanzhong,1995-01-30,0.352,0.356,0.366,0.357
shaanxi_guanzhong,1995-01-31,0.35,0.355,0.365,0.357
shaanxi_guanzhong,1995-02-01,0.348,0.354,0.365,0.357
shaanxi_guanzhong,1995-02-02,0.347,0.353,0.364,0.357
shaanxi_guanzhong,1995-02-03,0.348,0.351,0.364,0.357
shaanxi_guanzhong,1995-02-04,0.35,0.351,0.363,0.357
shaanxi_guanzhong,1995-02-05,0.351,0.351,0.363,0.357
shaanxi_guanzhong,1995-02-06,0.352,0.351,0.363,0.357
shaanxi_guanzhong,1995-02-07,0.35,0.351,0.362,0.357
shaanxi_guanzhong,1995-02-08,0.347,0.35,0.362,0.357
shaanxi_guanzhong,1995-02-09,0.344,0.349,0.361,0.357
shaanxi_guanzhong,1995-02-10,0.344,0.348,0.361,0.357
shaanxi_guanzhong,1995-02-11,0.342,0.346,0.36,0.357
shaanxi_guanzhong,1995-02-12,0.339,0.344,0.359,0.357
shaanxi_guanzhong,1995-02-13,0.335,0.342,0.359,0.357
shaanxi_guanzhong,1995-02-14,0.332,0.34,0.358,0.357
shaanxi_guanzhong,1995-02-15,0.329,0.338,0.357,0.357
shaanxi_guanzhong,1995-02-16,0.326,0.335,0.356,0.357
shaanxi_guanzhong,1995-02-17,0.344,0.335,0.355,0.357
shaanxi_guanzhong,1995-02-18,0.354,0.34,0.355,0.357
shaanxi_guanzhong,1995-02-19,0.345,0.341,0.354,0.357
shaanxi_guanzhong,1995-02-20,0.339,0.34,0.354,0.357
shaanxi_guanzhong,1995-02-21,0.337,0.339,0.353,0.357
shaanxi_guanzhong,1995-02-22,0.338,0.339,0.353,0.357
shaanxi_guanzhong,1995-02-23,0.333,0.337,0.352,0.357
shaanxi_guanzhong,1995-02-24,0.329,0.334,0.351,0.357
shaanxi_guanzhong,1995-02-25,0.324,0.332,0.351,0.357
shaanxi_guanzhong,1995-02-26,0.32,0.329,0.35,0.357
shaanxi_guanzhong,1995-02-27,0.315,0.326,0.349,0.357
shaanxi_guanzhong,1995-02-28,0.311,0.323,0.348,0.357
shaanxi_guanzhong,1995-03-01,0.308,0.32,0.347,0.357
shaanxi_guanzhong,1995-03-02,0.304,0.317,0.346,0.356
shaanxi_guanzhong,1995-03-03,0.299,0.314,0.344,0.356
shaanxi_guanzhong,1995-03-04,0.296,0.311,0.343,0.356
shaanxi_guanzhong,1995-03-05,0.292,0.308,0.342,0.356
shaanxi_guanzhong,1995-03-06,0.288,0.305,0.341,0.356
shaanxi_guanzhong,1995-03-07,0.284,0.302,0.339,0.356
shaanxi_guanzhong,1995-03-08,0.327,0.303,0.338,0.356
shaanxi_guanzhong,1995-03-09,0.357,0.322,0.338,0.356
shaanxi_guanzhong,1995-03-10,0.335,0.323,0.337,0.356
shaanxi_guanzhong,1995-03-11,0.322,0.321,0.336,0.356
shaanxi_guanzhong,1995-03-12,0.313,0.318,0.335,0.356
shaanxi_guanzhong,1995-03-13,0.307,0.315,0.334,0.355
shaanxi_guanzhong,1995-03-14,0.309,0.312,0.333,0.355
shaanxi_guanzhong,1995-03-15,0.337,0.314,0.332,0.355
shaanxi_guanzhong,1995-03-16,0.323,0.314,0.332,0.355
shaanxi_guanzhong,1995-03-17,0.313,0.313,0.331,0.355
shaanxi_guanzhong,1995-03-18,0.305,0.309,0.33,0.355
shaanxi_guanzhong,1995-03-19,0.297,0.305,0.329,0.355
shaanxi_guanzhong,1995-03-20,0.29,0.301,0.327,0.355
shaanxi_guanzhong,1995-03-21,0.281,0.296,0.326,0.355
shaanxi_guanzhong,1995-03-22,0.274,0.292,0.324,0.354
shaanxi_guanzhong,1995-03-23,0.272,0.289,0.323,0.354
shaanxi_guanzhong,1995-03-24,0.292,0.287,0.322,0.354
shaanxi_guanzhong,1995-03-25,0.289,0.286,0.321,0.354
shaanxi_guanzhong,1995-03-26,0.278,0.283,0.32,0.354
shaanxi_guanzhong,1995-03-27,0.269,0.279,0.318,0.354
shaanxi_guanzhong,1995-03-28,0.308,0.279,0.317,0.354
shaanxi_guanzhong,1995-03-29,0.315,0.284,0.317,0.353
shaanxi_guanzhong,1995-03-30,0.3,0.284,0.316,0.353
shaanxi_guanzhong,1995-03-31,0.288,0.282,0.315,0.353
shaanxi_guanzhong,1995-04-01,0.279,0.28,0.314,0.353
shaanxi_guanzhong,1995-04-02,0.271,0.278,0.312,0.353
shaanxi_guanzhong,1995-04-03,0.263,0.275,0.311,0.353
shaanxi_guanzhong,1995-04-04,0.262,0.272,0.31,0.352
shaanxi_guanzhong,1995-04-05,0.256,0.269,0.309,0.352
shaanxi_guanzhong,1995-04-06,0.248,0.265,0.307,0.352
shaanxi_guanzhong,1995-04-07,0.238,0.26,0.306,0.352
shaanxi_guanzhong,1995-04-08,0.231,0.256,0.304,0.352
shaanxi_guanzhong,1995-04-09,0.223,0.251,0.302,0.351
shaanxi_guanzhong,1995-04-10,0.217,0.247,0.301,0.351
shaanxi_guanzhong,1995-04-11,0.21,0.243,0.299,0.351
shaanxi_guanzhong,1995-04-12,0.204,0.238,0.297,0.351
shaanxi_guanzhong,1995-04-13,0.2,0.235,0.295,0.351
shaanxi_guanzhong,1995-04-14,0.195,0.232,0.294,0.35
shaanxi_guanzhong,1995-04-15,0.192,0.229,0.292,0.35
shaanxi_guanzhong,1995-04-16,0.189,0.226,0.29,0.35
shaanxi_guanzhong,1995-04-17,0.188,0.223,0.289,0.35
shaanxi_guanzhong,1995-04-18,0.189,0.221,0.288,0.349
shaanxi_guanzhong,1995-04-19,0.184,0.218,0.286,0.349
shaanxi_guanzhong,1995-04-20,0.181,0.216,0.284,0.349
shaanxi_guanzhong,1995-04-21,0.187,0.214,0.284,0.349
shaanxi_guanzhong,1995-04-22,0.363,0.236,0.283,0.348
shaanxi_guanzhong,1995-04-23,0.323,0.259,0.282,0.348
shaanxi_guanzhong,1995-04-24,0.295,0.26,0.281,0.348
shaanxi_guanzhong,1995-04-25,0.274,0.256,0.28,0.348
shaanxi_guanzhong,1995-04-26,0.263,0.254,0.279,0.347
shaanxi_guanzhong,1995-04-27,0.256,0.251,0.278,0.347
shaanxi_guanzhong,1995-04-28,0.242,0.246,0.277,0.347
shaanxi_guanzhong,1995-04-29,0.232,0.242,0.276,0.347
shaanxi_guanzhong,1995-04-30,0.221,0.237,0.274,0.346
shaanxi_guanzhong,1995-05-01,0.239,0.233,0.273,0.346
shaanxi_guanzhong,1995-05-02,0.31,0.239,0.272,0.346
shaanxi_guanzhong,1995-05-03,0.288,0.242,0.271,0.346
shaanxi_guanzhong,1995-05-04,0.277,0.241,0.27,0.345
shaanxi_guanzhong,1995-05-05,0.256,0.238,0.269,0.345
shaanxi_guanzhong,1995-05-06,0.238,0.233,0.267,0.345
shaanxi_guanzhong,1995-05-07,0.222,0.228,0.265,0.345
shaanxi_guanzhong,1995-05-08,0.211,0.223,0.264,0.344
shaanxi_guanzhong,1995-05-09,0.208,0.219,0.263,0.344
shaanxi_guanzhong,1995-05-10,0.2,0.215,0.261,0.344
shaanxi_guanzhong,1995-05-11,0.19,0.211,0.26,0.343
shaanxi_guanzhong,1995-05-12,0.184,0.207,0.258,0.343
shaanxi_guanzhong,1995-05-13,0.18,0.204,0.257,0.343
shaanxi_guanzhong,1995-05-14,0.172,0.2,0.255,0.342
shaanxi_guanzhong,1995-05-15,0.165,0.196,0.253,0.342
shaanxi_guanzhong,1995-05-16,0.159,0.191,0.251,0.342
shaanxi_guanzhong,1995-05-17,0.154,0.187,0.249,0.341
shaanxi_guanzhong,1995-05-18,0.151,0.184,0.247,0.341
shaanxi_guanzhong,1995-05-19,0.242,0.184,0.247,0.341
shaanxi_guanzhong,1995-05-20,0.29,0.188,0.247,0.34
shaanxi_guanzhong,1995-05-21,0.305,0.201,0.246,0.34
shaanxi_guanzhong,1995-05-22,0.265,0.202,0.245,0.34
shaanxi_guanzhong,1995-05-23,0.244,0.201,0.244,0.34
shaanxi_guanzhong,1995-05-24,0.229,0.199,0.243,0.339
shaanxi_guanzhong,1995-05-25,0.215,0.196,0.242,0.339
shaanxi_guanzhong,1995-05-26,0.204,0.195,0.241,0.339
shaanxi_guanzhong,1995-05-27,0.286,0.198,0.24,0.338
shaanxi_guanzhong,1995-05-28,0.311,0.217,0.24,0.338
shaanxi_guanzhong,1995-05-29,0.277,0.218,0.239,0.338
shaanxi_guanzhong,1995-05-30,0.277,0.218,0.238,0.338
shaanxi_guanzhong,1995-05-31,0.261,0.217,0.238,0.337
shaanxi_guanzhong,1995-06-01,0.238,0.214,0.236,0.337
shaanxi_guanzhong,1995-06-02,0.311,0.217,0.236,0.337
shaanxi_guanzhong,1995-06-03,0.296,0.226,0.235,0.336
shaanxi_guanzhong,1995-06-04,0.262,0.224,0.234,0.336
shaanxi_guanzhong,1995-06-05,0.323,0.232,0.233,0.336
shaanxi_guanzhong,1995-06-06,0.408,0.379,0.237,0.336
shaanxi_guanzhong,1995-06-07,0.37,0.371,0.242,0.335
shaanxi_guanzhong,1995-06-08,0.341,0.35,0.244,0.335
shaanxi_guanzhong,1995-06-09,0.319,0.333,0.245,0.335
shaanxi_guanzhong,1995-06-10,0.297,0.317,0.245,0.335
shaanxi_guanzhong,1995-06-11,0.278,0.303,0.245,0.334
shaanxi_guanzhong,1995-06-12,0.261,0.29,0.244,0.334
shaanxi_guanzhong,1995-06-13,0.26,0.282,0.243,0.334
shaanxi_guanzhong,1995-06-14,0.301,0.281,0.244,0.334
shaanxi_guanzhong,1995-06-15,0.291,0.279,0.244,0.333
shaanxi_guanzhong,1995-06-16,0.27,0.272,0.243,0.333
shaanxi_guanzhong,1995-06-17,0.251,0.264,0.242,0.333
shaanxi_guanzhong,1995-06-18,0.232,0.255,0.241,0.332
shaanxi_guanzhong,1995-06-19,0.217,0.246,0.24,0.332
shaanxi_guanzhong,1995-06-20,0.223,0.239,0.238,0.332
shaanxi_guanzhong,1995-06-21,0.214,0.233,0.237,0.332
shaanxi_guanzhong,1995-06-22,0.203,0.226,0.236,0.331
shaanxi_guanzhong,1995-06-23,0.192,0.22,0.235,0.331
shaanxi_guanzhong,1995-06-24,0.182,0.214,0.234,0.331
shaanxi_guanzhong,1995-06-25,0.171,0.207,0.232,0.33
shaanxi_guanzhong,1995-06-26,0.162,0.2,0.23,0.33
shaanxi_guanzhong,1995-06-27,0.155,0.192,0.228,0.33
shaanxi_guanzhong,1995-06-28,0.15,0.187,0.226,0.329
shaanxi_guanzhong,1995-06-29,0.19,0.183,0.224,0.329
shaanxi_guanzhong,1995-06-30,0.188,0.18,0.223,0.328
shaanxi_guanzhong,1995-07-01,0.174,0.176,0.221,0.328
shaanxi_guanzhong,1995-07-02,0.163,0.172,0.219,0.328
shaanxi_guanzhong,1995-07-03,0.155,0.169,0.218,0.327
shaanxi_guanzhong,1995-07-04,0.149,0.166,0.216,0.327
shaanxi_guanzhong,1995-07-05,0.144,0.163,0.214,0.326
shaanxi_guanzhong,1995-07-06,0.141,0.161,0.212,0.326
shaanxi_guanzhong,1995-07-07,0.138,0.158,0.21,0.326
shaanxi_guanzhong,1995-07-08,0.136,0.156,0.208,0.325
shaanxi_guanzhong,1995-07-09,0.135,0.155,0.207,0.325
shaanxi_guanzhong,1995-07-10,0.135,0.153,0.206,0.324
shaanxi_guanzhong,1995-07-11,0.135,0.152,0.204,0.324
shaanxi_guanzhong,1995-07-12,0.133,0.151,0.202,0.323
shaanxi_guanzhong,1995-07-13,0.132,0.149,0.201,0.323
shaanxi_guanzhong,1995-07-14,0.156,0.149,0.2,0.323
shaanxi_guanzhong,1995-07-15,0.203,0.149,0.2,0.322
shaanxi_guanzhong,1995-07-16,0.23,0.151,0.2,0.322
shaanxi_guanzhong,1995-07-17,0.23,0.152,0.2,0.322
shaanxi_guanzhong,1995-07-18,0.311,0.18,0.199,0.322
shaanxi_guanzhong,1995-07-19,0.282,0.198,0.199,0.321
shaanxi_guanzhong,1995-07-20,0.249,0.197,0.198,0.321
shaanxi_guanzhong,1995-07-21,0.222,0.193,0.198,0.321
shaanxi_guanzhong,1995-07-22,0.251,0.191,0.197,0.32
shaanxi_guanzhong,1995-07-23,0.233,0.189,0.197,0.32
shaanxi_guanzhong,1995-07-24,0.382,0.317,0.203,0.32
shaanxi_guanzhong,1995-07-25,0.401,0.395,0.226,0.32
shaanxi_guanzhong,1995-07-26,0.368,0.37,0.232,0.319
shaanxi_guanzhong,1995-07-27,0.347,0.352,0.235,0.319
shaanxi_guanzhong,1995-07-28,0.33,0.337,0.236,0.319
shaanxi_guanzhong,1995-07-29,0.326,0.326,0.237,0.319
shaanxi_guanzhong,1995-07-30,0.359,0.33,0.237,0.319
shaanxi_guanzhong,1995-07-31,0.327,0.322,0.238,0.319
shaanxi_guanzhong,1995-08-01,0.365,0.323,0.238,0.318
shaanxi_guanzhong,1995-08-02,0.391,0.366,0.241,0.318
shaanxi_guanzhong,1995-08-03,0.355,0.352,0.244,0.318
shaanxi_guanzhong,1995-08-04,0.334,0.337,0.245,0.318
shaanxi_guanzhong,1995-08-05,0.356,0.333,0.246,0.318
shaanxi_guanzhong,1995-08-06,0.395,0.366,0.249,0.318
shaanxi_guanzhong,1995-08-07,0.359,0.355,0.253,0.317
shaanxi_guanzhong,1995-08-08,0.338,0.34,0.254,0.317
shaanxi_guanzhong,1995-08-09,0.36,0.336,0.255,0.317
shaanxi_guanzhong,1995-08-10,0.356,0.339,0.256,0.317
shaanxi_guanzhong,1995-08-11,0.372,0.341,0.257,0.317
shaanxi_guanzhong,1995-08-12,0.403,0.362,0.26,0.317
shaanxi_guanzhong,1995-08-13,0.377,0.37,0.265,0.317
shaanxi_guanzhong,1995-08-14,0.349,0.352,0.267,0.317
shaanxi_guanzhong,1995-08-15,0.335,0.34,0.268,0.317
shaanxi_guanzhong,1995-08-16,0.384,0.358,0.269,0.316
shaanxi_guanzhong,1995-08-17,0.378,0.374,0.273,0.316
shaanxi_guanzhong,1995-08-18,0.353,0.357,0.275,0.316
shaanxi_guanzhong,1995-08-19,0.332,0.343,0.275,0.316
shaanxi_guanzhong,1995-08-20,0.318,0.33,0.275,0.316
shaanxi_guanzhong,1995-08-21,0.366,0.333,0.275,0.316
shaanxi_guanzhong,1995-08-22,0.357,0.34,0.276,0.316
shaanxi_guanzhong,1995-08-23,0.332,0.331,0.276,0.316
shaanxi_guanzhong,1995-08-24,0.316,0.321,0.275,0.316
shaanxi_guanzhong,1995-08-25,0.302,0.312,0.275,0.316
shaanxi_guanzhong,1995-08-26,0.287,0.302,0.274,0.315
shaanxi_guanzhong,1995-08-27,0.272,0.293,0.273,0.315
shaanxi_guanzhong,1995-08-28,0.266,0.286,0.272,0.315
shaanxi_guanzhong,1995-08-29,0.272,0.282,0.271,0.315
shaanxi_guanzhong,1995-08-30,0.369,0.294,0.271,0.315
shaanxi_guanzhong,1995-08-31,0.354,0.313,0.271,0.315
shaanxi_guanzhong,1995-09-01,0.329,0.312,0.271,0.315
shaanxi_guanzhong,1995-09-02,0.309,0.305,0.27,0.315
shaanxi_guanzhong,1995-09-03,0.292,0.297,0.27,0.315
shaanxi_guanzhong,1995-09-04,0.278,0.289,0.269,0.314
shaanxi_guanzhong,1995-09-05,0.265,0.281,0.268,0.314
shaanxi_guanzhong,1995-09-06,0.254,0.273,0.266,0.314
shaanxi_guanzhong,1995-09-07,0.268,0.268,0.265,0.314
shaanxi_guanzhong,1995-09-08,0.316,0.269,0.265,0.314
shaanxi_guanzhong,1995-09-09,0.374,0.299,0.265,0.314
shaanxi_guanzhong,1995-09-10,0.382,0.339,0.266,0.314
shaanxi_guanzhong,1995-09-11,0.382,0.351,0.268,0.314
shaanxi_guanzhong,1995-09-12,0.382,0.357,0.271,0.314
shaanxi_guanzhong,1995-09-13,0.357,0.351,0.272,0.314
shaanxi_guanzhong,1995-09-14,0.341,0.341,0.273,0.314
shaanxi_guanzhong,1995-09-15,0.332,0.335,0.274,0.314
shaanxi_guanzhong,1995-09-16,0.32,0.327,0.274,0.314
shaanxi_guanzhong,1995-09-17,0.308,0.318,0.274,0.313
shaanxi_guanzhong,1995-09-18,0.306,0.312,0.274,0.313
shaanxi_guanzhong,1995-09-19,0.38,0.324,0.274,0.313
shaanxi_guanzhong,1995-09-20,0.357,0.336,0.275,0.313
shaanxi_guanzhong,1995-09-21,0.334,0.329,0.275,0.313
shaanxi_guanzhong,1995-09-22,0.317,0.321,0.275,0.313
shaanxi_guanzhong,1995-09-23,0.305,0.313,0.274,0.313
shaanxi_guanzhong,1995-09-24,0.309,0.307,0.274,0.313
shaanxi_guanzhong,1995-09-25,0.319,0.305,0.274,0.313
shaanxi_guanzhong,1995-09-26,0.342,0.307,0.273,0.313
shaanxi_guanzhong,1995-09-27,0.324,0.307,0.273,0.313
shaanxi_guanzhong,1995-09-28,0.308,0.303,0.273,0.313
shaanxi_guanzhong,1995-09-29,0.295,0.298,0.272,0.313
shaanxi_guanzhong,1995-09-30,0.283,0.292,0.272,0.312
shaanxi_guanzhong,1995-10-01,0.349,0.302,0.271,0.312
shaanxi_guanzhong,1995-10-02,0.348,0.316,0.272,0.312
shaanxi_guanzhong,1995-10-03,0.328,0.315,0.272,0.312
shaanxi_guanzhong,1995-10-04,0.315,0.31,0.271,0.312
shaanxi_guanzhong,1995-10-05,0.313,0.308,0.272,0.312
shaanxi_guanzhong,1995-10-06,0.354,0.311,0.272,0.312
shaanxi_guanzhong,1995-10-07,0.357,0.321,0.272,0.312
shaanxi_guanzhong,1995-10-08,0.337,0.321,0.273,0.312
shaanxi_guanzhong,1995-10-09,0.321,0.316,0.273,0.312
shaanxi_guanzhong,1995-10-10,0.309,0.311,0.272,0.312
shaanxi_guanzhong,1995-10-11,0.301,0.305,0.272,0.312
shaanxi_guanzhong,1995-10-12,0.311,0.303,0.272,0.312
shaanxi_guanzhong,1995-10-13,0.379,0.326,0.272,0.312
shaanxi_guanzhong,1995-10-14,0.353,0.335,0.273,0.312
shaanxi_guanzhong,1995-10-15,0.336,0.33,0.274,0.311
shaanxi_guanzhong,1995-10-16,0.327,0.325,0.274,0.311
shaanxi_guanzhong,1995-10-17,0.335,0.322,0.275,0.311
shaanxi_guanzhong,1995-10-18,0.333,0.322,0.275,0.311
shaanxi_guanzhong,1995-10-19,0.384,0.332,0.275,0.311
shaanxi_guanzhong,1995-10-20,0.392,0.36,0.277,0.311
shaanxi_guanzhong,1995-10-21,0.394,0.367,0.28,0.311
shaanxi_guanzhong,1995-10-22,0.407,0.378,0.284,0.311
shaanxi_guanzhong,1995-10-23,0.411,0.401,0.292,0.311
shaanxi_guanzhong,1995-10-24,0.385,0.386,0.297,0.311
shaanxi_guanzhong,1995-10-25,0.372,0.375,0.3,0.311
shaanxi_guanzhong,1995-10-26,0.363,0.366,0.302,0.311
shaanxi_guanzhong,1995-10-27,0.355,0.359,0.302,0.311
shaanxi_guanzhong,1995-10-28,0.347,0.352,0.303,0.311
shaanxi_guanzhong,1995-10-29,0.339,0.346,0.303,0.311
shaanxi_guanzhong,1995-10-30,0.332,0.34,0.303,0.311
shaanxi_guanzhong,1995-10-31,0.326,0.335,0.303,0.311
shaanxi_guanzhong,1995-11-01,0.322,0.33,0.303,0.311
shaanxi_guanzhong,1995-11-02,0.319,0.327,0.303,0.311
shaanxi_guanzhong,1995-11-03,0.315,0.323,0.302,0.311
shaanxi_guanzhong,1995-11-04,0.31,0.319,0.302,0.311
shaanxi_guanzhong,1995-11-05,0.305,0.315,0.301,0.311
shaanxi_guanzhong,1995-11-06,0.301,0.312,0.301,0.311
shaanxi_guanzhong,1995-11-07,0.296,0.308,0.3,0.311
shaanxi_guanzhong,1995-11-08,0.292,0.305,0.3,0.311
shaanxi_guanzhong,1995-11-09,0.288,0.301,0.299,0.311
shaanxi_guanzhong,1995-11-10,0.284,0.298,0.298,0.311
shaanxi_guanzhong,1995-11-11,0.28,0.295,0.298,0.311
shaanxi_guanzhong,1995-11-12,0.278,0.292,0.297,0.311
shaanxi_guanzhong,1995-11-13,0.275,0.29,0.297,0.311
shaanxi_guanzhong,1995-11-14,0.271,0.287,0.296,0.311
shaanxi_guanzhong,1995-11-15,0.269,0.285,0.295,0.311
shaanxi_guanzhong,1995-11-16,0.267,0.282,0.295,0.311
shaanxi_guanzhong,1995-11-17,0.271,0.281,0.294,0.311
shaanxi_guanzhong,1995-11-18,0.352,0.289,0.294,0.311
shaanxi_guanzhong,1995-11-19,0.337,0.301,0.294,0.311
shaanxi_guanzhong,1995-11-20,0.322,0.303,0.293,0.311
shaanxi_guanzhong,1995-11-21,0.313,0.303,0.293,0.311
shaanxi_guanzhong,1995-11-22,0.306,0.301,0.293,0.311
shaanxi_guanzhong,1995-11-23,0.3,0.3,0.293,0.311
shaanxi_guanzhong,1995-11-24,0.297,0.298,0.292,0.311
shaanxi_guanzhong,1995-11-25,0.293,0.296,0.292,0.311
shaanxi_guanzhong,1995-11-26,0.29,0.295,0.292,0.311
shaanxi_guanzhong,1995-11-27,0.288,0.293,0.291,0.311
shaanxi_guanzhong,1995-11-28,0.285,0.291,0.291,0.311
shaanxi_guanzhong,1995-11-29,0.287,0.29,0.291,0.311
shaanxi_guanzhong,1995-11-30,0.317,0.292,0.291,0.311
shaanxi_guanzhong,1995-12-01,0.326,0.296,0.291,0.311
shaanxi_guanzhong,1995-12-02,0.316,0.298,0.291,0.311
shaanxi_guanzhong,1995-12-03,0.308,0.298,0.29,0.311
shaanxi_guanzhong,1995-12-04,0.302,0.297,0.29,0.311
shaanxi_guanzhong,1995-12-05,0.298,0.296,0.29,0.311
shaanxi_guanzhong,1995-12-06,0.295,0.295,0.29,0.311
shaanxi_guanzhong,1995-12-07,0.292,0.294,0.29,0.311
shaanxi_guanzhong,1995-12-08,0.29,0.292,0.29,0.311
shaanxi_guanzhong,1995-12-09,0.288,0.291,0.289,0.311
shaanxi_guanzhong,1995-12-10,0.288,0.29,0.289,0.311
shaanxi_guanzhong,1995-12-11,0.287,0.29,0.289,0.311
shaanxi_guanzhong,1995-12-12,0.287,0.289,0.289,0.311
shaanxi_guanzhong,1995-12-13,0.309,0.289,0.289,0.311
shaanxi_guanzhong,1995-12-14,0.303,0.29,0.289,0.311
shaanxi_guanzhong,1995-12-15,0.299,0.29,0.288,0.311
shaanxi_guanzhong,1995-12-16,0.298,0.291,0.288,0.311
shaanxi_guanzhong,1995-12-17,0.299,0.291,0.288,0.311
shaanxi_guanzhong,1995-12-18,0.301,0.291,0.288,0.311
shaanxi_guanzhong,1995-12-19,0.304,0.291,0.288,0.311
shaanxi_guanzhong,1995-12-20,0.306,0.292,0.288,0.31
shaanxi_guanzhong,1995-12-21,0.307,0.293,0.288,0.31
shaanxi_guanzhong,1995-12-22,0.306,0.294,0.288,0.31
shaanxi_guanzhong,1995-12-23,0.304,0.294,0.288,0.31
shaanxi_guanzhong,1995-12-24,0.302,0.294,0.288,0.31
shaanxi_guanzhong,1995-12-25,0.298,0.294,0.288,0.31
shaanxi_guanzhong,1995-12-26,0.297,0.293,0.288,0.31
shaanxi_guanzhong,1995-12-27,0.297,0.293,0.288,0.31
shaanxi_guanzhong,1995-12-28,0.3,0.292,0.288,0.31
shaanxi_guanzhong,1995-12-29,0.301,0.293,0.287,0.31
shaanxi_guanzhong,1995-12-30,0.301,0.293,0.287,0.31
shaanxi_guanzhong,1995-12-31,0.3,0.293,0.287,0.31
shaanxi_guanzhong,1996-01-01,0.299,0.293,0.287,0.31
shaanxi_guanzhong,1996-01-02,0.296,0.293,0.287,0.31
shaanxi_guanzhong,1996-01-03,0.294,0.292,0.287,0.31
shaanxi_guanzhong,1996-01-04,0.292,0.291,0.287,0.31
shaanxi_guanzhong,1996-01-05,0.29,0.291,0.287,0.31
shaanxi_guanzhong,1996-01-06,0.288,0.29,0.287,0.31
shaanxi_guanzhong,1996-01-07,0.286,0.289,0.287,0.31
shaanxi_guanzhong,1996-01-08,0.284,0.288,0.286,0.31
shaanxi_guanzhong,1996-01-09,0.284,0.287,0.286,0.31
shaanxi_guanzhong,1996-01-10,0.284,0.287,0.286,0.31
shaanxi_guanzhong,1996-01-11,0.284,0.287,0.286,0.31
shaanxi_guanzhong,1996-01-12,0.285,0.287,0.286,0.31
shaanxi_guanzhong,1996-01-13,0.291,0.287,0.286,0.31
shaanxi_guanzhong,1996-01-14,0.296,0.287,0.286,0.31
shaanxi_guanzhong,1996-01-15,0.295,0.288,0.286,0.31
shaanxi_guanzhong,1996-01-16,0.295,0.288,0.286,0.31
shaanxi_guanzhong,1996-01-17,0.293,0.289,0.286,0.31
shaanxi_guanzhong,1996-01-18,0.296,0.289,0.286,0.31
shaanxi_guanzhong,1996-01-19,0.304,0.289,0.286,0.31
shaanxi_guanzhong,1996-01-20,0.314,0.291,0.287,0.31
shaanxi_guanzhong,1996-01-21,0.321,0.294,0.287,0.31
shaanxi_guanzhong,1996-01-22,0.331,0.297,0.287,0.31
shaanxi_guanzhong,1996-01-23,0.338,0.302,0.287,0.31
shaanxi_guanzhong,1996-01-24,0.332,0.306,0.287,0.31
shaanxi_guanzhong,1996-01-25,0.33,0.308,0.287,0.31
shaanxi_guanzhong,1996-01-26,0.329,0.31,0.287,0.31
shaanxi_guanzhong,1996-01-27,0.331,0.311,0.288,0.31
shaanxi_guanzhong,1996-01-28,0.337,0.313,0.288,0.31
shaanxi_guanzhong,1996-01-29,0.338,0.315,0.288,0.31
shaanxi_guanzhong,1996-01-30,0.336,0.317,0.288,0.31
shaanxi_guanzhong,1996-01-31,0.332,0.317,0.289,0.31
shaanxi_guanzhong,1996-02-01,0.327,0.317,0.289,0.31
shaanxi_guanzhong,1996-02-02,0.323,0.317,0.289,0.309
shaanxi_guanzhong,1996-02-03,0.322,0.316,0.289,0.309
shaanxi_guanzhong,1996-02-04,0.319,0.314,0.289,0.309
shaanxi_guanzhong,1996-02-05,0.315,0.313,0.289,0.309
shaanxi_guanzhong,1996-02-06,0.315,0.312,0.29,0.309
shaanxi_guanzhong,1996-02-07,0.319,0.311,0.29,0.309
shaanxi_guanzhong,1996-02-08,0.314,0.31,0.29,0.309
shaanxi_guanzhong,1996-02-09,0.311,0.309,0.29,0.309
shaanxi_guanzhong,1996-02-10,0.308,0.308,0.29,0.309
shaanxi_guanzhong,1996-02-11,0.304,0.306,0.29,0.309
shaanxi_guanzhong,1996-02-12,0.3,0.304,0.29,0.309
shaanxi_guanzhong,1996-02-13,0.296,0.301,0.289,0.309
shaanxi_guanzhong,1996-02-14,0.291,0.299,0.289,0.309
shaanxi_guanzhong,1996-02-15,0.287,0.296,0.289,0.309
shaanxi_guanzhong,1996-02-16,0.286,0.294,0.288,0.309
shaanxi_guanzhong,1996-02-17,0.288,0.293,0.288,0.309
shaanxi_guanzhong,1996-02-18,0.29,0.293,0.288,0.309
shaanxi_guanzhong,1996-02-19,0.292,0.293,0.288,0.309
shaanxi_guanzhong,1996-02-20,0.296,0.293,0.288,0.309
shaanxi_guanzhong,1996-02-21,0.3,0.293,0.288,0.309
shaanxi_guanzhong,1996-02-22,0.313,0.294,0.288,0.309
shaanxi_guanzhong,1996-02-23,0.33,0.298,0.288,0.309
shaanxi_guanzhong,1996-02-24,0.348,0.304,0.289,0.309
shaanxi_guanzhong,1996-02-25,0.357,0.314,0.289,0.309
shaanxi_guanzhong,1996-02-26,0.355,0.321,0.289,0.309
shaanxi_guanzhong,1996-02-27,0.347,0.324,0.289,0.309
shaanxi_guanzhong,1996-02-28,0.34,0.324,0.289,0.309
shaanxi_guanzhong,1996-02-29,0.333,0.323,0.289,0.309
shaanxi_guanzhong,1996-03-01,0.325,0.319,0.289,0.309
shaanxi_guanzhong,1996-03-02,0.317,0.316,0.289,0.309
shaanxi_guanzhong,1996-03-03,0.31,0.312,0.289,0.309
shaanxi_guanzhong,1996-03-04,0.303,0.308,0.289,0.309
shaanxi_guanzhong,1996-03-05,0.297,0.304,0.288,0.309
shaanxi_guanzhong,1996-03-06,0.29,0.3,0.288,0.309
shaanxi_guanzhong,1996-03-07,0.286,0.296,0.287,0.309
shaanxi_guanzhong,1996-03-08,0.282,0.293,0.287,0.308
shaanxi_guanzhong,1996-03-09,0.278,0.29,0.287,0.308
shaanxi_guanzhong,1996-03-10,0.274,0.287,0.286,0.308
shaanxi_guanzhong,1996-03-11,0.271,0.284,0.285,0.308
shaanxi_guanzhong,1996-03-12,0.267,0.281,0.285,0.308
shaanxi_guanzhong,1996-03-13,0.264,0.278,0.284,0.308
shaanxi_guanzhong,1996-03-14,0.276,0.276,0.284,0.308
shaanxi_guanzhong,1996-03-15,0.267,0.273,0.283,0.308
shaanxi_guanzhong,1996-03-16,0.261,0.27,0.282,0.308
shaanxi_guanzhong,1996-03-17,0.258,0.268,0.282,0.308
shaanxi_guanzhong,1996-03-18,0.255,0.265,0.281,0.308
shaanxi_guanzhong,1996-03-19,0.253,0.263,0.28,0.308
shaanxi_guanzhong,1996-03-20,0.262,0.262,0.28,0.308
shaanxi_guanzhong,1996-03-21,0.264,0.261,0.28,0.308
shaanxi_guanzhong,1996-03-22,0.26,0.26,0.279,0.308
shaanxi_guanzhong,1996-03-23,0.282,0.26,0.279,0.308
shaanxi_guanzhong,1996-03-24,0.332,0.267,0.278,0.308
shaanxi_guanzhong,1996-03-25,0.317,0.273,0.278,0.308
shaanxi_guanzhong,1996-03-26,0.305,0.274,0.277,0.308
shaanxi_guanzhong,1996-03-27,0.302,0.274,0.277,0.307
shaanxi_guanzhong,1996-03-28,0.298,0.275,0.277,0.307
shaanxi_guanzhong,1996-03-29,0.285,0.273,0.276,0.307
shaanxi_guanzhong,1996-03-30,0.275,0.27,0.275,0.307
shaanxi_guanzhong,1996-03-31,0.368,0.281,0.275,0.307
shaanxi_guanzhong,1996-04-01,0.371,0.32,0.275,0.307
shaanxi_guanzhong,1996-04-02,0.341,0.322,0.275,0.307
shaanxi_guanzhong,1996-04-03,0.328,0.319,0.275,0.307
shaanxi_guanzhong,1996-04-04,0.317,0.314,0.276,0.307
shaanxi_guanzhong,1996-04-05,0.308,0.309,0.275,0.307
shaanxi_guanzhong,1996-04-06,0.301,0.305,0.275,0.307
shaanxi_guanzhong,1996-04-07,0.295,0.3,0.275,0.307
shaanxi_guanzhong,1996-04-08,0.3,0.297,0.275,0.307
shaanxi_guanzhong,1996-04-09,0.325,0.299,0.275,0.307
shaanxi_guanzhong,1996-04-10,0.316,0.3,0.275,0.307
shaanxi_guanzhong,1996-04-11,0.305,0.297,0.274,0.307
shaanxi_guanzhong,1996-04-12,0.31,0.295,0.274,0.307
shaanxi_guanzhong,1996-04-13,0.31,0.295,0.274,0.306
shaanxi_guanzhong,1996-04-14,0.302,0.293,0.274,0.306
shaanxi_guanzhong,1996-04-15,0.313,0.289,0.273,0.306
shaanxi_guanzhong,1996-04-16,0.292,0.284,0.272,0.306
shaanxi_guanzhong,1996-04-17,0.275,0.278,0.271,0.306
shaanxi_guanzhong,1996-04-18,0.266,0.273,0.27,0.306
shaanxi_guanzhong,1996-04-19,0.26,0.269,0.27,0.306
shaanxi_guanzhong,1996-04-20,0.251,0.265,0.269,0.306
shaanxi_guanzhong,1996-04-21,0.244,0.261,0.268,0.306
shaanxi_guanzhong,1996-04-22,0.233,0.254,0.267,0.306
shaanxi_guanzhong,1996-04-23,0.224,0.248,0.265,0.306
shaanxi_guanzhong,1996-04-24,0.218,0.243,0.264,0.305
shaanxi_guanzhong,1996-04-25,0.21,0.238,0.263,0.305
shaanxi_guanzhong,1996-04-26,0.232,0.234,0.261,0.305
shaanxi_guanzhong,1996-04-27,0.276,0.236,0.261,0.305
shaanxi_guanzhong,1996-04-28,0.272,0.237,0.261,0.305
shaanxi_guanzhong,1996-04-29,0.253,0.234,0.26,0.305
shaanxi_guanzhong,1996-04-30,0.236,0.23,0.258,0.305
shaanxi_guanzhong,1996-05-01,0.239,0.226,0.257,0.305
shaanxi_guanzhong,1996-05-02,0.353,0.239,0.256,0.305
shaanxi_guanzhong,1996-05-03,0.345,0.27,0.256,0.305
shaanxi_guanzhong,1996-05-04,0.31,0.273,0.256,0.304
shaanxi_guanzhong,1996-05-05,0.297,0.271,0.255,0.304
shaanxi_guanzhong,1996-05-06,0.306,0.272,0.255,0.304
shaanxi_guanzhong,1996-05-07,0.286,0.269,0.255,0.304
shaanxi_guanzhong,1996-05-08,0.267,0.263,0.253,0.304
shaanxi_guanzhong,1996-05-09,0.255,0.258,0.253,0.304
shaanxi_guanzhong,1996-05-10,0.244,0.253,0.252,0.304
shaanxi_guanzhong,1996-05-11,0.232,0.247,0.251,0.304
shaanxi_guanzhong,1996-05-12,0.223,0.242,0.25,0.303
shaanxi_guanzhong,1996-05-13,0.288,0.241,0.249,0.303
shaanxi_guanzhong,1996-05-14,0.363,0.264,0.249,0.303
shaanxi_guanzhong,1996-05-15,0.409,0.35,0.251,0.303
shaanxi_guanzhong,1996-05-16,0.385,0.365,0.256,0.303
shaanxi_guanzhong,1996-05-17,0.358,0.353,0.259,0.303
shaanxi_guanzhong,1996-05-18,0.338,0.341,0.26,0.303
shaanxi_guanzhong,1996-05-19,0.318,0.328,0.26,0.303
shaanxi_guanzhong,1996-05-20,0.299,0.315,0.26,0.303
shaanxi_guanzhong,1996-05-21,0.283,0.303,0.259,0.303
shaanxi_guanzhong,1996-05-22,0.289,0.296,0.258,0.303
shaanxi_guanzhong,1996-05-23,0.286,0.291,0.258,0.303
shaanxi_guanzhong,1996-05-24,0.271,0.283,0.257,0.302
shaanxi_guanzhong,1996-05-25,0.257,0.275,0.256,0.302
shaanxi_guanzhong,1996-05-26,0.241,0.266,0.255,0.302
shaanxi_guanzhong,1996-05-27,0.229,0.257,0.253,0.302
shaanxi_guanzhong,1996-05-28,0.22,0.249,0.252,0.302
shaanxi_guanzhong,1996-05-29,0.209,0.242,0.25,0.302
shaanxi_guanzhong,1996-05-30,0.209,0.237,0.249,0.302
shaanxi_guanzhong,1996-05-31,0.338,0.247,0.249,0.301
shaanxi_guanzhong,1996-06-01,0.359,0.273,0.249,0.301
shaanxi_guanzhong,1996-06-02,0.414,0.359,0.251,0.301
shaanxi_guanzhong,1996-06-03,0.421,0.389,0.26,0.301
shaanxi_guanzhong,1996-06-04,0.424,0.412,0.278,0.301
shaanxi_guanzhong,1996-06-05,0.417,0.406,0.29,0.301
shaanxi_guanzhong,1996-06-06,0.412,0.405,0.299,0.301
shaanxi_guanzhong,1996-06-07,0.39,0.39,0.305,0.301
shaanxi_guanzhong,1996-06-08,0.379,0.379,0.308,0.301
shaanxi_guanzhong,1996-06-09,0.364,0.368,0.309,0.301
shaanxi_guanzhong,1996-06-10,0.347,0.356,0.309,0.302
shaanxi_guanzhong,1996-06-11,0.333,0.345,0.308,0.302
shaanxi_guanzhong,1996-06-12,0.318,0.334,0.307,0.302
shaanxi_guanzhong,1996-06-13,0.302,0.322,0.305,0.302
shaanxi_guanzhong,1996-06-14,0.288,0.311,0.304,0.302
shaanxi_guanzhong,1996-06-15,0.275,0.301,0.302,0.301
shaanxi_guanzhong,1996-06-16,0.267,0.293,0.3,0.301
shaanxi_guanzhong,1996-06-17,0.26,0.286,0.298,0.301
shaanxi_guanzhong,1996-06-18,0.286,0.281,0.297,0.301
shaanxi_guanzhong,1996-06-19,0.327,0.288,0.296,0.301
shaanxi_guanzhong,1996-06-20,0.293,0.283,0.294,0.301
shaanxi_guanzhong,1996-06-21,0.267,0.274,0.291,0.301
shaanxi_guanzhong,1996-06-22,0.26,0.268,0.29,0.301
shaanxi_guanzhong,1996-06-23,0.376,0.293,0.289,0.301
shaanxi_guanzhong,1996-06-24,0.351,0.321,0.289,0.301
shaanxi_guanzhong,1996-06-25,0.322,0.314,0.288,0.301
shaanxi_guanzhong,1996-06-26,0.307,0.306,0.287,0.301
shaanxi_guanzhong,1996-06-27,0.287,0.297,0.285,0.301
shaanxi_guanzhong,1996-06-28,0.269,0.287,0.284,0.301
shaanxi_guanzhong,1996-06-29,0.253,0.277,0.282,0.301
shaanxi_guanzhong,1996-06-30,0.237,0.267,0.28,0.301
shaanxi_guanzhong,1996-07-01,0.223,0.257,0.277,0.3
shaanxi_guanzhong,1996-07-02,0.214,0.248,0.275,0.3
shaanxi_guanzhong,1996-07-03,0.331,0.257,0.274,0.3
shaanxi_guanzhong,1996-07-04,0.334,0.279,0.274,0.3
shaanxi_guanzhong,1996-07-05,0.301,0.277,0.273,0.3
shaanxi_guanzhong,1996-07-06,0.276,0.27,0.271,0.3
shaanxi_guanzhong,1996-07-07,0.289,0.266,0.27,0.3
shaanxi_guanzhong,1996-07-08,0.41,0.322,0.27,0.3
shaanxi_guanzhong,1996-07-09,0.418,0.394,0.277,0.3
shaanxi_guanzhong,1996-07-10,0.389,0.389,0.287,0.3
shaanxi_guanzhong,1996-07-11,0.367,0.37,0.289,0.3
shaanxi_guanzhong,1996-07-12,0.346,0.355,0.289,0.3
shaanxi_guanzhong,1996-07-13,0.331,0.342,0.289,0.3
shaanxi_guanzhong,1996-07-14,0.354,0.336,0.289,0.3
shaanxi_guanzhong,1996-07-15,0.353,0.338,0.289,0.299
shaanxi_guanzhong,1996-07-16,0.371,0.339,0.289,0.299
shaanxi_guanzhong,1996-07-17,0.353,0.339,0.289,0.299
shaanxi_guanzhong,1996-07-18,0.33,0.331,0.289,0.299
shaanxi_guanzhong,1996-07-19,0.311,0.321,0.288,0.299
shaanxi_guanzhong,1996-07-20,0.305,0.313,0.287,0.299
shaanxi_guanzhong,1996-07-21,0.293,0.305,0.286,0.299
shaanxi_guanzhong,1996-07-22,0.28,0.295,0.285,0.299
shaanxi_guanzhong,1996-07-23,0.274,0.288,0.283,0.299
shaanxi_guanzhong,1996-07-24,0.264,0.281,0.282,0.299
shaanxi_guanzhong,1996-07-25,0.25,0.273,0.28,0.299
shaanxi_guanzhong,1996-07-26,0.281,0.269,0.279,0.299
shaanxi_guanzhong,1996-07-27,0.306,0.274,0.279,0.299
shaanxi_guanzhong,1996-07-28,0.339,0.287,0.278,0.299
shaanxi_guanzhong,1996-07-29,0.312,0.289,0.277,0.299
shaanxi_guanzhong,1996-07-30,0.342,0.293,0.276,0.299
shaanxi_guanzhong,1996-07-31,0.373,0.319,0.276,0.299
shaanxi_guanzhong,1996-08-01,0.384,0.339,0.277,0.298
shaanxi_guanzhong,1996-08-02,0.351,0.339,0.278,0.298
shaanxi_guanzhong,1996-08-03,0.39,0.347,0.279,0.298
shaanxi_guanzhong,1996-08-04,0.417,0.41,0.295,0.298
shaanxi_guanzhong,1996-08-05,0.389,0.391,0.303,0.298
shaanxi_guanzhong,1996-08-06,0.392,0.382,0.305,0.298
shaanxi_guanzhong,1996-08-07,0.402,0.39,0.308,0.298
shaanxi_guanzhong,1996-08-08,0.421,0.408,0.314,0.299
shaanxi_guanzhong,1996-08-09,0.412,0.407,0.324,0.299
shaanxi_guanzhong,1996-08-10,0.409,0.407,0.331,0.299
shaanxi_guanzhong,1996-08-11,0.389,0.393,0.334,0.299
shaanxi_guanzhong,1996-08-12,0.366,0.376,0.334,0.299
shaanxi_guanzhong,1996-08-13,0.348,0.361,0.333,0.3
shaanxi_guanzhong,1996-08-14,0.331,0.347,0.331,0.3
shaanxi_guanzhong,1996-08-15,0.317,0.335,0.328,0.3
shaanxi_guanzhong,1996-08-16,0.305,0.325,0.326,0.3
shaanxi_guanzhong,1996-08-17,0.295,0.316,0.324,0.3
shaanxi_guanzhong,1996-08-18,0.284,0.307,0.322,0.3
shaanxi_guanzhong,1996-08-19,0.273,0.299,0.319,0.3
shaanxi_guanzhong,1996-08-20,0.262,0.291,0.317,0.3
shaanxi_guanzhong,1996-08-21,0.252,0.283,0.314,0.3
shaanxi_guanzhong,1996-08-22,0.252,0.278,0.312,0.3
shaanxi_guanzhong,1996-08-23,0.258,0.275,0.311,0.301
shaanxi_guanzhong,1996-08-24,0.254,0.271,0.309,0.301
shaanxi_guanzhong,1996-08-25,0.248,0.267,0.307,0.3
shaanxi_guanzhong,1996-08-26,0.327,0.269,0.306,0.301
shaanxi_guanzhong,1996-08-27,0.408,0.33,0.305,0.301
shaanxi_guanzhong,1996-08-28,0.372,0.358,0.306,0.301
shaanxi_guanzhong,1996-08-29,0.346,0.348,0.307,0.301
shaanxi_guanzhong,1996-08-30,0.327,0.336,0.306,0.301
shaanxi_guanzhong,1996-08-31,0.312,0.326,0.305,0.301
shaanxi_guanzhong,1996-09-01,0.302,0.317,0.303,0.301
shaanxi_guanzhong,1996-09-02,0.3,0.311,0.303,0.301
shaanxi_guanzhong,1996-09-03,0.328,0.31,0.302,0.301
shaanxi_guanzhong,1996-09-04,0.403,0.34,0.302,0.301
shaanxi_guanzhong,1996-09-05,0.424,0.414,0.313,0.301
shaanxi_guanzhong,1996-09-06,0.396,0.4,0.323,0.301
shaanxi_guanzhong,1996-09-07,0.385,0.387,0.327,0.301
shaanxi_guanzhong,1996-09-08,0.406,0.394,0.329,0.301
shaanxi_guanzhong,1996-09-09,0.409,0.402,0.334,0.301
shaanxi_guanzhong,1996-09-10,0.43,0.426,0.352,0.301
shaanxi_guanzhong,1996-09-11,0.421,0.423,0.378,0.303
shaanxi_guanzhong,1996-09-12,0.397,0.405,0.381,0.304
shaanxi_guanzhong,1996-09-13,0.38,0.39,0.378,0.305
shaanxi_guanzhong,1996-09-14,0.366,0.378,0.375,0.306
shaanxi_guanzhong,1996-09-15,0.392,0.381,0.373,0.307
shaanxi_guanzhong,1996-09-16,0.387,0.382,0.372,0.308
shaanxi_guanzhong,1996-09-17,0.419,0.417,0.377,0.308
shaanxi_guanzhong,1996-09-18,0.411,0.411,0.382,0.309
shaanxi_guanzhong,1996-09-19,0.396,0.402,0.383,0.31
shaanxi_guanzhong,1996-09-20,0.382,0.392,0.382,0.311
shaanxi_guanzhong,1996-09-21,0.371,0.382,0.38,0.312
shaanxi_guanzhong,1996-09-22,0.36,0.372,0.377,0.312
shaanxi_guanzhong,1996-09-23,0.35,0.364,0.375,0.313
shaanxi_guanzhong,1996-09-24,0.341,0.356,0.372,0.313
shaanxi_guanzhong,1996-09-25,0.343,0.35,0.37,0.314
shaanxi_guanzhong,1996-09-26,0.406,0.374,0.368,0.314
shaanxi_guanzhong,1996-09-27,0.393,0.387,0.369,0.314
shaanxi_guanzhong,1996-09-28,0.378,0.381,0.369,0.315
shaanxi_guanzhong,1996-09-29,0.404,0.389,0.369,0.315
shaanxi_guanzhong,1996-09-30,0.388,0.389,0.37,0.315
shaanxi_guanzhong,1996-10-01,0.386,0.385,0.37,0.316
shaanxi_guanzhong,1996-10-02,0.37,0.377,0.369,0.316
shaanxi_guanzhong,1996-10-03,0.358,0.369,0.368,0.317
shaanxi_guanzhong,1996-10-04,0.373,0.366,0.366,0.317
shaanxi_guanzhong,1996-10-05,0.417,0.397,0.367,0.317
shaanxi_guanzhong,1996-10-06,0.399,0.403,0.371,0.318
shaanxi_guanzhong,1996-10-07,0.387,0.393,0.372,0.318
shaanxi_guanzhong,1996-10-08,0.377,0.385,0.372,0.318
shaanxi_guanzhong,1996-10-09,0.368,0.378,0.371,0.319
shaanxi_guanzhong,1996-10-10,0.362,0.371,0.37,0.319
shaanxi_guanzhong,1996-10-11,0.356,0.366,0.369,0.32
shaanxi_guanzhong,1996-10-12,0.35,0.36,0.367,0.32
shaanxi_guanzhong,1996-10-13,0.345,0.356,0.366,0.32
shaanxi_guanzhong,1996-10-14,0.337,0.35,0.364,0.32
shaanxi_guanzhong,1996-10-15,0.349,0.347,0.363,0.321
shaanxi_guanzhong,1996-10-16,0.396,0.36,0.362,0.321
shaanxi_guanzhong,1996-10-17,0.384,0.377,0.362,0.321
shaanxi_guanzhong,1996-10-18,0.367,0.371,0.362,0.321
shaanxi_guanzhong,1996-10-19,0.358,0.365,0.361,0.322
shaanxi_guanzhong,1996-10-20,0.35,0.359,0.36,0.322
shaanxi_guanzhong,1996-10-21,0.343,0.354,0.359,0.322
shaanxi_guanzhong,1996-10-22,0.361,0.351,0.358,0.322
shaanxi_guanzhong,1996-10-23,0.421,0.396,0.359,0.322
shaanxi_guanzhong,1996-10-24,0.411,0.406,0.364,0.322
shaanxi_guanzhong,1996-10-25,0.4,0.402,0.367,0.323
shaanxi_guanzhong,1996-10-26,0.386,0.392,0.369,0.323
shaanxi_guanzhong,1996-10-27,0.377,0.384,0.369,0.323
shaanxi_guanzhong,1996-10-28,0.369,0.378,0.369,0.324
shaanxi_guanzhong,1996-10-29,0.362,0.372,0.368,0.324
shaanxi_guanzhong,1996-10-30,0.371,0.368,0.367,0.324
shaanxi_guanzhong,1996-10-31,0.43,0.417,0.374,0.324
shaanxi_guanzhong,1996-11-01,0.412,0.418,0.389,0.325
shaanxi_guanzhong,1996-11-02,0.396,0.404,0.391,0.326
shaanxi_guanzhong,1996-11-03,0.399,0.399,0.39,0.327
shaanxi_guanzhong,1996-11-04,0.393,0.397,0.39,0.328
shaanxi_guanzhong,1996-11-05,0.389,0.393,0.389,0.328
shaanxi_guanzhong,1996-11-06,0.42,0.407,0.389,0.329
shaanxi_guanzhong,1996-11-07,0.418,0.417,0.393,0.33
shaanxi_guanzhong,1996-11-08,0.404,0.409,0.395,0.331
shaanxi_guanzhong,1996-11-09,0.395,0.401,0.395,0.332
shaanxi_guanzhong,1996-11-10,0.396,0.398,0.394,0.333
shaanxi_guanzhong,1996-11-11,0.405,0.398,0.393,0.333
shaanxi_guanzhong,1996-11-12,0.424,0.417,0.395,0.334
shaanxi_guanzhong,1996-11-13,0.43,0.428,0.407,0.335
shaanxi_guanzhong,1996-11-14,0.423,0.423,0.413,0.338
shaanxi_guanzhong,1996-11-15,0.428,0.427,0.415,0.34
shaanxi_guanzhong,1996-11-16,0.422,0.426,0.42,0.343
shaanxi_guanzhong,1996-11-17,0.404,0.413,0.417,0.346
shaanxi_guanzhong,1996-11-18,0.395,0.404,0.414,0.348
shaanxi_guanzhong,1996-11-19,0.389,0.397,0.411,0.35
shaanxi_guanzhong,1996-11-20,0.384,0.391,0.408,0.351
shaanxi_guanzhong,1996-11-21,0.38,0.387,0.405,0.352
shaanxi_guanzhong,1996-11-22,0.376,0.383,0.403,0.353
shaanxi_guanzhong,1996-11-23,0.371,0.379,0.4,0.354
shaanxi_guanzhong,1996-11-24,0.368,0.376,0.398,0.355
shaanxi_guanzhong,1996-11-25,0.373,0.374,0.396,0.355
shaanxi_guanzhong,1996-11-26,0.373,0.374,0.395,0.356
shaanxi_guanzhong,1996-11-27,0.366,0.372,0.393,0.356
shaanxi_guanzhong,1996-11-28,0.366,0.37,0.391,0.357
shaanxi_guanzhong,1996-11-29,0.363,0.368,0.39,0.357
shaanxi_guanzhong,1996-11-30,0.36,0.366,0.389,0.357
shaanxi_guanzhong,1996-12-01,0.357,0.364,0.387,0.358
shaanxi_guanzhong,1996-12-02,0.355,0.362,0.386,0.358
shaanxi_guanzhong,1996-12-03,0.355,0.361,0.385,0.358
shaanxi_guanzhong,1996-12-04,0.359,0.361,0.384,0.358
shaanxi_guanzhong,1996-12-05,0.356,0.36,0.382,0.359
shaanxi_guanzhong,1996-12-06,0.352,0.359,0.381,0.359
shaanxi_guanzhong,1996-12-07,0.351,0.358,0.38,0.359
shaanxi_guanzhong,1996-12-08,0.35,0.356,0.379,0.359
shaanxi_guanzhong,1996-12-09,0.348,0.355,0.378,0.359
shaanxi_guanzhong,1996-12-10,0.347,0.354,0.377,0.359
shaanxi_guanzhong,1996-12-11,0.346,0.353,0.376,0.359
shaanxi_guanzhong,1996-12-12,0.346,0.352,0.375,0.359
shaanxi_guanzhong,1996-12-13,0.345,0.351,0.374,0.36
shaanxi_guanzhong,1996-12-14,0.344,0.35,0.373,0.36
shaanxi_guanzhong,1996-12-15,0.343,0.349,0.372,0.36
shaanxi_guanzhong,1996-12-16,0.341,0.348,0.371,0.36
shaanxi_guanzhong,1996-12-17,0.34,0.347,0.37,0.36
shaanxi_guanzhong,1996-12-18,0.339,0.346,0.369,0.36
shaanxi_guanzhong,1996-12-19,0.339,0.345,0.369,0.36
shaanxi_guanzhong,1996-12-20,0.338,0.345,0.368,0.36
shaanxi_guanzhong,1996-12-21,0.337,0.344,0.367,0.36
shaanxi_guanzhong,1996-12-22,0.337,0.343,0.366,0.36
shaanxi_guanzhong,1996-12-23,0.336,0.342,0.365,0.36
shaanxi_guanzhong,1996-12-24,0.335,0.342,0.364,0.36
shaanxi_guanzhong,1996-12-25,0.334,0.341,0.364,0.36
shaanxi_guanzhong,1996-12-26,0.333,0.34,0.363,0.36
shaanxi_guanzhong,1996-12-27,0.332,0.339,0.362,0.36
shaanxi_guanzhong,1996-12-28,0.332,0.338,0.361,0.36
shaanxi_guanzhong,1996-12-29,0.331,0.338,0.36,0.36
shaanxi_guanzhong,1996-12-30,0.33,0.337,0.36,0.36
shaanxi_guanzhong,1996-12-31,0.329,0.336,0.359,0.36
shaanxi_guanzhong,1997-01-01,0.327,0.334,0.358,0.36
shaanxi_guanzhong,1997-01-02,0.326,0.333,0.357,0.36
shaanxi_guanzhong,1997-01-03,0.325,0.333,0.356,0.36
shaanxi_guanzhong,1997-01-04,0.326,0.332,0.356,0.36
shaanxi_guanzhong,1997-01-05,0.326,0.332,0.355,0.36
shaanxi_guanzhong,1997-01-06,0.325,0.332,0.355,0.36
shaanxi_guanzhong,1997-01-07,0.325,0.332,0.354,0.36
shaanxi_guanzhong,1997-01-08,0.326,0.332,0.354,0.36
shaanxi_guanzhong,1997-01-09,0.327,0.331,0.353,0.36
shaanxi_guanzhong,1997-01-10,0.328,0.331,0.352,0.36
shaanxi_guanzhong,1997-01-11,0.328,0.331,0.352,0.359
shaanxi_guanzhong,1997-01-12,0.328,0.331,0.351,0.359
shaanxi_guanzhong,1997-01-13,0.328,0.33,0.351,0.359
shaanxi_guanzhong,1997-01-14,0.326,0.33,0.35,0.359
shaanxi_guanzhong,1997-01-15,0.327,0.33,0.35,0.359
shaanxi_guanzhong,1997-01-16,0.329,0.33,0.349,0.359
shaanxi_guanzhong,1997-01-17,0.329,0.33,0.349,0.359
shaanxi_guanzhong,1997-01-18,0.327,0.329,0.348,0.359
shaanxi_guanzhong,1997-01-19,0.327,0.329,0.348,0.359
shaanxi_guanzhong,1997-01-20,0.326,0.329,0.347,0.359
shaanxi_guanzhong,1997-01-21,0.329,0.328,0.347,0.359
shaanxi_guanzhong,1997-01-22,0.334,0.33,0.346,0.359
shaanxi_guanzhong,1997-01-23,0.333,0.33,0.346,0.359
shaanxi_guanzhong,1997-01-24,0.338,0.331,0.346,0.359
shaanxi_guanzhong,1997-01-25,0.349,0.334,0.345,0.358
shaanxi_guanzhong,1997-01-26,0.359,0.338,0.345,0.358
shaanxi_guanzhong,1997-01-27,0.363,0.343,0.345,0.358
shaanxi_guanzhong,1997-01-28,0.363,0.347,0.345,0.358
shaanxi_guanzhong,1997-01-29,0.361,0.35,0.345,0.358
shaanxi_guanzhong,1997-01-30,0.358,0.351,0.345,0.358
shaanxi_guanzhong,1997-01-31,0.355,0.35,0.345,0.358
shaanxi_guanzhong,1997-02-01,0.385,0.357,0.345,0.358
shaanxi_guanzhong,1997-02-02,0.384,0.367,0.345,0.358
shaanxi_guanzhong,1997-02-03,0.379,0.37,0.346,0.358
shaanxi_guanzhong,1997-02-04,0.377,0.37,0.347,0.358
shaanxi_guanzhong,1997-02-05,0.377,0.371,0.348,0.358
shaanxi_guanzhong,1997-02-06,0.376,0.37,0.349,0.358
shaanxi_guanzhong,1997-02-07,0.375,0.37,0.35,0.357
shaanxi_guanzhong,1997-02-08,0.373,0.369,0.35,0.357
shaanxi_guanzhong,1997-02-09,0.369,0.367,0.351,0.357
shaanxi_guanzhong,1997-02-10,0.364,0.365,0.351,0.357
shaanxi_guanzhong,1997-02-11,0.36,0.363,0.351,0.357
shaanxi_guanzhong,1997-02-12,0.356,0.36,0.351,0.357
shaanxi_guanzhong,1997-02-13,0.352,0.357,0.351,0.357
shaanxi_guanzhong,1997-02-14,0.349,0.354,0.351,0.357
shaanxi_guanzhong,1997-02-15,0.345,0.352,0.35,0.357
shaanxi_guanzhong,1997-02-16,0.343,0.349,0.35,0.357
shaanxi_guanzhong,1997-02-17,0.34,0.347,0.35,0.357
shaanxi_guanzhong,1997-02-18,0.336,0.344,0.349,0.357
shaanxi_guanzhong,1997-02-19,0.334,0.341,0.349,0.357
shaanxi_guanzhong,1997-02-20,0.33,0.339,0.348,0.357
shaanxi_guanzhong,1997-02-21,0.327,0.336,0.347,0.357
shaanxi_guanzhong,1997-02-22,0.325,0.333,0.347,0.357
shaanxi_guanzhong,1997-02-23,0.328,0.332,0.346,0.357
shaanxi_guanzhong,1997-02-24,0.345,0.333,0.346,0.357
shaanxi_guanzhong,1997-02-25,0.344,0.336,0.345,0.356
shaanxi_guanzhong,1997-02-26,0.346,0.336,0.345,0.356
shaanxi_guanzhong,1997-02-27,0.407,0.367,0.345,0.356
shaanxi_guanzhong,1997-02-28,0.385,0.382,0.347,0.356
shaanxi_guanzhong,1997-03-01,0.373,0.376,0.348,0.356
shaanxi_guanzhong,1997-03-02,0.366,0.37,0.349,0.356
shaanxi_guanzhong,1997-03-03,0.358,0.365,0.349,0.356
shaanxi_guanzhong,1997-03-04,0.352,0.36,0.349,0.356
shaanxi_guanzhong,1997-03-05,0.365,0.358,0.349,0.356
shaanxi_guanzhong,1997-03-06,0.363,0.36,0.349,0.356
shaanxi_guanzhong,1997-03-07,0.35,0.355,0.348,0.356
shaanxi_guanzhong,1997-03-08,0.343,0.35,0.348,0.356
shaanxi_guanzhong,1997-03-09,0.341,0.347,0.347,0.356
shaanxi_guanzhong,1997-03-10,0.342,0.344,0.347,0.356
shaanxi_guanzhong,1997-03-11,0.36,0.345,0.346,0.356
shaanxi_guanzhong,1997-03-12,0.384,0.355,0.346,0.356
shaanxi_guanzhong,1997-03-13,0.392,0.368,0.347,0.355
shaanxi_guanzhong,1997-03-14,0.397,0.378,0.348,0.355
shaanxi_guanzhong,1997-03-15,0.397,0.391,0.35,0.355
shaanxi_guanzhong,1997-03-16,0.391,0.388,0.352,0.355
shaanxi_guanzhong,1997-03-17,0.377,0.382,0.353,0.355
shaanxi_guanzhong,1997-03-18,0.372,0.376,0.354,0.355
shaanxi_guanzhong,1997-03-19,0.378,0.374,0.354,0.355
shaanxi_guanzhong,1997-03-20,0.37,0.372,0.355,0.355
shaanxi_guanzhong,1997-03-21,0.36,0.366,0.355,0.355
shaanxi_guanzhong,1997-03-22,0.352,0.36,0.354,0.355
shaanxi_guanzhong,1997-03-23,0.348,0.356,0.354,0.355
shaanxi_guanzhong,1997-03-24,0.364,0.355,0.353,0.355
shaanxi_guanzhong,1997-03-25,0.361,0.356,0.353,0.355
shaanxi_guanzhong,1997-03-26,0.348,0.352,0.352,0.355
shaanxi_guanzhong,1997-03-27,0.344,0.348,0.351,0.355
shaanxi_guanzhong,1997-03-28,0.35,0.347,0.351,0.355
shaanxi_guanzhong,1997-03-29,0.337,0.342,0.35,0.355
shaanxi_guanzhong,1997-03-30,0.325,0.336,0.348,0.355
shaanxi_guanzhong,1997-03-31,0.318,0.33,0.347,0.355
shaanxi_guanzhong,1997-04-01,0.316,0.327,0.346,0.355
shaanxi_guanzhong,1997-04-02,0.32,0.324,0.345,0.355
shaanxi_guanzhong,1997-04-03,0.415,0.377,0.345,0.355
shaanxi_guanzhong,1997-04-04,0.388,0.389,0.348,0.354
shaanxi_guanzhong,1997-04-05,0.37,0.377,0.349,0.354
shaanxi_guanzhong,1997-04-06,0.368,0.368,0.349,0.354
shaanxi_guanzhong,1997-04-07,0.414,0.398,0.351,0.354
shaanxi_guanzhong,1997-04-08,0.39,0.393,0.355,0.354
shaanxi_guanzhong,1997-04-09,0.375,0.382,0.355,0.354
shaanxi_guanzhong,1997-04-10,0.364,0.373,0.356,0.354
shaanxi_guanzhong,1997-04-11,0.355,0.365,0.355,0.354
shaanxi_guanzhong,1997-04-12,0.346,0.357,0.354,0.354
shaanxi_guanzhong,1997-04-13,0.341,0.351,0.353,0.354
shaanxi_guanzhong,1997-04-14,0.335,0.346,0.352,0.354
shaanxi_guanzhong,1997-04-15,0.326,0.339,0.351,0.354
shaanxi_guanzhong,1997-04-16,0.317,0.332,0.349,0.354
shaanxi_guanzhong,1997-04-17,0.316,0.326,0.347,0.354
shaanxi_guanzhong,1997-04-18,0.308,0.321,0.346,0.354
shaanxi_guanzhong,1997-04-19,0.311,0.318,0.345,0.354
shaanxi_guanzhong,1997-04-20,0.399,0.349,0.344,0.354
shaanxi_guanzhong,1997-04-21,0.385,0.371,0.345,0.353
shaanxi_guanzhong,1997-04-22,0.423,0.406,0.351,0.353
shaanxi_guanzhong,1997-04-23,0.409,0.412,0.365,0.353
shaanxi_guanzhong,1997-04-24,0.39,0.397,0.369,0.354
shaanxi_guanzhong,1997-04-25,0.376,0.385,0.369,0.354
shaanxi_guanzhong,1997-04-26,0.363,0.375,0.368,0.354
shaanxi_guanzhong,1997-04-27,0.352,0.365,0.366,0.354
shaanxi_guanzhong,1997-04-28,0.345,0.357,0.365,0.354
shaanxi_guanzhong,1997-04-29,0.337,0.35,0.363,0.354
shaanxi_guanzhong,1997-04-30,0.323,0.341,0.361,0.354
shaanxi_guanzhong,1997-05-01,0.312,0.332,0.358,0.354
shaanxi_guanzhong,1997-05-02,0.302,0.324,0.356,0.354
shaanxi_guanzhong,1997-05-03,0.293,0.316,0.353,0.354
shaanxi_guanzhong,1997-05-04,0.288,0.311,0.351,0.354
shaanxi_guanzhong,1997-05-05,0.287,0.306,0.349,0.353
shaanxi_guanzhong,1997-05-06,0.306,0.304,0.347,0.353
shaanxi_guanzhong,1997-05-07,0.345,0.306,0.345,0.353
shaanxi_guanzhong,1997-05-08,0.327,0.309,0.342,0.353
shaanxi_guanzhong,1997-05-09,0.358,0.314,0.341,0.353
shaanxi_guanzhong,1997-05-10,0.352,0.326,0.34,0.353
shaanxi_guanzhong,1997-05-11,0.337,0.326,0.339,0.353
shaanxi_guanzhong,1997-05-12,0.388,0.341,0.339,0.353
shaanxi_guanzhong,1997-05-13,0.366,0.352,0.339,0.353
shaanxi_guanzhong,1997-05-14,0.348,0.347,0.338,0.353
shaanxi_guanzhong,1997-05-15,0.332,0.34,0.337,0.353
shaanxi_guanzhong,1997-05-16,0.315,0.329,0.335,0.352
shaanxi_guanzhong,1997-05-17,0.302,0.32,0.333,0.352
shaanxi_guanzhong,1997-05-18,0.289,0.311,0.331,0.352
shaanxi_guanzhong,1997-05-19,0.274,0.301,0.328,0.352
shaanxi_guanzhong,1997-05-20,0.265,0.293,0.327,0.352
shaanxi_guanzhong,1997-05-21,0.263,0.288,0.325,0.352
shaanxi_guanzhong,1997-05-22,0.256,0.283,0.323,0.351
shaanxi_guanzhong,1997-05-23,0.246,0.276,0.321,0.351
shaanxi_guanzhong,1997-05-24,0.249,0.27,0.319,0.351
shaanxi_guanzhong,1997-05-25,0.271,0.267,0.317,0.351
shaanxi_guanzhong,1997-05-26,0.254,0.262,0.314,0.351
shaanxi_guanzhong,1997-05-27,0.246,0.259,0.312,0.35
shaanxi_guanzhong,1997-05-28,0.235,0.254,0.31,0.35
shaanxi_guanzhong,1997-05-29,0.226,0.249,0.308,0.35
shaanxi_guanzhong,1997-05-30,0.219,0.243,0.305,0.35
shaanxi_guanzhong,1997-05-31,0.207,0.238,0.302,0.349
shaanxi_guanzhong,1997-06-01,0.199,0.232,0.3,0.349
shaanxi_guanzhong,1997-06-02,0.199,0.228,0.297,0.349
shaanxi_guanzhong,1997-06-03,0.199,0.225,0.295,0.349
shaanxi_guanzhong,1997-06-04,0.189,0.22,0.292,0.348
shaanxi_guanzhong,1997-06-05,0.179,0.215,0.29,0.348
shaanxi_guanzhong,1997-06-06,0.174,0.211,0.287,0.348
shaanxi_guanzhong,1997-06-07,0.177,0.209,0.285,0.347
shaanxi_guanzhong,1997-06-08,0.18,0.208,0.284,0.347
shaanxi_guanzhong,1997-06-09,0.185,0.207,0.283,0.347
shaanxi_guanzhong,1997-06-10,0.176,0.203,0.28,0.347
shaanxi_guanzhong,1997-06-11,0.167,0.199,0.278,0.346
shaanxi_guanzhong,1997-06-12,0.16,0.195,0.275,0.346
shaanxi_guanzhong,1997-06-13,0.155,0.191,0.272,0.346
shaanxi_guanzhong,1997-06-14,0.151,0.188,0.27,0.345
shaanxi_guanzhong,1997-06-15,0.147,0.186,0.267,0.345
shaanxi_guanzhong,1997-06-16,0.147,0.184,0.265,0.344
shaanxi_guanzhong,1997-06-17,0.156,0.182,0.264,0.344
shaanxi_guanzhong,1997-06-18,0.151,0.18,0.262,0.344
shaanxi_guanzhong,1997-06-19,0.147,0.177,0.259,0.343
shaanxi_guanzhong,1997-06-20,0.144,0.176,0.258,0.343
shaanxi_guanzhong,1997-06-21,0.142,0.174,0.255,0.343
shaanxi_guanzhong,1997-06-22,0.139,0.171,0.253,0.342
shaanxi_guanzhong,1997-06-23,0.137,0.168,0.25,0.342
shaanxi_guanzhong,1997-06-24,0.135,0.166,0.247,0.341
shaanxi_guanzhong,1997-06-25,0.134,0.163,0.244,0.341
shaanxi_guanzhong,1997-06-26,0.133,0.161,0.241,0.34
shaanxi_guanzhong,1997-06-27,0.132,0.16,0.239,0.34
shaanxi_guanzhong,1997-06-28,0.132,0.159,0.237,0.339
shaanxi_guanzhong,1997-06-29,0.185,0.158,0.236,0.339
shaanxi_guanzhong,1997-06-30,0.224,0.159,0.236,0.339
shaanxi_guanzhong,1997-07-01,0.378,0.249,0.236,0.339
shaanxi_guanzhong,1997-07-02,0.41,0.386,0.24,0.338
shaanxi_guanzhong,1997-07-03,0.405,0.402,0.255,0.338
shaanxi_guanzhong,1997-07-04,0.399,0.386,0.263,0.338
shaanxi_guanzhong,1997-07-05,0.415,0.398,0.269,0.338
shaanxi_guanzhong,1997-07-06,0.388,0.39,0.277,0.338
shaanxi_guanzhong,1997-07-07,0.36,0.368,0.28,0.337
shaanxi_guanzhong,1997-07-08,0.338,0.35,0.281,0.337
shaanxi_guanzhong,1997-07-09,0.321,0.336,0.281,0.337
shaanxi_guanzhong,1997-07-10,0.307,0.324,0.281,0.337
shaanxi_guanzhong,1997-07-11,0.29,0.312,0.279,0.337
shaanxi_guanzhong,1997-07-12,0.29,0.303,0.279,0.336
shaanxi_guanzhong,1997-07-13,0.342,0.304,0.278,0.336
shaanxi_guanzhong,1997-07-14,0.312,0.301,0.277,0.336
shaanxi_guanzhong,1997-07-15,0.287,0.292,0.276,0.336
shaanxi_guanzhong,1997-07-16,0.268,0.283,0.274,0.336
shaanxi_guanzhong,1997-07-17,0.321,0.282,0.273,0.335
shaanxi_guanzhong,1997-07-18,0.418,0.365,0.278,0.335
shaanxi_guanzhong,1997-07-19,0.402,0.407,0.315,0.335
shaanxi_guanzhong,1997-07-20,0.373,0.382,0.319,0.335
shaanxi_guanzhong,1997-07-21,0.351,0.364,0.32,0.335
shaanxi_guanzhong,1997-07-22,0.331,0.348,0.318,0.335
shaanxi_guanzhong,1997-07-23,0.314,0.334,0.317,0.335
shaanxi_guanzhong,1997-07-24,0.299,0.322,0.315,0.335
shaanxi_guanzhong,1997-07-25,0.285,0.311,0.313,0.334
shaanxi_guanzhong,1997-07-26,0.271,0.3,0.311,0.334
shaanxi_guanzhong,1997-07-27,0.258,0.29,0.309,0.334
shaanxi_guanzhong,1997-07-28,0.246,0.28,0.306,0.334
shaanxi_guanzhong,1997-07-29,0.244,0.273,0.304,0.334
shaanxi_guanzhong,1997-07-30,0.234,0.266,0.302,0.334
shaanxi_guanzhong,1997-07-31,0.23,0.259,0.3,0.333
shaanxi_guanzhong,1997-08-01,0.229,0.254,0.298,0.333
shaanxi_guanzhong,1997-08-02,0.222,0.249,0.296,0.333
shaanxi_guanzhong,1997-08-03,0.215,0.244,0.294,0.333
shaanxi_guanzhong,1997-08-04,0.206,0.239,0.292,0.333
shaanxi_guanzhong,1997-08-05,0.196,0.233,0.289,0.333
shaanxi_guanzhong,1997-08-06,0.211,0.228,0.287,0.332
shaanxi_guanzhong,1997-08-07,0.308,0.232,0.287,0.332
shaanxi_guanzhong,1997-08-08,0.278,0.234,0.285,0.332
shaanxi_guanzhong,1997-08-09,0.25,0.23,0.282,0.332
shaanxi_guanzhong,1997-08-10,0.228,0.224,0.28,0.332
shaanxi_guanzhong,1997-08-11,0.209,0.218,0.277,0.331
shaanxi_guanzhong,1997-08-12,0.194,0.213,0.274,0.331
shaanxi_guanzhong,1997-08-13,0.183,0.208,0.271,0.331
shaanxi_guanzhong,1997-08-14,0.175,0.203,0.269,0.331
shaanxi_guanzhong,1997-08-15,0.203,0.201,0.267,0.33
shaanxi_guanzhong,1997-08-16,0.2,0.2,0.266,0.33
shaanxi_guanzhong,1997-08-17,0.192,0.198,0.265,0.33
shaanxi_guanzhong,1997-08-18,0.183,0.195,0.263,0.33
shaanxi_guanzhong,1997-08-19,0.172,0.191,0.26,0.329
shaanxi_guanzhong,1997-08-20,0.163,0.186,0.257,0.329
shaanxi_guanzhong,1997-08-21,0.156,0.183,0.254,0.329
shaanxi_guanzhong,1997-08-22,0.151,0.18,0.252,0.328
shaanxi_guanzhong,1997-08-23,0.148,0.177,0.249,0.328
shaanxi_guanzhong,1997-08-24,0.144,0.174,0.247,0.328
shaanxi_guanzhong,1997-08-25,0.141,0.171,0.244,0.327
shaanxi_guanzhong,1997-08-26,0.139,0.168,0.242,0.327
shaanxi_guanzhong,1997-08-27,0.137,0.166,0.239,0.327
shaanxi_guanzhong,1997-08-28,0.136,0.164,0.236,0.326
shaanxi_guanzhong,1997-08-29,0.134,0.161,0.234,0.326
shaanxi_guanzhong,1997-08-30,0.133,0.16,0.232,0.325
shaanxi_guanzhong,1997-08-31,0.135,0.159,0.23,0.325
shaanxi_guanzhong,1997-09-01,0.14,0.158,0.228,0.325
shaanxi_guanzhong,1997-09-02,0.138,0.156,0.226,0.324
shaanxi_guanzhong,1997-09-03,0.137,0.156,0.225,0.324
shaanxi_guanzhong,1997-09-04,0.135,0.154,0.223,0.324
shaanxi_guanzhong,1997-09-05,0.134,0.153,0.221,0.323
shaanxi_guanzhong,1997-09-06,0.133,0.152,0.218,0.323
shaanxi_guanzhong,1997-09-07,0.132,0.151,0.216,0.322
shaanxi_guanzhong,1997-09-08,0.131,0.15,0.214,0.322
shaanxi_guanzhong,1997-09-09,0.13,0.149,0.213,0.322
shaanxi_guanzhong,1997-09-10,0.13,0.149,0.211,0.321
shaanxi_guanzhong,1997-09-11,0.157,0.148,0.211,0.321
shaanxi_guanzhong,1997-09-12,0.374,0.2,0.211,0.321
shaanxi_guanzhong,1997-09-13,0.425,0.369,0.215,0.321
shaanxi_guanzhong,1997-09-14,0.427,0.415,0.239,0.32
shaanxi_guanzhong,1997-09-15,0.417,0.408,0.257,0.32
shaanxi_guanzhong,1997-09-16,0.391,0.388,0.266,0.32
shaanxi_guanzhong,1997-09-17,0.396,0.381,0.271,0.32
shaanxi_guanzhong,1997-09-18,0.385,0.382,0.275,0.32
shaanxi_guanzhong,1997-09-19,0.366,0.368,0.278,0.32
shaanxi_guanzhong,1997-09-20,0.352,0.357,0.28,0.32
shaanxi_guanzhong,1997-09-21,0.339,0.346,0.281,0.32
shaanxi_guanzhong,1997-09-22,0.327,0.337,0.281,0.32
shaanxi_guanzhong,1997-09-23,0.349,0.333,0.281,0.32
shaanxi_guanzhong,1997-09-24,0.389,0.359,0.282,0.319
shaanxi_guanzhong,1997-09-25,0.355,0.354,0.283,0.319
shaanxi_guanzhong,1997-09-26,0.338,0.343,0.284,0.319
shaanxi_guanzhong,1997-09-27,0.325,0.333,0.284,0.319
shaanxi_guanzhong,1997-09-28,0.314,0.325,0.284,0.319
shaanxi_guanzhong,1997-09-29,0.305,0.318,0.284,0.319
shaanxi_guanzhong,1997-09-30,0.302,0.313,0.283,0.319
shaanxi_guanzhong,1997-10-01,0.299,0.309,0.283,0.319
shaanxi_guanzhong,1997-10-02,0.339,0.309,0.283,0.319
shaanxi_guanzhong,1997-10-03,0.405,0.371,0.285,0.319
shaanxi_guanzhong,1997-10-04,0.373,0.369,0.288,0.319
shaanxi_guanzhong,1997-10-05,0.356,0.359,0.289,0.319
shaanxi_guanzhong,1997-10-06,0.344,0.349,0.29,0.318
shaanxi_guanzhong,1997-10-07,0.333,0.34,0.29,0.318
shaanxi_guanzhong,1997-10-08,0.334,0.334,0.291,0.318
shaanxi_guanzhong,1997-10-09,0.339,0.332,0.291,0.318
shaanxi_guanzhong,1997-10-10,0.325,0.327,0.291,0.318
shaanxi_guanzhong,1997-10-11,0.316,0.322,0.291,0.318
shaanxi_guanzhong,1997-10-12,0.31,0.317,0.29,0.318
shaanxi_guanzhong,1997-10-13,0.304,0.312,0.29,0.318
shaanxi_guanzhong,1997-10-14,0.299,0.309,0.29,0.318
shaanxi_guanzhong,1997-10-15,0.293,0.304,0.29,0.318
shaanxi_guanzhong,1997-10-16,0.287,0.3,0.289,0.318
shaanxi_guanzhong,1997-10-17,0.28,0.295,0.288,0.318
shaanxi_guanzhong,1997-10-18,0.275,0.29,0.288,0.318
shaanxi_guanzhong,1997-10-19,0.276,0.286,0.287,0.318
shaanxi_guanzhong,1997-10-20,0.267,0.282,0.286,0.317
shaanxi_guanzhong,1997-10-21,0.26,0.277,0.285,0.317
shaanxi_guanzhong,1997-10-22,0.254,0.273,0.284,0.317
shaanxi_guanzhong,1997-10-23,0.253,0.27,0.284,0.317
shaanxi_guanzhong,1997-10-24,0.252,0.268,0.283,0.317
shaanxi_guanzhong,1997-10-25,0.304,0.269,0.283,0.317
shaanxi_guanzhong,1997-10-26,0.305,0.273,0.283,0.317
shaanxi_guanzhong,1997-10-27,0.292,0.273,0.282,0.317
shaanxi_guanzhong,1997-10-28,0.282,0.272,0.282,0.317
shaanxi_guanzhong,1997-10-29,0.274,0.27,0.281,0.317
shaanxi_guanzhong,1997-10-30,0.267,0.268,0.281,0.317
shaanxi_guanzhong,1997-10-31,0.261,0.266,0.28,0.317
shaanxi_guanzhong,1997-11-01,0.257,0.265,0.28,0.317
shaanxi_guanzhong,1997-11-02,0.254,0.263,0.279,0.316
shaanxi_guanzhong,1997-11-03,0.249,0.261,0.279,0.316
shaanxi_guanzhong,1997-11-04,0.244,0.258,0.278,0.316
shaanxi_guanzhong,1997-11-05,0.24,0.256,0.278,0.316
shaanxi_guanzhong,1997-11-06,0.237,0.254,0.277,0.316
shaanxi_guanzhong,1997-11-07,0.235,0.252,0.277,0.316
shaanxi_guanzhong,1997-11-08,0.233,0.251,0.276,0.316
shaanxi_guanzhong,1997-11-09,0.238,0.25,0.276,0.316
shaanxi_guanzhong,1997-11-10,0.306,0.252,0.276,0.316
shaanxi_guanzhong,1997-11-11,0.362,0.268,0.276,0.316
shaanxi_guanzhong,1997-11-12,0.341,0.29,0.276,0.316
shaanxi_guanzhong,1997-11-13,0.32,0.293,0.276,0.316
shaanxi_guanzhong,1997-11-14,0.308,0.293,0.276,0.316
shaanxi_guanzhong,1997-11-15,0.299,0.292,0.275,0.316
shaanxi_guanzhong,1997-11-16,0.292,0.29,0.275,0.316
shaanxi_guanzhong,1997-11-17,0.288,0.288,0.275,0.315
shaanxi_guanzhong,1997-11-18,0.285,0.287,0.275,0.315
shaanxi_guanzhong,1997-11-19,0.282,0.285,0.275,0.315
shaanxi_guanzhong,1997-11-20,0.281,0.284,0.275,0.315
shaanxi_guanzhong,1997-11-21,0.281,0.283,0.275,0.315
shaanxi_guanzhong,1997-11-22,0.278,0.281,0.275,0.315
shaanxi_guanzhong,1997-11-23,0.275,0.279,0.275,0.315
shaanxi_guanzhong,1997-11-24,0.272,0.278,0.274,0.315
shaanxi_guanzhong,1997-11-25,0.3,0.278,0.274,0.315
shaanxi_guanzhong,1997-11-26,0.301,0.28,0.274,0.315
shaanxi_guanzhong,1997-11-27,0.315,0.281,0.274,0.315
shaanxi_guanzhong,1997-11-28,0.35,0.29,0.274,0.315
shaanxi_guanzhong,1997-11-29,0.34,0.298,0.274,0.315
shaanxi_guanzhong,1997-11-30,0.338,0.303,0.275,0.315
shaanxi_guanzhong,1997-12-01,0.348,0.309,0.275,0.315
shaanxi_guanzhong,1997-12-02,0.333,0.312,0.275,0.315
shaanxi_guanzhong,1997-12-03,0.328,0.313,0.276,0.314
shaanxi_guanzhong,1997-12-04,0.33,0.313,0.276,0.314
shaanxi_guanzhong,1997-12-05,0.331,0.313,0.276,0.314
shaanxi_guanzhong,1997-12-06,0.336,0.315,0.277,0.314
shaanxi_guanzhong,1997-12-07,0.329,0.315,0.277,0.314
shaanxi_guanzhong,1997-12-08,0.322,0.314,0.277,0.314
shaanxi_guanzhong,1997-12-09,0.32,0.314,0.278,0.314
shaanxi_guanzhong,1997-12-10,0.318,0.313,0.278,0.314
shaanxi_guanzhong,1997-12-11,0.316,0.312,0.279,0.314
shaanxi_guanzhong,1997-12-12,0.314,0.311,0.279,0.314
shaanxi_guanzhong,1997-12-13,0.313,0.31,0.279,0.314
shaanxi_guanzhong,1997-12-14,0.312,0.309,0.279,0.314
shaanxi_guanzhong,1997-12-15,0.311,0.308,0.28,0.314
shaanxi_guanzhong,1997-12-16,0.31,0.308,0.28,0.314
shaanxi_guanzhong,1997-12-17,0.307,0.306,0.28,0.314
shaanxi_guanzhong,1997-12-18,0.305,0.304,0.28,0.314
shaanxi_guanzhong,1997-12-19,0.302,0.303,0.28,0.314
shaanxi_guanzhong,1997-12-20,0.299,0.301,0.28,0.314
shaanxi_guanzhong,1997-12-21,0.322,0.301,0.28,0.314
shaanxi_guanzhong,1997-12-22,0.325,0.304,0.281,0.314
shaanxi_guanzhong,1997-12-23,0.32,0.305,0.281,0.314
shaanxi_guanzhong,1997-12-24,0.316,0.305,0.281,0.313
shaanxi_guanzhong,1997-12-25,0.317,0.306,0.281,0.313
shaanxi_guanzhong,1997-12-26,0.315,0.306,0.281,0.313
shaanxi_guanzhong,1997-12-27,0.311,0.305,0.281,0.313
shaanxi_guanzhong,1997-12-28,0.31,0.305,0.282,0.313
shaanxi_guanzhong,1997-12-29,0.318,0.304,0.282,0.313
shaanxi_guanzhong,1997-12-30,0.319,0.305,0.282,0.313
shaanxi_guanzhong,1997-12-31,0.329,0.307,0.282,0.313
shaanxi_guanzhong,1998-01-01,0.322,0.308,0.282,0.313
shaanxi_guanzhong,1998-01-02,0.316,0.308,0.282,0.313
shaanxi_guanzhong,1998-01-03,0.312,0.307,0.283,0.313
shaanxi_guanzhong,1998-01-04,0.309,0.306,0.283,0.313
shaanxi_guanzhong,1998-01-05,0.307,0.306,0.283,0.313
shaanxi_guanzhong,1998-01-06,0.305,0.305,0.283,0.313
shaanxi_guanzhong,1998-01-07,0.305,0.304,0.283,0.313
shaanxi_guanzhong,1998-01-08,0.305,0.303,0.283,0.313
shaanxi_guanzhong,1998-01-09,0.305,0.302,0.283,0.313
shaanxi_guanzhong,1998-01-10,0.303,0.301,0.283,0.313
shaanxi_guanzhong,1998-01-11,0.301,0.3,0.283,0.313
shaanxi_guanzhong,1998-01-12,0.299,0.299,0.283,0.313
shaanxi_guanzhong,1998-01-13,0.303,0.299,0.284,0.313
shaanxi_guanzhong,1998-01-14,0.312,0.299,0.284,0.313
shaanxi_guanzhong,1998-01-15,0.313,0.3,0.284,0.313
shaanxi_guanzhong,1998-01-16,0.31,0.301,0.284,0.313
shaanxi_guanzhong,1998-01-17,0.307,0.301,0.284,0.313
shaanxi_guanzhong,1998-01-18,0.304,0.301,0.284,0.312
shaanxi_guanzhong,1998-01-19,0.303,0.301,0.284,0.312
shaanxi_guanzhong,1998-01-20,0.309,0.3,0.284,0.312
shaanxi_guanzhong,1998-01-21,0.321,0.302,0.285,0.312
shaanxi_guanzhong,1998-01-22,0.324,0.304,0.285,0.312
shaanxi_guanzhong,1998-01-23,0.322,0.306,0.285,0.312
shaanxi_guanzhong,1998-01-24,0.318,0.306,0.285,0.312
shaanxi_guanzhong,1998-01-25,0.317,0.307,0.285,0.312
shaanxi_guanzhong,1998-01-26,0.321,0.307,0.286,0.312
shaanxi_guanzhong,1998-01-27,0.321,0.308,0.286,0.312
shaanxi_guanzhong,1998-01-28,0.317,0.308,0.286,0.312
shaanxi_guanzhong,1998-01-29,0.315,0.308,0.286,0.312
shaanxi_guanzhong,1998-01-30,0.314,0.308,0.286,0.312
shaanxi_guanzhong,1998-01-31,0.313,0.307,0.286,0.312
shaanxi_guanzhong,1998-02-01,0.316,0.307,0.286,0.312
shaanxi_guanzhong,1998-02-02,0.318,0.307,0.287,0.312
shaanxi_guanzhong,1998-02-03,0.317,0.307,0.287,0.312
shaanxi_guanzhong,1998-02-04,0.315,0.307,0.287,0.312
shaanxi_guanzhong,1998-02-05,0.312,0.306,0.287,0.312
shaanxi_guanzhong,1998-02-06,0.308,0.305,0.287,0.312
shaanxi_guanzhong,1998-02-07,0.305,0.304,0.287,0.312
shaanxi_guanzhong,1998-02-08,0.302,0.302,0.287,0.312
shaanxi_guanzhong,1998-02-09,0.298,0.3,0.287,0.312
shaanxi_guanzhong,1998-02-10,0.293,0.298,0.286,0.312
shaanxi_guanzhong,1998-02-11,0.29,0.296,0.286,0.312
shaanxi_guanzhong,1998-02-12,0.286,0.293,0.286,0.312
shaanxi_guanzhong,1998-02-13,0.283,0.291,0.286,0.312
shaanxi_guanzhong,1998-02-14,0.28,0.289,0.285,0.311
shaanxi_guanzhong,1998-02-15,0.277,0.286,0.285,0.311
shaanxi_guanzhong,1998-02-16,0.279,0.285,0.285,0.311
shaanxi_guanzhong,1998-02-17,0.327,0.287,0.285,0.311
shaanxi_guanzhong,1998-02-18,0.325,0.293,0.285,0.311
shaanxi_guanzhong,1998-02-19,0.316,0.295,0.285,0.311
shaanxi_guanzhong,1998-02-20,0.311,0.296,0.285,0.311
shaanxi_guanzhong,1998-02-21,0.306,0.295,0.284,0.311
shaanxi_guanzhong,1998-02-22,0.303,0.294,0.284,0.311
shaanxi_guanzhong,1998-02-23,0.299,0.293,0.284,0.311
shaanxi_guanzhong,1998-02-24,0.294,0.292,0.284,0.311
shaanxi_guanzhong,1998-02-25,0.289,0.29,0.284,0.311
shaanxi_guanzhong,1998-02-26,0.282,0.287,0.283,0.311
shaanxi_guanzhong,1998-02-27,0.276,0.284,0.283,0.311
shaanxi_guanzhong,1998-02-28,0.271,0.281,0.282,0.311
shaanxi_guanzhong,1998-03-01,0.27,0.279,0.282,0.311
shaanxi_guanzhong,1998-03-02,0.27,0.278,0.282,0.311
shaanxi_guanzhong,1998-03-03,0.268,0.276,0.281,0.311
shaanxi_guanzhong,1998-03-04,0.262,0.273,0.281,0.311
shaanxi_guanzhong,1998-03-05,0.257,0.27,0.28,0.311
shaanxi_guanzhong,1998-03-06,0.284,0.269,0.28,0.31
shaanxi_guanzhong,1998-03-07,0.397,0.303,0.28,0.31
shaanxi_guanzhong,1998-03-08,0.383,0.343,0.281,0.31
shaanxi_guanzhong,1998-03-09,0.39,0.354,0.283,0.31
shaanxi_guanzhong,1998-03-10,0.393,0.364,0.285,0.31
shaanxi_guanzhong,1998-03-11,0.385,0.368,0.288,0.31
shaanxi_guanzhong,1998-03-12,0.381,0.366,0.29,0.31
shaanxi_guanzhong,1998-03-13,0.374,0.363,0.292,0.31
shaanxi_guanzhong,1998-03-14,0.363,0.358,0.294,0.31
shaanxi_guanzhong,1998-03-15,0.351,0.351,0.294,0.31
shaanxi_guanzhong,1998-03-16,0.34,0.343,0.295,0.31
shaanxi_guanzhong,1998-03-17,0.33,0.336,0.295,0.31
shaanxi_guanzhong,1998-03-18,0.322,0.33,0.295,0.31
shaanxi_guanzhong,1998-03-19,0.317,0.325,0.294,0.31
shaanxi_guanzhong,1998-03-20,0.314,0.321,0.294,0.31
shaanxi_guanzhong,1998-03-21,0.313,0.317,0.294,0.31
shaanxi_guanzhong,1998-03-22,0.315,0.315,0.294,0.31
shaanxi_guanzhong,1998-03-23,0.319,0.313,0.294,0.31
shaanxi_guanzhong,1998-03-24,0.32,0.312,0.294,0.31
shaanxi_guanzhong,1998-03-25,0.316,0.311,0.294,0.31
shaanxi_guanzhong,1998-03-26,0.309,0.308,0.294,0.31
shaanxi_guanzhong,1998-03-27,0.297,0.303,0.293,0.31
shaanxi_guanzhong,1998-03-28,0.287,0.297,0.292,0.31
shaanxi_guanzhong,1998-03-29,0.277,0.292,0.291,0.31
shaanxi_guanzhong,1998-03-30,0.27,0.286,0.29,0.309
shaanxi_guanzhong,1998-03-31,0.334,0.289,0.289,0.309
shaanxi_guanzhong,1998-04-01,0.342,0.302,0.289,0.309
shaanxi_guanzhong,1998-04-02,0.32,0.302,0.288,0.309
shaanxi_guanzhong,1998-04-03,0.305,0.299,0.288,0.309
shaanxi_guanzhong,1998-04-04,0.296,0.295,0.287,0.309
shaanxi_guanzhong,1998-04-05,0.291,0.292,0.286,0.309
shaanxi_guanzhong,1998-04-06,0.373,0.307,0.286,0.309
shaanxi_guanzhong,1998-04-07,0.369,0.342,0.287,0.309
shaanxi_guanzhong,1998-04-08,0.344,0.337,0.287,0.309
shaanxi_guanzhong,1998-04-09,0.326,0.329,0.287,0.309
shaanxi_guanzhong,1998-04-10,0.313,0.321,0.287,0.309
shaanxi_guanzhong,1998-04-11,0.38,0.332,0.287,0.309
shaanxi_guanzhong,1998-04-12,0.356,0.341,0.287,0.309
shaanxi_guanzhong,1998-04-13,0.333,0.332,0.287,0.309
shaanxi_guanzhong,1998-04-14,0.316,0.323,0.287,0.309
shaanxi_guanzhong,1998-04-15,0.303,0.314,0.286,0.309
shaanxi_guanzhong,1998-04-16,0.291,0.306,0.285,0.308
shaanxi_guanzhong,1998-04-17,0.278,0.297,0.284,0.308
shaanxi_guanzhong,1998-04-18,0.267,0.289,0.283,0.308
shaanxi_guanzhong,1998-04-19,0.257,0.281,0.281,0.308
shaanxi_guanzhong,1998-04-20,0.246,0.273,0.28,0.308
shaanxi_guanzhong,1998-04-21,0.236,0.265,0.278,0.308
shaanxi_guanzhong,1998-04-22,0.226,0.258,0.277,0.308
shaanxi_guanzhong,1998-04-23,0.235,0.253,0.275,0.308
shaanxi_guanzhong,1998-04-24,0.231,0.249,0.274,0.308
shaanxi_guanzhong,1998-04-25,0.22,0.243,0.272,0.307
shaanxi_guanzhong,1998-04-26,0.21,0.237,0.271,0.307
shaanxi_guanzhong,1998-04-27,0.2,0.231,0.269,0.307
shaanxi_guanzhong,1998-04-28,0.197,0.225,0.267,0.307
shaanxi_guanzhong,1998-04-29,0.251,0.224,0.266,0.307
shaanxi_guanzhong,1998-04-30,0.32,0.231,0.265,0.307
shaanxi_guanzhong,1998-05-01,0.347,0.26,0.265,0.307
shaanxi_guanzhong,1998-05-02,0.306,0.264,0.264,0.307
shaanxi_guanzhong,1998-05-03,0.285,0.26,0.263,0.306
shaanxi_guanzhong,1998-05-04,0.286,0.257,0.262,0.306
shaanxi_guanzhong,1998-05-05,0.267,0.253,0.261,0.306
shaanxi_guanzhong,1998-05-06,0.314,0.254,0.26,0.306
shaanxi_guanzhong,1998-05-07,0.368,0.287,0.26,0.306
shaanxi_guanzhong,1998-05-08,0.348,0.296,0.26,0.306
shaanxi_guanzhong,1998-05-09,0.409,0.334,0.261,0.306
shaanxi_guanzhong,1998-05-10,0.398,0.378,0.265,0.306
shaanxi_guanzhong,1998-05-11,0.368,0.366,0.269,0.306
shaanxi_guanzhong,1998-05-12,0.363,0.355,0.271,0.306
shaanxi_guanzhong,1998-05-13,0.376,0.358,0.273,0.306
shaanxi_guanzhong,1998-05-14,0.352,0.35,0.274,0.306
shaanxi_guanzhong,1998-05-15,0.35,0.341,0.274,0.306
shaanxi_guanzhong,1998-05-16,0.368,0.345,0.275,0.306
shaanxi_guanzhong,1998-05-17,0.337,0.336,0.275,0.305
shaanxi_guanzhong,1998-05-18,0.317,0.325,0.275,0.305
shaanxi_guanzhong,1998-05-19,0.326,0.318,0.274,0.305
shaanxi_guanzhong,1998-05-20,0.381,0.341,0.275,0.305
shaanxi_guanzhong,1998-05-21,0.419,0.417,0.294,0.305
shaanxi_guanzhong,1998-05-22,0.4,0.399,0.306,0.305
shaanxi_guanzhong,1998-05-23,0.415,0.408,0.313,0.305
shaanxi_guanzhong,1998-05-24,0.391,0.396,0.321,0.305
shaanxi_guanzhong,1998-05-25,0.369,0.378,0.323,0.305
shaanxi_guanzhong,1998-05-26,0.354,0.364,0.323,0.305
shaanxi_guanzhong,1998-05-27,0.344,0.354,0.323,0.305
shaanxi_guanzhong,1998-05-28,0.331,0.344,0.322,0.305
shaanxi_guanzhong,1998-05-29,0.32,0.335,0.321,0.305
shaanxi_guanzhong,1998-05-30,0.327,0.327,0.319,0.306
shaanxi_guanzhong,1998-05-31,0.421,0.381,0.32,0.306
shaanxi_guanzhong,1998-06-01,0.403,0.404,0.329,0.306
shaanxi_guanzhong,1998-06-02,0.375,0.383,0.331,0.306
shaanxi_guanzhong,1998-06-03,0.357,0.368,0.331,0.306
shaanxi_guanzhong,1998-06-04,0.344,0.357,0.33,0.306
shaanxi_guanzhong,1998-06-05,0.329,0.345,0.329,0.306
shaanxi_guanzhong,1998-06-06,0.317,0.334,0.328,0.306
shaanxi_guanzhong,1998-06-07,0.376,0.34,0.326,0.306
shaanxi_guanzhong,1998-06-08,0.382,0.358,0.327,0.306
shaanxi_guanzhong,1998-06-09,0.353,0.353,0.326,0.306
shaanxi_guanzhong,1998-06-10,0.335,0.343,0.325,0.306
shaanxi_guanzhong,1998-06-11,0.369,0.343,0.324,0.306
shaanxi_guanzhong,1998-06-12,0.37,0.356,0.324,0.306
shaanxi_guanzhong,1998-06-13,0.359,0.351,0.324,0.306
shaanxi_guanzhong,1998-06-14,0.347,0.346,0.323,0.306
shaanxi_guanzhong,1998-06-15,0.334,0.339,0.323,0.306
shaanxi_guanzhong,1998-06-16,0.326,0.333,0.322,0.306
shaanxi_guanzhong,1998-06-17,0.327,0.327,0.321,0.307
shaanxi_guanzhong,1998-06-18,0.324,0.323,0.32,0.307
shaanxi_guanzhong,1998-06-19,0.304,0.315,0.318,0.307
shaanxi_guanzhong,1998-06-20,0.288,0.306,0.316,0.306
shaanxi_guanzhong,1998-06-21,0.271,0.295,0.313,0.306
shaanxi_guanzhong,1998-06-22,0.272,0.288,0.311,0.306
shaanxi_guanzhong,1998-06-23,0.29,0.287,0.311,0.306
shaanxi_guanzhong,1998-06-24,0.286,0.285,0.31,0.306
shaanxi_guanzhong,1998-06-25,0.277,0.282,0.308,0.306
shaanxi_guanzhong,1998-06-26,0.262,0.276,0.306,0.306
shaanxi_guanzhong,1998-06-27,0.246,0.268,0.304,0.306
shaanxi_guanzhong,1998-06-28,0.232,0.261,0.301,0.306
shaanxi_guanzhong,1998-06-29,0.22,0.253,0.299,0.306
shaanxi_guanzhong,1998-06-30,0.209,0.246,0.296,0.306
shaanxi_guanzhong,1998-07-01,0.279,0.245,0.295,0.306
shaanxi_guanzhong,1998-07-02,0.285,0.248,0.293,0.306
shaanxi_guanzhong,1998-07-03,0.262,0.245,0.291,0.306
shaanxi_guanzhong,1998-07-04,0.243,0.241,0.289,0.305
shaanxi_guanzhong,1998-07-05,0.313,0.249,0.288,0.305
shaanxi_guanzhong,1998-07-06,0.379,0.293,0.288,0.305
shaanxi_guanzhong,1998-07-07,0.428,0.4,0.304,0.305
shaanxi_guanzhong,1998-07-08,0.43,0.429,0.354,0.306
shaanxi_guanzhong,1998-07-09,0.428,0.427,0.391,0.307
shaanxi_guanzhong,1998-07-10,0.425,0.424,0.398,0.309
shaanxi_guanzhong,1998-07-11,0.407,0.414,0.4,0.311
shaanxi_guanzhong,1998-07-12,0.396,0.403,0.398,0.312
shaanxi_guanzhong,1998-07-13,0.4,0.4,0.396,0.313
shaanxi_guanzhong,1998-07-14,0.417,0.418,0.399,0.315
shaanxi_guanzhong,1998-07-15,0.421,0.424,0.408,0.317
shaanxi_guanzhong,1998-07-16,0.418,0.421,0.411,0.319
shaanxi_guanzhong,1998-07-17,0.393,0.406,0.408,0.321
shaanxi_guanzhong,1998-07-18,0.374,0.389,0.403,0.323
shaanxi_guanzhong,1998-07-19,0.361,0.376,0.399,0.324
shaanxi_guanzhong,1998-07-20,0.35,0.366,0.395,0.325
shaanxi_guanzhong,1998-07-21,0.336,0.355,0.39,0.326
shaanxi_guanzhong,1998-07-22,0.335,0.346,0.386,0.326
shaanxi_guanzhong,1998-07-23,0.37,0.348,0.382,0.327
shaanxi_guanzhong,1998-07-24,0.342,0.345,0.379,0.327
shaanxi_guanzhong,1998-07-25,0.327,0.338,0.376,0.327
shaanxi_guanzhong,1998-07-26,0.315,0.331,0.372,0.328
shaanxi_guanzhong,1998-07-27,0.403,0.378,0.375,0.328
shaanxi_guanzhong,1998-07-28,0.398,0.409,0.389,0.329
shaanxi_guanzhong,1998-07-29,0.382,0.393,0.389,0.329
shaanxi_guanzhong,1998-07-30,0.373,0.383,0.386,0.33
shaanxi_guanzhong,1998-07-31,0.363,0.374,0.384,0.33
shaanxi_guanzhong,1998-08-01,0.354,0.365,0.382,0.331
shaanxi_guanzhong,1998-08-02,0.353,0.358,0.379,0.331
shaanxi_guanzhong,1998-08-03,0.348,0.352,0.377,0.331
shaanxi_guanzhong,1998-08-04,0.338,0.346,0.374,0.332
shaanxi_guanzhong,1998-08-05,0.344,0.342,0.372,0.332
shaanxi_guanzhong,1998-08-06,0.376,0.349,0.371,0.332
shaanxi_guanzhong,1998-08-07,0.365,0.357,0.369,0.332
shaanxi_guanzhong,1998-08-08,0.344,0.35,0.367,0.333
shaanxi_guanzhong,1998-08-09,0.395,0.375,0.367,0.333
shaanxi_guanzhong,1998-08-10,0.39,0.392,0.369,0.333
shaanxi_guanzhong,1998-08-11,0.372,0.38,0.369,0.333
shaanxi_guanzhong,1998-08-12,0.362,0.371,0.368,0.333
shaanxi_guanzhong,1998-08-13,0.387,0.381,0.368,0.333
shaanxi_guanzhong,1998-08-14,0.427,0.428,0.399,0.334
shaanxi_guanzhong,1998-08-15,0.405,0.415,0.409,0.336
shaanxi_guanzhong,1998-08-16,0.388,0.4,0.406,0.337
shaanxi_guanzhong,1998-08-17,0.386,0.391,0.402,0.338
shaanxi_guanzhong,1998-08-18,0.373,0.383,0.399,0.339
shaanxi_guanzhong,1998-08-19,0.362,0.373,0.396,0.34
shaanxi_guanzhong,1998-08-20,0.398,0.384,0.393,0.341
shaanxi_guanzhong,1998-08-21,0.421,0.426,0.413,0.342
shaanxi_guanzhong,1998-08-22,0.399,0.409,0.419,0.345
shaanxi_guanzhong,1998-08-23,0.393,0.397,0.414,0.347
shaanxi_guanzhong,1998-08-24,0.41,0.405,0.411,0.349
shaanxi_guanzhong,1998-08-25,0.418,0.414,0.411,0.35
shaanxi_guanzhong,1998-08-26,0.426,0.429,0.422,0.353
shaanxi_guanzhong,1998-08-27,0.402,0.412,0.425,0.358
shaanxi_guanzhong,1998-08-28,0.387,0.397,0.418,0.36
shaanxi_guanzhong,1998-08-29,0.375,0.386,0.413,0.362
shaanxi_guanzhong,1998-08-30,0.362,0.375,0.408,0.364
shaanxi_guanzhong,1998-08-31,0.35,0.365,0.403,0.365
shaanxi_guanzhong,1998-09-01,0.345,0.358,0.399,0.365
shaanxi_guanzhong,1998-09-02,0.36,0.356,0.396,0.366
shaanxi_guanzhong,1998-09-03,0.362,0.359,0.393,0.366
shaanxi_guanzhong,1998-09-04,0.345,0.354,0.39,0.367
shaanxi_guanzhong,1998-09-05,0.332,0.347,0.387,0.367
shaanxi_guanzhong,1998-09-06,0.319,0.338,0.384,0.367
shaanxi_guanzhong,1998-09-07,0.309,0.331,0.38,0.367
shaanxi_guanzhong,1998-09-08,0.299,0.323,0.377,0.367
shaanxi_guanzhong,1998-09-09,0.29,0.317,0.373,0.367
shaanxi_guanzhong,1998-09-10,0.282,0.31,0.37,0.367
shaanxi_guanzhong,1998-09-11,0.274,0.304,0.366,0.367
shaanxi_guanzhong,1998-09-12,0.266,0.299,0.363,0.367
shaanxi_guanzhong,1998-09-13,0.259,0.294,0.36,0.367
shaanxi_guanzhong,1998-09-14,0.253,0.289,0.356,0.367
shaanxi_guanzhong,1998-09-15,0.274,0.287,0.354,0.366
shaanxi_guanzhong,1998-09-16,0.338,0.293,0.353,0.366
shaanxi_guanzhong,1998-09-17,0.377,0.312,0.352,0.366
shaanxi_guanzhong,1998-09-18,0.423,0.379,0.352,0.366
shaanxi_guanzhong,1998-09-19,0.426,0.427,0.383,0.366
shaanxi_guanzhong,1998-09-20,0.401,0.411,0.396,0.367
shaanxi_guanzhong,1998-09-21,0.385,0.397,0.396,0.367
shaanxi_guanzhong,1998-09-22,0.382,0.389,0.394,0.367
shaanxi_guanzhong,1998-09-23,0.379,0.385,0.393,0.368
shaanxi_guanzhong,1998-09-24,0.37,0.379,0.391,0.368
shaanxi_guanzhong,1998-09-25,0.369,0.374,0.39,0.369
shaanxi_guanzhong,1998-09-26,0.361,0.37,0.388,0.369
shaanxi_guanzhong,1998-09-27,0.35,0.363,0.386,0.369
shaanxi_guanzhong,1998-09-28,0.341,0.355,0.383,0.369
shaanxi_guanzhong,1998-09-29,0.332,0.348,0.381,0.369
shaanxi_guanzhong,1998-09-30,0.325,0.342,0.379,0.369
shaanxi_guanzhong,1998-10-01,0.319,0.337,0.376,0.369
shaanxi_guanzhong,1998-10-02,0.32,0.333,0.374,0.369
shaanxi_guanzhong,1998-10-03,0.4,0.353,0.372,0.369
shaanxi_guanzhong,1998-10-04,0.394,0.373,0.372,0.369
shaanxi_guanzhong,1998-10-05,0.4,0.385,0.373,0.369
shaanxi_guanzhong,1998-10-06,0.395,0.392,0.374,0.369
shaanxi_guanzhong,1998-10-07,0.379,0.385,0.374,0.369
shaanxi_guanzhong,1998-10-08,0.37,0.378,0.374,0.369
shaanxi_guanzhong,1998-10-09,0.407,0.392,0.374,0.369
shaanxi_guanzhong,1998-10-10,0.395,0.394,0.376,0.37
shaanxi_guanzhong,1998-10-11,0.382,0.388,0.377,0.37
shaanxi_guanzhong,1998-10-12,0.384,0.382,0.377,0.37
shaanxi_guanzhong,1998-10-13,0.396,0.388,0.377,0.37
shaanxi_guanzhong,1998-10-14,0.381,0.385,0.377,0.37
shaanxi_guanzhong,1998-10-15,0.369,0.378,0.376,0.37
shaanxi_guanzhong,1998-10-16,0.377,0.374,0.375,0.37
shaanxi_guanzhong,1998-10-17,0.385,0.381,0.375,0.37
shaanxi_guanzhong,1998-10-18,0.37,0.376,0.375,0.37
shaanxi_guanzhong,1998-10-19,0.363,0.371,0.374,0.37
shaanxi_guanzhong,1998-10-20,0.357,0.366,0.373,0.37
shaanxi_guanzhong,1998-10-21,0.352,0.362,0.372,0.37
shaanxi_guanzhong,1998-10-22,0.348,0.357,0.371,0.37
shaanxi_guanzhong,1998-10-23,0.342,0.352,0.37,0.37
shaanxi_guanzhong,1998-10-24,0.337,0.348,0.369,0.37
shaanxi_guanzhong,1998-10-25,0.366,0.35,0.367,0.37
shaanxi_guanzhong,1998-10-26,0.353,0.351,0.367,0.37
shaanxi_guanzhong,1998-10-27,0.397,0.362,0.366,0.37
shaanxi_guanzhong,1998-10-28,0.403,0.394,0.367,0.37
shaanxi_guanzhong,1998-10-29,0.407,0.399,0.369,0.37
shaanxi_guanzhong,1998-10-30,0.393,0.395,0.371,0.37
shaanxi_guanzhong,1998-10-31,0.385,0.389,0.372,0.37
shaanxi_guanzhong,1998-11-01,0.374,0.382,0.372,0.37
shaanxi_guanzhong,1998-11-02,0.366,0.375,0.372,0.37
shaanxi_guanzhong,1998-11-03,0.36,0.369,0.371,0.37
shaanxi_guanzhong,1998-11-04,0.354,0.364,0.371,0.37
shaanxi_guanzhong,1998-11-05,0.35,0.36,0.37,0.37
shaanxi_guanzhong,1998-11-06,0.346,0.356,0.369,0.37
shaanxi_guanzhong,1998-11-07,0.346,0.353,0.368,0.37
shaanxi_guanzhong,1998-11-08,0.346,0.351,0.367,0.369
shaanxi_guanzhong,1998-11-09,0.339,0.348,0.366,0.369
shaanxi_guanzhong,1998-11-10,0.335,0.344,0.365,0.369
shaanxi_guanzhong,1998-11-11,0.332,0.342,0.364,0.369
shaanxi_guanzhong,1998-11-12,0.334,0.34,0.363,0.369
shaanxi_guanzhong,1998-11-13,0.329,0.338,0.362,0.369
shaanxi_guanzhong,1998-11-14,0.325,0.335,0.361,0.369
shaanxi_guanzhong,1998-11-15,0.323,0.333,0.359,0.369
shaanxi_guanzhong,1998-11-16,0.319,0.331,0.358,0.369
shaanxi_guanzhong,1998-11-17,0.316,0.328,0.357,0.369
shaanxi_guanzhong,1998-11-18,0.314,0.326,0.356,0.369
shaanxi_guanzhong,1998-11-19,0.312,0.324,0.355,0.369
shaanxi_guanzhong,1998-11-20,0.319,0.323,0.354,0.369
shaanxi_guanzhong,1998-11-21,0.351,0.328,0.353,0.369
shaanxi_guanzhong,1998-11-22,0.335,0.329,0.352,0.368
shaanxi_guanzhong,1998-11-23,0.328,0.328,0.351,0.368
shaanxi_guanzhong,1998-11-24,0.322,0.327,0.35,0.368
shaanxi_guanzhong,1998-11-25,0.322,0.326,0.349,0.368
shaanxi_guanzhong,1998-11-26,0.343,0.327,0.349,0.368
shaanxi_guanzhong,1998-11-27,0.354,0.333,0.348,0.368
shaanxi_guanzhong,1998-11-28,0.341,0.334,0.348,0.368
shaanxi_guanzhong,1998-11-29,0.339,0.334,0.347,0.368
shaanxi_guanzhong,1998-11-30,0.339,0.335,0.347,0.368
shaanxi_guanzhong,1998-12-01,0.357,0.336,0.346,0.368
shaanxi_guanzhong,1998-12-02,0.376,0.348,0.346,0.367
shaanxi_guanzhong,1998-12-03,0.364,0.353,0.346,0.367
shaanxi_guanzhong,1998-12-04,0.36,0.353,0.347,0.367
shaanxi_guanzhong,1998-12-05,0.358,0.353,0.346,0.367
shaanxi_guanzhong,1998-12-06,0.358,0.352,0.346,0.367
shaanxi_guanzhong,1998-12-07,0.355,0.352,0.346,0.367
shaanxi_guanzhong,1998-12-08,0.351,0.351,0.346,0.367
shaanxi_guanzhong,1998-12-09,0.349,0.349,0.346,0.367
shaanxi_guanzhong,1998-12-10,0.347,0.348,0.346,0.367
shaanxi_guanzhong,1998-12-11,0.345,0.347,0.346,0.367
shaanxi_guanzhong,1998-12-12,0.343,0.345,0.345,0.367
shaanxi_guanzhong,1998-12-13,0.341,0.344,0.345,0.366
shaanxi_guanzhong,1998-12-14,0.339,0.342,0.345,0.366
shaanxi_guanzhong,1998-12-15,0.336,0.34,0.344,0.366
shaanxi_guanzhong,1998-12-16,0.334,0.338,0.344,0.366
shaanxi_guanzhong,1998-12-17,0.332,0.337,0.344,0.366
shaanxi_guanzhong,1998-12-18,0.33,0.335,0.343,0.366
shaanxi_guanzhong,1998-12-19,0.328,0.334,0.343,0.366
shaanxi_guanzhong,1998-12-20,0.326,0.332,0.342,0.366
shaanxi_guanzhong,1998-12-21,0.324,0.33,0.342,0.366
shaanxi_guanzhong,1998-12-22,0.321,0.328,0.341,0.366
shaanxi_guanzhong,1998-12-23,0.32,0.327,0.341,0.365
shaanxi_guanzhong,1998-12-24,0.319,0.326,0.34,0.365
shaanxi_guanzhong,1998-12-25,0.317,0.324,0.34,0.365
shaanxi_guanzhong,1998-12-26,0.315,0.323,0.339,0.365
shaanxi_guanzhong,1998-12-27,0.313,0.321,0.339,0.365
shaanxi_guanzhong,1998-12-28,0.311,0.319,0.338,0.365
shaanxi_guanzhong,1998-12-29,0.311,0.318,0.337,0.365
shaanxi_guanzhong,1998-12-30,0.327,0.318,0.337,0.365
shaanxi_guanzhong,1998-12-31,0.322,0.319,0.336,0.365
shaanxi_guanzhong,1999-01-01,0.319,0.319,0.336,0.364
shaanxi_guanzhong,1999-01-02,0.315,0.318,0.335,0.364
shaanxi_guanzhong,1999-01-03,0.312,0.317,0.335,0.364
shaanxi_guanzhong,1999-01-04,0.311,0.316,0.334,0.364
shaanxi_guanzhong,1999-01-05,0.309,0.315,0.334,0.364
shaanxi_guanzhong,1999-01-06,0.307,0.314,0.333,0.364
shaanxi_guanzhong,1999-01-07,0.306,0.313,0.333,0.364
shaanxi_guanzhong,1999-01-08,0.305,0.313,0.333,0.364
shaanxi_guanzhong,1999-01-09,0.305,0.312,0.332,0.364
shaanxi_guanzhong,1999-01-10,0.304,0.312,0.332,0.363
shaanxi_guanzhong,1999-01-11,0.304,0.311,0.331,0.363
shaanxi_guanzhong,1999-01-12,0.304,0.311,0.331,0.363
shaanxi_guanzhong,1999-01-13,0.304,0.311,0.331,0.363
shaanxi_guanzhong,1999-01-14,0.305,0.311,0.331,0.363
shaanxi_guanzhong,1999-01-15,0.307,0.311,0.33,0.363
shaanxi_guanzhong,1999-01-16,0.311,0.311,0.33,0.363
shaanxi_guanzhong,1999-01-17,0.316,0.312,0.33,0.363
shaanxi_guanzhong,1999-01-18,0.32,0.313,0.33,0.363
shaanxi_guanzhong,1999-01-19,0.319,0.314,0.329,0.362
shaanxi_guanzhong,1999-01-20,0.317,0.314,0.329,0.362
shaanxi_guanzhong,1999-01-21,0.316,0.314,0.329,0.362
shaanxi_guanzhong,1999-01-22,0.315,0.314,0.328,0.362
shaanxi_guanzhong,1999-01-23,0.313,0.314,0.328,0.362
shaanxi_guanzhong,1999-01-24,0.31,0.313,0.328,0.362
shaanxi_guanzhong,1999-01-25,0.307,0.312,0.327,0.362
shaanxi_guanzhong,1999-01-26,0.305,0.311,0.327,0.362
shaanxi_guanzhong,1999-01-27,0.303,0.309,0.326,0.361
shaanxi_guanzhong,1999-01-28,0.3,0.308,0.326,0.361
shaanxi_guanzhong,1999-01-29,0.298,0.306,0.325,0.361
shaanxi_guanzhong,1999-01-30,0.296,0.305,0.325,0.361
shaanxi_guanzhong,1999-01-31,0.297,0.304,0.324,0.361
shaanxi_guanzhong,1999-02-01,0.3,0.303,0.324,0.361
shaanxi_guanzhong,1999-02-02,0.295,0.302,0.323,0.361
shaanxi_guanzhong,1999-02-03,0.293,0.301,0.323,0.361
shaanxi_guanzhong,1999-02-04,0.292,0.3,0.322,0.36
shaanxi_guanzhong,1999-02-05,0.29,0.299,0.322,0.36
shaanxi_guanzhong,1999-02-06,0.287,0.297,0.321,0.36
shaanxi_guanzhong,1999-02-07,0.284,0.295,0.321,0.36
shaanxi_guanzhong,1999-02-08,0.281,0.293,0.32,0.36
shaanxi_guanzhong,1999-02-09,0.279,0.292,0.319,0.36
shaanxi_guanzhong,1999-02-10,0.276,0.289,0.318,0.36
shaanxi_guanzhong,1999-02-11,0.272,0.287,0.318,0.359
shaanxi_guanzhong,1999-02-12,0.269,0.285,0.317,0.359
shaanxi_guanzhong,1999-02-13,0.267,0.283,0.316,0.359
shaanxi_guanzhong,1999-02-14,0.264,0.281,0.315,0.359
shaanxi_guanzhong,1999-02-15,0.26,0.278,0.314,0.359
shaanxi_guanzhong,1999-02-16,0.257,0.276,0.313,0.359
shaanxi_guanzhong,1999-02-17,0.255,0.275,0.313,0.358
shaanxi_guanzhong,1999-02-18,0.253,0.273,0.312,0.358
shaanxi_guanzhong,1999-02-19,0.252,0.272,0.311,0.358
shaanxi_guanzhong,1999-02-20,0.252,0.271,0.311,0.358
shaanxi_guanzhong,1999-02-21,0.251,0.27,0.31,0.358
shaanxi_guanzhong,1999-02-22,0.25,0.269,0.309,0.358
shaanxi_guanzhong,1999-02-23,0.248,0.267,0.309,0.357
shaanxi_guanzhong,1999-02-24,0.245,0.265,0.308,0.357
shaanxi_guanzhong,1999-02-25,0.248,0.264,0.307,0.357
shaanxi_guanzhong,1999-02-26,0.266,0.264,0.307,0.357
shaanxi_guanzhong,1999-02-27,0.261,0.264,0.306,0.357
shaanxi_guanzhong,1999-02-28,0.255,0.262,0.305,0.357
shaanxi_guanzhong,1999-03-01,0.249,0.26,0.304,0.356
shaanxi_guanzhong,1999-03-02,0.244,0.258,0.303,0.356
shaanxi_guanzhong,1999-03-03,0.238,0.256,0.302,0.356
shaanxi_guanzhong,1999-03-04,0.232,0.253,0.301,0.356
shaanxi_guanzhong,1999-03-05,0.226,0.25,0.299,0.356
shaanxi_guanzhong,1999-03-06,0.223,0.248,0.298,0.355
shaanxi_guanzhong,1999-03-07,0.222,0.246,0.298,0.355
shaanxi_guanzhong,1999-03-08,0.22,0.245,0.297,0.355
shaanxi_guanzhong,1999-03-09,0.223,0.245,0.296,0.355
shaanxi_guanzhong,1999-03-10,0.225,0.244,0.296,0.355
shaanxi_guanzhong,1999-03-11,0.222,0.242,0.295,0.354
shaanxi_guanzhong,1999-03-12,0.218,0.241,0.294,0.354
shaanxi_guanzhong,1999-03-13,0.22,0.24,0.293,0.354
shaanxi_guanzhong,1999-03-14,0.272,0.24,0.293,0.354
shaanxi_guanzhong,1999-03-15,0.263,0.241,0.292,0.354
shaanxi_guanzhong,1999-03-16,0.25,0.239,0.291,0.353
shaanxi_guanzhong,1999-03-17,0.246,0.238,0.289,0.353
shaanxi_guanzhong,1999-03-18,0.364,0.251,0.289,0.353
shaanxi_guanzhong,1999-03-19,0.388,0.305,0.289,0.353
shaanxi_guanzhong,1999-03-20,0.359,0.324,0.29,0.353
shaanxi_guanzhong,1999-03-21,0.343,0.326,0.29,0.352
shaanxi_guanzhong,1999-03-22,0.333,0.324,0.29,0.352
shaanxi_guanzhong,1999-03-23,0.324,0.32,0.29,0.352
shaanxi_guanzhong,1999-03-24,0.316,0.316,0.29,0.352
shaanxi_guanzhong,1999-03-25,0.313,0.313,0.29,0.352
shaanxi_guanzhong,1999-03-26,0.307,0.309,0.29,0.352
shaanxi_guanzhong,1999-03-27,0.299,0.305,0.29,0.351
shaanxi_guanzhong,1999-03-28,0.303,0.303,0.289,0.351
shaanxi_guanzhong,1999-03-29,0.301,0.3,0.289,0.351
shaanxi_guanzhong,1999-03-30,0.289,0.295,0.289,0.351
shaanxi_guanzhong,1999-03-31,0.279,0.29,0.288,0.351
shaanxi_guanzhong,1999-04-01,0.272,0.285,0.287,0.35
shaanxi_guanzhong,1999-04-02,0.265,0.281,0.286,0.35
shaanxi_guanzhong,1999-04-03,0.258,0.276,0.286,0.35
shaanxi_guanzhong,1999-04-04,0.251,0.271,0.285,0.35
shaanxi_guanzhong,1999-04-05,0.241,0.265,0.283,0.349
shaanxi_guanzhong,1999-04-06,0.232,0.259,0.282,0.349
shaanxi_guanzhong,1999-04-07,0.231,0.253,0.281,0.349
shaanxi_guanzhong,1999-04-08,0.341,0.26,0.28,0.349
shaanxi_guanzhong,1999-04-09,0.326,0.273,0.28,0.349
shaanxi_guanzhong,1999-04-10,0.319,0.275,0.279,0.348
shaanxi_guanzhong,1999-04-11,0.362,0.316,0.279,0.348
shaanxi_guanzhong,1999-04-12,0.327,0.314,0.278,0.348
shaanxi_guanzhong,1999-04-13,0.319,0.31,0.278,0.348
shaanxi_guanzhong,1999-04-14,0.31,0.306,0.278,0.347
shaanxi_guanzhong,1999-04-15,0.296,0.299,0.277,0.347
shaanxi_guanzhong,1999-04-16,0.288,0.294,0.277,0.347
shaanxi_guanzhong,1999-04-17,0.28,0.289,0.276,0.347
shaanxi_guanzhong,1999-04-18,0.267,0.282,0.275,0.347
shaanxi_guanzhong,1999-04-19,0.256,0.275,0.274,0.346
shaanxi_guanzhong,1999-04-20,0.294,0.272,0.273,0.346
shaanxi_guanzhong,1999-04-21,0.292,0.272,0.273,0.346
shaanxi_guanzhong,1999-04-22,0.279,0.267,0.272,0.346
shaanxi_guanzhong,1999-04-23,0.339,0.271,0.271,0.345
shaanxi_guanzhong,1999-04-24,0.394,0.309,0.272,0.345
shaanxi_guanzhong,1999-04-25,0.409,0.359,0.274,0.345
shaanxi_guanzhong,1999-04-26,0.409,0.384,0.28,0.345
shaanxi_guanzhong,1999-04-27,0.381,0.377,0.285,0.345
shaanxi_guanzhong,1999-04-28,0.358,0.362,0.287,0.345
shaanxi_guanzhong,1999-04-29,0.34,0.348,0.287,0.344
shaanxi_guanzhong,1999-04-30,0.325,0.337,0.287,0.344
shaanxi_guanzhong,1999-05-01,0.312,0.327,0.287,0.344
shaanxi_guanzhong,1999-05-02,0.327,0.32,0.287,0.344
shaanxi_guanzhong,1999-05-03,0.402,0.364,0.288,0.344
shaanxi_guanzhong,1999-05-04,0.368,0.365,0.29,0.344
shaanxi_guanzhong,1999-05-05,0.346,0.351,0.291,0.343
shaanxi_guanzhong,1999-05-06,0.384,0.355,0.291,0.343
shaanxi_guanzhong,1999-05-07,0.392,0.382,0.295,0.343
shaanxi_guanzhong,1999-05-08,0.364,0.367,0.297,0.343
shaanxi_guanzhong,1999-05-09,0.343,0.353,0.297,0.343
shaanxi_guanzhong,1999-05-10,0.325,0.339,0.297,0.343
shaanxi_guanzhong,1999-05-11,0.309,0.326,0.296,0.342
shaanxi_guanzhong,1999-05-12,0.295,0.315,0.295,0.342
shaanxi_guanzhong,1999-05-13,0.298,0.306,0.294,0.342
shaanxi_guanzhong,1999-05-14,0.411,0.363,0.296,0.342
shaanxi_guanzhong,1999-05-15,0.42,0.417,0.331,0.342
shaanxi_guanzhong,1999-05-16,0.421,0.414,0.342,0.342
shaanxi_guanzhong,1999-05-17,0.417,0.42,0.367,0.342
shaanxi_guanzhong,1999-05-18,0.387,0.398,0.37,0.343
shaanxi_guanzhong,1999-05-19,0.368,0.381,0.369,0.343
shaanxi_guanzhong,1999-05-20,0.355,0.369,0.367,0.343
shaanxi_guanzhong,1999-05-21,0.345,0.36,0.365,0.344
shaanxi_guanzhong,1999-05-22,0.335,0.351,0.362,0.344
shaanxi_guanzhong,1999-05-23,0.326,0.343,0.36,0.344
shaanxi_guanzhong,1999-05-24,0.319,0.336,0.358,0.344
shaanxi_guanzhong,1999-05-25,0.363,0.339,0.356,0.344
shaanxi_guanzhong,1999-05-26,0.357,0.348,0.354,0.344
shaanxi_guanzhong,1999-05-27,0.332,0.339,0.352,0.344
shaanxi_guanzhong,1999-05-28,0.315,0.33,0.349,0.344
shaanxi_guanzhong,1999-05-29,0.303,0.322,0.347,0.344
shaanxi_guanzhong,1999-05-30,0.297,0.316,0.345,0.344
shaanxi_guanzhong,1999-05-31,0.313,0.313,0.344,0.344
shaanxi_guanzhong,1999-06-01,0.303,0.31,0.342,0.344
shaanxi_guanzhong,1999-06-02,0.292,0.305,0.34,0.344
shaanxi_guanzhong,1999-06-03,0.306,0.304,0.339,0.344
shaanxi_guanzhong,1999-06-04,0.308,0.304,0.337,0.344
shaanxi_guanzhong,1999-06-05,0.317,0.304,0.336,0.344
shaanxi_guanzhong,1999-06-06,0.38,0.321,0.336,0.344
shaanxi_guanzhong,1999-06-07,0.353,0.331,0.335,0.344
shaanxi_guanzhong,1999-06-08,0.341,0.331,0.334,0.344
shaanxi_guanzhong,1999-06-09,0.33,0.328,0.333,0.344
shaanxi_guanzhong,1999-06-10,0.321,0.323,0.332,0.344
shaanxi_guanzhong,1999-06-11,0.305,0.316,0.33,0.344
shaanxi_guanzhong,1999-06-12,0.289,0.307,0.328,0.344
shaanxi_guanzhong,1999-06-13,0.28,0.299,0.326,0.343
shaanxi_guanzhong,1999-06-14,0.306,0.297,0.325,0.343
shaanxi_guanzhong,1999-06-15,0.364,0.309,0.325,0.343
shaanxi_guanzhong,1999-06-16,0.413,0.359,0.326,0.343
shaanxi_guanzhong,1999-06-17,0.385,0.381,0.33,0.343
shaanxi_guanzhong,1999-06-18,0.358,0.365,0.33,0.343
shaanxi_guanzhong,1999-06-19,0.339,0.351,0.329,0.343
shaanxi_guanzhong,1999-06-20,0.326,0.341,0.328,0.343
shaanxi_guanzhong,1999-06-21,0.314,0.331,0.327,0.343
shaanxi_guanzhong,1999-06-22,0.357,0.336,0.326,0.343
shaanxi_guanzhong,1999-06-23,0.369,0.358,0.326,0.343
shaanxi_guanzhong,1999-06-24,0.344,0.347,0.326,0.343
shaanxi_guanzhong,1999-06-25,0.328,0.337,0.324,0.342
shaanxi_guanzhong,1999-06-26,0.316,0.329,0.323,0.342
shaanxi_guanzhong,1999-06-27,0.302,0.32,0.322,0.342
shaanxi_guanzhong,1999-06-28,0.287,0.309,0.32,0.342
shaanxi_guanzhong,1999-06-29,0.275,0.3,0.318,0.342
shaanxi_guanzhong,1999-06-30,0.265,0.292,0.316,0.342
shaanxi_guanzhong,1999-07-01,0.255,0.285,0.314,0.342
shaanxi_guanzhong,1999-07-02,0.248,0.279,0.312,0.342
shaanxi_guanzhong,1999-07-03,0.346,0.286,0.311,0.341
shaanxi_guanzhong,1999-07-04,0.415,0.364,0.313,0.341
shaanxi_guanzhong,1999-07-05,0.429,0.426,0.342,0.341
shaanxi_guanzhong,1999-07-06,0.425,0.424,0.366,0.342
shaanxi_guanzhong,1999-07-07,0.402,0.408,0.374,0.342
shaanxi_guanzhong,1999-07-08,0.382,0.393,0.374,0.343
shaanxi_guanzhong,1999-07-09,0.368,0.38,0.372,0.343
shaanxi_guanzhong,1999-07-10,0.368,0.372,0.37,0.344
shaanxi_guanzhong,1999-07-11,0.372,0.368,0.369,0.344
shaanxi_guanzhong,1999-07-12,0.356,0.362,0.367,0.344
shaanxi_guanzhong,1999-07-13,0.397,0.384,0.366,0.344
shaanxi_guanzhong,1999-07-14,0.421,0.418,0.375,0.345
shaanxi_guanzhong,1999-07-15,0.41,0.411,0.38,0.345
shaanxi_guanzhong,1999-07-16,0.392,0.4,0.381,0.346
shaanxi_guanzhong,1999-07-17,0.374,0.386,0.379,0.346
shaanxi_guanzhong,1999-07-18,0.364,0.374,0.377,0.347
shaanxi_guanzhong,1999-07-19,0.35,0.363,0.374,0.347
shaanxi_guanzhong,1999-07-20,0.353,0.356,0.372,0.347
shaanxi_guanzhong,1999-07-21,0.399,0.377,0.371,0.348
shaanxi_guanzhong,1999-07-22,0.411,0.398,0.373,0.348
shaanxi_guanzhong,1999-07-23,0.406,0.399,0.376,0.348
shaanxi_guanzhong,1999-07-24,0.403,0.398,0.378,0.349
shaanxi_guanzhong,1999-07-25,0.385,0.391,0.378,0.349
shaanxi_guanzhong,1999-07-26,0.365,0.377,0.376,0.349
shaanxi_guanzhong,1999-07-27,0.349,0.364,0.373,0.35
shaanxi_guanzhong,1999-07-28,0.389,0.37,0.371,0.35
shaanxi_guanzhong,1999-07-29,0.388,0.381,0.37,0.35
shaanxi_guanzhong,1999-07-30,0.366,0.374,0.368,0.35
shaanxi_guanzhong,1999-07-31,0.347,0.361,0.366,0.35
shaanxi_guanzhong,1999-08-01,0.369,0.357,0.364,0.35
shaanxi_guanzhong,1999-08-02,0.41,0.397,0.364,0.351
shaanxi_guanzhong,1999-08-03,0.383,0.391,0.365,0.351
shaanxi_guanzhong,1999-08-04,0.363,0.376,0.364,0.351
shaanxi_guanzhong,1999-08-05,0.345,0.362,0.362,0.351
shaanxi_guanzhong,1999-08-06,0.332,0.35,0.359,0.351
shaanxi_guanzhong,1999-08-07,0.323,0.342,0.357,0.351
shaanxi_guanzhong,1999-08-08,0.319,0.335,0.356,0.351
shaanxi_guanzhong,1999-08-09,0.341,0.332,0.354,0.351
shaanxi_guanzhong,1999-08-10,0.321,0.326,0.352,0.351
shaanxi_guanzhong,1999-08-11,0.303,0.318,0.349,0.35
shaanxi_guanzhong,1999-08-12,0.289,0.31,0.346,0.35
shaanxi_guanzhong,1999-08-13,0.274,0.3,0.343,0.35
shaanxi_guanzhong,1999-08-14,0.261,0.292,0.34,0.35
shaanxi_guanzhong,1999-08-15,0.25,0.285,0.337,0.35
shaanxi_guanzhong,1999-08-16,0.24,0.277,0.334,0.35
shaanxi_guanzhong,1999-08-17,0.234,0.271,0.331,0.35
shaanxi_guanzhong,1999-08-18,0.339,0.273,0.329,0.349
shaanxi_guanzhong,1999-08-19,0.383,0.308,0.328,0.349
shaanxi_guanzhong,1999-08-20,0.343,0.32,0.327,0.349
shaanxi_guanzhong,1999-08-21,0.317,0.315,0.325,0.349
shaanxi_guanzhong,1999-08-22,0.299,0.308,0.323,0.349
shaanxi_guanzhong,1999-08-23,0.284,0.3,0.322,0.349
shaanxi_guanzhong,1999-08-24,0.274,0.294,0.32,0.349
shaanxi_guanzhong,1999-08-25,0.265,0.288,0.318,0.349
shaanxi_guanzhong,1999-08-26,0.257,0.282,0.316,0.348
shaanxi_guanzhong,1999-08-27,0.25,0.277,0.315,0.348
shaanxi_guanzhong,1999-08-28,0.245,0.271,0.313,0.348
shaanxi_guanzhong,1999-08-29,0.238,0.266,0.311,0.348
shaanxi_guanzhong,1999-08-30,0.227,0.259,0.308,0.348
shaanxi_guanzhong,1999-08-31,0.218,0.253,0.306,0.347
shaanxi_guanzhong,1999-09-01,0.211,0.248,0.304,0.347
shaanxi_guanzhong,1999-09-02,0.251,0.245,0.303,0.347
shaanxi_guanzhong,1999-09-03,0.327,0.255,0.302,0.347
shaanxi_guanzhong,1999-09-04,0.308,0.264,0.301,0.347
shaanxi_guanzhong,1999-09-05,0.329,0.268,0.3,0.346
shaanxi_guanzhong,1999-09-06,0.316,0.275,0.299,0.346
shaanxi_guanzhong,1999-09-07,0.29,0.272,0.298,0.346
shaanxi_guanzhong,1999-09-08,0.272,0.268,0.296,0.346
shaanxi_guanzhong,1999-09-09,0.258,0.263,0.295,0.346
shaanxi_guanzhong,1999-09-10,0.256,0.258,0.293,0.345
shaanxi_guanzhong,1999-09-11,0.265,0.255,0.292,0.345
shaanxi_guanzhong,1999-09-12,0.253,0.253,0.291,0.345
shaanxi_guanzhong,1999-09-13,0.282,0.252,0.29,0.345
shaanxi_guanzhong,1999-09-14,0.378,0.288,0.29,0.345
shaanxi_guanzhong,1999-09-15,0.332,0.301,0.289,0.345
shaanxi_guanzhong,1999-09-16,0.31,0.297,0.289,0.344
shaanxi_guanzhong,1999-09-17,0.295,0.293,0.288,0.344
shaanxi_guanzhong,1999-09-18,0.366,0.309,0.287,0.344
shaanxi_guanzhong,1999-09-19,0.364,0.34,0.289,0.344
shaanxi_guanzhong,1999-09-20,0.365,0.338,0.289,0.344
shaanxi_guanzhong,1999-09-21,0.379,0.35,0.291,0.344
shaanxi_guanzhong,1999-09-22,0.359,0.348,0.292,0.343
shaanxi_guanzhong,1999-09-23,0.342,0.341,0.292,0.343
shaanxi_guanzhong,1999-09-24,0.327,0.333,0.292,0.343
shaanxi_guanzhong,1999-09-25,0.314,0.324,0.292,0.343
shaanxi_guanzhong,1999-09-26,0.318,0.318,0.292,0.343
shaanxi_guanzhong,1999-09-27,0.386,0.339,0.292,0.343
shaanxi_guanzhong,1999-09-28,0.393,0.368,0.295,0.342
shaanxi_guanzhong,1999-09-29,0.389,0.373,0.297,0.342
shaanxi_guanzhong,1999-09-30,0.383,0.37,0.3,0.342
shaanxi_guanzhong,1999-10-01,0.421,0.403,0.311,0.342
shaanxi_guanzhong,1999-10-02,0.429,0.426,0.342,0.342
shaanxi_guanzhong,1999-10-03,0.43,0.427,0.377,0.342
shaanxi_guanzhong,1999-10-04,0.424,0.427,0.398,0.343
shaanxi_guanzhong,1999-10-05,0.403,0.412,0.404,0.345
shaanxi_guanzhong,1999-10-06,0.391,0.401,0.401,0.347
shaanxi_guanzhong,1999-10-07,0.382,0.392,0.399,0.348
shaanxi_guanzhong,1999-10-08,0.386,0.388,0.396,0.349
shaanxi_guanzhong,1999-10-09,0.406,0.396,0.395,0.35
shaanxi_guanzhong,1999-10-10,0.391,0.396,0.394,0.35
shaanxi_guanzhong,1999-10-11,0.38,0.389,0.393,0.351
shaanxi_guanzhong,1999-10-12,0.374,0.383,0.391,0.352
shaanxi_guanzhong,1999-10-13,0.372,0.379,0.389,0.352
shaanxi_guanzhong,1999-10-14,0.404,0.394,0.389,0.353
shaanxi_guanzhong,1999-10-15,0.405,0.408,0.391,0.353
shaanxi_guanzhong,1999-10-16,0.399,0.402,0.392,0.354
shaanxi_guanzhong,1999-10-17,0.385,0.394,0.391,0.354
shaanxi_guanzhong,1999-10-18,0.377,0.387,0.39,0.355
shaanxi_guanzhong,1999-10-19,0.37,0.38,0.389,0.355
shaanxi_guanzhong,1999-10-20,0.373,0.376,0.387,0.356
shaanxi_guanzhong,1999-10-21,0.418,0.406,0.388,0.356
shaanxi_guanzhong,1999-10-22,0.397,0.403,0.391,0.357
shaanxi_guanzhong,1999-10-23,0.385,0.394,0.391,0.357
shaanxi_guanzhong,1999-10-24,0.377,0.387,0.389,0.358
shaanxi_guanzhong,1999-10-25,0.404,0.394,0.389,0.358
shaanxi_guanzhong,1999-10-26,0.39,0.396,0.389,0.358
shaanxi_guanzhong,1999-10-27,0.38,0.388,0.388,0.359
shaanxi_guanzhong,1999-10-28,0.374,0.382,0.387,0.359
shaanxi_guanzhong,1999-10-29,0.385,0.38,0.386,0.359
shaanxi_guanzhong,1999-10-30,0.417,0.407,0.387,0.36
shaanxi_guanzhong,1999-10-31,0.405,0.413,0.393,0.36
shaanxi_guanzhong,1999-11-01,0.392,0.401,0.394,0.361
shaanxi_guanzhong,1999-11-02,0.384,0.393,0.393,0.361
shaanxi_guanzhong,1999-11-03,0.377,0.387,0.392,0.362
shaanxi_guanzhong,1999-11-04,0.373,0.382,0.391,0.362
shaanxi_guanzhong,1999-11-05,0.374,0.379,0.39,0.363
shaanxi_guanzhong,1999-11-06,0.375,0.378,0.389,0.363
shaanxi_guanzhong,1999-11-07,0.371,0.376,0.388,0.363
shaanxi_guanzhong,1999-11-08,0.376,0.375,0.387,0.364
shaanxi_guanzhong,1999-11-09,0.394,0.38,0.386,0.364
shaanxi_guanzhong,1999-11-10,0.414,0.4,0.386,0.364
shaanxi_guanzhong,1999-11-11,0.396,0.401,0.388,0.364
shaanxi_guanzhong,1999-11-12,0.385,0.393,0.388,0.365
shaanxi_guanzhong,1999-11-13,0.381,0.388,0.388,0.365
shaanxi_guanzhong,1999-11-14,0.38,0.385,0.387,0.365
shaanxi_guanzhong,1999-11-15,0.4,0.39,0.386,0.365
shaanxi_guanzhong,1999-11-16,0.418,0.413,0.389,0.366
shaanxi_guanzhong,1999-11-17,0.401,0.408,0.393,0.366
shaanxi_guanzhong,1999-11-18,0.391,0.399,0.393,0.367
shaanxi_guanzhong,1999-11-19,0.384,0.392,0.393,0.367
shaanxi_guanzhong,1999-11-20,0.381,0.387,0.392,0.367
shaanxi_guanzhong,1999-11-21,0.378,0.384,0.391,0.368
shaanxi_guanzhong,1999-11-22,0.373,0.38,0.39,0.368
shaanxi_guanzhong,1999-11-23,0.369,0.377,0.389,0.368
shaanxi_guanzhong,1999-11-24,0.366,0.374,0.388,0.368
shaanxi_guanzhong,1999-11-25,0.362,0.37,0.386,0.369
shaanxi_guanzhong,1999-11-26,0.36,0.367,0.385,0.369
shaanxi_guanzhong,1999-11-27,0.357,0.365,0.384,0.369
shaanxi_guanzhong,1999-11-28,0.354,0.362,0.383,0.369
shaanxi_guanzhong,1999-11-29,0.353,0.36,0.382,0.369
shaanxi_guanzhong,1999-11-30,0.354,0.359,0.381,0.369
shaanxi_guanzhong,1999-12-01,0.354,0.358,0.38,0.369
shaanxi_guanzhong,1999-12-02,0.356,0.357,0.379,0.37
shaanxi_guanzhong,1999-12-03,0.394,0.369,0.378,0.37
shaanxi_guanzhong,1999-12-04,0.378,0.376,0.378,0.37
shaanxi_guanzhong,1999-12-05,0.371,0.374,0.377,0.37
shaanxi_guanzhong,1999-12-06,0.366,0.371,0.377,0.37
shaanxi_guanzhong,1999-12-07,0.363,0.369,0.376,0.37
shaanxi_guanzhong,1999-12-08,0.361,0.367,0.376,0.37
shaanxi_guanzhong,1999-12-09,0.358,0.364,0.375,0.37
shaanxi_guanzhong,1999-12-10,0.356,0.362,0.375,0.37
shaanxi_guanzhong,1999-12-11,0.354,0.36,0.374,0.37
shaanxi_guanzhong,1999-12-12,0.352,0.359,0.373,0.37
shaanxi_guanzhong,1999-12-13,0.35,0.357,0.372,0.37
shaanxi_guanzhong,1999-12-14,0.348,0.355,0.372,0.37
shaanxi_guanzhong,1999-12-15,0.346,0.353,0.371,0.37
shaanxi_guanzhong,1999-12-16,0.345,0.352,0.37,0.37
shaanxi_guanzhong,1999-12-17,0.344,0.35,0.369,0.37
shaanxi_guanzhong,1999-12-18,0.344,0.349,0.368,0.37
shaanxi_guanzhong,1999-12-19,0.343,0.349,0.368,0.37
shaanxi_guanzhong,1999-12-20,0.342,0.348,0.367,0.37
shaanxi_guanzhong,1999-12-21,0.343,0.348,0.367,0.37
shaanxi_guanzhong,1999-12-22,0.343,0.348,0.366,0.37
shaanxi_guanzhong,1999-12-23,0.343,0.347,0.366,0.37
shaanxi_guanzhong,1999-12-24,0.344,0.347,0.365,0.37
shaanxi_guanzhong,1999-12-25,0.344,0.347,0.365,0.37
shaanxi_guanzhong,1999-12-26,0.343,0.347,0.364,0.37
shaanxi_guanzhong,1999-12-27,0.341,0.346,0.363,0.37
shaanxi_guanzhong,1999-12-28,0.339,0.345,0.363,0.37
shaanxi_guanzhong,1999-12-29,0.338,0.344,0.362,0.37
shaanxi_guanzhong,1999-12-30,0.337,0.343,0.362,0.37
shaanxi_guanzhong,1999-12-31,0.336,0.342,0.361,0.37
shaanxi_guanzhong,2000-01-01,0.334,0.341,0.36,0.37
shaanxi_guanzhong,2000-01-02,0.333,0.34,0.36,0.37
shaanxi_guanzhong,2000-01-03,0.332,0.339,0.359,0.37
shaanxi_guanzhong,2000-01-04,0.331,0.338,0.358,0.369
shaanxi_guanzhong,2000-01-05,0.345,0.338,0.358,0.369
shaanxi_guanzhong,2000-01-06,0.365,0.344,0.357,0.369
shaanxi_guanzhong,2000-01-07,0.352,0.347,0.357,0.369
shaanxi_guanzhong,2000-01-08,0.348,0.348,0.357,0.369
shaanxi_guanzhong,2000-01-09,0.344,0.347,0.356,0.369
shaanxi_guanzhong,2000-01-10,0.345,0.346,0.356,0.369
shaanxi_guanzhong,2000-01-11,0.349,0.346,0.355,0.369
shaanxi_guanzhong,2000-01-12,0.353,0.347,0.355,0.369
shaanxi_guanzhong,2000-01-13,0.353,0.348,0.355,0.369
shaanxi_guanzhong,2000-01-14,0.351,0.349,0.355,0.369
shaanxi_guanzhong,2000-01-15,0.35,0.349,0.354,0.369
shaanxi_guanzhong,2000-01-16,0.352,0.349,0.354,0.369
shaanxi_guanzhong,2000-01-17,0.359,0.35,0.354,0.368
shaanxi_guanzhong,2000-01-18,0.365,0.353,0.354,0.368
shaanxi_guanzhong,2000-01-19,0.361,0.356,0.354,0.368
shaanxi_guanzhong,2000-01-20,0.358,0.356,0.354,0.368
shaanxi_guanzhong,2000-01-21,0.356,0.356,0.354,0.368
shaanxi_guanzhong,2000-01-22,0.359,0.356,0.354,0.368
shaanxi_guanzhong,2000-01-23,0.365,0.357,0.354,0.368
shaanxi_guanzhong,2000-01-24,0.362,0.359,0.354,0.368
shaanxi_guanzhong,2000-01-25,0.358,0.359,0.354,0.368
shaanxi_guanzhong,2000-01-26,0.355,0.358,0.354,0.368
shaanxi_guanzhong,2000-01-27,0.354,0.357,0.354,0.368
shaanxi_guanzhong,2000-01-28,0.359,0.356,0.355,0.368
shaanxi_guanzhong,2000-01-29,0.362,0.358,0.355,0.368
shaanxi_guanzhong,2000-01-30,0.359,0.358,0.355,0.367
shaanxi_guanzhong,2000-01-31,0.355,0.358,0.355,0.367
shaanxi_guanzhong,2000-02-01,0.354,0.357,0.355,0.367
shaanxi_guanzhong,2000-02-02,0.359,0.356,0.355,0.367
shaanxi_guanzhong,2000-02-03,0.362,0.357,0.355,0.367
shaanxi_guanzhong,2000-02-04,0.365,0.358,0.355,0.367
shaanxi_guanzhong,2000-02-05,0.371,0.36,0.355,0.367
shaanxi_guanzhong,2000-02-06,0.369,0.362,0.355,0.367
shaanxi_guanzhong,2000-02-07,0.364,0.362,0.355,0.367
shaanxi_guanzhong,2000-02-08,0.36,0.361,0.355,0.367
shaanxi_guanzhong,2000-02-09,0.356,0.359,0.355,0.367
shaanxi_guanzhong,2000-02-10,0.353,0.356,0.355,0.367
shaanxi_guanzhong,2000-02-11,0.349,0.354,0.354,0.367
shaanxi_guanzhong,2000-02-12,0.347,0.351,0.354,0.367
shaanxi_guanzhong,2000-02-13,0.384,0.359,0.353,0.366
shaanxi_guanzhong,2000-02-14,0.365,0.362,0.353,0.366
shaanxi_guanzhong,2000-02-15,0.357,0.36,0.353,0.366
shaanxi_guanzhong,2000-02-16,0.351,0.356,0.353,0.366
shaanxi_guanzhong,2000-02-17,0.349,0.354,0.353,0.366
shaanxi_guanzhong,2000-02-18,0.381,0.358,0.353,0.366
shaanxi_guanzhong,2000-02-19,0.377,0.365,0.353,0.366
shaanxi_guanzhong,2000-02-20,0.376,0.367,0.353,0.366
shaanxi_guanzhong,2000-02-21,0.365,0.366,0.353,0.366
shaanxi_guanzhong,2000-02-22,0.362,0.363,0.353,0.366
shaanxi_guanzhong,2000-02-23,0.364,0.362,0.354,0.366
shaanxi_guanzhong,2000-02-24,0.373,0.363,0.354,0.366
shaanxi_guanzhong,2000-02-25,0.372,0.365,0.354,0.366
shaanxi_guanzhong,2000-02-26,0.361,0.362,0.353,0.366
shaanxi_guanzhong,2000-02-27,0.355,0.359,0.353,0.365
shaanxi_guanzhong,2000-02-28,0.349,0.355,0.353,0.365
shaanxi_guanzhong,2000-02-29,0.345,0.352,0.352,0.365
shaanxi_guanzhong,2000-03-01,0.34,0.348,0.352,0.365
shaanxi_guanzhong,2000-03-02,0.338,0.345,0.351,0.365
shaanxi_guanzhong,2000-03-03,0.336,0.342,0.351,0.365
shaanxi_guanzhong,2000-03-04,0.33,0.339,0.35,0.365
shaanxi_guanzhong,2000-03-05,0.327,0.336,0.349,0.365
shaanxi_guanzhong,2000-03-06,0.324,0.333,0.348,0.365
shaanxi_guanzhong,2000-03-07,0.345,0.332,0.348,0.365
shaanxi_guanzhong,2000-03-08,0.337,0.332,0.347,0.365
shaanxi_guanzhong,2000-03-09,0.327,0.33,0.346,0.364
shaanxi_guanzhong,2000-03-10,0.323,0.327,0.345,0.364
shaanxi_guanzhong,2000-03-11,0.318,0.325,0.344,0.364
shaanxi_guanzhong,2000-03-12,0.31,0.321,0.343,0.364
shaanxi_guanzhong,2000-03-13,0.304,0.317,0.342,0.364
shaanxi_guanzhong,2000-03-14,0.306,0.314,0.34,0.364
shaanxi_guanzhong,2000-03-15,0.347,0.317,0.34,0.364
shaanxi_guanzhong,2000-03-16,0.326,0.317,0.338,0.364
shaanxi_guanzhong,2000-03-17,0.315,0.315,0.337,0.363
shaanxi_guanzhong,2000-03-18,0.306,0.312,0.336,0.363
shaanxi_guanzhong,2000-03-19,0.298,0.308,0.335,0.363
shaanxi_guanzhong,2000-03-20,0.291,0.305,0.333,0.363
shaanxi_guanzhong,2000-03-21,0.289,0.302,0.332,0.363
shaanxi_guanzhong,2000-03-22,0.305,0.3,0.331,0.363
shaanxi_guanzhong,2000-03-23,0.306,0.3,0.33,0.363
shaanxi_guanzhong,2000-03-24,0.293,0.296,0.329,0.362
shaanxi_guanzhong,2000-03-25,0.282,0.292,0.327,0.362
shaanxi_guanzhong,2000-03-26,0.272,0.288,0.325,0.362
shaanxi_guanzhong,2000-03-27,0.261,0.282,0.323,0.362
shaanxi_guanzhong,2000-03-28,0.25,0.276,0.321,0.362
shaanxi_guanzhong,2000-03-29,0.242,0.271,0.319,0.361
shaanxi_guanzhong,2000-03-30,0.235,0.266,0.317,0.361
shaanxi_guanzhong,2000-03-31,0.229,0.261,0.315,0.361
shaanxi_guanzhong,2000-04-01,0.301,0.262,0.314,0.361
shaanxi_guanzhong,2000-04-02,0.326,0.273,0.314,0.36
shaanxi_guanzhong,2000-04-03,0.304,0.275,0.313,0.36
shaanxi_guanzhong,2000-04-04,0.289,0.274,0.311,0.36
shaanxi_guanzhong,2000-04-05,0.272,0.271,0.31,0.36
shaanxi_guanzhong,2000-04-06,0.261,0.267,0.308,0.36
shaanxi_guanzhong,2000-04-07,0.253,0.263,0.307,0.359
shaanxi_guanzhong,2000-04-08,0.245,0.26,0.305,0.359
shaanxi_guanzhong,2000-04-09,0.237,0.256,0.304,0.359
shaanxi_guanzhong,2000-04-10,0.228,0.252,0.302,0.359
shaanxi_guanzhong,2000-04-11,0.225,0.249,0.301,0.358
shaanxi_guanzhong,2000-04-12,0.218,0.245,0.299,0.358
shaanxi_guanzhong,2000-04-13,0.209,0.24,0.297,0.358
shaanxi_guanzhong,2000-04-14,0.201,0.235,0.295,0.357
shaanxi_guanzhong,2000-04-15,0.195,0.231,0.293,0.357
shaanxi_guanzhong,2000-04-16,0.189,0.227,0.291,0.357
shaanxi_guanzhong,2000-04-17,0.189,0.224,0.29,0.357
shaanxi_guanzhong,2000-04-18,0.192,0.222,0.288,0.356
shaanxi_guanzhong,2000-04-19,0.185,0.218,0.286,0.356
shaanxi_guanzhong,2000-04-20,0.179,0.214,0.284,0.356
shaanxi_guanzhong,2000-04-21,0.174,0.211,0.282,0.355
shaanxi_guanzhong,2000-04-22,0.169,0.207,0.28,0.355
shaanxi_guanzhong,2000-04-23,0.164,0.203,0.278,0.355
shaanxi_guanzhong,2000-04-24,0.161,0.2,0.276,0.354
shaanxi_guanzhong,2000-04-25,0.158,0.198,0.274,0.354
shaanxi_guanzhong,2000-04-26,0.155,0.195,0.272,0.354
shaanxi_guanzhong,2000-04-27,0.152,0.192,0.27,0.353
shaanxi_guanzhong,2000-04-28,0.149,0.189,0.268,0.353
shaanxi_guanzhong,2000-04-29,0.152,0.187,0.266,0.352
shaanxi_guanzhong,2000-04-30,0.151,0.185,0.264,0.352
shaanxi_guanzhong,2000-05-01,0.148,0.182,0.262,0.352
shaanxi_guanzhong,2000-05-02,0.145,0.179,0.26,0.351
shaanxi_guanzhong,2000-05-03,0.142,0.176,0.257,0.351
shaanxi_guanzhong,2000-05-04,0.14,0.173,0.255,0.35
shaanxi_guanzhong,2000-05-05,0.139,0.171,0.252,0.35
shaanxi_guanzhong,2000-05-06,0.139,0.17,0.251,0.349
shaanxi_guanzhong,2000-05-07,0.16,0.169,0.25,0.349
shaanxi_guanzhong,2000-05-08,0.178,0.169,0.249,0.349
shaanxi_guanzhong,2000-05-09,0.186,0.168,0.248,0.349
shaanxi_guanzhong,2000-05-10,0.174,0.167,0.246,0.348
shaanxi_guanzhong,2000-05-11,0.264,0.168,0.244,0.348
shaanxi_guanzhong,2000-05-12,0.25,0.171,0.242,0.347
shaanxi_guanzhong,2000-05-13,0.223,0.171,0.241,0.347
shaanxi_guanzhong,2000-05-14,0.211,0.17,0.24,0.346
shaanxi_guanzhong,2000-05-15,0.211,0.17,0.239,0.346
shaanxi_guanzhong,2000-05-16,0.207,0.17,0.238,0.346
shaanxi_guanzhong,2000-05-17,0.193,0.169,0.237,0.345
shaanxi_guanzhong,2000-05-18,0.182,0.168,0.235,0.345
shaanxi_guanzhong,2000-05-19,0.169,0.165,0.233,0.344
shaanxi_guanzhong,2000-05-20,0.16,0.163,0.231,0.344
shaanxi_guanzhong,2000-05-21,0.152,0.161,0.229,0.343
shaanxi_guanzhong,2000-05-22,0.148,0.16,0.228,0.343
shaanxi_guanzhong,2000-05-23,0.145,0.158,0.226,0.343
shaanxi_guanzhong,2000-05-24,0.142,0.157,0.225,0.342
shaanxi_guanzhong,2000-05-25,0.14,0.156,0.224,0.342
shaanxi_guanzhong,2000-05-26,0.141,0.155,0.223,0.341
shaanxi_guanzhong,2000-05-27,0.141,0.155,0.222,0.341
shaanxi_guanzhong,2000-05-28,0.249,0.157,0.222,0.341
shaanxi_guanzhong,2000-05-29,0.288,0.167,0.222,0.34
shaanxi_guanzhong,2000-05-30,0.254,0.171,0.221,0.34
shaanxi_guanzhong,2000-05-31,0.224,0.17,0.22,0.34
shaanxi_guanzhong,2000-06-01,0.213,0.169,0.219,0.339
shaanxi_guanzhong,2000-06-02,0.344,0.186,0.219,0.339
shaanxi_guanzhong,2000-06-03,0.366,0.245,0.22,0.339
shaanxi_guanzhong,2000-06-04,0.325,0.261,0.22,0.338
shaanxi_guanzhong,2000-06-05,0.295,0.261,0.22,0.338
shaanxi_guanzhong,2000-06-06,0.273,0.257,0.22,0.338
shaanxi_guanzhong,2000-06-07,0.255,0.251,0.219,0.337
shaanxi_guanzhong,2000-06-08,0.24,0.246,0.219,0.337
shaanxi_guanzhong,2000-06-09,0.224,0.239,0.218,0.337
shaanxi_guanzhong,2000-06-10,0.212,0.232,0.218,0.336
shaanxi_guanzhong,2000-06-11,0.198,0.225,0.217,0.336
shaanxi_guanzhong,2000-06-12,0.186,0.218,0.216,0.336
shaanxi_guanzhong,2000-06-13,0.177,0.212,0.215,0.335
shaanxi_guanzhong,2000-06-14,0.171,0.207,0.215,0.335
shaanxi_guanzhong,2000-06-15,0.165,0.201,0.214,0.335
shaanxi_guanzhong,2000-06-16,0.158,0.196,0.212,0.334
shaanxi_guanzhong,2000-06-17,0.185,0.193,0.212,0.334
shaanxi_guanzhong,2000-06-18,0.296,0.199,0.212,0.334
shaanxi_guanzhong,2000-06-19,0.375,0.253,0.213,0.333
shaanxi_guanzhong,2000-06-20,0.325,0.274,0.213,0.333
shaanxi_guanzhong,2000-06-21,0.298,0.272,0.213,0.333
shaanxi_guanzhong,2000-06-22,0.277,0.266,0.213,0.333
shaanxi_guanzhong,2000-06-23,0.259,0.259,0.213,0.332
shaanxi_guanzhong,2000-06-24,0.247,0.253,0.213,0.332
shaanxi_guanzhong,2000-06-25,0.363,0.293,0.213,0.332
shaanxi_guanzhong,2000-06-26,0.411,0.371,0.217,0.331
shaanxi_guanzhong,2000-06-27,0.381,0.372,0.223,0.331
shaanxi_guanzhong,2000-06-28,0.4,0.379,0.228,0.331
shaanxi_guanzhong,2000-06-29,0.37,0.371,0.234,0.331
shaanxi_guanzhong,2000-06-30,0.342,0.35,0.236,0.331
shaanxi_guanzhong,2000-07-01,0.322,0.334,0.237,0.33
shaanxi_guanzhong,2000-07-02,0.313,0.322,0.238,0.33
shaanxi_guanzhong,2000-07-03,0.368,0.326,0.239,0.33
shaanxi_guanzhong,2000-07-04,0.345,0.329,0.239,0.33
shaanxi_guanzhong,2000-07-05,0.321,0.319,0.24,0.33
shaanxi_guanzhong,2000-07-06,0.321,0.311,0.24,0.329
shaanxi_guanzhong,2000-07-07,0.329,0.306,0.24,0.329
shaanxi_guanzhong,2000-07-08,0.415,0.382,0.246,0.329
shaanxi_guanzhong,2000-07-09,0.39,0.389,0.257,0.329
shaanxi_guanzhong,2000-07-10,0.361,0.367,0.261,0.329
shaanxi_guanzhong,2000-07-11,0.36,0.354,0.263,0.328
shaanxi_guanzhong,2000-07-12,0.385,0.358,0.265,0.328
shaanxi_guanzhong,2000-07-13,0.374,0.359,0.267,0.328
shaanxi_guanzhong,2000-07-14,0.386,0.365,0.269,0.328
shaanxi_guanzhong,2000-07-15,0.361,0.357,0.271,0.328
shaanxi_guanzhong,2000-07-16,0.34,0.344,0.271,0.328
shaanxi_guanzhong,2000-07-17,0.32,0.331,0.271,0.328
shaanxi_guanzhong,2000-07-18,0.301,0.318,0.271,0.327
shaanxi_guanzhong,2000-07-19,0.285,0.306,0.27,0.327
shaanxi_guanzhong,2000-07-20,0.27,0.295,0.269,0.327
shaanxi_guanzhong,2000-07-21,0.255,0.284,0.267,0.327
shaanxi_guanzhong,2000-07-22,0.24,0.272,0.265,0.327
shaanxi_guanzhong,2000-07-23,0.226,0.262,0.264,0.326
shaanxi_guanzhong,2000-07-24,0.214,0.252,0.262,0.326
shaanxi_guanzhong,2000-07-25,0.204,0.243,0.26,0.326
shaanxi_guanzhong,2000-07-26,0.196,0.236,0.258,0.326
shaanxi_guanzhong,2000-07-27,0.271,0.234,0.257,0.325
shaanxi_guanzhong,2000-07-28,0.34,0.256,0.257,0.325
shaanxi_guanzhong,2000-07-29,0.31,0.261,0.256,0.325
shaanxi_guanzhong,2000-07-30,0.284,0.258,0.255,0.325
shaanxi_guanzhong,2000-07-31,0.255,0.25,0.253,0.325
shaanxi_guanzhong,2000-08-01,0.234,0.242,0.252,0.324
shaanxi_guanzhong,2000-08-02,0.232,0.238,0.251,0.324
shaanxi_guanzhong,2000-08-03,0.263,0.237,0.251,0.324
shaanxi_guanzhong,2000-08-04,0.311,0.241,0.251,0.324
shaanxi_guanzhong,2000-08-05,0.378,0.271,0.251,0.324
shaanxi_guanzhong,2000-08-06,0.389,0.31,0.251,0.324
shaanxi_guanzhong,2000-08-07,0.39,0.339,0.252,0.324
shaanxi_guanzhong,2000-08-08,0.41,0.39,0.257,0.324
shaanxi_guanzhong,2000-08-09,0.378,0.378,0.263,0.324
shaanxi_guanzhong,2000-08-10,0.353,0.359,0.265,0.323
shaanxi_guanzhong,2000-08-11,0.371,0.353,0.266,0.323
shaanxi_guanzhong,2000-08-12,0.42,0.409,0.277,0.323
shaanxi_guanzhong,2000-08-13,0.39,0.392,0.29,0.323
shaanxi_guanzhong,2000-08-14,0.377,0.375,0.293,0.323
shaanxi_guanzhong,2000-08-15,0.386,0.373,0.295,0.323
shaanxi_guanzhong,2000-08-16,0.36,0.362,0.296,0.323
shaanxi_guanzhong,2000-08-17,0.412,0.395,0.306,0.323
shaanxi_guanzhong,2000-08-18,0.419,0.42,0.34,0.323
shaanxi_guanzhong,2000-08-19,0.402,0.402,0.349,0.323
shaanxi_guanzhong,2000-08-20,0.381,0.388,0.351,0.323
shaanxi_guanzhong,2000-08-21,0.381,0.378,0.352,0.323
shaanxi_guanzhong,2000-08-22,0.421,0.416,0.363,0.323
shaanxi_guanzhong,2000-08-23,0.396,0.405,0.374,0.324
shaanxi_guanzhong,2000-08-24,0.38,0.389,0.374,0.324
shaanxi_guanzhong,2000-08-25,0.366,0.378,0.372,0.325
shaanxi_guanzhong,2000-08-26,0.353,0.367,0.37,0.325
shaanxi_guanzhong,2000-08-27,0.346,0.357,0.368,0.325
shaanxi_guanzhong,2000-08-28,0.363,0.354,0.366,0.325
shaanxi_guanzhong,2000-08-29,0.352,0.352,0.364,0.326
shaanxi_guanzhong,2000-08-30,0.34,0.347,0.362,0.326
shaanxi_guanzhong,2000-08-31,0.327,0.34,0.36,0.326
shaanxi_guanzhong,2000-09-01,0.317,0.332,0.357,0.326
shaanxi_guanzhong,2000-09-02,0.307,0.325,0.355,0.326
shaanxi_guanzhong,2000-09-03,0.309,0.319,0.353,0.326
shaanxi_guanzhong,2000-09-04,0.399,0.348,0.352,0.327
shaanxi_guanzhong,2000-09-05,0.393,0.373,0.352,0.327
shaanxi_guanzhong,2000-09-06,0.401,0.383,0.354,0.327
shaanxi_guanzhong,2000-09-07,0.405,0.405,0.36,0.327
shaanxi_guanzhong,2000-09-08,0.383,0.391,0.362,0.327
shaanxi_guanzhong,2000-09-09,0.387,0.384,0.363,0.328
shaanxi_guanzhong,2000-09-10,0.379,0.382,0.363,0.328
shaanxi_guanzhong,2000-09-11,0.369,0.375,0.362,0.328
shaanxi_guanzhong,2000-09-12,0.36,0.369,0.362,0.328
shaanxi_guanzhong,2000-09-13,0.348,0.36,0.36,0.328
shaanxi_guanzhong,2000-09-14,0.337,0.351,0.358,0.329
shaanxi_guanzhong,2000-09-15,0.326,0.342,0.356,0.329
shaanxi_guanzhong,2000-09-16,0.314,0.333,0.354,0.329
shaanxi_guanzhong,2000-09-17,0.304,0.325,0.351,0.329
shaanxi_guanzhong,2000-09-18,0.305,0.319,0.35,0.329
shaanxi_guanzhong,2000-09-19,0.311,0.316,0.348,0.329
shaanxi_guanzhong,2000-09-20,0.3,0.312,0.346,0.329
shaanxi_guanzhong,2000-09-21,0.293,0.307,0.344,0.329
shaanxi_guanzhong,2000-09-22,0.292,0.304,0.342,0.329
shaanxi_guanzhong,2000-09-23,0.361,0.31,0.341,0.329
shaanxi_guanzhong,2000-09-24,0.427,0.415,0.352,0.329
shaanxi_guanzhong,2000-09-25,0.424,0.421,0.371,0.329
shaanxi_guanzhong,2000-09-26,0.421,0.417,0.379,0.33
shaanxi_guanzhong,2000-09-27,0.423,0.423,0.388,0.331
shaanxi_guanzhong,2000-09-28,0.416,0.417,0.398,0.332
shaanxi_guanzhong,2000-09-29,0.425,0.421,0.401,0.333
shaanxi_guanzhong,2000-09-30,0.422,0.421,0.406,0.335
shaanxi_guanzhong,2000-10-01,0.418,0.421,0.409,0.337
shaanxi_guanzhong,2000-10-02,0.398,0.409,0.407,0.339
shaanxi_guanzhong,2000-10-03,0.386,0.397,0.404,0.34
shaanxi_guanzhong,2000-10-04,0.381,0.389,0.401,0.342
shaanxi_guanzhong,2000-10-05,0.376,0.384,0.399,0.342
shaanxi_guanzhong,2000-10-06,0.367,0.377,0.396,0.343
shaanxi_guanzhong,2000-10-07,0.362,0.371,0.393,0.344
shaanxi_guanzhong,2000-10-08,0.36,0.367,0.391,0.345
shaanxi_guanzhong,2000-10-09,0.384,0.368,0.389,0.345
shaanxi_guanzhong,2000-10-10,0.428,0.413,0.393,0.346
shaanxi_guanzhong,2000-10-11,0.425,0.429,0.422,0.348
shaanxi_guanzhong,2000-10-12,0.423,0.425,0.425,0.352
shaanxi_guanzhong,2000-10-13,0.423,0.426,0.424,0.356
shaanxi_guanzhong,2000-10-14,0.408,0.417,0.421,0.36
shaanxi_guanzhong,2000-10-15,0.406,0.407,0.418,0.362
shaanxi_guanzhong,2000-10-16,0.422,0.421,0.418,0.364
shaanxi_guanzhong,2000-10-17,0.403,0.412,0.417,0.367
shaanxi_guanzhong,2000-10-18,0.391,0.401,0.413,0.368
shaanxi_guanzhong,2000-10-19,0.409,0.402,0.411,0.37
shaanxi_guanzhong,2000-10-20,0.405,0.404,0.409,0.371
shaanxi_guanzhong,2000-10-21,0.409,0.409,0.409,0.372
shaanxi_guanzhong,2000-10-22,0.399,0.403,0.408,0.373
shaanxi_guanzhong,2000-10-23,0.4,0.398,0.406,0.374
shaanxi_guanzhong,2000-10-24,0.405,0.403,0.405,0.375
shaanxi_guanzhong,2000-10-25,0.411,0.406,0.405,0.375
shaanxi_guanzhong,2000-10-26,0.412,0.41,0.405,0.376
shaanxi_guanzhong,2000-10-27,0.42,0.416,0.406,0.377
shaanxi_guanzhong,2000-10-28,0.409,0.413,0.408,0.378
shaanxi_guanzhong,2000-10-29,0.395,0.405,0.407,0.379
shaanxi_guanzhong,2000-10-30,0.386,0.396,0.405,0.38
shaanxi_guanzhong,2000-10-31,0.379,0.389,0.403,0.38
shaanxi_guanzhong,2000-11-01,0.372,0.382,0.401,0.381
shaanxi_guanzhong,2000-11-02,0.367,0.377,0.399,0.381
shaanxi_guanzhong,2000-11-03,0.364,0.373,0.397,0.381
shaanxi_guanzhong,2000-11-04,0.36,0.37,0.395,0.382
shaanxi_guanzhong,2000-11-05,0.356,0.366,0.394,0.382
shaanxi_guanzhong,2000-11-06,0.356,0.363,0.392,0.382
shaanxi_guanzhong,2000-11-07,0.406,0.38,0.391,0.382
shaanxi_guanzhong,2000-11-08,0.419,0.414,0.394,0.382
shaanxi_guanzhong,2000-11-09,0.414,0.412,0.397,0.383
shaanxi_guanzhong,2000-11-10,0.413,0.414,0.4,0.383
shaanxi_guanzhong,2000-11-11,0.404,0.408,0.401,0.383
shaanxi_guanzhong,2000-11-12,0.402,0.404,0.401,0.384
shaanxi_guanzhong,2000-11-13,0.401,0.402,0.401,0.384
shaanxi_guanzhong,2000-11-14,0.414,0.408,0.401,0.385
shaanxi_guanzhong,2000-11-15,0.427,0.424,0.406,0.385
shaanxi_guanzhong,2000-11-16,0.417,0.42,0.411,0.386
shaanxi_guanzhong,2000-11-17,0.404,0.411,0.411,0.387
shaanxi_guanzhong,2000-11-18,0.409,0.408,0.41,0.388
shaanxi_guanzhong,2000-11-19,0.413,0.415,0.411,0.389
shaanxi_guanzhong,2000-11-20,0.4,0.408,0.41,0.39
shaanxi_guanzhong,2000-11-21,0.393,0.401,0.409,0.39
shaanxi_guanzhong,2000-11-22,0.387,0.395,0.407,0.391
shaanxi_guanzhong,2000-11-23,0.383,0.39,0.406,0.391
shaanxi_guanzhong,2000-11-24,0.379,0.386,0.404,0.392
shaanxi_guanzhong,2000-11-25,0.375,0.382,0.402,0.392
shaanxi_guanzhong,2000-11-26,0.371,0.379,0.401,0.392
shaanxi_guanzhong,2000-11-27,0.369,0.376,0.399,0.393
shaanxi_guanzhong,2000-11-28,0.368,0.374,0.398,0.393
shaanxi_guanzhong,2000-11-29,0.391,0.377,0.396,0.393
shaanxi_guanzhong,2000-11-30,0.389,0.385,0.396,0.393
shaanxi_guanzhong,2000-12-01,0.396,0.387,0.395,0.393
shaanxi_guanzhong,2000-12-02,0.395,0.394,0.395,0.393
shaanxi_guanzhong,2000-12-03,0.384,0.389,0.395,0.393
shaanxi_guanzhong,2000-12-04,0.378,0.385,0.394,0.393
shaanxi_guanzhong,2000-12-05,0.373,0.38,0.393,0.393
shaanxi_guanzhong,2000-12-06,0.37,0.377,0.392,0.393
shaanxi_guanzhong,2000-12-07,0.366,0.374,0.391,0.393
shaanxi_guanzhong,2000-12-08,0.364,0.371,0.39,0.393
shaanxi_guanzhong,2000-12-09,0.36,0.368,0.389,0.393
shaanxi_guanzhong,2000-12-10,0.357,0.365,0.387,0.393
shaanxi_guanzhong,2000-12-11,0.356,0.363,0.386,0.393
shaanxi_guanzhong,2000-12-12,0.356,0.362,0.385,0.393
shaanxi_guanzhong,2000-12-13,0.356,0.361,0.384,0.393
shaanxi_guanzhong,2000-12-14,0.357,0.36,0.383,0.393
shaanxi_guanzhong,2000-12-15,0.36,0.36,0.382,0.393
shaanxi_guanzhong,2000-12-16,0.363,0.36,0.381,0.392
shaanxi_guanzhong,2000-12-17,0.365,0.361,0.38,0.392
shaanxi_guanzhong,2000-12-18,0.366,0.362,0.379,0.392
shaanxi_guanzhong,2000-12-19,0.376,0.365,0.378,0.392
shaanxi_guanzhong,2000-12-20,0.377,0.37,0.377,0.392
shaanxi_guanzhong,2000-12-21,0.375,0.371,0.377,0.392
shaanxi_guanzhong,2000-12-22,0.374,0.371,0.376,0.392
shaanxi_guanzhong,2000-12-23,0.372,0.371,0.376,0.392
shaanxi_guanzhong,2000-12-24,0.37,0.371,0.376,0.391
shaanxi_guanzhong,2000-12-25,0.368,0.369,0.375,0.391
shaanxi_guanzhong,2000-12-26,0.365,0.368,0.374,0.391
shaanxi_guanzhong,2000-12-27,0.38,0.369,0.374,0.391
shaanxi_guanzhong,2000-12-28,0.379,0.374,0.374,0.391
shaanxi_guanzhong,2000-12-29,0.394,0.379,0.374,0.391
shaanxi_guanzhong,2000-12-30,0.382,0.381,0.374,0.391
shaanxi_guanzhong,2000-12-31,0.375,0.378,0.374,0.391
shaanxi_guanzhong,2001-01-01,0.37,0.375,0.373,0.39
shaanxi_guanzhong,2001-01-02,0.367,0.372,0.373,0.39
shaanxi_guanzhong,2001-01-03,0.364,0.37,0.372,0.39
shaanxi_guanzhong,2001-01-04,0.361,0.367,0.372,0.39
shaanxi_guanzhong,2001-01-05,0.372,0.366,0.371,0.39
shaanxi_guanzhong,2001-01-06,0.387,0.375,0.371,0.39
shaanxi_guanzhong,2001-01-07,0.377,0.376,0.371,0.39
shaanxi_guanzhong,2001-01-08,0.374,0.376,0.371,0.389
shaanxi_guanzhong,2001-01-09,0.373,0.374,0.371,0.389
shaanxi_guanzhong,2001-01-10,0.377,0.374,0.371,0.389
shaanxi_guanzhong,2001-01-11,0.378,0.374,0.37,0.389
shaanxi_guanzhong,2001-01-12,0.375,0.374,0.37,0.389
shaanxi_guanzhong,2001-01-13,0.371,0.373,0.37,0.389
shaanxi_guanzhong,2001-01-14,0.367,0.371,0.37,0.389
shaanxi_guanzhong,2001-01-15,0.366,0.37,0.369,0.389
shaanxi_guanzhong,2001-01-16,0.366,0.369,0.369,0.389
shaanxi_guanzhong,2001-01-17,0.365,0.368,0.369,0.388
shaanxi_guanzhong,2001-01-18,0.362,0.366,0.368,0.388
shaanxi_guanzhong,2001-01-19,0.36,0.365,0.368,0.388
shaanxi_guanzhong,2001-01-20,0.357,0.363,0.367,0.388
shaanxi_guanzhong,2001-01-21,0.357,0.361,0.367,0.388
shaanxi_guanzhong,2001-01-22,0.361,0.361,0.366,0.388
shaanxi_guanzhong,2001-01-23,0.365,0.362,0.366,0.388
shaanxi_guanzhong,2001-01-24,0.361,0.362,0.366,0.387
shaanxi_guanzhong,2001-01-25,0.363,0.362,0.365,0.387
shaanxi_guanzhong,2001-01-26,0.372,0.363,0.365,0.387
shaanxi_guanzhong,2001-01-27,0.376,0.367,0.365,0.387
shaanxi_guanzhong,2001-01-28,0.374,0.369,0.365,0.387
shaanxi_guanzhong,2001-01-29,0.381,0.371,0.365,0.387
shaanxi_guanzhong,2001-01-30,0.388,0.376,0.365,0.387
shaanxi_guanzhong,2001-01-31,0.385,0.379,0.365,0.387
shaanxi_guanzhong,2001-02-01,0.382,0.378,0.365,0.386
shaanxi_guanzhong,2001-02-02,0.381,0.378,0.366,0.386
shaanxi_guanzhong,2001-02-03,0.38,0.377,0.366,0.386
shaanxi_guanzhong,2001-02-04,0.376,0.375,0.366,0.386
shaanxi_guanzhong,2001-02-05,0.377,0.374,0.366,0.386
shaanxi_guanzhong,2001-02-06,0.381,0.375,0.366,0.386
shaanxi_guanzhong,2001-02-07,0.385,0.378,0.366,0.386
shaanxi_guanzhong,2001-02-08,0.377,0.377,0.366,0.386
shaanxi_guanzhong,2001-02-09,0.372,0.374,0.366,0.385
shaanxi_guanzhong,2001-02-10,0.367,0.371,0.366,0.385
shaanxi_guanzhong,2001-02-11,0.396,0.377,0.366,0.385
shaanxi_guanzhong,2001-02-12,0.39,0.387,0.367,0.385
shaanxi_guanzhong,2001-02-13,0.391,0.386,0.368,0.385
shaanxi_guanzhong,2001-02-14,0.396,0.388,0.368,0.385
shaanxi_guanzhong,2001-02-15,0.396,0.39,0.369,0.385
shaanxi_guanzhong,2001-02-16,0.393,0.389,0.37,0.385
shaanxi_guanzhong,2001-02-17,0.389,0.387,0.371,0.385
shaanxi_guanzhong,2001-02-18,0.381,0.384,0.371,0.385
shaanxi_guanzhong,2001-02-19,0.379,0.38,0.371,0.385
shaanxi_guanzhong,2001-02-20,0.403,0.391,0.372,0.384
shaanxi_guanzhong,2001-02-21,0.384,0.389,0.372,0.384
shaanxi_guanzhong,2001-02-22,0.383,0.384,0.373,0.384
shaanxi_guanzhong,2001-02-23,0.382,0.383,0.373,0.384
shaanxi_guanzhong,2001-02-24,0.37,0.377,0.373,0.384
shaanxi_guanzhong,2001-02-25,0.366,0.373,0.372,0.384
shaanxi_guanzhong,2001-02-26,0.365,0.37,0.372,0.384
shaanxi_guanzhong,2001-02-27,0.361,0.367,0.371,0.384
shaanxi_guanzhong,2001-02-28,0.354,0.362,0.37,0.384
shaanxi_guanzhong,2001-03-01,0.348,0.357,0.369,0.384
shaanxi_guanzhong,2001-03-02,0.345,0.354,0.367,0.384
shaanxi_guanzhong,2001-03-03,0.339,0.35,0.366,0.384
shaanxi_guanzhong,2001-03-04,0.333,0.344,0.365,0.383
shaanxi_guanzhong,2001-03-05,0.331,0.341,0.363,0.383
shaanxi_guanzhong,2001-03-06,0.326,0.337,0.362,0.383
shaanxi_guanzhong,2001-03-07,0.322,0.334,0.36,0.383
shaanxi_guanzhong,2001-03-08,0.319,0.331,0.359,0.383
shaanxi_guanzhong,2001-03-09,0.315,0.328,0.357,0.383
shaanxi_guanzhong,2001-03-10,0.311,0.324,0.356,0.383
shaanxi_guanzhong,2001-03-11,0.304,0.32,0.354,0.382
shaanxi_guanzhong,2001-03-12,0.298,0.315,0.352,0.382
shaanxi_guanzhong,2001-03-13,0.293,0.311,0.35,0.382
shaanxi_guanzhong,2001-03-14,0.287,0.307,0.348,0.382
shaanxi_guanzhong,2001-03-15,0.287,0.304,0.346,0.382
shaanxi_guanzhong,2001-03-16,0.313,0.304,0.345,0.381
shaanxi_guanzhong,2001-03-17,0.306,0.305,0.344,0.381
shaanxi_guanzhong,2001-03-18,0.295,0.302,0.342,0.381
shaanxi_guanzhong,2001-03-19,0.287,0.299,0.34,0.381
shaanxi_guanzhong,2001-03-20,0.279,0.295,0.338,0.38
shaanxi_guanzhong,2001-03-21,0.27,0.29,0.336,0.38
shaanxi_guanzhong,2001-03-22,0.263,0.286,0.334,0.38
shaanxi_guanzhong,2001-03-23,0.26,0.283,0.332,0.38
shaanxi_guanzhong,2001-03-24,0.257,0.281,0.331,0.379
shaanxi_guanzhong,2001-03-25,0.253,0.278,0.329,0.379
shaanxi_guanzhong,2001-03-26,0.258,0.274,0.328,0.379
shaanxi_guanzhong,2001-03-27,0.275,0.273,0.326,0.378
shaanxi_guanzhong,2001-03-28,0.264,0.271,0.324,0.378
shaanxi_guanzhong,2001-03-29,0.254,0.267,0.322,0.378
shaanxi_guanzhong,2001-03-30,0.244,0.264,0.32,0.378
shaanxi_guanzhong,2001-03-31,0.234,0.259,0.318,0.377
shaanxi_guanzhong,2001-04-01,0.227,0.255,0.316,0.377
shaanxi_guanzhong,2001-04-02,0.221,0.252,0.314,0.377
shaanxi_guanzhong,2001-04-03,0.214,0.247,0.311,0.376
shaanxi_guanzhong,2001-04-04,0.239,0.245,0.31,0.376
shaanxi_guanzhong,2001-04-05,0.254,0.246,0.309,0.376
shaanxi_guanzhong,2001-04-06,0.245,0.244,0.307,0.375
shaanxi_guanzhong,2001-04-07,0.24,0.242,0.306,0.375
shaanxi_guanzhong,2001-04-08,0.326,0.249,0.304,0.374
shaanxi_guanzhong,2001-04-09,0.324,0.256,0.303,0.374
shaanxi_guanzhong,2001-04-10,0.323,0.265,0.303,0.374
shaanxi_guanzhong,2001-04-11,0.304,0.268,0.302,0.374
shaanxi_guanzhong,2001-04-12,0.289,0.266,0.3,0.373
shaanxi_guanzhong,2001-04-13,0.274,0.262,0.299,0.373
shaanxi_guanzhong,2001-04-14,0.259,0.258,0.297,0.372
shaanxi_guanzhong,2001-04-15,0.246,0.253,0.295,0.372
shaanxi_guanzhong,2001-04-16,0.235,0.249,0.294,0.372
shaanxi_guanzhong,2001-04-17,0.224,0.243,0.292,0.371
shaanxi_guanzhong,2001-04-18,0.214,0.239,0.29,0.371
shaanxi_guanzhong,2001-04-19,0.219,0.236,0.289,0.37
shaanxi_guanzhong,2001-04-20,0.273,0.236,0.288,0.37
shaanxi_guanzhong,2001-04-21,0.321,0.243,0.288,0.37
shaanxi_guanzhong,2001-04-22,0.326,0.253,0.288,0.37
shaanxi_guanzhong,2001-04-23,0.349,0.268,0.288,0.369
shaanxi_guanzhong,2001-04-24,0.333,0.279,0.288,0.369
shaanxi_guanzhong,2001-04-25,0.317,0.283,0.288,0.369
shaanxi_guanzhong,2001-04-26,0.3,0.282,0.287,0.368
shaanxi_guanzhong,2001-04-27,0.287,0.279,0.287,0.368
shaanxi_guanzhong,2001-04-28,0.281,0.276,0.286,0.368
shaanxi_guanzhong,2001-04-29,0.284,0.274,0.286,0.367
shaanxi_guanzhong,2001-04-30,0.273,0.271,0.285,0.367
shaanxi_guanzhong,2001-05-01,0.26,0.266,0.284,0.367
shaanxi_guanzhong,2001-05-02,0.248,0.26,0.283,0.366
shaanxi_guanzhong,2001-05-03,0.24,0.256,0.282,0.366
shaanxi_guanzhong,2001-05-04,0.235,0.253,0.281,0.366
shaanxi_guanzhong,2001-05-05,0.228,0.248,0.28,0.365
shaanxi_guanzhong,2001-05-06,0.217,0.242,0.278,0.365
shaanxi_guanzhong,2001-05-07,0.207,0.236,0.276,0.364
shaanxi_guanzhong,2001-05-08,0.198,0.231,0.275,0.364
shaanxi_guanzhong,2001-05-09,0.19,0.225,0.273,0.364
shaanxi_guanzhong,2001-05-10,0.183,0.22,0.271,0.363
shaanxi_guanzhong,2001-05-11,0.176,0.214,0.269,0.363
shaanxi_guanzhong,2001-05-12,0.174,0.21,0.268,0.362
shaanxi_guanzhong,2001-05-13,0.171,0.206,0.266,0.362
shaanxi_guanzhong,2001-05-14,0.168,0.203,0.264,0.362
shaanxi_guanzhong,2001-05-15,0.167,0.2,0.263,0.361
shaanxi_guanzhong,2001-05-16,0.195,0.199,0.262,0.361
shaanxi_guanzhong,2001-05-17,0.224,0.199,0.262,0.361
shaanxi_guanzhong,2001-05-18,0.211,0.197,0.26,0.36
shaanxi_guanzhong,2001-05-19,0.196,0.194,0.258,0.36
shaanxi_guanzhong,2001-05-20,0.185,0.191,0.257,0.359
shaanxi_guanzhong,2001-05-21,0.175,0.187,0.255,0.359
shaanxi_guanzhong,2001-05-22,0.165,0.184,0.252,0.358
shaanxi_guanzhong,2001-05-23,0.174,0.182,0.251,0.358
shaanxi_guanzhong,2001-05-24,0.236,0.182,0.25,0.357
shaanxi_guanzhong,2001-05-25,0.224,0.182,0.249,0.357
shaanxi_guanzhong,2001-05-26,0.213,0.182,0.249,0.357
shaanxi_guanzhong,2001-05-27,0.2,0.18,0.247,0.356
shaanxi_guanzhong,2001-05-28,0.188,0.179,0.246,0.356
shaanxi_guanzhong,2001-05-29,0.179,0.177,0.245,0.355
shaanxi_guanzhong,2001-05-30,0.171,0.175,0.243,0.355
shaanxi_guanzhong,2001-05-31,0.166,0.174,0.242,0.354
shaanxi_guanzhong,2001-06-01,0.162,0.173,0.242,0.354
shaanxi_guanzhong,2001-06-02,0.157,0.172,0.24,0.354
shaanxi_guanzhong,2001-06-03,0.153,0.17,0.239,0.353
shaanxi_guanzhong,2001-06-04,0.148,0.168,0.237,0.353
shaanxi_guanzhong,2001-06-05,0.144,0.166,0.235,0.352
shaanxi_guanzhong,2001-06-06,0.142,0.164,0.234,0.352
shaanxi_guanzhong,2001-06-07,0.14,0.163,0.233,0.351
shaanxi_guanzhong,2001-06-08,0.208,0.163,0.232,0.351
shaanxi_guanzhong,2001-06-09,0.277,0.168,0.232,0.351
shaanxi_guanzhong,2001-06-10,0.286,0.175,0.232,0.35
shaanxi_guanzhong,2001-06-11,0.274,0.179,0.232,0.35
shaanxi_guanzhong,2001-06-12,0.353,0.215,0.232,0.35
shaanxi_guanzhong,2001-06-13,0.299,0.232,0.231,0.349
shaanxi_guanzhong,2001-06-14,0.267,0.23,0.23,0.349
shaanxi_guanzhong,2001-06-15,0.311,0.235,0.23,0.349
shaanxi_guanzhong,2001-06-16,0.34,0.27,0.23,0.348
shaanxi_guanzhong,2001-06-17,0.304,0.27,0.23,0.348
shaanxi_guanzhong,2001-06-18,0.28,0.265,0.23,0.348
shaanxi_guanzhong,2001-06-19,0.258,0.258,0.229,0.347
shaanxi_guanzhong,2001-06-20,0.244,0.252,0.229,0.347
shaanxi_guanzhong,2001-06-21,0.229,0.245,0.228,0.346
shaanxi_guanzhong,2001-06-22,0.212,0.236,0.227,0.346
shaanxi_guanzhong,2001-06-23,0.198,0.228,0.226,0.346
shaanxi_guanzhong,2001-06-24,0.187,0.221,0.225,0.345
shaanxi_guanzhong,2001-06-25,0.178,0.214,0.224,0.345
shaanxi_guanzhong,2001-06-26,0.171,0.208,0.223,0.344
shaanxi_guanzhong,2001-06-27,0.165,0.203,0.222,0.344
shaanxi_guanzhong,2001-06-28,0.284,0.205,0.222,0.344
shaanxi_guanzhong,2001-06-29,0.329,0.23,0.222,0.343
shaanxi_guanzhong,2001-06-30,0.285,0.232,0.222,0.343
shaanxi_guanzhong,2001-07-01,0.253,0.227,0.22,0.342
shaanxi_guanzhong,2001-07-02,0.23,0.221,0.22,0.342
shaanxi_guanzhong,2001-07-03,0.214,0.215,0.219,0.342
shaanxi_guanzhong,2001-07-04,0.198,0.209,0.218,0.341
shaanxi_guanzhong,2001-07-05,0.183,0.203,0.216,0.341
shaanxi_guanzhong,2001-07-06,0.17,0.196,0.215,0.34
shaanxi_guanzhong,2001-07-07,0.16,0.19,0.214,0.34
shaanxi_guanzhong,2001-07-08,0.153,0.184,0.212,0.339
shaanxi_guanzhong,2001-07-09,0.15,0.179,0.211,0.339
shaanxi_guanzhong,2001-07-10,0.16,0.177,0.21,0.338
shaanxi_guanzhong,2001-07-11,0.302,0.184,0.21,0.338
shaanxi_guanzhong,2001-07-12,0.292,0.198,0.21,0.338
shaanxi_guanzhong,2001-07-13,0.25,0.197,0.209,0.337
shaanxi_guanzhong,2001-07-14,0.221,0.192,0.208,0.337
shaanxi_guanzhong,2001-07-15,0.198,0.187,0.206,0.336
shaanxi_guanzhong,2001-07-16,0.181,0.182,0.205,0.336
shaanxi_guanzhong,2001-07-17,0.167,0.177,0.204,0.335
shaanxi_guanzhong,2001-07-18,0.156,0.172,0.202,0.335
shaanxi_guanzhong,2001-07-19,0.152,0.169,0.201,0.334
shaanxi_guanzhong,2001-07-20,0.156,0.166,0.2,0.334
shaanxi_guanzhong,2001-07-21,0.151,0.164,0.199,0.334
shaanxi_guanzhong,2001-07-22,0.147,0.161,0.198,0.333
shaanxi_guanzhong,2001-07-23,0.144,0.158,0.196,0.332
shaanxi_guanzhong,2001-07-24,0.208,0.158,0.196,0.332
shaanxi_guanzhong,2001-07-25,0.247,0.161,0.196,0.332
shaanxi_guanzhong,2001-07-26,0.23,0.162,0.195,0.331
shaanxi_guanzhong,2001-07-27,0.309,0.175,0.195,0.331
shaanxi_guanzhong,2001-07-28,0.322,0.214,0.195,0.331
shaanxi_guanzhong,2001-07-29,0.377,0.276,0.196,0.331
shaanxi_guanzhong,2001-07-30,0.357,0.331,0.198,0.33
shaanxi_guanzhong,2001-07-31,0.323,0.318,0.2,0.33
shaanxi_guanzhong,2001-08-01,0.297,0.303,0.201,0.33
shaanxi_guanzhong,2001-08-02,0.275,0.29,0.201,0.329
shaanxi_guanzhong,2001-08-03,0.259,0.278,0.201,0.329
shaanxi_guanzhong,2001-08-04,0.246,0.268,0.201,0.329
shaanxi_guanzhong,2001-08-05,0.23,0.257,0.201,0.328
shaanxi_guanzhong,2001-08-06,0.216,0.247,0.2,0.328
shaanxi_guanzhong,2001-08-07,0.249,0.239,0.2,0.328
shaanxi_guanzhong,2001-08-08,0.315,0.24,0.2,0.327
shaanxi_guanzhong,2001-08-09,0.289,0.241,0.2,0.327
shaanxi_guanzhong,2001-08-10,0.263,0.237,0.2,0.327
shaanxi_guanzhong,2001-08-11,0.238,0.23,0.199,0.326
shaanxi_guanzhong,2001-08-12,0.215,0.221,0.198,0.326
shaanxi_guanzhong,2001-08-13,0.2,0.215,0.198,0.326
shaanxi_guanzhong,2001-08-14,0.188,0.208,0.197,0.325
shaanxi_guanzhong,2001-08-15,0.176,0.202,0.196,0.325
shaanxi_guanzhong,2001-08-16,0.185,0.197,0.196,0.325
shaanxi_guanzhong,2001-08-17,0.284,0.199,0.196,0.324
shaanxi_guanzhong,2001-08-18,0.275,0.202,0.196,0.324
shaanxi_guanzhong,2001-08-19,0.361,0.22,0.196,0.324
shaanxi_guanzhong,2001-08-20,0.335,0.257,0.196,0.324
shaanxi_guanzhong,2001-08-21,0.295,0.257,0.196,0.323
shaanxi_guanzhong,2001-08-22,0.268,0.251,0.196,0.323
shaanxi_guanzhong,2001-08-23,0.245,0.243,0.196,0.323
shaanxi_guanzhong,2001-08-24,0.229,0.236,0.195,0.323
shaanxi_guanzhong,2001-08-25,0.216,0.23,0.195,0.322
shaanxi_guanzhong,2001-08-26,0.237,0.225,0.195,0.322
shaanxi_guanzhong,2001-08-27,0.394,0.272,0.195,0.322
shaanxi_guanzhong,2001-08-28,0.427,0.383,0.203,0.322
shaanxi_guanzhong,2001-08-29,0.408,0.4,0.223,0.321
shaanxi_guanzhong,2001-08-30,0.413,0.399,0.233,0.321
shaanxi_guanzhong,2001-08-31,0.41,0.407,0.249,0.321
shaanxi_guanzhong,2001-09-01,0.382,0.383,0.258,0.321
shaanxi_guanzhong,2001-09-02,0.366,0.366,0.261,0.321
shaanxi_guanzhong,2001-09-03,0.422,0.401,0.268,0.321
shaanxi_guanzhong,2001-09-04,0.39,0.391,0.278,0.321
shaanxi_guanzhong,2001-09-05,0.365,0.371,0.281,0.321
shaanxi_guanzhong,2001-09-06,0.348,0.356,0.282,0.321
shaanxi_guanzhong,2001-09-07,0.392,0.367,0.284,0.321
shaanxi_guanzhong,2001-09-08,0.376,0.375,0.287,0.32
shaanxi_guanzhong,2001-09-09,0.357,0.361,0.288,0.32
shaanxi_guanzhong,2001-09-10,0.365,0.356,0.289,0.32
shaanxi_guanzhong,2001-09-11,0.362,0.355,0.291,0.32
shaanxi_guanzhong,2001-09-12,0.381,0.356,0.292,0.32
shaanxi_guanzhong,2001-09-13,0.368,0.358,0.293,0.32
shaanxi_guanzhong,2001-09-14,0.354,0.351,0.294,0.32
shaanxi_guanzhong,2001-09-15,0.359,0.347,0.294,0.32
shaanxi_guanzhong,2001-09-16,0.375,0.35,0.295,0.32
shaanxi_guanzhong,2001-09-17,0.386,0.36,0.297,0.32
shaanxi_guanzhong,2001-09-18,0.404,0.371,0.298,0.32
shaanxi_guanzhong,2001-09-19,0.415,0.39,0.302,0.32
shaanxi_guanzhong,2001-09-20,0.429,0.423,0.32,0.32
shaanxi_guanzhong,2001-09-21,0.43,0.427,0.352,0.32
shaanxi_guanzhong,2001-09-22,0.419,0.419,0.374,0.321
shaanxi_guanzhong,2001-09-23,0.416,0.413,0.378,0.321
shaanxi_guanzhong,2001-09-24,0.418,0.423,0.396,0.323
shaanxi_guanzhong,2001-09-25,0.418,0.416,0.399,0.324
shaanxi_guanzhong,2001-09-26,0.422,0.423,0.404,0.326
shaanxi_guanzhong,2001-09-27,0.404,0.412,0.404,0.328
shaanxi_guanzhong,2001-09-28,0.405,0.405,0.402,0.33
shaanxi_guanzhong,2001-09-29,0.422,0.422,0.406,0.331
shaanxi_guanzhong,2001-09-30,0.399,0.409,0.406,0.333
shaanxi_guanzhong,2001-10-01,0.396,0.4,0.404,0.335
shaanxi_guanzhong,2001-10-02,0.413,0.41,0.402,0.336
shaanxi_guanzhong,2001-10-03,0.393,0.403,0.401,0.337
shaanxi_guanzhong,2001-10-04,0.381,0.392,0.398,0.338
shaanxi_guanzhong,2001-10-05,0.394,0.389,0.396,0.339
shaanxi_guanzhong,2001-10-06,0.421,0.411,0.397,0.34
shaanxi_guanzhong,2001-10-07,0.413,0.416,0.401,0.341
shaanxi_guanzhong,2001-10-08,0.397,0.406,0.401,0.342
shaanxi_guanzhong,2001-10-09,0.384,0.395,0.399,0.343
shaanxi_guanzhong,2001-10-10,0.374,0.386,0.397,0.344
shaanxi_guanzhong,2001-10-11,0.366,0.378,0.394,0.345
shaanxi_guanzhong,2001-10-12,0.38,0.375,0.392,0.346
shaanxi_guanzhong,2001-10-13,0.426,0.408,0.392,0.346
shaanxi_guanzhong,2001-10-14,0.424,0.427,0.405,0.347
shaanxi_guanzhong,2001-10-15,0.406,0.415,0.411,0.349
shaanxi_guanzhong,2001-10-16,0.396,0.405,0.409,0.35
shaanxi_guanzhong,2001-10-17,0.387,0.397,0.406,0.352
shaanxi_guanzhong,2001-10-18,0.382,0.39,0.404,0.353
shaanxi_guanzhong,2001-10-19,0.395,0.389,0.402,0.354
shaanxi_guanzhong,2001-10-20,0.409,0.4,0.4,0.355
shaanxi_guanzhong,2001-10-21,0.396,0.4,0.4,0.356
shaanxi_guanzhong,2001-10-22,0.384,0.393,0.399,0.356
shaanxi_guanzhong,2001-10-23,0.377,0.386,0.397,0.357
shaanxi_guanzhong,2001-10-24,0.401,0.394,0.396,0.358
shaanxi_guanzhong,2001-10-25,0.423,0.422,0.403,0.359
shaanxi_guanzhong,2001-10-26,0.426,0.423,0.408,0.36
shaanxi_guanzhong,2001-10-27,0.41,0.418,0.412,0.361
shaanxi_guanzhong,2001-10-28,0.395,0.405,0.41,0.363
shaanxi_guanzhong,2001-10-29,0.387,0.397,0.407,0.364
shaanxi_guanzhong,2001-10-30,0.388,0.391,0.405,0.365
shaanxi_guanzhong,2001-10-31,0.407,0.406,0.403,0.366
shaanxi_guanzhong,2001-11-01,0.395,0.4,0.402,0.367
shaanxi_guanzhong,2001-11-02,0.4,0.399,0.401,0.368
shaanxi_guanzhong,2001-11-03,0.403,0.4,0.4,0.368
shaanxi_guanzhong,2001-11-04,0.414,0.413,0.401,0.369
shaanxi_guanzhong,2001-11-05,0.396,0.405,0.402,0.37
shaanxi_guanzhong,2001-11-06,0.39,0.397,0.401,0.37
shaanxi_guanzhong,2001-11-07,0.388,0.394,0.4,0.371
shaanxi_guanzhong,2001-11-08,0.381,0.389,0.398,0.372
shaanxi_guanzhong,2001-11-09,0.375,0.384,0.397,0.372
shaanxi_guanzhong,2001-11-10,0.37,0.379,0.395,0.372
shaanxi_guanzhong,2001-11-11,0.366,0.375,0.394,0.373
shaanxi_guanzhong,2001-11-12,0.363,0.371,0.392,0.373
shaanxi_guanzhong,2001-11-13,0.359,0.368,0.39,0.373
shaanxi_guanzhong,2001-11-14,0.355,0.364,0.389,0.374
shaanxi_guanzhong,2001-11-15,0.351,0.361,0.387,0.374
shaanxi_guanzhong,2001-11-16,0.349,0.358,0.386,0.374
shaanxi_guanzhong,2001-11-17,0.346,0.355,0.384,0.374
shaanxi_guanzhong,2001-11-18,0.344,0.353,0.383,0.374
shaanxi_guanzhong,2001-11-19,0.341,0.351,0.381,0.374
shaanxi_guanzhong,2001-11-20,0.338,0.348,0.38,0.374
shaanxi_guanzhong,2001-11-21,0.336,0.346,0.378,0.374
shaanxi_guanzhong,2001-11-22,0.335,0.344,0.377,0.374
shaanxi_guanzhong,2001-11-23,0.334,0.343,0.375,0.374
shaanxi_guanzhong,2001-11-24,0.332,0.341,0.374,0.374
shaanxi_guanzhong,2001-11-25,0.333,0.34,0.373,0.374
shaanxi_guanzhong,2001-11-26,0.332,0.339,0.372,0.374
shaanxi_guanzhong,2001-11-27,0.33,0.338,0.37,0.374
shaanxi_guanzhong,2001-11-28,0.329,0.337,0.369,0.374
shaanxi_guanzhong,2001-11-29,0.328,0.337,0.368,0.374
shaanxi_guanzhong,2001-11-30,0.327,0.336,0.367,0.374
shaanxi_guanzhong,2001-12-01,0.327,0.335,0.366,0.374
shaanxi_guanzhong,2001-12-02,0.355,0.336,0.365,0.374
shaanxi_guanzhong,2001-12-03,0.384,0.356,0.365,0.374
shaanxi_guanzhong,2001-12-04,0.384,0.364,0.365,0.374
shaanxi_guanzhong,2001-12-05,0.387,0.376,0.365,0.374
shaanxi_guanzhong,2001-12-06,0.376,0.376,0.366,0.374
shaanxi_guanzhong,2001-12-07,0.374,0.374,0.366,0.374
shaanxi_guanzhong,2001-12-08,0.374,0.373,0.366,0.374
shaanxi_guanzhong,2001-12-09,0.376,0.373,0.366,0.374
shaanxi_guanzhong,2001-12-10,0.379,0.374,0.367,0.374
shaanxi_guanzhong,2001-12-11,0.379,0.375,0.367,0.374
shaanxi_guanzhong,2001-12-12,0.374,0.375,0.367,0.374
shaanxi_guanzhong,2001-12-13,0.37,0.373,0.368,0.374
shaanxi_guanzhong,2001-12-14,0.375,0.372,0.368,0.374
shaanxi_guanzhong,2001-12-15,0.38,0.374,0.368,0.374
shaanxi_guanzhong,2001-12-16,0.381,0.375,0.368,0.374
shaanxi_guanzhong,2001-12-17,0.385,0.378,0.368,0.374
shaanxi_guanzhong,2001-12-18,0.386,0.38,0.369,0.374
shaanxi_guanzhong,2001-12-19,0.384,0.381,0.37,0.373
shaanxi_guanzhong,2001-12-20,0.378,0.38,0.37,0.373
shaanxi_guanzhong,2001-12-21,0.376,0.377,0.371,0.373
shaanxi_guanzhong,2001-12-22,0.381,0.377,0.371,0.373
shaanxi_guanzhong,2001-12-23,0.383,0.378,0.371,0.373
shaanxi_guanzhong,2001-12-24,0.38,0.379,0.371,0.373
shaanxi_guanzhong,2001-12-25,0.376,0.378,0.372,0.373
shaanxi_guanzhong,2001-12-26,0.375,0.376,0.372,0.373
shaanxi_guanzhong,2001-12-27,0.375,0.376,0.372,0.373
shaanxi_guanzhong,2001-12-28,0.374,0.375,0.372,0.373
shaanxi_guanzhong,2001-12-29,0.372,0.374,0.372,0.373
shaanxi_guanzhong,2001-12-30,0.371,0.373,0.372,0.373
shaanxi_guanzhong,2001-12-31,0.371,0.372,0.372,0.373
shaanxi_guanzhong,2002-01-01,0.366,0.37,0.371,0.373
shaanxi_guanzhong,2002-01-02,0.363,0.368,0.371,0.373
shaanxi_guanzhong,2002-01-03,0.36,0.366,0.371,0.373
shaanxi_guanzhong,2002-01-04,0.358,0.364,0.37,0.373
shaanxi_guanzhong,2002-01-05,0.356,0.362,0.37,0.373
shaanxi_guanzhong,2002-01-06,0.353,0.36,0.37,0.373
shaanxi_guanzhong,2002-01-07,0.35,0.357,0.369,0.373
shaanxi_guanzhong,2002-01-08,0.348,0.355,0.368,0.373
shaanxi_guanzhong,2002-01-09,0.347,0.354,0.368,0.373
shaanxi_guanzhong,2002-01-10,0.345,0.352,0.367,0.373
shaanxi_guanzhong,2002-01-11,0.343,0.349,0.366,0.373
shaanxi_guanzhong,2002-01-12,0.34,0.347,0.365,0.373
shaanxi_guanzhong,2002-01-13,0.337,0.345,0.365,0.373
shaanxi_guanzhong,2002-01-14,0.336,0.344,0.364,0.373
shaanxi_guanzhong,2002-01-15,0.358,0.345,0.363,0.373
shaanxi_guanzhong,2002-01-16,0.367,0.351,0.363,0.373
shaanxi_guanzhong,2002-01-17,0.37,0.354,0.362,0.373
shaanxi_guanzhong,2002-01-18,0.376,0.361,0.362,0.373
shaanxi_guanzhong,2002-01-19,0.379,0.366,0.362,0.373
shaanxi_guanzhong,2002-01-20,0.374,0.369,0.362,0.372
shaanxi_guanzhong,2002-01-21,0.369,0.368,0.362,0.372
shaanxi_guanzhong,2002-01-22,0.368,0.367,0.362,0.372
shaanxi_guanzhong,2002-01-23,0.367,0.366,0.362,0.372
shaanxi_guanzhong,2002-01-24,0.366,0.366,0.362,0.372
shaanxi_guanzhong,2002-01-25,0.37,0.366,0.362,0.372
shaanxi_guanzhong,2002-01-26,0.366,0.366,0.362,0.372
shaanxi_guanzhong,2002-01-27,0.365,0.365,0.362,0.372
shaanxi_guanzhong,2002-01-28,0.362,0.364,0.362,0.372
shaanxi_guanzhong,2002-01-29,0.359,0.362,0.362,0.372
shaanxi_guanzhong,2002-01-30,0.356,0.361,0.362,0.372
shaanxi_guanzhong,2002-01-31,0.355,0.359,0.362,0.372
shaanxi_guanzhong,2002-02-01,0.352,0.357,0.361,0.372
shaanxi_guanzhong,2002-02-02,0.35,0.356,0.361,0.372
shaanxi_guanzhong,2002-02-03,0.35,0.354,0.361,0.372
shaanxi_guanzhong,2002-02-04,0.356,0.354,0.36,0.372
shaanxi_guanzhong,2002-02-05,0.349,0.352,0.36,0.372
shaanxi_guanzhong,2002-02-06,0.345,0.35,0.359,0.372
shaanxi_guanzhong,2002-02-07,0.342,0.348,0.358,0.371
shaanxi_guanzhong,2002-02-08,0.339,0.346,0.358,0.371
shaanxi_guanzhong,2002-02-09,0.336,0.343,0.357,0.371
shaanxi_guanzhong,2002-02-10,0.333,0.341,0.356,0.371
shaanxi_guanzhong,2002-02-11,0.331,0.338,0.356,0.371
shaanxi_guanzhong,2002-02-12,0.328,0.336,0.355,0.371
shaanxi_guanzhong,2002-02-13,0.326,0.334,0.354,0.371
shaanxi_guanzhong,2002-02-14,0.34,0.334,0.353,0.371
shaanxi_guanzhong,2002-02-15,0.344,0.336,0.353,0.371
shaanxi_guanzhong,2002-02-16,0.339,0.336,0.352,0.371
shaanxi_guanzhong,2002-02-17,0.331,0.334,0.351,0.371
shaanxi_guanzhong,2002-02-18,0.325,0.332,0.35,0.37
shaanxi_guanzhong,2002-02-19,0.323,0.33,0.349,0.37
shaanxi_guanzhong,2002-02-20,0.323,0.328,0.349,0.37
shaanxi_guanzhong,2002-02-21,0.319,0.326,0.348,0.37
shaanxi_guanzhong,2002-02-22,0.316,0.324,0.347,0.37
shaanxi_guanzhong,2002-02-23,0.321,0.323,0.346,0.37
shaanxi_guanzhong,2002-02-24,0.317,0.322,0.345,0.37
shaanxi_guanzhong,2002-02-25,0.332,0.322,0.344,0.37
shaanxi_guanzhong,2002-02-26,0.341,0.324,0.344,0.37
shaanxi_guanzhong,2002-02-27,0.356,0.331,0.344,0.37
shaanxi_guanzhong,2002-02-28,0.339,0.332,0.343,0.369
shaanxi_guanzhong,2002-03-01,0.329,0.33,0.342,0.369
shaanxi_guanzhong,2002-03-02,0.337,0.329,0.341,0.369
shaanxi_guanzhong,2002-03-03,0.371,0.337,0.341,0.369
shaanxi_guanzhong,2002-03-04,0.375,0.347,0.341,0.369
shaanxi_guanzhong,2002-03-05,0.368,0.353,0.341,0.369
shaanxi_guanzhong,2002-03-06,0.361,0.352,0.341,0.369
shaanxi_guanzhong,2002-03-07,0.354,0.349,0.34,0.368
shaanxi_guanzhong,2002-03-08,0.346,0.346,0.34,0.368
shaanxi_guanzhong,2002-03-09,0.338,0.341,0.339,0.368
shaanxi_guanzhong,2002-03-10,0.337,0.338,0.338,0.368
shaanxi_guanzhong,2002-03-11,0.341,0.337,0.338,0.368
shaanxi_guanzhong,2002-03-12,0.385,0.345,0.338,0.368
shaanxi_guanzhong,2002-03-13,0.393,0.378,0.339,0.368
shaanxi_guanzhong,2002-03-14,0.371,0.372,0.34,0.368
shaanxi_guanzhong,2002-03-15,0.358,0.363,0.34,0.367
shaanxi_guanzhong,2002-03-16,0.352,0.357,0.34,0.367
shaanxi_guanzhong,2002-03-17,0.345,0.352,0.34,0.367
shaanxi_guanzhong,2002-03-18,0.336,0.346,0.339,0.367
shaanxi_guanzhong,2002-03-19,0.329,0.34,0.338,0.367
shaanxi_guanzhong,2002-03-20,0.321,0.333,0.337,0.367
shaanxi_guanzhong,2002-03-21,0.315,0.328,0.336,0.367
shaanxi_guanzhong,2002-03-22,0.31,0.323,0.335,0.366
shaanxi_guanzhong,2002-03-23,0.304,0.318,0.334,0.366
shaanxi_guanzhong,2002-03-24,0.301,0.315,0.333,0.366
shaanxi_guanzhong,2002-03-25,0.296,0.311,0.332,0.366
shaanxi_guanzhong,2002-03-26,0.29,0.306,0.331,0.366
shaanxi_guanzhong,2002-03-27,0.286,0.302,0.329,0.366
shaanxi_guanzhong,2002-03-28,0.281,0.298,0.328,0.365
shaanxi_guanzhong,2002-03-29,0.273,0.292,0.326,0.365
shaanxi_guanzhong,2002-03-30,0.27,0.287,0.324,0.365
shaanxi_guanzhong,2002-03-31,0.26,0.282,0.322,0.365
shaanxi_guanzhong,2002-04-01,0.252,0.277,0.32,0.365
shaanxi_guanzhong,2002-04-02,0.244,0.272,0.318,0.364
shaanxi_guanzhong,2002-04-03,0.242,0.267,0.317,0.364
shaanxi_guanzhong,2002-04-04,0.353,0.279,0.316,0.364
shaanxi_guanzhong,2002-04-05,0.375,0.328,0.315,0.364
shaanxi_guanzhong,2002-04-06,0.338,0.328,0.315,0.364
shaanxi_guanzhong,2002-04-07,0.32,0.322,0.314,0.363
shaanxi_guanzhong,2002-04-08,0.309,0.316,0.313,0.363
shaanxi_guanzhong,2002-04-09,0.3,0.31,0.312,0.363
shaanxi_guanzhong,2002-04-10,0.292,0.305,0.311,0.363
shaanxi_guanzhong,2002-04-11,0.281,0.298,0.309,0.362
shaanxi_guanzhong,2002-04-12,0.269,0.29,0.308,0.362
shaanxi_guanzhong,2002-04-13,0.258,0.283,0.306,0.362
shaanxi_guanzhong,2002-04-14,0.247,0.275,0.304,0.362
shaanxi_guanzhong,2002-04-15,0.243,0.27,0.303,0.361
shaanxi_guanzhong,2002-04-16,0.245,0.266,0.302,0.361
shaanxi_guanzhong,2002-04-17,0.238,0.262,0.3,0.361
shaanxi_guanzhong,2002-04-18,0.23,0.257,0.299,0.361
shaanxi_guanzhong,2002-04-19,0.223,0.252,0.297,0.36
shaanxi_guanzhong,2002-04-20,0.215,0.247,0.295,0.36
shaanxi_guanzhong,2002-04-21,0.206,0.241,0.293,0.36
shaanxi_guanzhong,2002-04-22,0.198,0.235,0.291,0.359
shaanxi_guanzhong,2002-04-23,0.192,0.231,0.289,0.359
shaanxi_guanzhong,2002-04-24,0.191,0.229,0.288,0.359
shaanxi_guanzhong,2002-04-25,0.191,0.227,0.287,0.359
shaanxi_guanzhong,2002-04-26,0.199,0.226,0.286,0.358
shaanxi_guanzhong,2002-04-27,0.247,0.226,0.286,0.358
shaanxi_guanzhong,2002-04-28,0.292,0.229,0.285,0.358
shaanxi_guanzhong,2002-04-29,0.283,0.233,0.285,0.358
shaanxi_guanzhong,2002-04-30,0.266,0.233,0.284,0.357
shaanxi_guanzhong,2002-05-01,0.305,0.236,0.283,0.357
shaanxi_guanzhong,2002-05-02,0.329,0.252,0.283,0.357
shaanxi_guanzhong,2002-05-03,0.296,0.254,0.282,0.357
shaanxi_guanzhong,2002-05-04,0.288,0.254,0.281,0.356
shaanxi_guanzhong,2002-05-05,0.379,0.278,0.281,0.356
shaanxi_guanzhong,2002-05-06,0.377,0.334,0.282,0.356
shaanxi_guanzhong,2002-05-07,0.345,0.334,0.282,0.356
shaanxi_guanzhong,2002-05-08,0.329,0.327,0.282,0.355
shaanxi_guanzhong,2002-05-09,0.365,0.33,0.283,0.355
shaanxi_guanzhong,2002-05-10,0.343,0.331,0.283,0.355
shaanxi_guanzhong,2002-05-11,0.324,0.324,0.283,0.355
shaanxi_guanzhong,2002-05-12,0.315,0.317,0.283,0.355
shaanxi_guanzhong,2002-05-13,0.355,0.32,0.283,0.354
shaanxi_guanzhong,2002-05-14,0.371,0.327,0.283,0.354
shaanxi_guanzhong,2002-05-15,0.354,0.331,0.284,0.354
shaanxi_guanzhong,2002-05-16,0.327,0.324,0.283,0.354
shaanxi_guanzhong,2002-05-17,0.308,0.315,0.283,0.353
shaanxi_guanzhong,2002-05-18,0.328,0.311,0.282,0.353
shaanxi_guanzhong,2002-05-19,0.327,0.311,0.283,0.353
shaanxi_guanzhong,2002-05-20,0.369,0.318,0.283,0.353
shaanxi_guanzhong,2002-05-21,0.372,0.337,0.284,0.353
shaanxi_guanzhong,2002-05-22,0.349,0.337,0.284,0.352
shaanxi_guanzhong,2002-05-23,0.34,0.333,0.285,0.352
shaanxi_guanzhong,2002-05-24,0.327,0.327,0.285,0.352
shaanxi_guanzhong,2002-05-25,0.308,0.317,0.284,0.352
shaanxi_guanzhong,2002-05-26,0.291,0.307,0.283,0.351
shaanxi_guanzhong,2002-05-27,0.275,0.296,0.282,0.351
shaanxi_guanzhong,2002-05-28,0.265,0.288,0.281,0.351
shaanxi_guanzhong,2002-05-29,0.256,0.281,0.28,0.351
shaanxi_guanzhong,2002-05-30,0.242,0.272,0.278,0.35
shaanxi_guanzhong,2002-05-31,0.228,0.262,0.276,0.35
shaanxi_guanzhong,2002-06-01,0.217,0.253,0.274,0.35
shaanxi_guanzhong,2002-06-02,0.206,0.245,0.273,0.349
shaanxi_guanzhong,2002-06-03,0.196,0.237,0.271,0.349
shaanxi_guanzhong,2002-06-04,0.187,0.23,0.268,0.349
shaanxi_guanzhong,2002-06-05,0.179,0.223,0.266,0.348
shaanxi_guanzhong,2002-06-06,0.172,0.216,0.264,0.348
shaanxi_guanzhong,2002-06-07,0.189,0.213,0.263,0.348
shaanxi_guanzhong,2002-06-08,0.292,0.218,0.263,0.347
shaanxi_guanzhong,2002-06-09,0.411,0.358,0.267,0.347
shaanxi_guanzhong,2002-06-10,0.375,0.376,0.274,0.347
shaanxi_guanzhong,2002-06-11,0.348,0.357,0.275,0.347
shaanxi_guanzhong,2002-06-12,0.327,0.341,0.276,0.347
shaanxi_guanzhong,2002-06-13,0.308,0.326,0.275,0.346
shaanxi_guanzhong,2002-06-14,0.291,0.313,0.274,0.346
shaanxi_guanzhong,2002-06-15,0.275,0.301,0.273,0.346
shaanxi_guanzhong,2002-06-16,0.262,0.29,0.272,0.346
shaanxi_guanzhong,2002-06-17,0.267,0.282,0.271,0.345
shaanxi_guanzhong,2002-06-18,0.376,0.309,0.271,0.345
shaanxi_guanzhong,2002-06-19,0.339,0.318,0.271,0.345
shaanxi_guanzhong,2002-06-20,0.314,0.31,0.27,0.345
shaanxi_guanzhong,2002-06-21,0.353,0.313,0.27,0.344
shaanxi_guanzhong,2002-06-22,0.366,0.335,0.271,0.344
shaanxi_guanzhong,2002-06-23,0.384,0.344,0.272,0.344
shaanxi_guanzhong,2002-06-24,0.359,0.348,0.273,0.344
shaanxi_guanzhong,2002-06-25,0.33,0.334,0.274,0.344
shaanxi_guanzhong,2002-06-26,0.335,0.325,0.273,0.343
shaanxi_guanzhong,2002-06-27,0.409,0.381,0.277,0.343
shaanxi_guanzhong,2002-06-28,0.379,0.38,0.282,0.343
shaanxi_guanzhong,2002-06-29,0.353,0.361,0.284,0.343
shaanxi_guanzhong,2002-06-30,0.333,0.346,0.284,0.343
shaanxi_guanzhong,2002-07-01,0.314,0.331,0.284,0.342
shaanxi_guanzhong,2002-07-02,0.303,0.318,0.283,0.342
shaanxi_guanzhong,2002-07-03,0.331,0.313,0.282,0.342
shaanxi_guanzhong,2002-07-04,0.312,0.309,0.281,0.342
shaanxi_guanzhong,2002-07-05,0.318,0.303,0.281,0.342
shaanxi_guanzhong,2002-07-06,0.339,0.305,0.28,0.342
shaanxi_guanzhong,2002-07-07,0.312,0.3,0.279,0.341
shaanxi_guanzhong,2002-07-08,0.286,0.291,0.277,0.341
shaanxi_guanzhong,2002-07-09,0.263,0.28,0.276,0.341
shaanxi_guanzhong,2002-07-10,0.245,0.269,0.274,0.341
shaanxi_guanzhong,2002-07-11,0.227,0.259,0.272,0.34
shaanxi_guanzhong,2002-07-12,0.211,0.248,0.269,0.34
shaanxi_guanzhong,2002-07-13,0.197,0.238,0.267,0.34
shaanxi_guanzhong,2002-07-14,0.186,0.229,0.264,0.339
shaanxi_guanzhong,2002-07-15,0.177,0.222,0.262,0.339
shaanxi_guanzhong,2002-07-16,0.183,0.218,0.261,0.339
shaanxi_guanzhong,2002-07-17,0.198,0.215,0.26,0.339
shaanxi_guanzhong,2002-07-18,0.185,0.208,0.257,0.338
shaanxi_guanzhong,2002-07-19,0.172,0.201,0.255,0.338
shaanxi_guanzhong,2002-07-20,0.162,0.195,0.252,0.337
shaanxi_guanzhong,2002-07-21,0.16,0.191,0.25,0.337
shaanxi_guanzhong,2002-07-22,0.16,0.189,0.249,0.337
shaanxi_guanzhong,2002-07-23,0.157,0.186,0.247,0.336
shaanxi_guanzhong,2002-07-24,0.187,0.183,0.245,0.336
shaanxi_guanzhong,2002-07-25,0.204,0.182,0.244,0.336
shaanxi_guanzhong,2002-07-26,0.279,0.183,0.243,0.336
shaanxi_guanzhong,2002-07-27,0.313,0.194,0.242,0.335
shaanxi_guanzhong,2002-07-28,0.276,0.2,0.241,0.335
shaanxi_guanzhong,2002-07-29,0.247,0.199,0.24,0.335
shaanxi_guanzhong,2002-07-30,0.225,0.196,0.238,0.334
shaanxi_guanzhong,2002-07-31,0.209,0.193,0.237,0.334
shaanxi_guanzhong,2002-08-01,0.197,0.189,0.236,0.334
shaanxi_guanzhong,2002-08-02,0.184,0.185,0.234,0.333
shaanxi_guanzhong,2002-08-03,0.172,0.181,0.232,0.333
shaanxi_guanzhong,2002-08-04,0.162,0.177,0.23,0.333
shaanxi_guanzhong,2002-08-05,0.199,0.178,0.228,0.332
shaanxi_guanzhong,2002-08-06,0.382,0.282,0.227,0.332
shaanxi_guanzhong,2002-08-07,0.334,0.302,0.227,0.332
shaanxi_guanzhong,2002-08-08,0.394,0.329,0.228,0.331
shaanxi_guanzhong,2002-08-09,0.391,0.377,0.232,0.331
shaanxi_guanzhong,2002-08-10,0.359,0.361,0.236,0.331
shaanxi_guanzhong,2002-08-11,0.341,0.345,0.238,0.331
shaanxi_guanzhong,2002-08-12,0.366,0.34,0.239,0.331
shaanxi_guanzhong,2002-08-13,0.385,0.353,0.241,0.331
shaanxi_guanzhong,2002-08-14,0.372,0.354,0.244,0.33
shaanxi_guanzhong,2002-08-15,0.349,0.345,0.246,0.33
shaanxi_guanzhong,2002-08-16,0.385,0.346,0.247,0.33
shaanxi_guanzhong,2002-08-17,0.405,0.374,0.249,0.33
shaanxi_guanzhong,2002-08-18,0.373,0.37,0.253,0.33
shaanxi_guanzhong,2002-08-19,0.351,0.355,0.255,0.329
shaanxi_guanzhong,2002-08-20,0.383,0.354,0.257,0.329
shaanxi_guanzhong,2002-08-21,0.404,0.389,0.261,0.329
shaanxi_guanzhong,2002-08-22,0.373,0.374,0.266,0.329
shaanxi_guanzhong,2002-08-23,0.352,0.358,0.268,0.329
shaanxi_guanzhong,2002-08-24,0.338,0.344,0.268,0.329
shaanxi_guanzhong,2002-08-25,0.383,0.346,0.269,0.329
shaanxi_guanzhong,2002-08-26,0.367,0.356,0.27,0.328
shaanxi_guanzhong,2002-08-27,0.338,0.343,0.271,0.328
shaanxi_guanzhong,2002-08-28,0.318,0.33,0.271,0.328
shaanxi_guanzhong,2002-08-29,0.302,0.318,0.27,0.328
shaanxi_guanzhong,2002-08-30,0.286,0.306,0.27,0.328
shaanxi_guanzhong,2002-08-31,0.272,0.296,0.269,0.328
shaanxi_guanzhong,2002-09-01,0.259,0.286,0.267,0.327
shaanxi_guanzhong,2002-09-02,0.245,0.276,0.266,0.327
shaanxi_guanzhong,2002-09-03,0.233,0.267,0.264,0.327
shaanxi_guanzhong,2002-09-04,0.223,0.258,0.263,0.327
shaanxi_guanzhong,2002-09-05,0.215,0.251,0.262,0.327
shaanxi_guanzhong,2002-09-06,0.207,0.245,0.261,0.326
shaanxi_guanzhong,2002-09-07,0.199,0.238,0.259,0.326
shaanxi_guanzhong,2002-09-08,0.191,0.232,0.258,0.326
shaanxi_guanzhong,2002-09-09,0.187,0.226,0.256,0.326
shaanxi_guanzhong,2002-09-10,0.192,0.223,0.255,0.326
shaanxi_guanzhong,2002-09-11,0.199,0.222,0.255,0.325
shaanxi_guanzhong,2002-09-12,0.323,0.226,0.255,0.325
shaanxi_guanzhong,2002-09-13,0.396,0.278,0.255,0.325
shaanxi_guanzhong,2002-09-14,0.396,0.342,0.256,0.325
shaanxi_guanzhong,2002-09-15,0.371,0.355,0.258,0.325
shaanxi_guanzhong,2002-09-16,0.346,0.345,0.259,0.325
shaanxi_guanzhong,2002-09-17,0.334,0.336,0.26,0.325
shaanxi_guanzhong,2002-09-18,0.328,0.33,0.261,0.325
shaanxi_guanzhong,2002-09-19,0.343,0.325,0.261,0.324
shaanxi_guanzhong,2002-09-20,0.422,0.382,0.264,0.324
shaanxi_guanzhong,2002-09-21,0.402,0.4,0.276,0.324
shaanxi_guanzhong,2002-09-22,0.376,0.38,0.281,0.324
shaanxi_guanzhong,2002-09-23,0.357,0.364,0.283,0.324
shaanxi_guanzhong,2002-09-24,0.343,0.351,0.284,0.324
shaanxi_guanzhong,2002-09-25,0.33,0.341,0.284,0.324
shaanxi_guanzhong,2002-09-26,0.331,0.334,0.284,0.324
shaanxi_guanzhong,2002-09-27,0.329,0.329,0.285,0.324
shaanxi_guanzhong,2002-09-28,0.313,0.321,0.284,0.324
shaanxi_guanzhong,2002-09-29,0.301,0.313,0.284,0.323
shaanxi_guanzhong,2002-09-30,0.292,0.307,0.283,0.323
shaanxi_guanzhong,2002-10-01,0.283,0.3,0.283,0.323
shaanxi_guanzhong,2002-10-02,0.273,0.293,0.282,0.323
shaanxi_guanzhong,2002-10-03,0.266,0.287,0.281,0.323
shaanxi_guanzhong,2002-10-04,0.26,0.282,0.28,0.323
shaanxi_guanzhong,2002-10-05,0.251,0.275,0.279,0.323
shaanxi_guanzhong,2002-10-06,0.243,0.269,0.278,0.323
shaanxi_guanzhong,2002-10-07,0.236,0.264,0.277,0.322
shaanxi_guanzhong,2002-10-08,0.229,0.259,0.276,0.322
shaanxi_guanzhong,2002-10-09,0.231,0.255,0.275,0.322
shaanxi_guanzhong,2002-10-10,0.256,0.254,0.275,0.322
shaanxi_guanzhong,2002-10-11,0.255,0.253,0.274,0.322
shaanxi_guanzhong,2002-10-12,0.262,0.251,0.274,0.322
shaanxi_guanzhong,2002-10-13,0.262,0.25,0.273,0.322
shaanxi_guanzhong,2002-10-14,0.255,0.248,0.272,0.322
shaanxi_guanzhong,2002-10-15,0.245,0.246,0.272,0.322
shaanxi_guanzhong,2002-10-16,0.237,0.243,0.271,0.321
shaanxi_guanzhong,2002-10-17,0.231,0.241,0.27,0.321
shaanxi_guanzhong,2002-10-18,0.247,0.239,0.269,0.321
shaanxi_guanzhong,2002-10-19,0.397,0.302,0.269,0.321
shaanxi_guanzhong,2002-10-20,0.384,0.362,0.271,0.321
shaanxi_guanzhong,2002-10-21,0.377,0.36,0.274,0.321
shaanxi_guanzhong,2002-10-22,0.401,0.382,0.277,0.321
shaanxi_guanzhong,2002-10-23,0.375,0.373,0.281,0.321
shaanxi_guanzhong,2002-10-24,0.36,0.363,0.283,0.321
shaanxi_guanzhong,2002-10-25,0.351,0.354,0.284,0.321
shaanxi_guanzhong,2002-10-26,0.343,0.347,0.285,0.321
shaanxi_guanzhong,2002-10-27,0.335,0.34,0.286,0.321
shaanxi_guanzhong,2002-10-28,0.329,0.335,0.286,0.321
shaanxi_guanzhong,2002-10-29,0.324,0.33,0.287,0.32
shaanxi_guanzhong,2002-10-30,0.326,0.326,0.287,0.32
shaanxi_guanzhong,2002-10-31,0.385,0.342,0.288,0.32
shaanxi_guanzhong,2002-11-01,0.384,0.357,0.289,0.32
shaanxi_guanzhong,2002-11-02,0.367,0.359,0.291,0.32
shaanxi_guanzhong,2002-11-03,0.353,0.353,0.292,0.32
shaanxi_guanzhong,2002-11-04,0.343,0.346,0.293,0.32
shaanxi_guanzhong,2002-11-05,0.335,0.34,0.293,0.32
shaanxi_guanzhong,2002-11-06,0.329,0.335,0.293,0.32
shaanxi_guanzhong,2002-11-07,0.323,0.33,0.294,0.32
shaanxi_guanzhong,2002-11-08,0.317,0.325,0.294,0.32
shaanxi_guanzhong,2002-11-09,0.323,0.322,0.294,0.32
shaanxi_guanzhong,2002-11-10,0.321,0.32,0.294,0.32
shaanxi_guanzhong,2002-11-11,0.314,0.317,0.294,0.32
shaanxi_guanzhong,2002-11-12,0.308,0.313,0.293,0.32
shaanxi_guanzhong,2002-11-13,0.304,0.311,0.293,0.32
shaanxi_guanzhong,2002-11-14,0.302,0.309,0.293,0.32
shaanxi_guanzhong,2002-11-15,0.301,0.306,0.293,0.32
shaanxi_guanzhong,2002-11-16,0.296,0.304,0.293,0.319
shaanxi_guanzhong,2002-11-17,0.291,0.301,0.292,0.319
shaanxi_guanzhong,2002-11-18,0.295,0.299,0.292,0.319
shaanxi_guanzhong,2002-11-19,0.322,0.3,0.292,0.319
shaanxi_guanzhong,2002-11-20,0.345,0.306,0.292,0.319
shaanxi_guanzhong,2002-11-21,0.33,0.309,0.292,0.319
shaanxi_guanzhong,2002-11-22,0.322,0.31,0.292,0.319
shaanxi_guanzhong,2002-11-23,0.318,0.309,0.292,0.319
shaanxi_guanzhong,2002-11-24,0.315,0.309,0.292,0.319
shaanxi_guanzhong,2002-11-25,0.31,0.307,0.292,0.319
shaanxi_guanzhong,2002-11-26,0.306,0.305,0.292,0.319
shaanxi_guanzhong,2002-11-27,0.302,0.304,0.292,0.319
shaanxi_guanzhong,2002-11-28,0.299,0.302,0.292,0.319
shaanxi_guanzhong,2002-11-29,0.296,0.3,0.292,0.319
shaanxi_guanzhong,2002-11-30,0.293,0.298,0.291,0.319
shaanxi_guanzhong,2002-12-01,0.291,0.297,0.291,0.319
shaanxi_guanzhong,2002-12-02,0.296,0.296,0.291,0.319
shaanxi_guanzhong,2002-12-03,0.299,0.296,0.291,0.319
shaanxi_guanzhong,2002-12-04,0.295,0.295,0.291,0.319
shaanxi_guanzhong,2002-12-05,0.304,0.294,0.291,0.319
shaanxi_guanzhong,2002-12-06,0.347,0.301,0.291,0.319
shaanxi_guanzhong,2002-12-07,0.333,0.306,0.291,0.319
shaanxi_guanzhong,2002-12-08,0.33,0.308,0.291,0.319
shaanxi_guanzhong,2002-12-09,0.333,0.31,0.291,0.318
shaanxi_guanzhong,2002-12-10,0.334,0.313,0.291,0.318
shaanxi_guanzhong,2002-12-11,0.334,0.314,0.291,0.318
shaanxi_guanzhong,2002-12-12,0.333,0.316,0.291,0.318
shaanxi_guanzhong,2002-12-13,0.331,0.316,0.292,0.318
shaanxi_guanzhong,2002-12-14,0.329,0.317,0.292,0.318
shaanxi_guanzhong,2002-12-15,0.326,0.317,0.292,0.318
shaanxi_guanzhong,2002-12-16,0.322,0.316,0.292,0.318
shaanxi_guanzhong,2002-12-17,0.32,0.316,0.292,0.318
shaanxi_guanzhong,2002-12-18,0.317,0.314,0.292,0.318
shaanxi_guanzhong,2002-12-19,0.316,0.313,0.292,0.318
shaanxi_guanzhong,2002-12-20,0.321,0.313,0.293,0.318
shaanxi_guanzhong,2002-12-21,0.322,0.313,0.293,0.318
shaanxi_guanzhong,2002-12-22,0.332,0.314,0.293,0.318
shaanxi_guanzhong,2002-12-23,0.333,0.316,0.293,0.318
shaanxi_guanzhong,2002-12-24,0.329,0.317,0.294,0.318
shaanxi_guanzhong,2002-12-25,0.324,0.317,0.294,0.318
shaanxi_guanzhong,2002-12-26,0.321,0.317,0.294,0.318
shaanxi_guanzhong,2002-12-27,0.32,0.317,0.294,0.318
shaanxi_guanzhong,2002-12-28,0.321,0.316,0.295,0.318
shaanxi_guanzhong,2002-12-29,0.327,0.316,0.295,0.318
shaanxi_guanzhong,2002-12-30,0.337,0.318,0.295,0.318
shaanxi_guanzhong,2002-12-31,0.342,0.321,0.295,0.318
shaanxi_guanzhong,2003-01-01,0.34,0.323,0.296,0.318
shaanxi_guanzhong,2003-01-02,0.336,0.324,0.296,0.318
shaanxi_guanzhong,2003-01-03,0.333,0.325,0.297,0.318
shaanxi_guanzhong,2003-01-04,0.33,0.325,0.297,0.318
shaanxi_guanzhong,2003-01-05,0.328,0.324,0.297,0.318
shaanxi_guanzhong,2003-01-06,0.332,0.324,0.298,0.318
shaanxi_guanzhong,2003-01-07,0.336,0.324,0.298,0.318
shaanxi_guanzhong,2003-01-08,0.34,0.325,0.298,0.318
shaanxi_guanzhong,2003-01-09,0.344,0.327,0.299,0.318
shaanxi_guanzhong,2003-01-10,0.346,0.328,0.299,0.317
shaanxi_guanzhong,2003-01-11,0.345,0.33,0.3,0.317
shaanxi_guanzhong,2003-01-12,0.343,0.331,0.3,0.317
shaanxi_guanzhong,2003-01-13,0.34,0.331,0.3,0.317
shaanxi_guanzhong,2003-01-14,0.336,0.33,0.301,0.317
shaanxi_guanzhong,2003-01-15,0.332,0.329,0.301,0.317
shaanxi_guanzhong,2003-01-16,0.329,0.327,0.301,0.317
shaanxi_guanzhong,2003-01-17,0.326,0.326,0.301,0.317
shaanxi_guanzhong,2003-01-18,0.322,0.324,0.301,0.317
shaanxi_guanzhong,2003-01-19,0.319,0.322,0.301,0.317
shaanxi_guanzhong,2003-01-20,0.316,0.319,0.301,0.317
shaanxi_guanzhong,2003-01-21,0.319,0.318,0.301,0.317
shaanxi_guanzhong,2003-01-22,0.321,0.318,0.302,0.317
shaanxi_guanzhong,2003-01-23,0.317,0.317,0.302,0.317
shaanxi_guanzhong,2003-01-24,0.33,0.316,0.302,0.317
shaanxi_guanzhong,2003-01-25,0.375,0.329,0.302,0.317
shaanxi_guanzhong,2003-01-26,0.358,0.337,0.302,0.317
shaanxi_guanzhong,2003-01-27,0.348,0.338,0.303,0.317
shaanxi_guanzhong,2003-01-28,0.345,0.338,0.303,0.317
shaanxi_guanzhong,2003-01-29,0.342,0.337,0.304,0.317
shaanxi_guanzhong,2003-01-30,0.341,0.336,0.304,0.317
shaanxi_guanzhong,2003-01-31,0.347,0.335,0.305,0.317
shaanxi_guanzhong,2003-02-01,0.351,0.336,0.305,0.317
shaanxi_guanzhong,2003-02-02,0.351,0.337,0.305,0.317
shaanxi_guanzhong,2003-02-03,0.347,0.338,0.306,0.317
shaanxi_guanzhong,2003-02-04,0.341,0.336,0.306,0.317
shaanxi_guanzhong,2003-02-05,0.337,0.334,0.306,0.317
shaanxi_guanzhong,2003-02-06,0.333,0.332,0.307,0.317
shaanxi_guanzhong,2003-02-07,0.329,0.33,0.307,0.317
shaanxi_guanzhong,2003-02-08,0.325,0.328,0.307,0.317
shaanxi_guanzhong,2003-02-09,0.353,0.329,0.307,0.317
shaanxi_guanzhong,2003-02-10,0.358,0.336,0.307,0.317
shaanxi_guanzhong,2003-02-11,0.351,0.338,0.308,0.317
shaanxi_guanzhong,2003-02-12,0.35,0.338,0.308,0.317
shaanxi_guanzhong,2003-02-13,0.348,0.338,0.308,0.317
shaanxi_guanzhong,2003-02-14,0.35,0.338,0.309,0.317
shaanxi_guanzhong,2003-02-15,0.354,0.34,0.309,0.317
shaanxi_guanzhong,2003-02-16,0.347,0.34,0.309,0.317
shaanxi_guanzhong,2003-02-17,0.34,0.338,0.31,0.317
shaanxi_guanzhong,2003-02-18,0.333,0.335,0.31,0.317
shaanxi_guanzhong,2003-02-19,0.327,0.331,0.31,0.317
shaanxi_guanzhong,2003-02-20,0.322,0.327,0.309,0.317
shaanxi_guanzhong,2003-02-21,0.348,0.327,0.309,0.317
shaanxi_guanzhong,2003-02-22,0.341,0.329,0.309,0.317
shaanxi_guanzhong,2003-02-23,0.332,0.328,0.309,0.317
shaanxi_guanzhong,2003-02-24,0.323,0.325,0.309,0.317
shaanxi_guanzhong,2003-02-25,0.333,0.323,0.309,0.317
shaanxi_guanzhong,2003-02-26,0.335,0.324,0.309,0.317
shaanxi_guanzhong,2003-02-27,0.331,0.324,0.309,0.317
shaanxi_guanzhong,2003-02-28,0.33,0.323,0.309,0.316
shaanxi_guanzhong,2003-03-01,0.322,0.321,0.309,0.316
shaanxi_guanzhong,2003-03-02,0.316,0.318,0.308,0.316
shaanxi_guanzhong,2003-03-03,0.313,0.315,0.308,0.316
shaanxi_guanzhong,2003-03-04,0.328,0.315,0.308,0.316
shaanxi_guanzhong,2003-03-05,0.323,0.316,0.308,0.316
shaanxi_guanzhong,2003-03-06,0.331,0.316,0.308,0.316
shaanxi_guanzhong,2003-03-07,0.349,0.32,0.308,0.316
shaanxi_guanzhong,2003-03-08,0.357,0.325,0.307,0.316
shaanxi_guanzhong,2003-03-09,0.357,0.33,0.307,0.316
shaanxi_guanzhong,2003-03-10,0.354,0.332,0.307,0.316
shaanxi_guanzhong,2003-03-11,0.381,0.342,0.308,0.316
shaanxi_guanzhong,2003-03-12,0.371,0.35,0.308,0.316
shaanxi_guanzhong,2003-03-13,0.382,0.356,0.309,0.316
shaanxi_guanzhong,2003-03-14,0.4,0.37,0.311,0.316
shaanxi_guanzhong,2003-03-15,0.388,0.376,0.314,0.316
shaanxi_guanzhong,2003-03-16,0.381,0.373,0.316,0.316
shaanxi_guanzhong,2003-03-17,0.386,0.372,0.318,0.316
shaanxi_guanzhong,2003-03-18,0.384,0.373,0.32,0.316
shaanxi_guanzhong,2003-03-19,0.37,0.369,0.321,0.316
shaanxi_guanzhong,2003-03-20,0.358,0.362,0.322,0.316
shaanxi_guanzhong,2003-03-21,0.347,0.354,0.322,0.316
shaanxi_guanzhong,2003-03-22,0.342,0.348,0.322,0.316
shaanxi_guanzhong,2003-03-23,0.335,0.342,0.322,0.316
shaanxi_guanzhong,2003-03-24,0.325,0.335,0.321,0.316
shaanxi_guanzhong,2003-03-25,0.317,0.329,0.32,0.316
shaanxi_guanzhong,2003-03-26,0.312,0.324,0.32,0.316
shaanxi_guanzhong,2003-03-27,0.311,0.318,0.318,0.316
shaanxi_guanzhong,2003-03-28,0.337,0.316,0.317,0.316
shaanxi_guanzhong,2003-03-29,0.317,0.313,0.316,0.316
shaanxi_guanzhong,2003-03-30,0.303,0.308,0.315,0.316
shaanxi_guanzhong,2003-03-31,0.306,0.304,0.314,0.316
shaanxi_guanzhong,2003-04-01,0.413,0.366,0.315,0.316
shaanxi_guanzhong,2003-04-02,0.4,0.39,0.321,0.316
shaanxi_guanzhong,2003-04-03,0.381,0.381,0.324,0.316
shaanxi_guanzhong,2003-04-04,0.368,0.372,0.326,0.316
shaanxi_guanzhong,2003-04-05,0.358,0.363,0.326,0.316
shaanxi_guanzhong,2003-04-06,0.364,0.359,0.327,0.316
shaanxi_guanzhong,2003-04-07,0.36,0.357,0.327,0.316
shaanxi_guanzhong,2003-04-08,0.345,0.35,0.327,0.316
shaanxi_guanzhong,2003-04-09,0.335,0.343,0.326,0.316
shaanxi_guanzhong,2003-04-10,0.358,0.341,0.325,0.317
shaanxi_guanzhong,2003-04-11,0.34,0.338,0.324,0.317
shaanxi_guanzhong,2003-04-12,0.327,0.332,0.323,0.317
shaanxi_guanzhong,2003-04-13,0.316,0.326,0.322,0.317
shaanxi_guanzhong,2003-04-14,0.305,0.319,0.321,0.317
shaanxi_guanzhong,2003-04-15,0.293,0.311,0.319,0.316
shaanxi_guanzhong,2003-04-16,0.283,0.303,0.317,0.316
shaanxi_guanzhong,2003-04-17,0.275,0.297,0.316,0.316
shaanxi_guanzhong,2003-04-18,0.292,0.293,0.315,0.316
shaanxi_guanzhong,2003-04-19,0.309,0.294,0.314,0.316
shaanxi_guanzhong,2003-04-20,0.301,0.293,0.313,0.316
shaanxi_guanzhong,2003-04-21,0.306,0.292,0.312,0.316
shaanxi_guanzhong,2003-04-22,0.346,0.297,0.311,0.316
shaanxi_guanzhong,2003-04-23,0.329,0.303,0.311,0.316
shaanxi_guanzhong,2003-04-24,0.31,0.3,0.31,0.316
shaanxi_guanzhong,2003-04-25,0.295,0.296,0.309,0.316
shaanxi_guanzhong,2003-04-26,0.285,0.291,0.308,0.316
shaanxi_guanzhong,2003-04-27,0.274,0.286,0.306,0.316
shaanxi_guanzhong,2003-04-28,0.268,0.28,0.304,0.316
shaanxi_guanzhong,2003-04-29,0.265,0.276,0.303,0.316
shaanxi_guanzhong,2003-04-30,0.251,0.27,0.301,0.316
shaanxi_guanzhong,2003-05-01,0.238,0.262,0.299,0.316
shaanxi_guanzhong,2003-05-02,0.227,0.256,0.297,0.316
shaanxi_guanzhong,2003-05-03,0.217,0.25,0.294,0.315
shaanxi_guanzhong,2003-05-04,0.21,0.244,0.292,0.315
shaanxi_guanzhong,2003-05-05,0.217,0.241,0.291,0.315
shaanxi_guanzhong,2003-05-06,0.375,0.267,0.29,0.315
shaanxi_guanzhong,2003-05-07,0.334,0.289,0.29,0.315
shaanxi_guanzhong,2003-05-08,0.307,0.288,0.289,0.315
shaanxi_guanzhong,2003-05-09,0.291,0.284,0.288,0.315
shaanxi_guanzhong,2003-05-10,0.276,0.279,0.287,0.315
shaanxi_guanzhong,2003-05-11,0.261,0.272,0.285,0.315
shaanxi_guanzhong,2003-05-12,0.249,0.265,0.284,0.315
shaanxi_guanzhong,2003-05-13,0.244,0.26,0.282,0.315
shaanxi_guanzhong,2003-05-14,0.249,0.256,0.281,0.314
shaanxi_guanzhong,2003-05-15,0.358,0.3,0.28,0.314
shaanxi_guanzhong,2003-05-16,0.397,0.369,0.284,0.314
shaanxi_guanzhong,2003-05-17,0.371,0.362,0.287,0.314
shaanxi_guanzhong,2003-05-18,0.352,0.352,0.288,0.314
shaanxi_guanzhong,2003-05-19,0.33,0.338,0.288,0.314
shaanxi_guanzhong,2003-05-20,0.323,0.329,0.288,0.314
shaanxi_guanzhong,2003-05-21,0.353,0.329,0.288,0.314
shaanxi_guanzhong,2003-05-22,0.332,0.326,0.288,0.314
shaanxi_guanzhong,2003-05-23,0.326,0.321,0.288,0.314
shaanxi_guanzhong,2003-05-24,0.312,0.314,0.287,0.314
shaanxi_guanzhong,2003-05-25,0.293,0.305,0.286,0.314
shaanxi_guanzhong,2003-05-26,0.307,0.3,0.285,0.313
shaanxi_guanzhong,2003-05-27,0.328,0.303,0.285,0.313
shaanxi_guanzhong,2003-05-28,0.313,0.302,0.285,0.313
shaanxi_guanzhong,2003-05-29,0.288,0.293,0.283,0.313
shaanxi_guanzhong,2003-05-30,0.269,0.284,0.281,0.313
shaanxi_guanzhong,2003-05-31,0.256,0.276,0.28,0.313
shaanxi_guanzhong,2003-06-01,0.246,0.269,0.278,0.313
shaanxi_guanzhong,2003-06-02,0.236,0.262,0.277,0.313
shaanxi_guanzhong,2003-06-03,0.224,0.254,0.275,0.313
shaanxi_guanzhong,2003-06-04,0.216,0.248,0.274,0.312
shaanxi_guanzhong,2003-06-05,0.208,0.242,0.272,0.312
shaanxi_guanzhong,2003-06-06,0.198,0.235,0.27,0.312
shaanxi_guanzhong,2003-06-07,0.19,0.229,0.268,0.312
shaanxi_guanzhong,2003-06-08,0.183,0.223,0.266,0.312
shaanxi_guanzhong,2003-06-09,0.185,0.218,0.264,0.312
shaanxi_guanzhong,2003-06-10,0.263,0.217,0.263,0.312
shaanxi_guanzhong,2003-06-11,0.245,0.215,0.262,0.311
shaanxi_guanzhong,2003-06-12,0.224,0.211,0.26,0.311
shaanxi_guanzhong,2003-06-13,0.208,0.207,0.258,0.311
shaanxi_guanzhong,2003-06-14,0.191,0.202,0.256,0.311
shaanxi_guanzhong,2003-06-15,0.178,0.197,0.253,0.311
shaanxi_guanzhong,2003-06-16,0.169,0.193,0.251,0.31
shaanxi_guanzhong,2003-06-17,0.162,0.19,0.249,0.31
shaanxi_guanzhong,2003-06-18,0.155,0.185,0.247,0.31
shaanxi_guanzhong,2003-06-19,0.15,0.181,0.244,0.31
shaanxi_guanzhong,2003-06-20,0.145,0.177,0.242,0.309
shaanxi_guanzhong,2003-06-21,0.161,0.175,0.24,0.309
shaanxi_guanzhong,2003-06-22,0.352,0.23,0.239,0.309
shaanxi_guanzhong,2003-06-23,0.301,0.248,0.238,0.309
shaanxi_guanzhong,2003-06-24,0.269,0.243,0.237,0.309
shaanxi_guanzhong,2003-06-25,0.286,0.241,0.236,0.308
shaanxi_guanzhong,2003-06-26,0.318,0.249,0.236,0.308
shaanxi_guanzhong,2003-06-27,0.279,0.246,0.235,0.308
shaanxi_guanzhong,2003-06-28,0.252,0.239,0.233,0.308
shaanxi_guanzhong,2003-06-29,0.253,0.236,0.233,0.308
shaanxi_guanzhong,2003-06-30,0.293,0.237,0.232,0.308
shaanxi_guanzhong,2003-07-01,0.316,0.24,0.232,0.307
shaanxi_guanzhong,2003-07-02,0.352,0.264,0.232,0.307
shaanxi_guanzhong,2003-07-03,0.313,0.269,0.232,0.307
shaanxi_guanzhong,2003-07-04,0.292,0.267,0.231,0.307
shaanxi_guanzhong,2003-07-05,0.269,0.261,0.231,0.307
shaanxi_guanzhong,2003-07-06,0.25,0.253,0.23,0.307
shaanxi_guanzhong,2003-07-07,0.254,0.246,0.229,0.307
shaanxi_guanzhong,2003-07-08,0.313,0.246,0.228,0.306
shaanxi_guanzhong,2003-07-09,0.291,0.247,0.227,0.306
shaanxi_guanzhong,2003-07-10,0.272,0.244,0.227,0.306
shaanxi_guanzhong,2003-07-11,0.283,0.24,0.226,0.306
shaanxi_guanzhong,2003-07-12,0.37,0.275,0.226,0.306
shaanxi_guanzhong,2003-07-13,0.397,0.311,0.227,0.306
shaanxi_guanzhong,2003-07-14,0.419,0.384,0.233,0.306
shaanxi_guanzhong,2003-07-15,0.424,0.404,0.247,0.306
shaanxi_guanzhong,2003-07-16,0.427,0.424,0.285,0.305
shaanxi_guanzhong,2003-07-17,0.393,0.397,0.304,0.305
shaanxi_guanzhong,2003-07-18,0.367,0.376,0.307,0.305
shaanxi_guanzhong,2003-07-19,0.346,0.359,0.307,0.305
shaanxi_guanzhong,2003-07-20,0.33,0.345,0.306,0.305
shaanxi_guanzhong,2003-07-21,0.317,0.334,0.305,0.305
shaanxi_guanzhong,2003-07-22,0.304,0.322,0.304,0.305
shaanxi_guanzhong,2003-07-23,0.298,0.314,0.303,0.305
shaanxi_guanzhong,2003-07-24,0.287,0.306,0.301,0.305
shaanxi_guanzhong,2003-07-25,0.273,0.296,0.299,0.305
shaanxi_guanzhong,2003-07-26,0.261,0.287,0.298,0.305
shaanxi_guanzhong,2003-07-27,0.299,0.284,0.297,0.305
shaanxi_guanzhong,2003-07-28,0.357,0.3,0.296,0.305
shaanxi_guanzhong,2003-07-29,0.331,0.307,0.295,0.305
shaanxi_guanzhong,2003-07-30,0.306,0.301,0.294,0.305
shaanxi_guanzhong,2003-07-31,0.33,0.297,0.292,0.305
shaanxi_guanzhong,2003-08-01,0.334,0.3,0.291,0.305
shaanxi_guanzhong,2003-08-02,0.332,0.302,0.291,0.305
shaanxi_guanzhong,2003-08-03,0.387,0.334,0.291,0.305
shaanxi_guanzhong,2003-08-04,0.385,0.37,0.295,0.305
shaanxi_guanzhong,2003-08-05,0.362,0.359,0.297,0.305
shaanxi_guanzhong,2003-08-06,0.346,0.349,0.297,0.305
shaanxi_guanzhong,2003-08-07,0.334,0.338,0.297,0.305
shaanxi_guanzhong,2003-08-08,0.414,0.389,0.3,0.305
shaanxi_guanzhong,2003-08-09,0.413,0.404,0.31,0.305
shaanxi_guanzhong,2003-08-10,0.401,0.397,0.317,0.305
shaanxi_guanzhong,2003-08-11,0.387,0.387,0.32,0.305
shaanxi_guanzhong,2003-08-12,0.396,0.384,0.322,0.305
shaanxi_guanzhong,2003-08-13,0.392,0.39,0.325,0.305
shaanxi_guanzhong,2003-08-14,0.407,0.391,0.328,0.305
shaanxi_guanzhong,2003-08-15,0.413,0.408,0.335,0.305
shaanxi_guanzhong,2003-08-16,0.387,0.392,0.339,0.306
shaanxi_guanzhong,2003-08-17,0.37,0.378,0.339,0.306
shaanxi_guanzhong,2003-08-18,0.352,0.365,0.338,0.306
shaanxi_guanzhong,2003-08-19,0.338,0.352,0.336,0.306
shaanxi_guanzhong,2003-08-20,0.334,0.343,0.335,0.306
shaanxi_guanzhong,2003-08-21,0.333,0.338,0.333,0.307
shaanxi_guanzhong,2003-08-22,0.32,0.331,0.332,0.307
shaanxi_guanzhong,2003-08-23,0.308,0.323,0.33,0.307
shaanxi_guanzhong,2003-08-24,0.313,0.317,0.328,0.307
shaanxi_guanzhong,2003-08-25,0.374,0.337,0.327,0.307
shaanxi_guanzhong,2003-08-26,0.401,0.377,0.329,0.307
shaanxi_guanzhong,2003-08-27,0.398,0.401,0.337,0.307
shaanxi_guanzhong,2003-08-28,0.386,0.386,0.339,0.307
shaanxi_guanzhong,2003-08-29,0.431,0.426,0.36,0.308
shaanxi_guanzhong,2003-08-30,0.42,0.423,0.396,0.31
shaanxi_guanzhong,2003-08-31,0.422,0.421,0.398,0.313
shaanxi_guanzhong,2003-09-01,0.424,0.428,0.412,0.316
shaanxi_guanzhong,2003-09-02,0.404,0.413,0.411,0.32
shaanxi_guanzhong,2003-09-03,0.413,0.41,0.408,0.322
shaanxi_guanzhong,2003-09-04,0.425,0.426,0.412,0.324
shaanxi_guanzhong,2003-09-05,0.421,0.424,0.415,0.326
shaanxi_guanzhong,2003-09-06,0.426,0.429,0.426,0.331
shaanxi_guanzhong,2003-09-07,0.406,0.415,0.424,0.336
shaanxi_guanzhong,2003-09-08,0.388,0.398,0.417,0.34
shaanxi_guanzhong,2003-09-09,0.375,0.386,0.412,0.342
shaanxi_guanzhong,2003-09-10,0.362,0.375,0.407,0.343
shaanxi_guanzhong,2003-09-11,0.352,0.366,0.402,0.344
shaanxi_guanzhong,2003-09-12,0.344,0.359,0.398,0.345
shaanxi_guanzhong,2003-09-13,0.335,0.352,0.394,0.346
shaanxi_guanzhong,2003-09-14,0.327,0.345,0.39,0.347
shaanxi_guanzhong,2003-09-15,0.32,0.339,0.386,0.347
shaanxi_guanzhong,2003-09-16,0.326,0.335,0.383,0.347
shaanxi_guanzhong,2003-09-17,0.359,0.339,0.381,0.348
shaanxi_guanzhong,2003-09-18,0.429,0.409,0.386,0.348
shaanxi_guanzhong,2003-09-19,0.429,0.43,0.424,0.35
shaanxi_guanzhong,2003-09-20,0.41,0.414,0.426,0.357
shaanxi_guanzhong,2003-09-21,0.392,0.4,0.42,0.361
shaanxi_guanzhong,2003-09-22,0.378,0.388,0.414,0.363
shaanxi_guanzhong,2003-09-23,0.367,0.379,0.41,0.364
shaanxi_guanzhong,2003-09-24,0.358,0.371,0.405,0.365
shaanxi_guanzhong,2003-09-25,0.352,0.365,0.402,0.366
shaanxi_guanzhong,2003-09-26,0.38,0.366,0.399,0.367
shaanxi_guanzhong,2003-09-27,0.403,0.384,0.397,0.367
shaanxi_guanzhong,2003-09-28,0.419,0.409,0.398,0.368
shaanxi_guanzhong,2003-09-29,0.424,0.424,0.406,0.368
shaanxi_guanzhong,2003-09-30,0.427,0.426,0.416,0.37
shaanxi_guanzhong,2003-10-01,0.428,0.429,0.422,0.372
shaanxi_guanzhong,2003-10-02,0.424,0.428,0.426,0.375
shaanxi_guanzhong,2003-10-03,0.423,0.426,0.428,0.38
shaanxi_guanzhong,2003-10-04,0.425,0.426,0.429,0.384
shaanxi_guanzhong,2003-10-05,0.408,0.415,0.426,0.389
shaanxi_guanzhong,2003-10-06,0.393,0.401,0.421,0.391
shaanxi_guanzhong,2003-10-07,0.381,0.391,0.417,0.393
shaanxi_guanzhong,2003-10-08,0.373,0.383,0.413,0.394
shaanxi_guanzhong,2003-10-09,0.389,0.381,0.41,0.394
shaanxi_guanzhong,2003-10-10,0.427,0.413,0.41,0.395
shaanxi_guanzhong,2003-10-11,0.425,0.427,0.421,0.396
shaanxi_guanzhong,2003-10-12,0.426,0.426,0.423,0.398
shaanxi_guanzhong,2003-10-13,0.422,0.426,0.425,0.4
shaanxi_guanzhong,2003-10-14,0.404,0.413,0.423,0.403
shaanxi_guanzhong,2003-10-15,0.392,0.402,0.419,0.404
shaanxi_guanzhong,2003-10-16,0.383,0.393,0.416,0.405
shaanxi_guanzhong,2003-10-17,0.375,0.385,0.413,0.405
shaanxi_guanzhong,2003-10-18,0.371,0.379,0.409,0.405
shaanxi_guanzhong,2003-10-19,0.409,0.393,0.407,0.406
shaanxi_guanzhong,2003-10-20,0.396,0.4,0.407,0.406
shaanxi_guanzhong,2003-10-21,0.383,0.392,0.405,0.406
shaanxi_guanzhong,2003-10-22,0.375,0.384,0.403,0.406
shaanxi_guanzhong,2003-10-23,0.368,0.378,0.4,0.406
shaanxi_guanzhong,2003-10-24,0.362,0.372,0.398,0.406
shaanxi_guanzhong,2003-10-25,0.356,0.367,0.396,0.405
shaanxi_guanzhong,2003-10-26,0.351,0.362,0.393,0.405
shaanxi_guanzhong,2003-10-27,0.345,0.357,0.39,0.405
shaanxi_guanzhong,2003-10-28,0.341,0.353,0.388,0.405
shaanxi_guanzhong,2003-10-29,0.367,0.354,0.386,0.404
shaanxi_guanzhong,2003-10-30,0.369,0.36,0.384,0.404
shaanxi_guanzhong,2003-10-31,0.356,0.359,0.382,0.404
shaanxi_guanzhong,2003-11-01,0.348,0.355,0.38,0.404
shaanxi_guanzhong,2003-11-02,0.342,0.351,0.378,0.403
shaanxi_guanzhong,2003-11-03,0.337,0.348,0.376,0.403
shaanxi_guanzhong,2003-11-04,0.344,0.345,0.375,0.403
shaanxi_guanzhong,2003-11-05,0.341,0.344,0.373,0.402
shaanxi_guanzhong,2003-11-06,0.352,0.344,0.371,0.402
shaanxi_guanzhong,2003-11-07,0.401,0.37,0.37,0.402
shaanxi_guanzhong,2003-11-08,0.381,0.377,0.37,0.401
shaanxi_guanzhong,2003-11-09,0.379,0.376,0.37,0.401
shaanxi_guanzhong,2003-11-10,0.383,0.376,0.37,0.401
shaanxi_guanzhong,2003-11-11,0.386,0.378,0.37,0.4
shaanxi_guanzhong,2003-11-12,0.388,0.38,0.37,0.4
shaanxi_guanzhong,2003-11-13,0.388,0.382,0.37,0.4
shaanxi_guanzhong,2003-11-14,0.384,0.381,0.37,0.4
shaanxi_guanzhong,2003-11-15,0.377,0.378,0.369,0.399
shaanxi_guanzhong,2003-11-16,0.376,0.376,0.369,0.399
shaanxi_guanzhong,2003-11-17,0.4,0.383,0.369,0.399
shaanxi_guanzhong,2003-11-18,0.402,0.392,0.369,0.399
shaanxi_guanzhong,2003-11-19,0.401,0.395,0.371,0.398
shaanxi_guanzhong,2003-11-20,0.389,0.392,0.372,0.398
shaanxi_guanzhong,2003-11-21,0.38,0.386,0.372,0.398
shaanxi_guanzhong,2003-11-22,0.374,0.381,0.372,0.398
shaanxi_guanzhong,2003-11-23,0.376,0.378,0.372,0.398
shaanxi_guanzhong,2003-11-24,0.371,0.376,0.372,0.397
shaanxi_guanzhong,2003-11-25,0.384,0.376,0.371,0.397
shaanxi_guanzhong,2003-11-26,0.392,0.388,0.371,0.397
shaanxi_guanzhong,2003-11-27,0.38,0.384,0.371,0.397
shaanxi_guanzhong,2003-11-28,0.394,0.386,0.371,0.397
shaanxi_guanzhong,2003-11-29,0.379,0.383,0.372,0.396
shaanxi_guanzhong,2003-11-30,0.373,0.379,0.371,0.396
shaanxi_guanzhong,2003-12-01,0.37,0.375,0.371,0.396
shaanxi_guanzhong,2003-12-02,0.365,0.372,0.37,0.396
shaanxi_guanzhong,2003-12-03,0.37,0.369,0.37,0.396
shaanxi_guanzhong,2003-12-04,0.408,0.39,0.37,0.395
shaanxi_guanzhong,2003-12-05,0.4,0.395,0.371,0.395
shaanxi_guanzhong,2003-12-06,0.387,0.391,0.372,0.395
shaanxi_guanzhong,2003-12-07,0.38,0.386,0.373,0.395
shaanxi_guanzhong,2003-12-08,0.377,0.382,0.373,0.395
shaanxi_guanzhong,2003-12-09,0.377,0.38,0.373,0.395
shaanxi_guanzhong,2003-12-10,0.374,0.377,0.373,0.395
shaanxi_guanzhong,2003-12-11,0.369,0.375,0.372,0.394
shaanxi_guanzhong,2003-12-12,0.365,0.372,0.371,0.394
shaanxi_guanzhong,2003-12-13,0.363,0.369,0.371,0.394
shaanxi_guanzhong,2003-12-14,0.361,0.367,0.37,0.394
shaanxi_guanzhong,2003-12-15,0.359,0.365,0.37,0.394
shaanxi_guanzhong,2003-12-16,0.358,0.363,0.369,0.394
shaanxi_guanzhong,2003-12-17,0.355,0.361,0.368,0.393
shaanxi_guanzhong,2003-12-18,0.352,0.359,0.367,0.393
shaanxi_guanzhong,2003-12-19,0.35,0.357,0.366,0.393
shaanxi_guanzhong,2003-12-20,0.35,0.356,0.366,0.393
shaanxi_guanzhong,2003-12-21,0.35,0.355,0.365,0.393
shaanxi_guanzhong,2003-12-22,0.348,0.354,0.364,0.393
shaanxi_guanzhong,2003-12-23,0.347,0.353,0.364,0.392
shaanxi_guanzhong,2003-12-24,0.345,0.352,0.363,0.392
shaanxi_guanzhong,2003-12-25,0.344,0.35,0.362,0.392
shaanxi_guanzhong,2003-12-26,0.343,0.349,0.361,0.392
shaanxi_guanzhong,2003-12-27,0.343,0.349,0.361,0.392
shaanxi_guanzhong,2003-12-28,0.342,0.348,0.36,0.391
shaanxi_guanzhong,2003-12-29,0.341,0.347,0.359,0.391
shaanxi_guanzhong,2003-12-30,0.341,0.346,0.359,0.391
shaanxi_guanzhong,2003-12-31,0.34,0.345,0.358,0.391
shaanxi_guanzhong,2004-01-01,0.338,0.344,0.357,0.391
shaanxi_guanzhong,2004-01-02,0.337,0.343,0.356,0.391
shaanxi_guanzhong,2004-01-03,0.335,0.342,0.356,0.39
shaanxi_guanzhong,2004-01-04,0.335,0.341,0.355,0.39
shaanxi_guanzhong,2004-01-05,0.335,0.34,0.354,0.39
shaanxi_guanzhong,2004-01-06,0.335,0.339,0.353,0.39
shaanxi_guanzhong,2004-01-07,0.34,0.339,0.353,0.389
shaanxi_guanzhong,2004-01-08,0.347,0.34,0.352,0.389
shaanxi_guanzhong,2004-01-09,0.353,0.342,0.352,0.389
shaanxi_guanzhong,2004-01-10,0.357,0.345,0.351,0.389
shaanxi_guanzhong,2004-01-11,0.36,0.348,0.351,0.389
shaanxi_guanzhong,2004-01-12,0.358,0.35,0.35,0.388
shaanxi_guanzhong,2004-01-13,0.355,0.351,0.35,0.388
shaanxi_guanzhong,2004-01-14,0.353,0.351,0.349,0.388
shaanxi_guanzhong,2004-01-15,0.352,0.351,0.349,0.388
shaanxi_guanzhong,2004-01-16,0.351,0.35,0.349,0.388
shaanxi_guanzhong,2004-01-17,0.35,0.35,0.348,0.387
shaanxi_guanzhong,2004-01-18,0.348,0.35,0.348,0.387
shaanxi_guanzhong,2004-01-19,0.348,0.349,0.348,0.387
shaanxi_guanzhong,2004-01-20,0.348,0.349,0.348,0.387
shaanxi_guanzhong,2004-01-21,0.348,0.349,0.347,0.387
shaanxi_guanzhong,2004-01-22,0.35,0.348,0.347,0.386
shaanxi_guanzhong,2004-01-23,0.349,0.349,0.347,0.386
shaanxi_guanzhong,2004-01-24,0.347,0.348,0.347,0.386
shaanxi_guanzhong,2004-01-25,0.346,0.348,0.347,0.386
shaanxi_guanzhong,2004-01-26,0.346,0.347,0.346,0.386
shaanxi_guanzhong,2004-01-27,0.346,0.347,0.346,0.385
shaanxi_guanzhong,2004-01-28,0.346,0.347,0.346,0.385
shaanxi_guanzhong,2004-01-29,0.344,0.346,0.346,0.385
shaanxi_guanzhong,2004-01-30,0.342,0.345,0.345,0.385
shaanxi_guanzhong,2004-01-31,0.348,0.344,0.345,0.385
shaanxi_guanzhong,2004-02-01,0.343,0.344,0.344,0.384
shaanxi_guanzhong,2004-02-02,0.341,0.343,0.344,0.384
shaanxi_guanzhong,2004-02-03,0.34,0.343,0.344,0.384
shaanxi_guanzhong,2004-02-04,0.339,0.342,0.343,0.384
shaanxi_guanzhong,2004-02-05,0.338,0.341,0.343,0.384
shaanxi_guanzhong,2004-02-06,0.337,0.341,0.343,0.384
shaanxi_guanzhong,2004-02-07,0.335,0.34,0.342,0.383
shaanxi_guanzhong,2004-02-08,0.333,0.338,0.342,0.383
shaanxi_guanzhong,2004-02-09,0.33,0.336,0.341,0.383
shaanxi_guanzhong,2004-02-10,0.328,0.335,0.341,0.383
shaanxi_guanzhong,2004-02-11,0.326,0.333,0.34,0.383
shaanxi_guanzhong,2004-02-12,0.323,0.331,0.34,0.382
shaanxi_guanzhong,2004-02-13,0.32,0.328,0.339,0.382
shaanxi_guanzhong,2004-02-14,0.315,0.325,0.338,0.382
shaanxi_guanzhong,2004-02-15,0.313,0.323,0.337,0.382
shaanxi_guanzhong,2004-02-16,0.311,0.32,0.336,0.381
shaanxi_guanzhong,2004-02-17,0.307,0.318,0.335,0.381
shaanxi_guanzhong,2004-02-18,0.303,0.315,0.334,0.381
shaanxi_guanzhong,2004-02-19,0.299,0.311,0.333,0.381
shaanxi_guanzhong,2004-02-20,0.339,0.313,0.332,0.381
shaanxi_guanzhong,2004-02-21,0.345,0.321,0.332,0.38
shaanxi_guanzhong,2004-02-22,0.33,0.322,0.331,0.38
shaanxi_guanzhong,2004-02-23,0.333,0.321,0.331,0.38
shaanxi_guanzhong,2004-02-24,0.351,0.327,0.33,0.38
shaanxi_guanzhong,2004-02-25,0.334,0.327,0.33,0.379
shaanxi_guanzhong,2004-02-26,0.325,0.325,0.329,0.379
shaanxi_guanzhong,2004-02-27,0.318,0.322,0.328,0.379
shaanxi_guanzhong,2004-02-28,0.313,0.319,0.327,0.379
shaanxi_guanzhong,2004-02-29,0.317,0.317,0.327,0.378
shaanxi_guanzhong,2004-03-01,0.319,0.316,0.326,0.378
shaanxi_guanzhong,2004-03-02,0.313,0.315,0.326,0.378
shaanxi_guanzhong,2004-03-03,0.306,0.312,0.325,0.378
shaanxi_guanzhong,2004-03-04,0.299,0.309,0.324,0.377
shaanxi_guanzhong,2004-03-05,0.293,0.305,0.323,0.377
shaanxi_guanzhong,2004-03-06,0.288,0.301,0.322,0.377
shaanxi_guanzhong,2004-03-07,0.284,0.298,0.321,0.377
shaanxi_guanzhong,2004-03-08,0.279,0.294,0.32,0.376
shaanxi_guanzhong,2004-03-09,0.272,0.29,0.319,0.376
shaanxi_guanzhong,2004-03-10,0.265,0.285,0.317,0.376
shaanxi_guanzhong,2004-03-11,0.263,0.283,0.316,0.376
shaanxi_guanzhong,2004-03-12,0.267,0.281,0.315,0.375
shaanxi_guanzhong,2004-03-13,0.262,0.278,0.314,0.375
shaanxi_guanzhong,2004-03-14,0.256,0.274,0.313,0.375
shaanxi_guanzhong,2004-03-15,0.248,0.27,0.311,0.374
shaanxi_guanzhong,2004-03-16,0.241,0.266,0.31,0.374
shaanxi_guanzhong,2004-03-17,0.234,0.262,0.308,0.374
shaanxi_guanzhong,2004-03-18,0.234,0.259,0.307,0.374
shaanxi_guanzhong,2004-03-19,0.275,0.259,0.306,0.373
shaanxi_guanzhong,2004-03-20,0.361,0.278,0.306,0.373
shaanxi_guanzhong,2004-03-21,0.359,0.317,0.306,0.373
shaanxi_guanzhong,2004-03-22,0.336,0.32,0.306,0.373
shaanxi_guanzhong,2004-03-23,0.323,0.317,0.305,0.372
shaanxi_guanzhong,2004-03-24,0.363,0.321,0.305,0.372
shaanxi_guanzhong,2004-03-25,0.367,0.337,0.306,0.372
shaanxi_guanzhong,2004-03-26,0.349,0.338,0.306,0.372
shaanxi_guanzhong,2004-03-27,0.343,0.335,0.306,0.371
shaanxi_guanzhong,2004-03-28,0.331,0.331,0.306,0.371
shaanxi_guanzhong,2004-03-29,0.33,0.327,0.306,0.371
shaanxi_guanzhong,2004-03-30,0.32,0.323,0.306,0.37
shaanxi_guanzhong,2004-03-31,0.312,0.318,0.305,0.37
shaanxi_guanzhong,2004-04-01,0.301,0.312,0.305,0.37
shaanxi_guanzhong,2004-04-02,0.289,0.304,0.303,0.37
shaanxi_guanzhong,2004-04-03,0.279,0.297,0.302,0.369
shaanxi_guanzhong,2004-04-04,0.269,0.29,0.301,0.369
shaanxi_guanzhong,2004-04-05,0.259,0.283,0.299,0.369
shaanxi_guanzhong,2004-04-06,0.251,0.277,0.298,0.368
shaanxi_guanzhong,2004-04-07,0.246,0.272,0.297,0.368
shaanxi_guanzhong,2004-04-08,0.237,0.265,0.295,0.368
shaanxi_guanzhong,2004-04-09,0.233,0.261,0.294,0.367
shaanxi_guanzhong,2004-04-10,0.23,0.257,0.293,0.367
shaanxi_guanzhong,2004-04-11,0.224,0.253,0.292,0.367
shaanxi_guanzhong,2004-04-12,0.22,0.25,0.291,0.367
shaanxi_guanzhong,2004-04-13,0.214,0.245,0.289,0.366
shaanxi_guanzhong,2004-04-14,0.211,0.242,0.288,0.366
shaanxi_guanzhong,2004-04-15,0.208,0.239,0.287,0.366
shaanxi_guanzhong,2004-04-16,0.2,0.234,0.285,0.365
shaanxi_guanzhong,2004-04-17,0.193,0.229,0.283,0.365
shaanxi_guanzhong,2004-04-18,0.186,0.223,0.281,0.364
shaanxi_guanzhong,2004-04-19,0.178,0.218,0.279,0.364
shaanxi_guanzhong,2004-04-20,0.172,0.213,0.276,0.364
shaanxi_guanzhong,2004-04-21,0.166,0.208,0.274,0.363
shaanxi_guanzhong,2004-04-22,0.161,0.202,0.271,0.363
shaanxi_guanzhong,2004-04-23,0.283,0.205,0.27,0.362
shaanxi_guanzhong,2004-04-24,0.307,0.219,0.27,0.362
shaanxi_guanzhong,2004-04-25,0.285,0.222,0.268,0.362
shaanxi_guanzhong,2004-04-26,0.275,0.224,0.268,0.361
shaanxi_guanzhong,2004-04-27,0.25,0.221,0.266,0.361
shaanxi_guanzhong,2004-04-28,0.232,0.217,0.265,0.361
shaanxi_guanzhong,2004-04-29,0.216,0.213,0.263,0.36
shaanxi_guanzhong,2004-04-30,0.203,0.209,0.261,0.36
shaanxi_guanzhong,2004-05-01,0.204,0.207,0.26,0.359
shaanxi_guanzhong,2004-05-02,0.323,0.214,0.26,0.359
shaanxi_guanzhong,2004-05-03,0.324,0.235,0.26,0.359
shaanxi_guanzhong,2004-05-04,0.285,0.237,0.259,0.358
shaanxi_guanzhong,2004-05-05,0.258,0.233,0.258,0.358
shaanxi_guanzhong,2004-05-06,0.238,0.228,0.256,0.357
shaanxi_guanzhong,2004-05-07,0.223,0.223,0.255,0.357
shaanxi_guanzhong,2004-05-08,0.209,0.219,0.253,0.357
shaanxi_guanzhong,2004-05-09,0.195,0.213,0.252,0.356
shaanxi_guanzhong,2004-05-10,0.185,0.208,0.25,0.356
shaanxi_guanzhong,2004-05-11,0.188,0.204,0.249,0.355
shaanxi_guanzhong,2004-05-12,0.183,0.2,0.248,0.355
shaanxi_guanzhong,2004-05-13,0.174,0.196,0.246,0.355
shaanxi_guanzhong,2004-05-14,0.316,0.208,0.245,0.354
shaanxi_guanzhong,2004-05-15,0.32,0.237,0.245,0.354
shaanxi_guanzhong,2004-05-16,0.281,0.237,0.244,0.353
shaanxi_guanzhong,2004-05-17,0.254,0.232,0.243,0.353
shaanxi_guanzhong,2004-05-18,0.233,0.226,0.242,0.353
shaanxi_guanzhong,2004-05-19,0.213,0.22,0.24,0.352
shaanxi_guanzhong,2004-05-20,0.198,0.213,0.239,0.352
shaanxi_guanzhong,2004-05-21,0.187,0.207,0.237,0.351
shaanxi_guanzhong,2004-05-22,0.176,0.201,0.236,0.351
shaanxi_guanzhong,2004-05-23,0.169,0.197,0.235,0.35
shaanxi_guanzhong,2004-05-24,0.193,0.194,0.234,0.35
shaanxi_guanzhong,2004-05-25,0.319,0.206,0.234,0.35
shaanxi_guanzhong,2004-05-26,0.292,0.212,0.233,0.349
shaanxi_guanzhong,2004-05-27,0.343,0.227,0.233,0.349
shaanxi_guanzhong,2004-05-28,0.3,0.237,0.233,0.349
shaanxi_guanzhong,2004-05-29,0.272,0.235,0.232,0.348
shaanxi_guanzhong,2004-05-30,0.287,0.235,0.232,0.348
shaanxi_guanzhong,2004-05-31,0.267,0.233,0.232,0.348
shaanxi_guanzhong,2004-06-01,0.249,0.23,0.231,0.347
shaanxi_guanzhong,2004-06-02,0.236,0.226,0.231,0.347
shaanxi_guanzhong,2004-06-03,0.34,0.237,0.231,0.347
shaanxi_guanzhong,2004-06-04,0.404,0.315,0.232,0.346
shaanxi_guanzhong,2004-06-05,0.366,0.34,0.234,0.346
shaanxi_guanzhong,2004-06-06,0.337,0.33,0.236,0.346
shaanxi_guanzhong,2004-06-07,0.312,0.317,0.237,0.345
shaanxi_guanzhong,2004-06-08,0.292,0.304,0.237,0.345
shaanxi_guanzhong,2004-06-09,0.275,0.293,0.236,0.345
shaanxi_guanzhong,2004-06-10,0.261,0.283,0.236,0.344
shaanxi_guanzhong,2004-06-11,0.246,0.273,0.236,0.344
shaanxi_guanzhong,2004-06-12,0.251,0.266,0.235,0.344
shaanxi_guanzhong,2004-06-13,0.333,0.272,0.236,0.344
shaanxi_guanzhong,2004-06-14,0.32,0.28,0.236,0.343
shaanxi_guanzhong,2004-06-15,0.294,0.277,0.236,0.343
shaanxi_guanzhong,2004-06-16,0.276,0.27,0.235,0.343
shaanxi_guanzhong,2004-06-17,0.263,0.264,0.235,0.342
shaanxi_guanzhong,2004-06-18,0.248,0.257,0.235,0.342
shaanxi_guanzhong,2004-06-19,0.23,0.248,0.233,0.342
shaanxi_guanzhong,2004-06-20,0.213,0.239,0.232,0.341
shaanxi_guanzhong,2004-06-21,0.199,0.23,0.231,0.341
shaanxi_guanzhong,2004-06-22,0.186,0.222,0.229,0.341
shaanxi_guanzhong,2004-06-23,0.177,0.215,0.228,0.34
shaanxi_guanzhong,2004-06-24,0.17,0.208,0.227,0.34
shaanxi_guanzhong,2004-06-25,0.161,0.2,0.225,0.339
shaanxi_guanzhong,2004-06-26,0.155,0.194,0.223,0.339
shaanxi_guanzhong,2004-06-27,0.15,0.188,0.221,0.338
shaanxi_guanzhong,2004-06-28,0.151,0.184,0.22,0.338
shaanxi_guanzhong,2004-06-29,0.172,0.182,0.22,0.338
shaanxi_guanzhong,2004-06-30,0.273,0.184,0.219,0.337
shaanxi_guanzhong,2004-07-01,0.262,0.188,0.219,0.337
shaanxi_guanzhong,2004-07-02,0.232,0.186,0.218,0.337
shaanxi_guanzhong,2004-07-03,0.21,0.184,0.216,0.336
shaanxi_guanzhong,2004-07-04,0.192,0.18,0.215,0.336
shaanxi_guanzhong,2004-07-05,0.178,0.176,0.213,0.335
shaanxi_guanzhong,2004-07-06,0.164,0.172,0.212,0.335
shaanxi_guanzhong,2004-07-07,0.155,0.168,0.21,0.334
shaanxi_guanzhong,2004-07-08,0.149,0.165,0.208,0.334
shaanxi_guanzhong,2004-07-09,0.197,0.167,0.207,0.333
shaanxi_guanzhong,2004-07-10,0.393,0.3,0.207,0.333
shaanxi_guanzhong,2004-07-11,0.342,0.317,0.208,0.333
shaanxi_guanzhong,2004-07-12,0.307,0.304,0.209,0.332
shaanxi_guanzhong,2004-07-13,0.282,0.292,0.209,0.332
shaanxi_guanzhong,2004-07-14,0.265,0.281,0.209,0.332
shaanxi_guanzhong,2004-07-15,0.369,0.297,0.209,0.331
shaanxi_guanzhong,2004-07-16,0.396,0.337,0.211,0.331
shaanxi_guanzhong,2004-07-17,0.368,0.346,0.215,0.331
shaanxi_guanzhong,2004-07-18,0.338,0.333,0.217,0.331
shaanxi_guanzhong,2004-07-19,0.315,0.319,0.218,0.331
shaanxi_guanzhong,2004-07-20,0.303,0.307,0.218,0.33
shaanxi_guanzhong,2004-07-21,0.309,0.3,0.219,0.33
shaanxi_guanzhong,2004-07-22,0.291,0.292,0.219,0.33
shaanxi_guanzhong,2004-07-23,0.269,0.281,0.219,0.329
shaanxi_guanzhong,2004-07-24,0.25,0.27,0.218,0.329
shaanxi_guanzhong,2004-07-25,0.234,0.26,0.218,0.329
shaanxi_guanzhong,2004-07-26,0.259,0.254,0.217,0.329
shaanxi_guanzhong,2004-07-27,0.28,0.253,0.217,0.328
shaanxi_guanzhong,2004-07-28,0.285,0.251,0.217,0.328
shaanxi_guanzhong,2004-07-29,0.295,0.249,0.217,0.328
shaanxi_guanzhong,2004-07-30,0.286,0.249,0.217,0.328
shaanxi_guanzhong,2004-07-31,0.309,0.251,0.217,0.327
shaanxi_guanzhong,2004-08-01,0.328,0.259,0.217,0.327
shaanxi_guanzhong,2004-08-02,0.337,0.268,0.217,0.327
shaanxi_guanzhong,2004-08-03,0.345,0.278,0.218,0.327
shaanxi_guanzhong,2004-08-04,0.395,0.333,0.219,0.327
shaanxi_guanzhong,2004-08-05,0.364,0.345,0.221,0.326
shaanxi_guanzhong,2004-08-06,0.333,0.332,0.223,0.326
shaanxi_guanzhong,2004-08-07,0.311,0.318,0.223,0.326
shaanxi_guanzhong,2004-08-08,0.293,0.306,0.223,0.326
shaanxi_guanzhong,2004-08-09,0.278,0.295,0.224,0.325
shaanxi_guanzhong,2004-08-10,0.313,0.289,0.223,0.325
shaanxi_guanzhong,2004-08-11,0.335,0.293,0.224,0.325
shaanxi_guanzhong,2004-08-12,0.358,0.299,0.224,0.325
shaanxi_guanzhong,2004-08-13,0.38,0.322,0.225,0.325
shaanxi_guanzhong,2004-08-14,0.372,0.332,0.227,0.324
shaanxi_guanzhong,2004-08-15,0.349,0.33,0.228,0.324
shaanxi_guanzhong,2004-08-16,0.339,0.325,0.229,0.324
shaanxi_guanzhong,2004-08-17,0.314,0.315,0.229,0.324
shaanxi_guanzhong,2004-08-18,0.293,0.303,0.229,0.324
shaanxi_guanzhong,2004-08-19,0.291,0.293,0.229,0.323
shaanxi_guanzhong,2004-08-20,0.409,0.344,0.23,0.323
shaanxi_guanzhong,2004-08-21,0.374,0.363,0.234,0.323
shaanxi_guanzhong,2004-08-22,0.351,0.349,0.237,0.323
shaanxi_guanzhong,2004-08-23,0.335,0.338,0.238,0.323
shaanxi_guanzhong,2004-08-24,0.384,0.348,0.24,0.323
shaanxi_guanzhong,2004-08-25,0.404,0.392,0.248,0.323
shaanxi_guanzhong,2004-08-26,0.4,0.382,0.254,0.322
shaanxi_guanzhong,2004-08-27,0.409,0.39,0.26,0.322
shaanxi_guanzhong,2004-08-28,0.393,0.389,0.267,0.322
shaanxi_guanzhong,2004-08-29,0.374,0.373,0.271,0.322
shaanxi_guanzhong,2004-08-30,0.356,0.36,0.273,0.322
shaanxi_guanzhong,2004-08-31,0.338,0.347,0.274,0.322
shaanxi_guanzhong,2004-09-01,0.323,0.335,0.274,0.322
shaanxi_guanzhong,2004-09-02,0.316,0.325,0.274,0.322
shaanxi_guanzhong,2004-09-03,0.391,0.342,0.274,0.322
shaanxi_guanzhong,2004-09-04,0.408,0.375,0.277,0.322
shaanxi_guanzhong,2004-09-05,0.403,0.386,0.282,0.321
shaanxi_guanzhong,2004-09-06,0.389,0.38,0.287,0.321
shaanxi_guanzhong,2004-09-07,0.37,0.369,0.29,0.321
shaanxi_guanzhong,2004-09-08,0.353,0.358,0.291,0.321
shaanxi_guanzhong,2004-09-09,0.335,0.345,0.291,0.321
shaanxi_guanzhong,2004-09-10,0.325,0.334,0.29,0.321
shaanxi_guanzhong,2004-09-11,0.321,0.327,0.29,0.321
shaanxi_guanzhong,2004-09-12,0.309,0.319,0.29,0.321
shaanxi_guanzhong,2004-09-13,0.396,0.363,0.29,0.321
shaanxi_guanzhong,2004-09-14,0.374,0.37,0.293,0.321
shaanxi_guanzhong,2004-09-15,0.355,0.358,0.294,0.321
shaanxi_guanzhong,2004-09-16,0.341,0.347,0.294,0.321
shaanxi_guanzhong,2004-09-17,0.365,0.345,0.295,0.321
shaanxi_guanzhong,2004-09-18,0.408,0.375,0.297,0.321
shaanxi_guanzhong,2004-09-19,0.425,0.416,0.313,0.321
shaanxi_guanzhong,2004-09-20,0.402,0.406,0.336,0.321
shaanxi_guanzhong,2004-09-21,0.382,0.389,0.339,0.321
shaanxi_guanzhong,2004-09-22,0.368,0.377,0.339,0.321
shaanxi_guanzhong,2004-09-23,0.358,0.367,0.339,0.321
shaanxi_guanzhong,2004-09-24,0.413,0.391,0.341,0.321
shaanxi_guanzhong,2004-09-25,0.415,0.414,0.352,0.322
shaanxi_guanzhong,2004-09-26,0.394,0.399,0.356,0.322
shaanxi_guanzhong,2004-09-27,0.38,0.388,0.357,0.323
shaanxi_guanzhong,2004-09-28,0.369,0.378,0.356,0.323
shaanxi_guanzhong,2004-09-29,0.399,0.386,0.356,0.323
shaanxi_guanzhong,2004-09-30,0.424,0.419,0.364,0.324
shaanxi_guanzhong,2004-10-01,0.402,0.408,0.371,0.324
shaanxi_guanzhong,2004-10-02,0.386,0.395,0.371,0.325
shaanxi_guanzhong,2004-10-03,0.374,0.384,0.37,0.326
shaanxi_guanzhong,2004-10-04,0.365,0.375,0.369,0.326
shaanxi_guanzhong,2004-10-05,0.377,0.372,0.367,0.327
shaanxi_guanzhong,2004-10-06,0.37,0.372,0.366,0.327
shaanxi_guanzhong,2004-10-07,0.357,0.365,0.365,0.328
shaanxi_guanzhong,2004-10-08,0.348,0.358,0.363,0.328
shaanxi_guanzhong,2004-10-09,0.342,0.352,0.361,0.328
shaanxi_guanzhong,2004-10-10,0.398,0.372,0.36,0.328
shaanxi_guanzhong,2004-10-11,0.374,0.375,0.36,0.329
shaanxi_guanzhong,2004-10-12,0.361,0.368,0.359,0.329
shaanxi_guanzhong,2004-10-13,0.353,0.361,0.358,0.329
shaanxi_guanzhong,2004-10-14,0.388,0.367,0.357,0.329
shaanxi_guanzhong,2004-10-15,0.384,0.378,0.358,0.33
shaanxi_guanzhong,2004-10-16,0.414,0.392,0.359,0.33
shaanxi_guanzhong,2004-10-17,0.408,0.405,0.364,0.33
shaanxi_guanzhong,2004-10-18,0.39,0.395,0.366,0.33
shaanxi_guanzhong,2004-10-19,0.38,0.387,0.367,0.331
shaanxi_guanzhong,2004-10-20,0.376,0.381,0.366,0.331
shaanxi_guanzhong,2004-10-21,0.378,0.378,0.366,0.332
shaanxi_guanzhong,2004-10-22,0.41,0.391,0.366,0.332
shaanxi_guanzhong,2004-10-23,0.423,0.413,0.371,0.332
shaanxi_guanzhong,2004-10-24,0.401,0.406,0.376,0.333
shaanxi_guanzhong,2004-10-25,0.387,0.395,0.377,0.333
shaanxi_guanzhong,2004-10-26,0.378,0.386,0.376,0.334
shaanxi_guanzhong,2004-10-27,0.371,0.38,0.375,0.334
shaanxi_guanzhong,2004-10-28,0.367,0.375,0.374,0.335
shaanxi_guanzhong,2004-10-29,0.363,0.371,0.373,0.335
shaanxi_guanzhong,2004-10-30,0.371,0.368,0.372,0.336
shaanxi_guanzhong,2004-10-31,0.381,0.375,0.371,0.336
shaanxi_guanzhong,2004-11-01,0.367,0.371,0.37,0.336
shaanxi_guanzhong,2004-11-02,0.359,0.366,0.369,0.337
shaanxi_guanzhong,2004-11-03,0.353,0.362,0.368,0.337
shaanxi_guanzhong,2004-11-04,0.349,0.358,0.367,0.337
shaanxi_guanzhong,2004-11-05,0.345,0.354,0.365,0.337
shaanxi_guanzhong,2004-11-06,0.34,0.35,0.364,0.337
shaanxi_guanzhong,2004-11-07,0.337,0.347,0.363,0.338
shaanxi_guanzhong,2004-11-08,0.362,0.348,0.362,0.338
shaanxi_guanzhong,2004-11-09,0.368,0.355,0.361,0.338
shaanxi_guanzhong,2004-11-10,0.363,0.357,0.361,0.338
shaanxi_guanzhong,2004-11-11,0.355,0.356,0.36,0.338
shaanxi_guanzhong,2004-11-12,0.375,0.357,0.36,0.338
shaanxi_guanzhong,2004-11-13,0.383,0.369,0.36,0.339
shaanxi_guanzhong,2004-11-14,0.37,0.369,0.36,0.339
shaanxi_guanzhong,2004-11-15,0.363,0.366,0.36,0.339
shaanxi_guanzhong,2004-11-16,0.357,0.362,0.359,0.339
shaanxi_guanzhong,2004-11-17,0.353,0.359,0.359,0.339
shaanxi_guanzhong,2004-11-18,0.349,0.356,0.358,0.339
shaanxi_guanzhong,2004-11-19,0.346,0.353,0.358,0.339
shaanxi_guanzhong,2004-11-20,0.344,0.35,0.357,0.339
shaanxi_guanzhong,2004-11-21,0.341,0.348,0.356,0.34
shaanxi_guanzhong,2004-11-22,0.345,0.346,0.356,0.34
shaanxi_guanzhong,2004-11-23,0.349,0.347,0.355,0.34
shaanxi_guanzhong,2004-11-24,0.389,0.358,0.355,0.34
shaanxi_guanzhong,2004-11-25,0.376,0.368,0.355,0.34
shaanxi_guanzhong,2004-11-26,0.371,0.367,0.356,0.34
shaanxi_guanzhong,2004-11-27,0.371,0.366,0.356,0.34
shaanxi_guanzhong,2004-11-28,0.371,0.366,0.356,0.34
shaanxi_guanzhong,2004-11-29,0.368,0.365,0.356,0.34
shaanxi_guanzhong,2004-11-30,0.373,0.365,0.356,0.34
shaanxi_guanzhong,2004-12-01,0.39,0.373,0.356,0.34
shaanxi_guanzhong,2004-12-02,0.399,0.38,0.357,0.341
shaanxi_guanzhong,2004-12-03,0.411,0.4,0.36,0.341
shaanxi_guanzhong,2004-12-04,0.391,0.394,0.363,0.341
shaanxi_guanzhong,2004-12-05,0.381,0.387,0.364,0.341
shaanxi_guanzhong,2004-12-06,0.376,0.381,0.365,0.341
shaanxi_guanzhong,2004-12-07,0.37,0.376,0.365,0.341
shaanxi_guanzhong,2004-12-08,0.365,0.372,0.364,0.342
shaanxi_guanzhong,2004-12-09,0.361,0.369,0.364,0.342
shaanxi_guanzhong,2004-12-10,0.359,0.365,0.364,0.342
shaanxi_guanzhong,2004-12-11,0.358,0.363,0.363,0.342
shaanxi_guanzhong,2004-12-12,0.354,0.36,0.363,0.342
shaanxi_guanzhong,2004-12-13,0.351,0.358,0.362,0.342
shaanxi_guanzhong,2004-12-14,0.349,0.356,0.362,0.342
shaanxi_guanzhong,2004-12-15,0.346,0.353,0.361,0.343
shaanxi_guanzhong,2004-12-16,0.366,0.353,0.36,0.343
shaanxi_guanzhong,2004-12-17,0.37,0.36,0.36,0.343
shaanxi_guanzhong,2004-12-18,0.359,0.36,0.36,0.343
shaanxi_guanzhong,2004-12-19,0.357,0.358,0.359,0.343
shaanxi_guanzhong,2004-12-20,0.358,0.358,0.359,0.343
shaanxi_guanzhong,2004-12-21,0.355,0.357,0.359,0.343
shaanxi_guanzhong,2004-12-22,0.353,0.357,0.359,0.343
shaanxi_guanzhong,2004-12-23,0.351,0.356,0.358,0.343
shaanxi_guanzhong,2004-12-24,0.352,0.355,0.358,0.343
shaanxi_guanzhong,2004-12-25,0.353,0.355,0.358,0.344
shaanxi_guanzhong,2004-12-26,0.353,0.355,0.358,0.344
shaanxi_guanzhong,2004-12-27,0.351,0.354,0.357,0.344
shaanxi_guanzhong,2004-12-28,0.35,0.354,0.357,0.344
shaanxi_guanzhong,2004-12-29,0.349,0.353,0.357,0.344
shaanxi_guanzhong,2004-12-30,0.349,0.352,0.357,0.344
shaanxi_guanzhong,2004-12-31,0.348,0.352,0.357,0.344
shaanxi_guanzhong,2005-01-01,0.349,0.351,0.356,0.344
shaanxi_guanzhong,2005-01-02,0.357,0.351,0.356,0.344
shaanxi_guanzhong,2005-01-03,0.369,0.355,0.356,0.344
shaanxi_guanzhong,2005-01-04,0.375,0.36,0.356,0.344
shaanxi_guanzhong,2005-01-05,0.382,0.366,0.356,0.344
shaanxi_guanzhong,2005-01-06,0.389,0.374,0.357,0.344
shaanxi_guanzhong,2005-01-07,0.384,0.378,0.357,0.345
shaanxi_guanzhong,2005-01-08,0.381,0.377,0.358,0.345
shaanxi_guanzhong,2005-01-09,0.381,0.377,0.359,0.345
shaanxi_guanzhong,2005-01-10,0.383,0.377,0.36,0.345
shaanxi_guanzhong,2005-01-11,0.384,0.378,0.36,0.345
shaanxi_guanzhong,2005-01-12,0.381,0.378,0.361,0.345
shaanxi_guanzhong,2005-01-13,0.379,0.377,0.361,0.345
shaanxi_guanzhong,2005-01-14,0.379,0.376,0.362,0.345
shaanxi_guanzhong,2005-01-15,0.376,0.375,0.362,0.345
shaanxi_guanzhong,2005-01-16,0.374,0.374,0.363,0.345
shaanxi_guanzhong,2005-01-17,0.372,0.372,0.363,0.346
shaanxi_guanzhong,2005-01-18,0.368,0.37,0.363,0.346
shaanxi_guanzhong,2005-01-19,0.366,0.369,0.363,0.346
shaanxi_guanzhong,2005-01-20,0.363,0.367,0.363,0.346
shaanxi_guanzhong,2005-01-21,0.361,0.365,0.363,0.346
shaanxi_guanzhong,2005-01-22,0.36,0.363,0.362,0.346
shaanxi_guanzhong,2005-01-23,0.358,0.362,0.362,0.346
shaanxi_guanzhong,2005-01-24,0.357,0.361,0.362,0.346
shaanxi_guanzhong,2005-01-25,0.355,0.359,0.361,0.346
shaanxi_guanzhong,2005-01-26,0.355,0.358,0.361,0.346
shaanxi_guanzhong,2005-01-27,0.356,0.357,0.361,0.347
shaanxi_guanzhong,2005-01-28,0.356,0.356,0.36,0.347
shaanxi_guanzhong,2005-01-29,0.352,0.355,0.36,0.347
shaanxi_guanzhong,2005-01-30,0.349,0.354,0.36,0.347
shaanxi_guanzhong,2005-01-31,0.347,0.353,0.359,0.347
shaanxi_guanzhong,2005-02-01,0.345,0.351,0.359,0.347
shaanxi_guanzhong,2005-02-02,0.344,0.35,0.358,0.347
shaanxi_guanzhong,2005-02-03,0.342,0.348,0.358,0.347
shaanxi_guanzhong,2005-02-04,0.341,0.347,0.357,0.347
shaanxi_guanzhong,2005-02-05,0.343,0.346,0.357,0.347
shaanxi_guanzhong,2005-02-06,0.343,0.346,0.357,0.347
shaanxi_guanzhong,2005-02-07,0.346,0.345,0.356,0.347
shaanxi_guanzhong,2005-02-08,0.35,0.346,0.356,0.347
shaanxi_guanzhong,2005-02-09,0.354,0.347,0.355,0.347
shaanxi_guanzhong,2005-02-10,0.351,0.347,0.355,0.347
shaanxi_guanzhong,2005-02-11,0.349,0.347,0.355,0.347
shaanxi_guanzhong,2005-02-12,0.348,0.347,0.354,0.347
shaanxi_guanzhong,2005-02-13,0.347,0.346,0.354,0.347
shaanxi_guanzhong,2005-02-14,0.345,0.345,0.353,0.347
shaanxi_guanzhong,2005-02-15,0.347,0.345,0.353,0.347
shaanxi_guanzhong,2005-02-16,0.345,0.344,0.352,0.347
shaanxi_guanzhong,2005-02-17,0.367,0.347,0.352,0.347
shaanxi_guanzhong,2005-02-18,0.36,0.352,0.352,0.347
shaanxi_guanzhong,2005-02-19,0.354,0.352,0.352,0.347
shaanxi_guanzhong,2005-02-20,0.361,0.353,0.352,0.347
shaanxi_guanzhong,2005-02-21,0.376,0.357,0.352,0.347
shaanxi_guanzhong,2005-02-22,0.38,0.363,0.352,0.347
shaanxi_guanzhong,2005-02-23,0.376,0.366,0.352,0.347
shaanxi_guanzhong,2005-02-24,0.369,0.365,0.352,0.347
shaanxi_guanzhong,2005-02-25,0.361,0.362,0.352,0.347
shaanxi_guanzhong,2005-02-26,0.367,0.36,0.352,0.347
shaanxi_guanzhong,2005-02-27,0.381,0.368,0.352,0.347
shaanxi_guanzhong,2005-02-28,0.365,0.365,0.352,0.347
shaanxi_guanzhong,2005-03-01,0.356,0.361,0.352,0.347
shaanxi_guanzhong,2005-03-02,0.371,0.36,0.352,0.347
shaanxi_guanzhong,2005-03-03,0.359,0.359,0.351,0.347
shaanxi_guanzhong,2005-03-04,0.349,0.354,0.351,0.347
shaanxi_guanzhong,2005-03-05,0.343,0.35,0.35,0.347
shaanxi_guanzhong,2005-03-06,0.337,0.346,0.35,0.347
shaanxi_guanzhong,2005-03-07,0.331,0.341,0.349,0.347
shaanxi_guanzhong,2005-03-08,0.326,0.336,0.348,0.347
shaanxi_guanzhong,2005-03-09,0.32,0.332,0.347,0.347
shaanxi_guanzhong,2005-03-10,0.314,0.327,0.346,0.347
shaanxi_guanzhong,2005-03-11,0.31,0.323,0.344,0.347
shaanxi_guanzhong,2005-03-12,0.309,0.321,0.344,0.347
shaanxi_guanzhong,2005-03-13,0.306,0.318,0.342,0.347
shaanxi_guanzhong,2005-03-14,0.304,0.314,0.341,0.347
shaanxi_guanzhong,2005-03-15,0.301,0.311,0.34,0.347
shaanxi_guanzhong,2005-03-16,0.307,0.309,0.339,0.347
shaanxi_guanzhong,2005-03-17,0.312,0.309,0.338,0.347
shaanxi_guanzhong,2005-03-18,0.303,0.307,0.337,0.347
shaanxi_guanzhong,2005-03-19,0.296,0.304,0.336,0.347
shaanxi_guanzhong,2005-03-20,0.293,0.302,0.334,0.347
shaanxi_guanzhong,2005-03-21,0.349,0.306,0.334,0.347
shaanxi_guanzhong,2005-03-22,0.34,0.313,0.333,0.346
shaanxi_guanzhong,2005-03-23,0.327,0.314,0.332,0.346
shaanxi_guanzhong,2005-03-24,0.312,0.311,0.331,0.346
shaanxi_guanzhong,2005-03-25,0.304,0.308,0.33,0.346
shaanxi_guanzhong,2005-03-26,0.308,0.306,0.329,0.346
shaanxi_guanzhong,2005-03-27,0.301,0.304,0.328,0.346
shaanxi_guanzhong,2005-03-28,0.292,0.3,0.327,0.346
shaanxi_guanzhong,2005-03-29,0.284,0.297,0.326,0.346
shaanxi_guanzhong,2005-03-30,0.28,0.294,0.325,0.346
shaanxi_guanzhong,2005-03-31,0.274,0.29,0.323,0.346
shaanxi_guanzhong,2005-04-01,0.266,0.285,0.322,0.346
shaanxi_guanzhong,2005-04-02,0.258,0.28,0.32,0.345
shaanxi_guanzhong,2005-04-03,0.248,0.274,0.318,0.345
shaanxi_guanzhong,2005-04-04,0.239,0.268,0.315,0.345
shaanxi_guanzhong,2005-04-05,0.23,0.262,0.313,0.345
shaanxi_guanzhong,2005-04-06,0.222,0.257,0.311,0.345
shaanxi_guanzhong,2005-04-07,0.214,0.251,0.309,0.344
shaanxi_guanzhong,2005-04-08,0.234,0.248,0.307,0.344
shaanxi_guanzhong,2005-04-09,0.256,0.248,0.306,0.344
shaanxi_guanzhong,2005-04-10,0.245,0.246,0.304,0.344
shaanxi_guanzhong,2005-04-11,0.24,0.245,0.303,0.344
shaanxi_guanzhong,2005-04-12,0.233,0.243,0.302,0.344
shaanxi_guanzhong,2005-04-13,0.223,0.24,0.3,0.344
shaanxi_guanzhong,2005-04-14,0.215,0.236,0.298,0.343
shaanxi_guanzhong,2005-04-15,0.207,0.232,0.296,0.343
shaanxi_guanzhong,2005-04-16,0.2,0.229,0.294,0.343
shaanxi_guanzhong,2005-04-17,0.193,0.225,0.292,0.343
shaanxi_guanzhong,2005-04-18,0.207,0.223,0.29,0.342
shaanxi_guanzhong,2005-04-19,0.238,0.222,0.289,0.342
shaanxi_guanzhong,2005-04-20,0.222,0.219,0.287,0.342
shaanxi_guanzhong,2005-04-21,0.207,0.214,0.284,0.342
shaanxi_guanzhong,2005-04-22,0.196,0.211,0.282,0.341
shaanxi_guanzhong,2005-04-23,0.187,0.208,0.28,0.341
shaanxi_guanzhong,2005-04-24,0.18,0.205,0.278,0.341
shaanxi_guanzhong,2005-04-25,0.173,0.201,0.276,0.341
shaanxi_guanzhong,2005-04-26,0.169,0.198,0.273,0.34
shaanxi_guanzhong,2005-04-27,0.168,0.194,0.271,0.34
shaanxi_guanzhong,2005-04-28,0.161,0.19,0.268,0.34
shaanxi_guanzhong,2005-04-29,0.157,0.188,0.266,0.339
shaanxi_guanzhong,2005-04-30,0.155,0.186,0.264,0.339
shaanxi_guanzhong,2005-05-01,0.152,0.183,0.262,0.339
shaanxi_guanzhong,2005-05-02,0.149,0.18,0.26,0.338
shaanxi_guanzhong,2005-05-03,0.147,0.178,0.258,0.338
shaanxi_guanzhong,2005-05-04,0.148,0.177,0.256,0.338
shaanxi_guanzhong,2005-05-05,0.152,0.175,0.254,0.337
shaanxi_guanzhong,2005-05-06,0.148,0.173,0.252,0.337
shaanxi_guanzhong,2005-05-07,0.145,0.17,0.249,0.337
shaanxi_guanzhong,2005-05-08,0.142,0.168,0.247,0.336
shaanxi_guanzhong,2005-05-09,0.14,0.166,0.245,0.336
shaanxi_guanzhong,2005-05-10,0.139,0.164,0.243,0.336
shaanxi_guanzhong,2005-05-11,0.14,0.162,0.241,0.335
shaanxi_guanzhong,2005-05-12,0.169,0.162,0.239,0.335
shaanxi_guanzhong,2005-05-13,0.316,0.174,0.239,0.335
shaanxi_guanzhong,2005-05-14,0.284,0.185,0.238,0.334
shaanxi_guanzhong,2005-05-15,0.274,0.189,0.238,0.334
shaanxi_guanzhong,2005-05-16,0.36,0.212,0.238,0.334
shaanxi_guanzhong,2005-05-17,0.33,0.251,0.238,0.334
shaanxi_guanzhong,2005-05-18,0.289,0.25,0.237,0.333
shaanxi_guanzhong,2005-05-19,0.273,0.248,0.237,0.333
shaanxi_guanzhong,2005-05-20,0.265,0.246,0.236,0.333
shaanxi_guanzhong,2005-05-21,0.257,0.243,0.236,0.333
shaanxi_guanzhong,2005-05-22,0.244,0.24,0.236,0.332
shaanxi_guanzhong,2005-05-23,0.235,0.236,0.235,0.332
shaanxi_guanzhong,2005-05-24,0.22,0.23,0.234,0.332
shaanxi_guanzhong,2005-05-25,0.208,0.225,0.233,0.332
shaanxi_guanzhong,2005-05-26,0.202,0.221,0.233,0.331
shaanxi_guanzhong,2005-05-27,0.194,0.216,0.232,0.331
shaanxi_guanzhong,2005-05-28,0.187,0.212,0.231,0.331
shaanxi_guanzhong,2005-05-29,0.216,0.209,0.231,0.33
shaanxi_guanzhong,2005-05-30,0.225,0.208,0.23,0.33
shaanxi_guanzhong,2005-05-31,0.231,0.206,0.23,0.33
shaanxi_guanzhong,2005-06-01,0.223,0.204,0.229,0.33
shaanxi_guanzhong,2005-06-02,0.204,0.199,0.228,0.329
shaanxi_guanzhong,2005-06-03,0.191,0.195,0.226,0.329
shaanxi_guanzhong,2005-06-04,0.189,0.193,0.226,0.329
shaanxi_guanzhong,2005-06-05,0.362,0.219,0.226,0.329
shaanxi_guanzhong,2005-06-06,0.33,0.261,0.226,0.328
shaanxi_guanzhong,2005-06-07,0.29,0.259,0.225,0.328
shaanxi_guanzhong,2005-06-08,0.272,0.253,0.225,0.328
shaanxi_guanzhong,2005-06-09,0.353,0.263,0.225,0.328
shaanxi_guanzhong,2005-06-10,0.326,0.278,0.225,0.327
shaanxi_guanzhong,2005-06-11,0.29,0.271,0.224,0.327
shaanxi_guanzhong,2005-06-12,0.264,0.262,0.224,0.327
shaanxi_guanzhong,2005-06-13,0.242,0.253,0.223,0.326
shaanxi_guanzhong,2005-06-14,0.224,0.243,0.222,0.326
shaanxi_guanzhong,2005-06-15,0.211,0.235,0.221,0.326
shaanxi_guanzhong,2005-06-16,0.209,0.23,0.22,0.325
shaanxi_guanzhong,2005-06-17,0.21,0.226,0.22,0.325
shaanxi_guanzhong,2005-06-18,0.198,0.22,0.219,0.325
shaanxi_guanzhong,2005-06-19,0.185,0.212,0.218,0.325
shaanxi_guanzhong,2005-06-20,0.176,0.206,0.217,0.324
shaanxi_guanzhong,2005-06-21,0.168,0.201,0.216,0.324
shaanxi_guanzhong,2005-06-22,0.16,0.194,0.214,0.324
shaanxi_guanzhong,2005-06-23,0.153,0.188,0.212,0.323
shaanxi_guanzhong,2005-06-24,0.156,0.183,0.211,0.323
shaanxi_guanzhong,2005-06-25,0.329,0.195,0.211,0.322
shaanxi_guanzhong,2005-06-26,0.291,0.208,0.21,0.322
shaanxi_guanzhong,2005-06-27,0.253,0.206,0.209,0.322
shaanxi_guanzhong,2005-06-28,0.237,0.202,0.209,0.322
shaanxi_guanzhong,2005-06-29,0.221,0.199,0.208,0.321
shaanxi_guanzhong,2005-06-30,0.261,0.197,0.207,0.321
shaanxi_guanzhong,2005-07-01,0.301,0.202,0.207,0.321
shaanxi_guanzhong,2005-07-02,0.371,0.231,0.207,0.321
shaanxi_guanzhong,2005-07-03,0.391,0.301,0.208,0.32
shaanxi_guanzhong,2005-07-04,0.405,0.354,0.211,0.32
shaanxi_guanzhong,2005-07-05,0.398,0.374,0.218,0.32
shaanxi_guanzhong,2005-07-06,0.387,0.367,0.223,0.32
shaanxi_guanzhong,2005-07-07,0.374,0.361,0.227,0.32
shaanxi_guanzhong,2005-07-08,0.396,0.386,0.233,0.32
shaanxi_guanzhong,2005-07-09,0.365,0.366,0.238,0.319
shaanxi_guanzhong,2005-07-10,0.34,0.348,0.24,0.319
shaanxi_guanzhong,2005-07-11,0.317,0.331,0.24,0.319
shaanxi_guanzhong,2005-07-12,0.295,0.315,0.24,0.319
shaanxi_guanzhong,2005-07-13,0.275,0.3,0.24,0.319
shaanxi_guanzhong,2005-07-14,0.257,0.286,0.239,0.318
shaanxi_guanzhong,2005-07-15,0.24,0.273,0.238,0.318
shaanxi_guanzhong,2005-07-16,0.226,0.262,0.236,0.318
shaanxi_guanzhong,2005-07-17,0.218,0.253,0.235,0.318
shaanxi_guanzhong,2005-07-18,0.258,0.249,0.235,0.317
shaanxi_guanzhong,2005-07-19,0.276,0.247,0.234,0.317
shaanxi_guanzhong,2005-07-20,0.304,0.249,0.234,0.317
shaanxi_guanzhong,2005-07-21,0.274,0.247,0.233,0.317
shaanxi_guanzhong,2005-07-22,0.251,0.241,0.232,0.317
shaanxi_guanzhong,2005-07-23,0.233,0.235,0.231,0.316
shaanxi_guanzhong,2005-07-24,0.232,0.23,0.23,0.316
shaanxi_guanzhong,2005-07-25,0.317,0.235,0.229,0.316
shaanxi_guanzhong,2005-07-26,0.296,0.241,0.229,0.316
shaanxi_guanzhong,2005-07-27,0.35,0.282,0.228,0.316
shaanxi_guanzhong,2005-07-28,0.358,0.337,0.231,0.316
shaanxi_guanzhong,2005-07-29,0.328,0.324,0.232,0.315
shaanxi_guanzhong,2005-07-30,0.312,0.312,0.232,0.315
shaanxi_guanzhong,2005-07-31,0.347,0.31,0.233,0.315
shaanxi_guanzhong,2005-08-01,0.348,0.314,0.233,0.315
shaanxi_guanzhong,2005-08-02,0.409,0.391,0.245,0.315
shaanxi_guanzhong,2005-08-03,0.374,0.378,0.255,0.315
shaanxi_guanzhong,2005-08-04,0.349,0.357,0.257,0.314
shaanxi_guanzhong,2005-08-05,0.331,0.341,0.258,0.314
shaanxi_guanzhong,2005-08-06,0.356,0.335,0.259,0.314
shaanxi_guanzhong,2005-08-07,0.405,0.365,0.26,0.314
shaanxi_guanzhong,2005-08-08,0.399,0.376,0.265,0.314
shaanxi_guanzhong,2005-08-09,0.406,0.387,0.27,0.314
shaanxi_guanzhong,2005-08-10,0.381,0.378,0.276,0.314
shaanxi_guanzhong,2005-08-11,0.36,0.363,0.278,0.314
shaanxi_guanzhong,2005-08-12,0.344,0.35,0.279,0.314
shaanxi_guanzhong,2005-08-13,0.363,0.344,0.279,0.314
shaanxi_guanzhong,2005-08-14,0.38,0.354,0.28,0.314
shaanxi_guanzhong,2005-08-15,0.402,0.368,0.282,0.314
shaanxi_guanzhong,2005-08-16,0.428,0.418,0.296,0.313
shaanxi_guanzhong,2005-08-17,0.424,0.423,0.328,0.314
shaanxi_guanzhong,2005-08-18,0.424,0.421,0.346,0.314
shaanxi_guanzhong,2005-08-19,0.425,0.424,0.378,0.315
shaanxi_guanzhong,2005-08-20,0.421,0.42,0.384,0.317
shaanxi_guanzhong,2005-08-21,0.397,0.406,0.384,0.319
shaanxi_guanzhong,2005-08-22,0.382,0.392,0.381,0.321
shaanxi_guanzhong,2005-08-23,0.374,0.383,0.379,0.322
shaanxi_guanzhong,2005-08-24,0.362,0.374,0.376,0.322
shaanxi_guanzhong,2005-08-25,0.351,0.364,0.373,0.323
shaanxi_guanzhong,2005-08-26,0.342,0.357,0.371,0.323
shaanxi_guanzhong,2005-08-27,0.35,0.351,0.368,0.324
shaanxi_guanzhong,2005-08-28,0.418,0.394,0.369,0.324
shaanxi_guanzhong,2005-08-29,0.394,0.397,0.371,0.325
shaanxi_guanzhong,2005-08-30,0.377,0.386,0.371,0.325
shaanxi_guanzhong,2005-08-31,0.366,0.376,0.369,0.325
shaanxi_guanzhong,2005-09-01,0.355,0.366,0.367,0.326
shaanxi_guanzhong,2005-09-02,0.369,0.361,0.365,0.326
shaanxi_guanzhong,2005-09-03,0.354,0.356,0.363,0.326
shaanxi_guanzhong,2005-09-04,0.341,0.35,0.361,0.327
shaanxi_guanzhong,2005-09-05,0.332,0.344,0.359,0.327
shaanxi_guanzhong,2005-09-06,0.323,0.337,0.357,0.327
shaanxi_guanzhong,2005-09-07,0.313,0.33,0.355,0.327
shaanxi_guanzhong,2005-09-08,0.302,0.322,0.352,0.327
shaanxi_guanzhong,2005-09-09,0.291,0.314,0.349,0.327
shaanxi_guanzhong,2005-09-10,0.281,0.307,0.347,0.327
shaanxi_guanzhong,2005-09-11,0.272,0.3,0.344,0.327
shaanxi_guanzhong,2005-09-12,0.263,0.293,0.341,0.327
shaanxi_guanzhong,2005-09-13,0.256,0.288,0.339,0.327
shaanxi_guanzhong,2005-09-14,0.249,0.282,0.336,0.327
shaanxi_guanzhong,2005-09-15,0.283,0.28,0.334,0.327
shaanxi_guanzhong,2005-09-16,0.401,0.329,0.334,0.327
shaanxi_guanzhong,2005-09-17,0.365,0.352,0.334,0.327
shaanxi_guanzhong,2005-09-18,0.344,0.345,0.333,0.327
shaanxi_guanzhong,2005-09-19,0.336,0.339,0.332,0.327
shaanxi_guanzhong,2005-09-20,0.372,0.344,0.332,0.327
shaanxi_guanzhong,2005-09-21,0.397,0.38,0.334,0.327
shaanxi_guanzhong,2005-09-22,0.39,0.377,0.336,0.327
shaanxi_guanzhong,2005-09-23,0.413,0.408,0.343,0.327
shaanxi_guanzhong,2005-09-24,0.41,0.406,0.349,0.327
shaanxi_guanzhong,2005-09-25,0.421,0.421,0.367,0.327
shaanxi_guanzhong,2005-09-26,0.426,0.424,0.381,0.328
shaanxi_guanzhong,2005-09-27,0.431,0.429,0.398,0.329
shaanxi_guanzhong,2005-09-28,0.429,0.428,0.409,0.332
shaanxi_guanzhong,2005-09-29,0.425,0.427,0.415,0.335
shaanxi_guanzhong,2005-09-30,0.428,0.426,0.417,0.339
shaanxi_guanzhong,2005-10-01,0.428,0.43,0.426,0.343
shaanxi_guanzhong,2005-10-02,0.427,0.429,0.431,0.351
shaanxi_guanzhong,2005-10-03,0.421,0.426,0.428,0.359
shaanxi_guanzhong,2005-10-04,0.404,0.412,0.423,0.363
shaanxi_guanzhong,2005-10-05,0.394,0.401,0.418,0.365
shaanxi_guanzhong,2005-10-06,0.415,0.408,0.416,0.367
shaanxi_guanzhong,2005-10-07,0.4,0.409,0.415,0.369
shaanxi_guanzhong,2005-10-08,0.388,0.397,0.412,0.37
shaanxi_guanzhong,2005-10-09,0.38,0.389,0.409,0.371
shaanxi_guanzhong,2005-10-10,0.371,0.382,0.406,0.372
shaanxi_guanzhong,2005-10-11,0.365,0.375,0.403,0.373
shaanxi_guanzhong,2005-10-12,0.373,0.373,0.4,0.374
shaanxi_guanzhong,2005-10-13,0.398,0.383,0.399,0.374
shaanxi_guanzhong,2005-10-14,0.386,0.388,0.398,0.374
shaanxi_guanzhong,2005-10-15,0.376,0.382,0.396,0.375
shaanxi_guanzhong,2005-10-16,0.366,0.375,0.395,0.375
shaanxi_guanzhong,2005-10-17,0.362,0.369,0.393,0.375
shaanxi_guanzhong,2005-10-18,0.377,0.369,0.391,0.376
shaanxi_guanzhong,2005-10-19,0.408,0.385,0.39,0.376
shaanxi_guanzhong,2005-10-20,0.425,0.412,0.393,0.376
shaanxi_guanzhong,2005-10-21,0.407,0.413,0.398,0.376
shaanxi_guanzhong,2005-10-22,0.411,0.409,0.399,0.377
shaanxi_guanzhong,2005-10-23,0.398,0.405,0.4,0.377
shaanxi_guanzhong,2005-10-24,0.387,0.396,0.399,0.378
shaanxi_guanzhong,2005-10-25,0.379,0.389,0.398,0.378
shaanxi_guanzhong,2005-10-26,0.381,0.384,0.396,0.378
shaanxi_guanzhong,2005-10-27,0.396,0.391,0.395,0.379
shaanxi_guanzhong,2005-10-28,0.382,0.388,0.394,0.379
shaanxi_guanzhong,2005-10-29,0.376,0.382,0.393,0.379
shaanxi_guanzhong,2005-10-30,0.39,0.384,0.392,0.379
shaanxi_guanzhong,2005-10-31,0.375,0.381,0.391,0.379
shaanxi_guanzhong,2005-11-01,0.37,0.377,0.39,0.38
shaanxi_guanzhong,2005-11-02,0.365,0.373,0.389,0.38
shaanxi_guanzhong,2005-11-03,0.361,0.369,0.387,0.38
shaanxi_guanzhong,2005-11-04,0.358,0.366,0.386,0.38
shaanxi_guanzhong,2005-11-05,0.363,0.364,0.385,0.38
shaanxi_guanzhong,2005-11-06,0.356,0.362,0.383,0.38
shaanxi_guanzhong,2005-11-07,0.35,0.359,0.382,0.38
shaanxi_guanzhong,2005-11-08,0.349,0.356,0.38,0.38
shaanxi_guanzhong,2005-11-09,0.347,0.354,0.379,0.38
shaanxi_guanzhong,2005-11-10,0.347,0.352,0.378,0.38
shaanxi_guanzhong,2005-11-11,0.347,0.35,0.376,0.38
shaanxi_guanzhong,2005-11-12,0.346,0.349,0.375,0.38
shaanxi_guanzhong,2005-11-13,0.404,0.364,0.374,0.38
shaanxi_guanzhong,2005-11-14,0.399,0.39,0.375,0.38
shaanxi_guanzhong,2005-11-15,0.384,0.387,0.376,0.38
shaanxi_guanzhong,2005-11-16,0.377,0.382,0.376,0.38
shaanxi_guanzhong,2005-11-17,0.372,0.378,0.376,0.38
shaanxi_guanzhong,2005-11-18,0.379,0.377,0.375,0.38
shaanxi_guanzhong,2005-11-19,0.37,0.375,0.375,0.38
shaanxi_guanzhong,2005-11-20,0.365,0.372,0.374,0.38
shaanxi_guanzhong,2005-11-21,0.364,0.369,0.374,0.379
shaanxi_guanzhong,2005-11-22,0.365,0.368,0.374,0.379
shaanxi_guanzhong,2005-11-23,0.362,0.366,0.373,0.379
shaanxi_guanzhong,2005-11-24,0.357,0.363,0.372,0.379
shaanxi_guanzhong,2005-11-25,0.353,0.36,0.372,0.379
shaanxi_guanzhong,2005-11-26,0.35,0.357,0.371,0.379
shaanxi_guanzhong,2005-11-27,0.347,0.355,0.37,0.379
shaanxi_guanzhong,2005-11-28,0.343,0.352,0.369,0.379
shaanxi_guanzhong,2005-11-29,0.341,0.349,0.368,0.379
shaanxi_guanzhong,2005-11-30,0.339,0.347,0.367,0.379
shaanxi_guanzhong,2005-12-01,0.337,0.345,0.366,0.379
shaanxi_guanzhong,2005-12-02,0.336,0.344,0.365,0.379
shaanxi_guanzhong,2005-12-03,0.335,0.342,0.365,0.378
shaanxi_guanzhong,2005-12-04,0.333,0.341,0.364,0.378
shaanxi_guanzhong,2005-12-05,0.333,0.34,0.363,0.378
shaanxi_guanzhong,2005-12-06,0.332,0.34,0.362,0.378
shaanxi_guanzhong,2005-12-07,0.332,0.339,0.362,0.378
shaanxi_guanzhong,2005-12-08,0.332,0.339,0.361,0.378
shaanxi_guanzhong,2005-12-09,0.331,0.338,0.36,0.378
shaanxi_guanzhong,2005-12-10,0.33,0.337,0.36,0.378
shaanxi_guanzhong,2005-12-11,0.329,0.336,0.359,0.378
shaanxi_guanzhong,2005-12-12,0.329,0.335,0.358,0.377
shaanxi_guanzhong,2005-12-13,0.328,0.335,0.358,0.377
shaanxi_guanzhong,2005-12-14,0.328,0.335,0.357,0.377
shaanxi_guanzhong,2005-12-15,0.329,0.335,0.356,0.377
shaanxi_guanzhong,2005-12-16,0.329,0.335,0.356,0.377
shaanxi_guanzhong,2005-12-17,0.329,0.334,0.355,0.377
shaanxi_guanzhong,2005-12-18,0.329,0.334,0.355,0.377
shaanxi_guanzhong,2005-12-19,0.329,0.334,0.355,0.377
shaanxi_guanzhong,2005-12-20,0.329,0.334,0.354,0.376
shaanxi_guanzhong,2005-12-21,0.328,0.334,0.354,0.376
shaanxi_guanzhong,2005-12-22,0.328,0.334,0.353,0.376
shaanxi_guanzhong,2005-12-23,0.328,0.334,0.353,0.376
shaanxi_guanzhong,2005-12-24,0.328,0.333,0.352,0.376
shaanxi_guanzhong,2005-12-25,0.327,0.333,0.352,0.376
shaanxi_guanzhong,2005-12-26,0.325,0.332,0.351,0.376
shaanxi_guanzhong,2005-12-27,0.325,0.331,0.351,0.375
shaanxi_guanzhong,2005-12-28,0.324,0.331,0.35,0.375
shaanxi_guanzhong,2005-12-29,0.324,0.33,0.35,0.375
shaanxi_guanzhong,2005-12-30,0.33,0.33,0.349,0.375
shaanxi_guanzhong,2005-12-31,0.332,0.33,0.349,0.375
shaanxi_guanzhong,2006-01-01,0.332,0.33,0.348,0.375
shaanxi_guanzhong,2006-01-02,0.329,0.33,0.348,0.375
shaanxi_guanzhong,2006-01-03,0.328,0.33,0.347,0.374
shaanxi_guanzhong,2006-01-04,0.334,0.331,0.347,0.374
shaanxi_guanzhong,2006-01-05,0.333,0.332,0.347,0.374
shaanxi_guanzhong,2006-01-06,0.331,0.332,0.346,0.374
shaanxi_guanzhong,2006-01-07,0.33,0.332,0.346,0.374
shaanxi_guanzhong,2006-01-08,0.338,0.332,0.346,0.374
shaanxi_guanzhong,2006-01-09,0.351,0.335,0.345,0.374
shaanxi_guanzhong,2006-01-10,0.358,0.339,0.345,0.374
shaanxi_guanzhong,2006-01-11,0.359,0.343,0.345,0.373
shaanxi_guanzhong,2006-01-12,0.358,0.346,0.345,0.373
shaanxi_guanzhong,2006-01-13,0.355,0.348,0.345,0.373
shaanxi_guanzhong,2006-01-14,0.352,0.348,0.345,0.373
shaanxi_guanzhong,2006-01-15,0.349,0.348,0.345,0.373
shaanxi_guanzhong,2006-01-16,0.347,0.347,0.345,0.373
shaanxi_guanzhong,2006-01-17,0.355,0.347,0.345,0.373
shaanxi_guanzhong,2006-01-18,0.363,0.351,0.345,0.372
shaanxi_guanzhong,2006-01-19,0.356,0.352,0.345,0.372
shaanxi_guanzhong,2006-01-20,0.353,0.352,0.345,0.372
shaanxi_guanzhong,2006-01-21,0.356,0.352,0.345,0.372
shaanxi_guanzhong,2006-01-22,0.363,0.353,0.345,0.372
shaanxi_guanzhong,2006-01-23,0.363,0.355,0.345,0.372
shaanxi_guanzhong,2006-01-24,0.373,0.358,0.346,0.372
shaanxi_guanzhong,2006-01-25,0.384,0.365,0.346,0.372
shaanxi_guanzhong,2006-01-26,0.391,0.374,0.347,0.371
shaanxi_guanzhong,2006-01-27,0.393,0.381,0.348,0.371
shaanxi_guanzhong,2006-01-28,0.394,0.384,0.35,0.371
shaanxi_guanzhong,2006-01-29,0.39,0.385,0.352,0.371
shaanxi_guanzhong,2006-01-30,0.385,0.382,0.353,0.371
shaanxi_guanzhong,2006-01-31,0.381,0.38,0.354,0.371
shaanxi_guanzhong,2006-02-01,0.375,0.376,0.355,0.371
shaanxi_guanzhong,2006-02-02,0.372,0.373,0.356,0.371
shaanxi_guanzhong,2006-02-03,0.375,0.372,0.356,0.371
shaanxi_guanzhong,2006-02-04,0.37,0.371,0.357,0.371
shaanxi_guanzhong,2006-02-05,0.375,0.369,0.357,0.371
shaanxi_guanzhong,2006-02-06,0.382,0.372,0.357,0.371
shaanxi_guanzhong,2006-02-07,0.379,0.373,0.357,0.371
shaanxi_guanzhong,2006-02-08,0.373,0.372,0.358,0.37
shaanxi_guanzhong,2006-02-09,0.372,0.37,0.358,0.37
shaanxi_guanzhong,2006-02-10,0.372,0.369,0.358,0.37
shaanxi_guanzhong,2006-02-11,0.369,0.368,0.358,0.37
shaanxi_guanzhong,2006-02-12,0.363,0.365,0.358,0.37
shaanxi_guanzhong,2006-02-13,0.365,0.363,0.358,0.37
shaanxi_guanzhong,2006-02-14,0.361,0.361,0.357,0.37
shaanxi_guanzhong,2006-02-15,0.389,0.366,0.357,0.37
shaanxi_guanzhong,2006-02-16,0.386,0.379,0.358,0.37
shaanxi_guanzhong,2006-02-17,0.374,0.376,0.359,0.37
shaanxi_guanzhong,2006-02-18,0.369,0.372,0.359,0.37
shaanxi_guanzhong,2006-02-19,0.364,0.369,0.359,0.37
shaanxi_guanzhong,2006-02-20,0.358,0.364,0.359,0.37
shaanxi_guanzhong,2006-02-21,0.352,0.359,0.358,0.37
shaanxi_guanzhong,2006-02-22,0.346,0.355,0.358,0.37
shaanxi_guanzhong,2006-02-23,0.343,0.352,0.357,0.369
shaanxi_guanzhong,2006-02-24,0.339,0.348,0.356,0.369
shaanxi_guanzhong,2006-02-25,0.336,0.345,0.355,0.369
shaanxi_guanzhong,2006-02-26,0.351,0.344,0.355,0.369
shaanxi_guanzhong,2006-02-27,0.355,0.347,0.355,0.369
shaanxi_guanzhong,2006-02-28,0.361,0.349,0.354,0.369
shaanxi_guanzhong,2006-03-01,0.374,0.354,0.354,0.369
shaanxi_guanzhong,2006-03-02,0.375,0.359,0.354,0.369
shaanxi_guanzhong,2006-03-03,0.37,0.361,0.353,0.369
shaanxi_guanzhong,2006-03-04,0.361,0.359,0.353,0.369
shaanxi_guanzhong,2006-03-05,0.354,0.356,0.352,0.369
shaanxi_guanzhong,2006-03-06,0.346,0.352,0.351,0.369
shaanxi_guanzhong,2006-03-07,0.355,0.349,0.351,0.368
shaanxi_guanzhong,2006-03-08,0.359,0.352,0.351,0.368
shaanxi_guanzhong,2006-03-09,0.346,0.349,0.35,0.368
shaanxi_guanzhong,2006-03-10,0.338,0.344,0.349,0.368
shaanxi_guanzhong,2006-03-11,0.335,0.341,0.348,0.368
shaanxi_guanzhong,2006-03-12,0.335,0.339,0.347,0.368
shaanxi_guanzhong,2006-03-13,0.334,0.337,0.347,0.368
shaanxi_guanzhong,2006-03-14,0.334,0.334,0.346,0.368
shaanxi_guanzhong,2006-03-15,0.331,0.332,0.345,0.368
shaanxi_guanzhong,2006-03-16,0.326,0.328,0.344,0.368
shaanxi_guanzhong,2006-03-17,0.32,0.324,0.342,0.367
shaanxi_guanzhong,2006-03-18,0.314,0.32,0.341,0.367
shaanxi_guanzhong,2006-03-19,0.306,0.316,0.34,0.367
shaanxi_guanzhong,2006-03-20,0.299,0.312,0.338,0.367
shaanxi_guanzhong,2006-03-21,0.297,0.309,0.337,0.367
shaanxi_guanzhong,2006-03-22,0.298,0.307,0.336,0.367
shaanxi_guanzhong,2006-03-23,0.292,0.304,0.335,0.367
shaanxi_guanzhong,2006-03-24,0.284,0.299,0.334,0.366
shaanxi_guanzhong,2006-03-25,0.278,0.295,0.332,0.366
shaanxi_guanzhong,2006-03-26,0.271,0.291,0.33,0.366
shaanxi_guanzhong,2006-03-27,0.264,0.287,0.328,0.366
shaanxi_guanzhong,2006-03-28,0.256,0.281,0.326,0.366
shaanxi_guanzhong,2006-03-29,0.248,0.276,0.324,0.365
shaanxi_guanzhong,2006-03-30,0.242,0.271,0.322,0.365
shaanxi_guanzhong,2006-03-31,0.27,0.267,0.32,0.365
shaanxi_guanzhong,2006-04-01,0.261,0.264,0.318,0.365
shaanxi_guanzhong,2006-04-02,0.247,0.26,0.316,0.364
shaanxi_guanzhong,2006-04-03,0.243,0.257,0.314,0.364
shaanxi_guanzhong,2006-04-04,0.25,0.256,0.313,0.364
shaanxi_guanzhong,2006-04-05,0.249,0.256,0.312,0.364
shaanxi_guanzhong,2006-04-06,0.241,0.253,0.311,0.363
shaanxi_guanzhong,2006-04-07,0.231,0.25,0.309,0.363
shaanxi_guanzhong,2006-04-08,0.223,0.246,0.307,0.363
shaanxi_guanzhong,2006-04-09,0.216,0.243,0.305,0.363
shaanxi_guanzhong,2006-04-10,0.208,0.239,0.303,0.362
shaanxi_guanzhong,2006-04-11,0.205,0.235,0.301,0.362
shaanxi_guanzhong,2006-04-12,0.212,0.234,0.3,0.362
shaanxi_guanzhong,2006-04-13,0.208,0.232,0.299,0.362
shaanxi_guanzhong,2006-04-14,0.204,0.231,0.297,0.361
shaanxi_guanzhong,2006-04-15,0.199,0.228,0.295,0.361
shaanxi_guanzhong,2006-04-16,0.192,0.224,0.293,0.361
shaanxi_guanzhong,2006-04-17,0.186,0.22,0.291,0.36
shaanxi_guanzhong,2006-04-18,0.18,0.217,0.289,0.36
shaanxi_guanzhong,2006-04-19,0.174,0.212,0.287,0.36
shaanxi_guanzhong,2006-04-20,0.17,0.209,0.285,0.359
shaanxi_guanzhong,2006-04-21,0.173,0.208,0.284,0.359
shaanxi_guanzhong,2006-04-22,0.173,0.207,0.282,0.359
shaanxi_guanzhong,2006-04-23,0.172,0.204,0.281,0.358
shaanxi_guanzhong,2006-04-24,0.183,0.203,0.279,0.358
shaanxi_guanzhong,2006-04-25,0.328,0.221,0.278,0.358
shaanxi_guanzhong,2006-04-26,0.307,0.236,0.277,0.357
shaanxi_guanzhong,2006-04-27,0.336,0.246,0.276,0.357
shaanxi_guanzhong,2006-04-28,0.296,0.25,0.275,0.357
shaanxi_guanzhong,2006-04-29,0.266,0.245,0.273,0.356
shaanxi_guanzhong,2006-04-30,0.243,0.239,0.271,0.356
shaanxi_guanzhong,2006-05-01,0.225,0.232,0.269,0.356
shaanxi_guanzhong,2006-05-02,0.209,0.226,0.267,0.355
shaanxi_guanzhong,2006-05-03,0.198,0.221,0.266,0.355
shaanxi_guanzhong,2006-05-04,0.285,0.223,0.265,0.355
shaanxi_guanzhong,2006-05-05,0.32,0.24,0.265,0.354
shaanxi_guanzhong,2006-05-06,0.285,0.241,0.264,0.354
shaanxi_guanzhong,2006-05-07,0.263,0.238,0.263,0.354
shaanxi_guanzhong,2006-05-08,0.246,0.235,0.262,0.353
shaanxi_guanzhong,2006-05-09,0.242,0.232,0.261,0.353
shaanxi_guanzhong,2006-05-10,0.245,0.231,0.261,0.353
shaanxi_guanzhong,2006-05-11,0.314,0.234,0.26,0.352
shaanxi_guanzhong,2006-05-12,0.36,0.272,0.26,0.352
shaanxi_guanzhong,2006-05-13,0.314,0.278,0.26,0.352
shaanxi_guanzhong,2006-05-14,0.287,0.273,0.259,0.352
shaanxi_guanzhong,2006-05-15,0.265,0.266,0.258,0.351
shaanxi_guanzhong,2006-05-16,0.247,0.258,0.257,0.351
shaanxi_guanzhong,2006-05-17,0.231,0.25,0.255,0.351
shaanxi_guanzhong,2006-05-18,0.218,0.243,0.254,0.35
shaanxi_guanzhong,2006-05-19,0.206,0.235,0.253,0.35
shaanxi_guanzhong,2006-05-20,0.215,0.23,0.251,0.349
shaanxi_guanzhong,2006-05-21,0.298,0.231,0.251,0.349
shaanxi_guanzhong,2006-05-22,0.272,0.231,0.25,0.349
shaanxi_guanzhong,2006-05-23,0.249,0.227,0.249,0.348
shaanxi_guanzhong,2006-05-24,0.364,0.275,0.248,0.348
shaanxi_guanzhong,2006-05-25,0.326,0.293,0.249,0.348
shaanxi_guanzhong,2006-05-26,0.32,0.288,0.248,0.348
shaanxi_guanzhong,2006-05-27,0.291,0.281,0.247,0.347
shaanxi_guanzhong,2006-05-28,0.268,0.272,0.246,0.347
shaanxi_guanzhong,2006-05-29,0.249,0.263,0.245,0.346
shaanxi_guanzhong,2006-05-30,0.232,0.254,0.244,0.346
shaanxi_guanzhong,2006-05-31,0.219,0.246,0.243,0.346
shaanxi_guanzhong,2006-06-01,0.206,0.238,0.242,0.345
shaanxi_guanzhong,2006-06-02,0.197,0.231,0.24,0.345
shaanxi_guanzhong,2006-06-03,0.392,0.334,0.241,0.345
shaanxi_guanzhong,2006-06-04,0.394,0.383,0.249,0.344
shaanxi_guanzhong,2006-06-05,0.37,0.368,0.254,0.344
shaanxi_guanzhong,2006-06-06,0.352,0.355,0.256,0.344
shaanxi_guanzhong,2006-06-07,0.335,0.342,0.257,0.344
shaanxi_guanzhong,2006-06-08,0.317,0.329,0.258,0.343
shaanxi_guanzhong,2006-06-09,0.296,0.315,0.257,0.343
shaanxi_guanzhong,2006-06-10,0.275,0.3,0.257,0.343
shaanxi_guanzhong,2006-06-11,0.258,0.287,0.255,0.343
shaanxi_guanzhong,2006-06-12,0.244,0.277,0.254,0.342
shaanxi_guanzhong,2006-06-13,0.245,0.27,0.253,0.342
shaanxi_guanzhong,2006-06-14,0.249,0.265,0.253,0.342
shaanxi_guanzhong,2006-06-15,0.232,0.255,0.252,0.341
shaanxi_guanzhong,2006-06-16,0.216,0.246,0.25,0.341
shaanxi_guanzhong,2006-06-17,0.2,0.236,0.248,0.341
shaanxi_guanzhong,2006-06-18,0.186,0.227,0.246,0.34
shaanxi_guanzhong,2006-06-19,0.175,0.218,0.244,0.34
shaanxi_guanzhong,2006-06-20,0.166,0.21,0.242,0.34
shaanxi_guanzhong,2006-06-21,0.162,0.206,0.241,0.339
shaanxi_guanzhong,2006-06-22,0.251,0.205,0.24,0.339
shaanxi_guanzhong,2006-06-23,0.288,0.211,0.24,0.339
shaanxi_guanzhong,2006-06-24,0.254,0.209,0.239,0.338
shaanxi_guanzhong,2006-06-25,0.229,0.205,0.237,0.338
shaanxi_guanzhong,2006-06-26,0.209,0.201,0.236,0.338
shaanxi_guanzhong,2006-06-27,0.194,0.196,0.234,0.337
shaanxi_guanzhong,2006-06-28,0.181,0.192,0.233,0.337
shaanxi_guanzhong,2006-06-29,0.172,0.188,0.231,0.337
shaanxi_guanzhong,2006-06-30,0.163,0.184,0.23,0.336
shaanxi_guanzhong,2006-07-01,0.156,0.18,0.228,0.336
shaanxi_guanzhong,2006-07-02,0.171,0.177,0.227,0.335
shaanxi_guanzhong,2006-07-03,0.359,0.278,0.227,0.335
shaanxi_guanzhong,2006-07-04,0.408,0.367,0.231,0.335
shaanxi_guanzhong,2006-07-05,0.37,0.364,0.237,0.335
shaanxi_guanzhong,2006-07-06,0.34,0.344,0.239,0.334
shaanxi_guanzhong,2006-07-07,0.318,0.329,0.24,0.334
shaanxi_guanzhong,2006-07-08,0.305,0.316,0.24,0.334
shaanxi_guanzhong,2006-07-09,0.302,0.307,0.24,0.334
shaanxi_guanzhong,2006-07-10,0.288,0.297,0.24,0.333
shaanxi_guanzhong,2006-07-11,0.273,0.288,0.24,0.333
shaanxi_guanzhong,2006-07-12,0.258,0.278,0.239,0.333
shaanxi_guanzhong,2006-07-13,0.24,0.267,0.238,0.333
shaanxi_guanzhong,2006-07-14,0.225,0.257,0.237,0.332
shaanxi_guanzhong,2006-07-15,0.212,0.247,0.236,0.332
shaanxi_guanzhong,2006-07-16,0.2,0.238,0.234,0.332
shaanxi_guanzhong,2006-07-17,0.19,0.229,0.233,0.331
shaanxi_guanzhong,2006-07-18,0.18,0.221,0.231,0.331
shaanxi_guanzhong,2006-07-19,0.172,0.213,0.23,0.331
shaanxi_guanzhong,2006-07-20,0.165,0.205,0.228,0.33
shaanxi_guanzhong,2006-07-21,0.302,0.221,0.227,0.33
shaanxi_guanzhong,2006-07-22,0.364,0.262,0.227,0.33
shaanxi_guanzhong,2006-07-23,0.376,0.302,0.228,0.33
shaanxi_guanzhong,2006-07-24,0.328,0.305,0.228,0.329
shaanxi_guanzhong,2006-07-25,0.295,0.294,0.228,0.329
shaanxi_guanzhong,2006-07-26,0.271,0.282,0.228,0.329
shaanxi_guanzhong,2006-07-27,0.25,0.27,0.227,0.329
shaanxi_guanzhong,2006-07-28,0.231,0.258,0.226,0.328
shaanxi_guanzhong,2006-07-29,0.215,0.248,0.225,0.328
shaanxi_guanzhong,2006-07-30,0.203,0.238,0.224,0.328
shaanxi_guanzhong,2006-07-31,0.214,0.232,0.223,0.327
shaanxi_guanzhong,2006-08-01,0.222,0.228,0.222,0.327
shaanxi_guanzhong,2006-08-02,0.212,0.22,0.221,0.327
shaanxi_guanzhong,2006-08-03,0.221,0.215,0.22,0.326
shaanxi_guanzhong,2006-08-04,0.21,0.211,0.219,0.326
shaanxi_guanzhong,2006-08-05,0.197,0.205,0.218,0.326
shaanxi_guanzhong,2006-08-06,0.188,0.2,0.217,0.325
shaanxi_guanzhong,2006-08-07,0.177,0.195,0.216,0.325
shaanxi_guanzhong,2006-08-08,0.168,0.19,0.215,0.325
shaanxi_guanzhong,2006-08-09,0.161,0.186,0.213,0.324
shaanxi_guanzhong,2006-08-10,0.155,0.181,0.212,0.324
shaanxi_guanzhong,2006-08-11,0.15,0.176,0.21,0.324
shaanxi_guanzhong,2006-08-12,0.145,0.173,0.209,0.323
shaanxi_guanzhong,2006-08-13,0.144,0.17,0.208,0.323
shaanxi_guanzhong,2006-08-14,0.148,0.167,0.207,0.323
shaanxi_guanzhong,2006-08-15,0.22,0.167,0.206,0.322
shaanxi_guanzhong,2006-08-16,0.234,0.168,0.206,0.322
shaanxi_guanzhong,2006-08-17,0.218,0.168,0.205,0.322
shaanxi_guanzhong,2006-08-18,0.212,0.167,0.204,0.321
shaanxi_guanzhong,2006-08-19,0.194,0.165,0.203,0.321
shaanxi_guanzhong,2006-08-20,0.347,0.246,0.203,0.321
shaanxi_guanzhong,2006-08-21,0.34,0.304,0.204,0.321
shaanxi_guanzhong,2006-08-22,0.316,0.3,0.204,0.32
shaanxi_guanzhong,2006-08-23,0.303,0.294,0.205,0.32
shaanxi_guanzhong,2006-08-24,0.332,0.293,0.205,0.32
shaanxi_guanzhong,2006-08-25,0.34,0.296,0.206,0.32
shaanxi_guanzhong,2006-08-26,0.323,0.297,0.207,0.32
shaanxi_guanzhong,2006-08-27,0.324,0.292,0.207,0.319
shaanxi_guanzhong,2006-08-28,0.398,0.347,0.209,0.319
shaanxi_guanzhong,2006-08-29,0.363,0.351,0.212,0.319
shaanxi_guanzhong,2006-08-30,0.352,0.341,0.215,0.319
shaanxi_guanzhong,2006-08-31,0.339,0.332,0.216,0.319
shaanxi_guanzhong,2006-09-01,0.394,0.348,0.218,0.318
shaanxi_guanzhong,2006-09-02,0.391,0.368,0.222,0.318
shaanxi_guanzhong,2006-09-03,0.392,0.368,0.227,0.318
shaanxi_guanzhong,2006-09-04,0.426,0.416,0.26,0.318
shaanxi_guanzhong,2006-09-05,0.399,0.398,0.283,0.318
shaanxi_guanzhong,2006-09-06,0.375,0.377,0.288,0.318
shaanxi_guanzhong,2006-09-07,0.38,0.369,0.29,0.318
shaanxi_guanzhong,2006-09-08,0.359,0.36,0.291,0.318
shaanxi_guanzhong,2006-09-09,0.339,0.348,0.291,0.318
shaanxi_guanzhong,2006-09-10,0.327,0.338,0.291,0.318
shaanxi_guanzhong,2006-09-11,0.316,0.329,0.291,0.318
shaanxi_guanzhong,2006-09-12,0.307,0.321,0.29,0.317
shaanxi_guanzhong,2006-09-13,0.302,0.315,0.29,0.317
shaanxi_guanzhong,2006-09-14,0.299,0.31,0.29,0.317
shaanxi_guanzhong,2006-09-15,0.29,0.304,0.289,0.317
shaanxi_guanzhong,2006-09-16,0.279,0.297,0.288,0.317
shaanxi_guanzhong,2006-09-17,0.268,0.289,0.287,0.317
shaanxi_guanzhong,2006-09-18,0.262,0.284,0.286,0.317
shaanxi_guanzhong,2006-09-19,0.259,0.279,0.285,0.317
shaanxi_guanzhong,2006-09-20,0.251,0.274,0.284,0.317
shaanxi_guanzhong,2006-09-21,0.244,0.268,0.283,0.317
shaanxi_guanzhong,2006-09-22,0.296,0.266,0.282,0.317
shaanxi_guanzhong,2006-09-23,0.385,0.303,0.282,0.316
shaanxi_guanzhong,2006-09-24,0.382,0.327,0.282,0.316
shaanxi_guanzhong,2006-09-25,0.418,0.377,0.285,0.316
shaanxi_guanzhong,2006-09-26,0.429,0.422,0.303,0.316
shaanxi_guanzhong,2006-09-27,0.428,0.426,0.352,0.316
shaanxi_guanzhong,2006-09-28,0.419,0.416,0.371,0.317
shaanxi_guanzhong,2006-09-29,0.426,0.42,0.378,0.318
shaanxi_guanzhong,2006-09-30,0.421,0.424,0.395,0.319
shaanxi_guanzhong,2006-10-01,0.401,0.409,0.397,0.321
shaanxi_guanzhong,2006-10-02,0.389,0.398,0.394,0.322
shaanxi_guanzhong,2006-10-03,0.379,0.389,0.392,0.323
shaanxi_guanzhong,2006-10-04,0.373,0.382,0.389,0.324
shaanxi_guanzhong,2006-10-05,0.367,0.377,0.387,0.325
shaanxi_guanzhong,2006-10-06,0.4,0.389,0.386,0.325
shaanxi_guanzhong,2006-10-07,0.394,0.397,0.386,0.326
shaanxi_guanzhong,2006-10-08,0.38,0.388,0.385,0.327
shaanxi_guanzhong,2006-10-09,0.369,0.38,0.383,0.327
shaanxi_guanzhong,2006-10-10,0.36,0.372,0.381,0.328
shaanxi_guanzhong,2006-10-11,0.353,0.365,0.379,0.328
shaanxi_guanzhong,2006-10-12,0.348,0.359,0.377,0.329
shaanxi_guanzhong,2006-10-13,0.343,0.354,0.375,0.329
shaanxi_guanzhong,2006-10-14,0.337,0.349,0.373,0.33
shaanxi_guanzhong,2006-10-15,0.342,0.345,0.371,0.33
shaanxi_guanzhong,2006-10-16,0.426,0.407,0.378,0.33
shaanxi_guanzhong,2006-10-17,0.401,0.412,0.395,0.331
shaanxi_guanzhong,2006-10-18,0.419,0.42,0.401,0.332
shaanxi_guanzhong,2006-10-19,0.405,0.415,0.409,0.334
shaanxi_guanzhong,2006-10-20,0.392,0.403,0.406,0.335
shaanxi_guanzhong,2006-10-21,0.385,0.394,0.404,0.337
shaanxi_guanzhong,2006-10-22,0.378,0.388,0.401,0.338
shaanxi_guanzhong,2006-10-23,0.398,0.389,0.399,0.339
shaanxi_guanzhong,2006-10-24,0.397,0.396,0.397,0.34
shaanxi_guanzhong,2006-10-25,0.387,0.393,0.396,0.341
shaanxi_guanzhong,2006-10-26,0.379,0.388,0.394,0.341
shaanxi_guanzhong,2006-10-27,0.373,0.382,0.393,0.342
shaanxi_guanzhong,2006-10-28,0.367,0.377,0.391,0.343
shaanxi_guanzhong,2006-10-29,0.367,0.372,0.389,0.343
shaanxi_guanzhong,2006-10-30,0.365,0.371,0.388,0.344
shaanxi_guanzhong,2006-10-31,0.358,0.366,0.386,0.344
shaanxi_guanzhong,2006-11-01,0.352,0.361,0.384,0.345
shaanxi_guanzhong,2006-11-02,0.346,0.357,0.382,0.345
shaanxi_guanzhong,2006-11-03,0.342,0.353,0.38,0.345
shaanxi_guanzhong,2006-11-04,0.338,0.349,0.378,0.346
shaanxi_guanzhong,2006-11-05,0.333,0.345,0.376,0.346
shaanxi_guanzhong,2006-11-06,0.329,0.342,0.374,0.346
shaanxi_guanzhong,2006-11-07,0.326,0.339,0.373,0.346
shaanxi_guanzhong,2006-11-08,0.323,0.336,0.371,0.347
shaanxi_guanzhong,2006-11-09,0.32,0.333,0.369,0.347
shaanxi_guanzhong,2006-11-10,0.317,0.331,0.368,0.347
shaanxi_guanzhong,2006-11-11,0.314,0.328,0.366,0.347
shaanxi_guanzhong,2006-11-12,0.312,0.326,0.364,0.347
shaanxi_guanzhong,2006-11-13,0.31,0.324,0.363,0.347
shaanxi_guanzhong,2006-11-14,0.307,0.321,0.362,0.347
shaanxi_guanzhong,2006-11-15,0.307,0.32,0.36,0.347
shaanxi_guanzhong,2006-11-16,0.306,0.319,0.359,0.347
shaanxi_guanzhong,2006-11-17,0.312,0.318,0.358,0.347
shaanxi_guanzhong,2006-11-18,0.312,0.318,0.357,0.348
shaanxi_guanzhong,2006-11-19,0.309,0.318,0.356,0.348
shaanxi_guanzhong,2006-11-20,0.31,0.317,0.355,0.348
shaanxi_guanzhong,2006-11-21,0.308,0.317,0.354,0.348
shaanxi_guanzhong,2006-11-22,0.32,0.317,0.353,0.348
shaanxi_guanzhong,2006-11-23,0.332,0.32,0.352,0.348
shaanxi_guanzhong,2006-11-24,0.353,0.324,0.351,0.348
shaanxi_guanzhong,2006-11-25,0.374,0.339,0.351,0.348
shaanxi_guanzhong,2006-11-26,0.384,0.351,0.351,0.348
shaanxi_guanzhong,2006-11-27,0.375,0.362,0.351,0.348
shaanxi_guanzhong,2006-11-28,0.364,0.362,0.351,0.348
shaanxi_guanzhong,2006-11-29,0.361,0.36,0.352,0.348
shaanxi_guanzhong,2006-11-30,0.355,0.358,0.352,0.348
shaanxi_guanzhong,2006-12-01,0.351,0.355,0.352,0.348
shaanxi_guanzhong,2006-12-02,0.347,0.352,0.351,0.348
shaanxi_guanzhong,2006-12-03,0.344,0.35,0.351,0.348
shaanxi_guanzhong,2006-12-04,0.342,0.348,0.351,0.348
shaanxi_guanzhong,2006-12-05,0.34,0.346,0.351,0.348
shaanxi_guanzhong,2006-12-06,0.338,0.344,0.35,0.348
shaanxi_guanzhong,2006-12-07,0.348,0.343,0.35,0.348
shaanxi_guanzhong,2006-12-08,0.373,0.349,0.35,0.348
shaanxi_guanzhong,2006-12-09,0.361,0.353,0.35,0.348
shaanxi_guanzhong,2006-12-10,0.356,0.353,0.35,0.348
shaanxi_guanzhong,2006-12-11,0.353,0.352,0.35,0.348
shaanxi_guanzhong,2006-12-12,0.35,0.351,0.35,0.348
shaanxi_guanzhong,2006-12-13,0.347,0.349,0.349,0.348
shaanxi_guanzhong,2006-12-14,0.344,0.348,0.349,0.348
shaanxi_guanzhong,2006-12-15,0.342,0.346,0.349,0.348
shaanxi_guanzhong,2006-12-16,0.34,0.345,0.349,0.348
shaanxi_guanzhong,2006-12-17,0.339,0.344,0.349,0.348
shaanxi_guanzhong,2006-12-18,0.337,0.343,0.348,0.348
shaanxi_guanzhong,2006-12-19,0.336,0.341,0.348,0.348
shaanxi_guanzhong,2006-12-20,0.334,0.34,0.348,0.348
shaanxi_guanzhong,2006-12-21,0.333,0.339,0.347,0.348
shaanxi_guanzhong,2006-12-22,0.332,0.337,0.347,0.348
shaanxi_guanzhong,2006-12-23,0.331,0.336,0.347,0.348
shaanxi_guanzhong,2006-12-24,0.331,0.335,0.347,0.348
shaanxi_guanzhong,2006-12-25,0.329,0.334,0.346,0.348
shaanxi_guanzhong,2006-12-26,0.327,0.333,0.346,0.348
shaanxi_guanzhong,2006-12-27,0.325,0.331,0.345,0.348
shaanxi_guanzhong,2006-12-28,0.324,0.33,0.345,0.348
shaanxi_guanzhong,2006-12-29,0.324,0.329,0.344,0.348
shaanxi_guanzhong,2006-12-30,0.326,0.329,0.344,0.348
shaanxi_guanzhong,2006-12-31,0.326,0.329,0.344,0.348
shaanxi_guanzhong,2007-01-01,0.326,0.328,0.343,0.348
shaanxi_guanzhong,2007-01-02,0.328,0.328,0.343,0.348
shaanxi_guanzhong,2007-01-03,0.332,0.328,0.343,0.348
shaanxi_guanzhong,2007-01-04,0.338,0.33,0.343,0.348
shaanxi_guanzhong,2007-01-05,0.342,0.331,0.342,0.348
shaanxi_guanzhong,2007-01-06,0.342,0.333,0.342,0.348
shaanxi_guanzhong,2007-01-07,0.341,0.335,0.342,0.348
shaanxi_guanzhong,2007-01-08,0.343,0.336,0.342,0.348
shaanxi_guanzhong,2007-01-09,0.35,0.338,0.342,0.348
shaanxi_guanzhong,2007-01-10,0.355,0.341,0.342,0.347
shaanxi_guanzhong,2007-01-11,0.353,0.344,0.342,0.347
shaanxi_guanzhong,2007-01-12,0.351,0.345,0.342,0.347
shaanxi_guanzhong,2007-01-13,0.349,0.345,0.342,0.347
shaanxi_guanzhong,2007-01-14,0.348,0.345,0.342,0.347
shaanxi_guanzhong,2007-01-15,0.347,0.345,0.342,0.347
shaanxi_guanzhong,2007-01-16,0.346,0.345,0.342,0.347
shaanxi_guanzhong,2007-01-17,0.346,0.344,0.342,0.347
shaanxi_guanzhong,2007-01-18,0.346,0.344,0.342,0.347
shaanxi_guanzhong,2007-01-19,0.344,0.344,0.342,0.347
shaanxi_guanzhong,2007-01-20,0.342,0.343,0.342,0.347
shaanxi_guanzhong,2007-01-21,0.34,0.342,0.342,0.347
shaanxi_guanzhong,2007-01-22,0.34,0.341,0.341,0.347
shaanxi_guanzhong,2007-01-23,0.35,0.342,0.341,0.347
shaanxi_guanzhong,2007-01-24,0.348,0.343,0.341,0.347
shaanxi_guanzhong,2007-01-25,0.343,0.342,0.341,0.347
shaanxi_guanzhong,2007-01-26,0.338,0.341,0.341,0.347
shaanxi_guanzhong,2007-01-27,0.334,0.339,0.341,0.347
shaanxi_guanzhong,2007-01-28,0.332,0.337,0.34,0.347
shaanxi_guanzhong,2007-01-29,0.33,0.336,0.34,0.347
shaanxi_guanzhong,2007-01-30,0.327,0.334,0.34,0.347
shaanxi_guanzhong,2007-01-31,0.325,0.332,0.339,0.347
shaanxi_guanzhong,2007-02-01,0.323,0.331,0.339,0.347
shaanxi_guanzhong,2007-02-02,0.322,0.329,0.339,0.347
shaanxi_guanzhong,2007-02-03,0.32,0.327,0.338,0.347
shaanxi_guanzhong,2007-02-04,0.318,0.326,0.338,0.347
shaanxi_guanzhong,2007-02-05,0.317,0.324,0.337,0.347
shaanxi_guanzhong,2007-02-06,0.316,0.323,0.337,0.347
shaanxi_guanzhong,2007-02-07,0.335,0.323,0.337,0.347
shaanxi_guanzhong,2007-02-08,0.334,0.324,0.336,0.347
shaanxi_guanzhong,2007-02-09,0.328,0.325,0.336,0.347
shaanxi_guanzhong,2007-02-10,0.321,0.323,0.335,0.347
shaanxi_guanzhong,2007-02-11,0.316,0.321,0.335,0.347
shaanxi_guanzhong,2007-02-12,0.313,0.319,0.334,0.346
shaanxi_guanzhong,2007-02-13,0.342,0.32,0.333,0.346
shaanxi_guanzhong,2007-02-14,0.329,0.321,0.333,0.346
shaanxi_guanzhong,2007-02-15,0.321,0.32,0.332,0.346
shaanxi_guanzhong,2007-02-16,0.318,0.319,0.332,0.346
shaanxi_guanzhong,2007-02-17,0.316,0.318,0.331,0.346
shaanxi_guanzhong,2007-02-18,0.311,0.316,0.331,0.346
shaanxi_guanzhong,2007-02-19,0.307,0.314,0.33,0.346
shaanxi_guanzhong,2007-02-20,0.303,0.312,0.33,0.346
shaanxi_guanzhong,2007-02-21,0.3,0.309,0.329,0.346
shaanxi_guanzhong,2007-02-22,0.296,0.307,0.328,0.346
shaanxi_guanzhong,2007-02-23,0.298,0.305,0.327,0.346
shaanxi_guanzhong,2007-02-24,0.299,0.304,0.327,0.346
shaanxi_guanzhong,2007-02-25,0.292,0.301,0.326,0.346
shaanxi_guanzhong,2007-02-26,0.287,0.298,0.325,0.346
shaanxi_guanzhong,2007-02-27,0.287,0.296,0.324,0.346
shaanxi_guanzhong,2007-02-28,0.31,0.297,0.323,0.345
shaanxi_guanzhong,2007-03-01,0.316,0.298,0.323,0.345
shaanxi_guanzhong,2007-03-02,0.348,0.303,0.323,0.345
shaanxi_guanzhong,2007-03-03,0.394,0.333,0.323,0.345
shaanxi_guanzhong,2007-03-04,0.363,0.349,0.323,0.345
shaanxi_guanzhong,2007-03-05,0.347,0.346,0.323,0.345
shaanxi_guanzhong,2007-03-06,0.338,0.342,0.323,0.345
shaanxi_guanzhong,2007-03-07,0.332,0.338,0.323,0.345
shaanxi_guanzhong,2007-03-08,0.326,0.333,0.322,0.345
shaanxi_guanzhong,2007-03-09,0.321,0.33,0.322,0.345
shaanxi_guanzhong,2007-03-10,0.333,0.327,0.322,0.345
shaanxi_guanzhong,2007-03-11,0.326,0.326,0.321,0.345
shaanxi_guanzhong,2007-03-12,0.323,0.323,0.321,0.345
shaanxi_guanzhong,2007-03-13,0.316,0.32,0.32,0.344
shaanxi_guanzhong,2007-03-14,0.321,0.318,0.32,0.344
shaanxi_guanzhong,2007-03-15,0.383,0.333,0.32,0.344
shaanxi_guanzhong,2007-03-16,0.42,0.397,0.323,0.344
shaanxi_guanzhong,2007-03-17,0.413,0.405,0.331,0.344
shaanxi_guanzhong,2007-03-18,0.392,0.394,0.337,0.344
shaanxi_guanzhong,2007-03-19,0.38,0.383,0.339,0.344
shaanxi_guanzhong,2007-03-20,0.37,0.375,0.34,0.344
shaanxi_guanzhong,2007-03-21,0.358,0.366,0.34,0.344
shaanxi_guanzhong,2007-03-22,0.35,0.359,0.34,0.344
shaanxi_guanzhong,2007-03-23,0.364,0.355,0.34,0.344
shaanxi_guanzhong,2007-03-24,0.346,0.35,0.339,0.344
shaanxi_guanzhong,2007-03-25,0.333,0.343,0.338,0.344
shaanxi_guanzhong,2007-03-26,0.326,0.337,0.337,0.344
shaanxi_guanzhong,2007-03-27,0.319,0.331,0.336,0.344
shaanxi_guanzhong,2007-03-28,0.309,0.324,0.335,0.344
shaanxi_guanzhong,2007-03-29,0.3,0.317,0.333,0.344
shaanxi_guanzhong,2007-03-30,0.292,0.311,0.332,0.344
shaanxi_guanzhong,2007-03-31,0.283,0.304,0.33,0.343
shaanxi_guanzhong,2007-04-01,0.274,0.298,0.328,0.343
shaanxi_guanzhong,2007-04-02,0.267,0.292,0.327,0.343
shaanxi_guanzhong,2007-04-03,0.261,0.287,0.325,0.343
shaanxi_guanzhong,2007-04-04,0.256,0.283,0.323,0.343
shaanxi_guanzhong,2007-04-05,0.251,0.278,0.322,0.343
shaanxi_guanzhong,2007-04-06,0.246,0.274,0.32,0.343
shaanxi_guanzhong,2007-04-07,0.24,0.269,0.318,0.343
shaanxi_guanzhong,2007-04-08,0.234,0.265,0.316,0.343
shaanxi_guanzhong,2007-04-09,0.23,0.261,0.315,0.342
shaanxi_guanzhong,2007-04-10,0.224,0.257,0.313,0.342
shaanxi_guanzhong,2007-04-11,0.217,0.253,0.31,0.342
shaanxi_guanzhong,2007-04-12,0.21,0.247,0.308,0.342
shaanxi_guanzhong,2007-04-13,0.217,0.244,0.306,0.342
shaanxi_guanzhong,2007-04-14,0.235,0.243,0.305,0.342
shaanxi_guanzhong,2007-04-15,0.225,0.24,0.303,0.342
shaanxi_guanzhong,2007-04-16,0.217,0.236,0.301,0.341
shaanxi_guanzhong,2007-04-17,0.231,0.233,0.299,0.341
shaanxi_guanzhong,2007-04-18,0.22,0.23,0.297,0.341
shaanxi_guanzhong,2007-04-19,0.209,0.226,0.295,0.341
shaanxi_guanzhong,2007-04-20,0.2,0.223,0.293,0.341
shaanxi_guanzhong,2007-04-21,0.194,0.221,0.291,0.34
shaanxi_guanzhong,2007-04-22,0.188,0.218,0.289,0.34
shaanxi_guanzhong,2007-04-23,0.194,0.216,0.287,0.34
shaanxi_guanzhong,2007-04-24,0.21,0.215,0.286,0.34
shaanxi_guanzhong,2007-04-25,0.201,0.212,0.284,0.34
shaanxi_guanzhong,2007-04-26,0.193,0.21,0.283,0.339
shaanxi_guanzhong,2007-04-27,0.187,0.208,0.281,0.339
shaanxi_guanzhong,2007-04-28,0.181,0.206,0.279,0.339
shaanxi_guanzhong,2007-04-29,0.178,0.204,0.278,0.339
shaanxi_guanzhong,2007-04-30,0.173,0.201,0.276,0.339
shaanxi_guanzhong,2007-05-01,0.166,0.197,0.273,0.338
shaanxi_guanzhong,2007-05-02,0.162,0.194,0.271,0.338
shaanxi_guanzhong,2007-05-03,0.163,0.191,0.269,0.338
shaanxi_guanzhong,2007-05-04,0.157,0.188,0.266,0.337
shaanxi_guanzhong,2007-05-05,0.153,0.184,0.264,0.337
shaanxi_guanzhong,2007-05-06,0.149,0.181,0.261,0.337
shaanxi_guanzhong,2007-05-07,0.146,0.178,0.258,0.336
shaanxi_guanzhong,2007-05-08,0.143,0.175,0.256,0.336
shaanxi_guanzhong,2007-05-09,0.141,0.173,0.254,0.336
shaanxi_guanzhong,2007-05-10,0.172,0.172,0.252,0.335
shaanxi_guanzhong,2007-05-11,0.22,0.173,0.252,0.335
shaanxi_guanzhong,2007-05-12,0.214,0.172,0.25,0.335
shaanxi_guanzhong,2007-05-13,0.197,0.171,0.248,0.335
shaanxi_guanzhong,2007-05-14,0.184,0.17,0.246,0.334
shaanxi_guanzhong,2007-05-15,0.175,0.168,0.244,0.334
shaanxi_guanzhong,2007-05-16,0.165,0.167,0.242,0.334
shaanxi_guanzhong,2007-05-17,0.157,0.164,0.24,0.333
shaanxi_guanzhong,2007-05-18,0.151,0.162,0.238,0.333
shaanxi_guanzhong,2007-05-19,0.146,0.161,0.235,0.332
shaanxi_guanzhong,2007-05-20,0.143,0.159,0.233,0.332
shaanxi_guanzhong,2007-05-21,0.14,0.158,0.231,0.332
shaanxi_guanzhong,2007-05-22,0.156,0.157,0.23,0.331
shaanxi_guanzhong,2007-05-23,0.319,0.169,0.23,0.331
shaanxi_guanzhong,2007-05-24,0.313,0.203,0.23,0.331
shaanxi_guanzhong,2007-05-25,0.271,0.205,0.229,0.331
shaanxi_guanzhong,2007-05-26,0.25,0.204,0.228,0.33
shaanxi_guanzhong,2007-05-27,0.23,0.202,0.227,0.33
shaanxi_guanzhong,2007-05-28,0.209,0.197,0.226,0.33
shaanxi_guanzhong,2007-05-29,0.192,0.192,0.224,0.329
shaanxi_guanzhong,2007-05-30,0.208,0.189,0.223,0.329
shaanxi_guanzhong,2007-05-31,0.244,0.189,0.223,0.329
shaanxi_guanzhong,2007-06-01,0.225,0.188,0.222,0.328
shaanxi_guanzhong,2007-06-02,0.205,0.184,0.221,0.328
shaanxi_guanzhong,2007-06-03,0.192,0.182,0.22,0.328
shaanxi_guanzhong,2007-06-04,0.183,0.179,0.219,0.327
shaanxi_guanzhong,2007-06-05,0.172,0.176,0.218,0.327
shaanxi_guanzhong,2007-06-06,0.163,0.173,0.216,0.327
shaanxi_guanzhong,2007-06-07,0.157,0.171,0.215,0.326
shaanxi_guanzhong,2007-06-08,0.153,0.169,0.214,0.326
shaanxi_guanzhong,2007-06-09,0.152,0.168,0.214,0.326
shaanxi_guanzhong,2007-06-10,0.153,0.166,0.213,0.326
shaanxi_guanzhong,2007-06-11,0.157,0.165,0.212,0.325
shaanxi_guanzhong,2007-06-12,0.153,0.164,0.212,0.325
shaanxi_guanzhong,2007-06-13,0.149,0.162,0.211,0.325
shaanxi_guanzhong,2007-06-14,0.145,0.161,0.21,0.324
shaanxi_guanzhong,2007-06-15,0.142,0.159,0.209,0.324
shaanxi_guanzhong,2007-06-16,0.14,0.158,0.208,0.324
shaanxi_guanzhong,2007-06-17,0.264,0.165,0.207,0.323
shaanxi_guanzhong,2007-06-18,0.409,0.281,0.207,0.323
shaanxi_guanzhong,2007-06-19,0.394,0.343,0.209,0.323
shaanxi_guanzhong,2007-06-20,0.393,0.359,0.213,0.323
shaanxi_guanzhong,2007-06-21,0.386,0.361,0.217,0.323
shaanxi_guanzhong,2007-06-22,0.386,0.363,0.22,0.323
shaanxi_guanzhong,2007-06-23,0.354,0.352,0.223,0.322
shaanxi_guanzhong,2007-06-24,0.328,0.335,0.225,0.322
shaanxi_guanzhong,2007-06-25,0.308,0.321,0.225,0.322
shaanxi_guanzhong,2007-06-26,0.294,0.309,0.226,0.322
shaanxi_guanzhong,2007-06-27,0.28,0.298,0.226,0.321
shaanxi_guanzhong,2007-06-28,0.264,0.287,0.225,0.321
shaanxi_guanzhong,2007-06-29,0.293,0.28,0.225,0.321
shaanxi_guanzhong,2007-06-30,0.291,0.277,0.225,0.321
shaanxi_guanzhong,2007-07-01,0.271,0.27,0.225,0.321
shaanxi_guanzhong,2007-07-02,0.312,0.269,0.225,0.32
shaanxi_guanzhong,2007-07-03,0.377,0.321,0.225,0.32
shaanxi_guanzhong,2007-07-04,0.382,0.345,0.227,0.32
shaanxi_guanzhong,2007-07-05,0.429,0.424,0.263,0.32
shaanxi_guanzhong,2007-07-06,0.397,0.4,0.287,0.32
shaanxi_guanzhong,2007-07-07,0.371,0.377,0.291,0.32
shaanxi_guanzhong,2007-07-08,0.416,0.406,0.304,0.32
shaanxi_guanzhong,2007-07-09,0.388,0.396,0.321,0.32
shaanxi_guanzhong,2007-07-10,0.362,0.374,0.322,0.32
shaanxi_guanzhong,2007-07-11,0.344,0.358,0.322,0.32
shaanxi_guanzhong,2007-07-12,0.333,0.347,0.321,0.32
shaanxi_guanzhong,2007-07-13,0.332,0.34,0.321,0.32
shaanxi_guanzhong,2007-07-14,0.327,0.334,0.32,0.32
shaanxi_guanzhong,2007-07-15,0.312,0.325,0.318,0.32
shaanxi_guanzhong,2007-07-16,0.299,0.316,0.317,0.319
shaanxi_guanzhong,2007-07-17,0.295,0.309,0.315,0.319
shaanxi_guanzhong,2007-07-18,0.393,0.349,0.315,0.319
shaanxi_guanzhong,2007-07-19,0.414,0.384,0.318,0.319
shaanxi_guanzhong,2007-07-20,0.423,0.415,0.332,0.319
shaanxi_guanzhong,2007-07-21,0.394,0.4,0.341,0.32
shaanxi_guanzhong,2007-07-22,0.373,0.382,0.342,0.32
shaanxi_guanzhong,2007-07-23,0.357,0.369,0.342,0.32
shaanxi_guanzhong,2007-07-24,0.346,0.358,0.341,0.32
shaanxi_guanzhong,2007-07-25,0.339,0.349,0.339,0.32
shaanxi_guanzhong,2007-07-26,0.338,0.342,0.338,0.32
shaanxi_guanzhong,2007-07-27,0.34,0.337,0.337,0.32
shaanxi_guanzhong,2007-07-28,0.422,0.4,0.341,0.32
shaanxi_guanzhong,2007-07-29,0.422,0.422,0.368,0.321
shaanxi_guanzhong,2007-07-30,0.398,0.405,0.376,0.321
shaanxi_guanzhong,2007-07-31,0.387,0.39,0.375,0.322
shaanxi_guanzhong,2007-08-01,0.391,0.389,0.373,0.323
shaanxi_guanzhong,2007-08-02,0.368,0.378,0.371,0.323
shaanxi_guanzhong,2007-08-03,0.35,0.365,0.368,0.323
shaanxi_guanzhong,2007-08-04,0.337,0.354,0.366,0.324
shaanxi_guanzhong,2007-08-05,0.326,0.344,0.363,0.324
shaanxi_guanzhong,2007-08-06,0.345,0.341,0.361,0.324
shaanxi_guanzhong,2007-08-07,0.379,0.357,0.359,0.325
shaanxi_guanzhong,2007-08-08,0.372,0.362,0.358,0.325
shaanxi_guanzhong,2007-08-09,0.43,0.431,0.402,0.326
shaanxi_guanzhong,2007-08-10,0.409,0.415,0.423,0.33
shaanxi_guanzhong,2007-08-11,0.394,0.401,0.417,0.333
shaanxi_guanzhong,2007-08-12,0.375,0.387,0.411,0.335
shaanxi_guanzhong,2007-08-13,0.359,0.373,0.405,0.337
shaanxi_guanzhong,2007-08-14,0.344,0.362,0.4,0.338
shaanxi_guanzhong,2007-08-15,0.333,0.352,0.395,0.339
shaanxi_guanzhong,2007-08-16,0.323,0.344,0.391,0.339
shaanxi_guanzhong,2007-08-17,0.316,0.337,0.387,0.34
shaanxi_guanzhong,2007-08-18,0.308,0.33,0.383,0.34
shaanxi_guanzhong,2007-08-19,0.302,0.325,0.379,0.341
shaanxi_guanzhong,2007-08-20,0.296,0.32,0.376,0.341
shaanxi_guanzhong,2007-08-21,0.286,0.313,0.372,0.341
shaanxi_guanzhong,2007-08-22,0.278,0.307,0.368,0.341
shaanxi_guanzhong,2007-08-23,0.276,0.303,0.365,0.341
shaanxi_guanzhong,2007-08-24,0.295,0.302,0.363,0.342
shaanxi_guanzhong,2007-08-25,0.334,0.307,0.361,0.342
shaanxi_guanzhong,2007-08-26,0.358,0.318,0.359,0.342
shaanxi_guanzhong,2007-08-27,0.4,0.384,0.36,0.342
shaanxi_guanzhong,2007-08-28,0.407,0.388,0.362,0.342
shaanxi_guanzhong,2007-08-29,0.405,0.396,0.366,0.342
shaanxi_guanzhong,2007-08-30,0.429,0.426,0.385,0.342
shaanxi_guanzhong,2007-08-31,0.424,0.429,0.425,0.345
shaanxi_guanzhong,2007-09-01,0.4,0.41,0.423,0.35
shaanxi_guanzhong,2007-09-02,0.384,0.394,0.417,0.353
shaanxi_guanzhong,2007-09-03,0.375,0.384,0.412,0.355
shaanxi_guanzhong,2007-09-04,0.376,0.379,0.408,0.356
shaanxi_guanzhong,2007-09-05,0.379,0.378,0.404,0.358
shaanxi_guanzhong,2007-09-06,0.387,0.378,0.401,0.359
shaanxi_guanzhong,2007-09-07,0.415,0.397,0.4,0.359
shaanxi_guanzhong,2007-09-08,0.421,0.42,0.405,0.36
shaanxi_guanzhong,2007-09-09,0.401,0.41,0.407,0.362
shaanxi_guanzhong,2007-09-10,0.388,0.399,0.405,0.363
shaanxi_guanzhong,2007-09-11,0.38,0.39,0.402,0.364
shaanxi_guanzhong,2007-09-12,0.405,0.399,0.401,0.364
shaanxi_guanzhong,2007-09-13,0.411,0.414,0.404,0.365
shaanxi_guanzhong,2007-09-14,0.391,0.402,0.403,0.366
shaanxi_guanzhong,2007-09-15,0.376,0.389,0.4,0.367
shaanxi_guanzhong,2007-09-16,0.383,0.383,0.398,0.367
shaanxi_guanzhong,2007-09-17,0.414,0.42,0.407,0.368
shaanxi_guanzhong,2007-09-18,0.392,0.404,0.407,0.369
shaanxi_guanzhong,2007-09-19,0.378,0.391,0.404,0.37
shaanxi_guanzhong,2007-09-20,0.366,0.38,0.401,0.371
shaanxi_guanzhong,2007-09-21,0.355,0.37,0.397,0.371
shaanxi_guanzhong,2007-09-22,0.345,0.361,0.394,0.372
shaanxi_guanzhong,2007-09-23,0.336,0.353,0.391,0.372
shaanxi_guanzhong,2007-09-24,0.329,0.346,0.388,0.372
shaanxi_guanzhong,2007-09-25,0.322,0.341,0.385,0.372
shaanxi_guanzhong,2007-09-26,0.334,0.338,0.382,0.373
shaanxi_guanzhong,2007-09-27,0.396,0.355,0.381,0.373
shaanxi_guanzhong,2007-09-28,0.424,0.405,0.382,0.373
shaanxi_guanzhong,2007-09-29,0.424,0.419,0.388,0.373
shaanxi_guanzhong,2007-09-30,0.417,0.417,0.394,0.373
shaanxi_guanzhong,2007-10-01,0.411,0.411,0.397,0.374
shaanxi_guanzhong,2007-10-02,0.398,0.405,0.398,0.374
shaanxi_guanzhong,2007-10-03,0.399,0.4,0.398,0.375
shaanxi_guanzhong,2007-10-04,0.4,0.4,0.398,0.375
shaanxi_guanzhong,2007-10-05,0.392,0.396,0.397,0.376
shaanxi_guanzhong,2007-10-06,0.411,0.406,0.396,0.376
shaanxi_guanzhong,2007-10-07,0.405,0.41,0.399,0.376
shaanxi_guanzhong,2007-10-08,0.409,0.406,0.399,0.377
shaanxi_guanzhong,2007-10-09,0.429,0.426,0.404,0.378
shaanxi_guanzhong,2007-10-10,0.428,0.428,0.416,0.379
shaanxi_guanzhong,2007-10-11,0.421,0.423,0.419,0.381
shaanxi_guanzhong,2007-10-12,0.422,0.425,0.42,0.383
shaanxi_guanzhong,2007-10-13,0.413,0.419,0.421,0.385
shaanxi_guanzhong,2007-10-14,0.399,0.408,0.419,0.387
shaanxi_guanzhong,2007-10-15,0.389,0.398,0.415,0.388
shaanxi_guanzhong,2007-10-16,0.38,0.389,0.412,0.39
shaanxi_guanzhong,2007-10-17,0.372,0.381,0.409,0.39
shaanxi_guanzhong,2007-10-18,0.367,0.376,0.406,0.391
shaanxi_guanzhong,2007-10-19,0.362,0.372,0.403,0.391
shaanxi_guanzhong,2007-10-20,0.356,0.367,0.401,0.392
shaanxi_guanzhong,2007-10-21,0.352,0.363,0.398,0.392
shaanxi_guanzhong,2007-10-22,0.348,0.359,0.396,0.392
shaanxi_guanzhong,2007-10-23,0.351,0.356,0.393,0.392
shaanxi_guanzhong,2007-10-24,0.377,0.363,0.391,0.392
shaanxi_guanzhong,2007-10-25,0.361,0.363,0.39,0.392
shaanxi_guanzhong,2007-10-26,0.354,0.36,0.388,0.392
shaanxi_guanzhong,2007-10-27,0.382,0.365,0.387,0.392
shaanxi_guanzhong,2007-10-28,0.393,0.385,0.387,0.392
shaanxi_guanzhong,2007-10-29,0.379,0.382,0.387,0.392
shaanxi_guanzhong,2007-10-30,0.371,0.377,0.386,0.392
shaanxi_guanzhong,2007-10-31,0.366,0.373,0.385,0.392
shaanxi_guanzhong,2007-11-01,0.36,0.369,0.384,0.392
shaanxi_guanzhong,2007-11-02,0.354,0.364,0.383,0.392
shaanxi_guanzhong,2007-11-03,0.349,0.359,0.381,0.391
shaanxi_guanzhong,2007-11-04,0.345,0.356,0.38,0.391
shaanxi_guanzhong,2007-11-05,0.342,0.352,0.378,0.391
shaanxi_guanzhong,2007-11-06,0.339,0.349,0.377,0.391
shaanxi_guanzhong,2007-11-07,0.335,0.346,0.375,0.391
shaanxi_guanzhong,2007-11-08,0.331,0.343,0.373,0.391
shaanxi_guanzhong,2007-11-09,0.328,0.34,0.372,0.391
shaanxi_guanzhong,2007-11-10,0.332,0.338,0.37,0.391
shaanxi_guanzhong,2007-11-11,0.349,0.34,0.369,0.391
shaanxi_guanzhong,2007-11-12,0.352,0.343,0.368,0.39
shaanxi_guanzhong,2007-11-13,0.348,0.344,0.367,0.39
shaanxi_guanzhong,2007-11-14,0.342,0.344,0.366,0.39
shaanxi_guanzhong,2007-11-15,0.348,0.343,0.365,0.39
shaanxi_guanzhong,2007-11-16,0.365,0.349,0.364,0.39
shaanxi_guanzhong,2007-11-17,0.356,0.351,0.363,0.39
shaanxi_guanzhong,2007-11-18,0.348,0.35,0.362,0.389
shaanxi_guanzhong,2007-11-19,0.342,0.347,0.361,0.389
shaanxi_guanzhong,2007-11-20,0.337,0.344,0.36,0.389
shaanxi_guanzhong,2007-11-21,0.334,0.342,0.359,0.389
shaanxi_guanzhong,2007-11-22,0.337,0.34,0.358,0.389
shaanxi_guanzhong,2007-11-23,0.332,0.338,0.357,0.389
shaanxi_guanzhong,2007-11-24,0.328,0.336,0.356,0.388
shaanxi_guanzhong,2007-11-25,0.325,0.334,0.355,0.388
shaanxi_guanzhong,2007-11-26,0.321,0.331,0.354,0.388
shaanxi_guanzhong,2007-11-27,0.319,0.329,0.353,0.388
shaanxi_guanzhong,2007-11-28,0.317,0.327,0.352,0.388
shaanxi_guanzhong,2007-11-29,0.316,0.326,0.351,0.387
shaanxi_guanzhong,2007-11-30,0.315,0.324,0.35,0.387
shaanxi_guanzhong,2007-12-01,0.324,0.323,0.349,0.387
shaanxi_guanzhong,2007-12-02,0.329,0.325,0.348,0.387
shaanxi_guanzhong,2007-12-03,0.323,0.325,0.347,0.387
shaanxi_guanzhong,2007-12-04,0.322,0.324,0.346,0.386
shaanxi_guanzhong,2007-12-05,0.342,0.326,0.346,0.386
shaanxi_guanzhong,2007-12-06,0.335,0.328,0.345,0.386
shaanxi_guanzhong,2007-12-07,0.329,0.328,0.344,0.386
shaanxi_guanzhong,2007-12-08,0.325,0.327,0.343,0.385
shaanxi_guanzhong,2007-12-09,0.323,0.326,0.343,0.385
shaanxi_guanzhong,2007-12-10,0.325,0.326,0.342,0.385
shaanxi_guanzhong,2007-12-11,0.349,0.328,0.342,0.385
shaanxi_guanzhong,2007-12-12,0.35,0.334,0.341,0.385
shaanxi_guanzhong,2007-12-13,0.341,0.335,0.341,0.384
shaanxi_guanzhong,2007-12-14,0.335,0.335,0.341,0.384
shaanxi_guanzhong,2007-12-15,0.332,0.334,0.34,0.384
shaanxi_guanzhong,2007-12-16,0.329,0.333,0.34,0.384
shaanxi_guanzhong,2007-12-17,0.327,0.331,0.339,0.384
shaanxi_guanzhong,2007-12-18,0.325,0.33,0.339,0.383
shaanxi_guanzhong,2007-12-19,0.323,0.328,0.338,0.383
shaanxi_guanzhong,2007-12-20,0.322,0.327,0.338,0.383
shaanxi_guanzhong,2007-12-21,0.321,0.326,0.337,0.383
shaanxi_guanzhong,2007-12-22,0.32,0.325,0.337,0.383
shaanxi_guanzhong,2007-12-23,0.334,0.325,0.336,0.382
shaanxi_guanzhong,2007-12-24,0.359,0.332,0.336,0.382
shaanxi_guanzhong,2007-12-25,0.348,0.336,0.336,0.382
shaanxi_guanzhong,2007-12-26,0.351,0.338,0.336,0.382
shaanxi_guanzhong,2007-12-27,0.361,0.341,0.335,0.381
shaanxi_guanzhong,2007-12-28,0.363,0.347,0.335,0.381
shaanxi_guanzhong,2007-12-29,0.351,0.347,0.335,0.381
shaanxi_guanzhong,2007-12-30,0.346,0.346,0.335,0.381
shaanxi_guanzhong,2007-12-31,0.343,0.345,0.335,0.381
shaanxi_guanzhong,2008-01-01,0.342,0.344,0.336,0.38
shaanxi_guanzhong,2008-01-02,0.34,0.343,0.336,0.38
shaanxi_guanzhong,2008-01-03,0.339,0.342,0.336,0.38
shaanxi_guanzhong,2008-01-04,0.336,0.341,0.335,0.38
shaanxi_guanzhong,2008-01-05,0.335,0.339,0.335,0.38
shaanxi_guanzhong,2008-01-06,0.333,0.338,0.335,0.38
shaanxi_guanzhong,2008-01-07,0.331,0.336,0.335,0.379
shaanxi_guanzhong,2008-01-08,0.329,0.334,0.334,0.379
shaanxi_guanzhong,2008-01-09,0.327,0.333,0.334,0.379
shaanxi_guanzhong,2008-01-10,0.327,0.331,0.334,0.379
shaanxi_guanzhong,2008-01-11,0.34,0.331,0.333,0.379
shaanxi_guanzhong,2008-01-12,0.346,0.334,0.333,0.378
shaanxi_guanzhong,2008-01-13,0.34,0.335,0.333,0.378
shaanxi_guanzhong,2008-01-14,0.337,0.336,0.333,0.378
shaanxi_guanzhong,2008-01-15,0.337,0.336,0.333,0.378
shaanxi_guanzhong,2008-01-16,0.339,0.336,0.333,0.378
shaanxi_guanzhong,2008-01-17,0.339,0.336,0.333,0.378
shaanxi_guanzhong,2008-01-18,0.337,0.336,0.333,0.377
shaanxi_guanzhong,2008-01-19,0.335,0.336,0.333,0.377
shaanxi_guanzhong,2008-01-20,0.334,0.336,0.333,0.377
shaanxi_guanzhong,2008-01-21,0.334,0.335,0.333,0.377
shaanxi_guanzhong,2008-01-22,0.333,0.335,0.332,0.377
shaanxi_guanzhong,2008-01-23,0.332,0.335,0.332,0.377
shaanxi_guanzhong,2008-01-24,0.332,0.334,0.332,0.376
shaanxi_guanzhong,2008-01-25,0.331,0.334,0.332,0.376
shaanxi_guanzhong,2008-01-26,0.331,0.333,0.332,0.376
shaanxi_guanzhong,2008-01-27,0.33,0.333,0.332,0.376
shaanxi_guanzhong,2008-01-28,0.33,0.332,0.332,0.376
shaanxi_guanzhong,2008-01-29,0.329,0.332,0.332,0.376
shaanxi_guanzhong,2008-01-30,0.329,0.332,0.332,0.375
shaanxi_guanzhong,2008-01-31,0.329,0.331,0.332,0.375
shaanxi_guanzhong,2008-02-01,0.328,0.331,0.331,0.375
shaanxi_guanzhong,2008-02-02,0.328,0.331,0.331,0.375
shaanxi_guanzhong,2008-02-03,0.33,0.33,0.331,0.375
shaanxi_guanzhong,2008-02-04,0.331,0.33,0.331,0.375
shaanxi_guanzhong,2008-02-05,0.33,0.33,0.331,0.374
shaanxi_guanzhong,2008-02-06,0.33,0.33,0.331,0.374
shaanxi_guanzhong,2008-02-07,0.335,0.33,0.331,0.374
shaanxi_guanzhong,2008-02-08,0.339,0.331,0.331,0.374
shaanxi_guanzhong,2008-02-09,0.336,0.332,0.33,0.374
shaanxi_guanzhong,2008-02-10,0.351,0.333,0.33,0.374
shaanxi_guanzhong,2008-02-11,0.361,0.338,0.33,0.374
shaanxi_guanzhong,2008-02-12,0.356,0.342,0.33,0.373
shaanxi_guanzhong,2008-02-13,0.36,0.344,0.331,0.373
shaanxi_guanzhong,2008-02-14,0.379,0.35,0.331,0.373
shaanxi_guanzhong,2008-02-15,0.392,0.366,0.331,0.373
shaanxi_guanzhong,2008-02-16,0.396,0.38,0.334,0.373
shaanxi_guanzhong,2008-02-17,0.395,0.384,0.336,0.373
shaanxi_guanzhong,2008-02-18,0.39,0.383,0.339,0.373
shaanxi_guanzhong,2008-02-19,0.384,0.38,0.342,0.372
shaanxi_guanzhong,2008-02-20,0.378,0.376,0.343,0.372
shaanxi_guanzhong,2008-02-21,0.371,0.372,0.344,0.372
shaanxi_guanzhong,2008-02-22,0.364,0.367,0.344,0.372
shaanxi_guanzhong,2008-02-23,0.358,0.362,0.344,0.372
shaanxi_guanzhong,2008-02-24,0.366,0.361,0.345,0.372
shaanxi_guanzhong,2008-02-25,0.371,0.362,0.345,0.372
shaanxi_guanzhong,2008-02-26,0.375,0.364,0.345,0.372
shaanxi_guanzhong,2008-02-27,0.374,0.364,0.345,0.372
shaanxi_guanzhong,2008-02-28,0.37,0.364,0.345,0.372
shaanxi_guanzhong,2008-02-29,0.362,0.36,0.345,0.371
shaanxi_guanzhong,2008-03-01,0.354,0.356,0.345,0.371
shaanxi_guanzhong,2008-03-02,0.346,0.351,0.344,0.371
shaanxi_guanzhong,2008-03-03,0.339,0.346,0.343,0.371
shaanxi_guanzhong,2008-03-04,0.333,0.342,0.342,0.371
shaanxi_guanzhong,2008-03-05,0.33,0.338,0.342,0.371
shaanxi_guanzhong,2008-03-06,0.381,0.346,0.341,0.371
shaanxi_guanzhong,2008-03-07,0.363,0.353,0.341,0.371
shaanxi_guanzhong,2008-03-08,0.363,0.353,0.341,0.371
shaanxi_guanzhong,2008-03-09,0.348,0.349,0.34,0.37
shaanxi_guanzhong,2008-03-10,0.339,0.344,0.339,0.37
shaanxi_guanzhong,2008-03-11,0.331,0.339,0.338,0.37
shaanxi_guanzhong,2008-03-12,0.333,0.335,0.338,0.37
shaanxi_guanzhong,2008-03-13,0.333,0.333,0.337,0.37
shaanxi_guanzhong,2008-03-14,0.323,0.329,0.336,0.37
shaanxi_guanzhong,2008-03-15,0.314,0.324,0.335,0.37
shaanxi_guanzhong,2008-03-16,0.31,0.32,0.334,0.369
shaanxi_guanzhong,2008-03-17,0.305,0.317,0.333,0.369
shaanxi_guanzhong,2008-03-18,0.297,0.312,0.331,0.369
shaanxi_guanzhong,2008-03-19,0.299,0.308,0.33,0.369
shaanxi_guanzhong,2008-03-20,0.368,0.33,0.329,0.369
shaanxi_guanzhong,2008-03-21,0.378,0.367,0.33,0.369
shaanxi_guanzhong,2008-03-22,0.359,0.36,0.33,0.368
shaanxi_guanzhong,2008-03-23,0.346,0.352,0.33,0.368
shaanxi_guanzhong,2008-03-24,0.336,0.345,0.33,0.368
shaanxi_guanzhong,2008-03-25,0.326,0.338,0.329,0.368
shaanxi_guanzhong,2008-03-26,0.317,0.33,0.328,0.368
shaanxi_guanzhong,2008-03-27,0.308,0.323,0.326,0.368
shaanxi_guanzhong,2008-03-28,0.302,0.317,0.325,0.367
shaanxi_guanzhong,2008-03-29,0.337,0.316,0.324,0.367
shaanxi_guanzhong,2008-03-30,0.325,0.316,0.324,0.367
shaanxi_guanzhong,2008-03-31,0.313,0.313,0.323,0.367
shaanxi_guanzhong,2008-04-01,0.33,0.312,0.322,0.367
shaanxi_guanzhong,2008-04-02,0.317,0.31,0.321,0.367
shaanxi_guanzhong,2008-04-03,0.305,0.307,0.32,0.366
shaanxi_guanzhong,2008-04-04,0.297,0.303,0.319,0.366
shaanxi_guanzhong,2008-04-05,0.288,0.299,0.317,0.366
shaanxi_guanzhong,2008-04-06,0.278,0.293,0.316,0.366
shaanxi_guanzhong,2008-04-07,0.268,0.287,0.314,0.365
shaanxi_guanzhong,2008-04-08,0.298,0.284,0.313,0.365
shaanxi_guanzhong,2008-04-09,0.295,0.283,0.312,0.365
shaanxi_guanzhong,2008-04-10,0.286,0.28,0.31,0.365
shaanxi_guanzhong,2008-04-11,0.296,0.28,0.31,0.365
shaanxi_guanzhong,2008-04-12,0.339,0.288,0.309,0.364
shaanxi_guanzhong,2008-04-13,0.314,0.29,0.308,0.364
shaanxi_guanzhong,2008-04-14,0.298,0.288,0.307,0.364
shaanxi_guanzhong,2008-04-15,0.286,0.285,0.306,0.364
shaanxi_guanzhong,2008-04-16,0.273,0.28,0.305,0.364
shaanxi_guanzhong,2008-04-17,0.274,0.276,0.303,0.363
shaanxi_guanzhong,2008-04-18,0.306,0.275,0.303,0.363
shaanxi_guanzhong,2008-04-19,0.36,0.289,0.302,0.363
shaanxi_guanzhong,2008-04-20,0.342,0.302,0.302,0.363
shaanxi_guanzhong,2008-04-21,0.331,0.304,0.302,0.363
shaanxi_guanzhong,2008-04-22,0.324,0.304,0.302,0.362
shaanxi_guanzhong,2008-04-23,0.304,0.299,0.301,0.362
shaanxi_guanzhong,2008-04-24,0.287,0.293,0.299,0.362
shaanxi_guanzhong,2008-04-25,0.272,0.285,0.297,0.362
shaanxi_guanzhong,2008-04-26,0.26,0.278,0.296,0.361
shaanxi_guanzhong,2008-04-27,0.249,0.271,0.294,0.361
shaanxi_guanzhong,2008-04-28,0.237,0.264,0.292,0.361
shaanxi_guanzhong,2008-04-29,0.228,0.257,0.291,0.36
shaanxi_guanzhong,2008-04-30,0.22,0.251,0.289,0.36
shaanxi_guanzhong,2008-05-01,0.21,0.244,0.287,0.36
shaanxi_guanzhong,2008-05-02,0.201,0.238,0.285,0.359
shaanxi_guanzhong,2008-05-03,0.21,0.234,0.284,0.359
shaanxi_guanzhong,2008-05-04,0.214,0.232,0.282,0.359
shaanxi_guanzhong,2008-05-05,0.204,0.227,0.28,0.358
shaanxi_guanzhong,2008-05-06,0.194,0.222,0.278,0.358
shaanxi_guanzhong,2008-05-07,0.188,0.218,0.277,0.358
shaanxi_guanzhong,2008-05-08,0.194,0.216,0.275,0.357
shaanxi_guanzhong,2008-05-09,0.196,0.214,0.274,0.357
shaanxi_guanzhong,2008-05-10,0.188,0.21,0.273,0.357
shaanxi_guanzhong,2008-05-11,0.181,0.207,0.271,0.356
shaanxi_guanzhong,2008-05-12,0.173,0.202,0.268,0.356
shaanxi_guanzhong,2008-05-13,0.167,0.199,0.266,0.356
shaanxi_guanzhong,2008-05-14,0.162,0.196,0.264,0.355
shaanxi_guanzhong,2008-05-15,0.158,0.192,0.262,0.355
shaanxi_guanzhong,2008-05-16,0.154,0.189,0.26,0.354
shaanxi_guanzhong,2008-05-17,0.152,0.186,0.258,0.354
shaanxi_guanzhong,2008-05-18,0.154,0.183,0.256,0.354
shaanxi_guanzhong,2008-05-19,0.15,0.18,0.254,0.353
shaanxi_guanzhong,2008-05-20,0.147,0.178,0.252,0.353
shaanxi_guanzhong,2008-05-21,0.144,0.175,0.25,0.352
shaanxi_guanzhong,2008-05-22,0.142,0.173,0.248,0.352
shaanxi_guanzhong,2008-05-23,0.14,0.171,0.246,0.351
shaanxi_guanzhong,2008-05-24,0.138,0.169,0.244,0.351
shaanxi_guanzhong,2008-05-25,0.157,0.168,0.243,0.351
shaanxi_guanzhong,2008-05-26,0.268,0.17,0.242,0.35
shaanxi_guanzhong,2008-05-27,0.247,0.172,0.241,0.35
shaanxi_guanzhong,2008-05-28,0.223,0.172,0.24,0.349
shaanxi_guanzhong,2008-05-29,0.206,0.171,0.239,0.349
shaanxi_guanzhong,2008-05-30,0.195,0.171,0.238,0.349
shaanxi_guanzhong,2008-05-31,0.183,0.169,0.236,0.348
shaanxi_guanzhong,2008-06-01,0.173,0.167,0.235,0.348
shaanxi_guanzhong,2008-06-02,0.163,0.165,0.233,0.347
shaanxi_guanzhong,2008-06-03,0.155,0.163,0.231,0.347
shaanxi_guanzhong,2008-06-04,0.149,0.161,0.229,0.346
shaanxi_guanzhong,2008-06-05,0.145,0.16,0.227,0.346
shaanxi_guanzhong,2008-06-06,0.169,0.159,0.226,0.345
shaanxi_guanzhong,2008-06-07,0.196,0.159,0.226,0.345
shaanxi_guanzhong,2008-06-08,0.189,0.159,0.225,0.345
shaanxi_guanzhong,2008-06-09,0.178,0.159,0.224,0.344
shaanxi_guanzhong,2008-06-10,0.169,0.158,0.223,0.344
shaanxi_guanzhong,2008-06-11,0.161,0.157,0.222,0.343
shaanxi_guanzhong,2008-06-12,0.154,0.156,0.22,0.343
shaanxi_guanzhong,2008-06-13,0.149,0.155,0.219,0.343
shaanxi_guanzhong,2008-06-14,0.171,0.154,0.218,0.342
shaanxi_guanzhong,2008-06-15,0.374,0.226,0.219,0.342
shaanxi_guanzhong,2008-06-16,0.352,0.305,0.22,0.342
shaanxi_guanzhong,2008-06-17,0.32,0.302,0.22,0.341
shaanxi_guanzhong,2008-06-18,0.301,0.295,0.221,0.341
shaanxi_guanzhong,2008-06-19,0.317,0.292,0.221,0.341
shaanxi_guanzhong,2008-06-20,0.304,0.289,0.222,0.341
shaanxi_guanzhong,2008-06-21,0.288,0.283,0.222,0.34
shaanxi_guanzhong,2008-06-22,0.283,0.279,0.222,0.34
shaanxi_guanzhong,2008-06-23,0.277,0.274,0.222,0.34
shaanxi_guanzhong,2008-06-24,0.258,0.266,0.222,0.339
shaanxi_guanzhong,2008-06-25,0.244,0.258,0.222,0.339
shaanxi_guanzhong,2008-06-26,0.229,0.25,0.221,0.339
shaanxi_guanzhong,2008-06-27,0.218,0.243,0.221,0.338
shaanxi_guanzhong,2008-06-28,0.204,0.235,0.22,0.338
shaanxi_guanzhong,2008-06-29,0.193,0.227,0.219,0.338
shaanxi_guanzhong,2008-06-30,0.262,0.244,0.218,0.337
shaanxi_guanzhong,2008-07-01,0.345,0.306,0.219,0.337
shaanxi_guanzhong,2008-07-02,0.309,0.298,0.219,0.337
shaanxi_guanzhong,2008-07-03,0.293,0.289,0.219,0.336
shaanxi_guanzhong,2008-07-04,0.307,0.284,0.22,0.336
shaanxi_guanzhong,2008-07-05,0.337,0.287,0.22,0.336
shaanxi_guanzhong,2008-07-06,0.296,0.28,0.22,0.335
shaanxi_guanzhong,2008-07-07,0.27,0.271,0.219,0.335
shaanxi_guanzhong,2008-07-08,0.251,0.262,0.219,0.335
shaanxi_guanzhong,2008-07-09,0.234,0.253,0.218,0.334
shaanxi_guanzhong,2008-07-10,0.22,0.244,0.217,0.334
shaanxi_guanzhong,2008-07-11,0.206,0.236,0.217,0.334
shaanxi_guanzhong,2008-07-12,0.194,0.228,0.216,0.333
shaanxi_guanzhong,2008-07-13,0.189,0.221,0.215,0.333
shaanxi_guanzhong,2008-07-14,0.238,0.218,0.215,0.333
shaanxi_guanzhong,2008-07-15,0.241,0.217,0.215,0.332
shaanxi_guanzhong,2008-07-16,0.228,0.214,0.214,0.332
shaanxi_guanzhong,2008-07-17,0.322,0.22,0.214,0.332
shaanxi_guanzhong,2008-07-18,0.316,0.239,0.214,0.332
shaanxi_guanzhong,2008-07-19,0.28,0.238,0.214,0.331
shaanxi_guanzhong,2008-07-20,0.261,0.235,0.213,0.331
shaanxi_guanzhong,2008-07-21,0.355,0.254,0.213,0.331
shaanxi_guanzhong,2008-07-22,0.39,0.323,0.214,0.331
shaanxi_guanzhong,2008-07-23,0.348,0.329,0.216,0.33
shaanxi_guanzhong,2008-07-24,0.319,0.317,0.217,0.33
shaanxi_guanzhong,2008-07-25,0.299,0.305,0.218,0.33
shaanxi_guanzhong,2008-07-26,0.282,0.295,0.218,0.33
shaanxi_guanzhong,2008-07-27,0.269,0.285,0.218,0.329
shaanxi_guanzhong,2008-07-28,0.267,0.276,0.218,0.329
shaanxi_guanzhong,2008-07-29,0.256,0.269,0.218,0.329
shaanxi_guanzhong,2008-07-30,0.242,0.26,0.217,0.329
shaanxi_guanzhong,2008-07-31,0.231,0.253,0.217,0.328
shaanxi_guanzhong,2008-08-01,0.219,0.246,0.216,0.328
shaanxi_guanzhong,2008-08-02,0.209,0.239,0.216,0.328
shaanxi_guanzhong,2008-08-03,0.201,0.232,0.215,0.327
shaanxi_guanzhong,2008-08-04,0.192,0.225,0.215,0.327
shaanxi_guanzhong,2008-08-05,0.183,0.218,0.214,0.327
shaanxi_guanzhong,2008-08-06,0.184,0.212,0.213,0.326
shaanxi_guanzhong,2008-08-07,0.192,0.208,0.212,0.326
shaanxi_guanzhong,2008-08-08,0.186,0.204,0.211,0.326
shaanxi_guanzhong,2008-08-09,0.215,0.201,0.211,0.326
shaanxi_guanzhong,2008-08-10,0.218,0.2,0.211,0.325
shaanxi_guanzhong,2008-08-11,0.203,0.196,0.21,0.325
shaanxi_guanzhong,2008-08-12,0.269,0.197,0.21,0.325
shaanxi_guanzhong,2008-08-13,0.316,0.218,0.21,0.325
shaanxi_guanzhong,2008-08-14,0.278,0.22,0.209,0.324
shaanxi_guanzhong,2008-08-15,0.274,0.22,0.209,0.324
shaanxi_guanzhong,2008-08-16,0.352,0.238,0.209,0.324
shaanxi_guanzhong,2008-08-17,0.314,0.253,0.209,0.324
shaanxi_guanzhong,2008-08-18,0.281,0.25,0.209,0.323
shaanxi_guanzhong,2008-08-19,0.257,0.243,0.209,0.323
shaanxi_guanzhong,2008-08-20,0.268,0.239,0.208,0.323
shaanxi_guanzhong,2008-08-21,0.356,0.264,0.208,0.323
shaanxi_guanzhong,2008-08-22,0.314,0.27,0.208,0.322
shaanxi_guanzhong,2008-08-23,0.282,0.263,0.208,0.322
shaanxi_guanzhong,2008-08-24,0.261,0.256,0.208,0.322
shaanxi_guanzhong,2008-08-25,0.247,0.25,0.208,0.322
shaanxi_guanzhong,2008-08-26,0.231,0.242,0.207,0.321
shaanxi_guanzhong,2008-08-27,0.22,0.236,0.207,0.321
shaanxi_guanzhong,2008-08-28,0.224,0.232,0.207,0.321
shaanxi_guanzhong,2008-08-29,0.342,0.254,0.207,0.321
shaanxi_guanzhong,2008-08-30,0.359,0.302,0.208,0.32
shaanxi_guanzhong,2008-08-31,0.321,0.299,0.209,0.32
shaanxi_guanzhong,2008-09-01,0.297,0.29,0.209,0.32
shaanxi_guanzhong,2008-09-02,0.319,0.286,0.209,0.32
shaanxi_guanzhong,2008-09-03,0.356,0.307,0.21,0.32
shaanxi_guanzhong,2008-09-04,0.319,0.301,0.211,0.319
shaanxi_guanzhong,2008-09-05,0.295,0.291,0.211,0.319
shaanxi_guanzhong,2008-09-06,0.276,0.281,0.211,0.319
shaanxi_guanzhong,2008-09-07,0.262,0.273,0.211,0.319
shaanxi_guanzhong,2008-09-08,0.265,0.268,0.212,0.318
shaanxi_guanzhong,2008-09-09,0.334,0.274,0.212,0.318
shaanxi_guanzhong,2008-09-10,0.365,0.31,0.213,0.318
shaanxi_guanzhong,2008-09-11,0.331,0.308,0.214,0.318
shaanxi_guanzhong,2008-09-12,0.309,0.301,0.215,0.318
shaanxi_guanzhong,2008-09-13,0.293,0.293,0.215,0.318
shaanxi_guanzhong,2008-09-14,0.279,0.285,0.215,0.317
shaanxi_guanzhong,2008-09-15,0.268,0.278,0.215,0.317
shaanxi_guanzhong,2008-09-16,0.262,0.273,0.216,0.317
shaanxi_guanzhong,2008-09-17,0.26,0.269,0.216,0.317
shaanxi_guanzhong,2008-09-18,0.263,0.265,0.216,0.317
shaanxi_guanzhong,2008-09-19,0.26,0.262,0.216,0.317
shaanxi_guanzhong,2008-09-20,0.269,0.259,0.216,0.316
shaanxi_guanzhong,2008-09-21,0.28,0.258,0.216,0.316
shaanxi_guanzhong,2008-09-22,0.305,0.257,0.216,0.316
shaanxi_guanzhong,2008-09-23,0.379,0.28,0.217,0.316
shaanxi_guanzhong,2008-09-24,0.349,0.3,0.217,0.316
shaanxi_guanzhong,2008-09-25,0.351,0.303,0.218,0.316
shaanxi_guanzhong,2008-09-26,0.419,0.357,0.22,0.316
shaanxi_guanzhong,2008-09-27,0.423,0.4,0.229,0.315
shaanxi_guanzhong,2008-09-28,0.422,0.411,0.244,0.315
shaanxi_guanzhong,2008-09-29,0.393,0.392,0.257,0.315
shaanxi_guanzhong,2008-09-30,0.372,0.374,0.262,0.315
shaanxi_guanzhong,2008-10-01,0.357,0.36,0.264,0.315
shaanxi_guanzhong,2008-10-02,0.346,0.35,0.266,0.315
shaanxi_guanzhong,2008-10-03,0.344,0.342,0.267,0.315
shaanxi_guanzhong,2008-10-04,0.362,0.342,0.267,0.315
shaanxi_guanzhong,2008-10-05,0.339,0.336,0.268,0.315
shaanxi_guanzhong,2008-10-06,0.325,0.329,0.268,0.315
shaanxi_guanzhong,2008-10-07,0.371,0.349,0.269,0.315
shaanxi_guanzhong,2008-10-08,0.395,0.391,0.275,0.314
shaanxi_guanzhong,2008-10-09,0.377,0.377,0.279,0.314
shaanxi_guanzhong,2008-10-10,0.366,0.367,0.282,0.314
shaanxi_guanzhong,2008-10-11,0.355,0.358,0.283,0.314
shaanxi_guanzhong,2008-10-12,0.347,0.351,0.284,0.314
shaanxi_guanzhong,2008-10-13,0.337,0.343,0.285,0.314
shaanxi_guanzhong,2008-10-14,0.327,0.335,0.285,0.314
shaanxi_guanzhong,2008-10-15,0.324,0.329,0.285,0.314
shaanxi_guanzhong,2008-10-16,0.322,0.325,0.286,0.314
shaanxi_guanzhong,2008-10-17,0.325,0.321,0.285,0.314
shaanxi_guanzhong,2008-10-18,0.347,0.322,0.285,0.314
shaanxi_guanzhong,2008-10-19,0.35,0.324,0.286,0.314
shaanxi_guanzhong,2008-10-20,0.371,0.333,0.286,0.314
shaanxi_guanzhong,2008-10-21,0.374,0.343,0.287,0.314
shaanxi_guanzhong,2008-10-22,0.398,0.369,0.289,0.314
shaanxi_guanzhong,2008-10-23,0.378,0.375,0.292,0.314
shaanxi_guanzhong,2008-10-24,0.363,0.364,0.294,0.314
shaanxi_guanzhong,2008-10-25,0.352,0.356,0.295,0.314
shaanxi_guanzhong,2008-10-26,0.343,0.349,0.296,0.314
shaanxi_guanzhong,2008-10-27,0.337,0.342,0.296,0.314
shaanxi_guanzhong,2008-10-28,0.338,0.339,0.297,0.314
shaanxi_guanzhong,2008-10-29,0.334,0.335,0.297,0.313
shaanxi_guanzhong,2008-10-30,0.335,0.332,0.297,0.313
shaanxi_guanzhong,2008-10-31,0.339,0.331,0.298,0.313
shaanxi_guanzhong,2008-11-01,0.328,0.328,0.298,0.313
shaanxi_guanzhong,2008-11-02,0.32,0.324,0.298,0.313
shaanxi_guanzhong,2008-11-03,0.314,0.32,0.297,0.313
shaanxi_guanzhong,2008-11-04,0.321,0.318,0.297,0.313
shaanxi_guanzhong,2008-11-05,0.316,0.316,0.297,0.313
shaanxi_guanzhong,2008-11-06,0.323,0.315,0.297,0.313
shaanxi_guanzhong,2008-11-07,0.314,0.313,0.297,0.313
shaanxi_guanzhong,2008-11-08,0.307,0.31,0.296,0.313
shaanxi_guanzhong,2008-11-09,0.303,0.308,0.296,0.313
shaanxi_guanzhong,2008-11-10,0.306,0.306,0.296,0.313
shaanxi_guanzhong,2008-11-11,0.305,0.305,0.296,0.313
shaanxi_guanzhong,2008-11-12,0.308,0.304,0.296,0.313
shaanxi_guanzhong,2008-11-13,0.328,0.306,0.296,0.313
shaanxi_guanzhong,2008-11-14,0.36,0.311,0.296,0.313
shaanxi_guanzhong,2008-11-15,0.373,0.328,0.296,0.313
shaanxi_guanzhong,2008-11-16,0.359,0.336,0.296,0.313
shaanxi_guanzhong,2008-11-17,0.347,0.336,0.297,0.313
shaanxi_guanzhong,2008-11-18,0.337,0.334,0.297,0.313
shaanxi_guanzhong,2008-11-19,0.33,0.33,0.297,0.313
shaanxi_guanzhong,2008-11-20,0.325,0.327,0.298,0.313
shaanxi_guanzhong,2008-11-21,0.321,0.324,0.298,0.313
shaanxi_guanzhong,2008-11-22,0.344,0.325,0.298,0.313
shaanxi_guanzhong,2008-11-23,0.343,0.328,0.298,0.313
shaanxi_guanzhong,2008-11-24,0.333,0.327,0.298,0.313
shaanxi_guanzhong,2008-11-25,0.327,0.325,0.299,0.313
shaanxi_guanzhong,2008-11-26,0.323,0.323,0.299,0.313
shaanxi_guanzhong,2008-11-27,0.319,0.321,0.299,0.313
shaanxi_guanzhong,2008-11-28,0.315,0.319,0.299,0.313
shaanxi_guanzhong,2008-11-29,0.312,0.316,0.299,0.313
shaanxi_guanzhong,2008-11-30,0.31,0.314,0.299,0.313
shaanxi_guanzhong,2008-12-01,0.307,0.312,0.299,0.313
shaanxi_guanzhong,2008-12-02,0.304,0.31,0.298,0.313
shaanxi_guanzhong,2008-12-03,0.302,0.308,0.298,0.313
shaanxi_guanzhong,2008-12-04,0.299,0.306,0.298,0.313
shaanxi_guanzhong,2008-12-05,0.297,0.304,0.298,0.313
shaanxi_guanzhong,2008-12-06,0.297,0.303,0.298,0.313
shaanxi_guanzhong,2008-12-07,0.296,0.303,0.298,0.313
shaanxi_guanzhong,2008-12-08,0.294,0.301,0.298,0.313
shaanxi_guanzhong,2008-12-09,0.292,0.299,0.297,0.313
shaanxi_guanzhong,2008-12-10,0.291,0.297,0.297,0.313
shaanxi_guanzhong,2008-12-11,0.288,0.296,0.297,0.312
shaanxi_guanzhong,2008-12-12,0.286,0.294,0.296,0.312
shaanxi_guanzhong,2008-12-13,0.284,0.292,0.296,0.312
shaanxi_guanzhong,2008-12-14,0.282,0.291,0.296,0.312
shaanxi_guanzhong,2008-12-15,0.281,0.29,0.296,0.312
shaanxi_guanzhong,2008-12-16,0.28,0.289,0.295,0.312
shaanxi_guanzhong,2008-12-17,0.279,0.287,0.295,0.312
shaanxi_guanzhong,2008-12-18,0.277,0.286,0.295,0.312
shaanxi_guanzhong,2008-12-19,0.276,0.285,0.295,0.312
shaanxi_guanzhong,2008-12-20,0.275,0.284,0.294,0.312
shaanxi_guanzhong,2008-12-21,0.275,0.283,0.294,0.312
shaanxi_guanzhong,2008-12-22,0.275,0.283,0.294,0.312
shaanxi_guanzhong,2008-12-23,0.275,0.283,0.294,0.312
shaanxi_guanzhong,2008-12-24,0.276,0.283,0.294,0.312
shaanxi_guanzhong,2008-12-25,0.276,0.282,0.294,0.312
shaanxi_guanzhong,2008-12-26,0.275,0.282,0.294,0.312
shaanxi_guanzhong,2008-12-27,0.274,0.281,0.293,0.312
shaanxi_guanzhong,2008-12-28,0.274,0.281,0.293,0.312
shaanxi_guanzhong,2008-12-29,0.274,0.281,0.293,0.312
shaanxi_guanzhong,2008-12-30,0.274,0.281,0.293,0.312
shaanxi_guanzhong,2008-12-31,0.275,0.281,0.293,0.312
shaanxi_guanzhong,2009-01-01,0.275,0.281,0.293,0.312
shaanxi_guanzhong,2009-01-02,0.275,0.281,0.293,0.312
shaanxi_guanzhong,2009-01-03,0.275,0.281,0.293,0.312
shaanxi_guanzhong,2009-01-04,0.275,0.28,0.292,0.312
shaanxi_guanzhong,2009-01-05,0.275,0.28,0.292,0.312
shaanxi_guanzhong,2009-01-06,0.276,0.28,0.292,0.312
shaanxi_guanzhong,2009-01-07,0.277,0.28,0.292,0.312
shaanxi_guanzhong,2009-01-08,0.278,0.28,0.292,0.312
shaanxi_guanzhong,2009-01-09,0.278,0.28,0.292,0.312
shaanxi_guanzhong,2009-01-10,0.279,0.281,0.292,0.312
shaanxi_guanzhong,2009-01-11,0.279,0.281,0.292,0.312
shaanxi_guanzhong,2009-01-12,0.279,0.281,0.292,0.312
shaanxi_guanzhong,2009-01-13,0.278,0.281,0.292,0.312
shaanxi_guanzhong,2009-01-14,0.279,0.281,0.292,0.312
shaanxi_guanzhong,2009-01-15,0.278,0.281,0.292,0.312
shaanxi_guanzhong,2009-01-16,0.278,0.281,0.292,0.312
shaanxi_guanzhong,2009-01-17,0.277,0.281,0.291,0.312
shaanxi_guanzhong,2009-01-18,0.276,0.28,0.291,0.312
shaanxi_guanzhong,2009-01-19,0.274,0.28,0.291,0.312
shaanxi_guanzhong,2009-01-20,0.273,0.279,0.291,0.312
shaanxi_guanzhong,2009-01-21,0.272,0.279,0.291,0.312
shaanxi_guanzhong,2009-01-22,0.27,0.278,0.29,0.312
shaanxi_guanzhong,2009-01-23,0.27,0.277,0.29,0.312
shaanxi_guanzhong,2009-01-24,0.27,0.277,0.29,0.312
shaanxi_guanzhong,2009-01-25,0.27,0.277,0.29,0.311
shaanxi_guanzhong,2009-01-26,0.27,0.277,0.29,0.311
shaanxi_guanzhong,2009-01-27,0.269,0.276,0.29,0.311
shaanxi_guanzhong,2009-01-28,0.267,0.276,0.289,0.311
shaanxi_guanzhong,2009-01-29,0.266,0.275,0.289,0.311
shaanxi_guanzhong,2009-01-30,0.264,0.274,0.289,0.311
shaanxi_guanzhong,2009-01-31,0.263,0.273,0.289,0.311
shaanxi_guanzhong,2009-02-01,0.268,0.272,0.288,0.311
shaanxi_guanzhong,2009-02-02,0.285,0.272,0.288,0.311
shaanxi_guanzhong,2009-02-03,0.28,0.273,0.288,0.311
shaanxi_guanzhong,2009-02-04,0.276,0.272,0.288,0.311
shaanxi_guanzhong,2009-02-05,0.271,0.272,0.287,0.311
shaanxi_guanzhong,2009-02-06,0.268,0.27,0.287,0.311
shaanxi_guanzhong,2009-02-07,0.272,0.27,0.286,0.311
shaanxi_guanzhong,2009-02-08,0.321,0.273,0.286,0.311
shaanxi_guanzhong,2009-02-09,0.31,0.277,0.286,0.311
shaanxi_guanzhong,2009-02-10,0.297,0.278,0.286,0.311
shaanxi_guanzhong,2009-02-11,0.288,0.277,0.285,0.311
shaanxi_guanzhong,2009-02-12,0.282,0.276,0.285,0.311
shaanxi_guanzhong,2009-02-13,0.276,0.274,0.284,0.311
shaanxi_guanzhong,2009-02-14,0.271,0.272,0.284,0.311
shaanxi_guanzhong,2009-02-15,0.268,0.271,0.283,0.311
shaanxi_guanzhong,2009-02-16,0.276,0.27,0.283,0.311
shaanxi_guanzhong,2009-02-17,0.322,0.274,0.283,0.311
shaanxi_guanzhong,2009-02-18,0.314,0.279,0.283,0.311
shaanxi_guanzhong,2009-02-19,0.32,0.282,0.283,0.311
shaanxi_guanzhong,2009-02-20,0.307,0.284,0.283,0.311
shaanxi_guanzhong,2009-02-21,0.297,0.284,0.282,0.31
shaanxi_guanzhong,2009-02-22,0.289,0.282,0.282,0.31
shaanxi_guanzhong,2009-02-23,0.284,0.281,0.282,0.31
shaanxi_guanzhong,2009-02-24,0.287,0.28,0.281,0.31
shaanxi_guanzhong,2009-02-25,0.34,0.285,0.281,0.31
shaanxi_guanzhong,2009-02-26,0.354,0.3,0.282,0.31
shaanxi_guanzhong,2009-02-27,0.353,0.309,0.282,0.31
shaanxi_guanzhong,2009-02-28,0.355,0.316,0.282,0.31
shaanxi_guanzhong,2009-03-01,0.377,0.328,0.283,0.31
shaanxi_guanzhong,2009-03-02,0.364,0.339,0.284,0.31
shaanxi_guanzhong,2009-03-03,0.352,0.338,0.285,0.31
shaanxi_guanzhong,2009-03-04,0.344,0.336,0.286,0.31
shaanxi_guanzhong,2009-03-05,0.336,0.332,0.286,0.31
shaanxi_guanzhong,2009-03-06,0.328,0.327,0.286,0.31
shaanxi_guanzhong,2009-03-07,0.32,0.323,0.286,0.31
shaanxi_guanzhong,2009-03-08,0.314,0.318,0.286,0.31
shaanxi_guanzhong,2009-03-09,0.307,0.314,0.286,0.31
shaanxi_guanzhong,2009-03-10,0.306,0.31,0.286,0.31
shaanxi_guanzhong,2009-03-11,0.325,0.309,0.286,0.31
shaanxi_guanzhong,2009-03-12,0.375,0.324,0.287,0.31
shaanxi_guanzhong,2009-03-13,0.346,0.329,0.287,0.31
shaanxi_guanzhong,2009-03-14,0.33,0.325,0.287,0.31
shaanxi_guanzhong,2009-03-15,0.318,0.32,0.287,0.31
shaanxi_guanzhong,2009-03-16,0.307,0.313,0.286,0.309
shaanxi_guanzhong,2009-03-17,0.297,0.307,0.286,0.309
shaanxi_guanzhong,2009-03-18,0.289,0.301,0.285,0.309
shaanxi_guanzhong,2009-03-19,0.28,0.295,0.284,0.309
shaanxi_guanzhong,2009-03-20,0.273,0.289,0.283,0.309
shaanxi_guanzhong,2009-03-21,0.27,0.284,0.283,0.309
shaanxi_guanzhong,2009-03-22,0.261,0.279,0.282,0.309
shaanxi_guanzhong,2009-03-23,0.257,0.273,0.281,0.309
shaanxi_guanzhong,2009-03-24,0.25,0.269,0.28,0.309
shaanxi_guanzhong,2009-03-25,0.241,0.263,0.278,0.309
shaanxi_guanzhong,2009-03-26,0.235,0.259,0.277,0.309
shaanxi_guanzhong,2009-03-27,0.329,0.264,0.277,0.309
shaanxi_guanzhong,2009-03-28,0.357,0.29,0.277,0.309
shaanxi_guanzhong,2009-03-29,0.325,0.295,0.276,0.308
shaanxi_guanzhong,2009-03-30,0.305,0.292,0.276,0.308
shaanxi_guanzhong,2009-03-31,0.293,0.289,0.275,0.308
shaanxi_guanzhong,2009-04-01,0.284,0.285,0.275,0.308
shaanxi_guanzhong,2009-04-02,0.283,0.282,0.274,0.308
shaanxi_guanzhong,2009-04-03,0.28,0.28,0.274,0.308
shaanxi_guanzhong,2009-04-04,0.27,0.275,0.273,0.308
shaanxi_guanzhong,2009-04-05,0.26,0.271,0.272,0.308
shaanxi_guanzhong,2009-04-06,0.25,0.265,0.271,0.308
shaanxi_guanzhong,2009-04-07,0.241,0.26,0.27,0.308
shaanxi_guanzhong,2009-04-08,0.233,0.255,0.269,0.308
shaanxi_guanzhong,2009-04-09,0.23,0.251,0.268,0.308
shaanxi_guanzhong,2009-04-10,0.239,0.248,0.267,0.307
shaanxi_guanzhong,2009-04-11,0.233,0.245,0.266,0.307
shaanxi_guanzhong,2009-04-12,0.226,0.242,0.265,0.307
shaanxi_guanzhong,2009-04-13,0.219,0.238,0.264,0.307
shaanxi_guanzhong,2009-04-14,0.209,0.233,0.263,0.307
shaanxi_guanzhong,2009-04-15,0.202,0.228,0.262,0.307
shaanxi_guanzhong,2009-04-16,0.196,0.224,0.26,0.307
shaanxi_guanzhong,2009-04-17,0.193,0.22,0.259,0.307
shaanxi_guanzhong,2009-04-18,0.239,0.219,0.258,0.306
shaanxi_guanzhong,2009-04-19,0.331,0.235,0.258,0.306
shaanxi_guanzhong,2009-04-20,0.288,0.238,0.256,0.306
shaanxi_guanzhong,2009-04-21,0.266,0.235,0.255,0.306
shaanxi_guanzhong,2009-04-22,0.284,0.235,0.254,0.306
shaanxi_guanzhong,2009-04-23,0.307,0.241,0.254,0.306
shaanxi_guanzhong,2009-04-24,0.282,0.242,0.253,0.306
shaanxi_guanzhong,2009-04-25,0.261,0.239,0.252,0.306
shaanxi_guanzhong,2009-04-26,0.245,0.235,0.251,0.306
shaanxi_guanzhong,2009-04-27,0.232,0.231,0.25,0.305
shaanxi_guanzhong,2009-04-28,0.221,0.227,0.249,0.305
shaanxi_guanzhong,2009-04-29,0.21,0.223,0.248,0.305
shaanxi_guanzhong,2009-04-30,0.212,0.219,0.247,0.305
shaanxi_guanzhong,2009-05-01,0.221,0.217,0.246,0.305
shaanxi_guanzhong,2009-05-02,0.207,0.212,0.245,0.305
shaanxi_guanzhong,2009-05-03,0.195,0.208,0.243,0.305
shaanxi_guanzhong,2009-05-04,0.186,0.204,0.242,0.304
shaanxi_guanzhong,2009-05-05,0.179,0.2,0.24,0.304
shaanxi_guanzhong,2009-05-06,0.172,0.196,0.239,0.304
shaanxi_guanzhong,2009-05-07,0.165,0.192,0.237,0.304
shaanxi_guanzhong,2009-05-08,0.174,0.189,0.236,0.304
shaanxi_guanzhong,2009-05-09,0.32,0.208,0.236,0.304
shaanxi_guanzhong,2009-05-10,0.361,0.266,0.236,0.303
shaanxi_guanzhong,2009-05-11,0.368,0.288,0.236,0.303
shaanxi_guanzhong,2009-05-12,0.349,0.306,0.237,0.303
shaanxi_guanzhong,2009-05-13,0.353,0.308,0.237,0.303
shaanxi_guanzhong,2009-05-14,0.402,0.349,0.239,0.303
shaanxi_guanzhong,2009-05-15,0.382,0.36,0.243,0.303
shaanxi_guanzhong,2009-05-16,0.358,0.351,0.246,0.303
shaanxi_guanzhong,2009-05-17,0.34,0.34,0.247,0.303
shaanxi_guanzhong,2009-05-18,0.33,0.33,0.248,0.303
shaanxi_guanzhong,2009-05-19,0.313,0.32,0.248,0.303
shaanxi_guanzhong,2009-05-20,0.297,0.309,0.248,0.303
shaanxi_guanzhong,2009-05-21,0.282,0.299,0.248,0.302
shaanxi_guanzhong,2009-05-22,0.348,0.301,0.248,0.302
shaanxi_guanzhong,2009-05-23,0.328,0.304,0.248,0.302
shaanxi_guanzhong,2009-05-24,0.304,0.298,0.247,0.302
shaanxi_guanzhong,2009-05-25,0.288,0.291,0.247,0.302
shaanxi_guanzhong,2009-05-26,0.281,0.284,0.246,0.302
shaanxi_guanzhong,2009-05-27,0.369,0.301,0.246,0.302
shaanxi_guanzhong,2009-05-28,0.388,0.349,0.248,0.302
shaanxi_guanzhong,2009-05-29,0.355,0.347,0.249,0.302
shaanxi_guanzhong,2009-05-30,0.332,0.335,0.25,0.302
shaanxi_guanzhong,2009-05-31,0.313,0.323,0.25,0.301
shaanxi_guanzhong,2009-06-01,0.297,0.311,0.25,0.301
shaanxi_guanzhong,2009-06-02,0.282,0.3,0.25,0.301
shaanxi_guanzhong,2009-06-03,0.265,0.288,0.249,0.301
shaanxi_guanzhong,2009-06-04,0.251,0.278,0.248,0.301
shaanxi_guanzhong,2009-06-05,0.236,0.267,0.246,0.301
shaanxi_guanzhong,2009-06-06,0.225,0.258,0.245,0.301
shaanxi_guanzhong,2009-06-07,0.272,0.254,0.244,0.3
shaanxi_guanzhong,2009-06-08,0.356,0.279,0.244,0.3
shaanxi_guanzhong,2009-06-09,0.312,0.281,0.243,0.3
shaanxi_guanzhong,2009-06-10,0.286,0.275,0.243,0.3
shaanxi_guanzhong,2009-06-11,0.269,0.269,0.242,0.3
shaanxi_guanzhong,2009-06-12,0.253,0.262,0.241,0.3
shaanxi_guanzhong,2009-06-13,0.233,0.253,0.239,0.3
shaanxi_guanzhong,2009-06-14,0.218,0.244,0.238,0.299
shaanxi_guanzhong,2009-06-15,0.206,0.236,0.237,0.299
shaanxi_guanzhong,2009-06-16,0.197,0.231,0.236,0.299
shaanxi_guanzhong,2009-06-17,0.193,0.226,0.235,0.299
shaanxi_guanzhong,2009-06-18,0.206,0.222,0.234,0.299
shaanxi_guanzhong,2009-06-19,0.364,0.255,0.234,0.299
shaanxi_guanzhong,2009-06-20,0.327,0.273,0.234,0.299
shaanxi_guanzhong,2009-06-21,0.29,0.268,0.233,0.299
shaanxi_guanzhong,2009-06-22,0.263,0.259,0.232,0.298
shaanxi_guanzhong,2009-06-23,0.244,0.252,0.231,0.298
shaanxi_guanzhong,2009-06-24,0.229,0.244,0.23,0.298
shaanxi_guanzhong,2009-06-25,0.213,0.236,0.228,0.298
shaanxi_guanzhong,2009-06-26,0.199,0.227,0.227,0.298
shaanxi_guanzhong,2009-06-27,0.208,0.221,0.226,0.297
shaanxi_guanzhong,2009-06-28,0.29,0.222,0.225,0.297
shaanxi_guanzhong,2009-06-29,0.298,0.229,0.225,0.297
shaanxi_guanzhong,2009-06-30,0.263,0.226,0.224,0.297
shaanxi_guanzhong,2009-07-01,0.235,0.219,0.222,0.297
shaanxi_guanzhong,2009-07-02,0.214,0.213,0.221,0.297
shaanxi_guanzhong,2009-07-03,0.197,0.207,0.22,0.296
shaanxi_guanzhong,2009-07-04,0.184,0.201,0.218,0.296
shaanxi_guanzhong,2009-07-05,0.175,0.197,0.217,0.296
shaanxi_guanzhong,2009-07-06,0.169,0.193,0.216,0.296
shaanxi_guanzhong,2009-07-07,0.165,0.189,0.215,0.296
shaanxi_guanzhong,2009-07-08,0.297,0.199,0.214,0.295
shaanxi_guanzhong,2009-07-09,0.326,0.237,0.214,0.295
shaanxi_guanzhong,2009-07-10,0.343,0.247,0.214,0.295
shaanxi_guanzhong,2009-07-11,0.334,0.266,0.214,0.295
shaanxi_guanzhong,2009-07-12,0.293,0.263,0.213,0.295
shaanxi_guanzhong,2009-07-13,0.317,0.261,0.213,0.295
shaanxi_guanzhong,2009-07-14,0.296,0.26,0.212,0.295
shaanxi_guanzhong,2009-07-15,0.274,0.255,0.212,0.294
shaanxi_guanzhong,2009-07-16,0.261,0.251,0.212,0.294
shaanxi_guanzhong,2009-07-17,0.271,0.248,0.211,0.294
shaanxi_guanzhong,2009-07-18,0.285,0.246,0.211,0.294
shaanxi_guanzhong,2009-07-19,0.259,0.241,0.21,0.294
shaanxi_guanzhong,2009-07-20,0.288,0.237,0.21,0.294
shaanxi_guanzhong,2009-07-21,0.294,0.238,0.209,0.294
shaanxi_guanzhong,2009-07-22,0.378,0.291,0.209,0.293
shaanxi_guanzhong,2009-07-23,0.332,0.299,0.21,0.293
shaanxi_guanzhong,2009-07-24,0.299,0.289,0.21,0.293
shaanxi_guanzhong,2009-07-25,0.273,0.277,0.21,0.293
shaanxi_guanzhong,2009-07-26,0.309,0.282,0.21,0.293
shaanxi_guanzhong,2009-07-27,0.352,0.319,0.211,0.293
shaanxi_guanzhong,2009-07-28,0.317,0.309,0.211,0.293
shaanxi_guanzhong,2009-07-29,0.294,0.297,0.211,0.292
shaanxi_guanzhong,2009-07-30,0.303,0.289,0.212,0.292
shaanxi_guanzhong,2009-07-31,0.421,0.378,0.219,0.292
shaanxi_guanzhong,2009-08-01,0.421,0.411,0.241,0.292
shaanxi_guanzhong,2009-08-02,0.394,0.395,0.261,0.292
shaanxi_guanzhong,2009-08-03,0.42,0.407,0.272,0.292
shaanxi_guanzhong,2009-08-04,0.416,0.413,0.298,0.292
shaanxi_guanzhong,2009-08-05,0.386,0.39,0.305,0.292
shaanxi_guanzhong,2009-08-06,0.364,0.372,0.307,0.292
shaanxi_guanzhong,2009-08-07,0.347,0.358,0.307,0.292
shaanxi_guanzhong,2009-08-08,0.334,0.346,0.307,0.292
shaanxi_guanzhong,2009-08-09,0.326,0.336,0.306,0.292
shaanxi_guanzhong,2009-08-10,0.323,0.33,0.305,0.292
shaanxi_guanzhong,2009-08-11,0.314,0.324,0.304,0.292
shaanxi_guanzhong,2009-08-12,0.302,0.316,0.303,0.292
shaanxi_guanzhong,2009-08-13,0.286,0.306,0.301,0.292
shaanxi_guanzhong,2009-08-14,0.271,0.295,0.299,0.292
shaanxi_guanzhong,2009-08-15,0.258,0.286,0.297,0.292
shaanxi_guanzhong,2009-08-16,0.28,0.281,0.296,0.292
shaanxi_guanzhong,2009-08-17,0.356,0.294,0.295,0.292
shaanxi_guanzhong,2009-08-18,0.344,0.302,0.294,0.292
shaanxi_guanzhong,2009-08-19,0.361,0.324,0.294,0.292
shaanxi_guanzhong,2009-08-20,0.34,0.323,0.294,0.292
shaanxi_guanzhong,2009-08-21,0.369,0.325,0.294,0.292
shaanxi_guanzhong,2009-08-22,0.396,0.356,0.295,0.292
shaanxi_guanzhong,2009-08-23,0.383,0.363,0.296,0.292
shaanxi_guanzhong,2009-08-24,0.362,0.358,0.297,0.292
shaanxi_guanzhong,2009-08-25,0.351,0.349,0.297,0.292
shaanxi_guanzhong,2009-08-26,0.38,0.36,0.298,0.292
shaanxi_guanzhong,2009-08-27,0.357,0.352,0.299,0.292
shaanxi_guanzhong,2009-08-28,0.365,0.352,0.299,0.292
shaanxi_guanzhong,2009-08-29,0.421,0.419,0.323,0.292
shaanxi_guanzhong,2009-08-30,0.392,0.398,0.335,0.293
shaanxi_guanzhong,2009-08-31,0.371,0.381,0.335,0.293
shaanxi_guanzhong,2009-09-01,0.357,0.368,0.335,0.293
shaanxi_guanzhong,2009-09-02,0.348,0.358,0.335,0.293
shaanxi_guanzhong,2009-09-03,0.339,0.35,0.333,0.293
shaanxi_guanzhong,2009-09-04,0.355,0.346,0.332,0.294
shaanxi_guanzhong,2009-09-05,0.366,0.35,0.332,0.294
shaanxi_guanzhong,2009-09-06,0.368,0.351,0.331,0.294
shaanxi_guanzhong,2009-09-07,0.367,0.353,0.331,0.294
shaanxi_guanzhong,2009-09-08,0.386,0.358,0.331,0.294
shaanxi_guanzhong,2009-09-09,0.389,0.367,0.331,0.294
shaanxi_guanzhong,2009-09-10,0.377,0.369,0.331,0.295
shaanxi_guanzhong,2009-09-11,0.392,0.371,0.332,0.295
shaanxi_guanzhong,2009-09-12,0.423,0.406,0.337,0.295
shaanxi_guanzhong,2009-09-13,0.429,0.428,0.365,0.295
shaanxi_guanzhong,2009-09-14,0.415,0.42,0.384,0.296
shaanxi_guanzhong,2009-09-15,0.394,0.404,0.385,0.298
shaanxi_guanzhong,2009-09-16,0.38,0.391,0.383,0.299
shaanxi_guanzhong,2009-09-17,0.37,0.381,0.381,0.3
shaanxi_guanzhong,2009-09-18,0.365,0.374,0.378,0.3
shaanxi_guanzhong,2009-09-19,0.413,0.389,0.377,0.301
shaanxi_guanzhong,2009-09-20,0.406,0.408,0.38,0.302
shaanxi_guanzhong,2009-09-21,0.385,0.394,0.38,0.303
shaanxi_guanzhong,2009-09-22,0.371,0.383,0.378,0.303
shaanxi_guanzhong,2009-09-23,0.361,0.373,0.376,0.304
shaanxi_guanzhong,2009-09-24,0.369,0.368,0.374,0.304
shaanxi_guanzhong,2009-09-25,0.358,0.365,0.372,0.305
shaanxi_guanzhong,2009-09-26,0.35,0.359,0.37,0.305
shaanxi_guanzhong,2009-09-27,0.342,0.353,0.368,0.306
shaanxi_guanzhong,2009-09-28,0.333,0.346,0.366,0.306
shaanxi_guanzhong,2009-09-29,0.325,0.34,0.363,0.306
shaanxi_guanzhong,2009-09-30,0.319,0.334,0.361,0.307
shaanxi_guanzhong,2009-10-01,0.313,0.329,0.359,0.307
shaanxi_guanzhong,2009-10-02,0.309,0.325,0.357,0.307
shaanxi_guanzhong,2009-10-03,0.307,0.322,0.355,0.307
shaanxi_guanzhong,2009-10-04,0.301,0.318,0.353,0.307
shaanxi_guanzhong,2009-10-05,0.293,0.313,0.351,0.308
shaanxi_guanzhong,2009-10-06,0.293,0.309,0.349,0.308
shaanxi_guanzhong,2009-10-07,0.351,0.314,0.348,0.308
shaanxi_guanzhong,2009-10-08,0.388,0.344,0.347,0.308
shaanxi_guanzhong,2009-10-09,0.397,0.363,0.347,0.308
shaanxi_guanzhong,2009-10-10,0.415,0.39,0.35,0.308
shaanxi_guanzhong,2009-10-11,0.422,0.408,0.357,0.309
shaanxi_guanzhong,2009-10-12,0.412,0.411,0.365,0.309
shaanxi_guanzhong,2009-10-13,0.391,0.398,0.368,0.309
shaanxi_guanzhong,2009-10-14,0.378,0.387,0.368,0.31
shaanxi_guanzhong,2009-10-15,0.369,0.379,0.368,0.31
shaanxi_guanzhong,2009-10-16,0.361,0.371,0.367,0.311
shaanxi_guanzhong,2009-10-17,0.353,0.364,0.365,0.311
shaanxi_guanzhong,2009-10-18,0.347,0.358,0.363,0.311
shaanxi_guanzhong,2009-10-19,0.342,0.353,0.362,0.312
shaanxi_guanzhong,2009-10-20,0.338,0.348,0.361,0.312
shaanxi_guanzhong,2009-10-21,0.334,0.345,0.359,0.312
shaanxi_guanzhong,2009-10-22,0.33,0.341,0.358,0.312
shaanxi_guanzhong,2009-10-23,0.324,0.336,0.356,0.313
shaanxi_guanzhong,2009-10-24,0.321,0.333,0.355,0.313
shaanxi_guanzhong,2009-10-25,0.318,0.33,0.353,0.313
shaanxi_guanzhong,2009-10-26,0.317,0.328,0.352,0.313
shaanxi_guanzhong,2009-10-27,0.317,0.326,0.351,0.313
shaanxi_guanzhong,2009-10-28,0.317,0.324,0.35,0.313
shaanxi_guanzhong,2009-10-29,0.313,0.322,0.349,0.313
shaanxi_guanzhong,2009-10-30,0.321,0.321,0.347,0.314
shaanxi_guanzhong,2009-10-31,0.349,0.326,0.347,0.314
shaanxi_guanzhong,2009-11-01,0.333,0.327,0.345,0.314
shaanxi_guanzhong,2009-11-02,0.322,0.325,0.344,0.314
shaanxi_guanzhong,2009-11-03,0.316,0.322,0.343,0.314
shaanxi_guanzhong,2009-11-04,0.313,0.32,0.342,0.314
shaanxi_guanzhong,2009-11-05,0.308,0.318,0.341,0.314
shaanxi_guanzhong,2009-11-06,0.304,0.315,0.34,0.314
shaanxi_guanzhong,2009-11-07,0.3,0.312,0.339,0.314
shaanxi_guanzhong,2009-11-08,0.299,0.31,0.338,0.314
shaanxi_guanzhong,2009-11-09,0.308,0.309,0.337,0.314
shaanxi_guanzhong,2009-11-10,0.373,0.32,0.336,0.314
shaanxi_guanzhong,2009-11-11,0.391,0.356,0.337,0.315
shaanxi_guanzhong,2009-11-12,0.37,0.362,0.337,0.315
shaanxi_guanzhong,2009-11-13,0.371,0.362,0.338,0.315
shaanxi_guanzhong,2009-11-14,0.383,0.365,0.339,0.315
shaanxi_guanzhong,2009-11-15,0.378,0.371,0.34,0.315
shaanxi_guanzhong,2009-11-16,0.37,0.369,0.341,0.315
shaanxi_guanzhong,2009-11-17,0.367,0.367,0.342,0.315
shaanxi_guanzhong,2009-11-18,0.365,0.365,0.342,0.315
shaanxi_guanzhong,2009-11-19,0.366,0.363,0.343,0.315
shaanxi_guanzhong,2009-11-20,0.377,0.365,0.343,0.315
shaanxi_guanzhong,2009-11-21,0.389,0.371,0.344,0.315
shaanxi_guanzhong,2009-11-22,0.401,0.385,0.345,0.316
shaanxi_guanzhong,2009-11-23,0.407,0.399,0.349,0.316
shaanxi_guanzhong,2009-11-24,0.408,0.402,0.353,0.316
shaanxi_guanzhong,2009-11-25,0.405,0.4,0.356,0.316
shaanxi_guanzhong,2009-11-26,0.398,0.396,0.359,0.316
shaanxi_guanzhong,2009-11-27,0.397,0.392,0.361,0.317
shaanxi_guanzhong,2009-11-28,0.417,0.41,0.364,0.317
shaanxi_guanzhong,2009-11-29,0.403,0.403,0.369,0.317
shaanxi_guanzhong,2009-11-30,0.396,0.397,0.371,0.318
shaanxi_guanzhong,2009-12-01,0.39,0.392,0.371,0.318
shaanxi_guanzhong,2009-12-02,0.394,0.39,0.372,0.318
shaanxi_guanzhong,2009-12-03,0.382,0.386,0.372,0.319
shaanxi_guanzhong,2009-12-04,0.376,0.382,0.372,0.319
shaanxi_guanzhong,2009-12-05,0.371,0.377,0.371,0.32
shaanxi_guanzhong,2009-12-06,0.367,0.374,0.371,0.32
shaanxi_guanzhong,2009-12-07,0.373,0.372,0.37,0.32
shaanxi_guanzhong,2009-12-08,0.37,0.372,0.37,0.321
shaanxi_guanzhong,2009-12-09,0.365,0.369,0.369,0.321
shaanxi_guanzhong,2009-12-10,0.362,0.367,0.368,0.321
shaanxi_guanzhong,2009-12-11,0.36,0.365,0.368,0.322
shaanxi_guanzhong,2009-12-12,0.357,0.363,0.367,0.322
shaanxi_guanzhong,2009-12-13,0.356,0.361,0.366,0.322
shaanxi_guanzhong,2009-12-14,0.369,0.361,0.366,0.322
shaanxi_guanzhong,2009-12-15,0.382,0.368,0.365,0.323
shaanxi_guanzhong,2009-12-16,0.378,0.371,0.365,0.323
shaanxi_guanzhong,2009-12-17,0.374,0.372,0.365,0.323
shaanxi_guanzhong,2009-12-18,0.373,0.372,0.365,0.323
shaanxi_guanzhong,2009-12-19,0.373,0.371,0.365,0.324
shaanxi_guanzhong,2009-12-20,0.37,0.371,0.365,0.324
shaanxi_guanzhong,2009-12-21,0.369,0.37,0.364,0.324
shaanxi_guanzhong,2009-12-22,0.37,0.369,0.364,0.324
shaanxi_guanzhong,2009-12-23,0.368,0.369,0.364,0.325
shaanxi_guanzhong,2009-12-24,0.365,0.367,0.364,0.325
shaanxi_guanzhong,2009-12-25,0.362,0.366,0.363,0.325
shaanxi_guanzhong,2009-12-26,0.359,0.364,0.363,0.325
shaanxi_guanzhong,2009-12-27,0.358,0.363,0.363,0.326
shaanxi_guanzhong,2009-12-28,0.357,0.362,0.363,0.326
shaanxi_guanzhong,2009-12-29,0.357,0.361,0.362,0.326
shaanxi_guanzhong,2009-12-30,0.356,0.36,0.362,0.326
shaanxi_guanzhong,2009-12-31,0.355,0.359,0.362,0.326
shaanxi_guanzhong,2010-01-01,0.353,0.358,0.361,0.327
shaanxi_guanzhong,2010-01-02,0.351,0.356,0.361,0.327
shaanxi_guanzhong,2010-01-03,0.349,0.354,0.36,0.327
shaanxi_guanzhong,2010-01-04,0.347,0.353,0.36,0.327
shaanxi_guanzhong,2010-01-05,0.346,0.352,0.359,0.327
shaanxi_guanzhong,2010-01-06,0.345,0.351,0.359,0.327
shaanxi_guanzhong,2010-01-07,0.344,0.35,0.358,0.328
shaanxi_guanzhong,2010-01-08,0.343,0.349,0.358,0.328
shaanxi_guanzhong,2010-01-09,0.341,0.348,0.357,0.328
shaanxi_guanzhong,2010-01-10,0.34,0.346,0.357,0.328
shaanxi_guanzhong,2010-01-11,0.339,0.345,0.356,0.328
shaanxi_guanzhong,2010-01-12,0.338,0.344,0.356,0.328
shaanxi_guanzhong,2010-01-13,0.337,0.343,0.355,0.328
shaanxi_guanzhong,2010-01-14,0.336,0.342,0.355,0.329
shaanxi_guanzhong,2010-01-15,0.334,0.34,0.354,0.329
shaanxi_guanzhong,2010-01-16,0.332,0.339,0.353,0.329
shaanxi_guanzhong,2010-01-17,0.331,0.338,0.353,0.329
shaanxi_guanzhong,2010-01-18,0.33,0.337,0.352,0.329
shaanxi_guanzhong,2010-01-19,0.328,0.335,0.352,0.329
shaanxi_guanzhong,2010-01-20,0.326,0.334,0.351,0.329
shaanxi_guanzhong,2010-01-21,0.323,0.332,0.35,0.329
shaanxi_guanzhong,2010-01-22,0.322,0.33,0.35,0.329
shaanxi_guanzhong,2010-01-23,0.321,0.329,0.349,0.329
shaanxi_guanzhong,2010-01-24,0.32,0.329,0.348,0.329
shaanxi_guanzhong,2010-01-25,0.32,0.327,0.348,0.329
shaanxi_guanzhong,2010-01-26,0.32,0.327,0.347,0.329
shaanxi_guanzhong,2010-01-27,0.319,0.326,0.347,0.33
shaanxi_guanzhong,2010-01-28,0.317,0.325,0.346,0.33
shaanxi_guanzhong,2010-01-29,0.315,0.323,0.345,0.33
shaanxi_guanzhong,2010-01-30,0.314,0.322,0.344,0.33
shaanxi_guanzhong,2010-01-31,0.312,0.321,0.344,0.33
shaanxi_guanzhong,2010-02-01,0.311,0.32,0.343,0.33
shaanxi_guanzhong,2010-02-02,0.309,0.318,0.342,0.33
shaanxi_guanzhong,2010-02-03,0.307,0.316,0.342,0.33
shaanxi_guanzhong,2010-02-04,0.305,0.315,0.341,0.33
shaanxi_guanzhong,2010-02-05,0.304,0.314,0.34,0.33
shaanxi_guanzhong,2010-02-06,0.302,0.312,0.339,0.33
shaanxi_guanzhong,2010-02-07,0.301,0.311,0.339,0.33
shaanxi_guanzhong,2010-02-08,0.299,0.31,0.338,0.33
shaanxi_guanzhong,2010-02-09,0.301,0.308,0.337,0.33
shaanxi_guanzhong,2010-02-10,0.327,0.31,0.337,0.33
shaanxi_guanzhong,2010-02-11,0.324,0.313,0.336,0.33
shaanxi_guanzhong,2010-02-12,0.333,0.315,0.336,0.33
shaanxi_guanzhong,2010-02-13,0.341,0.32,0.336,0.33
shaanxi_guanzhong,2010-02-14,0.342,0.323,0.335,0.33
shaanxi_guanzhong,2010-02-15,0.343,0.327,0.335,0.33
shaanxi_guanzhong,2010-02-16,0.346,0.33,0.335,0.33
shaanxi_guanzhong,2010-02-17,0.357,0.334,0.335,0.33
shaanxi_guanzhong,2010-02-18,0.37,0.342,0.335,0.33
shaanxi_guanzhong,2010-02-19,0.376,0.35,0.335,0.33
shaanxi_guanzhong,2010-02-20,0.375,0.356,0.335,0.33
shaanxi_guanzhong,2010-02-21,0.369,0.358,0.336,0.33
shaanxi_guanzhong,2010-02-22,0.36,0.356,0.336,0.33
shaanxi_guanzhong,2010-02-23,0.351,0.351,0.336,0.33
shaanxi_guanzhong,2010-02-24,0.342,0.347,0.335,0.33
shaanxi_guanzhong,2010-02-25,0.334,0.342,0.335,0.33
shaanxi_guanzhong,2010-02-26,0.33,0.337,0.334,0.33
shaanxi_guanzhong,2010-02-27,0.327,0.335,0.334,0.33
shaanxi_guanzhong,2010-02-28,0.337,0.332,0.333,0.33
shaanxi_guanzhong,2010-03-01,0.344,0.334,0.333,0.33
shaanxi_guanzhong,2010-03-02,0.36,0.337,0.333,0.33
shaanxi_guanzhong,2010-03-03,0.403,0.363,0.333,0.33
shaanxi_guanzhong,2010-03-04,0.381,0.374,0.335,0.33
shaanxi_guanzhong,2010-03-05,0.388,0.374,0.336,0.33
shaanxi_guanzhong,2010-03-06,0.385,0.375,0.338,0.33
shaanxi_guanzhong,2010-03-07,0.381,0.374,0.339,0.33
shaanxi_guanzhong,2010-03-08,0.378,0.372,0.34,0.33
shaanxi_guanzhong,2010-03-09,0.366,0.368,0.341,0.33
shaanxi_guanzhong,2010-03-10,0.36,0.362,0.341,0.33
shaanxi_guanzhong,2010-03-11,0.353,0.357,0.341,0.33
shaanxi_guanzhong,2010-03-12,0.344,0.351,0.341,0.33
shaanxi_guanzhong,2010-03-13,0.335,0.345,0.34,0.33
shaanxi_guanzhong,2010-03-14,0.363,0.344,0.339,0.33
shaanxi_guanzhong,2010-03-15,0.359,0.349,0.339,0.33
shaanxi_guanzhong,2010-03-16,0.346,0.346,0.339,0.33
shaanxi_guanzhong,2010-03-17,0.334,0.341,0.338,0.33
shaanxi_guanzhong,2010-03-18,0.324,0.334,0.337,0.33
shaanxi_guanzhong,2010-03-19,0.314,0.328,0.335,0.33
shaanxi_guanzhong,2010-03-20,0.303,0.32,0.334,0.33
shaanxi_guanzhong,2010-03-21,0.295,0.314,0.332,0.33
shaanxi_guanzhong,2010-03-22,0.3,0.309,0.331,0.33
shaanxi_guanzhong,2010-03-23,0.338,0.311,0.33,0.33
shaanxi_guanzhong,2010-03-24,0.33,0.314,0.33,0.33
shaanxi_guanzhong,2010-03-25,0.32,0.313,0.329,0.33
shaanxi_guanzhong,2010-03-26,0.311,0.311,0.328,0.33
shaanxi_guanzhong,2010-03-27,0.304,0.308,0.327,0.33
shaanxi_guanzhong,2010-03-28,0.293,0.303,0.326,0.33
shaanxi_guanzhong,2010-03-29,0.3,0.3,0.324,0.329
shaanxi_guanzhong,2010-03-30,0.305,0.3,0.324,0.329
shaanxi_guanzhong,2010-03-31,0.337,0.302,0.323,0.329
shaanxi_guanzhong,2010-04-01,0.366,0.33,0.323,0.329
shaanxi_guanzhong,2010-04-02,0.338,0.329,0.322,0.329
shaanxi_guanzhong,2010-04-03,0.323,0.324,0.321,0.329
shaanxi_guanzhong,2010-04-04,0.311,0.318,0.32,0.329
shaanxi_guanzhong,2010-04-05,0.3,0.311,0.318,0.329
shaanxi_guanzhong,2010-04-06,0.292,0.305,0.317,0.329
shaanxi_guanzhong,2010-04-07,0.29,0.301,0.316,0.329
shaanxi_guanzhong,2010-04-08,0.292,0.298,0.315,0.329
shaanxi_guanzhong,2010-04-09,0.281,0.293,0.314,0.329
shaanxi_guanzhong,2010-04-10,0.274,0.288,0.313,0.329
shaanxi_guanzhong,2010-04-11,0.277,0.286,0.312,0.329
shaanxi_guanzhong,2010-04-12,0.318,0.287,0.311,0.328
shaanxi_guanzhong,2010-04-13,0.311,0.289,0.31,0.328
shaanxi_guanzhong,2010-04-14,0.313,0.289,0.31,0.328
shaanxi_guanzhong,2010-04-15,0.319,0.29,0.309,0.328
shaanxi_guanzhong,2010-04-16,0.313,0.289,0.308,0.328
shaanxi_guanzhong,2010-04-17,0.301,0.287,0.306,0.328
shaanxi_guanzhong,2010-04-18,0.289,0.284,0.305,0.328
shaanxi_guanzhong,2010-04-19,0.277,0.28,0.304,0.328
shaanxi_guanzhong,2010-04-20,0.362,0.293,0.303,0.328
shaanxi_guanzhong,2010-04-21,0.407,0.379,0.306,0.328
shaanxi_guanzhong,2010-04-22,0.377,0.375,0.309,0.328
shaanxi_guanzhong,2010-04-23,0.357,0.362,0.31,0.328
shaanxi_guanzhong,2010-04-24,0.343,0.351,0.31,0.328
shaanxi_guanzhong,2010-04-25,0.345,0.343,0.31,0.327
shaanxi_guanzhong,2010-04-26,0.328,0.335,0.31,0.327
shaanxi_guanzhong,2010-04-27,0.312,0.325,0.308,0.327
shaanxi_guanzhong,2010-04-28,0.298,0.315,0.307,0.327
shaanxi_guanzhong,2010-04-29,0.285,0.306,0.305,0.327
shaanxi_guanzhong,2010-04-30,0.273,0.297,0.304,0.327
shaanxi_guanzhong,2010-05-01,0.262,0.288,0.302,0.327
shaanxi_guanzhong,2010-05-02,0.251,0.28,0.3,0.327
shaanxi_guanzhong,2010-05-03,0.252,0.274,0.299,0.326
shaanxi_guanzhong,2010-05-04,0.258,0.271,0.298,0.326
shaanxi_guanzhong,2010-05-05,0.247,0.265,0.296,0.326
shaanxi_guanzhong,2010-05-06,0.245,0.261,0.295,0.326
shaanxi_guanzhong,2010-05-07,0.235,0.256,0.293,0.326
shaanxi_guanzhong,2010-05-08,0.228,0.252,0.292,0.326
shaanxi_guanzhong,2010-05-09,0.22,0.247,0.29,0.326
shaanxi_guanzhong,2010-05-10,0.212,0.242,0.288,0.326
shaanxi_guanzhong,2010-05-11,0.202,0.236,0.286,0.325
shaanxi_guanzhong,2010-05-12,0.246,0.234,0.285,0.325
shaanxi_guanzhong,2010-05-13,0.321,0.24,0.285,0.325
shaanxi_guanzhong,2010-05-14,0.335,0.254,0.284,0.325
shaanxi_guanzhong,2010-05-15,0.309,0.26,0.284,0.325
shaanxi_guanzhong,2010-05-16,0.31,0.262,0.283,0.325
shaanxi_guanzhong,2010-05-17,0.32,0.268,0.283,0.325
shaanxi_guanzhong,2010-05-18,0.316,0.271,0.282,0.325
shaanxi_guanzhong,2010-05-19,0.289,0.269,0.281,0.325
shaanxi_guanzhong,2010-05-20,0.27,0.264,0.279,0.324
shaanxi_guanzhong,2010-05-21,0.268,0.261,0.279,0.324
shaanxi_guanzhong,2010-05-22,0.258,0.258,0.278,0.324
shaanxi_guanzhong,2010-05-23,0.24,0.251,0.276,0.324
shaanxi_guanzhong,2010-05-24,0.225,0.244,0.274,0.324
shaanxi_guanzhong,2010-05-25,0.213,0.237,0.272,0.323
shaanxi_guanzhong,2010-05-26,0.316,0.246,0.271,0.323
shaanxi_guanzhong,2010-05-27,0.337,0.267,0.271,0.323
shaanxi_guanzhong,2010-05-28,0.307,0.27,0.27,0.323
shaanxi_guanzhong,2010-05-29,0.284,0.267,0.269,0.323
shaanxi_guanzhong,2010-05-30,0.268,0.262,0.268,0.323
shaanxi_guanzhong,2010-05-31,0.262,0.259,0.267,0.323
shaanxi_guanzhong,2010-06-01,0.337,0.264,0.267,0.322
shaanxi_guanzhong,2010-06-02,0.322,0.274,0.267,0.322
shaanxi_guanzhong,2010-06-03,0.295,0.272,0.266,0.322
shaanxi_guanzhong,2010-06-04,0.276,0.267,0.265,0.322
shaanxi_guanzhong,2010-06-05,0.26,0.262,0.264,0.322
shaanxi_guanzhong,2010-06-06,0.248,0.256,0.263,0.322
shaanxi_guanzhong,2010-06-07,0.335,0.269,0.262,0.322
shaanxi_guanzhong,2010-06-08,0.405,0.358,0.264,0.321
shaanxi_guanzhong,2010-06-09,0.386,0.364,0.269,0.321
shaanxi_guanzhong,2010-06-10,0.359,0.354,0.272,0.321
shaanxi_guanzhong,2010-06-11,0.336,0.341,0.272,0.321
shaanxi_guanzhong,2010-06-12,0.319,0.329,0.273,0.321
shaanxi_guanzhong,2010-06-13,0.305,0.318,0.272,0.321
shaanxi_guanzhong,2010-06-14,0.288,0.307,0.271,0.321
shaanxi_guanzhong,2010-06-15,0.271,0.295,0.27,0.32
shaanxi_guanzhong,2010-06-16,0.256,0.284,0.269,0.32
shaanxi_guanzhong,2010-06-17,0.241,0.274,0.267,0.32
shaanxi_guanzhong,2010-06-18,0.227,0.263,0.265,0.32
shaanxi_guanzhong,2010-06-19,0.217,0.255,0.264,0.32
shaanxi_guanzhong,2010-06-20,0.205,0.246,0.262,0.32
shaanxi_guanzhong,2010-06-21,0.195,0.237,0.26,0.319
shaanxi_guanzhong,2010-06-22,0.185,0.229,0.258,0.319
shaanxi_guanzhong,2010-06-23,0.177,0.221,0.256,0.319
shaanxi_guanzhong,2010-06-24,0.171,0.216,0.254,0.319
shaanxi_guanzhong,2010-06-25,0.165,0.21,0.252,0.318
shaanxi_guanzhong,2010-06-26,0.173,0.206,0.251,0.318
shaanxi_guanzhong,2010-06-27,0.192,0.204,0.25,0.318
shaanxi_guanzhong,2010-06-28,0.188,0.202,0.249,0.318
shaanxi_guanzhong,2010-06-29,0.185,0.2,0.248,0.318
shaanxi_guanzhong,2010-06-30,0.191,0.197,0.247,0.317
shaanxi_guanzhong,2010-07-01,0.268,0.198,0.246,0.317
shaanxi_guanzhong,2010-07-02,0.293,0.203,0.245,0.317
shaanxi_guanzhong,2010-07-03,0.333,0.226,0.245,0.317
shaanxi_guanzhong,2010-07-04,0.286,0.229,0.244,0.317
shaanxi_guanzhong,2010-07-05,0.257,0.226,0.242,0.316
shaanxi_guanzhong,2010-07-06,0.233,0.22,0.24,0.316
shaanxi_guanzhong,2010-07-07,0.226,0.215,0.239,0.316
shaanxi_guanzhong,2010-07-08,0.383,0.295,0.238,0.316
shaanxi_guanzhong,2010-07-09,0.398,0.359,0.241,0.316
shaanxi_guanzhong,2010-07-10,0.386,0.379,0.248,0.316
shaanxi_guanzhong,2010-07-11,0.355,0.359,0.251,0.315
shaanxi_guanzhong,2010-07-12,0.334,0.343,0.252,0.315
shaanxi_guanzhong,2010-07-13,0.319,0.33,0.253,0.315
shaanxi_guanzhong,2010-07-14,0.374,0.334,0.253,0.315
shaanxi_guanzhong,2010-07-15,0.417,0.386,0.258,0.315
shaanxi_guanzhong,2010-07-16,0.406,0.396,0.269,0.315
shaanxi_guanzhong,2010-07-17,0.419,0.414,0.286,0.315
shaanxi_guanzhong,2010-07-18,0.39,0.394,0.299,0.315
shaanxi_guanzhong,2010-07-19,0.368,0.375,0.302,0.315
shaanxi_guanzhong,2010-07-20,0.348,0.359,0.302,0.315
shaanxi_guanzhong,2010-07-21,0.332,0.345,0.302,0.315
shaanxi_guanzhong,2010-07-22,0.35,0.338,0.301,0.314
shaanxi_guanzhong,2010-07-23,0.426,0.407,0.309,0.314
shaanxi_guanzhong,2010-07-24,0.426,0.424,0.342,0.315
shaanxi_guanzhong,2010-07-25,0.423,0.421,0.364,0.315
shaanxi_guanzhong,2010-07-26,0.413,0.417,0.374,0.316
shaanxi_guanzhong,2010-07-27,0.391,0.4,0.375,0.317
shaanxi_guanzhong,2010-07-28,0.374,0.385,0.373,0.317
shaanxi_guanzhong,2010-07-29,0.36,0.373,0.371,0.318
shaanxi_guanzhong,2010-07-30,0.348,0.363,0.368,0.319
shaanxi_guanzhong,2010-07-31,0.338,0.352,0.365,0.319
shaanxi_guanzhong,2010-08-01,0.375,0.351,0.362,0.319
shaanxi_guanzhong,2010-08-02,0.396,0.368,0.361,0.32
shaanxi_guanzhong,2010-08-03,0.379,0.374,0.36,0.32
shaanxi_guanzhong,2010-08-04,0.365,0.366,0.359,0.32
shaanxi_guanzhong,2010-08-05,0.37,0.362,0.357,0.32
shaanxi_guanzhong,2010-08-06,0.346,0.353,0.354,0.32
shaanxi_guanzhong,2010-08-07,0.329,0.343,0.352,0.321
shaanxi_guanzhong,2010-08-08,0.317,0.334,0.35,0.321
shaanxi_guanzhong,2010-08-09,0.306,0.325,0.348,0.321
shaanxi_guanzhong,2010-08-10,0.295,0.317,0.345,0.321
shaanxi_guanzhong,2010-08-11,0.286,0.309,0.343,0.321
shaanxi_guanzhong,2010-08-12,0.353,0.319,0.341,0.321
shaanxi_guanzhong,2010-08-13,0.408,0.359,0.341,0.321
shaanxi_guanzhong,2010-08-14,0.423,0.423,0.358,0.321
shaanxi_guanzhong,2010-08-15,0.395,0.404,0.369,0.322
shaanxi_guanzhong,2010-08-16,0.375,0.387,0.368,0.322
shaanxi_guanzhong,2010-08-17,0.359,0.373,0.366,0.322
shaanxi_guanzhong,2010-08-18,0.372,0.367,0.365,0.323
shaanxi_guanzhong,2010-08-19,0.424,0.412,0.372,0.323
shaanxi_guanzhong,2010-08-20,0.41,0.414,0.388,0.324
shaanxi_guanzhong,2010-08-21,0.423,0.42,0.392,0.325
shaanxi_guanzhong,2010-08-22,0.406,0.414,0.398,0.327
shaanxi_guanzhong,2010-08-23,0.427,0.425,0.405,0.328
shaanxi_guanzhong,2010-08-24,0.42,0.425,0.419,0.332
shaanxi_guanzhong,2010-08-25,0.409,0.415,0.416,0.336
shaanxi_guanzhong,2010-08-26,0.393,0.404,0.412,0.338
shaanxi_guanzhong,2010-08-27,0.388,0.393,0.408,0.339
shaanxi_guanzhong,2010-08-28,0.373,0.384,0.404,0.341
shaanxi_guanzhong,2010-08-29,0.36,0.373,0.4,0.342
shaanxi_guanzhong,2010-08-30,0.37,0.369,0.396,0.342
shaanxi_guanzhong,2010-08-31,0.364,0.368,0.394,0.343
shaanxi_guanzhong,2010-09-01,0.351,0.362,0.391,0.344
shaanxi_guanzhong,2010-09-02,0.344,0.356,0.388,0.344
shaanxi_guanzhong,2010-09-03,0.335,0.349,0.385,0.344
shaanxi_guanzhong,2010-09-04,0.355,0.347,0.382,0.345
shaanxi_guanzhong,2010-09-05,0.364,0.35,0.38,0.345
shaanxi_guanzhong,2010-09-06,0.421,0.407,0.389,0.345
shaanxi_guanzhong,2010-09-07,0.408,0.415,0.402,0.346
shaanxi_guanzhong,2010-09-08,0.396,0.404,0.402,0.347
shaanxi_guanzhong,2010-09-09,0.422,0.424,0.41,0.349
shaanxi_guanzhong,2010-09-10,0.402,0.413,0.415,0.351
shaanxi_guanzhong,2010-09-11,0.386,0.398,0.411,0.353
shaanxi_guanzhong,2010-09-12,0.373,0.386,0.406,0.354
shaanxi_guanzhong,2010-09-13,0.362,0.376,0.402,0.355
shaanxi_guanzhong,2010-09-14,0.353,0.368,0.399,0.356
shaanxi_guanzhong,2010-09-15,0.346,0.36,0.395,0.356
shaanxi_guanzhong,2010-09-16,0.341,0.354,0.392,0.357
shaanxi_guanzhong,2010-09-17,0.334,0.349,0.389,0.357
shaanxi_guanzhong,2010-09-18,0.329,0.344,0.386,0.357
shaanxi_guanzhong,2010-09-19,0.325,0.339,0.383,0.357
shaanxi_guanzhong,2010-09-20,0.319,0.335,0.38,0.358
shaanxi_guanzhong,2010-09-21,0.369,0.342,0.378,0.358
shaanxi_guanzhong,2010-09-22,0.36,0.347,0.376,0.358
shaanxi_guanzhong,2010-09-23,0.359,0.349,0.375,0.358
shaanxi_guanzhong,2010-09-24,0.408,0.38,0.375,0.358
shaanxi_guanzhong,2010-09-25,0.418,0.415,0.381,0.358
shaanxi_guanzhong,2010-09-26,0.395,0.403,0.385,0.358
shaanxi_guanzhong,2010-09-27,0.381,0.391,0.385,0.359
shaanxi_guanzhong,2010-09-28,0.394,0.388,0.384,0.359
shaanxi_guanzhong,2010-09-29,0.408,0.405,0.386,0.359
shaanxi_guanzhong,2010-09-30,0.398,0.399,0.387,0.359
shaanxi_guanzhong,2010-10-01,0.405,0.4,0.387,0.36
shaanxi_guanzhong,2010-10-02,0.394,0.399,0.388,0.36
shaanxi_guanzhong,2010-10-03,0.378,0.388,0.388,0.36
shaanxi_guanzhong,2010-10-04,0.368,0.379,0.386,0.361
shaanxi_guanzhong,2010-10-05,0.359,0.371,0.384,0.361
shaanxi_guanzhong,2010-10-06,0.354,0.365,0.382,0.361
shaanxi_guanzhong,2010-10-07,0.348,0.36,0.38,0.361
shaanxi_guanzhong,2010-10-08,0.341,0.354,0.378,0.361
shaanxi_guanzhong,2010-10-09,0.334,0.348,0.376,0.361
shaanxi_guanzhong,2010-10-10,0.389,0.372,0.375,0.361
shaanxi_guanzhong,2010-10-11,0.396,0.398,0.377,0.362
shaanxi_guanzhong,2010-10-12,0.389,0.39,0.378,0.362
shaanxi_guanzhong,2010-10-13,0.384,0.388,0.378,0.362
shaanxi_guanzhong,2010-10-14,0.374,0.382,0.378,0.362
shaanxi_guanzhong,2010-10-15,0.364,0.374,0.377,0.362
shaanxi_guanzhong,2010-10-16,0.357,0.368,0.376,0.362
shaanxi_guanzhong,2010-10-17,0.351,0.362,0.375,0.362
shaanxi_guanzhong,2010-10-18,0.348,0.357,0.374,0.362
shaanxi_guanzhong,2010-10-19,0.347,0.354,0.372,0.362
shaanxi_guanzhong,2010-10-20,0.354,0.352,0.371,0.362
shaanxi_guanzhong,2010-10-21,0.345,0.35,0.37,0.362
shaanxi_guanzhong,2010-10-22,0.338,0.347,0.368,0.362
shaanxi_guanzhong,2010-10-23,0.334,0.344,0.367,0.362
shaanxi_guanzhong,2010-10-24,0.353,0.343,0.366,0.362
shaanxi_guanzhong,2010-10-25,0.384,0.358,0.365,0.362
shaanxi_guanzhong,2010-10-26,0.385,0.366,0.365,0.362
shaanxi_guanzhong,2010-10-27,0.377,0.371,0.365,0.362
shaanxi_guanzhong,2010-10-28,0.367,0.369,0.365,0.362
shaanxi_guanzhong,2010-10-29,0.36,0.365,0.365,0.362
shaanxi_guanzhong,2010-10-30,0.353,0.361,0.364,0.362
shaanxi_guanzhong,2010-10-31,0.349,0.357,0.363,0.362
shaanxi_guanzhong,2010-11-01,0.355,0.354,0.363,0.362
shaanxi_guanzhong,2010-11-02,0.372,0.359,0.362,0.362
shaanxi_guanzhong,2010-11-03,0.357,0.358,0.362,0.362
shaanxi_guanzhong,2010-11-04,0.349,0.354,0.361,0.362
shaanxi_guanzhong,2010-11-05,0.344,0.351,0.36,0.362
shaanxi_guanzhong,2010-11-06,0.34,0.348,0.359,0.362
shaanxi_guanzhong,2010-11-07,0.336,0.345,0.358,0.362
shaanxi_guanzhong,2010-11-08,0.331,0.341,0.357,0.362
shaanxi_guanzhong,2010-11-09,0.327,0.338,0.356,0.362
shaanxi_guanzhong,2010-11-10,0.324,0.334,0.355,0.362
shaanxi_guanzhong,2010-11-11,0.321,0.332,0.354,0.362
shaanxi_guanzhong,2010-11-12,0.322,0.33,0.353,0.362
shaanxi_guanzhong,2010-11-13,0.324,0.329,0.352,0.362
shaanxi_guanzhong,2010-11-14,0.322,0.328,0.351,0.361
shaanxi_guanzhong,2010-11-15,0.32,0.326,0.351,0.361
shaanxi_guanzhong,2010-11-16,0.316,0.325,0.35,0.361
shaanxi_guanzhong,2010-11-17,0.313,0.323,0.349,0.361
shaanxi_guanzhong,2010-11-18,0.312,0.321,0.348,0.361
shaanxi_guanzhong,2010-11-19,0.31,0.32,0.347,0.361
shaanxi_guanzhong,2010-11-20,0.308,0.318,0.346,0.361
shaanxi_guanzhong,2010-11-21,0.304,0.316,0.345,0.361
shaanxi_guanzhong,2010-11-22,0.302,0.314,0.344,0.361
shaanxi_guanzhong,2010-11-23,0.301,0.313,0.343,0.361
shaanxi_guanzhong,2010-11-24,0.3,0.311,0.342,0.36
shaanxi_guanzhong,2010-11-25,0.298,0.31,0.342,0.36
shaanxi_guanzhong,2010-11-26,0.297,0.308,0.341,0.36
shaanxi_guanzhong,2010-11-27,0.296,0.307,0.34,0.36
shaanxi_guanzhong,2010-11-28,0.295,0.306,0.339,0.36
shaanxi_guanzhong,2010-11-29,0.293,0.305,0.338,0.36
shaanxi_guanzhong,2010-11-30,0.291,0.303,0.337,0.36
shaanxi_guanzhong,2010-12-01,0.29,0.302,0.337,0.36
shaanxi_guanzhong,2010-12-02,0.288,0.301,0.336,0.36
shaanxi_guanzhong,2010-12-03,0.287,0.3,0.335,0.359
shaanxi_guanzhong,2010-12-04,0.286,0.299,0.334,0.359
shaanxi_guanzhong,2010-12-05,0.284,0.297,0.333,0.359
shaanxi_guanzhong,2010-12-06,0.282,0.296,0.332,0.359
shaanxi_guanzhong,2010-12-07,0.281,0.295,0.332,0.359
shaanxi_guanzhong,2010-12-08,0.28,0.294,0.331,0.359
shaanxi_guanzhong,2010-12-09,0.28,0.293,0.33,0.359
shaanxi_guanzhong,2010-12-10,0.279,0.292,0.329,0.358
shaanxi_guanzhong,2010-12-11,0.278,0.291,0.329,0.358
shaanxi_guanzhong,2010-12-12,0.278,0.291,0.328,0.358
shaanxi_guanzhong,2010-12-13,0.277,0.29,0.327,0.358
shaanxi_guanzhong,2010-12-14,0.276,0.289,0.327,0.358
shaanxi_guanzhong,2010-12-15,0.276,0.289,0.326,0.358
shaanxi_guanzhong,2010-12-16,0.276,0.289,0.326,0.358
shaanxi_guanzhong,2010-12-17,0.277,0.289,0.325,0.357
shaanxi_guanzhong,2010-12-18,0.277,0.289,0.325,0.357
shaanxi_guanzhong,2010-12-19,0.278,0.288,0.324,0.357
shaanxi_guanzhong,2010-12-20,0.278,0.288,0.324,0.357
shaanxi_guanzhong,2010-12-21,0.279,0.288,0.323,0.357
shaanxi_guanzhong,2010-12-22,0.28,0.288,0.323,0.357
shaanxi_guanzhong,2010-12-23,0.281,0.288,0.322,0.357
shaanxi_guanzhong,2010-12-24,0.281,0.288,0.322,0.356
shaanxi_guanzhong,2010-12-25,0.282,0.288,0.321,0.356
shaanxi_guanzhong,2010-12-26,0.286,0.288,0.321,0.356
shaanxi_guanzhong,2010-12-27,0.293,0.289,0.321,0.356
shaanxi_guanzhong,2010-12-28,0.299,0.29,0.32,0.356
shaanxi_guanzhong,2010-12-29,0.3,0.291,0.32,0.356
shaanxi_guanzhong,2010-12-30,0.298,0.292,0.32,0.356
shaanxi_guanzhong,2010-12-31,0.298,0.294,0.32,0.356
shaanxi_guanzhong,2011-01-01,0.296,0.294,0.319,0.355
shaanxi_guanzhong,2011-01-02,0.295,0.295,0.319,0.355
shaanxi_guanzhong,2011-01-03,0.295,0.295,0.319,0.355
shaanxi_guanzhong,2011-01-04,0.296,0.296,0.319,0.355
shaanxi_guanzhong,2011-01-05,0.297,0.296,0.319,0.355
shaanxi_guanzhong,2011-01-06,0.297,0.297,0.318,0.355
shaanxi_guanzhong,2011-01-07,0.296,0.297,0.318,0.355
shaanxi_guanzhong,2011-01-08,0.297,0.298,0.318,0.355
shaanxi_guanzhong,2011-01-09,0.296,0.298,0.318,0.354
shaanxi_guanzhong,2011-01-10,0.298,0.298,0.318,0.354
shaanxi_guanzhong,2011-01-11,0.301,0.299,0.318,0.354
shaanxi_guanzhong,2011-01-12,0.305,0.299,0.318,0.354
shaanxi_guanzhong,2011-01-13,0.308,0.3,0.318,0.354
shaanxi_guanzhong,2011-01-14,0.31,0.301,0.317,0.354
shaanxi_guanzhong,2011-01-15,0.308,0.302,0.317,0.354
shaanxi_guanzhong,2011-01-16,0.307,0.303,0.317,0.354
shaanxi_guanzhong,2011-01-17,0.307,0.303,0.317,0.353
shaanxi_guanzhong,2011-01-18,0.306,0.304,0.317,0.353
shaanxi_guanzhong,2011-01-19,0.307,0.304,0.317,0.353
shaanxi_guanzhong,2011-01-20,0.308,0.304,0.317,0.353
shaanxi_guanzhong,2011-01-21,0.312,0.305,0.317,0.353
shaanxi_guanzhong,2011-01-22,0.316,0.306,0.317,0.353
shaanxi_guanzhong,2011-01-23,0.315,0.307,0.317,0.353
shaanxi_guanzhong,2011-01-24,0.314,0.307,0.317,0.353
shaanxi_guanzhong,2011-01-25,0.313,0.308,0.317,0.353
shaanxi_guanzhong,2011-01-26,0.312,0.308,0.317,0.352
shaanxi_guanzhong,2011-01-27,0.311,0.308,0.317,0.352
shaanxi_guanzhong,2011-01-28,0.311,0.309,0.317,0.352
shaanxi_guanzhong,2011-01-29,0.31,0.309,0.317,0.352
shaanxi_guanzhong,2011-01-30,0.31,0.309,0.317,0.352
shaanxi_guanzhong,2011-01-31,0.311,0.309,0.317,0.352
shaanxi_guanzhong,2011-02-01,0.314,0.309,0.317,0.352
shaanxi_guanzhong,2011-02-02,0.316,0.31,0.317,0.352
shaanxi_guanzhong,2011-02-03,0.314,0.31,0.316,0.352
shaanxi_guanzhong,2011-02-04,0.31,0.31,0.316,0.351
shaanxi_guanzhong,2011-02-05,0.307,0.309,0.316,0.351
shaanxi_guanzhong,2011-02-06,0.305,0.309,0.316,0.351
shaanxi_guanzhong,2011-02-07,0.302,0.308,0.315,0.351
shaanxi_guanzhong,2011-02-08,0.299,0.306,0.315,0.351
shaanxi_guanzhong,2011-02-09,0.317,0.306,0.315,0.351
shaanxi_guanzhong,2011-02-10,0.329,0.308,0.315,0.351
shaanxi_guanzhong,2011-02-11,0.331,0.31,0.314,0.351
shaanxi_guanzhong,2011-02-12,0.328,0.312,0.314,0.35
shaanxi_guanzhong,2011-02-13,0.325,0.313,0.314,0.35
shaanxi_guanzhong,2011-02-14,0.321,0.314,0.314,0.35
shaanxi_guanzhong,2011-02-15,0.318,0.314,0.314,0.35
shaanxi_guanzhong,2011-02-16,0.318,0.313,0.314,0.35
shaanxi_guanzhong,2011-02-17,0.315,0.312,0.314,0.35
shaanxi_guanzhong,2011-02-18,0.314,0.311,0.313,0.35
shaanxi_guanzhong,2011-02-19,0.325,0.312,0.313,0.35
shaanxi_guanzhong,2011-02-20,0.32,0.312,0.313,0.35
shaanxi_guanzhong,2011-02-21,0.313,0.311,0.313,0.349
shaanxi_guanzhong,2011-02-22,0.308,0.309,0.312,0.349
shaanxi_guanzhong,2011-02-23,0.302,0.307,0.312,0.349
shaanxi_guanzhong,2011-02-24,0.296,0.304,0.311,0.349
shaanxi_guanzhong,2011-02-25,0.296,0.302,0.311,0.349
shaanxi_guanzhong,2011-02-26,0.337,0.303,0.311,0.349
shaanxi_guanzhong,2011-02-27,0.348,0.312,0.311,0.349
shaanxi_guanzhong,2011-02-28,0.372,0.322,0.311,0.349
shaanxi_guanzhong,2011-03-01,0.355,0.333,0.311,0.349
shaanxi_guanzhong,2011-03-02,0.34,0.333,0.311,0.348
shaanxi_guanzhong,2011-03-03,0.331,0.33,0.311,0.348
shaanxi_guanzhong,2011-03-04,0.324,0.326,0.311,0.348
shaanxi_guanzhong,2011-03-05,0.321,0.324,0.311,0.348
shaanxi_guanzhong,2011-03-06,0.316,0.32,0.31,0.348
shaanxi_guanzhong,2011-03-07,0.309,0.316,0.31,0.348
shaanxi_guanzhong,2011-03-08,0.302,0.312,0.309,0.348
shaanxi_guanzhong,2011-03-09,0.299,0.308,0.309,0.347
shaanxi_guanzhong,2011-03-10,0.293,0.303,0.308,0.347
shaanxi_guanzhong,2011-03-11,0.286,0.299,0.307,0.347
shaanxi_guanzhong,2011-03-12,0.28,0.295,0.306,0.347
shaanxi_guanzhong,2011-03-13,0.274,0.29,0.305,0.347
shaanxi_guanzhong,2011-03-14,0.267,0.287,0.304,0.347
shaanxi_guanzhong,2011-03-15,0.263,0.283,0.304,0.347
shaanxi_guanzhong,2011-03-16,0.258,0.279,0.303,0.346
shaanxi_guanzhong,2011-03-17,0.253,0.275,0.302,0.346
shaanxi_guanzhong,2011-03-18,0.248,0.271,0.301,0.346
shaanxi_guanzhong,2011-03-19,0.248,0.269,0.3,0.346
shaanxi_guanzhong,2011-03-20,0.29,0.269,0.3,0.346
shaanxi_guanzhong,2011-03-21,0.34,0.28,0.299,0.346
shaanxi_guanzhong,2011-03-22,0.322,0.285,0.299,0.346
shaanxi_guanzhong,2011-03-23,0.308,0.286,0.298,0.345
shaanxi_guanzhong,2011-03-24,0.297,0.285,0.298,0.345
shaanxi_guanzhong,2011-03-25,0.288,0.283,0.297,0.345
shaanxi_guanzhong,2011-03-26,0.277,0.279,0.296,0.345
shaanxi_guanzhong,2011-03-27,0.269,0.276,0.295,0.345
shaanxi_guanzhong,2011-03-28,0.261,0.272,0.295,0.345
shaanxi_guanzhong,2011-03-29,0.252,0.267,0.293,0.344
shaanxi_guanzhong,2011-03-30,0.244,0.263,0.292,0.344
shaanxi_guanzhong,2011-03-31,0.238,0.259,0.291,0.344
shaanxi_guanzhong,2011-04-01,0.253,0.257,0.29,0.344
shaanxi_guanzhong,2011-04-02,0.279,0.259,0.29,0.344
shaanxi_guanzhong,2011-04-03,0.272,0.259,0.29,0.344
shaanxi_guanzhong,2011-04-04,0.262,0.257,0.289,0.343
shaanxi_guanzhong,2011-04-05,0.251,0.254,0.288,0.343
shaanxi_guanzhong,2011-04-06,0.245,0.252,0.287,0.343
shaanxi_guanzhong,2011-04-07,0.249,0.249,0.286,0.343
shaanxi_guanzhong,2011-04-08,0.244,0.247,0.285,0.343
shaanxi_guanzhong,2011-04-09,0.234,0.243,0.284,0.342
shaanxi_guanzhong,2011-04-10,0.224,0.239,0.282,0.342
shaanxi_guanzhong,2011-04-11,0.221,0.235,0.281,0.342
shaanxi_guanzhong,2011-04-12,0.232,0.233,0.28,0.342
shaanxi_guanzhong,2011-04-13,0.222,0.229,0.278,0.342
shaanxi_guanzhong,2011-04-14,0.211,0.225,0.277,0.341
shaanxi_guanzhong,2011-04-15,0.204,0.222,0.275,0.341
shaanxi_guanzhong,2011-04-16,0.198,0.219,0.274,0.341
shaanxi_guanzhong,2011-04-17,0.19,0.215,0.272,0.341
shaanxi_guanzhong,2011-04-18,0.181,0.21,0.27,0.34
shaanxi_guanzhong,2011-04-19,0.174,0.206,0.268,0.34
shaanxi_guanzhong,2011-04-20,0.171,0.204,0.267,0.34
shaanxi_guanzhong,2011-04-21,0.169,0.201,0.265,0.339
shaanxi_guanzhong,2011-04-22,0.164,0.198,0.263,0.339
shaanxi_guanzhong,2011-04-23,0.159,0.193,0.261,0.339
shaanxi_guanzhong,2011-04-24,0.154,0.19,0.259,0.339
shaanxi_guanzhong,2011-04-25,0.15,0.186,0.256,0.338
shaanxi_guanzhong,2011-04-26,0.147,0.182,0.254,0.338
shaanxi_guanzhong,2011-04-27,0.145,0.179,0.252,0.337
shaanxi_guanzhong,2011-04-28,0.144,0.178,0.25,0.337
shaanxi_guanzhong,2011-04-29,0.148,0.175,0.249,0.337
shaanxi_guanzhong,2011-04-30,0.152,0.173,0.247,0.336
shaanxi_guanzhong,2011-05-01,0.157,0.172,0.245,0.336
shaanxi_guanzhong,2011-05-02,0.177,0.172,0.245,0.336
shaanxi_guanzhong,2011-05-03,0.175,0.17,0.244,0.336
shaanxi_guanzhong,2011-05-04,0.167,0.169,0.242,0.335
shaanxi_guanzhong,2011-05-05,0.159,0.167,0.24,0.335
shaanxi_guanzhong,2011-05-06,0.154,0.165,0.238,0.335
shaanxi_guanzhong,2011-05-07,0.149,0.164,0.236,0.334
shaanxi_guanzhong,2011-05-08,0.153,0.162,0.235,0.334
shaanxi_guanzhong,2011-05-09,0.263,0.164,0.234,0.334
shaanxi_guanzhong,2011-05-10,0.367,0.226,0.234,0.333
shaanxi_guanzhong,2011-05-11,0.31,0.244,0.234,0.333
shaanxi_guanzhong,2011-05-12,0.282,0.244,0.233,0.333
shaanxi_guanzhong,2011-05-13,0.26,0.24,0.232,0.333
shaanxi_guanzhong,2011-05-14,0.257,0.237,0.232,0.332
shaanxi_guanzhong,2011-05-15,0.241,0.233,0.231,0.332
shaanxi_guanzhong,2011-05-16,0.224,0.227,0.23,0.332
shaanxi_guanzhong,2011-05-17,0.206,0.219,0.229,0.331
shaanxi_guanzhong,2011-05-18,0.193,0.213,0.228,0.331
shaanxi_guanzhong,2011-05-19,0.183,0.207,0.226,0.331
shaanxi_guanzhong,2011-05-20,0.22,0.203,0.225,0.33
shaanxi_guanzhong,2011-05-21,0.363,0.228,0.226,0.33
shaanxi_guanzhong,2011-05-22,0.342,0.26,0.226,0.33
shaanxi_guanzhong,2011-05-23,0.307,0.264,0.226,0.33
shaanxi_guanzhong,2011-05-24,0.285,0.262,0.225,0.329
shaanxi_guanzhong,2011-05-25,0.267,0.257,0.225,0.329
shaanxi_guanzhong,2011-05-26,0.248,0.25,0.224,0.329
shaanxi_guanzhong,2011-05-27,0.232,0.243,0.224,0.329
shaanxi_guanzhong,2011-05-28,0.236,0.237,0.223,0.328
shaanxi_guanzhong,2011-05-29,0.369,0.255,0.223,0.328
shaanxi_guanzhong,2011-05-30,0.333,0.276,0.224,0.328
shaanxi_guanzhong,2011-05-31,0.303,0.275,0.224,0.328
shaanxi_guanzhong,2011-06-01,0.277,0.268,0.223,0.327
shaanxi_guanzhong,2011-06-02,0.261,0.262,0.223,0.327
shaanxi_guanzhong,2011-06-03,0.245,0.255,0.222,0.327
shaanxi_guanzhong,2011-06-04,0.231,0.248,0.222,0.327
shaanxi_guanzhong,2011-06-05,0.22,0.242,0.221,0.326
shaanxi_guanzhong,2011-06-06,0.211,0.236,0.221,0.326
shaanxi_guanzhong,2011-06-07,0.197,0.228,0.22,0.326
shaanxi_guanzhong,2011-06-08,0.185,0.219,0.218,0.325
shaanxi_guanzhong,2011-06-09,0.179,0.214,0.218,0.325
shaanxi_guanzhong,2011-06-10,0.175,0.209,0.217,0.325
shaanxi_guanzhong,2011-06-11,0.167,0.204,0.216,0.324
shaanxi_guanzhong,2011-06-12,0.161,0.198,0.215,0.324
shaanxi_guanzhong,2011-06-13,0.161,0.194,0.214,0.324
shaanxi_guanzhong,2011-06-14,0.169,0.191,0.214,0.324
shaanxi_guanzhong,2011-06-15,0.162,0.187,0.213,0.323
shaanxi_guanzhong,2011-06-16,0.159,0.183,0.211,0.323
shaanxi_guanzhong,2011-06-17,0.227,0.183,0.211,0.323
shaanxi_guanzhong,2011-06-18,0.24,0.184,0.211,0.323
shaanxi_guanzhong,2011-06-19,0.225,0.183,0.211,0.322
shaanxi_guanzhong,2011-06-20,0.245,0.183,0.21,0.322
shaanxi_guanzhong,2011-06-21,0.328,0.195,0.21,0.322
shaanxi_guanzhong,2011-06-22,0.335,0.217,0.211,0.322
shaanxi_guanzhong,2011-06-23,0.318,0.232,0.211,0.321
shaanxi_guanzhong,2011-06-24,0.273,0.23,0.21,0.321
shaanxi_guanzhong,2011-06-25,0.244,0.224,0.209,0.321
shaanxi_guanzhong,2011-06-26,0.258,0.221,0.209,0.321
shaanxi_guanzhong,2011-06-27,0.302,0.225,0.209,0.32
shaanxi_guanzhong,2011-06-28,0.264,0.223,0.208,0.32
shaanxi_guanzhong,2011-06-29,0.237,0.218,0.207,0.32
shaanxi_guanzhong,2011-06-30,0.218,0.212,0.206,0.319
shaanxi_guanzhong,2011-07-01,0.201,0.206,0.205,0.319
shaanxi_guanzhong,2011-07-02,0.19,0.202,0.205,0.319
shaanxi_guanzhong,2011-07-03,0.375,0.293,0.205,0.319
shaanxi_guanzhong,2011-07-04,0.406,0.378,0.21,0.318
shaanxi_guanzhong,2011-07-05,0.416,0.396,0.218,0.318
shaanxi_guanzhong,2011-07-06,0.424,0.417,0.24,0.318
shaanxi_guanzhong,2011-07-07,0.387,0.39,0.256,0.318
shaanxi_guanzhong,2011-07-08,0.356,0.365,0.259,0.318
shaanxi_guanzhong,2011-07-09,0.337,0.348,0.26,0.318
shaanxi_guanzhong,2011-07-10,0.326,0.336,0.261,0.318
shaanxi_guanzhong,2011-07-11,0.313,0.325,0.261,0.317
shaanxi_guanzhong,2011-07-12,0.3,0.315,0.261,0.317
shaanxi_guanzhong,2011-07-13,0.288,0.306,0.261,0.317
shaanxi_guanzhong,2011-07-14,0.272,0.295,0.26,0.317
shaanxi_guanzhong,2011-07-15,0.255,0.283,0.258,0.317
shaanxi_guanzhong,2011-07-16,0.241,0.272,0.257,0.317
shaanxi_guanzhong,2011-07-17,0.228,0.262,0.256,0.316
shaanxi_guanzhong,2011-07-18,0.216,0.253,0.254,0.316
shaanxi_guanzhong,2011-07-19,0.204,0.244,0.252,0.316
shaanxi_guanzhong,2011-07-20,0.196,0.236,0.251,0.316
shaanxi_guanzhong,2011-07-21,0.304,0.256,0.25,0.316
shaanxi_guanzhong,2011-07-22,0.388,0.329,0.251,0.316
shaanxi_guanzhong,2011-07-23,0.369,0.344,0.253,0.315
shaanxi_guanzhong,2011-07-24,0.34,0.334,0.254,0.315
shaanxi_guanzhong,2011-07-25,0.316,0.321,0.254,0.315
shaanxi_guanzhong,2011-07-26,0.297,0.309,0.254,0.315
shaanxi_guanzhong,2011-07-27,0.278,0.297,0.253,0.315
shaanxi_guanzhong,2011-07-28,0.267,0.286,0.252,0.315
shaanxi_guanzhong,2011-07-29,0.394,0.341,0.253,0.315
shaanxi_guanzhong,2011-07-30,0.385,0.379,0.259,0.314
shaanxi_guanzhong,2011-07-31,0.407,0.387,0.263,0.314
shaanxi_guanzhong,2011-08-01,0.412,0.41,0.282,0.314
shaanxi_guanzhong,2011-08-02,0.385,0.387,0.289,0.314
shaanxi_guanzhong,2011-08-03,0.363,0.37,0.291,0.314
shaanxi_guanzhong,2011-08-04,0.41,0.398,0.298,0.314
shaanxi_guanzhong,2011-08-05,0.414,0.413,0.317,0.314
shaanxi_guanzhong,2011-08-06,0.385,0.391,0.323,0.314
shaanxi_guanzhong,2011-08-07,0.363,0.373,0.324,0.314
shaanxi_guanzhong,2011-08-08,0.345,0.358,0.324,0.314
shaanxi_guanzhong,2011-08-09,0.328,0.345,0.322,0.314
shaanxi_guanzhong,2011-08-10,0.316,0.333,0.321,0.314
shaanxi_guanzhong,2011-08-11,0.306,0.324,0.319,0.314
shaanxi_guanzhong,2011-08-12,0.295,0.315,0.318,0.314
shaanxi_guanzhong,2011-08-13,0.285,0.307,0.316,0.314
shaanxi_guanzhong,2011-08-14,0.275,0.299,0.314,0.314
shaanxi_guanzhong,2011-08-15,0.274,0.291,0.312,0.314
shaanxi_guanzhong,2011-08-16,0.367,0.315,0.311,0.314
shaanxi_guanzhong,2011-08-17,0.342,0.318,0.31,0.314
shaanxi_guanzhong,2011-08-18,0.383,0.33,0.309,0.314
shaanxi_guanzhong,2011-08-19,0.391,0.352,0.31,0.314
shaanxi_guanzhong,2011-08-20,0.4,0.364,0.311,0.314
shaanxi_guanzhong,2011-08-21,0.422,0.418,0.331,0.314
shaanxi_guanzhong,2011-08-22,0.401,0.403,0.346,0.314
shaanxi_guanzhong,2011-08-23,0.386,0.391,0.348,0.314
shaanxi_guanzhong,2011-08-24,0.368,0.378,0.348,0.315
shaanxi_guanzhong,2011-08-25,0.355,0.366,0.347,0.315
shaanxi_guanzhong,2011-08-26,0.343,0.356,0.346,0.315
shaanxi_guanzhong,2011-08-27,0.332,0.347,0.344,0.315
shaanxi_guanzhong,2011-08-28,0.321,0.338,0.342,0.315
shaanxi_guanzhong,2011-08-29,0.311,0.33,0.34,0.315
shaanxi_guanzhong,2011-08-30,0.302,0.322,0.338,0.316
shaanxi_guanzhong,2011-08-31,0.293,0.315,0.336,0.316
shaanxi_guanzhong,2011-09-01,0.283,0.307,0.334,0.316
shaanxi_guanzhong,2011-09-02,0.276,0.3,0.332,0.316
shaanxi_guanzhong,2011-09-03,0.279,0.297,0.33,0.316
shaanxi_guanzhong,2011-09-04,0.329,0.298,0.329,0.316
shaanxi_guanzhong,2011-09-05,0.424,0.385,0.331,0.316
shaanxi_guanzhong,2011-09-06,0.429,0.429,0.364,0.316
shaanxi_guanzhong,2011-09-07,0.423,0.427,0.399,0.317
shaanxi_guanzhong,2011-09-08,0.402,0.412,0.404,0.319
shaanxi_guanzhong,2011-09-09,0.388,0.399,0.401,0.321
shaanxi_guanzhong,2011-09-10,0.414,0.409,0.399,0.322
shaanxi_guanzhong,2011-09-11,0.428,0.426,0.409,0.324
shaanxi_guanzhong,2011-09-12,0.415,0.422,0.42,0.328
shaanxi_guanzhong,2011-09-13,0.416,0.417,0.416,0.331
shaanxi_guanzhong,2011-09-14,0.408,0.416,0.415,0.333
shaanxi_guanzhong,2011-09-15,0.398,0.406,0.412,0.336
shaanxi_guanzhong,2011-09-16,0.406,0.404,0.409,0.337
shaanxi_guanzhong,2011-09-17,0.428,0.431,0.423,0.34
shaanxi_guanzhong,2011-09-18,0.429,0.429,0.431,0.35
shaanxi_guanzhong,2011-09-19,0.415,0.421,0.427,0.358
shaanxi_guanzhong,2011-09-20,0.403,0.409,0.421,0.362
shaanxi_guanzhong,2011-09-21,0.389,0.397,0.417,0.364
shaanxi_guanzhong,2011-09-22,0.378,0.387,0.412,0.366
shaanxi_guanzhong,2011-09-23,0.37,0.38,0.408,0.367
shaanxi_guanzhong,2011-09-24,0.364,0.374,0.405,0.368
shaanxi_guanzhong,2011-09-25,0.358,0.369,0.402,0.369
shaanxi_guanzhong,2011-09-26,0.352,0.363,0.398,0.37
shaanxi_guanzhong,2011-09-27,0.386,0.371,0.396,0.37
shaanxi_guanzhong,2011-09-28,0.425,0.42,0.402,0.371
shaanxi_guanzhong,2011-09-29,0.403,0.413,0.406,0.372
shaanxi_guanzhong,2011-09-30,0.39,0.4,0.405,0.373
shaanxi_guanzhong,2011-10-01,0.38,0.391,0.403,0.373
shaanxi_guanzhong,2011-10-02,0.39,0.387,0.401,0.374
shaanxi_guanzhong,2011-10-03,0.391,0.389,0.399,0.375
shaanxi_guanzhong,2011-10-04,0.415,0.406,0.399,0.375
shaanxi_guanzhong,2011-10-05,0.394,0.402,0.4,0.376
shaanxi_guanzhong,2011-10-06,0.382,0.392,0.398,0.376
shaanxi_guanzhong,2011-10-07,0.372,0.383,0.396,0.377
shaanxi_guanzhong,2011-10-08,0.365,0.376,0.394,0.377
shaanxi_guanzhong,2011-10-09,0.365,0.372,0.393,0.377
shaanxi_guanzhong,2011-10-10,0.388,0.373,0.391,0.378
shaanxi_guanzhong,2011-10-11,0.42,0.401,0.391,0.378
shaanxi_guanzhong,2011-10-12,0.41,0.41,0.394,0.378
shaanxi_guanzhong,2011-10-13,0.402,0.406,0.395,0.378
shaanxi_guanzhong,2011-10-14,0.388,0.396,0.395,0.379
shaanxi_guanzhong,2011-10-15,0.38,0.389,0.394,0.379
shaanxi_guanzhong,2011-10-16,0.37,0.381,0.393,0.379
shaanxi_guanzhong,2011-10-17,0.363,0.374,0.391,0.379
shaanxi_guanzhong,2011-10-18,0.356,0.368,0.389,0.38
shaanxi_guanzhong,2011-10-19,0.364,0.365,0.387,0.38
shaanxi_guanzhong,2011-10-20,0.374,0.369,0.387,0.38
shaanxi_guanzhong,2011-10-21,0.364,0.368,0.386,0.38
shaanxi_guanzhong,2011-10-22,0.382,0.368,0.384,0.38
shaanxi_guanzhong,2011-10-23,0.412,0.394,0.384,0.38
shaanxi_guanzhong,2011-10-24,0.393,0.396,0.386,0.38
shaanxi_guanzhong,2011-10-25,0.391,0.392,0.386,0.38
shaanxi_guanzhong,2011-10-26,0.404,0.395,0.387,0.38
shaanxi_guanzhong,2011-10-27,0.391,0.395,0.388,0.38
shaanxi_guanzhong,2011-10-28,0.381,0.389,0.388,0.381
shaanxi_guanzhong,2011-10-29,0.374,0.383,0.387,0.381
shaanxi_guanzhong,2011-10-30,0.368,0.377,0.386,0.381
shaanxi_guanzhong,2011-10-31,0.364,0.373,0.385,0.381
shaanxi_guanzhong,2011-11-01,0.382,0.373,0.384,0.381
shaanxi_guanzhong,2011-11-02,0.407,0.387,0.384,0.381
shaanxi_guanzhong,2011-11-03,0.425,0.418,0.388,0.381
shaanxi_guanzhong,2011-11-04,0.424,0.425,0.406,0.381
shaanxi_guanzhong,2011-11-05,0.419,0.421,0.41,0.383
shaanxi_guanzhong,2011-11-06,0.425,0.422,0.413,0.384
shaanxi_guanzhong,2011-11-07,0.419,0.425,0.423,0.386
shaanxi_guanzhong,2011-11-08,0.403,0.412,0.42,0.389
shaanxi_guanzhong,2011-11-09,0.392,0.402,0.417,0.391
shaanxi_guanzhong,2011-11-10,0.385,0.394,0.414,0.392
shaanxi_guanzhong,2011-11-11,0.38,0.388,0.411,0.393
shaanxi_guanzhong,2011-11-12,0.376,0.384,0.409,0.393
shaanxi_guanzhong,2011-11-13,0.372,0.38,0.406,0.394
shaanxi_guanzhong,2011-11-14,0.373,0.377,0.404,0.394
shaanxi_guanzhong,2011-11-15,0.388,0.379,0.402,0.394
shaanxi_guanzhong,2011-11-16,0.411,0.396,0.402,0.394
shaanxi_guanzhong,2011-11-17,0.41,0.403,0.402,0.395
shaanxi_guanzhong,2011-11-18,0.404,0.406,0.403,0.395
shaanxi_guanzhong,2011-11-19,0.391,0.399,0.403,0.395
shaanxi_guanzhong,2011-11-20,0.384,0.392,0.402,0.395
shaanxi_guanzhong,2011-11-21,0.387,0.388,0.401,0.395
shaanxi_guanzhong,2011-11-22,0.385,0.388,0.4,0.396
shaanxi_guanzhong,2011-11-23,0.377,0.384,0.399,0.396
shaanxi_guanzhong,2011-11-24,0.371,0.379,0.397,0.396
shaanxi_guanzhong,2011-11-25,0.368,0.376,0.396,0.396
shaanxi_guanzhong,2011-11-26,0.367,0.373,0.395,0.396
shaanxi_guanzhong,2011-11-27,0.365,0.371,0.393,0.396
shaanxi_guanzhong,2011-11-28,0.369,0.37,0.392,0.396
shaanxi_guanzhong,2011-11-29,0.416,0.404,0.393,0.396
shaanxi_guanzhong,2011-11-30,0.405,0.409,0.396,0.396
shaanxi_guanzhong,2011-12-01,0.397,0.403,0.398,0.396
shaanxi_guanzhong,2011-12-02,0.389,0.397,0.398,0.396
shaanxi_guanzhong,2011-12-03,0.385,0.392,0.397,0.396
shaanxi_guanzhong,2011-12-04,0.385,0.389,0.397,0.396
shaanxi_guanzhong,2011-12-05,0.411,0.4,0.396,0.396
shaanxi_guanzhong,2011-12-06,0.414,0.408,0.398,0.396
shaanxi_guanzhong,2011-12-07,0.412,0.412,0.4,0.396
shaanxi_guanzhong,2011-12-08,0.398,0.405,0.401,0.396
shaanxi_guanzhong,2011-12-09,0.391,0.399,0.401,0.396
shaanxi_guanzhong,2011-12-10,0.386,0.394,0.401,0.396
shaanxi_guanzhong,2011-12-11,0.382,0.39,0.4,0.397
shaanxi_guanzhong,2011-12-12,0.379,0.387,0.399,0.397
shaanxi_guanzhong,2011-12-13,0.376,0.383,0.398,0.397
shaanxi_guanzhong,2011-12-14,0.373,0.38,0.397,0.397
shaanxi_guanzhong,2011-12-15,0.371,0.378,0.396,0.397
shaanxi_guanzhong,2011-12-16,0.368,0.376,0.395,0.397
shaanxi_guanzhong,2011-12-17,0.367,0.374,0.394,0.397
shaanxi_guanzhong,2011-12-18,0.366,0.372,0.393,0.397
shaanxi_guanzhong,2011-12-19,0.365,0.37,0.391,0.397
shaanxi_guanzhong,2011-12-20,0.37,0.37,0.39,0.397
shaanxi_guanzhong,2011-12-21,0.384,0.374,0.389,0.396
shaanxi_guanzhong,2011-12-22,0.374,0.375,0.388,0.396
shaanxi_guanzhong,2011-12-23,0.369,0.374,0.388,0.396
shaanxi_guanzhong,2011-12-24,0.366,0.372,0.387,0.396
shaanxi_guanzhong,2011-12-25,0.364,0.37,0.386,0.396
shaanxi_guanzhong,2011-12-26,0.362,0.368,0.385,0.396
shaanxi_guanzhong,2011-12-27,0.359,0.366,0.384,0.396
shaanxi_guanzhong,2011-12-28,0.357,0.364,0.383,0.396
shaanxi_guanzhong,2011-12-29,0.356,0.362,0.382,0.396
shaanxi_guanzhong,2011-12-30,0.355,0.361,0.381,0.396
shaanxi_guanzhong,2011-12-31,0.353,0.359,0.38,0.395
shaanxi_guanzhong,2012-01-01,0.352,0.358,0.378,0.395
shaanxi_guanzhong,2012-01-02,0.35,0.357,0.377,0.395
shaanxi_guanzhong,2012-01-03,0.349,0.355,0.376,0.395
shaanxi_guanzhong,2012-01-04,0.348,0.354,0.375,0.395
shaanxi_guanzhong,2012-01-05,0.348,0.354,0.374,0.395
shaanxi_guanzhong,2012-01-06,0.348,0.353,0.373,0.395
shaanxi_guanzhong,2012-01-07,0.348,0.353,0.372,0.394
shaanxi_guanzhong,2012-01-08,0.348,0.352,0.372,0.394
shaanxi_guanzhong,2012-01-09,0.348,0.352,0.371,0.394
shaanxi_guanzhong,2012-01-10,0.349,0.352,0.37,0.394
shaanxi_guanzhong,2012-01-11,0.347,0.351,0.369,0.394
shaanxi_guanzhong,2012-01-12,0.346,0.35,0.368,0.394
shaanxi_guanzhong,2012-01-13,0.345,0.35,0.367,0.393
shaanxi_guanzhong,2012-01-14,0.345,0.349,0.366,0.393
shaanxi_guanzhong,2012-01-15,0.343,0.348,0.365,0.393
shaanxi_guanzhong,2012-01-16,0.342,0.347,0.365,0.393
shaanxi_guanzhong,2012-01-17,0.342,0.346,0.364,0.393
shaanxi_guanzhong,2012-01-18,0.344,0.345,0.363,0.392
shaanxi_guanzhong,2012-01-19,0.351,0.346,0.362,0.392
shaanxi_guanzhong,2012-01-20,0.354,0.348,0.361,0.392
shaanxi_guanzhong,2012-01-21,0.353,0.35,0.361,0.392
shaanxi_guanzhong,2012-01-22,0.35,0.35,0.36,0.392
shaanxi_guanzhong,2012-01-23,0.348,0.35,0.36,0.391
shaanxi_guanzhong,2012-01-24,0.347,0.35,0.359,0.391
shaanxi_guanzhong,2012-01-25,0.35,0.349,0.359,0.391
shaanxi_guanzhong,2012-01-26,0.362,0.351,0.358,0.391
shaanxi_guanzhong,2012-01-27,0.372,0.356,0.358,0.391
shaanxi_guanzhong,2012-01-28,0.381,0.363,0.358,0.39
shaanxi_guanzhong,2012-01-29,0.385,0.37,0.358,0.39
shaanxi_guanzhong,2012-01-30,0.387,0.375,0.358,0.39
shaanxi_guanzhong,2012-01-31,0.388,0.379,0.359,0.39
shaanxi_guanzhong,2012-02-01,0.383,0.38,0.36,0.39
shaanxi_guanzhong,2012-02-02,0.376,0.377,0.361,0.389
shaanxi_guanzhong,2012-02-03,0.375,0.375,0.361,0.389
shaanxi_guanzhong,2012-02-04,0.373,0.373,0.361,0.389
shaanxi_guanzhong,2012-02-05,0.37,0.371,0.361,0.389
shaanxi_guanzhong,2012-02-06,0.365,0.369,0.361,0.389
shaanxi_guanzhong,2012-02-07,0.36,0.366,0.36,0.389
shaanxi_guanzhong,2012-02-08,0.358,0.364,0.36,0.389
shaanxi_guanzhong,2012-02-09,0.357,0.362,0.36,0.388
shaanxi_guanzhong,2012-02-10,0.356,0.361,0.36,0.388
shaanxi_guanzhong,2012-02-11,0.355,0.359,0.359,0.388
shaanxi_guanzhong,2012-02-12,0.354,0.358,0.359,0.388
shaanxi_guanzhong,2012-02-13,0.353,0.356,0.359,0.388
shaanxi_guanzhong,2012-02-14,0.35,0.355,0.358,0.388
shaanxi_guanzhong,2012-02-15,0.362,0.354,0.357,0.387
shaanxi_guanzhong,2012-02-16,0.381,0.362,0.357,0.387
shaanxi_guanzhong,2012-02-17,0.369,0.365,0.357,0.387
shaanxi_guanzhong,2012-02-18,0.363,0.364,0.357,0.387
shaanxi_guanzhong,2012-02-19,0.363,0.363,0.357,0.387
shaanxi_guanzhong,2012-02-20,0.362,0.362,0.356,0.387
shaanxi_guanzhong,2012-02-21,0.359,0.36,0.356,0.387
shaanxi_guanzhong,2012-02-22,0.354,0.357,0.355,0.386
shaanxi_guanzhong,2012-02-23,0.353,0.355,0.355,0.386
shaanxi_guanzhong,2012-02-24,0.358,0.355,0.354,0.386
shaanxi_guanzhong,2012-02-25,0.352,0.353,0.354,0.386
shaanxi_guanzhong,2012-02-26,0.352,0.352,0.353,0.386
shaanxi_guanzhong,2012-02-27,0.353,0.351,0.353,0.385
shaanxi_guanzhong,2012-02-28,0.35,0.35,0.352,0.385
shaanxi_guanzhong,2012-02-29,0.348,0.349,0.351,0.385
shaanxi_guanzhong,2012-03-01,0.362,0.349,0.351,0.385
shaanxi_guanzhong,2012-03-02,0.363,0.353,0.35,0.385
shaanxi_guanzhong,2012-03-03,0.359,0.354,0.35,0.385
shaanxi_guanzhong,2012-03-04,0.353,0.353,0.35,0.384
shaanxi_guanzhong,2012-03-05,0.351,0.351,0.349,0.384
shaanxi_guanzhong,2012-03-06,0.348,0.35,0.349,0.384
shaanxi_guanzhong,2012-03-07,0.344,0.347,0.348,0.384
shaanxi_guanzhong,2012-03-08,0.365,0.348,0.348,0.384
shaanxi_guanzhong,2012-03-09,0.376,0.356,0.348,0.384
shaanxi_guanzhong,2012-03-10,0.361,0.357,0.347,0.383
shaanxi_guanzhong,2012-03-11,0.351,0.353,0.347,0.383
shaanxi_guanzhong,2012-03-12,0.345,0.35,0.346,0.383
shaanxi_guanzhong,2012-03-13,0.339,0.346,0.345,0.383
shaanxi_guanzhong,2012-03-14,0.333,0.341,0.344,0.383
shaanxi_guanzhong,2012-03-15,0.331,0.338,0.344,0.382
shaanxi_guanzhong,2012-03-16,0.329,0.335,0.343,0.382
shaanxi_guanzhong,2012-03-17,0.321,0.331,0.342,0.382
shaanxi_guanzhong,2012-03-18,0.313,0.326,0.34,0.382
shaanxi_guanzhong,2012-03-19,0.308,0.321,0.339,0.382
shaanxi_guanzhong,2012-03-20,0.312,0.318,0.338,0.381
shaanxi_guanzhong,2012-03-21,0.336,0.318,0.337,0.381
shaanxi_guanzhong,2012-03-22,0.367,0.328,0.337,0.381
shaanxi_guanzhong,2012-03-23,0.345,0.332,0.336,0.381
shaanxi_guanzhong,2012-03-24,0.329,0.328,0.335,0.38
shaanxi_guanzhong,2012-03-25,0.318,0.323,0.334,0.38
shaanxi_guanzhong,2012-03-26,0.308,0.318,0.332,0.38
shaanxi_guanzhong,2012-03-27,0.3,0.313,0.331,0.38
shaanxi_guanzhong,2012-03-28,0.332,0.311,0.329,0.379
shaanxi_guanzhong,2012-03-29,0.356,0.324,0.329,0.379
shaanxi_guanzhong,2012-03-30,0.332,0.323,0.328,0.379
shaanxi_guanzhong,2012-03-31,0.316,0.319,0.327,0.379
shaanxi_guanzhong,2012-04-01,0.304,0.313,0.325,0.378
shaanxi_guanzhong,2012-04-02,0.298,0.308,0.324,0.378
shaanxi_guanzhong,2012-04-03,0.29,0.302,0.322,0.378
shaanxi_guanzhong,2012-04-04,0.28,0.296,0.321,0.378
shaanxi_guanzhong,2012-04-05,0.272,0.291,0.319,0.377
shaanxi_guanzhong,2012-04-06,0.266,0.287,0.318,0.377
shaanxi_guanzhong,2012-04-07,0.261,0.282,0.316,0.377
shaanxi_guanzhong,2012-04-08,0.254,0.277,0.315,0.376
shaanxi_guanzhong,2012-04-09,0.258,0.274,0.314,0.376
shaanxi_guanzhong,2012-04-10,0.261,0.272,0.312,0.376
shaanxi_guanzhong,2012-04-11,0.251,0.267,0.31,0.375
shaanxi_guanzhong,2012-04-12,0.276,0.264,0.309,0.375
shaanxi_guanzhong,2012-04-13,0.265,0.261,0.307,0.375
shaanxi_guanzhong,2012-04-14,0.254,0.258,0.306,0.374
shaanxi_guanzhong,2012-04-15,0.245,0.255,0.304,0.374
shaanxi_guanzhong,2012-04-16,0.234,0.251,0.302,0.374
shaanxi_guanzhong,2012-04-17,0.229,0.248,0.301,0.373
shaanxi_guanzhong,2012-04-18,0.225,0.245,0.299,0.373
shaanxi_guanzhong,2012-04-19,0.217,0.241,0.298,0.373
shaanxi_guanzhong,2012-04-20,0.21,0.238,0.296,0.372
shaanxi_guanzhong,2012-04-21,0.202,0.233,0.294,0.372
shaanxi_guanzhong,2012-04-22,0.196,0.229,0.292,0.371
shaanxi_guanzhong,2012-04-23,0.224,0.226,0.29,0.371
shaanxi_guanzhong,2012-04-24,0.352,0.253,0.289,0.371
shaanxi_guanzhong,2012-04-25,0.307,0.26,0.288,0.37
shaanxi_guanzhong,2012-04-26,0.279,0.257,0.286,0.37
shaanxi_guanzhong,2012-04-27,0.26,0.252,0.285,0.37
shaanxi_guanzhong,2012-04-28,0.245,0.247,0.283,0.369
shaanxi_guanzhong,2012-04-29,0.232,0.242,0.282,0.369
shaanxi_guanzhong,2012-04-30,0.241,0.239,0.28,0.368
shaanxi_guanzhong,2012-05-01,0.28,0.24,0.28,0.368
shaanxi_guanzhong,2012-05-02,0.29,0.242,0.28,0.368
shaanxi_guanzhong,2012-05-03,0.345,0.254,0.28,0.367
shaanxi_guanzhong,2012-05-04,0.334,0.269,0.279,0.367
shaanxi_guanzhong,2012-05-05,0.303,0.271,0.279,0.367
shaanxi_guanzhong,2012-05-06,0.282,0.267,0.278,0.366
shaanxi_guanzhong,2012-05-07,0.269,0.263,0.277,0.366
shaanxi_guanzhong,2012-05-08,0.258,0.258,0.276,0.366
shaanxi_guanzhong,2012-05-09,0.248,0.253,0.275,0.365
shaanxi_guanzhong,2012-05-10,0.237,0.248,0.274,0.365
shaanxi_guanzhong,2012-05-11,0.341,0.266,0.273,0.364
shaanxi_guanzhong,2012-05-12,0.34,0.289,0.273,0.364
shaanxi_guanzhong,2012-05-13,0.315,0.288,0.272,0.364
shaanxi_guanzhong,2012-05-14,0.305,0.285,0.272,0.363
shaanxi_guanzhong,2012-05-15,0.282,0.278,0.271,0.363
shaanxi_guanzhong,2012-05-16,0.264,0.27,0.27,0.363
shaanxi_guanzhong,2012-05-17,0.249,0.263,0.269,0.362
shaanxi_guanzhong,2012-05-18,0.239,0.257,0.268,0.362
shaanxi_guanzhong,2012-05-19,0.228,0.251,0.266,0.362
shaanxi_guanzhong,2012-05-20,0.215,0.243,0.265,0.361
shaanxi_guanzhong,2012-05-21,0.3,0.245,0.264,0.361
shaanxi_guanzhong,2012-05-22,0.345,0.269,0.264,0.36
shaanxi_guanzhong,2012-05-23,0.315,0.274,0.264,0.36
shaanxi_guanzhong,2012-05-24,0.3,0.275,0.264,0.36
shaanxi_guanzhong,2012-05-25,0.286,0.272,0.263,0.359
shaanxi_guanzhong,2012-05-26,0.269,0.267,0.263,0.359
shaanxi_guanzhong,2012-05-27,0.251,0.259,0.261,0.359
shaanxi_guanzhong,2012-05-28,0.291,0.257,0.261,0.358
shaanxi_guanzhong,2012-05-29,0.377,0.316,0.261,0.358
shaanxi_guanzhong,2012-05-30,0.33,0.315,0.261,0.358
shaanxi_guanzhong,2012-05-31,0.313,0.308,0.261,0.357
shaanxi_guanzhong,2012-06-01,0.306,0.303,0.261,0.357
shaanxi_guanzhong,2012-06-02,0.287,0.294,0.261,0.357
shaanxi_guanzhong,2012-06-03,0.278,0.287,0.26,0.356
shaanxi_guanzhong,2012-06-04,0.27,0.282,0.26,0.356
shaanxi_guanzhong,2012-06-05,0.27,0.277,0.26,0.356
shaanxi_guanzhong,2012-06-06,0.288,0.275,0.26,0.356
shaanxi_guanzhong,2012-06-07,0.27,0.27,0.259,0.355
shaanxi_guanzhong,2012-06-08,0.253,0.263,0.258,0.355
shaanxi_guanzhong,2012-06-09,0.239,0.257,0.257,0.355
shaanxi_guanzhong,2012-06-10,0.224,0.248,0.256,0.354
shaanxi_guanzhong,2012-06-11,0.212,0.241,0.254,0.354
shaanxi_guanzhong,2012-06-12,0.199,0.233,0.252,0.353
shaanxi_guanzhong,2012-06-13,0.188,0.225,0.251,0.353
shaanxi_guanzhong,2012-06-14,0.178,0.218,0.249,0.352
shaanxi_guanzhong,2012-06-15,0.171,0.211,0.247,0.352
shaanxi_guanzhong,2012-06-16,0.164,0.205,0.246,0.352
shaanxi_guanzhong,2012-06-17,0.159,0.2,0.244,0.351
shaanxi_guanzhong,2012-06-18,0.155,0.195,0.242,0.351
shaanxi_guanzhong,2012-06-19,0.152,0.191,0.241,0.35
shaanxi_guanzhong,2012-06-20,0.148,0.187,0.239,0.35
shaanxi_guanzhong,2012-06-21,0.145,0.183,0.237,0.349
shaanxi_guanzhong,2012-06-22,0.143,0.18,0.235,0.349
shaanxi_guanzhong,2012-06-23,0.14,0.176,0.234,0.348
shaanxi_guanzhong,2012-06-24,0.138,0.173,0.232,0.348
shaanxi_guanzhong,2012-06-25,0.147,0.172,0.231,0.348
shaanxi_guanzhong,2012-06-26,0.167,0.171,0.231,0.347
shaanxi_guanzhong,2012-06-27,0.231,0.172,0.231,0.347
shaanxi_guanzhong,2012-06-28,0.238,0.173,0.23,0.347
shaanxi_guanzhong,2012-06-29,0.32,0.184,0.23,0.346
shaanxi_guanzhong,2012-06-30,0.315,0.211,0.23,0.346
shaanxi_guanzhong,2012-07-01,0.289,0.215,0.23,0.346
shaanxi_guanzhong,2012-07-02,0.37,0.287,0.23,0.345
shaanxi_guanzhong,2012-07-03,0.365,0.353,0.234,0.345
shaanxi_guanzhong,2012-07-04,0.368,0.344,0.236,0.345
shaanxi_guanzhong,2012-07-05,0.352,0.341,0.238,0.345
shaanxi_guanzhong,2012-07-06,0.326,0.327,0.239,0.344
shaanxi_guanzhong,2012-07-07,0.4,0.373,0.246,0.344
shaanxi_guanzhong,2012-07-08,0.421,0.408,0.263,0.344
shaanxi_guanzhong,2012-07-09,0.428,0.423,0.288,0.344
shaanxi_guanzhong,2012-07-10,0.397,0.401,0.309,0.344
shaanxi_guanzhong,2012-07-11,0.37,0.378,0.312,0.343
shaanxi_guanzhong,2012-07-12,0.349,0.362,0.312,0.343
shaanxi_guanzhong,2012-07-13,0.331,0.347,0.312,0.343
shaanxi_guanzhong,2012-07-14,0.316,0.334,0.311,0.343
shaanxi_guanzhong,2012-07-15,0.304,0.323,0.309,0.343
shaanxi_guanzhong,2012-07-16,0.294,0.314,0.308,0.343
shaanxi_guanzhong,2012-07-17,0.287,0.307,0.307,0.343
shaanxi_guanzhong,2012-07-18,0.279,0.299,0.305,0.342
shaanxi_guanzhong,2012-07-19,0.271,0.292,0.304,0.342
shaanxi_guanzhong,2012-07-20,0.297,0.288,0.303,0.342
shaanxi_guanzhong,2012-07-21,0.373,0.311,0.302,0.342
shaanxi_guanzhong,2012-07-22,0.388,0.372,0.304,0.342
shaanxi_guanzhong,2012-07-23,0.361,0.36,0.306,0.342
shaanxi_guanzhong,2012-07-24,0.363,0.354,0.307,0.342
shaanxi_guanzhong,2012-07-25,0.375,0.354,0.307,0.342
shaanxi_guanzhong,2012-07-26,0.379,0.358,0.308,0.342
shaanxi_guanzhong,2012-07-27,0.366,0.357,0.309,0.341
shaanxi_guanzhong,2012-07-28,0.344,0.346,0.309,0.341
shaanxi_guanzhong,2012-07-29,0.324,0.334,0.308,0.341
shaanxi_guanzhong,2012-07-30,0.31,0.324,0.307,0.341
shaanxi_guanzhong,2012-07-31,0.387,0.345,0.307,0.341
shaanxi_guanzhong,2012-08-01,0.359,0.347,0.308,0.341
shaanxi_guanzhong,2012-08-02,0.342,0.34,0.308,0.341
shaanxi_guanzhong,2012-08-03,0.332,0.333,0.307,0.341
shaanxi_guanzhong,2012-08-04,0.335,0.327,0.307,0.34
shaanxi_guanzhong,2012-08-05,0.332,0.324,0.306,0.34
shaanxi_guanzhong,2012-08-06,0.378,0.335,0.306,0.34
shaanxi_guanzhong,2012-08-07,0.377,0.35,0.307,0.34
shaanxi_guanzhong,2012-08-08,0.348,0.342,0.307,0.34
shaanxi_guanzhong,2012-08-09,0.326,0.331,0.307,0.34
shaanxi_guanzhong,2012-08-10,0.31,0.32,0.305,0.34
shaanxi_guanzhong,2012-08-11,0.295,0.311,0.304,0.34
shaanxi_guanzhong,2012-08-12,0.306,0.304,0.303,0.34
shaanxi_guanzhong,2012-08-13,0.322,0.302,0.302,0.339
shaanxi_guanzhong,2012-08-14,0.366,0.312,0.302,0.339
shaanxi_guanzhong,2012-08-15,0.355,0.329,0.302,0.339
shaanxi_guanzhong,2012-08-16,0.329,0.322,0.301,0.339
shaanxi_guanzhong,2012-08-17,0.32,0.316,0.3,0.339
shaanxi_guanzhong,2012-08-18,0.354,0.318,0.3,0.339
shaanxi_guanzhong,2012-08-19,0.379,0.336,0.3,0.339
shaanxi_guanzhong,2012-08-20,0.386,0.363,0.302,0.339
shaanxi_guanzhong,2012-08-21,0.363,0.358,0.304,0.339
shaanxi_guanzhong,2012-08-22,0.342,0.346,0.304,0.339
shaanxi_guanzhong,2012-08-23,0.324,0.335,0.303,0.338
shaanxi_guanzhong,2012-08-24,0.308,0.324,0.302,0.338
shaanxi_guanzhong,2012-08-25,0.295,0.314,0.301,0.338
shaanxi_guanzhong,2012-08-26,0.287,0.305,0.3,0.338
shaanxi_guanzhong,2012-08-27,0.277,0.298,0.298,0.338
shaanxi_guanzhong,2012-08-28,0.268,0.291,0.297,0.338
shaanxi_guanzhong,2012-08-29,0.256,0.282,0.295,0.338
shaanxi_guanzhong,2012-08-30,0.246,0.275,0.293,0.337
shaanxi_guanzhong,2012-08-31,0.391,0.32,0.292,0.337
shaanxi_guanzhong,2012-09-01,0.429,0.419,0.315,0.337
shaanxi_guanzhong,2012-09-02,0.399,0.405,0.335,0.337
shaanxi_guanzhong,2012-09-03,0.377,0.385,0.337,0.337
shaanxi_guanzhong,2012-09-04,0.361,0.371,0.337,0.338
shaanxi_guanzhong,2012-09-05,0.347,0.36,0.336,0.338
shaanxi_guanzhong,2012-09-06,0.339,0.351,0.335,0.338
shaanxi_guanzhong,2012-09-07,0.356,0.351,0.334,0.338
shaanxi_guanzhong,2012-09-08,0.423,0.422,0.349,0.338
shaanxi_guanzhong,2012-09-09,0.396,0.403,0.356,0.338
shaanxi_guanzhong,2012-09-10,0.41,0.407,0.359,0.339
shaanxi_guanzhong,2012-09-11,0.415,0.419,0.372,0.339
shaanxi_guanzhong,2012-09-12,0.393,0.402,0.374,0.34
shaanxi_guanzhong,2012-09-13,0.378,0.389,0.373,0.341
shaanxi_guanzhong,2012-09-14,0.365,0.377,0.371,0.342
shaanxi_guanzhong,2012-09-15,0.356,0.367,0.369,0.342
shaanxi_guanzhong,2012-09-16,0.363,0.363,0.367,0.342
shaanxi_guanzhong,2012-09-17,0.358,0.361,0.365,0.343
shaanxi_guanzhong,2012-09-18,0.347,0.355,0.363,0.343
shaanxi_guanzhong,2012-09-19,0.336,0.348,0.361,0.343
shaanxi_guanzhong,2012-09-20,0.351,0.344,0.359,0.343
shaanxi_guanzhong,2012-09-21,0.384,0.361,0.358,0.344
shaanxi_guanzhong,2012-09-22,0.361,0.36,0.357,0.344
shaanxi_guanzhong,2012-09-23,0.351,0.356,0.356,0.344
shaanxi_guanzhong,2012-09-24,0.345,0.351,0.355,0.344
shaanxi_guanzhong,2012-09-25,0.391,0.367,0.355,0.344
shaanxi_guanzhong,2012-09-26,0.39,0.387,0.357,0.344
shaanxi_guanzhong,2012-09-27,0.374,0.379,0.357,0.344
shaanxi_guanzhong,2012-09-28,0.362,0.37,0.357,0.344
shaanxi_guanzhong,2012-09-29,0.351,0.362,0.356,0.345
shaanxi_guanzhong,2012-09-30,0.342,0.354,0.354,0.345
shaanxi_guanzhong,2012-10-01,0.333,0.346,0.353,0.345
shaanxi_guanzhong,2012-10-02,0.362,0.352,0.352,0.345
shaanxi_guanzhong,2012-10-03,0.402,0.397,0.354,0.345
shaanxi_guanzhong,2012-10-04,0.389,0.389,0.356,0.345
shaanxi_guanzhong,2012-10-05,0.379,0.383,0.357,0.345
shaanxi_guanzhong,2012-10-06,0.369,0.376,0.357,0.345
shaanxi_guanzhong,2012-10-07,0.363,0.37,0.357,0.345
shaanxi_guanzhong,2012-10-08,0.371,0.368,0.357,0.345
shaanxi_guanzhong,2012-10-09,0.375,0.37,0.357,0.346
shaanxi_guanzhong,2012-10-10,0.358,0.364,0.356,0.346
shaanxi_guanzhong,2012-10-11,0.352,0.359,0.355,0.346
shaanxi_guanzhong,2012-10-12,0.354,0.357,0.355,0.346
shaanxi_guanzhong,2012-10-13,0.348,0.354,0.354,0.346
shaanxi_guanzhong,2012-10-14,0.339,0.348,0.353,0.346
shaanxi_guanzhong,2012-10-15,0.337,0.345,0.352,0.346
shaanxi_guanzhong,2012-10-16,0.364,0.347,0.352,0.346
shaanxi_guanzhong,2012-10-17,0.348,0.346,0.351,0.346
shaanxi_guanzhong,2012-10-18,0.34,0.343,0.35,0.346
shaanxi_guanzhong,2012-10-19,0.337,0.341,0.349,0.346
shaanxi_guanzhong,2012-10-20,0.331,0.337,0.348,0.346
shaanxi_guanzhong,2012-10-21,0.328,0.334,0.347,0.346
shaanxi_guanzhong,2012-10-22,0.325,0.332,0.346,0.346
shaanxi_guanzhong,2012-10-23,0.329,0.329,0.345,0.346
shaanxi_guanzhong,2012-10-24,0.331,0.329,0.345,0.346
shaanxi_guanzhong,2012-10-25,0.322,0.327,0.344,0.346
shaanxi_guanzhong,2012-10-26,0.316,0.324,0.343,0.346
shaanxi_guanzhong,2012-10-27,0.311,0.32,0.342,0.346
shaanxi_guanzhong,2012-10-28,0.308,0.318,0.341,0.346
shaanxi_guanzhong,2012-10-29,0.337,0.319,0.34,0.346
shaanxi_guanzhong,2012-10-30,0.334,0.322,0.339,0.346
shaanxi_guanzhong,2012-10-31,0.323,0.321,0.339,0.346
shaanxi_guanzhong,2012-11-01,0.315,0.319,0.338,0.346
shaanxi_guanzhong,2012-11-02,0.315,0.316,0.337,0.346
shaanxi_guanzhong,2012-11-03,0.353,0.322,0.336,0.346
shaanxi_guanzhong,2012-11-04,0.333,0.323,0.335,0.346
shaanxi_guanzhong,2012-11-05,0.324,0.322,0.334,0.346
shaanxi_guanzhong,2012-11-06,0.317,0.32,0.334,0.346
shaanxi_guanzhong,2012-11-07,0.36,0.324,0.333,0.346
shaanxi_guanzhong,2012-11-08,0.357,0.336,0.333,0.346
shaanxi_guanzhong,2012-11-09,0.35,0.336,0.333,0.346
shaanxi_guanzhong,2012-11-10,0.378,0.346,0.333,0.345
shaanxi_guanzhong,2012-11-11,0.358,0.349,0.333,0.345
shaanxi_guanzhong,2012-11-12,0.348,0.346,0.333,0.345
shaanxi_guanzhong,2012-11-13,0.341,0.343,0.333,0.345
shaanxi_guanzhong,2012-11-14,0.335,0.34,0.333,0.345
shaanxi_guanzhong,2012-11-15,0.354,0.339,0.333,0.345
shaanxi_guanzhong,2012-11-16,0.356,0.344,0.333,0.345
shaanxi_guanzhong,2012-11-17,0.344,0.342,0.333,0.345
shaanxi_guanzhong,2012-11-18,0.337,0.339,0.333,0.345
shaanxi_guanzhong,2012-11-19,0.331,0.336,0.332,0.345
shaanxi_guanzhong,2012-11-20,0.328,0.334,0.332,0.345
shaanxi_guanzhong,2012-11-21,0.328,0.332,0.332,0.345
shaanxi_guanzhong,2012-11-22,0.336,0.331,0.331,0.345
shaanxi_guanzhong,2012-11-23,0.334,0.332,0.331,0.345
shaanxi_guanzhong,2012-11-24,0.329,0.33,0.331,0.345
shaanxi_guanzhong,2012-11-25,0.364,0.335,0.331,0.345
shaanxi_guanzhong,2012-11-26,0.351,0.339,0.331,0.345
shaanxi_guanzhong,2012-11-27,0.343,0.338,0.331,0.345
shaanxi_guanzhong,2012-11-28,0.339,0.337,0.33,0.345
shaanxi_guanzhong,2012-11-29,0.335,0.336,0.33,0.345
shaanxi_guanzhong,2012-11-30,0.334,0.335,0.33,0.345
shaanxi_guanzhong,2012-12-01,0.348,0.335,0.33,0.345
shaanxi_guanzhong,2012-12-02,0.344,0.336,0.33,0.345
shaanxi_guanzhong,2012-12-03,0.338,0.336,0.33,0.345
shaanxi_guanzhong,2012-12-04,0.334,0.334,0.33,0.345
shaanxi_guanzhong,2012-12-05,0.331,0.333,0.33,0.344
shaanxi_guanzhong,2012-12-06,0.328,0.331,0.329,0.344
shaanxi_guanzhong,2012-12-07,0.326,0.329,0.329,0.344
shaanxi_guanzhong,2012-12-08,0.323,0.328,0.329,0.344
shaanxi_guanzhong,2012-12-09,0.322,0.326,0.328,0.344
shaanxi_guanzhong,2012-12-10,0.32,0.325,0.328,0.344
shaanxi_guanzhong,2012-12-11,0.319,0.324,0.328,0.344
shaanxi_guanzhong,2012-12-12,0.317,0.323,0.328,0.344
shaanxi_guanzhong,2012-12-13,0.317,0.322,0.328,0.344
shaanxi_guanzhong,2012-12-14,0.318,0.321,0.327,0.344
shaanxi_guanzhong,2012-12-15,0.319,0.321,0.327,0.344
shaanxi_guanzhong,2012-12-16,0.318,0.32,0.327,0.344
shaanxi_guanzhong,2012-12-17,0.319,0.319,0.327,0.344
shaanxi_guanzhong,2012-12-18,0.319,0.319,0.326,0.344
shaanxi_guanzhong,2012-12-19,0.317,0.319,0.326,0.344
shaanxi_guanzhong,2012-12-20,0.318,0.318,0.326,0.344
shaanxi_guanzhong,2012-12-21,0.318,0.318,0.326,0.344
shaanxi_guanzhong,2012-12-22,0.318,0.318,0.326,0.344
shaanxi_guanzhong,2012-12-23,0.316,0.318,0.325,0.344
shaanxi_guanzhong,2012-12-24,0.32,0.318,0.325,0.344
shaanxi_guanzhong,2012-12-25,0.324,0.319,0.325,0.344
shaanxi_guanzhong,2012-12-26,0.323,0.32,0.325,0.344
shaanxi_guanzhong,2012-12-27,0.324,0.32,0.325,0.344
shaanxi_guanzhong,2012-12-28,0.324,0.321,0.325,0.344
shaanxi_guanzhong,2012-12-29,0.322,0.321,0.325,0.344
shaanxi_guanzhong,2012-12-30,0.322,0.321,0.325,0.343
shaanxi_guanzhong,2012-12-31,0.326,0.321,0.325,0.343
shaanxi_guanzhong,2013-01-01,0.328,0.322,0.325,0.343
shaanxi_guanzhong,2013-01-02,0.327,0.323,0.325,0.343
shaanxi_guanzhong,2013-01-03,0.325,0.323,0.325,0.343
shaanxi_guanzhong,2013-01-04,0.324,0.323,0.325,0.343
shaanxi_guanzhong,2013-01-05,0.324,0.323,0.324,0.343
shaanxi_guanzhong,2013-01-06,0.324,0.323,0.324,0.343
shaanxi_guanzhong,2013-01-07,0.325,0.323,0.324,0.343
shaanxi_guanzhong,2013-01-08,0.327,0.323,0.324,0.343
shaanxi_guanzhong,2013-01-09,0.326,0.323,0.324,0.343
shaanxi_guanzhong,2013-01-10,0.325,0.323,0.324,0.343
shaanxi_guanzhong,2013-01-11,0.325,0.323,0.324,0.343
shaanxi_guanzhong,2013-01-12,0.324,0.323,0.324,0.343
shaanxi_guanzhong,2013-01-13,0.322,0.323,0.324,0.343
shaanxi_guanzhong,2013-01-14,0.321,0.323,0.324,0.343
shaanxi_guanzhong,2013-01-15,0.319,0.322,0.324,0.343
shaanxi_guanzhong,2013-01-16,0.318,0.321,0.324,0.343
shaanxi_guanzhong,2013-01-17,0.317,0.32,0.324,0.343
shaanxi_guanzhong,2013-01-18,0.316,0.32,0.323,0.343
shaanxi_guanzhong,2013-01-19,0.316,0.319,0.323,0.343
shaanxi_guanzhong,2013-01-20,0.321,0.319,0.323,0.343
shaanxi_guanzhong,2013-01-21,0.323,0.319,0.323,0.343
shaanxi_guanzhong,2013-01-22,0.325,0.319,0.323,0.343
shaanxi_guanzhong,2013-01-23,0.324,0.32,0.323,0.342
shaanxi_guanzhong,2013-01-24,0.323,0.32,0.322,0.342
shaanxi_guanzhong,2013-01-25,0.32,0.32,0.322,0.342
shaanxi_guanzhong,2013-01-26,0.317,0.319,0.322,0.342
shaanxi_guanzhong,2013-01-27,0.314,0.318,0.322,0.342
shaanxi_guanzhong,2013-01-28,0.312,0.316,0.321,0.342
shaanxi_guanzhong,2013-01-29,0.309,0.315,0.321,0.342
shaanxi_guanzhong,2013-01-30,0.307,0.313,0.321,0.342
shaanxi_guanzhong,2013-01-31,0.305,0.311,0.32,0.342
shaanxi_guanzhong,2013-02-01,0.303,0.31,0.32,0.342
shaanxi_guanzhong,2013-02-02,0.301,0.308,0.319,0.342
shaanxi_guanzhong,2013-02-03,0.335,0.31,0.319,0.342
shaanxi_guanzhong,2013-02-04,0.336,0.315,0.319,0.342
shaanxi_guanzhong,2013-02-05,0.325,0.315,0.319,0.342
shaanxi_guanzhong,2013-02-06,0.317,0.315,0.318,0.342
shaanxi_guanzhong,2013-02-07,0.315,0.314,0.318,0.342
shaanxi_guanzhong,2013-02-08,0.321,0.314,0.318,0.342
shaanxi_guanzhong,2013-02-09,0.336,0.315,0.318,0.341
shaanxi_guanzhong,2013-02-10,0.345,0.319,0.317,0.341
shaanxi_guanzhong,2013-02-11,0.345,0.322,0.317,0.341
shaanxi_guanzhong,2013-02-12,0.346,0.326,0.317,0.341
shaanxi_guanzhong,2013-02-13,0.344,0.327,0.317,0.341
shaanxi_guanzhong,2013-02-14,0.341,0.328,0.317,0.341
shaanxi_guanzhong,2013-02-15,0.337,0.329,0.317,0.341
shaanxi_guanzhong,2013-02-16,0.333,0.328,0.317,0.341
shaanxi_guanzhong,2013-02-17,0.331,0.327,0.317,0.341
shaanxi_guanzhong,2013-02-18,0.355,0.33,0.317,0.341
shaanxi_guanzhong,2013-02-19,0.357,0.335,0.317,0.341
shaanxi_guanzhong,2013-02-20,0.365,0.339,0.317,0.341
shaanxi_guanzhong,2013-02-21,0.366,0.344,0.318,0.341
shaanxi_guanzhong,2013-02-22,0.362,0.346,0.318,0.341
shaanxi_guanzhong,2013-02-23,0.355,0.345,0.318,0.341
shaanxi_guanzhong,2013-02-24,0.347,0.343,0.318,0.341
shaanxi_guanzhong,2013-02-25,0.34,0.339,0.318,0.341
shaanxi_guanzhong,2013-02-26,0.334,0.336,0.318,0.34
shaanxi_guanzhong,2013-02-27,0.327,0.332,0.318,0.34
shaanxi_guanzhong,2013-02-28,0.324,0.329,0.318,0.34
shaanxi_guanzhong,2013-03-01,0.321,0.326,0.318,0.34
shaanxi_guanzhong,2013-03-02,0.315,0.323,0.317,0.34
shaanxi_guanzhong,2013-03-03,0.308,0.318,0.317,0.34
shaanxi_guanzhong,2013-03-04,0.301,0.313,0.316,0.34
shaanxi_guanzhong,2013-03-05,0.295,0.309,0.315,0.34
shaanxi_guanzhong,2013-03-06,0.288,0.304,0.314,0.34
shaanxi_guanzhong,2013-03-07,0.28,0.298,0.313,0.34
shaanxi_guanzhong,2013-03-08,0.273,0.293,0.312,0.34
shaanxi_guanzhong,2013-03-09,0.265,0.287,0.31,0.339
shaanxi_guanzhong,2013-03-10,0.258,0.282,0.309,0.339
shaanxi_guanzhong,2013-03-11,0.252,0.278,0.308,0.339
shaanxi_guanzhong,2013-03-12,0.248,0.274,0.307,0.339
shaanxi_guanzhong,2013-03-13,0.243,0.27,0.305,0.339
shaanxi_guanzhong,2013-03-14,0.238,0.266,0.304,0.339
shaanxi_guanzhong,2013-03-15,0.234,0.263,0.303,0.339
shaanxi_guanzhong,2013-03-16,0.231,0.26,0.302,0.339
shaanxi_guanzhong,2013-03-17,0.252,0.258,0.301,0.339
shaanxi_guanzhong,2013-03-18,0.243,0.254,0.299,0.338
shaanxi_guanzhong,2013-03-19,0.235,0.251,0.298,0.338
shaanxi_guanzhong,2013-03-20,0.227,0.247,0.296,0.338
shaanxi_guanzhong,2013-03-21,0.222,0.244,0.295,0.338
shaanxi_guanzhong,2013-03-22,0.222,0.242,0.294,0.338
shaanxi_guanzhong,2013-03-23,0.215,0.239,0.292,0.338
shaanxi_guanzhong,2013-03-24,0.209,0.236,0.291,0.337
shaanxi_guanzhong,2013-03-25,0.212,0.234,0.289,0.337
shaanxi_guanzhong,2013-03-26,0.244,0.233,0.289,0.337
shaanxi_guanzhong,2013-03-27,0.232,0.231,0.287,0.337
shaanxi_guanzhong,2013-03-28,0.221,0.228,0.285,0.337
shaanxi_guanzhong,2013-03-29,0.212,0.225,0.284,0.337
shaanxi_guanzhong,2013-03-30,0.205,0.222,0.282,0.336
shaanxi_guanzhong,2013-03-31,0.199,0.22,0.281,0.336
shaanxi_guanzhong,2013-04-01,0.194,0.217,0.279,0.336
shaanxi_guanzhong,2013-04-02,0.19,0.215,0.278,0.336
shaanxi_guanzhong,2013-04-03,0.191,0.214,0.277,0.336
shaanxi_guanzhong,2013-04-04,0.191,0.212,0.276,0.335
shaanxi_guanzhong,2013-04-05,0.197,0.212,0.275,0.335
shaanxi_guanzhong,2013-04-06,0.192,0.21,0.274,0.335
shaanxi_guanzhong,2013-04-07,0.186,0.208,0.273,0.335
shaanxi_guanzhong,2013-04-08,0.18,0.205,0.271,0.335
shaanxi_guanzhong,2013-04-09,0.175,0.203,0.27,0.335
shaanxi_guanzhong,2013-04-10,0.171,0.2,0.268,0.334
shaanxi_guanzhong,2013-04-11,0.166,0.198,0.266,0.334
shaanxi_guanzhong,2013-04-12,0.162,0.195,0.264,0.334
shaanxi_guanzhong,2013-04-13,0.158,0.192,0.263,0.334
shaanxi_guanzhong,2013-04-14,0.155,0.189,0.26,0.333
shaanxi_guanzhong,2013-04-15,0.151,0.186,0.258,0.333
shaanxi_guanzhong,2013-04-16,0.148,0.183,0.256,0.333
shaanxi_guanzhong,2013-04-17,0.145,0.179,0.254,0.332
shaanxi_guanzhong,2013-04-18,0.144,0.177,0.252,0.332
shaanxi_guanzhong,2013-04-19,0.172,0.176,0.251,0.332
shaanxi_guanzhong,2013-04-20,0.201,0.177,0.251,0.332
shaanxi_guanzhong,2013-04-21,0.193,0.176,0.249,0.331
shaanxi_guanzhong,2013-04-22,0.202,0.176,0.248,0.331
shaanxi_guanzhong,2013-04-23,0.204,0.176,0.248,0.331
shaanxi_guanzhong,2013-04-24,0.194,0.175,0.247,0.331
shaanxi_guanzhong,2013-04-25,0.182,0.173,0.245,0.33
shaanxi_guanzhong,2013-04-26,0.172,0.171,0.243,0.33
shaanxi_guanzhong,2013-04-27,0.164,0.169,0.241,0.33
shaanxi_guanzhong,2013-04-28,0.157,0.168,0.239,0.329
shaanxi_guanzhong,2013-04-29,0.165,0.167,0.238,0.329
shaanxi_guanzhong,2013-04-30,0.179,0.167,0.238,0.329
shaanxi_guanzhong,2013-05-01,0.171,0.166,0.236,0.329
shaanxi_guanzhong,2013-05-02,0.164,0.164,0.235,0.328
shaanxi_guanzhong,2013-05-03,0.158,0.163,0.233,0.328
shaanxi_guanzhong,2013-05-04,0.153,0.162,0.232,0.328
shaanxi_guanzhong,2013-05-05,0.166,0.161,0.231,0.327
shaanxi_guanzhong,2013-05-06,0.3,0.166,0.231,0.327
shaanxi_guanzhong,2013-05-07,0.373,0.215,0.231,0.327
shaanxi_guanzhong,2013-05-08,0.364,0.253,0.231,0.327
shaanxi_guanzhong,2013-05-09,0.333,0.272,0.231,0.327
shaanxi_guanzhong,2013-05-10,0.3,0.271,0.231,0.327
shaanxi_guanzhong,2013-05-11,0.274,0.264,0.23,0.326
shaanxi_guanzhong,2013-05-12,0.253,0.256,0.23,0.326
shaanxi_guanzhong,2013-05-13,0.235,0.248,0.229,0.326
shaanxi_guanzhong,2013-05-14,0.222,0.241,0.228,0.325
shaanxi_guanzhong,2013-05-15,0.216,0.236,0.227,0.325
shaanxi_guanzhong,2013-05-16,0.234,0.233,0.227,0.325
shaanxi_guanzhong,2013-05-17,0.33,0.241,0.227,0.325
shaanxi_guanzhong,2013-05-18,0.341,0.271,0.227,0.325
shaanxi_guanzhong,2013-05-19,0.304,0.271,0.227,0.324
shaanxi_guanzhong,2013-05-20,0.281,0.266,0.227,0.324
shaanxi_guanzhong,2013-05-21,0.259,0.258,0.226,0.324
shaanxi_guanzhong,2013-05-22,0.242,0.251,0.225,0.324
shaanxi_guanzhong,2013-05-23,0.23,0.244,0.225,0.323
shaanxi_guanzhong,2013-05-24,0.289,0.242,0.224,0.323
shaanxi_guanzhong,2013-05-25,0.379,0.294,0.224,0.323
shaanxi_guanzhong,2013-05-26,0.404,0.377,0.23,0.323
shaanxi_guanzhong,2013-05-27,0.366,0.363,0.236,0.323
shaanxi_guanzhong,2013-05-28,0.389,0.362,0.239,0.322
shaanxi_guanzhong,2013-05-29,0.395,0.374,0.243,0.322
shaanxi_guanzhong,2013-05-30,0.372,0.367,0.247,0.322
shaanxi_guanzhong,2013-05-31,0.355,0.355,0.25,0.322
shaanxi_guanzhong,2013-06-01,0.337,0.342,0.251,0.322
shaanxi_guanzhong,2013-06-02,0.316,0.328,0.251,0.322
shaanxi_guanzhong,2013-06-03,0.299,0.315,0.251,0.322
shaanxi_guanzhong,2013-06-04,0.282,0.303,0.251,0.321
shaanxi_guanzhong,2013-06-05,0.268,0.292,0.25,0.321
shaanxi_guanzhong,2013-06-06,0.286,0.286,0.25,0.321
shaanxi_guanzhong,2013-06-07,0.27,0.278,0.249,0.321
shaanxi_guanzhong,2013-06-08,0.265,0.27,0.248,0.321
shaanxi_guanzhong,2013-06-09,0.388,0.302,0.247,0.32
shaanxi_guanzhong,2013-06-10,0.346,0.321,0.248,0.32
shaanxi_guanzhong,2013-06-11,0.319,0.313,0.248,0.32
shaanxi_guanzhong,2013-06-12,0.296,0.302,0.248,0.32
shaanxi_guanzhong,2013-06-13,0.278,0.292,0.247,0.32
shaanxi_guanzhong,2013-06-14,0.273,0.284,0.246,0.32
shaanxi_guanzhong,2013-06-15,0.272,0.278,0.246,0.319
shaanxi_guanzhong,2013-06-16,0.257,0.271,0.245,0.319
shaanxi_guanzhong,2013-06-17,0.245,0.264,0.245,0.319
shaanxi_guanzhong,2013-06-18,0.231,0.256,0.244,0.319
shaanxi_guanzhong,2013-06-19,0.225,0.249,0.243,0.319
shaanxi_guanzhong,2013-06-20,0.271,0.246,0.242,0.319
shaanxi_guanzhong,2013-06-21,0.346,0.26,0.242,0.318
shaanxi_guanzhong,2013-06-22,0.324,0.268,0.242,0.318
shaanxi_guanzhong,2013-06-23,0.294,0.266,0.241,0.318
shaanxi_guanzhong,2013-06-24,0.288,0.263,0.24,0.318
shaanxi_guanzhong,2013-06-25,0.281,0.261,0.24,0.318
shaanxi_guanzhong,2013-06-26,0.258,0.254,0.239,0.318
shaanxi_guanzhong,2013-06-27,0.239,0.247,0.238,0.317
shaanxi_guanzhong,2013-06-28,0.22,0.238,0.236,0.317
shaanxi_guanzhong,2013-06-29,0.204,0.23,0.235,0.317
shaanxi_guanzhong,2013-06-30,0.205,0.224,0.234,0.317
shaanxi_guanzhong,2013-07-01,0.212,0.22,0.233,0.316
shaanxi_guanzhong,2013-07-02,0.377,0.276,0.232,0.316
shaanxi_guanzhong,2013-07-03,0.363,0.322,0.234,0.316
shaanxi_guanzhong,2013-07-04,0.377,0.334,0.235,0.316
shaanxi_guanzhong,2013-07-05,0.36,0.346,0.238,0.316
shaanxi_guanzhong,2013-07-06,0.329,0.331,0.238,0.316
shaanxi_guanzhong,2013-07-07,0.307,0.316,0.239,0.315
shaanxi_guanzhong,2013-07-08,0.298,0.306,0.239,0.315
shaanxi_guanzhong,2013-07-09,0.333,0.304,0.239,0.315
shaanxi_guanzhong,2013-07-10,0.329,0.305,0.24,0.315
shaanxi_guanzhong,2013-07-11,0.315,0.301,0.24,0.315
shaanxi_guanzhong,2013-07-12,0.379,0.324,0.24,0.315
shaanxi_guanzhong,2013-07-13,0.396,0.374,0.244,0.315
shaanxi_guanzhong,2013-07-14,0.378,0.363,0.249,0.314
shaanxi_guanzhong,2013-07-15,0.38,0.358,0.251,0.314
shaanxi_guanzhong,2013-07-16,0.369,0.36,0.254,0.314
shaanxi_guanzhong,2013-07-17,0.382,0.364,0.256,0.314
shaanxi_guanzhong,2013-07-18,0.426,0.425,0.293,0.314
shaanxi_guanzhong,2013-07-19,0.394,0.399,0.314,0.314
shaanxi_guanzhong,2013-07-20,0.371,0.379,0.316,0.314
shaanxi_guanzhong,2013-07-21,0.378,0.369,0.317,0.314
shaanxi_guanzhong,2013-07-22,0.421,0.419,0.336,0.314
shaanxi_guanzhong,2013-07-23,0.397,0.402,0.354,0.314
shaanxi_guanzhong,2013-07-24,0.383,0.388,0.355,0.315
shaanxi_guanzhong,2013-07-25,0.382,0.381,0.354,0.315
shaanxi_guanzhong,2013-07-26,0.38,0.376,0.354,0.315
shaanxi_guanzhong,2013-07-27,0.386,0.379,0.353,0.316
shaanxi_guanzhong,2013-07-28,0.376,0.373,0.353,0.316
shaanxi_guanzhong,2013-07-29,0.382,0.373,0.352,0.316
shaanxi_guanzhong,2013-07-30,0.359,0.365,0.35,0.317
shaanxi_guanzhong,2013-07-31,0.341,0.352,0.348,0.317
shaanxi_guanzhong,2013-08-01,0.34,0.343,0.346,0.317
shaanxi_guanzhong,2013-08-02,0.356,0.343,0.344,0.317
shaanxi_guanzhong,2013-08-03,0.336,0.338,0.342,0.317
shaanxi_guanzhong,2013-08-04,0.319,0.329,0.34,0.317
shaanxi_guanzhong,2013-08-05,0.303,0.32,0.338,0.317
shaanxi_guanzhong,2013-08-06,0.29,0.31,0.335,0.317
shaanxi_guanzhong,2013-08-07,0.349,0.318,0.333,0.317
shaanxi_guanzhong,2013-08-08,0.391,0.341,0.332,0.317
shaanxi_guanzhong,2013-08-09,0.369,0.357,0.333,0.317
shaanxi_guanzhong,2013-08-10,0.344,0.346,0.332,0.317
shaanxi_guanzhong,2013-08-11,0.329,0.337,0.331,0.318
shaanxi_guanzhong,2013-08-12,0.371,0.345,0.33,0.318
shaanxi_guanzhong,2013-08-13,0.345,0.341,0.329,0.318
shaanxi_guanzhong,2013-08-14,0.326,0.331,0.327,0.318
shaanxi_guanzhong,2013-08-15,0.31,0.322,0.326,0.318
shaanxi_guanzhong,2013-08-16,0.295,0.312,0.324,0.318
shaanxi_guanzhong,2013-08-17,0.283,0.303,0.322,0.317
shaanxi_guanzhong,2013-08-18,0.272,0.295,0.32,0.317
shaanxi_guanzhong,2013-08-19,0.259,0.286,0.317,0.317
shaanxi_guanzhong,2013-08-20,0.246,0.277,0.315,0.317
shaanxi_guanzhong,2013-08-21,0.235,0.269,0.312,0.317
shaanxi_guanzhong,2013-08-22,0.225,0.262,0.309,0.317
shaanxi_guanzhong,2013-08-23,0.216,0.255,0.307,0.317
shaanxi_guanzhong,2013-08-24,0.209,0.249,0.304,0.317
shaanxi_guanzhong,2013-08-25,0.204,0.244,0.302,0.317
shaanxi_guanzhong,2013-08-26,0.2,0.24,0.3,0.317
shaanxi_guanzhong,2013-08-27,0.226,0.237,0.298,0.317
shaanxi_guanzhong,2013-08-28,0.331,0.263,0.297,0.316
shaanxi_guanzhong,2013-08-29,0.305,0.267,0.295,0.316
shaanxi_guanzhong,2013-08-30,0.278,0.262,0.293,0.316
shaanxi_guanzhong,2013-08-31,0.261,0.257,0.292,0.316
shaanxi_guanzhong,2013-09-01,0.264,0.253,0.29,0.316
shaanxi_guanzhong,2013-09-02,0.351,0.265,0.29,0.316
shaanxi_guanzhong,2013-09-03,0.331,0.28,0.289,0.316
shaanxi_guanzhong,2013-09-04,0.311,0.281,0.289,0.316
shaanxi_guanzhong,2013-09-05,0.298,0.279,0.288,0.316
shaanxi_guanzhong,2013-09-06,0.284,0.275,0.287,0.316
shaanxi_guanzhong,2013-09-07,0.279,0.272,0.286,0.316
shaanxi_guanzhong,2013-09-08,0.363,0.289,0.286,0.316
shaanxi_guanzhong,2013-09-09,0.341,0.304,0.286,0.316
shaanxi_guanzhong,2013-09-10,0.318,0.3,0.286,0.315
shaanxi_guanzhong,2013-09-11,0.302,0.294,0.285,0.315
shaanxi_guanzhong,2013-09-12,0.289,0.288,0.285,0.315
shaanxi_guanzhong,2013-09-13,0.274,0.281,0.283,0.315
shaanxi_guanzhong,2013-09-14,0.261,0.273,0.282,0.315
shaanxi_guanzhong,2013-09-15,0.25,0.266,0.281,0.315
shaanxi_guanzhong,2013-09-16,0.24,0.26,0.279,0.315
shaanxi_guanzhong,2013-09-17,0.236,0.255,0.278,0.315
shaanxi_guanzhong,2013-09-18,0.238,0.252,0.277,0.315
shaanxi_guanzhong,2013-09-19,0.271,0.251,0.276,0.314
shaanxi_guanzhong,2013-09-20,0.316,0.256,0.276,0.314
shaanxi_guanzhong,2013-09-21,0.372,0.287,0.276,0.314
shaanxi_guanzhong,2013-09-22,0.338,0.296,0.276,0.314
shaanxi_guanzhong,2013-09-23,0.378,0.31,0.276,0.314
shaanxi_guanzhong,2013-09-24,0.363,0.324,0.277,0.314
shaanxi_guanzhong,2013-09-25,0.339,0.321,0.278,0.314
shaanxi_guanzhong,2013-09-26,0.326,0.316,0.278,0.314
shaanxi_guanzhong,2013-09-27,0.313,0.311,0.278,0.314
shaanxi_guanzhong,2013-09-28,0.3,0.304,0.278,0.314
shaanxi_guanzhong,2013-09-29,0.287,0.296,0.277,0.314
shaanxi_guanzhong,2013-09-30,0.28,0.291,0.277,0.314
shaanxi_guanzhong,2013-10-01,0.274,0.286,0.276,0.314
shaanxi_guanzhong,2013-10-02,0.266,0.281,0.275,0.313
shaanxi_guanzhong,2013-10-03,0.259,0.276,0.275,0.313
shaanxi_guanzhong,2013-10-04,0.251,0.271,0.274,0.313
shaanxi_guanzhong,2013-10-05,0.245,0.266,0.273,0.313
shaanxi_guanzhong,2013-10-06,0.239,0.262,0.272,0.313
shaanxi_guanzhong,2013-10-07,0.233,0.257,0.271,0.313
shaanxi_guanzhong,2013-10-08,0.227,0.253,0.27,0.313
shaanxi_guanzhong,2013-10-09,0.221,0.248,0.269,0.313
shaanxi_guanzhong,2013-10-10,0.215,0.244,0.268,0.313
shaanxi_guanzhong,2013-10-11,0.209,0.24,0.267,0.313
shaanxi_guanzhong,2013-10-12,0.204,0.236,0.266,0.312
shaanxi_guanzhong,2013-10-13,0.2,0.232,0.265,0.312
shaanxi_guanzhong,2013-10-14,0.246,0.231,0.264,0.312
shaanxi_guanzhong,2013-10-15,0.273,0.233,0.264,0.312
shaanxi_guanzhong,2013-10-16,0.326,0.24,0.264,0.312
shaanxi_guanzhong,2013-10-17,0.313,0.251,0.264,0.312
shaanxi_guanzhong,2013-10-18,0.294,0.254,0.263,0.312
shaanxi_guanzhong,2013-10-19,0.282,0.254,0.263,0.312
shaanxi_guanzhong,2013-10-20,0.272,0.254,0.262,0.312
shaanxi_guanzhong,2013-10-21,0.264,0.252,0.262,0.312
shaanxi_guanzhong,2013-10-22,0.256,0.25,0.262,0.312
shaanxi_guanzhong,2013-10-23,0.249,0.248,0.261,0.311
shaanxi_guanzhong,2013-10-24,0.242,0.246,0.261,0.311
shaanxi_guanzhong,2013-10-25,0.236,0.243,0.26,0.311
shaanxi_guanzhong,2013-10-26,0.231,0.241,0.259,0.311
shaanxi_guanzhong,2013-10-27,0.228,0.239,0.259,0.311
shaanxi_guanzhong,2013-10-28,0.224,0.237,0.259,0.311
shaanxi_guanzhong,2013-10-29,0.227,0.236,0.258,0.311
shaanxi_guanzhong,2013-10-30,0.354,0.252,0.258,0.311
shaanxi_guanzhong,2013-10-31,0.391,0.32,0.259,0.311
shaanxi_guanzhong,2013-11-01,0.377,0.338,0.261,0.311
shaanxi_guanzhong,2013-11-02,0.354,0.336,0.263,0.311
shaanxi_guanzhong,2013-11-03,0.342,0.332,0.264,0.311
shaanxi_guanzhong,2013-11-04,0.335,0.328,0.266,0.311
shaanxi_guanzhong,2013-11-05,0.365,0.332,0.267,0.31
shaanxi_guanzhong,2013-11-06,0.344,0.331,0.268,0.31
shaanxi_guanzhong,2013-11-07,0.332,0.327,0.268,0.31
shaanxi_guanzhong,2013-11-08,0.332,0.323,0.269,0.31
shaanxi_guanzhong,2013-11-09,0.363,0.326,0.27,0.31
shaanxi_guanzhong,2013-11-10,0.36,0.335,0.271,0.31
shaanxi_guanzhong,2013-11-11,0.348,0.334,0.272,0.31
shaanxi_guanzhong,2013-11-12,0.338,0.332,0.273,0.31
shaanxi_guanzhong,2013-11-13,0.331,0.328,0.274,0.31
shaanxi_guanzhong,2013-11-14,0.325,0.325,0.274,0.31
shaanxi_guanzhong,2013-11-15,0.318,0.32,0.274,0.31
shaanxi_guanzhong,2013-11-16,0.312,0.316,0.275,0.31
shaanxi_guanzhong,2013-11-17,0.307,0.313,0.275,0.31
shaanxi_guanzhong,2013-11-18,0.303,0.309,0.275,0.31
shaanxi_guanzhong,2013-11-19,0.299,0.306,0.275,0.31
shaanxi_guanzhong,2013-11-20,0.295,0.303,0.275,0.31
shaanxi_guanzhong,2013-11-21,0.292,0.3,0.275,0.31
shaanxi_guanzhong,2013-11-22,0.295,0.298,0.275,0.31
shaanxi_guanzhong,2013-11-23,0.366,0.305,0.275,0.31
shaanxi_guanzhong,2013-11-24,0.365,0.327,0.275,0.31
shaanxi_guanzhong,2013-11-25,0.343,0.328,0.276,0.309
shaanxi_guanzhong,2013-11-26,0.333,0.325,0.276,0.309
shaanxi_guanzhong,2013-11-27,0.327,0.323,0.277,0.309
shaanxi_guanzhong,2013-11-28,0.321,0.32,0.277,0.309
shaanxi_guanzhong,2013-11-29,0.318,0.318,0.277,0.309
shaanxi_guanzhong,2013-11-30,0.315,0.315,0.278,0.309
shaanxi_guanzhong,2013-12-01,0.311,0.313,0.278,0.309
shaanxi_guanzhong,2013-12-02,0.308,0.311,0.278,0.309
shaanxi_guanzhong,2013-12-03,0.305,0.308,0.278,0.309
shaanxi_guanzhong,2013-12-04,0.302,0.306,0.278,0.309
shaanxi_guanzhong,2013-12-05,0.299,0.304,0.278,0.309
shaanxi_guanzhong,2013-12-06,0.296,0.301,0.278,0.309
shaanxi_guanzhong,2013-12-07,0.294,0.299,0.278,0.309
shaanxi_guanzhong,2013-12-08,0.292,0.298,0.278,0.309
shaanxi_guanzhong,2013-12-09,0.289,0.296,0.278,0.309
shaanxi_guanzhong,2013-12-10,0.288,0.294,0.278,0.309
shaanxi_guanzhong,2013-12-11,0.287,0.293,0.278,0.309
shaanxi_guanzhong,2013-12-12,0.285,0.292,0.278,0.309
shaanxi_guanzhong,2013-12-13,0.285,0.291,0.278,0.309
shaanxi_guanzhong,2013-12-14,0.284,0.29,0.278,0.309
shaanxi_guanzhong,2013-12-15,0.282,0.289,0.278,0.309
shaanxi_guanzhong,2013-12-16,0.281,0.287,0.278,0.309
shaanxi_guanzhong,2013-12-17,0.28,0.286,0.277,0.309
shaanxi_guanzhong,2013-12-18,0.279,0.285,0.277,0.309
shaanxi_guanzhong,2013-12-19,0.279,0.284,0.277,0.309
shaanxi_guanzhong,2013-12-20,0.279,0.284,0.277,0.309
shaanxi_guanzhong,2013-12-21,0.278,0.283,0.277,0.309
shaanxi_guanzhong,2013-12-22,0.278,0.283,0.277,0.308
shaanxi_guanzhong,2013-12-23,0.278,0.282,0.277,0.308
shaanxi_guanzhong,2013-12-24,0.277,0.281,0.277,0.308
shaanxi_guanzhong,2013-12-25,0.278,0.281,0.277,0.308
shaanxi_guanzhong,2013-12-26,0.278,0.28,0.277,0.308
shaanxi_guanzhong,2013-12-27,0.277,0.28,0.277,0.308
shaanxi_guanzhong,2013-12-28,0.276,0.28,0.277,0.308
shaanxi_guanzhong,2013-12-29,0.276,0.279,0.277,0.308
shaanxi_guanzhong,2013-12-30,0.276,0.279,0.277,0.308
shaanxi_guanzhong,2013-12-31,0.276,0.279,0.277,0.308
shaanxi_guanzhong,2014-01-01,0.275,0.278,0.277,0.308
shaanxi_guanzhong,2014-01-02,0.274,0.278,0.277,0.308
shaanxi_guanzhong,2014-01-03,0.272,0.277,0.277,0.308
shaanxi_guanzhong,2014-01-04,0.271,0.277,0.277,0.308
shaanxi_guanzhong,2014-01-05,0.271,0.276,0.276,0.308
shaanxi_guanzhong,2014-01-06,0.273,0.276,0.276,0.308
shaanxi_guanzhong,2014-01-07,0.295,0.276,0.276,0.308
shaanxi_guanzhong,2014-01-08,0.29,0.277,0.276,0.308
shaanxi_guanzhong,2014-01-09,0.288,0.277,0.276,0.308
shaanxi_guanzhong,2014-01-10,0.286,0.278,0.276,0.308
shaanxi_guanzhong,2014-01-11,0.287,0.278,0.276,0.308
shaanxi_guanzhong,2014-01-12,0.287,0.278,0.276,0.308
shaanxi_guanzhong,2014-01-13,0.287,0.278,0.276,0.308
shaanxi_guanzhong,2014-01-14,0.286,0.278,0.276,0.308
shaanxi_guanzhong,2014-01-15,0.285,0.278,0.276,0.308
shaanxi_guanzhong,2014-01-16,0.283,0.278,0.276,0.308
shaanxi_guanzhong,2014-01-17,0.282,0.278,0.276,0.308
shaanxi_guanzhong,2014-01-18,0.28,0.278,0.275,0.308
shaanxi_guanzhong,2014-01-19,0.278,0.277,0.275,0.308
shaanxi_guanzhong,2014-01-20,0.276,0.276,0.275,0.308
shaanxi_guanzhong,2014-01-21,0.274,0.276,0.275,0.307
shaanxi_guanzhong,2014-01-22,0.272,0.275,0.275,0.307
shaanxi_guanzhong,2014-01-23,0.27,0.275,0.275,0.307
shaanxi_guanzhong,2014-01-24,0.267,0.273,0.275,0.307
shaanxi_guanzhong,2014-01-25,0.265,0.272,0.274,0.307
shaanxi_guanzhong,2014-01-26,0.263,0.27,0.274,0.307
shaanxi_guanzhong,2014-01-27,0.26,0.269,0.274,0.307
shaanxi_guanzhong,2014-01-28,0.258,0.267,0.274,0.307
shaanxi_guanzhong,2014-01-29,0.256,0.265,0.273,0.307
shaanxi_guanzhong,2014-01-30,0.252,0.263,0.273,0.307
shaanxi_guanzhong,2014-01-31,0.25,0.262,0.272,0.307
shaanxi_guanzhong,2014-02-01,0.246,0.26,0.272,0.307
shaanxi_guanzhong,2014-02-02,0.243,0.258,0.272,0.307
shaanxi_guanzhong,2014-02-03,0.24,0.255,0.271,0.307
shaanxi_guanzhong,2014-02-04,0.238,0.254,0.271,0.307
shaanxi_guanzhong,2014-02-05,0.239,0.254,0.271,0.307
shaanxi_guanzhong,2014-02-06,0.24,0.254,0.27,0.307
shaanxi_guanzhong,2014-02-07,0.241,0.253,0.27,0.307
shaanxi_guanzhong,2014-02-08,0.243,0.253,0.27,0.307
shaanxi_guanzhong,2014-02-09,0.244,0.253,0.27,0.307
shaanxi_guanzhong,2014-02-10,0.245,0.253,0.27,0.307
shaanxi_guanzhong,2014-02-11,0.248,0.253,0.27,0.307
shaanxi_guanzhong,2014-02-12,0.25,0.254,0.27,0.306
shaanxi_guanzhong,2014-02-13,0.252,0.254,0.27,0.306
shaanxi_guanzhong,2014-02-14,0.268,0.254,0.27,0.306
shaanxi_guanzhong,2014-02-15,0.3,0.257,0.27,0.306
shaanxi_guanzhong,2014-02-16,0.321,0.263,0.27,0.306
shaanxi_guanzhong,2014-02-17,0.328,0.27,0.27,0.306
shaanxi_guanzhong,2014-02-18,0.341,0.279,0.27,0.306
shaanxi_guanzhong,2014-02-19,0.358,0.293,0.27,0.306
shaanxi_guanzhong,2014-02-20,0.365,0.31,0.271,0.306
shaanxi_guanzhong,2014-02-21,0.365,0.323,0.271,0.306
shaanxi_guanzhong,2014-02-22,0.362,0.33,0.272,0.306
shaanxi_guanzhong,2014-02-23,0.357,0.332,0.273,0.306
shaanxi_guanzhong,2014-02-24,0.351,0.332,0.274,0.306
shaanxi_guanzhong,2014-02-25,0.355,0.333,0.275,0.306
shaanxi_guanzhong,2014-02-26,0.352,0.333,0.276,0.306
shaanxi_guanzhong,2014-02-27,0.346,0.333,0.277,0.306
shaanxi_guanzhong,2014-02-28,0.363,0.334,0.278,0.306
shaanxi_guanzhong,2014-03-01,0.366,0.341,0.279,0.306
shaanxi_guanzhong,2014-03-02,0.35,0.339,0.28,0.306
shaanxi_guanzhong,2014-03-03,0.348,0.336,0.281,0.306
shaanxi_guanzhong,2014-03-04,0.357,0.337,0.281,0.306
shaanxi_guanzhong,2014-03-05,0.348,0.335,0.282,0.306
shaanxi_guanzhong,2014-03-06,0.389,0.348,0.283,0.306
shaanxi_guanzhong,2014-03-07,0.383,0.356,0.285,0.306
shaanxi_guanzhong,2014-03-08,0.372,0.359,0.287,0.306
shaanxi_guanzhong,2014-03-09,0.355,0.353,0.288,0.306
shaanxi_guanzhong,2014-03-10,0.343,0.345,0.289,0.306
shaanxi_guanzhong,2014-03-11,0.335,0.339,0.289,0.306
shaanxi_guanzhong,2014-03-12,0.327,0.333,0.289,0.306
shaanxi_guanzhong,2014-03-13,0.317,0.326,0.289,0.305
shaanxi_guanzhong,2014-03-14,0.309,0.32,0.289,0.305
shaanxi_guanzhong,2014-03-15,0.301,0.313,0.288,0.305
shaanxi_guanzhong,2014-03-16,0.292,0.307,0.288,0.305
shaanxi_guanzhong,2014-03-17,0.283,0.3,0.287,0.305
shaanxi_guanzhong,2014-03-18,0.277,0.294,0.286,0.305
shaanxi_guanzhong,2014-03-19,0.277,0.291,0.285,0.305
shaanxi_guanzhong,2014-03-20,0.272,0.287,0.285,0.305
shaanxi_guanzhong,2014-03-21,0.265,0.282,0.284,0.305
shaanxi_guanzhong,2014-03-22,0.259,0.277,0.283,0.305
shaanxi_guanzhong,2014-03-23,0.253,0.273,0.282,0.305
shaanxi_guanzhong,2014-03-24,0.248,0.269,0.281,0.305
shaanxi_guanzhong,2014-03-25,0.242,0.265,0.28,0.305
shaanxi_guanzhong,2014-03-26,0.234,0.26,0.279,0.305
shaanxi_guanzhong,2014-03-27,0.26,0.256,0.277,0.305
shaanxi_guanzhong,2014-03-28,0.313,0.261,0.277,0.305
shaanxi_guanzhong,2014-03-29,0.289,0.261,0.276,0.305
shaanxi_guanzhong,2014-03-30,0.332,0.265,0.275,0.304
shaanxi_guanzhong,2014-03-31,0.365,0.292,0.275,0.304
shaanxi_guanzhong,2014-04-01,0.329,0.298,0.275,0.304
shaanxi_guanzhong,2014-04-02,0.312,0.297,0.274,0.304
shaanxi_guanzhong,2014-04-03,0.305,0.295,0.274,0.304
shaanxi_guanzhong,2014-04-04,0.298,0.291,0.274,0.304
shaanxi_guanzhong,2014-04-05,0.289,0.287,0.273,0.304
shaanxi_guanzhong,2014-04-06,0.279,0.283,0.272,0.304
shaanxi_guanzhong,2014-04-07,0.274,0.278,0.272,0.304
shaanxi_guanzhong,2014-04-08,0.263,0.273,0.271,0.304
shaanxi_guanzhong,2014-04-09,0.251,0.267,0.27,0.304
shaanxi_guanzhong,2014-04-10,0.258,0.263,0.269,0.304
shaanxi_guanzhong,2014-04-11,0.377,0.299,0.269,0.304
shaanxi_guanzhong,2014-04-12,0.375,0.339,0.27,0.304
shaanxi_guanzhong,2014-04-13,0.35,0.337,0.271,0.304
shaanxi_guanzhong,2014-04-14,0.332,0.329,0.272,0.303
shaanxi_guanzhong,2014-04-15,0.331,0.323,0.272,0.303
shaanxi_guanzhong,2014-04-16,0.364,0.326,0.273,0.303
shaanxi_guanzhong,2014-04-17,0.351,0.331,0.273,0.303
shaanxi_guanzhong,2014-04-18,0.379,0.337,0.274,0.303
shaanxi_guanzhong,2014-04-19,0.407,0.38,0.277,0.303
shaanxi_guanzhong,2014-04-20,0.395,0.378,0.282,0.303
shaanxi_guanzhong,2014-04-21,0.415,0.396,0.287,0.303
shaanxi_guanzhong,2014-04-22,0.386,0.386,0.293,0.303
shaanxi_guanzhong,2014-04-23,0.366,0.371,0.296,0.303
shaanxi_guanzhong,2014-04-24,0.355,0.359,0.297,0.303
shaanxi_guanzhong,2014-04-25,0.416,0.388,0.299,0.303
shaanxi_guanzhong,2014-04-26,0.389,0.388,0.304,0.303
shaanxi_guanzhong,2014-04-27,0.371,0.375,0.307,0.303
shaanxi_guanzhong,2014-04-28,0.356,0.363,0.307,0.303
shaanxi_guanzhong,2014-04-29,0.341,0.351,0.307,0.303
shaanxi_guanzhong,2014-04-30,0.327,0.34,0.306,0.303
shaanxi_guanzhong,2014-05-01,0.316,0.331,0.305,0.303
shaanxi_guanzhong,2014-05-02,0.307,0.322,0.305,0.303
shaanxi_guanzhong,2014-05-03,0.325,0.317,0.304,0.303
shaanxi_guanzhong,2014-05-04,0.327,0.316,0.303,0.303
shaanxi_guanzhong,2014-05-05,0.311,0.31,0.301,0.303
shaanxi_guanzhong,2014-05-06,0.304,0.306,0.301,0.303
shaanxi_guanzhong,2014-05-07,0.288,0.299,0.299,0.303
shaanxi_guanzhong,2014-05-08,0.273,0.29,0.297,0.303
shaanxi_guanzhong,2014-05-09,0.27,0.285,0.296,0.303
shaanxi_guanzhong,2014-05-10,0.373,0.307,0.295,0.303
shaanxi_guanzhong,2014-05-11,0.355,0.333,0.296,0.303
shaanxi_guanzhong,2014-05-12,0.328,0.326,0.295,0.303
shaanxi_guanzhong,2014-05-13,0.32,0.32,0.294,0.303
shaanxi_guanzhong,2014-05-14,0.32,0.317,0.294,0.303
shaanxi_guanzhong,2014-05-15,0.305,0.311,0.293,0.303
shaanxi_guanzhong,2014-05-16,0.292,0.303,0.292,0.303
shaanxi_guanzhong,2014-05-17,0.282,0.297,0.291,0.303
shaanxi_guanzhong,2014-05-18,0.27,0.289,0.29,0.303
shaanxi_guanzhong,2014-05-19,0.282,0.282,0.288,0.303
shaanxi_guanzhong,2014-05-20,0.266,0.275,0.286,0.302
shaanxi_guanzhong,2014-05-21,0.25,0.268,0.284,0.302
shaanxi_guanzhong,2014-05-22,0.237,0.261,0.282,0.302
shaanxi_guanzhong,2014-05-23,0.253,0.256,0.281,0.302
shaanxi_guanzhong,2014-05-24,0.341,0.272,0.28,0.302
shaanxi_guanzhong,2014-05-25,0.304,0.273,0.279,0.302
shaanxi_guanzhong,2014-05-26,0.281,0.269,0.278,0.302
shaanxi_guanzhong,2014-05-27,0.26,0.262,0.276,0.302
shaanxi_guanzhong,2014-05-28,0.243,0.255,0.274,0.302
shaanxi_guanzhong,2014-05-29,0.229,0.248,0.272,0.302
shaanxi_guanzhong,2014-05-30,0.22,0.242,0.271,0.301
shaanxi_guanzhong,2014-05-31,0.213,0.238,0.27,0.301
shaanxi_guanzhong,2014-06-01,0.204,0.233,0.268,0.301
shaanxi_guanzhong,2014-06-02,0.195,0.227,0.266,0.301
shaanxi_guanzhong,2014-06-03,0.187,0.222,0.264,0.301
shaanxi_guanzhong,2014-06-04,0.275,0.22,0.262,0.301
shaanxi_guanzhong,2014-06-05,0.255,0.218,0.261,0.301
shaanxi_guanzhong,2014-06-06,0.24,0.216,0.259,0.301
shaanxi_guanzhong,2014-06-07,0.224,0.213,0.258,0.3
shaanxi_guanzhong,2014-06-08,0.207,0.209,0.256,0.3
shaanxi_guanzhong,2014-06-09,0.194,0.204,0.254,0.3
shaanxi_guanzhong,2014-06-10,0.183,0.2,0.252,0.3
shaanxi_guanzhong,2014-06-11,0.174,0.196,0.25,0.3
shaanxi_guanzhong,2014-06-12,0.169,0.194,0.248,0.3
shaanxi_guanzhong,2014-06-13,0.265,0.196,0.248,0.299
shaanxi_guanzhong,2014-06-14,0.348,0.219,0.248,0.299
shaanxi_guanzhong,2014-06-15,0.314,0.24,0.247,0.299
shaanxi_guanzhong,2014-06-16,0.282,0.24,0.246,0.299
shaanxi_guanzhong,2014-06-17,0.255,0.235,0.245,0.299
shaanxi_guanzhong,2014-06-18,0.233,0.229,0.243,0.299
shaanxi_guanzhong,2014-06-19,0.324,0.234,0.242,0.299
shaanxi_guanzhong,2014-06-20,0.303,0.243,0.242,0.299
shaanxi_guanzhong,2014-06-21,0.275,0.241,0.241,0.299
shaanxi_guanzhong,2014-06-22,0.251,0.236,0.24,0.298
shaanxi_guanzhong,2014-06-23,0.231,0.23,0.238,0.298
shaanxi_guanzhong,2014-06-24,0.23,0.226,0.237,0.298
shaanxi_guanzhong,2014-06-25,0.311,0.231,0.237,0.298
shaanxi_guanzhong,2014-06-26,0.284,0.236,0.237,0.298
shaanxi_guanzhong,2014-06-27,0.257,0.232,0.235,0.298
shaanxi_guanzhong,2014-06-28,0.297,0.232,0.235,0.298
shaanxi_guanzhong,2014-06-29,0.353,0.271,0.235,0.297
shaanxi_guanzhong,2014-06-30,0.308,0.272,0.234,0.297
shaanxi_guanzhong,2014-07-01,0.285,0.267,0.234,0.297
shaanxi_guanzhong,2014-07-02,0.265,0.26,0.233,0.297
shaanxi_guanzhong,2014-07-03,0.25,0.253,0.232,0.297
shaanxi_guanzhong,2014-07-04,0.238,0.247,0.231,0.297
shaanxi_guanzhong,2014-07-05,0.223,0.24,0.23,0.297
shaanxi_guanzhong,2014-07-06,0.21,0.232,0.229,0.296
shaanxi_guanzhong,2014-07-07,0.199,0.225,0.228,0.296
shaanxi_guanzhong,2014-07-08,0.19,0.219,0.227,0.296
shaanxi_guanzhong,2014-07-09,0.244,0.216,0.226,0.296
shaanxi_guanzhong,2014-07-10,0.351,0.229,0.226,0.296
shaanxi_guanzhong,2014-07-11,0.321,0.245,0.226,0.296
shaanxi_guanzhong,2014-07-12,0.282,0.244,0.225,0.296
shaanxi_guanzhong,2014-07-13,0.254,0.237,0.224,0.295
shaanxi_guanzhong,2014-07-14,0.231,0.23,0.223,0.295
shaanxi_guanzhong,2014-07-15,0.214,0.223,0.221,0.295
shaanxi_guanzhong,2014-07-16,0.199,0.216,0.22,0.295
shaanxi_guanzhong,2014-07-17,0.186,0.209,0.218,0.294
shaanxi_guanzhong,2014-07-18,0.176,0.203,0.217,0.294
shaanxi_guanzhong,2014-07-19,0.17,0.197,0.216,0.294
shaanxi_guanzhong,2014-07-20,0.171,0.193,0.215,0.294
shaanxi_guanzhong,2014-07-21,0.167,0.189,0.213,0.294
shaanxi_guanzhong,2014-07-22,0.159,0.184,0.212,0.293
shaanxi_guanzhong,2014-07-23,0.188,0.181,0.21,0.293
shaanxi_guanzhong,2014-07-24,0.184,0.178,0.209,0.293
shaanxi_guanzhong,2014-07-25,0.171,0.174,0.208,0.293
shaanxi_guanzhong,2014-07-26,0.161,0.171,0.206,0.292
shaanxi_guanzhong,2014-07-27,0.153,0.168,0.205,0.292
shaanxi_guanzhong,2014-07-28,0.148,0.165,0.203,0.292
shaanxi_guanzhong,2014-07-29,0.144,0.162,0.201,0.291
shaanxi_guanzhong,2014-07-30,0.141,0.159,0.2,0.291
shaanxi_guanzhong,2014-07-31,0.138,0.157,0.198,0.291
shaanxi_guanzhong,2014-08-01,0.136,0.155,0.197,0.291
shaanxi_guanzhong,2014-08-02,0.135,0.153,0.195,0.29
shaanxi_guanzhong,2014-08-03,0.133,0.152,0.193,0.29
shaanxi_guanzhong,2014-08-04,0.135,0.151,0.192,0.29
shaanxi_guanzhong,2014-08-05,0.207,0.15,0.191,0.289
shaanxi_guanzhong,2014-08-06,0.363,0.192,0.19,0.289
shaanxi_guanzhong,2014-08-07,0.395,0.271,0.19,0.289
shaanxi_guanzhong,2014-08-08,0.413,0.36,0.193,0.289
shaanxi_guanzhong,2014-08-09,0.421,0.411,0.209,0.289
shaanxi_guanzhong,2014-08-10,0.385,0.385,0.222,0.289
shaanxi_guanzhong,2014-08-11,0.361,0.363,0.226,0.289
shaanxi_guanzhong,2014-08-12,0.356,0.35,0.228,0.289
shaanxi_guanzhong,2014-08-13,0.348,0.342,0.23,0.289
shaanxi_guanzhong,2014-08-14,0.322,0.328,0.231,0.288
shaanxi_guanzhong,2014-08-15,0.304,0.316,0.231,0.288
shaanxi_guanzhong,2014-08-16,0.325,0.309,0.231,0.288
shaanxi_guanzhong,2014-08-17,0.347,0.313,0.232,0.288
shaanxi_guanzhong,2014-08-18,0.331,0.311,0.232,0.288
shaanxi_guanzhong,2014-08-19,0.308,0.304,0.232,0.288
shaanxi_guanzhong,2014-08-20,0.288,0.294,0.232,0.288
shaanxi_guanzhong,2014-08-21,0.274,0.286,0.232,0.288
shaanxi_guanzhong,2014-08-22,0.265,0.279,0.231,0.288
shaanxi_guanzhong,2014-08-23,0.254,0.273,0.231,0.287
shaanxi_guanzhong,2014-08-24,0.24,0.263,0.23,0.287
shaanxi_guanzhong,2014-08-25,0.226,0.254,0.229,0.287
shaanxi_guanzhong,2014-08-26,0.216,0.247,0.228,0.287
shaanxi_guanzhong,2014-08-27,0.208,0.24,0.227,0.287
shaanxi_guanzhong,2014-08-28,0.198,0.233,0.226,0.287
shaanxi_guanzhong,2014-08-29,0.19,0.227,0.225,0.287
shaanxi_guanzhong,2014-08-30,0.324,0.277,0.224,0.287
shaanxi_guanzhong,2014-08-31,0.381,0.359,0.227,0.286
shaanxi_guanzhong,2014-09-01,0.385,0.358,0.23,0.286
shaanxi_guanzhong,2014-09-02,0.365,0.357,0.233,0.286
shaanxi_guanzhong,2014-09-03,0.338,0.341,0.235,0.286
shaanxi_guanzhong,2014-09-04,0.318,0.328,0.236,0.286
shaanxi_guanzhong,2014-09-05,0.303,0.316,0.236,0.286
shaanxi_guanzhong,2014-09-06,0.296,0.306,0.236,0.286
shaanxi_guanzhong,2014-09-07,0.389,0.324,0.236,0.286
shaanxi_guanzhong,2014-09-08,0.385,0.351,0.238,0.286
shaanxi_guanzhong,2014-09-09,0.424,0.419,0.269,0.286
shaanxi_guanzhong,2014-09-10,0.43,0.425,0.303,0.286
shaanxi_guanzhong,2014-09-11,0.427,0.421,0.336,0.286
shaanxi_guanzhong,2014-09-12,0.419,0.418,0.359,0.286
shaanxi_guanzhong,2014-09-13,0.427,0.421,0.368,0.287
shaanxi_guanzhong,2014-09-14,0.428,0.425,0.381,0.288
shaanxi_guanzhong,2014-09-15,0.427,0.427,0.397,0.289
shaanxi_guanzhong,2014-09-16,0.43,0.429,0.411,0.293
shaanxi_guanzhong,2014-09-17,0.424,0.427,0.417,0.297
shaanxi_guanzhong,2014-09-18,0.408,0.416,0.415,0.301
shaanxi_guanzhong,2014-09-19,0.394,0.405,0.41,0.303
shaanxi_guanzhong,2014-09-20,0.382,0.393,0.406,0.305
shaanxi_guanzhong,2014-09-21,0.372,0.383,0.402,0.307
shaanxi_guanzhong,2014-09-22,0.367,0.376,0.398,0.308
shaanxi_guanzhong,2014-09-23,0.41,0.402,0.397,0.309
shaanxi_guanzhong,2014-09-24,0.4,0.409,0.399,0.31
shaanxi_guanzhong,2014-09-25,0.388,0.398,0.398,0.311
shaanxi_guanzhong,2014-09-26,0.38,0.39,0.395,0.312
shaanxi_guanzhong,2014-09-27,0.398,0.39,0.393,0.313
shaanxi_guanzhong,2014-09-28,0.422,0.423,0.4,0.314
shaanxi_guanzhong,2014-09-29,0.401,0.41,0.403,0.316
shaanxi_guanzhong,2014-09-30,0.387,0.398,0.4,0.317
shaanxi_guanzhong,2014-10-01,0.406,0.412,0.403,0.318
shaanxi_guanzhong,2014-10-02,0.395,0.406,0.405,0.32
shaanxi_guanzhong,2014-10-03,0.382,0.394,0.402,0.321
shaanxi_guanzhong,2014-10-04,0.376,0.386,0.399,0.322
shaanxi_guanzhong,2014-10-05,0.368,0.378,0.396,0.323
shaanxi_guanzhong,2014-10-06,0.358,0.37,0.393,0.324
shaanxi_guanzhong,2014-10-07,0.352,0.364,0.39,0.325
shaanxi_guanzhong,2014-10-08,0.347,0.359,0.387,0.326
shaanxi_guanzhong,2014-10-09,0.342,0.355,0.385,0.326
shaanxi_guanzhong,2014-10-10,0.336,0.349,0.382,0.327
shaanxi_guanzhong,2014-10-11,0.336,0.346,0.38,0.327
shaanxi_guanzhong,2014-10-12,0.346,0.346,0.378,0.327
shaanxi_guanzhong,2014-10-13,0.345,0.347,0.376,0.328
shaanxi_guanzhong,2014-10-14,0.338,0.345,0.375,0.328
shaanxi_guanzhong,2014-10-15,0.332,0.342,0.373,0.329
shaanxi_guanzhong,2014-10-16,0.34,0.341,0.371,0.329
shaanxi_guanzhong,2014-10-17,0.348,0.343,0.37,0.329
shaanxi_guanzhong,2014-10-18,0.341,0.342,0.369,0.329
shaanxi_guanzhong,2014-10-19,0.358,0.344,0.368,0.33
shaanxi_guanzhong,2014-10-20,0.351,0.346,0.367,0.33
shaanxi_guanzhong,2014-10-21,0.346,0.346,0.365,0.33
shaanxi_guanzhong,2014-10-22,0.338,0.343,0.364,0.33
shaanxi_guanzhong,2014-10-23,0.333,0.34,0.363,0.33
shaanxi_guanzhong,2014-10-24,0.327,0.336,0.362,0.33
shaanxi_guanzhong,2014-10-25,0.321,0.332,0.36,0.331
shaanxi_guanzhong,2014-10-26,0.316,0.329,0.358,0.331
shaanxi_guanzhong,2014-10-27,0.314,0.326,0.357,0.331
shaanxi_guanzhong,2014-10-28,0.391,0.341,0.356,0.331
shaanxi_guanzhong,2014-10-29,0.391,0.368,0.356,0.331
shaanxi_guanzhong,2014-10-30,0.38,0.373,0.357,0.331
shaanxi_guanzhong,2014-10-31,0.391,0.377,0.357,0.331
shaanxi_guanzhong,2014-11-01,0.384,0.378,0.358,0.331
shaanxi_guanzhong,2014-11-02,0.372,0.375,0.358,0.331
shaanxi_guanzhong,2014-11-03,0.363,0.369,0.358,0.332
shaanxi_guanzhong,2014-11-04,0.357,0.364,0.358,0.332
shaanxi_guanzhong,2014-11-05,0.356,0.36,0.357,0.332
shaanxi_guanzhong,2014-11-06,0.35,0.357,0.357,0.332
shaanxi_guanzhong,2014-11-07,0.373,0.358,0.356,0.332
shaanxi_guanzhong,2014-11-08,0.368,0.362,0.356,0.332
shaanxi_guanzhong,2014-11-09,0.362,0.361,0.356,0.332
shaanxi_guanzhong,2014-11-10,0.363,0.36,0.356,0.332
shaanxi_guanzhong,2014-11-11,0.358,0.359,0.356,0.332
shaanxi_guanzhong,2014-11-12,0.351,0.357,0.355,0.332
shaanxi_guanzhong,2014-11-13,0.346,0.353,0.355,0.333
shaanxi_guanzhong,2014-11-14,0.345,0.35,0.354,0.333
shaanxi_guanzhong,2014-11-15,0.349,0.349,0.354,0.333
shaanxi_guanzhong,2014-11-16,0.342,0.347,0.353,0.333
shaanxi_guanzhong,2014-11-17,0.338,0.344,0.352,0.333
shaanxi_guanzhong,2014-11-18,0.335,0.342,0.352,0.333
shaanxi_guanzhong,2014-11-19,0.334,0.34,0.351,0.333
shaanxi_guanzhong,2014-11-20,0.33,0.338,0.351,0.333
shaanxi_guanzhong,2014-11-21,0.328,0.336,0.35,0.333
shaanxi_guanzhong,2014-11-22,0.336,0.335,0.349,0.333
shaanxi_guanzhong,2014-11-23,0.37,0.34,0.349,0.333
shaanxi_guanzhong,2014-11-24,0.402,0.367,0.349,0.333
shaanxi_guanzhong,2014-11-25,0.389,0.379,0.35,0.333
shaanxi_guanzhong,2014-11-26,0.376,0.376,0.352,0.333
shaanxi_guanzhong,2014-11-27,0.373,0.373,0.352,0.333
shaanxi_guanzhong,2014-11-28,0.367,0.37,0.353,0.333
shaanxi_guanzhong,2014-11-29,0.369,0.367,0.353,0.334
shaanxi_guanzhong,2014-11-30,0.372,0.367,0.353,0.334
shaanxi_guanzhong,2014-12-01,0.362,0.365,0.353,0.334
shaanxi_guanzhong,2014-12-02,0.357,0.362,0.353,0.334
shaanxi_guanzhong,2014-12-03,0.353,0.359,0.353,0.334
shaanxi_guanzhong,2014-12-04,0.35,0.356,0.353,0.334
shaanxi_guanzhong,2014-12-05,0.348,0.354,0.353,0.334
shaanxi_guanzhong,2014-12-06,0.346,0.352,0.352,0.334
shaanxi_guanzhong,2014-12-07,0.344,0.35,0.352,0.334
shaanxi_guanzhong,2014-12-08,0.342,0.348,0.352,0.334
shaanxi_guanzhong,2014-12-09,0.343,0.347,0.351,0.334
shaanxi_guanzhong,2014-12-10,0.343,0.346,0.351,0.334
shaanxi_guanzhong,2014-12-11,0.341,0.345,0.351,0.334
shaanxi_guanzhong,2014-12-12,0.34,0.344,0.35,0.334
shaanxi_guanzhong,2014-12-13,0.34,0.343,0.35,0.335
shaanxi_guanzhong,2014-12-14,0.34,0.342,0.35,0.335
shaanxi_guanzhong,2014-12-15,0.337,0.341,0.349,0.335
shaanxi_guanzhong,2014-12-16,0.334,0.34,0.349,0.335
shaanxi_guanzhong,2014-12-17,0.333,0.339,0.348,0.335
shaanxi_guanzhong,2014-12-18,0.333,0.338,0.348,0.335
shaanxi_guanzhong,2014-12-19,0.333,0.337,0.348,0.335
shaanxi_guanzhong,2014-12-20,0.332,0.337,0.347,0.335
shaanxi_guanzhong,2014-12-21,0.332,0.336,0.347,0.335
shaanxi_guanzhong,2014-12-22,0.331,0.336,0.347,0.335
shaanxi_guanzhong,2014-12-23,0.33,0.336,0.347,0.335
shaanxi_guanzhong,2014-12-24,0.33,0.335,0.346,0.335
shaanxi_guanzhong,2014-12-25,0.329,0.334,0.346,0.335
shaanxi_guanzhong,2014-12-26,0.329,0.334,0.346,0.335
shaanxi_guanzhong,2014-12-27,0.329,0.333,0.345,0.335
shaanxi_guanzhong,2014-12-28,0.327,0.332,0.345,0.335
shaanxi_guanzhong,2014-12-29,0.325,0.331,0.344,0.335
shaanxi_guanzhong,2014-12-30,0.324,0.33,0.344,0.335
shaanxi_guanzhong,2014-12-31,0.324,0.329,0.344,0.335
shaanxi_guanzhong,2015-01-01,0.323,0.329,0.343,0.335
shaanxi_guanzhong,2015-01-02,0.323,0.329,0.343,0.335
shaanxi_guanzhong,2015-01-03,0.322,0.328,0.343,0.335
shaanxi_guanzhong,2015-01-04,0.32,0.327,0.342,0.335
shaanxi_guanzhong,2015-01-05,0.318,0.325,0.342,0.335
shaanxi_guanzhong,2015-01-06,0.316,0.324,0.341,0.335
shaanxi_guanzhong,2015-01-07,0.316,0.323,0.34,0.335
shaanxi_guanzhong,2015-01-08,0.316,0.322,0.34,0.335
shaanxi_guanzhong,2015-01-09,0.315,0.321,0.34,0.335
shaanxi_guanzhong,2015-01-10,0.314,0.32,0.339,0.335
shaanxi_guanzhong,2015-01-11,0.313,0.32,0.339,0.335
shaanxi_guanzhong,2015-01-12,0.313,0.319,0.338,0.335
shaanxi_guanzhong,2015-01-13,0.312,0.318,0.338,0.335
shaanxi_guanzhong,2015-01-14,0.31,0.318,0.337,0.335
shaanxi_guanzhong,2015-01-15,0.311,0.317,0.337,0.335
shaanxi_guanzhong,2015-01-16,0.311,0.316,0.336,0.335
shaanxi_guanzhong,2015-01-17,0.31,0.316,0.336,0.335
shaanxi_guanzhong,2015-01-18,0.311,0.316,0.335,0.335
shaanxi_guanzhong,2015-01-19,0.311,0.315,0.335,0.335
shaanxi_guanzhong,2015-01-20,0.309,0.314,0.335,0.335
shaanxi_guanzhong,2015-01-21,0.307,0.313,0.334,0.335
shaanxi_guanzhong,2015-01-22,0.305,0.313,0.333,0.335
shaanxi_guanzhong,2015-01-23,0.304,0.312,0.333,0.335
shaanxi_guanzhong,2015-01-24,0.304,0.311,0.332,0.335
shaanxi_guanzhong,2015-01-25,0.303,0.31,0.332,0.335
shaanxi_guanzhong,2015-01-26,0.302,0.309,0.331,0.335
shaanxi_guanzhong,2015-01-27,0.302,0.309,0.331,0.335
shaanxi_guanzhong,2015-01-28,0.302,0.308,0.331,0.335
shaanxi_guanzhong,2015-01-29,0.303,0.308,0.33,0.335
shaanxi_guanzhong,2015-01-30,0.305,0.308,0.33,0.335
shaanxi_guanzhong,2015-01-31,0.307,0.309,0.33,0.335
shaanxi_guanzhong,2015-02-01,0.312,0.309,0.329,0.335
shaanxi_guanzhong,2015-02-02,0.325,0.311,0.329,0.335
shaanxi_guanzhong,2015-02-03,0.343,0.315,0.329,0.335
shaanxi_guanzhong,2015-02-04,0.351,0.321,0.329,0.335
shaanxi_guanzhong,2015-02-05,0.35,0.326,0.329,0.335
shaanxi_guanzhong,2015-02-06,0.349,0.33,0.328,0.335
shaanxi_guanzhong,2015-02-07,0.344,0.332,0.328,0.335
shaanxi_guanzhong,2015-02-08,0.339,0.332,0.328,0.335
shaanxi_guanzhong,2015-02-09,0.336,0.332,0.328,0.335
shaanxi_guanzhong,2015-02-10,0.333,0.331,0.328,0.335
shaanxi_guanzhong,2015-02-11,0.329,0.329,0.328,0.335
shaanxi_guanzhong,2015-02-12,0.324,0.327,0.327,0.335
shaanxi_guanzhong,2015-02-13,0.32,0.325,0.327,0.335
shaanxi_guanzhong,2015-02-14,0.317,0.323,0.326,0.335
shaanxi_guanzhong,2015-02-15,0.313,0.32,0.326,0.335
shaanxi_guanzhong,2015-02-16,0.307,0.317,0.325,0.334
shaanxi_guanzhong,2015-02-17,0.302,0.313,0.324,0.334
shaanxi_guanzhong,2015-02-18,0.3,0.311,0.324,0.334
shaanxi_guanzhong,2015-02-19,0.303,0.309,0.323,0.334
shaanxi_guanzhong,2015-02-20,0.316,0.309,0.323,0.334
shaanxi_guanzhong,2015-02-21,0.315,0.309,0.323,0.334
shaanxi_guanzhong,2015-02-22,0.308,0.307,0.322,0.334
shaanxi_guanzhong,2015-02-23,0.305,0.305,0.321,0.334
shaanxi_guanzhong,2015-02-24,0.304,0.304,0.321,0.334
shaanxi_guanzhong,2015-02-25,0.3,0.302,0.32,0.334
shaanxi_guanzhong,2015-02-26,0.295,0.3,0.319,0.334
shaanxi_guanzhong,2015-02-27,0.337,0.302,0.319,0.334
shaanxi_guanzhong,2015-02-28,0.352,0.313,0.319,0.334
shaanxi_guanzhong,2015-03-01,0.344,0.318,0.318,0.334
shaanxi_guanzhong,2015-03-02,0.341,0.321,0.318,0.334
shaanxi_guanzhong,2015-03-03,0.334,0.321,0.318,0.334
shaanxi_guanzhong,2015-03-04,0.328,0.32,0.317,0.334
shaanxi_guanzhong,2015-03-05,0.338,0.32,0.317,0.334
shaanxi_guanzhong,2015-03-06,0.342,0.322,0.317,0.333
shaanxi_guanzhong,2015-03-07,0.34,0.323,0.317,0.333
shaanxi_guanzhong,2015-03-08,0.334,0.323,0.316,0.333
shaanxi_guanzhong,2015-03-09,0.325,0.321,0.316,0.333
shaanxi_guanzhong,2015-03-10,0.318,0.319,0.315,0.333
shaanxi_guanzhong,2015-03-11,0.314,0.317,0.315,0.333
shaanxi_guanzhong,2015-03-12,0.307,0.313,0.315,0.333
shaanxi_guanzhong,2015-03-13,0.298,0.308,0.314,0.333
shaanxi_guanzhong,2015-03-14,0.29,0.303,0.313,0.333
shaanxi_guanzhong,2015-03-15,0.286,0.298,0.312,0.333
shaanxi_guanzhong,2015-03-16,0.281,0.294,0.311,0.333
shaanxi_guanzhong,2015-03-17,0.283,0.292,0.31,0.333
shaanxi_guanzhong,2015-03-18,0.375,0.307,0.31,0.333
shaanxi_guanzhong,2015-03-19,0.366,0.323,0.31,0.332
shaanxi_guanzhong,2015-03-20,0.356,0.333,0.31,0.332
shaanxi_guanzhong,2015-03-21,0.335,0.33,0.31,0.332
shaanxi_guanzhong,2015-03-22,0.328,0.325,0.309,0.332
shaanxi_guanzhong,2015-03-23,0.375,0.333,0.309,0.332
shaanxi_guanzhong,2015-03-24,0.391,0.355,0.309,0.332
shaanxi_guanzhong,2015-03-25,0.391,0.372,0.312,0.332
shaanxi_guanzhong,2015-03-26,0.4,0.382,0.314,0.332
shaanxi_guanzhong,2015-03-27,0.38,0.378,0.317,0.332
shaanxi_guanzhong,2015-03-28,0.366,0.369,0.318,0.332
shaanxi_guanzhong,2015-03-29,0.352,0.359,0.319,0.332
shaanxi_guanzhong,2015-03-30,0.34,0.35,0.319,0.332
shaanxi_guanzhong,2015-03-31,0.343,0.344,0.319,0.332
shaanxi_guanzhong,2015-04-01,0.405,0.369,0.319,0.332
shaanxi_guanzhong,2015-04-02,0.396,0.397,0.324,0.332
shaanxi_guanzhong,2015-04-03,0.385,0.383,0.327,0.332
shaanxi_guanzhong,2015-04-04,0.411,0.393,0.33,0.331
shaanxi_guanzhong,2015-04-05,0.412,0.407,0.336,0.331
shaanxi_guanzhong,2015-04-06,0.409,0.401,0.341,0.331
shaanxi_guanzhong,2015-04-07,0.406,0.401,0.346,0.332
shaanxi_guanzhong,2015-04-08,0.386,0.391,0.349,0.332
shaanxi_guanzhong,2015-04-09,0.371,0.379,0.35,0.332
shaanxi_guanzhong,2015-04-10,0.359,0.369,0.35,0.332
shaanxi_guanzhong,2015-04-11,0.366,0.363,0.349,0.332
shaanxi_guanzhong,2015-04-12,0.359,0.36,0.349,0.332
shaanxi_guanzhong,2015-04-13,0.343,0.352,0.348,0.332
shaanxi_guanzhong,2015-04-14,0.332,0.344,0.346,0.332
shaanxi_guanzhong,2015-04-15,0.321,0.336,0.344,0.332
shaanxi_guanzhong,2015-04-16,0.308,0.327,0.342,0.332
shaanxi_guanzhong,2015-04-17,0.299,0.319,0.34,0.332
shaanxi_guanzhong,2015-04-18,0.311,0.315,0.339,0.332
shaanxi_guanzhong,2015-04-19,0.379,0.331,0.339,0.332
shaanxi_guanzhong,2015-04-20,0.351,0.339,0.338,0.332
shaanxi_guanzhong,2015-04-21,0.355,0.337,0.337,0.332
shaanxi_guanzhong,2015-04-22,0.337,0.334,0.335,0.332
shaanxi_guanzhong,2015-04-23,0.324,0.329,0.334,0.332
shaanxi_guanzhong,2015-04-24,0.312,0.323,0.333,0.332
shaanxi_guanzhong,2015-04-25,0.3,0.315,0.331,0.331
shaanxi_guanzhong,2015-04-26,0.29,0.308,0.329,0.331
shaanxi_guanzhong,2015-04-27,0.279,0.301,0.327,0.331
shaanxi_guanzhong,2015-04-28,0.266,0.292,0.325,0.331
shaanxi_guanzhong,2015-04-29,0.255,0.284,0.323,0.331
shaanxi_guanzhong,2015-04-30,0.256,0.278,0.32,0.331
shaanxi_guanzhong,2015-05-01,0.367,0.293,0.319,0.331
shaanxi_guanzhong,2015-05-02,0.341,0.309,0.319,0.331
shaanxi_guanzhong,2015-05-03,0.32,0.306,0.317,0.331
shaanxi_guanzhong,2015-05-04,0.306,0.302,0.316,0.331
shaanxi_guanzhong,2015-05-05,0.29,0.296,0.314,0.331
shaanxi_guanzhong,2015-05-06,0.276,0.289,0.313,0.33
shaanxi_guanzhong,2015-05-07,0.292,0.284,0.311,0.33
shaanxi_guanzhong,2015-05-08,0.32,0.288,0.31,0.33
shaanxi_guanzhong,2015-05-09,0.292,0.283,0.308,0.33
shaanxi_guanzhong,2015-05-10,0.281,0.279,0.306,0.33
shaanxi_guanzhong,2015-05-11,0.273,0.276,0.305,0.33
shaanxi_guanzhong,2015-05-12,0.256,0.269,0.303,0.33
shaanxi_guanzhong,2015-05-13,0.242,0.262,0.301,0.33
shaanxi_guanzhong,2015-05-14,0.232,0.256,0.299,0.329
shaanxi_guanzhong,2015-05-15,0.225,0.251,0.297,0.329
shaanxi_guanzhong,2015-05-16,0.215,0.245,0.295,0.329
shaanxi_guanzhong,2015-05-17,0.209,0.241,0.293,0.329
shaanxi_guanzhong,2015-05-18,0.201,0.236,0.291,0.329
shaanxi_guanzhong,2015-05-19,0.192,0.229,0.288,0.329
shaanxi_guanzhong,2015-05-20,0.19,0.225,0.287,0.328
shaanxi_guanzhong,2015-05-21,0.262,0.225,0.286,0.328
shaanxi_guanzhong,2015-05-22,0.267,0.227,0.285,0.328
shaanxi_guanzhong,2015-05-23,0.248,0.225,0.283,0.328
shaanxi_guanzhong,2015-05-24,0.23,0.222,0.281,0.328
shaanxi_guanzhong,2015-05-25,0.218,0.219,0.279,0.328
shaanxi_guanzhong,2015-05-26,0.213,0.217,0.278,0.327
shaanxi_guanzhong,2015-05-27,0.202,0.214,0.276,0.327
shaanxi_guanzhong,2015-05-28,0.199,0.211,0.274,0.327
shaanxi_guanzhong,2015-05-29,0.208,0.21,0.273,0.327
shaanxi_guanzhong,2015-05-30,0.197,0.207,0.271,0.327
shaanxi_guanzhong,2015-05-31,0.208,0.204,0.27,0.326
shaanxi_guanzhong,2015-06-01,0.335,0.215,0.269,0.326
shaanxi_guanzhong,2015-06-02,0.304,0.227,0.268,0.326
shaanxi_guanzhong,2015-06-03,0.306,0.232,0.268,0.326
shaanxi_guanzhong,2015-06-04,0.359,0.26,0.268,0.326
shaanxi_guanzhong,2015-06-05,0.31,0.269,0.266,0.326
shaanxi_guanzhong,2015-06-06,0.282,0.265,0.265,0.325
shaanxi_guanzhong,2015-06-07,0.264,0.26,0.264,0.325
shaanxi_guanzhong,2015-06-08,0.249,0.254,0.263,0.325
shaanxi_guanzhong,2015-06-09,0.233,0.247,0.261,0.325
shaanxi_guanzhong,2015-06-10,0.22,0.24,0.259,0.325
shaanxi_guanzhong,2015-06-11,0.205,0.233,0.257,0.324
shaanxi_guanzhong,2015-06-12,0.195,0.226,0.256,0.324
shaanxi_guanzhong,2015-06-13,0.187,0.221,0.254,0.324
shaanxi_guanzhong,2015-06-14,0.179,0.215,0.253,0.324
shaanxi_guanzhong,2015-06-15,0.237,0.213,0.252,0.323
shaanxi_guanzhong,2015-06-16,0.266,0.215,0.252,0.323
shaanxi_guanzhong,2015-06-17,0.255,0.215,0.251,0.323
shaanxi_guanzhong,2015-06-18,0.234,0.212,0.25,0.323
shaanxi_guanzhong,2015-06-19,0.217,0.208,0.248,0.323
shaanxi_guanzhong,2015-06-20,0.22,0.206,0.247,0.323
shaanxi_guanzhong,2015-06-21,0.229,0.206,0.247,0.322
shaanxi_guanzhong,2015-06-22,0.214,0.203,0.246,0.322
shaanxi_guanzhong,2015-06-23,0.332,0.223,0.245,0.322
shaanxi_guanzhong,2015-06-24,0.419,0.351,0.246,0.322
shaanxi_guanzhong,2015-06-25,0.399,0.39,0.255,0.322
shaanxi_guanzhong,2015-06-26,0.387,0.374,0.26,0.322
shaanxi_guanzhong,2015-06-27,0.415,0.392,0.265,0.321
shaanxi_guanzhong,2015-06-28,0.423,0.411,0.276,0.321
shaanxi_guanzhong,2015-06-29,0.426,0.423,0.314,0.321
shaanxi_guanzhong,2015-06-30,0.416,0.415,0.333,0.321
shaanxi_guanzhong,2015-07-01,0.387,0.396,0.34,0.321
shaanxi_guanzhong,2015-07-02,0.366,0.377,0.341,0.321
shaanxi_guanzhong,2015-07-03,0.356,0.367,0.34,0.322
shaanxi_guanzhong,2015-07-04,0.35,0.359,0.34,0.322
shaanxi_guanzhong,2015-07-05,0.34,0.351,0.339,0.322
shaanxi_guanzhong,2015-07-06,0.326,0.341,0.338,0.322
shaanxi_guanzhong,2015-07-07,0.312,0.331,0.336,0.322
shaanxi_guanzhong,2015-07-08,0.297,0.32,0.333,0.322
shaanxi_guanzhong,2015-07-09,0.284,0.31,0.331,0.322
shaanxi_guanzhong,2015-07-10,0.274,0.301,0.329,0.322
shaanxi_guanzhong,2015-07-11,0.262,0.292,0.326,0.322
shaanxi_guanzhong,2015-07-12,0.251,0.284,0.323,0.321
shaanxi_guanzhong,2015-07-13,0.241,0.277,0.321,0.321
shaanxi_guanzhong,2015-07-14,0.233,0.27,0.318,0.321
shaanxi_guanzhong,2015-07-15,0.226,0.264,0.316,0.321
shaanxi_guanzhong,2015-07-16,0.217,0.257,0.313,0.321
shaanxi_guanzhong,2015-07-17,0.208,0.251,0.311,0.321
shaanxi_guanzhong,2015-07-18,0.2,0.244,0.308,0.321
shaanxi_guanzhong,2015-07-19,0.193,0.239,0.305,0.321
shaanxi_guanzhong,2015-07-20,0.186,0.233,0.302,0.32
shaanxi_guanzhong,2015-07-21,0.18,0.227,0.299,0.32
shaanxi_guanzhong,2015-07-22,0.176,0.223,0.296,0.32
shaanxi_guanzhong,2015-07-23,0.177,0.219,0.294,0.32
shaanxi_guanzhong,2015-07-24,0.171,0.213,0.29,0.32
shaanxi_guanzhong,2015-07-25,0.163,0.208,0.287,0.32
shaanxi_guanzhong,2015-07-26,0.157,0.202,0.283,0.319
shaanxi_guanzhong,2015-07-27,0.152,0.197,0.28,0.319
shaanxi_guanzhong,2015-07-28,0.149,0.193,0.277,0.319
shaanxi_guanzhong,2015-07-29,0.146,0.189,0.273,0.319
shaanxi_guanzhong,2015-07-30,0.143,0.185,0.27,0.318
shaanxi_guanzhong,2015-07-31,0.141,0.182,0.267,0.318
shaanxi_guanzhong,2015-08-01,0.139,0.179,0.264,0.318
shaanxi_guanzhong,2015-08-02,0.138,0.176,0.261,0.318
shaanxi_guanzhong,2015-08-03,0.175,0.174,0.258,0.317
shaanxi_guanzhong,2015-08-04,0.326,0.187,0.257,0.317
shaanxi_guanzhong,2015-08-05,0.294,0.203,0.256,0.317
shaanxi_guanzhong,2015-08-06,0.255,0.203,0.254,0.317
shaanxi_guanzhong,2015-08-07,0.23,0.2,0.252,0.317
shaanxi_guanzhong,2015-08-08,0.215,0.197,0.251,0.316
shaanxi_guanzhong,2015-08-09,0.221,0.196,0.25,0.316
shaanxi_guanzhong,2015-08-10,0.327,0.21,0.249,0.316
shaanxi_guanzhong,2015-08-11,0.346,0.231,0.249,0.316
shaanxi_guanzhong,2015-08-12,0.349,0.256,0.249,0.316
shaanxi_guanzhong,2015-08-13,0.309,0.261,0.248,0.316
shaanxi_guanzhong,2015-08-14,0.306,0.261,0.247,0.315
shaanxi_guanzhong,2015-08-15,0.293,0.26,0.247,0.315
shaanxi_guanzhong,2015-08-16,0.269,0.254,0.246,0.315
shaanxi_guanzhong,2015-08-17,0.252,0.249,0.245,0.315
shaanxi_guanzhong,2015-08-18,0.272,0.247,0.244,0.315
shaanxi_guanzhong,2015-08-19,0.288,0.249,0.245,0.315
shaanxi_guanzhong,2015-08-20,0.269,0.247,0.244,0.314
shaanxi_guanzhong,2015-08-21,0.246,0.24,0.243,0.314
shaanxi_guanzhong,2015-08-22,0.227,0.233,0.241,0.314
shaanxi_guanzhong,2015-08-23,0.213,0.227,0.24,0.314
shaanxi_guanzhong,2015-08-24,0.202,0.221,0.238,0.314
shaanxi_guanzhong,2015-08-25,0.192,0.216,0.237,0.313
shaanxi_guanzhong,2015-08-26,0.184,0.211,0.236,0.313
shaanxi_guanzhong,2015-08-27,0.177,0.206,0.234,0.313
shaanxi_guanzhong,2015-08-28,0.171,0.201,0.233,0.313
shaanxi_guanzhong,2015-08-29,0.164,0.196,0.231,0.312
shaanxi_guanzhong,2015-08-30,0.159,0.191,0.229,0.312
shaanxi_guanzhong,2015-08-31,0.157,0.188,0.228,0.312
shaanxi_guanzhong,2015-09-01,0.156,0.185,0.227,0.312
shaanxi_guanzhong,2015-09-02,0.154,0.182,0.226,0.311
shaanxi_guanzhong,2015-09-03,0.208,0.181,0.225,0.311
shaanxi_guanzhong,2015-09-04,0.375,0.238,0.225,0.311
shaanxi_guanzhong,2015-09-05,0.32,0.271,0.225,0.311
shaanxi_guanzhong,2015-09-06,0.287,0.266,0.224,0.311
shaanxi_guanzhong,2015-09-07,0.268,0.26,0.224,0.31
shaanxi_guanzhong,2015-09-08,0.312,0.258,0.224,0.31
shaanxi_guanzhong,2015-09-09,0.39,0.287,0.224,0.31
shaanxi_guanzhong,2015-09-10,0.424,0.369,0.227,0.31
shaanxi_guanzhong,2015-09-11,0.402,0.397,0.241,0.31
shaanxi_guanzhong,2015-09-12,0.371,0.373,0.247,0.31
shaanxi_guanzhong,2015-09-13,0.352,0.357,0.249,0.31
shaanxi_guanzhong,2015-09-14,0.337,0.344,0.251,0.31
shaanxi_guanzhong,2015-09-15,0.323,0.333,0.251,0.31
shaanxi_guanzhong,2015-09-16,0.35,0.329,0.252,0.309
shaanxi_guanzhong,2015-09-17,0.408,0.38,0.255,0.309
shaanxi_guanzhong,2015-09-18,0.383,0.377,0.26,0.309
shaanxi_guanzhong,2015-09-19,0.369,0.367,0.263,0.309
shaanxi_guanzhong,2015-09-20,0.354,0.356,0.265,0.309
shaanxi_guanzhong,2015-09-21,0.339,0.345,0.266,0.309
shaanxi_guanzhong,2015-09-22,0.38,0.361,0.268,0.309
shaanxi_guanzhong,2015-09-23,0.365,0.361,0.27,0.309
shaanxi_guanzhong,2015-09-24,0.389,0.365,0.272,0.309
shaanxi_guanzhong,2015-09-25,0.362,0.359,0.274,0.309
shaanxi_guanzhong,2015-09-26,0.347,0.349,0.275,0.309
shaanxi_guanzhong,2015-09-27,0.359,0.345,0.276,0.309
shaanxi_guanzhong,2015-09-28,0.418,0.379,0.279,0.309
shaanxi_guanzhong,2015-09-29,0.417,0.407,0.29,0.309
shaanxi_guanzhong,2015-09-30,0.407,0.397,0.298,0.309
shaanxi_guanzhong,2015-10-01,0.389,0.39,0.303,0.309
shaanxi_guanzhong,2015-10-02,0.374,0.376,0.305,0.308
shaanxi_guanzhong,2015-10-03,0.37,0.369,0.307,0.309
shaanxi_guanzhong,2015-10-04,0.366,0.364,0.308,0.309
shaanxi_guanzhong,2015-10-05,0.355,0.358,0.309,0.309
shaanxi_guanzhong,2015-10-06,0.35,0.352,0.31,0.309
shaanxi_guanzhong,2015-10-07,0.344,0.347,0.31,0.309
shaanxi_guanzhong,2015-10-08,0.34,0.342,0.31,0.309
shaanxi_guanzhong,2015-10-09,0.335,0.338,0.31,0.309
shaanxi_guanzhong,2015-10-10,0.324,0.332,0.309,0.309
shaanxi_guanzhong,2015-10-11,0.314,0.325,0.309,0.309
shaanxi_guanzhong,2015-10-12,0.307,0.32,0.308,0.309
shaanxi_guanzhong,2015-10-13,0.3,0.314,0.307,0.308
shaanxi_guanzhong,2015-10-14,0.295,0.309,0.306,0.308
shaanxi_guanzhong,2015-10-15,0.289,0.304,0.305,0.308
shaanxi_guanzhong,2015-10-16,0.283,0.3,0.304,0.308
shaanxi_guanzhong,2015-10-17,0.28,0.296,0.304,0.308
shaanxi_guanzhong,2015-10-18,0.28,0.293,0.303,0.308
shaanxi_guanzhong,2015-10-19,0.279,0.291,0.303,0.308
shaanxi_guanzhong,2015-10-20,0.273,0.288,0.302,0.308
shaanxi_guanzhong,2015-10-21,0.268,0.284,0.301,0.308
shaanxi_guanzhong,2015-10-22,0.272,0.282,0.3,0.308
shaanxi_guanzhong,2015-10-23,0.345,0.288,0.299,0.308
shaanxi_guanzhong,2015-10-24,0.389,0.312,0.299,0.308
shaanxi_guanzhong,2015-10-25,0.408,0.372,0.301,0.308
shaanxi_guanzhong,2015-10-26,0.401,0.384,0.305,0.308
shaanxi_guanzhong,2015-10-27,0.38,0.378,0.308,0.308
shaanxi_guanzhong,2015-10-28,0.37,0.37,0.31,0.308
shaanxi_guanzhong,2015-10-29,0.362,0.364,0.312,0.308
shaanxi_guanzhong,2015-10-30,0.359,0.358,0.313,0.308
shaanxi_guanzhong,2015-10-31,0.391,0.364,0.313,0.308
shaanxi_guanzhong,2015-11-01,0.372,0.367,0.315,0.308
shaanxi_guanzhong,2015-11-02,0.36,0.361,0.316,0.308
shaanxi_guanzhong,2015-11-03,0.351,0.355,0.316,0.308
shaanxi_guanzhong,2015-11-04,0.349,0.351,0.317,0.308
shaanxi_guanzhong,2015-11-05,0.388,0.356,0.317,0.308
shaanxi_guanzhong,2015-11-06,0.409,0.382,0.319,0.309
shaanxi_guanzhong,2015-11-07,0.408,0.392,0.322,0.309
shaanxi_guanzhong,2015-11-08,0.398,0.395,0.327,0.309
shaanxi_guanzhong,2015-11-09,0.382,0.385,0.329,0.309
shaanxi_guanzhong,2015-11-10,0.384,0.378,0.331,0.309
shaanxi_guanzhong,2015-11-11,0.401,0.384,0.333,0.309
shaanxi_guanzhong,2015-11-12,0.399,0.388,0.335,0.309
shaanxi_guanzhong,2015-11-13,0.391,0.387,0.338,0.309
shaanxi_guanzhong,2015-11-14,0.379,0.381,0.339,0.309
shaanxi_guanzhong,2015-11-15,0.382,0.377,0.34,0.31
shaanxi_guanzhong,2015-11-16,0.372,0.374,0.341,0.31
shaanxi_guanzhong,2015-11-17,0.393,0.376,0.341,0.31
shaanxi_guanzhong,2015-11-18,0.395,0.385,0.343,0.31
shaanxi_guanzhong,2015-11-19,0.39,0.385,0.345,0.31
shaanxi_guanzhong,2015-11-20,0.382,0.381,0.346,0.311
shaanxi_guanzhong,2015-11-21,0.381,0.378,0.347,0.311
shaanxi_guanzhong,2015-11-22,0.396,0.381,0.348,0.311
shaanxi_guanzhong,2015-11-23,0.412,0.392,0.349,0.311
shaanxi_guanzhong,2015-11-24,0.418,0.415,0.356,0.311
shaanxi_guanzhong,2015-11-25,0.398,0.402,0.361,0.312
shaanxi_guanzhong,2015-11-26,0.389,0.393,0.363,0.312
shaanxi_guanzhong,2015-11-27,0.383,0.387,0.363,0.313
shaanxi_guanzhong,2015-11-28,0.379,0.382,0.364,0.313
shaanxi_guanzhong,2015-11-29,0.374,0.378,0.363,0.313
shaanxi_guanzhong,2015-11-30,0.37,0.374,0.363,0.314
shaanxi_guanzhong,2015-12-01,0.365,0.371,0.362,0.314
shaanxi_guanzhong,2015-12-02,0.36,0.367,0.362,0.314
shaanxi_guanzhong,2015-12-03,0.357,0.363,0.361,0.315
shaanxi_guanzhong,2015-12-04,0.354,0.36,0.36,0.315
shaanxi_guanzhong,2015-12-05,0.351,0.357,0.359,0.315
shaanxi_guanzhong,2015-12-06,0.349,0.355,0.359,0.316
shaanxi_guanzhong,2015-12-07,0.347,0.353,0.358,0.316
shaanxi_guanzhong,2015-12-08,0.347,0.351,0.357,0.316
shaanxi_guanzhong,2015-12-09,0.35,0.351,0.356,0.316
shaanxi_guanzhong,2015-12-10,0.348,0.351,0.356,0.317
shaanxi_guanzhong,2015-12-11,0.348,0.349,0.355,0.317
shaanxi_guanzhong,2015-12-12,0.357,0.35,0.355,0.317
shaanxi_guanzhong,2015-12-13,0.38,0.357,0.354,0.317
shaanxi_guanzhong,2015-12-14,0.366,0.361,0.354,0.317
shaanxi_guanzhong,2015-12-15,0.359,0.36,0.354,0.317
shaanxi_guanzhong,2015-12-16,0.355,0.358,0.353,0.318
shaanxi_guanzhong,2015-12-17,0.353,0.357,0.353,0.318
shaanxi_guanzhong,2015-12-18,0.351,0.355,0.353,0.318
shaanxi_guanzhong,2015-12-19,0.349,0.354,0.353,0.318
shaanxi_guanzhong,2015-12-20,0.347,0.352,0.352,0.318
shaanxi_guanzhong,2015-12-21,0.346,0.351,0.352,0.319
shaanxi_guanzhong,2015-12-22,0.345,0.349,0.352,0.319
shaanxi_guanzhong,2015-12-23,0.345,0.348,0.351,0.319
shaanxi_guanzhong,2015-12-24,0.345,0.347,0.351,0.319
shaanxi_guanzhong,2015-12-25,0.341,0.346,0.35,0.319
shaanxi_guanzhong,2015-12-26,0.339,0.344,0.35,0.319
shaanxi_guanzhong,2015-12-27,0.337,0.343,0.349,0.319
shaanxi_guanzhong,2015-12-28,0.336,0.342,0.349,0.319
shaanxi_guanzhong,2015-12-29,0.335,0.341,0.348,0.32
shaanxi_guanzhong,2015-12-30,0.334,0.339,0.348,0.32
shaanxi_guanzhong,2015-12-31,0.332,0.338,0.347,0.32
shaanxi_guanzhong,2016-01-01,0.331,0.337,0.347,0.32
shaanxi_guanzhong,2016-01-02,0.329,0.335,0.346,0.32
shaanxi_guanzhong,2016-01-03,0.327,0.334,0.346,0.32
shaanxi_guanzhong,2016-01-04,0.325,0.332,0.345,0.32
shaanxi_guanzhong,2016-01-05,0.326,0.331,0.344,0.32
shaanxi_guanzhong,2016-01-06,0.326,0.33,0.344,0.32
shaanxi_guanzhong,2016-01-07,0.325,0.33,0.343,0.32
shaanxi_guanzhong,2016-01-08,0.323,0.329,0.343,0.321
shaanxi_guanzhong,2016-01-09,0.322,0.328,0.342,0.321
shaanxi_guanzhong,2016-01-10,0.321,0.327,0.342,0.321
shaanxi_guanzhong,2016-01-11,0.32,0.326,0.341,0.321
shaanxi_guanzhong,2016-01-12,0.32,0.325,0.341,0.321
shaanxi_guanzhong,2016-01-13,0.322,0.325,0.34,0.321
shaanxi_guanzhong,2016-01-14,0.324,0.325,0.34,0.321
shaanxi_guanzhong,2016-01-15,0.326,0.325,0.339,0.321
shaanxi_guanzhong,2016-01-16,0.328,0.325,0.339,0.321
shaanxi_guanzhong,2016-01-17,0.327,0.325,0.339,0.321
shaanxi_guanzhong,2016-01-18,0.325,0.325,0.338,0.321
shaanxi_guanzhong,2016-01-19,0.324,0.325,0.338,0.321
shaanxi_guanzhong,2016-01-20,0.323,0.325,0.338,0.321
shaanxi_guanzhong,2016-01-21,0.324,0.325,0.337,0.321
shaanxi_guanzhong,2016-01-22,0.323,0.325,0.337,0.321
shaanxi_guanzhong,2016-01-23,0.322,0.325,0.337,0.321
shaanxi_guanzhong,2016-01-24,0.321,0.325,0.336,0.321
shaanxi_guanzhong,2016-01-25,0.322,0.324,0.336,0.321
shaanxi_guanzhong,2016-01-26,0.324,0.325,0.336,0.321
shaanxi_guanzhong,2016-01-27,0.328,0.325,0.336,0.322
shaanxi_guanzhong,2016-01-28,0.334,0.326,0.336,0.322
shaanxi_guanzhong,2016-01-29,0.337,0.327,0.335,0.322
shaanxi_guanzhong,2016-01-30,0.337,0.329,0.335,0.322
shaanxi_guanzhong,2016-01-31,0.335,0.33,0.335,0.322
shaanxi_guanzhong,2016-02-01,0.333,0.33,0.335,0.322
shaanxi_guanzhong,2016-02-02,0.338,0.33,0.335,0.322
shaanxi_guanzhong,2016-02-03,0.346,0.332,0.335,0.322
shaanxi_guanzhong,2016-02-04,0.351,0.335,0.335,0.322
shaanxi_guanzhong,2016-02-05,0.348,0.337,0.334,0.322
shaanxi_guanzhong,2016-02-06,0.344,0.337,0.334,0.322
shaanxi_guanzhong,2016-02-07,0.343,0.338,0.334,0.322
shaanxi_guanzhong,2016-02-08,0.34,0.337,0.334,0.322
shaanxi_guanzhong,2016-02-09,0.336,0.335,0.334,0.322
shaanxi_guanzhong,2016-02-10,0.332,0.334,0.333,0.322
shaanxi_guanzhong,2016-02-11,0.329,0.332,0.333,0.322
shaanxi_guanzhong,2016-02-12,0.359,0.334,0.333,0.322
shaanxi_guanzhong,2016-02-13,0.352,0.339,0.332,0.322
shaanxi_guanzhong,2016-02-14,0.343,0.339,0.332,0.322
shaanxi_guanzhong,2016-02-15,0.342,0.339,0.332,0.322
shaanxi_guanzhong,2016-02-16,0.343,0.338,0.332,0.322
shaanxi_guanzhong,2016-02-17,0.342,0.338,0.332,0.322
shaanxi_guanzhong,2016-02-18,0.338,0.336,0.332,0.322
shaanxi_guanzhong,2016-02-19,0.332,0.334,0.331,0.322
shaanxi_guanzhong,2016-02-20,0.327,0.331,0.331,0.322
shaanxi_guanzhong,2016-02-21,0.327,0.33,0.331,0.322
shaanxi_guanzhong,2016-02-22,0.34,0.33,0.33,0.322
shaanxi_guanzhong,2016-02-23,0.346,0.332,0.33,0.322
shaanxi_guanzhong,2016-02-24,0.343,0.332,0.33,0.322
shaanxi_guanzhong,2016-02-25,0.339,0.332,0.329,0.322
shaanxi_guanzhong,2016-02-26,0.332,0.331,0.329,0.322
shaanxi_guanzhong,2016-02-27,0.324,0.327,0.328,0.322
shaanxi_guanzhong,2016-02-28,0.317,0.323,0.328,0.322
shaanxi_guanzhong,2016-02-29,0.31,0.319,0.327,0.322
shaanxi_guanzhong,2016-03-01,0.304,0.315,0.326,0.322
shaanxi_guanzhong,2016-03-02,0.299,0.311,0.325,0.322
shaanxi_guanzhong,2016-03-03,0.292,0.307,0.324,0.322
shaanxi_guanzhong,2016-03-04,0.288,0.303,0.323,0.322
shaanxi_guanzhong,2016-03-05,0.283,0.299,0.322,0.322
shaanxi_guanzhong,2016-03-06,0.278,0.296,0.321,0.322
shaanxi_guanzhong,2016-03-07,0.275,0.293,0.32,0.322
shaanxi_guanzhong,2016-03-08,0.274,0.291,0.319,0.322
shaanxi_guanzhong,2016-03-09,0.276,0.289,0.318,0.322
shaanxi_guanzhong,2016-03-10,0.279,0.288,0.318,0.322
shaanxi_guanzhong,2016-03-11,0.284,0.286,0.317,0.322
shaanxi_guanzhong,2016-03-12,0.289,0.285,0.316,0.322
shaanxi_guanzhong,2016-03-13,0.289,0.284,0.315,0.321
shaanxi_guanzhong,2016-03-14,0.284,0.282,0.314,0.321
shaanxi_guanzhong,2016-03-15,0.286,0.28,0.313,0.321
shaanxi_guanzhong,2016-03-16,0.28,0.279,0.312,0.321
shaanxi_guanzhong,2016-03-17,0.277,0.278,0.311,0.321
shaanxi_guanzhong,2016-03-18,0.273,0.276,0.31,0.321
shaanxi_guanzhong,2016-03-19,0.262,0.272,0.309,0.321
shaanxi_guanzhong,2016-03-20,0.252,0.269,0.308,0.321
shaanxi_guanzhong,2016-03-21,0.258,0.266,0.306,0.321
shaanxi_guanzhong,2016-03-22,0.261,0.265,0.306,0.321
shaanxi_guanzhong,2016-03-23,0.285,0.266,0.305,0.321
shaanxi_guanzhong,2016-03-24,0.282,0.267,0.304,0.321
shaanxi_guanzhong,2016-03-25,0.281,0.267,0.304,0.321
shaanxi_guanzhong,2016-03-26,0.297,0.267,0.303,0.321
shaanxi_guanzhong,2016-03-27,0.28,0.265,0.302,0.321
shaanxi_guanzhong,2016-03-28,0.267,0.262,0.3,0.321
shaanxi_guanzhong,2016-03-29,0.257,0.26,0.299,0.32
shaanxi_guanzhong,2016-03-30,0.249,0.257,0.298,0.32
shaanxi_guanzhong,2016-03-31,0.239,0.253,0.296,0.32
shaanxi_guanzhong,2016-04-01,0.229,0.248,0.294,0.32
shaanxi_guanzhong,2016-04-02,0.221,0.243,0.292,0.32
shaanxi_guanzhong,2016-04-03,0.264,0.242,0.291,0.32
shaanxi_guanzhong,2016-04-04,0.264,0.242,0.29,0.32
shaanxi_guanzhong,2016-04-05,0.293,0.245,0.29,0.32
shaanxi_guanzhong,2016-04-06,0.364,0.266,0.29,0.32
shaanxi_guanzhong,2016-04-07,0.33,0.284,0.29,0.32
shaanxi_guanzhong,2016-04-08,0.306,0.283,0.288,0.319
shaanxi_guanzhong,2016-04-09,0.293,0.281,0.288,0.319
shaanxi_guanzhong,2016-04-10,0.28,0.277,0.287,0.319
shaanxi_guanzhong,2016-04-11,0.272,0.273,0.286,0.319
shaanxi_guanzhong,2016-04-12,0.269,0.27,0.285,0.319
shaanxi_guanzhong,2016-04-13,0.27,0.267,0.284,0.319
shaanxi_guanzhong,2016-04-14,0.3,0.265,0.283,0.319
shaanxi_guanzhong,2016-04-15,0.339,0.276,0.283,0.319
shaanxi_guanzhong,2016-04-16,0.347,0.304,0.283,0.319
shaanxi_guanzhong,2016-04-17,0.316,0.301,0.282,0.318
shaanxi_guanzhong,2016-04-18,0.296,0.294,0.281,0.318
shaanxi_guanzhong,2016-04-19,0.282,0.288,0.279,0.318
shaanxi_guanzhong,2016-04-20,0.279,0.282,0.279,0.318
shaanxi_guanzhong,2016-04-21,0.267,0.276,0.278,0.318
shaanxi_guanzhong,2016-04-22,0.257,0.271,0.277,0.318
shaanxi_guanzhong,2016-04-23,0.257,0.266,0.276,0.318
shaanxi_guanzhong,2016-04-24,0.246,0.261,0.275,0.318
shaanxi_guanzhong,2016-04-25,0.239,0.256,0.273,0.317
shaanxi_guanzhong,2016-04-26,0.24,0.252,0.273,0.317
shaanxi_guanzhong,2016-04-27,0.23,0.247,0.271,0.317
shaanxi_guanzhong,2016-04-28,0.216,0.24,0.269,0.317
shaanxi_guanzhong,2016-04-29,0.205,0.234,0.267,0.317
shaanxi_guanzhong,2016-04-30,0.196,0.228,0.266,0.317
shaanxi_guanzhong,2016-05-01,0.188,0.222,0.264,0.316
shaanxi_guanzhong,2016-05-02,0.18,0.217,0.262,0.316
shaanxi_guanzhong,2016-05-03,0.173,0.211,0.26,0.316
shaanxi_guanzhong,2016-05-04,0.167,0.206,0.258,0.316
shaanxi_guanzhong,2016-05-05,0.169,0.202,0.256,0.315
shaanxi_guanzhong,2016-05-06,0.172,0.2,0.255,0.315
shaanxi_guanzhong,2016-05-07,0.199,0.198,0.254,0.315
shaanxi_guanzhong,2016-05-08,0.238,0.199,0.254,0.315
shaanxi_guanzhong,2016-05-09,0.227,0.198,0.253,0.315
shaanxi_guanzhong,2016-05-10,0.209,0.194,0.251,0.315
shaanxi_guanzhong,2016-05-11,0.193,0.191,0.249,0.314
shaanxi_guanzhong,2016-05-12,0.181,0.188,0.247,0.314
shaanxi_guanzhong,2016-05-13,0.203,0.186,0.246,0.314
shaanxi_guanzhong,2016-05-14,0.324,0.196,0.246,0.314
shaanxi_guanzhong,2016-05-15,0.312,0.219,0.245,0.314
shaanxi_guanzhong,2016-05-16,0.273,0.22,0.244,0.314
shaanxi_guanzhong,2016-05-17,0.248,0.217,0.243,0.313
shaanxi_guanzhong,2016-05-18,0.232,0.213,0.242,0.313
shaanxi_guanzhong,2016-05-19,0.219,0.21,0.24,0.313
shaanxi_guanzhong,2016-05-20,0.209,0.207,0.239,0.313
shaanxi_guanzhong,2016-05-21,0.198,0.204,0.238,0.313
shaanxi_guanzhong,2016-05-22,0.194,0.201,0.238,0.312
shaanxi_guanzhong,2016-05-23,0.25,0.201,0.237,0.312
shaanxi_guanzhong,2016-05-24,0.235,0.199,0.236,0.312
shaanxi_guanzhong,2016-05-25,0.271,0.199,0.235,0.312
shaanxi_guanzhong,2016-05-26,0.292,0.206,0.235,0.312
shaanxi_guanzhong,2016-05-27,0.322,0.215,0.235,0.312
shaanxi_guanzhong,2016-05-28,0.296,0.224,0.235,0.311
shaanxi_guanzhong,2016-05-29,0.265,0.222,0.234,0.311
shaanxi_guanzhong,2016-05-30,0.242,0.219,0.232,0.311
shaanxi_guanzhong,2016-05-31,0.23,0.216,0.232,0.311
shaanxi_guanzhong,2016-06-01,0.286,0.217,0.231,0.311
shaanxi_guanzhong,2016-06-02,0.386,0.263,0.232,0.311
shaanxi_guanzhong,2016-06-03,0.339,0.292,0.232,0.31
shaanxi_guanzhong,2016-06-04,0.309,0.288,0.232,0.31
shaanxi_guanzhong,2016-06-05,0.287,0.28,0.232,0.31
shaanxi_guanzhong,2016-06-06,0.266,0.272,0.231,0.31
shaanxi_guanzhong,2016-06-07,0.258,0.265,0.23,0.31
shaanxi_guanzhong,2016-06-08,0.25,0.258,0.23,0.31
shaanxi_guanzhong,2016-06-09,0.237,0.252,0.229,0.309
shaanxi_guanzhong,2016-06-10,0.225,0.245,0.228,0.309
shaanxi_guanzhong,2016-06-11,0.218,0.237,0.227,0.309
shaanxi_guanzhong,2016-06-12,0.242,0.232,0.226,0.309
shaanxi_guanzhong,2016-06-13,0.226,0.226,0.225,0.309
shaanxi_guanzhong,2016-06-14,0.212,0.22,0.224,0.308
shaanxi_guanzhong,2016-06-15,0.197,0.214,0.223,0.308
shaanxi_guanzhong,2016-06-16,0.185,0.208,0.222,0.308
shaanxi_guanzhong,2016-06-17,0.173,0.201,0.22,0.308
shaanxi_guanzhong,2016-06-18,0.164,0.195,0.218,0.307
shaanxi_guanzhong,2016-06-19,0.157,0.19,0.217,0.307
shaanxi_guanzhong,2016-06-20,0.151,0.184,0.215,0.307
shaanxi_guanzhong,2016-06-21,0.146,0.18,0.214,0.306
shaanxi_guanzhong,2016-06-22,0.143,0.176,0.212,0.306
shaanxi_guanzhong,2016-06-23,0.306,0.23,0.211,0.306
shaanxi_guanzhong,2016-06-24,0.341,0.297,0.212,0.306
shaanxi_guanzhong,2016-06-25,0.308,0.291,0.212,0.305
shaanxi_guanzhong,2016-06-26,0.291,0.285,0.212,0.305
shaanxi_guanzhong,2016-06-27,0.274,0.277,0.212,0.305
shaanxi_guanzhong,2016-06-28,0.253,0.267,0.212,0.305
shaanxi_guanzhong,2016-06-29,0.235,0.256,0.211,0.305
shaanxi_guanzhong,2016-06-30,0.29,0.253,0.211,0.304
shaanxi_guanzhong,2016-07-01,0.301,0.258,0.211,0.304
shaanxi_guanzhong,2016-07-02,0.267,0.251,0.21,0.304
shaanxi_guanzhong,2016-07-03,0.244,0.243,0.209,0.304
shaanxi_guanzhong,2016-07-04,0.225,0.236,0.208,0.304
shaanxi_guanzhong,2016-07-05,0.209,0.228,0.207,0.303
shaanxi_guanzhong,2016-07-06,0.194,0.22,0.207,0.303
shaanxi_guanzhong,2016-07-07,0.19,0.214,0.206,0.303
shaanxi_guanzhong,2016-07-08,0.209,0.211,0.205,0.303
shaanxi_guanzhong,2016-07-09,0.213,0.208,0.205,0.302
shaanxi_guanzhong,2016-07-10,0.23,0.205,0.205,0.302
shaanxi_guanzhong,2016-07-11,0.307,0.209,0.204,0.302
shaanxi_guanzhong,2016-07-12,0.348,0.246,0.204,0.302
shaanxi_guanzhong,2016-07-13,0.309,0.25,0.204,0.302
shaanxi_guanzhong,2016-07-14,0.405,0.327,0.205,0.302
shaanxi_guanzhong,2016-07-15,0.359,0.347,0.208,0.301
shaanxi_guanzhong,2016-07-16,0.328,0.331,0.21,0.301
shaanxi_guanzhong,2016-07-17,0.306,0.315,0.21,0.301
shaanxi_guanzhong,2016-07-18,0.338,0.315,0.211,0.301
shaanxi_guanzhong,2016-07-19,0.399,0.387,0.216,0.301
shaanxi_guanzhong,2016-07-20,0.365,0.365,0.222,0.301
shaanxi_guanzhong,2016-07-21,0.338,0.345,0.224,0.301
shaanxi_guanzhong,2016-07-22,0.319,0.33,0.225,0.3
shaanxi_guanzhong,2016-07-23,0.305,0.316,0.225,0.3
shaanxi_guanzhong,2016-07-24,0.315,0.307,0.226,0.3
shaanxi_guanzhong,2016-07-25,0.348,0.318,0.226,0.3
shaanxi_guanzhong,2016-07-26,0.32,0.311,0.226,0.3
shaanxi_guanzhong,2016-07-27,0.313,0.303,0.227,0.3
shaanxi_guanzhong,2016-07-28,0.287,0.292,0.226,0.299
shaanxi_guanzhong,2016-07-29,0.265,0.28,0.226,0.299
shaanxi_guanzhong,2016-07-30,0.252,0.271,0.225,0.299
shaanxi_guanzhong,2016-07-31,0.291,0.267,0.225,0.299
shaanxi_guanzhong,2016-08-01,0.306,0.268,0.224,0.299
shaanxi_guanzhong,2016-08-02,0.293,0.267,0.224,0.299
shaanxi_guanzhong,2016-08-03,0.277,0.263,0.224,0.299
shaanxi_guanzhong,2016-08-04,0.259,0.257,0.223,0.298
shaanxi_guanzhong,2016-08-05,0.244,0.25,0.223,0.298
shaanxi_guanzhong,2016-08-06,0.28,0.246,0.222,0.298
shaanxi_guanzhong,2016-08-07,0.298,0.247,0.222,0.298
shaanxi_guanzhong,2016-08-08,0.276,0.245,0.221,0.298
shaanxi_guanzhong,2016-08-09,0.264,0.242,0.221,0.298
shaanxi_guanzhong,2016-08-10,0.253,0.238,0.22,0.298
shaanxi_guanzhong,2016-08-11,0.238,0.233,0.219,0.297
shaanxi_guanzhong,2016-08-12,0.222,0.227,0.218,0.297
shaanxi_guanzhong,2016-08-13,0.206,0.22,0.217,0.297
shaanxi_guanzhong,2016-08-14,0.192,0.213,0.216,0.297
shaanxi_guanzhong,2016-08-15,0.18,0.206,0.215,0.297
shaanxi_guanzhong,2016-08-16,0.171,0.2,0.213,0.296
shaanxi_guanzhong,2016-08-17,0.163,0.194,0.212,0.296
shaanxi_guanzhong,2016-08-18,0.157,0.189,0.21,0.296
shaanxi_guanzhong,2016-08-19,0.151,0.184,0.209,0.296
shaanxi_guanzhong,2016-08-20,0.148,0.179,0.208,0.295
shaanxi_guanzhong,2016-08-21,0.147,0.176,0.207,0.295
shaanxi_guanzhong,2016-08-22,0.144,0.173,0.205,0.295
shaanxi_guanzhong,2016-08-23,0.141,0.17,0.204,0.295
shaanxi_guanzhong,2016-08-24,0.141,0.167,0.203,0.294
shaanxi_guanzhong,2016-08-25,0.283,0.186,0.202,0.294
shaanxi_guanzhong,2016-08-26,0.309,0.221,0.202,0.294
shaanxi_guanzhong,2016-08-27,0.276,0.222,0.202,0.294
shaanxi_guanzhong,2016-08-28,0.248,0.218,0.201,0.294
shaanxi_guanzhong,2016-08-29,0.228,0.213,0.2,0.293
shaanxi_guanzhong,2016-08-30,0.216,0.21,0.2,0.293
shaanxi_guanzhong,2016-08-31,0.206,0.207,0.199,0.293
shaanxi_guanzhong,2016-09-01,0.193,0.201,0.199,0.293
shaanxi_guanzhong,2016-09-02,0.179,0.195,0.197,0.293
shaanxi_guanzhong,2016-09-03,0.17,0.191,0.197,0.292
shaanxi_guanzhong,2016-09-04,0.165,0.188,0.196,0.292
shaanxi_guanzhong,2016-09-05,0.16,0.185,0.195,0.292
shaanxi_guanzhong,2016-09-06,0.162,0.183,0.195,0.292
shaanxi_guanzhong,2016-09-07,0.161,0.181,0.195,0.292
shaanxi_guanzhong,2016-09-08,0.155,0.178,0.194,0.291
shaanxi_guanzhong,2016-09-09,0.205,0.176,0.193,0.291
shaanxi_guanzhong,2016-09-10,0.251,0.178,0.194,0.291
shaanxi_guanzhong,2016-09-11,0.226,0.176,0.193,0.291
shaanxi_guanzhong,2016-09-12,0.215,0.175,0.192,0.291
shaanxi_guanzhong,2016-09-13,0.219,0.175,0.192,0.291
shaanxi_guanzhong,2016-09-14,0.238,0.174,0.192,0.29
shaanxi_guanzhong,2016-09-15,0.334,0.191,0.192,0.29
shaanxi_guanzhong,2016-09-16,0.293,0.203,0.192,0.29
shaanxi_guanzhong,2016-09-17,0.268,0.205,0.191,0.29
shaanxi_guanzhong,2016-09-18,0.31,0.209,0.191,0.29
shaanxi_guanzhong,2016-09-19,0.402,0.288,0.192,0.29
shaanxi_guanzhong,2016-09-20,0.368,0.328,0.194,0.29
shaanxi_guanzhong,2016-09-21,0.343,0.326,0.196,0.29
shaanxi_guanzhong,2016-09-22,0.322,0.317,0.197,0.29
shaanxi_guanzhong,2016-09-23,0.306,0.307,0.198,0.289
shaanxi_guanzhong,2016-09-24,0.357,0.317,0.199,0.289
shaanxi_guanzhong,2016-09-25,0.37,0.339,0.201,0.289
shaanxi_guanzhong,2016-09-26,0.355,0.336,0.204,0.289
shaanxi_guanzhong,2016-09-27,0.349,0.333,0.206,0.289
shaanxi_guanzhong,2016-09-28,0.343,0.328,0.208,0.289
shaanxi_guanzhong,2016-09-29,0.33,0.322,0.209,0.289
shaanxi_guanzhong,2016-09-30,0.317,0.315,0.21,0.289
shaanxi_guanzhong,2016-10-01,0.304,0.307,0.211,0.289
shaanxi_guanzhong,2016-10-02,0.292,0.299,0.211,0.289
shaanxi_guanzhong,2016-10-03,0.279,0.291,0.211,0.289
shaanxi_guanzhong,2016-10-04,0.27,0.284,0.211,0.288
shaanxi_guanzhong,2016-10-05,0.282,0.28,0.211,0.288
shaanxi_guanzhong,2016-10-06,0.326,0.282,0.212,0.288
shaanxi_guanzhong,2016-10-07,0.394,0.327,0.213,0.288
shaanxi_guanzhong,2016-10-08,0.361,0.342,0.215,0.288
shaanxi_guanzhong,2016-10-09,0.385,0.349,0.218,0.288
shaanxi_guanzhong,2016-10-10,0.377,0.358,0.221,0.288
shaanxi_guanzhong,2016-10-11,0.364,0.352,0.224,0.288
shaanxi_guanzhong,2016-10-12,0.373,0.35,0.227,0.288
shaanxi_guanzhong,2016-10-13,0.378,0.354,0.229,0.288
shaanxi_guanzhong,2016-10-14,0.365,0.351,0.232,0.288
shaanxi_guanzhong,2016-10-15,0.375,0.351,0.234,0.288
shaanxi_guanzhong,2016-10-16,0.362,0.349,0.236,0.288
shaanxi_guanzhong,2016-10-17,0.347,0.343,0.238,0.288
shaanxi_guanzhong,2016-10-18,0.335,0.335,0.239,0.288
shaanxi_guanzhong,2016-10-19,0.324,0.327,0.24,0.288
shaanxi_guanzhong,2016-10-20,0.317,0.321,0.241,0.287
shaanxi_guanzhong,2016-10-21,0.382,0.337,0.242,0.287
shaanxi_guanzhong,2016-10-22,0.384,0.353,0.244,0.287
shaanxi_guanzhong,2016-10-23,0.405,0.37,0.247,0.287
shaanxi_guanzhong,2016-10-24,0.411,0.388,0.252,0.287
shaanxi_guanzhong,2016-10-25,0.391,0.384,0.258,0.287
shaanxi_guanzhong,2016-10-26,0.396,0.379,0.263,0.287
shaanxi_guanzhong,2016-10-27,0.416,0.391,0.268,0.287
shaanxi_guanzhong,2016-10-28,0.396,0.392,0.275,0.287
shaanxi_guanzhong,2016-10-29,0.378,0.378,0.279,0.287
shaanxi_guanzhong,2016-10-30,0.366,0.368,0.282,0.287
shaanxi_guanzhong,2016-10-31,0.357,0.359,0.284,0.287
shaanxi_guanzhong,2016-11-01,0.35,0.352,0.285,0.287
shaanxi_guanzhong,2016-11-02,0.343,0.347,0.286,0.287
shaanxi_guanzhong,2016-11-03,0.336,0.341,0.287,0.287
shaanxi_guanzhong,2016-11-04,0.33,0.335,0.287,0.287
shaanxi_guanzhong,2016-11-05,0.323,0.33,0.287,0.287
shaanxi_guanzhong,2016-11-06,0.329,0.326,0.287,0.287
shaanxi_guanzhong,2016-11-07,0.36,0.33,0.288,0.287
shaanxi_guanzhong,2016-11-08,0.344,0.333,0.288,0.287
shaanxi_guanzhong,2016-11-09,0.335,0.331,0.288,0.287
shaanxi_guanzhong,2016-11-10,0.328,0.328,0.288,0.287
shaanxi_guanzhong,2016-11-11,0.321,0.324,0.288,0.287
shaanxi_guanzhong,2016-11-12,0.316,0.321,0.288,0.287
shaanxi_guanzhong,2016-11-13,0.311,0.317,0.288,0.287
shaanxi_guanzhong,2016-11-14,0.307,0.314,0.288,0.287
shaanxi_guanzhong,2016-11-15,0.303,0.311,0.288,0.287
shaanxi_guanzhong,2016-11-16,0.307,0.309,0.288,0.287
shaanxi_guanzhong,2016-11-17,0.307,0.308,0.288,0.287
shaanxi_guanzhong,2016-11-18,0.309,0.307,0.288,0.287
shaanxi_guanzhong,2016-11-19,0.305,0.305,0.288,0.287
shaanxi_guanzhong,2016-11-20,0.302,0.303,0.288,0.287
shaanxi_guanzhong,2016-11-21,0.302,0.302,0.288,0.287
shaanxi_guanzhong,2016-11-22,0.308,0.302,0.288,0.287
shaanxi_guanzhong,2016-11-23,0.305,0.302,0.288,0.287
shaanxi_guanzhong,2016-11-24,0.304,0.301,0.288,0.287
shaanxi_guanzhong,2016-11-25,0.308,0.301,0.288,0.287
shaanxi_guanzhong,2016-11-26,0.319,0.302,0.288,0.287
shaanxi_guanzhong,2016-11-27,0.33,0.304,0.287,0.287
shaanxi_guanzhong,2016-11-28,0.334,0.307,0.287,0.287
shaanxi_guanzhong,2016-11-29,0.34,0.31,0.288,0.287
shaanxi_guanzhong,2016-11-30,0.339,0.314,0.288,0.287
shaanxi_guanzhong,2016-12-01,0.337,0.316,0.288,0.287
shaanxi_guanzhong,2016-12-02,0.335,0.316,0.288,0.287
shaanxi_guanzhong,2016-12-03,0.349,0.32,0.288,0.287
shaanxi_guanzhong,2016-12-04,0.337,0.322,0.288,0.287
shaanxi_guanzhong,2016-12-05,0.329,0.32,0.288,0.287
shaanxi_guanzhong,2016-12-06,0.322,0.318,0.288,0.287
shaanxi_guanzhong,2016-12-07,0.319,0.317,0.288,0.287
shaanxi_guanzhong,2016-12-08,0.315,0.315,0.288,0.287
shaanxi_guanzhong,2016-12-09,0.312,0.313,0.288,0.287
shaanxi_guanzhong,2016-12-10,0.309,0.311,0.288,0.287
shaanxi_guanzhong,2016-12-11,0.308,0.309,0.288,0.287
shaanxi_guanzhong,2016-12-12,0.306,0.308,0.288,0.287
shaanxi_guanzhong,2016-12-13,0.304,0.306,0.288,0.287
shaanxi_guanzhong,2016-12-14,0.302,0.305,0.288,0.287
shaanxi_guanzhong,2016-12-15,0.299,0.303,0.288,0.287
shaanxi_guanzhong,2016-12-16,0.297,0.301,0.288,0.287
shaanxi_guanzhong,2016-12-17,0.295,0.3,0.288,0.287
shaanxi_guanzhong,2016-12-18,0.293,0.298,0.288,0.287
shaanxi_guanzhong,2016-12-19,0.291,0.297,0.288,0.287
shaanxi_guanzhong,2016-12-20,0.31,0.296,0.287,0.287
shaanxi_guanzhong,2016-12-21,0.353,0.305,0.287,0.287
shaanxi_guanzhong,2016-12-22,0.333,0.31,0.287,0.287
shaanxi_guanzhong,2016-12-23,0.322,0.31,0.287,0.287
shaanxi_guanzhong,2016-12-24,0.316,0.31,0.287,0.287
shaanxi_guanzhong,2016-12-25,0.339,0.311,0.287,0.287
shaanxi_guanzhong,2016-12-26,0.343,0.316,0.288,0.287
shaanxi_guanzhong,2016-12-27,0.33,0.317,0.288,0.287
shaanxi_guanzhong,2016-12-28,0.323,0.316,0.288,0.287
shaanxi_guanzhong,2016-12-29,0.319,0.315,0.288,0.287
shaanxi_guanzhong,2016-12-30,0.317,0.315,0.288,0.287
shaanxi_guanzhong,2016-12-31,0.314,0.313,0.288,0.287
shaanxi_guanzhong,2017-01-01,0.271,0.27,0.244,0.229
shaanxi_guanzhong,2017-01-02,0.249,0.25,0.222,0.2
shaanxi_guanzhong,2017-01-03,0.247,0.25,0.223,0.2
shaanxi_guanzhong,2017-01-04,0.246,0.25,0.224,0.2
shaanxi_guanzhong,2017-01-05,0.246,0.25,0.225,0.2
shaanxi_guanzhong,2017-01-06,0.272,0.25,0.225,0.2
shaanxi_guanzhong,2017-01-07,0.3,0.253,0.225,0.2
shaanxi_guanzhong,2017-01-08,0.291,0.257,0.228,0.2
shaanxi_guanzhong,2017-01-09,0.285,0.261,0.23,0.2
shaanxi_guanzhong,2017-01-10,0.28,0.263,0.231,0.2
shaanxi_guanzhong,2017-01-11,0.275,0.263,0.232,0.2
shaanxi_guanzhong,2017-01-12,0.272,0.264,0.234,0.2
shaanxi_guanzhong,2017-01-13,0.269,0.265,0.235,0.2
shaanxi_guanzhong,2017-01-14,0.266,0.265,0.236,0.2
shaanxi_guanzhong,2017-01-15,0.262,0.264,0.236,0.2
shaanxi_guanzhong,2017-01-16,0.259,0.263,0.236,0.2
shaanxi_guanzhong,2017-01-17,0.258,0.262,0.236,0.2
shaanxi_guanzhong,2017-01-18,0.257,0.263,0.237,0.2
shaanxi_guanzhong,2017-01-19,0.254,0.261,0.237,0.2
shaanxi_guanzhong,2017-01-20,0.251,0.26,0.238,0.2
shaanxi_guanzhong,2017-01-21,0.249,0.259,0.238,0.2
shaanxi_guanzhong,2017-01-22,0.245,0.257,0.237,0.2
shaanxi_guanzhong,2017-01-23,0.241,0.253,0.236,0.2
shaanxi_guanzhong,2017-01-24,0.237,0.249,0.234,0.2
shaanxi_guanzhong,2017-01-25,0.235,0.247,0.233,0.2
shaanxi_guanzhong,2017-01-26,0.231,0.246,0.233,0.2
shaanxi_guanzhong,2017-01-27,0.227,0.245,0.234,0.2
shaanxi_guanzhong,2017-01-28,0.224,0.243,0.233,0.2
shaanxi_guanzhong,2017-01-29,0.22,0.24,0.231,0.2
shaanxi_guanzhong,2017-01-30,0.217,0.238,0.231,0.2
shaanxi_guanzhong,2017-01-31,0.215,0.236,0.23,0.2
shaanxi_guanzhong,2017-02-01,0.213,0.235,0.23,0.2
shaanxi_guanzhong,2017-02-02,0.211,0.233,0.229,0.2
shaanxi_guanzhong,2017-02-03,0.206,0.229,0.226,0.2
shaanxi_guanzhong,2017-02-04,0.201,0.224,0.223,0.2
shaanxi_guanzhong,2017-02-05,0.199,0.222,0.222,0.2
shaanxi_guanzhong,2017-02-06,0.197,0.22,0.221,0.2
shaanxi_guanzhong,2017-02-07,0.202,0.22,0.221,0.2
shaanxi_guanzhong,2017-02-08,0.208,0.221,0.223,0.2
shaanxi_guanzhong,2017-02-09,0.213,0.225,0.226,0.2
shaanxi_guanzhong,2017-02-10,0.216,0.226,0.228,0.2
shaanxi_guanzhong,2017-02-11,0.214,0.225,0.228,0.2
shaanxi_guanzhong,2017-02-12,0.21,0.223,0.227,0.2
shaanxi_guanzhong,2017-02-13,0.207,0.218,0.224,0.2
shaanxi_guanzhong,2017-02-14,0.221,0.216,0.224,0.2
shaanxi_guanzhong,2017-02-15,0.215,0.213,0.221,0.2
shaanxi_guanzhong,2017-02-16,0.208,0.211,0.22,0.2
shaanxi_guanzhong,2017-02-17,0.197,0.206,0.217,0.2
shaanxi_guanzhong,2017-02-18,0.189,0.202,0.215,0.2
shaanxi_guanzhong,2017-02-19,0.183,0.197,0.212,0.2
shaanxi_guanzhong,2017-02-20,0.18,0.192,0.209,0.2
shaanxi_guanzhong,2017-02-21,0.179,0.191,0.208,0.2
shaanxi_guanzhong,2017-02-22,0.187,0.192,0.209,0.2
shaanxi_guanzhong,2017-02-23,0.2,0.193,0.211,0.2
shaanxi_guanzhong,2017-02-24,0.202,0.196,0.212,0.2
shaanxi_guanzhong,2017-02-25,0.203,0.197,0.214,0.2
shaanxi_guanzhong,2017-02-26,0.199,0.197,0.215,0.2
shaanxi_guanzhong,2017-02-27,0.194,0.195,0.213,0.2
shaanxi_guanzhong,2017-02-28,0.189,0.192,0.211,0.2
shaanxi_guanzhong,2017-03-01,0.185,0.19,0.211,0.2
shaanxi_guanzhong,2017-03-02,0.176,0.187,0.209,0.2
shaanxi_guanzhong,2017-03-03,0.165,0.179,0.204,0.2
shaanxi_guanzhong,2017-03-04,0.155,0.172,0.199,0.2
shaanxi_guanzhong,2017-03-05,0.147,0.166,0.194,0.2
shaanxi_guanzhong,2017-03-06,0.142,0.163,0.192,0.2
shaanxi_guanzhong,2017-03-07,0.144,0.162,0.191,0.2
shaanxi_guanzhong,2017-03-08,0.144,0.161,0.191,0.2
shaanxi_guanzhong,2017-03-09,0.141,0.16,0.19,0.2
shaanxi_guanzhong,2017-03-10,0.137,0.158,0.189,0.2
shaanxi_guanzhong,2017-03-11,0.134,0.155,0.186,0.2
shaanxi_guanzhong,2017-03-12,0.276,0.16,0.186,0.2
shaanxi_guanzhong,2017-03-13,0.379,0.219,0.186,0.2
shaanxi_guanzhong,2017-03-14,0.34,0.248,0.187,0.2
shaanxi_guanzhong,2017-03-15,0.329,0.259,0.189,0.2
shaanxi_guanzhong,2017-03-16,0.313,0.265,0.19,0.2
shaanxi_guanzhong,2017-03-17,0.296,0.265,0.19,0.2
shaanxi_guanzhong,2017-03-18,0.285,0.264,0.191,0.2
shaanxi_guanzhong,2017-03-19,0.29,0.264,0.192,0.2
shaanxi_guanzhong,2017-03-20,0.298,0.265,0.192,0.2
shaanxi_guanzhong,2017-03-21,0.284,0.264,0.193,0.2
shaanxi_guanzhong,2017-03-22,0.274,0.263,0.194,0.2
shaanxi_guanzhong,2017-03-23,0.267,0.262,0.196,0.2
shaanxi_guanzhong,2017-03-24,0.266,0.262,0.199,0.2
shaanxi_guanzhong,2017-03-25,0.252,0.257,0.198,0.2
shaanxi_guanzhong,2017-03-26,0.238,0.248,0.195,0.2
shaanxi_guanzhong,2017-03-27,0.222,0.236,0.19,0.2
shaanxi_guanzhong,2017-03-28,0.205,0.222,0.183,0.2
shaanxi_guanzhong,2017-03-29,0.193,0.209,0.176,0.199
shaanxi_guanzhong,2017-03-30,0.23,0.207,0.176,0.199
shaanxi_guanzhong,2017-03-31,0.227,0.204,0.176,0.199
shaanxi_guanzhong,2017-04-01,0.208,0.195,0.172,0.199
shaanxi_guanzhong,2017-04-02,0.192,0.186,0.167,0.199
shaanxi_guanzhong,2017-04-03,0.215,0.177,0.161,0.199
shaanxi_guanzhong,2017-04-04,0.225,0.179,0.162,0.199
shaanxi_guanzhong,2017-04-05,0.215,0.181,0.164,0.199
shaanxi_guanzhong,2017-04-06,0.206,0.178,0.165,0.199
shaanxi_guanzhong,2017-04-07,0.194,0.173,0.164,0.199
shaanxi_guanzhong,2017-04-08,0.204,0.172,0.163,0.199
shaanxi_guanzhong,2017-04-09,0.342,0.203,0.165,0.199
shaanxi_guanzhong,2017-04-10,0.378,0.26,0.165,0.199
shaanxi_guanzhong,2017-04-11,0.332,0.28,0.167,0.199
shaanxi_guanzhong,2017-04-12,0.301,0.277,0.168,0.199
shaanxi_guanzhong,2017-04-13,0.279,0.266,0.164,0.199
shaanxi_guanzhong,2017-04-14,0.27,0.254,0.161,0.199
shaanxi_guanzhong,2017-04-15,0.258,0.243,0.158,0.199
shaanxi_guanzhong,2017-04-16,0.328,0.243,0.155,0.199
shaanxi_guanzhong,2017-04-17,0.309,0.25,0.156,0.199
shaanxi_guanzhong,2017-04-18,0.265,0.242,0.155,0.199
shaanxi_guanzhong,2017-04-19,0.244,0.23,0.15,0.199
shaanxi_guanzhong,2017-04-20,0.248,0.229,0.151,0.199
shaanxi_guanzhong,2017-04-21,0.229,0.223,0.15,0.199
shaanxi_guanzhong,2017-04-22,0.21,0.213,0.148,0.199
shaanxi_guanzhong,2017-04-23,0.196,0.203,0.145,0.199
shaanxi_guanzhong,2017-04-24,0.193,0.192,0.141,0.199
shaanxi_guanzhong,2017-04-25,0.195,0.186,0.141,0.199
shaanxi_guanzhong,2017-04-26,0.196,0.187,0.141,0.199
shaanxi_guanzhong,2017-04-27,0.189,0.187,0.142,0.199
shaanxi_guanzhong,2017-04-28,0.178,0.184,0.142,0.199
shaanxi_guanzhong,2017-04-29,0.17,0.181,0.142,0.199
shaanxi_guanzhong,2017-04-30,0.156,0.17,0.139,0.199
shaanxi_guanzhong,2017-05-01,0.152,0.164,0.138,0.198
shaanxi_guanzhong,2017-05-02,0.182,0.162,0.136,0.198
shaanxi_guanzhong,2017-05-03,0.392,0.243,0.135,0.198
shaanxi_guanzhong,2017-05-04,0.328,0.266,0.136,0.198
shaanxi_guanzhong,2017-05-05,0.293,0.263,0.136,0.198
shaanxi_guanzhong,2017-05-06,0.272,0.261,0.137,0.198
shaanxi_guanzhong,2017-05-07,0.254,0.254,0.136,0.198
shaanxi_guanzhong,2017-05-08,0.244,0.249,0.137,0.198
shaanxi_guanzhong,2017-05-09,0.223,0.239,0.137,0.198
shaanxi_guanzhong,2017-05-10,0.209,0.232,0.138,0.198
shaanxi_guanzhong,2017-05-11,0.196,0.225,0.139,0.198
shaanxi_guanzhong,2017-05-12,0.182,0.216,0.139,0.198
shaanxi_guanzhong,2017-05-13,0.166,0.203,0.137,0.198
shaanxi_guanzhong,2017-05-14,0.157,0.191,0.135,0.198
shaanxi_guanzhong,2017-05-15,0.179,0.189,0.135,0.198
shaanxi_guanzhong,2017-05-16,0.167,0.184,0.134,0.198
shaanxi_guanzhong,2017-05-17,0.159,0.179,0.133,0.198
shaanxi_guanzhong,2017-05-18,0.16,0.177,0.132,0.198
shaanxi_guanzhong,2017-05-19,0.165,0.181,0.134,0.197
shaanxi_guanzhong,2017-05-20,0.156,0.176,0.133,0.197
shaanxi_guanzhong,2017-05-21,0.157,0.173,0.132,0.197
shaanxi_guanzhong,2017-05-22,0.234,0.179,0.134,0.197
shaanxi_guanzhong,2017-05-23,0.271,0.183,0.134,0.197
shaanxi_guanzhong,2017-05-24,0.234,0.182,0.134,0.197
shaanxi_guanzhong,2017-05-25,0.209,0.182,0.135,0.197
shaanxi_guanzhong,2017-05-26,0.183,0.174,0.135,0.197
shaanxi_guanzhong,2017-05-27,0.165,0.165,0.133,0.197
shaanxi_guanzhong,2017-05-28,0.156,0.16,0.131,0.197
shaanxi_guanzhong,2017-05-29,0.163,0.159,0.129,0.197
shaanxi_guanzhong,2017-05-30,0.181,0.162,0.13,0.197
shaanxi_guanzhong,2017-05-31,0.17,0.162,0.13,0.197
shaanxi_guanzhong,2017-06-01,0.17,0.17,0.132,0.197
shaanxi_guanzhong,2017-06-02,0.16,0.167,0.132,0.196
shaanxi_guanzhong,2017-06-03,0.192,0.169,0.134,0.196
shaanxi_guanzhong,2017-06-04,0.413,0.259,0.138,0.196
shaanxi_guanzhong,2017-06-05,0.409,0.389,0.143,0.196
shaanxi_guanzhong,2017-06-06,0.372,0.37,0.15,0.196
shaanxi_guanzhong,2017-06-07,0.343,0.345,0.15,0.196
shaanxi_guanzhong,2017-06-08,0.352,0.329,0.15,0.196
shaanxi_guanzhong,2017-06-09,0.366,0.326,0.15,0.196
shaanxi_guanzhong,2017-06-10,0.36,0.333,0.152,0.196
shaanxi_guanzhong,2017-06-11,0.324,0.317,0.152,0.196
shaanxi_guanzhong,2017-06-12,0.301,0.304,0.152,0.196
shaanxi_guanzhong,2017-06-13,0.275,0.285,0.15,0.196
shaanxi_guanzhong,2017-06-14,0.255,0.27,0.148,0.196
shaanxi_guanzhong,2017-06-15,0.239,0.261,0.148,0.196
shaanxi_guanzhong,2017-06-16,0.214,0.241,0.144,0.196
shaanxi_guanzhong,2017-06-17,0.192,0.222,0.14,0.196
shaanxi_guanzhong,2017-06-18,0.177,0.209,0.139,0.196
shaanxi_guanzhong,2017-06-19,0.172,0.199,0.137,0.196
shaanxi_guanzhong,2017-06-20,0.189,0.194,0.139,0.196
shaanxi_guanzhong,2017-06-21,0.172,0.182,0.137,0.196
shaanxi_guanzhong,2017-06-22,0.157,0.17,0.135,0.196
shaanxi_guanzhong,2017-06-23,0.145,0.16,0.136,0.196
shaanxi_guanzhong,2017-06-24,0.139,0.155,0.134,0.195
shaanxi_guanzhong,2017-06-25,0.137,0.153,0.134,0.195
shaanxi_guanzhong,2017-06-26,0.132,0.148,0.134,0.195
shaanxi_guanzhong,2017-06-27,0.132,0.147,0.134,0.193
shaanxi_guanzhong,2017-06-28,0.133,0.151,0.133,0.192
shaanxi_guanzhong,2017-06-29,0.141,0.15,0.132,0.192
shaanxi_guanzhong,2017-06-30,0.159,0.154,0.133,0.192
shaanxi_guanzhong,2017-07-01,0.158,0.157,0.134,0.192
shaanxi_guanzhong,2017-07-02,0.147,0.152,0.132,0.192
shaanxi_guanzhong,2017-07-03,0.142,0.146,0.131,0.192
shaanxi_guanzhong,2017-07-04,0.145,0.151,0.131,0.191
shaanxi_guanzhong,2017-07-05,0.164,0.163,0.133,0.191
shaanxi_guanzhong,2017-07-06,0.285,0.175,0.137,0.191
shaanxi_guanzhong,2017-07-07,0.259,0.183,0.138,0.191
shaanxi_guanzhong,2017-07-08,0.224,0.186,0.141,0.191
shaanxi_guanzhong,2017-07-09,0.203,0.192,0.145,0.191
shaanxi_guanzhong,2017-07-10,0.184,0.185,0.147,0.191
shaanxi_guanzhong,2017-07-11,0.182,0.165,0.142,0.192
shaanxi_guanzhong,2017-07-12,0.168,0.138,0.129,0.194
shaanxi_guanzhong,2017-07-13,0.154,0.135,0.127,0.194
shaanxi_guanzhong,2017-07-14,0.147,0.133,0.126,0.194
shaanxi_guanzhong,2017-07-15,0.145,0.132,0.125,0.194
shaanxi_guanzhong,2017-07-16,0.158,0.131,0.125,0.194
shaanxi_guanzhong,2017-07-17,0.162,0.131,0.124,0.194
shaanxi_guanzhong,2017-07-18,0.162,0.13,0.125,0.193
shaanxi_guanzhong,2017-07-19,0.157,0.126,0.121,0.193
shaanxi_guanzhong,2017-07-20,0.138,0.125,0.119,0.193
shaanxi_guanzhong,2017-07-21,0.128,0.123,0.117,0.193
shaanxi_guanzhong,2017-07-22,0.126,0.121,0.114,0.193
shaanxi_guanzhong,2017-07-23,0.126,0.121,0.113,0.193
shaanxi_guanzhong,2017-07-24,0.124,0.12,0.111,0.193
shaanxi_guanzhong,2017-07-25,0.123,0.12,0.11,0.192
shaanxi_guanzhong,2017-07-26,0.122,0.119,0.11,0.192
shaanxi_guanzhong,2017-07-27,0.15,0.12,0.11,0.192
shaanxi_guanzhong,2017-07-28,0.264,0.139,0.11,0.192
shaanxi_guanzhong,2017-07-29,0.296,0.128,0.111,0.192
shaanxi_guanzhong,2017-07-30,0.28,0.141,0.111,0.192
shaanxi_guanzhong,2017-07-31,0.234,0.142,0.11,0.192
shaanxi_guanzhong,2017-08-01,0.201,0.137,0.109,0.192
shaanxi_guanzhong,2017-08-02,0.185,0.134,0.108,0.192
shaanxi_guanzhong,2017-08-03,0.161,0.129,0.107,0.192
shaanxi_guanzhong,2017-08-04,0.147,0.126,0.107,0.192
shaanxi_guanzhong,2017-08-05,0.142,0.125,0.107,0.191
shaanxi_guanzhong,2017-08-06,0.148,0.125,0.107,0.191
shaanxi_guanzhong,2017-08-07,0.33,0.192,0.108,0.191
shaanxi_guanzhong,2017-08-08,0.342,0.28,0.108,0.191
shaanxi_guanzhong,2017-08-09,0.293,0.271,0.108,0.191
shaanxi_guanzhong,2017-08-10,0.26,0.253,0.108,0.191
shaanxi_guanzhong,2017-08-11,0.232,0.236,0.108,0.191
shaanxi_guanzhong,2017-08-12,0.21,0.227,0.107,0.191
shaanxi_guanzhong,2017-08-13,0.269,0.217,0.107,0.191
shaanxi_guanzhong,2017-08-14,0.319,0.223,0.107,0.191
shaanxi_guanzhong,2017-08-15,0.28,0.224,0.108,0.191
shaanxi_guanzhong,2017-08-16,0.242,0.214,0.108,0.191
shaanxi_guanzhong,2017-08-17,0.211,0.203,0.108,0.191
shaanxi_guanzhong,2017-08-18,0.215,0.195,0.108,0.191
shaanxi_guanzhong,2017-08-19,0.205,0.194,0.109,0.191
shaanxi_guanzhong,2017-08-20,0.293,0.197,0.109,0.191
shaanxi_guanzhong,2017-08-21,0.346,0.22,0.109,0.191
shaanxi_guanzhong,2017-08-22,0.353,0.256,0.109,0.191
shaanxi_guanzhong,2017-08-23,0.341,0.276,0.11,0.191
shaanxi_guanzhong,2017-08-24,0.295,0.268,0.11,0.191
shaanxi_guanzhong,2017-08-25,0.271,0.257,0.11,0.191
shaanxi_guanzhong,2017-08-26,0.275,0.259,0.11,0.191
shaanxi_guanzhong,2017-08-27,0.26,0.257,0.109,0.191
shaanxi_guanzhong,2017-08-28,0.267,0.256,0.109,0.191
shaanxi_guanzhong,2017-08-29,0.352,0.267,0.11,0.191
shaanxi_guanzhong,2017-08-30,0.407,0.338,0.112,0.191
shaanxi_guanzhong,2017-08-31,0.372,0.365,0.117,0.191
shaanxi_guanzhong,2017-09-01,0.351,0.346,0.121,0.191
shaanxi_guanzhong,2017-09-02,0.342,0.335,0.124,0.191
shaanxi_guanzhong,2017-09-03,0.341,0.326,0.126,0.191
shaanxi_guanzhong,2017-09-04,0.346,0.322,0.128,0.191
shaanxi_guanzhong,2017-09-05,0.406,0.351,0.131,0.191
shaanxi_guanzhong,2017-09-06,0.379,0.371,0.136,0.191
shaanxi_guanzhong,2017-09-07,0.348,0.348,0.14,0.191
shaanxi_guanzhong,2017-09-08,0.343,0.334,0.142,0.191
shaanxi_guanzhong,2017-09-09,0.379,0.34,0.144,0.191
shaanxi_guanzhong,2017-09-10,0.379,0.366,0.148,0.191
shaanxi_guanzhong,2017-09-11,0.344,0.347,0.152,0.191
shaanxi_guanzhong,2017-09-12,0.318,0.328,0.153,0.19
shaanxi_guanzhong,2017-09-13,0.295,0.309,0.152,0.19
shaanxi_guanzhong,2017-09-14,0.278,0.295,0.151,0.19
shaanxi_guanzhong,2017-09-15,0.28,0.286,0.151,0.19
shaanxi_guanzhong,2017-09-16,0.365,0.299,0.152,0.19
shaanxi_guanzhong,2017-09-17,0.347,0.312,0.154,0.19
shaanxi_guanzhong,2017-09-18,0.32,0.307,0.156,0.19
shaanxi_guanzhong,2017-09-19,0.307,0.3,0.158,0.19
shaanxi_guanzhong,2017-09-20,0.29,0.292,0.159,0.19
shaanxi_guanzhong,2017-09-21,0.273,0.28,0.158,0.19
shaanxi_guanzhong,2017-09-22,0.262,0.273,0.159,0.19
shaanxi_guanzhong,2017-09-23,0.256,0.27,0.159,0.19
shaanxi_guanzhong,2017-09-24,0.246,0.264,0.16,0.19
shaanxi_guanzhong,2017-09-25,0.292,0.26,0.16,0.19
shaanxi_guanzhong,2017-09-26,0.375,0.278,0.16,0.19
shaanxi_guanzhong,2017-09-27,0.416,0.363,0.163,0.19
shaanxi_guanzhong,2017-09-28,0.388,0.388,0.175,0.19
shaanxi_guanzhong,2017-09-29,0.365,0.366,0.18,0.19
shaanxi_guanzhong,2017-09-30,0.351,0.352,0.183,0.19
shaanxi_guanzhong,2017-10-01,0.347,0.343,0.188,0.19
shaanxi_guanzhong,2017-10-02,0.349,0.337,0.189,0.19
shaanxi_guanzhong,2017-10-03,0.431,0.401,0.201,0.19
shaanxi_guanzhong,2017-10-04,0.425,0.424,0.244,0.19
shaanxi_guanzhong,2017-10-05,0.392,0.395,0.26,0.19
shaanxi_guanzhong,2017-10-06,0.374,0.379,0.264,0.19
shaanxi_guanzhong,2017-10-07,0.362,0.368,0.268,0.19
shaanxi_guanzhong,2017-10-08,0.385,0.364,0.27,0.19
shaanxi_guanzhong,2017-10-09,0.39,0.37,0.273,0.19
shaanxi_guanzhong,2017-10-10,0.42,0.405,0.279,0.19
shaanxi_guanzhong,2017-10-11,0.415,0.413,0.292,0.191
shaanxi_guanzhong,2017-10-12,0.402,0.408,0.312,0.191
shaanxi_guanzhong,2017-10-13,0.383,0.391,0.317,0.191
shaanxi_guanzhong,2017-10-14,0.384,0.382,0.32,0.191
shaanxi_guanzhong,2017-10-15,0.392,0.381,0.322,0.191
shaanxi_guanzhong,2017-10-16,0.387,0.383,0.324,0.191
shaanxi_guanzhong,2017-10-17,0.376,0.378,0.326,0.192
shaanxi_guanzhong,2017-10-18,0.366,0.372,0.328,0.192
shaanxi_guanzhong,2017-10-19,0.356,0.364,0.329,0.192
shaanxi_guanzhong,2017-10-20,0.348,0.358,0.33,0.192
shaanxi_guanzhong,2017-10-21,0.343,0.353,0.33,0.193
shaanxi_guanzhong,2017-10-22,0.341,0.349,0.33,0.193
shaanxi_guanzhong,2017-10-23,0.339,0.344,0.33,0.193
shaanxi_guanzhong,2017-10-24,0.332,0.341,0.33,0.193
shaanxi_guanzhong,2017-10-25,0.346,0.34,0.331,0.194
shaanxi_guanzhong,2017-10-26,0.343,0.34,0.331,0.194
shaanxi_guanzhong,2017-10-27,0.332,0.337,0.33,0.194
shaanxi_guanzhong,2017-10-28,0.325,0.334,0.33,0.194
shaanxi_guanzhong,2017-10-29,0.32,0.331,0.329,0.195
shaanxi_guanzhong,2017-10-30,0.343,0.331,0.329,0.195
shaanxi_guanzhong,2017-10-31,0.37,0.337,0.328,0.195
shaanxi_guanzhong,2017-11-01,0.357,0.341,0.329,0.195
shaanxi_guanzhong,2017-11-02,0.343,0.341,0.33,0.195
shaanxi_guanzhong,2017-11-03,0.332,0.337,0.33,0.196
shaanxi_guanzhong,2017-11-04,0.323,0.333,0.328,0.196
shaanxi_guanzhong,2017-11-05,0.318,0.329,0.328,0.196
shaanxi_guanzhong,2017-11-06,0.315,0.325,0.327,0.196
shaanxi_guanzhong,2017-11-07,0.31,0.322,0.325,0.197
shaanxi_guanzhong,2017-11-08,0.304,0.317,0.324,0.197
shaanxi_guanzhong,2017-11-09,0.301,0.313,0.322,0.197
shaanxi_guanzhong,2017-11-10,0.301,0.312,0.322,0.197
shaanxi_guanzhong,2017-11-11,0.299,0.31,0.322,0.197
shaanxi_guanzhong,2017-11-12,0.321,0.31,0.321,0.198
shaanxi_guanzhong,2017-11-13,0.334,0.313,0.32,0.198
shaanxi_guanzhong,2017-11-14,0.323,0.314,0.32,0.198
shaanxi_guanzhong,2017-11-15,0.315,0.314,0.32,0.198
shaanxi_guanzhong,2017-11-16,0.309,0.312,0.319,0.198
shaanxi_guanzhong,2017-11-17,0.306,0.309,0.317,0.198
shaanxi_guanzhong,2017-11-18,0.305,0.308,0.317,0.199
shaanxi_guanzhong,2017-11-19,0.303,0.307,0.317,0.199
shaanxi_guanzhong,2017-11-20,0.303,0.307,0.317,0.199
shaanxi_guanzhong,2017-11-21,0.299,0.306,0.317,0.199
shaanxi_guanzhong,2017-11-22,0.294,0.303,0.316,0.199
shaanxi_guanzhong,2017-11-23,0.291,0.302,0.315,0.199
shaanxi_guanzhong,2017-11-24,0.288,0.299,0.314,0.199
shaanxi_guanzhong,2017-11-25,0.284,0.296,0.312,0.2
shaanxi_guanzhong,2017-11-26,0.279,0.292,0.311,0.2
shaanxi_guanzhong,2017-11-27,0.276,0.288,0.309,0.2
shaanxi_guanzhong,2017-11-28,0.274,0.286,0.307,0.2
shaanxi_guanzhong,2017-11-29,0.27,0.284,0.307,0.2
shaanxi_guanzhong,2017-11-30,0.268,0.283,0.306,0.2
shaanxi_guanzhong,2017-12-01,0.266,0.282,0.305,0.2
shaanxi_guanzhong,2017-12-02,0.265,0.28,0.305,0.2
shaanxi_guanzhong,2017-12-03,0.263,0.278,0.304,0.201
shaanxi_guanzhong,2017-12-04,0.261,0.277,0.303,0.201
shaanxi_guanzhong,2017-12-05,0.259,0.275,0.303,0.201
shaanxi_guanzhong,2017-12-06,0.258,0.274,0.302,0.201
shaanxi_guanzhong,2017-12-07,0.257,0.273,0.302,0.201
shaanxi_guanzhong,2017-12-08,0.254,0.271,0.301,0.201
shaanxi_guanzhong,2017-12-09,0.252,0.269,0.3,0.201
shaanxi_guanzhong,2017-12-10,0.25,0.267,0.298,0.201
shaanxi_guanzhong,2017-12-11,0.25,0.266,0.297,0.201
shaanxi_guanzhong,2017-12-12,0.248,0.264,0.296,0.201
shaanxi_guanzhong,2017-12-13,0.246,0.263,0.294,0.202
shaanxi_guanzhong,2017-12-14,0.246,0.262,0.293,0.202
shaanxi_guanzhong,2017-12-15,0.245,0.262,0.293,0.202
shaanxi_guanzhong,2017-12-16,0.244,0.261,0.293,0.202
shaanxi_guanzhong,2017-12-17,0.242,0.26,0.293,0.202
shaanxi_guanzhong,2017-12-18,0.243,0.26,0.292,0.202
shaanxi_guanzhong,2017-12-19,0.244,0.259,0.292,0.202
shaanxi_guanzhong,2017-12-20,0.244,0.258,0.292,0.202
shaanxi_guanzhong,2017-12-21,0.242,0.257,0.29,0.202
shaanxi_guanzhong,2017-12-22,0.241,0.255,0.289,0.202
shaanxi_guanzhong,2017-12-23,0.24,0.254,0.289,0.202
shaanxi_guanzhong,2017-12-24,0.238,0.254,0.288,0.203
shaanxi_guanzhong,2017-12-25,0.237,0.253,0.288,0.203
shaanxi_guanzhong,2017-12-26,0.236,0.251,0.287,0.203
shaanxi_guanzhong,2017-12-27,0.236,0.251,0.286,0.203
shaanxi_guanzhong,2017-12-28,0.237,0.251,0.286,0.203
shaanxi_guanzhong,2017-12-29,0.237,0.251,0.285,0.203
shaanxi_guanzhong,2017-12-30,0.234,0.249,0.284,0.203
shaanxi_guanzhong,2017-12-31,0.233,0.248,0.283,0.203
shaanxi_guanzhong,2018-01-01,0.235,0.247,0.282,0.203
shaanxi_guanzhong,2018-01-02,0.235,0.247,0.282,0.203
shaanxi_guanzhong,2018-01-03,0.236,0.247,0.282,0.203
shaanxi_guanzhong,2018-01-04,0.237,0.248,0.281,0.203
shaanxi_guanzhong,2018-01-05,0.24,0.25,0.286,0.203
shaanxi_guanzhong,2018-01-06,0.242,0.251,0.288,0.203
shaanxi_guanzhong,2018-01-07,0.244,0.253,0.289,0.203
shaanxi_guanzhong,2018-01-08,0.244,0.254,0.289,0.203
shaanxi_guanzhong,2018-01-09,0.245,0.254,0.289,0.204
shaanxi_guanzhong,2018-01-10,0.246,0.255,0.289,0.204
shaanxi_guanzhong,2018-01-11,0.246,0.255,0.289,0.204
shaanxi_guanzhong,2018-01-12,0.249,0.255,0.289,0.204
shaanxi_guanzhong,2018-01-13,0.25,0.256,0.289,0.204
shaanxi_guanzhong,2018-01-14,0.254,0.256,0.289,0.204
shaanxi_guanzhong,2018-01-15,0.261,0.256,0.288,0.204
shaanxi_guanzhong,2018-01-16,0.269,0.256,0.286,0.204
shaanxi_guanzhong,2018-01-17,0.277,0.257,0.286,0.204
shaanxi_guanzhong,2018-01-18,0.282,0.259,0.287,0.204
shaanxi_guanzhong,2018-01-19,0.287,0.262,0.288,0.204
shaanxi_guanzhong,2018-01-20,0.286,0.263,0.287,0.204
shaanxi_guanzhong,2018-01-21,0.28,0.263,0.286,0.205
shaanxi_guanzhong,2018-01-22,0.276,0.264,0.286,0.205
shaanxi_guanzhong,2018-01-23,0.272,0.264,0.286,0.205
shaanxi_guanzhong,2018-01-24,0.271,0.266,0.286,0.205
shaanxi_guanzhong,2018-01-25,0.27,0.267,0.285,0.205
shaanxi_guanzhong,2018-01-26,0.271,0.269,0.285,0.205
shaanxi_guanzhong,2018-01-27,0.268,0.269,0.285,0.205
shaanxi_guanzhong,2018-01-28,0.269,0.272,0.287,0.205
shaanxi_guanzhong,2018-01-29,0.27,0.273,0.287,0.205
shaanxi_guanzhong,2018-01-30,0.27,0.273,0.286,0.205
shaanxi_guanzhong,2018-01-31,0.269,0.273,0.285,0.205
shaanxi_guanzhong,2018-02-01,0.27,0.273,0.285,0.205
shaanxi_guanzhong,2018-02-02,0.271,0.273,0.285,0.205
shaanxi_guanzhong,2018-02-03,0.273,0.274,0.285,0.205
shaanxi_guanzhong,2018-02-04,0.276,0.273,0.284,0.206
shaanxi_guanzhong,2018-02-05,0.278,0.273,0.284,0.206
shaanxi_guanzhong,2018-02-06,0.281,0.273,0.284,0.206
shaanxi_guanzhong,2018-02-07,0.283,0.274,0.285,0.206
shaanxi_guanzhong,2018-02-08,0.282,0.275,0.286,0.206
shaanxi_guanzhong,2018-02-09,0.279,0.276,0.286,0.206
shaanxi_guanzhong,2018-02-10,0.272,0.274,0.285,0.206
shaanxi_guanzhong,2018-02-11,0.267,0.271,0.284,0.206
shaanxi_guanzhong,2018-02-12,0.263,0.269,0.283,0.206
shaanxi_guanzhong,2018-02-13,0.259,0.267,0.282,0.206
shaanxi_guanzhong,2018-02-14,0.255,0.264,0.281,0.206
shaanxi_guanzhong,2018-02-15,0.249,0.261,0.279,0.206
shaanxi_guanzhong,2018-02-16,0.243,0.257,0.276,0.206
shaanxi_guanzhong,2018-02-17,0.243,0.253,0.273,0.206
shaanxi_guanzhong,2018-02-18,0.247,0.252,0.272,0.206
shaanxi_guanzhong,2018-02-19,0.25,0.252,0.273,0.206
shaanxi_guanzhong,2018-02-20,0.266,0.251,0.272,0.206
shaanxi_guanzhong,2018-02-21,0.298,0.253,0.272,0.206
shaanxi_guanzhong,2018-02-22,0.282,0.254,0.272,0.206
shaanxi_guanzhong,2018-02-23,0.27,0.252,0.271,0.206
shaanxi_guanzhong,2018-02-24,0.256,0.248,0.268,0.206
shaanxi_guanzhong,2018-02-25,0.244,0.242,0.264,0.206
shaanxi_guanzhong,2018-02-26,0.232,0.234,0.258,0.206
shaanxi_guanzhong,2018-02-27,0.226,0.228,0.254,0.206
shaanxi_guanzhong,2018-02-28,0.221,0.226,0.253,0.206
shaanxi_guanzhong,2018-03-01,0.211,0.219,0.25,0.206
shaanxi_guanzhong,2018-03-02,0.201,0.214,0.246,0.206
shaanxi_guanzhong,2018-03-03,0.19,0.207,0.242,0.206
shaanxi_guanzhong,2018-03-04,0.205,0.202,0.239,0.206
shaanxi_guanzhong,2018-03-05,0.244,0.203,0.24,0.206
shaanxi_guanzhong,2018-03-06,0.304,0.209,0.243,0.206
shaanxi_guanzhong,2018-03-07,0.319,0.221,0.242,0.206
shaanxi_guanzhong,2018-03-08,0.293,0.229,0.246,0.206
shaanxi_guanzhong,2018-03-09,0.275,0.232,0.246,0.206
shaanxi_guanzhong,2018-03-10,0.265,0.23,0.245,0.206
shaanxi_guanzhong,2018-03-11,0.264,0.229,0.245,0.206
shaanxi_guanzhong,2018-03-12,0.25,0.225,0.242,0.206
shaanxi_guanzhong,2018-03-13,0.236,0.219,0.239,0.206
shaanxi_guanzhong,2018-03-14,0.22,0.21,0.233,0.206
shaanxi_guanzhong,2018-03-15,0.205,0.202,0.228,0.206
shaanxi_guanzhong,2018-03-16,0.196,0.195,0.223,0.206
shaanxi_guanzhong,2018-03-17,0.236,0.193,0.222,0.206
shaanxi_guanzhong,2018-03-18,0.281,0.197,0.222,0.206
shaanxi_guanzhong,2018-03-19,0.305,0.204,0.223,0.206
shaanxi_guanzhong,2018-03-20,0.282,0.209,0.224,0.206
shaanxi_guanzhong,2018-03-21,0.264,0.212,0.224,0.206
shaanxi_guanzhong,2018-03-22,0.246,0.21,0.223,0.206
shaanxi_guanzhong,2018-03-23,0.229,0.204,0.22,0.206
shaanxi_guanzhong,2018-03-24,0.215,0.198,0.217,0.206
shaanxi_guanzhong,2018-03-25,0.201,0.19,0.211,0.206
shaanxi_guanzhong,2018-03-26,0.191,0.185,0.207,0.206
shaanxi_guanzhong,2018-03-27,0.181,0.181,0.206,0.206
shaanxi_guanzhong,2018-03-28,0.168,0.173,0.201,0.206
shaanxi_guanzhong,2018-03-29,0.156,0.162,0.193,0.206
shaanxi_guanzhong,2018-03-30,0.148,0.158,0.189,0.206
shaanxi_guanzhong,2018-03-31,0.15,0.16,0.192,0.206
shaanxi_guanzhong,2018-04-01,0.149,0.16,0.192,0.206
shaanxi_guanzhong,2018-04-02,0.144,0.155,0.188,0.206
shaanxi_guanzhong,2018-04-03,0.14,0.15,0.184,0.206
shaanxi_guanzhong,2018-04-04,0.141,0.148,0.182,0.206
shaanxi_guanzhong,2018-04-05,0.176,0.151,0.184,0.205
shaanxi_guanzhong,2018-04-06,0.167,0.154,0.187,0.205
shaanxi_guanzhong,2018-04-07,0.168,0.157,0.19,0.205
shaanxi_guanzhong,2018-04-08,0.164,0.157,0.189,0.205
shaanxi_guanzhong,2018-04-09,0.153,0.15,0.183,0.205
shaanxi_guanzhong,2018-04-10,0.143,0.142,0.176,0.205
shaanxi_guanzhong,2018-04-11,0.145,0.141,0.177,0.205
shaanxi_guanzhong,2018-04-12,0.268,0.149,0.18,0.205
shaanxi_guanzhong,2018-04-13,0.388,0.243,0.18,0.205
shaanxi_guanzhong,2018-04-14,0.334,0.275,0.181,0.205
shaanxi_guanzhong,2018-04-15,0.302,0.271,0.181,0.205
shaanxi_guanzhong,2018-04-16,0.278,0.264,0.18,0.205
shaanxi_guanzhong,2018-04-17,0.257,0.255,0.178,0.205
shaanxi_guanzhong,2018-04-18,0.238,0.242,0.174,0.205
shaanxi_guanzhong,2018-04-19,0.218,0.231,0.171,0.205
shaanxi_guanzhong,2018-04-20,0.235,0.224,0.17,0.205
shaanxi_guanzhong,2018-04-21,0.288,0.227,0.172,0.205
shaanxi_guanzhong,2018-04-22,0.308,0.232,0.175,0.205
shaanxi_guanzhong,2018-04-23,0.308,0.237,0.177,0.205
shaanxi_guanzhong,2018-04-24,0.355,0.249,0.179,0.205
shaanxi_guanzhong,2018-04-25,0.356,0.266,0.179,0.205
shaanxi_guanzhong,2018-04-26,0.322,0.273,0.179,0.205
shaanxi_guanzhong,2018-04-27,0.291,0.268,0.178,0.205
shaanxi_guanzhong,2018-04-28,0.268,0.262,0.179,0.205
shaanxi_guanzhong,2018-04-29,0.251,0.255,0.179,0.205
shaanxi_guanzhong,2018-04-30,0.232,0.246,0.178,0.205
shaanxi_guanzhong,2018-05-01,0.219,0.241,0.179,0.205
shaanxi_guanzhong,2018-05-02,0.202,0.231,0.179,0.205
shaanxi_guanzhong,2018-05-03,0.187,0.22,0.177,0.205
shaanxi_guanzhong,2018-05-04,0.175,0.21,0.175,0.204
shaanxi_guanzhong,2018-05-05,0.191,0.21,0.177,0.204
shaanxi_guanzhong,2018-05-06,0.268,0.217,0.183,0.204
shaanxi_guanzhong,2018-05-07,0.272,0.217,0.182,0.204
shaanxi_guanzhong,2018-05-08,0.262,0.216,0.181,0.204
shaanxi_guanzhong,2018-05-09,0.293,0.222,0.186,0.204
shaanxi_guanzhong,2018-05-10,0.334,0.228,0.186,0.204
shaanxi_guanzhong,2018-05-11,0.333,0.246,0.186,0.204
shaanxi_guanzhong,2018-05-12,0.289,0.245,0.185,0.204
shaanxi_guanzhong,2018-05-13,0.254,0.232,0.18,0.204
shaanxi_guanzhong,2018-05-14,0.226,0.22,0.175,0.204
shaanxi_guanzhong,2018-05-15,0.204,0.209,0.172,0.204
shaanxi_guanzhong,2018-05-16,0.182,0.193,0.165,0.204
shaanxi_guanzhong,2018-05-17,0.17,0.182,0.16,0.204
shaanxi_guanzhong,2018-05-18,0.169,0.183,0.162,0.204
shaanxi_guanzhong,2018-05-19,0.201,0.18,0.162,0.204
shaanxi_guanzhong,2018-05-20,0.232,0.182,0.162,0.204
shaanxi_guanzhong,2018-05-21,0.266,0.188,0.165,0.204
shaanxi_guanzhong,2018-05-22,0.333,0.211,0.165,0.204
shaanxi_guanzhong,2018-05-23,0.285,0.215,0.165,0.204
shaanxi_guanzhong,2018-05-24,0.257,0.209,0.162,0.204
shaanxi_guanzhong,2018-05-25,0.24,0.201,0.158,0.204
shaanxi_guanzhong,2018-05-26,0.248,0.199,0.157,0.204
shaanxi_guanzhong,2018-05-27,0.24,0.202,0.159,0.204
shaanxi_guanzhong,2018-05-28,0.222,0.2,0.159,0.204
shaanxi_guanzhong,2018-05-29,0.209,0.199,0.162,0.204
shaanxi_guanzhong,2018-05-30,0.191,0.19,0.16,0.204
shaanxi_guanzhong,2018-05-31,0.179,0.186,0.159,0.204
shaanxi_guanzhong,2018-06-01,0.169,0.181,0.158,0.204
shaanxi_guanzhong,2018-06-02,0.173,0.179,0.16,0.203
shaanxi_guanzhong,2018-06-03,0.164,0.173,0.155,0.203
shaanxi_guanzhong,2018-06-04,0.166,0.176,0.157,0.203
shaanxi_guanzhong,2018-06-05,0.158,0.172,0.157,0.202
shaanxi_guanzhong,2018-06-06,0.142,0.158,0.154,0.2
shaanxi_guanzhong,2018-06-07,0.137,0.152,0.151,0.2
shaanxi_guanzhong,2018-06-08,0.265,0.158,0.152,0.2
shaanxi_guanzhong,2018-06-09,0.304,0.176,0.154,0.2
shaanxi_guanzhong,2018-06-10,0.259,0.183,0.156,0.2
shaanxi_guanzhong,2018-06-11,0.228,0.183,0.157,0.2
shaanxi_guanzhong,2018-06-12,0.202,0.177,0.155,0.199
shaanxi_guanzhong,2018-06-13,0.18,0.168,0.15,0.199
shaanxi_guanzhong,2018-06-14,0.163,0.162,0.148,0.199
shaanxi_guanzhong,2018-06-15,0.153,0.157,0.145,0.199
shaanxi_guanzhong,2018-06-16,0.203,0.161,0.148,0.199
shaanxi_guanzhong,2018-06-17,0.256,0.165,0.149,0.199
shaanxi_guanzhong,2018-06-18,0.374,0.206,0.155,0.199
shaanxi_guanzhong,2018-06-19,0.339,0.25,0.155,0.199
shaanxi_guanzhong,2018-06-20,0.294,0.248,0.154,0.199
shaanxi_guanzhong,2018-06-21,0.26,0.237,0.151,0.199
shaanxi_guanzhong,2018-06-22,0.233,0.224,0.148,0.199
shaanxi_guanzhong,2018-06-23,0.208,0.21,0.145,0.199
shaanxi_guanzhong,2018-06-24,0.199,0.199,0.144,0.199
shaanxi_guanzhong,2018-06-25,0.258,0.198,0.145,0.199
shaanxi_guanzhong,2018-06-26,0.383,0.248,0.147,0.199
shaanxi_guanzhong,2018-06-27,0.341,0.264,0.148,0.199
shaanxi_guanzhong,2018-06-28,0.288,0.256,0.148,0.199
shaanxi_guanzhong,2018-06-29,0.255,0.241,0.145,0.199
shaanxi_guanzhong,2018-06-30,0.339,0.261,0.145,0.199
shaanxi_guanzhong,2018-07-01,0.32,0.277,0.145,0.199
shaanxi_guanzhong,2018-07-02,0.374,0.312,0.145,0.199
shaanxi_guanzhong,2018-07-03,0.426,0.401,0.153,0.199
shaanxi_guanzhong,2018-07-04,0.428,0.422,0.185,0.199
shaanxi_guanzhong,2018-07-05,0.391,0.392,0.205,0.199
shaanxi_guanzhong,2018-07-06,0.36,0.367,0.21,0.199
shaanxi_guanzhong,2018-07-07,0.34,0.348,0.211,0.199
shaanxi_guanzhong,2018-07-08,0.397,0.371,0.211,0.199
shaanxi_guanzhong,2018-07-09,0.411,0.389,0.216,0.199
shaanxi_guanzhong,2018-07-10,0.407,0.387,0.222,0.199
shaanxi_guanzhong,2018-07-11,0.42,0.405,0.23,0.199
shaanxi_guanzhong,2018-07-12,0.397,0.399,0.243,0.199
shaanxi_guanzhong,2018-07-13,0.381,0.377,0.246,0.199
shaanxi_guanzhong,2018-07-14,0.362,0.362,0.248,0.199
shaanxi_guanzhong,2018-07-15,0.349,0.347,0.248,0.199
shaanxi_guanzhong,2018-07-16,0.357,0.339,0.248,0.199
shaanxi_guanzhong,2018-07-17,0.334,0.329,0.248,0.199
shaanxi_guanzhong,2018-07-18,0.304,0.313,0.245,0.199
shaanxi_guanzhong,2018-07-19,0.273,0.292,0.238,0.198
shaanxi_guanzhong,2018-07-20,0.243,0.27,0.23,0.198
shaanxi_guanzhong,2018-07-21,0.218,0.251,0.222,0.198
shaanxi_guanzhong,2018-07-22,0.198,0.234,0.215,0.198
shaanxi_guanzhong,2018-07-23,0.181,0.22,0.21,0.198
shaanxi_guanzhong,2018-07-24,0.165,0.203,0.203,0.198
shaanxi_guanzhong,2018-07-25,0.154,0.19,0.197,0.198
shaanxi_guanzhong,2018-07-26,0.148,0.18,0.193,0.198
shaanxi_guanzhong,2018-07-27,0.144,0.174,0.19,0.198
shaanxi_guanzhong,2018-07-28,0.141,0.169,0.188,0.198
shaanxi_guanzhong,2018-07-29,0.141,0.164,0.185,0.198
shaanxi_guanzhong,2018-07-30,0.155,0.163,0.184,0.198
shaanxi_guanzhong,2018-07-31,0.288,0.168,0.185,0.198
shaanxi_guanzhong,2018-08-01,0.274,0.175,0.185,0.198
shaanxi_guanzhong,2018-08-02,0.236,0.176,0.185,0.198
shaanxi_guanzhong,2018-08-03,0.205,0.171,0.183,0.198
shaanxi_guanzhong,2018-08-04,0.183,0.168,0.181,0.197
shaanxi_guanzhong,2018-08-05,0.166,0.161,0.177,0.197
shaanxi_guanzhong,2018-08-06,0.157,0.16,0.177,0.197
shaanxi_guanzhong,2018-08-07,0.149,0.152,0.171,0.197
shaanxi_guanzhong,2018-08-08,0.15,0.147,0.166,0.197
shaanxi_guanzhong,2018-08-09,0.14,0.144,0.163,0.197
shaanxi_guanzhong,2018-08-10,0.138,0.142,0.159,0.197
shaanxi_guanzhong,2018-08-11,0.138,0.142,0.159,0.197
shaanxi_guanzhong,2018-08-12,0.144,0.143,0.162,0.197
shaanxi_guanzhong,2018-08-13,0.145,0.143,0.162,0.196
shaanxi_guanzhong,2018-08-14,0.15,0.143,0.162,0.196
shaanxi_guanzhong,2018-08-15,0.155,0.145,0.164,0.196
shaanxi_guanzhong,2018-08-16,0.214,0.143,0.164,0.196
shaanxi_guanzhong,2018-08-17,0.203,0.144,0.164,0.196
shaanxi_guanzhong,2018-08-18,0.188,0.147,0.165,0.196
shaanxi_guanzhong,2018-08-19,0.171,0.145,0.163,0.196
shaanxi_guanzhong,2018-08-20,0.158,0.145,0.161,0.196
shaanxi_guanzhong,2018-08-21,0.168,0.145,0.161,0.196
shaanxi_guanzhong,2018-08-22,0.378,0.264,0.163,0.196
shaanxi_guanzhong,2018-08-23,0.321,0.278,0.165,0.196
shaanxi_guanzhong,2018-08-24,0.291,0.272,0.166,0.196
shaanxi_guanzhong,2018-08-25,0.265,0.263,0.167,0.196
shaanxi_guanzhong,2018-08-26,0.242,0.254,0.169,0.196
shaanxi_guanzhong,2018-08-27,0.222,0.245,0.17,0.196
shaanxi_guanzhong,2018-08-28,0.205,0.236,0.171,0.196
shaanxi_guanzhong,2018-08-29,0.191,0.228,0.173,0.195
shaanxi_guanzhong,2018-08-30,0.178,0.218,0.173,0.195
shaanxi_guanzhong,2018-08-31,0.167,0.208,0.171,0.195
shaanxi_guanzhong,2018-09-01,0.167,0.204,0.173,0.195
shaanxi_guanzhong,2018-09-02,0.17,0.204,0.177,0.195
shaanxi_guanzhong,2018-09-03,0.187,0.205,0.18,0.195
shaanxi_guanzhong,2018-09-04,0.182,0.203,0.182,0.195
shaanxi_guanzhong,2018-09-05,0.318,0.212,0.18,0.195
shaanxi_guanzhong,2018-09-06,0.324,0.242,0.182,0.195
shaanxi_guanzhong,2018-09-07,0.28,0.24,0.182,0.195
shaanxi_guanzhong,2018-09-08,0.253,0.234,0.182,0.195
shaanxi_guanzhong,2018-09-09,0.236,0.229,0.182,0.195
shaanxi_guanzhong,2018-09-10,0.24,0.227,0.183,0.195
shaanxi_guanzhong,2018-09-11,0.226,0.223,0.184,0.195
shaanxi_guanzhong,2018-09-12,0.21,0.218,0.184,0.195
shaanxi_guanzhong,2018-09-13,0.212,0.218,0.187,0.195
shaanxi_guanzhong,2018-09-14,0.21,0.218,0.189,0.195
shaanxi_guanzhong,2018-09-15,0.33,0.223,0.188,0.195
shaanxi_guanzhong,2018-09-16,0.371,0.251,0.189,0.195
shaanxi_guanzhong,2018-09-17,0.338,0.277,0.189,0.195
shaanxi_guanzhong,2018-09-18,0.352,0.285,0.191,0.195
shaanxi_guanzhong,2018-09-19,0.406,0.33,0.193,0.195
shaanxi_guanzhong,2018-09-20,0.369,0.344,0.195,0.195
shaanxi_guanzhong,2018-09-21,0.346,0.338,0.197,0.195
shaanxi_guanzhong,2018-09-22,0.322,0.325,0.198,0.195
shaanxi_guanzhong,2018-09-23,0.301,0.312,0.197,0.195
shaanxi_guanzhong,2018-09-24,0.282,0.298,0.193,0.195
shaanxi_guanzhong,2018-09-25,0.282,0.291,0.192,0.195
shaanxi_guanzhong,2018-09-26,0.298,0.289,0.193,0.195
shaanxi_guanzhong,2018-09-27,0.298,0.288,0.194,0.195
shaanxi_guanzhong,2018-09-28,0.305,0.287,0.195,0.195
shaanxi_guanzhong,2018-09-29,0.285,0.282,0.197,0.195
shaanxi_guanzhong,2018-09-30,0.266,0.272,0.195,0.195
shaanxi_guanzhong,2018-10-01,0.252,0.265,0.194,0.195
shaanxi_guanzhong,2018-10-02,0.241,0.259,0.195,0.195
shaanxi_guanzhong,2018-10-03,0.232,0.252,0.194,0.195
shaanxi_guanzhong,2018-10-04,0.22,0.243,0.192,0.195
shaanxi_guanzhong,2018-10-05,0.211,0.235,0.189,0.195
shaanxi_guanzhong,2018-10-06,0.204,0.229,0.187,0.195
shaanxi_guanzhong,2018-10-07,0.201,0.227,0.188,0.195
shaanxi_guanzhong,2018-10-08,0.2,0.227,0.19,0.195
shaanxi_guanzhong,2018-10-09,0.195,0.223,0.189,0.195
shaanxi_guanzhong,2018-10-10,0.194,0.22,0.19,0.195
shaanxi_guanzhong,2018-10-11,0.192,0.218,0.192,0.195
shaanxi_guanzhong,2018-10-12,0.188,0.215,0.191,0.195
shaanxi_guanzhong,2018-10-13,0.212,0.212,0.191,0.195
shaanxi_guanzhong,2018-10-14,0.275,0.215,0.191,0.195
shaanxi_guanzhong,2018-10-15,0.262,0.216,0.191,0.195
shaanxi_guanzhong,2018-10-16,0.25,0.216,0.193,0.195
shaanxi_guanzhong,2018-10-17,0.244,0.217,0.195,0.195
shaanxi_guanzhong,2018-10-18,0.235,0.217,0.196,0.195
shaanxi_guanzhong,2018-10-19,0.232,0.216,0.196,0.195
shaanxi_guanzhong,2018-10-20,0.24,0.219,0.198,0.195
shaanxi_guanzhong,2018-10-21,0.261,0.221,0.198,0.195
shaanxi_guanzhong,2018-10-22,0.258,0.221,0.198,0.195
shaanxi_guanzhong,2018-10-23,0.247,0.222,0.2,0.195
shaanxi_guanzhong,2018-10-24,0.238,0.221,0.2,0.195
shaanxi_guanzhong,2018-10-25,0.24,0.219,0.199,0.195
shaanxi_guanzhong,2018-10-26,0.228,0.218,0.2,0.195
shaanxi_guanzhong,2018-10-27,0.221,0.217,0.2,0.195
shaanxi_guanzhong,2018-10-28,0.215,0.215,0.2,0.195
shaanxi_guanzhong,2018-10-29,0.207,0.211,0.199,0.195
shaanxi_guanzhong,2018-10-30,0.201,0.209,0.199,0.195
shaanxi_guanzhong,2018-10-31,0.196,0.207,0.199,0.195
shaanxi_guanzhong,2018-11-01,0.189,0.203,0.197,0.194
shaanxi_guanzhong,2018-11-02,0.184,0.2,0.196,0.194
shaanxi_guanzhong,2018-11-03,0.177,0.196,0.194,0.194
shaanxi_guanzhong,2018-11-04,0.174,0.195,0.194,0.194
shaanxi_guanzhong,2018-11-05,0.232,0.195,0.193,0.194
shaanxi_guanzhong,2018-11-06,0.317,0.201,0.192,0.194
shaanxi_guanzhong,2018-11-07,0.31,0.214,0.193,0.194
shaanxi_guanzhong,2018-11-08,0.29,0.221,0.195,0.194
shaanxi_guanzhong,2018-11-09,0.277,0.226,0.198,0.194
shaanxi_guanzhong,2018-11-10,0.271,0.227,0.202,0.194
shaanxi_guanzhong,2018-11-11,0.262,0.228,0.204,0.194
shaanxi_guanzhong,2018-11-12,0.256,0.23,0.205,0.194
shaanxi_guanzhong,2018-11-13,0.251,0.232,0.209,0.194
shaanxi_guanzhong,2018-11-14,0.254,0.234,0.212,0.194
shaanxi_guanzhong,2018-11-15,0.261,0.235,0.212,0.194
shaanxi_guanzhong,2018-11-16,0.307,0.239,0.212,0.194
shaanxi_guanzhong,2018-11-17,0.317,0.245,0.214,0.194
shaanxi_guanzhong,2018-11-18,0.299,0.25,0.215,0.194
shaanxi_guanzhong,2018-11-19,0.287,0.254,0.217,0.194
shaanxi_guanzhong,2018-11-20,0.281,0.257,0.218,0.194
shaanxi_guanzhong,2018-11-21,0.275,0.257,0.219,0.194
shaanxi_guanzhong,2018-11-22,0.269,0.256,0.22,0.194
shaanxi_guanzhong,2018-11-23,0.264,0.256,0.221,0.194
shaanxi_guanzhong,2018-11-24,0.258,0.254,0.22,0.194
shaanxi_guanzhong,2018-11-25,0.254,0.252,0.221,0.194
shaanxi_guanzhong,2018-11-26,0.248,0.25,0.22,0.194
shaanxi_guanzhong,2018-11-27,0.243,0.248,0.221,0.194
shaanxi_guanzhong,2018-11-28,0.241,0.249,0.223,0.194
shaanxi_guanzhong,2018-11-29,0.237,0.247,0.223,0.194
shaanxi_guanzhong,2018-11-30,0.236,0.245,0.223,0.194
shaanxi_guanzhong,2018-12-01,0.238,0.245,0.223,0.194
shaanxi_guanzhong,2018-12-02,0.238,0.246,0.224,0.194
shaanxi_guanzhong,2018-12-03,0.234,0.246,0.223,0.194
shaanxi_guanzhong,2018-12-04,0.232,0.245,0.223,0.194
shaanxi_guanzhong,2018-12-05,0.23,0.245,0.223,0.194
shaanxi_guanzhong,2018-12-06,0.231,0.245,0.223,0.194
shaanxi_guanzhong,2018-12-07,0.23,0.245,0.225,0.194
shaanxi_guanzhong,2018-12-08,0.23,0.244,0.224,0.194
shaanxi_guanzhong,2018-12-09,0.229,0.244,0.225,0.194
shaanxi_guanzhong,2018-12-10,0.23,0.242,0.224,0.194
shaanxi_guanzhong,2018-12-11,0.229,0.241,0.224,0.194
shaanxi_guanzhong,2018-12-12,0.235,0.245,0.227,0.194
shaanxi_guanzhong,2018-12-13,0.239,0.245,0.228,0.194
shaanxi_guanzhong,2018-12-14,0.24,0.245,0.228,0.194
shaanxi_guanzhong,2018-12-15,0.239,0.245,0.228,0.194
shaanxi_guanzhong,2018-12-16,0.236,0.244,0.227,0.194
shaanxi_guanzhong,2018-12-17,0.235,0.242,0.227,0.194
shaanxi_guanzhong,2018-12-18,0.233,0.24,0.226,0.194
shaanxi_guanzhong,2018-12-19,0.232,0.24,0.227,0.194
shaanxi_guanzhong,2018-12-20,0.23,0.238,0.227,0.194
shaanxi_guanzhong,2018-12-21,0.225,0.236,0.225,0.194
shaanxi_guanzhong,2018-12-22,0.223,0.235,0.225,0.194
shaanxi_guanzhong,2018-12-23,0.224,0.235,0.226,0.194
shaanxi_guanzhong,2018-12-24,0.224,0.236,0.227,0.194
shaanxi_guanzhong,2018-12-25,0.221,0.234,0.226,0.194
shaanxi_guanzhong,2018-12-26,0.219,0.233,0.226,0.194
shaanxi_guanzhong,2018-12-27,0.219,0.233,0.227,0.194
shaanxi_guanzhong,2018-12-28,0.221,0.234,0.228,0.194
shaanxi_guanzhong,2018-12-29,0.225,0.236,0.23,0.194
shaanxi_guanzhong,2018-12-30,0.23,0.237,0.233,0.194
shaanxi_guanzhong,2018-12-31,0.231,0.237,0.234,0.194
shaanxi_guanzhong,2019-01-01,0.232,0.236,0.235,0.194
shaanxi_guanzhong,2019-01-02,0.232,0.236,0.234,0.194
shaanxi_guanzhong,2019-01-03,0.233,0.236,0.234,0.194
shaanxi_guanzhong,2019-01-04,0.234,0.236,0.235,0.194
shaanxi_guanzhong,2019-01-05,0.236,0.238,0.235,0.194
shaanxi_guanzhong,2019-01-06,0.236,0.238,0.235,0.194
shaanxi_guanzhong,2019-01-07,0.237,0.238,0.235,0.194
shaanxi_guanzhong,2019-01-08,0.238,0.238,0.235,0.194
shaanxi_guanzhong,2019-01-09,0.239,0.238,0.235,0.194
shaanxi_guanzhong,2019-01-10,0.236,0.236,0.234,0.194
shaanxi_guanzhong,2019-01-11,0.235,0.235,0.235,0.194
shaanxi_guanzhong,2019-01-12,0.24,0.239,0.237,0.194
shaanxi_guanzhong,2019-01-13,0.24,0.239,0.237,0.194
shaanxi_guanzhong,2019-01-14,0.241,0.239,0.237,0.194
shaanxi_guanzhong,2019-01-15,0.239,0.241,0.239,0.194
shaanxi_guanzhong,2019-01-16,0.238,0.24,0.239,0.194
shaanxi_guanzhong,2019-01-17,0.237,0.24,0.239,0.194
shaanxi_guanzhong,2019-01-18,0.236,0.239,0.238,0.194
shaanxi_guanzhong,2019-01-19,0.234,0.24,0.239,0.194
shaanxi_guanzhong,2019-01-20,0.231,0.238,0.239,0.194
shaanxi_guanzhong,2019-01-21,0.228,0.237,0.239,0.194
shaanxi_guanzhong,2019-01-22,0.228,0.236,0.238,0.194
shaanxi_guanzhong,2019-01-23,0.228,0.235,0.238,0.194
shaanxi_guanzhong,2019-01-24,0.226,0.233,0.237,0.194
shaanxi_guanzhong,2019-01-25,0.222,0.231,0.236,0.194
shaanxi_guanzhong,2019-01-26,0.219,0.226,0.232,0.194
shaanxi_guanzhong,2019-01-27,0.217,0.221,0.229,0.194
shaanxi_guanzhong,2019-01-28,0.211,0.218,0.226,0.194
shaanxi_guanzhong,2019-01-29,0.204,0.215,0.223,0.194
shaanxi_guanzhong,2019-01-30,0.206,0.213,0.222,0.194
shaanxi_guanzhong,2019-01-31,0.214,0.214,0.22,0.194
shaanxi_guanzhong,2019-02-01,0.217,0.217,0.222,0.194
shaanxi_guanzhong,2019-02-02,0.218,0.219,0.225,0.194
shaanxi_guanzhong,2019-02-03,0.216,0.218,0.225,0.194
shaanxi_guanzhong,2019-02-04,0.211,0.216,0.223,0.194
shaanxi_guanzhong,2019-02-05,0.205,0.212,0.22,0.194
shaanxi_guanzhong,2019-02-06,0.198,0.208,0.218,0.194
shaanxi_guanzhong,2019-02-07,0.193,0.205,0.216,0.194
shaanxi_guanzhong,2019-02-08,0.192,0.205,0.217,0.194
shaanxi_guanzhong,2019-02-09,0.192,0.205,0.217,0.194
shaanxi_guanzhong,2019-02-10,0.192,0.206,0.217,0.194
shaanxi_guanzhong,2019-02-11,0.196,0.208,0.219,0.194
shaanxi_guanzhong,2019-02-12,0.201,0.211,0.222,0.194
shaanxi_guanzhong,2019-02-13,0.202,0.212,0.223,0.194
shaanxi_guanzhong,2019-02-14,0.203,0.213,0.224,0.194
shaanxi_guanzhong,2019-02-15,0.203,0.214,0.224,0.194
shaanxi_guanzhong,2019-02-16,0.204,0.216,0.227,0.194
shaanxi_guanzhong,2019-02-17,0.203,0.216,0.226,0.194
shaanxi_guanzhong,2019-02-18,0.204,0.216,0.226,0.194
shaanxi_guanzhong,2019-02-19,0.204,0.216,0.227,0.194
shaanxi_guanzhong,2019-02-20,0.205,0.216,0.227,0.194
shaanxi_guanzhong,2019-02-21,0.202,0.212,0.226,0.194
shaanxi_guanzhong,2019-02-22,0.202,0.212,0.225,0.194
shaanxi_guanzhong,2019-02-23,0.199,0.212,0.225,0.194
shaanxi_guanzhong,2019-02-24,0.195,0.21,0.225,0.194
shaanxi_guanzhong,2019-02-25,0.191,0.207,0.223,0.194
shaanxi_guanzhong,2019-02-26,0.222,0.206,0.222,0.194
shaanxi_guanzhong,2019-02-27,0.236,0.207,0.222,0.194
shaanxi_guanzhong,2019-02-28,0.232,0.209,0.224,0.194
shaanxi_guanzhong,2019-03-01,0.237,0.211,0.225,0.194
shaanxi_guanzhong,2019-03-02,0.283,0.213,0.226,0.194
shaanxi_guanzhong,2019-03-03,0.273,0.217,0.227,0.194
shaanxi_guanzhong,2019-03-04,0.262,0.219,0.227,0.194
shaanxi_guanzhong,2019-03-05,0.252,0.218,0.227,0.194
shaanxi_guanzhong,2019-03-06,0.24,0.216,0.225,0.194
shaanxi_guanzhong,2019-03-07,0.227,0.211,0.221,0.194
shaanxi_guanzhong,2019-03-08,0.218,0.207,0.219,0.194
shaanxi_guanzhong,2019-03-09,0.211,0.204,0.218,0.194
shaanxi_guanzhong,2019-03-10,0.206,0.2,0.215,0.194
shaanxi_guanzhong,2019-03-11,0.206,0.197,0.213,0.194
shaanxi_guanzhong,2019-03-12,0.196,0.191,0.21,0.194
shaanxi_guanzhong,2019-03-13,0.19,0.188,0.209,0.194
shaanxi_guanzhong,2019-03-14,0.185,0.186,0.208,0.194
shaanxi_guanzhong,2019-03-15,0.176,0.182,0.206,0.194
shaanxi_guanzhong,2019-03-16,0.162,0.173,0.2,0.194
shaanxi_guanzhong,2019-03-17,0.153,0.165,0.196,0.194
shaanxi_guanzhong,2019-03-18,0.147,0.161,0.193,0.194
shaanxi_guanzhong,2019-03-19,0.136,0.151,0.184,0.194
shaanxi_guanzhong,2019-03-20,0.128,0.143,0.178,0.194
shaanxi_guanzhong,2019-03-21,0.128,0.141,0.176,0.194
shaanxi_guanzhong,2019-03-22,0.131,0.142,0.173,0.194
shaanxi_guanzhong,2019-03-23,0.13,0.141,0.173,0.194
shaanxi_guanzhong,2019-03-24,0.129,0.139,0.173,0.194
shaanxi_guanzhong,2019-03-25,0.124,0.134,0.168,0.194
shaanxi_guanzhong,2019-03-26,0.121,0.131,0.163,0.194
shaanxi_guanzhong,2019-03-27,0.116,0.127,0.156,0.194
shaanxi_guanzhong,2019-03-28,0.113,0.126,0.155,0.194
shaanxi_guanzhong,2019-03-29,0.118,0.125,0.153,0.194
shaanxi_guanzhong,2019-03-30,0.117,0.122,0.144,0.194
shaanxi_guanzhong,2019-03-31,0.115,0.121,0.143,0.194
shaanxi_guanzhong,2019-04-01,0.114,0.12,0.143,0.194
shaanxi_guanzhong,2019-04-02,0.128,0.125,0.147,0.194
shaanxi_guanzhong,2019-04-03,0.142,0.126,0.148,0.194
shaanxi_guanzhong,2019-04-04,0.139,0.126,0.148,0.194
shaanxi_guanzhong,2019-04-05,0.133,0.123,0.144,0.194
shaanxi_guanzhong,2019-04-06,0.124,0.12,0.139,0.194
shaanxi_guanzhong,2019-04-07,0.121,0.117,0.137,0.194
shaanxi_guanzhong,2019-04-08,0.123,0.116,0.135,0.193
shaanxi_guanzhong,2019-04-09,0.24,0.117,0.133,0.193
shaanxi_guanzhong,2019-04-10,0.237,0.121,0.135,0.193
shaanxi_guanzhong,2019-04-11,0.229,0.124,0.136,0.193
shaanxi_guanzhong,2019-04-12,0.23,0.125,0.135,0.193
shaanxi_guanzhong,2019-04-13,0.226,0.131,0.14,0.193
shaanxi_guanzhong,2019-04-14,0.216,0.134,0.143,0.193
shaanxi_guanzhong,2019-04-15,0.2,0.134,0.142,0.193
shaanxi_guanzhong,2019-04-16,0.19,0.134,0.142,0.193
shaanxi_guanzhong,2019-04-17,0.173,0.134,0.141,0.193
shaanxi_guanzhong,2019-04-18,0.154,0.131,0.139,0.193
shaanxi_guanzhong,2019-04-19,0.144,0.13,0.138,0.193
shaanxi_guanzhong,2019-04-20,0.187,0.13,0.138,0.193
shaanxi_guanzhong,2019-04-21,0.205,0.131,0.138,0.193
shaanxi_guanzhong,2019-04-22,0.196,0.132,0.138,0.193
shaanxi_guanzhong,2019-04-23,0.187,0.132,0.138,0.193
shaanxi_guanzhong,2019-04-24,0.174,0.132,0.139,0.193
shaanxi_guanzhong,2019-04-25,0.164,0.132,0.139,0.193
shaanxi_guanzhong,2019-04-26,0.168,0.133,0.14,0.193
shaanxi_guanzhong,2019-04-27,0.203,0.133,0.14,0.193
shaanxi_guanzhong,2019-04-28,0.245,0.134,0.14,0.193
shaanxi_guanzhong,2019-04-29,0.271,0.14,0.14,0.193
shaanxi_guanzhong,2019-04-30,0.244,0.144,0.14,0.193
shaanxi_guanzhong,2019-05-01,0.221,0.147,0.14,0.193
shaanxi_guanzhong,2019-05-02,0.208,0.152,0.14,0.193
shaanxi_guanzhong,2019-05-03,0.205,0.153,0.14,0.193
shaanxi_guanzhong,2019-05-04,0.187,0.154,0.141,0.193
shaanxi_guanzhong,2019-05-05,0.215,0.152,0.14,0.192
shaanxi_guanzhong,2019-05-06,0.319,0.159,0.14,0.192
shaanxi_guanzhong,2019-05-07,0.38,0.197,0.141,0.192
shaanxi_guanzhong,2019-05-08,0.332,0.231,0.142,0.192
shaanxi_guanzhong,2019-05-09,0.292,0.234,0.143,0.192
shaanxi_guanzhong,2019-05-10,0.263,0.229,0.143,0.192
shaanxi_guanzhong,2019-05-11,0.236,0.219,0.142,0.192
shaanxi_guanzhong,2019-05-12,0.215,0.211,0.142,0.192
shaanxi_guanzhong,2019-05-13,0.204,0.21,0.142,0.192
shaanxi_guanzhong,2019-05-14,0.196,0.207,0.141,0.192
shaanxi_guanzhong,2019-05-15,0.191,0.205,0.143,0.192
shaanxi_guanzhong,2019-05-16,0.186,0.199,0.143,0.192
shaanxi_guanzhong,2019-05-17,0.191,0.201,0.145,0.192
shaanxi_guanzhong,2019-05-18,0.19,0.195,0.144,0.192
shaanxi_guanzhong,2019-05-19,0.239,0.195,0.144,0.192
shaanxi_guanzhong,2019-05-20,0.222,0.193,0.143,0.192
shaanxi_guanzhong,2019-05-21,0.203,0.187,0.142,0.192
shaanxi_guanzhong,2019-05-22,0.183,0.18,0.141,0.192
shaanxi_guanzhong,2019-05-23,0.164,0.168,0.14,0.192
shaanxi_guanzhong,2019-05-24,0.153,0.159,0.138,0.192
shaanxi_guanzhong,2019-05-25,0.147,0.152,0.138,0.192
shaanxi_guanzhong,2019-05-26,0.143,0.153,0.138,0.192
shaanxi_guanzhong,2019-05-27,0.156,0.149,0.138,0.192
shaanxi_guanzhong,2019-05-28,0.21,0.15,0.138,0.192
shaanxi_guanzhong,2019-05-29,0.228,0.154,0.138,0.192
shaanxi_guanzhong,2019-05-30,0.231,0.162,0.14,0.192
shaanxi_guanzhong,2019-05-31,0.211,0.167,0.14,0.191
shaanxi_guanzhong,2019-06-01,0.198,0.171,0.14,0.191
shaanxi_guanzhong,2019-06-02,0.181,0.171,0.141,0.191
shaanxi_guanzhong,2019-06-03,0.164,0.164,0.14,0.191
shaanxi_guanzhong,2019-06-04,0.153,0.159,0.138,0.191
shaanxi_guanzhong,2019-06-05,0.322,0.179,0.139,0.191
shaanxi_guanzhong,2019-06-06,0.311,0.209,0.138,0.191
shaanxi_guanzhong,2019-06-07,0.269,0.208,0.138,0.191
shaanxi_guanzhong,2019-06-08,0.237,0.199,0.138,0.191
shaanxi_guanzhong,2019-06-09,0.212,0.188,0.137,0.191
shaanxi_guanzhong,2019-06-10,0.193,0.184,0.137,0.191
shaanxi_guanzhong,2019-06-11,0.18,0.179,0.136,0.191
shaanxi_guanzhong,2019-06-12,0.173,0.175,0.135,0.191
shaanxi_guanzhong,2019-06-13,0.167,0.174,0.137,0.191
shaanxi_guanzhong,2019-06-14,0.158,0.17,0.137,0.191
shaanxi_guanzhong,2019-06-15,0.194,0.168,0.136,0.191
shaanxi_guanzhong,2019-06-16,0.245,0.169,0.136,0.191
shaanxi_guanzhong,2019-06-17,0.226,0.169,0.136,0.191
shaanxi_guanzhong,2019-06-18,0.207,0.167,0.136,0.191
shaanxi_guanzhong,2019-06-19,0.212,0.177,0.137,0.191
shaanxi_guanzhong,2019-06-20,0.306,0.189,0.139,0.191
shaanxi_guanzhong,2019-06-21,0.408,0.268,0.141,0.191
shaanxi_guanzhong,2019-06-22,0.383,0.328,0.143,0.191
shaanxi_guanzhong,2019-06-23,0.344,0.324,0.145,0.191
shaanxi_guanzhong,2019-06-24,0.338,0.315,0.145,0.191
shaanxi_guanzhong,2019-06-25,0.328,0.31,0.146,0.191
shaanxi_guanzhong,2019-06-26,0.304,0.296,0.144,0.191
shaanxi_guanzhong,2019-06-27,0.358,0.299,0.146,0.191
shaanxi_guanzhong,2019-06-28,0.401,0.36,0.151,0.191
shaanxi_guanzhong,2019-06-29,0.359,0.355,0.154,0.191
shaanxi_guanzhong,2019-06-30,0.328,0.336,0.156,0.191
shaanxi_guanzhong,2019-07-01,0.299,0.316,0.157,0.191
shaanxi_guanzhong,2019-07-02,0.258,0.289,0.154,0.191
shaanxi_guanzhong,2019-07-03,0.237,0.273,0.15,0.191
shaanxi_guanzhong,2019-07-04,0.223,0.261,0.15,0.19
shaanxi_guanzhong,2019-07-05,0.2,0.243,0.148,0.19
shaanxi_guanzhong,2019-07-06,0.175,0.224,0.145,0.19
shaanxi_guanzhong,2019-07-07,0.168,0.214,0.147,0.19
shaanxi_guanzhong,2019-07-08,0.213,0.207,0.146,0.19
shaanxi_guanzhong,2019-07-09,0.237,0.211,0.149,0.19
shaanxi_guanzhong,2019-07-10,0.262,0.208,0.149,0.19
shaanxi_guanzhong,2019-07-11,0.236,0.202,0.147,0.19
shaanxi_guanzhong,2019-07-12,0.242,0.2,0.148,0.19
shaanxi_guanzhong,2019-07-13,0.198,0.19,0.145,0.19
shaanxi_guanzhong,2019-07-14,0.169,0.178,0.139,0.19
shaanxi_guanzhong,2019-07-15,0.157,0.172,0.137,0.19
shaanxi_guanzhong,2019-07-16,0.176,0.172,0.14,0.19
shaanxi_guanzhong,2019-07-17,0.261,0.178,0.139,0.19
shaanxi_guanzhong,2019-07-18,0.357,0.221,0.134,0.19
shaanxi_guanzhong,2019-07-19,0.363,0.246,0.136,0.19
shaanxi_guanzhong,2019-07-20,0.342,0.261,0.136,0.19
shaanxi_guanzhong,2019-07-21,0.292,0.255,0.134,0.19
shaanxi_guanzhong,2019-07-22,0.362,0.291,0.138,0.19
shaanxi_guanzhong,2019-07-23,0.33,0.299,0.14,0.19
shaanxi_guanzhong,2019-07-24,0.29,0.285,0.142,0.19
shaanxi_guanzhong,2019-07-25,0.258,0.27,0.141,0.19
shaanxi_guanzhong,2019-07-26,0.219,0.248,0.132,0.19
shaanxi_guanzhong,2019-07-27,0.187,0.227,0.123,0.19
shaanxi_guanzhong,2019-07-28,0.163,0.208,0.116,0.19
shaanxi_guanzhong,2019-07-29,0.33,0.23,0.117,0.189
shaanxi_guanzhong,2019-07-30,0.31,0.249,0.123,0.189
shaanxi_guanzhong,2019-07-31,0.268,0.242,0.126,0.189
shaanxi_guanzhong,2019-08-01,0.227,0.227,0.123,0.189
shaanxi_guanzhong,2019-08-02,0.208,0.217,0.122,0.189
shaanxi_guanzhong,2019-08-03,0.369,0.266,0.121,0.189
shaanxi_guanzhong,2019-08-04,0.363,0.349,0.124,0.189
shaanxi_guanzhong,2019-08-05,0.329,0.33,0.124,0.189
shaanxi_guanzhong,2019-08-06,0.342,0.321,0.126,0.189
shaanxi_guanzhong,2019-08-07,0.316,0.311,0.127,0.189
shaanxi_guanzhong,2019-08-08,0.286,0.295,0.127,0.189
shaanxi_guanzhong,2019-08-09,0.339,0.29,0.125,0.189
shaanxi_guanzhong,2019-08-10,0.311,0.284,0.123,0.189
shaanxi_guanzhong,2019-08-11,0.272,0.268,0.12,0.189
shaanxi_guanzhong,2019-08-12,0.238,0.252,0.118,0.189
shaanxi_guanzhong,2019-08-13,0.212,0.238,0.118,0.189
shaanxi_guanzhong,2019-08-14,0.194,0.226,0.121,0.189
shaanxi_guanzhong,2019-08-15,0.181,0.215,0.123,0.189
shaanxi_guanzhong,2019-08-16,0.167,0.202,0.122,0.189
shaanxi_guanzhong,2019-08-17,0.159,0.193,0.122,0.189
shaanxi_guanzhong,2019-08-18,0.155,0.186,0.122,0.189
shaanxi_guanzhong,2019-08-19,0.152,0.18,0.122,0.189
shaanxi_guanzhong,2019-08-20,0.157,0.176,0.123,0.188
shaanxi_guanzhong,2019-08-21,0.196,0.176,0.121,0.188
shaanxi_guanzhong,2019-08-22,0.209,0.178,0.123,0.188
shaanxi_guanzhong,2019-08-23,0.206,0.189,0.126,0.188
shaanxi_guanzhong,2019-08-24,0.191,0.187,0.128,0.188
shaanxi_guanzhong,2019-08-25,0.184,0.184,0.128,0.188
shaanxi_guanzhong,2019-08-26,0.272,0.206,0.127,0.188
shaanxi_guanzhong,2019-08-27,0.388,0.318,0.124,0.188
shaanxi_guanzhong,2019-08-28,0.342,0.321,0.125,0.188
shaanxi_guanzhong,2019-08-29,0.314,0.309,0.128,0.188
shaanxi_guanzhong,2019-08-30,0.28,0.292,0.13,0.188
shaanxi_guanzhong,2019-08-31,0.283,0.283,0.13,0.188
shaanxi_guanzhong,2019-09-01,0.374,0.294,0.127,0.188
shaanxi_guanzhong,2019-09-02,0.338,0.304,0.127,0.188
shaanxi_guanzhong,2019-09-03,0.307,0.296,0.13,0.188
shaanxi_guanzhong,2019-09-04,0.386,0.305,0.131,0.188
shaanxi_guanzhong,2019-09-05,0.361,0.332,0.133,0.188
shaanxi_guanzhong,2019-09-06,0.326,0.319,0.132,0.188
shaanxi_guanzhong,2019-09-07,0.298,0.304,0.132,0.188
shaanxi_guanzhong,2019-09-08,0.282,0.293,0.135,0.188
shaanxi_guanzhong,2019-09-09,0.337,0.291,0.14,0.188
shaanxi_guanzhong,2019-09-10,0.42,0.375,0.145,0.188
shaanxi_guanzhong,2019-09-11,0.425,0.41,0.164,0.188
shaanxi_guanzhong,2019-09-12,0.406,0.396,0.182,0.188
shaanxi_guanzhong,2019-09-13,0.407,0.39,0.19,0.188
shaanxi_guanzhong,2019-09-14,0.436,0.426,0.22,0.188
shaanxi_guanzhong,2019-09-15,0.426,0.422,0.263,0.188
shaanxi_guanzhong,2019-09-16,0.401,0.399,0.274,0.188
shaanxi_guanzhong,2019-09-17,0.419,0.408,0.281,0.188
shaanxi_guanzhong,2019-09-18,0.406,0.402,0.29,0.188
shaanxi_guanzhong,2019-09-19,0.418,0.412,0.298,0.188
shaanxi_guanzhong,2019-09-20,0.395,0.399,0.306,0.188
shaanxi_guanzhong,2019-09-21,0.377,0.384,0.309,0.189
shaanxi_guanzhong,2019-09-22,0.368,0.374,0.311,0.189
shaanxi_guanzhong,2019-09-23,0.346,0.359,0.31,0.189
shaanxi_guanzhong,2019-09-24,0.337,0.35,0.31,0.189
shaanxi_guanzhong,2019-09-25,0.329,0.343,0.31,0.189
shaanxi_guanzhong,2019-09-26,0.318,0.332,0.308,0.189
shaanxi_guanzhong,2019-09-27,0.296,0.318,0.306,0.189
shaanxi_guanzhong,2019-09-28,0.27,0.301,0.303,0.189
shaanxi_guanzhong,2019-09-29,0.253,0.287,0.3,0.19
shaanxi_guanzhong,2019-09-30,0.241,0.278,0.298,0.19
shaanxi_guanzhong,2019-10-01,0.291,0.274,0.297,0.19
shaanxi_guanzhong,2019-10-02,0.285,0.274,0.297,0.19
shaanxi_guanzhong,2019-10-03,0.324,0.28,0.297,0.19
shaanxi_guanzhong,2019-10-04,0.395,0.314,0.298,0.19
shaanxi_guanzhong,2019-10-05,0.399,0.365,0.299,0.19
shaanxi_guanzhong,2019-10-06,0.399,0.375,0.3,0.19
shaanxi_guanzhong,2019-10-07,0.382,0.378,0.301,0.19
shaanxi_guanzhong,2019-10-08,0.368,0.37,0.303,0.191
shaanxi_guanzhong,2019-10-09,0.389,0.369,0.305,0.191
shaanxi_guanzhong,2019-10-10,0.385,0.376,0.306,0.191
shaanxi_guanzhong,2019-10-11,0.372,0.372,0.308,0.191
shaanxi_guanzhong,2019-10-12,0.364,0.367,0.309,0.191
shaanxi_guanzhong,2019-10-13,0.358,0.361,0.31,0.191
shaanxi_guanzhong,2019-10-14,0.373,0.36,0.311,0.191
shaanxi_guanzhong,2019-10-15,0.4,0.372,0.312,0.191
shaanxi_guanzhong,2019-10-16,0.391,0.386,0.314,0.192
shaanxi_guanzhong,2019-10-17,0.372,0.377,0.316,0.192
shaanxi_guanzhong,2019-10-18,0.359,0.368,0.318,0.192
shaanxi_guanzhong,2019-10-19,0.351,0.361,0.319,0.192
shaanxi_guanzhong,2019-10-20,0.362,0.358,0.32,0.192
shaanxi_guanzhong,2019-10-21,0.355,0.357,0.322,0.192
shaanxi_guanzhong,2019-10-22,0.349,0.354,0.324,0.193
shaanxi_guanzhong,2019-10-23,0.339,0.348,0.323,0.193
shaanxi_guanzhong,2019-10-24,0.378,0.35,0.324,0.193
shaanxi_guanzhong,2019-10-25,0.369,0.357,0.325,0.193
shaanxi_guanzhong,2019-10-26,0.353,0.354,0.327,0.193
shaanxi_guanzhong,2019-10-27,0.341,0.348,0.327,0.194
shaanxi_guanzhong,2019-10-28,0.326,0.337,0.323,0.194
shaanxi_guanzhong,2019-10-29,0.315,0.329,0.322,0.194
shaanxi_guanzhong,2019-10-30,0.309,0.324,0.321,0.194
shaanxi_guanzhong,2019-10-31,0.313,0.321,0.32,0.194
shaanxi_guanzhong,2019-11-01,0.322,0.322,0.32,0.195
shaanxi_guanzhong,2019-11-02,0.327,0.323,0.32,0.195
shaanxi_guanzhong,2019-11-03,0.319,0.32,0.318,0.195
shaanxi_guanzhong,2019-11-04,0.313,0.318,0.317,0.195
shaanxi_guanzhong,2019-11-05,0.314,0.318,0.317,0.195
shaanxi_guanzhong,2019-11-06,0.369,0.325,0.317,0.195
shaanxi_guanzhong,2019-11-07,0.356,0.334,0.317,0.196
shaanxi_guanzhong,2019-11-08,0.342,0.336,0.318,0.196
shaanxi_guanzhong,2019-11-09,0.343,0.336,0.319,0.196
shaanxi_guanzhong,2019-11-10,0.349,0.339,0.32,0.196
shaanxi_guanzhong,2019-11-11,0.339,0.338,0.32,0.196
shaanxi_guanzhong,2019-11-12,0.342,0.338,0.321,0.196
shaanxi_guanzhong,2019-11-13,0.334,0.335,0.321,0.197
shaanxi_guanzhong,2019-11-14,0.322,0.33,0.32,0.197
shaanxi_guanzhong,2019-11-15,0.313,0.324,0.316,0.197
shaanxi_guanzhong,2019-11-16,0.306,0.318,0.314,0.197
shaanxi_guanzhong,2019-11-17,0.307,0.314,0.312,0.197
shaanxi_guanzhong,2019-11-18,0.304,0.311,0.314,0.197
shaanxi_guanzhong,2019-11-19,0.296,0.308,0.314,0.197
shaanxi_guanzhong,2019-11-20,0.297,0.305,0.313,0.198
shaanxi_guanzhong,2019-11-21,0.301,0.307,0.313,0.198
shaanxi_guanzhong,2019-11-22,0.292,0.302,0.311,0.198
shaanxi_guanzhong,2019-11-23,0.286,0.297,0.309,0.198
shaanxi_guanzhong,2019-11-24,0.31,0.294,0.308,0.198
shaanxi_guanzhong,2019-11-25,0.32,0.294,0.307,0.198
shaanxi_guanzhong,2019-11-26,0.313,0.294,0.305,0.198
shaanxi_guanzhong,2019-11-27,0.311,0.294,0.305,0.198
shaanxi_guanzhong,2019-11-28,0.307,0.294,0.304,0.199
shaanxi_guanzhong,2019-11-29,0.3,0.293,0.303,0.199
shaanxi_guanzhong,2019-11-30,0.303,0.294,0.303,0.199
shaanxi_guanzhong,2019-12-01,0.302,0.293,0.301,0.199
shaanxi_guanzhong,2019-12-02,0.295,0.291,0.3,0.199
shaanxi_guanzhong,2019-12-03,0.293,0.292,0.3,0.199
shaanxi_guanzhong,2019-12-04,0.286,0.289,0.299,0.199
shaanxi_guanzhong,2019-12-05,0.276,0.283,0.297,0.199
shaanxi_guanzhong,2019-12-06,0.272,0.281,0.296,0.199
shaanxi_guanzhong,2019-12-07,0.271,0.28,0.296,0.199
shaanxi_guanzhong,2019-12-08,0.268,0.278,0.295,0.2
shaanxi_guanzhong,2019-12-09,0.267,0.277,0.295,0.2
shaanxi_guanzhong,2019-12-10,0.262,0.274,0.293,0.2
shaanxi_guanzhong,2019-12-11,0.253,0.268,0.289,0.2
shaanxi_guanzhong,2019-12-12,0.251,0.266,0.287,0.2
shaanxi_guanzhong,2019-12-13,0.246,0.262,0.285,0.2
shaanxi_guanzhong,2019-12-14,0.241,0.259,0.283,0.2
shaanxi_guanzhong,2019-12-15,0.237,0.255,0.28,0.2
shaanxi_guanzhong,2019-12-16,0.235,0.253,0.279,0.2
shaanxi_guanzhong,2019-12-17,0.234,0.251,0.279,0.2
shaanxi_guanzhong,2019-12-18,0.231,0.247,0.277,0.2
shaanxi_guanzhong,2019-12-19,0.235,0.25,0.28,0.2
shaanxi_guanzhong,2019-12-20,0.238,0.252,0.281,0.2
shaanxi_guanzhong,2019-12-21,0.239,0.254,0.282,0.2
shaanxi_guanzhong,2019-12-22,0.242,0.255,0.283,0.2
shaanxi_guanzhong,2019-12-23,0.244,0.256,0.282,0.2
shaanxi_guanzhong,2019-12-24,0.247,0.257,0.281,0.2
shaanxi_guanzhong,2019-12-25,0.265,0.256,0.28,0.2
shaanxi_guanzhong,2019-12-26,0.276,0.256,0.279,0.2
shaanxi_guanzhong,2019-12-27,0.273,0.26,0.28,0.2
shaanxi_guanzhong,2019-12-28,0.273,0.262,0.282,0.2
shaanxi_guanzhong,2019-12-29,0.27,0.262,0.281,0.2
shaanxi_guanzhong,2019-12-30,0.266,0.262,0.281,0.201
shaanxi_guanzhong,2019-12-31,0.264,0.263,0.281,0.201
shaanxi_guanzhong,2020-01-01,0.263,0.262,0.281,0.201
shaanxi_guanzhong,2020-01-02,0.26,0.262,0.28,0.201
shaanxi_guanzhong,2020-01-03,0.257,0.261,0.279,0.201
shaanxi_guanzhong,2020-01-04,0.253,0.259,0.278,0.201
shaanxi_guanzhong,2020-01-05,0.248,0.255,0.277,0.201
shaanxi_guanzhong,2020-01-06,0.269,0.255,0.277,0.201
shaanxi_guanzhong,2020-01-07,0.272,0.255,0.276,0.201
shaanxi_guanzhong,2020-01-08,0.271,0.257,0.277,0.201
shaanxi_guanzhong,2020-01-09,0.275,0.26,0.278,0.201
shaanxi_guanzhong,2020-01-10,0.281,0.263,0.28,0.201
shaanxi_guanzhong,2020-01-11,0.288,0.264,0.281,0.201
shaanxi_guanzhong,2020-01-12,0.284,0.267,0.284,0.201
shaanxi_guanzhong,2020-01-13,0.283,0.269,0.285,0.201
shaanxi_guanzhong,2020-01-14,0.282,0.272,0.287,0.201
shaanxi_guanzhong,2020-01-15,0.28,0.274,0.289,0.201
shaanxi_guanzhong,2020-01-16,0.28,0.276,0.291,0.201
shaanxi_guanzhong,2020-01-17,0.282,0.278,0.292,0.201
shaanxi_guanzhong,2020-01-18,0.291,0.285,0.295,0.201
shaanxi_guanzhong,2020-01-19,0.298,0.287,0.294,0.201
shaanxi_guanzhong,2020-01-20,0.298,0.29,0.295,0.202
shaanxi_guanzhong,2020-01-21,0.294,0.29,0.295,0.202
shaanxi_guanzhong,2020-01-22,0.289,0.289,0.294,0.202
shaanxi_guanzhong,2020-01-23,0.282,0.286,0.293,0.202
shaanxi_guanzhong,2020-01-24,0.282,0.282,0.29,0.202
shaanxi_guanzhong,2020-01-25,0.288,0.279,0.288,0.202
shaanxi_guanzhong,2020-01-26,0.289,0.278,0.289,0.202
shaanxi_guanzhong,2020-01-27,0.292,0.275,0.288,0.202
shaanxi_guanzhong,2020-01-28,0.287,0.276,0.288,0.202
shaanxi_guanzhong,2020-01-29,0.284,0.277,0.289,0.202
shaanxi_guanzhong,2020-01-30,0.288,0.28,0.29,0.202
shaanxi_guanzhong,2020-01-31,0.284,0.279,0.289,0.203
shaanxi_guanzhong,2020-02-01,0.27,0.273,0.285,0.203
shaanxi_guanzhong,2020-02-02,0.267,0.271,0.284,0.203
shaanxi_guanzhong,2020-02-03,0.267,0.27,0.283,0.203
shaanxi_guanzhong,2020-02-04,0.262,0.268,0.282,0.203
shaanxi_guanzhong,2020-02-05,0.264,0.268,0.283,0.203
shaanxi_guanzhong,2020-02-06,0.285,0.268,0.282,0.203
shaanxi_guanzhong,2020-02-07,0.283,0.271,0.284,0.203
shaanxi_guanzhong,2020-02-08,0.278,0.272,0.283,0.203
shaanxi_guanzhong,2020-02-09,0.271,0.272,0.286,0.203
shaanxi_guanzhong,2020-02-10,0.261,0.268,0.285,0.203
shaanxi_guanzhong,2020-02-11,0.253,0.263,0.283,0.203
shaanxi_guanzhong,2020-02-12,0.241,0.256,0.278,0.203
shaanxi_guanzhong,2020-02-13,0.225,0.246,0.272,0.203
shaanxi_guanzhong,2020-02-14,0.214,0.239,0.268,0.203
shaanxi_guanzhong,2020-02-15,0.214,0.24,0.269,0.203
shaanxi_guanzhong,2020-02-16,0.219,0.243,0.272,0.203
shaanxi_guanzhong,2020-02-17,0.218,0.243,0.272,0.203
shaanxi_guanzhong,2020-02-18,0.216,0.241,0.271,0.203
shaanxi_guanzhong,2020-02-19,0.211,0.237,0.269,0.203
shaanxi_guanzhong,2020-02-20,0.2,0.23,0.263,0.203
shaanxi_guanzhong,2020-02-21,0.199,0.229,0.262,0.203
shaanxi_guanzhong,2020-02-22,0.187,0.221,0.257,0.203
shaanxi_guanzhong,2020-02-23,0.175,0.211,0.25,0.203
shaanxi_guanzhong,2020-02-24,0.164,0.201,0.241,0.203
shaanxi_guanzhong,2020-02-25,0.16,0.197,0.24,0.203
shaanxi_guanzhong,2020-02-26,0.161,0.196,0.24,0.203
shaanxi_guanzhong,2020-02-27,0.237,0.198,0.24,0.203
shaanxi_guanzhong,2020-02-28,0.326,0.21,0.239,0.203
shaanxi_guanzhong,2020-02-29,0.296,0.22,0.241,0.203
shaanxi_guanzhong,2020-03-01,0.274,0.222,0.243,0.203
shaanxi_guanzhong,2020-03-02,0.299,0.222,0.241,0.203
shaanxi_guanzhong,2020-03-03,0.296,0.225,0.239,0.203
shaanxi_guanzhong,2020-03-04,0.274,0.225,0.237,0.203
shaanxi_guanzhong,2020-03-05,0.255,0.223,0.234,0.203
shaanxi_guanzhong,2020-03-06,0.241,0.22,0.232,0.203
shaanxi_guanzhong,2020-03-07,0.219,0.212,0.231,0.203
shaanxi_guanzhong,2020-03-08,0.215,0.215,0.233,0.203
shaanxi_guanzhong,2020-03-09,0.221,0.211,0.232,0.203
shaanxi_guanzhong,2020-03-10,0.211,0.206,0.229,0.203
shaanxi_guanzhong,2020-03-11,0.195,0.198,0.223,0.203
shaanxi_guanzhong,2020-03-12,0.191,0.197,0.223,0.203
shaanxi_guanzhong,2020-03-13,0.188,0.195,0.222,0.203
shaanxi_guanzhong,2020-03-14,0.183,0.194,0.223,0.203
shaanxi_guanzhong,2020-03-15,0.178,0.194,0.225,0.203
shaanxi_guanzhong,2020-03-16,0.169,0.188,0.222,0.203
shaanxi_guanzhong,2020-03-17,0.163,0.183,0.22,0.203
shaanxi_guanzhong,2020-03-18,0.157,0.179,0.217,0.203
shaanxi_guanzhong,2020-03-19,0.155,0.178,0.216,0.203
shaanxi_guanzhong,2020-03-20,0.148,0.174,0.213,0.203
shaanxi_guanzhong,2020-03-21,0.14,0.168,0.211,0.203
shaanxi_guanzhong,2020-03-22,0.148,0.175,0.215,0.203
shaanxi_guanzhong,2020-03-23,0.152,0.175,0.215,0.203
shaanxi_guanzhong,2020-03-24,0.146,0.168,0.211,0.203
shaanxi_guanzhong,2020-03-25,0.14,0.163,0.207,0.203
shaanxi_guanzhong,2020-03-26,0.141,0.161,0.206,0.203
shaanxi_guanzhong,2020-03-27,0.181,0.162,0.206,0.203
shaanxi_guanzhong,2020-03-28,0.182,0.165,0.206,0.203
shaanxi_guanzhong,2020-03-29,0.241,0.174,0.206,0.203
shaanxi_guanzhong,2020-03-30,0.236,0.173,0.203,0.203
shaanxi_guanzhong,2020-03-31,0.239,0.179,0.205,0.203
shaanxi_guanzhong,2020-04-01,0.232,0.178,0.203,0.203
shaanxi_guanzhong,2020-04-02,0.27,0.179,0.203,0.203
shaanxi_guanzhong,2020-04-03,0.285,0.185,0.203,0.203
shaanxi_guanzhong,2020-04-04,0.268,0.19,0.203,0.203
shaanxi_guanzhong,2020-04-05,0.246,0.189,0.199,0.203
shaanxi_guanzhong,2020-04-06,0.218,0.18,0.194,0.203
shaanxi_guanzhong,2020-04-07,0.192,0.169,0.193,0.203
shaanxi_guanzhong,2020-04-08,0.168,0.161,0.189,0.203
shaanxi_guanzhong,2020-04-09,0.151,0.154,0.189,0.203
shaanxi_guanzhong,2020-04-10,0.152,0.155,0.189,0.203
shaanxi_guanzhong,2020-04-11,0.167,0.159,0.193,0.203
shaanxi_guanzhong,2020-04-12,0.163,0.16,0.192,0.203
shaanxi_guanzhong,2020-04-13,0.16,0.161,0.19,0.203
shaanxi_guanzhong,2020-04-14,0.155,0.159,0.188,0.203
shaanxi_guanzhong,2020-04-15,0.153,0.16,0.187,0.202
shaanxi_guanzhong,2020-04-16,0.151,0.159,0.185,0.202
shaanxi_guanzhong,2020-04-17,0.149,0.158,0.185,0.202
shaanxi_guanzhong,2020-04-18,0.239,0.161,0.185,0.202
shaanxi_guanzhong,2020-04-19,0.285,0.178,0.192,0.202
shaanxi_guanzhong,2020-04-20,0.263,0.189,0.196,0.202
shaanxi_guanzhong,2020-04-21,0.252,0.194,0.197,0.202
shaanxi_guanzhong,2020-04-22,0.239,0.196,0.195,0.202
shaanxi_guanzhong,2020-04-23,0.226,0.195,0.192,0.202
shaanxi_guanzhong,2020-04-24,0.21,0.192,0.194,0.202
shaanxi_guanzhong,2020-04-25,0.193,0.191,0.196,0.202
shaanxi_guanzhong,2020-04-26,0.175,0.183,0.189,0.202
shaanxi_guanzhong,2020-04-27,0.165,0.177,0.187,0.202
shaanxi_guanzhong,2020-04-28,0.166,0.175,0.183,0.202
shaanxi_guanzhong,2020-04-29,0.158,0.17,0.181,0.202
shaanxi_guanzhong,2020-04-30,0.153,0.163,0.179,0.202
shaanxi_guanzhong,2020-05-01,0.15,0.161,0.179,0.202
shaanxi_guanzhong,2020-05-02,0.147,0.16,0.178,0.202
shaanxi_guanzhong,2020-05-03,0.145,0.158,0.176,0.202
shaanxi_guanzhong,2020-05-04,0.143,0.157,0.175,0.201
shaanxi_guanzhong,2020-05-05,0.144,0.158,0.175,0.201
shaanxi_guanzhong,2020-05-06,0.146,0.155,0.174,0.201
shaanxi_guanzhong,2020-05-07,0.343,0.17,0.173,0.201
shaanxi_guanzhong,2020-05-08,0.361,0.255,0.172,0.201
shaanxi_guanzhong,2020-05-09,0.363,0.27,0.173,0.201
shaanxi_guanzhong,2020-05-10,0.321,0.276,0.181,0.201
shaanxi_guanzhong,2020-05-11,0.284,0.268,0.183,0.201
shaanxi_guanzhong,2020-05-12,0.252,0.256,0.187,0.201
shaanxi_guanzhong,2020-05-13,0.258,0.248,0.193,0.201
shaanxi_guanzhong,2020-05-14,0.264,0.244,0.195,0.201
shaanxi_guanzhong,2020-05-15,0.237,0.234,0.187,0.201
shaanxi_guanzhong,2020-05-16,0.211,0.223,0.194,0.201
shaanxi_guanzhong,2020-05-17,0.194,0.216,0.193,0.201
shaanxi_guanzhong,2020-05-18,0.179,0.207,0.191,0.201
shaanxi_guanzhong,2020-05-19,0.175,0.203,0.192,0.201
shaanxi_guanzhong,2020-05-20,0.167,0.197,0.191,0.201
shaanxi_guanzhong,2020-05-21,0.165,0.195,0.192,0.201
shaanxi_guanzhong,2020-05-22,0.168,0.196,0.196,0.201
shaanxi_guanzhong,2020-05-23,0.164,0.194,0.197,0.201
shaanxi_guanzhong,2020-05-24,0.169,0.188,0.195,0.201
shaanxi_guanzhong,2020-05-25,0.171,0.186,0.193,0.201
shaanxi_guanzhong,2020-05-26,0.17,0.188,0.191,0.201
shaanxi_guanzhong,2020-05-27,0.167,0.187,0.192,0.201
shaanxi_guanzhong,2020-05-28,0.161,0.181,0.19,0.201
shaanxi_guanzhong,2020-05-29,0.155,0.177,0.186,0.2
shaanxi_guanzhong,2020-05-30,0.151,0.173,0.185,0.2
shaanxi_guanzhong,2020-05-31,0.15,0.17,0.185,0.2
shaanxi_guanzhong,2020-06-01,0.146,0.172,0.184,0.2
shaanxi_guanzhong,2020-06-02,0.149,0.166,0.183,0.2
shaanxi_guanzhong,2020-06-03,0.147,0.164,0.182,0.2
shaanxi_guanzhong,2020-06-04,0.144,0.162,0.181,0.2
shaanxi_guanzhong,2020-06-05,0.142,0.16,0.18,0.2
shaanxi_guanzhong,2020-06-06,0.141,0.159,0.178,0.2
shaanxi_guanzhong,2020-06-07,0.141,0.159,0.178,0.2
shaanxi_guanzhong,2020-06-08,0.231,0.16,0.178,0.2
shaanxi_guanzhong,2020-06-09,0.309,0.172,0.179,0.2
shaanxi_guanzhong,2020-06-10,0.278,0.178,0.175,0.2
shaanxi_guanzhong,2020-06-11,0.251,0.177,0.172,0.2
shaanxi_guanzhong,2020-06-12,0.252,0.179,0.183,0.2
shaanxi_guanzhong,2020-06-13,0.227,0.17,0.19,0.2
shaanxi_guanzhong,2020-06-14,0.215,0.172,0.185,0.2
shaanxi_guanzhong,2020-06-15,0.26,0.173,0.187,0.2
shaanxi_guanzhong,2020-06-16,0.398,0.226,0.183,0.2
shaanxi_guanzhong,2020-06-17,0.42,0.38,0.184,0.2
shaanxi_guanzhong,2020-06-18,0.377,0.381,0.191,0.2
shaanxi_guanzhong,2020-06-19,0.337,0.352,0.187,0.2
shaanxi_guanzhong,2020-06-20,0.309,0.33,0.182,0.2
shaanxi_guanzhong,2020-06-21,0.277,0.305,0.177,0.199
shaanxi_guanzhong,2020-06-22,0.335,0.298,0.174,0.199
shaanxi_guanzhong,2020-06-23,0.35,0.308,0.171,0.199
shaanxi_guanzhong,2020-06-24,0.306,0.292,0.163,0.199
shaanxi_guanzhong,2020-06-25,0.261,0.268,0.152,0.199
shaanxi_guanzhong,2020-06-26,0.292,0.255,0.147,0.199
shaanxi_guanzhong,2020-06-27,0.336,0.261,0.143,0.199
shaanxi_guanzhong,2020-06-28,0.331,0.268,0.142,0.199
shaanxi_guanzhong,2020-06-29,0.311,0.27,0.143,0.199
shaanxi_guanzhong,2020-06-30,0.273,0.258,0.141,0.199
shaanxi_guanzhong,2020-07-01,0.233,0.229,0.132,0.2
shaanxi_guanzhong,2020-07-02,0.214,0.221,0.131,0.2
shaanxi_guanzhong,2020-07-03,0.188,0.208,0.13,0.2
shaanxi_guanzhong,2020-07-04,0.177,0.202,0.13,0.2
shaanxi_guanzhong,2020-07-05,0.171,0.196,0.131,0.2
shaanxi_guanzhong,2020-07-06,0.165,0.191,0.132,0.2
shaanxi_guanzhong,2020-07-07,0.156,0.183,0.132,0.2
shaanxi_guanzhong,2020-07-08,0.152,0.178,0.133,0.2
shaanxi_guanzhong,2020-07-09,0.15,0.172,0.134,0.2
shaanxi_guanzhong,2020-07-10,0.157,0.168,0.133,0.2
shaanxi_guanzhong,2020-07-11,0.332,0.185,0.136,0.2
shaanxi_guanzhong,2020-07-12,0.347,0.24,0.141,0.2
shaanxi_guanzhong,2020-07-13,0.301,0.245,0.143,0.199
shaanxi_guanzhong,2020-07-14,0.344,0.255,0.144,0.199
shaanxi_guanzhong,2020-07-15,0.341,0.282,0.144,0.199
shaanxi_guanzhong,2020-07-16,0.319,0.279,0.145,0.199
shaanxi_guanzhong,2020-07-17,0.339,0.282,0.154,0.199
shaanxi_guanzhong,2020-07-18,0.353,0.291,0.161,0.199
shaanxi_guanzhong,2020-07-19,0.356,0.32,0.163,0.199
shaanxi_guanzhong,2020-07-20,0.315,0.308,0.157,0.199
shaanxi_guanzhong,2020-07-21,0.301,0.294,0.149,0.199
shaanxi_guanzhong,2020-07-22,0.305,0.29,0.149,0.199
shaanxi_guanzhong,2020-07-23,0.374,0.304,0.155,0.199
shaanxi_guanzhong,2020-07-24,0.426,0.393,0.158,0.199
shaanxi_guanzhong,2020-07-25,0.433,0.424,0.188,0.199
shaanxi_guanzhong,2020-07-26,0.396,0.398,0.213,0.199
shaanxi_guanzhong,2020-07-27,0.361,0.37,0.218,0.199
shaanxi_guanzhong,2020-07-28,0.34,0.351,0.22,0.199
shaanxi_guanzhong,2020-07-29,0.32,0.334,0.221,0.199
shaanxi_guanzhong,2020-07-30,0.324,0.32,0.221,0.199
shaanxi_guanzhong,2020-07-31,0.327,0.314,0.222,0.199
shaanxi_guanzhong,2020-08-01,0.35,0.308,0.221,0.199
shaanxi_guanzhong,2020-08-02,0.372,0.331,0.221,0.199
shaanxi_guanzhong,2020-08-03,0.348,0.322,0.22,0.199
shaanxi_guanzhong,2020-08-04,0.371,0.335,0.22,0.199
shaanxi_guanzhong,2020-08-05,0.382,0.342,0.219,0.199
shaanxi_guanzhong,2020-08-06,0.393,0.359,0.22,0.199
shaanxi_guanzhong,2020-08-07,0.421,0.413,0.231,0.199
shaanxi_guanzhong,2020-08-08,0.389,0.395,0.254,0.199
shaanxi_guanzhong,2020-08-09,0.356,0.369,0.257,0.199
shaanxi_guanzhong,2020-08-10,0.324,0.344,0.257,0.199
shaanxi_guanzhong,2020-08-11,0.299,0.324,0.255,0.199
shaanxi_guanzhong,2020-08-12,0.299,0.312,0.254,0.199
shaanxi_guanzhong,2020-08-13,0.332,0.306,0.254,0.199
shaanxi_guanzhong,2020-08-14,0.366,0.322,0.253,0.199
shaanxi_guanzhong,2020-08-15,0.407,0.349,0.254,0.199
shaanxi_guanzhong,2020-08-16,0.407,0.384,0.258,0.199
shaanxi_guanzhong,2020-08-17,0.385,0.378,0.262,0.199
shaanxi_guanzhong,2020-08-18,0.399,0.376,0.265,0.199
shaanxi_guanzhong,2020-08-19,0.41,0.403,0.27,0.199
shaanxi_guanzhong,2020-08-20,0.378,0.383,0.276,0.199
shaanxi_guanzhong,2020-08-21,0.358,0.367,0.278,0.199
shaanxi_guanzhong,2020-08-22,0.342,0.354,0.279,0.199
shaanxi_guanzhong,2020-08-23,0.35,0.343,0.279,0.199
shaanxi_guanzhong,2020-08-24,0.364,0.343,0.279,0.199
shaanxi_guanzhong,2020-08-25,0.326,0.33,0.278,0.199
shaanxi_guanzhong,2020-08-26,0.293,0.311,0.276,0.199
shaanxi_guanzhong,2020-08-27,0.263,0.291,0.272,0.199
shaanxi_guanzhong,2020-08-28,0.238,0.273,0.27,0.199
shaanxi_guanzhong,2020-08-29,0.221,0.26,0.268,0.199
shaanxi_guanzhong,2020-08-30,0.208,0.249,0.265,0.199
shaanxi_guanzhong,2020-08-31,0.214,0.245,0.264,0.199
shaanxi_guanzhong,2020-09-01,0.205,0.236,0.261,0.199
shaanxi_guanzhong,2020-09-02,0.2,0.235,0.261,0.199
shaanxi_guanzhong,2020-09-03,0.184,0.222,0.256,0.199
shaanxi_guanzhong,2020-09-04,0.168,0.21,0.252,0.199
shaanxi_guanzhong,2020-09-05,0.16,0.2,0.249,0.199
shaanxi_guanzhong,2020-09-06,0.165,0.199,0.248,0.199
shaanxi_guanzhong,2020-09-07,0.161,0.196,0.246,0.199
shaanxi_guanzhong,2020-09-08,0.16,0.193,0.245,0.199
shaanxi_guanzhong,2020-09-09,0.227,0.192,0.243,0.199
shaanxi_guanzhong,2020-09-10,0.318,0.21,0.244,0.199
shaanxi_guanzhong,2020-09-11,0.28,0.214,0.243,0.199
shaanxi_guanzhong,2020-09-12,0.261,0.221,0.245,0.199
shaanxi_guanzhong,2020-09-13,0.249,0.222,0.245,0.199
shaanxi_guanzhong,2020-09-14,0.267,0.227,0.246,0.199
shaanxi_guanzhong,2020-09-15,0.255,0.228,0.246,0.199
shaanxi_guanzhong,2020-09-16,0.24,0.225,0.246,0.199
shaanxi_guanzhong,2020-09-17,0.236,0.23,0.248,0.199
shaanxi_guanzhong,2020-09-18,0.224,0.228,0.249,0.199
shaanxi_guanzhong,2020-09-19,0.212,0.225,0.248,0.199
shaanxi_guanzhong,2020-09-20,0.241,0.228,0.249,0.199
shaanxi_guanzhong,2020-09-21,0.34,0.242,0.248,0.199
shaanxi_guanzhong,2020-09-22,0.352,0.279,0.248,0.199
shaanxi_guanzhong,2020-09-23,0.326,0.285,0.248,0.199
shaanxi_guanzhong,2020-09-24,0.303,0.283,0.248,0.199
shaanxi_guanzhong,2020-09-25,0.3,0.284,0.249,0.199
shaanxi_guanzhong,2020-09-26,0.294,0.284,0.25,0.199
shaanxi_guanzhong,2020-09-27,0.284,0.28,0.249,0.199
shaanxi_guanzhong,2020-09-28,0.321,0.281,0.25,0.199
shaanxi_guanzhong,2020-09-29,0.33,0.287,0.251,0.199
shaanxi_guanzhong,2020-09-30,0.317,0.286,0.249,0.199
shaanxi_guanzhong,2020-10-01,0.36,0.296,0.251,0.199
shaanxi_guanzhong,2020-10-02,0.403,0.344,0.253,0.199
shaanxi_guanzhong,2020-10-03,0.381,0.362,0.256,0.199
shaanxi_guanzhong,2020-10-04,0.372,0.364,0.258,0.199
shaanxi_guanzhong,2020-10-05,0.37,0.362,0.266,0.199
shaanxi_guanzhong,2020-10-06,0.395,0.372,0.271,0.199
shaanxi_guanzhong,2020-10-07,0.372,0.372,0.274,0.199
shaanxi_guanzhong,2020-10-08,0.368,0.362,0.275,0.199
shaanxi_guanzhong,2020-10-09,0.365,0.36,0.277,0.199
shaanxi_guanzhong,2020-10-10,0.361,0.357,0.28,0.199
shaanxi_guanzhong,2020-10-11,0.368,0.355,0.282,0.199
shaanxi_guanzhong,2020-10-12,0.374,0.358,0.283,0.199
shaanxi_guanzhong,2020-10-13,0.406,0.369,0.284,0.2
shaanxi_guanzhong,2020-10-14,0.414,0.4,0.289,0.2
shaanxi_guanzhong,2020-10-15,0.414,0.401,0.296,0.2
shaanxi_guanzhong,2020-10-16,0.396,0.397,0.301,0.2
shaanxi_guanzhong,2020-10-17,0.377,0.383,0.304,0.2
shaanxi_guanzhong,2020-10-18,0.364,0.372,0.306,0.2
shaanxi_guanzhong,2020-10-19,0.352,0.361,0.306,0.2
shaanxi_guanzhong,2020-10-20,0.343,0.352,0.306,0.2
shaanxi_guanzhong,2020-10-21,0.333,0.344,0.306,0.2
shaanxi_guanzhong,2020-10-22,0.321,0.335,0.305,0.201
shaanxi_guanzhong,2020-10-23,0.31,0.326,0.303,0.201
shaanxi_guanzhong,2020-10-24,0.3,0.317,0.301,0.201
shaanxi_guanzhong,2020-10-25,0.301,0.309,0.3,0.201
shaanxi_guanzhong,2020-10-26,0.298,0.304,0.298,0.201
shaanxi_guanzhong,2020-10-27,0.31,0.303,0.298,0.201
shaanxi_guanzhong,2020-10-28,0.361,0.314,0.297,0.201
shaanxi_guanzhong,2020-10-29,0.34,0.321,0.298,0.201
shaanxi_guanzhong,2020-10-30,0.338,0.325,0.299,0.201
shaanxi_guanzhong,2020-10-31,0.345,0.329,0.299,0.201
shaanxi_guanzhong,2020-11-01,0.33,0.325,0.298,0.201
shaanxi_guanzhong,2020-11-02,0.312,0.317,0.294,0.202
shaanxi_guanzhong,2020-11-03,0.304,0.312,0.294,0.202
shaanxi_guanzhong,2020-11-04,0.301,0.31,0.294,0.202
shaanxi_guanzhong,2020-11-05,0.311,0.307,0.293,0.202
shaanxi_guanzhong,2020-11-06,0.309,0.307,0.293,0.202
shaanxi_guanzhong,2020-11-07,0.298,0.302,0.292,0.202
shaanxi_guanzhong,2020-11-08,0.29,0.298,0.291,0.202
shaanxi_guanzhong,2020-11-09,0.282,0.293,0.289,0.202
shaanxi_guanzhong,2020-11-10,0.268,0.284,0.286,0.202
shaanxi_guanzhong,2020-11-11,0.256,0.275,0.282,0.202
shaanxi_guanzhong,2020-11-12,0.248,0.269,0.281,0.202
shaanxi_guanzhong,2020-11-13,0.242,0.265,0.28,0.202
shaanxi_guanzhong,2020-11-14,0.234,0.259,0.279,0.202
shaanxi_guanzhong,2020-11-15,0.228,0.255,0.277,0.202
shaanxi_guanzhong,2020-11-16,0.229,0.254,0.278,0.202
shaanxi_guanzhong,2020-11-17,0.303,0.259,0.279,0.202
shaanxi_guanzhong,2020-11-18,0.349,0.279,0.278,0.202
shaanxi_guanzhong,2020-11-19,0.319,0.284,0.279,0.202
shaanxi_guanzhong,2020-11-20,0.319,0.288,0.279,0.202
shaanxi_guanzhong,2020-11-21,0.373,0.306,0.281,0.202
shaanxi_guanzhong,2020-11-22,0.356,0.318,0.28,0.203
shaanxi_guanzhong,2020-11-23,0.349,0.325,0.282,0.203
shaanxi_guanzhong,2020-11-24,0.337,0.325,0.281,0.203
shaanxi_guanzhong,2020-11-25,0.333,0.324,0.281,0.203
shaanxi_guanzhong,2020-11-26,0.33,0.324,0.281,0.203
shaanxi_guanzhong,2020-11-27,0.329,0.324,0.282,0.203
shaanxi_guanzhong,2020-11-28,0.339,0.326,0.283,0.203
shaanxi_guanzhong,2020-11-29,0.336,0.328,0.283,0.203
shaanxi_guanzhong,2020-11-30,0.329,0.325,0.283,0.203
shaanxi_guanzhong,2020-12-01,0.329,0.325,0.283,0.203
shaanxi_guanzhong,2020-12-02,0.34,0.324,0.283,0.203
shaanxi_guanzhong,2020-12-03,0.343,0.328,0.285,0.203
shaanxi_guanzhong,2020-12-04,0.338,0.33,0.287,0.203
shaanxi_guanzhong,2020-12-05,0.334,0.33,0.288,0.203
shaanxi_guanzhong,2020-12-06,0.33,0.329,0.289,0.203
shaanxi_guanzhong,2020-12-07,0.331,0.328,0.29,0.203
shaanxi_guanzhong,2020-12-08,0.335,0.332,0.292,0.203
shaanxi_guanzhong,2020-12-09,0.33,0.33,0.292,0.203
shaanxi_guanzhong,2020-12-10,0.325,0.327,0.291,0.204
shaanxi_guanzhong,2020-12-11,0.318,0.323,0.291,0.204
shaanxi_guanzhong,2020-12-12,0.315,0.32,0.291,0.204
shaanxi_guanzhong,2020-12-13,0.309,0.316,0.29,0.204
shaanxi_guanzhong,2020-12-14,0.308,0.315,0.29,0.204
shaanxi_guanzhong,2020-12-15,0.309,0.314,0.291,0.204
shaanxi_guanzhong,2020-12-16,0.318,0.32,0.294,0.204
shaanxi_guanzhong,2020-12-17,0.318,0.321,0.295,0.204
shaanxi_guanzhong,2020-12-18,0.321,0.322,0.296,0.204
shaanxi_guanzhong,2020-12-19,0.323,0.324,0.297,0.204
shaanxi_guanzhong,2020-12-20,0.324,0.325,0.298,0.204
shaanxi_guanzhong,2020-12-21,0.325,0.326,0.3,0.205
shaanxi_guanzhong,2020-12-22,0.323,0.325,0.3,0.205
shaanxi_guanzhong,2020-12-23,0.321,0.324,0.3,0.205
shaanxi_guanzhong,2020-12-24,0.321,0.325,0.302,0.205
shaanxi_guanzhong,2020-12-25,0.325,0.327,0.304,0.205
shaanxi_guanzhong,2020-12-26,0.322,0.325,0.304,0.205
shaanxi_guanzhong,2020-12-27,0.321,0.325,0.304,0.205
shaanxi_guanzhong,2020-12-28,0.32,0.326,0.307,0.205
shaanxi_guanzhong,2020-12-29,0.316,0.324,0.307,0.205
shaanxi_guanzhong,2020-12-30,0.313,0.321,0.307,0.206
shaanxi_guanzhong,2020-12-31,0.312,0.32,0.306,0.206
shaanxi_guanzhong,2021-01-01,0.313,0.319,0.306,0.206
shaanxi_guanzhong,2021-01-02,0.313,0.318,0.306,0.206
shaanxi_guanzhong,2021-01-03,0.312,0.317,0.306,0.206
shaanxi_guanzhong,2021-01-04,0.31,0.316,0.306,0.206
shaanxi_guanzhong,2021-01-05,0.309,0.315,0.305,0.206
shaanxi_guanzhong,2021-01-06,0.304,0.312,0.304,0.206
shaanxi_guanzhong,2021-01-07,0.301,0.31,0.304,0.206
shaanxi_guanzhong,2021-01-08,0.302,0.309,0.304,0.207
shaanxi_guanzhong,2021-01-09,0.302,0.308,0.303,0.207
shaanxi_guanzhong,2021-01-10,0.302,0.308,0.303,0.207
shaanxi_guanzhong,2021-01-11,0.299,0.307,0.303,0.207
shaanxi_guanzhong,2021-01-12,0.297,0.306,0.303,0.207
shaanxi_guanzhong,2021-01-13,0.291,0.302,0.301,0.207
shaanxi_guanzhong,2021-01-14,0.284,0.296,0.298,0.207
shaanxi_guanzhong,2021-01-15,0.277,0.292,0.297,0.207
shaanxi_guanzhong,2021-01-16,0.272,0.288,0.295,0.207
shaanxi_guanzhong,2021-01-17,0.268,0.285,0.294,0.208
shaanxi_guanzhong,2021-01-18,0.267,0.283,0.293,0.208
shaanxi_guanzhong,2021-01-19,0.262,0.279,0.292,0.208
shaanxi_guanzhong,2021-01-20,0.255,0.273,0.29,0.208
shaanxi_guanzhong,2021-01-21,0.251,0.27,0.288,0.208
shaanxi_guanzhong,2021-01-22,0.242,0.264,0.286,0.208
shaanxi_guanzhong,2021-01-23,0.242,0.262,0.286,0.208
shaanxi_guanzhong,2021-01-24,0.24,0.259,0.285,0.208
shaanxi_guanzhong,2021-01-25,0.256,0.256,0.283,0.208
shaanxi_guanzhong,2021-01-26,0.256,0.257,0.284,0.208
shaanxi_guanzhong,2021-01-27,0.253,0.256,0.283,0.208
shaanxi_guanzhong,2021-01-28,0.247,0.253,0.281,0.208
shaanxi_guanzhong,2021-01-29,0.247,0.255,0.282,0.208
shaanxi_guanzhong,2021-01-30,0.247,0.255,0.281,0.208
shaanxi_guanzhong,2021-01-31,0.241,0.252,0.28,0.208
shaanxi_guanzhong,2021-02-01,0.235,0.249,0.278,0.208
shaanxi_guanzhong,2021-02-02,0.229,0.247,0.277,0.208
shaanxi_guanzhong,2021-02-03,0.223,0.242,0.274,0.208
shaanxi_guanzhong,2021-02-04,0.216,0.237,0.27,0.208
shaanxi_guanzhong,2021-02-05,0.212,0.235,0.27,0.208
shaanxi_guanzhong,2021-02-06,0.203,0.23,0.267,0.208
shaanxi_guanzhong,2021-02-07,0.189,0.221,0.262,0.208
shaanxi_guanzhong,2021-02-08,0.177,0.213,0.258,0.208
shaanxi_guanzhong,2021-02-09,0.168,0.207,0.255,0.208
shaanxi_guanzhong,2021-02-10,0.154,0.198,0.251,0.208
shaanxi_guanzhong,2021-02-11,0.146,0.191,0.248,0.208
shaanxi_guanzhong,2021-02-12,0.136,0.184,0.243,0.208
shaanxi_guanzhong,2021-02-13,0.136,0.178,0.239,0.208
shaanxi_guanzhong,2021-02-14,0.145,0.176,0.238,0.208
shaanxi_guanzhong,2021-02-15,0.153,0.18,0.239,0.208
shaanxi_guanzhong,2021-02-16,0.155,0.184,0.242,0.208
shaanxi_guanzhong,2021-02-17,0.151,0.192,0.248,0.208
shaanxi_guanzhong,2021-02-18,0.146,0.19,0.247,0.208
shaanxi_guanzhong,2021-02-19,0.139,0.182,0.244,0.208
shaanxi_guanzhong,2021-02-20,0.132,0.175,0.24,0.208
shaanxi_guanzhong,2021-02-21,0.122,0.167,0.236,0.208
shaanxi_guanzhong,2021-02-22,0.114,0.164,0.233,0.208
shaanxi_guanzhong,2021-02-23,0.108,0.159,0.229,0.208
shaanxi_guanzhong,2021-02-24,0.175,0.157,0.227,0.208
shaanxi_guanzhong,2021-02-25,0.284,0.161,0.227,0.208
shaanxi_guanzhong,2021-02-26,0.316,0.178,0.225,0.208
shaanxi_guanzhong,2021-02-27,0.296,0.189,0.226,0.208
shaanxi_guanzhong,2021-02-28,0.345,0.207,0.23,0.208
shaanxi_guanzhong,2021-03-01,0.319,0.224,0.232,0.208
shaanxi_guanzhong,2021-03-02,0.296,0.231,0.235,0.208
shaanxi_guanzhong,2021-03-03,0.274,0.231,0.234,0.208
shaanxi_guanzhong,2021-03-04,0.254,0.227,0.23,0.208
shaanxi_guanzhong,2021-03-05,0.241,0.225,0.226,0.208
shaanxi_guanzhong,2021-03-06,0.223,0.219,0.225,0.208
shaanxi_guanzhong,2021-03-07,0.22,0.219,0.226,0.208
shaanxi_guanzhong,2021-03-08,0.24,0.22,0.227,0.208
shaanxi_guanzhong,2021-03-09,0.244,0.221,0.228,0.208
shaanxi_guanzhong,2021-03-10,0.284,0.224,0.229,0.208
shaanxi_guanzhong,2021-03-11,0.277,0.225,0.229,0.208
shaanxi_guanzhong,2021-03-12,0.261,0.224,0.23,0.208
shaanxi_guanzhong,2021-03-13,0.244,0.22,0.227,0.208
shaanxi_guanzhong,2021-03-14,0.233,0.218,0.225,0.208
shaanxi_guanzhong,2021-03-15,0.229,0.218,0.226,0.208
shaanxi_guanzhong,2021-03-16,0.218,0.214,0.221,0.208
shaanxi_guanzhong,2021-03-17,0.208,0.21,0.217,0.208
shaanxi_guanzhong,2021-03-18,0.204,0.208,0.217,0.208
shaanxi_guanzhong,2021-03-19,0.238,0.206,0.216,0.208
shaanxi_guanzhong,2021-03-20,0.265,0.208,0.214,0.208
shaanxi_guanzhong,2021-03-21,0.252,0.21,0.215,0.208
shaanxi_guanzhong,2021-03-22,0.244,0.21,0.215,0.208
shaanxi_guanzhong,2021-03-23,0.226,0.204,0.209,0.208
shaanxi_guanzhong,2021-03-24,0.2,0.192,0.198,0.208
shaanxi_guanzhong,2021-03-25,0.182,0.185,0.186,0.208
shaanxi_guanzhong,2021-03-26,0.239,0.184,0.181,0.208
shaanxi_guanzhong,2021-03-27,0.247,0.191,0.187,0.208
shaanxi_guanzhong,2021-03-28,0.223,0.187,0.185,0.208
shaanxi_guanzhong,2021-03-29,0.203,0.179,0.177,0.208
shaanxi_guanzhong,2021-03-30,0.183,0.17,0.169,0.208
shaanxi_guanzhong,2021-03-31,0.18,0.166,0.165,0.208
shaanxi_guanzhong,2021-04-01,0.241,0.167,0.165,0.208
shaanxi_guanzhong,2021-04-02,0.313,0.173,0.166,0.208
shaanxi_guanzhong,2021-04-03,0.325,0.187,0.164,0.208
shaanxi_guanzhong,2021-04-04,0.311,0.199,0.162,0.208
shaanxi_guanzhong,2021-04-05,0.286,0.205,0.164,0.208
shaanxi_guanzhong,2021-04-06,0.262,0.205,0.164,0.208
shaanxi_guanzhong,2021-04-07,0.252,0.207,0.165,0.208
shaanxi_guanzhong,2021-04-08,0.237,0.205,0.164,0.208
shaanxi_guanzhong,2021-04-09,0.22,0.2,0.162,0.208
shaanxi_guanzhong,2021-04-10,0.212,0.196,0.159,0.208
shaanxi_guanzhong,2021-04-11,0.212,0.194,0.158,0.208
shaanxi_guanzhong,2021-04-12,0.205,0.192,0.158,0.208
shaanxi_guanzhong,2021-04-13,0.201,0.192,0.159,0.208
shaanxi_guanzhong,2021-04-14,0.21,0.189,0.158,0.208
shaanxi_guanzhong,2021-04-15,0.204,0.187,0.158,0.208
shaanxi_guanzhong,2021-04-16,0.196,0.185,0.159,0.208
shaanxi_guanzhong,2021-04-17,0.181,0.179,0.157,0.208
shaanxi_guanzhong,2021-04-18,0.167,0.171,0.153,0.208
shaanxi_guanzhong,2021-04-19,0.159,0.162,0.145,0.207
shaanxi_guanzhong,2021-04-20,0.217,0.158,0.144,0.207
shaanxi_guanzhong,2021-04-21,0.258,0.162,0.143,0.207
shaanxi_guanzhong,2021-04-22,0.248,0.166,0.144,0.207
shaanxi_guanzhong,2021-04-23,0.327,0.183,0.145,0.207
shaanxi_guanzhong,2021-04-24,0.377,0.266,0.146,0.207
shaanxi_guanzhong,2021-04-25,0.355,0.283,0.148,0.207
shaanxi_guanzhong,2021-04-26,0.349,0.297,0.149,0.207
shaanxi_guanzhong,2021-04-27,0.336,0.295,0.151,0.207
shaanxi_guanzhong,2021-04-28,0.3,0.287,0.153,0.207
shaanxi_guanzhong,2021-04-29,0.275,0.276,0.152,0.207
shaanxi_guanzhong,2021-04-30,0.235,0.256,0.143,0.207
shaanxi_guanzhong,2021-05-01,0.206,0.239,0.138,0.207
shaanxi_guanzhong,2021-05-02,0.23,0.224,0.134,0.207
shaanxi_guanzhong,2021-05-03,0.323,0.232,0.133,0.207
shaanxi_guanzhong,2021-05-04,0.283,0.231,0.132,0.207
shaanxi_guanzhong,2021-05-05,0.25,0.225,0.13,0.207
shaanxi_guanzhong,2021-05-06,0.217,0.216,0.128,0.207
shaanxi_guanzhong,2021-05-07,0.183,0.2,0.123,0.207
shaanxi_guanzhong,2021-05-08,0.166,0.19,0.12,0.207
shaanxi_guanzhong,2021-05-09,0.156,0.182,0.119,0.207
shaanxi_guanzhong,2021-05-10,0.155,0.179,0.121,0.207
shaanxi_guanzhong,2021-05-11,0.166,0.177,0.121,0.206
shaanxi_guanzhong,2021-05-12,0.164,0.17,0.125,0.206
shaanxi_guanzhong,2021-05-13,0.158,0.167,0.125,0.206
shaanxi_guanzhong,2021-05-14,0.205,0.172,0.128,0.206
shaanxi_guanzhong,2021-05-15,0.382,0.256,0.131,0.206
shaanxi_guanzhong,2021-05-16,0.338,0.266,0.131,0.206
shaanxi_guanzhong,2021-05-17,0.297,0.263,0.131,0.206
shaanxi_guanzhong,2021-05-18,0.27,0.255,0.136,0.206
shaanxi_guanzhong,2021-05-19,0.244,0.246,0.133,0.206
shaanxi_guanzhong,2021-05-20,0.231,0.24,0.133,0.206
shaanxi_guanzhong,2021-05-21,0.221,0.234,0.133,0.206
shaanxi_guanzhong,2021-05-22,0.221,0.23,0.135,0.206
shaanxi_guanzhong,2021-05-23,0.276,0.227,0.137,0.206
shaanxi_guanzhong,2021-05-24,0.245,0.221,0.134,0.206
shaanxi_guanzhong,2021-05-25,0.224,0.215,0.131,0.206
shaanxi_guanzhong,2021-05-26,0.216,0.214,0.138,0.206
shaanxi_guanzhong,2021-05-27,0.204,0.211,0.141,0.206
shaanxi_guanzhong,2021-05-28,0.193,0.206,0.143,0.206
shaanxi_guanzhong,2021-05-29,0.182,0.201,0.145,0.205
shaanxi_guanzhong,2021-05-30,0.172,0.194,0.144,0.205
shaanxi_guanzhong,2021-05-31,0.16,0.186,0.143,0.205
shaanxi_guanzhong,2021-06-01,0.157,0.182,0.144,0.205
shaanxi_guanzhong,2021-06-02,0.176,0.179,0.145,0.205
shaanxi_guanzhong,2021-06-03,0.188,0.176,0.153,0.205
shaanxi_guanzhong,2021-06-04,0.182,0.18,0.163,0.205
shaanxi_guanzhong,2021-06-05,0.167,0.173,0.161,0.205
shaanxi_guanzhong,2021-06-06,0.158,0.17,0.161,0.205
shaanxi_guanzhong,2021-06-07,0.153,0.168,0.16,0.205
shaanxi_guanzhong,2021-06-08,0.152,0.167,0.161,0.205
shaanxi_guanzhong,2021-06-09,0.15,0.161,0.161,0.204
shaanxi_guanzhong,2021-06-10,0.147,0.163,0.159,0.204
shaanxi_guanzhong,2021-06-11,0.144,0.162,0.16,0.204
shaanxi_guanzhong,2021-06-12,0.156,0.163,0.159,0.204
shaanxi_guanzhong,2021-06-13,0.179,0.161,0.16,0.204
shaanxi_guanzhong,2021-06-14,0.319,0.2,0.16,0.204
shaanxi_guanzhong,2021-06-15,0.362,0.302,0.163,0.204
shaanxi_guanzhong,2021-06-16,0.421,0.379,0.172,0.204
shaanxi_guanzhong,2021-06-17,0.419,0.408,0.192,0.204
shaanxi_guanzhong,2021-06-18,0.394,0.393,0.211,0.204
shaanxi_guanzhong,2021-06-19,0.364,0.369,0.216,0.204
shaanxi_guanzhong,2021-06-20,0.332,0.346,0.213,0.204
shaanxi_guanzhong,2021-06-21,0.299,0.323,0.208,0.204
shaanxi_guanzhong,2021-06-22,0.264,0.298,0.198,0.204
shaanxi_guanzhong,2021-06-23,0.233,0.275,0.184,0.204
shaanxi_guanzhong,2021-06-24,0.221,0.264,0.181,0.204
shaanxi_guanzhong,2021-06-25,0.224,0.258,0.184,0.204
shaanxi_guanzhong,2021-06-26,0.251,0.257,0.189,0.204
shaanxi_guanzhong,2021-06-27,0.251,0.25,0.188,0.204
shaanxi_guanzhong,2021-06-28,0.222,0.235,0.182,0.204
shaanxi_guanzhong,2021-06-29,0.198,0.222,0.177,0.204
shaanxi_guanzhong,2021-06-30,0.18,0.211,0.173,0.204
shaanxi_guanzhong,2021-07-01,0.171,0.203,0.172,0.204
shaanxi_guanzhong,2021-07-02,0.294,0.231,0.178,0.204
shaanxi_guanzhong,2021-07-03,0.322,0.226,0.18,0.204
shaanxi_guanzhong,2021-07-04,0.28,0.226,0.18,0.204
shaanxi_guanzhong,2021-07-05,0.243,0.219,0.175,0.203
shaanxi_guanzhong,2021-07-06,0.221,0.211,0.173,0.203
shaanxi_guanzhong,2021-07-07,0.212,0.205,0.174,0.203
shaanxi_guanzhong,2021-07-08,0.174,0.193,0.164,0.203
shaanxi_guanzhong,2021-07-09,0.165,0.187,0.165,0.203
shaanxi_guanzhong,2021-07-10,0.169,0.184,0.168,0.203
shaanxi_guanzhong,2021-07-11,0.196,0.186,0.174,0.203
shaanxi_guanzhong,2021-07-12,0.181,0.182,0.176,0.203
shaanxi_guanzhong,2021-07-13,0.166,0.174,0.169,0.203
shaanxi_guanzhong,2021-07-14,0.153,0.166,0.163,0.203
shaanxi_guanzhong,2021-07-15,0.167,0.161,0.159,0.203
shaanxi_guanzhong,2021-07-16,0.266,0.162,0.159,0.203
shaanxi_guanzhong,2021-07-17,0.238,0.164,0.16,0.203
shaanxi_guanzhong,2021-07-18,0.34,0.183,0.16,0.203
shaanxi_guanzhong,2021-07-19,0.365,0.236,0.16,0.202
shaanxi_guanzhong,2021-07-20,0.352,0.278,0.162,0.202
shaanxi_guanzhong,2021-07-21,0.316,0.28,0.163,0.202
shaanxi_guanzhong,2021-07-22,0.29,0.273,0.162,0.202
shaanxi_guanzhong,2021-07-23,0.27,0.265,0.161,0.202
shaanxi_guanzhong,2021-07-24,0.259,0.257,0.161,0.202
shaanxi_guanzhong,2021-07-25,0.242,0.249,0.162,0.202
shaanxi_guanzhong,2021-07-26,0.275,0.24,0.16,0.202
shaanxi_guanzhong,2021-07-27,0.253,0.238,0.162,0.202
shaanxi_guanzhong,2021-07-28,0.236,0.233,0.164,0.202
shaanxi_guanzhong,2021-07-29,0.213,0.224,0.167,0.202
shaanxi_guanzhong,2021-07-30,0.186,0.21,0.163,0.202
shaanxi_guanzhong,2021-07-31,0.164,0.195,0.157,0.202
shaanxi_guanzhong,2021-08-01,0.156,0.185,0.157,0.202
shaanxi_guanzhong,2021-08-02,0.15,0.177,0.156,0.202
shaanxi_guanzhong,2021-08-03,0.15,0.172,0.156,0.202
shaanxi_guanzhong,2021-08-04,0.161,0.167,0.155,0.201
shaanxi_guanzhong,2021-08-05,0.159,0.164,0.153,0.201
shaanxi_guanzhong,2021-08-06,0.161,0.168,0.164,0.201
shaanxi_guanzhong,2021-08-07,0.162,0.172,0.175,0.201
shaanxi_guanzhong,2021-08-08,0.237,0.178,0.179,0.201
shaanxi_guanzhong,2021-08-09,0.265,0.184,0.174,0.201
shaanxi_guanzhong,2021-08-10,0.236,0.184,0.174,0.201
shaanxi_guanzhong,2021-08-11,0.226,0.19,0.181,0.201
shaanxi_guanzhong,2021-08-12,0.285,0.194,0.183,0.201
shaanxi_guanzhong,2021-08-13,0.354,0.218,0.184,0.201
shaanxi_guanzhong,2021-08-14,0.306,0.231,0.183,0.201
shaanxi_guanzhong,2021-08-15,0.261,0.225,0.181,0.201
shaanxi_guanzhong,2021-08-16,0.234,0.218,0.179,0.201
shaanxi_guanzhong,2021-08-17,0.228,0.216,0.18,0.201
shaanxi_guanzhong,2021-08-18,0.212,0.21,0.18,0.201
shaanxi_guanzhong,2021-08-19,0.235,0.203,0.178,0.201
shaanxi_guanzhong,2021-08-20,0.329,0.217,0.179,0.201
shaanxi_guanzhong,2021-08-21,0.293,0.213,0.174,0.201
shaanxi_guanzhong,2021-08-22,0.406,0.352,0.181,0.201
shaanxi_guanzhong,2021-08-23,0.392,0.395,0.202,0.201
shaanxi_guanzhong,2021-08-24,0.356,0.366,0.206,0.201
shaanxi_guanzhong,2021-08-25,0.33,0.345,0.205,0.2
shaanxi_guanzhong,2021-08-26,0.317,0.331,0.207,0.2
shaanxi_guanzhong,2021-08-27,0.298,0.316,0.207,0.2
shaanxi_guanzhong,2021-08-28,0.274,0.298,0.203,0.2
shaanxi_guanzhong,2021-08-29,0.264,0.288,0.203,0.2
shaanxi_guanzhong,2021-08-30,0.278,0.283,0.203,0.2
shaanxi_guanzhong,2021-08-31,0.386,0.309,0.204,0.2
shaanxi_guanzhong,2021-09-01,0.408,0.38,0.208,0.2
shaanxi_guanzhong,2021-09-02,0.38,0.375,0.213,0.2
shaanxi_guanzhong,2021-09-03,0.396,0.377,0.217,0.2
shaanxi_guanzhong,2021-09-04,0.404,0.406,0.238,0.2
shaanxi_guanzhong,2021-09-05,0.417,0.407,0.251,0.2
shaanxi_guanzhong,2021-09-06,0.413,0.416,0.28,0.2
shaanxi_guanzhong,2021-09-07,0.382,0.39,0.288,0.2
shaanxi_guanzhong,2021-09-08,0.358,0.371,0.29,0.201
shaanxi_guanzhong,2021-09-09,0.334,0.352,0.29,0.201
shaanxi_guanzhong,2021-09-10,0.307,0.332,0.289,0.201
shaanxi_guanzhong,2021-09-11,0.289,0.317,0.287,0.201
shaanxi_guanzhong,2021-09-12,0.267,0.299,0.284,0.201
shaanxi_guanzhong,2021-09-13,0.236,0.277,0.28,0.201
shaanxi_guanzhong,2021-09-14,0.21,0.259,0.276,0.201
shaanxi_guanzhong,2021-09-15,0.218,0.247,0.273,0.201
shaanxi_guanzhong,2021-09-16,0.314,0.248,0.272,0.201
shaanxi_guanzhong,2021-09-17,0.401,0.283,0.27,0.201
shaanxi_guanzhong,2021-09-18,0.436,0.411,0.284,0.201
shaanxi_guanzhong,2021-09-19,0.416,0.417,0.312,0.201
shaanxi_guanzhong,2021-09-20,0.389,0.396,0.319,0.201
shaanxi_guanzhong,2021-09-21,0.37,0.382,0.32,0.201
shaanxi_guanzhong,2021-09-22,0.355,0.369,0.321,0.201
shaanxi_guanzhong,2021-09-23,0.376,0.365,0.321,0.202
shaanxi_guanzhong,2021-09-24,0.423,0.411,0.326,0.202
shaanxi_guanzhong,2021-09-25,0.434,0.432,0.367,0.202
shaanxi_guanzhong,2021-09-26,0.434,0.435,0.413,0.204
shaanxi_guanzhong,2021-09-27,0.433,0.436,0.432,0.213
shaanxi_guanzhong,2021-09-28,0.417,0.428,0.432,0.227
shaanxi_guanzhong,2021-09-29,0.393,0.407,0.422,0.234
shaanxi_guanzhong,2021-09-30,0.373,0.39,0.414,0.237
shaanxi_guanzhong,2021-10-01,0.358,0.374,0.408,0.24
shaanxi_guanzhong,2021-10-02,0.349,0.363,0.403,0.242
shaanxi_guanzhong,2021-10-03,0.379,0.361,0.397,0.244
shaanxi_guanzhong,2021-10-04,0.409,0.38,0.392,0.245
shaanxi_guanzhong,2021-10-05,0.431,0.429,0.398,0.246
shaanxi_guanzhong,2021-10-06,0.429,0.435,0.422,0.249
shaanxi_guanzhong,2021-10-07,0.406,0.417,0.423,0.255
shaanxi_guanzhong,2021-10-08,0.403,0.405,0.416,0.259
shaanxi_guanzhong,2021-10-09,0.418,0.409,0.411,0.261
shaanxi_guanzhong,2021-10-10,0.419,0.421,0.41,0.264
shaanxi_guanzhong,2021-10-11,0.414,0.421,0.413,0.266
shaanxi_guanzhong,2021-10-12,0.411,0.416,0.41,0.263
shaanxi_guanzhong,2021-10-13,0.389,0.399,0.4,0.238
shaanxi_guanzhong,2021-10-14,0.407,0.403,0.398,0.24
shaanxi_guanzhong,2021-10-15,0.389,0.392,0.396,0.241
shaanxi_guanzhong,2021-10-16,0.385,0.391,0.394,0.243
shaanxi_guanzhong,2021-10-17,0.375,0.386,0.391,0.244
shaanxi_guanzhong,2021-10-18,0.369,0.381,0.389,0.245
shaanxi_guanzhong,2021-10-19,0.371,0.373,0.387,0.246
shaanxi_guanzhong,2021-10-20,0.405,0.385,0.385,0.247
shaanxi_guanzhong,2021-10-21,0.383,0.389,0.387,0.248
shaanxi_guanzhong,2021-10-22,0.364,0.378,0.391,0.249
shaanxi_guanzhong,2021-10-23,0.353,0.368,0.394,0.25
shaanxi_guanzhong,2021-10-24,0.351,0.364,0.393,0.252
shaanxi_guanzhong,2021-10-25,0.349,0.36,0.392,0.253
shaanxi_guanzhong,2021-10-26,0.396,0.379,0.391,0.254
shaanxi_guanzhong,2021-10-27,0.375,0.385,0.394,0.255
shaanxi_guanzhong,2021-10-28,0.368,0.38,0.392,0.257
shaanxi_guanzhong,2021-10-29,0.364,0.375,0.39,0.258
shaanxi_guanzhong,2021-10-30,0.361,0.37,0.389,0.259
shaanxi_guanzhong,2021-10-31,0.388,0.37,0.388,0.26
shaanxi_guanzhong,2021-11-01,0.368,0.369,0.386,0.261
shaanxi_guanzhong,2021-11-02,0.358,0.366,0.384,0.261
shaanxi_guanzhong,2021-11-03,0.362,0.362,0.382,0.262
shaanxi_guanzhong,2021-11-04,0.354,0.36,0.38,0.263
shaanxi_guanzhong,2021-11-05,0.347,0.355,0.379,0.264
shaanxi_guanzhong,2021-11-06,0.355,0.353,0.378,0.264
shaanxi_guanzhong,2021-11-07,0.352,0.35,0.375,0.265
shaanxi_guanzhong,2021-11-08,0.35,0.352,0.373,0.266
shaanxi_guanzhong,2021-11-09,0.35,0.354,0.375,0.266
shaanxi_guanzhong,2021-11-10,0.348,0.354,0.376,0.267
shaanxi_guanzhong,2021-11-11,0.344,0.353,0.375,0.267
shaanxi_guanzhong,2021-11-12,0.338,0.349,0.372,0.268
shaanxi_guanzhong,2021-11-13,0.327,0.341,0.367,0.269
shaanxi_guanzhong,2021-11-14,0.316,0.333,0.362,0.269
shaanxi_guanzhong,2021-11-15,0.307,0.33,0.358,0.269
shaanxi_guanzhong,2021-11-16,0.306,0.328,0.357,0.27
shaanxi_guanzhong,2021-11-17,0.297,0.319,0.353,0.27
shaanxi_guanzhong,2021-11-18,0.294,0.315,0.351,0.27
shaanxi_guanzhong,2021-11-19,0.289,0.309,0.345,0.271
shaanxi_guanzhong,2021-11-20,0.287,0.304,0.344,0.271
shaanxi_guanzhong,2021-11-21,0.296,0.304,0.342,0.271
shaanxi_guanzhong,2021-11-22,0.283,0.305,0.345,0.271
shaanxi_guanzhong,2021-11-23,0.284,0.306,0.346,0.271
shaanxi_guanzhong,2021-11-24,0.282,0.302,0.343,0.272
shaanxi_guanzhong,2021-11-25,0.274,0.294,0.337,0.272
shaanxi_guanzhong,2021-11-26,0.271,0.29,0.334,0.272
shaanxi_guanzhong,2021-11-27,0.266,0.286,0.331,0.272
shaanxi_guanzhong,2021-11-28,0.264,0.284,0.33,0.272
shaanxi_guanzhong,2021-11-29,0.269,0.282,0.329,0.272
shaanxi_guanzhong,2021-11-30,0.27,0.282,0.328,0.272
shaanxi_guanzhong,2021-12-01,0.266,0.277,0.325,0.272
shaanxi_guanzhong,2021-12-02,0.259,0.273,0.324,0.273
shaanxi_guanzhong,2021-12-03,0.246,0.264,0.318,0.273
shaanxi_guanzhong,2021-12-04,0.241,0.26,0.315,0.273
shaanxi_guanzhong,2021-12-05,0.231,0.253,0.31,0.273
shaanxi_guanzhong,2021-12-06,0.226,0.249,0.307,0.273
shaanxi_guanzhong,2021-12-07,0.223,0.247,0.304,0.273
shaanxi_guanzhong,2021-12-08,0.22,0.243,0.301,0.273
shaanxi_guanzhong,2021-12-09,0.217,0.237,0.295,0.273
shaanxi_guanzhong,2021-12-10,0.241,0.237,0.294,0.273
shaanxi_guanzhong,2021-12-11,0.292,0.239,0.293,0.273
shaanxi_guanzhong,2021-12-12,0.287,0.242,0.292,0.273
shaanxi_guanzhong,2021-12-13,0.276,0.242,0.291,0.273
shaanxi_guanzhong,2021-12-14,0.268,0.243,0.291,0.273
shaanxi_guanzhong,2021-12-15,0.264,0.245,0.29,0.273
shaanxi_guanzhong,2021-12-16,0.263,0.248,0.292,0.273
shaanxi_guanzhong,2021-12-17,0.261,0.251,0.294,0.273
shaanxi_guanzhong,2021-12-18,0.256,0.251,0.294,0.273
shaanxi_guanzhong,2021-12-19,0.251,0.251,0.294,0.273
shaanxi_guanzhong,2021-12-20,0.247,0.251,0.294,0.273
shaanxi_guanzhong,2021-12-21,0.242,0.249,0.293,0.273
shaanxi_guanzhong,2021-12-22,0.233,0.245,0.29,0.273
shaanxi_guanzhong,2021-12-23,0.226,0.241,0.288,0.273
shaanxi_guanzhong,2021-12-24,0.227,0.242,0.288,0.273
shaanxi_guanzhong,2021-12-25,0.231,0.24,0.284,0.273
shaanxi_guanzhong,2021-12-26,0.233,0.24,0.284,0.273
shaanxi_guanzhong,2021-12-27,0.231,0.24,0.283,0.273
shaanxi_guanzhong,2021-12-28,0.235,0.243,0.287,0.273
shaanxi_guanzhong,2021-12-29,0.24,0.248,0.293,0.273
shaanxi_guanzhong,2021-12-30,0.242,0.251,0.294,0.273
shaanxi_guanzhong,2021-12-31,0.247,0.255,0.297,0.273
shaanxi_guanzhong,2022-01-01,0.247,0.256,0.298,0.273
shaanxi_guanzhong,2022-01-02,0.243,0.254,0.296,0.273
shaanxi_guanzhong,2022-01-03,0.241,0.252,0.295,0.273
shaanxi_guanzhong,2022-01-04,0.24,0.254,0.296,0.273
shaanxi_guanzhong,2022-01-05,0.239,0.254,0.296,0.273
shaanxi_guanzhong,2022-01-06,0.242,0.256,0.297,0.273
shaanxi_guanzhong,2022-01-07,0.245,0.257,0.297,0.273
shaanxi_guanzhong,2022-01-08,0.244,0.257,0.296,0.273
shaanxi_guanzhong,2022-01-09,0.246,0.258,0.297,0.273
shaanxi_guanzhong,2022-01-10,0.244,0.257,0.297,0.273
shaanxi_guanzhong,2022-01-11,0.241,0.255,0.295,0.273
shaanxi_guanzhong,2022-01-12,0.237,0.252,0.293,0.273
shaanxi_guanzhong,2022-01-13,0.234,0.251,0.293,0.273
shaanxi_guanzhong,2022-01-14,0.235,0.252,0.294,0.273
shaanxi_guanzhong,2022-01-15,0.233,0.25,0.293,0.273
shaanxi_guanzhong,2022-01-16,0.23,0.248,0.292,0.273
shaanxi_guanzhong,2022-01-17,0.231,0.25,0.293,0.273
shaanxi_guanzhong,2022-01-18,0.232,0.251,0.293,0.273
shaanxi_guanzhong,2022-01-19,0.227,0.247,0.291,0.273
shaanxi_guanzhong,2022-01-20,0.226,0.247,0.292,0.273
shaanxi_guanzhong,2022-01-21,0.224,0.245,0.29,0.273
shaanxi_guanzhong,2022-01-22,0.224,0.243,0.289,0.273
shaanxi_guanzhong,2022-01-23,0.227,0.246,0.292,0.273
shaanxi_guanzhong,2022-01-24,0.227,0.246,0.292,0.273
shaanxi_guanzhong,2022-01-25,0.231,0.247,0.294,0.273
shaanxi_guanzhong,2022-01-26,0.232,0.247,0.296,0.274
shaanxi_guanzhong,2022-01-27,0.239,0.246,0.295,0.274
shaanxi_guanzhong,2022-01-28,0.253,0.25,0.297,0.274
shaanxi_guanzhong,2022-01-29,0.264,0.251,0.296,0.274
shaanxi_guanzhong,2022-01-30,0.27,0.256,0.299,0.274
shaanxi_guanzhong,2022-01-31,0.275,0.26,0.299,0.274
shaanxi_guanzhong,2022-02-01,0.272,0.26,0.299,0.274
shaanxi_guanzhong,2022-02-02,0.272,0.262,0.299,0.274
shaanxi_guanzhong,2022-02-03,0.273,0.261,0.298,0.274
shaanxi_guanzhong,2022-02-04,0.272,0.262,0.299,0.274
shaanxi_guanzhong,2022-02-05,0.267,0.263,0.302,0.274
shaanxi_guanzhong,2022-02-06,0.265,0.265,0.302,0.274
shaanxi_guanzhong,2022-02-07,0.272,0.269,0.302,0.274
shaanxi_guanzhong,2022-02-08,0.274,0.271,0.303,0.274
shaanxi_guanzhong,2022-02-09,0.274,0.273,0.304,0.274
shaanxi_guanzhong,2022-02-10,0.273,0.274,0.304,0.274
shaanxi_guanzhong,2022-02-11,0.265,0.27,0.301,0.274
shaanxi_guanzhong,2022-02-12,0.269,0.276,0.306,0.274
shaanxi_guanzhong,2022-02-13,0.265,0.273,0.303,0.274
shaanxi_guanzhong,2022-02-14,0.254,0.266,0.298,0.274
shaanxi_guanzhong,2022-02-15,0.249,0.264,0.297,0.274
shaanxi_guanzhong,2022-02-16,0.247,0.262,0.296,0.274
shaanxi_guanzhong,2022-02-17,0.25,0.263,0.296,0.274
shaanxi_guanzhong,2022-02-18,0.254,0.265,0.297,0.274
shaanxi_guanzhong,2022-02-19,0.262,0.27,0.302,0.274
shaanxi_guanzhong,2022-02-20,0.264,0.273,0.304,0.274
shaanxi_guanzhong,2022-02-21,0.263,0.274,0.305,0.274
shaanxi_guanzhong,2022-02-22,0.26,0.272,0.302,0.274
shaanxi_guanzhong,2022-02-23,0.248,0.266,0.299,0.274
shaanxi_guanzhong,2022-02-24,0.247,0.265,0.299,0.274
shaanxi_guanzhong,2022-02-25,0.241,0.259,0.296,0.274
shaanxi_guanzhong,2022-02-26,0.229,0.252,0.292,0.274
shaanxi_guanzhong,2022-02-27,0.206,0.238,0.282,0.274
shaanxi_guanzhong,2022-02-28,0.204,0.237,0.281,0.274
shaanxi_guanzhong,2022-03-01,0.193,0.231,0.278,0.274
shaanxi_guanzhong,2022-03-02,0.175,0.219,0.27,0.274
shaanxi_guanzhong,2022-03-03,0.164,0.209,0.262,0.274
shaanxi_guanzhong,2022-03-04,0.157,0.204,0.259,0.274
shaanxi_guanzhong,2022-03-05,0.139,0.191,0.25,0.274
shaanxi_guanzhong,2022-03-06,0.141,0.188,0.248,0.274
shaanxi_guanzhong,2022-03-07,0.154,0.187,0.247,0.274
shaanxi_guanzhong,2022-03-08,0.148,0.178,0.242,0.274
shaanxi_guanzhong,2022-03-09,0.141,0.166,0.233,0.274
shaanxi_guanzhong,2022-03-10,0.129,0.155,0.226,0.274
shaanxi_guanzhong,2022-03-11,0.127,0.153,0.223,0.273
shaanxi_guanzhong,2022-03-12,0.202,0.153,0.222,0.273
shaanxi_guanzhong,2022-03-13,0.203,0.162,0.227,0.273
shaanxi_guanzhong,2022-03-14,0.204,0.165,0.225,0.273
shaanxi_guanzhong,2022-03-15,0.202,0.153,0.21,0.273
shaanxi_guanzhong,2022-03-16,0.342,0.165,0.201,0.273
shaanxi_guanzhong,2022-03-17,0.338,0.223,0.203,0.273
shaanxi_guanzhong,2022-03-18,0.31,0.234,0.204,0.273
shaanxi_guanzhong,2022-03-19,0.288,0.235,0.201,0.273
shaanxi_guanzhong,2022-03-20,0.286,0.238,0.202,0.273
shaanxi_guanzhong,2022-03-21,0.326,0.243,0.203,0.273
shaanxi_guanzhong,2022-03-22,0.324,0.253,0.204,0.273
shaanxi_guanzhong,2022-03-23,0.302,0.256,0.199,0.273
shaanxi_guanzhong,2022-03-24,0.294,0.254,0.196,0.273
shaanxi_guanzhong,2022-03-25,0.347,0.26,0.191,0.273
shaanxi_guanzhong,2022-03-26,0.329,0.278,0.195,0.272
shaanxi_guanzhong,2022-03-27,0.298,0.275,0.192,0.272
shaanxi_guanzhong,2022-03-28,0.272,0.267,0.183,0.272
shaanxi_guanzhong,2022-03-29,0.246,0.256,0.174,0.272
shaanxi_guanzhong,2022-03-30,0.241,0.251,0.173,0.272
shaanxi_guanzhong,2022-03-31,0.239,0.25,0.182,0.272
shaanxi_guanzhong,2022-04-01,0.23,0.245,0.184,0.272
shaanxi_guanzhong,2022-04-02,0.216,0.238,0.183,0.272
shaanxi_guanzhong,2022-04-03,0.197,0.226,0.178,0.272
shaanxi_guanzhong,2022-04-04,0.18,0.215,0.17,0.272
shaanxi_guanzhong,2022-04-05,0.172,0.209,0.167,0.272
shaanxi_guanzhong,2022-04-06,0.16,0.199,0.162,0.271
shaanxi_guanzhong,2022-04-07,0.152,0.191,0.158,0.271
shaanxi_guanzhong,2022-04-08,0.148,0.185,0.158,0.271
shaanxi_guanzhong,2022-04-09,0.147,0.18,0.159,0.271
shaanxi_guanzhong,2022-04-10,0.149,0.178,0.161,0.27
shaanxi_guanzhong,2022-04-11,0.18,0.174,0.161,0.27
shaanxi_guanzhong,2022-04-12,0.295,0.175,0.158,0.27
shaanxi_guanzhong,2022-04-13,0.264,0.178,0.157,0.27
shaanxi_guanzhong,2022-04-14,0.283,0.184,0.161,0.27
shaanxi_guanzhong,2022-04-15,0.287,0.194,0.166,0.27
shaanxi_guanzhong,2022-04-16,0.287,0.202,0.171,0.27
shaanxi_guanzhong,2022-04-17,0.27,0.208,0.174,0.27
shaanxi_guanzhong,2022-04-18,0.257,0.213,0.175,0.27
shaanxi_guanzhong,2022-04-19,0.239,0.212,0.172,0.27
shaanxi_guanzhong,2022-04-20,0.209,0.201,0.165,0.269
shaanxi_guanzhong,2022-04-21,0.191,0.193,0.164,0.269
shaanxi_guanzhong,2022-04-22,0.175,0.187,0.159,0.269
shaanxi_guanzhong,2022-04-23,0.162,0.183,0.162,0.269
shaanxi_guanzhong,2022-04-24,0.29,0.19,0.16,0.269
shaanxi_guanzhong,2022-04-25,0.317,0.224,0.157,0.269
shaanxi_guanzhong,2022-04-26,0.275,0.22,0.153,0.269
shaanxi_guanzhong,2022-04-27,0.297,0.219,0.149,0.269
shaanxi_guanzhong,2022-04-28,0.369,0.258,0.151,0.268
shaanxi_guanzhong,2022-04-29,0.317,0.268,0.151,0.268
shaanxi_guanzhong,2022-04-30,0.33,0.272,0.154,0.268
shaanxi_guanzhong,2022-05-01,0.313,0.275,0.161,0.268
shaanxi_guanzhong,2022-05-02,0.283,0.268,0.16,0.268
shaanxi_guanzhong,2022-05-03,0.25,0.255,0.149,0.268
shaanxi_guanzhong,2022-05-04,0.219,0.24,0.14,0.268
shaanxi_guanzhong,2022-05-05,0.194,0.226,0.133,0.268
shaanxi_guanzhong,2022-05-06,0.179,0.215,0.131,0.267
shaanxi_guanzhong,2022-05-07,0.171,0.207,0.132,0.267
shaanxi_guanzhong,2022-05-08,0.176,0.205,0.137,0.267
shaanxi_guanzhong,2022-05-09,0.334,0.214,0.144,0.267
shaanxi_guanzhong,2022-05-10,0.297,0.222,0.146,0.267
shaanxi_guanzhong,2022-05-11,0.269,0.221,0.146,0.267
shaanxi_guanzhong,2022-05-12,0.258,0.219,0.148,0.266
shaanxi_guanzhong,2022-05-13,0.335,0.231,0.157,0.266
shaanxi_guanzhong,2022-05-14,0.38,0.273,0.166,0.266
shaanxi_guanzhong,2022-05-15,0.337,0.292,0.17,0.266
shaanxi_guanzhong,2022-05-16,0.3,0.285,0.171,0.266
shaanxi_guanzhong,2022-05-17,0.261,0.27,0.173,0.266
shaanxi_guanzhong,2022-05-18,0.235,0.257,0.172,0.266
shaanxi_guanzhong,2022-05-19,0.218,0.248,0.17,0.266
shaanxi_guanzhong,2022-05-20,0.201,0.237,0.169,0.266
shaanxi_guanzhong,2022-05-21,0.189,0.228,0.168,0.266
shaanxi_guanzhong,2022-05-22,0.179,0.22,0.17,0.265
shaanxi_guanzhong,2022-05-23,0.163,0.207,0.165,0.265
shaanxi_guanzhong,2022-05-24,0.155,0.199,0.168,0.265
shaanxi_guanzhong,2022-05-25,0.213,0.199,0.17,0.265
shaanxi_guanzhong,2022-05-26,0.29,0.209,0.171,0.265
shaanxi_guanzhong,2022-05-27,0.27,0.218,0.176,0.265
shaanxi_guanzhong,2022-05-28,0.252,0.22,0.178,0.265
shaanxi_guanzhong,2022-05-29,0.228,0.214,0.176,0.264
shaanxi_guanzhong,2022-05-30,0.212,0.213,0.186,0.264
shaanxi_guanzhong,2022-05-31,0.2,0.206,0.195,0.264
shaanxi_guanzhong,2022-06-01,0.213,0.206,0.195,0.264
shaanxi_guanzhong,2022-06-02,0.193,0.197,0.192,0.264
shaanxi_guanzhong,2022-06-03,0.182,0.191,0.191,0.264
shaanxi_guanzhong,2022-06-04,0.289,0.205,0.194,0.264
shaanxi_guanzhong,2022-06-05,0.302,0.221,0.212,0.264
shaanxi_guanzhong,2022-06-06,0.267,0.227,0.217,0.264
shaanxi_guanzhong,2022-06-07,0.242,0.224,0.217,0.263
shaanxi_guanzhong,2022-06-08,0.22,0.215,0.211,0.263
shaanxi_guanzhong,2022-06-09,0.212,0.208,0.208,0.263
shaanxi_guanzhong,2022-06-10,0.199,0.209,0.208,0.263
shaanxi_guanzhong,2022-06-11,0.19,0.207,0.205,0.263
shaanxi_guanzhong,2022-06-12,0.327,0.206,0.205,0.263
shaanxi_guanzhong,2022-06-13,0.277,0.203,0.202,0.263
shaanxi_guanzhong,2022-06-14,0.239,0.198,0.202,0.263
shaanxi_guanzhong,2022-06-15,0.207,0.185,0.2,0.262
shaanxi_guanzhong,2022-06-16,0.186,0.181,0.197,0.262
shaanxi_guanzhong,2022-06-17,0.172,0.177,0.196,0.262
shaanxi_guanzhong,2022-06-18,0.163,0.174,0.195,0.262
shaanxi_guanzhong,2022-06-19,0.156,0.17,0.194,0.262
shaanxi_guanzhong,2022-06-20,0.153,0.168,0.195,0.261
shaanxi_guanzhong,2022-06-21,0.149,0.166,0.194,0.261
shaanxi_guanzhong,2022-06-22,0.17,0.165,0.193,0.261
shaanxi_guanzhong,2022-06-23,0.19,0.167,0.191,0.261
shaanxi_guanzhong,2022-06-24,0.172,0.16,0.187,0.261
shaanxi_guanzhong,2022-06-25,0.16,0.159,0.186,0.26
shaanxi_guanzhong,2022-06-26,0.183,0.156,0.187,0.26
shaanxi_guanzhong,2022-06-27,0.256,0.163,0.184,0.26
shaanxi_guanzhong,2022-06-28,0.223,0.166,0.182,0.26
shaanxi_guanzhong,2022-06-29,0.194,0.163,0.183,0.26
shaanxi_guanzhong,2022-06-30,0.173,0.158,0.183,0.26
shaanxi_guanzhong,2022-07-01,0.162,0.159,0.18,0.259
shaanxi_guanzhong,2022-07-02,0.156,0.157,0.18,0.259
shaanxi_guanzhong,2022-07-03,0.152,0.155,0.182,0.259
shaanxi_guanzhong,2022-07-04,0.148,0.155,0.179,0.259
shaanxi_guanzhong,2022-07-05,0.187,0.154,0.179,0.258
shaanxi_guanzhong,2022-07-06,0.18,0.155,0.178,0.258
shaanxi_guanzhong,2022-07-07,0.165,0.154,0.176,0.258
shaanxi_guanzhong,2022-07-08,0.153,0.153,0.175,0.258
shaanxi_guanzhong,2022-07-09,0.148,0.152,0.174,0.257
shaanxi_guanzhong,2022-07-10,0.149,0.152,0.173,0.257
shaanxi_guanzhong,2022-07-11,0.169,0.151,0.171,0.257
shaanxi_guanzhong,2022-07-12,0.307,0.155,0.165,0.257
shaanxi_guanzhong,2022-07-13,0.347,0.186,0.164,0.257
shaanxi_guanzhong,2022-07-14,0.303,0.194,0.162,0.257
shaanxi_guanzhong,2022-07-15,0.341,0.21,0.162,0.256
shaanxi_guanzhong,2022-07-16,0.407,0.364,0.172,0.256
shaanxi_guanzhong,2022-07-17,0.364,0.362,0.191,0.256
shaanxi_guanzhong,2022-07-18,0.333,0.341,0.195,0.256
shaanxi_guanzhong,2022-07-19,0.413,0.375,0.199,0.256
shaanxi_guanzhong,2022-07-20,0.381,0.383,0.204,0.256
shaanxi_guanzhong,2022-07-21,0.349,0.359,0.209,0.256
shaanxi_guanzhong,2022-07-22,0.409,0.377,0.211,0.256
shaanxi_guanzhong,2022-07-23,0.375,0.376,0.218,0.256
shaanxi_guanzhong,2022-07-24,0.341,0.353,0.221,0.256
shaanxi_guanzhong,2022-07-25,0.304,0.327,0.213,0.256
shaanxi_guanzhong,2022-07-26,0.289,0.307,0.207,0.256
shaanxi_guanzhong,2022-07-27,0.371,0.312,0.199,0.256
shaanxi_guanzhong,2022-07-28,0.328,0.299,0.189,0.256
shaanxi_guanzhong,2022-07-29,0.283,0.282,0.178,0.255
shaanxi_guanzhong,2022-07-30,0.249,0.264,0.17,0.255
shaanxi_guanzhong,2022-07-31,0.221,0.248,0.164,0.255
shaanxi_guanzhong,2022-08-01,0.198,0.234,0.16,0.255
shaanxi_guanzhong,2022-08-02,0.178,0.219,0.155,0.255
shaanxi_guanzhong,2022-08-03,0.166,0.208,0.154,0.255
shaanxi_guanzhong,2022-08-04,0.164,0.198,0.153,0.254
shaanxi_guanzhong,2022-08-05,0.157,0.191,0.155,0.254
shaanxi_guanzhong,2022-08-06,0.155,0.185,0.157,0.254
shaanxi_guanzhong,2022-08-07,0.151,0.178,0.157,0.254
shaanxi_guanzhong,2022-08-08,0.146,0.171,0.156,0.253
shaanxi_guanzhong,2022-08-09,0.157,0.17,0.158,0.253
shaanxi_guanzhong,2022-08-10,0.156,0.176,0.165,0.253
shaanxi_guanzhong,2022-08-11,0.159,0.184,0.173,0.253
shaanxi_guanzhong,2022-08-12,0.154,0.179,0.173,0.253
shaanxi_guanzhong,2022-08-13,0.152,0.175,0.173,0.252
shaanxi_guanzhong,2022-08-14,0.15,0.169,0.171,0.252
shaanxi_guanzhong,2022-08-15,0.156,0.168,0.171,0.252
shaanxi_guanzhong,2022-08-16,0.149,0.162,0.169,0.252
shaanxi_guanzhong,2022-08-17,0.145,0.161,0.169,0.251
shaanxi_guanzhong,2022-08-18,0.162,0.159,0.168,0.251
shaanxi_guanzhong,2022-08-19,0.258,0.16,0.168,0.251
shaanxi_guanzhong,2022-08-20,0.242,0.164,0.167,0.251
shaanxi_guanzhong,2022-08-21,0.212,0.163,0.167,0.251
shaanxi_guanzhong,2022-08-22,0.193,0.162,0.166,0.25
shaanxi_guanzhong,2022-08-23,0.181,0.159,0.165,0.25
shaanxi_guanzhong,2022-08-24,0.172,0.158,0.166,0.25
shaanxi_guanzhong,2022-08-25,0.297,0.167,0.167,0.25
shaanxi_guanzhong,2022-08-26,0.328,0.188,0.169,0.25
shaanxi_guanzhong,2022-08-27,0.374,0.229,0.17,0.25
shaanxi_guanzhong,2022-08-28,0.421,0.319,0.171,0.25
shaanxi_guanzhong,2022-08-29,0.425,0.409,0.183,0.25
shaanxi_guanzhong,2022-08-30,0.401,0.398,0.207,0.25
shaanxi_guanzhong,2022-08-31,0.374,0.376,0.214,0.25
shaanxi_guanzhong,2022-09-01,0.348,0.356,0.217,0.25
shaanxi_guanzhong,2022-09-02,0.318,0.335,0.213,0.25
shaanxi_guanzhong,2022-09-03,0.333,0.321,0.21,0.25
shaanxi_guanzhong,2022-09-04,0.349,0.324,0.211,0.25
shaanxi_guanzhong,2022-09-05,0.32,0.316,0.213,0.25
shaanxi_guanzhong,2022-09-06,0.286,0.298,0.209,0.25
shaanxi_guanzhong,2022-09-07,0.258,0.281,0.205,0.249
shaanxi_guanzhong,2022-09-08,0.252,0.267,0.202,0.249
shaanxi_guanzhong,2022-09-09,0.266,0.264,0.203,0.249
shaanxi_guanzhong,2022-09-10,0.249,0.253,0.2,0.249
shaanxi_guanzhong,2022-09-11,0.236,0.246,0.198,0.249
shaanxi_guanzhong,2022-09-12,0.225,0.234,0.192,0.249
shaanxi_guanzhong,2022-09-13,0.201,0.22,0.186,0.249
shaanxi_guanzhong,2022-09-14,0.204,0.216,0.185,0.249
shaanxi_guanzhong,2022-09-15,0.202,0.214,0.186,0.249
shaanxi_guanzhong,2022-09-16,0.198,0.212,0.187,0.249
shaanxi_guanzhong,2022-09-17,0.207,0.209,0.188,0.249
shaanxi_guanzhong,2022-09-18,0.229,0.211,0.189,0.249
shaanxi_guanzhong,2022-09-19,0.387,0.241,0.194,0.249
shaanxi_guanzhong,2022-09-20,0.402,0.313,0.196,0.249
shaanxi_guanzhong,2022-09-21,0.353,0.32,0.2,0.249
shaanxi_guanzhong,2022-09-22,0.33,0.316,0.204,0.249
shaanxi_guanzhong,2022-09-23,0.313,0.31,0.205,0.249
shaanxi_guanzhong,2022-09-24,0.311,0.309,0.208,0.249
shaanxi_guanzhong,2022-09-25,0.302,0.303,0.209,0.249
shaanxi_guanzhong,2022-09-26,0.286,0.295,0.209,0.248
shaanxi_guanzhong,2022-09-27,0.275,0.287,0.208,0.248
shaanxi_guanzhong,2022-09-28,0.259,0.278,0.206,0.248
shaanxi_guanzhong,2022-09-29,0.246,0.269,0.205,0.248
shaanxi_guanzhong,2022-09-30,0.23,0.258,0.201,0.248
shaanxi_guanzhong,2022-10-01,0.349,0.273,0.201,0.248
shaanxi_guanzhong,2022-10-02,0.367,0.313,0.201,0.248
shaanxi_guanzhong,2022-10-03,0.407,0.38,0.208,0.248
shaanxi_guanzhong,2022-10-04,0.428,0.42,0.231,0.248
shaanxi_guanzhong,2022-10-05,0.42,0.412,0.247,0.248
shaanxi_guanzhong,2022-10-06,0.406,0.4,0.261,0.248
shaanxi_guanzhong,2022-10-07,0.39,0.389,0.266,0.248
shaanxi_guanzhong,2022-10-08,0.38,0.377,0.27,0.248
shaanxi_guanzhong,2022-10-09,0.366,0.366,0.272,0.248
shaanxi_guanzhong,2022-10-10,0.359,0.362,0.275,0.248
shaanxi_guanzhong,2022-10-11,0.357,0.36,0.278,0.248
shaanxi_guanzhong,2022-10-12,0.343,0.35,0.279,0.248
shaanxi_guanzhong,2022-10-13,0.341,0.342,0.278,0.248
shaanxi_guanzhong,2022-10-14,0.34,0.339,0.279,0.248
shaanxi_guanzhong,2022-10-15,0.339,0.342,0.282,0.248
shaanxi_guanzhong,2022-10-16,0.334,0.342,0.285,0.248
shaanxi_guanzhong,2022-10-17,0.327,0.336,0.286,0.248
shaanxi_guanzhong,2022-10-18,0.315,0.328,0.284,0.248
shaanxi_guanzhong,2022-10-19,0.306,0.32,0.27,0.249
shaanxi_guanzhong,2022-10-20,0.295,0.311,0.27,0.249
shaanxi_guanzhong,2022-10-21,0.285,0.302,0.269,0.249
shaanxi_guanzhong,2022-10-22,0.279,0.297,0.268,0.248
shaanxi_guanzhong,2022-10-23,0.277,0.294,0.268,0.248
shaanxi_guanzhong,2022-10-24,0.277,0.29,0.268,0.248
shaanxi_guanzhong,2022-10-25,0.281,0.289,0.268,0.248
shaanxi_guanzhong,2022-10-26,0.344,0.289,0.267,0.248
shaanxi_guanzhong,2022-10-27,0.328,0.298,0.269,0.248
shaanxi_guanzhong,2022-10-28,0.332,0.305,0.27,0.248
shaanxi_guanzhong,2022-10-29,0.335,0.308,0.271,0.248
shaanxi_guanzhong,2022-10-30,0.35,0.314,0.271,0.248
shaanxi_guanzhong,2022-10-31,0.331,0.315,0.272,0.248
shaanxi_guanzhong,2022-11-01,0.313,0.309,0.271,0.248
shaanxi_guanzhong,2022-11-02,0.304,0.305,0.271,0.248
shaanxi_guanzhong,2022-11-03,0.3,0.304,0.271,0.248
shaanxi_guanzhong,2022-11-04,0.294,0.3,0.271,0.248
shaanxi_guanzhong,2022-11-05,0.287,0.296,0.271,0.248
shaanxi_guanzhong,2022-11-06,0.282,0.293,0.27,0.248
shaanxi_guanzhong,2022-11-07,0.3,0.292,0.27,0.248
shaanxi_guanzhong,2022-11-08,0.303,0.293,0.27,0.248
shaanxi_guanzhong,2022-11-09,0.3,0.294,0.271,0.248
shaanxi_guanzhong,2022-11-10,0.3,0.296,0.271,0.248
shaanxi_guanzhong,2022-11-11,0.374,0.317,0.274,0.248
shaanxi_guanzhong,2022-11-12,0.393,0.378,0.277,0.248
shaanxi_guanzhong,2022-11-13,0.374,0.374,0.279,0.248
shaanxi_guanzhong,2022-11-14,0.364,0.366,0.282,0.248
shaanxi_guanzhong,2022-11-15,0.355,0.359,0.284,0.249
shaanxi_guanzhong,2022-11-16,0.352,0.354,0.286,0.249
shaanxi_guanzhong,2022-11-17,0.347,0.348,0.287,0.249
shaanxi_guanzhong,2022-11-18,0.34,0.343,0.287,0.249
shaanxi_guanzhong,2022-11-19,0.338,0.341,0.288,0.249
shaanxi_guanzhong,2022-11-20,0.334,0.337,0.289,0.249
shaanxi_guanzhong,2022-11-21,0.367,0.338,0.289,0.249
shaanxi_guanzhong,2022-11-22,0.37,0.348,0.291,0.249
shaanxi_guanzhong,2022-11-23,0.368,0.35,0.292,0.249
shaanxi_guanzhong,2022-11-24,0.355,0.349,0.293,0.249
shaanxi_guanzhong,2022-11-25,0.347,0.346,0.294,0.249
shaanxi_guanzhong,2022-11-26,0.342,0.343,0.295,0.249
shaanxi_guanzhong,2022-11-27,0.338,0.341,0.297,0.249
shaanxi_guanzhong,2022-11-28,0.338,0.339,0.298,0.249
shaanxi_guanzhong,2022-11-29,0.332,0.335,0.295,0.249
shaanxi_guanzhong,2022-11-30,0.325,0.33,0.291,0.249
shaanxi_guanzhong,2022-12-01,0.323,0.328,0.291,0.249
shaanxi_guanzhong,2022-12-02,0.325,0.329,0.293,0.249
shaanxi_guanzhong,2022-12-03,0.323,0.327,0.294,0.249
shaanxi_guanzhong,2022-12-04,0.318,0.324,0.294,0.249
shaanxi_guanzhong,2022-12-05,0.314,0.321,0.293,0.249
shaanxi_guanzhong,2022-12-06,0.312,0.319,0.294,0.249
shaanxi_guanzhong,2022-12-07,0.31,0.317,0.294,0.249
shaanxi_guanzhong,2022-12-08,0.305,0.313,0.293,0.249
shaanxi_guanzhong,2022-12-09,0.3,0.309,0.292,0.249
shaanxi_guanzhong,2022-12-10,0.294,0.304,0.292,0.249
shaanxi_guanzhong,2022-12-11,0.289,0.301,0.292,0.249
shaanxi_guanzhong,2022-12-12,0.288,0.3,0.292,0.249
shaanxi_guanzhong,2022-12-13,0.287,0.299,0.292,0.249
shaanxi_guanzhong,2022-12-14,0.286,0.297,0.292,0.249
shaanxi_guanzhong,2022-12-15,0.281,0.293,0.291,0.249
shaanxi_guanzhong,2022-12-16,0.279,0.291,0.291,0.249
shaanxi_guanzhong,2022-12-17,0.277,0.29,0.291,0.249
shaanxi_guanzhong,2022-12-18,0.277,0.288,0.29,0.249
shaanxi_guanzhong,2022-12-19,0.278,0.288,0.29,0.249
shaanxi_guanzhong,2022-12-20,0.274,0.285,0.289,0.249
shaanxi_guanzhong,2022-12-21,0.265,0.279,0.287,0.25
shaanxi_guanzhong,2022-12-22,0.256,0.273,0.285,0.25
shaanxi_guanzhong,2022-12-23,0.257,0.272,0.285,0.25
shaanxi_guanzhong,2022-12-24,0.254,0.27,0.283,0.25
shaanxi_guanzhong,2022-12-25,0.244,0.264,0.282,0.25
shaanxi_guanzhong,2022-12-26,0.246,0.264,0.283,0.25
shaanxi_guanzhong,2022-12-27,0.253,0.268,0.285,0.25
shaanxi_guanzhong,2022-12-28,0.255,0.27,0.285,0.25
shaanxi_guanzhong,2022-12-29,0.259,0.272,0.286,0.25
shaanxi_guanzhong,2022-12-30,0.258,0.271,0.286,0.25
shaanxi_guanzhong,2022-12-31,0.259,0.271,0.286,0.25
shaanxi_guanzhong,2023-01-01,0.259,0.27,0.286,0.25
shaanxi_guanzhong,2023-01-02,0.258,0.269,0.286,0.25
shaanxi_guanzhong,2023-01-03,0.258,0.269,0.286,0.25
shaanxi_guanzhong,2023-01-04,0.26,0.27,0.286,0.25
shaanxi_guanzhong,2023-01-05,0.259,0.269,0.286,0.25
shaanxi_guanzhong,2023-01-06,0.256,0.267,0.285,0.25
shaanxi_guanzhong,2023-01-07,0.25,0.264,0.284,0.25
shaanxi_guanzhong,2023-01-08,0.243,0.259,0.282,0.25
shaanxi_guanzhong,2023-01-09,0.236,0.254,0.279,0.25
shaanxi_guanzhong,2023-01-10,0.232,0.251,0.278,0.25
shaanxi_guanzhong,2023-01-11,0.222,0.244,0.275,0.25
shaanxi_guanzhong,2023-01-12,0.214,0.238,0.271,0.25
shaanxi_guanzhong,2023-01-13,0.208,0.232,0.268,0.25
shaanxi_guanzhong,2023-01-14,0.212,0.235,0.27,0.25
shaanxi_guanzhong,2023-01-15,0.214,0.236,0.27,0.25
shaanxi_guanzhong,2023-01-16,0.215,0.236,0.27,0.25
shaanxi_guanzhong,2023-01-17,0.215,0.236,0.269,0.25
shaanxi_guanzhong,2023-01-18,0.216,0.235,0.27,0.25
shaanxi_guanzhong,2023-01-19,0.22,0.239,0.272,0.25
shaanxi_guanzhong,2023-01-20,0.221,0.24,0.273,0.25
shaanxi_guanzhong,2023-01-21,0.222,0.24,0.273,0.25
shaanxi_guanzhong,2023-01-22,0.223,0.24,0.273,0.25
shaanxi_guanzhong,2023-01-23,0.22,0.239,0.272,0.25
shaanxi_guanzhong,2023-01-24,0.218,0.238,0.271,0.25
shaanxi_guanzhong,2023-01-25,0.218,0.238,0.271,0.25
shaanxi_guanzhong,2023-01-26,0.218,0.237,0.271,0.25
shaanxi_guanzhong,2023-01-27,0.217,0.237,0.271,0.25
shaanxi_guanzhong,2023-01-28,0.215,0.235,0.27,0.25
shaanxi_guanzhong,2023-01-29,0.217,0.236,0.271,0.25
shaanxi_guanzhong,2023-01-30,0.217,0.236,0.271,0.25
shaanxi_guanzhong,2023-01-31,0.214,0.234,0.27,0.25
shaanxi_guanzhong,2023-02-01,0.208,0.231,0.269,0.25
shaanxi_guanzhong,2023-02-02,0.198,0.225,0.266,0.25
shaanxi_guanzhong,2023-02-03,0.182,0.214,0.261,0.25
shaanxi_guanzhong,2023-02-04,0.168,0.204,0.256,0.25
shaanxi_guanzhong,2023-02-05,0.166,0.202,0.255,0.25
shaanxi_guanzhong,2023-02-06,0.16,0.198,0.252,0.25
shaanxi_guanzhong,2023-02-07,0.146,0.187,0.246,0.25
shaanxi_guanzhong,2023-02-08,0.146,0.177,0.239,0.25
shaanxi_guanzhong,2023-02-09,0.167,0.177,0.24,0.25
shaanxi_guanzhong,2023-02-10,0.175,0.184,0.243,0.25
shaanxi_guanzhong,2023-02-11,0.181,0.188,0.245,0.25
shaanxi_guanzhong,2023-02-12,0.207,0.189,0.245,0.25
shaanxi_guanzhong,2023-02-13,0.293,0.192,0.245,0.25
shaanxi_guanzhong,2023-02-14,0.313,0.202,0.244,0.25
shaanxi_guanzhong,2023-02-15,0.296,0.211,0.245,0.25
shaanxi_guanzhong,2023-02-16,0.285,0.217,0.245,0.25
shaanxi_guanzhong,2023-02-17,0.276,0.219,0.243,0.25
shaanxi_guanzhong,2023-02-18,0.265,0.221,0.242,0.25
shaanxi_guanzhong,2023-02-19,0.253,0.221,0.242,0.25
shaanxi_guanzhong,2023-02-20,0.24,0.218,0.241,0.25
shaanxi_guanzhong,2023-02-21,0.234,0.217,0.24,0.25
shaanxi_guanzhong,2023-02-22,0.261,0.218,0.24,0.25
shaanxi_guanzhong,2023-02-23,0.261,0.221,0.239,0.25
shaanxi_guanzhong,2023-02-24,0.249,0.22,0.239,0.25
shaanxi_guanzhong,2023-02-25,0.238,0.217,0.238,0.25
shaanxi_guanzhong,2023-02-26,0.233,0.217,0.239,0.25
shaanxi_guanzhong,2023-02-27,0.22,0.213,0.238,0.25
shaanxi_guanzhong,2023-02-28,0.208,0.209,0.236,0.25
shaanxi_guanzhong,2023-03-01,0.184,0.199,0.23,0.25
shaanxi_guanzhong,2023-03-02,0.171,0.191,0.225,0.25
shaanxi_guanzhong,2023-03-03,0.157,0.182,0.219,0.25
shaanxi_guanzhong,2023-03-04,0.145,0.176,0.215,0.25
shaanxi_guanzhong,2023-03-05,0.129,0.165,0.21,0.25
shaanxi_guanzhong,2023-03-06,0.108,0.152,0.201,0.25
shaanxi_guanzhong,2023-03-07,0.102,0.149,0.198,0.249
shaanxi_guanzhong,2023-03-08,0.094,0.145,0.195,0.249
shaanxi_guanzhong,2023-03-09,0.091,0.143,0.194,0.249
shaanxi_guanzhong,2023-03-10,0.083,0.138,0.191,0.249
shaanxi_guanzhong,2023-03-11,0.073,0.132,0.188,0.249
shaanxi_guanzhong,2023-03-12,0.076,0.131,0.188,0.249
shaanxi_guanzhong,2023-03-13,0.076,0.131,0.188,0.249
shaanxi_guanzhong,2023-03-14,0.074,0.132,0.187,0.249
shaanxi_guanzhong,2023-03-15,0.075,0.131,0.187,0.249
shaanxi_guanzhong,2023-03-16,0.169,0.132,0.187,0.249
shaanxi_guanzhong,2023-03-17,0.202,0.134,0.185,0.249
shaanxi_guanzhong,2023-03-18,0.204,0.142,0.187,0.249
shaanxi_guanzhong,2023-03-19,0.201,0.147,0.188,0.249
shaanxi_guanzhong,2023-03-20,0.234,0.151,0.189,0.248
shaanxi_guanzhong,2023-03-21,0.238,0.149,0.186,0.248
shaanxi_guanzhong,2023-03-22,0.224,0.148,0.183,0.248
shaanxi_guanzhong,2023-03-23,0.306,0.153,0.181,0.248
shaanxi_guanzhong,2023-03-24,0.328,0.182,0.181,0.248
shaanxi_guanzhong,2023-03-25,0.284,0.189,0.181,0.248
shaanxi_guanzhong,2023-03-26,0.257,0.19,0.179,0.248
shaanxi_guanzhong,2023-03-27,0.232,0.186,0.178,0.248
shaanxi_guanzhong,2023-03-28,0.209,0.18,0.178,0.248
shaanxi_guanzhong,2023-03-29,0.198,0.177,0.178,0.248
shaanxi_guanzhong,2023-03-30,0.184,0.172,0.173,0.248
shaanxi_guanzhong,2023-03-31,0.182,0.171,0.173,0.248
shaanxi_guanzhong,2023-04-01,0.172,0.169,0.173,0.248
shaanxi_guanzhong,2023-04-02,0.272,0.173,0.171,0.248
shaanxi_guanzhong,2023-04-03,0.404,0.266,0.171,0.248
shaanxi_guanzhong,2023-04-04,0.359,0.31,0.172,0.247
shaanxi_guanzhong,2023-04-05,0.345,0.311,0.174,0.247
shaanxi_guanzhong,2023-04-06,0.325,0.308,0.175,0.247
shaanxi_guanzhong,2023-04-07,0.299,0.297,0.174,0.247
shaanxi_guanzhong,2023-04-08,0.279,0.287,0.171,0.247
shaanxi_guanzhong,2023-04-09,0.256,0.274,0.166,0.247
shaanxi_guanzhong,2023-04-10,0.229,0.258,0.158,0.247
shaanxi_guanzhong,2023-04-11,0.201,0.24,0.153,0.247
shaanxi_guanzhong,2023-04-12,0.186,0.228,0.149,0.247
shaanxi_guanzhong,2023-04-13,0.201,0.221,0.146,0.247
shaanxi_guanzhong,2023-04-14,0.274,0.223,0.145,0.247
shaanxi_guanzhong,2023-04-15,0.301,0.225,0.146,0.247
shaanxi_guanzhong,2023-04-16,0.28,0.221,0.139,0.247
shaanxi_guanzhong,2023-04-17,0.273,0.213,0.135,0.247
shaanxi_guanzhong,2023-04-18,0.248,0.204,0.133,0.246
shaanxi_guanzhong,2023-04-19,0.228,0.202,0.133,0.246
shaanxi_guanzhong,2023-04-20,0.204,0.195,0.132,0.246
shaanxi_guanzhong,2023-04-21,0.32,0.199,0.131,0.246
shaanxi_guanzhong,2023-04-22,0.376,0.24,0.13,0.246
shaanxi_guanzhong,2023-04-23,0.363,0.264,0.131,0.246
shaanxi_guanzhong,2023-04-24,0.354,0.284,0.133,0.246
shaanxi_guanzhong,2023-04-25,0.325,0.287,0.134,0.246
shaanxi_guanzhong,2023-04-26,0.293,0.278,0.131,0.246
shaanxi_guanzhong,2023-04-27,0.262,0.265,0.128,0.246
shaanxi_guanzhong,2023-04-28,0.237,0.252,0.123,0.246
shaanxi_guanzhong,2023-04-29,0.222,0.244,0.122,0.246
shaanxi_guanzhong,2023-04-30,0.201,0.231,0.12,0.245
shaanxi_guanzhong,2023-05-01,0.18,0.217,0.116,0.245
shaanxi_guanzhong,2023-05-02,0.168,0.207,0.114,0.245
shaanxi_guanzhong,2023-05-03,0.17,0.199,0.112,0.245
shaanxi_guanzhong,2023-05-04,0.25,0.203,0.116,0.245
shaanxi_guanzhong,2023-05-05,0.248,0.209,0.12,0.245
shaanxi_guanzhong,2023-05-06,0.344,0.226,0.123,0.245
shaanxi_guanzhong,2023-05-07,0.361,0.249,0.124,0.245
shaanxi_guanzhong,2023-05-08,0.329,0.261,0.124,0.245
shaanxi_guanzhong,2023-05-09,0.369,0.28,0.126,0.245
shaanxi_guanzhong,2023-05-10,0.36,0.3,0.128,0.245
shaanxi_guanzhong,2023-05-11,0.328,0.299,0.128,0.245
shaanxi_guanzhong,2023-05-12,0.291,0.286,0.126,0.245
shaanxi_guanzhong,2023-05-13,0.263,0.273,0.126,0.245
shaanxi_guanzhong,2023-05-14,0.233,0.256,0.124,0.244
shaanxi_guanzhong,2023-05-15,0.209,0.241,0.122,0.244
shaanxi_guanzhong,2023-05-16,0.185,0.225,0.117,0.244
shaanxi_guanzhong,2023-05-17,0.166,0.21,0.114,0.244
shaanxi_guanzhong,2023-05-18,0.162,0.203,0.114,0.244
shaanxi_guanzhong,2023-05-19,0.16,0.198,0.116,0.244
shaanxi_guanzhong,2023-05-20,0.161,0.193,0.117,0.244
shaanxi_guanzhong,2023-05-21,0.218,0.192,0.118,0.243
shaanxi_guanzhong,2023-05-22,0.24,0.197,0.121,0.243
shaanxi_guanzhong,2023-05-23,0.23,0.197,0.122,0.243
shaanxi_guanzhong,2023-05-24,0.222,0.194,0.123,0.243
shaanxi_guanzhong,2023-05-25,0.26,0.193,0.123,0.243
shaanxi_guanzhong,2023-05-26,0.317,0.217,0.138,0.243
shaanxi_guanzhong,2023-05-27,0.357,0.239,0.14,0.243
shaanxi_guanzhong,2023-05-28,0.363,0.263,0.141,0.243
shaanxi_guanzhong,2023-05-29,0.354,0.277,0.141,0.243
shaanxi_guanzhong,2023-05-30,0.331,0.286,0.143,0.243
shaanxi_guanzhong,2023-05-31,0.392,0.331,0.143,0.243
shaanxi_guanzhong,2023-06-01,0.38,0.368,0.149,0.243
shaanxi_guanzhong,2023-06-02,0.414,0.381,0.154,0.243
shaanxi_guanzhong,2023-06-03,0.422,0.41,0.169,0.243
shaanxi_guanzhong,2023-06-04,0.415,0.408,0.183,0.243
shaanxi_guanzhong,2023-06-05,0.381,0.383,0.191,0.243
shaanxi_guanzhong,2023-06-06,0.349,0.358,0.189,0.243
shaanxi_guanzhong,2023-06-07,0.318,0.334,0.189,0.243
shaanxi_guanzhong,2023-06-08,0.292,0.314,0.187,0.243
shaanxi_guanzhong,2023-06-09,0.258,0.289,0.183,0.243
shaanxi_guanzhong,2023-06-10,0.227,0.266,0.179,0.242
shaanxi_guanzhong,2023-06-11,0.216,0.253,0.177,0.242
shaanxi_guanzhong,2023-06-12,0.197,0.237,0.174,0.242
shaanxi_guanzhong,2023-06-13,0.188,0.214,0.167,0.242
shaanxi_guanzhong,2023-06-14,0.177,0.184,0.156,0.242
shaanxi_guanzhong,2023-06-15,0.161,0.167,0.152,0.242
shaanxi_guanzhong,2023-06-16,0.159,0.166,0.151,0.242
shaanxi_guanzhong,2023-06-17,0.178,0.172,0.152,0.242
shaanxi_guanzhong,2023-06-18,0.25,0.176,0.153,0.242
shaanxi_guanzhong,2023-06-19,0.255,0.185,0.156,0.242
shaanxi_guanzhong,2023-06-20,0.235,0.193,0.163,0.242
shaanxi_guanzhong,2023-06-21,0.219,0.198,0.166,0.241
shaanxi_guanzhong,2023-06-22,0.19,0.185,0.163,0.241
shaanxi_guanzhong,2023-06-23,0.166,0.171,0.16,0.241
shaanxi_guanzhong,2023-06-24,0.157,0.167,0.159,0.241
shaanxi_guanzhong,2023-06-25,0.153,0.166,0.159,0.241
shaanxi_guanzhong,2023-06-26,0.15,0.163,0.159,0.241
shaanxi_guanzhong,2023-06-27,0.155,0.162,0.15,0.239
shaanxi_guanzhong,2023-06-28,0.329,0.181,0.101,0.237
shaanxi_guanzhong,2023-06-29,0.292,0.201,0.1,0.237
shaanxi_guanzhong,2023-06-30,0.232,0.193,0.096,0.237
shaanxi_guanzhong,2023-07-01,0.216,0.181,0.092,0.237
shaanxi_guanzhong,2023-07-02,0.264,0.177,0.098,0.237
shaanxi_guanzhong,2023-07-03,0.315,0.192,0.099,0.237
shaanxi_guanzhong,2023-07-04,0.328,0.237,0.096,0.237
shaanxi_guanzhong,2023-07-05,0.284,0.235,0.089,0.236
shaanxi_guanzhong,2023-07-06,0.243,0.224,0.087,0.236
shaanxi_guanzhong,2023-07-07,0.216,0.215,0.086,0.236
shaanxi_guanzhong,2023-07-08,0.187,0.203,0.083,0.236
shaanxi_guanzhong,2023-07-09,0.166,0.192,0.076,0.236
shaanxi_guanzhong,2023-07-10,0.145,0.18,0.074,0.236
shaanxi_guanzhong,2023-07-11,0.144,0.174,0.076,0.235
shaanxi_guanzhong,2023-07-12,0.196,0.174,0.076,0.235
shaanxi_guanzhong,2023-07-13,0.376,0.299,0.074,0.235
shaanxi_guanzhong,2023-07-14,0.331,0.308,0.081,0.235
shaanxi_guanzhong,2023-07-15,0.293,0.292,0.075,0.235
shaanxi_guanzhong,2023-07-16,0.257,0.272,0.069,0.235
shaanxi_guanzhong,2023-07-17,0.221,0.25,0.059,0.235
shaanxi_guanzhong,2023-07-18,0.196,0.234,0.056,0.235
shaanxi_guanzhong,2023-07-19,0.178,0.22,0.054,0.234
shaanxi_guanzhong,2023-07-20,0.169,0.209,0.056,0.234
shaanxi_guanzhong,2023-07-21,0.167,0.2,0.057,0.234
shaanxi_guanzhong,2023-07-22,0.154,0.189,0.057,0.234
shaanxi_guanzhong,2023-07-23,0.151,0.182,0.057,0.234
shaanxi_guanzhong,2023-07-24,0.15,0.176,0.058,0.233
shaanxi_guanzhong,2023-07-25,0.148,0.172,0.057,0.233
shaanxi_guanzhong,2023-07-26,0.15,0.17,0.059,0.233
shaanxi_guanzhong,2023-07-27,0.27,0.179,0.059,0.233
shaanxi_guanzhong,2023-07-28,0.426,0.354,0.062,0.233
shaanxi_guanzhong,2023-07-29,0.418,0.399,0.075,0.233
shaanxi_guanzhong,2023-07-30,0.403,0.388,0.086,0.233
shaanxi_guanzhong,2023-07-31,0.361,0.357,0.092,0.233
shaanxi_guanzhong,2023-08-01,0.332,0.334,0.093,0.233
shaanxi_guanzhong,2023-08-02,0.308,0.314,0.094,0.232
shaanxi_guanzhong,2023-08-03,0.279,0.294,0.093,0.232
shaanxi_guanzhong,2023-08-04,0.326,0.278,0.09,0.232
shaanxi_guanzhong,2023-08-05,0.328,0.276,0.088,0.232
shaanxi_guanzhong,2023-08-06,0.388,0.288,0.087,0.232
shaanxi_guanzhong,2023-08-07,0.405,0.348,0.088,0.232
shaanxi_guanzhong,2023-08-08,0.366,0.344,0.091,0.232
shaanxi_guanzhong,2023-08-09,0.331,0.328,0.093,0.232
shaanxi_guanzhong,2023-08-10,0.301,0.309,0.095,0.232
shaanxi_guanzhong,2023-08-11,0.375,0.324,0.097,0.232
shaanxi_guanzhong,2023-08-12,0.393,0.379,0.104,0.232
shaanxi_guanzhong,2023-08-13,0.355,0.357,0.11,0.232
shaanxi_guanzhong,2023-08-14,0.32,0.331,0.111,0.232
shaanxi_guanzhong,2023-08-15,0.285,0.306,0.111,0.231
shaanxi_guanzhong,2023-08-16,0.254,0.283,0.11,0.231
shaanxi_guanzhong,2023-08-17,0.228,0.264,0.109,0.231
shaanxi_guanzhong,2023-08-18,0.211,0.25,0.111,0.231
shaanxi_guanzhong,2023-08-19,0.203,0.242,0.113,0.231
shaanxi_guanzhong,2023-08-20,0.324,0.25,0.115,0.231
shaanxi_guanzhong,2023-08-21,0.319,0.26,0.114,0.231
shaanxi_guanzhong,2023-08-22,0.283,0.252,0.113,0.231
shaanxi_guanzhong,2023-08-23,0.4,0.31,0.114,0.231
shaanxi_guanzhong,2023-08-24,0.355,0.338,0.115,0.231
shaanxi_guanzhong,2023-08-25,0.359,0.328,0.117,0.231
shaanxi_guanzhong,2023-08-26,0.424,0.4,0.133,0.231
shaanxi_guanzhong,2023-08-27,0.415,0.409,0.17,0.231
shaanxi_guanzhong,2023-08-28,0.393,0.387,0.182,0.231
shaanxi_guanzhong,2023-08-29,0.365,0.365,0.186,0.231
shaanxi_guanzhong,2023-08-30,0.333,0.342,0.188,0.231
shaanxi_guanzhong,2023-08-31,0.302,0.32,0.188,0.23
shaanxi_guanzhong,2023-09-01,0.277,0.3,0.187,0.23
shaanxi_guanzhong,2023-09-02,0.262,0.288,0.186,0.23
shaanxi_guanzhong,2023-09-03,0.248,0.277,0.187,0.23
shaanxi_guanzhong,2023-09-04,0.234,0.267,0.187,0.23
shaanxi_guanzhong,2023-09-05,0.217,0.255,0.187,0.23
shaanxi_guanzhong,2023-09-06,0.203,0.244,0.186,0.23
shaanxi_guanzhong,2023-09-07,0.198,0.238,0.186,0.23
shaanxi_guanzhong,2023-09-08,0.195,0.234,0.187,0.23
shaanxi_guanzhong,2023-09-09,0.22,0.231,0.187,0.23
shaanxi_guanzhong,2023-09-10,0.234,0.227,0.187,0.23
shaanxi_guanzhong,2023-09-11,0.265,0.225,0.187,0.23
shaanxi_guanzhong,2023-09-12,0.272,0.23,0.188,0.23
shaanxi_guanzhong,2023-09-13,0.251,0.226,0.188,0.23
shaanxi_guanzhong,2023-09-14,0.235,0.222,0.188,0.23
shaanxi_guanzhong,2023-09-15,0.22,0.216,0.187,0.23
shaanxi_guanzhong,2023-09-16,0.217,0.206,0.185,0.23
shaanxi_guanzhong,2023-09-17,0.201,0.198,0.183,0.229
shaanxi_guanzhong,2023-09-18,0.216,0.199,0.184,0.229
shaanxi_guanzhong,2023-09-19,0.343,0.229,0.186,0.229
shaanxi_guanzhong,2023-09-20,0.377,0.255,0.187,0.229
shaanxi_guanzhong,2023-09-21,0.35,0.275,0.189,0.229
shaanxi_guanzhong,2023-09-22,0.319,0.276,0.189,0.229
shaanxi_guanzhong,2023-09-23,0.335,0.28,0.189,0.229
shaanxi_guanzhong,2023-09-24,0.38,0.305,0.19,0.229
shaanxi_guanzhong,2023-09-25,0.391,0.338,0.192,0.229
shaanxi_guanzhong,2023-09-26,0.389,0.36,0.194,0.229
shaanxi_guanzhong,2023-09-27,0.383,0.355,0.198,0.229
shaanxi_guanzhong,2023-09-28,0.395,0.361,0.201,0.229
shaanxi_guanzhong,2023-09-29,0.379,0.366,0.204,0.229
shaanxi_guanzhong,2023-09-30,0.361,0.357,0.208,0.229
shaanxi_guanzhong,2023-10-01,0.377,0.354,0.211,0.229
shaanxi_guanzhong,2023-10-02,0.389,0.368,0.214,0.229
shaanxi_guanzhong,2023-10-03,0.372,0.362,0.217,0.229
shaanxi_guanzhong,2023-10-04,0.411,0.387,0.222,0.229
shaanxi_guanzhong,2023-10-05,0.415,0.403,0.235,0.229
shaanxi_guanzhong,2023-10-06,0.406,0.399,0.244,0.229
shaanxi_guanzhong,2023-10-07,0.382,0.383,0.25,0.229
shaanxi_guanzhong,2023-10-08,0.365,0.369,0.253,0.229
shaanxi_guanzhong,2023-10-09,0.356,0.359,0.255,0.229
shaanxi_guanzhong,2023-10-10,0.35,0.352,0.257,0.229
shaanxi_guanzhong,2023-10-11,0.351,0.346,0.259,0.229
shaanxi_guanzhong,2023-10-12,0.401,0.364,0.26,0.229
shaanxi_guanzhong,2023-10-13,0.376,0.37,0.263,0.229
shaanxi_guanzhong,2023-10-14,0.363,0.363,0.265,0.229
shaanxi_guanzhong,2023-10-15,0.352,0.355,0.266,0.229
shaanxi_guanzhong,2023-10-16,0.341,0.347,0.267,0.229
shaanxi_guanzhong,2023-10-17,0.345,0.34,0.268,0.229
shaanxi_guanzhong,2023-10-18,0.373,0.344,0.269,0.229
shaanxi_guanzhong,2023-10-19,0.369,0.344,0.268,0.229
shaanxi_guanzhong,2023-10-20,0.342,0.337,0.268,0.229
shaanxi_guanzhong,2023-10-21,0.329,0.331,0.269,0.229
shaanxi_guanzhong,2023-10-22,0.322,0.327,0.27,0.229
shaanxi_guanzhong,2023-10-23,0.312,0.321,0.27,0.229
shaanxi_guanzhong,2023-10-24,0.305,0.315,0.27,0.229
shaanxi_guanzhong,2023-10-25,0.301,0.311,0.27,0.229
shaanxi_guanzhong,2023-10-26,0.293,0.305,0.27,0.229
shaanxi_guanzhong,2023-10-27,0.285,0.299,0.268,0.229
shaanxi_guanzhong,2023-10-28,0.278,0.293,0.268,0.229
shaanxi_guanzhong,2023-10-29,0.267,0.286,0.266,0.229
shaanxi_guanzhong,2023-10-30,0.258,0.278,0.265,0.229
shaanxi_guanzhong,2023-10-31,0.249,0.272,0.263,0.229
shaanxi_guanzhong,2023-11-01,0.243,0.266,0.263,0.229
shaanxi_guanzhong,2023-11-02,0.23,0.258,0.261,0.229
shaanxi_guanzhong,2023-11-03,0.359,0.268,0.258,0.229
shaanxi_guanzhong,2023-11-04,0.341,0.286,0.258,0.229
shaanxi_guanzhong,2023-11-05,0.328,0.293,0.259,0.229
shaanxi_guanzhong,2023-11-06,0.316,0.296,0.262,0.229
shaanxi_guanzhong,2023-11-07,0.304,0.295,0.262,0.229
shaanxi_guanzhong,2023-11-08,0.292,0.29,0.261,0.229
shaanxi_guanzhong,2023-11-09,0.284,0.287,0.26,0.229
shaanxi_guanzhong,2023-11-10,0.275,0.283,0.261,0.229
shaanxi_guanzhong,2023-11-11,0.287,0.28,0.261,0.229
shaanxi_guanzhong,2023-11-12,0.312,0.283,0.262,0.229
shaanxi_guanzhong,2023-11-13,0.312,0.289,0.264,0.229
shaanxi_guanzhong,2023-11-14,0.307,0.292,0.264,0.229
shaanxi_guanzhong,2023-11-15,0.301,0.291,0.264,0.229
shaanxi_guanzhong,2023-11-16,0.292,0.289,0.264,0.229
shaanxi_guanzhong,2023-11-17,0.28,0.284,0.262,0.229
shaanxi_guanzhong,2023-11-18,0.265,0.275,0.259,0.229
shaanxi_guanzhong,2023-11-19,0.254,0.268,0.257,0.229
shaanxi_guanzhong,2023-11-20,0.243,0.261,0.254,0.229
shaanxi_guanzhong,2023-11-21,0.235,0.255,0.251,0.229
shaanxi_guanzhong,2023-11-22,0.229,0.251,0.251,0.229
shaanxi_guanzhong,2023-11-23,0.219,0.245,0.248,0.229
shaanxi_guanzhong,2023-11-24,0.215,0.241,0.247,0.229
shaanxi_guanzhong,2023-11-25,0.207,0.236,0.246,0.229
shaanxi_guanzhong,2023-11-26,0.212,0.238,0.247,0.229
shaanxi_guanzhong,2023-11-27,0.212,0.237,0.248,0.229
shaanxi_guanzhong,2023-11-28,0.21,0.236,0.246,0.229
shaanxi_guanzhong,2023-11-29,0.206,0.233,0.245,0.229
shaanxi_guanzhong,2023-11-30,0.201,0.229,0.244,0.229
shaanxi_guanzhong,2023-12-01,0.201,0.228,0.244,0.229
shaanxi_guanzhong,2023-12-02,0.201,0.227,0.244,0.229
shaanxi_guanzhong,2023-12-03,0.201,0.226,0.244,0.229
shaanxi_guanzhong,2023-12-04,0.2,0.225,0.244,0.229
shaanxi_guanzhong,2023-12-05,0.196,0.222,0.242,0.229
shaanxi_guanzhong,2023-12-06,0.188,0.216,0.24,0.229
shaanxi_guanzhong,2023-12-07,0.178,0.209,0.238,0.229
shaanxi_guanzhong,2023-12-08,0.165,0.2,0.233,0.229
shaanxi_guanzhong,2023-12-09,0.161,0.197,0.232,0.229
shaanxi_guanzhong,2023-12-10,0.173,0.192,0.228,0.229
shaanxi_guanzhong,2023-12-11,0.255,0.193,0.228,0.229
shaanxi_guanzhong,2023-12-12,0.268,0.198,0.229,0.229
shaanxi_guanzhong,2023-12-13,0.263,0.201,0.229,0.229
shaanxi_guanzhong,2023-12-14,0.27,0.204,0.229,0.229
shaanxi_guanzhong,2023-12-15,0.258,0.205,0.229,0.229
shaanxi_guanzhong,2023-12-16,0.252,0.207,0.229,0.229
shaanxi_guanzhong,2023-12-17,0.247,0.208,0.229,0.229
shaanxi_guanzhong,2023-12-18,0.244,0.209,0.229,0.229
shaanxi_guanzhong,2023-12-19,0.241,0.21,0.229,0.229
shaanxi_guanzhong,2023-12-20,0.238,0.211,0.229,0.229
shaanxi_guanzhong,2023-12-21,0.236,0.212,0.229,0.229
shaanxi_guanzhong,2023-12-22,0.234,0.212,0.229,0.229
shaanxi_guanzhong,2023-12-23,0.233,0.213,0.229,0.229
shaanxi_guanzhong,2023-12-24,0.232,0.213,0.229,0.229
shaanxi_guanzhong,2023-12-25,0.231,0.214,0.229,0.229
shaanxi_guanzhong,2023-12-26,0.23,0.214,0.229,0.229
shaanxi_guanzhong,2023-12-27,0.228,0.214,0.229,0.229
shaanxi_guanzhong,2023-12-28,0.227,0.215,0.228,0.229
shaanxi_guanzhong,2023-12-29,0.226,0.215,0.228,0.229
shaanxi_guanzhong,2023-12-30,0.226,0.215,0.228,0.229
shaanxi_guanzhong,2023-12-31,0.227,0.217,0.229,0.229
shaanxi_guanzhong,2024-01-01,0.226,0.218,0.229,0.229
shaanxi_guanzhong,2024-01-02,0.222,0.218,0.229,0.229
shaanxi_guanzhong,2024-01-03,0.219,0.217,0.229,0.229
shaanxi_guanzhong,2024-01-04,0.216,0.216,0.229,0.229
shaanxi_guanzhong,2024-01-05,0.212,0.215,0.229,0.229
shaanxi_guanzhong,2024-01-06,0.217,0.22,0.23,0.229
shaanxi_guanzhong,2024-01-07,0.217,0.22,0.231,0.229
shaanxi_guanzhong,2024-01-08,0.212,0.218,0.229,0.229
shaanxi_guanzhong,2024-01-09,0.197,0.209,0.226,0.229
shaanxi_guanzhong,2024-01-10,0.189,0.205,0.224,0.229
shaanxi_guanzhong,2024-01-11,0.19,0.206,0.225,0.229
shaanxi_guanzhong,2024-01-12,0.188,0.204,0.224,0.229
shaanxi_guanzhong,2024-01-13,0.185,0.202,0.223,0.229
shaanxi_guanzhong,2024-01-14,0.181,0.2,0.222,0.229
shaanxi_guanzhong,2024-01-15,0.177,0.197,0.223,0.229
shaanxi_guanzhong,2024-01-16,0.181,0.197,0.222,0.229
shaanxi_guanzhong,2024-01-17,0.185,0.199,0.224,0.229
shaanxi_guanzhong,2024-01-18,0.195,0.205,0.227,0.229
shaanxi_guanzhong,2024-01-19,0.202,0.209,0.229,0.229
shaanxi_guanzhong,2024-01-20,0.204,0.21,0.23,0.229
shaanxi_guanzhong,2024-01-21,0.216,0.217,0.231,0.229
shaanxi_guanzhong,2024-01-22,0.224,0.225,0.236,0.229
shaanxi_guanzhong,2024-01-23,0.224,0.225,0.236,0.229
shaanxi_guanzhong,2024-01-24,0.224,0.225,0.236,0.229
shaanxi_guanzhong,2024-01-25,0.224,0.225,0.236,0.229
shaanxi_guanzhong,2024-01-26,0.223,0.225,0.236,0.229
shaanxi_guanzhong,2024-01-27,0.221,0.225,0.236,0.229
shaanxi_guanzhong,2024-01-28,0.22,0.226,0.236,0.229
shaanxi_guanzhong,2024-01-29,0.22,0.226,0.236,0.229
shaanxi_guanzhong,2024-01-30,0.216,0.225,0.235,0.229
shaanxi_guanzhong,2024-01-31,0.215,0.224,0.235,0.229
shaanxi_guanzhong,2024-02-01,0.217,0.224,0.235,0.229
shaanxi_guanzhong,2024-02-02,0.221,0.225,0.235,0.229
shaanxi_guanzhong,2024-02-03,0.22,0.225,0.235,0.229
shaanxi_guanzhong,2024-02-04,0.22,0.225,0.235,0.229
shaanxi_guanzhong,2024-02-05,0.22,0.225,0.235,0.229
shaanxi_guanzhong,2024-02-06,0.22,0.225,0.235,0.229
shaanxi_guanzhong,2024-02-07,0.22,0.225,0.235,0.229
shaanxi_guanzhong,2024-02-08,0.222,0.227,0.237,0.229
shaanxi_guanzhong,2024-02-09,0.224,0.229,0.239,0.229
shaanxi_guanzhong,2024-02-10,0.223,0.228,0.238,0.229
shaanxi_guanzhong,2024-02-11,0.219,0.226,0.237,0.229
shaanxi_guanzhong,2024-02-12,0.212,0.22,0.234,0.229
shaanxi_guanzhong,2024-02-13,0.195,0.208,0.229,0.229
shaanxi_guanzhong,2024-02-14,0.186,0.199,0.225,0.229
shaanxi_guanzhong,2024-02-15,0.204,0.204,0.228,0.229
shaanxi_guanzhong,2024-02-16,0.207,0.206,0.229,0.229
shaanxi_guanzhong,2024-02-17,0.194,0.196,0.223,0.229
shaanxi_guanzhong,2024-02-18,0.173,0.184,0.217,0.229
shaanxi_guanzhong,2024-02-19,0.166,0.179,0.215,0.229
shaanxi_guanzhong,2024-02-20,0.167,0.174,0.212,0.229
shaanxi_guanzhong,2024-02-21,0.169,0.173,0.211,0.229
shaanxi_guanzhong,2024-02-22,0.169,0.173,0.211,0.229
shaanxi_guanzhong,2024-02-23,0.169,0.174,0.211,0.229
shaanxi_guanzhong,2024-02-24,0.17,0.175,0.212,0.229
shaanxi_guanzhong,2024-02-25,0.178,0.182,0.216,0.229
shaanxi_guanzhong,2024-02-26,0.186,0.187,0.218,0.229
shaanxi_guanzhong,2024-02-27,0.191,0.19,0.22,0.229
shaanxi_guanzhong,2024-02-28,0.19,0.192,0.22,0.229
shaanxi_guanzhong,2024-02-29,0.208,0.195,0.222,0.229
shaanxi_guanzhong,2024-03-01,0.222,0.193,0.221,0.229
shaanxi_guanzhong,2024-03-02,0.227,0.191,0.219,0.229
shaanxi_guanzhong,2024-03-03,0.22,0.191,0.218,0.229
shaanxi_guanzhong,2024-03-04,0.208,0.19,0.219,0.229
shaanxi_guanzhong,2024-03-05,0.206,0.19,0.219,0.229
shaanxi_guanzhong,2024-03-06,0.207,0.195,0.221,0.229
shaanxi_guanzhong,2024-03-07,0.198,0.192,0.22,0.229
shaanxi_guanzhong,2024-03-08,0.191,0.189,0.218,0.229
shaanxi_guanzhong,2024-03-09,0.175,0.182,0.215,0.229
shaanxi_guanzhong,2024-03-10,0.172,0.172,0.211,0.229
shaanxi_guanzhong,2024-03-11,0.196,0.174,0.211,0.229
shaanxi_guanzhong,2024-03-12,0.186,0.169,0.209,0.229
shaanxi_guanzhong,2024-03-13,0.176,0.166,0.205,0.229
shaanxi_guanzhong,2024-03-14,0.171,0.164,0.203,0.229
shaanxi_guanzhong,2024-03-15,0.158,0.156,0.198,0.229
shaanxi_guanzhong,2024-03-16,0.152,0.149,0.193,0.229
shaanxi_guanzhong,2024-03-17,0.162,0.148,0.194,0.229
shaanxi_guanzhong,2024-03-18,0.233,0.149,0.197,0.229
shaanxi_guanzhong,2024-03-19,0.217,0.15,0.197,0.229
shaanxi_guanzhong,2024-03-20,0.197,0.147,0.194,0.229
shaanxi_guanzhong,2024-03-21,0.171,0.149,0.188,0.229
shaanxi_guanzhong,2024-03-22,0.149,0.149,0.185,0.229
shaanxi_guanzhong,2024-03-23,0.141,0.149,0.182,0.229
shaanxi_guanzhong,2024-03-24,0.264,0.154,0.182,0.229
shaanxi_guanzhong,2024-03-25,0.281,0.157,0.184,0.229
shaanxi_guanzhong,2024-03-26,0.259,0.162,0.184,0.228
shaanxi_guanzhong,2024-03-27,0.236,0.162,0.18,0.228
shaanxi_guanzhong,2024-03-28,0.206,0.157,0.174,0.228
shaanxi_guanzhong,2024-03-29,0.177,0.151,0.172,0.228
shaanxi_guanzhong,2024-03-30,0.164,0.148,0.168,0.228
shaanxi_guanzhong,2024-03-31,0.156,0.148,0.167,0.228
shaanxi_guanzhong,2024-04-01,0.147,0.148,0.166,0.228
shaanxi_guanzhong,2024-04-02,0.152,0.148,0.166,0.228
shaanxi_guanzhong,2024-04-03,0.165,0.148,0.166,0.228
shaanxi_guanzhong,2024-04-04,0.169,0.148,0.169,0.228
shaanxi_guanzhong,2024-04-05,0.168,0.148,0.17,0.228
shaanxi_guanzhong,2024-04-06,0.166,0.148,0.169,0.228
shaanxi_guanzhong,2024-04-07,0.16,0.148,0.168,0.228
shaanxi_guanzhong,2024-04-08,0.157,0.148,0.168,0.228
shaanxi_guanzhong,2024-04-09,0.152,0.148,0.165,0.228
shaanxi_guanzhong,2024-04-10,0.152,0.148,0.165,0.227
shaanxi_guanzhong,2024-04-11,0.151,0.148,0.165,0.227
shaanxi_guanzhong,2024-04-12,0.15,0.148,0.164,0.227
shaanxi_guanzhong,2024-04-13,0.191,0.149,0.164,0.227
shaanxi_guanzhong,2024-04-14,0.28,0.156,0.166,0.227
shaanxi_guanzhong,2024-04-15,0.248,0.162,0.169,0.227
shaanxi_guanzhong,2024-04-16,0.235,0.166,0.167,0.227
shaanxi_guanzhong,2024-04-17,0.272,0.17,0.17,0.227
shaanxi_guanzhong,2024-04-18,0.24,0.169,0.168,0.227
shaanxi_guanzhong,2024-04-19,0.288,0.174,0.167,0.227
shaanxi_guanzhong,2024-04-20,0.269,0.181,0.174,0.227
shaanxi_guanzhong,2024-04-21,0.248,0.184,0.176,0.227
shaanxi_guanzhong,2024-04-22,0.235,0.179,0.168,0.227
shaanxi_guanzhong,2024-04-23,0.294,0.181,0.167,0.226
shaanxi_guanzhong,2024-04-24,0.259,0.187,0.173,0.226
shaanxi_guanzhong,2024-04-25,0.239,0.19,0.176,0.226
shaanxi_guanzhong,2024-04-26,0.215,0.185,0.174,0.226
shaanxi_guanzhong,2024-04-27,0.199,0.182,0.173,0.226
shaanxi_guanzhong,2024-04-28,0.187,0.179,0.172,0.226
shaanxi_guanzhong,2024-04-29,0.286,0.181,0.174,0.226
shaanxi_guanzhong,2024-04-30,0.321,0.186,0.175,0.226
shaanxi_guanzhong,2024-05-01,0.282,0.192,0.177,0.226
shaanxi_guanzhong,2024-05-02,0.268,0.196,0.178,0.226
shaanxi_guanzhong,2024-05-03,0.316,0.202,0.18,0.226
shaanxi_guanzhong,2024-05-04,0.33,0.22,0.181,0.226
shaanxi_guanzhong,2024-05-05,0.294,0.227,0.182,0.226
shaanxi_guanzhong,2024-05-06,0.266,0.226,0.183,0.226
shaanxi_guanzhong,2024-05-07,0.239,0.22,0.18,0.226
shaanxi_guanzhong,2024-05-08,0.226,0.216,0.182,0.226
shaanxi_guanzhong,2024-05-09,0.22,0.21,0.18,0.226
shaanxi_guanzhong,2024-05-10,0.203,0.205,0.177,0.226
shaanxi_guanzhong,2024-05-11,0.2,0.204,0.181,0.225
shaanxi_guanzhong,2024-05-12,0.191,0.204,0.186,0.225
shaanxi_guanzhong,2024-05-13,0.176,0.197,0.181,0.225
shaanxi_guanzhong,2024-05-14,0.161,0.185,0.175,0.225
shaanxi_guanzhong,2024-05-15,0.159,0.183,0.175,0.225
shaanxi_guanzhong,2024-05-16,0.158,0.182,0.174,0.225
shaanxi_guanzhong,2024-05-17,0.155,0.179,0.174,0.225
shaanxi_guanzhong,2024-05-18,0.15,0.173,0.172,0.225
shaanxi_guanzhong,2024-05-19,0.148,0.17,0.171,0.224
shaanxi_guanzhong,2024-05-20,0.144,0.168,0.172,0.224
shaanxi_guanzhong,2024-05-21,0.141,0.165,0.171,0.224
shaanxi_guanzhong,2024-05-22,0.14,0.163,0.171,0.224
shaanxi_guanzhong,2024-05-23,0.139,0.161,0.17,0.224
shaanxi_guanzhong,2024-05-24,0.139,0.159,0.169,0.224
shaanxi_guanzhong,2024-05-25,0.23,0.161,0.169,0.224
shaanxi_guanzhong,2024-05-26,0.311,0.183,0.172,0.224
shaanxi_guanzhong,2024-05-27,0.27,0.185,0.171,0.224
shaanxi_guanzhong,2024-05-28,0.233,0.184,0.17,0.224
shaanxi_guanzhong,2024-05-29,0.272,0.182,0.168,0.224
shaanxi_guanzhong,2024-05-30,0.276,0.189,0.159,0.224
shaanxi_guanzhong,2024-05-31,0.237,0.184,0.155,0.223
shaanxi_guanzhong,2024-06-01,0.222,0.181,0.152,0.223
shaanxi_guanzhong,2024-06-02,0.309,0.189,0.154,0.223
shaanxi_guanzhong,2024-06-03,0.285,0.197,0.157,0.223
shaanxi_guanzhong,2024-06-04,0.269,0.204,0.156,0.223
shaanxi_guanzhong,2024-06-05,0.25,0.205,0.155,0.223
shaanxi_guanzhong,2024-06-06,0.23,0.2,0.153,0.223
shaanxi_guanzhong,2024-06-07,0.222,0.197,0.15,0.223
shaanxi_guanzhong,2024-06-08,0.202,0.187,0.146,0.223
shaanxi_guanzhong,2024-06-09,0.187,0.183,0.146,0.223
shaanxi_guanzhong,2024-06-10,0.174,0.179,0.146,0.223
shaanxi_guanzhong,2024-06-11,0.165,0.176,0.146,0.223
shaanxi_guanzhong,2024-06-12,0.156,0.171,0.146,0.223
shaanxi_guanzhong,2024-06-13,0.15,0.168,0.146,0.223
shaanxi_guanzhong,2024-06-14,0.149,0.165,0.146,0.222
shaanxi_guanzhong,2024-06-15,0.145,0.162,0.146,0.222
shaanxi_guanzhong,2024-06-16,0.166,0.161,0.146,0.222
shaanxi_guanzhong,2024-06-17,0.159,0.161,0.147,0.222
shaanxi_guanzhong,2024-06-18,0.151,0.156,0.147,0.222
shaanxi_guanzhong,2024-06-19,0.147,0.154,0.147,0.222
shaanxi_guanzhong,2024-06-20,0.147,0.154,0.147,0.222
shaanxi_guanzhong,2024-06-21,0.166,0.152,0.147,0.222
shaanxi_guanzhong,2024-06-22,0.162,0.147,0.147,0.222
shaanxi_guanzhong,2024-06-23,0.144,0.148,0.147,0.221
shaanxi_guanzhong,2024-06-24,0.13,0.148,0.147,0.221
shaanxi_guanzhong,2024-06-25,0.119,0.148,0.147,0.221
shaanxi_guanzhong,2024-06-26,0.12,0.148,0.147,0.221
shaanxi_guanzhong,2024-06-27,0.118,0.148,0.147,0.221
shaanxi_guanzhong,2024-06-28,0.121,0.148,0.147,0.221
shaanxi_guanzhong,2024-06-29,0.136,0.148,0.147,0.22
shaanxi_guanzhong,2024-06-30,0.164,0.147,0.147,0.22
shaanxi_guanzhong,2024-07-01,0.174,0.148,0.147,0.22
shaanxi_guanzhong,2024-07-02,0.167,0.148,0.147,0.22
shaanxi_guanzhong,2024-07-03,0.305,0.16,0.147,0.22
shaanxi_guanzhong,2024-07-04,0.307,0.183,0.147,0.22
shaanxi_guanzhong,2024-07-05,0.361,0.235,0.147,0.22
shaanxi_guanzhong,2024-07-06,0.318,0.257,0.148,0.22
shaanxi_guanzhong,2024-07-07,0.366,0.277,0.148,0.22
shaanxi_guanzhong,2024-07-08,0.405,0.366,0.151,0.22
shaanxi_guanzhong,2024-07-09,0.402,0.384,0.159,0.22
shaanxi_guanzhong,2024-07-10,0.408,0.383,0.166,0.22
shaanxi_guanzhong,2024-07-11,0.377,0.372,0.173,0.22
shaanxi_guanzhong,2024-07-12,0.343,0.349,0.174,0.22
shaanxi_guanzhong,2024-07-13,0.344,0.331,0.174,0.22
shaanxi_guanzhong,2024-07-14,0.343,0.323,0.175,0.22
shaanxi_guanzhong,2024-07-15,0.365,0.326,0.18,0.22
shaanxi_guanzhong,2024-07-16,0.389,0.346,0.183,0.22
shaanxi_guanzhong,2024-07-17,0.429,0.426,0.21,0.22
shaanxi_guanzhong,2024-07-18,0.397,0.398,0.251,0.22
shaanxi_guanzhong,2024-07-19,0.406,0.402,0.26,0.22
shaanxi_guanzhong,2024-07-20,0.377,0.376,0.26,0.22
shaanxi_guanzhong,2024-07-21,0.393,0.372,0.262,0.219
shaanxi_guanzhong,2024-07-22,0.352,0.352,0.261,0.219
shaanxi_guanzhong,2024-07-23,0.34,0.338,0.261,0.219
shaanxi_guanzhong,2024-07-24,0.4,0.366,0.262,0.219
shaanxi_guanzhong,2024-07-25,0.373,0.371,0.265,0.219
shaanxi_guanzhong,2024-07-26,0.334,0.348,0.263,0.219
shaanxi_guanzhong,2024-07-27,0.331,0.333,0.263,0.219
shaanxi_guanzhong,2024-07-28,0.316,0.321,0.261,0.219
shaanxi_guanzhong,2024-07-29,0.318,0.31,0.259,0.219
shaanxi_guanzhong,2024-07-30,0.356,0.317,0.259,0.219
shaanxi_guanzhong,2024-07-31,0.323,0.312,0.257,0.219
shaanxi_guanzhong,2024-08-01,0.29,0.297,0.252,0.219
shaanxi_guanzhong,2024-08-02,0.262,0.282,0.247,0.219
shaanxi_guanzhong,2024-08-03,0.271,0.267,0.243,0.219
shaanxi_guanzhong,2024-08-04,0.318,0.264,0.24,0.219
shaanxi_guanzhong,2024-08-05,0.296,0.256,0.238,0.219
shaanxi_guanzhong,2024-08-06,0.309,0.247,0.232,0.219
shaanxi_guanzhong,2024-08-07,0.302,0.237,0.226,0.219
shaanxi_guanzhong,2024-08-08,0.304,0.236,0.225,0.219
shaanxi_guanzhong,2024-08-09,0.36,0.271,0.225,0.219
shaanxi_guanzhong,2024-08-10,0.364,0.353,0.231,0.219
shaanxi_guanzhong,2024-08-11,0.332,0.339,0.233,0.219
shaanxi_guanzhong,2024-08-12,0.295,0.317,0.23,0.219
shaanxi_guanzhong,2024-08-13,0.269,0.299,0.227,0.219
shaanxi_guanzhong,2024-08-14,0.24,0.279,0.221,0.219
shaanxi_guanzhong,2024-08-15,0.256,0.267,0.217,0.219
shaanxi_guanzhong,2024-08-16,0.327,0.27,0.216,0.219
shaanxi_guanzhong,2024-08-17,0.391,0.318,0.214,0.219
shaanxi_guanzhong,2024-08-18,0.363,0.344,0.214,0.219
shaanxi_guanzhong,2024-08-19,0.321,0.323,0.213,0.219
shaanxi_guanzhong,2024-08-20,0.296,0.309,0.212,0.219
shaanxi_guanzhong,2024-08-21,0.282,0.296,0.211,0.219
shaanxi_guanzhong,2024-08-22,0.259,0.281,0.209,0.219
shaanxi_guanzhong,2024-08-23,0.242,0.27,0.208,0.218
shaanxi_guanzhong,2024-08-24,0.227,0.26,0.207,0.218
shaanxi_guanzhong,2024-08-25,0.214,0.251,0.208,0.218
shaanxi_guanzhong,2024-08-26,0.213,0.246,0.21,0.218
shaanxi_guanzhong,2024-08-27,0.205,0.241,0.212,0.218
shaanxi_guanzhong,2024-08-28,0.196,0.234,0.213,0.218
shaanxi_guanzhong,2024-08-29,0.193,0.23,0.214,0.218
shaanxi_guanzhong,2024-08-30,0.189,0.225,0.213,0.218
shaanxi_guanzhong,2024-08-31,0.184,0.221,0.215,0.218
shaanxi_guanzhong,2024-09-01,0.177,0.213,0.214,0.218
shaanxi_guanzhong,2024-09-02,0.187,0.207,0.212,0.218
shaanxi_guanzhong,2024-09-03,0.184,0.209,0.216,0.218
shaanxi_guanzhong,2024-09-04,0.188,0.21,0.219,0.218
shaanxi_guanzhong,2024-09-05,0.183,0.21,0.221,0.218
shaanxi_guanzhong,2024-09-06,0.178,0.208,0.222,0.218
shaanxi_guanzhong,2024-09-07,0.176,0.207,0.222,0.218
shaanxi_guanzhong,2024-09-08,0.168,0.202,0.221,0.218
shaanxi_guanzhong,2024-09-09,0.183,0.198,0.22,0.218
shaanxi_guanzhong,2024-09-10,0.245,0.197,0.219,0.218
shaanxi_guanzhong,2024-09-11,0.229,0.199,0.22,0.217
shaanxi_guanzhong,2024-09-12,0.213,0.199,0.22,0.217
shaanxi_guanzhong,2024-09-13,0.199,0.194,0.219,0.217
shaanxi_guanzhong,2024-09-14,0.187,0.189,0.217,0.217
shaanxi_guanzhong,2024-09-15,0.176,0.185,0.216,0.217
shaanxi_guanzhong,2024-09-16,0.165,0.181,0.214,0.217
shaanxi_guanzhong,2024-09-17,0.162,0.18,0.213,0.217
shaanxi_guanzhong,2024-09-18,0.163,0.179,0.213,0.217
shaanxi_guanzhong,2024-09-19,0.155,0.175,0.211,0.217
shaanxi_guanzhong,2024-09-20,0.165,0.174,0.21,0.217
shaanxi_guanzhong,2024-09-21,0.169,0.18,0.211,0.217
shaanxi_guanzhong,2024-09-22,0.167,0.188,0.214,0.217
shaanxi_guanzhong,2024-09-23,0.168,0.188,0.214,0.217
shaanxi_guanzhong,2024-09-24,0.162,0.182,0.212,0.217
shaanxi_guanzhong,2024-09-25,0.158,0.183,0.211,0.217
shaanxi_guanzhong,2024-09-26,0.263,0.182,0.209,0.217
shaanxi_guanzhong,2024-09-27,0.235,0.186,0.209,0.217
shaanxi_guanzhong,2024-09-28,0.22,0.185,0.208,0.217
shaanxi_guanzhong,2024-09-29,0.345,0.212,0.207,0.217
shaanxi_guanzhong,2024-09-30,0.389,0.328,0.208,0.217
shaanxi_guanzhong,2024-10-01,0.349,0.336,0.211,0.217
shaanxi_guanzhong,2024-10-02,0.328,0.327,0.214,0.217
shaanxi_guanzhong,2024-10-03,0.31,0.318,0.212,0.217
shaanxi_guanzhong,2024-10-04,0.294,0.307,0.212,0.217
shaanxi_guanzhong,2024-10-05,0.28,0.298,0.209,0.217
shaanxi_guanzhong,2024-10-06,0.277,0.293,0.21,0.217
shaanxi_guanzhong,2024-10-07,0.282,0.293,0.21,0.217
shaanxi_guanzhong,2024-10-08,0.277,0.289,0.211,0.216
shaanxi_guanzhong,2024-10-09,0.274,0.286,0.214,0.216
shaanxi_guanzhong,2024-10-10,0.265,0.281,0.215,0.216
shaanxi_guanzhong,2024-10-11,0.263,0.281,0.218,0.216
shaanxi_guanzhong,2024-10-12,0.279,0.281,0.22,0.216
shaanxi_guanzhong,2024-10-13,0.287,0.278,0.219,0.216
shaanxi_guanzhong,2024-10-14,0.275,0.275,0.218,0.216
shaanxi_guanzhong,2024-10-15,0.266,0.272,0.218,0.216
shaanxi_guanzhong,2024-10-16,0.251,0.263,0.215,0.216
shaanxi_guanzhong,2024-10-17,0.304,0.262,0.215,0.216
shaanxi_guanzhong,2024-10-18,0.301,0.266,0.218,0.216
shaanxi_guanzhong,2024-10-19,0.31,0.269,0.221,0.216
shaanxi_guanzhong,2024-10-20,0.328,0.274,0.22,0.216
shaanxi_guanzhong,2024-10-21,0.324,0.283,0.221,0.216
shaanxi_guanzhong,2024-10-22,0.312,0.286,0.222,0.216
shaanxi_guanzhong,2024-10-23,0.3,0.285,0.222,0.216
shaanxi_guanzhong,2024-10-24,0.292,0.283,0.222,0.216
shaanxi_guanzhong,2024-10-25,0.283,0.281,0.223,0.216
shaanxi_guanzhong,2024-10-26,0.289,0.275,0.22,0.216
shaanxi_guanzhong,2024-10-27,0.318,0.276,0.22,0.216
shaanxi_guanzhong,2024-10-28,0.298,0.275,0.22,0.216
shaanxi_guanzhong,2024-10-29,0.29,0.275,0.222,0.216
shaanxi_guanzhong,2024-10-30,0.344,0.284,0.225,0.216
shaanxi_guanzhong,2024-10-31,0.392,0.323,0.229,0.216
shaanxi_guanzhong,2024-11-01,0.366,0.347,0.232,0.216
shaanxi_guanzhong,2024-11-02,0.35,0.343,0.234,0.216
shaanxi_guanzhong,2024-11-03,0.349,0.342,0.238,0.216
shaanxi_guanzhong,2024-11-04,0.343,0.339,0.241,0.216
shaanxi_guanzhong,2024-11-05,0.336,0.335,0.246,0.216
shaanxi_guanzhong,2024-11-06,0.327,0.329,0.247,0.216
shaanxi_guanzhong,2024-11-07,0.319,0.324,0.248,0.216
shaanxi_guanzhong,2024-11-08,0.312,0.318,0.249,0.216
shaanxi_guanzhong,2024-11-09,0.31,0.315,0.249,0.216
shaanxi_guanzhong,2024-11-10,0.309,0.312,0.249,0.216
shaanxi_guanzhong,2024-11-11,0.308,0.307,0.248,0.216
shaanxi_guanzhong,2024-11-12,0.337,0.313,0.259,0.215
shaanxi_guanzhong,2024-11-13,0.391,0.374,0.339,0.209
shaanxi_guanzhong,2024-11-14,0.384,0.379,0.338,0.209
shaanxi_guanzhong,2024-11-15,0.394,0.387,0.342,0.209
shaanxi_guanzhong,2024-11-16,0.405,0.391,0.342,0.21
shaanxi_guanzhong,2024-11-17,0.411,0.406,0.346,0.21
shaanxi_guanzhong,2024-11-18,0.423,0.416,0.354,0.21
shaanxi_guanzhong,2024-11-19,0.406,0.411,0.362,0.211
shaanxi_guanzhong,2024-11-20,0.393,0.402,0.365,0.211
shaanxi_guanzhong,2024-11-21,0.385,0.395,0.367,0.212
shaanxi_guanzhong,2024-11-22,0.388,0.396,0.371,0.213
shaanxi_guanzhong,2024-11-23,0.391,0.399,0.376,0.213
shaanxi_guanzhong,2024-11-24,0.398,0.395,0.377,0.214
shaanxi_guanzhong,2024-11-25,0.41,0.41,0.378,0.215
shaanxi_guanzhong,2024-11-26,0.385,0.395,0.375,0.216
shaanxi_guanzhong,2024-11-27,0.376,0.387,0.374,0.217
shaanxi_guanzhong,2024-11-28,0.367,0.381,0.374,0.217
shaanxi_guanzhong,2024-11-29,0.361,0.374,0.374,0.218
shaanxi_guanzhong,2024-11-30,0.359,0.371,0.372,0.219
shaanxi_guanzhong,2024-12-01,0.355,0.368,0.372,0.22
shaanxi_guanzhong,2024-12-02,0.339,0.355,0.368,0.22
shaanxi_guanzhong,2024-12-03,0.324,0.342,0.364,0.221
shaanxi_guanzhong,2024-12-04,0.312,0.334,0.357,0.221
shaanxi_guanzhong,2024-12-05,0.304,0.337,0.356,0.222
shaanxi_guanzhong,2024-12-06,0.313,0.337,0.355,0.222
shaanxi_guanzhong,2024-12-07,0.306,0.328,0.352,0.223
shaanxi_guanzhong,2024-12-08,0.303,0.322,0.348,0.223
shaanxi_guanzhong,2024-12-09,0.295,0.32,0.346,0.223
shaanxi_guanzhong,2024-12-10,0.275,0.314,0.344,0.224
shaanxi_guanzhong,2024-12-11,0.271,0.31,0.342,0.224
shaanxi_guanzhong,2024-12-12,0.263,0.301,0.338,0.224
shaanxi_guanzhong,2024-12-13,0.266,0.297,0.337,0.224
shaanxi_guanzhong,2024-12-14,0.266,0.295,0.335,0.225
shaanxi_guanzhong,2024-12-15,0.266,0.293,0.334,0.225
shaanxi_guanzhong,2024-12-16,0.269,0.292,0.333,0.225
shaanxi_guanzhong,2024-12-17,0.272,0.292,0.332,0.225
shaanxi_guanzhong,2024-12-18,0.273,0.291,0.331,0.225
shaanxi_guanzhong,2024-12-19,0.274,0.29,0.33,0.226
shaanxi_guanzhong,2024-12-20,0.273,0.29,0.329,0.226
shaanxi_guanzhong,2024-12-21,0.267,0.291,0.331,0.226
shaanxi_guanzhong,2024-12-22,0.261,0.294,0.334,0.226
shaanxi_guanzhong,2024-12-23,0.264,0.293,0.333,0.227
shaanxi_guanzhong,2024-12-24,0.263,0.289,0.331,0.227
shaanxi_guanzhong,2024-12-25,0.264,0.291,0.332,0.227
shaanxi_guanzhong,2024-12-26,0.278,0.305,0.339,0.227
shaanxi_guanzhong,2024-12-27,0.282,0.311,0.343,0.227
shaanxi_guanzhong,2024-12-28,0.277,0.306,0.341,0.228
shaanxi_guanzhong,2024-12-29,0.264,0.301,0.339,0.228
shaanxi_guanzhong,2024-12-30,0.269,0.299,0.338,0.228
shaanxi_guanzhong,2024-12-31,0.272,0.297,0.337,0.228
shaanxi_guanzhong,2025-01-01,0.274,0.296,0.336,0.229
shaanxi_guanzhong,2025-01-02,0.271,0.294,0.336,0.229
shaanxi_guanzhong,2025-01-03,0.27,0.292,0.335,0.229
shaanxi_guanzhong,2025-01-04,0.269,0.294,0.334,0.229
shaanxi_guanzhong,2025-01-05,0.275,0.297,0.334,0.23
shaanxi_guanzhong,2025-01-06,0.277,0.305,0.339,0.23
shaanxi_guanzhong,2025-01-07,0.29,0.315,0.344,0.23
shaanxi_guanzhong,2025-01-08,0.28,0.313,0.343,0.23
shaanxi_guanzhong,2025-01-09,0.271,0.306,0.341,0.231
shaanxi_guanzhong,2025-01-10,0.271,0.302,0.34,0.231
shaanxi_guanzhong,2025-01-11,0.264,0.302,0.345,0.231
shaanxi_guanzhong,2025-01-12,0.266,0.304,0.348,0.231
shaanxi_guanzhong,2025-01-13,0.266,0.298,0.345,0.232
shaanxi_guanzhong,2025-01-14,0.259,0.292,0.342,0.232
shaanxi_guanzhong,2025-01-15,0.272,0.298,0.343,0.232
shaanxi_guanzhong,2025-01-16,0.279,0.301,0.344,0.233
shaanxi_guanzhong,2025-01-17,0.285,0.304,0.346,0.233
shaanxi_guanzhong,2025-01-18,0.286,0.303,0.345,0.233
shaanxi_guanzhong,2025-01-19,0.287,0.305,0.345,0.233
shaanxi_guanzhong,2025-01-20,0.277,0.303,0.345,0.234
shaanxi_guanzhong,2025-01-21,0.277,0.302,0.343,0.234
shaanxi_guanzhong,2025-01-22,0.281,0.297,0.335,0.234
shaanxi_guanzhong,2025-01-23,0.249,0.276,0.323,0.234
shaanxi_guanzhong,2025-01-24,0.26,0.272,0.323,0.235
shaanxi_guanzhong,2025-01-25,0.302,0.277,0.323,0.235
shaanxi_guanzhong,2025-01-26,0.304,0.283,0.324,0.235
shaanxi_guanzhong,2025-01-27,0.299,0.286,0.323,0.235
shaanxi_guanzhong,2025-01-28,0.297,0.287,0.322,0.235
shaanxi_guanzhong,2025-01-29,0.298,0.288,0.322,0.235
shaanxi_guanzhong,2025-01-30,0.306,0.29,0.321,0.236
shaanxi_guanzhong,2025-01-31,0.324,0.292,0.321,0.236
shaanxi_guanzhong,2025-02-01,0.331,0.296,0.32,0.236
shaanxi_guanzhong,2025-02-02,0.33,0.3,0.32,0.236
shaanxi_guanzhong,2025-02-03,0.331,0.305,0.321,0.236
shaanxi_guanzhong,2025-02-04,0.324,0.307,0.32,0.236
shaanxi_guanzhong,2025-02-05,0.317,0.308,0.319,0.236
shaanxi_guanzhong,2025-02-06,0.31,0.309,0.319,0.236
shaanxi_guanzhong,2025-02-07,0.303,0.307,0.318,0.236
shaanxi_guanzhong,2025-02-08,0.306,0.311,0.32,0.237
shaanxi_guanzhong,2025-02-09,0.305,0.31,0.319,0.237
shaanxi_guanzhong,2025-02-10,0.303,0.31,0.319,0.237
shaanxi_guanzhong,2025-02-11,0.301,0.307,0.317,0.237
shaanxi_guanzhong,2025-02-12,0.293,0.303,0.318,0.237
shaanxi_guanzhong,2025-02-13,0.286,0.301,0.32,0.237
shaanxi_guanzhong,2025-02-14,0.285,0.296,0.316,0.237
shaanxi_guanzhong,2025-02-15,0.264,0.284,0.31,0.237
shaanxi_guanzhong,2025-02-16,0.249,0.272,0.3,0.238
shaanxi_guanzhong,2025-02-17,0.25,0.268,0.294,0.238
shaanxi_guanzhong,2025-02-18,0.239,0.255,0.282,0.238
shaanxi_guanzhong,2025-02-19,0.235,0.247,0.274,0.238
shaanxi_guanzhong,2025-02-20,0.275,0.256,0.281,0.238
shaanxi_guanzhong,2025-02-21,0.286,0.258,0.284,0.238
shaanxi_guanzhong,2025-02-22,0.292,0.262,0.287,0.238
shaanxi_guanzhong,2025-02-23,0.295,0.26,0.285,0.238
shaanxi_guanzhong,2025-02-24,0.285,0.26,0.284,0.238
shaanxi_guanzhong,2025-02-25,0.278,0.262,0.285,0.238
shaanxi_guanzhong,2025-02-26,0.261,0.248,0.279,0.238
shaanxi_guanzhong,2025-02-27,0.225,0.219,0.265,0.238
shaanxi_guanzhong,2025-02-28,0.196,0.197,0.25,0.238
shaanxi_guanzhong,2025-03-01,0.188,0.187,0.246,0.238
shaanxi_guanzhong,2025-03-02,0.291,0.196,0.251,0.238
shaanxi_guanzhong,2025-03-03,0.348,0.212,0.251,0.238
shaanxi_guanzhong,2025-03-04,0.318,0.233,0.248,0.238
shaanxi_guanzhong,2025-03-05,0.283,0.232,0.247,0.238
shaanxi_guanzhong,2025-03-06,0.277,0.235,0.249,0.238
shaanxi_guanzhong,2025-03-07,0.246,0.225,0.245,0.238
shaanxi_guanzhong,2025-03-08,0.223,0.217,0.242,0.238
shaanxi_guanzhong,2025-03-09,0.203,0.208,0.239,0.238
shaanxi_guanzhong,2025-03-10,0.162,0.185,0.234,0.238
shaanxi_guanzhong,2025-03-11,0.126,0.163,0.221,0.238
shaanxi_guanzhong,2025-03-12,0.129,0.161,0.22,0.237
shaanxi_guanzhong,2025-03-13,0.112,0.151,0.211,0.237
shaanxi_guanzhong,2025-03-14,0.142,0.149,0.208,0.237
shaanxi_guanzhong,2025-03-15,0.185,0.149,0.213,0.237
shaanxi_guanzhong,2025-03-16,0.181,0.151,0.21,0.237
shaanxi_guanzhong,2025-03-17,0.164,0.143,0.203,0.237
shaanxi_guanzhong,2025-03-18,0.15,0.142,0.193,0.237
shaanxi_guanzhong,2025-03-19,0.127,0.143,0.177,0.237
shaanxi_guanzhong,2025-03-20,0.11,0.143,0.166,0.237
shaanxi_guanzhong,2025-03-21,0.107,0.142,0.16,0.237
shaanxi_guanzhong,2025-03-22,0.091,0.142,0.151,0.237
shaanxi_guanzhong,2025-03-23,0.069,0.142,0.143,0.236
shaanxi_guanzhong,2025-03-24,0.036,0.142,0.143,0.236
shaanxi_guanzhong,2025-03-25,0.01,0.142,0.143,0.236
shaanxi_guanzhong,2025-03-26,0.01,0.141,0.143,0.235
shaanxi_guanzhong,2025-03-27,0.015,0.141,0.143,0.235
shaanxi_guanzhong,2025-03-28,0.033,0.141,0.143,0.235
shaanxi_guanzhong,2025-03-29,0.056,0.141,0.143,0.235
shaanxi_guanzhong,2025-03-30,0.072,0.141,0.143,0.235
shaanxi_guanzhong,2025-03-31,0.087,0.14,0.143,0.235
shaanxi_guanzhong,2025-04-01,0.095,0.14,0.143,0.234
shaanxi_guanzhong,2025-04-02,0.093,0.14,0.143,0.234
shaanxi_guanzhong,2025-04-03,0.098,0.14,0.143,0.234
shaanxi_guanzhong,2025-04-04,0.098,0.14,0.143,0.234
shaanxi_guanzhong,2025-04-05,0.096,0.14,0.144,0.233
shaanxi_guanzhong,2025-04-06,0.097,0.14,0.144,0.233
shaanxi_guanzhong,2025-04-07,0.097,0.14,0.144,0.233
shaanxi_guanzhong,2025-04-08,0.097,0.14,0.144,0.232
shaanxi_guanzhong,2025-04-09,0.096,0.14,0.144,0.232
shaanxi_guanzhong,2025-04-10,0.091,0.139,0.144,0.231
shaanxi_guanzhong,2025-04-11,0.096,0.139,0.144,0.231
shaanxi_guanzhong,2025-04-12,0.102,0.139,0.144,0.231
shaanxi_guanzhong,2025-04-13,0.112,0.139,0.144,0.231
shaanxi_guanzhong,2025-04-14,0.11,0.139,0.144,0.23
shaanxi_guanzhong,2025-04-15,0.11,0.139,0.144,0.23
shaanxi_guanzhong,2025-04-16,0.11,0.139,0.144,0.229
shaanxi_guanzhong,2025-04-17,0.11,0.139,0.144,0.229
shaanxi_guanzhong,2025-04-18,0.112,0.139,0.144,0.228
shaanxi_guanzhong,2025-04-19,0.129,0.139,0.144,0.228
shaanxi_guanzhong,2025-04-20,0.124,0.139,0.144,0.228
shaanxi_guanzhong,2025-04-21,0.136,0.139,0.144,0.228
shaanxi_guanzhong,2025-04-22,0.186,0.139,0.144,0.227
shaanxi_guanzhong,2025-04-23,0.176,0.14,0.144,0.227
shaanxi_guanzhong,2025-04-24,0.148,0.14,0.144,0.227
shaanxi_guanzhong,2025-04-25,0.15,0.14,0.144,0.227
shaanxi_guanzhong,2025-04-26,0.15,0.14,0.144,0.226
shaanxi_guanzhong,2025-04-27,0.149,0.14,0.144,0.226
shaanxi_guanzhong,2025-04-28,0.146,0.14,0.144,0.226
shaanxi_guanzhong,2025-04-29,0.148,0.14,0.144,0.226
shaanxi_guanzhong,2025-04-30,0.142,0.14,0.144,0.225
shaanxi_guanzhong,2025-05-01,0.138,0.14,0.144,0.225
shaanxi_guanzhong,2025-05-02,0.136,0.14,0.144,0.224
shaanxi_guanzhong,2025-05-03,0.141,0.14,0.144,0.224
shaanxi_guanzhong,2025-05-04,0.152,0.14,0.144,0.224
shaanxi_guanzhong,2025-05-05,0.172,0.14,0.144,0.223
shaanxi_guanzhong,2025-05-06,0.166,0.14,0.144,0.223
shaanxi_guanzhong,2025-05-07,0.154,0.14,0.144,0.223
shaanxi_guanzhong,2025-05-08,0.17,0.14,0.145,0.222
shaanxi_guanzhong,2025-05-09,0.174,0.141,0.145,0.222
shaanxi_guanzhong,2025-05-10,0.154,0.141,0.145,0.222
shaanxi_guanzhong,2025-05-11,0.143,0.141,0.145,0.222
shaanxi_guanzhong,2025-05-12,0.124,0.141,0.145,0.221
shaanxi_guanzhong,2025-05-13,0.13,0.141,0.145,0.221
shaanxi_guanzhong,2025-05-14,0.138,0.141,0.145,0.22
shaanxi_guanzhong,2025-05-15,0.145,0.141,0.145,0.22
shaanxi_guanzhong,2025-05-16,0.139,0.141,0.145,0.22
shaanxi_guanzhong,2025-05-17,0.136,0.141,0.145,0.219
shaanxi_guanzhong,2025-05-18,0.135,0.141,0.145,0.219
shaanxi_guanzhong,2025-05-19,0.134,0.141,0.145,0.219
shaanxi_guanzhong,2025-05-20,0.134,0.141,0.145,0.218
shaanxi_guanzhong,2025-05-21,0.134,0.141,0.145,0.218
shaanxi_guanzhong,2025-05-22,0.246,0.146,0.145,0.217
shaanxi_guanzhong,2025-05-23,0.249,0.155,0.145,0.217
shaanxi_guanzhong,2025-05-24,0.21,0.162,0.145,0.217
shaanxi_guanzhong,2025-05-25,0.233,0.152,0.145,0.217
shaanxi_guanzhong,2025-05-26,0.222,0.15,0.145,0.217
shaanxi_guanzhong,2025-05-27,0.233,0.144,0.145,0.217
shaanxi_guanzhong,2025-05-28,0.188,0.146,0.145,0.217
shaanxi_guanzhong,2025-05-29,0.148,0.146,0.145,0.217
shaanxi_guanzhong,2025-05-30,0.156,0.146,0.145,0.216
shaanxi_guanzhong,2025-05-31,0.232,0.148,0.145,0.216
shaanxi_guanzhong,2025-06-01,0.301,0.155,0.146,0.216
shaanxi_guanzhong,2025-06-02,0.297,0.173,0.15,0.216
shaanxi_guanzhong,2025-06-03,0.236,0.171,0.151,0.216
shaanxi_guanzhong,2025-06-04,0.197,0.163,0.151,0.216
shaanxi_guanzhong,2025-06-05,0.184,0.163,0.151,0.216
shaanxi_guanzhong,2025-06-06,0.158,0.157,0.151,0.216
shaanxi_guanzhong,2025-06-07,0.162,0.157,0.151,0.216
shaanxi_guanzhong,2025-06-08,0.154,0.157,0.151,0.216
shaanxi_guanzhong,2025-06-09,0.15,0.158,0.151,0.215
shaanxi_guanzhong,2025-06-10,0.154,0.16,0.151,0.215
shaanxi_guanzhong,2025-06-11,0.142,0.156,0.151,0.215
shaanxi_guanzhong,2025-06-12,0.138,0.155,0.151,0.215
shaanxi_guanzhong,2025-06-13,0.136,0.154,0.151,0.215
shaanxi_guanzhong,2025-06-14,0.233,0.156,0.151,0.215
shaanxi_guanzhong,2025-06-15,0.236,0.15,0.151,0.215
shaanxi_guanzhong,2025-06-16,0.193,0.149,0.151,0.215
shaanxi_guanzhong,2025-06-17,0.173,0.15,0.151,0.214
shaanxi_guanzhong,2025-06-18,0.228,0.15,0.151,0.214
shaanxi_guanzhong,2025-06-19,0.199,0.151,0.151,0.214
shaanxi_guanzhong,2025-06-20,0.219,0.151,0.151,0.214
shaanxi_guanzhong,2025-06-21,0.192,0.15,0.151,0.214
shaanxi_guanzhong,2025-06-22,0.166,0.15,0.151,0.214
shaanxi_guanzhong,2025-06-23,0.137,0.15,0.151,0.214
shaanxi_guanzhong,2025-06-24,0.138,0.15,0.151,0.214
shaanxi_guanzhong,2025-06-25,0.226,0.15,0.151,0.214
shaanxi_guanzhong,2025-06-26,0.216,0.152,0.151,0.214
shaanxi_guanzhong,2025-06-27,0.193,0.148,0.151,0.214
shaanxi_guanzhong,2025-06-28,0.149,0.148,0.151,0.214
shaanxi_guanzhong,2025-06-29,0.116,0.148,0.151,0.213
shaanxi_guanzhong,2025-06-30,0.161,0.148,0.151,0.213
shaanxi_guanzhong,2025-07-01,0.181,0.149,0.151,0.213
shaanxi_guanzhong,2025-07-02,0.153,0.149,0.151,0.213
shaanxi_guanzhong,2025-07-03,0.159,0.151,0.155,0.213
shaanxi_guanzhong,2025-07-04,0.185,0.148,0.156,0.213
shaanxi_guanzhong,2025-07-05,0.199,0.148,0.156,0.213
shaanxi_guanzhong,2025-07-06,0.173,0.143,0.159,0.213
shaanxi_guanzhong,2025-07-07,0.2,0.144,0.158,0.212
shaanxi_guanzhong,2025-07-08,0.274,0.164,0.158,0.212
shaanxi_guanzhong,2025-07-09,0.354,0.263,0.154,0.212
shaanxi_guanzhong,2025-07-10,0.284,0.238,0.138,0.212
shaanxi_guanzhong,2025-07-11,0.219,0.217,0.137,0.212
shaanxi_guanzhong,2025-07-12,0.174,0.198,0.137,0.212
shaanxi_guanzhong,2025-07-13,0.144,0.18,0.137,0.212
shaanxi_guanzhong,2025-07-14,0.131,0.167,0.137,0.212
shaanxi_guanzhong,2025-07-15,0.131,0.161,0.137,0.211
shaanxi_guanzhong,2025-07-16,0.144,0.163,0.137,0.211
shaanxi_guanzhong,2025-07-17,0.153,0.161,0.137,0.211
shaanxi_guanzhong,2025-07-18,0.163,0.169,0.137,0.21
shaanxi_guanzhong,2025-07-19,0.186,0.166,0.137,0.21
shaanxi_guanzhong,2025-07-20,0.326,0.178,0.138,0.21
shaanxi_guanzhong,2025-07-21,0.303,0.193,0.138,0.21
shaanxi_guanzhong,2025-07-22,0.276,0.197,0.138,0.21
shaanxi_guanzhong,2025-07-23,0.249,0.194,0.138,0.21
shaanxi_guanzhong,2025-07-24,0.196,0.18,0.138,0.21
shaanxi_guanzhong,2025-07-25,0.155,0.165,0.138,0.21
shaanxi_guanzhong,2025-07-26,0.135,0.155,0.138,0.21
shaanxi_guanzhong,2025-07-27,0.13,0.151,0.138,0.209
shaanxi_guanzhong,2025-07-28,0.128,0.15,0.138,0.209
shaanxi_guanzhong,2025-07-29,0.137,0.15,0.138,0.209
shaanxi_guanzhong,2025-07-30,0.15,0.15,0.138,0.208
shaanxi_guanzhong,2025-07-31,0.144,0.15,0.138,0.208
shaanxi_guanzhong,2025-08-01,0.141,0.15,0.138,0.207
shaanxi_guanzhong,2025-08-02,0.135,0.15,0.138,0.207
shaanxi_guanzhong,2025-08-03,0.134,0.15,0.138,0.207
shaanxi_guanzhong,2025-08-04,0.165,0.15,0.138,0.206
shaanxi_guanzhong,2025-08-05,0.255,0.152,0.138,0.206
shaanxi_guanzhong,2025-08-06,0.265,0.156,0.138,0.206
shaanxi_guanzhong,2025-08-07,0.267,0.168,0.138,0.206
shaanxi_guanzhong,2025-08-08,0.246,0.165,0.138,0.205
shaanxi_guanzhong,2025-08-09,0.259,0.16,0.138,0.205
shaanxi_guanzhong,2025-08-10,0.268,0.16,0.138,0.205
shaanxi_guanzhong,2025-08-11,0.233,0.16,0.138,0.205
shaanxi_guanzhong,2025-08-12,0.168,0.151,0.138,0.205
shaanxi_guanzhong,2025-08-13,0.141,0.151,0.138,0.205
shaanxi_guanzhong,2025-08-14,0.127,0.151,0.138,0.204
shaanxi_guanzhong,2025-08-15,0.13,0.15,0.139,0.204
shaanxi_guanzhong,2025-08-16,0.152,0.15,0.139,0.204
shaanxi_guanzhong,2025-08-17,0.131,0.15,0.139,0.204
shaanxi_guanzhong,2025-08-18,0.111,0.15,0.139,0.203
shaanxi_guanzhong,2025-08-19,0.08,0.15,0.139,0.203
shaanxi_guanzhong,2025-08-20,0.063,0.15,0.139,0.203
shaanxi_guanzhong,2025-08-21,0.091,0.15,0.139,0.202
shaanxi_guanzhong,2025-08-22,0.053,0.149,0.139,0.202
shaanxi_guanzhong,2025-08-23,0.08,0.149,0.139,0.202
shaanxi_guanzhong,2025-08-24,0.104,0.149,0.139,0.202
shaanxi_guanzhong,2025-08-25,0.127,0.149,0.139,0.202
shaanxi_guanzhong,2025-08-26,0.127,0.149,0.139,0.202
shaanxi_guanzhong,2025-08-27,0.13,0.149,0.139,0.201
shaanxi_guanzhong,2025-08-28,0.147,0.149,0.139,0.201
shaanxi_guanzhong,2025-08-29,0.236,0.15,0.139,0.201
shaanxi_guanzhong,2025-08-30,0.318,0.162,0.139,0.201
shaanxi_guanzhong,2025-08-31,0.288,0.176,0.139,0.201
shaanxi_guanzhong,2025-09-01,0.232,0.172,0.139,0.201
shaanxi_guanzhong,2025-09-02,0.255,0.168,0.139,0.201
shaanxi_guanzhong,2025-09-03,0.335,0.202,0.139,0.201
shaanxi_guanzhong,2025-09-04,0.359,0.234,0.139,0.201
shaanxi_guanzhong,2025-09-05,0.403,0.312,0.14,0.201
shaanxi_guanzhong,2025-09-06,0.38,0.376,0.147,0.201
shaanxi_guanzhong,2025-09-07,0.359,0.355,0.151,0.201
shaanxi_guanzhong,2025-09-08,0.326,0.335,0.152,0.201
shaanxi_guanzhong,2025-09-09,0.288,0.311,0.149,0.201
shaanxi_guanzhong,2025-09-10,0.312,0.298,0.149,0.201
shaanxi_guanzhong,2025-09-11,0.397,0.336,0.15,0.201
shaanxi_guanzhong,2025-09-12,0.382,0.365,0.154,0.201
shaanxi_guanzhong,2025-09-13,0.351,0.35,0.157,0.201
shaanxi_guanzhong,2025-09-14,0.306,0.325,0.155,0.201
shaanxi_guanzhong,2025-09-15,0.27,0.299,0.151,0.201
shaanxi_guanzhong,2025-09-16,0.306,0.282,0.15,0.201
shaanxi_guanzhong,2025-09-17,0.395,0.316,0.151,0.201
shaanxi_guanzhong,2025-09-18,0.431,0.402,0.165,0.201
shaanxi_guanzhong,2025-09-19,0.403,0.403,0.2,0.201
shaanxi_guanzhong,2025-09-20,0.378,0.378,0.206,0.201
shaanxi_guanzhong,2025-09-21,0.401,0.375,0.211,0.201
shaanxi_guanzhong,2025-09-22,0.409,0.394,0.217,0.201
shaanxi_guanzhong,2025-09-23,0.414,0.406,0.227,0.201
shaanxi_guanzhong,2025-09-24,0.377,0.387,0.237,0.201
shaanxi_guanzhong,2025-09-25,0.35,0.368,0.24,0.201
shaanxi_guanzhong,2025-09-26,0.333,0.353,0.241,0.201
shaanxi_guanzhong,2025-09-27,0.342,0.343,0.243,0.201
shaanxi_guanzhong,2025-09-28,0.41,0.371,0.245,0.201
shaanxi_guanzhong,2025-09-29,0.401,0.4,0.255,0.201
shaanxi_guanzhong,2025-09-30,0.379,0.381,0.26,0.201
shaanxi_guanzhong,2025-10-01,0.414,0.405,0.269,0.201
shaanxi_guanzhong,2025-10-02,0.413,0.407,0.285,0.201
shaanxi_guanzhong,2025-10-03,0.399,0.393,0.292,0.201
shaanxi_guanzhong,2025-10-04,0.416,0.393,0.296,0.201
shaanxi_guanzhong,2025-10-05,0.422,0.413,0.305,0.201
shaanxi_guanzhong,2025-10-06,0.424,0.421,0.322,0.201
shaanxi_guanzhong,2025-10-07,0.414,0.41,0.333,0.201
shaanxi_guanzhong,2025-10-08,0.397,0.4,0.338,0.202
shaanxi_guanzhong,2025-10-09,0.403,0.392,0.341,0.202
shaanxi_guanzhong,2025-10-10,0.406,0.389,0.346,0.202
shaanxi_guanzhong,2025-10-11,0.429,0.419,0.361,0.203
shaanxi_guanzhong,2025-10-12,0.427,0.431,0.395,0.204
shaanxi_guanzhong,2025-10-13,0.398,0.413,0.405,0.206
shaanxi_guanzhong,2025-10-14,0.404,0.408,0.403,0.208
shaanxi_guanzhong,2025-10-15,0.413,0.423,0.408,0.21
shaanxi_guanzhong,2025-10-16,0.404,0.41,0.407,0.213
shaanxi_guanzhong,2025-10-17,0.425,0.428,0.41,0.215
shaanxi_guanzhong,2025-10-18,0.401,0.412,0.409,0.218
shaanxi_guanzhong,2025-10-19,0.405,0.405,0.406,0.22
shaanxi_guanzhong,2025-10-20,0.432,0.429,0.409,0.223
shaanxi_guanzhong,2025-10-21,0.404,0.42,0.416,0.226
shaanxi_guanzhong,2025-10-22,0.392,0.407,0.411,0.229
shaanxi_guanzhong,2025-10-23,0.386,0.398,0.407,0.231
shaanxi_guanzhong,2025-10-24,0.415,0.401,0.404,0.233
shaanxi_guanzhong,2025-10-25,0.401,0.406,0.402,0.235
shaanxi_guanzhong,2025-10-26,0.388,0.399,0.4,0.237
shaanxi_guanzhong,2025-10-27,0.396,0.397,0.397,0.239
shaanxi_guanzhong,2025-10-28,0.391,0.397,0.395,0.24
shaanxi_guanzhong,2025-10-29,0.383,0.392,0.393,0.241
shaanxi_guanzhong,2025-10-30,0.374,0.386,0.391,0.243
shaanxi_guanzhong,2025-10-31,0.376,0.381,0.388,0.244
shaanxi_guanzhong,2025-11-01,0.369,0.375,0.386,0.245
shaanxi_guanzhong,2025-11-02,0.371,0.372,0.384,0.246
shaanxi_guanzhong,2025-11-03,0.365,0.37,0.382,0.247
shaanxi_guanzhong,2025-11-04,0.349,0.366,0.38,0.247
shaanxi_guanzhong,2025-11-05,0.347,0.361,0.378,0.248
shaanxi_guanzhong,2025-11-06,0.349,0.358,0.376,0.249
shaanxi_guanzhong,2025-11-07,0.392,0.366,0.375,0.25
shaanxi_guanzhong,2025-11-08,0.377,0.374,0.374,0.25
shaanxi_guanzhong,2025-11-09,0.38,0.373,0.373,0.251
shaanxi_guanzhong,2025-11-10,0.373,0.372,0.371,0.251
shaanxi_guanzhong,2025-11-11,0.345,0.368,0.37,0.252
shaanxi_guanzhong,2025-11-12,0.342,0.362,0.369,0.253
shaanxi_guanzhong,2025-11-13,0.341,0.357,0.367,0.253
shaanxi_guanzhong,2025-11-14,0.342,0.352,0.366,0.254
shaanxi_guanzhong,2025-11-15,0.345,0.35,0.365,0.254
shaanxi_guanzhong,2025-11-16,0.343,0.347,0.363,0.255
shaanxi_guanzhong,2025-11-17,0.38,0.35,0.362,0.255
shaanxi_guanzhong,2025-11-18,0.367,0.357,0.361,0.255
shaanxi_guanzhong,2025-11-19,0.352,0.356,0.36,0.256
shaanxi_guanzhong,2025-11-20,0.335,0.352,0.359,0.256
shaanxi_guanzhong,2025-11-21,0.336,0.348,0.358,0.257
shaanxi_guanzhong,2025-11-22,0.335,0.344,0.357,0.257
shaanxi_guanzhong,2025-11-23,0.325,0.337,0.356,0.257
shaanxi_guanzhong,2025-11-24,0.318,0.333,0.354,0.258
shaanxi_guanzhong,2025-11-25,0.314,0.33,0.353,0.258
shaanxi_guanzhong,2025-11-26,0.309,0.325,0.352,0.258
shaanxi_guanzhong,2025-11-27,0.283,0.306,0.351,0.259
shaanxi_guanzhong,2025-11-28,0.273,0.303,0.349,0.259
shaanxi_guanzhong,2025-11-29,0.262,0.296,0.347,0.259
shaanxi_guanzhong,2025-11-30,0.261,0.292,0.346,0.259
shaanxi_guanzhong,2025-12-01,0.259,0.29,0.344,0.26
shaanxi_guanzhong,2025-12-02,0.254,0.284,0.343,0.26
shaanxi_guanzhong,2025-12-03,0.249,0.28,0.341,0.26
shaanxi_guanzhong,2025-12-04,0.249,0.279,0.339,0.26
shaanxi_guanzhong,2025-12-05,0.246,0.276,0.345,0.26
shaanxi_guanzhong,2025-12-06,0.234,0.266,0.347,0.261
shaanxi_guanzhong,2025-12-07,0.231,0.27,0.344,0.261
shaanxi_guanzhong,2025-12-08,0.238,0.275,0.344,0.261
shaanxi_guanzhong,2025-12-09,0.236,0.272,0.341,0.261
shaanxi_guanzhong,2025-12-10,0.225,0.264,0.335,0.262
shaanxi_guanzhong,2025-12-11,0.217,0.26,0.334,0.262
shaanxi_guanzhong,2025-12-12,0.232,0.251,0.327,0.262
shaanxi_guanzhong,2025-12-13,0.234,0.267,0.34,0.262
shaanxi_guanzhong,2025-12-14,0.239,0.269,0.342,0.262
shaanxi_guanzhong,2025-12-15,0.255,0.279,0.345,0.262
shaanxi_guanzhong,2025-12-16,0.255,0.279,0.345,0.263
shaanxi_guanzhong,2025-12-17,0.252,0.278,0.348,0.263
shaanxi_guanzhong,2025-12-18,0.245,0.276,0.346,0.263
shaanxi_guanzhong,2025-12-19,0.224,0.265,0.344,0.263
shaanxi_guanzhong,2025-12-20,0.197,0.257,0.34,0.264
shaanxi_guanzhong,2025-12-21,0.197,0.254,0.33,0.264
shaanxi_guanzhong,2025-12-22,0.182,0.243,0.314,0.264
shaanxi_guanzhong,2025-12-23,0.182,0.243,0.316,0.264
shaanxi_guanzhong,2025-12-24,0.168,0.237,0.313,0.264
shaanxi_guanzhong,2025-12-25,0.169,0.231,0.311,0.264
shaanxi_guanzhong,2025-12-26,0.174,0.233,0.312,0.264
shaanxi_guanzhong,2025-12-27,0.18,0.235,0.314,0.264
shaanxi_guanzhong,2025-12-28,0.183,0.236,0.314,0.264
shaanxi_guanzhong,2025-12-29,0.186,0.237,0.319,0.264
shaanxi_guanzhong,2025-12-30,0.19,0.24,0.319,0.265
shaanxi_guanzhong,2025-12-31,0.212,0.248,0.321,0.265
